ident,var,h,point,lo68,hi68,lo90,hi90
GMR nao-gaussiano,yield_6m,0,0.005,0.005,0.005,0.005,0.005
GMR nao-gaussiano,yield_6m,1,0.006399730692423904,0.004968439442406545,0.007742498203660794,0.0016190979479315105,0.01112143067321978
GMR nao-gaussiano,yield_6m,2,0.008030149930956224,0.005585067621161682,0.010009500490731103,-3.741882772643668e-5,0.01597936852478076
GMR nao-gaussiano,yield_6m,3,0.009847865782464845,0.006532681133135378,0.01368121239519673,-0.0014009419637802884,0.02467708825523723
GMR nao-gaussiano,yield_6m,4,0.010524405632439136,0.005674396615186762,0.015430965873835821,-0.004234853104401531,0.026548151327628958
GMR nao-gaussiano,yield_6m,5,0.011592946372706652,0.005586285089198604,0.01835721553302922,-0.005404130966252136,0.03483196893386431
GMR nao-gaussiano,yield_6m,6,0.01204206063012495,0.0051604087526961676,0.019229048595684396,-0.00552575386152299,0.03705476801136497
GMR nao-gaussiano,yield_6m,7,0.01208121627822954,0.004438174315762945,0.02004325936778083,-0.0060173436863817705,0.04069653914963823
GMR nao-gaussiano,yield_6m,8,0.012300148920616785,0.004130021483498057,0.022536137161192606,-0.007782808296462819,0.04610792874771364
GMR nao-gaussiano,yield_6m,9,0.012240046673989558,0.00349611429727824,0.0243758000421024,-0.010269178263849228,0.04694608903480731
GMR nao-gaussiano,yield_6m,10,0.012226633767689388,0.003339602238629109,0.025271322726562753,-0.013011262981567857,0.047830085776538904
GMR nao-gaussiano,yield_6m,11,0.012123283519296726,0.0026796239664355196,0.02566196338376908,-0.014252657419108715,0.0511560061374379
GMR nao-gaussiano,yield_6m,12,0.011802566468989964,0.002458364192930647,0.02620161050835805,-0.017842476669328998,0.05716977686660896
GMR nao-gaussiano,yield_6m,13,0.01144882199251508,0.001474177820352587,0.026444846629931205,-0.017831649792408238,0.059839478301572116
GMR nao-gaussiano,yield_6m,14,0.011045902536077283,6.807122245711814e-4,0.027199322005239494,-0.023032596761157296,0.06353911800339378
GMR nao-gaussiano,yield_6m,15,0.010664509010615284,-4.8580386477042333e-4,0.027239361981099254,-0.027165864912201767,0.06448839092193441
GMR nao-gaussiano,yield_6m,16,0.010249553901061649,-0.0015535838307054344,0.02712666895623795,-0.0320827222914203,0.06534881474752023
GMR nao-gaussiano,yield_6m,17,0.009768894670458377,-0.0021840010451334335,0.026962196665816823,-0.03207937150425739,0.06523936514948774
GMR nao-gaussiano,yield_6m,18,0.009295016080469846,-0.002569039639583767,0.026747944270110284,-0.033145682647424374,0.061493300364782635
GMR nao-gaussiano,yield_6m,19,0.008790961831303684,-0.003504522696642873,0.02649177333620382,-0.03025610208802204,0.06389329248290765
GMR nao-gaussiano,yield_6m,20,0.008288213320627163,-0.004410338953838027,0.025944251466861253,-0.033395657177102175,0.060630677119576926
GMR nao-gaussiano,yield_6m,21,0.007798133213602184,-0.005037149981182553,0.025094711953313843,-0.03393712222184518,0.06333823611242333
GMR nao-gaussiano,yield_6m,22,0.007293016417124661,-0.005615249276181148,0.02398618147154905,-0.03798393732101831,0.05750642464050228
GMR nao-gaussiano,yield_6m,23,0.006789360950010613,-0.006402992505807857,0.02313510916597161,-0.03894716715977945,0.058200371547643515
GMR nao-gaussiano,yield_6m,24,0.006288913675470612,-0.007293631162246389,0.022369766925775494,-0.03973265593814442,0.05682527705388984
GMR nao-gaussiano,yield_6m,25,0.005798186920500175,-0.007768397995835067,0.021540669725523074,-0.04187441587061626,0.05445732639531139
GMR nao-gaussiano,yield_6m,26,0.005325711043948515,-0.008267725867420176,0.0208860003474765,-0.044243282524007374,0.05344076012792675
GMR nao-gaussiano,yield_6m,27,0.004865631300248625,-0.00895320312207746,0.020685535355009246,-0.04375016999021429,0.050721799528176126
GMR nao-gaussiano,yield_6m,28,0.004421933413222508,-0.009325448358643918,0.01982507021503358,-0.04537606044613465,0.05026294827150678
GMR nao-gaussiano,yield_6m,29,0.0039969388486186435,-0.009489225576114113,0.019444854474252028,-0.04830368856078844,0.048751498079861615
GMR nao-gaussiano,yield_6m,30,0.0035921259273438873,-0.010292518169672032,0.018385251167486974,-0.04423379476589236,0.049626871031136464
GMR nao-gaussiano,yield_6m,31,0.0032108233520502312,-0.010552116374785127,0.01766992451418923,-0.04211868498889562,0.04783848183734432
GMR nao-gaussiano,yield_6m,32,0.0028526147132107342,-0.011137642173909102,0.01685919152079089,-0.042640887720024015,0.04775757149906855
GMR nao-gaussiano,yield_6m,33,0.0025182765297235865,-0.011232058494795027,0.015718923358682687,-0.04399623206712296,0.044078353691204386
GMR nao-gaussiano,yield_6m,34,0.0022079453652250423,-0.01189468842775581,0.015133381332218514,-0.04438785538162836,0.04286332796941617
GMR nao-gaussiano,yield_6m,35,0.0019216503946983265,-0.012090631333305506,0.014406704421543706,-0.045668793154262366,0.04145581208024595
GMR nao-gaussiano,yield_6m,36,0.0016603783260330197,-0.012272929691728508,0.01365077452932046,-0.044283326499770924,0.040181749894040955
GMR nao-gaussiano,yield_6m,37,0.0014232891791391448,-0.01240533598980575,0.01304057455355361,-0.04526850917959603,0.038526450566278736
GMR nao-gaussiano,yield_6m,38,0.0012096195602657941,-0.012541431969301117,0.01246441929712103,-0.04434314287212911,0.03439687207135493
GMR nao-gaussiano,yield_6m,39,0.0010187571925072976,-0.012704694384118717,0.011613930050047312,-0.04120700174372049,0.03399015383087779
GMR nao-gaussiano,yield_6m,40,8.496291020439603e-4,-0.012782108162676827,0.011124045159518153,-0.041295671798466466,0.03406886181602501
GMR nao-gaussiano,yield_6m,41,7.014246479380192e-4,-0.012642390672617996,0.010578220888188283,-0.04124405646769178,0.034181893745387874
GMR nao-gaussiano,yield_6m,42,5.730049907212341e-4,-0.012611432729604686,0.009801254339694126,-0.039906493701293004,0.03366296497532409
GMR nao-gaussiano,yield_6m,43,4.6306505656321236e-4,-0.012210312713471623,0.009174892993786564,-0.039005919651903725,0.03396393360248375
GMR nao-gaussiano,yield_6m,44,3.7031047274137604e-4,-0.012579382838581794,0.008610377430600296,-0.03912189545906623,0.03349146792227998
GMR nao-gaussiano,yield_6m,45,2.933171016569177e-4,-0.012398339450561806,0.007781189715571494,-0.03979328424680778,0.03487187661935147
GMR nao-gaussiano,yield_6m,46,2.3076205929008253e-4,-0.012250806622777659,0.007333447833202752,-0.037386180367785016,0.03402434940179872
GMR nao-gaussiano,yield_6m,47,1.8128496893866239e-4,-0.011884472847372766,0.007144001749457096,-0.0380053521717532,0.03298585532175353
GMR nao-gaussiano,yield_6m,48,1.434756347264703e-4,-0.011590877594884202,0.0069228007541119,-0.03815106077216352,0.03268367703405505
GMR nao-gaussiano,yield_2y,0,0.006936106411875739,0.0028486259969633444,0.010649771019523595,-0.007390326689759432,0.020984851525528952
GMR nao-gaussiano,yield_2y,1,0.008011999175725782,0.003115747137328924,0.011532990376534687,-0.007954213978991398,0.021913526441597275
GMR nao-gaussiano,yield_2y,2,0.00892194615236718,0.004098634723987743,0.012207948894232778,-0.006228975007735388,0.021324430773339356
GMR nao-gaussiano,yield_2y,3,0.01121129969436011,0.006398034882640133,0.01618025576008178,-0.002900993458287724,0.024258053063336452
GMR nao-gaussiano,yield_2y,4,0.0116864482195465,0.005387793773575388,0.016723133862397207,-0.004662570612870619,0.028478273236845333
GMR nao-gaussiano,yield_2y,5,0.012620018261043649,0.004996833939428453,0.019261504055562033,-0.004975468126810753,0.03385813410391936
GMR nao-gaussiano,yield_2y,6,0.012852857300238668,0.005009118450473672,0.020863094905977778,-0.006795739845043914,0.040476679475036484
GMR nao-gaussiano,yield_2y,7,0.01255780221241281,0.0038708864944149365,0.02157401067260384,-0.009824353564528114,0.04072176428452682
GMR nao-gaussiano,yield_2y,8,0.012676187176416031,0.0034051043812822843,0.024085184104435265,-0.01502784354541885,0.04565463621169312
GMR nao-gaussiano,yield_2y,9,0.012621624251408167,0.002800892797225491,0.02629966876758521,-0.015301443259671631,0.05140920401762043
GMR nao-gaussiano,yield_2y,10,0.012468273287030367,0.0016695936765076583,0.026679004005767868,-0.017678725906263168,0.054720562683339
GMR nao-gaussiano,yield_2y,11,0.012269550720961829,0.0014595947752530617,0.027102837092391325,-0.01870882447683662,0.056488043771267045
GMR nao-gaussiano,yield_2y,12,0.011772877397257445,5.485029747352204e-4,0.027847639847700105,-0.024221086293424884,0.05856374146516624
GMR nao-gaussiano,yield_2y,13,0.011237103622059638,-4.5475340825530946e-4,0.027407495980263895,-0.02396070051138627,0.062487564329664694
GMR nao-gaussiano,yield_2y,14,0.010733690896205537,-0.001249646450224918,0.02793498874285332,-0.026588251586705094,0.06709254185015576
GMR nao-gaussiano,yield_2y,15,0.01027399158470889,-0.0023208951990448517,0.02834819304381741,-0.029149634839189476,0.06643397621688468
GMR nao-gaussiano,yield_2y,16,0.00978743732767899,-0.0032240275843270698,0.02790445484889925,-0.03171209097327725,0.06656078219042558
GMR nao-gaussiano,yield_2y,17,0.009211871847925384,-0.004017689612555109,0.027393771629992316,-0.029969220590369248,0.06462444094780039
GMR nao-gaussiano,yield_2y,18,0.008674689682289653,-0.00453675086112013,0.026611519678702678,-0.02980375269252084,0.06398417933590766
GMR nao-gaussiano,yield_2y,19,0.008137174515654435,-0.005409218278178182,0.02675088448172997,-0.03174819281771243,0.06543987759752631
GMR nao-gaussiano,yield_2y,20,0.0076048375745689,-0.00618048630358056,0.026245261112188053,-0.03302674705188756,0.06298756118387619
GMR nao-gaussiano,yield_2y,21,0.007109539477710364,-0.007046327467856984,0.025237520332938575,-0.036018704056783354,0.06248424240777922
GMR nao-gaussiano,yield_2y,22,0.006602378689234598,-0.007615932606951445,0.02424149834388495,-0.038093822505984275,0.05969492689735211
GMR nao-gaussiano,yield_2y,23,0.006098818607949156,-0.00807458011366045,0.02283321123293381,-0.04148921046824939,0.06011410060486386
GMR nao-gaussiano,yield_2y,24,0.005612670870308185,-0.008511572747592011,0.023089144444642155,-0.04128571144313584,0.0580419613209596
GMR nao-gaussiano,yield_2y,25,0.005144490142643048,-0.009051263541585005,0.022505803539043447,-0.04237387801688377,0.054214380116609194
GMR nao-gaussiano,yield_2y,26,0.004702504022801344,-0.009639293726975834,0.021349572453212874,-0.043735912892446716,0.052186121441246694
GMR nao-gaussiano,yield_2y,27,0.004276802936265364,-0.010332397537875977,0.020385727382849144,-0.045241646590343465,0.04984975360658749
GMR nao-gaussiano,yield_2y,28,0.0038684972195933897,-0.010903785254276372,0.0198962608882653,-0.04661632014054095,0.04836251444708375
GMR nao-gaussiano,yield_2y,29,0.003482927022615922,-0.01077314510763181,0.01967404236073537,-0.04948346124877297,0.048033006534582534
GMR nao-gaussiano,yield_2y,30,0.003120271297537249,-0.011166383104507672,0.01861100913324205,-0.0486088133324786,0.050499905973183934
GMR nao-gaussiano,yield_2y,31,0.0027829280622813967,-0.011632239645906914,0.017792781843871,-0.048101713613831774,0.04770010635572596
GMR nao-gaussiano,yield_2y,32,0.0024695778778722494,-0.011943338332595402,0.01742499515297779,-0.04791430793753047,0.045911990584568775
GMR nao-gaussiano,yield_2y,33,0.00217986180610809,-0.01199858620307148,0.016801085103097906,-0.04983586940063077,0.044181903406206674
GMR nao-gaussiano,yield_2y,34,0.0019139131631160425,-0.012706503832861782,0.01583278083570914,-0.0479993999664809,0.041886287865698923
GMR nao-gaussiano,yield_2y,35,0.001671240843280399,-0.013066654314591749,0.014944920821061764,-0.048469778818007465,0.04220171548712656
GMR nao-gaussiano,yield_2y,36,0.0014528330538963077,-0.013168291426778217,0.013814545595298097,-0.04611567934613073,0.039482467216246445
GMR nao-gaussiano,yield_2y,37,0.0012573489532829787,-0.013152750474995182,0.013216312883724443,-0.045481526387260114,0.0389470660907841
GMR nao-gaussiano,yield_2y,38,0.0010831346541393047,-0.012988472934674046,0.012652679374517535,-0.04321529256950041,0.037732631200700376
GMR nao-gaussiano,yield_2y,39,9.295762588717024e-4,-0.012904921753543831,0.011586508999401458,-0.04263550926132308,0.03629073204676245
GMR nao-gaussiano,yield_2y,40,7.954342334276146e-4,-0.012678499973925283,0.01072071258551569,-0.03990137493974478,0.036168904690180484
GMR nao-gaussiano,yield_2y,41,6.796647864455956e-4,-0.012805394517531382,0.010430107810501993,-0.039598662247827585,0.03667385337682538
GMR nao-gaussiano,yield_2y,42,5.810233844325798e-4,-0.012826798351302793,0.010284448120759637,-0.040954965145194706,0.03676042570309275
GMR nao-gaussiano,yield_2y,43,4.979739756428038e-4,-0.012395843842728065,0.009352244615913193,-0.039593948377114024,0.03616035523616785
GMR nao-gaussiano,yield_2y,44,4.291376341803375e-4,-0.012894756344367953,0.008905514018468392,-0.038295645979806364,0.03599711200819671
GMR nao-gaussiano,yield_2y,45,3.7306408309608214e-4,-0.012275895248223772,0.008210166367943585,-0.03667322330004529,0.03567347441173227
GMR nao-gaussiano,yield_2y,46,3.2843012961408834e-4,-0.011453878199747134,0.007706662675725935,-0.03763576366992048,0.03517120097632836
GMR nao-gaussiano,yield_2y,47,2.9393185774150135e-4,-0.011481619552915958,0.0075699351567003696,-0.037421702245057746,0.03302589717085592
GMR nao-gaussiano,yield_2y,48,2.681833156376721e-4,-0.011264455208366837,0.006990485009201718,-0.03525775311806977,0.03171743168405027
GMR nao-gaussiano,yield_5y,0,0.006228011092050432,2.4925502052882456e-4,0.012176345681416498,-0.016092553064811062,0.02994008291532768
GMR nao-gaussiano,yield_5y,1,0.006733008211411752,-1.2361127941572234e-4,0.012186783158554607,-0.016844470452977194,0.028288193622439502
GMR nao-gaussiano,yield_5y,2,0.006575672285379231,6.996764712515149e-4,0.01135526052125884,-0.011438598617311222,0.023662288843895277
GMR nao-gaussiano,yield_5y,3,0.008887926574546231,0.0035674637124892845,0.015266477387217904,-0.007591610413076586,0.02676703940028851
GMR nao-gaussiano,yield_5y,4,0.009327830439939908,0.0032579998061876402,0.015323457273526974,-0.007555448388608432,0.02580330942936341
GMR nao-gaussiano,yield_5y,5,0.01008005775691684,0.002998478557168745,0.01641870653134621,-0.009694349305816734,0.029377470285706697
GMR nao-gaussiano,yield_5y,6,0.01010895714874246,0.002934505724480326,0.01783176128921924,-0.00833271478022479,0.0338357141510678
GMR nao-gaussiano,yield_5y,7,0.009604401681281169,0.001211662918883481,0.018005832494375925,-0.01040074421020812,0.03586163544081052
GMR nao-gaussiano,yield_5y,8,0.009671270983449689,0.001185004840849956,0.01890948485158053,-0.012453424918106921,0.03779959607490914
GMR nao-gaussiano,yield_5y,9,0.009644858318753733,0.0012320091670395834,0.021927451011796883,-0.014427361017568663,0.04537610183686502
GMR nao-gaussiano,yield_5y,10,0.009426126271402045,3.593969398271779e-4,0.022360672244419247,-0.016713599323471204,0.04452326720789587
GMR nao-gaussiano,yield_5y,11,0.009226548838596147,-2.5333048467640216e-4,0.022685409733880786,-0.01794365282248221,0.04573649820783245
GMR nao-gaussiano,yield_5y,12,0.008712737051587378,-0.0013438250282232836,0.02259312632065156,-0.0197976373101592,0.048890485479188214
GMR nao-gaussiano,yield_5y,13,0.00817771263520763,-0.002030475377177011,0.022203666391487492,-0.024004683893727983,0.051351809675616054
GMR nao-gaussiano,yield_5y,14,0.007752611055750146,-0.002512670782780578,0.02245917800971102,-0.02527977363053934,0.05221377518156568
GMR nao-gaussiano,yield_5y,15,0.007367692837418498,-0.0028007437745677967,0.022523805759546406,-0.026951884339647326,0.05188969195925925
GMR nao-gaussiano,yield_5y,16,0.0069712134251114135,-0.003871883168428625,0.022074088299367196,-0.025847604613922034,0.05004510309087396
GMR nao-gaussiano,yield_5y,17,0.006478152890292924,-0.004832944179010473,0.02145605223612347,-0.02732966430205479,0.04969388918286642
GMR nao-gaussiano,yield_5y,18,0.0060356412334847944,-0.0053697850164075925,0.020788859205071435,-0.02664620845109253,0.049883676598869685
GMR nao-gaussiano,yield_5y,19,0.005624505926798442,-0.005724512164466815,0.021087345508222985,-0.0288783501474994,0.049024809048190746
GMR nao-gaussiano,yield_5y,20,0.005213835919273106,-0.006220056084499095,0.021032198826326315,-0.029651701299009674,0.04875010020509012
GMR nao-gaussiano,yield_5y,21,0.004848013039441994,-0.006762424093336577,0.019607325398037254,-0.030053465584654143,0.04689801054721956
GMR nao-gaussiano,yield_5y,22,0.004473716132469833,-0.00708297206245417,0.01880564958627682,-0.03162893146732633,0.043942441302509974
GMR nao-gaussiano,yield_5y,23,0.004099922583736764,-0.007761084543384594,0.01782120814162979,-0.03201380171739755,0.043598373695476304
GMR nao-gaussiano,yield_5y,24,0.0037492018877508856,-0.008225433177866587,0.017345104365347738,-0.03265404807313573,0.042242149849431886
GMR nao-gaussiano,yield_5y,25,0.003416895544027671,-0.007994809791123561,0.0168096036603779,-0.033123307937730294,0.04110500302823646
GMR nao-gaussiano,yield_5y,26,0.003109443111485321,-0.008407550505919643,0.016461046628492897,-0.03745030346134078,0.04013926733256798
GMR nao-gaussiano,yield_5y,27,0.002815151392482535,-0.009007099261820327,0.016117495587583595,-0.040364947081182934,0.03949515378154712
GMR nao-gaussiano,yield_5y,28,0.00253288793819346,-0.009150976890057777,0.016005830455044393,-0.03795135968649209,0.03978435088065267
GMR nao-gaussiano,yield_5y,29,0.002270633333733448,-0.009426231132598387,0.015571900901941285,-0.03603938184990566,0.039277132257999794
GMR nao-gaussiano,yield_5y,30,0.0020271046956824804,-0.00963982676526696,0.014620853396311199,-0.03635856687387067,0.03727991690988149
GMR nao-gaussiano,yield_5y,31,0.0018035241324407458,-0.009977112875466156,0.013539114683952013,-0.038498427876449026,0.0366883045230114
GMR nao-gaussiano,yield_5y,32,0.0015983430365124715,-0.010335772627775856,0.013110018546277103,-0.03785181828325793,0.03610199504903219
GMR nao-gaussiano,yield_5y,33,0.0014102349346084076,-0.010359422268474704,0.012455012660779011,-0.03708707892108897,0.03522134853622272
GMR nao-gaussiano,yield_5y,34,0.0012397132687466915,-0.010934948889994989,0.01197772910434387,-0.03741338158173771,0.03393291472392669
GMR nao-gaussiano,yield_5y,35,0.0010860635208495872,-0.010399056695592806,0.011359780185655427,-0.036425795640374126,0.032371896967472225
GMR nao-gaussiano,yield_5y,36,9.501212236196738e-4,-0.010476736195280613,0.010737436150778655,-0.03571737135552345,0.03145682522820999
GMR nao-gaussiano,yield_5y,37,8.306217714536417e-4,-0.010208502363481656,0.009979118841215244,-0.03488562822214708,0.030793522540437532
GMR nao-gaussiano,yield_5y,38,7.255388519329717e-4,-0.009787065095633705,0.009579398971434427,-0.03251866185568137,0.030572210216725102
GMR nao-gaussiano,yield_5y,39,6.345273723324703e-4,-0.009876574178366218,0.009052360411518412,-0.03187375163720822,0.029501809664793197
GMR nao-gaussiano,yield_5y,40,5.56634026989027e-4,-0.00995751314037338,0.008525094695329598,-0.031257561293576465,0.028250022786011592
GMR nao-gaussiano,yield_5y,41,4.909159713463586e-4,-0.010077508491281669,0.008238633541582285,-0.0318393152296705,0.02796518910114595
GMR nao-gaussiano,yield_5y,42,4.3638623614986364e-4,-0.009970685296442279,0.007798037078586773,-0.03263676013453751,0.02768595560628712
GMR nao-gaussiano,yield_5y,43,3.9171042966666843e-4,-0.009886253927654812,0.00711206576207772,-0.0294968885700953,0.028831958535101274
GMR nao-gaussiano,yield_5y,44,3.558172947643054e-4,-0.009234701335549652,0.006980660887165131,-0.0309481965638449,0.02813433715934515
GMR nao-gaussiano,yield_5y,45,3.2761236698947e-4,-0.009223589706547325,0.006564367381881415,-0.03016369438230936,0.02768150457298531
GMR nao-gaussiano,yield_5y,46,3.0610492061102293e-4,-0.00920658725777584,0.006359614003667894,-0.02994499960432917,0.02721878509893736
GMR nao-gaussiano,yield_5y,47,2.9037065972768223e-4,-0.009136355082007695,0.0060470706508664466,-0.027592963127646194,0.026305882896121985
GMR nao-gaussiano,yield_5y,48,2.793694638335886e-4,-0.008959467013515427,0.006092217253573695,-0.026951410138376958,0.025959797693229644
GMR nao-gaussiano,asset_ibov,0,1.1825327478675545,-14.236164540227248,9.863167680530921,-46.63097351835644,41.50274136466936
GMR nao-gaussiano,asset_ibov,1,1.1099040717465367,-5.385474727071219,6.362934957394529,-17.379776819552024,18.893477355728034
GMR nao-gaussiano,asset_ibov,2,2.4124399441864943,-3.9964889662418535,6.599799038733259,-17.140029421533995,15.480837582461643
GMR nao-gaussiano,asset_ibov,3,-0.628695269334553,-6.751536588082168,2.311599522471639,-19.822956712353474,9.767162482861929
GMR nao-gaussiano,asset_ibov,4,0.26916295657602846,-4.618911690145072,3.7907865361119013,-15.052397537581333,11.174707773840268
GMR nao-gaussiano,asset_ibov,5,1.7582562475667054,-2.3245620325741982,7.253603714162394,-9.463521445646327,14.935221752416831
GMR nao-gaussiano,asset_ibov,6,2.4925001493265686,-3.0124217394890653,5.957971296003831,-13.848111575732279,13.505834226553603
GMR nao-gaussiano,asset_ibov,7,3.421237200442596,-1.7681897529915043,7.484113211757641,-12.205326708767027,15.411568684512353
GMR nao-gaussiano,asset_ibov,8,3.588716518537681,-2.1330439901962555,7.0104198212603235,-11.195099537718278,14.439216328452565
GMR nao-gaussiano,asset_ibov,9,3.1982952496582437,-2.8571450178026265,6.461045598151398,-13.816489935562904,13.787700397907114
GMR nao-gaussiano,asset_ibov,10,3.637959325392198,-1.5280549998172932,7.365527462664926,-10.67185704835036,15.25205145040388
GMR nao-gaussiano,asset_ibov,11,3.9041280771774654,-1.1720794742615646,8.01370890025384,-9.872255211169648,15.274167917162643
GMR nao-gaussiano,asset_ibov,12,4.117067697845752,-1.007066841252691,8.494193214376361,-11.24960688334413,15.992653314703277
GMR nao-gaussiano,asset_ibov,13,4.150048133125215,-1.1161709531229902,9.185883741126798,-12.564659391863392,17.556111149666954
GMR nao-gaussiano,asset_ibov,14,3.9925032281197996,-1.556081339990486,8.707448933343684,-12.546392528373444,18.223392379991793
GMR nao-gaussiano,asset_ibov,15,3.9840556154402074,-1.2476779954558872,9.118390470924107,-13.334720157158939,17.56659038856561
GMR nao-gaussiano,asset_ibov,16,3.917932680423599,-1.4901365969931222,9.09455920481656,-12.22643631318479,18.414382400874523
GMR nao-gaussiano,asset_ibov,17,3.9155444607161645,-1.1167782189879432,9.187514951113453,-12.22900317350694,19.320765984220653
GMR nao-gaussiano,asset_ibov,18,3.838343730896703,-1.366389197185697,9.352531079204956,-13.617829850241886,19.16708447068703
GMR nao-gaussiano,asset_ibov,19,3.6394502004121017,-1.6753479183830184,9.149889013822996,-14.33116081607796,20.127968200050375
GMR nao-gaussiano,asset_ibov,20,3.5144537217407805,-1.5387769206584838,9.451956681433662,-14.315289748971574,20.532896179027933
GMR nao-gaussiano,asset_ibov,21,3.3599463229917923,-1.6164229340641234,9.26365688045592,-14.058245148440049,20.862304792709836
GMR nao-gaussiano,asset_ibov,22,3.2173514454166456,-1.7203055750018788,8.939618600578179,-13.775136726086757,21.345020542875208
GMR nao-gaussiano,asset_ibov,23,3.089777063262074,-1.9030830100716267,9.01306649533041,-14.143651692822335,21.171613099139115
GMR nao-gaussiano,asset_ibov,24,2.9170887031971726,-1.9420774309655522,8.958119488714305,-13.529649277105868,20.923165021119004
GMR nao-gaussiano,asset_ibov,25,2.7491506617220436,-2.01266533966882,8.72812261277147,-12.469315795634628,20.976588543928045
GMR nao-gaussiano,asset_ibov,26,2.588199760071618,-2.3122219363188723,8.647073039582175,-13.949384416696056,21.11095971812354
GMR nao-gaussiano,asset_ibov,27,2.426867878999743,-2.28423199907905,8.479709731528986,-14.866622414312866,20.657600497756057
GMR nao-gaussiano,asset_ibov,28,2.273369172593161,-2.41573608465065,8.241903981231838,-14.577130416276086,20.00375650307582
GMR nao-gaussiano,asset_ibov,29,2.1148684950809677,-2.580103156764748,8.13780757827292,-13.706800889857819,19.029876685369025
GMR nao-gaussiano,asset_ibov,30,1.9578988164335325,-2.840811139479423,7.896704609295721,-14.223898960510537,18.6278268656924
GMR nao-gaussiano,asset_ibov,31,1.8059784384950701,-2.9615163882763236,7.714339282562391,-13.63390392926193,18.17711548102202
GMR nao-gaussiano,asset_ibov,32,1.6600939510921384,-2.8960417637855054,7.528827408957847,-14.002750664471346,18.324380392768898
GMR nao-gaussiano,asset_ibov,33,1.5224571617136242,-3.0487181775201773,7.23610438766724,-14.477541930974262,18.104804142434094
GMR nao-gaussiano,asset_ibov,34,1.3885675976380962,-3.1947326120174657,7.0105477407429815,-15.122430572500658,17.123898001119276
GMR nao-gaussiano,asset_ibov,35,1.260373370737347,-3.3288436543205338,6.645669318707127,-15.38296567910097,15.818660892069225
GMR nao-gaussiano,asset_ibov,36,1.1390323867099337,-3.52923901556122,6.50656695592728,-16.135419205425173,15.698335930061766
GMR nao-gaussiano,asset_ibov,37,1.024312404286012,-3.657500779093873,6.139544267183977,-15.262545650083773,14.974929379004845
GMR nao-gaussiano,asset_ibov,38,0.918062213546166,-3.7841481172927236,5.950748711520809,-14.892671896133928,14.66356209585438
GMR nao-gaussiano,asset_ibov,39,0.8188485435114425,-3.6927673782250627,5.787030107335364,-14.078430963892528,14.888359708451805
GMR nao-gaussiano,asset_ibov,40,0.7263877094542802,-3.769352737465404,5.4784800450391,-14.215817711538653,14.906902917448559
GMR nao-gaussiano,asset_ibov,41,0.6412794156251493,-3.8206024979660125,5.06164403578605,-13.10939789316155,14.644526059532826
GMR nao-gaussiano,asset_ibov,42,0.5631431734130811,-3.8185435865655677,4.707030515200351,-13.533759703002493,14.394220847817579
GMR nao-gaussiano,asset_ibov,43,0.49221544676748735,-3.887059878247812,4.337133698797352,-13.178215002264889,13.504959498614971
GMR nao-gaussiano,asset_ibov,44,0.4281394919093804,-3.7490501005393253,4.1932253316774695,-12.184928785042604,12.956596350054935
GMR nao-gaussiano,asset_ibov,45,0.3703883411079182,-3.656490898339503,3.740028641132791,-11.580116018867468,12.459162097377789
GMR nao-gaussiano,asset_ibov,46,0.3187702308438921,-3.8925670204237157,3.420188576002519,-10.956735215743484,12.225569103906016
GMR nao-gaussiano,asset_ibov,47,0.27293679854530817,-3.878696267796519,3.1747215408553124,-10.174423271304304,11.96349832826631
GMR nao-gaussiano,asset_ibov,48,0.2326517199325965,-3.6626343531435475,3.1178004073373367,-9.26806155911532,12.019413097028307
GMR nao-gaussiano,cambio_usd,0,0.12467416845617324,-0.2114155631431939,0.2501663473565227,-0.7764148994121802,0.7290509274595361
GMR nao-gaussiano,cambio_usd,1,0.08254720853173833,-0.24898002805553993,0.25413144470624827,-0.8804702621309951,0.8541187425551415
GMR nao-gaussiano,cambio_usd,2,0.044551514221359556,-0.22318071991550392,0.22912773503803374,-0.8981653629186875,0.8428790580811716
GMR nao-gaussiano,cambio_usd,3,0.03639540527718014,-0.19984677461156342,0.24214180293764268,-0.7615218471681204,0.7659119315740541
GMR nao-gaussiano,cambio_usd,4,0.03961648536667489,-0.16321934709138514,0.2502954913109432,-0.5448038109258171,0.6135241008816483
GMR nao-gaussiano,cambio_usd,5,0.04864974672985528,-0.1425336109029271,0.25699910851690366,-0.5431246539649577,0.7174391808039265
GMR nao-gaussiano,cambio_usd,6,0.03930107412641349,-0.16208419757888048,0.2542937137606005,-0.6561760178228004,0.8428627262731236
GMR nao-gaussiano,cambio_usd,7,0.02385132215247245,-0.1894544141002018,0.24465930524026877,-0.7011718641908764,0.7820524686130699
GMR nao-gaussiano,cambio_usd,8,0.019091635134475708,-0.21699705688239032,0.2376980935269025,-0.6875928616295759,0.7089080783227195
GMR nao-gaussiano,cambio_usd,9,0.016328570099170884,-0.21520137345999601,0.23596098582409797,-0.6200766422616868,0.7227813599684443
GMR nao-gaussiano,cambio_usd,10,0.009992503305898548,-0.22374559987157686,0.2217570059112783,-0.6339722041259036,0.6661809993887233
GMR nao-gaussiano,cambio_usd,11,0.007795887769805586,-0.21973784666260426,0.24049285350806265,-0.6175282962541379,0.6642379113472878
GMR nao-gaussiano,cambio_usd,12,-0.001215040340626713,-0.22104311815697802,0.2209756158115063,-0.5910627025348123,0.6932496799582367
GMR nao-gaussiano,cambio_usd,13,-0.013794373743649104,-0.2284720488824801,0.20808943410708572,-0.5952200655209929,0.6604212184660936
GMR nao-gaussiano,cambio_usd,14,-0.018718958888290144,-0.21605288345622375,0.19020771133754144,-0.6211068647755168,0.6456623984188792
GMR nao-gaussiano,cambio_usd,15,-0.021938059579451684,-0.2125165245580647,0.19002028870999427,-0.6350072868539999,0.6404567475655734
GMR nao-gaussiano,cambio_usd,16,-0.025510253261733135,-0.20832363538071977,0.19747465292304428,-0.6389577564613989,0.6368594594496833
GMR nao-gaussiano,cambio_usd,17,-0.029284057132971855,-0.20354744497078522,0.18832994926247418,-0.6040243814536489,0.619094608384743
GMR nao-gaussiano,cambio_usd,18,-0.03271508990235973,-0.19802130541668614,0.1927147765514463,-0.63194384432438655,0.6351303665730753
GMR nao-gaussiano,cambio_usd,19,-0.03493189084343549,-0.2016176639351275,0.17733010004231864,-0.6388699486331801,0.630585553664902
GMR nao-gaussiano,cambio_usd,20,-0.03596917428823744,-0.2010823738569311,0.1709659307516545,-0.608461478809383,0.6221012887567073
GMR nao-gaussiano,cambio_usd,21,-0.03599164561502457,-0.1975178029486362,0.16330017950015874,-0.5869154685577753,0.5888286586406161
GMR nao-gaussiano,cambio_usd,22,-0.035606643399934586,-0.20245014815858267,0.1483453584243623,-0.5636930855171814,0.5636201749708367
GMR nao-gaussiano,cambio_usd,23,-0.035149960257669324,-0.20506789950674814,0.1356727437373967,-0.5363119870962304,0.5442372401847243
GMR nao-gaussiano,cambio_usd,24,-0.034272350441220206,-0.19720234421952146,0.13202477953438102,-0.5329560653896489,0.5248351295786038
GMR nao-gaussiano,cambio_usd,25,-0.03285703500640767,-0.19875416194727263,0.1388946640648929,-0.5186377615535355,0.4919697862730691
GMR nao-gaussiano,cambio_usd,26,-0.030950380977644663,-0.19778026207507704,0.13440574805972075,-0.4959116639424847,0.460418886430202
GMR nao-gaussiano,cambio_usd,27,-0.028878178537626545,-0.19650186813162773,0.13190536793038599,-0.5059466519991127,0.47740562460678954
GMR nao-gaussiano,cambio_usd,28,-0.02683409293303061,-0.18259128095289887,0.12470209328319222,-0.5073437687648521,0.44136139672730307
GMR nao-gaussiano,cambio_usd,29,-0.02464170867323266,-0.17031226592379226,0.12192803253132994,-0.49468154937242886,0.38030840268420807
GMR nao-gaussiano,cambio_usd,30,-0.022321207277792205,-0.17143007768342905,0.11805906787548635,-0.49522188367138,0.39079917496892536
GMR nao-gaussiano,cambio_usd,31,-0.01994340901032136,-0.16494721469144136,0.12195512734400032,-0.47566310853212734,0.38947888570740047
GMR nao-gaussiano,cambio_usd,32,-0.017502876952970918,-0.15976153042840852,0.1146730484610394,-0.4706551328591343,0.4113317567151921
GMR nao-gaussiano,cambio_usd,33,-0.015090274824144266,-0.15368383219255816,0.1094790460867226,-0.4557373844537338,0.4453040861442356
GMR nao-gaussiano,cambio_usd,34,-0.01274641076773565,-0.15318476499009867,0.10652043740372844,-0.45987103024015763,0.42608793999676553
GMR nao-gaussiano,cambio_usd,35,-0.010457305906476115,-0.15323299277478858,0.10548174418144037,-0.4107055654243064,0.42537075780039024
GMR nao-gaussiano,cambio_usd,36,-0.008222696483516142,-0.14457322117776508,0.1044685455798095,-0.3866090442532342,0.427587541360808
GMR nao-gaussiano,cambio_usd,37,-0.006067471238067358,-0.14406012943871305,0.10968289658677483,-0.4026444779717531,0.44082662755946855
GMR nao-gaussiano,cambio_usd,38,-0.00403053064998931,-0.14234830181018912,0.11582510217677022,-0.39675605866212565,0.42550114357313806
GMR nao-gaussiano,cambio_usd,39,-0.002125351361728244,-0.14066782506093117,0.12041444913928223,-0.3988987949599964,0.4213491848059762
GMR nao-gaussiano,cambio_usd,40,-3.5504141235136394e-4,-0.13479054786979047,0.12268506709918753,-0.37714535415294065,0.4081306981550712
GMR nao-gaussiano,cambio_usd,41,0.001273654302402021,-0.1286027940507672,0.12617164937326314,-0.34848828836190643,0.43368167877664093
GMR nao-gaussiano,cambio_usd,42,0.002755497705423416,-0.12623435622321777,0.126714624889375,-0.3236447345221672,0.4283574070567253
GMR nao-gaussiano,cambio_usd,43,0.004081164261748219,-0.12039542423433232,0.1330576352128871,-0.3027127521580605,0.43361961429779816
GMR nao-gaussiano,cambio_usd,44,0.005244845697221573,-0.11536027596059241,0.1344929128149819,-0.27919992298882146,0.409189385661704
GMR nao-gaussiano,cambio_usd,45,0.0062452828947620566,-0.11159275529672519,0.13694024154068718,-0.2871941188424636,0.4173852655178822
GMR nao-gaussiano,cambio_usd,46,0.007083963701839689,-0.10551101107554517,0.1362263640478871,-0.2997603295104517,0.4285180365484726
GMR nao-gaussiano,cambio_usd,47,0.007765797799804064,-0.10397110774266372,0.135588475576019,-0.2901713442926892,0.440919137415238
GMR nao-gaussiano,cambio_usd,48,0.008293722615066803,-0.09663521039579506,0.13976597457595152,-0.28051226542141405,0.46377399922599316
GMR nao-gaussiano,price_ipca,0,0.07814123134873097,-0.20564894107434215,1.0770996453376607,-1.7335005724532764,3.7469302819598673
GMR nao-gaussiano,price_ipca,1,0.18806250769297997,-0.09497923629299301,0.7794515284457878,-0.9792440815931651,2.542205988891411
GMR nao-gaussiano,price_ipca,2,0.1931851782491507,-0.14797185939970436,0.6907703112352398,-1.025112300357537,1.7167037023398488
GMR nao-gaussiano,price_ipca,3,0.25674963297751197,-0.15085958812565117,0.785973881699012,-1.0188553469816184,1.848995072351726
GMR nao-gaussiano,price_ipca,4,0.2172965464786292,-0.17833193903388694,0.5925706230038584,-0.928642805918227,1.3616501159476273
GMR nao-gaussiano,price_ipca,5,0.20018857085883354,-0.18207046711822678,0.47351970979110247,-0.8289034811658335,1.1822712986580084
GMR nao-gaussiano,price_ipca,6,0.21174891948614089,-0.1530017566416028,0.5865570324430351,-0.9347451823545031,1.4481629278257222
GMR nao-gaussiano,price_ipca,7,0.22278403017862122,-0.14145016765266147,0.6065942302760023,-0.8314440877792172,1.372035466042389
GMR nao-gaussiano,price_ipca,8,0.22216132021345927,-0.1377379825878853,0.645151939630501,-0.949882991664978,1.5915034956498781
GMR nao-gaussiano,price_ipca,9,0.21879454958590683,-0.15726872873453662,0.695345751273775,-0.9414779615337776,1.499891521511838
GMR nao-gaussiano,price_ipca,10,0.2258602487353014,-0.15625850900033453,0.7121928856868882,-0.9693639374512848,1.5544809917800608
GMR nao-gaussiano,price_ipca,11,0.21738164457769138,-0.16923726992569332,0.658751015382088,-0.8988125114327168,1.4622422401903026
GMR nao-gaussiano,price_ipca,12,0.21338148265006332,-0.18935328265007215,0.6794686763953173,-0.9577970731735713,1.5626409849003795
GMR nao-gaussiano,price_ipca,13,0.2177883207078,-0.18517778469615687,0.6566850612936427,-0.9490963789506994,1.4819744707378066
GMR nao-gaussiano,price_ipca,14,0.19989876847280136,-0.19980075184000434,0.6462564952851005,-1.0197990201423008,1.4601348317821679
GMR nao-gaussiano,price_ipca,15,0.1886830904642447,-0.21161546483490956,0.6456630576016205,-0.9273540008479941,1.4777718733887013
GMR nao-gaussiano,price_ipca,16,0.1789565325058666,-0.22460488393769598,0.6514028910283991,-1.001784175505844,1.4816240883755332
GMR nao-gaussiano,price_ipca,17,0.16474177631716647,-0.23857237433707193,0.609595600610173,-0.9684952660516175,1.454577163514886
GMR nao-gaussiano,price_ipca,18,0.15640309376671496,-0.24524954533931886,0.5769894844927763,-0.9173068503950386,1.480734887102323
GMR nao-gaussiano,price_ipca,19,0.14606864897078556,-0.24935399113596235,0.6098063694487994,-0.9689372239856211,1.5123056575879943
GMR nao-gaussiano,price_ipca,20,0.1344025954206141,-0.2566480988115696,0.5962159511132565,-0.9719476950833231,1.4790320188463835
GMR nao-gaussiano,price_ipca,21,0.12456226908754874,-0.2727833291782533,0.5448305053063781,-0.9614304337899281,1.5189075942808008
GMR nao-gaussiano,price_ipca,22,0.11422410392861089,-0.2660578881325967,0.5344219759162226,-0.9513044379743153,1.4775644925062652
GMR nao-gaussiano,price_ipca,23,0.10501432379179615,-0.26165461524088973,0.5171811116511241,-1.0207674216470197,1.4548500269014897
GMR nao-gaussiano,price_ipca,24,0.0963066483089477,-0.26780017583787735,0.496157069588564,-1.0229379241987475,1.4232808761332962
GMR nao-gaussiano,price_ipca,25,0.08789904774538637,-0.2681804619909056,0.47236176771803845,-0.9982702749679802,1.4143232479122507
GMR nao-gaussiano,price_ipca,26,0.08007148546525966,-0.27166910009041423,0.45502716810684285,-0.968492215795136,1.408962572629076
GMR nao-gaussiano,price_ipca,27,0.07270029241136586,-0.2693215407566163,0.4485078500199035,-0.9229465196960042,1.3952777998857293
GMR nao-gaussiano,price_ipca,28,0.06624797070212847,-0.2810508598966113,0.44066440112995325,-0.91149466998843,1.3796312240807689
GMR nao-gaussiano,price_ipca,29,0.060197619091564625,-0.2796615311310367,0.4082823191077302,-0.8842576541716516,1.3886615016518429
GMR nao-gaussiano,price_ipca,30,0.05451736416387708,-0.2844077850379858,0.39683459629538986,-0.8714201981161144,1.3595373306405338
GMR nao-gaussiano,price_ipca,31,0.049450842355502324,-0.2743459438231948,0.3991180224073713,-0.8890886607174966,1.335223177268027
GMR nao-gaussiano,price_ipca,32,0.04468227897683591,-0.2786518485856819,0.38962915321519553,-0.9141682736814627,1.3040402712948753
GMR nao-gaussiano,price_ipca,33,0.0404110646143295,-0.2706599528777782,0.3658811762701553,-0.88867592683446,1.2598914909137864
GMR nao-gaussiano,price_ipca,34,0.03663119847366639,-0.28360626683255286,0.3493814356232026,-0.9004037761864665,1.1934265663668364
GMR nao-gaussiano,price_ipca,35,0.033174231531834714,-0.28706376084662527,0.3318966218481741,-0.8799526395200128,1.1331913033524792
GMR nao-gaussiano,price_ipca,36,0.030104819001598646,-0.2892802312095928,0.30884643474288365,-0.9076299049368562,1.1394129221766762
GMR nao-gaussiano,price_ipca,37,0.027364960931821614,-0.29098819943766063,0.29339278459506524,-0.8426413600206087,1.1461991153463191
GMR nao-gaussiano,price_ipca,38,0.02493644369209434,-0.2843398564496461,0.2899422043158504,-0.8116685854636723,1.1122619469659982
GMR nao-gaussiano,price_ipca,39,0.02281976622037558,-0.2778396087483461,0.2799462790042356,-0.7881141965086542,1.0141496592357049
GMR nao-gaussiano,price_ipca,40,0.02095702940581691,-0.2845865453901561,0.2643752471954922,-0.8609191739123812,1.006221389455605
GMR nao-gaussiano,price_ipca,41,0.01933181949574397,-0.284137017852581,0.2513509612412595,-0.8927572760434064,0.9922515436291994
GMR nao-gaussiano,price_ipca,42,0.01791411812413492,-0.2741523226578558,0.24923196960027463,-0.8713360853586665,0.9708923860354217
GMR nao-gaussiano,price_ipca,43,0.016682628392257856,-0.27925068778060047,0.2531589276422843,-0.8014401945820113,0.9099331458939975
GMR nao-gaussiano,price_ipca,44,0.015619983630149315,-0.2801320940079807,0.25484088805732397,-0.7987925154586237,0.8568210532038579
GMR nao-gaussiano,price_ipca,45,0.014695518985162302,-0.27504932957830874,0.2531386641824803,-0.7773421824887762,0.8364154382927078
GMR nao-gaussiano,price_ipca,46,0.013890855013248023,-0.26492968045472487,0.25524956206308214,-0.7358603438794142,0.8284080274073268
GMR nao-gaussiano,price_ipca,47,0.013181394628011704,-0.26058730230376337,0.2520457015842107,-0.7194324834485022,0.8555979360589238
GMR nao-gaussiano,price_ipca,48,0.012546892844590542,-0.24836435601553514,0.24692663651794713,-0.7149620847733641,0.9007122527431822
GMR nao-gaussiano,embi_perc,0,0.11861279169066294,-0.16693608166459678,0.4422042301369468,-1.1951004905212177,1.4951112067519614
GMR nao-gaussiano,embi_perc,1,0.09544651882843519,-0.21998598343409514,0.4289789560275773,-1.1995368036865812,1.3952977939012683
GMR nao-gaussiano,embi_perc,2,0.008065024904164783,-0.27516934750508437,0.3402081093161718,-1.029681335215218,1.0339016142964972
GMR nao-gaussiano,embi_perc,3,0.0824501292435982,-0.1653401843969262,0.4221425804510739,-0.7705464847478175,1.0255094436764347
GMR nao-gaussiano,embi_perc,4,0.107635892197136,-0.09845509897835579,0.39688642960789894,-0.6658480710676621,0.9292328274344596
GMR nao-gaussiano,embi_perc,5,0.13048771610244403,-0.07583646674170136,0.39335217047327475,-0.5063362420770477,0.880549689204954
GMR nao-gaussiano,embi_perc,6,0.12150469290819495,-0.10473148785289728,0.42903129800416834,-0.6087459613248807,1.0469606652812018
GMR nao-gaussiano,embi_perc,7,0.09445310095046731,-0.14712311051997035,0.36318680931591113,-0.7115745971916739,0.89921294819039
GMR nao-gaussiano,embi_perc,8,0.09646426638197869,-0.1306025587653168,0.3727959759936671,-0.5842248250192414,0.8668606959503772
GMR nao-gaussiano,embi_perc,9,0.09672007762080523,-0.105233545133101,0.40479715685434114,-0.48381944094690515,0.9258726778013444
GMR nao-gaussiano,embi_perc,10,0.08771846381590521,-0.1317705441955455,0.42414976227877643,-0.5005163664552696,0.8981334551378808
GMR nao-gaussiano,embi_perc,11,0.08358503270601096,-0.13355507913187026,0.4109869662607297,-0.5191597778471132,0.9225602784910591
GMR nao-gaussiano,embi_perc,12,0.06745563515135315,-0.14947867392672629,0.41667698371561585,-0.5882319909079033,0.9450703077927121
GMR nao-gaussiano,embi_perc,13,0.05224666666827654,-0.15271600699199975,0.3988279631188282,-0.5698875397427924,0.9454366813656407
GMR nao-gaussiano,embi_perc,14,0.04542652345189655,-0.16187706889830994,0.3729803216799247,-0.6166139966883278,0.9115812434690869
GMR nao-gaussiano,embi_perc,15,0.03974777088507747,-0.1701760570225816,0.37368552149007517,-0.6623103259573874,0.9396439488256846
GMR nao-gaussiano,embi_perc,16,0.03479382384332153,-0.18900470532270713,0.3622983712409874,-0.6318203821481218,0.9499041744270018
GMR nao-gaussiano,embi_perc,17,0.02590235822490767,-0.19515658266412245,0.35795447412087306,-0.6087798424508002,0.9395249501143667
GMR nao-gaussiano,embi_perc,18,0.019127111046835447,-0.20465997965211602,0.3630330067206723,-0.645564788504824,0.9602833632832612
GMR nao-gaussiano,embi_perc,19,0.01541609701702321,-0.20320005546359676,0.35944447805662466,-0.5997904372561074,1.0346441040488497
GMR nao-gaussiano,embi_perc,20,0.011264431878832309,-0.2032001477076461,0.34406859590888184,-0.5986847285093899,0.992357909850174
GMR nao-gaussiano,embi_perc,21,0.008838052208073753,-0.20120699972512615,0.33845816991007344,-0.5863246613039023,0.9644299421022052
GMR nao-gaussiano,embi_perc,22,0.006305190870724428,-0.20242107385657315,0.3264516811955905,-0.5994707431365007,0.8663634188881993
GMR nao-gaussiano,embi_perc,23,0.003458163003632074,-0.2023322967910334,0.29479303541365137,-0.5806053891178024,0.8333344911800159
GMR nao-gaussiano,embi_perc,24,0.0014935675930380005,-0.20449202590913043,0.29360137381884166,-0.5938382303087103,0.7902519813190189
GMR nao-gaussiano,embi_perc,25,5.54757083253849e-5,-0.19849500070699924,0.2750680934656904,-0.6096842230821272,0.7479384154923862
GMR nao-gaussiano,embi_perc,26,-7.426907864783708e-4,-0.19170605477551694,0.2541081531597912,-0.6103849877975153,0.7323398362100756
GMR nao-gaussiano,embi_perc,27,-0.0014574700912075595,-0.19830733416280644,0.23371773864660542,-0.5841628283055872,0.7118833321661767
GMR nao-gaussiano,embi_perc,28,-0.0022187575612700634,-0.2082792871287686,0.2164567371661801,-0.5882311316994195,0.660470126187427
GMR nao-gaussiano,embi_perc,29,-0.0025822724257463605,-0.21625284770747794,0.20948828254891616,-0.5889424224245977,0.6219668912451314
GMR nao-gaussiano,embi_perc,30,-0.0026861447539547785,-0.21476531536958726,0.19887932975519404,-0.6560218649254572,0.6214947047238856
GMR nao-gaussiano,embi_perc,31,-0.002546662916648199,-0.20711448627785145,0.1898316878817625,-0.6453969639215487,0.6136563264172614
GMR nao-gaussiano,embi_perc,32,-0.0022244685764500755,-0.20818217833839778,0.1763742936385755,-0.6650835637156598,0.6039397668098517
GMR nao-gaussiano,embi_perc,33,-0.0018204084746298722,-0.20739217871233073,0.17742534431299944,-0.6976096677615451,0.6335557903805703
GMR nao-gaussiano,embi_perc,34,-0.001286590068077289,-0.20793961232451508,0.16434869305895486,-0.660015897439412,0.6202000440246175
GMR nao-gaussiano,embi_perc,35,-6.55110576488386e-4,-0.20486022942639212,0.16199166368962203,-0.6390387451893534,0.6182503026703053
GMR nao-gaussiano,embi_perc,36,9.93685494810629e-5,-0.21087368437265103,0.15765452083057988,-0.6317943648294949,0.6109169878507347
GMR nao-gaussiano,embi_perc,37,9.486504603401384e-4,-0.20820791054610702,0.1508668766786044,-0.6153716789476463,0.6101997764729311
GMR nao-gaussiano,embi_perc,38,0.001807726164790939,-0.20896667280555425,0.1420346446768472,-0.5956865350071961,0.6306396139157453
GMR nao-gaussiano,embi_perc,39,0.0026859472309745565,-0.20456294016907275,0.1355883962107759,-0.5719352707638743,0.6508829609791247
GMR nao-gaussiano,embi_perc,40,0.003577173683180158,-0.20384161175226637,0.13606637760365364,-0.5487094730531208,0.6406596434343405
GMR nao-gaussiano,embi_perc,41,0.004462767365953869,-0.20801170206921898,0.13721207595404136,-0.5201971702492936,0.6251370325085313
GMR nao-gaussiano,embi_perc,42,0.005330098466192986,-0.20625914793455274,0.14121328396157368,-0.49407339579109144,0.6206082813861633
GMR nao-gaussiano,embi_perc,43,0.006153057831625899,-0.20308616450604716,0.13639289734791446,-0.5085576045637835,0.6098925987428029
GMR nao-gaussiano,embi_perc,44,0.006920377814383965,-0.18820607335788206,0.1372452560405692,-0.517662687934743,0.6221359759983125
GMR nao-gaussiano,embi_perc,45,0.007621586719575333,-0.1850177202977155,0.13705967886388035,-0.516775409046027,0.6180592081565648
GMR nao-gaussiano,embi_perc,46,0.008248603260738117,-0.17533465686875688,0.14727995835502142,-0.5027656546851549,0.5573871863981191
GMR nao-gaussiano,embi_perc,47,0.008798224551107039,-0.17307342532789563,0.1445074683263053,-0.4746881965352198,0.5497698323979366
GMR nao-gaussiano,embi_perc,48,0.0092604651986989,-0.17703782851796374,0.14475043974687452,-0.4542133869733207,0.5419339273014272
GMR nao-gaussiano,commodity_metal,0,9.493009699885965,-0.6416043234864509,18.258206176452237,-21.492510861009688,40.031853701767304
GMR nao-gaussiano,commodity_metal,1,9.314664424751646,-2.666418012283948,18.16668190163126,-32.69054220405066,42.88051558290772
GMR nao-gaussiano,commodity_metal,2,8.568553533456205,-4.370280959410424,18.275243976739862,-36.18967027800317,46.95159369795482
GMR nao-gaussiano,commodity_metal,3,8.956678426123089,-4.558990121073379,20.499347516658354,-36.38945638660476,49.11800432294581
GMR nao-gaussiano,commodity_metal,4,8.134069026556393,-6.813244230941392,19.7829325793192,-30.874285224341687,50.263714524301
GMR nao-gaussiano,commodity_metal,5,8.168933846624197,-7.553735432060062,20.396417424632656,-36.20414451715572,53.88405559852982
GMR nao-gaussiano,commodity_metal,6,7.88728516122667,-8.28769435159624,21.598264465320383,-34.63724030964742,54.91931992320514
GMR nao-gaussiano,commodity_metal,7,7.309519361723744,-10.476786264927236,22.2719825427434,-36.39725125797437,57.38943273252801
GMR nao-gaussiano,commodity_metal,8,6.973896086834453,-10.479390466505741,22.79052151362777,-41.325294660969384,54.95934600585276
GMR nao-gaussiano,commodity_metal,9,6.767813789405806,-10.972703100224168,22.758825388554808,-41.529542876871425,56.32682795869568
GMR nao-gaussiano,commodity_metal,10,6.517800737961494,-11.35706059082797,22.69462146633448,-40.61095529474448,58.55134102947883
GMR nao-gaussiano,commodity_metal,11,6.2072808687639975,-11.941837499339377,22.444516598071836,-38.93348440102895,60.42362898711672
GMR nao-gaussiano,commodity_metal,12,5.640574597314238,-12.226856700889499,22.46775403892381,-43.99902717825934,61.82909547099752
GMR nao-gaussiano,commodity_metal,13,4.973502291637013,-12.581016181306822,21.635524451410593,-46.28501549676614,60.20553633152492
GMR nao-gaussiano,commodity_metal,14,4.3319816058037945,-13.490537189308291,21.297352394029367,-49.1891429059597,59.63420578497581
GMR nao-gaussiano,commodity_metal,15,3.885383867892398,-13.27788770631366,21.16566704939156,-43.91966759477454,60.70692338134338
GMR nao-gaussiano,commodity_metal,16,3.4261398679510084,-13.377805327637477,19.937037595020207,-43.66265194045854,57.992437549435145
GMR nao-gaussiano,commodity_metal,17,2.91036080054339,-13.56502255931184,20.096886113112525,-43.17208139130212,56.83126426593808
GMR nao-gaussiano,commodity_metal,18,2.4986167333927933,-14.031233700780312,19.4422561603064,-40.9140249667907,57.792233863849155
GMR nao-gaussiano,commodity_metal,19,2.096257026119889,-14.233953248890884,19.90472964305342,-39.30655837648437,56.988969253355684
GMR nao-gaussiano,commodity_metal,20,1.7484941109180525,-13.911600943578254,19.130032842483566,-38.23299405415133,57.155715320380246
GMR nao-gaussiano,commodity_metal,21,1.4828809566238008,-14.025665780293323,18.533801437636406,-36.99235989902213,54.67410643148024
GMR nao-gaussiano,commodity_metal,22,1.2319241286377731,-14.164339761300212,17.927721431515796,-37.04900868860936,52.08442859533293
GMR nao-gaussiano,commodity_metal,23,1.008624974562149,-14.735568586792667,16.737573630787658,-38.5142807102373,51.81419472963368
GMR nao-gaussiano,commodity_metal,24,0.8173347311541898,-14.388833951554403,15.620542768010806,-40.08965256447441,50.03957215465817
GMR nao-gaussiano,commodity_metal,25,0.6621753082926136,-14.000028840416636,14.985611882795693,-38.701066975882775,49.78770643865128
GMR nao-gaussiano,commodity_metal,26,0.5452080706337799,-14.377553164147182,14.051269624756749,-36.845866616046116,52.13112637013982
GMR nao-gaussiano,commodity_metal,27,0.45047567095936686,-14.310936541787726,13.18208374895323,-35.78244822616762,49.29433904486583
GMR nao-gaussiano,commodity_metal,28,0.3744706634009484,-14.002269643528962,12.966697971841882,-34.982163535633916,49.0037654436423
GMR nao-gaussiano,commodity_metal,29,0.3160562809041849,-14.00439520991145,12.667130396520815,-36.2342671920761,50.22910623738067
GMR nao-gaussiano,commodity_metal,30,0.27498898329634064,-14.022695093082042,12.181404972485979,-38.03370022090247,48.31460709185018
GMR nao-gaussiano,commodity_metal,31,0.2512621719305693,-14.258120369533486,11.752720844595034,-37.478140346695106,45.602355569130744
GMR nao-gaussiano,commodity_metal,32,0.24056400064341332,-13.375775763996504,11.057013692403793,-35.23296193744069,41.81197415434817
GMR nao-gaussiano,commodity_metal,33,0.24157910834137197,-13.461647849912076,11.090103203525512,-35.1747400536365,40.27620041013476
GMR nao-gaussiano,commodity_metal,34,0.25136771521321116,-13.648086633859142,10.463731813588012,-33.24205342051413,38.53273018361879
GMR nao-gaussiano,commodity_metal,35,0.26823106412434206,-13.104635550909485,10.268786853487152,-33.30888231184847,40.099100459882976
GMR nao-gaussiano,commodity_metal,36,0.2929834452807779,-12.824835719425462,10.158002046397648,-30.133462905886812,41.5619977753403
GMR nao-gaussiano,commodity_metal,37,0.32313183933654893,-12.272293243276845,10.16943402868008,-32.86295763171661,41.10211935601234
GMR nao-gaussiano,commodity_metal,38,0.3565220098532085,-12.144927899519468,10.178669436003915,-33.4976736099371,40.505605049861
GMR nao-gaussiano,commodity_metal,39,0.39210736368106264,-11.540553045061444,10.086577503187828,-34.65807473781484,41.162294916723106
GMR nao-gaussiano,commodity_metal,40,0.42847173502972424,-11.09682835882673,10.3283790909844,-33.998840634901605,39.924233585898165
GMR nao-gaussiano,commodity_metal,41,0.4648033162586998,-10.432833279063212,10.102426633218156,-33.7473753523035,38.866317605527406
GMR nao-gaussiano,commodity_metal,42,0.5001235504654167,-10.298099045625104,9.604911874838486,-33.302635300992236,39.07077004452913
GMR nao-gaussiano,commodity_metal,43,0.5333844270618956,-9.901305352425751,9.643344488089328,-30.327616184612783,38.54974274500728
GMR nao-gaussiano,commodity_metal,44,0.5637047207497724,-9.787339011817384,9.79704304731724,-28.9467712408685,36.69695418431161
GMR nao-gaussiano,commodity_metal,45,0.5902666286938272,-9.270541755057826,10.17752813746768,-27.62803752720464,33.826762417607895
GMR nao-gaussiano,commodity_metal,46,0.6125884522889667,-9.186780446828774,10.189778345210433,-26.668279416461935,33.33894953069228
GMR nao-gaussiano,commodity_metal,47,0.6302523988888338,-8.574468330127397,10.216626889605347,-22.628540694363544,33.43595593284146
GMR nao-gaussiano,commodity_metal,48,0.642857959707886,-8.303776436101106,10.271778038760498,-22.25088918567392,33.43178701047466
proxy-SVAR,yield_6m,0,0.005,0.005,0.005,0.005,0.005
proxy-SVAR,yield_6m,1,0.006540994796769263,0.005543514133763826,0.007060929137744698,0.005055001826306898,0.007653255864596459
proxy-SVAR,yield_6m,2,0.007814262520864207,0.005996449756142536,0.008404944627362501,0.005040392822086219,0.009154223509001951
proxy-SVAR,yield_6m,3,0.008967861968685178,0.006464839914918839,0.00972592722290775,0.005225229619055651,0.010947715666540018
proxy-SVAR,yield_6m,4,0.008634163735481579,0.005519642649276017,0.009689111996966475,0.003911458742498328,0.011012543881944824
proxy-SVAR,yield_6m,5,0.008647511575173681,0.005314131082425569,0.010102087010074676,0.003421590818377953,0.011731849654581728
proxy-SVAR,yield_6m,6,0.008518264750579619,0.0049853688271268536,0.010498267130224604,0.0030251331215005784,0.012468770221815265
proxy-SVAR,yield_6m,7,0.008087055406926785,0.00443365973466409,0.010574037039290267,0.0023416653371140252,0.012725760633776626
proxy-SVAR,yield_6m,8,0.0076943565982582176,0.0040570689448815676,0.010853052299123294,0.001757145160560126,0.013272947787484378
proxy-SVAR,yield_6m,9,0.007066694082075345,0.0035916893594307962,0.01081629700491216,0.0011414779414100746,0.013538126280587547
proxy-SVAR,yield_6m,10,0.006591777450045697,0.0031473823772319087,0.01089791648068309,6.813472532884533e-4,0.01382184224239858
proxy-SVAR,yield_6m,11,0.006028463301713325,0.0027318927053711192,0.010874660787965803,1.6794019686866343e-4,0.014292526071700968
proxy-SVAR,yield_6m,12,0.005424969500115189,0.0023138692015578326,0.010777555176101827,-1.9511679467354708e-4,0.014282666549684618
proxy-SVAR,yield_6m,13,0.004906152744611746,0.0019965448118598075,0.010793509192255737,-8.547103147365051e-4,0.014666692143125824
proxy-SVAR,yield_6m,14,0.004315070089640641,0.0014996990486237437,0.010628174836908689,-0.0012549344917563952,0.014401368281122621
proxy-SVAR,yield_6m,15,0.0037747480619593795,0.001118734095280352,0.010373212682586824,-0.0016134364414153344,0.014352688250878149
proxy-SVAR,yield_6m,16,0.0032258797325150253,7.100561273876277e-4,0.010115734661525155,-0.002209626453872888,0.01416977786625695
proxy-SVAR,yield_6m,17,0.002621030409163425,2.1086878074205208e-4,0.009827001223335952,-0.0028915784279652757,0.013824946550750665
proxy-SVAR,yield_6m,18,0.0020376730579111475,-3.1799626959272984e-4,0.009458462809236698,-0.003640952334407334,0.01372434198950523
proxy-SVAR,yield_6m,19,0.001422094186999095,-9.330141009981003e-4,0.00910272441984256,-0.004178079572283935,0.013227647476460172
proxy-SVAR,yield_6m,20,8.014439193548331e-4,-0.00163648876604072,0.00879656272653747,-0.004641580446236785,0.012876713500619096
proxy-SVAR,yield_6m,21,1.921168868669056e-4,-0.002185445722674414,0.008272495039247955,-0.005295286161915016,0.012706742554332053
proxy-SVAR,yield_6m,22,-4.312498763180889e-4,-0.0027168986400720194,0.007731917839599818,-0.0062454325169942655,0.01228764014677618
proxy-SVAR,yield_6m,23,-0.0010519943776738055,-0.0033487198593485823,0.007350070670395917,-0.0071002459073480646,0.011675344050726831
proxy-SVAR,yield_6m,24,-0.0016680858708984323,-0.004061293012861196,0.006729611801008065,-0.0078093316265742925,0.011103189828732114
proxy-SVAR,yield_6m,25,-0.0022731704684768915,-0.004574851861836717,0.006084354261107024,-0.008427521132779519,0.010436677004411673
proxy-SVAR,yield_6m,26,-0.002858362461903007,-0.005137554807579344,0.005552069842970769,-0.008810082190399035,0.009898593349177942
proxy-SVAR,yield_6m,27,-0.0034238726752969396,-0.005865792630355989,0.005002832016468873,-0.009177296341362898,0.009269002508718366
proxy-SVAR,yield_6m,28,-0.003961486172597215,-0.006247352848629051,0.004495313270781869,-0.009681966548367208,0.008627473978815992
proxy-SVAR,yield_6m,29,-0.004469082313411362,-0.006714708406882179,0.003909720537782865,-0.010385392124445992,0.007990553602381413
proxy-SVAR,yield_6m,30,-0.004942733324767952,-0.007119195242542219,0.003333992807663963,-0.010836304743132253,0.007285333657293749
proxy-SVAR,yield_6m,31,-0.0053765508587823975,-0.007293230114175823,0.002745217752130193,-0.011350449993545736,0.006535155411384505
proxy-SVAR,yield_6m,32,-0.005769680465760551,-0.007612812107608386,0.0023073284797100824,-0.011728833374206455,0.006139469023387075
proxy-SVAR,yield_6m,33,-0.006119107797324495,-0.007975376894607745,0.0018729874704873962,-0.012453484866327594,0.0055622782636985495
proxy-SVAR,yield_6m,34,-0.006423178691459354,-0.008129382484942101,0.0015107300720792703,-0.012434109425929214,0.00517343597214957
proxy-SVAR,yield_6m,35,-0.0066811707946886805,-0.008468830086339758,0.0010477986845362857,-0.013421938341532496,0.004693195447948972
proxy-SVAR,yield_6m,36,-0.006891382299963186,-0.008686108734988648,6.958192300934726e-4,-0.013644654275633501,0.004281698947584679
proxy-SVAR,yield_6m,37,-0.007054035246763323,-0.008902527158986713,3.8088656889833056e-4,-0.013495138111108255,0.004212901771935176
proxy-SVAR,yield_6m,38,-0.007169420464063256,-0.009161980325990604,1.3697950551028933e-4,-0.013848496849053772,0.0037232312746369777
proxy-SVAR,yield_6m,39,-0.007238069203278839,-0.009199391795714572,-5.528397243836259e-5,-0.01415270468442064,0.003361110873529469
proxy-SVAR,yield_6m,40,-0.007261327921041833,-0.009208248825255507,-1.2428386471105134e-4,-0.014351435147574818,0.003132690432704757
proxy-SVAR,yield_6m,41,-0.007240509968862578,-0.009080535362139989,-2.5108092408610526e-4,-0.01394877270321528,0.0027395533484358497
proxy-SVAR,yield_6m,42,-0.007177439836429939,-0.009002100374357853,-3.679465726401768e-4,-0.013893625906698319,0.002664909211057137
proxy-SVAR,yield_6m,43,-0.0070742607736519305,-0.008979085412957541,-5.266563958926687e-4,-0.013994024924022347,0.002583386575048499
proxy-SVAR,yield_6m,44,-0.006933336223052635,-0.008802876877587995,-4.986959729913104e-4,-0.014011629797797898,0.0027271564825493365
proxy-SVAR,yield_6m,45,-0.0067573434336755155,-0.008659760803377286,-5.100994295676288e-4,-0.01388185036445938,0.0029287247654287665
proxy-SVAR,yield_6m,46,-0.006549016109004878,-0.008542960097744379,-4.6092356825659615e-4,-0.01375843781214082,0.002916281793764076
proxy-SVAR,yield_6m,47,-0.00631129487529112,-0.008468375931498516,-3.5370659549786734e-4,-0.013571847314112354,0.0028118007041534163
proxy-SVAR,yield_6m,48,-0.0060472558256067,-0.008391962327003255,-1.8977114527724752e-4,-0.013441766807048039,0.0026904810665617156
proxy-SVAR,yield_2y,0,0.007430059200891002,0.006550926333440852,0.008594815977579773,0.006075588932647649,0.009481643847993123
proxy-SVAR,yield_2y,1,0.009372150610692383,0.0075262869926278385,0.010535080777595735,0.00668356492021791,0.011948643055393334
proxy-SVAR,yield_2y,2,0.01008903142917289,0.007427793341024673,0.011141455859404032,0.006072115656100722,0.012759291392485635
proxy-SVAR,yield_2y,3,0.011696279518890754,0.008194874199191845,0.012867830636340956,0.00676133922707671,0.014766392903039287
proxy-SVAR,yield_2y,4,0.011123847662841283,0.007184552805579477,0.012420513850985523,0.005487505696135727,0.014343865941748093
proxy-SVAR,yield_2y,5,0.010641165256124527,0.006662879797404535,0.012270853097398046,0.004527177909774281,0.014488588097806976
proxy-SVAR,yield_2y,6,0.010373614564207038,0.006353699691960856,0.012545070992693495,0.004074030159308271,0.01491153901575393
proxy-SVAR,yield_2y,7,0.009566353823792081,0.005502161721826883,0.012351214431893765,0.003021160691559224,0.015375880457121351
proxy-SVAR,yield_2y,8,0.008742283173704844,0.004706172930696893,0.012120427695688595,0.0021475301253202966,0.015462228655994715
proxy-SVAR,yield_2y,9,0.007779482836931019,0.003956184899353024,0.01184179457960239,0.0014034104376373993,0.01559772944613011
proxy-SVAR,yield_2y,10,0.006934308623322743,0.0032436102570246976,0.011750012087287195,6.700851080646685e-4,0.015495127590074135
proxy-SVAR,yield_2y,11,0.006038979803577963,0.0026481909453156278,0.011609810689990395,-1.320060134527022e-4,0.0152670912134327
proxy-SVAR,yield_2y,12,0.005040771923730429,0.0018832718378835236,0.011276521166889196,-7.380939401840754e-4,0.015348699933766632
proxy-SVAR,yield_2y,13,0.004216988537916753,0.0012003526764812142,0.010896474760300518,-0.0016754206247434824,0.015192099997264723
proxy-SVAR,yield_2y,14,0.0033541585180395825,5.97807608214741e-4,0.010247459325163544,-0.0025632294480091933,0.01503951121118388
proxy-SVAR,yield_2y,15,0.00256363046408952,-1.4776008600586145e-5,0.00985005273011882,-0.0029799803791687564,0.014966105710045766
proxy-SVAR,yield_2y,16,0.0018286368304863392,-6.345959029879707e-4,0.009552093270893243,-0.003688943278983925,0.014535783926840858
proxy-SVAR,yield_2y,17,0.0010308914209798186,-0.001263581066477822,0.008941229084530392,-0.004281918079227739,0.013906466880345627
proxy-SVAR,yield_2y,18,2.9825516664245226e-4,-0.0020372551587206802,0.00862969505199169,-0.005147059618746014,0.013595393205997524
proxy-SVAR,yield_2y,19,-4.2100321495413715e-4,-0.00258010003320974,0.008245040922000216,-0.005998290863266257,0.013035940724287303
proxy-SVAR,yield_2y,20,-0.0011323753182180055,-0.003282586541605534,0.007884727007172632,-0.006834770933657414,0.012699272715693708
proxy-SVAR,yield_2y,21,-0.0017936059676946468,-0.0037821686168404796,0.00732310839716492,-0.007456373308694453,0.012302078792578525
proxy-SVAR,yield_2y,22,-0.0024492222856429577,-0.004299099703648113,0.006912570552543691,-0.008046255456156143,0.011879655026975433
proxy-SVAR,yield_2y,23,-0.003090486742072418,-0.004795405275292264,0.006409362212589172,-0.008749104868737017,0.011126111030777212
proxy-SVAR,yield_2y,24,-0.003704248065673081,-0.005276988627399965,0.005786761976376389,-0.009417089237624611,0.010359819568024852
proxy-SVAR,yield_2y,25,-0.0042895201029555154,-0.0059512849786281,0.005294564830911795,-0.010142502706071648,0.009619491212902079
proxy-SVAR,yield_2y,26,-0.004838825129797785,-0.006500107907435099,0.0045805983320325455,-0.01085799137541449,0.008719453425592508
proxy-SVAR,yield_2y,27,-0.005354754213835285,-0.007209706542871479,0.0040305968057858434,-0.011390383513892976,0.008351785523869424
proxy-SVAR,yield_2y,28,-0.0058305325712254864,-0.007640433669556777,0.003388841754069452,-0.011990309495068385,0.007534247921244216
proxy-SVAR,yield_2y,29,-0.00626389533468293,-0.008235263258685128,0.002971246059884093,-0.012614641374485801,0.0069554723062984665
proxy-SVAR,yield_2y,30,-0.006653435849207685,-0.008641904574191077,0.00243309373718895,-0.013086658654675216,0.006485216004428185
proxy-SVAR,yield_2y,31,-0.006992929119320813,-0.008715862581252705,0.00201784077404632,-0.013539663950564365,0.005887949486387075
proxy-SVAR,yield_2y,32,-0.007283371349746995,-0.009027566343489463,0.0015539996205295665,-0.013980897183749941,0.00554434717698477
proxy-SVAR,yield_2y,33,-0.0075238282110061585,-0.009164563757670236,0.0011395732661970553,-0.014235157957430303,0.005035351757303084
proxy-SVAR,yield_2y,34,-0.007713013191986616,-0.0093014064465723,8.493220669423212e-4,-0.0146846940662592,0.004579515878497567
proxy-SVAR,yield_2y,35,-0.007851894006192146,-0.009566037896605739,5.404653561081649e-4,-0.0148834514476959,0.004245275711692212
proxy-SVAR,yield_2y,36,-0.007939738671113724,-0.009756683633921234,2.3676502810308678e-4,-0.015206657213306286,0.0037767341923338645
proxy-SVAR,yield_2y,37,-0.007977889653357094,-0.009614524853194348,2.0332839779712954e-4,-0.015353737302313463,0.0035837127592188963
proxy-SVAR,yield_2y,38,-0.00796830937318736,-0.00949847756994417,9.959423823724228e-6,-0.014956844333880167,0.003345395118411846
proxy-SVAR,yield_2y,39,-0.007912444920411734,-0.009424609979976649,-3.5840947284672764e-5,-0.014933007554602865,0.0032132299101758255
proxy-SVAR,yield_2y,40,-0.00781273964300669,-0.009221161994509956,-1.7491837224560124e-4,-0.015080581365024269,0.002976110014433218
proxy-SVAR,yield_2y,41,-0.00767159091689568,-0.009078749659088925,-2.99037933166258e-4,-0.014857968710148878,0.0028980993369478064
proxy-SVAR,yield_2y,42,-0.007491678410842582,-0.00910953634362737,-2.73539733574768e-4,-0.015318749276099377,0.0028887407063893813
proxy-SVAR,yield_2y,43,-0.00727606471954596,-0.009050239142711226,-3.1918493132164136e-4,-0.01531920347885959,0.0031426142853256817
proxy-SVAR,yield_2y,44,-0.007027882435148476,-0.008977845872707634,-2.9728555942542764e-4,-0.014982802448849081,0.003197881749107393
proxy-SVAR,yield_2y,45,-0.006750483056239783,-0.008854577406627873,-2.0718007881512368e-4,-0.014710097242489168,0.0032708215315059314
proxy-SVAR,yield_2y,46,-0.006447157529517195,-0.008541904168520933,-8.75651417192357e-5,-0.014515022917277328,0.0034879154702932226
proxy-SVAR,yield_2y,47,-0.006121293550775754,-0.008233426671701863,8.715497766841709e-5,-0.014038774157770854,0.0035674882079975304
proxy-SVAR,yield_2y,48,-0.005776377596319854,-0.008111657212372201,2.5594881325470206e-4,-0.013985654924688904,0.0038356432124442503
proxy-SVAR,yield_5y,0,0.007761146417650836,0.00662978906868143,0.00961863828886147,0.005791380241629147,0.011133524322541565
proxy-SVAR,yield_5y,1,0.009281533147773075,0.007346490825924139,0.011355602685517288,0.006098954526537796,0.012997755454999026
proxy-SVAR,yield_5y,2,0.009152363127643023,0.006481861017913675,0.011013510281440785,0.005145286991328464,0.012889421937481028
proxy-SVAR,yield_5y,3,0.010981398692950846,0.007595901003634461,0.012802962385031988,0.006012145277497118,0.014975770228668792
proxy-SVAR,yield_5y,4,0.01039935967931192,0.006566872548325796,0.012033755205997731,0.00490818848872084,0.014142364283461977
proxy-SVAR,yield_5y,5,0.009699826514480205,0.005761890251161178,0.011382337952414476,0.003965356174200036,0.013719668415330302
proxy-SVAR,yield_5y,6,0.009413875046793764,0.0056552369333380155,0.011710371808084204,0.003637109550927595,0.013767811575635511
proxy-SVAR,yield_5y,7,0.008456160250374378,0.0047193177980405805,0.011286616559376246,0.0027544658812201886,0.01373818657242497
proxy-SVAR,yield_5y,8,0.007534049846377974,0.0037781064677988785,0.010757203062083822,0.0015490476040408445,0.013330547216123636
proxy-SVAR,yield_5y,9,0.00656646615450096,0.003125580808268429,0.010387787100155924,7.702566987192082e-4,0.013191746363591527
proxy-SVAR,yield_5y,10,0.005649693046771941,0.002427640997402651,0.00992017203196003,3.357449170640792e-5,0.0131101994233103
proxy-SVAR,yield_5y,11,0.004779797667546939,0.0017598409807655859,0.009633701451040578,-7.204254845306983e-4,0.012744084973504018
proxy-SVAR,yield_5y,12,0.0037397679098337467,0.0010559517461869554,0.0091108160951529,-0.001582372616927403,0.012637371026213496
proxy-SVAR,yield_5y,13,0.0029102749674581032,5.082911122411852e-4,0.008720513120175452,-0.002162452907943824,0.012293962644579194
proxy-SVAR,yield_5y,14,0.002107579937755959,-8.172621201721358e-5,0.008131885527739953,-0.0028510270993895386,0.011981273621313855
proxy-SVAR,yield_5y,15,0.0013577622396075165,-6.592546915701751e-4,0.007559334341583065,-0.003302949282174645,0.011727548673643635
proxy-SVAR,yield_5y,16,7.039315109627663e-4,-0.0012260136788851744,0.00726089605625423,-0.003870036887973355,0.011460776290342518
proxy-SVAR,yield_5y,17,-1.0231921829929507e-5,-0.0018725155550401718,0.006892231136608031,-0.004578622649537526,0.010992050174604372
proxy-SVAR,yield_5y,18,-6.505990811224263e-4,-0.0023717417589744073,0.006482607474146034,-0.005268083600743501,0.010426186587324141
proxy-SVAR,yield_5y,19,-0.0012482609686738303,-0.0029215199933628113,0.0061679102722679464,-0.005885428561154172,0.010081304188085876
proxy-SVAR,yield_5y,20,-0.0018391875964880848,-0.0035009846256589933,0.005755986542973376,-0.006557676623047873,0.009785921640447722
proxy-SVAR,yield_5y,21,-0.0023664927288269706,-0.003938225880697105,0.00533425808842284,-0.007167581597451228,0.009364023822188535
proxy-SVAR,yield_5y,22,-0.002880950558460066,-0.004284119022430688,0.004927332711432902,-0.007686965102840802,0.008880214815455012
proxy-SVAR,yield_5y,23,-0.003381398510320834,-0.0047814024629543464,0.004375567360251549,-0.008199385893293214,0.008385964112008181
proxy-SVAR,yield_5y,24,-0.0038468271413135712,-0.0052576229165060984,0.0038169784324194075,-0.00874586248584989,0.007882473696996833
proxy-SVAR,yield_5y,25,-0.004281687038603314,-0.005630605355426001,0.003437317741851716,-0.009380496069165996,0.007213480475391038
proxy-SVAR,yield_5y,26,-0.00467963261727645,-0.005965235404523782,0.0030333172017048384,-0.009734456518605399,0.006514595602344387
proxy-SVAR,yield_5y,27,-0.005045344492169947,-0.006402021850478371,0.0026485679953435204,-0.01005162752164963,0.005877450095749623
proxy-SVAR,yield_5y,28,-0.005374654256078967,-0.00687808814057129,0.002205835733765916,-0.010415554459671681,0.00554805037009184
proxy-SVAR,yield_5y,29,-0.005664006036263076,-0.007123081932456457,0.0018411863712222754,-0.01076871722775002,0.005021706949478959
proxy-SVAR,yield_5y,30,-0.005914901010121352,-0.007336703274638748,0.0014065097169095667,-0.010934515903032975,0.004578607050115599
proxy-SVAR,yield_5y,31,-0.006121845639518272,-0.007503149234285959,0.001151480974717271,-0.011262670629174708,0.004321478771006667
proxy-SVAR,yield_5y,32,-0.006286477248338703,-0.0076185644957412965,9.442641013958876e-4,-0.011466236660064494,0.004092104188120167
proxy-SVAR,yield_5y,33,-0.006409905626936417,-0.007903196296053256,5.851684313219447e-4,-0.011876344981373474,0.0037984789120083947
proxy-SVAR,yield_5y,34,-0.00649095258204438,-0.007979007871488029,2.6162530674362174e-4,-0.012016835457450876,0.003354631582784961
proxy-SVAR,yield_5y,35,-0.006531406129873123,-0.007971233353371097,1.3571275749955634e-4,-0.01230016249044178,0.003138202641951202
proxy-SVAR,yield_5y,36,-0.006531238953761182,-0.007822591192030399,3.687545110908835e-5,-0.012681075707086615,0.0030737719577456934
proxy-SVAR,yield_5y,37,-0.006492070386238525,-0.007727387089244597,-8.085247519287797e-5,-0.012652506471877933,0.003003609511762692
proxy-SVAR,yield_5y,38,-0.006416551115453184,-0.007576181184099487,-1.922628438164465e-4,-0.012631195774022988,0.002719900234065734
proxy-SVAR,yield_5y,39,-0.006306203338720713,-0.007647200284709872,-2.077387741004501e-4,-0.01291182428170136,0.002412344007304389
proxy-SVAR,yield_5y,40,-0.006163518324397014,-0.007600052229328887,-1.561083826279959e-4,-0.012869809945339483,0.0023395598941588582
proxy-SVAR,yield_5y,41,-0.00599096225868436,-0.00756826670994272,-1.2214463003056364e-4,-0.012567391955654324,0.0025744163607905467
proxy-SVAR,yield_5y,42,-0.005791022377217526,-0.00743011397358671,-1.427232093355477e-4,-0.012216622868716933,0.0025186098822688532
proxy-SVAR,yield_5y,43,-0.00556659178500136,-0.0073855122128233565,-4.273427770758979e-5,-0.012288167438188651,0.0025977518627847483
proxy-SVAR,yield_5y,44,-0.005320474592887343,-0.007172339795050481,-4.988802485864795e-5,-0.011983869885289369,0.0028993311039167695
proxy-SVAR,yield_5y,45,-0.005055596980833734,-0.007066430720199001,1.7995610175191596e-5,-0.011563850777469594,0.003126830528039629
proxy-SVAR,yield_5y,46,-0.004774770601532727,-0.0067704188945781,1.4216475542061556e-4,-0.01150413286705056,0.0032378227411151376
proxy-SVAR,yield_5y,47,-0.004480792523302807,-0.00662232695849585,2.8638786732925847e-4,-0.011285883027122566,0.003390319233703923
proxy-SVAR,yield_5y,48,-0.004176549019794015,-0.006549538583778125,5.156175514245541e-4,-0.011177984618039274,0.003702446742470998
proxy-SVAR,asset_ibov,0,-1.7226766564462794,-5.042048896776712,-0.6326662923472044,-6.909569370107163,0.7746864489614053
proxy-SVAR,asset_ibov,1,-1.5051304991343155,-3.509402536914231,0.20761923750617872,-4.710686844963002,1.4130657921783356
proxy-SVAR,asset_ibov,2,0.9203767224156315,-1.1080077181355645,3.112631366633935,-2.5761180015220466,4.480588557569739
proxy-SVAR,asset_ibov,3,-0.8103568778510314,-2.5364441157744926,1.6722676431317227,-3.7637802633408226,3.135601112988636
proxy-SVAR,asset_ibov,4,-0.13943383400093973,-1.8692740307206046,2.282192438987114,-3.1639579253801045,3.9013886010317367
proxy-SVAR,asset_ibov,5,1.1598819670014393,-0.6361705408417775,3.201054225402335,-1.8428730766980908,4.627908559680203
proxy-SVAR,asset_ibov,6,1.1848868120784808,-0.6464393900974974,3.0220302667046774,-1.8829014672210622,4.428850882521043
proxy-SVAR,asset_ibov,7,1.7574376997263224,-0.20283600276118463,3.4142139428889973,-1.5232862024705336,4.826615983963074
proxy-SVAR,asset_ibov,8,2.007212669528503,0.3122719272545033,3.7098156066154515,-0.9354917605725709,5.032035046825862
proxy-SVAR,asset_ibov,9,1.7602878479276207,-0.0056976118720619365,3.3243053116186814,-1.3662074385797902,4.832291831934313
proxy-SVAR,asset_ibov,10,1.9561927335591878,0.058516419070266376,3.506707661996864,-1.219967011584596,5.090999164805509
proxy-SVAR,asset_ibov,11,1.7930159208376435,-0.10367656534030259,3.4905468343866124,-1.3391236674986307,4.99013548289617
proxy-SVAR,asset_ibov,12,1.8973108513686994,-0.0307939474028552,3.65232144937277,-1.3119339595197024,5.208414243598201
proxy-SVAR,asset_ibov,13,1.6507306714784973,-0.2710854097963806,3.5830389811876895,-1.451802484622269,4.99413909571784
proxy-SVAR,asset_ibov,14,1.336144134826764,-0.38599497151170215,3.4791556482620716,-1.5819168851490502,5.012861475684995
proxy-SVAR,asset_ibov,15,1.2416819334419464,-0.4351266138781577,3.3547868678203034,-1.592616405551907,5.103382370146514
proxy-SVAR,asset_ibov,16,0.9573221361126406,-0.727753645737773,3.3355124931674953,-1.8429365999838268,5.124953873140863
proxy-SVAR,asset_ibov,17,0.8187981877282674,-0.7389581886611992,3.333287956762385,-1.9272959548073532,5.147357487873095
proxy-SVAR,asset_ibov,18,0.6875647213734501,-0.7605141883439672,3.386342817103499,-2.0275568206363612,5.139122821497827
proxy-SVAR,asset_ibov,19,0.4299599937700035,-0.9570535767032002,3.215486906080493,-2.202067861557087,5.099783153742701
proxy-SVAR,asset_ibov,20,0.2605186313753189,-1.0505181401891979,3.114716515732452,-2.257810528740454,4.997445722386391
proxy-SVAR,asset_ibov,21,0.06888603024773442,-1.1340785905431905,3.0783077283539604,-2.4062443868861427,4.838433561461742
proxy-SVAR,asset_ibov,22,-0.12248979565492857,-1.1810935435410739,2.9647026992637646,-2.520474871993005,4.749853586044259
proxy-SVAR,asset_ibov,23,-0.28474198890793284,-1.2714879279339637,2.8516875152219168,-2.6187731476222234,4.666780753223155
proxy-SVAR,asset_ibov,24,-0.468857162752199,-1.4011930450015018,2.7287531935296547,-2.6696886139035585,4.58402316683755
proxy-SVAR,asset_ibov,25,-0.6465204115991824,-1.574704925462705,2.6500502525643794,-2.782834883356573,4.546610639005898
proxy-SVAR,asset_ibov,26,-0.8190856195003737,-1.71614375117053,2.5051515607301926,-2.881085612409981,4.540241677725742
proxy-SVAR,asset_ibov,27,-0.9861772991085868,-1.8643885945568863,2.387625268602252,-3.0510350281380845,4.562997273749501
proxy-SVAR,asset_ibov,28,-1.14364499433145,-1.9104882335870776,2.2477091194807315,-3.310866229239848,4.464373112427963
proxy-SVAR,asset_ibov,29,-1.3017380972025547,-2.040419260254864,2.1191601922749506,-3.411590522172103,4.294091711322786
proxy-SVAR,asset_ibov,30,-1.4504090700293704,-2.1245255778312226,2.0183570822255583,-3.587846961613774,4.112452643342351
proxy-SVAR,asset_ibov,31,-1.5929269361811345,-2.166271567837468,1.8794333582277565,-3.683700986351362,3.919337846919059
proxy-SVAR,asset_ibov,32,-1.7272264093507212,-2.3510515036296447,1.754928092187414,-3.8588818641852987,3.766828314738393
proxy-SVAR,asset_ibov,33,-1.8479297533921968,-2.4185022098615168,1.606388578938391,-3.98911648785458,3.579521900840528
proxy-SVAR,asset_ibov,34,-1.9603345337779126,-2.4914782550753944,1.531114699055578,-3.9601509353780155,3.4651810424129432
proxy-SVAR,asset_ibov,35,-2.0614023248321107,-2.5891445131710844,1.4238621740125625,-4.024979857987068,3.2916380629982043
proxy-SVAR,asset_ibov,36,-2.1498469461989,-2.643152325384625,1.2669055335262307,-4.145054750071281,3.071529814657339
proxy-SVAR,asset_ibov,37,-2.2267549695088023,-2.7214495867993063,1.1230931906451203,-4.2885946297512705,2.906259255451966
proxy-SVAR,asset_ibov,38,-2.2898021171045677,-2.7510327910565935,0.9729496282171209,-4.32144021728421,2.6905370055902247
proxy-SVAR,asset_ibov,39,-2.3397518844939302,-2.713402038366521,0.8741893434232219,-4.371117598457957,2.577419036302161
proxy-SVAR,asset_ibov,40,-2.376790034374769,-2.7614608547424475,0.7885526572847029,-4.39931708937973,2.58325192749105
proxy-SVAR,asset_ibov,41,-2.4004637964928155,-2.7596436428994235,0.7135873219481118,-4.454855366776316,2.5018276695906807
proxy-SVAR,asset_ibov,42,-2.4112153848642137,-2.7574069660747034,0.6216386157922644,-4.468105741971426,2.4733562546104424
proxy-SVAR,asset_ibov,43,-2.4089684127721935,-2.754300989077697,0.5753046296820136,-4.450036617315916,2.3370882792079253
proxy-SVAR,asset_ibov,44,-2.394217254525075,-2.7182344338667925,0.5203461661170738,-4.483921325208588,2.210528170599634
proxy-SVAR,asset_ibov,45,-2.3675230873201767,-2.709943671726478,0.44035030395260166,-4.430661128416929,2.0843750802013203
proxy-SVAR,asset_ibov,46,-2.3293756308248543,-2.6685014331685357,0.40052568796101234,-4.352665167237917,2.003854301987611
proxy-SVAR,asset_ibov,47,-2.2805214644026632,-2.649784541328281,0.39559586023072,-4.333034879468547,1.8383505101933655
proxy-SVAR,asset_ibov,48,-2.221528491814801,-2.6153692073012085,0.3510364803513359,-4.331322907570177,1.9003827077056368
proxy-SVAR,cambio_usd,0,0.15792806572512938,0.11225333888007297,0.20326394522190805,0.09206614428934642,0.24926766264258235
proxy-SVAR,cambio_usd,1,0.17734547345183757,0.12425896640600317,0.2458430466570901,0.09336156321536633,0.3010389042216156
proxy-SVAR,cambio_usd,2,0.16399195250991663,0.10228332173020718,0.23786963451999085,0.0640815504367677,0.29363635873892263
proxy-SVAR,cambio_usd,3,0.17287933004527437,0.10125208119343634,0.2490206982491182,0.05851532562162624,0.30801304107062255
proxy-SVAR,cambio_usd,4,0.15645815042845537,0.0739374507211667,0.2278898701472887,0.03311637233982347,0.28558569941156414
proxy-SVAR,cambio_usd,5,0.12553294954587454,0.04595809750047598,0.19805835452903253,0.003230939003955787,0.2608989743303708
proxy-SVAR,cambio_usd,6,0.12026950800417786,0.03586573041384235,0.2004305744274784,3.336280201674119e-4,0.2602200551068182
proxy-SVAR,cambio_usd,7,0.09583072766214706,0.01155223006807202,0.18354737400309593,-0.030513649908732687,0.24076783464106988
proxy-SVAR,cambio_usd,8,0.06951596892088183,-0.013266909518300663,0.15845616924586622,-0.05872362291064242,0.2211002320595788
proxy-SVAR,cambio_usd,9,0.05181584196787033,-0.023828097965641434,0.1470631406670044,-0.07631373047123775,0.20463555984582749
proxy-SVAR,cambio_usd,10,0.028456509386234556,-0.04692681677163566,0.12400633220298532,-0.09599228416099587,0.18133600004512596
proxy-SVAR,cambio_usd,11,0.008466941255946799,-0.061559495890101464,0.10551420137657566,-0.11033514454522135,0.15896983181552485
proxy-SVAR,cambio_usd,12,-0.012084214741584885,-0.0738393205551392,0.08616426837821446,-0.12367222604902631,0.14930603926020955
proxy-SVAR,cambio_usd,13,-0.03385129039925429,-0.0883419023418015,0.0693178313855093,-0.14387061088243683,0.1332573242352355
proxy-SVAR,cambio_usd,14,-0.049923251841340555,-0.10030591410393846,0.05530937741515807,-0.15680167210944423,0.11989937828565456
proxy-SVAR,cambio_usd,15,-0.0631168202452804,-0.10692549012951374,0.04455329695347931,-0.17403659682744738,0.10558899845819146
proxy-SVAR,cambio_usd,16,-0.07476885404379326,-0.11527458010782263,0.03494287118775749,-0.17914273356369084,0.09256537187311653
proxy-SVAR,cambio_usd,17,-0.08468044826073312,-0.12345407588286697,0.02343807389753477,-0.18981128898572258,0.08252652270979989
proxy-SVAR,cambio_usd,18,-0.0924465513994964,-0.12951936097521843,0.01879935311695845,-0.1890720219029606,0.07080290562917807
proxy-SVAR,cambio_usd,19,-0.09869640293702821,-0.13340141067384176,0.010774752142182426,-0.19180017286181522,0.06040137394979894
proxy-SVAR,cambio_usd,20,-0.10341635853836582,-0.13898459938065164,0.004639720078163577,-0.19542723566163203,0.053998655283855064
proxy-SVAR,cambio_usd,21,-0.10607790468241506,-0.13909964768646071,-0.0014114424384479012,-0.19875101775215673,0.045096623023026666
proxy-SVAR,cambio_usd,22,-0.10770495884800524,-0.1386635991097088,-0.0037123012777825043,-0.2050745385477092,0.04436854549225757
proxy-SVAR,cambio_usd,23,-0.10872293964268762,-0.14065880990639776,-0.004302054031107187,-0.20683622176988908,0.04160148019260871
proxy-SVAR,cambio_usd,24,-0.10854847763311791,-0.1410862598345847,-0.004466464259938861,-0.20028106301913,0.03916589060956811
proxy-SVAR,cambio_usd,25,-0.10745953100042865,-0.14079025485893112,-0.003142611647451636,-0.2029231651776069,0.03538876684124979
proxy-SVAR,cambio_usd,26,-0.10553667312719867,-0.14118407096611946,-0.004697447612861005,-0.20193375028181232,0.03665237416820712
proxy-SVAR,cambio_usd,27,-0.10280104828369023,-0.13830589934450715,-0.0038150832716483804,-0.19940649636087768,0.03616784716426727
proxy-SVAR,cambio_usd,28,-0.09948410732487739,-0.1361234044118982,-0.004284024587156809,-0.1962308859924633,0.037567394129434994
proxy-SVAR,cambio_usd,29,-0.09556549509277806,-0.13216786083524945,-4.8825571236288303e-4,-0.1912839179207504,0.03869745487646215
proxy-SVAR,cambio_usd,30,-0.09108426272062234,-0.13083913811999717,0.0021507001022828764,-0.19110702205577632,0.037088096706050094
proxy-SVAR,cambio_usd,31,-0.08611255970079508,-0.12772082552291583,0.005257839688728176,-0.18304861742902737,0.038771124030906164
proxy-SVAR,cambio_usd,32,-0.08067997058876585,-0.12534641437418054,0.0065088335304049755,-0.18807850900438355,0.04342436839316972
proxy-SVAR,cambio_usd,33,-0.07489148285038845,-0.11960042301193538,0.007354850539244553,-0.18455206043711475,0.05071732387364436
proxy-SVAR,cambio_usd,34,-0.06882371068507738,-0.11460336037715928,0.013441659433622745,-0.17673180428284155,0.05123829826713867
proxy-SVAR,cambio_usd,35,-0.06252804510636813,-0.10833809871411106,0.01737098394868814,-0.17512813890856468,0.05369873492929203
proxy-SVAR,cambio_usd,36,-0.0560563663312814,-0.1024638957376464,0.02047549264276609,-0.1665274942877055,0.060567939217547676
proxy-SVAR,cambio_usd,37,-0.049478247569845,-0.09573349726175152,0.02296099076366996,-0.1575036426978762,0.06641255420958041
proxy-SVAR,cambio_usd,38,-0.04287275984430954,-0.0917306874133854,0.02722701614601526,-0.15109307167914357,0.07292364697601585
proxy-SVAR,cambio_usd,39,-0.03629520182648206,-0.08601720649596095,0.030891005050962213,-0.14734597537897304,0.08406224629092714
proxy-SVAR,cambio_usd,40,-0.02980400935932797,-0.0819614940360242,0.03512417070099818,-0.1398690709705677,0.09027751380890113
proxy-SVAR,cambio_usd,41,-0.02345644392474461,-0.07793510005876302,0.039555222489500746,-0.1358537322413394,0.09528510988006711
proxy-SVAR,cambio_usd,42,-0.017295789989048446,-0.07360083314145506,0.04425523560155407,-0.12983974193022366,0.10145735725454672
proxy-SVAR,cambio_usd,43,-0.01136980686438807,-0.06991075653797393,0.051680220065923224,-0.12292493697164997,0.10460637654805237
proxy-SVAR,cambio_usd,44,-0.005721965558380857,-0.06510974358028994,0.05534349763654519,-0.11805674138120499,0.11477418517249244
proxy-SVAR,cambio_usd,45,-3.8656293440569487e-4,-0.063097206165059,0.05975567630381903,-0.11490629128949863,0.1215685563375417
proxy-SVAR,cambio_usd,46,0.004606713716007653,-0.05968469664086667,0.06261881423666842,-0.10687132372056277,0.12966290744826087
proxy-SVAR,cambio_usd,47,0.00923441186777661,-0.0570234165575548,0.06782411588701744,-0.09964037041228921,0.130132852430114
proxy-SVAR,cambio_usd,48,0.01347668797492672,-0.05289308237921802,0.07486754471291575,-0.09461029452833762,0.13286451364742136
proxy-SVAR,price_ipca,0,-0.06179038088150227,-0.18310810313175213,0.04684225096364757,-0.27581056063088066,0.11697805309334365
proxy-SVAR,price_ipca,1,-0.014931564576085327,-0.1573301186079737,0.059355138728210605,-0.23166049868011535,0.1268089193249672
proxy-SVAR,price_ipca,2,-0.024188880149557744,-0.1636978713693425,0.05993779859214403,-0.24585143560174352,0.14366131600384444
proxy-SVAR,price_ipca,3,0.009289454938586673,-0.1336958153683841,0.12078218721097449,-0.22489822337318516,0.20357166843139943
proxy-SVAR,price_ipca,4,0.04962978355549748,-0.0766474912614446,0.18113017116113134,-0.14585441164460913,0.2671863309269609
proxy-SVAR,price_ipca,5,0.1092362474950771,-0.023157292256636413,0.22741930647264186,-0.11160596273018153,0.31983824111356773
proxy-SVAR,price_ipca,6,0.08857198391334935,-0.04580216001458213,0.21768089415241332,-0.1256815351929615,0.3066531802762069
proxy-SVAR,price_ipca,7,0.11440717308668533,-0.019268044749698496,0.2471869498618356,-0.08735755855357544,0.36209658868218664
proxy-SVAR,price_ipca,8,0.11453067993087405,-0.0181758430985663,0.2533729679615548,-0.11000411381496492,0.3762998189797683
proxy-SVAR,price_ipca,9,0.07475128870725074,-0.04012628777255141,0.2283409169510029,-0.12618649861517867,0.34543984914110865
proxy-SVAR,price_ipca,10,0.07771412205290462,-0.03936325877787414,0.24042379331920358,-0.12449883633712151,0.35720880081191164
proxy-SVAR,price_ipca,11,0.057860608460179395,-0.0522184712620475,0.22015345584308568,-0.1437083961934837,0.34181307807706407
proxy-SVAR,price_ipca,12,0.03091073030108685,-0.07356425062694989,0.20003982470994658,-0.15854196646738825,0.34362251780079145
proxy-SVAR,price_ipca,13,0.02590662218680704,-0.07753444908195324,0.2072954183912052,-0.1580698095820981,0.33635098620652265
proxy-SVAR,price_ipca,14,-0.0016820737420464916,-0.09431563726593617,0.1900843710892821,-0.180281844717422,0.3247933088279768
proxy-SVAR,price_ipca,15,-0.02582768664704753,-0.10591108816475182,0.1700980714415769,-0.20493928430389385,0.3185020098337048
proxy-SVAR,price_ipca,16,-0.04467746040770043,-0.11897162279588938,0.15952909067056273,-0.21699974072298137,0.30776445717080014
proxy-SVAR,price_ipca,17,-0.0681463817702735,-0.13432156506128848,0.147715789633034,-0.235393749808057,0.29232310315107213
proxy-SVAR,price_ipca,18,-0.08706079543564768,-0.15050428700121615,0.13395035301899755,-0.25170729959471444,0.27454205998493564
proxy-SVAR,price_ipca,19,-0.10425000179596815,-0.16080661651522812,0.12124006088233798,-0.2655525167046239,0.26114114267092725
proxy-SVAR,price_ipca,20,-0.120594367040152,-0.1710513535894153,0.10959229464125522,-0.28316577168287344,0.25745561787782567
proxy-SVAR,price_ipca,21,-0.13520142993109974,-0.1842617813275078,0.09547315082578417,-0.2925842780369007,0.24290802527527425
proxy-SVAR,price_ipca,22,-0.14836410394061947,-0.19634856652036223,0.08679764072850457,-0.30418337829635683,0.23061704924034335
proxy-SVAR,price_ipca,23,-0.1590822254076416,-0.20356839927264606,0.07442305354680961,-0.31531835663280045,0.221589135541671
proxy-SVAR,price_ipca,24,-0.16917543951757927,-0.20973481369415672,0.06473385240836893,-0.3240218961063069,0.20970317674402994
proxy-SVAR,price_ipca,25,-0.17758115594448456,-0.21323851962187712,0.057986252124646226,-0.3325443369338165,0.19407172399802258
proxy-SVAR,price_ipca,26,-0.1844075675301506,-0.2187494570646698,0.051249761387902305,-0.3401387184493029,0.1801742037516373
proxy-SVAR,price_ipca,27,-0.1904418968081674,-0.2212474668043709,0.04366688316511973,-0.34324597766750065,0.17238292471435557
proxy-SVAR,price_ipca,28,-0.19468895942019349,-0.22755853104867252,0.03415322238293453,-0.351566925866483,0.1624252279152542
proxy-SVAR,price_ipca,29,-0.19772729601438296,-0.22655877512595127,0.028276280259830464,-0.35092635622506363,0.15185376881645765
proxy-SVAR,price_ipca,30,-0.1997591321246318,-0.22958169697697456,0.02499781423904058,-0.35356649037582183,0.14449954269751364
proxy-SVAR,price_ipca,31,-0.20041485382530866,-0.22726101544207672,0.02235615736894543,-0.35942207420632605,0.14050040224061563
proxy-SVAR,price_ipca,32,-0.20010226364332678,-0.22543567551335136,0.016958412723602826,-0.3587579768028221,0.13137703313679608
proxy-SVAR,price_ipca,33,-0.19872732439574964,-0.22417666080237517,0.01307707969445334,-0.36663084130773094,0.13414070625274493
proxy-SVAR,price_ipca,34,-0.19627371274025435,-0.21883030807070888,0.01421014959639281,-0.3625632388368709,0.12481650938534201
proxy-SVAR,price_ipca,35,-0.19291884454738806,-0.21906392362411703,0.014667328170354392,-0.35930491273001053,0.11547375288048974
proxy-SVAR,price_ipca,36,-0.18866094956089766,-0.21312423880985162,0.012182612567687845,-0.35777123572860636,0.10960047929672634
proxy-SVAR,price_ipca,37,-0.18358379148359244,-0.210400873690827,0.014396840090867401,-0.34686755571460737,0.09917461297374432
proxy-SVAR,price_ipca,38,-0.1777429287471612,-0.21136700173782208,0.017389131630981873,-0.34783327409332676,0.10422779552628876
proxy-SVAR,price_ipca,39,-0.17120702740139923,-0.21217303715706948,0.02036057104900955,-0.34718783107675505,0.10333382832219618
proxy-SVAR,price_ipca,40,-0.1640657548895216,-0.20760478814238797,0.020406760654370727,-0.3431878518346266,0.10509711272191706
proxy-SVAR,price_ipca,41,-0.15637600594550308,-0.20110143917681902,0.02283004879279882,-0.34307118481887894,0.10998386286673516
proxy-SVAR,price_ipca,42,-0.14823558360719147,-0.1933582912490039,0.026535579266256545,-0.3393465328354022,0.11796026159110247
proxy-SVAR,price_ipca,43,-0.1397144602360205,-0.18754255766267566,0.028075520131836843,-0.3312958530817024,0.11786426261958267
proxy-SVAR,price_ipca,44,-0.1308804547874145,-0.18310710630086288,0.0301584423022554,-0.3215283242994411,0.12346213586852482
proxy-SVAR,price_ipca,45,-0.12182172387925695,-0.17671062910039415,0.03419399880886367,-0.3238694612605321,0.12450335902011993
proxy-SVAR,price_ipca,46,-0.1126047408441162,-0.17372937713940392,0.039951658738006504,-0.3136744240174487,0.12565806750261668
proxy-SVAR,price_ipca,47,-0.10330345344996365,-0.16627210637589285,0.043445295949925467,-0.3108775300576795,0.13315433383611838
proxy-SVAR,price_ipca,48,-0.0939896166896442,-0.1601114084895947,0.04851168668861113,-0.3026434709681406,0.13834326469150848
proxy-SVAR,embi_perc,0,0.2619516304949796,0.20738258390905595,0.3791278607255302,0.171888205245944,0.47303812715657373
proxy-SVAR,embi_perc,1,0.26772274513643296,0.19751731795003605,0.392732045565816,0.14613751632627434,0.4822657513274756
proxy-SVAR,embi_perc,2,0.20188871144576653,0.12624369737925192,0.32639430661388547,0.07314919194718157,0.42257108627746376
proxy-SVAR,embi_perc,3,0.2810401095784389,0.18004716885712554,0.3942072183231767,0.11829336699889335,0.4891018415541801
proxy-SVAR,embi_perc,4,0.26826703094941456,0.14722501890174,0.3621006478136415,0.09231118691678858,0.4636152593201195
proxy-SVAR,embi_perc,5,0.2414295935640888,0.12065059220706058,0.3263885413541215,0.05900376530370316,0.4129975816150959
proxy-SVAR,embi_perc,6,0.23227674974326332,0.11144156627023552,0.334376849565684,0.054245021302004495,0.41489635799377506
proxy-SVAR,embi_perc,7,0.19306723987672622,0.07980358015293593,0.2970239555770707,0.012785551802445347,0.37889834074735235
proxy-SVAR,embi_perc,8,0.1614243477287958,0.052600248117700636,0.268083224170681,-0.020841708681726065,0.34739739293579214
proxy-SVAR,embi_perc,9,0.13100098387856712,0.028341642654120362,0.24187230433187787,-0.052282698900397946,0.3157101871538539
proxy-SVAR,embi_perc,10,0.09982638856789672,0.005609535720894144,0.21517127801165897,-0.0729324730613237,0.2954419795473724
proxy-SVAR,embi_perc,11,0.077622595063768507,-0.0072432023140230894,0.20016621116238414,-0.08144617876969674,0.2833976112992641
proxy-SVAR,embi_perc,12,0.04411855081358069,-0.0320034211178891,0.1719667041134343,-0.10690003659376697,0.2700584996160458
proxy-SVAR,embi_perc,13,0.019375709502546874,-0.04540275539472971,0.15639374805163264,-0.11656342096265075,0.2473380714144281
proxy-SVAR,embi_perc,14,5.71468538365793e-4,-0.056612868632910464,0.14458993079604568,-0.12878339129011843,0.23088299070199614
proxy-SVAR,embi_perc,15,-0.01809061849833817,-0.07073422106722374,0.13062915084520313,-0.1443192713969018,0.2098371859929883
proxy-SVAR,embi_perc,16,-0.031377579754627336,-0.07860868145575041,0.12612408624711047,-0.15623919119106439,0.19898228282327182
proxy-SVAR,embi_perc,17,-0.046378787407575395,-0.0917808396414436,0.11135826425716198,-0.1668190726475736,0.18167305672981063
proxy-SVAR,embi_perc,18,-0.058898573358142574,-0.1005621919236562,0.09856233246105044,-0.18406702494997723,0.17221391318258678
proxy-SVAR,embi_perc,19,-0.06867067900035025,-0.11157527461583927,0.08819064870050342,-0.1946755330835004,0.15907052819804152
proxy-SVAR,embi_perc,20,-0.0784891870605714,-0.12169518675404913,0.0760286540490521,-0.2082060623781728,0.14877903393411512
proxy-SVAR,embi_perc,21,-0.08573718533001219,-0.1312199808084113,0.0649440226564596,-0.211249416626745,0.13991371414570164
proxy-SVAR,embi_perc,22,-0.09241716144337625,-0.13565564778127756,0.05613935812821372,-0.21440950077298065,0.1320689819269358
proxy-SVAR,embi_perc,23,-0.09884039187697813,-0.14193342279034687,0.047460876395648555,-0.2244900982963115,0.12552271874800816
proxy-SVAR,embi_perc,24,-0.10394178803484037,-0.1486499094419612,0.04060044669911323,-0.22977799583228953,0.11921515799028268
proxy-SVAR,embi_perc,25,-0.10814926553459314,-0.15073750053248952,0.03369786293942099,-0.23965220015029737,0.11137744771017505
proxy-SVAR,embi_perc,26,-0.11126151665220835,-0.15378684576605745,0.02736662754708947,-0.24887924948992218,0.10587830597622842
proxy-SVAR,embi_perc,27,-0.1136298471260427,-0.16016843983547946,0.021386196791330518,-0.2505456922214041,0.09633195871302633
proxy-SVAR,embi_perc,28,-0.11525120992037781,-0.16408093805477042,0.016427415463320702,-0.25092600753382155,0.09325579834392964
proxy-SVAR,embi_perc,29,-0.11589188368233513,-0.16745392402835918,0.01279998327259404,-0.25288305759058494,0.0858262685403244
proxy-SVAR,embi_perc,30,-0.11579817249679769,-0.16971746771807794,0.010059687867199815,-0.250587153555168,0.08225941600418422
proxy-SVAR,embi_perc,31,-0.11482563811559841,-0.17470038024778967,0.0077491631469686255,-0.24677002971232628,0.07547139727273365
proxy-SVAR,embi_perc,32,-0.11304332745514874,-0.176768514490129,0.00619581010645619,-0.2477879404224886,0.06818097170993992
proxy-SVAR,embi_perc,33,-0.11061237808602291,-0.17142993372261392,0.005883721345060823,-0.24367430216990607,0.0640551060612235
proxy-SVAR,embi_perc,34,-0.10749579132415175,-0.16752273520858593,0.004748203841213855,-0.24782880224732848,0.06090520748716021
proxy-SVAR,embi_perc,35,-0.10378457243478396,-0.16737722838027191,0.0023229564727384787,-0.25327399170190557,0.05677880227903049
proxy-SVAR,embi_perc,36,-0.09950908814887592,-0.1653555372441017,0.0022384675312995075,-0.2518522624251843,0.055765390992604025
proxy-SVAR,embi_perc,37,-0.09472893467169939,-0.15995135663274174,0.004537176656836791,-0.24075761910183283,0.05199281916546938
proxy-SVAR,embi_perc,38,-0.08955740147287151,-0.15900086900881796,0.008797526462207106,-0.24024918249715774,0.052660328051417724
proxy-SVAR,embi_perc,39,-0.08403508157124807,-0.1568501357063859,0.010074179602592237,-0.24172613622051123,0.054683428843758604
proxy-SVAR,embi_perc,40,-0.07823262018370535,-0.14907694946712338,0.012577111625604213,-0.23470158967375204,0.05751358743569533
proxy-SVAR,embi_perc,41,-0.0722192127744298,-0.14324234483589693,0.01414593430019092,-0.22956518755484326,0.05732411645145073
proxy-SVAR,embi_perc,42,-0.0660505366034439,-0.13526261712876506,0.017712559819584982,-0.22710061005629203,0.06372793110581217
proxy-SVAR,embi_perc,43,-0.05979696737305765,-0.1323597514291437,0.021359416096742034,-0.22363798407005242,0.07445135029310615
proxy-SVAR,embi_perc,44,-0.053515971035472766,-0.12781664902091208,0.02643623389742741,-0.21689024414063718,0.0817232849893072
proxy-SVAR,embi_perc,45,-0.047264609612314504,-0.1267048129979171,0.029201119096854106,-0.2103148641683029,0.08807858545419509
proxy-SVAR,embi_perc,46,-0.04109311463865502,-0.12044871540864518,0.03247739618893379,-0.20572916948400014,0.0926245538184547
proxy-SVAR,embi_perc,47,-0.03504473901856036,-0.11722263080229388,0.03619892955540434,-0.2007366656997098,0.0973423678557703
proxy-SVAR,embi_perc,48,-0.02916638838480456,-0.11163860239110393,0.04256547116231996,-0.19662119928731753,0.10464853932787858
proxy-SVAR,commodity_metal,0,7.455552429134782,3.9105824137946206,9.207001473255811,1.972044696953077,11.153765921558886
proxy-SVAR,commodity_metal,1,10.00057409914408,4.808060173004613,12.609060544600927,2.5174977785909842,15.403236518033408
proxy-SVAR,commodity_metal,2,10.039340487842809,3.9662188929624844,13.009309323042856,1.0797330708691009,15.86165906139677
proxy-SVAR,commodity_metal,3,10.563927615135972,3.9469113673600402,14.028319469907037,0.36070188408122583,17.27245910388954
proxy-SVAR,commodity_metal,4,10.09519705787186,3.089330632489246,13.592019796508035,0.004716722071400333,17.893926225052617
proxy-SVAR,commodity_metal,5,9.188706582187626,1.7977143632831707,13.004732832902732,-1.1929899859856556,17.070237796179597
proxy-SVAR,commodity_metal,6,8.575397540381399,1.2913837654017553,13.081966828570094,-2.381568293508597,17.544743128422613
proxy-SVAR,commodity_metal,7,7.7385692292059085,0.42175904527969416,12.659236858547928,-3.7659453659863296,17.45275974664993
proxy-SVAR,commodity_metal,8,6.268085993848676,-0.8800835008049718,11.984487769077168,-4.548506802202999,16.378012004255456
proxy-SVAR,commodity_metal,9,4.704608783521826,-1.7096107856596723,10.996581408355258,-5.348560781042397,15.826845032262234
proxy-SVAR,commodity_metal,10,3.46397394701485,-2.472988504902804,9.968955225237984,-6.4191750285789455,14.846432970399318
proxy-SVAR,commodity_metal,11,1.946619562941712,-3.660141797976998,8.727525357127513,-7.309859917156899,13.92603339977073
proxy-SVAR,commodity_metal,12,0.4023116741437138,-4.52998879440235,7.755187470752778,-8.594560270966612,13.434227528723177
proxy-SVAR,commodity_metal,13,-0.9104817722612726,-5.3230360223487,6.8560963331763904,-9.337697655577525,12.488390262846956
proxy-SVAR,commodity_metal,14,-2.3272949800661418,-6.3450773488502,6.013045432775934,-10.433105922420392,11.278785149284053
proxy-SVAR,commodity_metal,15,-3.508108377812054,-7.237247059672194,5.1653500096566525,-11.367238365074229,10.881327543452214
proxy-SVAR,commodity_metal,16,-4.55182861835877,-7.93791399753462,4.33137791226282,-12.360904819941403,9.637150038141431
proxy-SVAR,commodity_metal,17,-5.568227406535478,-8.579073595076345,3.219225226264142,-13.024958217612662,8.934535642567203
proxy-SVAR,commodity_metal,18,-6.393079793572018,-9.046962109842134,2.5946848515344056,-13.41686820789943,8.16679094422204
proxy-SVAR,commodity_metal,19,-7.117791997399751,-9.504508187843257,2.04183793781389,-13.58977380313628,7.5528822044010475
proxy-SVAR,commodity_metal,20,-7.737482751460654,-9.975961125941422,1.5084783925205167,-13.778732969729175,6.957245599306352
proxy-SVAR,commodity_metal,21,-8.21981865336544,-10.269409390790004,1.1462250326181989,-14.189253659350173,6.334862860021344
proxy-SVAR,commodity_metal,22,-8.619438220186515,-10.33716457439098,0.7646705767391833,-14.687389889337695,5.64290727289007
proxy-SVAR,commodity_metal,23,-8.94315313347205,-10.643458807676883,0.5030006047654032,-14.879452042634561,5.513416552918898
proxy-SVAR,commodity_metal,24,-9.189979846363215,-10.7316678953665,0.3229947101366517,-15.153922343181067,5.085334055564844
proxy-SVAR,commodity_metal,25,-9.3566658643766,-10.71716415695444,0.02966781443724093,-15.600047607386076,4.997454609316862
proxy-SVAR,commodity_metal,26,-9.450977708715214,-10.6609586247943,-0.030865445586662283,-15.952344873464197,4.651085547385336
proxy-SVAR,commodity_metal,27,-9.481975766435951,-10.777967853683677,0.044161294867082396,-16.172755837973458,3.9973267125563585
proxy-SVAR,commodity_metal,28,-9.446814569653565,-10.635607730339599,0.041730072790913904,-16.23207024757519,3.82243320013071
proxy-SVAR,commodity_metal,29,-9.355509638062507,-10.26937361127707,0.0512737529285784,-16.268164459031418,3.4466958551509723
proxy-SVAR,commodity_metal,30,-9.210487241031153,-10.130169994523026,0.06964785267640558,-16.10928892757639,3.751378275323911
proxy-SVAR,commodity_metal,31,-9.010389688969568,-10.153390047397984,0.0952901397139142,-15.78565937541,3.6707070082290745
proxy-SVAR,commodity_metal,32,-8.763185724435335,-9.868908745348005,0.2767176621753886,-15.779641316021983,3.828365787484028
proxy-SVAR,commodity_metal,33,-8.471776270011901,-9.666386104256885,0.4527968259091163,-15.873031320284099,3.864801492107115
proxy-SVAR,commodity_metal,34,-8.140385020645976,-9.007748543509376,0.6800969860340766,-15.643750188111568,3.8677457087536125
proxy-SVAR,commodity_metal,35,-7.774387949907266,-8.650006232508364,1.0774414674281525,-15.184939775217929,3.750824332718976
proxy-SVAR,commodity_metal,36,-7.3765232012013096,-8.325703587333374,1.2469303745941591,-14.773343198847861,3.936072237477527
proxy-SVAR,commodity_metal,37,-6.951953065113241,-8.031140444069107,1.561064388485803,-14.05736753940703,4.401046445203807
proxy-SVAR,commodity_metal,38,-6.505725284569434,-7.6766042792320315,1.7740309406924184,-13.59303922899528,4.977684546484923
proxy-SVAR,commodity_metal,39,-6.042233522034073,-7.4435708730635355,1.7871113952244975,-12.938473963706059,5.577837448074255
proxy-SVAR,commodity_metal,40,-5.566308994251922,-7.2276280738241585,2.017484206423713,-12.172215615140631,6.197786076556769
proxy-SVAR,commodity_metal,41,-5.082265960679451,-6.942473425891502,2.125233151623431,-11.49891728694614,6.610530591099412
proxy-SVAR,commodity_metal,42,-4.594387645026879,-6.634337951852773,2.472404462476253,-11.169792538156852,6.71419380461822
proxy-SVAR,commodity_metal,43,-4.106738006995612,-6.388232637761538,2.7197017028329182,-10.70693040656661,7.140743811179143
proxy-SVAR,commodity_metal,44,-3.623238791307999,-6.092073694283115,3.0180267617514716,-10.236354444165231,7.672740957218073
proxy-SVAR,commodity_metal,45,-3.1476187756556424,-5.719844416711053,3.3378252851205965,-10.008613327157418,8.150900981930887
proxy-SVAR,commodity_metal,46,-2.6830612083121914,-5.335957394687254,3.6729672735021386,-9.877788458905608,8.259704733409324
proxy-SVAR,commodity_metal,47,-2.2325852383874634,-5.017269012154015,3.936762765641004,-9.393842465986198,8.517873544039265
proxy-SVAR,commodity_metal,48,-1.79893367088913,-4.797905001748571,4.2227176278712815,-9.14047542374775,8.784001733438606
