window,n_months,F,beta,se,n,r2
full,156,21.292872928089945,0.003208802897628419,0.0006953859472924767,150,0.19015257497214244
pre_covid,84,38.09659187832904,0.002658990847834882,0.00043079810058015,78,0.25363130164886527
covid_post,72,11.239870665550328,0.0036323591833884155,0.0010834481439254153,72,0.17054574475486062
drop_covid,149,24.231268607704884,0.003400944429326843,0.0006908940615256766,143,0.21274604831832333
