test,n_perm,observed_F,mean_F,median_F,q95_F,q99_F,max_F,pvalue
placebo,2000,21.292872928089945,1.271574033644081,0.6507663281958009,4.451991152099922,7.882035623375812,34.351453572523845,0.0015
