subset,n,pearson,spearman
all,156,0.7445703671568576,0.7154998614480786
union_nonzero,71,0.744589288042731,0.7403922691647884
both_nonzero,36,0.9327466623372496,0.9371943371943372
