rank,variable,lambda,abs_share
1,DI_3m,221.879374,0.840474
2,DI_2y,41.143179,0.155849
3,IBOV,0.407848,0.001545
4,BRL,-0.562701,0.002131
