var,h,point,lo68,hi68,lo90,hi90,sign,sig68,sig90
yield_3m,0,0.0038682612744976538,0.003659188935732788,0.0041920304898314074,0.0034440173350431453,0.004351199989979225,1,TRUE,TRUE
yield_3m,1,0.005054746547409631,0.004228075609127732,0.005646887662411326,0.0037359822186926817,0.006107687374114538,1,TRUE,TRUE
yield_3m,2,0.006243336808269892,0.004671268675035099,0.006872271933087073,0.0038375999158941306,0.007571205176715872,1,TRUE,TRUE
yield_3m,3,0.007249805688569731,0.005137479728863283,0.008061928580401828,0.00395393519219102,0.00914421127749568,1,TRUE,TRUE
yield_3m,4,0.007027331980967575,0.00433446403990409,0.008136805785479434,0.0030133911762408954,0.00951938398884926,1,TRUE,TRUE
yield_3m,5,0.007185944630469151,0.004238291343745946,0.008534873536080546,0.00253860815838556,0.0101512929618322,1,TRUE,TRUE
yield_3m,6,0.007113702371346291,0.003920118286732937,0.008932252247844396,0.0022288559854886534,0.010520725452802911,1,TRUE,TRUE
yield_3m,7,0.006814277702410728,0.0036138361204925374,0.009216025793854589,0.0016350483398644602,0.010963665262220344,1,TRUE,TRUE
yield_3m,8,0.0065930328220613265,0.0033408130032370337,0.009457698666773784,0.001393696991584965,0.011385172540615284,1,TRUE,TRUE
yield_3m,9,0.0061313335596685035,0.002889632880311963,0.009543371338533835,0.0010248009467163375,0.01167893621466972,1,TRUE,TRUE
yield_3m,10,0.005812664832813171,0.002746425123331605,0.009674203378979998,5.707949839709012e-4,0.012220079473115158,1,TRUE,TRUE
yield_3m,11,0.005422532345026512,0.0024749472915442773,0.009702924610803078,2.1872428048645112e-4,0.01240388957803128,1,TRUE,TRUE
yield_3m,12,0.004996719634453298,0.002182031646341312,0.009742367254113583,-1.9867564963790542e-4,0.012580018989585474,1,TRUE,FALSE
yield_3m,13,0.00463108611857074,0.001987688013842107,0.00962256927888246,-6.090877022575867e-4,0.012731480221536248,1,TRUE,FALSE
yield_3m,14,0.004198819036105242,0.0015094001149466442,0.009541499610483162,-8.531019991259192e-4,0.012670354564308463,1,TRUE,FALSE
yield_3m,15,0.0037979340184410818,0.0012704098121551716,0.00942536071721614,-0.0012348079267319575,0.012706327757549062,1,TRUE,FALSE
yield_3m,16,0.0033757172098243895,9.656641073920577e-4,0.009366533951459075,-0.0015461835895251273,0.012781116451350353,1,TRUE,FALSE
yield_3m,17,0.0029007781528120457,6.327206198461145e-4,0.0091098475579553,-0.0021091807638226622,0.01257234600793181,1,TRUE,FALSE
yield_3m,18,0.0024304425875647357,1.0938910197606748e-4,0.00881554598781453,-0.0026708037529854984,0.012407706401551042,1,TRUE,FALSE
yield_3m,19,0.0019194642923878198,-3.6948772764087225e-4,0.008538248348629918,-0.0032126915297140887,0.012323072638208733,1,FALSE,FALSE
yield_3m,20,0.0013965426332376422,-9.2261965597331e-4,0.008237019079116755,-0.003923804455863049,0.01219704305659324,1,FALSE,FALSE
yield_3m,21,8.719706552852627e-4,-0.001480840160964453,0.007921675390581409,-0.004401098706180101,0.011778937912998244,1,FALSE,FALSE
yield_3m,22,3.2751891538868754e-4,-0.0020640489580661617,0.007488359391730372,-0.004878645703007947,0.01145774636298862,1,FALSE,FALSE
yield_3m,23,-2.1972904422306664e-4,-0.0025006796723955815,0.007015423929300105,-0.005525451707980597,0.010991737807568363,-1,FALSE,FALSE
yield_3m,24,-7.699654138013106e-4,-0.003068659120341283,0.006357672730725225,-0.006434264250454431,0.010595751073429374,-1,FALSE,FALSE
yield_3m,25,-0.001316532366504887,-0.003701843389357764,0.0058237072036830505,-0.006944357862860062,0.00996288744132808,-1,FALSE,FALSE
yield_3m,26,-0.0018505639280129984,-0.004237721733410909,0.005357364106078493,-0.007422957535981167,0.009319454163496005,-1,FALSE,FALSE
yield_3m,27,-0.002371952973309572,-0.004739901552322611,0.004874809130552886,-0.00771738362649841,0.008858391327977994,-1,FALSE,FALSE
yield_3m,28,-0.002872837911844801,-0.005258584390922783,0.004391032081157522,-0.008390116829698032,0.008096318469896367,-1,FALSE,FALSE
yield_3m,29,-0.0033507927874514925,-0.005677883466018295,0.0038452734140854154,-0.008964450411381428,0.007671444390451369,-1,FALSE,FALSE
yield_3m,30,-0.0038019391546857666,-0.006010854744677444,0.0032570812291173707,-0.009364467909741752,0.007079300346064789,-1,FALSE,FALSE
yield_3m,31,-0.0042208716523477255,-0.006236104372359306,0.0027609000512003753,-0.00989427551535636,0.006575849711242073,-1,FALSE,FALSE
yield_3m,32,-0.004606218811484334,-0.006658005846545812,0.002231604117829569,-0.010363476841247292,0.005815810490869113,-1,FALSE,FALSE
yield_3m,33,-0.004954821976664406,-0.006926443737116652,0.0018271994470235313,-0.010751613548612713,0.005489210150124321,-1,FALSE,FALSE
yield_3m,34,-0.005264886899537766,-0.0070493555429765814,0.0014859902303746351,-0.011038582494324219,0.0050184503659701065,-1,FALSE,FALSE
yield_3m,35,-0.005535276951825552,-0.007414842172482092,0.0012270814217730075,-0.011297661867862045,0.004643421413731038,-1,FALSE,FALSE
yield_3m,36,-0.005764148256279101,-0.007656641703602945,7.639361945853513e-4,-0.011537586126798467,0.004224600971106859,-1,FALSE,FALSE
yield_3m,37,-0.0059513012986508245,-0.007841288953942104,5.625728796855527e-4,-0.01197717073811647,0.0037527624500117047,-1,FALSE,FALSE
yield_3m,38,-0.006096521742452558,-0.007945549232038437,2.7744136548951047e-4,-0.01200329814923686,0.0033008819884039688,-1,FALSE,FALSE
yield_3m,39,-0.006199939969727044,-0.007970852071400707,-6.4394848250572275e-6,-0.012025192095157894,0.0030630453900877324,-1,TRUE,FALSE
yield_3m,40,-0.006262395275135498,-0.008072758251262758,-1.197001312855616e-4,-0.011754485527996376,0.002930911149299546,-1,TRUE,FALSE
yield_3m,41,-0.006284710464275957,-0.008157909319688296,-2.117900168644257e-4,-0.012060842860137762,0.002597991144532848,-1,TRUE,FALSE
yield_3m,42,-0.006268218548987145,-0.008144487546922737,-3.939910931787323e-4,-0.012380216098598958,0.002446009334376814,-1,TRUE,FALSE
yield_3m,43,-0.0062145417120991675,-0.008140658785253392,-4.706609570468658e-4,-0.012656601257805511,0.002211315003599277,-1,TRUE,FALSE
yield_3m,44,-0.006125525820329376,-0.008037170471919076,-5.175944297384816e-4,-0.01258676282717446,0.0022163533085163846,-1,TRUE,FALSE
yield_3m,45,-0.006003334334156039,-0.007923707285764213,-5.333438902633317e-4,-0.01231337655216805,0.002293900482993263,-1,TRUE,FALSE
yield_3m,46,-0.005850218670792585,-0.007781718450622944,-5.163684233437352e-4,-0.012310323997198658,0.0024920913933632626,-1,TRUE,FALSE
yield_3m,47,-0.00566864294709116,-0.007750560473715002,-5.05438483802133e-4,-0.012052459105447213,0.0023940437030426586,-1,TRUE,FALSE
yield_3m,48,-0.00546121736417439,-0.007599612616482654,-3.741567573699449e-4,-0.012044910554934306,0.00245224035673289,-1,TRUE,FALSE
yield_6m,0,0.005,0.005,0.005,0.005,0.005,1,TRUE,TRUE
yield_6m,1,0.006540994796769263,0.005543514133763826,0.007060929137744698,0.005055001826306898,0.007653255864596459,1,TRUE,TRUE
yield_6m,2,0.007814262520864207,0.005996449756142536,0.008404944627362501,0.005040392822086219,0.009154223509001951,1,TRUE,TRUE
yield_6m,3,0.008967861968685178,0.006464839914918839,0.00972592722290775,0.005225229619055651,0.010947715666540018,1,TRUE,TRUE
yield_6m,4,0.008634163735481579,0.005519642649276017,0.009689111996966475,0.003911458742498328,0.011012543881944824,1,TRUE,TRUE
yield_6m,5,0.008647511575173681,0.005314131082425569,0.010102087010074676,0.003421590818377953,0.011731849654581728,1,TRUE,TRUE
yield_6m,6,0.008518264750579619,0.0049853688271268536,0.010498267130224604,0.0030251331215005784,0.012468770221815265,1,TRUE,TRUE
yield_6m,7,0.008087055406926785,0.00443365973466409,0.010574037039290267,0.0023416653371140252,0.012725760633776626,1,TRUE,TRUE
yield_6m,8,0.0076943565982582176,0.0040570689448815676,0.010853052299123294,0.001757145160560126,0.013272947787484378,1,TRUE,TRUE
yield_6m,9,0.007066694082075345,0.0035916893594307962,0.01081629700491216,0.0011414779414100746,0.013538126280587547,1,TRUE,TRUE
yield_6m,10,0.006591777450045697,0.0031473823772319087,0.01089791648068309,6.813472532884533e-4,0.01382184224239858,1,TRUE,TRUE
yield_6m,11,0.006028463301713325,0.0027318927053711192,0.010874660787965803,1.6794019686866343e-4,0.014292526071700968,1,TRUE,TRUE
yield_6m,12,0.005424969500115189,0.0023138692015578326,0.010777555176101827,-1.9511679467354708e-4,0.014282666549684618,1,TRUE,FALSE
yield_6m,13,0.004906152744611746,0.0019965448118598075,0.010793509192255737,-8.547103147365051e-4,0.014666692143125824,1,TRUE,FALSE
yield_6m,14,0.004315070089640641,0.0014996990486237437,0.010628174836908689,-0.0012549344917563952,0.014401368281122621,1,TRUE,FALSE
yield_6m,15,0.0037747480619593795,0.001118734095280352,0.010373212682586824,-0.0016134364414153344,0.014352688250878149,1,TRUE,FALSE
yield_6m,16,0.0032258797325150253,7.100561273876277e-4,0.010115734661525155,-0.002209626453872888,0.01416977786625695,1,TRUE,FALSE
yield_6m,17,0.002621030409163425,2.1086878074205208e-4,0.009827001223335952,-0.0028915784279652757,0.013824946550750665,1,TRUE,FALSE
yield_6m,18,0.0020376730579111475,-3.1799626959272984e-4,0.009458462809236698,-0.003640952334407334,0.01372434198950523,1,FALSE,FALSE
yield_6m,19,0.001422094186999095,-9.330141009981003e-4,0.00910272441984256,-0.004178079572283935,0.013227647476460172,1,FALSE,FALSE
yield_6m,20,8.014439193548331e-4,-0.00163648876604072,0.00879656272653747,-0.004641580446236785,0.012876713500619096,1,FALSE,FALSE
yield_6m,21,1.921168868669056e-4,-0.002185445722674414,0.008272495039247955,-0.005295286161915016,0.012706742554332053,1,FALSE,FALSE
yield_6m,22,-4.312498763180889e-4,-0.0027168986400720194,0.007731917839599818,-0.0062454325169942655,0.01228764014677618,-1,FALSE,FALSE
yield_6m,23,-0.0010519943776738055,-0.0033487198593485823,0.007350070670395917,-0.0071002459073480646,0.011675344050726831,-1,FALSE,FALSE
yield_6m,24,-0.0016680858708984323,-0.004061293012861196,0.006729611801008065,-0.0078093316265742925,0.011103189828732114,-1,FALSE,FALSE
yield_6m,25,-0.0022731704684768915,-0.004574851861836717,0.006084354261107024,-0.008427521132779519,0.010436677004411673,-1,FALSE,FALSE
yield_6m,26,-0.002858362461903007,-0.005137554807579344,0.005552069842970769,-0.008810082190399035,0.009898593349177942,-1,FALSE,FALSE
yield_6m,27,-0.0034238726752969396,-0.005865792630355989,0.005002832016468873,-0.009177296341362898,0.009269002508718366,-1,FALSE,FALSE
yield_6m,28,-0.003961486172597215,-0.006247352848629051,0.004495313270781869,-0.009681966548367208,0.008627473978815992,-1,FALSE,FALSE
yield_6m,29,-0.004469082313411362,-0.006714708406882179,0.003909720537782865,-0.010385392124445992,0.007990553602381413,-1,FALSE,FALSE
yield_6m,30,-0.004942733324767952,-0.007119195242542219,0.003333992807663963,-0.010836304743132253,0.007285333657293749,-1,FALSE,FALSE
yield_6m,31,-0.0053765508587823975,-0.007293230114175823,0.002745217752130193,-0.011350449993545736,0.006535155411384505,-1,FALSE,FALSE
yield_6m,32,-0.005769680465760551,-0.007612812107608386,0.0023073284797100824,-0.011728833374206455,0.006139469023387075,-1,FALSE,FALSE
yield_6m,33,-0.006119107797324495,-0.007975376894607745,0.0018729874704873962,-0.012453484866327594,0.0055622782636985495,-1,FALSE,FALSE
yield_6m,34,-0.006423178691459354,-0.008129382484942101,0.0015107300720792703,-0.012434109425929214,0.00517343597214957,-1,FALSE,FALSE
yield_6m,35,-0.0066811707946886805,-0.008468830086339758,0.0010477986845362857,-0.013421938341532496,0.004693195447948972,-1,FALSE,FALSE
yield_6m,36,-0.006891382299963186,-0.008686108734988648,6.958192300934726e-4,-0.013644654275633501,0.004281698947584679,-1,FALSE,FALSE
yield_6m,37,-0.007054035246763323,-0.008902527158986713,3.8088656889833056e-4,-0.013495138111108255,0.004212901771935176,-1,FALSE,FALSE
yield_6m,38,-0.007169420464063256,-0.009161980325990604,1.3697950551028933e-4,-0.013848496849053772,0.0037232312746369777,-1,FALSE,FALSE
yield_6m,39,-0.007238069203278839,-0.009199391795714572,-5.528397243836259e-5,-0.01415270468442064,0.003361110873529469,-1,TRUE,FALSE
yield_6m,40,-0.007261327921041833,-0.009208248825255507,-1.2428386471105134e-4,-0.014351435147574818,0.003132690432704757,-1,TRUE,FALSE
yield_6m,41,-0.007240509968862578,-0.009080535362139989,-2.5108092408610526e-4,-0.01394877270321528,0.0027395533484358497,-1,TRUE,FALSE
yield_6m,42,-0.007177439836429939,-0.009002100374357853,-3.679465726401768e-4,-0.013893625906698319,0.002664909211057137,-1,TRUE,FALSE
yield_6m,43,-0.0070742607736519305,-0.008979085412957541,-5.266563958926687e-4,-0.013994024924022347,0.002583386575048499,-1,TRUE,FALSE
yield_6m,44,-0.006933336223052635,-0.008802876877587995,-4.986959729913104e-4,-0.014011629797797898,0.0027271564825493365,-1,TRUE,FALSE
yield_6m,45,-0.0067573434336755155,-0.008659760803377286,-5.100994295676288e-4,-0.01388185036445938,0.0029287247654287665,-1,TRUE,FALSE
yield_6m,46,-0.006549016109004878,-0.008542960097744379,-4.6092356825659615e-4,-0.01375843781214082,0.002916281793764076,-1,TRUE,FALSE
yield_6m,47,-0.00631129487529112,-0.008468375931498516,-3.5370659549786734e-4,-0.013571847314112354,0.0028118007041534163,-1,TRUE,FALSE
yield_6m,48,-0.0060472558256067,-0.008391962327003255,-1.8977114527724752e-4,-0.013441766807048039,0.0026904810665617156,-1,TRUE,FALSE
yield_1y,0,0.006334123738855861,0.0058902434979991826,0.00675231872380244,0.005680991526869425,0.007088428486253389,1,TRUE,TRUE
yield_1y,1,0.00821704125094822,0.006817802713547327,0.008860562107812152,0.006228043712123167,0.009819745438107375,1,TRUE,TRUE
yield_1y,2,0.009389515356431797,0.007103216121993648,0.009998978404751916,0.006053797160755245,0.011209479064674026,1,TRUE,TRUE
yield_1y,3,0.01075293972006231,0.007811176233524626,0.011598603633640852,0.006447982159131251,0.013037868663288155,1,TRUE,TRUE
yield_1y,4,0.010298898382423172,0.006665201226698229,0.011355976860345349,0.005019101518213514,0.013232794250397412,1,TRUE,TRUE
yield_1y,5,0.010103770352671694,0.006318507691370866,0.011528392829243195,0.004256801439457683,0.013744822424160127,1,TRUE,TRUE
yield_1y,6,0.009894531316783528,0.005896168384843637,0.011918345844374116,0.0037782596458493687,0.014429655355506,1,TRUE,TRUE
yield_1y,7,0.009288017500696915,0.005199187091527596,0.011987597033031247,0.0028637365472288174,0.014768856095611115,1,TRUE,TRUE
yield_1y,8,0.008669208748967091,0.004631536150398865,0.011952646070479096,0.002117567954787675,0.015134365906113952,1,TRUE,TRUE
yield_1y,9,0.007834044621499373,0.004002309903744485,0.011859018930138032,0.0015445589297044659,0.015413012222466195,1,TRUE,TRUE
yield_1y,10,0.0071612582582770545,0.003454033132508744,0.011955978334256248,9.388818248956968e-4,0.015577472676325019,1,TRUE,TRUE
yield_1y,11,0.00639198732852784,0.002815876514676568,0.011951395789733888,2.130593850935343e-4,0.01582083753325337,1,TRUE,TRUE
yield_1y,12,0.005562136461414771,0.0022332826151928017,0.011729238072481114,-5.764610216519717e-4,0.01591765773967027,1,TRUE,FALSE
yield_1y,13,0.004861293704944614,0.0016336712299364468,0.011437714981454883,-0.001246144393096443,0.015636282131507993,1,TRUE,FALSE
yield_1y,14,0.004087594751731733,0.0010778396294652832,0.01104948591203438,-0.001902807075040811,0.015381461019353,1,TRUE,FALSE
yield_1y,15,0.0033849549657702306,6.202057209626925e-4,0.01058121925310385,-0.0023451114313833344,0.015276700965230684,1,TRUE,FALSE
yield_1y,16,0.0027004240048323696,2.3267406524778354e-4,0.010396764464635439,-0.003037541126696636,0.014927076963100853,1,TRUE,FALSE
yield_1y,17,0.001955956813978108,-6.040498892990728e-4,0.009899392741827063,-0.0038565876593263542,0.014751751942114385,1,FALSE,FALSE
yield_1y,18,0.0012572185314035427,-0.0012061730229595948,0.009438948330951486,-0.004632005738643985,0.014442712486634032,1,FALSE,FALSE
yield_1y,19,5.445236960803042e-4,-0.001791463228131934,0.00912873789532808,-0.005174309412028889,0.014145817700451029,1,FALSE,FALSE
yield_1y,20,-1.6438723535226296e-4,-0.0024401702593375486,0.008819186839208633,-0.005889158585120761,0.013522981616026098,-1,FALSE,FALSE
yield_1y,21,-8.424880981880913e-4,-0.003043555965849245,0.00835927919073148,-0.006761130018019225,0.013021677221270001,-1,FALSE,FALSE
yield_1y,22,-0.0015248089837555903,-0.0037148558089586405,0.007797225738792437,-0.007703870264117261,0.01264410601473371,-1,FALSE,FALSE
yield_1y,23,-0.002196886862168946,-0.004214972188636082,0.0072143728830212864,-0.008488165324519351,0.012040885076605641,-1,FALSE,FALSE
yield_1y,24,-0.002852976487893794,-0.004826721212902803,0.0066387427402093135,-0.008948047620075386,0.011260319545174058,-1,FALSE,FALSE
yield_1y,25,-0.003488016642814605,-0.005627617224196088,0.0059938745111558596,-0.009671596019785478,0.010706413712987138,-1,FALSE,FALSE
yield_1y,26,-0.004093629171172304,-0.006229052478340984,0.005433308879011441,-0.010427176898303255,0.010170201106788929,-1,FALSE,FALSE
yield_1y,27,-0.004671109777182538,-0.006613399649112737,0.004864422640982034,-0.010771200718999233,0.00930221662092683,-1,FALSE,FALSE
yield_1y,28,-0.005212189344103936,-0.0072027584340932024,0.0041987384608216565,-0.011278349372954265,0.00850403957300189,-1,FALSE,FALSE
yield_1y,29,-0.00571515051733197,-0.0076914842662851295,0.0036054410899766234,-0.01205174985116232,0.007873933290228572,-1,FALSE,FALSE
yield_1y,30,-0.006176773442462318,-0.008068619339520274,0.0029895146142598157,-0.012528199166682297,0.007214811837493302,-1,FALSE,FALSE
yield_1y,31,-0.006590733898454386,-0.00835458175515965,0.002501741629753285,-0.013364970001702775,0.006750879991680737,-1,FALSE,FALSE
yield_1y,32,-0.006957141824264867,-0.008778165573929781,0.002016798049864466,-0.013856964274281545,0.00615176543015726,-1,FALSE,FALSE
yield_1y,33,-0.0072736274124764865,-0.0090730060611601,0.0016090569887270846,-0.014264792667512138,0.005525133700760576,-1,FALSE,FALSE
yield_1y,34,-0.007538771083119161,-0.009407155307608047,0.001157650672297583,-0.014850986254887176,0.0050580638666468504,-1,FALSE,FALSE
yield_1y,35,-0.007752630751569547,-0.009581578205056295,8.565040747826313e-4,-0.015174987909647606,0.004710751080154607,-1,FALSE,FALSE
yield_1y,36,-0.007913876015025573,-0.009695435695465418,4.7747352487338197e-4,-0.0158395324755729,0.004359316412358351,-1,FALSE,FALSE
yield_1y,37,-0.008023342245721323,-0.009784522284246812,2.69390957359327e-4,-0.015666945832158927,0.004024652576197872,-1,FALSE,FALSE
yield_1y,38,-0.008082113535662435,-0.009878510947898513,7.74476872731898e-5,-0.015378479894606724,0.0036781089966322843,-1,FALSE,FALSE
yield_1y,39,-0.008091255200942941,-0.009839219574030158,-7.623783185707898e-6,-0.015204928879079134,0.0032705194977525314,-1,TRUE,FALSE
yield_1y,40,-0.008052761818895554,-0.00980150202706395,-1.1575257278095972e-4,-0.015552504386319402,0.003095301065857241,-1,TRUE,FALSE
yield_1y,41,-0.007968568000384544,-0.009664496474245759,-2.547268225859852e-4,-0.015325350814956272,0.0029839069870068726,-1,TRUE,FALSE
yield_1y,42,-0.007841068055331387,-0.009536791026510581,-4.1289297601400246e-4,-0.01534827654987444,0.0030656216446308428,-1,TRUE,FALSE
yield_1y,43,-0.007672998114618344,-0.009387287898924075,-4.677229591234821e-4,-0.015034625592269264,0.0033176413536198835,-1,TRUE,FALSE
yield_1y,44,-0.007467270914172456,-0.00924019631856908,-4.771472001296886e-4,-0.015132361018628773,0.0032775244826537936,-1,TRUE,FALSE
yield_1y,45,-0.007227087176385331,-0.008960870736929936,-4.172847014734106e-4,-0.015162742816371496,0.0032171969909018452,-1,TRUE,FALSE
yield_1y,46,-0.0069556439568564275,-0.008769248434285226,-2.3406941770474823e-4,-0.015070958200677283,0.003222470227553733,-1,TRUE,FALSE
yield_1y,47,-0.006656312381108996,-0.008779865190873466,-1.1048572381364557e-4,-0.014434427838948433,0.0034122386578193976,-1,TRUE,FALSE
yield_1y,48,-0.006332578930171298,-0.008430481310650176,2.116479919799741e-5,-0.014093016610646002,0.0033509959000626423,-1,FALSE,FALSE
yield_2y,0,0.007430059200891002,0.006550926333440852,0.008594815977579773,0.006075588932647649,0.009481643847993123,1,TRUE,TRUE
yield_2y,1,0.009372150610692383,0.0075262869926278385,0.010535080777595735,0.00668356492021791,0.011948643055393334,1,TRUE,TRUE
yield_2y,2,0.01008903142917289,0.007427793341024673,0.011141455859404032,0.006072115656100722,0.012759291392485635,1,TRUE,TRUE
yield_2y,3,0.011696279518890754,0.008194874199191845,0.012867830636340956,0.00676133922707671,0.014766392903039287,1,TRUE,TRUE
yield_2y,4,0.011123847662841283,0.007184552805579477,0.012420513850985523,0.005487505696135727,0.014343865941748093,1,TRUE,TRUE
yield_2y,5,0.010641165256124527,0.006662879797404535,0.012270853097398046,0.004527177909774281,0.014488588097806976,1,TRUE,TRUE
yield_2y,6,0.010373614564207038,0.006353699691960856,0.012545070992693495,0.004074030159308271,0.01491153901575393,1,TRUE,TRUE
yield_2y,7,0.009566353823792081,0.005502161721826883,0.012351214431893765,0.003021160691559224,0.015375880457121351,1,TRUE,TRUE
yield_2y,8,0.008742283173704844,0.004706172930696893,0.012120427695688595,0.0021475301253202966,0.015462228655994715,1,TRUE,TRUE
yield_2y,9,0.007779482836931019,0.003956184899353024,0.01184179457960239,0.0014034104376373993,0.01559772944613011,1,TRUE,TRUE
yield_2y,10,0.006934308623322743,0.0032436102570246976,0.011750012087287195,6.700851080646685e-4,0.015495127590074135,1,TRUE,TRUE
yield_2y,11,0.006038979803577963,0.0026481909453156278,0.011609810689990395,-1.320060134527022e-4,0.0152670912134327,1,TRUE,FALSE
yield_2y,12,0.005040771923730429,0.0018832718378835236,0.011276521166889196,-7.380939401840754e-4,0.015348699933766632,1,TRUE,FALSE
yield_2y,13,0.004216988537916753,0.0012003526764812142,0.010896474760300518,-0.0016754206247434824,0.015192099997264723,1,TRUE,FALSE
yield_2y,14,0.0033541585180395825,5.97807608214741e-4,0.010247459325163544,-0.0025632294480091933,0.01503951121118388,1,TRUE,FALSE
yield_2y,15,0.00256363046408952,-1.4776008600586145e-5,0.00985005273011882,-0.0029799803791687564,0.014966105710045766,1,FALSE,FALSE
yield_2y,16,0.0018286368304863392,-6.345959029879707e-4,0.009552093270893243,-0.003688943278983925,0.014535783926840858,1,FALSE,FALSE
yield_2y,17,0.0010308914209798186,-0.001263581066477822,0.008941229084530392,-0.004281918079227739,0.013906466880345627,1,FALSE,FALSE
yield_2y,18,2.9825516664245226e-4,-0.0020372551587206802,0.00862969505199169,-0.005147059618746014,0.013595393205997524,1,FALSE,FALSE
yield_2y,19,-4.2100321495413715e-4,-0.00258010003320974,0.008245040922000216,-0.005998290863266257,0.013035940724287303,-1,FALSE,FALSE
yield_2y,20,-0.0011323753182180055,-0.003282586541605534,0.007884727007172632,-0.006834770933657414,0.012699272715693708,-1,FALSE,FALSE
yield_2y,21,-0.0017936059676946468,-0.0037821686168404796,0.00732310839716492,-0.007456373308694453,0.012302078792578525,-1,FALSE,FALSE
yield_2y,22,-0.0024492222856429577,-0.004299099703648113,0.006912570552543691,-0.008046255456156143,0.011879655026975433,-1,FALSE,FALSE
yield_2y,23,-0.003090486742072418,-0.004795405275292264,0.006409362212589172,-0.008749104868737017,0.011126111030777212,-1,FALSE,FALSE
yield_2y,24,-0.003704248065673081,-0.005276988627399965,0.005786761976376389,-0.009417089237624611,0.010359819568024852,-1,FALSE,FALSE
yield_2y,25,-0.0042895201029555154,-0.0059512849786281,0.005294564830911795,-0.010142502706071648,0.009619491212902079,-1,FALSE,FALSE
yield_2y,26,-0.004838825129797785,-0.006500107907435099,0.0045805983320325455,-0.01085799137541449,0.008719453425592508,-1,FALSE,FALSE
yield_2y,27,-0.005354754213835285,-0.007209706542871479,0.0040305968057858434,-0.011390383513892976,0.008351785523869424,-1,FALSE,FALSE
yield_2y,28,-0.0058305325712254864,-0.007640433669556777,0.003388841754069452,-0.011990309495068385,0.007534247921244216,-1,FALSE,FALSE
yield_2y,29,-0.00626389533468293,-0.008235263258685128,0.002971246059884093,-0.012614641374485801,0.0069554723062984665,-1,FALSE,FALSE
yield_2y,30,-0.006653435849207685,-0.008641904574191077,0.00243309373718895,-0.013086658654675216,0.006485216004428185,-1,FALSE,FALSE
yield_2y,31,-0.006992929119320813,-0.008715862581252705,0.00201784077404632,-0.013539663950564365,0.005887949486387075,-1,FALSE,FALSE
yield_2y,32,-0.007283371349746995,-0.009027566343489463,0.0015539996205295665,-0.013980897183749941,0.00554434717698477,-1,FALSE,FALSE
yield_2y,33,-0.0075238282110061585,-0.009164563757670236,0.0011395732661970553,-0.014235157957430303,0.005035351757303084,-1,FALSE,FALSE
yield_2y,34,-0.007713013191986616,-0.0093014064465723,8.493220669423212e-4,-0.0146846940662592,0.004579515878497567,-1,FALSE,FALSE
yield_2y,35,-0.007851894006192146,-0.009566037896605739,5.404653561081649e-4,-0.0148834514476959,0.004245275711692212,-1,FALSE,FALSE
yield_2y,36,-0.007939738671113724,-0.009756683633921234,2.3676502810308678e-4,-0.015206657213306286,0.0037767341923338645,-1,FALSE,FALSE
yield_2y,37,-0.007977889653357094,-0.009614524853194348,2.0332839779712954e-4,-0.015353737302313463,0.0035837127592188963,-1,FALSE,FALSE
yield_2y,38,-0.00796830937318736,-0.00949847756994417,9.959423823724228e-6,-0.014956844333880167,0.003345395118411846,-1,FALSE,FALSE
yield_2y,39,-0.007912444920411734,-0.009424609979976649,-3.5840947284672764e-5,-0.014933007554602865,0.0032132299101758255,-1,TRUE,FALSE
yield_2y,40,-0.00781273964300669,-0.009221161994509956,-1.7491837224560124e-4,-0.015080581365024269,0.002976110014433218,-1,TRUE,FALSE
yield_2y,41,-0.00767159091689568,-0.009078749659088925,-2.99037933166258e-4,-0.014857968710148878,0.0028980993369478064,-1,TRUE,FALSE
yield_2y,42,-0.007491678410842582,-0.00910953634362737,-2.73539733574768e-4,-0.015318749276099377,0.0028887407063893813,-1,TRUE,FALSE
yield_2y,43,-0.00727606471954596,-0.009050239142711226,-3.1918493132164136e-4,-0.01531920347885959,0.0031426142853256817,-1,TRUE,FALSE
yield_2y,44,-0.007027882435148476,-0.008977845872707634,-2.9728555942542764e-4,-0.014982802448849081,0.003197881749107393,-1,TRUE,FALSE
yield_2y,45,-0.006750483056239783,-0.008854577406627873,-2.0718007881512368e-4,-0.014710097242489168,0.0032708215315059314,-1,TRUE,FALSE
yield_2y,46,-0.006447157529517195,-0.008541904168520933,-8.75651417192357e-5,-0.014515022917277328,0.0034879154702932226,-1,TRUE,FALSE
yield_2y,47,-0.006121293550775754,-0.008233426671701863,8.715497766841709e-5,-0.014038774157770854,0.0035674882079975304,-1,FALSE,FALSE
yield_2y,48,-0.005776377596319854,-0.008111657212372201,2.5594881325470206e-4,-0.013985654924688904,0.0038356432124442503,-1,FALSE,FALSE
yield_5y,0,0.007761146417650836,0.00662978906868143,0.00961863828886147,0.005791380241629147,0.011133524322541565,1,TRUE,TRUE
yield_5y,1,0.009281533147773075,0.007346490825924139,0.011355602685517288,0.006098954526537796,0.012997755454999026,1,TRUE,TRUE
yield_5y,2,0.009152363127643023,0.006481861017913675,0.011013510281440785,0.005145286991328464,0.012889421937481028,1,TRUE,TRUE
yield_5y,3,0.010981398692950846,0.007595901003634461,0.012802962385031988,0.006012145277497118,0.014975770228668792,1,TRUE,TRUE
yield_5y,4,0.01039935967931192,0.006566872548325796,0.012033755205997731,0.00490818848872084,0.014142364283461977,1,TRUE,TRUE
yield_5y,5,0.009699826514480205,0.005761890251161178,0.011382337952414476,0.003965356174200036,0.013719668415330302,1,TRUE,TRUE
yield_5y,6,0.009413875046793764,0.0056552369333380155,0.011710371808084204,0.003637109550927595,0.013767811575635511,1,TRUE,TRUE
yield_5y,7,0.008456160250374378,0.0047193177980405805,0.011286616559376246,0.0027544658812201886,0.01373818657242497,1,TRUE,TRUE
yield_5y,8,0.007534049846377974,0.0037781064677988785,0.010757203062083822,0.0015490476040408445,0.013330547216123636,1,TRUE,TRUE
yield_5y,9,0.00656646615450096,0.003125580808268429,0.010387787100155924,7.702566987192082e-4,0.013191746363591527,1,TRUE,TRUE
yield_5y,10,0.005649693046771941,0.002427640997402651,0.00992017203196003,3.357449170640792e-5,0.0131101994233103,1,TRUE,TRUE
yield_5y,11,0.004779797667546939,0.0017598409807655859,0.009633701451040578,-7.204254845306983e-4,0.012744084973504018,1,TRUE,FALSE
yield_5y,12,0.0037397679098337467,0.0010559517461869554,0.0091108160951529,-0.001582372616927403,0.012637371026213496,1,TRUE,FALSE
yield_5y,13,0.0029102749674581032,5.082911122411852e-4,0.008720513120175452,-0.002162452907943824,0.012293962644579194,1,TRUE,FALSE
yield_5y,14,0.002107579937755959,-8.172621201721358e-5,0.008131885527739953,-0.0028510270993895386,0.011981273621313855,1,FALSE,FALSE
yield_5y,15,0.0013577622396075165,-6.592546915701751e-4,0.007559334341583065,-0.003302949282174645,0.011727548673643635,1,FALSE,FALSE
yield_5y,16,7.039315109627663e-4,-0.0012260136788851744,0.00726089605625423,-0.003870036887973355,0.011460776290342518,1,FALSE,FALSE
yield_5y,17,-1.0231921829929507e-5,-0.0018725155550401718,0.006892231136608031,-0.004578622649537526,0.010992050174604372,-1,FALSE,FALSE
yield_5y,18,-6.505990811224263e-4,-0.0023717417589744073,0.006482607474146034,-0.005268083600743501,0.010426186587324141,-1,FALSE,FALSE
yield_5y,19,-0.0012482609686738303,-0.0029215199933628113,0.0061679102722679464,-0.005885428561154172,0.010081304188085876,-1,FALSE,FALSE
yield_5y,20,-0.0018391875964880848,-0.0035009846256589933,0.005755986542973376,-0.006557676623047873,0.009785921640447722,-1,FALSE,FALSE
yield_5y,21,-0.0023664927288269706,-0.003938225880697105,0.00533425808842284,-0.007167581597451228,0.009364023822188535,-1,FALSE,FALSE
yield_5y,22,-0.002880950558460066,-0.004284119022430688,0.004927332711432902,-0.007686965102840802,0.008880214815455012,-1,FALSE,FALSE
yield_5y,23,-0.003381398510320834,-0.0047814024629543464,0.004375567360251549,-0.008199385893293214,0.008385964112008181,-1,FALSE,FALSE
yield_5y,24,-0.0038468271413135712,-0.0052576229165060984,0.0038169784324194075,-0.00874586248584989,0.007882473696996833,-1,FALSE,FALSE
yield_5y,25,-0.004281687038603314,-0.005630605355426001,0.003437317741851716,-0.009380496069165996,0.007213480475391038,-1,FALSE,FALSE
yield_5y,26,-0.00467963261727645,-0.005965235404523782,0.0030333172017048384,-0.009734456518605399,0.006514595602344387,-1,FALSE,FALSE
yield_5y,27,-0.005045344492169947,-0.006402021850478371,0.0026485679953435204,-0.01005162752164963,0.005877450095749623,-1,FALSE,FALSE
yield_5y,28,-0.005374654256078967,-0.00687808814057129,0.002205835733765916,-0.010415554459671681,0.00554805037009184,-1,FALSE,FALSE
yield_5y,29,-0.005664006036263076,-0.007123081932456457,0.0018411863712222754,-0.01076871722775002,0.005021706949478959,-1,FALSE,FALSE
yield_5y,30,-0.005914901010121352,-0.007336703274638748,0.0014065097169095667,-0.010934515903032975,0.004578607050115599,-1,FALSE,FALSE
yield_5y,31,-0.006121845639518272,-0.007503149234285959,0.001151480974717271,-0.011262670629174708,0.004321478771006667,-1,FALSE,FALSE
yield_5y,32,-0.006286477248338703,-0.0076185644957412965,9.442641013958876e-4,-0.011466236660064494,0.004092104188120167,-1,FALSE,FALSE
yield_5y,33,-0.006409905626936417,-0.007903196296053256,5.851684313219447e-4,-0.011876344981373474,0.0037984789120083947,-1,FALSE,FALSE
yield_5y,34,-0.00649095258204438,-0.007979007871488029,2.6162530674362174e-4,-0.012016835457450876,0.003354631582784961,-1,FALSE,FALSE
yield_5y,35,-0.006531406129873123,-0.007971233353371097,1.3571275749955634e-4,-0.01230016249044178,0.003138202641951202,-1,FALSE,FALSE
yield_5y,36,-0.006531238953761182,-0.007822591192030399,3.687545110908835e-5,-0.012681075707086615,0.0030737719577456934,-1,FALSE,FALSE
yield_5y,37,-0.006492070386238525,-0.007727387089244597,-8.085247519287797e-5,-0.012652506471877933,0.003003609511762692,-1,TRUE,FALSE
yield_5y,38,-0.006416551115453184,-0.007576181184099487,-1.922628438164465e-4,-0.012631195774022988,0.002719900234065734,-1,TRUE,FALSE
yield_5y,39,-0.006306203338720713,-0.007647200284709872,-2.077387741004501e-4,-0.01291182428170136,0.002412344007304389,-1,TRUE,FALSE
yield_5y,40,-0.006163518324397014,-0.007600052229328887,-1.561083826279959e-4,-0.012869809945339483,0.0023395598941588582,-1,TRUE,FALSE
yield_5y,41,-0.00599096225868436,-0.00756826670994272,-1.2214463003056364e-4,-0.012567391955654324,0.0025744163607905467,-1,TRUE,FALSE
yield_5y,42,-0.005791022377217526,-0.00743011397358671,-1.427232093355477e-4,-0.012216622868716933,0.0025186098822688532,-1,TRUE,FALSE
yield_5y,43,-0.00556659178500136,-0.0073855122128233565,-4.273427770758979e-5,-0.012288167438188651,0.0025977518627847483,-1,TRUE,FALSE
yield_5y,44,-0.005320474592887343,-0.007172339795050481,-4.988802485864795e-5,-0.011983869885289369,0.0028993311039167695,-1,TRUE,FALSE
yield_5y,45,-0.005055596980833734,-0.007066430720199001,1.7995610175191596e-5,-0.011563850777469594,0.003126830528039629,-1,FALSE,FALSE
yield_5y,46,-0.004774770601532727,-0.0067704188945781,1.4216475542061556e-4,-0.01150413286705056,0.0032378227411151376,-1,FALSE,FALSE
yield_5y,47,-0.004480792523302807,-0.00662232695849585,2.8638786732925847e-4,-0.011285883027122566,0.003390319233703923,-1,FALSE,FALSE
yield_5y,48,-0.004176549019794015,-0.006549538583778125,5.156175514245541e-4,-0.011177984618039274,0.003702446742470998,-1,FALSE,FALSE
yield_10y,0,0.007030140892436749,0.005831771395165864,0.00882260564052049,0.00512645625474929,0.010251046322111173,1,TRUE,TRUE
yield_10y,1,0.008281410240275384,0.006358485334396388,0.010226714609897731,0.005257634542433045,0.011983912285357608,1,TRUE,TRUE
yield_10y,2,0.007961659864834056,0.005600372287135217,0.00976257227545966,0.004319160150635122,0.01147735279581193,1,TRUE,TRUE
yield_10y,3,0.009677405473538495,0.006588625234962613,0.01144353281969759,0.005165998071736891,0.013473756584459491,1,TRUE,TRUE
yield_10y,4,0.009202960647877869,0.0057341211746317206,0.010745074591628805,0.004325343446015447,0.01287066865919699,1,TRUE,TRUE
yield_10y,5,0.00859842315604664,0.005017890144901485,0.010300954658518883,0.0034533500923423846,0.01214512262322523,1,TRUE,TRUE
yield_10y,6,0.008326114659634782,0.004908746488024363,0.010474672132138561,0.003123234159764574,0.012222817560660607,1,TRUE,TRUE
yield_10y,7,0.007447475655692474,0.004075739481292066,0.009939983395709211,0.0022772680281833257,0.012157408064250122,1,TRUE,TRUE
yield_10y,8,0.006601719621846055,0.003189639330944034,0.009475285734701869,0.0012277169734373988,0.011685992012834703,1,TRUE,TRUE
yield_10y,9,0.005697363563826933,0.00256034574073254,0.009050360967208335,5.67718455609947e-4,0.011414747821234597,1,TRUE,TRUE
yield_10y,10,0.00486034622663702,0.0020124947912990355,0.008649307939686069,1.2844774425689516e-5,0.011393707852338354,1,TRUE,TRUE
yield_10y,11,0.0040746240520058,0.0013243883768578957,0.008231551657317624,-8.572763954139328e-4,0.010968467400524026,1,TRUE,FALSE
yield_10y,12,0.003114085979568646,6.781187959382543e-4,0.007804312622846796,-0.0014813180653741019,0.010953767917812735,1,TRUE,FALSE
yield_10y,13,0.0023580932729183623,3.019006581556407e-4,0.007322342645744952,-0.002043805077245389,0.010713204125167257,1,TRUE,FALSE
yield_10y,14,0.0016323192409455102,-2.4831035101285416e-4,0.006933733659976623,-0.0025267888811157297,0.010241860768154401,1,FALSE,FALSE
yield_10y,15,9.552805895415394e-4,-8.14566669307126e-4,0.006411799630633418,-0.002976968884786942,0.010092918505944248,1,FALSE,FALSE
yield_10y,16,3.742881416285133e-4,-0.0013765580133272791,0.006212079918135534,-0.0034944006054763947,0.009802754780415064,1,FALSE,FALSE
yield_10y,17,-2.5989035715440526e-4,-0.0018591335266372913,0.0057907317362618765,-0.004331952862787521,0.009287458085394731,-1,FALSE,FALSE
yield_10y,18,-8.232038674037784e-4,-0.002197335862780705,0.005403178337241161,-0.004853465183950242,0.00875524669468472,-1,FALSE,FALSE
yield_10y,19,-0.0013429820509028487,-0.0027920685701761884,0.005146835410714154,-0.005438386702881017,0.008584172925258956,-1,FALSE,FALSE
yield_10y,20,-0.00185499437100932,-0.0032210406209737543,0.004705979911456047,-0.006033943934615913,0.008257321748414825,-1,FALSE,FALSE
yield_10y,21,-0.0023060390640310983,-0.0035923771962415698,0.004276612021121201,-0.006490099502296191,0.00787133205152948,-1,FALSE,FALSE
yield_10y,22,-0.0027434470306133794,-0.003977367315016483,0.004016285701802787,-0.007012726076329033,0.00759181460053072,-1,FALSE,FALSE
yield_10y,23,-0.003166648322807231,-0.004329233069728396,0.0034889222911740256,-0.007409442392374807,0.007053795254103442,-1,FALSE,FALSE
yield_10y,24,-0.0035569402487912434,-0.004737637449900172,0.003089195753231403,-0.008002293390098133,0.006567442379424967,-1,FALSE,FALSE
yield_10y,25,-0.003918429338880672,-0.004996000507753771,0.0027079236737256184,-0.00844783492375625,0.00593891226786393,-1,FALSE,FALSE
yield_10y,26,-0.004245577239077816,-0.005316235883076904,0.0023584094586855367,-0.008748485061077477,0.00539350774521363,-1,FALSE,FALSE
yield_10y,27,-0.004543823757536592,-0.005713002635118179,0.0021028237968117452,-0.009100072449994272,0.0049174482175192305,-1,FALSE,FALSE
yield_10y,28,-0.004809344144602524,-0.00613417979157687,0.0018054173397984506,-0.009196881751713248,0.00451658445795221,-1,FALSE,FALSE
yield_10y,29,-0.005039024612195607,-0.006302844782123693,0.0014733060156934398,-0.009517860398818401,0.004151597294860514,-1,FALSE,FALSE
yield_10y,30,-0.005234943869017662,-0.006513522008409427,0.0011312455522804786,-0.009676698224564085,0.0037835893011412135,-1,FALSE,FALSE
yield_10y,31,-0.005392144664995099,-0.006574427484892646,8.533677991373331e-4,-0.009714403769746869,0.0035223252037835722,-1,FALSE,FALSE
yield_10y,32,-0.005512407686168845,-0.006706697227384106,6.016284646081548e-4,-0.009926948748099398,0.003355711111067266,-1,FALSE,FALSE
yield_10y,33,-0.005597109689499966,-0.006792135018529847,3.888653795504585e-4,-0.010173464749412903,0.003103510590011841,-1,FALSE,FALSE
yield_10y,34,-0.005645306654093331,-0.006779130795023331,1.9720174253273445e-4,-0.010715827152052,0.0028854447261029417,-1,FALSE,FALSE
yield_10y,35,-0.00565882635181849,-0.006680907422770086,1.1225527407901417e-4,-0.0106550827111073,0.0026115588171973458,-1,FALSE,FALSE
yield_10y,36,-0.00563776982970326,-0.006700791648951963,-6.861907616526612e-6,-0.011038177500511285,0.0026014840456799176,-1,TRUE,FALSE
yield_10y,37,-0.005583726519720074,-0.006605128921792789,-7.295308272671733e-5,-0.011184343079209668,0.002692310246255247,-1,TRUE,FALSE
yield_10y,38,-0.005499224747759155,-0.00654886742631096,-1.0178206089484741e-4,-0.01107541591222535,0.0022983631195515617,-1,TRUE,FALSE
yield_10y,39,-0.005385686565010994,-0.006566348984902402,-1.4115079566814543e-4,-0.0109789406087513,0.0020819515522688846,-1,TRUE,FALSE
yield_10y,40,-0.005245405879877234,-0.006487510456041883,-3.3976693669739475e-5,-0.0107063951982662,0.0021907217698078204,-1,TRUE,FALSE
yield_10y,41,-0.005080621016840493,-0.006545829022032399,-6.211130714909788e-5,-0.010579390651770347,0.0021197694706701336,-1,TRUE,FALSE
yield_10y,42,-0.004893568233136656,-0.006397016003684749,-3.5699553615564224e-5,-0.010565553686681353,0.002208789418111051,-1,TRUE,FALSE
yield_10y,43,-0.004686830893948478,-0.006256666143947308,-1.7613210925296142e-5,-0.010454960483949914,0.002351821603385946,-1,TRUE,FALSE
yield_10y,44,-0.004462880116088089,-0.006099108547571664,-2.63771570665486e-5,-0.01045857355618895,0.0025766449587061434,-1,TRUE,FALSE
yield_10y,45,-0.004224289320502021,-0.0060278609741790164,8.034691002142102e-5,-0.010283229617349636,0.0028540655461951284,-1,FALSE,FALSE
yield_10y,46,-0.003973500070686145,-0.005901365009866932,1.7660661635107797e-4,-0.01000683025593532,0.0028237983250735603,-1,FALSE,FALSE
yield_10y,47,-0.00371292192707359,-0.005708366199044414,3.349387725857658e-4,-0.009970226449499972,0.002983876302738385,-1,FALSE,FALSE
yield_10y,48,-0.0034450411622498852,-0.005606087467228427,5.636795086469462e-4,-0.00980921242502836,0.0031130287696918848,-1,FALSE,FALSE
juros_selic,0,0.23797113546443296,0.20042307450056818,0.31411378496995723,0.1592051134569625,0.35192464809033935,1,TRUE,TRUE
juros_selic,1,0.30989715345350904,0.2423047472541334,0.4092890877185099,0.1682745361740833,0.45318111307395476,1,TRUE,TRUE
juros_selic,2,0.4063450982452362,0.28844769279991817,0.5154655455254492,0.18820073539355894,0.5694843939838911,1,TRUE,TRUE
juros_selic,3,0.48811891165137594,0.32004580206216976,0.6165751168402162,0.19888245086681053,0.6945501298532448,1,TRUE,TRUE
juros_selic,4,0.48068732166874867,0.26736249093616654,0.6202247505495505,0.14289686380274824,0.7236836751836786,1,TRUE,TRUE
juros_selic,5,0.5122648545995728,0.27109685038591635,0.6667915340281463,0.1265193730152278,0.7994508747940676,1,TRUE,TRUE
juros_selic,6,0.5108846510204026,0.2600367636612889,0.7004295231348908,0.10411241761340691,0.8568279806808806,1,TRUE,TRUE
juros_selic,7,0.49735431256758184,0.22939597731660288,0.7215187031414556,0.07092703220951742,0.9074833010087742,1,TRUE,TRUE
juros_selic,8,0.4950118383760828,0.22151959009446573,0.7626142434664972,0.06640004010701153,0.9402010290459475,1,TRUE,TRUE
juros_selic,9,0.4686208978625402,0.20150589071443073,0.7684260506841647,0.05367427711290687,0.9548887107186069,1,TRUE,TRUE
juros_selic,10,0.455700421782783,0.20883844108843352,0.7915097365567147,0.029232952875734984,1.003966127163719,1,TRUE,TRUE
juros_selic,11,0.4377167017109004,0.2011116925425421,0.8050898523007096,0.011172801898120425,1.0249562023211425,1,TRUE,TRUE
juros_selic,12,0.41610782323648715,0.16948141014205467,0.8109183389977497,-0.016719540141942654,1.039550470741217,1,TRUE,FALSE
juros_selic,13,0.39871387486867726,0.1604551042881885,0.8227826746314402,-0.043640351142848116,1.043406656437161,1,TRUE,FALSE
juros_selic,14,0.37512320424049317,0.1392088069387808,0.8133027751532145,-0.07042697277262278,1.0482516132721946,1,TRUE,FALSE
juros_selic,15,0.35222713000507827,0.12043810495530109,0.8021173156121367,-0.0860622808917958,1.0778045933225457,1,TRUE,FALSE
juros_selic,16,0.32642941231974787,0.10082561909271685,0.7847868376358277,-0.10362608228886665,1.0713162381065413,1,TRUE,FALSE
juros_selic,17,0.2957646286505854,0.06757684770318259,0.7661222615351413,-0.15257086093674702,1.0694240923399274,1,TRUE,FALSE
juros_selic,18,0.26387149972655805,0.03334504139381076,0.7611657236604797,-0.21082568433626522,1.076776645119242,1,TRUE,FALSE
juros_selic,19,0.22751002628311173,-0.00229332261978682,0.7443442874229451,-0.2641548842515431,1.0626985761289942,1,FALSE,FALSE
juros_selic,20,0.18923019534416824,-0.04063000090253656,0.7254101599739973,-0.3008736917500009,1.0472573112677386,1,FALSE,FALSE
juros_selic,21,0.14949852328075727,-0.08077841473802175,0.6937361555709614,-0.34006671486221113,1.0202607371135621,1,FALSE,FALSE
juros_selic,22,0.107339295634594,-0.13243274822727275,0.6600723388081802,-0.36503780996436863,0.9943054833141982,1,FALSE,FALSE
juros_selic,23,0.06439119476836812,-0.178999681081155,0.6229569096312623,-0.40697619444713556,0.9448854430958189,1,FALSE,FALSE
juros_selic,24,0.020386564941827973,-0.22157501304833888,0.5823579793828039,-0.46407278222187354,0.8945812686039673,1,FALSE,FALSE
juros_selic,25,-0.024016411429201967,-0.2582367936676595,0.5281063840754349,-0.5203318413264291,0.8640716642757192,-1,FALSE,FALSE
juros_selic,26,-0.06799508930662027,-0.3096175529938635,0.48224175438297545,-0.5909600055147934,0.8382302517359996,-1,FALSE,FALSE
juros_selic,27,-0.11154529224667563,-0.3572897197788148,0.4383758750032528,-0.6163744720649579,0.7715314639859502,-1,FALSE,FALSE
juros_selic,28,-0.1539421347599457,-0.40466356939859077,0.3976525288118221,-0.6555164730012786,0.7308318788065872,-1,FALSE,FALSE
juros_selic,29,-0.19493395101461705,-0.43866503740282015,0.363516450621266,-0.6746772667707299,0.6856221899538122,-1,FALSE,FALSE
juros_selic,30,-0.23418979982390883,-0.46789604391443973,0.3109956244542575,-0.7321517942983798,0.6289217326578382,-1,FALSE,FALSE
juros_selic,31,-0.27124157498870954,-0.4967529400868955,0.26460822607924406,-0.796050341509014,0.592177529173718,-1,FALSE,FALSE
juros_selic,32,-0.30592352127480227,-0.5233802182360664,0.2200824417773422,-0.841535663799804,0.5290143011060368,-1,FALSE,FALSE
juros_selic,33,-0.3379318584274039,-0.5560668980529778,0.18224146113986606,-0.8886999395893661,0.4750642419732026,-1,FALSE,FALSE
juros_selic,34,-0.3670785732946499,-0.5767008790427037,0.14166454358541408,-0.8955026809975458,0.43965453152034006,-1,FALSE,FALSE
juros_selic,35,-0.3932236602083199,-0.6080348184432413,0.11219332916967303,-0.9084869251467605,0.4157487281302304,-1,FALSE,FALSE
juros_selic,36,-0.4161820037927751,-0.622589399763493,0.09196785486427345,-0.9316115524135455,0.3788906608749824,-1,FALSE,FALSE
juros_selic,37,-0.43589184414583304,-0.6329523112913261,0.05930333807184013,-0.9757165128039934,0.3386802280254478,-1,FALSE,FALSE
juros_selic,38,-0.4522837965096377,-0.6504967723769929,0.040451509401877646,-1.0171519994762497,0.3161727145417564,-1,FALSE,FALSE
juros_selic,39,-0.4653281123689642,-0.6669752907392761,0.02480955461711772,-1.0192294786158538,0.28102757515855853,-1,FALSE,FALSE
juros_selic,40,-0.4750509729513793,-0.6711215083876808,0.003171252853015059,-1.019869537234182,0.25834123974286166,-1,FALSE,FALSE
juros_selic,41,-0.48147807573043083,-0.6666842638210058,-0.009081019855172139,-1.0413767415553916,0.2365597085906865,-1,TRUE,FALSE
juros_selic,42,-0.48468281549848286,-0.6675761848076683,-0.02547854149419866,-1.0259885226178191,0.21399928226291678,-1,TRUE,FALSE
juros_selic,43,-0.4847618221579931,-0.6747234423105515,-0.03932822054217162,-1.033926618480441,0.2062181574007083,-1,TRUE,FALSE
juros_selic,44,-0.4818319429185092,-0.660628315269159,-0.03825945746300644,-1.0243854386773454,0.19986074207077661,-1,TRUE,FALSE
juros_selic,45,-0.47604062902009114,-0.657458415986491,-0.046228439314248665,-1.0139291794598375,0.18526418244413878,-1,TRUE,FALSE
juros_selic,46,-0.46754603812227075,-0.6520311407227886,-0.04579229337224474,-1.0213399265485716,0.181954808857954,-1,TRUE,FALSE
juros_selic,47,-0.45652658277145175,-0.6561475981073446,-0.04485278231559677,-0.9943934854274693,0.17344659866166243,-1,TRUE,FALSE
juros_selic,48,-0.44317557845818806,-0.6489682273363423,-0.04326312219931997,-0.99268273458227,0.20143224317743916,-1,TRUE,FALSE
asset_ibov,0,-1.7226766564462794,-5.042048896776712,-0.6326662923472044,-6.909569370107163,0.7746864489614053,-1,TRUE,FALSE
asset_ibov,1,-1.5051304991343155,-3.509402536914231,0.20761923750617872,-4.710686844963002,1.4130657921783356,-1,FALSE,FALSE
asset_ibov,2,0.9203767224156315,-1.1080077181355645,3.112631366633935,-2.5761180015220466,4.480588557569739,1,FALSE,FALSE
asset_ibov,3,-0.8103568778510314,-2.5364441157744926,1.6722676431317227,-3.7637802633408226,3.135601112988636,-1,FALSE,FALSE
asset_ibov,4,-0.13943383400093973,-1.8692740307206046,2.282192438987114,-3.1639579253801045,3.9013886010317367,-1,FALSE,FALSE
asset_ibov,5,1.1598819670014393,-0.6361705408417775,3.201054225402335,-1.8428730766980908,4.627908559680203,1,FALSE,FALSE
asset_ibov,6,1.1848868120784808,-0.6464393900974974,3.0220302667046774,-1.8829014672210622,4.428850882521043,1,FALSE,FALSE
asset_ibov,7,1.7574376997263224,-0.20283600276118463,3.4142139428889973,-1.5232862024705336,4.826615983963074,1,FALSE,FALSE
asset_ibov,8,2.007212669528503,0.3122719272545033,3.7098156066154515,-0.9354917605725709,5.032035046825862,1,TRUE,FALSE
asset_ibov,9,1.7602878479276207,-0.0056976118720619365,3.3243053116186814,-1.3662074385797902,4.832291831934313,1,FALSE,FALSE
asset_ibov,10,1.9561927335591878,0.058516419070266376,3.506707661996864,-1.219967011584596,5.090999164805509,1,TRUE,FALSE
asset_ibov,11,1.7930159208376435,-0.10367656534030259,3.4905468343866124,-1.3391236674986307,4.99013548289617,1,FALSE,FALSE
asset_ibov,12,1.8973108513686994,-0.0307939474028552,3.65232144937277,-1.3119339595197024,5.208414243598201,1,FALSE,FALSE
asset_ibov,13,1.6507306714784973,-0.2710854097963806,3.5830389811876895,-1.451802484622269,4.99413909571784,1,FALSE,FALSE
asset_ibov,14,1.336144134826764,-0.38599497151170215,3.4791556482620716,-1.5819168851490502,5.012861475684995,1,FALSE,FALSE
asset_ibov,15,1.2416819334419464,-0.4351266138781577,3.3547868678203034,-1.592616405551907,5.103382370146514,1,FALSE,FALSE
asset_ibov,16,0.9573221361126406,-0.727753645737773,3.3355124931674953,-1.8429365999838268,5.124953873140863,1,FALSE,FALSE
asset_ibov,17,0.8187981877282674,-0.7389581886611992,3.333287956762385,-1.9272959548073532,5.147357487873095,1,FALSE,FALSE
asset_ibov,18,0.6875647213734501,-0.7605141883439672,3.386342817103499,-2.0275568206363612,5.139122821497827,1,FALSE,FALSE
asset_ibov,19,0.4299599937700035,-0.9570535767032002,3.215486906080493,-2.202067861557087,5.099783153742701,1,FALSE,FALSE
asset_ibov,20,0.2605186313753189,-1.0505181401891979,3.114716515732452,-2.257810528740454,4.997445722386391,1,FALSE,FALSE
asset_ibov,21,0.06888603024773442,-1.1340785905431905,3.0783077283539604,-2.4062443868861427,4.838433561461742,1,FALSE,FALSE
asset_ibov,22,-0.12248979565492857,-1.1810935435410739,2.9647026992637646,-2.520474871993005,4.749853586044259,-1,FALSE,FALSE
asset_ibov,23,-0.28474198890793284,-1.2714879279339637,2.8516875152219168,-2.6187731476222234,4.666780753223155,-1,FALSE,FALSE
asset_ibov,24,-0.468857162752199,-1.4011930450015018,2.7287531935296547,-2.6696886139035585,4.58402316683755,-1,FALSE,FALSE
asset_ibov,25,-0.6465204115991824,-1.574704925462705,2.6500502525643794,-2.782834883356573,4.546610639005898,-1,FALSE,FALSE
asset_ibov,26,-0.8190856195003737,-1.71614375117053,2.5051515607301926,-2.881085612409981,4.540241677725742,-1,FALSE,FALSE
asset_ibov,27,-0.9861772991085868,-1.8643885945568863,2.387625268602252,-3.0510350281380845,4.562997273749501,-1,FALSE,FALSE
asset_ibov,28,-1.14364499433145,-1.9104882335870776,2.2477091194807315,-3.310866229239848,4.464373112427963,-1,FALSE,FALSE
asset_ibov,29,-1.3017380972025547,-2.040419260254864,2.1191601922749506,-3.411590522172103,4.294091711322786,-1,FALSE,FALSE
asset_ibov,30,-1.4504090700293704,-2.1245255778312226,2.0183570822255583,-3.587846961613774,4.112452643342351,-1,FALSE,FALSE
asset_ibov,31,-1.5929269361811345,-2.166271567837468,1.8794333582277565,-3.683700986351362,3.919337846919059,-1,FALSE,FALSE
asset_ibov,32,-1.7272264093507212,-2.3510515036296447,1.754928092187414,-3.8588818641852987,3.766828314738393,-1,FALSE,FALSE
asset_ibov,33,-1.8479297533921968,-2.4185022098615168,1.606388578938391,-3.98911648785458,3.579521900840528,-1,FALSE,FALSE
asset_ibov,34,-1.9603345337779126,-2.4914782550753944,1.531114699055578,-3.9601509353780155,3.4651810424129432,-1,FALSE,FALSE
asset_ibov,35,-2.0614023248321107,-2.5891445131710844,1.4238621740125625,-4.024979857987068,3.2916380629982043,-1,FALSE,FALSE
asset_ibov,36,-2.1498469461989,-2.643152325384625,1.2669055335262307,-4.145054750071281,3.071529814657339,-1,FALSE,FALSE
asset_ibov,37,-2.2267549695088023,-2.7214495867993063,1.1230931906451203,-4.2885946297512705,2.906259255451966,-1,FALSE,FALSE
asset_ibov,38,-2.2898021171045677,-2.7510327910565935,0.9729496282171209,-4.32144021728421,2.6905370055902247,-1,FALSE,FALSE
asset_ibov,39,-2.3397518844939302,-2.713402038366521,0.8741893434232219,-4.371117598457957,2.577419036302161,-1,FALSE,FALSE
asset_ibov,40,-2.376790034374769,-2.7614608547424475,0.7885526572847029,-4.39931708937973,2.58325192749105,-1,FALSE,FALSE
asset_ibov,41,-2.4004637964928155,-2.7596436428994235,0.7135873219481118,-4.454855366776316,2.5018276695906807,-1,FALSE,FALSE
asset_ibov,42,-2.4112153848642137,-2.7574069660747034,0.6216386157922644,-4.468105741971426,2.4733562546104424,-1,FALSE,FALSE
asset_ibov,43,-2.4089684127721935,-2.754300989077697,0.5753046296820136,-4.450036617315916,2.3370882792079253,-1,FALSE,FALSE
asset_ibov,44,-2.394217254525075,-2.7182344338667925,0.5203461661170738,-4.483921325208588,2.210528170599634,-1,FALSE,FALSE
asset_ibov,45,-2.3675230873201767,-2.709943671726478,0.44035030395260166,-4.430661128416929,2.0843750802013203,-1,FALSE,FALSE
asset_ibov,46,-2.3293756308248543,-2.6685014331685357,0.40052568796101234,-4.352665167237917,2.003854301987611,-1,FALSE,FALSE
asset_ibov,47,-2.2805214644026632,-2.649784541328281,0.39559586023072,-4.333034879468547,1.8383505101933655,-1,FALSE,FALSE
asset_ibov,48,-2.221528491814801,-2.6153692073012085,0.3510364803513359,-4.331322907570177,1.9003827077056368,-1,FALSE,FALSE
asset_smll,0,-2.6109508059906634,-6.07890644817894,-1.3831609541934595,-7.97640081905022,0.13280697174202832,-1,TRUE,FALSE
asset_smll,1,-2.468586316034977,-4.3940627571723505,-0.5393374060541406,-5.7982399388487025,0.703881326823187,-1,TRUE,FALSE
asset_smll,2,0.04246206062187255,-2.0640775862547054,2.50617565336761,-3.653346748901814,3.7432859284835827,1,FALSE,FALSE
asset_smll,3,-1.8469691486435296,-3.525012307561544,0.7852603206029403,-4.877108703547611,2.4216078651635926,-1,FALSE,FALSE
asset_smll,4,-1.0164698035340496,-2.7344998851799476,1.7117005677284571,-4.01840571400783,3.4361452053699466,-1,FALSE,FALSE
asset_smll,5,0.5200874927839181,-1.2005347284914725,2.876269480118852,-2.6682099489666093,4.265853437948965,1,FALSE,FALSE
asset_smll,6,0.539771003335793,-1.4120139690024962,2.7327713792180788,-2.765817214305025,4.023046485706423,1,FALSE,FALSE
asset_smll,7,1.268665666954505,-0.77230193878698,3.2573992961284843,-2.1661063603967823,4.56514238774683,1,FALSE,FALSE
asset_smll,8,1.622420663299768,-0.2180723237081471,3.573202904507497,-1.5952416448268292,4.952977080281013,1,FALSE,FALSE
asset_smll,9,1.3882431325704643,-0.5074760542506893,3.0316251611138307,-1.8688972319781332,4.613656181221846,1,FALSE,FALSE
asset_smll,10,1.6866252643645643,-0.3639805675377777,3.207947804811647,-1.7096282122230235,5.06826717711635,1,FALSE,FALSE
asset_smll,11,1.5707771371755255,-0.4165986040729621,3.2845288135736386,-1.790730657809544,5.0784554303251905,1,FALSE,FALSE
asset_smll,12,1.733134580121318,-0.266770207005058,3.459677253397946,-1.5733530059997871,5.216264615609496,1,FALSE,FALSE
asset_smll,13,1.5490910340810133,-0.4888928392925149,3.4149890764537307,-1.667616754198038,5.010035954268828,1,FALSE,FALSE
asset_smll,14,1.2541770346068062,-0.6710047066348541,3.3331770913341816,-1.8392295351573735,5.050476018584801,1,FALSE,FALSE
asset_smll,15,1.1879869817078064,-0.6353692148925496,3.3181506239425094,-1.9099505744616294,5.126897975749831,1,FALSE,FALSE
asset_smll,16,0.9238953069432043,-0.885819785734602,3.169871709329405,-2.2067348111190412,5.09446075251589,1,FALSE,FALSE
asset_smll,17,0.8083889804987205,-0.9083505652474154,3.1561047287426653,-2.2420558020240158,5.108577783064886,1,FALSE,FALSE
asset_smll,18,0.7002902546221667,-0.8733256781642916,3.1503806914445596,-2.2022837389017567,5.214988308289576,1,FALSE,FALSE
asset_smll,19,0.45855978911427336,-1.0286096356133152,3.0775187106326793,-2.3878085746221123,5.104155903364289,1,FALSE,FALSE
asset_smll,20,0.3084968971023736,-1.0901960860177615,3.0095294224606084,-2.4339083762597444,5.2632115073007,1,FALSE,FALSE
asset_smll,21,0.1315822751945633,-1.2174262202307935,2.930832808381281,-2.4993244682422553,5.224245305037483,1,FALSE,FALSE
asset_smll,22,-0.0446739010963583,-1.2537626471498258,2.8108321861509302,-2.5365854953888665,5.2470329148281545,-1,FALSE,FALSE
asset_smll,23,-0.18828106766602573,-1.2874324304814917,2.813213646411039,-2.651430842290184,5.2782374055188495,-1,FALSE,FALSE
asset_smll,24,-0.3574510675028189,-1.3758046170280962,2.7411371146861994,-2.802887744671009,5.194926963008639,-1,FALSE,FALSE
asset_smll,25,-0.5203842509465476,-1.4569054941400617,2.6340311579636007,-2.9185512200845327,5.0309701888942,-1,FALSE,FALSE
asset_smll,26,-0.6790397774819302,-1.5821086132295645,2.6005751129798647,-2.909147985547971,4.883871193564037,-1,FALSE,FALSE
asset_smll,27,-0.8340487588710875,-1.6755833315824356,2.532827702815044,-3.0020113496534577,4.6679812421414555,-1,FALSE,FALSE
asset_smll,28,-0.9796450440087274,-1.8281917525253768,2.3542189903871527,-3.0954719114712894,4.674915722946505,-1,FALSE,FALSE
asset_smll,29,-1.1276852851098942,-1.9095454056100505,2.249136924256756,-3.2714937171468486,4.60528957541638,-1,FALSE,FALSE
asset_smll,30,-1.2679303926293015,-2.0365360386096274,2.0885139321063857,-3.4398062545066352,4.440474750464601,-1,FALSE,FALSE
asset_smll,31,-1.403573448719463,-2.1080893173700743,1.9498207947809232,-3.564490584670367,4.424622482331719,-1,FALSE,FALSE
asset_smll,32,-1.532948563429091,-2.172065640759841,1.847514027809882,-3.628743985774623,4.190574614561758,-1,FALSE,FALSE
asset_smll,33,-1.6501641266216833,-2.286229127861434,1.7020083731000644,-3.758398264905072,3.9279651381723837,-1,FALSE,FALSE
asset_smll,34,-1.7607635478939045,-2.3406223907280754,1.5822986240802221,-3.7957830883701096,3.708320207003188,-1,FALSE,FALSE
asset_smll,35,-1.8616774523283894,-2.410099763876244,1.5063848466746699,-3.8849308198801813,3.4203038360626943,-1,FALSE,FALSE
asset_smll,36,-1.9515230081299355,-2.491616612478047,1.3765891335555709,-4.035256774901432,3.254302734381961,-1,FALSE,FALSE
asset_smll,37,-2.0313911202057917,-2.5482959601161492,1.3043978748176193,-4.1567321598622,3.076851494989638,-1,FALSE,FALSE
asset_smll,38,-2.0986779829347224,-2.5754150514318104,1.1830775125662525,-4.232940311188889,2.926698697145431,-1,FALSE,FALSE
asset_smll,39,-2.1541216001679,-2.5823492778025425,1.0745378472941982,-4.242231458587992,2.8136625997495504,-1,FALSE,FALSE
asset_smll,40,-2.197813284591135,-2.569126911558521,0.9325274456719671,-4.294045857229075,2.6744340850364745,-1,FALSE,FALSE
asset_smll,41,-2.229124886853468,-2.6211552264379905,0.8293514893418947,-4.271389868047883,2.454075005195423,-1,FALSE,FALSE
asset_smll,42,-2.2484349796762704,-2.6520867174506706,0.8092984065962996,-4.305802017645495,2.382264210598659,-1,FALSE,FALSE
asset_smll,43,-2.2555016639864665,-2.59789039957979,0.6934602647435315,-4.273696384100448,2.3048324379193303,-1,FALSE,FALSE
asset_smll,44,-2.2506825845938168,-2.534101109750782,0.6304466703463107,-4.2839338573625545,2.2517458031168753,-1,FALSE,FALSE
asset_smll,45,-2.2344350950110217,-2.497716022840809,0.5519227301735425,-4.243409388703558,2.1493304756438545,-1,FALSE,FALSE
asset_smll,46,-2.2071181557188937,-2.517898989856046,0.4896241038617628,-4.1397027640163815,2.0693877864502923,-1,FALSE,FALSE
asset_smll,47,-2.1693749661464805,-2.4970921642428734,0.4570507776830215,-4.069772904233765,1.9807514381309081,-1,FALSE,FALSE
asset_smll,48,-2.1216556231702555,-2.5135826631116527,0.37665276166903255,-4.03436859106576,1.8929876848476646,-1,FALSE,FALSE
asset_idiv,0,-2.039189774984028,-5.554537523044308,-1.0283546424073124,-7.424540368525498,0.27633239436633134,-1,TRUE,FALSE
asset_idiv,1,-1.6751953271441349,-3.844931705067645,-0.11495010070963446,-5.015219530056056,1.081500468985764,-1,TRUE,FALSE
asset_idiv,2,0.8344238451280402,-1.3814592524520664,2.698844942688845,-3.0544694985244054,4.121398322738568,1,FALSE,FALSE
asset_idiv,3,-0.8981521612344082,-2.8078817092065522,1.4137229207698367,-4.124807812984288,2.6422647631870597,-1,FALSE,FALSE
asset_idiv,4,-0.2772545617064842,-2.1081257533363216,2.0389183071102677,-3.509900888281979,3.3937915808193675,-1,FALSE,FALSE
asset_idiv,5,0.9810161372135766,-0.8764008076830951,3.034055379178492,-2.0940466933086794,4.436689648102627,1,FALSE,FALSE
asset_idiv,6,1.0096030601334156,-0.9011700230148656,2.9265360268376,-2.3239571340365526,4.1931729497526895,1,FALSE,FALSE
asset_idiv,7,1.6300845742211416,-0.34789492173586467,3.3785472361631923,-1.846418749010775,4.693416322233228,1,FALSE,FALSE
asset_idiv,8,1.915797321116217,0.00389349394179297,3.73817668229204,-1.1773350580973094,5.131524708997234,1,TRUE,FALSE
asset_idiv,9,1.7232700359260844,-0.19333984119821884,3.397586128386062,-1.517260823681217,4.8873001329704655,1,FALSE,FALSE
asset_idiv,10,1.9586805054714065,-0.011608864580889142,3.610709231060179,-1.2583463139588713,5.270692618310147,1,FALSE,FALSE
asset_idiv,11,1.8198161181475867,-0.12251211118337978,3.6687807142617403,-1.3987158206923178,5.268867058188279,1,FALSE,FALSE
asset_idiv,12,1.956649353579083,0.0303059146531219,3.850891918545792,-1.2971382456849383,5.36835542824898,1,TRUE,FALSE
asset_idiv,13,1.7674704032356954,-0.07587333185315348,3.8310101168424175,-1.558336111164546,5.340218014792956,1,FALSE,FALSE
asset_idiv,14,1.478366851539581,-0.22758012724592075,3.802619406240599,-1.5628008111100125,5.381688529110783,1,FALSE,FALSE
asset_idiv,15,1.3933584778124783,-0.30207707757472396,3.743830314094676,-1.5448214644416718,5.4261166591249,1,FALSE,FALSE
asset_idiv,16,1.122918269522607,-0.5233775880725846,3.558567023476636,-1.741350988874493,5.42791326409096,1,FALSE,FALSE
asset_idiv,17,0.9826399788979925,-0.6478485078836242,3.5761192714397794,-1.7228501377966048,5.401803162404459,1,FALSE,FALSE
asset_idiv,18,0.8461101882097085,-0.5701113064134414,3.6268175917941132,-1.8679582895650826,5.367922866550934,1,FALSE,FALSE
asset_idiv,19,0.5869578314502624,-0.7963175880934319,3.497605043534345,-1.99985998104415,5.286461358092728,1,FALSE,FALSE
asset_idiv,20,0.4079422115844392,-0.8307051297652774,3.4466211281203805,-2.1760574295274613,5.159824747838329,1,FALSE,FALSE
asset_idiv,21,0.20334281369740037,-0.8953976474768685,3.2743846573958484,-2.290455873524436,5.118503244800478,1,FALSE,FALSE
asset_idiv,22,-0.0022251186945013574,-0.969088645284412,3.157618871417014,-2.404508595767369,5.059083645842151,-1,FALSE,FALSE
asset_idiv,23,-0.18045919048367257,-1.0644718759391323,3.073900128394456,-2.4785150891812204,5.01420956219642,-1,FALSE,FALSE
asset_idiv,24,-0.381131861332992,-1.2500403392483759,2.9882024682793578,-2.696304335902378,4.8408569568548465,-1,FALSE,FALSE
asset_idiv,25,-0.5765587212377259,-1.4077210622897998,2.829477434163608,-2.6772426284000272,4.885296938030151,-1,FALSE,FALSE
asset_idiv,26,-0.768230294528695,-1.5997030417609188,2.751849602332624,-2.7817086999252147,4.834131131438222,-1,FALSE,FALSE
asset_idiv,27,-0.9548699402785186,-1.7829041990720835,2.6134516258015252,-2.9229106435897525,4.7423126982794646,-1,FALSE,FALSE
asset_idiv,28,-1.13175649315511,-1.8492832704671427,2.4801813434277435,-3.0637820192558562,4.6898260956553175,-1,FALSE,FALSE
asset_idiv,29,-1.3091249245686218,-1.9744101071870022,2.2716414436153727,-3.340808318488634,4.5487419382791465,-1,FALSE,FALSE
asset_idiv,30,-1.4769067296990974,-2.1367011434365515,2.09893733914289,-3.5165184754741525,4.313821373125199,-1,FALSE,FALSE
asset_idiv,31,-1.637939666693475,-2.2531509619561807,1.9929371101351883,-3.8062569809719813,4.111124411080288,-1,FALSE,FALSE
asset_idiv,32,-1.790359395568265,-2.345237920342516,1.8446390797139938,-3.8921042852222714,3.8420943542633825,-1,FALSE,FALSE
asset_idiv,33,-1.9285487798286969,-2.430097203449954,1.6978175811695628,-4.061692380803553,3.6727774107110354,-1,FALSE,FALSE
asset_idiv,34,-2.0572847979424593,-2.556593045093457,1.5432177341040334,-4.153998430339888,3.4531614852696335,-1,FALSE,FALSE
asset_idiv,35,-2.173631795042481,-2.626386768470088,1.4521327866882352,-4.299796289793651,3.266626097037765,-1,FALSE,FALSE
asset_idiv,36,-2.2762501439322644,-2.730197513283813,1.3193191606191403,-4.417051370505236,3.0820416715817722,-1,FALSE,FALSE
asset_idiv,37,-2.3660139041351282,-2.7843437910442237,1.180974559789086,-4.44421462184584,2.951666960799768,-1,FALSE,FALSE
asset_idiv,38,-2.4405613933304555,-2.860575680305485,1.0155103905568432,-4.480226144021496,2.8192593214516055,-1,FALSE,FALSE
asset_idiv,39,-2.500562098105262,-2.884511787884125,0.8855644536975631,-4.458590957695065,2.6519857942824308,-1,FALSE,FALSE
asset_idiv,40,-2.5461363424180106,-2.902217800498876,0.7782147741097929,-4.525540984774273,2.5327020314585753,-1,FALSE,FALSE
asset_idiv,41,-2.576821656928718,-2.964914361895313,0.7201617288317531,-4.558872305019998,2.3885006258192334,-1,FALSE,FALSE
asset_idiv,42,-2.5930554946461077,-2.9704413235452116,0.6852972824318943,-4.62193823722287,2.275004913488729,-1,FALSE,FALSE
asset_idiv,43,-2.5947695792798724,-2.939737358456513,0.5748207818061961,-4.750417920991713,2.075502591292252,-1,FALSE,FALSE
asset_idiv,44,-2.5824660652265603,-2.9603432419248685,0.4942183569352891,-4.766703491781366,2.0403269891299467,-1,FALSE,FALSE
asset_idiv,45,-2.55673611046614,-2.8949815339804794,0.44499377989257216,-4.609969332519975,2.1292863540881237,-1,FALSE,FALSE
asset_idiv,46,-2.518121062902613,-2.891107683063905,0.41142691104675677,-4.690586856767009,1.8672410507651982,-1,FALSE,FALSE
asset_idiv,47,-2.4674332525438722,-2.833459292664933,0.35990963604068976,-4.672332734905626,1.9067636535482533,-1,FALSE,FALSE
asset_idiv,48,-2.4053168460829055,-2.815612074483131,0.35503386747012844,-4.663253490857561,1.8487478037975082,-1,FALSE,FALSE
asset_imob,0,-2.5572778537928356,-6.406769268371509,-1.1216228349372561,-8.58032918618872,0.5676979671181595,-1,TRUE,FALSE
asset_imob,1,-2.331997900691144,-4.533257489917085,-0.015018162649447506,-6.38876024757678,1.3037151339310828,-1,TRUE,FALSE
asset_imob,2,0.3749538335085118,-2.1486141486073422,3.1241606585747768,-3.8351267748719984,4.805040491483316,1,FALSE,FALSE
asset_imob,3,-1.6869354273151411,-3.556773051298449,1.557556322335242,-5.225777439192638,3.1934639165162015,-1,FALSE,FALSE
asset_imob,4,-0.7919798792578651,-2.8525008766615763,2.5075483281805813,-4.43904472292113,4.2112374962964365,-1,FALSE,FALSE
asset_imob,5,0.843797518802665,-1.1527067854067723,3.5901690781921918,-2.8400401612191715,5.36209663222952,1,FALSE,FALSE
asset_imob,6,0.8393676194422195,-1.377725769261842,3.30912237722206,-2.8699053903784373,5.102970141772186,1,FALSE,FALSE
asset_imob,7,1.597076282083183,-0.7554307295227761,4.008277039354307,-2.3582355947868603,5.655221903293317,1,FALSE,FALSE
asset_imob,8,1.9171719848461084,-0.22013606102636935,4.195607458687496,-1.8181961854285795,5.855285130866435,1,FALSE,FALSE
asset_imob,9,1.5956521293805104,-0.5056331855905781,3.7474305075768624,-2.2625055043232254,5.58106055043997,1,FALSE,FALSE
asset_imob,10,1.86732377398048,-0.5606187089288243,3.9148466454173794,-2.129430113950057,6.045643549138386,1,FALSE,FALSE
asset_imob,11,1.6784533495270708,-0.6073499358903459,3.783904768263878,-2.257813119368824,5.902751823210289,1,FALSE,FALSE
asset_imob,12,1.7920969661260122,-0.67510338553999,3.888873196908781,-1.9707590539781732,5.99705161366246,1,FALSE,FALSE
asset_imob,13,1.5330000713117375,-0.8039685362925261,3.7534380309269295,-2.232609981337707,6.0121025363485385,1,FALSE,FALSE
asset_imob,14,1.1542538002872615,-1.0044331918522587,3.593557954253823,-2.525688064620764,5.9486123129818,1,FALSE,FALSE
asset_imob,15,1.0370134136420903,-1.110935841797217,3.5486494429375934,-2.581286178070642,5.921763434899715,1,FALSE,FALSE
asset_imob,16,0.7096911733737604,-1.316731987850821,3.3692847933814107,-2.785233447457422,5.872426886811693,1,FALSE,FALSE
asset_imob,17,0.5490214457562657,-1.3650221308141026,3.3585398797270125,-2.8134564145806804,5.939149503489084,1,FALSE,FALSE
asset_imob,18,0.40528522205245204,-1.4242038027683286,3.3107958200958993,-2.8861775116413027,5.821881876732318,1,FALSE,FALSE
asset_imob,19,0.12058671176597371,-1.589608030198386,3.215973917909964,-3.0420364307951173,5.833562468886724,1,FALSE,FALSE
asset_imob,20,-0.05808204688504125,-1.6772404025224734,3.170051229973488,-3.0783492363569356,5.7726809160335515,-1,FALSE,FALSE
asset_imob,21,-0.2594554851931912,-1.7517726067293666,3.1369376689206416,-3.2481275007996038,5.7202724427294855,-1,FALSE,FALSE
asset_imob,22,-0.455827854102003,-1.9044400755384094,2.9796124606073695,-3.366478941276318,5.599840949620225,-1,FALSE,FALSE
asset_imob,23,-0.6129265515443023,-1.9337101339368614,2.99227377034431,-3.4463269745851113,5.491485307516976,-1,FALSE,FALSE
asset_imob,24,-0.794334713820708,-2.097647732593729,2.9412888318464523,-3.5895553449456283,5.484967043533997,-1,FALSE,FALSE
asset_imob,25,-0.9652972428186548,-2.1930712455672037,2.7986145213406464,-3.742767397454786,5.465715403017075,-1,FALSE,FALSE
asset_imob,26,-1.1284793441536383,-2.288073269321156,2.72631666494546,-3.805416206549907,5.283537857391452,-1,FALSE,FALSE
asset_imob,27,-1.2850648414409278,-2.377594953500837,2.6323271361248417,-3.9548208470338473,5.260201917758541,-1,FALSE,FALSE
asset_imob,28,-1.4289059900866408,-2.3939221281491787,2.4996377342021128,-4.055994102002698,5.18019325118382,-1,FALSE,FALSE
asset_imob,29,-1.5734351067298016,-2.4581362472585537,2.3802432334785086,-4.1695075761800355,5.02060420343015,-1,FALSE,FALSE
asset_imob,30,-1.7076655007006853,-2.542717707404096,2.243997603701577,-4.265343335837024,4.897515159913496,-1,FALSE,FALSE
asset_imob,31,-1.8352050017107189,-2.688774182123172,2.1240271031765774,-4.396381399581651,4.66638025648104,-1,FALSE,FALSE
asset_imob,32,-1.9545879154705823,-2.7589721542154066,2.0685082085280277,-4.477870349985386,4.477433508892418,-1,FALSE,FALSE
asset_imob,33,-2.059615644944455,-2.8242275307716347,1.8660045915424543,-4.548368618066918,4.240708147054641,-1,FALSE,FALSE
asset_imob,34,-2.156633904072286,-2.8697651603372156,1.7488446212477609,-4.753549668470906,4.070863934434301,-1,FALSE,FALSE
asset_imob,35,-2.242542007196958,-2.946599760948778,1.629644094592633,-4.8907027714563744,3.815771304295237,-1,FALSE,FALSE
asset_imob,36,-2.3160014604689945,-2.945323760712792,1.4580355366547582,-4.910904557940588,3.676583880988951,-1,FALSE,FALSE
asset_imob,37,-2.378464179110614,-2.9571365783969323,1.372892367268055,-4.978084540413851,3.3272537399045192,-1,FALSE,FALSE
asset_imob,38,-2.4273236680106867,-2.999759255003041,1.2919755628615606,-5.018451378182132,3.1995396570686307,-1,FALSE,FALSE
asset_imob,39,-2.463590717382629,-3.0352835629194805,1.1442681976461322,-5.137020602573719,3.0811584319105907,-1,FALSE,FALSE
asset_imob,40,-2.4875702148952126,-3.0013095520187845,1.043357387698383,-5.1963878697907155,2.9670771097676103,-1,FALSE,FALSE
asset_imob,41,-2.4987529721588437,-3.003879791829297,1.0176737410724004,-5.2312415259985645,2.8942922399855187,-1,FALSE,FALSE
asset_imob,42,-2.497714176007879,-2.9337768961838773,0.9198112505460435,-5.293891990707515,2.853682640295638,-1,FALSE,FALSE
asset_imob,43,-2.4843347764791517,-2.939796615338405,0.8687166056234688,-5.191391315981671,2.7481361848370307,-1,FALSE,FALSE
asset_imob,44,-2.4591389700688255,-2.922263361916709,0.7415905623020709,-5.153467322069444,2.546488139370797,-1,FALSE,FALSE
asset_imob,45,-2.42274070085765,-2.9383501733909303,0.6836668086907763,-5.156065486917589,2.474111358051657,-1,FALSE,FALSE
asset_imob,46,-2.375617981847205,-2.9078011123604983,0.6203090875254489,-5.1566780392402105,2.451976041061441,-1,FALSE,FALSE
asset_imob,47,-2.318545044729829,-2.827966788445884,0.5751610112453485,-5.048817847279567,2.3653200780572132,-1,FALSE,FALSE
asset_imob,48,-2.252068396514998,-2.7797545665414063,0.5689384629746503,-4.919689183950467,2.213978323159796,-1,FALSE,FALSE
asset_ifix,0,-1.3106028057962482,-2.440817573566631,-0.7834540071311789,-3.3311408639341926,-0.23435377852793784,-1,TRUE,TRUE
asset_ifix,1,-1.4256536996813025,-2.1091985743863164,-0.621704476881553,-2.809351464046001,-0.10780680698706098,-1,TRUE,TRUE
asset_ifix,2,-0.8170505851470734,-1.5823496453445431,0.15530367710738133,-2.0942995909954942,0.9106403430288955,-1,FALSE,FALSE
asset_ifix,3,-1.3059848857660752,-1.8669566826225394,-0.16066409540035861,-2.377357233977693,0.4224720974665239,-1,TRUE,FALSE
asset_ifix,4,-0.8666051530315099,-1.4536945428871406,0.27144499653879217,-1.9575668758714688,0.874400377508447,-1,FALSE,FALSE
asset_ifix,5,-0.1452136130332563,-0.7900996290867646,0.8812989605708772,-1.3288723887339322,1.448087117236524,-1,FALSE,FALSE
asset_ifix,6,-0.16324442222474028,-0.9221467901725291,0.7101808815411184,-1.354159643068793,1.2876765720774637,-1,FALSE,FALSE
asset_ifix,7,0.15788643034461797,-0.5679124411382948,0.9728468398333054,-1.1010951990353481,1.5192910753056343,1,FALSE,FALSE
asset_ifix,8,0.34164764886691945,-0.35587111037536134,1.1459345589406782,-0.9130100475636553,1.6563316934349608,1,FALSE,FALSE
asset_ifix,9,0.22719037829611968,-0.48170543461490184,0.9646406942875162,-1.015347271584512,1.456751467538897,1,FALSE,FALSE
asset_ifix,10,0.3869189760920787,-0.34644806843029685,1.0144029051559305,-0.8139688610662948,1.5178791576334243,1,FALSE,FALSE
asset_ifix,11,0.38686068033941645,-0.35440103041349263,1.0134114087386759,-0.8643222029837536,1.5876542029343057,1,FALSE,FALSE
asset_ifix,12,0.44075774912986565,-0.28444593604201973,1.0298369425911245,-0.836003471137395,1.6284705522806133,1,FALSE,FALSE
asset_ifix,13,0.4296841132988313,-0.29200883154626267,1.042393067110388,-0.8103360075179,1.6135339671338802,1,FALSE,FALSE
asset_ifix,14,0.3464018834597592,-0.31969866641073513,1.0366600498943792,-0.8848154285085053,1.615488108699832,1,FALSE,FALSE
asset_ifix,15,0.33404830047449113,-0.34862257452052864,1.0374593947416393,-0.900461023633655,1.666622460033981,1,FALSE,FALSE
asset_ifix,16,0.2691579448042091,-0.4119967577301489,1.0168890449325088,-0.9350160549924935,1.7034614717084093,1,FALSE,FALSE
asset_ifix,17,0.2424705248754272,-0.4367586987097394,1.0177201983346693,-1.0347974904708785,1.7432045402429328,1,FALSE,FALSE
asset_ifix,18,0.22131539337127853,-0.42314710311297066,1.0400586762548967,-0.9723776702303574,1.7435932137343813,1,FALSE,FALSE
asset_ifix,19,0.15818766275375185,-0.4705523726496652,1.0534512622850074,-0.981182223402087,1.7424806152741006,1,FALSE,FALSE
asset_ifix,20,0.12261271379639564,-0.47095209056282894,1.072636522521453,-0.9764834252676718,1.7270822949685738,1,FALSE,FALSE
asset_ifix,21,0.07760769367242573,-0.49036916599458,1.0545102697156667,-0.9372161549952825,1.718569414832065,1,FALSE,FALSE
asset_ifix,22,0.03275279630709478,-0.5169695959683578,1.0294503059029234,-0.985228736984778,1.7363384477423696,1,FALSE,FALSE
asset_ifix,23,0.0010102273045357057,-0.5177954991168683,1.016554739770165,-0.9998345405788288,1.7249775675264585,1,FALSE,FALSE
asset_ifix,24,-0.04105452864779413,-0.5464004104906608,1.0016424523635918,-1.043701373754107,1.706783511622446,-1,FALSE,FALSE
asset_ifix,25,-0.08082349563332432,-0.5561325876010227,0.9665068739356163,-1.0690535259140816,1.6934182466728296,-1,FALSE,FALSE
asset_ifix,26,-0.11870582674508282,-0.5761857681883462,0.9425086811426577,-1.1157777722717928,1.67974378608316,-1,FALSE,FALSE
asset_ifix,27,-0.1573919234408822,-0.615437839171357,0.9102689008647626,-1.1700408975272671,1.667238818014921,-1,FALSE,FALSE
asset_ifix,28,-0.19280757362440143,-0.6203106740518076,0.8833057763120394,-1.195632469905404,1.637400599864928,-1,FALSE,FALSE
asset_ifix,29,-0.22953940482092683,-0.6249335784722958,0.8414606730926693,-1.1813907767412608,1.5811908758550395,-1,FALSE,FALSE
asset_ifix,30,-0.2651983750328522,-0.630977064816363,0.7816643826727444,-1.1951989231508329,1.4730241035062885,-1,FALSE,FALSE
asset_ifix,31,-0.3000237657680577,-0.6468788727473621,0.7271103386267724,-1.214065211181003,1.4267686408174152,-1,FALSE,FALSE
asset_ifix,32,-0.3341487369406342,-0.6590177464843385,0.6819199012951451,-1.2324229866753462,1.3920958016305771,-1,FALSE,FALSE
asset_ifix,33,-0.3656027735602327,-0.681312753479846,0.6544589247410242,-1.2701839989577384,1.3383912090209202,-1,FALSE,FALSE
asset_ifix,34,-0.3960314629712853,-0.6991232447717861,0.6223212729413055,-1.3090670590112368,1.299864574126414,-1,FALSE,FALSE
asset_ifix,35,-0.42468268152629807,-0.7055412101979903,0.5614195418969766,-1.3119465274032698,1.2300730309319603,-1,FALSE,FALSE
asset_ifix,36,-0.4510297399918727,-0.7177715698811864,0.5202908956753582,-1.3232218037495065,1.1692292827259405,-1,FALSE,FALSE
asset_ifix,37,-0.47544329903156285,-0.7392045679348993,0.4750540693116659,-1.332622897224213,1.1129751902967626,-1,FALSE,FALSE
asset_ifix,38,-0.497026085164342,-0.7473040022969486,0.43773563136542526,-1.3470108243364973,1.062280011166652,-1,FALSE,FALSE
asset_ifix,39,-0.5159631493141221,-0.7460987813137875,0.39904602603330286,-1.3492579577454669,1.0146935007729725,-1,FALSE,FALSE
asset_ifix,40,-0.5322571991662115,-0.7515727264010079,0.3706211808773089,-1.3346445846293138,0.9718362568453203,-1,FALSE,FALSE
asset_ifix,41,-0.5455970171098645,-0.7675423734423301,0.321242937440117,-1.3367622791855174,0.9415904748613281,-1,FALSE,FALSE
asset_ifix,42,-0.5560804912096694,-0.7884428503847807,0.2780464665749277,-1.3416668044820512,0.9106759579397768,-1,FALSE,FALSE
asset_ifix,43,-0.5635402988166658,-0.7862607063882595,0.24002668833613583,-1.326828842543186,0.8524049509824942,-1,FALSE,FALSE
asset_ifix,44,-0.5679809646810035,-0.7822442918170338,0.21967936619133244,-1.2954003907329033,0.7981493100569793,-1,FALSE,FALSE
asset_ifix,45,-0.5694925966929021,-0.7998387791084812,0.21111987250600145,-1.256356204112029,0.7616142208708437,-1,FALSE,FALSE
asset_ifix,46,-0.5680896794800275,-0.7950604199395613,0.19328298471088462,-1.2531377423510552,0.7096043473703978,-1,FALSE,FALSE
asset_ifix,47,-0.5638899390774037,-0.8070274570686917,0.17035994266201268,-1.2407117772262668,0.6732526590037154,-1,FALSE,FALSE
asset_ifix,48,-0.5569581923094944,-0.8076102392240495,0.16111850185332774,-1.2053188265865606,0.6328259609874826,-1,FALSE,FALSE
asset_ifnc,0,-2.7006811170838465,-6.852507488313542,-1.373776767385109,-9.130975602806625,0.4168808205241485,-1,TRUE,FALSE
asset_ifnc,1,-2.2468985907726577,-4.89270650241394,-0.34706355446200127,-6.728765712060705,1.3139547571708512,-1,TRUE,FALSE
asset_ifnc,2,0.8662256234058944,-2.0000926939052617,3.1531974844667854,-3.989312657223759,4.905832634893449,1,FALSE,FALSE
asset_ifnc,3,-1.3079601460011878,-3.641116093611885,1.560010492222942,-5.420612310317777,3.070842122312352,-1,FALSE,FALSE
asset_ifnc,4,-0.5229993603190907,-2.8325486330258727,2.3604775767236568,-4.4731241939290065,4.265282485367439,-1,FALSE,FALSE
asset_ifnc,5,1.0565194881731266,-1.1967370466234748,3.6763132372595138,-2.8516911114242967,5.367948658933327,1,FALSE,FALSE
asset_ifnc,6,1.0901170746668738,-1.424814070635603,3.4997573074763033,-2.9324271282537384,5.049820380765278,1,FALSE,FALSE
asset_ifnc,7,1.8855696684383763,-0.6223148753934693,4.048440816857564,-2.352099655186446,5.839242940538666,1,FALSE,FALSE
asset_ifnc,8,2.255034909414112,-0.10727312937723463,4.4618046418949,-1.572666663579915,6.182412336320867,1,FALSE,FALSE
asset_ifnc,9,2.0247238437698942,-0.2838335060856865,4.144052834638458,-2.0583152287274333,5.897522655553072,1,FALSE,FALSE
asset_ifnc,10,2.3340928492761654,-0.012732547121960602,4.340709179501947,-1.799249971335073,6.490040921432898,1,FALSE,FALSE
asset_ifnc,11,2.1707463561566107,-0.15208115073405562,4.4119801819949425,-2.0241574203476893,6.421304427105432,1,FALSE,FALSE
asset_ifnc,12,2.3511458893306822,-0.012982660724804054,4.703633779993544,-1.736251268008962,6.561762190414568,1,FALSE,FALSE
asset_ifnc,13,2.1322439406694316,-0.20724883691697962,4.7653528110737975,-1.9645726995977852,6.471385005460913,1,FALSE,FALSE
asset_ifnc,14,1.7801629302171222,-0.3724361170147732,4.580179198592325,-2.100250434192516,6.593938633144903,1,FALSE,FALSE
asset_ifnc,15,1.6802451980413973,-0.4537189485882145,4.639453282445471,-2.0945254311621166,6.52387345643234,1,FALSE,FALSE
asset_ifnc,16,1.3511581612740289,-0.6958890196017413,4.42053005590482,-2.3245585889240354,6.670676329936567,1,FALSE,FALSE
asset_ifnc,17,1.182176807645069,-0.7933139627609316,4.411470314631791,-2.2070896370510087,6.840987754414606,1,FALSE,FALSE
asset_ifnc,18,1.0180587950143005,-0.8022137461475006,4.375127162693505,-2.3862973982297593,6.815526719163259,1,FALSE,FALSE
asset_ifnc,19,0.7025359847969029,-1.015920286847327,4.345315441599799,-2.4958943492678083,6.639593723725191,1,FALSE,FALSE
asset_ifnc,20,0.4861370672124886,-1.1167626995483928,4.257147071240975,-2.5487399833619206,6.707182416510811,1,FALSE,FALSE
asset_ifnc,21,0.2375430095719017,-1.2384190196197289,4.147175811511714,-2.7727443376863574,6.618229348590872,1,FALSE,FALSE
asset_ifnc,22,-0.011827191723516827,-1.3231176644022775,3.898408950975869,-2.9051460337629047,6.542951998268897,-1,FALSE,FALSE
asset_ifnc,23,-0.22681095090734035,-1.390639514787531,3.742536296743317,-2.950010912188645,6.305466904357441,-1,FALSE,FALSE
asset_ifnc,24,-0.4698251851439244,-1.5596648870297138,3.7250700014882705,-3.1419145493245595,6.246427965161078,-1,FALSE,FALSE
asset_ifnc,25,-0.7062794236826967,-1.7545275096126653,3.5258094470274344,-3.2554132730652956,6.1973898982974704,-1,FALSE,FALSE
asset_ifnc,26,-0.9382430714253672,-1.9172858114430644,3.4074371639527543,-3.4238117714330265,6.0010456747316105,-1,FALSE,FALSE
asset_ifnc,27,-1.1642034748031753,-2.1137692037371565,3.2674129417925717,-3.4617045605780254,5.768508635473238,-1,FALSE,FALSE
asset_ifnc,28,-1.3780990678821512,-2.2650524130320617,3.0862968529322212,-3.6173361509583066,5.796232562488606,-1,FALSE,FALSE
asset_ifnc,29,-1.592874522278008,-2.390398247502189,2.855985183756607,-4.0038349565419455,5.583293551736,-1,FALSE,FALSE
asset_ifnc,30,-1.7960998888138064,-2.460802612690772,2.6944907490775973,-4.377076570257638,5.471542231212384,-1,FALSE,FALSE
asset_ifnc,31,-1.9912745669219067,-2.5889089647426324,2.566868872514014,-4.567937965467471,5.236639071363374,-1,FALSE,FALSE
asset_ifnc,32,-2.1762176927613295,-2.748287870197746,2.2684281375251416,-4.643812636575362,5.0661140244480025,-1,FALSE,FALSE
asset_ifnc,33,-2.343925761648302,-2.897812285211744,2.13633240571527,-4.824265768768032,4.766374562855302,-1,FALSE,FALSE
asset_ifnc,34,-2.500311986190797,-3.0105215398152314,1.934965745892083,-4.955876077250055,4.497442753415501,-1,FALSE,FALSE
asset_ifnc,35,-2.6417859744931023,-3.1042389695846273,1.7576792258049079,-5.106897781942975,4.079496075674046,-1,FALSE,FALSE
asset_ifnc,36,-2.7667007717979746,-3.207967250463369,1.6073545866345342,-5.13553744153881,3.8422443697758046,-1,FALSE,FALSE
asset_ifnc,37,-2.8761327783554904,-3.2865932895330268,1.3965041823565578,-5.265343895614884,3.609310778767706,-1,FALSE,FALSE
asset_ifnc,38,-2.9671380041013915,-3.400386962473349,1.2699701947043545,-5.296339027782756,3.465859542218715,-1,FALSE,FALSE
asset_ifnc,39,-3.040543777661632,-3.4539676548464553,1.1393096945611312,-5.267910089977104,3.2448371462798433,-1,FALSE,FALSE
asset_ifnc,40,-3.0964859830723412,-3.51166569929326,0.9944735878906665,-5.326396984032398,3.0749817355077136,-1,FALSE,FALSE
asset_ifnc,41,-3.134373485475397,-3.5625720789393425,0.9288784421376047,-5.535345615658807,2.9031993833617733,-1,FALSE,FALSE
asset_ifnc,42,-3.1547387810495127,-3.5216694868479155,0.7683789023839858,-5.713413852161404,2.7767968877973024,-1,FALSE,FALSE
asset_ifnc,43,-3.157472226380815,-3.539848645315165,0.675011315253674,-5.62706550723031,2.7188434287550765,-1,FALSE,FALSE
asset_ifnc,44,-3.1431706835018813,-3.6657816877360156,0.5689951281539474,-5.714498450954219,2.645681744551895,-1,FALSE,FALSE
asset_ifnc,45,-3.1125443057274396,-3.6616220095534615,0.5108802285141045,-5.633272294465802,2.439107775375609,-1,FALSE,FALSE
asset_ifnc,46,-3.0662375623372076,-3.6113583220343624,0.4454419888037939,-5.626801677294074,2.3030377078718556,-1,FALSE,FALSE
asset_ifnc,47,-3.005232726210607,-3.56247815105471,0.39542137949862644,-5.411851055584697,2.287071529180857,-1,FALSE,FALSE
asset_ifnc,48,-2.9303007796227583,-3.5012437027928596,0.4040761715404777,-5.445025716491465,2.1683601250481237,-1,FALSE,FALSE
asset_imat,0,-0.06907334973422977,-2.596196362294664,0.8327640163315114,-4.079639376700926,2.0560050429716656,-1,FALSE,FALSE
asset_imat,1,0.20459467952160204,-1.1922601276004912,1.8011838861231093,-2.1541369576300906,3.1177823068826322,1,FALSE,FALSE
asset_imat,2,1.8595590804597675,0.23547111942855675,3.8952821305071206,-0.7502339966333822,5.305903850767642,1,TRUE,FALSE
asset_imat,3,0.5771738635002064,-0.7812804669950619,2.8623103079257874,-1.931215115636333,4.366999480431016,1,FALSE,FALSE
asset_imat,4,0.8605355431263468,-0.5461644414266997,3.066393204008298,-1.7648679127501377,4.507090367487274,1,FALSE,FALSE
asset_imat,5,1.4371718755387568,0.064610519631912125,3.4687748870978328,-0.9336225061328967,4.762665737557705,1,TRUE,FALSE
asset_imat,6,1.4408806940988728,-0.015590225333674075,3.266080804882818,-1.0249874252296303,4.489812247981937,1,FALSE,FALSE
asset_imat,7,1.640933861716163,0.10149317021136414,3.3339242772523505,-0.9413273959928382,4.736762078508962,1,TRUE,FALSE
asset_imat,8,1.6134876778071392,0.25884845559707353,3.302927630461599,-0.8191439151575286,4.595109571859641,1,TRUE,FALSE
asset_imat,9,1.368962348927318,-0.05644019563046854,2.976153852235779,-1.0199821129129358,4.344029802826186,1,FALSE,FALSE
asset_imat,10,1.3301445731938935,-0.15538386042595315,2.844632455686119,-1.0962762719882138,4.15366875896858,1,FALSE,FALSE
asset_imat,11,1.0853990796944863,-0.3343397947673497,2.609815351423422,-1.4432472923308537,4.077975927489085,1,FALSE,FALSE
asset_imat,12,1.0463753264236326,-0.33632282168364824,2.613387638096443,-1.3420751599468503,4.039801686855133,1,FALSE,FALSE
asset_imat,13,0.7162646406984423,-0.5951926960167099,2.3114341119612836,-1.5922137039424047,3.690923914183604,1,FALSE,FALSE
asset_imat,14,0.40783699988556066,-0.8486978189011937,2.1655048610035186,-1.7720491050455753,3.618285663395867,1,FALSE,FALSE
asset_imat,15,0.27461686614749203,-0.9005498183211555,2.093084625594147,-1.9740784258593196,3.637621737316406,1,FALSE,FALSE
asset_imat,16,0.01119015803264662,-1.1847171183971,1.9542629480174947,-2.1352289383681797,3.4305704614066475,1,FALSE,FALSE
asset_imat,17,-0.12709426092266668,-1.2979453291730247,1.8966741778828424,-2.2513304183083784,3.340591275981634,-1,FALSE,FALSE
asset_imat,18,-0.24856968756648093,-1.3906129667692675,1.8275156084357476,-2.4296924750871214,3.216579238610372,-1,FALSE,FALSE
asset_imat,19,-0.44845097931562605,-1.5540990505974932,1.7120209081805875,-2.6146633293494945,3.112275172410712,-1,FALSE,FALSE
asset_imat,20,-0.5736168807808676,-1.5939780864347963,1.6298033205240157,-2.78833730655151,3.039738185971781,-1,FALSE,FALSE
asset_imat,21,-0.7003053103348637,-1.7048839626671164,1.5352233984979415,-2.9130341902378256,2.969436974220628,-1,FALSE,FALSE
asset_imat,22,-0.8191137518779399,-1.7826210174898083,1.4689360618916598,-2.974142322417977,2.9259644069839306,-1,FALSE,FALSE
asset_imat,23,-0.914934652274921,-1.8076523567475695,1.4407862220196073,-3.0277001154641794,2.915749575056475,-1,FALSE,FALSE
asset_imat,24,-1.0171218266211364,-1.8700363505748478,1.3843710980497854,-3.061467047057522,2.952191991224201,-1,FALSE,FALSE
asset_imat,25,-1.109307132086589,-1.9231966708702437,1.3090615366650704,-3.165133856835988,2.90791243203279,-1,FALSE,FALSE
asset_imat,26,-1.1935030091724157,-1.930232564374469,1.2888590755937592,-3.160408940162889,2.8799543650256383,-1,FALSE,FALSE
asset_imat,27,-1.2682281623727303,-1.9935269508857336,1.2624097323374184,-3.261549589123463,2.848633416584228,-1,FALSE,FALSE
asset_imat,28,-1.3339552447636194,-2.0517457155048966,1.2013355066924873,-3.3067682215943326,2.7956293314473863,-1,FALSE,FALSE
asset_imat,29,-1.397360671196983,-2.121914964057301,1.1389007877603223,-3.405138842866621,2.705915079915854,-1,FALSE,FALSE
asset_imat,30,-1.451304026370808,-2.1821181337521978,1.0502805774308932,-3.547327040659752,2.6324964813031797,-1,FALSE,FALSE
asset_imat,31,-1.4993978677859143,-2.209707296493595,1.0050125447753064,-3.5311379276643797,2.6722505291662504,-1,FALSE,FALSE
asset_imat,32,-1.5399806787249959,-2.272705963667274,0.9768043005648936,-3.5565045408955425,2.6529538591327513,-1,FALSE,FALSE
asset_imat,33,-1.57021059112978,-2.3585747294859667,0.9180734976390845,-3.631189885025849,2.500182834925977,-1,FALSE,FALSE
asset_imat,34,-1.594563460626507,-2.337136268104244,0.847224486090143,-3.6258961643164085,2.3126684508828617,-1,FALSE,FALSE
asset_imat,35,-1.6111171998640068,-2.390819004787562,0.8009510243671935,-3.6554921905227324,2.1863391577432485,-1,FALSE,FALSE
asset_imat,36,-1.6194524776857806,-2.407265812866571,0.7594485000780808,-3.6096493483488867,2.196986458746483,-1,FALSE,FALSE
asset_imat,37,-1.6208024580618354,-2.4268909218560752,0.7793046461206052,-3.617576599465379,2.181445822107683,-1,FALSE,FALSE
asset_imat,38,-1.6140846349180171,-2.399201547611976,0.781580928149858,-3.6442393622677023,2.1853447312571883,-1,FALSE,FALSE
asset_imat,39,-1.6002187172238045,-2.4137569952283746,0.7509657877466515,-3.7095932006793246,2.119676751728683,-1,FALSE,FALSE
asset_imat,40,-1.5796793920181469,-2.3300182853566724,0.7282520245087432,-3.722940720728789,2.085318481848259,-1,FALSE,FALSE
asset_imat,41,-1.5525277286194386,-2.2939154544586113,0.7134273807149615,-3.625110784458156,2.0176897075752933,-1,FALSE,FALSE
asset_imat,42,-1.5192823980765091,-2.2420060606176033,0.7190013296944842,-3.5630306948362986,2.0216556051663814,-1,FALSE,FALSE
asset_imat,43,-1.480150292106244,-2.190616159285839,0.711794586191479,-3.587791489579566,1.917596443235431,-1,FALSE,FALSE
asset_imat,44,-1.4357122686514123,-2.143351245960402,0.7233129285312335,-3.525119089990003,1.873374353263983,-1,FALSE,FALSE
asset_imat,45,-1.3864838028266082,-2.0444905357637113,0.7254677804143985,-3.479473578735988,1.846994340049028,-1,FALSE,FALSE
asset_imat,46,-1.3329202308306656,-1.9793954762683024,0.7590149028636028,-3.392547840195025,1.879390424346996,-1,FALSE,FALSE
asset_imat,47,-1.2755960622489715,-1.9369875971268065,0.7626572711433484,-3.298103578344025,1.8594425639741217,-1,FALSE,FALSE
asset_imat,48,-1.2149228971581536,-1.87661616146092,0.7728511033446077,-3.1899654058233717,1.8425300162700005,-1,FALSE,FALSE
cambio_usd,0,0.15792806572512938,0.11225333888007297,0.20326394522190805,0.09206614428934642,0.24926766264258235,1,TRUE,TRUE
cambio_usd,1,0.17734547345183757,0.12425896640600317,0.2458430466570901,0.09336156321536633,0.3010389042216156,1,TRUE,TRUE
cambio_usd,2,0.16399195250991663,0.10228332173020718,0.23786963451999085,0.0640815504367677,0.29363635873892263,1,TRUE,TRUE
cambio_usd,3,0.17287933004527437,0.10125208119343634,0.2490206982491182,0.05851532562162624,0.30801304107062255,1,TRUE,TRUE
cambio_usd,4,0.15645815042845537,0.0739374507211667,0.2278898701472887,0.03311637233982347,0.28558569941156414,1,TRUE,TRUE
cambio_usd,5,0.12553294954587454,0.04595809750047598,0.19805835452903253,0.003230939003955787,0.2608989743303708,1,TRUE,TRUE
cambio_usd,6,0.12026950800417786,0.03586573041384235,0.2004305744274784,3.336280201674119e-4,0.2602200551068182,1,TRUE,TRUE
cambio_usd,7,0.09583072766214706,0.01155223006807202,0.18354737400309593,-0.030513649908732687,0.24076783464106988,1,TRUE,FALSE
cambio_usd,8,0.06951596892088183,-0.013266909518300663,0.15845616924586622,-0.05872362291064242,0.2211002320595788,1,FALSE,FALSE
cambio_usd,9,0.05181584196787033,-0.023828097965641434,0.1470631406670044,-0.07631373047123775,0.20463555984582749,1,FALSE,FALSE
cambio_usd,10,0.028456509386234556,-0.04692681677163566,0.12400633220298532,-0.09599228416099587,0.18133600004512596,1,FALSE,FALSE
cambio_usd,11,0.008466941255946799,-0.061559495890101464,0.10551420137657566,-0.11033514454522135,0.15896983181552485,1,FALSE,FALSE
cambio_usd,12,-0.012084214741584885,-0.0738393205551392,0.08616426837821446,-0.12367222604902631,0.14930603926020955,-1,FALSE,FALSE
cambio_usd,13,-0.03385129039925429,-0.0883419023418015,0.0693178313855093,-0.14387061088243683,0.1332573242352355,-1,FALSE,FALSE
cambio_usd,14,-0.049923251841340555,-0.10030591410393846,0.05530937741515807,-0.15680167210944423,0.11989937828565456,-1,FALSE,FALSE
cambio_usd,15,-0.0631168202452804,-0.10692549012951374,0.04455329695347931,-0.17403659682744738,0.10558899845819146,-1,FALSE,FALSE
cambio_usd,16,-0.07476885404379326,-0.11527458010782263,0.03494287118775749,-0.17914273356369084,0.09256537187311653,-1,FALSE,FALSE
cambio_usd,17,-0.08468044826073312,-0.12345407588286697,0.02343807389753477,-0.18981128898572258,0.08252652270979989,-1,FALSE,FALSE
cambio_usd,18,-0.0924465513994964,-0.12951936097521843,0.01879935311695845,-0.1890720219029606,0.07080290562917807,-1,FALSE,FALSE
cambio_usd,19,-0.09869640293702821,-0.13340141067384176,0.010774752142182426,-0.19180017286181522,0.06040137394979894,-1,FALSE,FALSE
cambio_usd,20,-0.10341635853836582,-0.13898459938065164,0.004639720078163577,-0.19542723566163203,0.053998655283855064,-1,FALSE,FALSE
cambio_usd,21,-0.10607790468241506,-0.13909964768646071,-0.0014114424384479012,-0.19875101775215673,0.045096623023026666,-1,TRUE,FALSE
cambio_usd,22,-0.10770495884800524,-0.1386635991097088,-0.0037123012777825043,-0.2050745385477092,0.04436854549225757,-1,TRUE,FALSE
cambio_usd,23,-0.10872293964268762,-0.14065880990639776,-0.004302054031107187,-0.20683622176988908,0.04160148019260871,-1,TRUE,FALSE
cambio_usd,24,-0.10854847763311791,-0.1410862598345847,-0.004466464259938861,-0.20028106301913,0.03916589060956811,-1,TRUE,FALSE
cambio_usd,25,-0.10745953100042865,-0.14079025485893112,-0.003142611647451636,-0.2029231651776069,0.03538876684124979,-1,TRUE,FALSE
cambio_usd,26,-0.10553667312719867,-0.14118407096611946,-0.004697447612861005,-0.20193375028181232,0.03665237416820712,-1,TRUE,FALSE
cambio_usd,27,-0.10280104828369023,-0.13830589934450715,-0.0038150832716483804,-0.19940649636087768,0.03616784716426727,-1,TRUE,FALSE
cambio_usd,28,-0.09948410732487739,-0.1361234044118982,-0.004284024587156809,-0.1962308859924633,0.037567394129434994,-1,TRUE,FALSE
cambio_usd,29,-0.09556549509277806,-0.13216786083524945,-4.8825571236288303e-4,-0.1912839179207504,0.03869745487646215,-1,TRUE,FALSE
cambio_usd,30,-0.09108426272062234,-0.13083913811999717,0.0021507001022828764,-0.19110702205577632,0.037088096706050094,-1,FALSE,FALSE
cambio_usd,31,-0.08611255970079508,-0.12772082552291583,0.005257839688728176,-0.18304861742902737,0.038771124030906164,-1,FALSE,FALSE
cambio_usd,32,-0.08067997058876585,-0.12534641437418054,0.0065088335304049755,-0.18807850900438355,0.04342436839316972,-1,FALSE,FALSE
cambio_usd,33,-0.07489148285038845,-0.11960042301193538,0.007354850539244553,-0.18455206043711475,0.05071732387364436,-1,FALSE,FALSE
cambio_usd,34,-0.06882371068507738,-0.11460336037715928,0.013441659433622745,-0.17673180428284155,0.05123829826713867,-1,FALSE,FALSE
cambio_usd,35,-0.06252804510636813,-0.10833809871411106,0.01737098394868814,-0.17512813890856468,0.05369873492929203,-1,FALSE,FALSE
cambio_usd,36,-0.0560563663312814,-0.1024638957376464,0.02047549264276609,-0.1665274942877055,0.060567939217547676,-1,FALSE,FALSE
cambio_usd,37,-0.049478247569845,-0.09573349726175152,0.02296099076366996,-0.1575036426978762,0.06641255420958041,-1,FALSE,FALSE
cambio_usd,38,-0.04287275984430954,-0.0917306874133854,0.02722701614601526,-0.15109307167914357,0.07292364697601585,-1,FALSE,FALSE
cambio_usd,39,-0.03629520182648206,-0.08601720649596095,0.030891005050962213,-0.14734597537897304,0.08406224629092714,-1,FALSE,FALSE
cambio_usd,40,-0.02980400935932797,-0.0819614940360242,0.03512417070099818,-0.1398690709705677,0.09027751380890113,-1,FALSE,FALSE
cambio_usd,41,-0.02345644392474461,-0.07793510005876302,0.039555222489500746,-0.1358537322413394,0.09528510988006711,-1,FALSE,FALSE
cambio_usd,42,-0.017295789989048446,-0.07360083314145506,0.04425523560155407,-0.12983974193022366,0.10145735725454672,-1,FALSE,FALSE
cambio_usd,43,-0.01136980686438807,-0.06991075653797393,0.051680220065923224,-0.12292493697164997,0.10460637654805237,-1,FALSE,FALSE
cambio_usd,44,-0.005721965558380857,-0.06510974358028994,0.05534349763654519,-0.11805674138120499,0.11477418517249244,-1,FALSE,FALSE
cambio_usd,45,-3.8656293440569487e-4,-0.063097206165059,0.05975567630381903,-0.11490629128949863,0.1215685563375417,-1,FALSE,FALSE
cambio_usd,46,0.004606713716007653,-0.05968469664086667,0.06261881423666842,-0.10687132372056277,0.12966290744826087,1,FALSE,FALSE
cambio_usd,47,0.00923441186777661,-0.0570234165575548,0.06782411588701744,-0.09964037041228921,0.130132852430114,1,FALSE,FALSE
cambio_usd,48,0.01347668797492672,-0.05289308237921802,0.07486754471291575,-0.09461029452833762,0.13286451364742136,1,FALSE,FALSE
cambio_eur,0,0.1399763353543882,0.09758560497871102,0.18795599779119376,0.07439048417716083,0.23621685141833798,1,TRUE,TRUE
cambio_eur,1,0.15628972332509347,0.10213259185121573,0.23225657024258603,0.07245859817835999,0.2849603872459119,1,TRUE,TRUE
cambio_eur,2,0.1352365361551345,0.07469113074090121,0.21801094482533337,0.03436811613873714,0.27442412152624474,1,TRUE,TRUE
cambio_eur,3,0.13734042942958435,0.06809552917979204,0.22659647694209453,0.021314433431491763,0.2914726755208515,1,TRUE,TRUE
cambio_eur,4,0.12042132985255853,0.04057786806321737,0.20797353098789745,-0.005304169934176647,0.2728295527644142,1,TRUE,FALSE
cambio_eur,5,0.0851926858681826,0.005734898886834061,0.1759721377537548,-0.04017830828626475,0.2453199409931622,1,TRUE,FALSE
cambio_eur,6,0.0797288171699733,-0.004597693786915125,0.18306982538461314,-0.04459538796998312,0.24409372916470645,1,FALSE,FALSE
cambio_eur,7,0.0561480805455562,-0.028943758912085595,0.1644174733793078,-0.0760027242685876,0.22271280145154806,1,FALSE,FALSE
cambio_eur,8,0.0292742065008446,-0.055829659937943796,0.1370602279108699,-0.1064694521037686,0.19569090421572613,1,FALSE,FALSE
cambio_eur,9,0.013492381078253846,-0.06964177658609068,0.12663602934841206,-0.12474541940720715,0.17969316903205998,1,FALSE,FALSE
cambio_eur,10,-0.009300708506483723,-0.09084606146704052,0.0967712090961474,-0.1510608859632439,0.15373217567182942,-1,FALSE,FALSE
cambio_eur,11,-0.028496083301059568,-0.1073054464500491,0.07784437335770264,-0.16802960462235267,0.1350980152360446,-1,FALSE,FALSE
cambio_eur,12,-0.04785872000207227,-0.12258636311444276,0.06199526877078202,-0.18145835093289228,0.11927384209593189,-1,FALSE,FALSE
cambio_eur,13,-0.06845508349982173,-0.13640548850171644,0.04174963052870153,-0.20099440742015784,0.09927665477640182,-1,FALSE,FALSE
cambio_eur,14,-0.08310018284965379,-0.15024059519259936,0.023948398068111828,-0.21184402771868677,0.08719339020714405,-1,FALSE,FALSE
cambio_eur,15,-0.09495359408114247,-0.15977968878852986,0.016644677288183647,-0.22117737627556358,0.06819464847149163,-1,FALSE,FALSE
cambio_eur,16,-0.10487211072039525,-0.1658700234721467,0.008469978110279316,-0.22693262581998022,0.053219513601434475,-1,FALSE,FALSE
cambio_eur,17,-0.11275609742406272,-0.17107387659494988,-0.0010623229130394202,-0.23513741110732717,0.04359091963340871,-1,TRUE,FALSE
cambio_eur,18,-0.11830358070947822,-0.17384886609750688,-0.00826353242051734,-0.23754469328698372,0.036827467753671295,-1,TRUE,FALSE
cambio_eur,19,-0.12182709362751991,-0.17761744521560574,-0.013177589533439478,-0.23960701719959532,0.03367567342645976,-1,TRUE,FALSE
cambio_eur,20,-0.12366943433150658,-0.1820207960286277,-0.016353704199886587,-0.24077849029885554,0.03118280357437321,-1,TRUE,FALSE
cambio_eur,21,-0.12326480987960822,-0.18119285150126574,-0.019287060292497507,-0.2362983652066347,0.026462948192050736,-1,TRUE,FALSE
cambio_eur,22,-0.12157128081542647,-0.18177913423838846,-0.020224127633816678,-0.2363345577380363,0.025694806503497095,-1,TRUE,FALSE
cambio_eur,23,-0.11917636398608475,-0.17789122819767125,-0.01944049806616266,-0.24014548610327785,0.02415168900876535,-1,TRUE,FALSE
cambio_eur,24,-0.11544572440566794,-0.17682454100626652,-0.016033321638915222,-0.23969395541568284,0.025277219852404043,-1,TRUE,FALSE
cambio_eur,25,-0.1107270889276612,-0.17162239688527747,-0.014019490210734129,-0.23508186001604534,0.02481732241400499,-1,TRUE,FALSE
cambio_eur,26,-0.10517951636544622,-0.16602737799563347,-0.01006769754463679,-0.23009977782757224,0.03355254779649171,-1,TRUE,FALSE
cambio_eur,27,-0.0988179284715762,-0.1618779259151802,-0.004919724148061567,-0.2222578887985125,0.03558150662564207,-1,TRUE,FALSE
cambio_eur,28,-0.09193463817729906,-0.15658169295617513,-0.0010181063973588617,-0.21990773650047593,0.04166792688541763,-1,TRUE,FALSE
cambio_eur,29,-0.0845347351063775,-0.15155111239086888,0.005158559340699736,-0.21598472271864794,0.049467586386111394,-1,FALSE,FALSE
cambio_eur,30,-0.07668766999580175,-0.14334731065778755,0.010383469212485653,-0.21338176315233448,0.05276865835786538,-1,FALSE,FALSE
cambio_eur,31,-0.06850262804658233,-0.13357071458456152,0.013455090508647996,-0.20945708949290734,0.061111000676651255,-1,FALSE,FALSE
cambio_eur,32,-0.060029846113221486,-0.12818868259894722,0.01917666298537182,-0.20166687257959118,0.06992298993019437,-1,FALSE,FALSE
cambio_eur,33,-0.05140155438253213,-0.11996022772287195,0.0228098921727822,-0.19488714409292865,0.07764739796166044,-1,FALSE,FALSE
cambio_eur,34,-0.04270818780119837,-0.11280680134071887,0.02920853694672507,-0.1847604267120115,0.08446062831588592,-1,FALSE,FALSE
cambio_eur,35,-0.034017855905130324,-0.10670135975060795,0.03596222723920492,-0.1800300596553831,0.09155517382693566,-1,FALSE,FALSE
cambio_eur,36,-0.02540025938916514,-0.09768342400289125,0.0414149707907893,-0.16943008865889866,0.09901531987789194,-1,FALSE,FALSE
cambio_eur,37,-0.016931530908019427,-0.09238042556892936,0.046610668886780476,-0.15377541280122356,0.10614238188589709,-1,FALSE,FALSE
cambio_eur,38,-0.00870015947134647,-0.08470915761369305,0.05336225526751762,-0.14797012673000953,0.11224156136465303,-1,FALSE,FALSE
cambio_eur,39,-7.659630410347221e-4,-0.07983666289995728,0.05996135154955171,-0.14008924751829144,0.12577303408773158,-1,FALSE,FALSE
cambio_eur,40,0.006812419468839389,-0.0717891205772978,0.06822677773461393,-0.12597485761735644,0.13428073586796474,1,FALSE,FALSE
cambio_eur,41,0.01397706347936694,-0.06673646191714921,0.07463387984155431,-0.117519113567129,0.1413000811682269,1,FALSE,FALSE
cambio_eur,42,0.020688458186942843,-0.061390088645069174,0.07934672253136843,-0.1122967652047571,0.15134010672997583,1,FALSE,FALSE
cambio_eur,43,0.026904486890852383,-0.056455810002717585,0.08409960598423968,-0.10803782434592984,0.1546919392782227,1,FALSE,FALSE
cambio_eur,44,0.03258924002385463,-0.05190836696638908,0.08760513317509085,-0.0974907619591197,0.16081416441178806,1,FALSE,FALSE
cambio_eur,45,0.037718684718038346,-0.04535437092361383,0.09119572965616812,-0.08543033833548568,0.16237913821506633,1,FALSE,FALSE
cambio_eur,46,0.04227440118420954,-0.04123622464741798,0.09555878953292063,-0.08105642222072046,0.16284406149624348,1,FALSE,FALSE
cambio_eur,47,0.046246014694136806,-0.03974924203113226,0.10256599095648197,-0.07751521615039514,0.16585238835633273,1,FALSE,FALSE
cambio_eur,48,0.04962813382344337,-0.03719291238638188,0.10552388294089937,-0.07397635797617153,0.16974035946229127,1,FALSE,FALSE
embi_perc,0,0.2619516304949796,0.20738258390905595,0.3791278607255302,0.171888205245944,0.47303812715657373,1,TRUE,TRUE
embi_perc,1,0.26772274513643296,0.19751731795003605,0.392732045565816,0.14613751632627434,0.4822657513274756,1,TRUE,TRUE
embi_perc,2,0.20188871144576653,0.12624369737925192,0.32639430661388547,0.07314919194718157,0.42257108627746376,1,TRUE,TRUE
embi_perc,3,0.2810401095784389,0.18004716885712554,0.3942072183231767,0.11829336699889335,0.4891018415541801,1,TRUE,TRUE
embi_perc,4,0.26826703094941456,0.14722501890174,0.3621006478136415,0.09231118691678858,0.4636152593201195,1,TRUE,TRUE
embi_perc,5,0.2414295935640888,0.12065059220706058,0.3263885413541215,0.05900376530370316,0.4129975816150959,1,TRUE,TRUE
embi_perc,6,0.23227674974326332,0.11144156627023552,0.334376849565684,0.054245021302004495,0.41489635799377506,1,TRUE,TRUE
embi_perc,7,0.19306723987672622,0.07980358015293593,0.2970239555770707,0.012785551802445347,0.37889834074735235,1,TRUE,TRUE
embi_perc,8,0.1614243477287958,0.052600248117700636,0.268083224170681,-0.020841708681726065,0.34739739293579214,1,TRUE,FALSE
embi_perc,9,0.13100098387856712,0.028341642654120362,0.24187230433187787,-0.052282698900397946,0.3157101871538539,1,TRUE,FALSE
embi_perc,10,0.09982638856789672,0.005609535720894144,0.21517127801165897,-0.0729324730613237,0.2954419795473724,1,TRUE,FALSE
embi_perc,11,0.077622595063768507,-0.0072432023140230894,0.20016621116238414,-0.08144617876969674,0.2833976112992641,1,FALSE,FALSE
embi_perc,12,0.04411855081358069,-0.0320034211178891,0.1719667041134343,-0.10690003659376697,0.2700584996160458,1,FALSE,FALSE
embi_perc,13,0.019375709502546874,-0.04540275539472971,0.15639374805163264,-0.11656342096265075,0.2473380714144281,1,FALSE,FALSE
embi_perc,14,5.71468538365793e-4,-0.056612868632910464,0.14458993079604568,-0.12878339129011843,0.23088299070199614,1,FALSE,FALSE
embi_perc,15,-0.01809061849833817,-0.07073422106722374,0.13062915084520313,-0.1443192713969018,0.2098371859929883,-1,FALSE,FALSE
embi_perc,16,-0.031377579754627336,-0.07860868145575041,0.12612408624711047,-0.15623919119106439,0.19898228282327182,-1,FALSE,FALSE
embi_perc,17,-0.046378787407575395,-0.0917808396414436,0.11135826425716198,-0.1668190726475736,0.18167305672981063,-1,FALSE,FALSE
embi_perc,18,-0.058898573358142574,-0.1005621919236562,0.09856233246105044,-0.18406702494997723,0.17221391318258678,-1,FALSE,FALSE
embi_perc,19,-0.06867067900035025,-0.11157527461583927,0.08819064870050342,-0.1946755330835004,0.15907052819804152,-1,FALSE,FALSE
embi_perc,20,-0.0784891870605714,-0.12169518675404913,0.0760286540490521,-0.2082060623781728,0.14877903393411512,-1,FALSE,FALSE
embi_perc,21,-0.08573718533001219,-0.1312199808084113,0.0649440226564596,-0.211249416626745,0.13991371414570164,-1,FALSE,FALSE
embi_perc,22,-0.09241716144337625,-0.13565564778127756,0.05613935812821372,-0.21440950077298065,0.1320689819269358,-1,FALSE,FALSE
embi_perc,23,-0.09884039187697813,-0.14193342279034687,0.047460876395648555,-0.2244900982963115,0.12552271874800816,-1,FALSE,FALSE
embi_perc,24,-0.10394178803484037,-0.1486499094419612,0.04060044669911323,-0.22977799583228953,0.11921515799028268,-1,FALSE,FALSE
embi_perc,25,-0.10814926553459314,-0.15073750053248952,0.03369786293942099,-0.23965220015029737,0.11137744771017505,-1,FALSE,FALSE
embi_perc,26,-0.11126151665220835,-0.15378684576605745,0.02736662754708947,-0.24887924948992218,0.10587830597622842,-1,FALSE,FALSE
embi_perc,27,-0.1136298471260427,-0.16016843983547946,0.021386196791330518,-0.2505456922214041,0.09633195871302633,-1,FALSE,FALSE
embi_perc,28,-0.11525120992037781,-0.16408093805477042,0.016427415463320702,-0.25092600753382155,0.09325579834392964,-1,FALSE,FALSE
embi_perc,29,-0.11589188368233513,-0.16745392402835918,0.01279998327259404,-0.25288305759058494,0.0858262685403244,-1,FALSE,FALSE
embi_perc,30,-0.11579817249679769,-0.16971746771807794,0.010059687867199815,-0.250587153555168,0.08225941600418422,-1,FALSE,FALSE
embi_perc,31,-0.11482563811559841,-0.17470038024778967,0.0077491631469686255,-0.24677002971232628,0.07547139727273365,-1,FALSE,FALSE
embi_perc,32,-0.11304332745514874,-0.176768514490129,0.00619581010645619,-0.2477879404224886,0.06818097170993992,-1,FALSE,FALSE
embi_perc,33,-0.11061237808602291,-0.17142993372261392,0.005883721345060823,-0.24367430216990607,0.0640551060612235,-1,FALSE,FALSE
embi_perc,34,-0.10749579132415175,-0.16752273520858593,0.004748203841213855,-0.24782880224732848,0.06090520748716021,-1,FALSE,FALSE
embi_perc,35,-0.10378457243478396,-0.16737722838027191,0.0023229564727384787,-0.25327399170190557,0.05677880227903049,-1,FALSE,FALSE
embi_perc,36,-0.09950908814887592,-0.1653555372441017,0.0022384675312995075,-0.2518522624251843,0.055765390992604025,-1,FALSE,FALSE
embi_perc,37,-0.09472893467169939,-0.15995135663274174,0.004537176656836791,-0.24075761910183283,0.05199281916546938,-1,FALSE,FALSE
embi_perc,38,-0.08955740147287151,-0.15900086900881796,0.008797526462207106,-0.24024918249715774,0.052660328051417724,-1,FALSE,FALSE
embi_perc,39,-0.08403508157124807,-0.1568501357063859,0.010074179602592237,-0.24172613622051123,0.054683428843758604,-1,FALSE,FALSE
embi_perc,40,-0.07823262018370535,-0.14907694946712338,0.012577111625604213,-0.23470158967375204,0.05751358743569533,-1,FALSE,FALSE
embi_perc,41,-0.0722192127744298,-0.14324234483589693,0.01414593430019092,-0.22956518755484326,0.05732411645145073,-1,FALSE,FALSE
embi_perc,42,-0.0660505366034439,-0.13526261712876506,0.017712559819584982,-0.22710061005629203,0.06372793110581217,-1,FALSE,FALSE
embi_perc,43,-0.05979696737305765,-0.1323597514291437,0.021359416096742034,-0.22363798407005242,0.07445135029310615,-1,FALSE,FALSE
embi_perc,44,-0.053515971035472766,-0.12781664902091208,0.02643623389742741,-0.21689024414063718,0.0817232849893072,-1,FALSE,FALSE
embi_perc,45,-0.047264609612314504,-0.1267048129979171,0.029201119096854106,-0.2103148641683029,0.08807858545419509,-1,FALSE,FALSE
embi_perc,46,-0.04109311463865502,-0.12044871540864518,0.03247739618893379,-0.20572916948400014,0.0926245538184547,-1,FALSE,FALSE
embi_perc,47,-0.03504473901856036,-0.11722263080229388,0.03619892955540434,-0.2007366656997098,0.0973423678557703,-1,FALSE,FALSE
embi_perc,48,-0.02916638838480456,-0.11163860239110393,0.04256547116231996,-0.19662119928731753,0.10464853932787858,-1,FALSE,FALSE
cds_5y,0,32.54172927117079,26.317466095250268,44.35311451754026,22.153108988689983,53.84105637785394,1,TRUE,TRUE
cds_5y,1,34.3547241084339,25.497151873503892,48.22685182822582,20.307568002816765,57.72360419200568,1,TRUE,TRUE
cds_5y,2,28.393580508378534,18.76631353548453,41.66220498817093,12.703975070746553,52.260818329634205,1,TRUE,TRUE
cds_5y,3,36.79555882248746,24.240838344885585,48.95634911610561,17.258796079625732,59.49394219905537,1,TRUE,TRUE
cds_5y,4,34.643073223218536,20.44722874520724,44.451602906412035,13.811622325486734,55.067422502507306,1,TRUE,TRUE
cds_5y,5,30.813699897992475,16.648356039108517,40.1683667134574,8.239375058353321,49.52741287304384,1,TRUE,TRUE
cds_5y,6,29.828585482433695,16.0579948139913,40.60972281831072,8.043209631832458,50.83459306138589,1,TRUE,TRUE
cds_5y,7,25.013963118952113,11.962628398091587,36.829206886126805,3.7483609526379205,45.81569652008315,1,TRUE,TRUE
cds_5y,8,21.040591627906693,8.35880724950462,33.68276701402318,-1.1684205213535725,42.73532047750035,1,TRUE,FALSE
cds_5y,9,17.53737317954683,5.886478126728277,30.68830475611448,-3.724898125560755,40.27543790937686,1,TRUE,FALSE
cds_5y,10,13.633033356868363,3.010433307362913,27.784966324672013,-5.162060792887558,38.00993325949091,1,TRUE,FALSE
cds_5y,11,10.76035724837783,1.0718781368096195,25.58472782507776,-7.013327833651427,36.21842376679762,1,TRUE,FALSE
cds_5y,12,6.796056868487718,-1.6892898137114933,23.02772185187435,-9.991616222088695,33.82839789544449,1,FALSE,FALSE
cds_5y,13,3.6038222752157334,-3.9325356020730977,20.836874004084333,-11.835968503779487,31.622746823889848,1,FALSE,FALSE
cds_5y,14,1.1988178554738331,-5.496453340142189,19.351735065823714,-13.299728404445704,28.94092104956636,1,FALSE,FALSE
cds_5y,15,-1.1243255711680402,-6.896615050137556,17.991404818501355,-15.234119897626691,26.829318580383077,-1,FALSE,FALSE
cds_5y,16,-2.9104264508141635,-8.208230043390511,17.016185907073698,-17.32206357593369,25.63691083258395,-1,FALSE,FALSE
cds_5y,17,-4.838301883861227,-9.560337884891679,15.408450034363572,-19.062273838351803,23.879841005910258,-1,FALSE,FALSE
cds_5y,18,-6.483930353784658,-10.979713809849892,13.59504798120758,-20.27696777970624,22.620754884905296,-1,FALSE,FALSE
cds_5y,19,-7.843254086771083,-12.376083042043028,12.495507034569641,-22.35320491278311,20.902957468289895,-1,FALSE,FALSE
cds_5y,20,-9.182144721970369,-13.764538867617546,11.038144567269233,-23.80806880960862,19.216680698202914,-1,FALSE,FALSE
cds_5y,21,-10.221852709556307,-14.587985501748253,9.475219605927057,-24.632136261308872,18.56021510523531,-1,FALSE,FALSE
cds_5y,22,-11.195233270646447,-15.556446997305144,8.825298933061706,-26.144619949237523,17.69639369898138,-1,FALSE,FALSE
cds_5y,23,-12.141449993452396,-16.199132278644495,7.608989729716298,-27.199975603562507,16.591285874474792,-1,FALSE,FALSE
cds_5y,24,-12.92804322059159,-17.20594947729505,6.30902554751725,-28.128468696641217,16.014477637554872,-1,FALSE,FALSE
cds_5y,25,-13.60757080490322,-18.165307628189556,5.499960975762023,-28.92768298078154,15.238199897506227,-1,FALSE,FALSE
cds_5y,26,-14.157293832526717,-18.425707576100265,4.431368521360057,-29.810842146307284,13.841126582546845,-1,FALSE,FALSE
cds_5y,27,-14.606786555791164,-19.08708903895296,3.852258153489194,-30.956561852399098,13.619946402932893,-1,FALSE,FALSE
cds_5y,28,-14.962557072424838,-19.770396932151147,3.000881822000543,-30.91957647486234,12.382909535453187,-1,FALSE,FALSE
cds_5y,29,-15.196803557036981,-20.407750460337343,2.258806536530379,-30.733008503066166,11.414040523729367,-1,FALSE,FALSE
cds_5y,30,-15.331360327376533,-20.991583935045888,1.8210919984577087,-30.45746513893725,10.851506393458298,-1,FALSE,FALSE
cds_5y,31,-15.352505125098348,-21.073287471920718,1.3932047574229816,-30.597342826455762,9.854720448785006,-1,FALSE,FALSE
cds_5y,32,-15.265239556261104,-21.18793060040187,0.9722374714589108,-31.02182443788585,8.815368159407857,-1,FALSE,FALSE
cds_5y,33,-15.086780240300143,-20.55018837453786,0.738356832998289,-31.732255490616197,8.390002564314733,-1,FALSE,FALSE
cds_5y,34,-14.814210083670014,-20.589012797604976,0.7455083806081166,-32.29220983104617,7.906303612478774,-1,FALSE,FALSE
cds_5y,35,-14.456527073808163,-20.362496748721863,0.513701024478919,-31.569445725872683,8.041668549379258,-1,FALSE,FALSE
cds_5y,36,-14.017131326220303,-20.010088148811167,0.4659543066911368,-31.343090500673213,7.2991512856618606,-1,FALSE,FALSE
cds_5y,37,-13.503134748703559,-19.794211778555752,0.4715594729606625,-31.58851643076321,6.783942536128233,-1,FALSE,FALSE
cds_5y,38,-12.92753815954789,-19.53143911642917,0.6150669073530894,-30.640225732673958,6.770174749230128,-1,FALSE,FALSE
cds_5y,39,-12.295593629277176,-19.130452005946644,0.8842511897223136,-30.4044329839179,6.714726526901704,-1,FALSE,FALSE
cds_5y,40,-11.615925288638614,-18.45875735817016,1.120138793887375,-30.30839692844701,6.919977728640724,-1,FALSE,FALSE
cds_5y,41,-10.897212032656284,-17.784003034151148,1.4898535853736548,-30.168087224867577,7.115354521265378,-1,FALSE,FALSE
cds_5y,42,-10.146485279511053,-17.474764398772326,1.9412165555602245,-29.515089205055492,7.559289528130825,-1,FALSE,FALSE
cds_5y,43,-9.372675677970962,-17.13515845479969,2.2228379907814646,-29.045977293521936,8.795499667801966,-1,FALSE,FALSE
cds_5y,44,-8.583467527309235,-16.747511913778947,2.5990694013841664,-28.297097924877328,9.281507981024587,-1,FALSE,FALSE
cds_5y,45,-7.786336886778733,-16.246946653127036,2.999837601904506,-27.91300619164613,9.92076168338787,-1,FALSE,FALSE
cds_5y,46,-6.9881447124478155,-15.353265940811006,3.7920971408684987,-27.035222275096032,10.674402809398325,-1,FALSE,FALSE
cds_5y,47,-6.194986875504628,-14.85510436636775,4.18896110274307,-26.549972831961853,11.060410383400423,-1,FALSE,FALSE
cds_5y,48,-5.413315597964881,-14.294182619286547,4.702029427182004,-25.894128716876136,11.60786250037815,-1,FALSE,FALSE
ibc_br,0,-0.46051125274736565,-0.9272418074836316,-0.2064640924366709,-1.2514491180037752,-0.019419152051555096,-1,TRUE,TRUE
ibc_br,1,-0.09499776953275837,-0.7872279340782221,0.09499111967942617,-1.223120948406734,0.35838077365418913,-1,FALSE,FALSE
ibc_br,2,0.24224482864673205,-0.4617374816185522,0.41538739343953524,-0.9443603711987913,0.6979217844888101,1,FALSE,FALSE
ibc_br,3,0.014517557722484207,-0.6515143971460056,0.28790355455690636,-1.2299108962478886,0.5929362137167173,1,FALSE,FALSE
ibc_br,4,-0.11432883993971381,-0.6451781326223395,0.2363274116655657,-1.120383561476694,0.5139974717238147,-1,FALSE,FALSE
ibc_br,5,-0.2505100769628323,-0.7257761235783234,0.18266700111590228,-1.1005347350155334,0.49282070888461593,-1,FALSE,FALSE
ibc_br,6,-0.2467635315880329,-0.7091454947710204,0.21738208306428383,-1.0615413853343216,0.5523331897246477,-1,FALSE,FALSE
ibc_br,7,-0.17196178623447061,-0.5645649081814053,0.35509635936891254,-0.9344382916578815,0.6705918229389743,-1,FALSE,FALSE
ibc_br,8,-0.15961776193938665,-0.5110355843403578,0.39091594832762167,-0.8787669370150759,0.7185861094862692,-1,FALSE,FALSE
ibc_br,9,-0.0826397116954831,-0.4257211566628355,0.48290231851626214,-0.7744723088094452,0.7971732242528632,-1,FALSE,FALSE
ibc_br,10,-0.050283928723455606,-0.3544713192494076,0.5052291275559008,-0.6894020752483675,0.8340713668308122,-1,FALSE,FALSE
ibc_br,11,-0.061835266778056966,-0.3599801901433859,0.49741212442605,-0.7096357434745402,0.8026782890838124,-1,FALSE,FALSE
ibc_br,12,-0.021616330529504374,-0.3336950287866106,0.5126927328091049,-0.6670596354693197,0.8310394513210007,-1,FALSE,FALSE
ibc_br,13,0.020839485593388597,-0.2726790350283937,0.5355034605173539,-0.5683118687182346,0.8435236792213048,1,FALSE,FALSE
ibc_br,14,0.01962202971288044,-0.2811251854928325,0.5149653334855745,-0.5623891691459013,0.8227221244741671,1,FALSE,FALSE
ibc_br,15,0.011886411272040178,-0.2765352205589865,0.49821073320193204,-0.568773635663645,0.8106429452594506,1,FALSE,FALSE
ibc_br,16,-1.0819323713281471e-4,-0.3044579851635795,0.4694879475594629,-0.5819125222503991,0.77842921165078,-1,FALSE,FALSE
ibc_br,17,-0.02130941221718022,-0.31859048002194496,0.45121535350650976,-0.5805733894060572,0.7527294231483601,-1,FALSE,FALSE
ibc_br,18,-0.04367393064033629,-0.3492863068903085,0.42360607444654985,-0.583024481617024,0.7438030463348223,-1,FALSE,FALSE
ibc_br,19,-0.06233786167207825,-0.35502383436670737,0.4004158741809379,-0.5819183216504995,0.703224844121041,-1,FALSE,FALSE
ibc_br,20,-0.08411290070179221,-0.3742434834422283,0.3725097438841866,-0.6402164143625335,0.6739072591579207,-1,FALSE,FALSE
ibc_br,21,-0.10833636346552111,-0.37935311488117657,0.3392340606696038,-0.6910299660050486,0.6361148564915511,-1,FALSE,FALSE
ibc_br,22,-0.13058547579288937,-0.40530008400513445,0.3108661526892856,-0.729182430208548,0.6103512341815956,-1,FALSE,FALSE
ibc_br,23,-0.15254810015091738,-0.415554926682423,0.2910194202446502,-0.7513144919423766,0.5600029311694555,-1,FALSE,FALSE
ibc_br,24,-0.17320680602708197,-0.4259408081584564,0.2692166462838896,-0.7642903476373293,0.5313661905201031,-1,FALSE,FALSE
ibc_br,25,-0.19323949739631335,-0.4357348913053157,0.24974568387596574,-0.7761218015304294,0.5045615736756817,-1,FALSE,FALSE
ibc_br,26,-0.2139409509193527,-0.45464736102958614,0.22379869881196757,-0.7822205056483061,0.46734588285664136,-1,FALSE,FALSE
ibc_br,27,-0.23277511030141654,-0.47899543319270876,0.20352464076942794,-0.7653542162206644,0.43280730109934706,-1,FALSE,FALSE
ibc_br,28,-0.2499226185845501,-0.4937914506799402,0.17689889422447685,-0.7804125397421986,0.39844500024908464,-1,FALSE,FALSE
ibc_br,29,-0.26618816876585344,-0.5028733121162297,0.14977247073524752,-0.7834361609202548,0.38064548216726507,-1,FALSE,FALSE
ibc_br,30,-0.2807459275357566,-0.5101845127851141,0.14262413967245618,-0.7755040291774304,0.3475591129429346,-1,FALSE,FALSE
ibc_br,31,-0.2937331528058477,-0.5080899070582425,0.12474035650506446,-0.7783383273224944,0.33768540425093746,-1,FALSE,FALSE
ibc_br,32,-0.30540938597896355,-0.5018921162946125,0.10155687992682627,-0.7814217384222965,0.31671670756415865,-1,FALSE,FALSE
ibc_br,33,-0.3153180645233257,-0.500293723389429,0.09762343482098598,-0.7853099112728124,0.295624752188471,-1,FALSE,FALSE
ibc_br,34,-0.3232131173108525,-0.49437030310199953,0.09267048225691109,-0.777701765019525,0.2959802006956133,-1,FALSE,FALSE
ibc_br,35,-0.3292162403293253,-0.4881036846899428,0.08414319163530042,-0.7758614934556477,0.26639445405493256,-1,FALSE,FALSE
ibc_br,36,-0.3333974743790869,-0.49547914461290415,0.07516748524187562,-0.7488489642425032,0.25576601027263984,-1,FALSE,FALSE
ibc_br,37,-0.3356283355962369,-0.49302310356518214,0.06912012681621675,-0.7443866623099491,0.2501159082600236,-1,FALSE,FALSE
ibc_br,38,-0.33589760018586207,-0.4893810941804733,0.06125112656444204,-0.7607864817324798,0.23740224480344463,-1,FALSE,FALSE
ibc_br,39,-0.3342550807482985,-0.48947278855333964,0.05495530443638538,-0.783160699442243,0.2383471822663451,-1,FALSE,FALSE
ibc_br,40,-0.33071836059803494,-0.4849437383668054,0.05536233727579992,-0.7748548036012578,0.22976891093075774,-1,FALSE,FALSE
ibc_br,41,-0.32538502199149044,-0.47533674121235603,0.05171119294695995,-0.7648664938290286,0.23287104578342868,-1,FALSE,FALSE
ibc_br,42,-0.3183470098083478,-0.46438293904324035,0.05408158010875387,-0.7478098443254517,0.2294675076612953,-1,FALSE,FALSE
ibc_br,43,-0.3096891372207926,-0.45469009576561703,0.05091739359855922,-0.7273918635866645,0.21837455145471285,-1,FALSE,FALSE
ibc_br,44,-0.2995253241278467,-0.4515569438861887,0.05390447059236198,-0.7217782367129819,0.21357965371076582,-1,FALSE,FALSE
ibc_br,45,-0.2879607007150636,-0.4410255453984221,0.05633669401337444,-0.7134520757822101,0.2236205825327775,-1,FALSE,FALSE
ibc_br,46,-0.27513134652770643,-0.4325973121361026,0.060838991766956715,-0.6962401331175975,0.23052332929001065,-1,FALSE,FALSE
ibc_br,47,-0.2611910787443397,-0.4114265563758909,0.06601799116589668,-0.6806671274601309,0.23436184160624843,-1,FALSE,FALSE
ibc_br,48,-0.2462769018739563,-0.40277658639316805,0.0673543588986581,-0.6607663626978084,0.23637521694670247,-1,FALSE,FALSE
pib,0,0.15787990154449982,-0.08511240417433676,0.3942504731726864,-0.21655415210662113,0.6300987334834673,1,FALSE,FALSE
pib,1,0.28409898150469903,-0.06264909423291609,0.48684541038595086,-0.27347352855919826,0.7065735728502107,1,FALSE,FALSE
pib,2,0.4342330277566253,-0.009578984045164817,0.6313267436717444,-0.21991199554520005,0.8508913330474513,1,FALSE,FALSE
pib,3,0.4491458435833984,-0.05461515667378959,0.6700850089494194,-0.2699629549704314,0.9260878528732592,1,FALSE,FALSE
pib,4,0.3346743262502505,-0.18300177736497641,0.5648595164855392,-0.45217324031610845,0.8404505257378423,1,FALSE,FALSE
pib,5,0.21880280911235062,-0.25947035916850725,0.5241921786232622,-0.5381359575358398,0.7770648333031734,1,FALSE,FALSE
pib,6,0.2441006857221817,-0.22291833107195425,0.5610283129239084,-0.4811936327636912,0.8649579202619126,1,FALSE,FALSE
pib,7,0.21518261803907812,-0.2740222487354208,0.5763596516521112,-0.5338951512767134,0.883748378621565,1,FALSE,FALSE
pib,8,0.2173203483320174,-0.24176568236526963,0.5975816519457677,-0.5013788124283025,0.9565300391933992,1,FALSE,FALSE
pib,9,0.27743684728931406,-0.15704839501339543,0.6849554001663674,-0.39466908457150285,1.0432972277792754,1,FALSE,FALSE
pib,10,0.27321037441823126,-0.13286715117526934,0.6948864418578309,-0.37668889021964475,1.084797208125223,1,FALSE,FALSE
pib,11,0.286258654938254,-0.10900759715219491,0.7473735273526751,-0.3680414426816115,1.1156903060350705,1,FALSE,FALSE
pib,12,0.31357555263968884,-0.07127203236790083,0.7789391430837133,-0.33409965973542405,1.1663057128955907,1,FALSE,FALSE
pib,13,0.330904510872676,-0.049670870298906634,0.7951842797548503,-0.2780237156847376,1.2077566877101542,1,FALSE,FALSE
pib,14,0.35453292461939956,-0.023564463799161325,0.8158908557742236,-0.24326961523264976,1.2046292586771343,1,FALSE,FALSE
pib,15,0.36489907278549616,-0.006649789867315957,0.8317882202532081,-0.2224573843534573,1.2031287565727433,1,FALSE,FALSE
pib,16,0.37001353756933586,-0.0064900369693315,0.826760172502156,-0.19321968144487944,1.2000913107104392,1,FALSE,FALSE
pib,17,0.3676598941198872,-0.0049201688960023625,0.8130232444640467,-0.21340709379318706,1.1716660865156203,1,FALSE,FALSE
pib,18,0.35739053952472677,-0.012424941533859998,0.7968468923509369,-0.21635484259063867,1.159149315237677,1,FALSE,FALSE
pib,19,0.3453048812233961,-0.011148704505784361,0.774015262656516,-0.22493548740935898,1.129383822966887,1,FALSE,FALSE
pib,20,0.32607974422891317,-0.02173086778619695,0.7388639729594889,-0.2338823947275522,1.1293967960465543,1,FALSE,FALSE
pib,21,0.302573659257499,-0.03206929917307339,0.7173505863160364,-0.2798013569623837,1.1067957493316924,1,FALSE,FALSE
pib,22,0.2752888507469242,-0.046630620126054935,0.6800507453224266,-0.296429401487155,1.0687048150840046,1,FALSE,FALSE
pib,23,0.24333936852094507,-0.07482454787505916,0.6331765783167617,-0.31170590791052405,1.0444708229038602,1,FALSE,FALSE
pib,24,0.21035455289719618,-0.10214289394461457,0.5944800730053963,-0.3563519529624765,0.982743958658957,1,FALSE,FALSE
pib,25,0.17471369100225953,-0.12509578848687397,0.5519900112157361,-0.4152408598221558,0.9372782202573814,1,FALSE,FALSE
pib,26,0.13699257673895904,-0.1601293855250239,0.5227900685773659,-0.45154113430413323,0.8918905595035042,1,FALSE,FALSE
pib,27,0.09898084702881782,-0.1903005391446105,0.4814920159086027,-0.49664941039463456,0.8254164533359009,1,FALSE,FALSE
pib,28,0.06009899593926171,-0.22458062557748631,0.4382480916412005,-0.5418404879892537,0.7646890474219147,1,FALSE,FALSE
pib,29,0.021319785285744963,-0.2669714374700037,0.4057249744783632,-0.5752881726708725,0.706584244445618,1,FALSE,FALSE
pib,30,-0.01680810038857672,-0.309793464915304,0.3563664120230424,-0.6209177444182634,0.6464045048042318,-1,FALSE,FALSE
pib,31,-0.05418447490452838,-0.35431681696482864,0.3191332278345933,-0.6405726051410654,0.5966467177356026,-1,FALSE,FALSE
pib,32,-0.09030496303160662,-0.3805102366679188,0.2828071922475406,-0.672002634397923,0.5614635973615401,-1,FALSE,FALSE
pib,33,-0.12496113317026492,-0.4183899632659696,0.25172934976155587,-0.724580433713885,0.5214851297664864,-1,FALSE,FALSE
pib,34,-0.1577199123930395,-0.44618845182014244,0.21220705386110075,-0.7592467145924842,0.48676502954748224,-1,FALSE,FALSE
pib,35,-0.18835315776918327,-0.4664801372477202,0.17934754039513834,-0.7971971933124844,0.4415261281844173,-1,FALSE,FALSE
pib,36,-0.2167292019452427,-0.49158819782377133,0.15730315201086603,-0.804112040230543,0.39387356712180294,-1,FALSE,FALSE
pib,37,-0.2425923143161257,-0.516220622642579,0.13679070814861133,-0.8356295265441949,0.3591830159869143,-1,FALSE,FALSE
pib,38,-0.2658533644037342,-0.5376927125487856,0.11360111352019776,-0.8687190593948829,0.33066082396540075,-1,FALSE,FALSE
pib,39,-0.2863801129319943,-0.551104983029541,0.09533436672668584,-0.8943291310604834,0.2920090781384919,-1,FALSE,FALSE
pib,40,-0.3040764069092372,-0.5685847017282112,0.08569612047305247,-0.8772721771627784,0.2553532564327809,-1,FALSE,FALSE
pib,41,-0.31893086825938166,-0.5744835373361266,0.06649594006053948,-0.9100560121385726,0.22717409344920161,-1,FALSE,FALSE
pib,42,-0.3309056246616371,-0.5788083572238203,0.05960236507808504,-0.9151610872373128,0.2174069557769353,-1,FALSE,FALSE
pib,43,-0.3400304168980628,-0.5921570488085859,0.051854731977411764,-0.9108152188449066,0.1951757356139859,-1,FALSE,FALSE
pib,44,-0.3463508375778024,-0.5922434064686444,0.039126715681606125,-0.9195728707805606,0.18896381208354895,-1,FALSE,FALSE
pib,45,-0.34991618827053816,-0.5953086451755185,0.032991912175561786,-0.9315169419300102,0.17266227815754664,-1,FALSE,FALSE
pib,46,-0.3508256626077233,-0.6095326642060868,0.03303390333303202,-0.932348551434788,0.162554709067205,-1,FALSE,FALSE
pib,47,-0.34918937773564807,-0.5994927271629464,0.03012289488611243,-0.9264774634795531,0.15426714119649343,-1,FALSE,FALSE
pib,48,-0.3451354562372888,-0.5922373070033586,0.026882839979863165,-0.9126396020042902,0.1506321671134469,-1,FALSE,FALSE
ind_transformacao,0,-1.413930394207282,-2.712692278722498,-0.6970707692386489,-3.476822889886772,-0.24686061088957645,-1,TRUE,TRUE
ind_transformacao,1,-0.3691169952910567,-2.148455461415799,0.0897721475496343,-3.1134245721851177,0.704200122978961,-1,FALSE,FALSE
ind_transformacao,2,0.39501764241923726,-1.395525434143135,0.7671781482670412,-2.466654460994687,1.5241066984577727,1,FALSE,FALSE
ind_transformacao,3,-0.4457036412938022,-1.9977865534602353,0.23413824863473848,-3.2723416415886772,0.9800463922112234,-1,FALSE,FALSE
ind_transformacao,4,-0.8635259013122205,-2.1119850747284254,0.07022413238580608,-2.9754291947042444,0.8235767525973479,-1,FALSE,FALSE
ind_transformacao,5,-1.435738247569731,-2.4511260893430227,-0.1999929549484429,-3.3212478009729933,0.649551291984103,-1,TRUE,FALSE
ind_transformacao,6,-1.4489640928374237,-2.359048882998511,-0.100520544807926,-3.1782046880799495,0.8216590900000179,-1,TRUE,FALSE
ind_transformacao,7,-1.2649715701127038,-2.0327454591658713,0.08882064247481708,-2.7954945947281336,0.9095516071759969,-1,FALSE,FALSE
ind_transformacao,8,-1.3161812281278984,-1.9308865797210655,0.15719303996987646,-2.8285174736229455,1.020651273502207,-1,FALSE,FALSE
ind_transformacao,9,-1.1017335007441313,-1.7440920261200084,0.35038104562813627,-2.4666824555607927,1.11478716470986,-1,FALSE,FALSE
ind_transformacao,10,-1.0557412727007505,-1.6125607686656793,0.3599027290911678,-2.3949896572799725,1.2035726322382547,-1,FALSE,FALSE
ind_transformacao,11,-1.1309357219303893,-1.706975094941269,0.3113781504774958,-2.4603189996443264,1.0528264963309937,-1,FALSE,FALSE
ind_transformacao,12,-1.043978405683937,-1.6362744573463,0.28020729368644975,-2.350211778154484,1.0267162431285457,-1,FALSE,FALSE
ind_transformacao,13,-0.9554034039664231,-1.5777738496703317,0.2673610926623647,-2.2245005995245926,0.9785965242515177,-1,FALSE,FALSE
ind_transformacao,14,-0.9756608611183204,-1.628869702291945,0.16382797030455737,-2.2994211471991264,0.8559835495780719,-1,FALSE,FALSE
ind_transformacao,15,-1.0051640595821678,-1.7097009138597548,0.0615236273638518,-2.2739376631126587,0.7436782804297768,-1,FALSE,FALSE
ind_transformacao,16,-1.033591662836994,-1.724689105285564,-0.016243098773624003,-2.3055950716854143,0.5696620569057658,-1,TRUE,FALSE
ind_transformacao,17,-1.074503953219532,-1.7542171952660564,-0.11248506407916878,-2.3516527111426964,0.44941942236023175,-1,TRUE,FALSE
ind_transformacao,18,-1.1064529712200892,-1.770910984335211,-0.16503371385028381,-2.4409333717851602,0.32246763829732605,-1,TRUE,FALSE
ind_transformacao,19,-1.1108950088345098,-1.7749441708929212,-0.21539999999474288,-2.4453075123629553,0.2417603053252596,-1,TRUE,FALSE
ind_transformacao,20,-1.114421242297188,-1.8044920912570213,-0.24309703672034289,-2.453956409364444,0.1869259915699325,-1,TRUE,FALSE
ind_transformacao,21,-1.1139929701777578,-1.8054424044120665,-0.27344639975161256,-2.505660945829063,0.10275194083911285,-1,TRUE,FALSE
ind_transformacao,22,-1.097619186027648,-1.7870370099960289,-0.2828314109953974,-2.543276950382279,0.03951204538623414,-1,TRUE,FALSE
ind_transformacao,23,-1.0752578727062188,-1.8022296755888467,-0.28025182453350583,-2.521381179175782,0.05518044832084961,-1,TRUE,FALSE
ind_transformacao,24,-1.0419640599400002,-1.7559350625157701,-0.28634926115305304,-2.4828457616975217,0.1037070146651239,-1,TRUE,FALSE
ind_transformacao,25,-1.00180585712037,-1.6899927122948584,-0.27520377416381425,-2.4315771550268583,0.15063531862409812,-1,TRUE,FALSE
ind_transformacao,26,-0.9609661780106982,-1.6653813286178873,-0.23193427172134898,-2.384352677040913,0.17293396124041976,-1,TRUE,FALSE
ind_transformacao,27,-0.9121086464599364,-1.5964952993176325,-0.19300941807655883,-2.3238851546642545,0.18366607174559943,-1,TRUE,FALSE
ind_transformacao,28,-0.8578402447249451,-1.5311785521789831,-0.12734377701155386,-2.2593210888029964,0.23502480527529196,-1,TRUE,FALSE
ind_transformacao,29,-0.8013950457167153,-1.4886522770958415,-0.07680971405325665,-2.241951735655169,0.27137401376126385,-1,TRUE,FALSE
ind_transformacao,30,-0.7412109246159243,-1.4456468630229047,-0.03403873825913293,-2.1750157030510753,0.3121692300853544,-1,TRUE,FALSE
ind_transformacao,31,-0.6788850282391085,-1.399257680793269,0.0024787937503825525,-2.077958928696592,0.3568051125334296,-1,FALSE,FALSE
ind_transformacao,32,-0.6158692329967024,-1.3299012683411202,0.0571047379158027,-2.0617367257441135,0.41847791452484306,-1,FALSE,FALSE
ind_transformacao,33,-0.5517883272162497,-1.2855036771093427,0.10763334391203905,-2.0124354290224638,0.5061214718851135,-1,FALSE,FALSE
ind_transformacao,34,-0.48659851008769855,-1.2232906582233736,0.1716205528049819,-1.91793169473533,0.5883406128651961,-1,FALSE,FALSE
ind_transformacao,35,-0.4212482554459762,-1.1730911849530763,0.22118139884613428,-1.8523964463428761,0.6433236734257992,-1,FALSE,FALSE
ind_transformacao,36,-0.3565589064756315,-1.0805926587637684,0.2772936218138216,-1.734338357383019,0.6995398679602938,-1,FALSE,FALSE
ind_transformacao,37,-0.29256754828832765,-1.0253464362795228,0.3263475463730912,-1.6641119004520255,0.7742403357706673,-1,FALSE,FALSE
ind_transformacao,38,-0.229703023933069,-0.9682110402187075,0.37635580497172655,-1.610300098566646,0.8325970186281262,-1,FALSE,FALSE
ind_transformacao,39,-0.1684162750996221,-0.9153593984778152,0.4170057535288569,-1.5710446485042828,0.8959438454208523,-1,FALSE,FALSE
ind_transformacao,40,-0.10895100647400545,-0.8482509395748552,0.46553712262688607,-1.4741701350989798,0.9385827177042552,-1,FALSE,FALSE
ind_transformacao,41,-0.051777238685510645,-0.7849786021914316,0.4999591813995601,-1.38081392582549,0.9952645838433876,-1,FALSE,FALSE
ind_transformacao,42,0.0027923092978953653,-0.7216817967019452,0.5494417248774801,-1.3681093393655164,1.0326343373847473,1,FALSE,FALSE
ind_transformacao,43,0.05451674163758697,-0.6533939180616894,0.5871633086453671,-1.3187001874493407,1.0868572298636092,1,FALSE,FALSE
ind_transformacao,44,0.10312759171687529,-0.6218161741224968,0.6162086379551536,-1.2340837214223503,1.1331330285866918,1,FALSE,FALSE
ind_transformacao,45,0.14847742776552786,-0.5575523646109426,0.6454144499030433,-1.152968153800955,1.174254923420785,1,FALSE,FALSE
ind_transformacao,46,0.1903746945095451,-0.5053543037319795,0.684494437775045,-1.085746577054664,1.1982386175713808,1,FALSE,FALSE
ind_transformacao,47,0.22863861539125924,-0.46079011501139533,0.7124024482558737,-1.052617374352691,1.2085354424187351,1,FALSE,FALSE
ind_transformacao,48,0.26318824009047925,-0.4151694721197594,0.7403595761104286,-1.016421237139534,1.2384163962089538,1,FALSE,FALSE
ind_bens_duraveis,0,-4.85460662463288,-8.93616477729655,-2.0287452847593834,-11.915737702071572,-0.32396435808983837,-1,TRUE,TRUE
ind_bens_duraveis,1,-1.3687714457864988,-7.49094248896586,0.41715275092106374,-11.359409860215814,2.9841827074783205,-1,FALSE,FALSE
ind_bens_duraveis,2,0.7968655309537238,-5.51115496994916,2.327469815508605,-9.526838543213904,4.941298897330013,1,FALSE,FALSE
ind_bens_duraveis,3,-1.7431909978462437,-7.371628174277063,1.0409954121524276,-11.750437239984862,3.642813659443323,-1,FALSE,FALSE
ind_bens_duraveis,4,-3.3085552112927146,-7.7862345053891255,0.13412602234842066,-10.842267256602849,2.944765040501376,-1,FALSE,FALSE
ind_bens_duraveis,5,-5.504067027918242,-9.230166302634926,-1.1191651338410515,-12.175700983233169,1.76047971257059,-1,TRUE,FALSE
ind_bens_duraveis,6,-5.528148245630048,-8.764255874772433,-0.6574101683401582,-11.560981904793891,2.1817192183702128,-1,TRUE,FALSE
ind_bens_duraveis,7,-4.968107696457247,-7.596309267682918,-0.029523831908445312,-10.398967234673213,2.7654042890088166,-1,TRUE,FALSE
ind_bens_duraveis,8,-5.124004459043963,-7.415897376879936,0.007579792142251579,-10.52587557674167,2.8484959368032645,-1,FALSE,FALSE
ind_bens_duraveis,9,-4.262614884247874,-6.618156490639526,0.8639981428132841,-9.291615073399054,3.7943759381237108,-1,FALSE,FALSE
ind_bens_duraveis,10,-4.084565594707948,-6.178657354920177,0.9761842491582701,-9.00405404135737,3.8601603697903886,-1,FALSE,FALSE
ind_bens_duraveis,11,-4.2425221723533495,-6.318405416007067,0.8958585514830943,-9.045775255876013,3.2877064920791326,-1,FALSE,FALSE
ind_bens_duraveis,12,-3.8959143655336783,-6.122587553109428,0.5941956233250678,-8.866160890044844,3.1666806912845633,-1,FALSE,FALSE
ind_bens_duraveis,13,-3.4746113473643248,-5.881179394296015,0.5680611200536804,-8.076988306868245,3.113932617276085,-1,FALSE,FALSE
ind_bens_duraveis,14,-3.4181069744867267,-5.909550917970334,0.2866998417323717,-8.280108407169072,2.6001597954976217,-1,FALSE,FALSE
ind_bens_duraveis,15,-3.452196744503985,-6.017129918042339,-0.05237517812518151,-8.343702184219985,2.2264078307056896,-1,TRUE,FALSE
ind_bens_duraveis,16,-3.4489757907798633,-6.111373118897382,-0.24805242201398747,-8.24533823531859,1.7539592406064575,-1,TRUE,FALSE
ind_bens_duraveis,17,-3.5244795487503944,-6.187527502049891,-0.5420229539574641,-8.413559412349194,1.1778013840460382,-1,TRUE,FALSE
ind_bens_duraveis,18,-3.57989499472494,-6.255905573039314,-0.8146949717331609,-8.6519125043113565,0.7107087838858084,-1,TRUE,FALSE
ind_bens_duraveis,19,-3.519169934617014,-6.219931368401816,-0.8815212655400506,-8.700083575406547,0.5536193411494275,-1,TRUE,FALSE
ind_bens_duraveis,20,-3.480137361931938,-6.253218447242945,-1.0904450591395132,-8.654900868917187,0.31968109411474116,-1,TRUE,FALSE
ind_bens_duraveis,21,-3.4299260043302975,-6.22901082488732,-1.0480468482305323,-8.609060346184616,0.18181640004091532,-1,TRUE,FALSE
ind_bens_duraveis,22,-3.329274476658423,-6.183632565701949,-1.1240111796976024,-8.656995899170845,0.16400360631107605,-1,TRUE,FALSE
ind_bens_duraveis,23,-3.2178069202598665,-6.133313439879593,-1.0223950305520486,-8.654500637827773,0.21126025914138524,-1,TRUE,FALSE
ind_bens_duraveis,24,-3.0679328516749695,-5.945386626459388,-0.9685569046197118,-8.451767664769205,0.271303974527156,-1,TRUE,FALSE
ind_bens_duraveis,25,-2.8995673409718745,-5.700280867465977,-0.8540886280061697,-8.356370962723977,0.46166593291260916,-1,TRUE,FALSE
ind_bens_duraveis,26,-2.7332147557032913,-5.631034604806604,-0.7502050405353472,-8.042505768642489,0.4161063220716346,-1,TRUE,FALSE
ind_bens_duraveis,27,-2.5431585664308067,-5.497091642921362,-0.576933828523869,-7.8708790458631555,0.5624941899668345,-1,TRUE,FALSE
ind_bens_duraveis,28,-2.3390287278682234,-5.363523477712841,-0.39099299576184954,-7.675029005688427,0.7744836537493218,-1,TRUE,FALSE
ind_bens_duraveis,29,-2.1293658426704956,-5.129876588914742,-0.23739893467127393,-7.534403922242305,0.940269668377164,-1,TRUE,FALSE
ind_bens_duraveis,30,-1.9106909511025207,-4.883401978789083,-0.07318341917498232,-7.326545148279946,1.2255902989173981,-1,TRUE,FALSE
ind_bens_duraveis,31,-1.6876774546157942,-4.6825502320496355,0.08082813872931584,-6.992479236812419,1.5041788151348512,-1,FALSE,FALSE
ind_bens_duraveis,32,-1.4654180826793255,-4.464050287610765,0.24107820325342183,-6.72832428216632,1.836903558656357,-1,FALSE,FALSE
ind_bens_duraveis,33,-1.2434820454462372,-4.271812830846571,0.47540952260185154,-6.4554265542913924,2.1979126776009306,-1,FALSE,FALSE
ind_bens_duraveis,34,-1.020291079533933,-4.105631148197998,0.6336779943397018,-6.120994627000979,2.33017302604087,-1,FALSE,FALSE
ind_bens_duraveis,35,-0.7994960026876032,-3.8962125863388324,0.8953552765070991,-5.794763332596795,2.634380864473802,-1,FALSE,FALSE
ind_bens_duraveis,36,-0.5840153817112208,-3.7321556723557627,1.1473238116342288,-5.54533114814435,2.8486834584449623,-1,FALSE,FALSE
ind_bens_duraveis,37,-0.3734714405106183,-3.450660290731782,1.298240024559043,-5.315201631588821,3.1221626187250653,-1,FALSE,FALSE
ind_bens_duraveis,38,-0.16957557155512587,-3.1891933038966727,1.5277548440483044,-5.157430226579603,3.381044699108323,-1,FALSE,FALSE
ind_bens_duraveis,39,0.02649474780553825,-2.938179614710418,1.695854749364532,-4.9752327675441554,3.6920639992265616,1,FALSE,FALSE
ind_bens_duraveis,40,0.214156216595501,-2.7184751531166658,1.8866845741665976,-4.674019960894663,3.9596966690106328,1,FALSE,FALSE
ind_bens_duraveis,41,0.3918824965557436,-2.408753962478054,2.0716805722082428,-4.413797245147156,4.026900949466778,1,FALSE,FALSE
ind_bens_duraveis,42,0.5588582735729998,-2.2324842418857807,2.222045468928614,-4.228177314637716,4.136498208782901,1,FALSE,FALSE
ind_bens_duraveis,43,0.7143922761623357,-2.1335986290227362,2.341724985147697,-4.013559861170726,4.242070651038573,1,FALSE,FALSE
ind_bens_duraveis,44,0.8578054609585719,-1.9478875915019407,2.415822815461032,-3.8435365077628796,4.325451774410656,1,FALSE,FALSE
ind_bens_duraveis,45,0.9888282893028375,-1.8078071145800285,2.5630011723758646,-3.667833852285192,4.399025446487526,1,FALSE,FALSE
ind_bens_duraveis,46,1.106994757758397,-1.6380489256960287,2.659059908942422,-3.4523364346381946,4.3852127299168036,1,FALSE,FALSE
ind_bens_duraveis,47,1.211913961579837,-1.4298365028500921,2.7660122354388905,-3.2285964982482347,4.582739476211486,1,FALSE,FALSE
ind_bens_duraveis,48,1.3034841094855938,-1.3228522568372785,2.8247071176758354,-3.000264155186692,4.6734389567572405,1,FALSE,FALSE
ind_bens_capital,0,-1.8998281623329385,-4.131242381156734,-0.7194473910727427,-5.433183448046809,0.02344170295773636,-1,TRUE,FALSE
ind_bens_capital,1,-0.054283742346733665,-3.217536454917158,0.4993039959867464,-4.76219879683227,1.5216250729116523,-1,FALSE,FALSE
ind_bens_capital,2,1.0566184245800707,-2.0799982652728297,1.4186389425262387,-4.118994990141665,2.606435736017216,1,FALSE,FALSE
ind_bens_capital,3,-0.22542409751730547,-3.1644496185604827,0.644908566864599,-5.227963696473919,1.9189662109907506,-1,FALSE,FALSE
ind_bens_capital,4,-0.9819699251093046,-3.332036309049445,0.3269175978897754,-4.938707540557972,1.6626873815236654,-1,FALSE,FALSE
ind_bens_capital,5,-2.0621506111953094,-4.098367762497468,-0.32294233226471414,-5.588143768484819,0.9384184859971136,-1,TRUE,FALSE
ind_bens_capital,6,-2.1181427460935685,-3.9396180239968217,-0.08377517129853854,-5.241058136481455,1.2586895611406383,-1,TRUE,FALSE
ind_bens_capital,7,-1.8873136456237611,-3.470546314722534,0.3104724127163428,-4.749156485455149,1.426408546290366,-1,FALSE,FALSE
ind_bens_capital,8,-2.064390548674333,-3.4091413057912163,0.20877092670874478,-4.8828864985337175,1.5551376929781058,-1,FALSE,FALSE
ind_bens_capital,9,-1.771891914623366,-3.12885448733499,0.5395057487663064,-4.389313328663676,1.7492830437646052,-1,FALSE,FALSE
ind_bens_capital,10,-1.7700887782191592,-2.9819816421028733,0.563112209989849,-4.179664387617839,1.8887937948392046,-1,FALSE,FALSE
ind_bens_capital,11,-1.962634391354446,-3.154493976609155,0.3501087088808035,-4.405387196083494,1.5894650737580238,-1,FALSE,FALSE
ind_bens_capital,12,-1.9023482774151035,-3.14716356054922,0.2612859967658664,-4.365150251821528,1.5581023672690915,-1,FALSE,FALSE
ind_bens_capital,13,-1.8068267161001228,-3.054336014767678,0.20759650581102027,-4.251381703033362,1.4653880436735445,-1,FALSE,FALSE
ind_bens_capital,14,-1.892940363799422,-3.1824007298977923,-0.01832161120724269,-4.417518090066819,1.150783328067654,-1,TRUE,FALSE
ind_bens_capital,15,-1.9949902318905857,-3.287963572843281,-0.144151815045523,-4.516356438707678,0.9638517067120831,-1,TRUE,FALSE
ind_bens_capital,16,-2.0761764439417663,-3.395165494282983,-0.3037418945097658,-4.54578484793591,0.6913052679659926,-1,TRUE,FALSE
ind_bens_capital,17,-2.1844470065399757,-3.5329793716724835,-0.490792206253332,-4.65333724499613,0.39902463421895257,-1,TRUE,FALSE
ind_bens_capital,18,-2.267816616347298,-3.568891402709147,-0.6109013583166271,-4.827723634405226,0.19262139857703484,-1,TRUE,FALSE
ind_bens_capital,19,-2.291869256914996,-3.614376530037302,-0.6977011194859768,-4.922320705727508,0.1187340942637301,-1,TRUE,FALSE
ind_bens_capital,20,-2.313675571371499,-3.613592510898357,-0.7123167739672025,-4.8917025003916015,-0.02028229690984641,-1,TRUE,TRUE
ind_bens_capital,21,-2.320042354671411,-3.563322502274706,-0.7704889852150671,-4.918701583264909,-0.07557954954789911,-1,TRUE,TRUE
ind_bens_capital,22,-2.2950754874595556,-3.535900042897691,-0.7740162584474873,-4.956974426166422,-0.029887872364756058,-1,TRUE,TRUE
ind_bens_capital,23,-2.2576712623917525,-3.477343864933425,-0.7451859243449922,-4.978952198576188,0.010665698823494222,-1,TRUE,FALSE
ind_bens_capital,24,-2.1965391423252703,-3.39920497334346,-0.7270414663802154,-4.790453067297236,0.01637723767946559,-1,TRUE,FALSE
ind_bens_capital,25,-2.1200392606727045,-3.332041930019731,-0.6586296926423341,-4.690601684445884,-0.021161813800975676,-1,TRUE,TRUE
ind_bens_capital,26,-2.0389325894488897,-3.2550966649046447,-0.6236744137915832,-4.67990086879522,0.11595324736375737,-1,TRUE,FALSE
ind_bens_capital,27,-1.941543244039876,-3.19724153563081,-0.5549286745674503,-4.572357164055403,0.22962175422163492,-1,TRUE,FALSE
ind_bens_capital,28,-1.8324139348263415,-3.1079315546015494,-0.4315760353317037,-4.386990059171239,0.3446993887607389,-1,TRUE,FALSE
ind_bens_capital,29,-1.7169022014056676,-3.0274959657566893,-0.3754807017817416,-4.313806995414827,0.47588324245776076,-1,TRUE,FALSE
ind_bens_capital,30,-1.5931977111876197,-2.9333009050133083,-0.2816418598450729,-4.219090149454625,0.5727299019813339,-1,TRUE,FALSE
ind_bens_capital,31,-1.4637703558939186,-2.8292052158355254,-0.1403862054768778,-4.086681359765973,0.7214087165777348,-1,TRUE,FALSE
ind_bens_capital,32,-1.3316143333131196,-2.6627071569960075,-0.0388184391088055,-3.953155027903963,0.8916841004857826,-1,TRUE,FALSE
ind_bens_capital,33,-1.1966309935856931,-2.495262442015911,0.05179621185392797,-3.8528303502388153,1.0487085151283009,-1,FALSE,FALSE
ind_bens_capital,34,-1.0586930647011614,-2.389986590978433,0.1735094716903251,-3.6995480929318107,1.178184681372074,-1,FALSE,FALSE
ind_bens_capital,35,-0.9198693433186399,-2.2333718657589356,0.31286494865826064,-3.558679305400304,1.293900149686533,-1,FALSE,FALSE
ind_bens_capital,36,-0.7817796797865529,-2.075804264909354,0.47401216172205973,-3.4451656709344243,1.373189502630874,-1,FALSE,FALSE
ind_bens_capital,37,-0.6447074602159666,-1.9496207215172867,0.6255442532552644,-3.3864166231685924,1.4866744465984252,-1,FALSE,FALSE
ind_bens_capital,38,-0.5097830160351037,-1.8074125386642779,0.7188939403772852,-3.2013403666342417,1.698987040472918,-1,FALSE,FALSE
ind_bens_capital,39,-0.37794972654217474,-1.7031286959364167,0.7859820915411717,-3.035224930901029,1.7771594258923933,-1,FALSE,FALSE
ind_bens_capital,40,-0.24985373298362068,-1.6062918901486487,0.9087379718390776,-2.869667285306678,1.889109145362802,-1,FALSE,FALSE
ind_bens_capital,41,-0.12652708722196981,-1.4565522495039982,1.0313189595485535,-2.6138936663570194,2.0181366861903336,-1,FALSE,FALSE
ind_bens_capital,42,-0.008677937808121743,-1.333839430575624,1.107298449691642,-2.4110498493265724,2.1258917221166156,-1,FALSE,FALSE
ind_bens_capital,43,0.1030907953447115,-1.2329661182930216,1.1941794975488076,-2.268072469876499,2.1996095515263967,1,FALSE,FALSE
ind_bens_capital,44,0.20817532722244328,-1.146359658359535,1.292695179921369,-2.1803227677773425,2.3343935585870703,1,FALSE,FALSE
ind_bens_capital,45,0.306192456640412,-1.0267193955897742,1.381796769603742,-2.030615192444763,2.4285614664304846,1,FALSE,FALSE
ind_bens_capital,46,0.39671266434062624,-0.923286140484795,1.4369486245841974,-1.837881392831296,2.475014992400058,1,FALSE,FALSE
ind_bens_capital,47,0.47935177700400694,-0.881224753713592,1.5059186511360152,-1.7170438511972352,2.4918332190661383,1,FALSE,FALSE
ind_bens_capital,48,0.5538984037863633,-0.7672604813902656,1.5605142415842201,-1.6359053642101047,2.4929158632381485,1,FALSE,FALSE
vendas_varejo,0,-0.7973733943037421,-1.4300101849948263,-0.3021340710461379,-1.9539992645509552,0.055049802054644124,-1,TRUE,FALSE
vendas_varejo,1,-0.20086009474212457,-1.101218755220682,0.18011419616389526,-1.593702361733211,0.5721556224884149,-1,FALSE,FALSE
vendas_varejo,2,0.19846149207149946,-0.6847530935535691,0.6140109214641386,-1.240430843760527,1.0167131784711436,1,FALSE,FALSE
vendas_varejo,3,-0.2180856200709648,-1.0318410656794155,0.3665618261806006,-1.6515450549085706,0.780402796827576,-1,FALSE,FALSE
vendas_varejo,4,-0.40194196429286605,-0.973556729036422,0.3389188992667753,-1.4699227290459826,0.7288775314750222,-1,FALSE,FALSE
vendas_varejo,5,-0.6495074590038306,-1.1656318915307584,0.2277822170305069,-1.6283098433446774,0.6472342985742495,-1,FALSE,FALSE
vendas_varejo,6,-0.6755632063108837,-1.1542598150704888,0.24251486643868111,-1.6056471236372525,0.6804886978151085,-1,FALSE,FALSE
vendas_varejo,7,-0.5551692729097829,-0.9026911789180017,0.4211155761805806,-1.3345931213231401,0.8494887394421787,-1,FALSE,FALSE
vendas_varejo,8,-0.5831938532858947,-0.9080859675282801,0.39245452200871295,-1.366473935736547,0.919698339239504,-1,FALSE,FALSE
vendas_varejo,9,-0.5075567278450971,-0.8453913019148565,0.46819973668505643,-1.3068178232228966,0.9547802143367694,-1,FALSE,FALSE
vendas_varejo,10,-0.48155804527347856,-0.8222041209984248,0.5201223480029652,-1.1912832363977524,1.0061434303677215,-1,FALSE,FALSE
vendas_varejo,11,-0.5408560704788518,-0.8765020856969564,0.411435404875801,-1.3050965447321083,0.9025977950585722,-1,FALSE,FALSE
vendas_varejo,12,-0.5204396731065202,-0.8835747717640965,0.3815115457964609,-1.3776119804481723,0.8479941410258848,-1,FALSE,FALSE
vendas_varejo,13,-0.4799188103041189,-0.8749539144547892,0.34641521884228377,-1.298883133105552,0.8572664938749569,-1,FALSE,FALSE
vendas_varejo,14,-0.517276934687345,-0.9299015321114263,0.2857943593698201,-1.330478576644196,0.7372406013219975,-1,FALSE,FALSE
vendas_varejo,15,-0.5558105816911376,-0.9747310744998161,0.19607207883221675,-1.391751685573299,0.6245269206749466,-1,FALSE,FALSE
vendas_varejo,16,-0.5892238090280509,-0.992383928146407,0.1326424507657333,-1.456605851947676,0.5627151070577356,-1,FALSE,FALSE
vendas_varejo,17,-0.6330712569137587,-1.0449156677697693,0.07913712632604003,-1.508428040733424,0.46548880796541753,-1,FALSE,FALSE
vendas_varejo,18,-0.6678992709862805,-1.0711064725058124,0.005486007052186028,-1.518175634166282,0.4171065000526443,-1,FALSE,FALSE
vendas_varejo,19,-0.6867696458363025,-1.0957308018544423,-0.023495439804162757,-1.5370227864162558,0.36488888899297156,-1,TRUE,FALSE
vendas_varejo,20,-0.7041357654917111,-1.1225074002286393,-0.0674293843961073,-1.5720595505748811,0.2949162138401622,-1,TRUE,FALSE
vendas_varejo,21,-0.7177537584496024,-1.12781528801493,-0.10395389723147382,-1.5978105242129186,0.24164264581075082,-1,TRUE,FALSE
vendas_varejo,22,-0.7215707519939492,-1.1579696659446252,-0.11493501185870048,-1.6060627233578402,0.20079413883743716,-1,TRUE,FALSE
vendas_varejo,23,-0.7199094984784037,-1.152631950872272,-0.13940034228137005,-1.6007862336347898,0.14770915559924488,-1,TRUE,FALSE
vendas_varejo,24,-0.7118733396018945,-1.1453062877425237,-0.15202113373431214,-1.6282852866403954,0.13740616608383352,-1,TRUE,FALSE
vendas_varejo,25,-0.6986084113573203,-1.117003100140675,-0.1583584192915462,-1.6029039156382134,0.14026569170530565,-1,TRUE,FALSE
vendas_varejo,26,-0.6834876889137766,-1.1000868489042595,-0.1482710585439223,-1.619622419915321,0.15681372625939566,-1,TRUE,FALSE
vendas_varejo,27,-0.6633501987570192,-1.0716235642347223,-0.129355680453703,-1.6115035029200178,0.15780081132390883,-1,TRUE,FALSE
vendas_varejo,28,-0.6386733539012388,-1.0460246890689642,-0.12713955657906004,-1.6116068888304458,0.17134299466020397,-1,TRUE,FALSE
vendas_varejo,29,-0.6117107213951493,-1.0192658308294056,-0.10579677857592787,-1.566152837204413,0.19288650665524587,-1,TRUE,FALSE
vendas_varejo,30,-0.5818038260608802,-0.9945334993072628,-0.07914869165854269,-1.5580544652062174,0.21039254496282914,-1,TRUE,FALSE
vendas_varejo,31,-0.5494703649711823,-0.9649214469295371,-0.061156387679404976,-1.5270481572681533,0.22567813138046086,-1,TRUE,FALSE
vendas_varejo,32,-0.5158465558192945,-0.9408853481148575,-0.05163750628753624,-1.474722788239949,0.26467398126002506,-1,TRUE,FALSE
vendas_varejo,33,-0.4806442800676108,-0.9303622655082389,-0.02545758866065297,-1.4194184330712913,0.3220503347140963,-1,TRUE,FALSE
vendas_varejo,34,-0.4438396732029903,-0.9040885983612559,0.020389379029777516,-1.3591567245968097,0.345362797509213,-1,FALSE,FALSE
vendas_varejo,35,-0.4060927049128565,-0.8666266295574058,0.05708693499038955,-1.3629557187448706,0.39667979376214757,-1,FALSE,FALSE
vendas_varejo,36,-0.3678363422797075,-0.8151216377911195,0.09399572962637755,-1.2999123879838486,0.4510664849765443,-1,FALSE,FALSE
vendas_varejo,37,-0.3291724213902312,-0.7859461984395395,0.12846339201441737,-1.2946160862842464,0.4977553245923465,-1,FALSE,FALSE
vendas_varejo,38,-0.2903783754903533,-0.7540761626050457,0.14526257176868718,-1.23894706725407,0.5235443319292062,-1,FALSE,FALSE
vendas_varejo,39,-0.25175965714077503,-0.7203028496493421,0.1676733040931695,-1.187933488399142,0.5687604311752861,-1,FALSE,FALSE
vendas_varejo,40,-0.2135304514318493,-0.686273574086146,0.20057535340367666,-1.1557762612159885,0.627111138201063,-1,FALSE,FALSE
vendas_varejo,41,-0.17599348819145358,-0.66352704357755,0.23206378101115635,-1.1127353570640093,0.6622067248778428,-1,FALSE,FALSE
vendas_varejo,42,-0.13940647898433614,-0.6310348169773525,0.2725711695175756,-1.081881183800005,0.694733795090621,-1,FALSE,FALSE
vendas_varejo,43,-0.10396316412323994,-0.59124073636762,0.3069618827987066,-1.0061677072289674,0.7203913637933071,-1,FALSE,FALSE
vendas_varejo,44,-0.0698707323448925,-0.5463897948007661,0.3444058692611818,-0.9430208930080219,0.7369196343576786,-1,FALSE,FALSE
vendas_varejo,45,-0.03729052420223885,-0.5049711856527043,0.3757257641726551,-0.9256234622951237,0.7640278362903908,-1,FALSE,FALSE
vendas_varejo,46,-0.006387081390166969,-0.47776293026836103,0.40246392968325895,-0.8904572907128664,0.7853346112392718,-1,FALSE,FALSE
vendas_varejo,47,0.022673813955740637,-0.4508267129487291,0.41598247339336025,-0.8304677451012951,0.8063942309996712,1,FALSE,FALSE
vendas_varejo,48,0.04978166882372454,-0.4164035438769307,0.4389994674178845,-0.7698531430952767,0.8130026787537227,1,FALSE,FALSE
vendas_servicos,0,-0.35601707675431554,-0.9119698934782519,0.012860459242537932,-1.2737740744634238,0.2518781243780897,-1,FALSE,FALSE
vendas_servicos,1,0.20165517442421124,-0.6743888027553105,0.493878929108701,-1.1518740231230484,0.7862775167098275,1,FALSE,FALSE
vendas_servicos,2,0.6829091624501313,-0.32834581298363186,0.9514354388877901,-0.8771634456326874,1.3417568704410907,1,FALSE,FALSE
vendas_servicos,3,0.43571788987870924,-0.5284913572519505,0.8507464422601385,-1.2126413683337132,1.2748451522608109,1,FALSE,FALSE
vendas_servicos,4,0.232663610388929,-0.5342499418445428,0.733208955999778,-1.1588057299665298,1.1416559516055083,1,FALSE,FALSE
vendas_servicos,5,0.021007196027421318,-0.687993496273565,0.6703503046336163,-1.2237044445783936,1.0176395757383023,1,FALSE,FALSE
vendas_servicos,6,0.02065368847339082,-0.6422967442496772,0.7400410447652376,-1.1946132195373929,1.194787512751335,1,FALSE,FALSE
vendas_servicos,7,0.08981930625082661,-0.5402643452838214,0.8597589188178759,-1.0374037589395193,1.3097528902861357,1,FALSE,FALSE
vendas_servicos,8,0.08011561962106574,-0.4942623632560552,0.9477069773304816,-1.0137780007714154,1.4024151801392593,1,FALSE,FALSE
vendas_servicos,9,0.1596517636339119,-0.3593463176565216,1.0832572722309939,-0.94040818206355,1.5115203998452298,1,FALSE,FALSE
vendas_servicos,10,0.1751692816729084,-0.3023272601359125,1.077450199460709,-0.8597355633826153,1.562114490735542,1,FALSE,FALSE
vendas_servicos,11,0.13388103346849506,-0.3206184200784862,1.0734163452709393,-0.8889228323018129,1.5431486595804884,1,FALSE,FALSE
vendas_servicos,12,0.15914948654276895,-0.32601787066153143,1.0703395435705712,-0.814298489451369,1.5386180802445075,1,FALSE,FALSE
vendas_servicos,13,0.19202769838304665,-0.2699338676218117,1.093403850509485,-0.7323455662579402,1.5964571480872292,1,FALSE,FALSE
vendas_servicos,14,0.16702027670788294,-0.28097583120882214,1.036122744721592,-0.7861512717337192,1.58843036262582,1,FALSE,FALSE
vendas_servicos,15,0.13373119206793166,-0.31081381324069307,0.9980019415830279,-0.8122071286584582,1.569104610380519,1,FALSE,FALSE
vendas_servicos,16,0.09623042501252226,-0.3592109350053963,0.9690343002281231,-0.8372367600312102,1.540025778199172,1,FALSE,FALSE
vendas_servicos,17,0.04356511883523912,-0.4276155308609987,0.9413627815730412,-0.8888146957718024,1.4802109035404856,1,FALSE,FALSE
vendas_servicos,18,-0.009553305765558906,-0.5049839120552172,0.8823079220934155,-0.9824272281640037,1.4501221605272927,-1,FALSE,FALSE
vendas_servicos,19,-0.05733887440382843,-0.5499328836284049,0.8313858740539243,-0.9985369794767512,1.4045068971318782,-1,FALSE,FALSE
vendas_servicos,20,-0.10995301928745271,-0.5949437779025113,0.7811218659309833,-1.0723546672383817,1.3550403658594234,-1,FALSE,FALSE
vendas_servicos,21,-0.16469394747004523,-0.6264711824524455,0.7083424872328234,-1.1342051082199094,1.331037995917747,-1,FALSE,FALSE
vendas_servicos,22,-0.21707831168431882,-0.6709665657062823,0.6469479767593125,-1.1653083239565758,1.2490661203498563,-1,FALSE,FALSE
vendas_servicos,23,-0.26923769271751663,-0.7258400367439793,0.574083968147915,-1.2537141089681716,1.1868390737878611,-1,FALSE,FALSE
vendas_servicos,24,-0.3188906236775088,-0.761786869639964,0.535715997275102,-1.3460178734125199,1.1103395289299984,-1,FALSE,FALSE
vendas_servicos,25,-0.3671525837851447,-0.8152397317663136,0.499543064637315,-1.3820347371008126,1.032573337901231,-1,FALSE,FALSE
vendas_servicos,26,-0.415438649766322,-0.8423632937369531,0.45813893370269926,-1.4870546548051866,0.9699562815726591,-1,FALSE,FALSE
vendas_servicos,27,-0.4602617682137495,-0.889705877745004,0.40487288740353555,-1.5287803421949762,0.9047902424839236,-1,FALSE,FALSE
vendas_servicos,28,-0.5017377378222213,-0.9246862753679805,0.33169960701386836,-1.5462786473542756,0.8137650056789477,-1,FALSE,FALSE
vendas_servicos,29,-0.5407269536906422,-0.9543114945745497,0.2921681990234766,-1.5412129339185496,0.7762814583016451,-1,FALSE,FALSE
vendas_servicos,30,-0.5760465078713071,-0.9861708649877624,0.24081454172584313,-1.5914625282696337,0.7087517108174192,-1,FALSE,FALSE
vendas_servicos,31,-0.6076728627212401,-0.9925870295758421,0.17953074353481588,-1.6190823971638804,0.6610423712065729,-1,FALSE,FALSE
vendas_servicos,32,-0.6359228363629885,-1.0178720414629336,0.16281627987279504,-1.669323321829905,0.591841199700347,-1,FALSE,FALSE
vendas_servicos,33,-0.6601510821436654,-1.021685902514723,0.1438447537156153,-1.6896747690084049,0.5158373392391626,-1,FALSE,FALSE
vendas_servicos,34,-0.6799343231735564,-1.0312114403798334,0.11595027691196202,-1.648553754421578,0.469953628676081,-1,FALSE,FALSE
vendas_servicos,35,-0.6954416544976079,-1.023138037867827,0.08920496191891879,-1.638289155042589,0.4420610311273081,-1,FALSE,FALSE
vendas_servicos,36,-0.7067308844911387,-1.0279697538237644,0.0613887906396647,-1.6323196526188861,0.39652854705651747,-1,FALSE,FALSE
vendas_servicos,37,-0.7136422342925631,-1.0442495509007976,0.0291494640856844,-1.6327784890173116,0.3500165699112648,-1,FALSE,FALSE
vendas_servicos,38,-0.7162157715994764,-1.0432206678249982,0.02303404206538278,-1.6360876605405947,0.3038649788024649,-1,FALSE,FALSE
vendas_servicos,39,-0.7145456015905309,-1.0466528086586284,0.008271746541361168,-1.6232412651687202,0.26497336511639724,-1,FALSE,FALSE
vendas_servicos,40,-0.708718975285528,-1.0273975548498744,-0.0013952977114473472,-1.6125194747591762,0.2694175260839176,-1,TRUE,FALSE
vendas_servicos,41,-0.6989387590381938,-1.015972581086137,-0.011596060906588724,-1.6124749171480024,0.24925323797935206,-1,TRUE,FALSE
vendas_servicos,42,-0.6854039159125384,-1.0231678733210299,-0.00740078523271701,-1.595975015418355,0.26460776955575543,-1,TRUE,FALSE
vendas_servicos,43,-0.6683248174029954,-0.9854400889621769,-0.016881139456435636,-1.5948650783537277,0.2591486286078341,-1,TRUE,FALSE
vendas_servicos,44,-0.647953325256705,-0.9884901931517263,-0.006309466953934409,-1.4998059464381988,0.26305272359676907,-1,TRUE,FALSE
vendas_servicos,45,-0.6245364486209696,-0.9675318292549899,0.0015644460363165398,-1.5060809356272535,0.28379094428801804,-1,FALSE,FALSE
vendas_servicos,46,-0.5983662995687565,-0.9454520697810762,0.005064800644912754,-1.4880009436209123,0.2905013046754497,-1,FALSE,FALSE
vendas_servicos,47,-0.5697621251208564,-0.9329136744585953,0.015944180412468846,-1.4676393964742172,0.34182031423284465,-1,FALSE,FALSE
vendas_servicos,48,-0.5390263414603459,-0.9056572616506784,0.027654141330514186,-1.4495657766294432,0.38367936891964693,-1,FALSE,FALSE
ind_automoveis,0,-4231.180673560395,-8978.592809002515,-1126.8020945022618,-11892.960425581734,1338.7490915448814,-1,TRUE,FALSE
ind_automoveis,1,-399.6440695566662,-7093.210760610606,1548.6420994070038,-11406.54572562724,5244.742955767556,-1,FALSE,FALSE
ind_automoveis,2,2495.1261187949294,-5202.3363842581475,4280.815069691631,-9201.385952310953,7916.546221370602,1,FALSE,FALSE
ind_automoveis,3,159.9548970571712,-7046.536294501942,2691.3950602314653,-12347.43430263259,6529.662998322317,1,FALSE,FALSE
ind_automoveis,4,-1674.0819030945534,-7491.601091301158,1916.045078219367,-12000.061908517186,5468.330899092753,-1,FALSE,FALSE
ind_automoveis,5,-3981.050856721459,-9262.693280873362,816.0131745625456,-12782.544646342116,3944.4045045412345,-1,FALSE,FALSE
ind_automoveis,6,-3897.4146120837286,-8603.11385205332,1218.9984643998494,-12479.349684296903,4683.241135404968,-1,FALSE,FALSE
ind_automoveis,7,-3391.3545961680497,-7390.146234179929,1876.206169830397,-11210.171429752048,5702.407978054678,-1,FALSE,FALSE
ind_automoveis,8,-3444.26026562824,-6917.258705658256,1949.1826036573111,-11226.49316643786,5765.01406854494,-1,FALSE,FALSE
ind_automoveis,9,-2405.2761492343993,-5690.513897173036,2805.0554440472233,-9457.7804147046445,6725.69299563885,-1,FALSE,FALSE
ind_automoveis,10,-2191.4676971942654,-5280.590883086764,3112.178100264713,-8365.943818460652,6929.079902412479,-1,FALSE,FALSE
ind_automoveis,11,-2268.1066304024844,-5302.850747096145,2914.521108251714,-8086.247819273337,6459.633730841971,-1,FALSE,FALSE
ind_automoveis,12,-1806.021259267439,-4939.516329155448,3296.3060930363313,-7651.585560766747,6757.937316384198,-1,FALSE,FALSE
ind_automoveis,13,-1313.7603972655722,-4277.255102513123,3431.6826903084693,-7187.414581719781,6430.182962666,-1,FALSE,FALSE
ind_automoveis,14,-1175.4724115426122,-4194.13972056134,3086.8656925627047,-7196.66959675983,6150.691165975411,-1,FALSE,FALSE
ind_automoveis,15,-1169.5629206428714,-4328.016684603406,3022.1701615563475,-7049.207406211314,5943.021033104615,-1,FALSE,FALSE
ind_automoveis,16,-1164.4710492771433,-4353.758790915673,2780.164699716909,-7030.363923913286,5610.19166702316,-1,FALSE,FALSE
ind_automoveis,17,-1267.8332478085147,-4496.8711006835665,2482.454615344098,-6847.349964819471,5655.071106012648,-1,FALSE,FALSE
ind_automoveis,18,-1388.8479389647741,-4612.275127283872,2178.419693661419,-6859.959814183435,5491.420872396597,-1,FALSE,FALSE
ind_automoveis,19,-1422.9769645221427,-4584.474388458043,2063.4083423281927,-7221.389457999803,5042.843224590563,-1,FALSE,FALSE
ind_automoveis,20,-1507.420166927854,-4573.836232930207,1840.457430396436,-7391.597058531963,4732.105869575777,-1,FALSE,FALSE
ind_automoveis,21,-1606.2166065288143,-4691.80083153933,1722.9986031926699,-7504.631203463583,4261.880892650714,-1,FALSE,FALSE
ind_automoveis,22,-1677.6591268447703,-4818.111533868311,1615.2002300673082,-7507.273416448602,3949.5591016686767,-1,FALSE,FALSE
ind_automoveis,23,-1757.5578033000727,-4843.865269101298,1453.988908200391,-7466.666119132547,3678.993024117974,-1,FALSE,FALSE
ind_automoveis,24,-1810.947349038587,-4878.272062658409,1256.9599360105694,-7472.836585535473,3406.9675953963815,-1,FALSE,FALSE
ind_automoveis,25,-1859.5494037354724,-4834.167331005221,1167.6325982243002,-7516.038669729644,3170.375461611433,-1,FALSE,FALSE
ind_automoveis,26,-1919.318477716908,-4788.724708005593,1003.5445789863184,-7772.472244982233,3098.0251062902294,-1,FALSE,FALSE
ind_automoveis,27,-1959.2482004928654,-4784.0147310727025,1006.0007390206692,-7686.946502321457,3101.8998336139343,-1,FALSE,FALSE
ind_automoveis,28,-1988.585209172188,-4722.452685613089,985.6081287831603,-7643.097912238246,2805.5495955078936,-1,FALSE,FALSE
ind_automoveis,29,-2012.0363523444094,-4678.159390094602,899.6461222410126,-7486.175757688277,2615.7423124166967,-1,FALSE,FALSE
ind_automoveis,30,-2023.243819659924,-4671.37496972773,930.7504267511317,-7404.333422893983,2554.7992002637,-1,FALSE,FALSE
ind_automoveis,31,-2025.477677868046,-4575.995971341673,860.3825388168859,-7280.818239989961,2514.982290303454,-1,FALSE,FALSE
ind_automoveis,32,-2021.3107174046631,-4530.5210947982405,862.1034163023307,-7138.335651353066,2526.245151382009,-1,FALSE,FALSE
ind_automoveis,33,-2008.5506114427217,-4481.895360841171,821.7742603471771,-7006.3008468445005,2482.7598192505893,-1,FALSE,FALSE
ind_automoveis,34,-1983.8194609689378,-4394.840726284221,823.2340843759639,-6902.141695741551,2482.3990315150004,-1,FALSE,FALSE
ind_automoveis,35,-1949.248667490016,-4333.16459492818,783.2856183718699,-6678.309154982739,2505.1487147182434,-1,FALSE,FALSE
ind_automoveis,36,-1906.6268309451928,-4240.679308827255,815.2726942150506,-6687.449197184979,2490.2678725274454,-1,FALSE,FALSE
ind_automoveis,37,-1854.3963451272357,-4084.6630595225697,868.0064633894449,-6596.833146906645,2399.528521892123,-1,FALSE,FALSE
ind_automoveis,38,-1793.4044007297548,-4046.4443631416652,966.4767429707363,-6431.420661017448,2368.1696123872334,-1,FALSE,FALSE
ind_automoveis,39,-1724.1002450752537,-3875.259935386388,1074.520760096611,-6450.776871491271,2420.853048985125,-1,FALSE,FALSE
ind_automoveis,40,-1646.5522872127256,-3791.738469543533,1135.4875050044964,-6236.540995773488,2479.88885188889,-1,FALSE,FALSE
ind_automoveis,41,-1562.0099004912668,-3622.924098889052,1171.627640951529,-6077.3754761458995,2538.7054390363382,-1,FALSE,FALSE
ind_automoveis,42,-1471.1058954504388,-3372.7735774917355,1256.3402902491976,-6038.272091074687,2504.9490353885267,-1,FALSE,FALSE
ind_automoveis,43,-1374.6021016537213,-3252.4708200482187,1352.5527612726023,-5998.183506755934,2775.5994675460443,-1,FALSE,FALSE
ind_automoveis,44,-1273.376119338001,-3235.7342552231485,1389.1739248153192,-5777.9284285090835,2845.637216022394,-1,FALSE,FALSE
ind_automoveis,45,-1168.0090088544034,-3059.8038401946014,1425.655708598173,-5563.4088307917145,2976.0452534391443,-1,FALSE,FALSE
ind_automoveis,46,-1059.4785992380775,-3032.8288637269966,1474.2519823626794,-5329.963092881227,3100.6772601711377,-1,FALSE,FALSE
ind_automoveis,47,-948.7932911187621,-2886.5174170420796,1546.53193438385,-5067.992973465446,3238.303794293076,-1,FALSE,FALSE
ind_automoveis,48,-836.7793562510259,-2786.2379983151886,1631.4837836806446,-4976.202258166881,3366.8334761015003,-1,FALSE,FALSE
capacidade_instalada_industria,0,-0.12366092796662409,-0.3140693443383523,-0.02062250454025516,-0.4020872040935408,0.05819628906915097,-1,TRUE,FALSE
capacidade_instalada_industria,1,0.028464645361395157,-0.20992968156223452,0.07152460045254419,-0.3415102011934713,0.15472302495513915,1,FALSE,FALSE
capacidade_instalada_industria,2,0.10247770697089338,-0.1409664712355235,0.1308666676340331,-0.2860262127794433,0.2197772716605423,1,FALSE,FALSE
capacidade_instalada_industria,3,0.004724178706865055,-0.23192091659486944,0.0801664836684293,-0.3815584067958963,0.17821206655890495,1,FALSE,FALSE
capacidade_instalada_industria,4,-0.06156473605797727,-0.2516385710102922,0.05524270449808592,-0.3711327532175548,0.1520268538904651,-1,FALSE,FALSE
capacidade_instalada_industria,5,-0.16075565423608704,-0.3338344950044072,-0.010136392898836784,-0.4558522465868895,0.11890149903607276,-1,TRUE,FALSE
capacidade_instalada_industria,6,-0.1671235930366942,-0.32029507582204186,0.009683935107872094,-0.4373889616784926,0.12835200604178487,-1,FALSE,FALSE
capacidade_instalada_industria,7,-0.15472573925609664,-0.2936582344886075,0.033799022008283615,-0.38934417760354156,0.15726474124688572,-1,FALSE,FALSE
capacidade_instalada_industria,8,-0.17584358423476057,-0.3004438920064126,0.022119521273386122,-0.40581791061578454,0.15187620944478555,-1,FALSE,FALSE
capacidade_instalada_industria,9,-0.1551881746140944,-0.27631925681501224,0.046766411898917365,-0.3748918388574789,0.15687563675685476,-1,FALSE,FALSE
capacidade_instalada_industria,10,-0.16040763068121816,-0.27850421919415513,0.042798545042104334,-0.3698909426177611,0.17350292300222775,-1,FALSE,FALSE
capacidade_instalada_industria,11,-0.17976359573118728,-0.3019083710338607,0.025394776457164397,-0.39911454762452003,0.13431719799509792,-1,FALSE,FALSE
capacidade_instalada_industria,12,-0.1797872946776385,-0.3019273978180148,0.0028449606616451125,-0.39779983746430003,0.12285312019771462,-1,FALSE,FALSE
capacidade_instalada_industria,13,-0.1753857901946129,-0.29621951685072906,4.1675674260114833e-4,-0.4052955225683301,0.12554427124509274,-1,FALSE,FALSE
capacidade_instalada_industria,14,-0.18464274785637166,-0.31420740967510663,-0.00983287854598415,-0.4234674128561147,0.09986021117919279,-1,TRUE,FALSE
capacidade_instalada_industria,15,-0.19533110788592414,-0.3253817195457795,-0.031225934744965645,-0.43706816518180835,0.07510501612529269,-1,TRUE,FALSE
capacidade_instalada_industria,16,-0.20298185967272425,-0.33308592282385896,-0.04797158255097178,-0.44819663427798534,0.05148277522546276,-1,TRUE,FALSE
capacidade_instalada_industria,17,-0.21295762457832038,-0.3474280124508636,-0.06064944975399715,-0.4589825790504897,0.024252154206808568,-1,TRUE,FALSE
capacidade_instalada_industria,18,-0.2202800058734085,-0.3559745703632373,-0.07586172976375348,-0.46542968706022264,0.009499976194267469,-1,TRUE,FALSE
capacidade_instalada_industria,19,-0.2217327961167483,-0.35738804037280514,-0.08292672043100058,-0.47020762745683053,0.002659450447335316,-1,TRUE,FALSE
capacidade_instalada_industria,20,-0.22290451038417383,-0.3608108722916368,-0.08970045633835666,-0.48011360482212634,-0.002850468855898483,-1,TRUE,TRUE
capacidade_instalada_industria,21,-0.22217117124028968,-0.35827281472656314,-0.08775332800620927,-0.47970885839900523,-0.006172253432299231,-1,TRUE,TRUE
capacidade_instalada_industria,22,-0.2185257718885245,-0.3554193712941281,-0.0850019992327976,-0.475047823867698,-0.007672686899074186,-1,TRUE,TRUE
capacidade_instalada_industria,23,-0.2137445433469525,-0.3548728453633766,-0.08448411017121955,-0.4725369056219879,-0.009397239588716114,-1,TRUE,TRUE
capacidade_instalada_industria,24,-0.20662580217045037,-0.3452044218365211,-0.08135868187368293,-0.472065280716571,-0.004590826278486592,-1,TRUE,TRUE
capacidade_instalada_industria,25,-0.19801468151933196,-0.33728112783452546,-0.07528421575181823,-0.46458132126061036,-3.296428160348789e-4,-1,TRUE,TRUE
capacidade_instalada_industria,26,-0.18883359161443047,-0.3281308762681722,-0.06471581395000939,-0.4512490492724555,0.005784731453225894,-1,TRUE,FALSE
capacidade_instalada_industria,27,-0.17816247521488682,-0.31447458870015543,-0.050926663133434094,-0.4323039335031125,0.013449555675404533,-1,TRUE,FALSE
capacidade_instalada_industria,28,-0.1664370534792152,-0.30746290087928996,-0.040545896379980635,-0.42028688902091815,0.02977368280203665,-1,TRUE,FALSE
capacidade_instalada_industria,29,-0.1540753834888402,-0.2952005108253666,-0.030183046296213684,-0.4148726345793038,0.0433054258392972,-1,TRUE,FALSE
capacidade_instalada_industria,30,-0.14099635003986644,-0.28351723933437745,-0.019081236466079062,-0.4086227288004349,0.0633412772629468,-1,TRUE,FALSE
capacidade_instalada_industria,31,-0.12741144183617598,-0.2726839702615454,-0.005112917984937829,-0.3896399137812987,0.07597738426691701,-1,TRUE,FALSE
capacidade_instalada_industria,32,-0.11359690238613249,-0.26157194561026764,0.006195361648642183,-0.3795700299101182,0.10150464480241012,-1,FALSE,FALSE
capacidade_instalada_industria,33,-0.09959775237234642,-0.24494840025611228,0.02105695996598078,-0.3628776751991693,0.1153444847580741,-1,FALSE,FALSE
capacidade_instalada_industria,34,-0.08540699917524969,-0.23175758992094347,0.0359300781659923,-0.353412529937246,0.1339450503536724,-1,FALSE,FALSE
capacidade_instalada_industria,35,-0.07122654871721502,-0.21504007217194188,0.04821972000528094,-0.33436348647559405,0.1465149277887844,-1,FALSE,FALSE
capacidade_instalada_industria,36,-0.05721167061393902,-0.1997634839111512,0.0637953147570765,-0.3255512245793226,0.15857011443599492,-1,FALSE,FALSE
capacidade_instalada_industria,37,-0.04340149855152535,-0.18531373228257783,0.0725283717221497,-0.3069616311242728,0.17469802794510542,-1,FALSE,FALSE
capacidade_instalada_industria,38,-0.02991876944970887,-0.17716451858089932,0.08428786529589964,-0.28674152324978647,0.18113394805307004,-1,FALSE,FALSE
capacidade_instalada_industria,39,-0.016852678279690055,-0.1647692384579133,0.0979688261603005,-0.274311392616155,0.1969409706478577,-1,FALSE,FALSE
capacidade_instalada_industria,40,-0.0042696393357729515,-0.15250161383353042,0.10592748175209202,-0.26166949780103615,0.2041632308607713,-1,FALSE,FALSE
capacidade_instalada_industria,41,0.007731290507329088,-0.13881209169939995,0.11777666272957718,-0.24741413374597207,0.21493931937573388,1,FALSE,FALSE
capacidade_instalada_industria,42,0.01908459350285876,-0.12663381313886493,0.12699466261896464,-0.23099071915693128,0.22141096669973934,1,FALSE,FALSE
capacidade_instalada_industria,43,0.029732016416355866,-0.11524797162733752,0.13128863254131795,-0.2121711025362814,0.22303007319553714,1,FALSE,FALSE
capacidade_instalada_industria,44,0.03961923189627647,-0.1046619332316864,0.1373496532334323,-0.20219775142423113,0.23078482183541066,1,FALSE,FALSE
capacidade_instalada_industria,45,0.04871272974784835,-0.09217224433426767,0.14679255207528186,-0.19199436692867475,0.2348494856572901,1,FALSE,FALSE
capacidade_instalada_industria,46,0.05697702670318594,-0.08411613871461111,0.15330157320217097,-0.1711828195361723,0.2416030700162285,1,FALSE,FALSE
capacidade_instalada_industria,47,0.06438326524194478,-0.07323843640364816,0.15739476482557999,-0.15703567547077638,0.24569996174371267,1,FALSE,FALSE
capacidade_instalada_industria,48,0.0709173861900227,-0.0640321061092075,0.16214294956782377,-0.1509970755544976,0.25241124182119634,1,FALSE,FALSE
trab_tx_desemprego,0,-0.10187703760678407,-0.13539706689894557,-0.04151070599264737,-0.16651694464885353,-0.01978613416494733,-1,TRUE,TRUE
trab_tx_desemprego,1,-0.1320432600787931,-0.17590232605299638,-0.04288883543505073,-0.21099032857903624,-0.0034595221622504024,-1,TRUE,TRUE
trab_tx_desemprego,2,-0.18129095340504425,-0.2263447305117925,-0.0568916030913421,-0.27016756608308506,-0.0016469592861282664,-1,TRUE,TRUE
trab_tx_desemprego,3,-0.22382629220618028,-0.26852905292293683,-0.07570444701245926,-0.3259198537631804,-0.005182871078968669,-1,TRUE,TRUE
trab_tx_desemprego,4,-0.2181453337649608,-0.26140247088682644,-0.05729357565297837,-0.33627928052804085,0.01765690296095712,-1,TRUE,FALSE
trab_tx_desemprego,5,-0.23300763937636604,-0.2772893352423071,-0.06080323635418105,-0.3668161793922907,0.02738082337847419,-1,TRUE,FALSE
trab_tx_desemprego,6,-0.23503084814706765,-0.29147660077696114,-0.05824290617887942,-0.3892872015155382,0.024206932709683278,-1,TRUE,FALSE
trab_tx_desemprego,7,-0.22951769194154015,-0.2997494720643494,-0.04949273525606866,-0.40313852048811644,0.033269238173138246,-1,TRUE,FALSE
trab_tx_desemprego,8,-0.23314490667607898,-0.31337594557121773,-0.05406485115119014,-0.424899855031236,0.029938485568112905,-1,TRUE,FALSE
trab_tx_desemprego,9,-0.22685299699464134,-0.31866364526700247,-0.05165464018419727,-0.4385811668143349,0.03317993687438115,-1,TRUE,FALSE
trab_tx_desemprego,10,-0.22418716250147985,-0.3339569035699116,-0.051705677638720304,-0.45027417667650527,0.020288026652064625,-1,TRUE,FALSE
trab_tx_desemprego,11,-0.22083945044555073,-0.3446370987918717,-0.05597219536652398,-0.4656483299051638,0.022867217940391194,-1,TRUE,FALSE
trab_tx_desemprego,12,-0.21570608690045917,-0.35280384232975937,-0.058403166417020376,-0.46567875167998474,0.030983081790851248,-1,TRUE,FALSE
trab_tx_desemprego,13,-0.21208483436966885,-0.3572513427652882,-0.06118260150663534,-0.4686584374577474,0.038139626019385045,-1,TRUE,FALSE
trab_tx_desemprego,14,-0.20597701871302498,-0.3635102871015412,-0.05463518847129321,-0.4826972932241769,0.03841808243170072,-1,TRUE,FALSE
trab_tx_desemprego,15,-0.1988127662504964,-0.3618665467344783,-0.05176695469100174,-0.4848969967923053,0.04623860422970852,-1,TRUE,FALSE
trab_tx_desemprego,16,-0.18980418146069283,-0.35938189488221145,-0.04717670823718141,-0.4945877617508412,0.045321323191522454,-1,TRUE,FALSE
trab_tx_desemprego,17,-0.1778750557248976,-0.35020067501664354,-0.036064546075057366,-0.4956205383817135,0.05164545646114828,-1,TRUE,FALSE
trab_tx_desemprego,18,-0.16445237389986342,-0.3392100013724686,-0.025035973805765756,-0.49791955105089397,0.0707158872918299,-1,TRUE,FALSE
trab_tx_desemprego,19,-0.14851545829570623,-0.3324243065823616,-0.013141828975986243,-0.48479972404826294,0.08780066585636022,-1,TRUE,FALSE
trab_tx_desemprego,20,-0.13095747138768107,-0.3172728891578257,-7.737260912696617e-4,-0.49382022378722273,0.10384318034624936,-1,TRUE,FALSE
trab_tx_desemprego,21,-0.11210897945227265,-0.30424897000073725,0.01687792813690083,-0.4691329108999367,0.12400197954242939,-1,FALSE,FALSE
trab_tx_desemprego,22,-0.09164227165288436,-0.2879769562429766,0.03658487651204548,-0.45121143710708367,0.14323733994028134,-1,FALSE,FALSE
trab_tx_desemprego,23,-0.07035836591060751,-0.2734496262601808,0.05383087275624412,-0.4323802298320303,0.16825406768726764,-1,FALSE,FALSE
trab_tx_desemprego,24,-0.04827007224366378,-0.2566862356378339,0.07422017246080706,-0.4187760992323585,0.18365994139299102,-1,FALSE,FALSE
trab_tx_desemprego,25,-0.025626098010710252,-0.24032484371027205,0.09748811786410362,-0.40144608323103836,0.2032168359497027,-1,FALSE,FALSE
trab_tx_desemprego,26,-0.0028892603538613125,-0.22057453835778684,0.1160581133017452,-0.37885739323377243,0.22257332421040854,-1,FALSE,FALSE
trab_tx_desemprego,27,0.019865735047178753,-0.20367813444070898,0.1375087299913626,-0.36310611683048116,0.2483098723512305,1,FALSE,FALSE
trab_tx_desemprego,28,0.04229986572530447,-0.188793997886084,0.15610827505993685,-0.3448049028781407,0.26748828266811303,1,FALSE,FALSE
trab_tx_desemprego,29,0.06421242439005966,-0.17141669831126552,0.17457289434873105,-0.32471856445836744,0.2935398660389466,1,FALSE,FALSE
trab_tx_desemprego,30,0.08542631164771639,-0.1566790050376361,0.1887497628240811,-0.2972549621408076,0.3262050689061772,1,FALSE,FALSE
trab_tx_desemprego,31,0.10570163824122504,-0.1401765582758922,0.19879433738519836,-0.2735164368988575,0.3473915336979804,1,FALSE,FALSE
trab_tx_desemprego,32,0.12491595960000379,-0.1244294961544505,0.21249429318133137,-0.24688031431512772,0.36658215688768736,1,FALSE,FALSE
trab_tx_desemprego,33,0.14290673372526966,-0.10671331479326145,0.22860902565165497,-0.22587096393045425,0.38548702902064785,1,FALSE,FALSE
trab_tx_desemprego,34,0.159546695643229,-0.08477134320008234,0.2358761028146114,-0.204351456806894,0.398219180567009,1,FALSE,FALSE
trab_tx_desemprego,35,0.17474379930026612,-0.06752044078798991,0.24443679559592238,-0.18042680254350915,0.412178573554518,1,FALSE,FALSE
trab_tx_desemprego,36,0.1883925860666994,-0.05533450729900963,0.25292707107377105,-0.1658754092243676,0.42976931726566936,1,FALSE,FALSE
trab_tx_desemprego,37,0.20043613833067955,-0.04325149895700266,0.2627340297994933,-0.15688512307195812,0.4304032589400757,1,FALSE,FALSE
trab_tx_desemprego,38,0.21082227268198309,-0.03137801166473632,0.2698540919495712,-0.13703435876491787,0.430055887348289,1,FALSE,FALSE
trab_tx_desemprego,39,0.2195162774207699,-0.021732074383521705,0.2759539971464768,-0.12828618210570886,0.4360648020440443,1,FALSE,FALSE
trab_tx_desemprego,40,0.22651201484457464,-0.014828730502140423,0.2888973123831451,-0.11659272082480407,0.4337085365161227,1,FALSE,FALSE
trab_tx_desemprego,41,0.2318077127591965,-0.005942787082082668,0.2940886229726482,-0.09697822069761619,0.4315080258541196,1,FALSE,FALSE
trab_tx_desemprego,42,0.23542419541001816,-0.0011600333322286643,0.2927463068245976,-0.08567951089095588,0.43229510797524573,1,FALSE,FALSE
trab_tx_desemprego,43,0.2373972170042695,0.006226311101242992,0.2933514665113288,-0.07658749319821652,0.43621257978788314,1,TRUE,FALSE
trab_tx_desemprego,44,0.23777297198809735,0.009349865490156787,0.2887350284323226,-0.06806354335002665,0.44433164772914224,1,TRUE,FALSE
trab_tx_desemprego,45,0.23661390469605056,0.00998410751344266,0.2852549260929499,-0.07276962856721886,0.4368556219390156,1,TRUE,FALSE
trab_tx_desemprego,46,0.23399110450473973,0.011608635626469781,0.2837823051948382,-0.06771932443540932,0.44184694019996035,1,TRUE,FALSE
trab_tx_desemprego,47,0.229986466894382,0.011542728468446463,0.2819323100684154,-0.0652302295684519,0.4407357957255429,1,TRUE,FALSE
trab_tx_desemprego,48,0.2246911188770495,0.010292764677725087,0.27753047067816067,-0.06439743596531398,0.4361455918857098,1,TRUE,FALSE
trab_pop_ocupada,0,233.19957240761474,103.46026648407285,324.78016408517715,35.869929502627606,401.2965917775059,1,TRUE,TRUE
trab_pop_ocupada,1,285.69294725827405,22.929583722112696,357.9475563922517,-105.78920694389438,446.38516045208644,1,TRUE,FALSE
trab_pop_ocupada,2,399.74388838187645,14.00612226962474,479.6128108241279,-175.33413168024222,591.4902144423417,1,TRUE,FALSE
trab_pop_ocupada,3,542.2864478800909,61.189803993061275,634.6988744985715,-148.36892685600492,795.9583740538119,1,TRUE,FALSE
trab_pop_ocupada,4,504.77160640954804,-25.779692311524425,628.0557881411323,-300.23600020087343,821.1967610169662,1,FALSE,FALSE
trab_pop_ocupada,5,519.2276540935906,-31.164343798303072,668.9581709657709,-325.18508588967376,898.154533477627,1,FALSE,FALSE
trab_pop_ocupada,6,538.679550948925,-28.289161203629423,736.854294544514,-313.0957441484746,980.9880281492708,1,FALSE,FALSE
trab_pop_ocupada,7,519.5089277885734,-40.36288242809038,758.8147497591677,-357.20670421738805,1032.4714908098038,1,FALSE,FALSE
trab_pop_ocupada,8,547.7836974767769,-7.291485984010143,823.7747187230857,-328.239627715252,1114.7668256306672,1,FALSE,FALSE
trab_pop_ocupada,9,568.2975090689704,20.530129667408662,892.2018944936942,-259.88028362356977,1187.0502373423442,1,TRUE,FALSE
trab_pop_ocupada,10,575.0928084394626,50.5806194103577,952.5157814403437,-220.466097589557,1236.039865655607,1,TRUE,FALSE
trab_pop_ocupada,11,594.7422850914221,88.40812291578875,1022.504310817966,-181.65469540448768,1323.0534963278346,1,TRUE,FALSE
trab_pop_ocupada,12,607.2017844256424,125.50442329924505,1051.3685356735186,-130.48768991306113,1386.0211967505036,1,TRUE,FALSE
trab_pop_ocupada,13,623.3402459775582,174.99876489866224,1079.2945575934768,-123.65058056252678,1452.9654367827206,1,TRUE,FALSE
trab_pop_ocupada,14,638.2140420791828,200.84443309049834,1107.0115684101265,-113.35942876427718,1476.448250087185,1,TRUE,FALSE
trab_pop_ocupada,15,640.8348695503161,226.6200660378185,1128.796351529923,-90.80273157601822,1485.882713607814,1,TRUE,FALSE
trab_pop_ocupada,16,638.3712373773922,227.41695955940042,1133.3063057360916,-47.42974964813912,1517.101823285137,1,TRUE,FALSE
trab_pop_ocupada,17,624.2545048886085,230.27852084634577,1120.3663613598324,-46.00430212395024,1505.1053730762867,1,TRUE,FALSE
trab_pop_ocupada,18,601.531522767266,208.04354636297876,1115.8385732100396,-36.62210613597964,1501.7930361377273,1,TRUE,FALSE
trab_pop_ocupada,19,571.9787503298763,194.38161995463818,1077.5168696252672,-62.45851331236155,1496.0167018299135,1,TRUE,FALSE
trab_pop_ocupada,20,533.7972187341143,165.8987520907105,1063.6094994272319,-104.44061200072329,1483.335597119375,1,TRUE,FALSE
trab_pop_ocupada,21,489.6134422385452,124.05142542409902,1040.4210453481546,-146.64142971529878,1443.1185537916651,1,TRUE,FALSE
trab_pop_ocupada,22,438.9971520761677,84.94691747923875,997.8119345563116,-189.4823915983951,1399.541913142985,1,TRUE,FALSE
trab_pop_ocupada,23,383.6286256927834,28.0098413664572,951.7231948274481,-268.1415305813612,1369.049542623293,1,TRUE,FALSE
trab_pop_ocupada,24,325.01336607065724,-23.355741586500454,918.1692640832331,-335.34259146923813,1314.2253717915016,1,FALSE,FALSE
trab_pop_ocupada,25,263.02577166623496,-71.87856942261816,871.5430891693377,-407.18643427976133,1263.6794881947176,1,FALSE,FALSE
trab_pop_ocupada,26,199.20293815487588,-119.64828223242282,821.6148124676602,-468.0882374484523,1225.8162229244297,1,FALSE,FALSE
trab_pop_ocupada,27,134.1615331163516,-180.93769811122112,760.0069444443689,-552.4537822785849,1148.9514876502387,1,FALSE,FALSE
trab_pop_ocupada,28,68.58720237015149,-235.7931973278266,696.9537054699834,-606.8592996692652,1087.8644098154778,1,FALSE,FALSE
trab_pop_ocupada,29,3.55165301092515,-295.5290726784111,635.5009221939357,-670.5351516506668,1055.6005917466077,1,FALSE,FALSE
trab_pop_ocupada,30,-60.50073704433934,-340.2603012115982,585.6210767250617,-719.9580736161528,972.5487956268963,-1,FALSE,FALSE
trab_pop_ocupada,31,-122.8747938281256,-393.57408240610744,546.3658372610886,-779.3756713169095,893.8826480227842,-1,FALSE,FALSE
trab_pop_ocupada,32,-183.0399162673049,-436.9417410730367,497.79107566958385,-835.5134299494475,817.8813404950283,-1,FALSE,FALSE
trab_pop_ocupada,33,-240.57079457329044,-486.4487597781616,437.70887294657354,-897.1806805514638,784.7391855683766,-1,FALSE,FALSE
trab_pop_ocupada,34,-294.9012786543626,-526.2918642316918,381.2192353314953,-954.0183874730876,682.1848827150751,-1,FALSE,FALSE
trab_pop_ocupada,35,-345.69779405231714,-561.7024367518075,335.40367848137265,-1023.2240185252898,612.511688713807,-1,FALSE,FALSE
trab_pop_ocupada,36,-392.626304359677,-601.5919087034115,283.92723643816674,-1109.6352407664983,558.1286783179409,-1,FALSE,FALSE
trab_pop_ocupada,37,-435.39068933967167,-634.6991364739149,249.17773426712546,-1111.9928854971836,513.1893834763448,-1,FALSE,FALSE
trab_pop_ocupada,38,-473.7914117065744,-661.3859273837832,200.91282107404328,-1135.539389663274,460.47255731751454,-1,FALSE,FALSE
trab_pop_ocupada,39,-507.6279209943834,-696.9328023411905,167.77264365743375,-1130.1596272341794,420.9132940399766,-1,FALSE,FALSE
trab_pop_ocupada,40,-536.7866987987775,-722.4715786139117,134.9693813777037,-1141.3295915071078,377.867027828938,-1,FALSE,FALSE
trab_pop_ocupada,41,-561.1983703603007,-749.1954707910634,100.0087087478013,-1148.325548898011,331.61910453912714,-1,FALSE,FALSE
trab_pop_ocupada,42,-580.8356082523411,-767.9566206336463,75.82108284361196,-1139.6230893613538,300.4120999866556,-1,FALSE,FALSE
trab_pop_ocupada,43,-595.7364960448855,-774.0178706251404,49.983906062131446,-1157.2324408789498,274.7153692869492,-1,FALSE,FALSE
trab_pop_ocupada,44,-605.962925436979,-789.0147971381563,34.14270951802502,-1170.5345233589148,252.94008568398323,-1,FALSE,FALSE
trab_pop_ocupada,45,-611.6232414471663,-781.9727108163762,16.324413532894617,-1193.012019458876,228.8226130388349,-1,FALSE,FALSE
trab_pop_ocupada,46,-612.867644791826,-806.3699878626652,10.68429073493598,-1226.8466514151976,209.34821133340344,-1,FALSE,FALSE
trab_pop_ocupada,47,-609.8755422643508,-805.3568194673308,17.634429982644996,-1212.6286515099544,195.45441038379877,-1,FALSE,FALSE
trab_pop_ocupada,48,-602.8622519414872,-803.8816833758984,7.046523518523174,-1198.404639450006,175.5728149883479,-1,FALSE,FALSE
trab_hrs_trabalhadas_industria,0,-0.7713796460897449,-1.5258237949155622,-0.3921346590256737,-2.0107579542645038,-0.12570268990749975,-1,TRUE,TRUE
trab_hrs_trabalhadas_industria,1,-0.17380373984862316,-1.281188496716331,0.03831415728995957,-1.93304998694652,0.4011434869678546,-1,FALSE,FALSE
trab_hrs_trabalhadas_industria,2,0.22213066666186387,-0.9194405196594614,0.4111713427970403,-1.6235170714120526,0.8168335976301786,1,FALSE,FALSE
trab_hrs_trabalhadas_industria,3,-0.15646982764975761,-1.2375423194190107,0.17007755847997272,-2.0264052276078335,0.6652382025524374,-1,FALSE,FALSE
trab_hrs_trabalhadas_industria,4,-0.39270782006258126,-1.2562178442845462,0.051460269473887855,-1.8283784031907442,0.5351373415359517,-1,FALSE,FALSE
trab_hrs_trabalhadas_industria,5,-0.7035166208080846,-1.4320547672592783,-0.08564400745378953,-2.043930387786026,0.3479398368718732,-1,TRUE,FALSE
trab_hrs_trabalhadas_industria,6,-0.7119841469409136,-1.376451863056611,-0.004522483088223957,-1.9553571515065387,0.4574862778178638,-1,TRUE,FALSE
trab_hrs_trabalhadas_industria,7,-0.6090484666359417,-1.1781133942100377,0.10734428151133635,-1.7094643065052173,0.5923733193887831,-1,FALSE,FALSE
trab_hrs_trabalhadas_industria,8,-0.6253317204757994,-1.1378186123075404,0.13250807374347512,-1.6476688998588291,0.6167647289129181,-1,FALSE,FALSE
trab_hrs_trabalhadas_industria,9,-0.502381904028306,-0.9678591204451532,0.2571082428770552,-1.4779603121786524,0.7568315413502208,-1,FALSE,FALSE
trab_hrs_trabalhadas_industria,10,-0.4690794266628064,-0.9036269557706608,0.26694337717528904,-1.337413561111292,0.7643349445469664,-1,FALSE,FALSE
trab_hrs_trabalhadas_industria,11,-0.5008187797177702,-0.943108313576476,0.22736399285799208,-1.373058961486217,0.6363043172837333,-1,FALSE,FALSE
trab_hrs_trabalhadas_industria,12,-0.4533943013198172,-0.8948204363698887,0.24144378272359124,-1.3552368941975363,0.6345208464879019,-1,FALSE,FALSE
trab_hrs_trabalhadas_industria,13,-0.38678308674457273,-0.8514682447405828,0.258590129366179,-1.1908349384842958,0.6113667645104212,-1,FALSE,FALSE
trab_hrs_trabalhadas_industria,14,-0.3900442734347454,-0.8645861080753533,0.21217208482650812,-1.2071405748007167,0.5331578939874377,-1,FALSE,FALSE
trab_hrs_trabalhadas_industria,15,-0.40693104487817877,-0.8671329138102901,0.17798012627784843,-1.2468956318254678,0.4838722176093751,-1,FALSE,FALSE
trab_hrs_trabalhadas_industria,16,-0.418517933047208,-0.857422551409601,0.12422720484165428,-1.2344188711581054,0.43160188443523234,-1,FALSE,FALSE
trab_hrs_trabalhadas_industria,17,-0.44607839852927245,-0.8942870897944941,0.05038690727539671,-1.244052291066039,0.3563173563943167,-1,FALSE,FALSE
trab_hrs_trabalhadas_industria,18,-0.4702531771872888,-0.9202822620808871,0.010928610009960543,-1.2719560391977565,0.32118095597425417,-1,FALSE,FALSE
trab_hrs_trabalhadas_industria,19,-0.4777911210627856,-0.9195579979299127,-0.03262074299602336,-1.3106821777254964,0.27287750018010387,-1,TRUE,FALSE
trab_hrs_trabalhadas_industria,20,-0.4895368596040695,-0.9257798466095482,-0.07349195220504351,-1.3565990264530792,0.23521899289526838,-1,TRUE,FALSE
trab_hrs_trabalhadas_industria,21,-0.5002959098336724,-0.9371176667467824,-0.0973399515171446,-1.375130265268591,0.1924063856752999,-1,TRUE,FALSE
trab_hrs_trabalhadas_industria,22,-0.503757609982908,-0.9389188819005092,-0.10951112530040318,-1.3596173702798284,0.16437092718694785,-1,TRUE,FALSE
trab_hrs_trabalhadas_industria,23,-0.5051779802953852,-0.935940843006589,-0.10729460352555305,-1.3517428245023757,0.15425438798760108,-1,TRUE,FALSE
trab_hrs_trabalhadas_industria,24,-0.5010905209930601,-0.9152603691057297,-0.10593856663679913,-1.3176178827506224,0.1357841259417748,-1,TRUE,FALSE
trab_hrs_trabalhadas_industria,25,-0.4939710401450888,-0.9089261110210014,-0.10126024972407248,-1.2813181886391989,0.15952007842866417,-1,TRUE,FALSE
trab_hrs_trabalhadas_industria,26,-0.48682965612475615,-0.8865162064026074,-0.08688822235851418,-1.2555516381163079,0.1693561531034745,-1,TRUE,FALSE
trab_hrs_trabalhadas_industria,27,-0.4757290457398196,-0.8717233528969465,-0.0731128725419737,-1.2211829421780251,0.192843191897853,-1,TRUE,FALSE
trab_hrs_trabalhadas_industria,28,-0.4615742560438437,-0.8490623945455371,-0.07226692358943483,-1.2172159961894045,0.19091328303104976,-1,TRUE,FALSE
trab_hrs_trabalhadas_industria,29,-0.4458566656005273,-0.8105122103571515,-0.04929529542528691,-1.2082919398917078,0.18127817212211036,-1,TRUE,FALSE
trab_hrs_trabalhadas_industria,30,-0.42790136051602623,-0.7980556498705387,-0.044442479191352996,-1.1758958366111518,0.21033606628699233,-1,TRUE,FALSE
trab_hrs_trabalhadas_industria,31,-0.4081674459058737,-0.771814187112918,-0.028968243298898126,-1.1619143913591339,0.22480045923823871,-1,TRUE,FALSE
trab_hrs_trabalhadas_industria,32,-0.3875150591788087,-0.7576688625311147,-0.009917712140319432,-1.1101428109849347,0.24336653559557508,-1,TRUE,FALSE
trab_hrs_trabalhadas_industria,33,-0.36568000372037107,-0.729621035837464,0.010204568569090388,-1.0664310461701003,0.2746251368262602,-1,FALSE,FALSE
trab_hrs_trabalhadas_industria,34,-0.3423236512659089,-0.7001484851320264,0.03187514811916958,-1.0303036661537395,0.2935051071248753,-1,FALSE,FALSE
trab_hrs_trabalhadas_industria,35,-0.3180062993605788,-0.6709298800509438,0.058541521259809944,-1.0018431888961477,0.2925092370991654,-1,FALSE,FALSE
trab_hrs_trabalhadas_industria,36,-0.29310730366246374,-0.6528073940584075,0.08365529357704155,-0.9837658135696565,0.3180741701363546,-1,FALSE,FALSE
trab_hrs_trabalhadas_industria,37,-0.2675464929274645,-0.6087514376266961,0.10528470332593698,-0.9443073505584135,0.33268360167236316,-1,FALSE,FALSE
trab_hrs_trabalhadas_industria,38,-0.2415555871082015,-0.5593477124783697,0.14030965475963172,-0.9155672917585735,0.35409025956395446,-1,FALSE,FALSE
trab_hrs_trabalhadas_industria,39,-0.21531705038646576,-0.5300468925957311,0.1581951049902802,-0.8577621050860874,0.3847297195961611,-1,FALSE,FALSE
trab_hrs_trabalhadas_industria,40,-0.18894146982633025,-0.4973919256032862,0.17501033409325528,-0.8160222974392134,0.4096747485608099,-1,FALSE,FALSE
trab_hrs_trabalhadas_industria,41,-0.16268042611740424,-0.4776311453881039,0.18160910519870194,-0.8055317549502816,0.4489702252213773,-1,FALSE,FALSE
trab_hrs_trabalhadas_industria,42,-0.13670804772964598,-0.4430763461550921,0.20425439693042982,-0.7530435299059342,0.4974117330521201,-1,FALSE,FALSE
trab_hrs_trabalhadas_industria,43,-0.11117595474629748,-0.41714177578086087,0.22307724700463794,-0.715870554406557,0.5180470214452456,-1,FALSE,FALSE
trab_hrs_trabalhadas_industria,44,-0.0862441267151559,-0.3832921352131609,0.24668373014747277,-0.6896508284854838,0.544508359035983,-1,FALSE,FALSE
trab_hrs_trabalhadas_industria,45,-0.062027081199143526,-0.3551704335583225,0.2640215803765944,-0.6651328360881543,0.5800330964896433,-1,FALSE,FALSE
trab_hrs_trabalhadas_industria,46,-0.03867019739738697,-0.3361612113175383,0.2864133565242693,-0.6164763509558153,0.6000809070963384,-1,FALSE,FALSE
trab_hrs_trabalhadas_industria,47,-0.016319452017533074,-0.313955640700469,0.3051895111805137,-0.5794290017998581,0.5975123882234427,-1,FALSE,FALSE
trab_hrs_trabalhadas_industria,48,0.0049202624933349995,-0.2920929125117329,0.32863804410145503,-0.5387490002257815,0.6089906391806579,1,FALSE,FALSE
credit_outstanding,0,0.565021466399851,0.33659670107820006,0.6956304705747379,0.2502385626807468,0.8608533528354366,1,TRUE,TRUE
credit_outstanding,1,0.7281140493066829,0.41866260895231633,0.8794820403375373,0.28118503231757686,1.0644967673771697,1,TRUE,TRUE
credit_outstanding,2,0.792805941117547,0.386418783222763,0.9408205695515142,0.19267184318454755,1.155515993096978,1,TRUE,TRUE
credit_outstanding,3,0.9136640855267109,0.4206505262825741,1.0679131018843053,0.24427221731831866,1.2865948189985383,1,TRUE,TRUE
credit_outstanding,4,0.8690229272472205,0.35606946336701556,1.0299324900133888,0.18149303812883144,1.2769836631006648,1,TRUE,TRUE
credit_outstanding,5,0.8326479984515078,0.30229238000391057,1.0005739246845071,0.12335483640222074,1.2853756386964597,1,TRUE,TRUE
credit_outstanding,6,0.8103500487754323,0.2997696605134985,1.0050892886721519,0.1115717244351,1.2915396373745485,1,TRUE,TRUE
credit_outstanding,7,0.7506258055899995,0.24932671439016293,0.9802460446769103,0.07296867321133657,1.289329886710042,1,TRUE,TRUE
credit_outstanding,8,0.6861170467137967,0.19749108807169602,0.9455345904585979,0.011127516527490432,1.2648287788892152,1,TRUE,TRUE
credit_outstanding,9,0.6094246365970335,0.149417103683829,0.9070754969424559,-0.03442914261435062,1.265976510664395,1,TRUE,FALSE
credit_outstanding,10,0.5440517190272498,0.09841835568845256,0.8631484176867277,-0.08804845956022665,1.2653704986539513,1,TRUE,FALSE
credit_outstanding,11,0.47208180623594664,0.044689293725633086,0.8210273444022801,-0.1655098514731629,1.2155758732819464,1,TRUE,FALSE
credit_outstanding,12,0.39311748639101474,-0.015199349544324572,0.7627798968816305,-0.2169029031065689,1.2143633298423973,1,FALSE,FALSE
credit_outstanding,13,0.3288271466049153,-0.056793999449278335,0.7178327333912025,-0.25500269447675145,1.1760550841948414,1,FALSE,FALSE
credit_outstanding,14,0.2592235614847116,-0.10534171077598047,0.659658025556822,-0.3175431789254097,1.141621899097296,1,FALSE,FALSE
credit_outstanding,15,0.1956835468789775,-0.1479160154907136,0.6029700709670281,-0.37985467765056574,1.1204323292468064,1,FALSE,FALSE
credit_outstanding,16,0.13659377976282805,-0.19165541188108515,0.5591159672418905,-0.431554358975347,1.073705809701227,1,FALSE,FALSE
credit_outstanding,17,0.07239615974528046,-0.23788733527755973,0.5240782647771622,-0.5006137938368993,1.0150386329179748,1,FALSE,FALSE
credit_outstanding,18,0.01363079065415107,-0.27772320851335675,0.4873254026971347,-0.5497300657063116,0.9601651460041091,1,FALSE,FALSE
credit_outstanding,19,-0.04394851508225939,-0.32005713642639183,0.4424089444569026,-0.5863013091123599,0.9029648186080279,-1,FALSE,FALSE
credit_outstanding,20,-0.1007506715694162,-0.37740577811776677,0.3943553558670924,-0.6517452481839708,0.8513465302184309,-1,FALSE,FALSE
credit_outstanding,21,-0.15354158034077692,-0.4192101654267284,0.35036856294664087,-0.7002008878485388,0.7889904145856246,-1,FALSE,FALSE
credit_outstanding,22,-0.20569491177413468,-0.4499688437462275,0.30891533108168395,-0.7642871647359234,0.7295497872438113,-1,FALSE,FALSE
credit_outstanding,23,-0.25649471552662284,-0.49480138282376407,0.2557478181561933,-0.830343701685966,0.6653788782773518,-1,FALSE,FALSE
credit_outstanding,24,-0.30506098523402914,-0.529609648758176,0.22339406321493013,-0.8687520979882405,0.6163680870513141,-1,FALSE,FALSE
credit_outstanding,25,-0.35124609205212654,-0.5659317768342148,0.1806043559524469,-0.9420296472342811,0.5521140606864816,-1,FALSE,FALSE
credit_outstanding,26,-0.39451806841208636,-0.6036999814332922,0.13640083263797664,-0.9771415668647244,0.49625122260441323,-1,FALSE,FALSE
credit_outstanding,27,-0.4350768743206834,-0.6440592273895263,0.10629728589144893,-1.0115300783741812,0.42639543635126176,-1,FALSE,FALSE
credit_outstanding,28,-0.4723473334388384,-0.6741587233605921,0.08566746912802349,-1.0639564782792528,0.39727559598998635,-1,FALSE,FALSE
credit_outstanding,29,-0.5062249411410757,-0.712921839581632,0.05528955859240042,-1.093259353964768,0.3602357233585558,-1,FALSE,FALSE
credit_outstanding,30,-0.536591396230035,-0.7313064125732671,0.02245335360189621,-1.1247794408133445,0.306462703310572,-1,FALSE,FALSE
credit_outstanding,31,-0.5629565313714946,-0.7599405522458591,-0.0013992901395942598,-1.1682122242433983,0.27641533648183164,-1,TRUE,FALSE
credit_outstanding,32,-0.5854315495472995,-0.7843495032632184,-0.02201396274267948,-1.1946781197689627,0.2618710770254661,-1,TRUE,FALSE
credit_outstanding,33,-0.603929395888958,-0.7785391865093334,-0.02921782952362306,-1.2322835413806876,0.22710747005783388,-1,TRUE,FALSE
credit_outstanding,34,-0.6183553958325483,-0.7949355644023184,-0.037527112722413006,-1.2318705011657276,0.23667155281845403,-1,TRUE,FALSE
credit_outstanding,35,-0.6287986569912474,-0.8045022738566114,-0.05164814140501664,-1.2639981158175346,0.23019488149416653,-1,TRUE,FALSE
credit_outstanding,36,-0.6352062286277937,-0.8031375546577642,-0.057453451854508175,-1.2564166806451196,0.2274815794418205,-1,TRUE,FALSE
credit_outstanding,37,-0.637688266181613,-0.8022183228936641,-0.05815353192483731,-1.2378275076458696,0.21361502784945732,-1,TRUE,FALSE
credit_outstanding,38,-0.6363995002065304,-0.804149356388468,-0.0532603926200816,-1.2401447899736657,0.20959401977501277,-1,TRUE,FALSE
credit_outstanding,39,-0.6314592374637606,-0.7992163148104381,-0.05900803962409902,-1.2207695746401346,0.18540682449596235,-1,TRUE,FALSE
credit_outstanding,40,-0.6230630399654435,-0.7978607158058759,-0.05555247133822672,-1.2034808133051251,0.1742133160259679,-1,TRUE,FALSE
credit_outstanding,41,-0.6114015087301694,-0.7825205200749021,-0.0469383940477525,-1.2052071081032256,0.16239830162764862,-1,TRUE,FALSE
credit_outstanding,42,-0.5966896722364612,-0.7739803470104342,-0.03519260189923871,-1.1695034676340779,0.15948564753181355,-1,TRUE,FALSE
credit_outstanding,43,-0.5791694154522298,-0.7632130579425138,-0.025330414129180565,-1.1697930353061743,0.17785656825677448,-1,TRUE,FALSE
credit_outstanding,44,-0.559088849472611,-0.7514873297265284,-0.01099457628051348,-1.135229785973746,0.18510234148104585,-1,TRUE,FALSE
credit_outstanding,45,-0.5367137776021824,-0.7267876729042508,-0.002147988002101295,-1.1023305738210794,0.19633540918251852,-1,TRUE,FALSE
credit_outstanding,46,-0.5123044211794214,-0.704678306870024,0.008491603185278997,-1.0643266994220093,0.22208068381549936,-1,FALSE,FALSE
credit_outstanding,47,-0.486129480342834,-0.675276851963218,0.01615913743659737,-1.03264476934059,0.24509838650523907,-1,FALSE,FALSE
credit_outstanding,48,-0.4584645973845891,-0.6553928174673587,0.02622866663705196,-1.001206808404065,0.24903106875904324,-1,FALSE,FALSE
credito_pessoa_fisica,0,0.2929607001224799,0.2017066330763519,0.40898255811662226,0.13476762187838665,0.47041327613022926,1,TRUE,TRUE
credito_pessoa_fisica,1,0.4456555924808203,0.29218646690880057,0.5793684656056124,0.19349545713018834,0.6794567239786419,1,TRUE,TRUE
credito_pessoa_fisica,2,0.5874035532016153,0.3664991492743077,0.745066958936195,0.2315199017744995,0.8624768474433083,1,TRUE,TRUE
credito_pessoa_fisica,3,0.6610824333795007,0.37877941416038213,0.8386628481637778,0.23453407950318916,0.9972076347188962,1,TRUE,TRUE
credito_pessoa_fisica,4,0.6289977157917459,0.3283814051073959,0.8251245608821298,0.16740304431051897,0.9958192217325222,1,TRUE,TRUE
credito_pessoa_fisica,5,0.6323227980095103,0.3089325805761243,0.8569196101855754,0.14333233285804045,1.0325837216013078,1,TRUE,TRUE
credito_pessoa_fisica,6,0.6245061553131315,0.288543930957835,0.880779360424395,0.13459696547546973,1.0919857236884867,1,TRUE,TRUE
credito_pessoa_fisica,7,0.6076724034173253,0.2772638158069469,0.909027397108944,0.1075321163593068,1.1537596551705962,1,TRUE,TRUE
credito_pessoa_fisica,8,0.589617894467187,0.27232317545689266,0.9235396631183024,0.07900215413467192,1.1873579458621262,1,TRUE,TRUE
credito_pessoa_fisica,9,0.553812253476238,0.25531914377183185,0.9289928210328409,0.04887693358164292,1.2170595576799048,1,TRUE,TRUE
credito_pessoa_fisica,10,0.5292435492628034,0.22561839592158864,0.9465148817019466,0.010615271710564528,1.247660339651343,1,TRUE,TRUE
credito_pessoa_fisica,11,0.4917925202070128,0.18937152112884265,0.9312174656657813,-0.0642878649185136,1.2706790130611323,1,TRUE,FALSE
credito_pessoa_fisica,12,0.455672219989256,0.15555226105760678,0.9129472680378649,-0.11206325774016591,1.284859734566492,1,TRUE,FALSE
credito_pessoa_fisica,13,0.4281755598730008,0.12546490418481587,0.9185370766164285,-0.12936062454325004,1.2954573269230047,1,TRUE,FALSE
credito_pessoa_fisica,14,0.3874897819671874,0.08171747424190468,0.9079752320138266,-0.19055685603565578,1.3158502356008526,1,TRUE,FALSE
credito_pessoa_fisica,15,0.3485989258359856,0.042221312938103404,0.8980365825466476,-0.21777920920848295,1.3229650498374657,1,TRUE,FALSE
credito_pessoa_fisica,16,0.30810164222239145,0.015493186499973749,0.8725599110449398,-0.26432010525611127,1.301064746223369,1,TRUE,FALSE
credito_pessoa_fisica,17,0.2608962629362166,-0.041824651363383356,0.8410854650609594,-0.3354138191599648,1.2771112355430276,1,FALSE,FALSE
credito_pessoa_fisica,18,0.21426427718063135,-0.08409078454745478,0.8164560228229646,-0.38806066526236643,1.2416469455020527,1,FALSE,FALSE
credito_pessoa_fisica,19,0.16469395267519893,-0.13097398111998582,0.7682424969147964,-0.4359328224789001,1.1967760492143973,1,FALSE,FALSE
credito_pessoa_fisica,20,0.11348441784884145,-0.18100900801012645,0.720530423417229,-0.499462247596626,1.1549972832635673,1,FALSE,FALSE
credito_pessoa_fisica,21,0.06196033413015112,-0.23856110871751235,0.6892717144691495,-0.5441457496868257,1.0992452012005525,1,FALSE,FALSE
credito_pessoa_fisica,22,0.008927262524505153,-0.3028318152850825,0.6356672267777019,-0.6090590482691622,1.07084185834572,1,FALSE,FALSE
credito_pessoa_fisica,23,-0.04419048162130901,-0.3421618001835466,0.5908314049911922,-0.6627558940008439,1.0093704049605428,-1,FALSE,FALSE
credito_pessoa_fisica,24,-0.09737149789416089,-0.39948088006306826,0.5497137070815103,-0.71893579744852,0.938635442812997,-1,FALSE,FALSE
credito_pessoa_fisica,25,-0.1500385170868812,-0.4589532657350497,0.49541510907639286,-0.7723775491070092,0.8831619848893613,-1,FALSE,FALSE
credito_pessoa_fisica,26,-0.2015274502012554,-0.5120350583177358,0.4425295312036117,-0.8378139935102619,0.836369025466485,-1,FALSE,FALSE
credito_pessoa_fisica,27,-0.2516157709383071,-0.5650582948189711,0.38108946753330675,-0.8850208029363895,0.779123036808984,-1,FALSE,FALSE
credito_pessoa_fisica,28,-0.29951649836180705,-0.6122617484244222,0.34555183585993726,-0.9222274105680103,0.7127245147993255,-1,FALSE,FALSE
credito_pessoa_fisica,29,-0.3451288576943101,-0.6455239073316289,0.2935146350276617,-0.9576593962534354,0.6551578759718342,-1,FALSE,FALSE
credito_pessoa_fisica,30,-0.3880484062913414,-0.6747317717637422,0.24472601115595385,-1.016001064385057,0.5982972128714877,-1,FALSE,FALSE
credito_pessoa_fisica,31,-0.42775654875191194,-0.70806420113453,0.20546274808202114,-1.063137737675549,0.5382343329212866,-1,FALSE,FALSE
credito_pessoa_fisica,32,-0.46419951006513305,-0.7283821230157734,0.16211209701131274,-1.1377374892703502,0.47862320337050585,-1,FALSE,FALSE
credito_pessoa_fisica,33,-0.4970400991941015,-0.7612584655186267,0.13039774633107828,-1.172773084196957,0.44565270459876427,-1,FALSE,FALSE
credito_pessoa_fisica,34,-0.5260728234094181,-0.7862383806428925,0.0854742557319005,-1.2062636512340426,0.41587013715095766,-1,FALSE,FALSE
credito_pessoa_fisica,35,-0.5512304440090876,-0.8037306850125622,0.06382650630864636,-1.247906516672427,0.38572336484202213,-1,FALSE,FALSE
credito_pessoa_fisica,36,-0.5723554557705679,-0.8287546938490163,0.03265156488315149,-1.3157569951312682,0.3393848424425816,-1,FALSE,FALSE
credito_pessoa_fisica,37,-0.589418747508752,-0.8360853681222413,0.008536279856272875,-1.3231765926567705,0.3161578380368945,-1,FALSE,FALSE
credito_pessoa_fisica,38,-0.6024072836944505,-0.8447383330927423,-0.01213944614738819,-1.3109656977045816,0.29179735906466486,-1,TRUE,FALSE
credito_pessoa_fisica,39,-0.6113411200708185,-0.8587730881137032,-0.01640080685869033,-1.2655666035904394,0.26611003644807024,-1,TRUE,FALSE
credito_pessoa_fisica,40,-0.6163037908536118,-0.8550045550411876,-0.036233141204147216,-1.2505874153947087,0.24652547022102786,-1,TRUE,FALSE
credito_pessoa_fisica,41,-0.6173844080931246,-0.8401355056128144,-0.047004803384661634,-1.2323575600522494,0.2099974400875437,-1,TRUE,FALSE
credito_pessoa_fisica,42,-0.6147197776224633,-0.8366561976044626,-0.05366848461470883,-1.2380814278211623,0.19358381908562844,-1,TRUE,FALSE
credito_pessoa_fisica,43,-0.6084703542241332,-0.8462355898288205,-0.052617256576935195,-1.2398511742515463,0.17215047353599774,-1,TRUE,FALSE
credito_pessoa_fisica,44,-0.5988185952210401,-0.8183585678095039,-0.058296710795513434,-1.2375919694119215,0.18366733794579823,-1,TRUE,FALSE
credito_pessoa_fisica,45,-0.5859767777909752,-0.8238805478257514,-0.058933997866123564,-1.228446914312206,0.195761363213985,-1,TRUE,FALSE
credito_pessoa_fisica,46,-0.5701669680294952,-0.802733480144191,-0.06654318108410147,-1.2475536815745651,0.1838676233715198,-1,TRUE,FALSE
credito_pessoa_fisica,47,-0.5516328758529587,-0.8060381207189118,-0.05599619688716155,-1.2166154991093638,0.19699607839652114,-1,TRUE,FALSE
credito_pessoa_fisica,48,-0.5306300343294823,-0.7777575826017175,-0.041352601385194795,-1.2167076492344575,0.21855778153068786,-1,TRUE,FALSE
spread_icc_juridica,0,-0.015371745533477895,-0.03527182870604817,-0.004652152487951495,-0.04916941870844666,0.006015111919704843,-1,TRUE,FALSE
spread_icc_juridica,1,-0.02574679697162913,-0.0630436811817347,-0.01319021575802056,-0.08421189932343229,5.882371351140717e-4,-1,TRUE,FALSE
spread_icc_juridica,2,-0.019444170121246322,-0.06978642980737408,-0.005109493370327338,-0.09785773800789029,0.015683844196621746,-1,TRUE,FALSE
spread_icc_juridica,3,-0.009940233846279274,-0.07015043721070914,0.008223410892323106,-0.10197871638961849,0.03490895458022979,-1,FALSE,FALSE
spread_icc_juridica,4,-0.009877957085005787,-0.07650067836925895,0.012025934691311406,-0.11301335107450511,0.040684130027581145,-1,FALSE,FALSE
spread_icc_juridica,5,-0.0038619340869496923,-0.07453296986999329,0.022443264996018158,-0.11275828711501695,0.051447763030268316,-1,FALSE,FALSE
spread_icc_juridica,6,5.290486861200106e-4,-0.07244126649140982,0.030954709280741906,-0.10756492337052358,0.06363026270286505,1,FALSE,FALSE
spread_icc_juridica,7,0.0025975064330163783,-0.07180620919516485,0.03532901596126379,-0.10739243315488171,0.07037905432317736,1,FALSE,FALSE
spread_icc_juridica,8,0.01165094976189917,-0.06374272342932363,0.048339431242448806,-0.10137396775290337,0.0795116029212606,1,FALSE,FALSE
spread_icc_juridica,9,0.020289949598596656,-0.051433198342017525,0.05902114752444658,-0.09292194556701554,0.09185863848007374,1,FALSE,FALSE
spread_icc_juridica,10,0.02652505272978391,-0.04343959277119684,0.0668542536911905,-0.08444777769428806,0.10232826110174079,1,FALSE,FALSE
spread_icc_juridica,11,0.03534606278604034,-0.03156062323712865,0.07668092159657114,-0.07255989002698122,0.11120410829522548,1,FALSE,FALSE
spread_icc_juridica,12,0.04345882818814987,-0.02063202486545355,0.08663355844412224,-0.05830066103581735,0.12070917728316954,1,FALSE,FALSE
spread_icc_juridica,13,0.050719145860228285,-0.012092273952061054,0.09179300450026964,-0.04903075799208069,0.12736496880363837,1,FALSE,FALSE
spread_icc_juridica,14,0.05866460400310742,-4.974394923317509e-4,0.10114291706506826,-0.04214820127113758,0.13653499578202252,1,FALSE,FALSE
spread_icc_juridica,15,0.0645845436935617,0.006102652652962959,0.10757137536862538,-0.0330566476073484,0.1422221468703204,1,TRUE,FALSE
spread_icc_juridica,16,0.06949771674384607,0.010791954979914295,0.11193244555814388,-0.026117115874981955,0.14915894101492425,1,TRUE,FALSE
spread_icc_juridica,17,0.07345819294719609,0.01698212231668972,0.11624803530853393,-0.01988548475737785,0.1526596299593492,1,TRUE,FALSE
spread_icc_juridica,18,0.07585966443108182,0.02071522177540728,0.11872233213688413,-0.014775107269675477,0.15551420380028028,1,TRUE,FALSE
spread_icc_juridica,19,0.07725643340051896,0.022417434512711623,0.1182689489787376,-0.007952094304970427,0.15631484285400504,1,TRUE,FALSE
spread_icc_juridica,20,0.07751702206088028,0.02446031617269069,0.11881803025260332,-0.005314042054522952,0.1565095712781985,1,TRUE,FALSE
spread_icc_juridica,21,0.0766853088954946,0.026090100832820217,0.11997373062939878,-0.005764571858730736,0.15551175235871192,1,TRUE,FALSE
spread_icc_juridica,22,0.07496411952986377,0.025569569144531765,0.11704248591212227,-0.005921419999751705,0.15915438772879714,1,TRUE,FALSE
spread_icc_juridica,23,0.07251801220757055,0.024397314480677668,0.1170913714114139,-0.009539790033708572,0.15601547544350872,1,TRUE,FALSE
spread_icc_juridica,24,0.06945488865317224,0.02283893439258363,0.11421948372504488,-0.009825148787189987,0.15276164101895193,1,TRUE,FALSE
spread_icc_juridica,25,0.06575039048018425,0.019721225028506702,0.11202970291439412,-0.010857778960301781,0.15058753602122443,1,TRUE,FALSE
spread_icc_juridica,26,0.061564146369774905,0.016964761177800963,0.10967747047180476,-0.015163100827878482,0.1486469912768051,1,TRUE,FALSE
spread_icc_juridica,27,0.056972317624687165,0.012790848005213358,0.10679457351720634,-0.0186810064172035,0.14464871831210116,1,TRUE,FALSE
spread_icc_juridica,28,0.05201195944767628,0.008843498330065548,0.10216139549751489,-0.02278733183180999,0.14182027604127279,1,TRUE,FALSE
spread_icc_juridica,29,0.046817077792769,0.004873918532444133,0.09497058765183383,-0.024843164823889978,0.13875122111209132,1,TRUE,FALSE
spread_icc_juridica,30,0.04142749634514369,1.305097987731889e-4,0.09112506475477992,-0.030680981045573177,0.13506660596700013,1,TRUE,FALSE
spread_icc_juridica,31,0.03588918775303788,-0.004038649513724891,0.08603682106323962,-0.036480779863567195,0.12953445857268267,1,FALSE,FALSE
spread_icc_juridica,32,0.030281818908872986,-0.008788727036408369,0.07925235254454986,-0.04130702845420567,0.12586713247245637,1,FALSE,FALSE
spread_icc_juridica,33,0.024648013442521738,-0.013366308917051158,0.07519777139119245,-0.045419839728272245,0.11797705364600133,1,FALSE,FALSE
spread_icc_juridica,34,0.019049210886580976,-0.018085351224950797,0.07039719569199966,-0.05048456153401936,0.1121342298062447,1,FALSE,FALSE
spread_icc_juridica,35,0.013536791190098159,-0.021784972611317538,0.06692175458091852,-0.05613432480434638,0.1051196716204725,1,FALSE,FALSE
spread_icc_juridica,36,0.008149133269817945,-0.025426466007752,0.06127937179393235,-0.06273092357712047,0.09747767321931068,1,FALSE,FALSE
spread_icc_juridica,37,0.002932505197957576,-0.030693683679609483,0.05778520930234986,-0.06870320681609865,0.09194472320918548,1,FALSE,FALSE
spread_icc_juridica,38,-0.002074185771384875,-0.03593739093064725,0.053930157629693304,-0.0754988751925303,0.08955439383910713,-1,FALSE,FALSE
spread_icc_juridica,39,-0.006834525593454087,-0.03973825485108313,0.049629975826703684,-0.08069726728714642,0.083287564675774875,-1,FALSE,FALSE
spread_icc_juridica,40,-0.011316708776655178,-0.04354453919596506,0.04542273915797088,-0.08439465905045361,0.07815424390969547,-1,FALSE,FALSE
spread_icc_juridica,41,-0.015494334973583107,-0.04654818020435029,0.040904348208923386,-0.09036802577277381,0.07121116616969546,-1,FALSE,FALSE
spread_icc_juridica,42,-0.01934421584570057,-0.049675029309292455,0.03655187457649543,-0.09586193322841814,0.06435531304725303,-1,FALSE,FALSE
spread_icc_juridica,43,-0.022849215035241403,-0.05341043642992665,0.031237283963975456,-0.10000337404724939,0.060274735065246644,-1,FALSE,FALSE
spread_icc_juridica,44,-0.0259944594679768,-0.055118302221576126,0.028113361145399914,-0.10580385073219375,0.05701936769152152,-1,FALSE,FALSE
spread_icc_juridica,45,-0.028769489423170588,-0.05888051879051421,0.026810344996659297,-0.10617528773127753,0.05306328167481959,-1,FALSE,FALSE
spread_icc_juridica,46,-0.031169441961551907,-0.062223030187684894,0.02467073137309338,-0.10618148165360584,0.050046369167907064,-1,FALSE,FALSE
spread_icc_juridica,47,-0.03319229590796484,-0.0641416931044809,0.022413013872248772,-0.10923871355006902,0.046748904764189754,-1,FALSE,FALSE
spread_icc_juridica,48,-0.0348401455047385,-0.06684312885777528,0.0192794749506674,-0.11099700379908539,0.04423799521333968,-1,FALSE,FALSE
spread_icc_fisica,0,0.003862063450592596,-0.03430003990366179,0.03225431777216137,-0.055410994231573585,0.05897449886092957,1,FALSE,FALSE
spread_icc_fisica,1,-0.024902872102132996,-0.07624511903740405,0.0052316416250886375,-0.11161830918962824,0.04131439566528333,-1,FALSE,FALSE
spread_icc_fisica,2,-0.024446198981435907,-0.09713728413867197,0.014817561708627193,-0.1452671307797561,0.0507597687175619,-1,FALSE,FALSE
spread_icc_fisica,3,0.001662672273154923,-0.08725518917908064,0.04695402998247306,-0.13860535640899366,0.08700935850847337,1,FALSE,FALSE
spread_icc_fisica,4,0.007521732291180478,-0.09846396610038759,0.054775592855067286,-0.1559731436133868,0.0958492450752961,1,FALSE,FALSE
spread_icc_fisica,5,0.024704723549209526,-0.0904411943734804,0.07421607613091141,-0.1584101338174703,0.12167522481212309,1,FALSE,FALSE
spread_icc_fisica,6,0.031221435254047115,-0.08873632348702304,0.08649000866572228,-0.16697723005113982,0.13686272542663816,1,FALSE,FALSE
spread_icc_fisica,7,0.03108467703713458,-0.09204939919568024,0.09023779686020758,-0.16908239762598332,0.1464743563427935,1,FALSE,FALSE
spread_icc_fisica,8,0.04449206524912147,-0.07896617009056532,0.10711157578233516,-0.15413228718563077,0.16365236533131833,1,FALSE,FALSE
spread_icc_fisica,9,0.05322618059794574,-0.06532792162808132,0.11710454356159125,-0.14627224506531983,0.18177173867591032,1,FALSE,FALSE
spread_icc_fisica,10,0.06103243872032801,-0.053205157755777416,0.13080005452863855,-0.14379663893753036,0.19669816718945107,1,FALSE,FALSE
spread_icc_fisica,11,0.07423014823434981,-0.03372338524909288,0.14596643088662492,-0.11571339673742431,0.2109865512489953,1,FALSE,FALSE
spread_icc_fisica,12,0.08417588572856613,-0.021127987676139392,0.1595619207907784,-0.09622397380901901,0.22850520259228443,1,FALSE,FALSE
spread_icc_fisica,13,0.09262670635100857,-0.010092347364015309,0.16725018748506282,-0.07540610520389714,0.23443250385332537,1,FALSE,FALSE
spread_icc_fisica,14,0.10372195266221992,0.004198432377240094,0.18012805988528116,-0.05116758745190115,0.24280862723129945,1,TRUE,FALSE
spread_icc_fisica,15,0.11218666059147965,0.015265932183402171,0.1914709376708834,-0.03816433532469396,0.25077431766301034,1,TRUE,FALSE
spread_icc_fisica,16,0.11905065580422053,0.028680132842237104,0.19904149129400256,-0.020556434237783496,0.2602731470367054,1,TRUE,FALSE
spread_icc_fisica,17,0.1247790116550458,0.037480020001856816,0.2062158478371232,-0.012366869854511315,0.2638964570600536,1,TRUE,FALSE
spread_icc_fisica,18,0.12813409574749687,0.04125657342830321,0.2085013841598067,-0.007445641320936689,0.27131979438228837,1,TRUE,FALSE
spread_icc_fisica,19,0.12953663210378386,0.044506656580285596,0.21172550220881875,-0.004189370533165464,0.27566394108362163,1,TRUE,FALSE
spread_icc_fisica,20,0.12932885243314413,0.04651048347062003,0.2128518771658674,-0.0037792808958327455,0.2761036245564853,1,TRUE,FALSE
spread_icc_fisica,21,0.1274865818189962,0.04732659367421674,0.21211164790808726,-0.005782338355793805,0.2742636289311534,1,TRUE,FALSE
spread_icc_fisica,22,0.12410976730893396,0.04671236183690365,0.2116389392281397,-0.00813038622916387,0.27173188682686894,1,TRUE,FALSE
spread_icc_fisica,23,0.11960449434943504,0.04401796453224664,0.20937463715969215,-0.011966754249880359,0.26549889633768964,1,TRUE,FALSE
spread_icc_fisica,24,0.1140447126029314,0.038163392358449524,0.20560993786757298,-0.01541450605156865,0.26170870131788776,1,TRUE,FALSE
spread_icc_fisica,25,0.10746747066767423,0.03276960922718827,0.20351043054839343,-0.017800804127417424,0.2644033141743861,1,TRUE,FALSE
spread_icc_fisica,26,0.10020203973174725,0.027705352207266668,0.19534214312870726,-0.028878255685900273,0.2599778404255396,1,TRUE,FALSE
spread_icc_fisica,27,0.0922560383916792,0.020422041394205257,0.185838424725989,-0.03890468237782735,0.2524882807250851,1,TRUE,FALSE
spread_icc_fisica,28,0.08372392723628069,0.012438301877168394,0.17613326207354849,-0.04831895748805156,0.24861560820612635,1,TRUE,FALSE
spread_icc_fisica,29,0.07484702198637654,0.006255706378392703,0.1660947393997406,-0.060032633064091484,0.24474098251812343,1,TRUE,FALSE
spread_icc_fisica,30,0.06567019948922408,-0.0028150608225260016,0.1586386579025382,-0.07533978166858356,0.2388813900380024,1,FALSE,FALSE
spread_icc_fisica,31,0.05628468499859352,-0.0114179603374218,0.1501392510094656,-0.08617806963598382,0.2316411169858937,1,FALSE,FALSE
spread_icc_fisica,32,0.046831037779382675,-0.01971239885856126,0.14204322769044586,-0.08768385495732728,0.22179117999818568,1,FALSE,FALSE
spread_icc_fisica,33,0.03736995865008323,-0.028158971207770285,0.13249756437276536,-0.09166918989001523,0.2083428568228102,1,FALSE,FALSE
spread_icc_fisica,34,0.027987922663769548,-0.036792719323448575,0.12414558926938454,-0.11066187673209717,0.1945333448035155,1,FALSE,FALSE
spread_icc_fisica,35,0.01877609514845188,-0.045592395536781474,0.11585844580563787,-0.1159946446473764,0.18421229046299994,1,FALSE,FALSE
spread_icc_fisica,36,0.009803965761890085,-0.05353606123826045,0.10837408481197036,-0.12363299236270728,0.16989462990660098,1,FALSE,FALSE
spread_icc_fisica,37,0.0011382383466925574,-0.06440828281368051,0.09947012556343049,-0.13184423842077125,0.15397144931376675,1,FALSE,FALSE
spread_icc_fisica,38,-0.007157827480138337,-0.0720503706017944,0.08986184616930175,-0.13872979749871817,0.14701805885053523,-1,FALSE,FALSE
spread_icc_fisica,39,-0.015025871193258157,-0.07814819156649572,0.08098888051443869,-0.1426543995077228,0.13685687962650092,-1,FALSE,FALSE
spread_icc_fisica,40,-0.022417621074271664,-0.08532818499889869,0.07377042540685709,-0.14900936637189613,0.13190392664015924,-1,FALSE,FALSE
spread_icc_fisica,41,-0.02928914052244271,-0.09011096549858634,0.06640765702765317,-0.15668159719927635,0.12001766392970013,-1,FALSE,FALSE
spread_icc_fisica,42,-0.03560407041082237,-0.09509624014587309,0.058809606786648476,-0.16209880544741834,0.11198396616124068,-1,FALSE,FALSE
spread_icc_fisica,43,-0.04133609164661172,-0.09967809948019588,0.049314136905108524,-0.17322895871813934,0.10250336343700342,-1,FALSE,FALSE
spread_icc_fisica,44,-0.04646225634817726,-0.10480444596038488,0.04410121775196128,-0.18217358429456607,0.09365469822946583,-1,FALSE,FALSE
spread_icc_fisica,45,-0.05096792865060104,-0.10731889391496013,0.03922291430027531,-0.18487045308774647,0.08846906268383407,-1,FALSE,FALSE
spread_icc_fisica,46,-0.054846039871760434,-0.11541780816087341,0.035748693250037676,-0.1906544766657057,0.0795930875649934,-1,FALSE,FALSE
spread_icc_fisica,47,-0.05809404131599543,-0.12110125547535687,0.0322652309489247,-0.1963969116719406,0.07482443622585042,-1,FALSE,FALSE
spread_icc_fisica,48,-0.060716822443142596,-0.12128360555113098,0.02760617103222246,-0.19625912824060954,0.0699365493320734,-1,FALSE,FALSE
credito_comercio,0,0.7864233647794316,0.4289474021081636,1.057974713468519,0.2709669317198681,1.3406226143065947,1,TRUE,TRUE
credito_comercio,1,1.0945764455487783,0.663350302629589,1.4815972978928533,0.4376191155670838,1.8005553104268857,1,TRUE,TRUE
credito_comercio,2,1.1873418429904747,0.6380892317025324,1.6320067990641842,0.339722443094138,1.9662381309827568,1,TRUE,TRUE
credito_comercio,3,1.2588821423834995,0.6013475595493825,1.7396677231277369,0.30316085026900075,2.1720472825505333,1,TRUE,TRUE
credito_comercio,4,1.2077697494777384,0.5500987453790822,1.7055858728975402,0.201851459906891,2.174111139287753,1,TRUE,TRUE
credito_comercio,5,1.1409330827104824,0.43746763680489664,1.665534302015628,0.09737239466927276,2.176677598964056,1,TRUE,TRUE
credito_comercio,6,1.0814385102419832,0.3843664270756068,1.641413214122256,0.020865080254523893,2.1285754902592444,1,TRUE,TRUE
credito_comercio,7,1.004600820074919,0.3180091980368739,1.6421087618182968,-0.10514887205422374,2.1546925987744787,1,TRUE,FALSE
credito_comercio,8,0.866770831641106,0.15673886476487717,1.557650205787895,-0.24048599779244953,2.1110332555491493,1,TRUE,FALSE
credito_comercio,9,0.7064896708459667,0.025785382743870305,1.4409115446295158,-0.3833515997412069,2.0314723987935595,1,TRUE,FALSE
credito_comercio,10,0.5860690734574403,-0.09379615377744702,1.3253676759342867,-0.5120404419266917,2.0238943363320603,1,FALSE,FALSE
credito_comercio,11,0.4308261853043005,-0.2565905962432203,1.2137711703593679,-0.6378218486829849,1.9209477312178467,1,FALSE,FALSE
credito_comercio,12,0.27587433530995575,-0.36531637650995874,1.0849113868258338,-0.7938348061335705,1.8302599155403512,1,FALSE,FALSE
credito_comercio,13,0.14452437800622775,-0.4645085247972798,0.9878473960426319,-0.9043000897244213,1.719768801265814,1,FALSE,FALSE
credito_comercio,14,-0.004277909373251454,-0.5877603134226175,0.8921568319210862,-1.027304905109776,1.620774286618397,-1,FALSE,FALSE
credito_comercio,15,-0.12945954751358846,-0.6966680128955844,0.8181181946689448,-1.1237617786936291,1.564216782640314,-1,FALSE,FALSE
credito_comercio,16,-0.24433000845329733,-0.791967041266557,0.7104633432955881,-1.2222850945062524,1.419038844595256,-1,FALSE,FALSE
credito_comercio,17,-0.3592166488889714,-0.8782058129151871,0.6216633426037983,-1.3344761006421013,1.3000263795598859,-1,FALSE,FALSE
credito_comercio,18,-0.45659936713459137,-0.9798092196047197,0.530228910499517,-1.441720374911787,1.2234479183885871,-1,FALSE,FALSE
credito_comercio,19,-0.5473638628258892,-1.00857398939702,0.4402223586182333,-1.547988942693212,1.1113716060353278,-1,FALSE,FALSE
credito_comercio,20,-0.6289971385862736,-1.0874371496161546,0.3260662621500501,-1.6467480804549284,1.012960958995703,-1,FALSE,FALSE
credito_comercio,21,-0.6987875310928371,-1.1113734400629707,0.24414124667672363,-1.7247941272179135,0.948334521312538,-1,FALSE,FALSE
credito_comercio,22,-0.7619579447999403,-1.1560825612775303,0.16388364067960828,-1.8017968952754377,0.9122887153781266,-1,FALSE,FALSE
credito_comercio,23,-0.8181629028485182,-1.2473624383130872,0.10340450208639798,-1.8282032832573198,0.7999384269898475,-1,FALSE,FALSE
credito_comercio,24,-0.8677820378026557,-1.2884686280161903,0.05394058350163299,-1.861092859153994,0.733606539671154,-1,FALSE,FALSE
credito_comercio,25,-0.9099982120491124,-1.3260541187005395,0.020473980915267278,-1.9176647791223502,0.6496342773403974,-1,FALSE,FALSE
credito_comercio,26,-0.9451942511944589,-1.336970179658476,-0.03641469433674427,-1.980301321973267,0.5644000747102071,-1,TRUE,FALSE
credito_comercio,27,-0.9740879134205627,-1.3595787902979457,-0.05308506066182505,-2.0101690883166157,0.49755877981631597,-1,TRUE,FALSE
credito_comercio,28,-0.9959648488229056,-1.3905398509842661,-0.08227039022975566,-2.0589288589168504,0.4214181447432551,-1,TRUE,FALSE
credito_comercio,29,-1.011761810813161,-1.4325278421073908,-0.10418169207827163,-2.094059399795041,0.36543699057324014,-1,TRUE,FALSE
credito_comercio,30,-1.021428532560631,-1.4356048720420507,-0.10546543130946648,-2.0953567795925188,0.37924447099209724,-1,TRUE,FALSE
credito_comercio,31,-1.0245955459388445,-1.430191121704391,-0.10717426959409419,-2.1147953258216705,0.36987198726731374,-1,TRUE,FALSE
credito_comercio,32,-1.0219391646336562,-1.4420156089923755,-0.11467745972454887,-2.1372914018653564,0.37136327317808354,-1,TRUE,FALSE
credito_comercio,33,-1.0134984751558274,-1.4457617888122243,-0.10761481694920208,-2.1421415178272984,0.36080387867246705,-1,TRUE,FALSE
credito_comercio,34,-0.9995737116231362,-1.4403979503097637,-0.09470770193552933,-2.1504361233361178,0.35294453301729134,-1,TRUE,FALSE
credito_comercio,35,-0.980585456952654,-1.427786497350536,-0.0856171145448358,-2.0913335718648676,0.32923435841917764,-1,TRUE,FALSE
credito_comercio,36,-0.9566817450254672,-1.4108373166558033,-0.07258840567547566,-2.0830706452923877,0.31741129974255844,-1,TRUE,FALSE
credito_comercio,37,-0.9283059568755303,-1.395478142053545,-0.04904363438105731,-2.0623992818594234,0.30523933618791504,-1,TRUE,FALSE
credito_comercio,38,-0.8958738859262572,-1.3918244611639257,-0.021374517903728872,-2.026360383729022,0.35243855122840767,-1,TRUE,FALSE
credito_comercio,39,-0.8597840007938728,-1.3714298198455002,0.018450447281320212,-2.011279887567656,0.39408756319130245,-1,FALSE,FALSE
credito_comercio,40,-0.8205015682264505,-1.3372573444928406,0.047902632241073384,-1.9688581423825993,0.40940992360120027,-1,FALSE,FALSE
credito_comercio,41,-0.7784439883209426,-1.2924372712013277,0.06666488437159054,-1.9102643699030155,0.45294456992291726,-1,FALSE,FALSE
credito_comercio,42,-0.7340588829920502,-1.2516315305688617,0.10056209818185194,-1.891236096958332,0.48314923715195496,-1,FALSE,FALSE
credito_comercio,43,-0.6877818598705399,-1.192495087026627,0.12579601628197343,-1.8305467524685077,0.5028505852087449,-1,FALSE,FALSE
credito_comercio,44,-0.6400519415215467,-1.145558637065652,0.15435768458759744,-1.73361031868094,0.5236090297988069,-1,FALSE,FALSE
credito_comercio,45,-0.5913084762012688,-1.107263540909889,0.19379374475027694,-1.6638014298387678,0.5670256982075244,-1,FALSE,FALSE
credito_comercio,46,-0.5419471817741162,-1.042876658386927,0.22806454989196032,-1.6243717172609857,0.6338682191480899,-1,FALSE,FALSE
credito_comercio,47,-0.4923632828040758,-0.9979009450992097,0.25595022504590054,-1.5369466086126493,0.6748844280166783,-1,FALSE,FALSE
credito_comercio,48,-0.44293293081497653,-0.9437574608361405,0.2847061058842907,-1.4662144385101044,0.7135760529499745,-1,FALSE,FALSE
credito_transporte,0,1.4242013650438867,1.1365725021257447,1.9815291218820532,0.9381451137435914,2.3302436685431114,1,TRUE,TRUE
credito_transporte,1,1.694104624516246,1.2995512432170644,2.4206008590067873,0.9960556215715898,2.918579310382788,1,TRUE,TRUE
credito_transporte,2,1.5725925933992357,1.1093374780381229,2.39025936579994,0.7417393401761452,2.8750971633040328,1,TRUE,TRUE
credito_transporte,3,1.8612387259733243,1.2237363286518592,2.696222584861938,0.8049739621660901,3.208459655960799,1,TRUE,TRUE
credito_transporte,4,1.776497389649312,1.056294783663703,2.5929383506891073,0.6918950953080026,3.1120034101560536,1,TRUE,TRUE
credito_transporte,5,1.6329715528847322,0.9152815579474893,2.460361974059276,0.4501613243132463,2.994400866751204,1,TRUE,TRUE
credito_transporte,6,1.5576231684183428,0.8525224297119891,2.4470565151102592,0.4223583221511717,3.015023406118442,1,TRUE,TRUE
credito_transporte,7,1.3752218220244528,0.6628018880117938,2.2799378013858393,0.19909318030137615,2.8480306474211257,1,TRUE,TRUE
credito_transporte,8,1.165916326923555,0.42306229788988675,2.0531567141077494,-0.01654803943242208,2.7505781581414057,1,TRUE,FALSE
credito_transporte,9,0.946592606951091,0.24672352143683768,1.872186833437816,-0.2228189978568159,2.5860390842285637,1,TRUE,FALSE
credito_transporte,10,0.7541439629128677,0.08432609245217199,1.7079254254742393,-0.42060859739124273,2.4715148324111698,1,TRUE,FALSE
credito_transporte,11,0.5613448186451597,-0.07695219398141666,1.533066844237624,-0.6540619889306667,2.3045206427101155,1,FALSE,FALSE
credito_transporte,12,0.3366251873126558,-0.26069332197979483,1.4000905130719847,-0.8298526385191297,2.1891497223927368,1,FALSE,FALSE
credito_transporte,13,0.15568005958837006,-0.39720489212313087,1.2761914260527856,-0.9437848178933618,2.0388959610914283,1,FALSE,FALSE
credito_transporte,14,-0.020215805562595612,-0.5343638634674903,1.1359301138906475,-1.0798220408509434,1.9210522481375774,-1,FALSE,FALSE
credito_transporte,15,-0.176248121137057,-0.6626116046679538,1.0397429915162741,-1.190085513979635,1.8040680445633503,-1,FALSE,FALSE
credito_transporte,16,-0.308132839170816,-0.8013507950450075,0.9442679424428048,-1.3453143610659144,1.656625955194518,-1,FALSE,FALSE
credito_transporte,17,-0.44441657194379536,-0.9353162619544846,0.840441480861242,-1.5292100303735332,1.5091920369607736,-1,FALSE,FALSE
credito_transporte,18,-0.559115116726494,-1.0101441380218283,0.7670855978079079,-1.6995649333833653,1.4463116037916384,-1,FALSE,FALSE
credito_transporte,19,-0.6601267270680999,-1.0919752833139675,0.6679278334354243,-1.8340956913297002,1.3662722542204713,-1,FALSE,FALSE
credito_transporte,20,-0.7536320965483401,-1.1778182743317644,0.5562211927699965,-1.9802293082513174,1.2912801474747655,-1,FALSE,FALSE
credito_transporte,21,-0.8298359211430628,-1.257872263434117,0.4541574674342128,-2.061813018211032,1.2382756341944055,-1,FALSE,FALSE
credito_transporte,22,-0.8988468471039179,-1.344379381390147,0.35879689788111013,-2.142204311525566,1.1225744175151853,-1,FALSE,FALSE
credito_transporte,23,-0.9614587845284239,-1.4141991783835275,0.25635306161569493,-2.206969299141802,1.0209462214612055,-1,FALSE,FALSE
credito_transporte,24,-1.0147226996098602,-1.4941493882049155,0.17754580116598484,-2.252931849960426,0.9264756322942,-1,FALSE,FALSE
credito_transporte,25,-1.0593329224681702,-1.5668178162084758,0.1227805585405631,-2.3225749800723428,0.8775430737814875,-1,FALSE,FALSE
credito_transporte,26,-1.095064025758341,-1.6455926002530488,0.07714411863588459,-2.360076658037987,0.8087199351159833,-1,FALSE,FALSE
credito_transporte,27,-1.12346204029814,-1.6907448062967647,0.012409309755220317,-2.410012858337794,0.710820520066555,-1,FALSE,FALSE
credito_transporte,28,-1.1440425970869028,-1.6990497767527566,-0.04359171052749735,-2.425556773695193,0.6405869898353407,-1,TRUE,FALSE
credito_transporte,29,-1.1568758865133755,-1.724435331975274,-0.06205112385197596,-2.424451771074226,0.5665270506323693,-1,TRUE,FALSE
credito_transporte,30,-1.1626324895076867,-1.7379277221490028,-0.05802944957435552,-2.4628418657407107,0.5250261829360647,-1,TRUE,FALSE
credito_transporte,31,-1.1606383421729816,-1.7647002703650334,-0.08484485471197335,-2.514898969491084,0.4513516178208796,-1,TRUE,FALSE
credito_transporte,32,-1.1516323121413485,-1.7337044113581563,-0.09246156510985322,-2.5008503889377973,0.3922040291125738,-1,TRUE,FALSE
credito_transporte,33,-1.136134230985253,-1.7335706652187644,-0.10148735261311018,-2.4475253327000712,0.4020299717082051,-1,TRUE,FALSE
credito_transporte,34,-1.1142937964684685,-1.7298109246446742,-0.09651207802416398,-2.470245222010581,0.42604285108382206,-1,TRUE,FALSE
credito_transporte,35,-1.0867166323663024,-1.7333532267297218,-0.08634686392517593,-2.3986651600843905,0.41233268531102457,-1,TRUE,FALSE
credito_transporte,36,-1.0536215256427006,-1.6993455979421332,-0.0746840751228239,-2.4110512981845473,0.40539003839679916,-1,TRUE,FALSE
credito_transporte,37,-1.0155440924236925,-1.6277196336653625,-0.06334550229480079,-2.3895952490053505,0.3997423437390394,-1,TRUE,FALSE
credito_transporte,38,-0.9731567770754568,-1.5809757790394583,-0.049996661225369936,-2.3783955532677177,0.4210940803088383,-1,TRUE,FALSE
credito_transporte,39,-0.9269035548296944,-1.5238972987528716,-0.021069120061635936,-2.3820327248909074,0.4712897116280895,-1,TRUE,FALSE
credito_transporte,40,-0.8773672601548044,-1.4804702347296255,0.00457170768466071,-2.385030409300987,0.5053156038486415,-1,FALSE,FALSE
credito_transporte,41,-0.8250901979938718,-1.43556228919378,0.03512422211203251,-2.3206896767809693,0.5211302582833297,-1,FALSE,FALSE
credito_transporte,42,-0.7705951982497794,-1.379894836441469,0.06587739194382833,-2.2508981079605532,0.5482312409745838,-1,FALSE,FALSE
credito_transporte,43,-0.7144395662550762,-1.3082470952866336,0.09900161603088105,-2.182346610288784,0.6276805823324316,-1,FALSE,FALSE
credito_transporte,44,-0.6571456410043641,-1.2919626445289658,0.1635318105039244,-2.1141541107261332,0.6948072431280201,-1,FALSE,FALSE
credito_transporte,45,-0.5992321604503137,-1.2231937717853882,0.19040035994485235,-2.073926916006435,0.7537368366945036,-1,FALSE,FALSE
credito_transporte,46,-0.5411634306816238,-1.1941755017888662,0.24532142563352813,-2.0122140168116847,0.7934328140322809,-1,FALSE,FALSE
credito_transporte,47,-0.4833818393566336,-1.1279731717101253,0.28624538421550133,-1.9728444920994215,0.8493368432307856,-1,FALSE,FALSE
credito_transporte,48,-0.4263243123298621,-1.0725402517729175,0.32771861796097485,-1.8976733450438261,0.9009823013958249,-1,FALSE,FALSE
credito_industria_total,0,0.8213515415298467,0.7550267694238659,1.2513074066937542,0.6475867754201337,1.4974304753334655,1,TRUE,TRUE
credito_industria_total,1,0.9651188625164009,0.8828149223008364,1.594612051955238,0.7343665335724024,1.8848008686186521,1,TRUE,TRUE
credito_industria_total,2,0.9213043381325559,0.8303875883688772,1.6388277366649346,0.575326533023912,1.9047050168003528,1,TRUE,TRUE
credito_industria_total,3,1.0401411384701964,0.8897717984968069,1.8159285009479336,0.6208701626636647,2.115738248938177,1,TRUE,TRUE
credito_industria_total,4,1.016928292297381,0.7859905471653512,1.7741760466458025,0.4974632039095639,2.04021089850142,1,TRUE,TRUE
credito_industria_total,5,0.9659989644691169,0.6818867602938345,1.7083092910329922,0.4240493579117454,2.01077430823828,1,TRUE,TRUE
credito_industria_total,6,0.9178735205235489,0.6528554682340717,1.696939583098397,0.33636490307424993,2.0521992368340403,1,TRUE,TRUE
credito_industria_total,7,0.8193869498175799,0.5236391341091399,1.6192516743407355,0.18850251090046335,1.9899085467845088,1,TRUE,TRUE
credito_industria_total,8,0.6922369491942026,0.3722424914398212,1.5065090931450649,-0.007463996438599749,1.8925878878148081,1,TRUE,FALSE
credito_industria_total,9,0.544959545218715,0.21997898564139184,1.3981030074372414,-0.18628346147130778,1.8058537155997298,1,TRUE,FALSE
credito_industria_total,10,0.4288040533716897,0.09454717673740731,1.2976414388613382,-0.2899270412322924,1.7173503705988766,1,TRUE,FALSE
credito_industria_total,11,0.3037577269678904,-0.04383328454643469,1.20796418337984,-0.4203511435067394,1.6330057561054916,1,FALSE,FALSE
credito_industria_total,12,0.1648479304229289,-0.16966499550893976,1.0928605727385143,-0.5423228857294227,1.5291495017195054,1,FALSE,FALSE
credito_industria_total,13,0.04211370504683121,-0.2871078773871911,0.9837955822694779,-0.6773309684877469,1.4611587180804761,1,FALSE,FALSE
credito_industria_total,14,-0.07622583241563285,-0.392653194542815,0.8996696776834582,-0.8154657434595541,1.3876825029523872,-1,FALSE,FALSE
credito_industria_total,15,-0.17441237255213515,-0.4860567392187277,0.8277063789479098,-0.9424412481384415,1.3117089913555102,-1,FALSE,FALSE
credito_industria_total,16,-0.2619281698265419,-0.5700019112422963,0.732420624718441,-1.0433111746641621,1.2204359134061946,-1,FALSE,FALSE
credito_industria_total,17,-0.34594122556094176,-0.6591266372961077,0.6426029766706058,-1.1525286224161704,1.1862155635681595,-1,FALSE,FALSE
credito_industria_total,18,-0.41521447940282563,-0.7337867825688464,0.5801653217573732,-1.2451698854443989,1.118414354706645,-1,FALSE,FALSE
credito_industria_total,19,-0.478570557418212,-0.8077886009878089,0.5109567655565821,-1.3041570030972747,1.0612798552456124,-1,FALSE,FALSE
credito_industria_total,20,-0.5335237867838405,-0.8663927953590773,0.4008416461890505,-1.3691267256027946,0.9578603904658177,-1,FALSE,FALSE
credito_industria_total,21,-0.5773774036182622,-0.9328332898152732,0.33843033494192487,-1.4321419640294815,0.914697921630021,-1,FALSE,FALSE
credito_industria_total,22,-0.6159405583574418,-1.0053511055170152,0.2960499553327365,-1.449259494829676,0.8544637270011073,-1,FALSE,FALSE
credito_industria_total,23,-0.649150995812886,-1.0536294455124646,0.22431753700520227,-1.5432203243482676,0.8013530284107278,-1,FALSE,FALSE
credito_industria_total,24,-0.676736990649085,-1.0946022918103833,0.16164567824688897,-1.594347431188966,0.7388030013354062,-1,FALSE,FALSE
credito_industria_total,25,-0.6983632298784515,-1.131721002462975,0.11906134594814172,-1.6933044184733104,0.6219029299879745,-1,FALSE,FALSE
credito_industria_total,26,-0.7140901705713132,-1.1815074953482398,0.07489596161575743,-1.740813118047909,0.5805966042232867,-1,FALSE,FALSE
credito_industria_total,27,-0.7250557947014791,-1.2311121510002536,0.04733190790393866,-1.7679892158359731,0.5184776618525995,-1,FALSE,FALSE
credito_industria_total,28,-0.7309780279568412,-1.263783748055529,0.01089263136957148,-1.8326827771793779,0.478157630083385,-1,FALSE,FALSE
credito_industria_total,29,-0.7322729558637331,-1.2619906330341053,-0.008925176822173402,-1.8631369668476092,0.4289879498284838,-1,TRUE,FALSE
credito_industria_total,30,-0.7291920403195373,-1.2718925559935321,-0.023250089560741434,-1.8814640440815358,0.3835140345825412,-1,TRUE,FALSE
credito_industria_total,31,-0.7215138191649428,-1.2832657745515887,-0.04663178191225675,-1.9092090314410293,0.3730074595322374,-1,TRUE,FALSE
credito_industria_total,32,-0.7096965639077912,-1.269786402138707,-0.06154170815667411,-1.9504142570425658,0.35766310068618595,-1,TRUE,FALSE
credito_industria_total,33,-0.6940118677925655,-1.2709847228618256,-0.07074445539264926,-1.939187757822523,0.34270722837937545,-1,TRUE,FALSE
credito_industria_total,34,-0.674791677419806,-1.2790808053949818,-0.06358891800186578,-1.9686325089997747,0.35714183906504254,-1,TRUE,FALSE
credito_industria_total,35,-0.6523716837570803,-1.266335522835572,-0.05673894812857394,-1.9892095855172216,0.35562321570059996,-1,TRUE,FALSE
credito_industria_total,36,-0.6269024811739077,-1.2594008279463265,-0.05234744968748822,-1.9542031008641332,0.3406955609880857,-1,TRUE,FALSE
credito_industria_total,37,-0.5987952886726711,-1.2478466237687929,-0.028390278047911645,-1.9144968017736608,0.3720400913865629,-1,TRUE,FALSE
credito_industria_total,38,-0.5684369753132801,-1.2368285283627045,-0.019723980663634042,-1.8499533289142813,0.3921886307767369,-1,TRUE,FALSE
credito_industria_total,39,-0.5361507187262138,-1.211747080432098,-0.005835069915926148,-1.845725588366729,0.40631350911739805,-1,TRUE,FALSE
credito_industria_total,40,-0.5023182546672,-1.1992815203916258,0.011390615279893622,-1.7948028429626965,0.39578139557219894,-1,FALSE,FALSE
credito_industria_total,41,-0.46726967882234627,-1.1715897865852791,0.037921279095454175,-1.745284742336205,0.4344922859691888,-1,FALSE,FALSE
credito_industria_total,42,-0.43133891408625447,-1.1438564750280906,0.05522959325395614,-1.710845412512978,0.4528930860008095,-1,FALSE,FALSE
credito_industria_total,43,-0.394858693932687,-1.1167912186049265,0.07824513346124304,-1.6809180719025236,0.47499353423730234,-1,FALSE,FALSE
credito_industria_total,44,-0.35814989864543234,-1.091458258821544,0.10413670045625106,-1.6681898085462405,0.49919271363303974,-1,FALSE,FALSE
credito_industria_total,45,-0.32152528383815326,-1.0526448551732785,0.14330221986967245,-1.653749074544925,0.5100524111820133,-1,FALSE,FALSE
credito_industria_total,46,-0.28525448267462394,-1.0116515796110988,0.17668182097226665,-1.6295691552080178,0.5200057182272371,-1,FALSE,FALSE
credito_industria_total,47,-0.24959443845586904,-0.982248053551802,0.2036687485630671,-1.6151952526528242,0.5472344772153737,-1,FALSE,FALSE
credito_industria_total,48,-0.21478907942663605,-0.9438406214717172,0.2356829822110003,-1.59090910773755,0.5908626793738956,-1,FALSE,FALSE
credito_agro,0,1.2773847450042508,0.927822795391128,1.6700647166118148,0.7616950323606098,2.0106567612524615,1,TRUE,TRUE
credito_agro,1,1.531881934727508,1.0384319525592698,1.9967972439741024,0.8004011978761627,2.367785793647649,1,TRUE,TRUE
credito_agro,2,1.4649088063178883,0.8891256912970427,1.8840367018001731,0.6396578959613152,2.2674769453056247,1,TRUE,TRUE
credito_agro,3,1.7860771788312801,1.0533750061901779,2.209028071386392,0.7343769989920723,2.670229133969255,1,TRUE,TRUE
credito_agro,4,1.7169487737042521,0.9205626709231705,2.1445251343366145,0.6342805369280768,2.6325599177287016,1,TRUE,TRUE
credito_agro,5,1.6276316005708447,0.809031599319799,2.027329568710273,0.4814875734846746,2.5580817315865554,1,TRUE,TRUE
credito_agro,6,1.5653915083758685,0.792673706837502,2.035163867656701,0.47757959476183326,2.5561569665758803,1,TRUE,TRUE
credito_agro,7,1.4119247905537646,0.6564277177553731,1.9161986429183817,0.3253226894796956,2.4749180868542733,1,TRUE,TRUE
credito_agro,8,1.2486859979203402,0.5050512393592707,1.8202436671970519,0.07876278783292105,2.421833121760451,1,TRUE,TRUE
credito_agro,9,1.0579292571379906,0.3711102396747367,1.7106072586928713,-0.10527084103122476,2.3772522126431017,1,TRUE,FALSE
credito_agro,10,0.9000594136210793,0.2557788370983988,1.6344540654727688,-0.21552868431604372,2.3008559563714104,1,TRUE,FALSE
credito_agro,11,0.7404720150325783,0.14431332325799315,1.5444923693386068,-0.29818558673122025,2.1240292276683475,1,TRUE,FALSE
credito_agro,12,0.5469613744127244,0.002513003025487787,1.4727647214416164,-0.4049422480317797,2.049851987155896,1,TRUE,FALSE
credito_agro,13,0.39971258914095475,-0.09420381008857341,1.3987671111863667,-0.583553611759185,2.061080331425807,1,FALSE,FALSE
credito_agro,14,0.24916704336943596,-0.22688787058321006,1.2639224334012304,-0.687221745625209,1.9820944109696823,1,FALSE,FALSE
credito_agro,15,0.11128835190372666,-0.31813777844791086,1.1702405937741958,-0.8016115578211921,1.9180186127926286,1,FALSE,FALSE
credito_agro,16,-0.0063569677660857415,-0.39219203842267325,1.0805842069026284,-0.9421552143502457,1.8409256378741685,-1,FALSE,FALSE
credito_agro,17,-0.1341162984530353,-0.4874661145575342,1.0208019238209964,-1.0582741242551936,1.7625278829789481,-1,FALSE,FALSE
credito_agro,18,-0.24574678465821842,-0.556727030098403,0.9567046560387211,-1.2048996497421651,1.7175152294699847,-1,FALSE,FALSE
credito_agro,19,-0.3481364269521392,-0.6428930142832076,0.8955466307852651,-1.2771840936284242,1.668631884832255,-1,FALSE,FALSE
credito_agro,20,-0.44751995523556465,-0.7251592429321639,0.8333037422890857,-1.3387054963899518,1.5384114630887822,-1,FALSE,FALSE
credito_agro,21,-0.5342004222464669,-0.7955087838900168,0.7603341153160008,-1.4368872453899408,1.450497926728803,-1,FALSE,FALSE
credito_agro,22,-0.6170543265744066,-0.8671078174321681,0.6919482238250917,-1.5072299775109717,1.3698952695924629,-1,FALSE,FALSE
credito_agro,23,-0.6956661352337412,-0.9542124667554597,0.6467774588319882,-1.5741027346801453,1.261393449896494,-1,FALSE,FALSE
credito_agro,24,-0.7675736151985135,-1.0354140969181294,0.5522856124631722,-1.6343308340333216,1.185228379370707,-1,FALSE,FALSE
credito_agro,25,-0.833039333010499,-1.1076055923307382,0.4591153076273191,-1.7165611564593373,1.0968097157390644,-1,FALSE,FALSE
credito_agro,26,-0.8912421510334667,-1.173022077179975,0.38952720890113834,-1.794320098693264,0.9952573964271734,-1,FALSE,FALSE
credito_agro,27,-0.9435683229587544,-1.2359848819111512,0.3166281682434711,-1.8453274078606439,0.8970480455858425,-1,FALSE,FALSE
credito_agro,28,-0.9889770893489525,-1.2728818475230625,0.26388101095595196,-1.9265004066908704,0.8173125399855925,-1,FALSE,FALSE
credito_agro,29,-1.0272636113971223,-1.3103158920594282,0.19046756702839873,-1.980472290397434,0.7398796512393386,-1,FALSE,FALSE
credito_agro,30,-1.0589105062361215,-1.3299492029252904,0.14224288354987685,-2.0275702710685115,0.6810181266193481,-1,FALSE,FALSE
credito_agro,31,-1.0829339986772935,-1.3583145693028544,0.09389295716659075,-2.080684213482743,0.6293828779688877,-1,FALSE,FALSE
credito_agro,32,-1.0998764279831486,-1.3560788524876282,0.034059693378655165,-2.147513348094325,0.5549592627367405,-1,FALSE,FALSE
credito_agro,33,-1.1099831420464779,-1.3563939766257822,0.010098450509676364,-2.1430823434637998,0.5398209347669158,-1,FALSE,FALSE
credito_agro,34,-1.1131448551839784,-1.3554291088524995,0.013143586568249554,-2.1609107831894327,0.5077847557512061,-1,FALSE,FALSE
credito_agro,35,-1.1097948784559275,-1.360196131152834,-0.014341416344243019,-2.17201539470356,0.4619533362160217,-1,TRUE,FALSE
credito_agro,36,-1.0999789789533088,-1.3731953414000646,-0.02439037023881568,-2.150417349755606,0.43700607215606746,-1,TRUE,FALSE
credito_agro,37,-1.084055703649911,-1.381550031889276,-0.0246070250253563,-2.18558858369053,0.43804029031931807,-1,TRUE,FALSE
credito_agro,38,-1.0625266069037798,-1.3698607014272424,-0.02994663121818479,-2.192071550712278,0.40596639102938353,-1,TRUE,FALSE
credito_agro,39,-1.0357019001890344,-1.3629488755515362,-0.02510666911783217,-2.2082756141889943,0.4450097304160283,-1,TRUE,FALSE
credito_agro,40,-1.0040516324105186,-1.3558724824880102,-0.02912763036759972,-2.2127519419341795,0.4488052936489428,-1,TRUE,FALSE
credito_agro,41,-0.968016428786278,-1.3325303396382322,-0.0134011281622931,-2.1695517330325305,0.4261223727881968,-1,TRUE,FALSE
credito_agro,42,-0.9280514132941953,-1.3014217203485157,0.01235790260619756,-2.1602105181878466,0.419288561163302,-1,FALSE,FALSE
credito_agro,43,-0.8846577772924857,-1.2669633397684699,0.0283694540793493,-2.1595440410609417,0.42917290684416426,-1,FALSE,FALSE
credito_agro,44,-0.8383150345211532,-1.2535756121175035,0.062444150136460055,-2.134996259571284,0.4605046246803878,-1,FALSE,FALSE
credito_agro,45,-0.7895261078906479,-1.2452117628745114,0.07092259210574083,-2.0934346536606503,0.48898974331407175,-1,FALSE,FALSE
credito_agro,46,-0.7387573592700036,-1.2367695061353199,0.09188615994515353,-2.050468349213019,0.5276379384311111,-1,FALSE,FALSE
credito_agro,47,-0.6864709895970322,-1.2124518440389025,0.11545833932586126,-1.9608015838577308,0.5737792203734792,-1,FALSE,FALSE
credito_agro,48,-0.6331394709081062,-1.154657914588153,0.15076912353669797,-1.8678840534977694,0.61461660365392,-1,FALSE,FALSE
credito_construcao,0,0.6536205261218786,0.49979494349538456,1.165438792524136,0.3306209945786886,1.4004235084463998,1,TRUE,TRUE
credito_construcao,1,0.8804848711852831,0.7190280316100779,1.5825142708550977,0.4758619731168433,1.9095411904026212,1,TRUE,TRUE
credito_construcao,2,1.0473718618243533,0.8285671246358709,1.8575026359002238,0.5274880501623279,2.268714189935614,1,TRUE,TRUE
credito_construcao,3,1.163392669978336,0.8752461669934908,2.027536061617614,0.5718085812480665,2.5035576717904404,1,TRUE,TRUE
credito_construcao,4,1.1734863830791253,0.8438986430270647,2.0067061643692794,0.5576291241924002,2.4909284498871007,1,TRUE,TRUE
credito_construcao,5,1.237336215254503,0.8410438667884942,2.133249349498627,0.5365684966740657,2.6565251614688843,1,TRUE,TRUE
credito_construcao,6,1.1950476193586468,0.7890477702885121,2.1413354580071724,0.4721619737450988,2.7268382614236604,1,TRUE,TRUE
credito_construcao,7,1.1550439628608133,0.7557026241505449,2.1231489041381657,0.4273572111262633,2.770304351387974,1,TRUE,TRUE
credito_construcao,8,1.0809496992567613,0.6589513949431964,2.084133420672064,0.2784670785969011,2.763994265332026,1,TRUE,TRUE
credito_construcao,9,0.9359094694340264,0.5198911978370626,1.9646565162541358,0.07983319486883118,2.617178761809309,1,TRUE,TRUE
credito_construcao,10,0.8586186636575732,0.4180544338402914,1.9418658606506565,0.007579279692325069,2.6056291475142874,1,TRUE,TRUE
credito_construcao,11,0.7439338608510537,0.28593863864381763,1.8812168156156672,-0.10863319731854418,2.6264179931736655,1,TRUE,FALSE
credito_construcao,12,0.624083415102028,0.17217057581666406,1.8289321249899384,-0.30477774852070766,2.5780703943893277,1,TRUE,FALSE
credito_construcao,13,0.5213450011696263,0.07640252778675452,1.7852801665859124,-0.44236199666208176,2.575675822608289,1,TRUE,FALSE
credito_construcao,14,0.39695548735054764,-0.062207817336617864,1.707575812715436,-0.6414092982759051,2.5411583971317677,1,FALSE,FALSE
credito_construcao,15,0.2937841006226405,-0.16957066424175696,1.6102985619483388,-0.75915237633918,2.5068288119146227,1,FALSE,FALSE
credito_construcao,16,0.19142871897848135,-0.2870698685556574,1.5147606079262401,-0.8982721870426731,2.4220332149481054,1,FALSE,FALSE
credito_construcao,17,0.08700049040926139,-0.4230468892986905,1.4344193898184505,-1.0693289240990185,2.315914977777073,1,FALSE,FALSE
credito_construcao,18,-0.0067878183540370784,-0.523337343697204,1.3152511146927746,-1.210596626590397,2.3121089070485907,-1,FALSE,FALSE
credito_construcao,19,-0.10400990384705766,-0.6453075937951886,1.2367492447994914,-1.3239428191294143,2.163568123571522,-1,FALSE,FALSE
credito_construcao,20,-0.19520631061653582,-0.7409314123378002,1.1495366780375902,-1.4346374817921081,2.0720420772826724,-1,FALSE,FALSE
credito_construcao,21,-0.28079122175674875,-0.8556706879494378,1.060116810786223,-1.5749854678567035,1.957090154030882,-1,FALSE,FALSE
credito_construcao,22,-0.36466598938910133,-0.9691974047776213,0.9780676995644896,-1.7429557646558134,1.8482480023741081,-1,FALSE,FALSE
credito_construcao,23,-0.44377620592572775,-1.0924507193657462,0.8840370081761899,-1.8265433646305074,1.75044683909771,-1,FALSE,FALSE
credito_construcao,24,-0.5206292034443116,-1.2159723141487424,0.7799330285472603,-1.9419163758011704,1.627251780555445,-1,FALSE,FALSE
credito_construcao,25,-0.5929683161523758,-1.3095436445440545,0.6696613014812642,-2.0923915813929628,1.4982464791253542,-1,FALSE,FALSE
credito_construcao,26,-0.6601461846983292,-1.410001795916571,0.5902039536878027,-2.207470635926121,1.3868971641161134,-1,FALSE,FALSE
credito_construcao,27,-0.7231215040737538,-1.530199162851289,0.4949222439543046,-2.3632623557129864,1.270954785381819,-1,FALSE,FALSE
credito_construcao,28,-0.7802944424191494,-1.5922817114877597,0.4057718317655679,-2.4689518213666615,1.1943666649351923,-1,FALSE,FALSE
credito_construcao,29,-0.832330758198252,-1.6636260439073258,0.3126271922080311,-2.619067524776354,1.07496833526698,-1,FALSE,FALSE
credito_construcao,30,-0.8788095015855979,-1.7262165103868512,0.2544558457851469,-2.6890007684489063,0.9560997710743449,-1,FALSE,FALSE
credito_construcao,31,-0.9189982041746703,-1.758027368456105,0.21025368487289775,-2.7162277636491976,0.8349494464151328,-1,FALSE,FALSE
credito_construcao,32,-0.9531980166358589,-1.7890583775602178,0.15861777200618307,-2.7675759681628653,0.7104011763962214,-1,FALSE,FALSE
credito_construcao,33,-0.9810241601851288,-1.8298862830074047,0.09352522185089746,-2.8081207522523908,0.6533163924905121,-1,FALSE,FALSE
credito_construcao,34,-1.0026120048604703,-1.864699890015473,0.04486405503709988,-2.8229115666790836,0.6355814066779175,-1,FALSE,FALSE
credito_construcao,35,-1.018046569956177,-1.9267625111251827,0.011413557572537036,-2.838528097343348,0.6226736424861379,-1,FALSE,FALSE
credito_construcao,36,-1.0271955217854178,-1.9108546826841175,-0.024247392292852825,-2.851862840428458,0.551523633412394,-1,TRUE,FALSE
credito_construcao,37,-1.0303194695554518,-1.879164504700721,-0.03608519284726501,-2.8388722614272988,0.4992977459579817,-1,TRUE,FALSE
credito_construcao,38,-1.027550857889048,-1.900533013570209,-0.04273703861980256,-2.93634439304014,0.48049568789979186,-1,TRUE,FALSE
credito_construcao,39,-1.0191224472046345,-1.8677430925722018,-0.0642488513802616,-2.96688256936813,0.4816364222567246,-1,TRUE,FALSE
credito_construcao,40,-1.0053550470643602,-1.8985049445638702,-0.07535433451483277,-2.9575899770494534,0.4714730886702489,-1,TRUE,FALSE
credito_construcao,41,-0.9865054522224304,-1.886480622313325,-0.06363937969531047,-2.935276624793332,0.43316129289860716,-1,TRUE,FALSE
credito_construcao,42,-0.9629304188420784,-1.854102290314707,-0.058312572567769456,-2.883386884972752,0.41429454610168437,-1,TRUE,FALSE
credito_construcao,43,-0.9349796751981887,-1.816321729384934,-0.05994678040402498,-2.8226662015405077,0.4180041869079846,-1,TRUE,FALSE
credito_construcao,44,-0.9030337397243238,-1.7835615311810145,-0.04189551286098445,-2.7891458564294527,0.45412530064755807,-1,TRUE,FALSE
credito_construcao,45,-0.8675130201604375,-1.7779389469443287,-0.034816255096033775,-2.7845505367565204,0.4790507063683546,-1,TRUE,FALSE
credito_construcao,46,-0.8288107247818477,-1.7345661505193941,-0.02905367008671518,-2.7602165299132375,0.45875036079357556,-1,TRUE,FALSE
credito_construcao,47,-0.787346586118054,-1.6946339182550592,-0.013896869486042025,-2.6928283507947537,0.4703170428733317,-1,TRUE,FALSE
credito_construcao,48,-0.7435409905691359,-1.6929081302493123,0.025213813596249076,-2.6766617159221875,0.4884401420169598,-1,FALSE,FALSE
price_ipca,0,-0.06179038088150227,-0.18310810313175213,0.04684225096364757,-0.27581056063088066,0.11697805309334365,-1,FALSE,FALSE
price_ipca,1,-0.014931564576085327,-0.1573301186079737,0.059355138728210605,-0.23166049868011535,0.1268089193249672,-1,FALSE,FALSE
price_ipca,2,-0.024188880149557744,-0.1636978713693425,0.05993779859214403,-0.24585143560174352,0.14366131600384444,-1,FALSE,FALSE
price_ipca,3,0.009289454938586673,-0.1336958153683841,0.12078218721097449,-0.22489822337318516,0.20357166843139943,1,FALSE,FALSE
price_ipca,4,0.04962978355549748,-0.0766474912614446,0.18113017116113134,-0.14585441164460913,0.2671863309269609,1,FALSE,FALSE
price_ipca,5,0.1092362474950771,-0.023157292256636413,0.22741930647264186,-0.11160596273018153,0.31983824111356773,1,FALSE,FALSE
price_ipca,6,0.08857198391334935,-0.04580216001458213,0.21768089415241332,-0.1256815351929615,0.3066531802762069,1,FALSE,FALSE
price_ipca,7,0.11440717308668533,-0.019268044749698496,0.2471869498618356,-0.08735755855357544,0.36209658868218664,1,FALSE,FALSE
price_ipca,8,0.11453067993087405,-0.0181758430985663,0.2533729679615548,-0.11000411381496492,0.3762998189797683,1,FALSE,FALSE
price_ipca,9,0.07475128870725074,-0.04012628777255141,0.2283409169510029,-0.12618649861517867,0.34543984914110865,1,FALSE,FALSE
price_ipca,10,0.07771412205290462,-0.03936325877787414,0.24042379331920358,-0.12449883633712151,0.35720880081191164,1,FALSE,FALSE
price_ipca,11,0.057860608460179395,-0.0522184712620475,0.22015345584308568,-0.1437083961934837,0.34181307807706407,1,FALSE,FALSE
price_ipca,12,0.03091073030108685,-0.07356425062694989,0.20003982470994658,-0.15854196646738825,0.34362251780079145,1,FALSE,FALSE
price_ipca,13,0.02590662218680704,-0.07753444908195324,0.2072954183912052,-0.1580698095820981,0.33635098620652265,1,FALSE,FALSE
price_ipca,14,-0.0016820737420464916,-0.09431563726593617,0.1900843710892821,-0.180281844717422,0.3247933088279768,-1,FALSE,FALSE
price_ipca,15,-0.02582768664704753,-0.10591108816475182,0.1700980714415769,-0.20493928430389385,0.3185020098337048,-1,FALSE,FALSE
price_ipca,16,-0.04467746040770043,-0.11897162279588938,0.15952909067056273,-0.21699974072298137,0.30776445717080014,-1,FALSE,FALSE
price_ipca,17,-0.0681463817702735,-0.13432156506128848,0.147715789633034,-0.235393749808057,0.29232310315107213,-1,FALSE,FALSE
price_ipca,18,-0.08706079543564768,-0.15050428700121615,0.13395035301899755,-0.25170729959471444,0.27454205998493564,-1,FALSE,FALSE
price_ipca,19,-0.10425000179596815,-0.16080661651522812,0.12124006088233798,-0.2655525167046239,0.26114114267092725,-1,FALSE,FALSE
price_ipca,20,-0.120594367040152,-0.1710513535894153,0.10959229464125522,-0.28316577168287344,0.25745561787782567,-1,FALSE,FALSE
price_ipca,21,-0.13520142993109974,-0.1842617813275078,0.09547315082578417,-0.2925842780369007,0.24290802527527425,-1,FALSE,FALSE
price_ipca,22,-0.14836410394061947,-0.19634856652036223,0.08679764072850457,-0.30418337829635683,0.23061704924034335,-1,FALSE,FALSE
price_ipca,23,-0.1590822254076416,-0.20356839927264606,0.07442305354680961,-0.31531835663280045,0.221589135541671,-1,FALSE,FALSE
price_ipca,24,-0.16917543951757927,-0.20973481369415672,0.06473385240836893,-0.3240218961063069,0.20970317674402994,-1,FALSE,FALSE
price_ipca,25,-0.17758115594448456,-0.21323851962187712,0.057986252124646226,-0.3325443369338165,0.19407172399802258,-1,FALSE,FALSE
price_ipca,26,-0.1844075675301506,-0.2187494570646698,0.051249761387902305,-0.3401387184493029,0.1801742037516373,-1,FALSE,FALSE
price_ipca,27,-0.1904418968081674,-0.2212474668043709,0.04366688316511973,-0.34324597766750065,0.17238292471435557,-1,FALSE,FALSE
price_ipca,28,-0.19468895942019349,-0.22755853104867252,0.03415322238293453,-0.351566925866483,0.1624252279152542,-1,FALSE,FALSE
price_ipca,29,-0.19772729601438296,-0.22655877512595127,0.028276280259830464,-0.35092635622506363,0.15185376881645765,-1,FALSE,FALSE
price_ipca,30,-0.1997591321246318,-0.22958169697697456,0.02499781423904058,-0.35356649037582183,0.14449954269751364,-1,FALSE,FALSE
price_ipca,31,-0.20041485382530866,-0.22726101544207672,0.02235615736894543,-0.35942207420632605,0.14050040224061563,-1,FALSE,FALSE
price_ipca,32,-0.20010226364332678,-0.22543567551335136,0.016958412723602826,-0.3587579768028221,0.13137703313679608,-1,FALSE,FALSE
price_ipca,33,-0.19872732439574964,-0.22417666080237517,0.01307707969445334,-0.36663084130773094,0.13414070625274493,-1,FALSE,FALSE
price_ipca,34,-0.19627371274025435,-0.21883030807070888,0.01421014959639281,-0.3625632388368709,0.12481650938534201,-1,FALSE,FALSE
price_ipca,35,-0.19291884454738806,-0.21906392362411703,0.014667328170354392,-0.35930491273001053,0.11547375288048974,-1,FALSE,FALSE
price_ipca,36,-0.18866094956089766,-0.21312423880985162,0.012182612567687845,-0.35777123572860636,0.10960047929672634,-1,FALSE,FALSE
price_ipca,37,-0.18358379148359244,-0.210400873690827,0.014396840090867401,-0.34686755571460737,0.09917461297374432,-1,FALSE,FALSE
price_ipca,38,-0.1777429287471612,-0.21136700173782208,0.017389131630981873,-0.34783327409332676,0.10422779552628876,-1,FALSE,FALSE
price_ipca,39,-0.17120702740139923,-0.21217303715706948,0.02036057104900955,-0.34718783107675505,0.10333382832219618,-1,FALSE,FALSE
price_ipca,40,-0.1640657548895216,-0.20760478814238797,0.020406760654370727,-0.3431878518346266,0.10509711272191706,-1,FALSE,FALSE
price_ipca,41,-0.15637600594550308,-0.20110143917681902,0.02283004879279882,-0.34307118481887894,0.10998386286673516,-1,FALSE,FALSE
price_ipca,42,-0.14823558360719147,-0.1933582912490039,0.026535579266256545,-0.3393465328354022,0.11796026159110247,-1,FALSE,FALSE
price_ipca,43,-0.1397144602360205,-0.18754255766267566,0.028075520131836843,-0.3312958530817024,0.11786426261958267,-1,FALSE,FALSE
price_ipca,44,-0.1308804547874145,-0.18310710630086288,0.0301584423022554,-0.3215283242994411,0.12346213586852482,-1,FALSE,FALSE
price_ipca,45,-0.12182172387925695,-0.17671062910039415,0.03419399880886367,-0.3238694612605321,0.12450335902011993,-1,FALSE,FALSE
price_ipca,46,-0.1126047408441162,-0.17372937713940392,0.039951658738006504,-0.3136744240174487,0.12565806750261668,-1,FALSE,FALSE
price_ipca,47,-0.10330345344996365,-0.16627210637589285,0.043445295949925467,-0.3108775300576795,0.13315433383611838,-1,FALSE,FALSE
price_ipca,48,-0.0939896166896442,-0.1601114084895947,0.04851168668861113,-0.3026434709681406,0.13834326469150848,-1,FALSE,FALSE
price_ipca_difusao,0,0.26598328896881007,-0.4680431669818919,1.0068203195392456,-1.1102579122020972,1.5965238468062022,1,FALSE,FALSE
price_ipca_difusao,1,0.5261628098132465,-0.41465822375138633,1.065400042903684,-1.0190629626959897,1.4602078370589213,1,FALSE,FALSE
price_ipca_difusao,2,0.4124164206932464,-0.6217227008180897,0.9254648354659322,-1.3241050068293707,1.4062404761925316,1,FALSE,FALSE
price_ipca_difusao,3,0.8526343834343965,-0.22382235318540347,1.3802993583548253,-0.8543810561970653,1.9092898879588385,1,FALSE,FALSE
price_ipca_difusao,4,1.0482722526474388,0.012064108585793994,1.5857916707587003,-0.5771805639801383,2.310077345022979,1,TRUE,FALSE
price_ipca_difusao,5,1.36913106435249,0.2858730676380561,1.8591535421682912,-0.2879681354319259,2.6325511184214747,1,TRUE,FALSE
price_ipca_difusao,6,1.2539023958180076,0.23030132188928537,1.8571165282029256,-0.4078138919577486,2.6102843531594653,1,TRUE,FALSE
price_ipca_difusao,7,1.3169713808373218,0.32516591183222254,1.9558963872056228,-0.32843748044076193,2.7034710680570053,1,TRUE,FALSE
price_ipca_difusao,8,1.290703789088935,0.2981328084655687,1.989450226301977,-0.2581406174344672,2.826710920424091,1,TRUE,FALSE
price_ipca_difusao,9,1.0295944518798181,0.15574336892722196,1.7678078406093778,-0.49609320532191226,2.713665881361404,1,TRUE,FALSE
price_ipca_difusao,10,1.0016516185781874,0.17559166578519145,1.8595392655942224,-0.4636648856804063,2.7623059380157713,1,TRUE,FALSE
price_ipca_difusao,11,0.874897879529063,0.09621217511030698,1.836066451134048,-0.5003951202101441,2.6909615514867022,1,TRUE,FALSE
price_ipca_difusao,12,0.67934455550119,-0.05660336416935561,1.7315918117919638,-0.7182174999484714,2.617199312608877,1,FALSE,FALSE
price_ipca_difusao,13,0.6226172898845295,-0.09042394092107352,1.752277501006939,-0.6804687233073401,2.7145962127286904,1,FALSE,FALSE
price_ipca_difusao,14,0.4529130838482833,-0.21163146372630215,1.6515004458297051,-0.7817727608555805,2.618081087856302,1,FALSE,FALSE
price_ipca_difusao,15,0.29403498517409427,-0.31664117378889944,1.580570290722071,-0.9420342938888169,2.465965150036865,1,FALSE,FALSE
price_ipca_difusao,16,0.16986626600419627,-0.40357058469633755,1.543765059747787,-1.0574948103263857,2.4604443540236147,1,FALSE,FALSE
price_ipca_difusao,17,0.009671832982448982,-0.5136782927838802,1.4458343453007818,-1.2056887882008887,2.3892525557430075,1,FALSE,FALSE
price_ipca_difusao,18,-0.12761139398417062,-0.5970177167703679,1.36864008008933,-1.353172990771798,2.40042546586542,-1,FALSE,FALSE
price_ipca_difusao,19,-0.2564592498323269,-0.7049655327022409,1.2817361847192241,-1.517700323232326,2.2866504677238146,-1,FALSE,FALSE
price_ipca_difusao,20,-0.3867718907476856,-0.7870883042025992,1.2134238084679319,-1.6216713839450805,2.275319957810225,-1,FALSE,FALSE
price_ipca_difusao,21,-0.5076775119090773,-0.8825716857017429,1.1404630246680991,-1.7749631452864725,2.1491262619366163,-1,FALSE,FALSE
price_ipca_difusao,22,-0.6246501378418856,-0.9488719996315684,1.064514155781518,-1.8698215643273228,2.008580812859406,-1,FALSE,FALSE
price_ipca_difusao,23,-0.7311505711692106,-1.015186434592798,0.9850135149542198,-1.953300367925238,1.9746438304892102,-1,FALSE,FALSE
price_ipca_difusao,24,-0.8347491487329962,-1.10925022840213,0.894368361854447,-2.0557990930313887,1.8576769227963779,-1,FALSE,FALSE
price_ipca_difusao,25,-0.9301798926378123,-1.202256148825388,0.8059582692697416,-2.1650563257060598,1.721905286538201,-1,FALSE,FALSE
price_ipca_difusao,26,-1.016458758542953,-1.2923187483242626,0.7297751044794298,-2.2079961550217297,1.610139361398489,-1,FALSE,FALSE
price_ipca_difusao,27,-1.0983868347071133,-1.3430032514288803,0.6675925798089759,-2.3039193931718245,1.5366010918985489,-1,FALSE,FALSE
price_ipca_difusao,28,-1.1698678438898165,-1.406729180691176,0.5880461607908993,-2.351218410206097,1.4235288249355336,-1,FALSE,FALSE
price_ipca_difusao,29,-1.2328900785747205,-1.4772795558355523,0.49799801199499516,-2.468128882840782,1.283006878587475,-1,FALSE,FALSE
price_ipca_difusao,30,-1.2887497559392105,-1.5210330586694851,0.42535652765726256,-2.4850094910465557,1.175108864288973,-1,FALSE,FALSE
price_ipca_difusao,31,-1.3346328395664562,-1.5657709865053915,0.37107320622125545,-2.5384839006198536,1.1247281105249152,-1,FALSE,FALSE
price_ipca_difusao,32,-1.3725054609644798,-1.598985066942523,0.28873992072761345,-2.633479465329115,1.0225082911848884,-1,FALSE,FALSE
price_ipca_difusao,33,-1.4018346676201676,-1.6110732751300616,0.2432353362098954,-2.722242243327181,0.9290264818342295,-1,FALSE,FALSE
price_ipca_difusao,34,-1.4220803944599398,-1.628904318887567,0.18761923052285379,-2.742138071558617,0.9456648971012012,-1,FALSE,FALSE
price_ipca_difusao,35,-1.4341144991722021,-1.6333742268429936,0.15713904760003067,-2.690242422794838,0.906436129072506,-1,FALSE,FALSE
price_ipca_difusao,36,-1.4377198973420227,-1.6382557115575793,0.13715311878118264,-2.714860894998487,0.8898009517956491,-1,FALSE,FALSE
price_ipca_difusao,37,-1.4332488139458943,-1.6516275518105685,0.11414395449488313,-2.7149188520259147,0.8618526486832114,-1,FALSE,FALSE
price_ipca_difusao,38,-1.4210363186327803,-1.6377870532037029,0.09068322544140739,-2.733924660364591,0.8722167305525379,-1,FALSE,FALSE
price_ipca_difusao,39,-1.4013699231545846,-1.6138655626077882,0.07390396268070325,-2.7445746830495343,0.8308387549831482,-1,FALSE,FALSE
price_ipca_difusao,40,-1.3747674357396145,-1.5783925545742574,0.06747887909322697,-2.735728468164868,0.7908081414757344,-1,FALSE,FALSE
price_ipca_difusao,41,-1.3415842874797026,-1.5594239571377047,0.06699291995266765,-2.646413941777593,0.7943970733934974,-1,FALSE,FALSE
price_ipca_difusao,42,-1.3024150055888952,-1.5434042556964425,0.08363938747406968,-2.5699122197312505,0.7639541690639612,-1,FALSE,FALSE
price_ipca_difusao,43,-1.2577694481946355,-1.5155179044428995,0.09129958477177286,-2.483413675369991,0.7415081541022565,-1,FALSE,FALSE
price_ipca_difusao,44,-1.2081390079597214,-1.5105294457372913,0.10104708451119482,-2.5022144009793537,0.7496034070747786,-1,FALSE,FALSE
price_ipca_difusao,45,-1.154163480812719,-1.4576236298850689,0.1201358606469506,-2.4214567319782376,0.7024371152400322,-1,FALSE,FALSE
price_ipca_difusao,46,-1.0963780994848547,-1.4303525446685539,0.12278239623092485,-2.3542603361106056,0.7573909367666698,-1,FALSE,FALSE
price_ipca_difusao,47,-1.0353683502664541,-1.3448075913465007,0.13545397921558364,-2.273442923956477,0.7625134314880794,-1,FALSE,FALSE
price_ipca_difusao,48,-0.9717416684296155,-1.3028767439144924,0.149979187833358,-2.2246216508195986,0.7467598008621704,-1,FALSE,FALSE
price_core_ipca_ex0,0,0.01743053370587633,-0.028731316594760796,0.04477662967325174,-0.05531104411736817,0.06504714532413329,1,FALSE,FALSE
price_core_ipca_ex0,1,0.02765710573008947,-0.019283660835377244,0.05384697456332283,-0.049399433583754704,0.07574874240090469,1,FALSE,FALSE
price_core_ipca_ex0,2,0.03743305002438331,-0.015526862783782173,0.06626701031537402,-0.044650967645006104,0.09248852521276199,1,FALSE,FALSE
price_core_ipca_ex0,3,0.054265202580404126,-0.002972085857338274,0.08397000237434264,-0.026797591603004833,0.10813779994485855,1,FALSE,FALSE
price_core_ipca_ex0,4,0.06869546777582912,0.011230147995507018,0.09446267972315682,-0.01224324011874914,0.1321963608937907,1,TRUE,FALSE
price_core_ipca_ex0,5,0.09493446976331925,0.029550820892847635,0.12053294264868904,0.002976361886455028,0.15650851354156128,1,TRUE,TRUE
price_core_ipca_ex0,6,0.09013406340266673,0.02668179102743337,0.11754548765457556,-0.003924541414607263,0.1635925058660802,1,TRUE,FALSE
price_core_ipca_ex0,7,0.09497216997652005,0.03207438797916705,0.12672312868054128,0.005758925165517744,0.17038604128960685,1,TRUE,TRUE
price_core_ipca_ex0,8,0.09575096347037125,0.033145984886023154,0.1310315954839816,0.001817244602518177,0.17974996429897805,1,TRUE,TRUE
price_core_ipca_ex0,9,0.08088502246843504,0.024113318243527353,0.12364910585663971,-0.007120258035199876,0.18003467248038688,1,TRUE,FALSE
price_core_ipca_ex0,10,0.08027720679127874,0.023569222916645198,0.1256278291688541,-0.004490069749880065,0.18504436280754874,1,TRUE,FALSE
price_core_ipca_ex0,11,0.07362357311932166,0.020995269642774345,0.1233984683627118,-0.008995416062064592,0.18387942617001585,1,TRUE,FALSE
price_core_ipca_ex0,12,0.06456077387795955,0.01617352599355086,0.12045355185537675,-0.014255009667483423,0.184094862619198,1,TRUE,FALSE
price_core_ipca_ex0,13,0.05967679863419144,0.013877562351331633,0.1253214254489522,-0.01681883636876303,0.19167354567228614,1,TRUE,FALSE
price_core_ipca_ex0,14,0.04969451864741244,0.007764897769201861,0.1207130267972731,-0.020931069900531334,0.18800663911325213,1,TRUE,FALSE
price_core_ipca_ex0,15,0.04151665933043477,0.004220512413470963,0.11979598418036615,-0.02734507429922467,0.1915659561801532,1,TRUE,FALSE
price_core_ipca_ex0,16,0.0335857043082303,-3.151929850661444e-4,0.11899342825818636,-0.03368869743583796,0.1872045004535478,1,FALSE,FALSE
price_core_ipca_ex0,17,0.024769050748389813,-0.006467668863159722,0.11282182183997297,-0.03772201407137569,0.18421241349070966,1,FALSE,FALSE
price_core_ipca_ex0,18,0.016867153739259715,-0.01193835011331838,0.1080569520437194,-0.04202830096252349,0.17931999934463422,1,FALSE,FALSE
price_core_ipca_ex0,19,0.008236890283084759,-0.017824228354796554,0.10289522938161424,-0.050428945616985424,0.17781306185843518,1,FALSE,FALSE
price_core_ipca_ex0,20,-4.825721748697363e-5,-0.02386453344948808,0.09798206905664278,-0.05775121683214055,0.1723664399437631,-1,FALSE,FALSE
price_core_ipca_ex0,21,-0.008162126638905826,-0.030039951517574402,0.09253644877159055,-0.06453345535195264,0.16369916597755804,-1,FALSE,FALSE
price_core_ipca_ex0,22,-0.016304129109772476,-0.03472286131982583,0.08676237050893723,-0.07030333283127285,0.160373743336664,-1,FALSE,FALSE
price_core_ipca_ex0,23,-0.02389250098634767,-0.040674223463240004,0.0845807233830314,-0.07898306438704261,0.14972830151968913,-1,FALSE,FALSE
price_core_ipca_ex0,24,-0.03159885495029999,-0.04625564959214055,0.07987952797941107,-0.08685668248842826,0.14240150869839785,-1,FALSE,FALSE
price_core_ipca_ex0,25,-0.03897522933538091,-0.052517569036888236,0.07371956925109258,-0.0938760471837718,0.1369447927415169,-1,FALSE,FALSE
price_core_ipca_ex0,26,-0.04591782526564664,-0.05741917842849843,0.06830183747308516,-0.10028587872433901,0.13501330714157098,-1,FALSE,FALSE
price_core_ipca_ex0,27,-0.05267033741734126,-0.06282073810015076,0.06287116326786378,-0.10814355490183818,0.1280524481767584,-1,FALSE,FALSE
price_core_ipca_ex0,28,-0.05889515786996926,-0.06783557872678274,0.05658095561217145,-0.11478648401865396,0.12112647034616772,-1,FALSE,FALSE
price_core_ipca_ex0,29,-0.06471137757625074,-0.07294980890017481,0.051637783540957015,-0.11981898121485093,0.11374572355387255,-1,FALSE,FALSE
price_core_ipca_ex0,30,-0.07010944255449371,-0.07689093040363862,0.04470028958146624,-0.12755673840658222,0.10664234970494352,-1,FALSE,FALSE
price_core_ipca_ex0,31,-0.07495633867027152,-0.0815476857655137,0.03919096835101581,-0.13500720308820033,0.09968548703608134,-1,FALSE,FALSE
price_core_ipca_ex0,32,-0.07931043313982211,-0.08517260856087722,0.03440185558337869,-0.1432297001136448,0.09487074232470298,-1,FALSE,FALSE
price_core_ipca_ex0,33,-0.08310431124545269,-0.08847009020670751,0.030125423710214552,-0.14753136462922883,0.08702900606441764,-1,FALSE,FALSE
price_core_ipca_ex0,34,-0.08633649967527803,-0.09233695598662653,0.025743397853263836,-0.15083001093460735,0.08190421911974388,-1,FALSE,FALSE
price_core_ipca_ex0,35,-0.08901551651334305,-0.09518748815423639,0.02087513780123398,-0.15287914111728712,0.0784792673841911,-1,FALSE,FALSE
price_core_ipca_ex0,36,-0.09111140201708313,-0.09686461161409254,0.018175310023076312,-0.15546354202390666,0.07528682046598802,-1,FALSE,FALSE
price_core_ipca_ex0,37,-0.09264211776582539,-0.0997174117029925,0.015312255921610667,-0.16113283552485028,0.06892457210783991,-1,FALSE,FALSE
price_core_ipca_ex0,38,-0.09360246815034672,-0.10021508251972525,0.011467582940526291,-0.166112517816079,0.06836083149255066,-1,FALSE,FALSE
price_core_ipca_ex0,39,-0.09400517854342008,-0.10224128154315715,0.009559134399144903,-0.17058909180788837,0.06441129552326971,-1,FALSE,FALSE
price_core_ipca_ex0,40,-0.09387311138011505,-0.10351010805725758,0.007563981654309476,-0.1647464367312929,0.06146710735893927,-1,FALSE,FALSE
price_core_ipca_ex0,41,-0.09321716398097599,-0.10210337201822874,0.007105959507346346,-0.16146786647085096,0.05709414790634699,-1,FALSE,FALSE
price_core_ipca_ex0,42,-0.09206695120522182,-0.10206334902719841,0.006939288101385786,-0.15864263077356613,0.05579909287531724,-1,FALSE,FALSE
price_core_ipca_ex0,43,-0.09044671265697858,-0.10116521847209889,0.0060301976794848505,-0.16092252013392566,0.050109769037774456,-1,FALSE,FALSE
price_core_ipca_ex0,44,-0.08838402960112796,-0.09913245329107653,0.005488930569689361,-0.1606236133774907,0.04671228377675858,-1,FALSE,FALSE
price_core_ipca_ex0,45,-0.08591540975145182,-0.09554000948445857,0.0047026254531828005,-0.1582962406337385,0.04516946943966242,-1,FALSE,FALSE
price_core_ipca_ex0,46,-0.08307269513870726,-0.09473363788112099,0.005360577717130069,-0.1606961334999206,0.045671870575544754,-1,FALSE,FALSE
price_core_ipca_ex0,47,-0.07989244162540475,-0.09389421183856336,0.005256133747301142,-0.15970833677418092,0.04373622686563892,-1,FALSE,FALSE
price_core_ipca_ex0,48,-0.07641232505369107,-0.08957898169993707,0.006446004080310457,-0.1563307441581843,0.04218159285942738,-1,FALSE,FALSE
price_core_ipca_ex1,0,-0.0281409506180152,-0.09152751385290012,0.039912590244768335,-0.15612736006551767,0.08210375438848672,-1,FALSE,FALSE
price_core_ipca_ex1,1,-0.00954829243057654,-0.07668478993952019,0.043759548903576195,-0.13113018914520302,0.08535475479586538,-1,FALSE,FALSE
price_core_ipca_ex1,2,-0.023506494652273845,-0.09184852229086618,0.032306778157536784,-0.13351247694551652,0.08131093720100921,-1,FALSE,FALSE
price_core_ipca_ex1,3,0.0029177698281972115,-0.07002669479928934,0.07046086479477857,-0.12268378980358359,0.11800880109235459,1,FALSE,FALSE
price_core_ipca_ex1,4,0.026689009871348784,-0.036750059577048376,0.10232622018892087,-0.08333383040817943,0.15040961444703874,1,FALSE,FALSE
price_core_ipca_ex1,5,0.06116444527984601,-0.005630274146799223,0.13033403271351307,-0.05574773232802444,0.17463402258277527,1,FALSE,FALSE
price_core_ipca_ex1,6,0.05003340719174261,-0.01566704363634557,0.1206161538030778,-0.06468277672621825,0.17186818441763482,1,FALSE,FALSE
price_core_ipca_ex1,7,0.06289415526357982,-0.0016736588669355123,0.13916138042484802,-0.045020992765115384,0.19401910574325212,1,FALSE,FALSE
price_core_ipca_ex1,8,0.06371123423891809,-0.0034023229454304,0.1368616614406469,-0.05500241820166355,0.2026331823182203,1,FALSE,FALSE
price_core_ipca_ex1,9,0.041798783460535865,-0.01707957966367897,0.12420025068299059,-0.06941571720087192,0.18580774077204426,1,FALSE,FALSE
price_core_ipca_ex1,10,0.04362180793212181,-0.017431543320676215,0.1300071802283192,-0.06580950757211683,0.1898775031934906,1,FALSE,FALSE
price_core_ipca_ex1,11,0.03422145568755982,-0.024289581713717888,0.1228231309395928,-0.07296713741914009,0.18861027488967838,1,FALSE,FALSE
price_core_ipca_ex1,12,0.01946676986850988,-0.037804493654820734,0.10961657839019773,-0.08369155744531319,0.1816239803563608,1,FALSE,FALSE
price_core_ipca_ex1,13,0.017522473999262347,-0.036452360497509294,0.110648181373937,-0.08196698383989745,0.17942492532910018,1,FALSE,FALSE
price_core_ipca_ex1,14,0.0037269313342266257,-0.04482010389680036,0.09762274619349282,-0.09633052361917756,0.17502720988639625,1,FALSE,FALSE
price_core_ipca_ex1,15,-0.008683715065224131,-0.054952929546592096,0.09078140021330532,-0.10996607142000805,0.16528193116418377,-1,FALSE,FALSE
price_core_ipca_ex1,16,-0.017857882325155793,-0.06164281907225017,0.0859989161216566,-0.12221873804309483,0.16246157708107523,-1,FALSE,FALSE
price_core_ipca_ex1,17,-0.029861515585676096,-0.07145797542213171,0.07666752366462182,-0.1292036164216101,0.15505525993631258,-1,FALSE,FALSE
price_core_ipca_ex1,18,-0.039508982896015545,-0.08014571477184945,0.07102888290529785,-0.13814952445668494,0.14671096119939483,-1,FALSE,FALSE
price_core_ipca_ex1,19,-0.04816190829966186,-0.08445896338845198,0.06624565528868012,-0.1496786400460756,0.14014100702828658,-1,FALSE,FALSE
price_core_ipca_ex1,20,-0.056593734317886356,-0.08992681697078976,0.05966345135521337,-0.16084698582732612,0.1313689881048353,-1,FALSE,FALSE
price_core_ipca_ex1,21,-0.06412415238820979,-0.09336709596839361,0.05591968309493266,-0.15955042104297212,0.12117770812933029,-1,FALSE,FALSE
price_core_ipca_ex1,22,-0.07099100447321663,-0.10138843160384362,0.04991406028567295,-0.1642040493012566,0.11110347992281402,-1,FALSE,FALSE
price_core_ipca_ex1,23,-0.07663181647268473,-0.10651340339448778,0.04490201549195952,-0.1688081779375393,0.10737111324162589,-1,FALSE,FALSE
price_core_ipca_ex1,24,-0.08199086306542902,-0.11151434290146686,0.041738698687064965,-0.17601244684275863,0.09785729779461297,-1,FALSE,FALSE
price_core_ipca_ex1,25,-0.08650931703401234,-0.11847364209310994,0.03595579930820683,-0.18541053552080605,0.09122506057380697,-1,FALSE,FALSE
price_core_ipca_ex1,26,-0.0902055272906684,-0.1215862593272287,0.03197688758060632,-0.19050477233275218,0.08729797164107517,-1,FALSE,FALSE
price_core_ipca_ex1,27,-0.0935538119822389,-0.12344324557685038,0.02617565890888905,-0.19086963239716714,0.0795297742694537,-1,FALSE,FALSE
price_core_ipca_ex1,28,-0.0959927262222515,-0.12462062839727751,0.022521078678929954,-0.18899592146956776,0.07301349031308496,-1,FALSE,FALSE
price_core_ipca_ex1,29,-0.09780120008751815,-0.12565921559490273,0.01681903388934577,-0.19661119320268836,0.07012385918486173,-1,FALSE,FALSE
price_core_ipca_ex1,30,-0.099118486156023,-0.125687155640218,0.014835649306538422,-0.19477685894463176,0.06810477491227422,-1,FALSE,FALSE
price_core_ipca_ex1,31,-0.09972308887501759,-0.12593885025817553,0.012980253300117579,-0.1982560555317633,0.06510622086417009,-1,FALSE,FALSE
price_core_ipca_ex1,32,-0.09983384752911188,-0.12649586020251624,0.00996955123654646,-0.20239885210717418,0.06294868269309264,-1,FALSE,FALSE
price_core_ipca_ex1,33,-0.09940847114737433,-0.12625812498892125,0.008458553766956554,-0.19833146293104634,0.05668736852506059,-1,FALSE,FALSE
price_core_ipca_ex1,34,-0.0984245325013719,-0.12587472740828293,0.006955056448997746,-0.19757484167284745,0.052299332653378765,-1,FALSE,FALSE
price_core_ipca_ex1,35,-0.0969784125186859,-0.12322369372686762,0.006885083488381882,-0.19653194158872153,0.05060771165619419,-1,FALSE,FALSE
price_core_ipca_ex1,36,-0.09506518513294852,-0.12141474300589326,0.006117965756175689,-0.19325783797238083,0.04931549490474723,-1,FALSE,FALSE
price_core_ipca_ex1,37,-0.09272584672301198,-0.11954632739371895,0.006346367490552671,-0.18892840824288765,0.04825520227575467,-1,FALSE,FALSE
price_core_ipca_ex1,38,-0.08999032940213116,-0.11559274731959383,0.007622067565698381,-0.190573383049473,0.04783102123300242,-1,FALSE,FALSE
price_core_ipca_ex1,39,-0.08689015948736616,-0.11277543502172485,0.007577790185313192,-0.18827341128638533,0.04991282970936381,-1,FALSE,FALSE
price_core_ipca_ex1,40,-0.08347065291346673,-0.11046878380185335,0.009906038295674678,-0.1826630394169694,0.05372194442223318,-1,FALSE,FALSE
price_core_ipca_ex1,41,-0.0797591885237779,-0.10797652938075458,0.009756169494431954,-0.1767229711640354,0.052759722606158584,-1,FALSE,FALSE
price_core_ipca_ex1,42,-0.07580518407082756,-0.10675260027399969,0.012089375427339847,-0.17608837091755572,0.05476689535916345,-1,FALSE,FALSE
price_core_ipca_ex1,43,-0.07164408343175593,-0.10297646860519258,0.012207989853346687,-0.171073091110456,0.06100050465601916,-1,FALSE,FALSE
price_core_ipca_ex1,44,-0.06730897278207343,-0.10146381789745942,0.014209454621165539,-0.1689397484983259,0.0628948752032019,-1,FALSE,FALSE
price_core_ipca_ex1,45,-0.0628449995886847,-0.09715320143354306,0.016330003597418898,-0.16855773057069112,0.06723147895056385,-1,FALSE,FALSE
price_core_ipca_ex1,46,-0.05828546625473097,-0.09569721496397865,0.017709214663578176,-0.16790260160943404,0.070131839422996875,-1,FALSE,FALSE
price_core_ipca_ex1,47,-0.053667542241901595,-0.09131152824109733,0.020462443517103572,-0.16317552515792463,0.07094596613945653,-1,FALSE,FALSE
price_core_ipca_ex1,48,-0.04902826345097957,-0.08569427073254667,0.02292984896366065,-0.15752225127336927,0.07209700034522004,-1,FALSE,FALSE
price_core_ipca_dw,0,0.0067846133483315555,-0.033332496808895905,0.037324713811951515,-0.06656411132200478,0.06258777846477474,1,FALSE,FALSE
price_core_ipca_dw,1,0.02905387307675808,-0.018715700526221648,0.05357618434939092,-0.048015969726649434,0.07431442195196365,1,FALSE,FALSE
price_core_ipca_dw,2,0.03221483041782595,-0.018865562500955065,0.057898038349650335,-0.04612949575008589,0.08877497605609813,1,FALSE,FALSE
price_core_ipca_dw,3,0.04630821384123997,-0.008642240325941526,0.07685502271015239,-0.03532855015857174,0.11420661220402084,1,FALSE,FALSE
price_core_ipca_dw,4,0.0574113278845456,0.007733075347483715,0.0944695197145059,-0.01781987557313341,0.12918714760634517,1,TRUE,FALSE
price_core_ipca_dw,5,0.07561746013513077,0.0230675777402824,0.11005970341594208,-0.009370560355215824,0.14937842497311848,1,TRUE,FALSE
price_core_ipca_dw,6,0.06825438456919632,0.016927786050927346,0.10822776106677513,-0.014059971810543626,0.15213318603376436,1,TRUE,FALSE
price_core_ipca_dw,7,0.07393104270085045,0.023323360398057665,0.11988267059028748,-0.008855675733491504,0.1636090073955594,1,TRUE,FALSE
price_core_ipca_dw,8,0.0711605493316167,0.020978266306407273,0.11812640615324363,-0.014314394850106148,0.1697097686964196,1,TRUE,FALSE
price_core_ipca_dw,9,0.05492196452742779,0.009609548765283353,0.11170647298682931,-0.02847932970834586,0.16232573272143214,1,TRUE,FALSE
price_core_ipca_dw,10,0.052885692016077616,0.005702026727859686,0.11284577915064176,-0.029693943970347126,0.16896704040780658,1,TRUE,FALSE
price_core_ipca_dw,11,0.04313057785692791,2.55723167592677e-4,0.10761132763167812,-0.03253575677729779,0.1644461397898546,1,TRUE,FALSE
price_core_ipca_dw,12,0.031163142034840458,-0.009869190241933506,0.09931015194806839,-0.04146296387279769,0.15910431601208497,1,FALSE,FALSE
price_core_ipca_dw,13,0.026173720804959843,-0.012943143055696694,0.09826146972677652,-0.043731705075543637,0.15861921980858032,1,FALSE,FALSE
price_core_ipca_dw,14,0.013961274343032275,-0.02227577226918633,0.08951141179869498,-0.05143718154580485,0.15261284667932565,1,FALSE,FALSE
price_core_ipca_dw,15,0.00337323265562611,-0.02792168800534575,0.08426675005249949,-0.06500993193803412,0.15171396958611053,1,FALSE,FALSE
price_core_ipca_dw,16,-0.005618718426638662,-0.034851367405538014,0.08367948307529287,-0.07545139616247244,0.145146185398967,-1,FALSE,FALSE
price_core_ipca_dw,17,-0.01608673703580471,-0.042212095717201116,0.07734094804466954,-0.08637048821732407,0.14065668289474292,-1,FALSE,FALSE
price_core_ipca_dw,18,-0.024891572573944018,-0.04988436194957144,0.07221014265704126,-0.09423116056224917,0.13199981131631638,-1,FALSE,FALSE
price_core_ipca_dw,19,-0.033276583106547186,-0.05623053432513177,0.06718666991267824,-0.09731374005014075,0.12600710966904335,-1,FALSE,FALSE
price_core_ipca_dw,20,-0.04125598167702304,-0.06180769421756894,0.06212936484424351,-0.10562795124885077,0.11841980313702324,-1,FALSE,FALSE
price_core_ipca_dw,21,-0.048537811895077464,-0.06807915904710193,0.05835241332568739,-0.11027907447995007,0.1144990121183432,-1,FALSE,FALSE
price_core_ipca_dw,22,-0.05535100103313566,-0.07250869974903086,0.05143227548998335,-0.11559922104837629,0.10773043057727968,-1,FALSE,FALSE
price_core_ipca_dw,23,-0.061316594268381104,-0.07832814276231974,0.046450571177113424,-0.12221870448605246,0.1019278920511363,-1,FALSE,FALSE
price_core_ipca_dw,24,-0.06701251228697037,-0.08218802030116686,0.040352121693683574,-0.1308826369029529,0.0958045040128612,-1,FALSE,FALSE
price_core_ipca_dw,25,-0.07207027299607327,-0.08659635520960116,0.034903184381246954,-0.1393360182121825,0.08817896462893769,-1,FALSE,FALSE
price_core_ipca_dw,26,-0.07649714665674096,-0.09050622285623475,0.030566719040233413,-0.14306084654030454,0.08254316845060895,-1,FALSE,FALSE
price_core_ipca_dw,27,-0.08054456701318795,-0.09313672246932453,0.025015670727565567,-0.1442045547004727,0.076636591682192,-1,FALSE,FALSE
price_core_ipca_dw,28,-0.0838743101098247,-0.09721546825531888,0.02306738389139153,-0.14607063007798166,0.07246053816531128,-1,FALSE,FALSE
price_core_ipca_dw,29,-0.086670071589245945,-0.0988596024686472,0.0193859052551423,-0.15509347771701848,0.06825854479851406,-1,FALSE,FALSE
price_core_ipca_dw,30,-0.088975486811965,-0.09993294912289877,0.015557911425468548,-0.15568705449875017,0.06318549201081389,-1,FALSE,FALSE
price_core_ipca_dw,31,-0.09065716883815993,-0.10073782973709504,0.013008319949627317,-0.1559802909194922,0.05908899458171389,-1,FALSE,FALSE
price_core_ipca_dw,32,-0.09184218915743156,-0.10018576085004637,0.010908970167004178,-0.15924586588755307,0.05430498919948022,-1,FALSE,FALSE
price_core_ipca_dw,33,-0.09249079875172216,-0.10241046346943906,0.008929115421169446,-0.16639427870889326,0.05144946189477686,-1,FALSE,FALSE
price_core_ipca_dw,34,-0.092599945649234,-0.10377589394169587,0.006152017275666196,-0.17027029688197645,0.049349999981006754,-1,FALSE,FALSE
price_core_ipca_dw,35,-0.0922241578870414,-0.1034371541797388,0.003850602521251278,-0.16683186914700196,0.04799978910957528,-1,FALSE,FALSE
price_core_ipca_dw,36,-0.09135846900288376,-0.10313353925305468,0.001873094535190532,-0.16746789276194157,0.047757201744854795,-1,FALSE,FALSE
price_core_ipca_dw,37,-0.09003523697474723,-0.10284125053126554,0.0010721712363821719,-0.17241626441355173,0.04547180076227995,-1,FALSE,FALSE
price_core_ipca_dw,38,-0.08827604868814513,-0.10045251392164775,9.075025582344277e-4,-0.17109694692550834,0.04418056777787891,-1,FALSE,FALSE
price_core_ipca_dw,39,-0.08610863643920841,-0.09894401709660514,0.0012505112065707511,-0.16736960626785238,0.04295972473252958,-1,FALSE,FALSE
price_core_ipca_dw,40,-0.0835702329318418,-0.097591490179238,0.0016180308842221318,-0.16504584624305327,0.04162037266445903,-1,FALSE,FALSE
price_core_ipca_dw,41,-0.08068697252189067,-0.09545138833114683,0.002543280792634662,-0.15807411153370235,0.044205514697505874,-1,FALSE,FALSE
price_core_ipca_dw,42,-0.0774998546675342,-0.09414498456364423,0.003853200660696746,-0.1583106259224478,0.045116378178303364,-1,FALSE,FALSE
price_core_ipca_dw,43,-0.07404206240568299,-0.09194159449458128,0.005884427211788765,-0.155805997057912,0.04353493026940575,-1,FALSE,FALSE
price_core_ipca_dw,44,-0.07034713645020556,-0.08867286541388948,0.0069465635496898754,-0.15239421580926346,0.046574637868409485,-1,FALSE,FALSE
price_core_ipca_dw,45,-0.06645580802968414,-0.08693095773944334,0.008286892845663375,-0.14762975193346817,0.048188652788526666,-1,FALSE,FALSE
price_core_ipca_dw,46,-0.062401801048780785,-0.08490724486023833,0.009736838442486963,-0.14660676276600676,0.05282309168498866,-1,FALSE,FALSE
price_core_ipca_dw,47,-0.058221854815205434,-0.08217110019622505,0.010894944488399894,-0.14061023007960477,0.0581878181244568,-1,FALSE,FALSE
price_core_ipca_dw,48,-0.053952165527298854,-0.07903324211869561,0.012840436819083463,-0.1355394224459846,0.058516183421274265,-1,FALSE,FALSE
price_inpc,0,-0.07657370227669333,-0.20723636399274956,0.050943577427355224,-0.32240109862732635,0.12718191939551945,-1,FALSE,FALSE
price_inpc,1,-0.027166704120268573,-0.18296781656536026,0.057783965549651234,-0.26242690828132054,0.13018540655948124,-1,FALSE,FALSE
price_inpc,2,-0.04990377979209539,-0.20374373867558487,0.04313124621220156,-0.29066360419378856,0.13682946172719104,-1,FALSE,FALSE
price_inpc,3,-0.015254615449546262,-0.1735322927127162,0.10605272793901019,-0.2648625934284698,0.1965237269537712,-1,FALSE,FALSE
price_inpc,4,0.02565456784409332,-0.10147312692966462,0.1717158881828293,-0.1865331997357655,0.2608236201536734,1,FALSE,FALSE
price_inpc,5,0.08212088927487476,-0.05573207537740629,0.21584826509935154,-0.15428449315826462,0.3110042836262825,1,FALSE,FALSE
price_inpc,6,0.05923476716537587,-0.08270797388604033,0.20621565544031056,-0.15757324183510435,0.3032331910879272,1,FALSE,FALSE
price_inpc,7,0.08629945372369374,-0.04711485830495675,0.23916607070872475,-0.13428837270317215,0.3501251558034498,1,FALSE,FALSE
price_inpc,8,0.08469914044979947,-0.05211948962053203,0.24211657001574735,-0.15118126453037817,0.3574891954432288,1,FALSE,FALSE
price_inpc,9,0.04355715665159886,-0.08394188848325737,0.2185622707890276,-0.16711161037465233,0.3343728999081645,1,FALSE,FALSE
price_inpc,10,0.04633375376802627,-0.07639980466178262,0.2335885079349704,-0.1700455550924719,0.33706947521674735,1,FALSE,FALSE
price_inpc,11,0.025344126038180894,-0.09672258173713796,0.21221412350355254,-0.19019961872487545,0.3300726695316593,1,FALSE,FALSE
price_inpc,12,-0.0036037748774531975,-0.11889709624409417,0.18899977237610394,-0.2102548573384003,0.31473586908908835,-1,FALSE,FALSE
price_inpc,13,-0.007698623822228542,-0.11545872877119537,0.18497606321416565,-0.21217585946778852,0.3107129628544263,-1,FALSE,FALSE
price_inpc,14,-0.03602372843620202,-0.13910049318565368,0.1651889295238838,-0.23130362374706157,0.29677327618862076,-1,FALSE,FALSE
price_inpc,15,-0.06122938137211379,-0.15414745706867478,0.14370382216548766,-0.2545501703784662,0.280097217274337,-1,FALSE,FALSE
price_inpc,16,-0.07977126679898816,-0.16678354011734867,0.13622482050276477,-0.2737992335994406,0.2581562450169374,-1,FALSE,FALSE
price_inpc,17,-0.10347852406515388,-0.1816451090576383,0.11759821615908653,-0.2897961912577175,0.24154195843182472,-1,FALSE,FALSE
price_inpc,18,-0.12202487648256337,-0.19379771513048683,0.1005971302634478,-0.3021864131938907,0.22576698540277038,-1,FALSE,FALSE
price_inpc,19,-0.13784692731226783,-0.20516665347466967,0.0915001264407953,-0.3122432645434273,0.21725871858481605,-1,FALSE,FALSE
price_inpc,20,-0.15282994865008534,-0.2162025760468856,0.0815563288947703,-0.33252017195427463,0.2010127088989619,-1,FALSE,FALSE
price_inpc,21,-0.1656519176286017,-0.2238346987071112,0.06351612221166604,-0.34121437545990135,0.19342325712053884,-1,FALSE,FALSE
price_inpc,22,-0.1766435167113204,-0.2323337161125067,0.050956220225418326,-0.3448914718959653,0.17808322458737175,-1,FALSE,FALSE
price_inpc,23,-0.18495230811366536,-0.2339979748711236,0.040851324828288606,-0.3529862331399928,0.16931114955582344,-1,FALSE,FALSE
price_inpc,24,-0.19236125099711696,-0.24105429689268149,0.03482861840527441,-0.3572527680686562,0.15806856896375976,-1,FALSE,FALSE
price_inpc,25,-0.19785958756368055,-0.2422167797953835,0.03047399975618064,-0.36686038143031124,0.14654502782393697,-1,FALSE,FALSE
price_inpc,26,-0.2016374715712685,-0.24523762545034755,0.021853054952021434,-0.36461491836833665,0.13541490658724237,-1,FALSE,FALSE
price_inpc,27,-0.20454080993472018,-0.24423864549119464,0.0185779337432166,-0.3734256565931875,0.1209749590288149,-1,FALSE,FALSE
price_inpc,28,-0.2055556887353962,-0.2429080337881347,0.014599239941813925,-0.36892506748258175,0.11821898226694039,-1,FALSE,FALSE
price_inpc,29,-0.20530978955743462,-0.23826798274012412,0.013750038623999962,-0.36195672300307974,0.11767307254466317,-1,FALSE,FALSE
price_inpc,30,-0.2040762078175531,-0.23878424928590627,0.015526179053391426,-0.3593579219544181,0.10877731583132641,-1,FALSE,FALSE
price_inpc,31,-0.201477969763074,-0.23457192338456923,0.012941139785674585,-0.36940966671253345,0.1040036877469967,-1,FALSE,FALSE
price_inpc,32,-0.19798528189576803,-0.23113939533131309,0.011193199552884203,-0.36949919139164994,0.09710192133599971,-1,FALSE,FALSE
price_inpc,33,-0.19353535364062247,-0.22665281135094084,0.011705074669547288,-0.3622480431838401,0.09803638295328115,-1,FALSE,FALSE
price_inpc,34,-0.18810910319541008,-0.22169318453790282,0.010406183411364962,-0.36209511138982775,0.09724007995964429,-1,FALSE,FALSE
price_inpc,35,-0.18192471597609097,-0.22044509044563926,0.013910709635043275,-0.3566367077088704,0.09764435945066006,-1,FALSE,FALSE
price_inpc,36,-0.17500101755792982,-0.21164253971728553,0.01639497968459459,-0.3491460876366593,0.09489048138282245,-1,FALSE,FALSE
price_inpc,37,-0.16743335299446238,-0.21481996723569868,0.018856372720102172,-0.3432289220558277,0.09748595919516853,-1,FALSE,FALSE
price_inpc,38,-0.1592987783260877,-0.20942315928775612,0.02463999384330813,-0.3365828715743278,0.0991663744424512,-1,FALSE,FALSE
price_inpc,39,-0.1506755184568672,-0.20062023534317924,0.026107364622381765,-0.3328776171762926,0.10382926076050025,-1,FALSE,FALSE
price_inpc,40,-0.14166240665117888,-0.19272589130938875,0.028376203418499044,-0.3338456290579054,0.11320758620806946,-1,FALSE,FALSE
price_inpc,41,-0.1323249341780701,-0.18457430781117656,0.034181208438233454,-0.3255246315755836,0.12048079651901068,-1,FALSE,FALSE
price_inpc,42,-0.12276647708630585,-0.1812283926034876,0.036955564746735003,-0.3201885598123667,0.12332911145487645,-1,FALSE,FALSE
price_inpc,43,-0.11305989865286475,-0.1733648645366085,0.04016363646121505,-0.3110241910172768,0.12653027431015904,-1,FALSE,FALSE
price_inpc,44,-0.10327244995688059,-0.1703766843232806,0.0474078724576546,-0.2998792380697828,0.13670805993969806,-1,FALSE,FALSE
price_inpc,45,-0.09349073799440577,-0.16430881525916263,0.05412388322055902,-0.29218966757691817,0.14222892030309223,-1,FALSE,FALSE
price_inpc,46,-0.08377702845256849,-0.15515407416133603,0.06111198844649472,-0.2882921472503962,0.14784543280199333,-1,FALSE,FALSE
price_inpc,47,-0.07419934521635038,-0.1493795168720043,0.06663776161633904,-0.2846516774792649,0.15299091578415386,-1,FALSE,FALSE
price_inpc,48,-0.06482245039823763,-0.1453335955161162,0.07186578982065624,-0.2767398055008658,0.16524250783252756,-1,FALSE,FALSE
price_igp_m,0,0.12788530890425148,-0.01151835761106794,0.24263170328252698,-0.09680296922577575,0.33543360980522335,1,FALSE,FALSE
price_igp_m,1,0.22577393400457715,0.05332220219154356,0.3398510914898232,-0.045645861451993806,0.4507931496703087,1,TRUE,FALSE
price_igp_m,2,0.22460478205379686,0.012047066276968338,0.36311973449975576,-0.08752922612975991,0.48476250395221804,1,TRUE,FALSE
price_igp_m,3,0.22983918979107976,0.016978132179613355,0.38607521205819195,-0.11276165805077099,0.5429550877035909,1,TRUE,FALSE
price_igp_m,4,0.22748833676870692,0.020826886119239794,0.40258078078466997,-0.09681863041900647,0.5544898330758525,1,TRUE,FALSE
price_igp_m,5,0.21414634828498105,-2.0985278321011575e-4,0.39559462403287066,-0.12679688724310123,0.5659376369861727,1,FALSE,FALSE
price_igp_m,6,0.18886404892133743,-0.02274021074101214,0.3906412501989811,-0.15214064392552834,0.5875163801366481,1,FALSE,FALSE
price_igp_m,7,0.18118814101609318,-0.027379375847899484,0.40603788072576963,-0.15983316072043866,0.6037968534189795,1,FALSE,FALSE
price_igp_m,8,0.14056055739602963,-0.06945493119716634,0.37678485668144035,-0.2067646180350088,0.5703346245696272,1,FALSE,FALSE
price_igp_m,9,0.08812864591864981,-0.11925513624144056,0.3471795477936826,-0.24595405274036428,0.5389452100052537,1,FALSE,FALSE
price_igp_m,10,0.05773071097609812,-0.14386335191025926,0.32807857821584757,-0.27617183307993964,0.5309806591712368,1,FALSE,FALSE
price_igp_m,11,0.009005380004995803,-0.185713066658607,0.29131528143240837,-0.314836235963025,0.48909410361676725,1,FALSE,FALSE
price_igp_m,12,-0.04031749720618372,-0.22814498344462325,0.2532161476652399,-0.362972746487266,0.45331750834518186,-1,FALSE,FALSE
price_igp_m,13,-0.07469656234556361,-0.25580414025596737,0.2299329182621091,-0.3915639380948777,0.44215599235651204,-1,FALSE,FALSE
price_igp_m,14,-0.12231041381519583,-0.28989175921041976,0.19523668724791593,-0.43196346327850976,0.4042368279890171,-1,FALSE,FALSE
price_igp_m,15,-0.16233811491920747,-0.30915157481430827,0.1585091695652047,-0.46987692249200164,0.36383214257590785,-1,FALSE,FALSE
price_igp_m,16,-0.19608431734920131,-0.32851574720775456,0.13332201461389745,-0.4993427839007153,0.33302511280311126,-1,FALSE,FALSE
price_igp_m,17,-0.23067099107413255,-0.3562756330814785,0.10333246017635034,-0.533006913536145,0.30536619827955336,-1,FALSE,FALSE
price_igp_m,18,-0.2578801160855068,-0.37900833338431467,0.07958050874684623,-0.5477273226750884,0.2791087074583267,-1,FALSE,FALSE
price_igp_m,19,-0.2806795375981776,-0.39572600659808976,0.062438187129464966,-0.5667150337827326,0.2600762425630657,-1,FALSE,FALSE
price_igp_m,20,-0.3000527260092989,-0.4121672639267626,0.04736662101486127,-0.5758357192432064,0.23025199740617242,-1,FALSE,FALSE
price_igp_m,21,-0.31473851178219814,-0.4214519414929806,0.03753262439609753,-0.5752599542085874,0.20623820387875,-1,FALSE,FALSE
price_igp_m,22,-0.3260411331545276,-0.432799915211969,0.022999903525654865,-0.590934436913449,0.1839780920728715,-1,FALSE,FALSE
price_igp_m,23,-0.3340862675490125,-0.4314359737049147,0.016664327504867054,-0.596450076056504,0.1663510572931585,-1,FALSE,FALSE
price_igp_m,24,-0.3394775403873287,-0.4313010828796715,0.008183611615328438,-0.605550052121781,0.15260921725148732,-1,FALSE,FALSE
price_igp_m,25,-0.3418336061001584,-0.43303741049643046,0.005300777017026883,-0.6102760929555309,0.14098432243349232,-1,FALSE,FALSE
price_igp_m,26,-0.34160472672273223,-0.4286935493809397,2.8935762808502358e-5,-0.6089383942913986,0.14011464211375785,-1,FALSE,FALSE
price_igp_m,27,-0.3392406386620037,-0.4257491542091985,-0.0037744483556601035,-0.6261156688048516,0.14156863210020165,-1,TRUE,FALSE
price_igp_m,28,-0.3343788359853437,-0.41789883958484625,-0.004984576799129315,-0.632867012165825,0.1316913739828395,-1,TRUE,FALSE
price_igp_m,29,-0.32761066368086944,-0.40689470939687,0.0013746278350806871,-0.6272749127209748,0.12918454888158967,-1,FALSE,FALSE
price_igp_m,30,-0.3190978262598943,-0.3974300540864184,0.003920179017114962,-0.6293889082903289,0.12976171457125205,-1,FALSE,FALSE
price_igp_m,31,-0.30872947685208013,-0.3950951368729143,0.008322618884155843,-0.6170910204910414,0.13229469348984174,-1,FALSE,FALSE
price_igp_m,32,-0.2969334141958551,-0.3759932177102848,0.011661204503436535,-0.5990371174790045,0.13961812206767987,-1,FALSE,FALSE
price_igp_m,33,-0.2837783457765164,-0.3685857818996913,0.01664907151478916,-0.5792519705575001,0.14062870669579744,-1,FALSE,FALSE
price_igp_m,34,-0.26939216169943436,-0.3588918937535391,0.029506271812333215,-0.5538986951038927,0.15101036051147582,-1,FALSE,FALSE
price_igp_m,35,-0.2540260993805879,-0.3466441133351544,0.03871474454727261,-0.5444630639924152,0.16593985798132582,-1,FALSE,FALSE
price_igp_m,36,-0.23778846962340638,-0.3291631624697402,0.04812283586856057,-0.5398094075249763,0.16836356312872408,-1,FALSE,FALSE
price_igp_m,37,-0.22086174309421652,-0.313185906165075,0.06113373093868441,-0.532292657287385,0.17508975943070487,-1,FALSE,FALSE
price_igp_m,38,-0.2034214597826384,-0.29813287363753954,0.06880703977897042,-0.5266251169809061,0.1934010457421858,-1,FALSE,FALSE
price_igp_m,39,-0.1856262704729583,-0.2848944935431358,0.08209002814335462,-0.5246624226107136,0.2141627712705321,-1,FALSE,FALSE
price_igp_m,40,-0.16764578917356193,-0.27442925052805384,0.08912439805348889,-0.5165481262076932,0.2311916418127899,-1,FALSE,FALSE
price_igp_m,41,-0.1496259481948482,-0.2683839531796699,0.10825914524320522,-0.5035104305138832,0.24975522370425163,-1,FALSE,FALSE
price_igp_m,42,-0.13172062407450544,-0.2586280937372085,0.12064745378307516,-0.4802772521094208,0.2525841908481425,-1,FALSE,FALSE
price_igp_m,43,-0.11406254863419221,-0.24323521147002047,0.12961030955944028,-0.47368422259179843,0.26586008212445833,-1,FALSE,FALSE
price_igp_m,44,-0.09677781828200333,-0.22634251891924934,0.14043038937722185,-0.4678654635751389,0.2835561378150651,-1,FALSE,FALSE
price_igp_m,45,-0.07999021353614205,-0.20911982851975686,0.15303301361211094,-0.45595376004369587,0.3076857545714636,-1,FALSE,FALSE
price_igp_m,46,-0.06379927448284069,-0.1979827848051885,0.16309085250955213,-0.43951289889484446,0.3224531516627748,-1,FALSE,FALSE
price_igp_m,47,-0.04830067456047871,-0.1946412224912883,0.1768909643506581,-0.4290636082152717,0.331161691613341,-1,FALSE,FALSE
price_igp_m,48,-0.033578361842497816,-0.18635879263339167,0.18963297108480073,-0.41664830960569327,0.34516860119108644,-1,FALSE,FALSE
price_ipp,0,0.46767151705824583,0.3074984212071003,0.7039647831382426,0.18557686408947913,0.8838165012233958,1,TRUE,TRUE
price_ipp,1,0.5724810836516835,0.33850972065925533,0.7825962865742171,0.19468746452965122,0.9497508701379503,1,TRUE,TRUE
price_ipp,2,0.45846083501900425,0.19961608131392666,0.6647069921874664,0.05955353364332207,0.861437807221411,1,TRUE,TRUE
price_ipp,3,0.5244618015376574,0.22360399106537585,0.7242114774951648,0.0948381324530684,0.9347930592360258,1,TRUE,TRUE
price_ipp,4,0.43551272210627423,0.1333484114462699,0.6381789410358948,-0.034932095091455895,0.8563212136194215,1,TRUE,FALSE
price_ipp,5,0.2712611445046258,-0.020595202296193143,0.5054609932526883,-0.1943328021370256,0.7192464476876285,1,FALSE,FALSE
price_ipp,6,0.24933793685317315,-0.03642900763515378,0.539293857887413,-0.1994108685701975,0.7531536951315994,1,FALSE,FALSE
price_ipp,7,0.16491961561524554,-0.1068532970109051,0.47014154623034443,-0.2821906428827008,0.7030606681145241,1,FALSE,FALSE
price_ipp,8,0.07198611005061151,-0.19415048519185701,0.39723470975380104,-0.3901248977746032,0.6114157706587016,1,FALSE,FALSE
price_ipp,9,0.03111113087246384,-0.22679921135392184,0.3847277760916892,-0.40807379878338423,0.5819869967212019,1,FALSE,FALSE
price_ipp,10,-0.04511878936477679,-0.2810523665502144,0.31308024833039616,-0.4936262956433378,0.5278120308952682,-1,FALSE,FALSE
price_ipp,11,-0.10594748758633465,-0.3393077941961715,0.26275169355266875,-0.5726257294460424,0.4821684882990547,-1,FALSE,FALSE
price_ipp,12,-0.17375490623862966,-0.3899328691859219,0.21385095330881126,-0.5999847434095585,0.41021323782823527,-1,FALSE,FALSE
price_ipp,13,-0.22590009785362872,-0.4296602772491426,0.16845671050384237,-0.6544884394433371,0.37982590532228216,-1,FALSE,FALSE
price_ipp,14,-0.26726446199559273,-0.4715575383395785,0.13801500654278515,-0.7089288644204882,0.34285151237632394,-1,FALSE,FALSE
price_ipp,15,-0.30894367488489355,-0.5066103142798042,0.08972322002013303,-0.7442815446040975,0.3027668561150051,-1,FALSE,FALSE
price_ipp,16,-0.3366188537723258,-0.5212048215806299,0.06887934655350267,-0.7717993806605419,0.27409728607130285,-1,FALSE,FALSE
price_ipp,17,-0.3665386009527445,-0.552776281057809,0.03259022348767114,-0.8092171356133355,0.24152931831944097,-1,FALSE,FALSE
price_ipp,18,-0.38883782781194676,-0.5604898550697799,0.0074733986257769355,-0.8243923014142912,0.1965585958381032,-1,FALSE,FALSE
price_ipp,19,-0.3993798390398896,-0.5663609501990876,-0.004907515505844005,-0.8347510376910808,0.17188092480065717,-1,TRUE,FALSE
price_ipp,20,-0.40872001959393733,-0.5726412470386476,-0.020613418932701376,-0.8537746299496678,0.14672435540331258,-1,TRUE,FALSE
price_ipp,21,-0.41025894138204616,-0.5762221239055918,-0.030692346492968415,-0.8647144532807521,0.14152996113913685,-1,TRUE,FALSE
price_ipp,22,-0.40754251164060346,-0.5751776427028739,-0.03480897731709714,-0.8632475239039008,0.13155424592415046,-1,TRUE,FALSE
price_ipp,23,-0.4033985363273719,-0.5677462454202492,-0.042624714680038575,-0.8401165086193523,0.1201468488254091,-1,TRUE,FALSE
price_ipp,24,-0.3940287365374785,-0.5581412121783735,-0.03678236005405375,-0.8216126903606109,0.12167186702960404,-1,TRUE,FALSE
price_ipp,25,-0.38147057031491144,-0.5489162885646326,-0.03755718299872013,-0.811186859611826,0.12600264301031772,-1,TRUE,FALSE
price_ipp,26,-0.3662470912536248,-0.5408486363109737,-0.041102262500534226,-0.8011151748587794,0.1353729091223967,-1,TRUE,FALSE
price_ipp,27,-0.3482661777941229,-0.5209769848203532,-0.033116075355301894,-0.7762445157270429,0.1419123326631234,-1,TRUE,FALSE
price_ipp,28,-0.32834770425166765,-0.49726141307960026,-0.019767136360103597,-0.7644054475597767,0.15080199806805766,-1,TRUE,FALSE
price_ipp,29,-0.3062718579874504,-0.4778902377959277,-0.015807844063396706,-0.7631368326513661,0.1693406914841462,-1,TRUE,FALSE
price_ipp,30,-0.2825663401131979,-0.46016268828591744,5.43980264129794e-4,-0.7286534305183072,0.1864306119612093,-1,FALSE,FALSE
price_ipp,31,-0.2573254471624693,-0.43720424927448187,0.02300888137857254,-0.7155953121808334,0.1963342804499127,-1,FALSE,FALSE
price_ipp,32,-0.2308839119790453,-0.42529202855115267,0.0451569168781059,-0.6769931090919228,0.21880712583079848,-1,FALSE,FALSE
price_ipp,33,-0.2037638637438358,-0.4028548556981112,0.06639222037250679,-0.6645875766864305,0.23476536656399083,-1,FALSE,FALSE
price_ipp,34,-0.17597510186782375,-0.387122490606104,0.08699347726193173,-0.6385681138491123,0.24923030705106744,-1,FALSE,FALSE
price_ipp,35,-0.14788828398303105,-0.36978428719740664,0.10602120086820772,-0.6246956273183694,0.25086756150418144,-1,FALSE,FALSE
price_ipp,36,-0.1197598483849539,-0.3380403221330561,0.13164914093220173,-0.6006032750089554,0.27467398525187664,-1,FALSE,FALSE
price_ipp,37,-0.0917767602552172,-0.31346183570161257,0.15031388661959819,-0.5676856041290588,0.3022353347614606,-1,FALSE,FALSE
price_ipp,38,-0.06431201030150978,-0.3038951701366966,0.1724104235940842,-0.5361095739571892,0.31707312006749255,-1,FALSE,FALSE
price_ipp,39,-0.037537478303876694,-0.2868838513969571,0.19091495387445703,-0.4988844452402487,0.35240250368050113,-1,FALSE,FALSE
price_ipp,40,-0.011651955077987998,-0.27112820821007216,0.20629319723509032,-0.47161776242997483,0.37367795271022214,-1,FALSE,FALSE
price_ipp,41,0.013118663219936919,-0.24567378421323044,0.22174346171931786,-0.45781654344119616,0.3890591115663049,1,FALSE,FALSE
price_ipp,42,0.03662945284111037,-0.2247906309844615,0.24185915579841583,-0.44290179658244544,0.4090843531148309,1,FALSE,FALSE
price_ipp,43,0.058709760439652474,-0.20386139392124444,0.2554940000972687,-0.4095435490000803,0.4297185841315696,1,FALSE,FALSE
price_ipp,44,0.07922612564534268,-0.19322897950384418,0.2741075811085389,-0.3845671396302732,0.4537839375190598,1,FALSE,FALSE
price_ipp,45,0.09807827977359428,-0.17209898335156731,0.2910262844824372,-0.35865379693546656,0.4759889095947775,1,FALSE,FALSE
price_ipp,46,0.11517981720767421,-0.1591488239402668,0.3090782692576888,-0.3422427789627913,0.5055539282004432,1,FALSE,FALSE
price_ipp,47,0.13047388849264016,-0.1521811322277119,0.31778911166638824,-0.32820129370617773,0.5279390323044604,1,FALSE,FALSE
price_ipp,48,0.14391261065365027,-0.13401402661174266,0.322992369591699,-0.309596797139984,0.5363539910950111,1,FALSE,FALSE
commodity_metal,0,7.455552429134782,3.9105824137946206,9.207001473255811,1.972044696953077,11.153765921558886,1,TRUE,TRUE
commodity_metal,1,10.00057409914408,4.808060173004613,12.609060544600927,2.5174977785909842,15.403236518033408,1,TRUE,TRUE
commodity_metal,2,10.039340487842809,3.9662188929624844,13.009309323042856,1.0797330708691009,15.86165906139677,1,TRUE,TRUE
commodity_metal,3,10.563927615135972,3.9469113673600402,14.028319469907037,0.36070188408122583,17.27245910388954,1,TRUE,TRUE
commodity_metal,4,10.09519705787186,3.089330632489246,13.592019796508035,0.004716722071400333,17.893926225052617,1,TRUE,TRUE
commodity_metal,5,9.188706582187626,1.7977143632831707,13.004732832902732,-1.1929899859856556,17.070237796179597,1,TRUE,FALSE
commodity_metal,6,8.575397540381399,1.2913837654017553,13.081966828570094,-2.381568293508597,17.544743128422613,1,TRUE,FALSE
commodity_metal,7,7.7385692292059085,0.42175904527969416,12.659236858547928,-3.7659453659863296,17.45275974664993,1,TRUE,FALSE
commodity_metal,8,6.268085993848676,-0.8800835008049718,11.984487769077168,-4.548506802202999,16.378012004255456,1,FALSE,FALSE
commodity_metal,9,4.704608783521826,-1.7096107856596723,10.996581408355258,-5.348560781042397,15.826845032262234,1,FALSE,FALSE
commodity_metal,10,3.46397394701485,-2.472988504902804,9.968955225237984,-6.4191750285789455,14.846432970399318,1,FALSE,FALSE
commodity_metal,11,1.946619562941712,-3.660141797976998,8.727525357127513,-7.309859917156899,13.92603339977073,1,FALSE,FALSE
commodity_metal,12,0.4023116741437138,-4.52998879440235,7.755187470752778,-8.594560270966612,13.434227528723177,1,FALSE,FALSE
commodity_metal,13,-0.9104817722612726,-5.3230360223487,6.8560963331763904,-9.337697655577525,12.488390262846956,-1,FALSE,FALSE
commodity_metal,14,-2.3272949800661418,-6.3450773488502,6.013045432775934,-10.433105922420392,11.278785149284053,-1,FALSE,FALSE
commodity_metal,15,-3.508108377812054,-7.237247059672194,5.1653500096566525,-11.367238365074229,10.881327543452214,-1,FALSE,FALSE
commodity_metal,16,-4.55182861835877,-7.93791399753462,4.33137791226282,-12.360904819941403,9.637150038141431,-1,FALSE,FALSE
commodity_metal,17,-5.568227406535478,-8.579073595076345,3.219225226264142,-13.024958217612662,8.934535642567203,-1,FALSE,FALSE
commodity_metal,18,-6.393079793572018,-9.046962109842134,2.5946848515344056,-13.41686820789943,8.16679094422204,-1,FALSE,FALSE
commodity_metal,19,-7.117791997399751,-9.504508187843257,2.04183793781389,-13.58977380313628,7.5528822044010475,-1,FALSE,FALSE
commodity_metal,20,-7.737482751460654,-9.975961125941422,1.5084783925205167,-13.778732969729175,6.957245599306352,-1,FALSE,FALSE
commodity_metal,21,-8.21981865336544,-10.269409390790004,1.1462250326181989,-14.189253659350173,6.334862860021344,-1,FALSE,FALSE
commodity_metal,22,-8.619438220186515,-10.33716457439098,0.7646705767391833,-14.687389889337695,5.64290727289007,-1,FALSE,FALSE
commodity_metal,23,-8.94315313347205,-10.643458807676883,0.5030006047654032,-14.879452042634561,5.513416552918898,-1,FALSE,FALSE
commodity_metal,24,-9.189979846363215,-10.7316678953665,0.3229947101366517,-15.153922343181067,5.085334055564844,-1,FALSE,FALSE
commodity_metal,25,-9.3566658643766,-10.71716415695444,0.02966781443724093,-15.600047607386076,4.997454609316862,-1,FALSE,FALSE
commodity_metal,26,-9.450977708715214,-10.6609586247943,-0.030865445586662283,-15.952344873464197,4.651085547385336,-1,TRUE,FALSE
commodity_metal,27,-9.481975766435951,-10.777967853683677,0.044161294867082396,-16.172755837973458,3.9973267125563585,-1,FALSE,FALSE
commodity_metal,28,-9.446814569653565,-10.635607730339599,0.041730072790913904,-16.23207024757519,3.82243320013071,-1,FALSE,FALSE
commodity_metal,29,-9.355509638062507,-10.26937361127707,0.0512737529285784,-16.268164459031418,3.4466958551509723,-1,FALSE,FALSE
commodity_metal,30,-9.210487241031153,-10.130169994523026,0.06964785267640558,-16.10928892757639,3.751378275323911,-1,FALSE,FALSE
commodity_metal,31,-9.010389688969568,-10.153390047397984,0.0952901397139142,-15.78565937541,3.6707070082290745,-1,FALSE,FALSE
commodity_metal,32,-8.763185724435335,-9.868908745348005,0.2767176621753886,-15.779641316021983,3.828365787484028,-1,FALSE,FALSE
commodity_metal,33,-8.471776270011901,-9.666386104256885,0.4527968259091163,-15.873031320284099,3.864801492107115,-1,FALSE,FALSE
commodity_metal,34,-8.140385020645976,-9.007748543509376,0.6800969860340766,-15.643750188111568,3.8677457087536125,-1,FALSE,FALSE
commodity_metal,35,-7.774387949907266,-8.650006232508364,1.0774414674281525,-15.184939775217929,3.750824332718976,-1,FALSE,FALSE
commodity_metal,36,-7.3765232012013096,-8.325703587333374,1.2469303745941591,-14.773343198847861,3.936072237477527,-1,FALSE,FALSE
commodity_metal,37,-6.951953065113241,-8.031140444069107,1.561064388485803,-14.05736753940703,4.401046445203807,-1,FALSE,FALSE
commodity_metal,38,-6.505725284569434,-7.6766042792320315,1.7740309406924184,-13.59303922899528,4.977684546484923,-1,FALSE,FALSE
commodity_metal,39,-6.042233522034073,-7.4435708730635355,1.7871113952244975,-12.938473963706059,5.577837448074255,-1,FALSE,FALSE
commodity_metal,40,-5.566308994251922,-7.2276280738241585,2.017484206423713,-12.172215615140631,6.197786076556769,-1,FALSE,FALSE
commodity_metal,41,-5.082265960679451,-6.942473425891502,2.125233151623431,-11.49891728694614,6.610530591099412,-1,FALSE,FALSE
commodity_metal,42,-4.594387645026879,-6.634337951852773,2.472404462476253,-11.169792538156852,6.71419380461822,-1,FALSE,FALSE
commodity_metal,43,-4.106738006995612,-6.388232637761538,2.7197017028329182,-10.70693040656661,7.140743811179143,-1,FALSE,FALSE
commodity_metal,44,-3.623238791307999,-6.092073694283115,3.0180267617514716,-10.236354444165231,7.672740957218073,-1,FALSE,FALSE
commodity_metal,45,-3.1476187756556424,-5.719844416711053,3.3378252851205965,-10.008613327157418,8.150900981930887,-1,FALSE,FALSE
commodity_metal,46,-2.6830612083121914,-5.335957394687254,3.6729672735021386,-9.877788458905608,8.259704733409324,-1,FALSE,FALSE
commodity_metal,47,-2.2325852383874634,-5.017269012154015,3.936762765641004,-9.393842465986198,8.517873544039265,-1,FALSE,FALSE
commodity_metal,48,-1.79893367088913,-4.797905001748571,4.2227176278712815,-9.14047542374775,8.784001733438606,-1,FALSE,FALSE
fiscal_dbgg,0,-0.11289029226554352,-0.21531972079278486,0.09595415936233867,-0.3078769478044239,0.22760355948893296,-1,FALSE,FALSE
fiscal_dbgg,1,-0.18697385541423348,-0.3152481797938443,0.07139249114486229,-0.40825713877506453,0.21379304001699048,-1,FALSE,FALSE
fiscal_dbgg,2,-0.40164377479886043,-0.5177981817495283,-0.06257774980228673,-0.6626096352386402,0.10718256793287606,-1,TRUE,FALSE
fiscal_dbgg,3,-0.4369749847794149,-0.5708460426351488,-0.047134112133642075,-0.7252926910999542,0.12359350627336403,-1,TRUE,FALSE
fiscal_dbgg,4,-0.4316171563663316,-0.5790391411017091,-0.019358883700018016,-0.7734011690889483,0.1957152075346278,-1,TRUE,FALSE
fiscal_dbgg,5,-0.496926677604856,-0.6693344797616072,-0.03040312891057608,-0.8886372815442863,0.17021898087264725,-1,TRUE,FALSE
fiscal_dbgg,6,-0.5121575668077224,-0.718896430041252,-0.01530017676556919,-0.947682927062394,0.18871309749630538,-1,TRUE,FALSE
fiscal_dbgg,7,-0.5238065673246414,-0.7579016363519577,-0.023016624026445803,-1.0153552543486373,0.21167580153124782,-1,TRUE,FALSE
fiscal_dbgg,8,-0.555732877387543,-0.8125343678453709,-0.061759367708885904,-1.099413180702509,0.17314345988147764,-1,TRUE,FALSE
fiscal_dbgg,9,-0.5596640545647156,-0.858491018469579,-0.08462103143256074,-1.1446554440632248,0.16255456211900435,-1,TRUE,FALSE
fiscal_dbgg,10,-0.5727218124573552,-0.913635942960877,-0.0941959817579844,-1.212734880461396,0.16437011006946955,-1,TRUE,FALSE
fiscal_dbgg,11,-0.5773092694289033,-0.9585878192798047,-0.1082478445445102,-1.273884460065698,0.13022858758880995,-1,TRUE,FALSE
fiscal_dbgg,12,-0.5893934916983273,-1.0020999109448345,-0.13294570203024142,-1.3433120607462425,0.11590539628281706,-1,TRUE,FALSE
fiscal_dbgg,13,-0.5904118574307994,-1.0417352458631148,-0.1540319499022387,-1.367784311590471,0.1215817350762783,-1,TRUE,FALSE
fiscal_dbgg,14,-0.5845758723424637,-1.055114055890584,-0.15872796792455063,-1.407948956678807,0.11290499494649728,-1,TRUE,FALSE
fiscal_dbgg,15,-0.5787653973538852,-1.0709289963732351,-0.1563076899530081,-1.422695495286898,0.08770525855384696,-1,TRUE,FALSE
fiscal_dbgg,16,-0.5606440824333994,-1.0776900800590932,-0.1449375615727705,-1.4542050482218818,0.10448179923648375,-1,TRUE,FALSE
fiscal_dbgg,17,-0.5388658986685287,-1.0554576697963083,-0.12599742688977747,-1.4840714163117097,0.12249622520492408,-1,TRUE,FALSE
fiscal_dbgg,18,-0.5108237922572915,-1.0340816750938286,-0.10370983142448643,-1.4492390467262757,0.14234034224614941,-1,TRUE,FALSE
fiscal_dbgg,19,-0.4719163373768045,-0.9882412530570659,-0.06669140977212551,-1.4509742454898338,0.17540602300065958,-1,TRUE,FALSE
fiscal_dbgg,20,-0.42991359113722494,-0.9357518316808763,-0.03641880600502122,-1.4115840301381566,0.20669658717806141,-1,TRUE,FALSE
fiscal_dbgg,21,-0.38221630692115016,-0.8951605248747307,-0.006439792087660167,-1.352243775737487,0.2518844640205276,-1,TRUE,FALSE
fiscal_dbgg,22,-0.3295024541006026,-0.8509634023543833,0.04152540600318038,-1.3304075515807134,0.2970770051809556,-1,FALSE,FALSE
fiscal_dbgg,23,-0.27441451568372943,-0.8091546690563866,0.09579096467331609,-1.2895256434914215,0.3538913964998522,-1,FALSE,FALSE
fiscal_dbgg,24,-0.21589751623786832,-0.7620594228401236,0.14447669043127423,-1.2060827071001972,0.44081312840035175,-1,FALSE,FALSE
fiscal_dbgg,25,-0.15513265352292513,-0.7136174986545094,0.19442235061189975,-1.1728004067467144,0.5029500204609899,-1,FALSE,FALSE
fiscal_dbgg,26,-0.09326587235217564,-0.6822297426206781,0.2315245181804568,-1.1367987860889324,0.5408434005854145,-1,FALSE,FALSE
fiscal_dbgg,27,-0.03086741065650692,-0.6398088328583589,0.28266777284696654,-1.094405637113677,0.6236954943649932,-1,FALSE,FALSE
fiscal_dbgg,28,0.03126853744494585,-0.5915914624563572,0.3409223101549098,-1.0335175726337194,0.6385523534296651,1,FALSE,FALSE
fiscal_dbgg,29,0.09278390681992642,-0.5397656306542894,0.3899696729750956,-0.9812504265527858,0.7101471648500127,1,FALSE,FALSE
fiscal_dbgg,30,0.15284618590636778,-0.48602921780438413,0.44487826759783466,-0.9158371860923968,0.7944829615928473,1,FALSE,FALSE
fiscal_dbgg,31,0.21101090297810043,-0.4285991568605021,0.47053188451172917,-0.8194754983454368,0.8164010582566512,1,FALSE,FALSE
fiscal_dbgg,32,0.2667895129909384,-0.38057399609398135,0.505495905008319,-0.7418238475561544,0.8497601471746282,1,FALSE,FALSE
fiscal_dbgg,33,0.3195753182581913,-0.3227371637064911,0.5434044715549246,-0.6730858585447494,0.8972285809918905,1,FALSE,FALSE
fiscal_dbgg,34,0.3691334002383617,-0.2876548978879296,0.5896913016526348,-0.6106021044838165,0.9393676156612822,1,FALSE,FALSE
fiscal_dbgg,35,0.4150751751587496,-0.24398337108295484,0.6203321382304716,-0.55182604550425,1.0089986032020795,1,FALSE,FALSE
fiscal_dbgg,36,0.4570746493929442,-0.20482471631420496,0.6440094397220332,-0.4926925685017987,1.0829480996871816,1,FALSE,FALSE
fiscal_dbgg,37,0.49494413014369926,-0.15447978079198801,0.662360621855861,-0.43395462808188096,1.118359012782593,1,FALSE,FALSE
fiscal_dbgg,38,0.5284272723823498,-0.11068943150247809,0.6810855996885017,-0.40951582028556904,1.1431116419674459,1,FALSE,FALSE
fiscal_dbgg,39,0.5574056471321887,-0.07011962521228932,0.6946432197057931,-0.3726752268873204,1.1608210897504565,1,FALSE,FALSE
fiscal_dbgg,40,0.581807929344963,-0.06067386425439547,0.734134402096513,-0.3217822754629126,1.146452227738521,1,FALSE,FALSE
fiscal_dbgg,41,0.6015715196478756,-0.03321526210842317,0.7439833657074679,-0.2721692919423322,1.168192435533258,1,FALSE,FALSE
fiscal_dbgg,42,0.6167099345996647,-0.011389577233641066,0.7526300342092155,-0.2477580325292513,1.170725392335561,1,FALSE,FALSE
fiscal_dbgg,43,0.6272659964612382,1.776027030721876e-4,0.7583951035289022,-0.2266227583195784,1.2020076391555776,1,TRUE,FALSE
fiscal_dbgg,44,0.6333283494003265,0.018095328260908213,0.7689334364239199,-0.20863185755620897,1.223039897030664,1,TRUE,FALSE
fiscal_dbgg,45,0.6350272586486501,0.024573575268746047,0.7675919736912208,-0.1986565023938664,1.1834503810504693,1,TRUE,FALSE
fiscal_dbgg,46,0.6325236225996299,0.0241450254986822,0.7642427606571609,-0.1975839911984017,1.194203925646257,1,TRUE,FALSE
fiscal_dbgg,47,0.626014613363203,0.03165275374770075,0.7741938603171765,-0.17925349948631547,1.2005760684968743,1,TRUE,FALSE
fiscal_dbgg,48,0.6157179481532519,0.032580418933948585,0.7894211058085975,-0.1966217400375437,1.180374829332587,1,TRUE,FALSE
fiscal_dlsp,0,-0.6903607084665656,-0.911331993020247,-0.5687093777907694,-1.134443295455748,-0.4926122128204296,-1,TRUE,TRUE
fiscal_dlsp,1,-0.7693638274851273,-1.0015509261236994,-0.599970265819316,-1.2002675864084242,-0.4921822478395623,-1,TRUE,TRUE
fiscal_dlsp,2,-0.7534979744686234,-0.9669938109565901,-0.5247227339213584,-1.1497517598608278,-0.408341354945815,-1,TRUE,TRUE
fiscal_dlsp,3,-0.9401961905026905,-1.1439235891492574,-0.6200314015241533,-1.3218343979697094,-0.48265374751151113,-1,TRUE,TRUE
fiscal_dlsp,4,-0.8740705617279165,-1.0556419057627358,-0.5095191698380324,-1.2459755858052544,-0.35259174049724235,-1,TRUE,TRUE
fiscal_dlsp,5,-0.8013642177065589,-0.9847563837237311,-0.4403324006992565,-1.1619482063211781,-0.2859451497844901,-1,TRUE,TRUE
fiscal_dlsp,6,-0.7943638733558662,-0.9864496188225463,-0.44230644968423466,-1.2109418679569457,-0.27886602400744764,-1,TRUE,TRUE
fiscal_dlsp,7,-0.7001941747489948,-0.9161822706321298,-0.35617905792964794,-1.1607300185389202,-0.1783885315023092,-1,TRUE,TRUE
fiscal_dlsp,8,-0.6391939047445371,-0.875813294779938,-0.3081463910738929,-1.1098249584772106,-0.1201987220300578,-1,TRUE,TRUE
fiscal_dlsp,9,-0.5891617616578305,-0.859349686859888,-0.2637722215878507,-1.1219976577043784,-0.10085824542065318,-1,TRUE,TRUE
fiscal_dlsp,10,-0.5205205231433175,-0.8295577852926279,-0.22066354706781882,-1.0874287895392385,-0.028692410196041313,-1,TRUE,TRUE
fiscal_dlsp,11,-0.47406759294303596,-0.8046128155811942,-0.1871985319782193,-1.0557985092407476,-0.007743737337454526,-1,TRUE,TRUE
fiscal_dlsp,12,-0.4107021178421514,-0.7807739316067757,-0.15326598229450594,-1.0487361034370144,0.03797811281468727,-1,TRUE,FALSE
fiscal_dlsp,13,-0.35732702166035085,-0.755174264093555,-0.10869569120691105,-1.038364181846727,0.091046457963875,-1,TRUE,FALSE
fiscal_dlsp,14,-0.3181320167701949,-0.7338657360443376,-0.08531003862657886,-1.028187341325243,0.14304060558977555,-1,TRUE,FALSE
fiscal_dlsp,15,-0.2764021941876064,-0.700857689152749,-0.054610605433836425,-1.0115529102048968,0.17400442258370805,-1,TRUE,FALSE
fiscal_dlsp,16,-0.239846650259353,-0.671572959089926,-0.015108912404531598,-1.0210792062464749,0.21725609323803863,-1,TRUE,FALSE
fiscal_dlsp,17,-0.19692972710886397,-0.642166439626259,0.03348314195858662,-0.9987602758788943,0.2690857583964268,-1,FALSE,FALSE
fiscal_dlsp,18,-0.15502431530384392,-0.6145010346913399,0.07127059397789132,-0.9868266556137609,0.3101886632829283,-1,FALSE,FALSE
fiscal_dlsp,19,-0.1143939189442375,-0.5863743512276697,0.10551371985653354,-0.9505402278856828,0.35407039985105315,-1,FALSE,FALSE
fiscal_dlsp,20,-0.07091958434829676,-0.5562459839883286,0.14789989472875104,-0.9148942901463952,0.38151270930861175,-1,FALSE,FALSE
fiscal_dlsp,21,-0.029947083650358156,-0.5133729999089895,0.19350752290051398,-0.8517363610398796,0.4383691095733666,-1,FALSE,FALSE
fiscal_dlsp,22,0.01263370754142921,-0.479066769870636,0.23945790492032315,-0.8080978891542435,0.4854040152789448,1,FALSE,FALSE
fiscal_dlsp,23,0.056814749068524815,-0.4470981899916642,0.2914214839885577,-0.7576991052095413,0.529441495171261,1,FALSE,FALSE
fiscal_dlsp,24,0.09955511821633664,-0.4050669995027764,0.3393738654333922,-0.700968801198237,0.6069851565697857,1,FALSE,FALSE
fiscal_dlsp,25,0.14184162516256937,-0.3744677196321957,0.3721481765756629,-0.6609826200370571,0.6690002552082601,1,FALSE,FALSE
fiscal_dlsp,26,0.18264923278718626,-0.3267296129859514,0.40712184559018166,-0.6070572363147022,0.7126753296160453,1,FALSE,FALSE
fiscal_dlsp,27,0.2219840915851465,-0.2925831663182949,0.4415773697900166,-0.5562404954336573,0.7752472223418018,1,FALSE,FALSE
fiscal_dlsp,28,0.25978584714380903,-0.2634669187017568,0.47956391656152636,-0.5044042437298305,0.799448383034611,1,FALSE,FALSE
fiscal_dlsp,29,0.29512296776844094,-0.21267533674879144,0.5159092236358216,-0.44981664909115116,0.8242931716901907,1,FALSE,FALSE
fiscal_dlsp,30,0.32803449180054495,-0.1697332877980969,0.5456184316409155,-0.41300091271232586,0.8549501870922317,1,FALSE,FALSE
fiscal_dlsp,31,0.35804622534471703,-0.1376695635290469,0.5759857326763775,-0.39142292869964324,0.9008275543238335,1,FALSE,FALSE
fiscal_dlsp,32,0.384960539816035,-0.10923495809153985,0.5896307926864761,-0.34617114814356403,0.8980793213764295,1,FALSE,FALSE
fiscal_dlsp,33,0.40885113107340987,-0.08102421223760348,0.6169109508938699,-0.3075063249152116,0.9207464722610411,1,FALSE,FALSE
fiscal_dlsp,34,0.4294516945787828,-0.048971967796908794,0.6361977532344276,-0.2827246894786052,0.9431300634920943,1,FALSE,FALSE
fiscal_dlsp,35,0.4467420930435578,-0.023970118492941582,0.6499515097836156,-0.24776029388705034,0.945312003856459,1,FALSE,FALSE
fiscal_dlsp,36,0.4606337208497321,-0.006531050838634247,0.6594849488383547,-0.23387463632568578,0.9622639316712898,1,FALSE,FALSE
fiscal_dlsp,37,0.4711239148072926,0.008755254832977248,0.6655478353719004,-0.22982187196350784,0.9836008655917305,1,TRUE,FALSE
fiscal_dlsp,38,0.47834414154285165,0.019355487973035813,0.6682090714749835,-0.2130600526767484,0.9955593057523798,1,TRUE,FALSE
fiscal_dlsp,39,0.482309122846091,0.034033609190855844,0.6684567505579173,-0.19961085055827688,0.9837970647409185,1,TRUE,FALSE
fiscal_dlsp,40,0.48312580711843245,0.03323706814573274,0.6628523640982119,-0.19133075573192082,0.9794681047802826,1,TRUE,FALSE
fiscal_dlsp,41,0.48092547249111306,0.03435244110800101,0.6629567088854718,-0.18143459002557394,0.9783523578984414,1,TRUE,FALSE
fiscal_dlsp,42,0.4758287023251042,0.04652133865404768,0.6638510494275922,-0.17356492111847063,0.989349725751905,1,TRUE,FALSE
fiscal_dlsp,43,0.4680197719099041,0.04090058537518109,0.651335193686844,-0.16891558270550902,0.9730046544384856,1,TRUE,FALSE
fiscal_dlsp,44,0.45767740071489277,0.041206333290121314,0.6380700405693892,-0.16664152160246792,0.968989834827931,1,TRUE,FALSE
fiscal_dlsp,45,0.4449937807301083,0.03529295935911423,0.6179116925997219,-0.1639862163367711,0.9623128767880124,1,TRUE,FALSE
fiscal_dlsp,46,0.4301721571699612,0.029459408156597325,0.6040224236533098,-0.16188520414960111,0.9570965347732793,1,TRUE,FALSE
fiscal_dlsp,47,0.41341654608210726,0.01991392749822735,0.5848971269554564,-0.1822886898260372,0.935635576797777,1,TRUE,FALSE
fiscal_dlsp,48,0.3949509463737961,0.00930749764858882,0.5654514230215734,-0.20732907711301626,0.9310114044775766,1,TRUE,FALSE
fiscal_primary_balance,0,-3319.136241034737,-6753.478275567815,524.8839417829575,-9897.873858502417,2912.068020329092,-1,FALSE,FALSE
fiscal_primary_balance,1,-5468.074971353673,-7967.700687174691,651.1040919907605,-10978.227218906937,3742.464960710352,-1,FALSE,FALSE
fiscal_primary_balance,2,-6463.868032165494,-8812.964423729261,871.637765704834,-11683.457651973718,3949.0592668241543,-1,FALSE,FALSE
fiscal_primary_balance,3,-6769.350025023954,-9042.395605072492,836.6586917945251,-12338.601100965227,4671.252813815263,-1,FALSE,FALSE
fiscal_primary_balance,4,-4815.858819321135,-7286.985615641332,2169.5690004581274,-10989.908435808833,5942.702283535221,-1,FALSE,FALSE
fiscal_primary_balance,5,-2305.3657917735904,-5534.672147761432,4144.445821688797,-8938.409193916135,7572.907443818936,-1,FALSE,FALSE
fiscal_primary_balance,6,-2495.897023754119,-6204.271606417314,4017.601722467639,-9410.137991507414,6576.538927796154,-1,FALSE,FALSE
fiscal_primary_balance,7,-1784.6719722523442,-5953.600060258448,4164.9981886515025,-8997.977136926012,6990.810895096195,-1,FALSE,FALSE
fiscal_primary_balance,8,-1345.9594439760763,-5777.735042420862,3889.275207800878,-9083.164823050696,6920.553727600424,-1,FALSE,FALSE
fiscal_primary_balance,9,-2012.8657684853456,-6570.844369811405,2496.0649918920344,-9834.551127464869,5649.65370018569,-1,FALSE,FALSE
fiscal_primary_balance,10,-1631.8386614875335,-6387.7537184857565,2301.9528353924534,-9489.119716913508,5385.642917932708,-1,FALSE,FALSE
fiscal_primary_balance,11,-1538.6468412426202,-6485.689203454199,2222.2076950201763,-9567.391175000601,4776.348612395581,-1,FALSE,FALSE
fiscal_primary_balance,12,-1602.2146994577984,-6666.4313398153845,1831.6765472655534,-9829.078893908485,4383.330220440391,-1,FALSE,FALSE
fiscal_primary_balance,13,-1664.6182296233121,-6763.513890311167,1446.2196800503698,-10140.409169749202,4232.784986792796,-1,FALSE,FALSE
fiscal_primary_balance,14,-1830.2222582233564,-6906.79174058467,1149.6331557885014,-10294.580932585346,4134.565794970072,-1,FALSE,FALSE
fiscal_primary_balance,15,-1804.0760465611984,-6946.576250600998,1119.062439771293,-10379.425932349352,4293.937128875163,-1,FALSE,FALSE
fiscal_primary_balance,16,-1811.743293530351,-6769.150290126559,1086.1336729992393,-10313.142827705202,3952.4473326355824,-1,FALSE,FALSE
fiscal_primary_balance,17,-1704.6634235353035,-6648.278243724167,1064.5264670530146,-10249.749946561698,4115.55294924257,-1,FALSE,FALSE
fiscal_primary_balance,18,-1543.4629805712505,-6318.359636820601,1191.4737307252096,-10203.887987720798,4210.209224189126,-1,FALSE,FALSE
fiscal_primary_balance,19,-1448.1468470984469,-6191.094770397074,1180.4133637454106,-9894.449472916394,4435.975166406096,-1,FALSE,FALSE
fiscal_primary_balance,20,-1265.647696502752,-6064.002221105506,1387.0106574801403,-9536.35346795717,4562.898231761855,-1,FALSE,FALSE
fiscal_primary_balance,21,-1074.8853779444837,-5817.651968891213,1446.7621179451767,-9303.282784437077,4793.812895432247,-1,FALSE,FALSE
fiscal_primary_balance,22,-868.224030169732,-5503.348602903947,1669.6274429596942,-8717.159289690737,5139.386948868378,-1,FALSE,FALSE
fiscal_primary_balance,23,-612.6221573035112,-5147.8150652058675,1948.4369536882164,-8391.926776207818,5186.691989003235,-1,FALSE,FALSE
fiscal_primary_balance,24,-376.6537048934969,-4927.289256484302,2228.9001747150087,-7978.416723781283,5535.086506049029,-1,FALSE,FALSE
fiscal_primary_balance,25,-125.86482188840492,-4588.495795295794,2535.0959536035357,-7740.275627726812,5597.0130041808125,-1,FALSE,FALSE
fiscal_primary_balance,26,138.58620818337855,-4286.81039832996,2746.312017834382,-7366.046527531926,5787.821505664922,1,FALSE,FALSE
fiscal_primary_balance,27,393.03593694882534,-4131.468302302041,3053.5093665676504,-6804.287017561663,5728.853326208195,1,FALSE,FALSE
fiscal_primary_balance,28,650.4920662038919,-3966.9164611362694,3352.179130089102,-6675.338978846106,5930.388572299314,1,FALSE,FALSE
fiscal_primary_balance,29,898.6567530320876,-3754.795201992335,3474.6107996113415,-6495.926693231968,6317.142439856619,1,FALSE,FALSE
fiscal_primary_balance,30,1134.9199060510273,-3533.621736953199,3546.6179683952487,-6228.9838818013095,6514.8440727592,1,FALSE,FALSE
fiscal_primary_balance,31,1359.312942401823,-3221.468196023437,3779.2871166515733,-5995.114346690832,6930.3670523961955,1,FALSE,FALSE
fiscal_primary_balance,32,1568.4855245312833,-2996.721887320206,4036.1799272958347,-5888.386131779762,7155.883690175701,1,FALSE,FALSE
fiscal_primary_balance,33,1763.4341314233723,-2812.303011042564,4233.098220471338,-5726.195251615436,7418.023325873814,1,FALSE,FALSE
fiscal_primary_balance,34,1938.631865568864,-2628.798706542293,4435.562621834255,-5495.247962028154,7812.864317043584,1,FALSE,FALSE
fiscal_primary_balance,35,2094.024813820196,-2515.1876760152586,4591.24745322064,-5321.220935728829,7718.271528612561,1,FALSE,FALSE
fiscal_primary_balance,36,2229.9459954361814,-2468.0346583619266,4628.021196492372,-4925.14116183,7742.405678256498,1,FALSE,FALSE
fiscal_primary_balance,37,2344.166526760326,-2336.8728207498266,4796.485587004549,-4827.091057901156,7920.829943276049,1,FALSE,FALSE
fiscal_primary_balance,38,2437.87315173613,-2112.583898388665,4820.140058517547,-4673.319116852686,7985.2102560196945,1,FALSE,FALSE
fiscal_primary_balance,39,2510.3524115432274,-1874.4186145085068,4828.278952772149,-4520.755733154056,8085.478331010929,1,FALSE,FALSE
fiscal_primary_balance,40,2561.360926333125,-1665.9371438617277,4841.077912704559,-4274.746596681975,8015.388146169069,1,FALSE,FALSE
fiscal_primary_balance,41,2591.9400100805233,-1629.1818291214258,4921.860000533407,-4030.4550934278736,8061.851950457047,1,FALSE,FALSE
fiscal_primary_balance,42,2602.206374423515,-1530.6730069312878,5005.757143908519,-3860.2343967799325,8007.918239050453,1,FALSE,FALSE
fiscal_primary_balance,43,2593.199624215486,-1459.8450885717955,4932.384433343553,-3934.231809319645,8189.623896041023,1,FALSE,FALSE
fiscal_primary_balance,44,2565.8774826049444,-1401.5046090912629,4763.12263748657,-3844.4694968292815,8005.0971893104615,1,FALSE,FALSE
fiscal_primary_balance,45,2520.998227327947,-1327.7926013318083,4755.046055546995,-3806.6636817356266,7680.91990487548,1,FALSE,FALSE
fiscal_primary_balance,46,2459.853714234566,-1286.6207196159257,4695.387077008773,-3677.186471035812,7516.44331974007,1,FALSE,FALSE
fiscal_primary_balance,47,2383.662442065775,-1320.4232781710978,4626.839313149049,-3639.7310310150087,7505.430024412029,1,FALSE,FALSE
fiscal_primary_balance,48,2293.78481688597,-1269.2902863678169,4472.099414085946,-3609.2735613032855,7511.42335319835,1,FALSE,FALSE
expect_focus_ipca12m,0,0.10882497670486849,0.05984689304896313,0.12922449542027567,0.027527224623348327,0.14926249897369595,1,TRUE,TRUE
expect_focus_ipca12m,1,0.17852709767372896,0.1075715798111046,0.19940212754461925,0.07512682511602752,0.2275142085115342,1,TRUE,TRUE
expect_focus_ipca12m,2,0.2325970723454887,0.13640231911586861,0.2553351526305315,0.09870916187524303,0.2995296764084442,1,TRUE,TRUE
expect_focus_ipca12m,3,0.24389704333196288,0.1409878452806777,0.27750554403710065,0.09300857512458335,0.32470133221467967,1,TRUE,TRUE
expect_focus_ipca12m,4,0.23659720672091625,0.13285895154678148,0.2800544737650727,0.0866358946539328,0.3337561237116054,1,TRUE,TRUE
expect_focus_ipca12m,5,0.23932038514821924,0.12428234907536675,0.28959189067662683,0.08206043782884806,0.3469984076015715,1,TRUE,TRUE
expect_focus_ipca12m,6,0.2311235630083208,0.11467769269961091,0.30323125964012626,0.06673947556441269,0.37059762774581906,1,TRUE,TRUE
expect_focus_ipca12m,7,0.22686798866379704,0.11213495580794725,0.30561473131853323,0.056232433227182105,0.3822642708037108,1,TRUE,TRUE
expect_focus_ipca12m,8,0.2123549537751635,0.10118107191578486,0.31166411710626496,0.037048578208115406,0.3938309479372689,1,TRUE,TRUE
expect_focus_ipca12m,9,0.18814970872301864,0.08276413038222241,0.3092382141039037,0.013081898468207825,0.3974380269861396,1,TRUE,TRUE
expect_focus_ipca12m,10,0.1741575513915712,0.07126979582950221,0.3147724697296115,0.002086134850241039,0.4058957215115207,1,TRUE,TRUE
expect_focus_ipca12m,11,0.15023602182368528,0.04971812331874237,0.3082966936209198,-0.020127402220456905,0.40471154084687133,1,TRUE,FALSE
expect_focus_ipca12m,12,0.12829581207578916,0.03739191643947942,0.3017135749016834,-0.04320649368203057,0.40683799206940857,1,TRUE,FALSE
expect_focus_ipca12m,13,0.11018517748553644,0.025383639012150967,0.29643131291127395,-0.05584737079837869,0.40851287696822414,1,TRUE,FALSE
expect_focus_ipca12m,14,0.08502553693490728,0.004603699304807795,0.2800239511858769,-0.07428561842811665,0.3983046096111419,1,TRUE,FALSE
expect_focus_ipca12m,15,0.06350771822766953,-0.011313535766224445,0.2747590786183985,-0.08858323661282239,0.39760341962131385,1,FALSE,FALSE
expect_focus_ipca12m,16,0.04198401722167595,-0.027324214306736032,0.26548369633307833,-0.1111657454736847,0.38637315826436697,1,FALSE,FALSE
expect_focus_ipca12m,17,0.019262023510114135,-0.050882794905271214,0.2523867805332157,-0.1371693254397457,0.37585954093903606,1,FALSE,FALSE
expect_focus_ipca12m,18,-0.0014327216321547993,-0.06742598021395763,0.2435608540127417,-0.1565527822856643,0.3658839472592191,-1,FALSE,FALSE
expect_focus_ipca12m,19,-0.022544113942164785,-0.07998724720480652,0.2296294408678971,-0.16941896221671696,0.36087078370507086,-1,FALSE,FALSE
expect_focus_ipca12m,20,-0.042753807642187,-0.09990248733631805,0.21393157849916877,-0.18797811454852995,0.3471291980810082,-1,FALSE,FALSE
expect_focus_ipca12m,21,-0.06199026575012261,-0.11545191265133659,0.19927882225452687,-0.20505899278822742,0.33406611216877324,-1,FALSE,FALSE
expect_focus_ipca12m,22,-0.08080088894892279,-0.13256788216489096,0.1829557033876596,-0.23031929728480582,0.317172481915844,-1,FALSE,FALSE
expect_focus_ipca12m,23,-0.09868462964142102,-0.14947487156615558,0.16539432367570683,-0.24928523730190527,0.3039990876293114,-1,FALSE,FALSE
expect_focus_ipca12m,24,-0.11602632722130514,-0.16754347962698563,0.1476909121079056,-0.2635928603242456,0.29476678839341375,-1,FALSE,FALSE
expect_focus_ipca12m,25,-0.13243381294677634,-0.1847942605361625,0.13469060010365919,-0.2752531277937546,0.27790982112688767,-1,FALSE,FALSE
expect_focus_ipca12m,26,-0.14784353361409072,-0.200734537551932,0.11863520246978412,-0.2886013154923872,0.2628621757382749,-1,FALSE,FALSE
expect_focus_ipca12m,27,-0.16228284988868247,-0.21101718335068861,0.10365602472656761,-0.30622127762997153,0.2453692148233199,-1,FALSE,FALSE
expect_focus_ipca12m,28,-0.17543595189198677,-0.2267745853316749,0.08567769086409772,-0.3229815761651512,0.22997045256356266,-1,FALSE,FALSE
expect_focus_ipca12m,29,-0.18747206424409796,-0.23313254132295497,0.07165948521707192,-0.3453650998998711,0.20229296829866214,-1,FALSE,FALSE
expect_focus_ipca12m,30,-0.198254800259088,-0.24487328129507013,0.061379709175693326,-0.35774716596643064,0.1883196862751193,-1,FALSE,FALSE
expect_focus_ipca12m,31,-0.20763456088786117,-0.2535850302299311,0.050571172101047605,-0.37314005668174755,0.17178209903608474,-1,FALSE,FALSE
expect_focus_ipca12m,32,-0.21568578293694274,-0.2563294643266049,0.03608189721615575,-0.38475296604011266,0.15379604394413526,-1,FALSE,FALSE
expect_focus_ipca12m,33,-0.2223014091307763,-0.2625713627532943,0.029224403409594712,-0.3949317305738682,0.14206959843245615,-1,FALSE,FALSE
expect_focus_ipca12m,34,-0.22748533792656372,-0.26405916593616696,0.0204480518686298,-0.4066464554680104,0.12828318036910144,-1,FALSE,FALSE
expect_focus_ipca12m,35,-0.2312623390198573,-0.2678426907097784,0.01526608996667842,-0.41153996300577583,0.11105882175431289,-1,FALSE,FALSE
expect_focus_ipca12m,36,-0.23360829562404528,-0.26970793833492546,0.010727147743610499,-0.4133703171991918,0.1028193282920204,-1,FALSE,FALSE
expect_focus_ipca12m,37,-0.23456615912996728,-0.26925956242927224,0.007857100735678295,-0.4190320790699026,0.10260714367877145,-1,FALSE,FALSE
expect_focus_ipca12m,38,-0.23416373602460808,-0.2740315385077058,3.399389076779696e-4,-0.42055574192660333,0.10023289870728029,-1,FALSE,FALSE
expect_focus_ipca12m,39,-0.23245087201348058,-0.2758459612261582,-0.003232282955857395,-0.4147339954438811,0.10061801423997885,-1,TRUE,FALSE
expect_focus_ipca12m,40,-0.22949477820228573,-0.2704510317068384,-0.008661999920677453,-0.41583705007745353,0.09331204160545459,-1,TRUE,FALSE
expect_focus_ipca12m,41,-0.22535560094955653,-0.2661839176779426,-0.011634218613171439,-0.415641658013224,0.09336672661159283,-1,TRUE,FALSE
expect_focus_ipca12m,42,-0.22011318904655552,-0.2596206779094192,-0.010501958451946132,-0.41340482159361214,0.09559886471134287,-1,TRUE,FALSE
expect_focus_ipca12m,43,-0.2138465584228014,-0.2551234205653423,-0.011086968829376286,-0.4179416902180461,0.09629637680083368,-1,TRUE,FALSE
expect_focus_ipca12m,44,-0.20664264487991235,-0.24647707789897833,-0.005365721965976001,-0.4175498113421118,0.096354023745451,-1,TRUE,FALSE
expect_focus_ipca12m,45,-0.19859615934780103,-0.2452630910013561,-0.004668542125930759,-0.4046495391322856,0.09681589688258056,-1,TRUE,FALSE
expect_focus_ipca12m,46,-0.1897984946064663,-0.23993977026988803,-7.20201137247529e-4,-0.40308497690157463,0.10566255646646085,-1,TRUE,FALSE
expect_focus_ipca12m,47,-0.18034748722918692,-0.2346332326547813,0.004371560187645552,-0.39046942838738596,0.1063514035050437,-1,FALSE,FALSE
expect_focus_ipca12m,48,-0.1703402957430362,-0.22765843201577993,0.005876209231382848,-0.3752911123615128,0.11214661341088539,-1,FALSE,FALSE
expect_focus_selic_ny,0,0.47354726779310796,0.3576545861271428,0.5858701508608187,0.2957327473661378,0.6751468494152926,1,TRUE,TRUE
expect_focus_selic_ny,1,0.6209370341303534,0.4534927768774387,0.7244406991159543,0.3798931295114212,0.8294386267024534,1,TRUE,TRUE
expect_focus_selic_ny,2,0.7438676756194894,0.49494466741822885,0.8313786505270806,0.40494622582085815,0.9457536875937089,1,TRUE,TRUE
expect_focus_selic_ny,3,0.8212450631327503,0.5209373173736784,0.9281822122065253,0.38670969853999915,1.0702865963002608,1,TRUE,TRUE
expect_focus_selic_ny,4,0.7486082584416187,0.4080636089652401,0.8563177102526341,0.25104129234878425,1.004051448216076,1,TRUE,TRUE
expect_focus_selic_ny,5,0.6859140036074088,0.35500597219378804,0.8420391909650641,0.15699209473676962,0.9977548010778429,1,TRUE,TRUE
expect_focus_selic_ny,6,0.6843808727591757,0.3546644283472194,0.8810700150347284,0.15107110295651618,1.0631037545922555,1,TRUE,TRUE
expect_focus_selic_ny,7,0.6297885594728757,0.2887318189090378,0.8805433482417451,0.08730950643411543,1.091924252793541,1,TRUE,TRUE
expect_focus_selic_ny,8,0.588225419925409,0.2600323186882636,0.8789462504462588,0.06388246988903688,1.1287006772799189,1,TRUE,TRUE
expect_focus_selic_ny,9,0.5601610601399387,0.24090130227404463,0.8961556708881909,0.04903779486451233,1.1690397035809383,1,TRUE,TRUE
expect_focus_selic_ny,10,0.513202792578574,0.1951166019359377,0.8903409796863172,0.014076780919695494,1.1713202466862838,1,TRUE,TRUE
expect_focus_selic_ny,11,0.47026386384761026,0.16737575345473277,0.8957166664193417,-0.00934543848257629,1.2046573289012803,1,TRUE,FALSE
expect_focus_selic_ny,12,0.4301256903509706,0.15838488552995672,0.8935972471558914,-0.051463566947089895,1.2048325707515803,1,TRUE,FALSE
expect_focus_selic_ny,13,0.3888764654978943,0.1374772264895366,0.886882720117204,-0.10117668535960951,1.2312985866207797,1,TRUE,FALSE
expect_focus_selic_ny,14,0.3509272141655356,0.10537368393255095,0.8777168666083749,-0.1272124292573378,1.225726154549453,1,TRUE,FALSE
expect_focus_selic_ny,15,0.3136778550872416,0.07707132841926335,0.8666682031944163,-0.14349437090552505,1.226079125672234,1,TRUE,FALSE
expect_focus_selic_ny,16,0.2745842551566473,0.04716352835564628,0.8474679031189288,-0.1826958973412823,1.1997127216809262,1,TRUE,FALSE
expect_focus_selic_ny,17,0.23130126279003474,0.012973726347440042,0.818474076918657,-0.22117084924731176,1.1666121870011184,1,TRUE,FALSE
expect_focus_selic_ny,18,0.18785149006027899,-0.027822369310850407,0.7878171759962033,-0.263643930529984,1.1357393997525138,1,FALSE,FALSE
expect_focus_selic_ny,19,0.1425884812814694,-0.061226657505804735,0.7623637753585711,-0.32107272181666346,1.107277612695816,1,FALSE,FALSE
expect_focus_selic_ny,20,0.09573704907504729,-0.11132185835289755,0.7188504912083098,-0.394809120737049,1.0751220882260761,1,FALSE,FALSE
expect_focus_selic_ny,21,0.04942765996063298,-0.1623129895894996,0.6682795817021603,-0.4333544361212082,1.017799644532038,1,FALSE,FALSE
expect_focus_selic_ny,22,0.0016020792635703842,-0.20622032104788984,0.627092145817256,-0.47957345800816054,0.9773219502547762,1,FALSE,FALSE
expect_focus_selic_ny,23,-0.04735349240690387,-0.2428354194652298,0.5826753419904058,-0.5247776318446343,0.9314260259991395,-1,FALSE,FALSE
expect_focus_selic_ny,24,-0.09561248099747262,-0.2987467465509025,0.5546145398877795,-0.5880633228954643,0.8801756101426609,-1,FALSE,FALSE
expect_focus_selic_ny,25,-0.14357014906210183,-0.349397573199804,0.49976839432083137,-0.6336172452168027,0.847852642888154,-1,FALSE,FALSE
expect_focus_selic_ny,26,-0.19053818215453144,-0.39841548327613985,0.4486253559534444,-0.683077385233203,0.814811426145372,-1,FALSE,FALSE
expect_focus_selic_ny,27,-0.23588290608067883,-0.4484710826727243,0.403232920363621,-0.72449589645807,0.7607809393829035,-1,FALSE,FALSE
expect_focus_selic_ny,28,-0.27952772164577616,-0.4836465977186837,0.36174241439178867,-0.7725866548898053,0.713424037089549,-1,FALSE,FALSE
expect_focus_selic_ny,29,-0.3209698788099972,-0.5165726077033539,0.315482017536039,-0.8291753150057903,0.6587997809437769,-1,FALSE,FALSE
expect_focus_selic_ny,30,-0.35978284491499296,-0.5485580791865071,0.2631697983135417,-0.8708399248541531,0.601980721571914,-1,FALSE,FALSE
expect_focus_selic_ny,31,-0.39565376888875164,-0.5773008141851473,0.229159256780054,-0.9044091212644837,0.5514363532316232,-1,FALSE,FALSE
expect_focus_selic_ny,32,-0.4283471476462616,-0.6059190335246052,0.1846840574432023,-0.9350898169926275,0.4956972145395292,-1,FALSE,FALSE
expect_focus_selic_ny,33,-0.4576812306470099,-0.6251499185368429,0.13744208583617518,-0.9770952001785027,0.45742566348770297,-1,FALSE,FALSE
expect_focus_selic_ny,34,-0.4834694846064585,-0.6533640138849974,0.11023495117987135,-1.021321313228415,0.4231015693466139,-1,FALSE,FALSE
expect_focus_selic_ny,35,-0.5056087642647116,-0.6759705230348411,0.08250158512852263,-1.0340694852737293,0.38211437841806706,-1,FALSE,FALSE
expect_focus_selic_ny,36,-0.52398440598781,-0.6960028230443203,0.06063148037328889,-1.0519740240524114,0.33265653014972263,-1,FALSE,FALSE
expect_focus_selic_ny,37,-0.5385669032503809,-0.7123359839925818,0.030579974000787345,-1.0932896877695502,0.30496260554290416,-1,FALSE,FALSE
expect_focus_selic_ny,38,-0.5493917386129369,-0.7282519820321678,0.017384255142640345,-1.118282943047735,0.28234381259435043,-1,FALSE,FALSE
expect_focus_selic_ny,39,-0.5564808195418119,-0.735689677155581,0.0012711524370509664,-1.118712475294098,0.266764882837109,-1,FALSE,FALSE
expect_focus_selic_ny,40,-0.55991822762199694,-0.7423516584440193,-0.01835106738888757,-1.130797413986798,0.2576511856627374,-1,TRUE,FALSE
expect_focus_selic_ny,41,-0.5598155706035343,-0.7324666319486017,-0.01684398263990133,-1.1168787911990592,0.2327749442416897,-1,TRUE,FALSE
expect_focus_selic_ny,42,-0.5562951791926866,-0.7180122946178702,-0.024019665024395974,-1.1273645195471187,0.21870892723279486,-1,TRUE,FALSE
expect_focus_selic_ny,43,-0.5495264862478102,-0.7176767071894643,-0.03009782238709936,-1.146138190491412,0.21214766120342146,-1,TRUE,FALSE
expect_focus_selic_ny,44,-0.5396957571182045,-0.7125424424387651,-0.030940329781470356,-1.15252971533583,0.211892732162183,-1,TRUE,FALSE
expect_focus_selic_ny,45,-0.5270019683575264,-0.709077992863981,-0.03196429360742534,-1.1389158932320211,0.2100869279047962,-1,TRUE,FALSE
expect_focus_selic_ny,46,-0.5116628244742534,-0.6811843235656643,-0.03198697616470262,-1.127881864688958,0.2239634283745932,-1,TRUE,FALSE
expect_focus_selic_ny,47,-0.4939078817015605,-0.6677718970040727,-0.021296979212289707,-1.108572512596481,0.21728664647662038,-1,TRUE,FALSE
expect_focus_selic_ny,48,-0.4739785751802028,-0.6434812304401539,-0.02233633524620932,-1.07721059246271,0.22488564659528962,-1,TRUE,FALSE
expect_focus_pib_ny,0,-0.1909897816879247,-0.2672424008286157,-0.11521479746980734,-0.3326309332905955,-0.07179419688311914,-1,TRUE,TRUE
expect_focus_pib_ny,1,-0.25035127793239137,-0.3242662180458862,-0.15490657978590075,-0.40332647818770545,-0.09860099212556632,-1,TRUE,TRUE
expect_focus_pib_ny,2,-0.3124256395417713,-0.39603682448243555,-0.18430797266793525,-0.46706188128762804,-0.12059461894516588,-1,TRUE,TRUE
expect_focus_pib_ny,3,-0.33872679334906636,-0.43008208591240277,-0.19319191700531213,-0.5079780803482319,-0.12073403737438454,-1,TRUE,TRUE
expect_focus_pib_ny,4,-0.30412702755775534,-0.3956633474609702,-0.14418044680866976,-0.4823689040819724,-0.06487144461524769,-1,TRUE,TRUE
expect_focus_pib_ny,5,-0.2744697018148104,-0.3902965998827431,-0.12033867030335124,-0.4822810706230567,-0.018216175061515662,-1,TRUE,TRUE
expect_focus_pib_ny,6,-0.2770272925310195,-0.40454258117218433,-0.11847184356104204,-0.5226100507855838,-0.019943147460836242,-1,TRUE,TRUE
expect_focus_pib_ny,7,-0.25423829172098117,-0.3995110384331704,-0.09038540674302527,-0.5234005756552824,0.00714184352977645,-1,TRUE,FALSE
expect_focus_pib_ny,8,-0.2398967947109448,-0.4013854823557307,-0.08384477777312857,-0.5356432849179481,0.015140733392610886,-1,TRUE,FALSE
expect_focus_pib_ny,9,-0.23476598322376593,-0.41444392150962617,-0.08245541554458932,-0.5591971192649229,0.00790013368712539,-1,TRUE,FALSE
expect_focus_pib_ny,10,-0.21729234212183418,-0.41590101869183416,-0.06539165615615092,-0.5622327478546205,0.017159733261667434,-1,TRUE,FALSE
expect_focus_pib_ny,11,-0.2031909568898657,-0.41885901991979657,-0.062329292675653625,-0.5590885421504981,0.024209412432898914,-1,TRUE,FALSE
expect_focus_pib_ny,12,-0.1917899469102363,-0.4222400197357788,-0.05849974346916817,-0.5731340746111611,0.028730712450233682,-1,TRUE,FALSE
expect_focus_pib_ny,13,-0.17713760759299108,-0.42118107923067055,-0.047257168866708464,-0.5695178549636477,0.0419790820516664,-1,TRUE,FALSE
expect_focus_pib_ny,14,-0.16547916272269786,-0.42007157651773136,-0.04088848892531649,-0.5800486132269214,0.05056177090681308,-1,TRUE,FALSE
expect_focus_pib_ny,15,-0.1535086487349127,-0.41058145069627533,-0.033189693282998374,-0.5895255368820862,0.05988750463934601,-1,TRUE,FALSE
expect_focus_pib_ny,16,-0.13964539808181278,-0.39751572295748305,-0.022297338967339247,-0.5885453083441903,0.07774529510634832,-1,TRUE,FALSE
expect_focus_pib_ny,17,-0.12431068401699616,-0.38651507951465114,-0.00924620603991822,-0.5857830590762942,0.08334768515906454,-1,TRUE,FALSE
expect_focus_pib_ny,18,-0.10805432883401386,-0.3677469602551887,0.00961831600483138,-0.5713100176714836,0.0956652911941659,-1,FALSE,FALSE
expect_focus_pib_ny,19,-0.09044778002391166,-0.3507743660692242,0.022202172801809167,-0.5577332817694168,0.11609237635437862,-1,FALSE,FALSE
expect_focus_pib_ny,20,-0.0718879810945724,-0.3326884649213669,0.036079698606042654,-0.544009289278067,0.13749814588316409,-1,FALSE,FALSE
expect_focus_pib_ny,21,-0.05302771303490045,-0.31169455248452405,0.06006886525875604,-0.5166467198598484,0.17020714626271027,-1,FALSE,FALSE
expect_focus_pib_ny,22,-0.03318007662608839,-0.29222197127093813,0.07658000798461273,-0.4940033585287804,0.20211667250957976,-1,FALSE,FALSE
expect_focus_pib_ny,23,-0.012485155605352407,-0.27687755839830774,0.09706115487227354,-0.45755294839937527,0.23409119093309128,-1,FALSE,FALSE
expect_focus_pib_ny,24,0.008164925570540991,-0.2603335933069453,0.12045395509022433,-0.4410016995578495,0.2616807781879122,1,FALSE,FALSE
expect_focus_pib_ny,25,0.02900307247394653,-0.2330739084977247,0.14039315351555176,-0.42467737517607645,0.2880361807803186,1,FALSE,FALSE
expect_focus_pib_ny,26,0.04970571471667493,-0.21300111024829133,0.15854711892894877,-0.4025696120388674,0.3066342301888944,1,FALSE,FALSE
expect_focus_pib_ny,27,0.06988227749806698,-0.18502931433532913,0.1764348669330221,-0.3624804433707235,0.3293349792572974,1,FALSE,FALSE
expect_focus_pib_ny,28,0.08957763846752867,-0.16123842233948987,0.19545078597165272,-0.3403721322261854,0.34878453235612694,1,FALSE,FALSE
expect_focus_pib_ny,29,0.10851776690531438,-0.14325271984797286,0.21817103622472833,-0.3140918035240782,0.3614255235646433,1,FALSE,FALSE
expect_focus_pib_ny,30,0.1264683600905862,-0.1211880140674573,0.24085298421754306,-0.2872024934450827,0.38406494897565757,1,FALSE,FALSE
expect_focus_pib_ny,31,0.1433268269185131,-0.10372011493730177,0.2531989860581594,-0.26302605357583253,0.4071468777827259,1,FALSE,FALSE
expect_focus_pib_ny,32,0.15893512076535382,-0.08968665148896614,0.263270416571147,-0.23928635515003194,0.4343473561682788,1,FALSE,FALSE
expect_focus_pib_ny,33,0.17319984090576973,-0.0740070737681921,0.2729738743567911,-0.2178274043455095,0.4567388697797715,1,FALSE,FALSE
expect_focus_pib_ny,34,0.1860329351635717,-0.059179945071301455,0.28972604634319976,-0.1961438744794392,0.46615247599311777,1,FALSE,FALSE
expect_focus_pib_ny,35,0.1973574305010641,-0.044091358917507345,0.29668981438206715,-0.1934019727141263,0.48387374299006464,1,FALSE,FALSE
expect_focus_pib_ny,36,0.20711376266493794,-0.032126485307433214,0.30640953498275403,-0.17333711262924056,0.5025503361084748,1,FALSE,FALSE
expect_focus_pib_ny,37,0.21526925933365224,-0.023920962816103144,0.31713752494263364,-0.1510016644137261,0.5010417069015576,1,FALSE,FALSE
expect_focus_pib_ny,38,0.22181905710603236,-0.016154735120916325,0.32421118113759256,-0.13995408297308193,0.4998968752849983,1,FALSE,FALSE
expect_focus_pib_ny,39,0.22675779466593693,-0.008432795040668664,0.33467289572371983,-0.12527895557668745,0.5045868234450166,1,FALSE,FALSE
expect_focus_pib_ny,40,0.23010412697507932,-0.004619634599869457,0.33531189287875734,-0.10812695281712024,0.5086149799527926,1,FALSE,FALSE
expect_focus_pib_ny,41,0.2318927004544564,1.5950580120672068e-4,0.3343412499925366,-0.10127604869397651,0.5042982787918482,1,TRUE,FALSE
expect_focus_pib_ny,42,0.23216113074298686,0.0061039648300527695,0.3318421884466443,-0.10199457376126875,0.5083199892286289,1,TRUE,FALSE
expect_focus_pib_ny,43,0.2309700429078555,0.008473076576088244,0.3241623425739542,-0.08954874140762736,0.5190674772124004,1,TRUE,FALSE
expect_focus_pib_ny,44,0.22838919865413757,0.01140805805130537,0.3213846438971798,-0.09049526253818788,0.5183841565061045,1,TRUE,FALSE
expect_focus_pib_ny,45,0.22449302032075932,0.011810114010459899,0.3154878880597364,-0.09180877913545989,0.5209760947369969,1,TRUE,FALSE
expect_focus_pib_ny,46,0.2193675716461254,0.013832962935316512,0.30950487976807994,-0.09261206587610506,0.5221404354429595,1,TRUE,FALSE
expect_focus_pib_ny,47,0.21310460089337033,0.010616696119886455,0.3044382972504045,-0.09944139293577395,0.5030282608018958,1,TRUE,FALSE
expect_focus_pib_ny,48,0.20580166640997052,0.005854539336548748,0.30015329317948747,-0.09861423336459152,0.49963961246477717,1,TRUE,FALSE
expect_focus_cambio_ny,0,0.09097757994121607,0.06646269731057174,0.11176237578163883,0.05535163883940171,0.13559533153252468,1,TRUE,TRUE
expect_focus_cambio_ny,1,0.11094136017215098,0.0793649100601129,0.15350282315190994,0.06062664497918398,0.1858411836434535,1,TRUE,TRUE
expect_focus_cambio_ny,2,0.11285574968394219,0.07711251850654074,0.16408754452822505,0.051294564352296276,0.19425848734977247,1,TRUE,TRUE
expect_focus_cambio_ny,3,0.11504327479118134,0.07144271441966775,0.16761719859733554,0.04454760489805308,0.20839716113974022,1,TRUE,TRUE
expect_focus_cambio_ny,4,0.11013286490684539,0.05849064052859838,0.1645060203118689,0.03305797848407765,0.20111503405457068,1,TRUE,TRUE
expect_focus_cambio_ny,5,0.10031918778974834,0.04879369708605703,0.15693930503127262,0.022315937887026606,0.19557507361936394,1,TRUE,TRUE
expect_focus_cambio_ny,6,0.09504582145041457,0.04060997818414845,0.1557622369186722,0.014179599009771168,0.198815037557013,1,TRUE,TRUE
expect_focus_cambio_ny,7,0.08389756494060734,0.02848762387408716,0.1475927141306116,7.411180929926808e-4,0.1897144579098971,1,TRUE,TRUE
expect_focus_cambio_ny,8,0.0677395080688201,0.012565291093807461,0.1359260893671107,-0.018013883166223096,0.17462407831370466,1,TRUE,FALSE
expect_focus_cambio_ny,9,0.051572574313126646,2.7796648005267593e-4,0.1252897611167898,-0.037220863841552404,0.1632745433986859,1,TRUE,FALSE
expect_focus_cambio_ny,10,0.037379788285777094,-0.011151443530056206,0.11288720829441991,-0.05047714389687634,0.15562553196230947,1,FALSE,FALSE
expect_focus_cambio_ny,11,0.02164958590844114,-0.023954753383045212,0.10019196739766435,-0.061157211592560844,0.14727256855231893,1,FALSE,FALSE
expect_focus_cambio_ny,12,0.0060775323685584885,-0.03358122505959856,0.0888629645329398,-0.07376617365376174,0.13756099223937648,1,FALSE,FALSE
expect_focus_cambio_ny,13,-0.009523542420142996,-0.043616154423995496,0.07783248100014177,-0.08623591063338096,0.12164862182750533,-1,FALSE,FALSE
expect_focus_cambio_ny,14,-0.024018850430201966,-0.05437256448090254,0.06546721983852044,-0.09746880581494506,0.10742281598365253,-1,FALSE,FALSE
expect_focus_cambio_ny,15,-0.03548987931780045,-0.06318136112276845,0.0597226244801918,-0.10375727486576931,0.0962614305495142,-1,FALSE,FALSE
expect_focus_cambio_ny,16,-0.0462299257910073,-0.07192151805097663,0.0489212565309472,-0.11463097353402701,0.08774203860773092,-1,FALSE,FALSE
expect_focus_cambio_ny,17,-0.05579098275686656,-0.07918597414822755,0.040693180202485635,-0.12400112330484787,0.07973790012123252,-1,FALSE,FALSE
expect_focus_cambio_ny,18,-0.06351394032683737,-0.08399783146196237,0.032413050917109464,-0.13283957214644806,0.07655787537480752,-1,FALSE,FALSE
expect_focus_cambio_ny,19,-0.07059811473974792,-0.08954616533740481,0.026183155954702858,-0.13953783853203683,0.07095873362847184,-1,FALSE,FALSE
expect_focus_cambio_ny,20,-0.07629772387679017,-0.09322065255841427,0.020434521441353586,-0.14575261502876022,0.06318282798601316,-1,FALSE,FALSE
expect_focus_cambio_ny,21,-0.08060046315040097,-0.09500482915831153,0.016753419061800598,-0.14870924061130036,0.057989492978074944,-1,FALSE,FALSE
expect_focus_cambio_ny,22,-0.08410727160569316,-0.10020346859354792,0.01244998682386421,-0.15042426853742563,0.055362789374120334,-1,FALSE,FALSE
expect_focus_cambio_ny,23,-0.0868822092852674,-0.10331434389230909,0.010002255082691194,-0.15441509488297603,0.05094099051027265,-1,FALSE,FALSE
expect_focus_cambio_ny,24,-0.08890979578587914,-0.10768551091636534,0.006896590510070896,-0.15363937316060144,0.04907629935886497,-1,FALSE,FALSE
expect_focus_cambio_ny,25,-0.09015945042681589,-0.10901136977224912,0.004870499182710474,-0.1533543182129493,0.045485335907943514,-1,FALSE,FALSE
expect_focus_cambio_ny,26,-0.09069637717195259,-0.11017536991448348,0.003165354981322586,-0.1567812742588588,0.04080871314111177,-1,FALSE,FALSE
expect_focus_cambio_ny,27,-0.09059702776581341,-0.10971733683184601,0.0023879668023717034,-0.1578739272420844,0.03828052927586371,-1,FALSE,FALSE
expect_focus_cambio_ny,28,-0.08989689608378564,-0.11079777377392355,9.344955410198224e-5,-0.1609349820779068,0.03655952624426097,-1,FALSE,FALSE
expect_focus_cambio_ny,29,-0.08867705952088796,-0.10935922685962417,5.392736839424251e-4,-0.16380396528545094,0.035711890299873796,-1,FALSE,FALSE
expect_focus_cambio_ny,30,-0.08693720541221858,-0.10784807358340448,0.001091334155454115,-0.16326207004248963,0.03478569094219033,-1,FALSE,FALSE
expect_focus_cambio_ny,31,-0.08469836884785029,-0.10580337827415176,0.002721798418766037,-0.16381089656024592,0.034340106023187864,-1,FALSE,FALSE
expect_focus_cambio_ny,32,-0.08200966309326374,-0.10642191182883066,0.003170591044358919,-0.16056247125857478,0.03354711615213478,-1,FALSE,FALSE
expect_focus_cambio_ny,33,-0.07890550782359425,-0.10417796538519757,0.0032851820200379606,-0.15876227657056666,0.03305623188934148,-1,FALSE,FALSE
expect_focus_cambio_ny,34,-0.07545191526054594,-0.10269680301955457,0.0033048389299334584,-0.15525737449975086,0.03462775842574473,-1,FALSE,FALSE
expect_focus_cambio_ny,35,-0.07168656382614465,-0.09866045642409696,0.004151934216101566,-0.14952544682038607,0.037448291158897896,-1,FALSE,FALSE
expect_focus_cambio_ny,36,-0.06763672533477638,-0.09453487416610495,0.0061522208651325645,-0.1457337264791813,0.03723447334554066,-1,FALSE,FALSE
expect_focus_cambio_ny,37,-0.06335870819387794,-0.09167075290238672,0.008724664543323815,-0.14297823776394764,0.03967738514550786,-1,FALSE,FALSE
expect_focus_cambio_ny,38,-0.05889967434101144,-0.08810384600354555,0.011870949264275349,-0.14016708679001055,0.04189760285333753,-1,FALSE,FALSE
expect_focus_cambio_ny,39,-0.054304955774708924,-0.08616072332377418,0.015527110624796852,-0.14087044885961053,0.04380000158369768,-1,FALSE,FALSE
expect_focus_cambio_ny,40,-0.049622082760668054,-0.08025467950084511,0.017133963507578925,-0.1350352407267938,0.05082390315409273,-1,FALSE,FALSE
expect_focus_cambio_ny,41,-0.04489259995065186,-0.07689536880021017,0.01913299482782993,-0.1320958930283486,0.05494347143221218,-1,FALSE,FALSE
expect_focus_cambio_ny,42,-0.04015663277474075,-0.07440336256948726,0.022036053421364298,-0.13300730299078067,0.06200476129387566,-1,FALSE,FALSE
expect_focus_cambio_ny,43,-0.03545281193344865,-0.07107223652904839,0.02540457806963809,-0.12737637369683724,0.07039644274539411,-1,FALSE,FALSE
expect_focus_cambio_ny,44,-0.030819257607503082,-0.0701688142206739,0.028758801673992633,-0.12123971681414525,0.07346174935194702,-1,FALSE,FALSE
expect_focus_cambio_ny,45,-0.02629052583979829,-0.06830955927409596,0.03209537282455443,-0.11622395695820052,0.07598386174061808,-1,FALSE,FALSE
expect_focus_cambio_ny,46,-0.02189607715860527,-0.06545665075418941,0.03419058781466655,-0.1137942111721585,0.08061004945397454,-1,FALSE,FALSE
expect_focus_cambio_ny,47,-0.01766325048700222,-0.06315431386380346,0.03884170977538973,-0.10902927174959284,0.08465997145057944,-1,FALSE,FALSE
expect_focus_cambio_ny,48,-0.013616215589242942,-0.06131493928115674,0.041927935673586623,-0.10463794663768533,0.08825359425456111,-1,FALSE,FALSE
sp500_vix,0,0.5304677469624101,-0.022675709082232647,1.9967037595906043,-0.5548696436286786,2.94470152478461,1,FALSE,FALSE
sp500_vix,1,0.2677311479218121,-0.7221687831020451,1.2592759621426977,-1.3667507752743828,1.972608387476864,1,FALSE,FALSE
sp500_vix,2,-0.5822131949315349,-1.7322193676427462,0.5063259333248135,-2.57779698293863,1.1778086224659658,-1,FALSE,FALSE
sp500_vix,3,0.026143143855719312,-1.3782439584283859,1.0262925513903867,-2.136838345277848,1.7328455712209048,1,FALSE,FALSE
sp500_vix,4,-0.3327555482380894,-1.7595987905764972,0.7295499175407749,-2.484541498200344,1.4266019657978228,-1,FALSE,FALSE
sp500_vix,5,-0.9406749400304921,-2.1022693680541154,0.12017451115037339,-3.125538350610987,0.854450367914831,-1,FALSE,FALSE
sp500_vix,6,-0.8654466354611386,-1.9673585661605977,0.2550691680332092,-3.0049837943755704,0.8858099866375413,-1,FALSE,FALSE
sp500_vix,7,-1.1121657498216946,-2.332238749914418,0.05101610328004656,-3.2805648840206816,0.7717133886815664,-1,FALSE,FALSE
sp500_vix,8,-1.129696827043162,-2.4045843581559083,-0.043849972774360466,-3.404409815428904,0.6825751835785863,-1,TRUE,FALSE
sp500_vix,9,-0.8542398051189828,-2.11134577453789,0.2176865947067097,-3.1243512470527888,0.8477398983084077,-1,FALSE,FALSE
sp500_vix,10,-0.87516533875608,-2.167017994172997,0.2538201336914546,-3.2497152927238204,0.9674452044558909,-1,FALSE,FALSE
sp500_vix,11,-0.6884335617462639,-2.0711763207605736,0.4039641060033818,-3.116753784765964,1.063493430479435,-1,FALSE,FALSE
sp500_vix,12,-0.5864627703898152,-1.9813621936723227,0.4438928815451091,-3.078157128729195,1.1242595998180995,-1,FALSE,FALSE
sp500_vix,13,-0.40903852295443094,-1.9178436437872892,0.5933821105039799,-2.9840557082194015,1.2310250271290848,-1,FALSE,FALSE
sp500_vix,14,-0.15103076138681817,-1.7896364521040415,0.7320406230842039,-2.8370268001311496,1.3838557948480774,-1,FALSE,FALSE
sp500_vix,15,-0.0028050530314700168,-1.6773201928397414,0.8265697807233316,-2.8933443395457603,1.5095119859308443,-1,FALSE,FALSE
sp500_vix,16,0.19798802325925408,-1.5616020428834687,1.0085302488356445,-2.8028844971280336,1.6301999778006941,1,FALSE,FALSE
sp500_vix,17,0.34645204962774523,-1.5026463551156695,1.0498254599956365,-2.7615490388118094,1.7911780428825725,1,FALSE,FALSE
sp500_vix,18,0.4690272654956374,-1.4701289331428726,1.1083108714682208,-2.63719846244011,1.8428563174301755,1,FALSE,FALSE
sp500_vix,19,0.629539236086543,-1.3845179001775378,1.1785305263874837,-2.589889117599497,1.939862806191192,1,FALSE,FALSE
sp500_vix,20,0.7453327228062231,-1.3084954713680867,1.231111538893137,-2.570558264847974,1.9713857973785305,1,FALSE,FALSE
sp500_vix,21,0.8567532587881204,-1.2309604127241183,1.338296979802048,-2.5490665734649656,2.0189232483790525,1,FALSE,FALSE
sp500_vix,22,0.9584510233620417,-1.1318406113202806,1.4384774315070998,-2.409107855231506,2.102490198784896,1,FALSE,FALSE
sp500_vix,23,1.0377189551818145,-1.1196341835256982,1.4433824210830168,-2.285587197127051,2.1961638522038327,1,FALSE,FALSE
sp500_vix,24,1.1192727300511185,-1.095416356558352,1.4927174327963424,-2.175754357408842,2.2791598764807315,1,FALSE,FALSE
sp500_vix,25,1.1893653378162055,-0.9827785283626944,1.5584396826876994,-2.0585596539717295,2.3887741467587276,1,FALSE,FALSE
sp500_vix,26,1.2496496660797465,-0.9240184164916678,1.5942714380030998,-1.9540139288659795,2.526078694033224,1,FALSE,FALSE
sp500_vix,27,1.30269267012558,-0.8397319199306427,1.6072045869010514,-1.91367488011152,2.5966342751821827,1,FALSE,FALSE
sp500_vix,28,1.3446664826340726,-0.7714434966686534,1.6089781481407397,-1.8471851441312948,2.6714277055008866,1,FALSE,FALSE
sp500_vix,29,1.3817402404176786,-0.6984294790008647,1.6065370436943103,-1.7603228227091312,2.729362447591515,1,FALSE,FALSE
sp500_vix,30,1.4108433293202958,-0.683699795409235,1.6563370674143265,-1.661896376445966,2.728704187459087,1,FALSE,FALSE
sp500_vix,31,1.4325782571604833,-0.6289341444640566,1.648410136068805,-1.6223449280435764,2.729891858094524,1,FALSE,FALSE
sp500_vix,32,1.4476631199550596,-0.6194056603632278,1.6481468226339595,-1.5921404005802005,2.827371834659564,1,FALSE,FALSE
sp500_vix,33,1.4541270220210487,-0.5896780385151176,1.5663535953445482,-1.6067321220980832,2.946801899459047,1,FALSE,FALSE
sp500_vix,34,1.4544266659008003,-0.567502217544285,1.593880361529082,-1.5263872658506452,2.9691709548163363,1,FALSE,FALSE
sp500_vix,35,1.4481719010631273,-0.5434435263286537,1.619121242489129,-1.5689825943967608,3.0143974667589744,1,FALSE,FALSE
sp500_vix,36,1.4351132370960236,-0.5330064337689384,1.591241169853904,-1.5952457521719088,3.019385732027912,1,FALSE,FALSE
sp500_vix,37,1.41623502988367,-0.4781042223849755,1.596621947042566,-1.5425200667917074,2.9774389189791393,1,FALSE,FALSE
sp500_vix,38,1.3910784092743904,-0.4534234114363361,1.5913349282301077,-1.52650756631229,3.018140606941793,1,FALSE,FALSE
sp500_vix,39,1.3603796085193671,-0.44670241112837805,1.5926809262894723,-1.4720405689328324,2.995321216282901,1,FALSE,FALSE
sp500_vix,40,1.3246878661367065,-0.4391525206464644,1.560272004122971,-1.427736251802719,3.0086224986612673,1,FALSE,FALSE
sp500_vix,41,1.2841798101913602,-0.44649551338014776,1.5568381532096855,-1.3980547246782724,2.9036018088691624,1,FALSE,FALSE
sp500_vix,42,1.2394580967357123,-0.4664212817756627,1.5507900081584691,-1.370444130354601,2.849419275855947,1,FALSE,FALSE
sp500_vix,43,1.1908227814788455,-0.4848113336310473,1.5425123642224234,-1.3555933122124348,2.7837013234072305,1,FALSE,FALSE
sp500_vix,44,1.138772096713949,-0.49954779192912735,1.5103356147023093,-1.3870909242325842,2.7556393425444443,1,FALSE,FALSE
sp500_vix,45,1.0838514003074078,-0.496674977604715,1.5063018999004014,-1.4209655143449662,2.7649111519036755,1,FALSE,FALSE
sp500_vix,46,1.0264830445831588,-0.522305879478729,1.4463062680866248,-1.437313117356635,2.646243556947651,1,FALSE,FALSE
sp500_vix,47,0.9671861353566502,-0.544369457900802,1.4189712397174952,-1.3891194889240708,2.604103907469176,1,FALSE,FALSE
sp500_vix,48,0.9063794997029693,-0.5507987206983765,1.3784049336276634,-1.455886615448424,2.5163088354674112,1,FALSE,FALSE
msci,0,0.4969411939819894,-5.213780339784253,4.279055653407988,-8.380933281062774,7.031745228860491,1,FALSE,FALSE
msci,1,0.30013180850631904,-4.91780194302856,5.571959570939132,-8.363849535007107,9.48507952241444,1,FALSE,FALSE
msci,2,0.1888684338860495,-5.721953100989928,6.21727997238259,-9.505328067265362,10.556097527626145,1,FALSE,FALSE
msci,3,0.039553627026592764,-6.303933087152577,6.692746015470908,-10.957652244062157,11.436644238380971,1,FALSE,FALSE
msci,4,1.5494798647219974,-4.900320140404847,7.9682482617357255,-9.554845409927067,13.056588881113493,1,FALSE,FALSE
msci,5,3.530687452838501,-3.780013157948879,9.475933896484255,-8.223863820238046,14.844747483146111,1,FALSE,FALSE
msci,6,3.059997654240204,-4.44867722297982,8.792271444843948,-8.878624691768136,13.30940193281453,1,FALSE,FALSE
msci,7,3.415194314194721,-4.238624531088842,8.923135464435296,-8.68369940218678,13.73129016979148,1,FALSE,FALSE
msci,8,3.1560162840235537,-4.514906797745306,8.623029006301568,-9.145621588214569,13.638747396588979,1,FALSE,FALSE
msci,9,1.7694847721302456,-5.653116590041888,6.946757435743673,-9.925291100205575,11.786789020995625,1,FALSE,FALSE
msci,10,1.5510565014611795,-6.036414554973979,6.238961448936588,-10.023271403289913,11.718084674231896,1,FALSE,FALSE
msci,11,0.8416935412119669,-6.387761213929059,5.780262003610444,-10.48475839021852,10.821500641854424,1,FALSE,FALSE
msci,12,0.03314300272179853,-7.073440209613308,4.650257936284854,-10.888893551497224,9.622818669879925,1,FALSE,FALSE
msci,13,-0.6705893530324822,-7.543515065979841,4.050494804234799,-11.230498139242503,9.502123552517467,-1,FALSE,FALSE
msci,14,-1.5931781527128148,-8.000507672703531,3.2908468945873857,-11.535634288407156,8.804762596326484,-1,FALSE,FALSE
msci,15,-2.2131142892014517,-8.330614568995253,2.724860175466471,-11.761887164808437,8.172806483530685,-1,FALSE,FALSE
msci,16,-2.825351367518062,-8.717262962925233,2.4007194090597066,-11.97709411319195,7.630907563992057,-1,FALSE,FALSE
msci,17,-3.3316901902324365,-8.726649276325245,2.0343510671801948,-12.06118149625978,7.324124700063668,-1,FALSE,FALSE
msci,18,-3.7002825937531028,-8.92581209074246,1.7596836512174552,-11.985386245834171,7.047722539281099,-1,FALSE,FALSE
msci,19,-4.101282263033533,-8.979503086404568,1.5496218916581423,-12.124564762631506,6.520898812237115,-1,FALSE,FALSE
msci,20,-4.373483045427695,-8.820984135059865,1.498539812856687,-12.266737153549586,6.308624976688817,-1,FALSE,FALSE
msci,21,-4.581149551388362,-8.750242213545393,1.4280234011507538,-12.211552445000706,5.79119461889115,-1,FALSE,FALSE
msci,22,-4.739672511267756,-8.764228085888353,1.5021636666083573,-12.17052505750206,5.457806690668072,-1,FALSE,FALSE
msci,23,-4.81596987105867,-8.5326480197208,1.5548043097706896,-12.051461345355365,5.3248597875430805,-1,FALSE,FALSE
msci,24,-4.87756324140542,-8.18590978864436,1.4455821636313673,-12.2917554271748,5.218740722511113,-1,FALSE,FALSE
msci,25,-4.8871668562762345,-7.825890035755165,1.5305486536068647,-12.317550318050499,5.092429096018337,-1,FALSE,FALSE
msci,26,-4.848567045294103,-7.8522943519055675,1.6268205563528306,-12.356681155462564,5.333543243346142,-1,FALSE,FALSE
msci,27,-4.7857114114272425,-7.597380159963471,1.7260940410405947,-12.284215086054353,5.547783981321123,-1,FALSE,FALSE
msci,28,-4.682616750068403,-7.550708404580346,1.975404441229969,-12.09276184138517,5.837942624982837,-1,FALSE,FALSE
msci,29,-4.5564725517459985,-7.532045766240005,2.2989805914792436,-11.98906580369154,5.975418110383416,-1,FALSE,FALSE
msci,30,-4.408369149976831,-7.045071043657553,2.541688015999916,-11.516521173465192,6.078887577788305,-1,FALSE,FALSE
msci,31,-4.23655338525485,-6.955576051803567,2.696857822252076,-11.2167922479547,6.505792418255067,-1,FALSE,FALSE
msci,32,-4.04764464352049,-6.684616689622614,2.8917147847420406,-10.934744146975067,6.494824518977351,-1,FALSE,FALSE
msci,33,-3.8403090810587135,-6.420626971155836,2.987215406520698,-10.64126349399629,6.702445249514238,-1,FALSE,FALSE
msci,34,-3.62128164798997,-6.234904126963524,3.2468028256392136,-10.209296075922234,6.859656834477799,-1,FALSE,FALSE
msci,35,-3.392685130886747,-6.1079339176392295,3.471223285308083,-9.905892292296047,7.223430764796722,-1,FALSE,FALSE
msci,36,-3.1549351314207934,-5.88191412052616,3.627849347715114,-9.711545038665152,7.40363806654295,-1,FALSE,FALSE
msci,37,-2.912335611411948,-5.751540217711562,3.819591964458698,-9.303667672174365,7.530137193364352,-1,FALSE,FALSE
msci,38,-2.6657873265345717,-5.560505708502991,3.9780664516650095,-9.087640054881467,7.714307962582465,-1,FALSE,FALSE
msci,39,-2.418064531667169,-5.324380221645524,4.143555023368752,-8.918179592554486,7.897040508307369,-1,FALSE,FALSE
msci,40,-2.171802350950667,-5.093420518262873,4.266561607161006,-8.99299138167898,7.857349603209031,-1,FALSE,FALSE
msci,41,-1.9282175009051843,-4.8806429382874486,4.596829796958728,-8.675398791839612,8.091394031637096,-1,FALSE,FALSE
msci,42,-1.6895851499078296,-4.461250472913554,4.901462427456597,-8.277560925250777,8.198707558313862,-1,FALSE,FALSE
msci,43,-1.4572307016217756,-4.173592040841419,5.008098969706248,-7.937804312897864,8.26765481679093,-1,FALSE,FALSE
msci,44,-1.2326189001709,-3.909306286156375,5.164171006824709,-7.65725818829093,8.47295037626142,-1,FALSE,FALSE
msci,45,-1.0174003957002344,-3.7747734872584076,5.111312214437722,-7.30939832276994,8.601892482662667,-1,FALSE,FALSE
msci,46,-0.8125224345347265,-3.5496160835292945,5.148435421954564,-6.929575126571448,8.69724162225527,-1,FALSE,FALSE
msci,47,-0.6190213986862518,-3.42760631260243,5.235442580526758,-6.532837992120622,8.880355793087167,-1,FALSE,FALSE
msci,48,-0.43768367080787907,-3.244484641314764,5.272887294127945,-6.405572790568001,8.887854218428187,-1,FALSE,FALSE
epu_us,0,10.45549178869638,-3.805926850338511,20.813110999733425,-10.174227056721064,32.09552542852725,1,FALSE,FALSE
epu_us,1,10.562578927574432,-2.2375919863958704,23.14894147516141,-10.4057456545063,34.64315888160525,1,FALSE,FALSE
epu_us,2,9.453264969051435,-5.647687101825242,24.068511275196563,-14.994326888350782,34.317152255281194,1,FALSE,FALSE
epu_us,3,7.957117762114457,-7.2680389518379345,21.65379060243779,-17.20997722611323,32.903136109901155,1,FALSE,FALSE
epu_us,4,5.92754650123652,-9.649917680310207,19.335316008189032,-18.41981168597482,31.084547969371407,1,FALSE,FALSE
epu_us,5,2.0386598276198034,-14.25574655537304,15.99444168807485,-25.544496494228234,28.24236537767833,1,FALSE,FALSE
epu_us,6,2.079866289219247,-14.350371868278183,15.65041690440348,-25.119727929632504,27.385697660215808,1,FALSE,FALSE
epu_us,7,-0.0684258702790365,-16.594798041067804,13.082868475090944,-28.32008767182464,23.89238387316957,-1,FALSE,FALSE
epu_us,8,-2.073753827701886,-19.359999584599244,12.271613237075558,-32.06779130164269,22.695559109221847,-1,FALSE,FALSE
epu_us,9,-2.34257555253271,-19.409495161257034,10.594276781382472,-32.180421895984146,20.832081955234955,-1,FALSE,FALSE
epu_us,10,-4.0502276630676155,-21.462033935066344,8.873483611277317,-34.65151418989402,18.6185647216699,-1,FALSE,FALSE
epu_us,11,-5.06986025797501,-21.754754113705268,7.160521158273892,-35.95106888401001,16.274180959824164,-1,FALSE,FALSE
epu_us,12,-5.839844593436694,-23.279671366494462,6.618330184645316,-37.32628410039193,14.84527772485987,-1,FALSE,FALSE
epu_us,13,-7.295678333566522,-24.2924879829952,4.971593247898118,-38.01151191197955,14.140213233364014,-1,FALSE,FALSE
epu_us,14,-7.803544797202173,-24.928737736110193,4.085078174144934,-39.24491313590549,13.004817138269546,-1,FALSE,FALSE
epu_us,15,-8.117450996004616,-25.239914742288228,3.15437832664607,-39.81762855802547,12.341207846035111,-1,FALSE,FALSE
epu_us,16,-8.435066377524032,-25.36433781906681,2.7838892861915445,-39.81312558131888,12.125670673302896,-1,FALSE,FALSE
epu_us,17,-8.436373950714884,-25.30171729228058,2.4352540781913787,-39.77114138948364,11.385721635224236,-1,FALSE,FALSE
epu_us,18,-8.34850944785983,-25.123271008826606,2.1515390099442824,-39.73760615559189,12.01685512722139,-1,FALSE,FALSE
epu_us,19,-8.15235784642859,-24.66297344357603,2.2458031052449123,-38.96223277279264,12.004991512133703,-1,FALSE,FALSE
epu_us,20,-7.813116776765959,-23.78261320328111,2.090987559168175,-38.150547023295715,11.562075459098729,-1,FALSE,FALSE
epu_us,21,-7.337491325120431,-23.57760717918734,2.24420958707525,-36.98736326212067,13.178187274334814,-1,FALSE,FALSE
epu_us,22,-6.781179160241186,-22.894557980138618,2.1648638654518546,-36.726363285926674,12.670427278575774,-1,FALSE,FALSE
epu_us,23,-6.212241528921063,-22.56377269043897,2.356922709924139,-35.33419844681926,13.23953331036389,-1,FALSE,FALSE
epu_us,24,-5.5536537823148295,-21.924622992457348,2.6785262599430597,-34.30546525257553,13.870116138087022,-1,FALSE,FALSE
epu_us,25,-4.851402163083346,-20.810676384433727,3.1947050640460954,-33.88563832812689,14.965690617966175,-1,FALSE,FALSE
epu_us,26,-4.120178440793195,-20.767676776950605,3.7079609568100693,-32.54644911359259,15.414743605727084,-1,FALSE,FALSE
epu_us,27,-3.3429113419122176,-19.843048665016063,4.354314111121844,-31.419603033694735,15.982406591114959,-1,FALSE,FALSE
epu_us,28,-2.56633424009373,-18.528530764018708,4.946035430530726,-29.484739558209775,16.468987269916244,-1,FALSE,FALSE
epu_us,29,-1.7824337938664778,-17.663357989962552,5.815397472580938,-28.542646078840917,17.723600847816986,-1,FALSE,FALSE
epu_us,30,-0.9907563980013565,-16.748629161831275,6.625023539385008,-28.023277580056092,19.367130443655633,-1,FALSE,FALSE
epu_us,31,-0.21093847772182034,-15.859694259139651,7.2456685419822175,-26.3875157092374,20.58737743956644,-1,FALSE,FALSE
epu_us,32,0.5616832506880425,-15.05686054526116,7.814743562764624,-25.32083575052542,21.776076109021716,1,FALSE,FALSE
epu_us,33,1.3149815049470097,-14.360936545887204,8.40146709842881,-24.818696157472132,22.47654925723329,1,FALSE,FALSE
epu_us,34,2.0393992631866835,-13.626848427337592,9.624522201711708,-23.746952388964743,22.88274692643854,1,FALSE,FALSE
epu_us,35,2.7336227887963838,-12.627562943437713,10.319451502935364,-22.56751293314858,24.02442913878356,1,FALSE,FALSE
epu_us,36,3.3916538057212895,-12.086998791569787,10.99747860208526,-21.6329957661779,23.873701177552558,1,FALSE,FALSE
epu_us,37,4.008886359127982,-11.080630502823606,11.995808057479032,-20.641901383851202,24.480850208599666,1,FALSE,FALSE
epu_us,38,4.579962677764426,-10.558123306607209,12.818722486470119,-19.6272314324293,25.809451067063485,1,FALSE,FALSE
epu_us,39,5.101379084547639,-9.83173842764302,13.266922014809255,-19.095866790450035,26.214401279149445,1,FALSE,FALSE
epu_us,40,5.570608433704804,-9.280914589312902,14.186854325147698,-18.225181446631122,26.23568947678747,1,FALSE,FALSE
epu_us,41,5.984600148083575,-9.046830205727163,14.678289462009818,-16.917366626217625,27.816518181625522,1,FALSE,FALSE
epu_us,42,6.342612290339646,-8.397789699827651,15.114353032800846,-16.685929119249042,27.632512809767928,1,FALSE,FALSE
epu_us,43,6.643342876704326,-7.9628483160934485,15.49195516113976,-16.12263738520814,27.884104655152186,1,FALSE,FALSE
epu_us,44,6.885856660363475,-7.475981859832437,15.630449380405384,-15.701253157964093,27.99775476057894,1,FALSE,FALSE
epu_us,45,7.070711973079853,-6.940874718708257,15.448868825160895,-15.59065127732942,28.94799897888398,1,FALSE,FALSE
epu_us,46,7.198486812060952,-6.5210324710505,15.405801877490697,-14.910461861220705,28.170723745870774,1,FALSE,FALSE
epu_us,47,7.270566052597185,-6.184111964303532,15.359746783101535,-14.910347576651926,27.66874245066116,1,FALSE,FALSE
epu_us,48,7.288796897323398,-5.790834815831951,15.67167962026465,-13.720466277146402,27.11800602508225,1,FALSE,FALSE
