sample,rung,instrument,degrau,var,h,point
full,bruta,z_bruto,1,price_ipca,0,-0.06621242797698819
full,bruta,z_bruto,1,price_ipca,1,-0.005844301632761779
full,bruta,z_bruto,1,price_ipca,2,0.019522743855998444
full,bruta,z_bruto,1,price_ipca,3,0.06328543434931931
full,bruta,z_bruto,1,price_ipca,4,0.08299517875197827
full,bruta,z_bruto,1,price_ipca,5,0.10966240746670208
full,bruta,z_bruto,1,price_ipca,6,0.09598131626150465
full,bruta,z_bruto,1,price_ipca,7,0.08482483848406418
full,bruta,z_bruto,1,price_ipca,8,0.07770872008896917
full,bruta,z_bruto,1,price_ipca,9,0.053268764835468024
full,bruta,z_bruto,1,price_ipca,10,0.02815287632645862
full,bruta,z_bruto,1,price_ipca,11,0.006083840528696697
full,bruta,z_bruto,1,price_ipca,12,-0.021717920254561512
full,bruta,z_bruto,1,price_ipca,13,-0.0495489021636719
full,bruta,z_bruto,1,price_ipca,14,-0.07447365171487291
full,bruta,z_bruto,1,price_ipca,15,-0.09947858372005561
full,bruta,z_bruto,1,price_ipca,16,-0.12306110280550556
full,bruta,z_bruto,1,price_ipca,17,-0.14409293211865387
full,bruta,z_bruto,1,price_ipca,18,-0.16342030461761073
full,bruta,z_bruto,1,price_ipca,19,-0.18083124192902186
full,bruta,z_bruto,1,price_ipca,20,-0.19602555316148182
full,bruta,z_bruto,1,price_ipca,21,-0.2092264958953761
full,bruta,z_bruto,1,price_ipca,22,-0.2204970487263853
full,bruta,z_bruto,1,price_ipca,23,-0.22982737700607492
full,bruta,z_bruto,1,price_ipca,24,-0.23731274318734477
full,bruta,z_bruto,1,price_ipca,25,-0.24305031822570544
full,bruta,z_bruto,1,price_ipca,26,-0.2471125695797952
full,bruta,z_bruto,1,price_ipca,27,-0.249579145075295
full,bruta,z_bruto,1,price_ipca,28,-0.2505449502907777
full,bruta,z_bruto,1,price_ipca,29,-0.25010205346644293
full,bruta,z_bruto,1,price_ipca,30,-0.24833753880121556
full,bruta,z_bruto,1,price_ipca,31,-0.24534765044113477
full,bruta,z_bruto,1,price_ipca,32,-0.24123136976055626
full,bruta,z_bruto,1,price_ipca,33,-0.2360847896934857
full,bruta,z_bruto,1,price_ipca,34,-0.2300075749100861
full,bruta,z_bruto,1,price_ipca,35,-0.22310122545150804
full,bruta,z_bruto,1,price_ipca,36,-0.21546537961532547
full,bruta,z_bruto,1,price_ipca,37,-0.20719950520875963
full,bruta,z_bruto,1,price_ipca,38,-0.19840230177496954
full,bruta,z_bruto,1,price_ipca,39,-0.18916974817688867
full,bruta,z_bruto,1,price_ipca,40,-0.17959505471161274
full,bruta,z_bruto,1,price_ipca,41,-0.16976825158391431
full,bruta,z_bruto,1,price_ipca,42,-0.15977523011159211
full,bruta,z_bruto,1,price_ipca,43,-0.14969736598929426
full,bruta,z_bruto,1,price_ipca,44,-0.13961121793969716
full,bruta,z_bruto,1,price_ipca,45,-0.12958809667914545
full,bruta,z_bruto,1,price_ipca,46,-0.11969381042412171
full,bruta,z_bruto,1,price_ipca,47,-0.10998852109745125
full,bruta,z_bruto,1,price_ipca,48,-0.10052661601077797
full,bruta,z_bruto,1,price_ipca_difusao,0,0.3104277272729318
full,bruta,z_bruto,1,price_ipca_difusao,1,0.5844696859917039
full,bruta,z_bruto,1,price_ipca_difusao,2,0.592834221932151
full,bruta,z_bruto,1,price_ipca_difusao,3,1.0707376735632854
full,bruta,z_bruto,1,price_ipca_difusao,4,1.1937775266197106
full,bruta,z_bruto,1,price_ipca_difusao,5,1.295148530356359
full,bruta,z_bruto,1,price_ipca_difusao,6,1.283970269807941
full,bruta,z_bruto,1,price_ipca_difusao,7,1.2231511543484586
full,bruta,z_bruto,1,price_ipca_difusao,8,1.156027492839832
full,bruta,z_bruto,1,price_ipca_difusao,9,1.0122189238718895
full,bruta,z_bruto,1,price_ipca_difusao,10,0.8497408035811196
full,bruta,z_bruto,1,price_ipca_difusao,11,0.6934932881652347
full,bruta,z_bruto,1,price_ipca_difusao,12,0.504469732842382
full,bruta,z_bruto,1,price_ipca_difusao,13,0.309432232305747
full,bruta,z_bruto,1,price_ipca_difusao,14,0.12535974292732682
full,bruta,z_bruto,1,price_ipca_difusao,15,-0.06304960598063147
full,bruta,z_bruto,1,price_ipca_difusao,16,-0.24708193363950773
full,bruta,z_bruto,1,price_ipca_difusao,17,-0.41973199804251954
full,bruta,z_bruto,1,price_ipca_difusao,18,-0.5855022016519099
full,bruta,z_bruto,1,price_ipca_difusao,19,-0.7422061518626432
full,bruta,z_bruto,1,price_ipca_difusao,20,-0.8874504882496733
full,bruta,z_bruto,1,price_ipca_difusao,21,-1.0221763260256844
full,bruta,z_bruto,1,price_ipca_difusao,22,-1.1458960280739945
full,bruta,z_bruto,1,price_ipca_difusao,23,-1.257915456832147
full,bruta,z_bruto,1,price_ipca_difusao,24,-1.358385502783331
full,bruta,z_bruto,1,price_ipca_difusao,25,-1.4472672568208425
full,bruta,z_bruto,1,price_ipca_difusao,26,-1.524483887438115
full,bruta,z_bruto,1,price_ipca_difusao,27,-1.5901535380236718
full,bruta,z_bruto,1,price_ipca_difusao,28,-1.6444489942250982
full,bruta,z_bruto,1,price_ipca_difusao,29,-1.687586324318093
full,bruta,z_bruto,1,price_ipca_difusao,30,-1.7198453249930825
full,bruta,z_bruto,1,price_ipca_difusao,31,-1.7415854245615146
full,bruta,z_bruto,1,price_ipca_difusao,32,-1.753226922724885
full,bruta,z_bruto,1,price_ipca_difusao,33,-1.7552313546339364
full,bruta,z_bruto,1,price_ipca_difusao,34,-1.748118662186339
full,bruta,z_bruto,1,price_ipca_difusao,35,-1.7324564053837983
full,bruta,z_bruto,1,price_ipca_difusao,36,-1.708840397591216
full,bruta,z_bruto,1,price_ipca_difusao,37,-1.677897926555475
full,bruta,z_bruto,1,price_ipca_difusao,38,-1.6402806261184772
full,bruta,z_bruto,1,price_ipca_difusao,39,-1.5966512776341721
full,bruta,z_bruto,1,price_ipca_difusao,40,-1.547680198736911
full,bruta,z_bruto,1,price_ipca_difusao,41,-1.494039454288131
full,bruta,z_bruto,1,price_ipca_difusao,42,-1.4363945255237067
full,bruta,z_bruto,1,price_ipca_difusao,43,-1.3753994630210682
full,bruta,z_bruto,1,price_ipca_difusao,44,-1.3116922743423038
full,bruta,z_bruto,1,price_ipca_difusao,45,-1.245889766724829
full,bruta,z_bruto,1,price_ipca_difusao,46,-1.178583699030552
full,bruta,z_bruto,1,price_ipca_difusao,47,-1.110337566567725
full,bruta,z_bruto,1,price_ipca_difusao,48,-1.0416836017395403
full,bruta,z_bruto,1,price_core_ipca_ex0,0,0.03383843991435823
full,bruta,z_bruto,1,price_core_ipca_ex0,1,0.03228103283137873
full,bruta,z_bruto,1,price_core_ipca_ex0,2,0.055414428823614414
full,bruta,z_bruto,1,price_core_ipca_ex0,3,0.06940710809198308
full,bruta,z_bruto,1,price_core_ipca_ex0,4,0.07421541939007528
full,bruta,z_bruto,1,price_core_ipca_ex0,5,0.08728725659045682
full,bruta,z_bruto,1,price_core_ipca_ex0,6,0.08960156036510272
full,bruta,z_bruto,1,price_core_ipca_ex0,7,0.08738271599145156
full,bruta,z_bruto,1,price_core_ipca_ex0,8,0.0879450831461369
full,bruta,z_bruto,1,price_core_ipca_ex0,9,0.08342154437029448
full,bruta,z_bruto,1,price_core_ipca_ex0,10,0.07557344275725278
full,bruta,z_bruto,1,price_core_ipca_ex0,11,0.06845691238060952
full,bruta,z_bruto,1,price_core_ipca_ex0,12,0.05924481450827731
full,bruta,z_bruto,1,price_core_ipca_ex0,13,0.0486306459744341
full,bruta,z_bruto,1,price_core_ipca_ex0,14,0.03812660558741011
full,bruta,z_bruto,1,price_core_ipca_ex0,15,0.027084751972943723
full,bruta,z_bruto,1,price_core_ipca_ex0,16,0.01572837549374799
full,bruta,z_bruto,1,price_core_ipca_ex0,17,0.004540017982872159
full,bruta,z_bruto,1,price_core_ipca_ex0,18,-0.006536705587699566
full,bruta,z_bruto,1,price_core_ipca_ex0,19,-0.017404290164991915
full,bruta,z_bruto,1,price_core_ipca_ex0,20,-0.02789865174989768
full,bruta,z_bruto,1,price_core_ipca_ex0,21,-0.03797376125486818
full,bruta,z_bruto,1,price_core_ipca_ex0,22,-0.047567994760532174
full,bruta,z_bruto,1,price_core_ipca_ex0,23,-0.0566163512425907
full,bruta,z_bruto,1,price_core_ipca_ex0,24,-0.06507446465155807
full,bruta,z_bruto,1,price_core_ipca_ex0,25,-0.07290421952993077
full,bruta,z_bruto,1,price_core_ipca_ex0,26,-0.08007645080367481
full,bruta,z_bruto,1,price_core_ipca_ex0,27,-0.08656582626877288
full,bruta,z_bruto,1,price_core_ipca_ex0,28,-0.09235494547499977
full,bruta,z_bruto,1,price_core_ipca_ex0,29,-0.09743561860052573
full,bruta,z_bruto,1,price_core_ipca_ex0,30,-0.10180315681977814
full,bruta,z_bruto,1,price_core_ipca_ex0,31,-0.10545946607874516
full,bruta,z_bruto,1,price_core_ipca_ex0,32,-0.10841384492130879
full,bruta,z_bruto,1,price_core_ipca_ex0,33,-0.1106797755236766
full,bruta,z_bruto,1,price_core_ipca_ex0,34,-0.11227580376984374
full,bruta,z_bruto,1,price_core_ipca_ex0,35,-0.11322576371003101
full,bruta,z_bruto,1,price_core_ipca_ex0,36,-0.11355717640585843
full,bruta,z_bruto,1,price_core_ipca_ex0,37,-0.11330108377666033
full,bruta,z_bruto,1,price_core_ipca_ex0,38,-0.11249184059080027
full,bruta,z_bruto,1,price_core_ipca_ex0,39,-0.11116624420333011
full,bruta,z_bruto,1,price_core_ipca_ex0,40,-0.1093630750378134
full,bruta,z_bruto,1,price_core_ipca_ex0,41,-0.10712270952731615
full,bruta,z_bruto,1,price_core_ipca_ex0,42,-0.10448655576433138
full,bruta,z_bruto,1,price_core_ipca_ex0,43,-0.10149659859318855
full,bruta,z_bruto,1,price_core_ipca_ex0,44,-0.09819500772029786
full,bruta,z_bruto,1,price_core_ipca_ex0,45,-0.09462373097335385
full,bruta,z_bruto,1,price_core_ipca_ex0,46,-0.09082413011716431
full,bruta,z_bruto,1,price_core_ipca_ex0,47,-0.0868366622381082
full,bruta,z_bruto,1,price_core_ipca_ex0,48,-0.08270058868738055
full,bruta,z_bruto,1,price_core_ipca_ex1,0,-0.02564649360766753
full,bruta,z_bruto,1,price_core_ipca_ex1,1,-5.423291341645524e-4
full,bruta,z_bruto,1,price_core_ipca_ex1,2,0.003864784628287711
full,bruta,z_bruto,1,price_core_ipca_ex1,3,0.035189404118286693
full,bruta,z_bruto,1,price_core_ipca_ex1,4,0.04542967196451994
full,bruta,z_bruto,1,price_core_ipca_ex1,5,0.05806763849006374
full,bruta,z_bruto,1,price_core_ipca_ex1,6,0.05344281880779162
full,bruta,z_bruto,1,price_core_ipca_ex1,7,0.04836590721975604
full,bruta,z_bruto,1,price_core_ipca_ex1,8,0.04498820115714366
full,bruta,z_bruto,1,price_core_ipca_ex1,9,0.033202714627337614
full,bruta,z_bruto,1,price_core_ipca_ex1,10,0.020729889741064014
full,bruta,z_bruto,1,price_core_ipca_ex1,11,0.0097835729955659
full,bruta,z_bruto,1,price_core_ipca_ex1,12,-0.004200113533812847
full,bruta,z_bruto,1,price_core_ipca_ex1,13,-0.018323309812971603
full,bruta,z_bruto,1,price_core_ipca_ex1,14,-0.030954381628549292
full,bruta,z_bruto,1,price_core_ipca_ex1,15,-0.0437285560946458
full,bruta,z_bruto,1,price_core_ipca_ex1,16,-0.055841916057485314
full,bruta,z_bruto,1,price_core_ipca_ex1,17,-0.06666631484873536
full,bruta,z_bruto,1,price_core_ipca_ex1,18,-0.07668512421715938
full,bruta,z_bruto,1,price_core_ipca_ex1,19,-0.08576813056202225
full,bruta,z_bruto,1,price_core_ipca_ex1,20,-0.09374250424350578
full,bruta,z_bruto,1,price_core_ipca_ex1,21,-0.10073871647036622
full,bruta,z_bruto,1,price_core_ipca_ex1,22,-0.1067771564413208
full,bruta,z_bruto,1,price_core_ipca_ex1,23,-0.11184381326326522
full,bruta,z_bruto,1,price_core_ipca_ex1,24,-0.11599054766110457
full,bruta,z_bruto,1,price_core_ipca_ex1,25,-0.11926060683064423
full,bruta,z_bruto,1,price_core_ipca_ex1,26,-0.12168552051784923
full,bruta,z_bruto,1,price_core_ipca_ex1,27,-0.12330456336286345
full,bruta,z_bruto,1,price_core_ipca_ex1,28,-0.12416214336186153
full,bruta,z_bruto,1,price_core_ipca_ex1,29,-0.12430140819785995
full,bruta,z_bruto,1,price_core_ipca_ex1,30,-0.12376429011210555
full,bruta,z_bruto,1,price_core_ipca_ex1,31,-0.12259699979743952
full,bruta,z_bruto,1,price_core_ipca_ex1,32,-0.12084730856530806
full,bruta,z_bruto,1,price_core_ipca_ex1,33,-0.11856199521223221
full,bruta,z_bruto,1,price_core_ipca_ex1,34,-0.11578983373779467
full,bruta,z_bruto,1,price_core_ipca_ex1,35,-0.11258076732600633
full,bruta,z_bruto,1,price_core_ipca_ex1,36,-0.10898405980550038
full,bruta,z_bruto,1,price_core_ipca_ex1,37,-0.1050491439719667
full,bruta,z_bruto,1,price_core_ipca_ex1,38,-0.10082530686380729
full,bruta,z_bruto,1,price_core_ipca_ex1,39,-0.09636066880554907
full,bruta,z_bruto,1,price_core_ipca_ex1,40,-0.0917021691753759
full,bruta,z_bruto,1,price_core_ipca_ex1,41,-0.08689534286072323
full,bruta,z_bruto,1,price_core_ipca_ex1,42,-0.08198380388785324
full,bruta,z_bruto,1,price_core_ipca_ex1,43,-0.07700905077811208
full,bruta,z_bruto,1,price_core_ipca_ex1,44,-0.0720102990661705
full,bruta,z_bruto,1,price_core_ipca_ex1,45,-0.0670242399939606
full,bruta,z_bruto,1,price_core_ipca_ex1,46,-0.06208489993147555
full,bruta,z_bruto,1,price_core_ipca_ex1,47,-0.05722355284559349
full,bruta,z_bruto,1,price_core_ipca_ex1,48,-0.05246863751427305
full,bruta,z_bruto,1,price_core_ipca_dw,0,0.006131369617507967
full,bruta,z_bruto,1,price_core_ipca_dw,1,0.02995596848969413
full,bruta,z_bruto,1,price_core_ipca_dw,2,0.04243719250494635
full,bruta,z_bruto,1,price_core_ipca_dw,3,0.059310950155929264
full,bruta,z_bruto,1,price_core_ipca_dw,4,0.06620736005454264
full,bruta,z_bruto,1,price_core_ipca_dw,5,0.07398627235790778
full,bruta,z_bruto,1,price_core_ipca_dw,6,0.06881501353943299
full,bruta,z_bruto,1,price_core_ipca_dw,7,0.06319541041143836
full,bruta,z_bruto,1,price_core_ipca_dw,8,0.058154523006447224
full,bruta,z_bruto,1,price_core_ipca_dw,9,0.04729744148648244
full,bruta,z_bruto,1,price_core_ipca_dw,10,0.035728459471336384
full,bruta,z_bruto,1,price_core_ipca_dw,11,0.024912111269927144
full,bruta,z_bruto,1,price_core_ipca_dw,12,0.012173817895106773
full,bruta,z_bruto,1,price_core_ipca_dw,13,-6.904564009325014e-4
full,bruta,z_bruto,1,price_core_ipca_dw,14,-0.012661376291575913
full,bruta,z_bruto,1,price_core_ipca_dw,15,-0.024638235109189797
full,bruta,z_bruto,1,price_core_ipca_dw,16,-0.03612284806601449
full,bruta,z_bruto,1,price_core_ipca_dw,17,-0.04672137408983576
full,bruta,z_bruto,1,price_core_ipca_dw,18,-0.05667282590823938
full,bruta,z_bruto,1,price_core_ipca_dw,19,-0.06588549975775723
full,bruta,z_bruto,1,price_core_ipca_dw,20,-0.07424237796468758
full,bruta,z_bruto,1,price_core_ipca_dw,21,-0.0817955465167001
full,bruta,z_bruto,1,price_core_ipca_dw,22,-0.08854567080510624
full,bruta,z_bruto,1,price_core_ipca_dw,23,-0.0944741096680209
full,bruta,z_bruto,1,price_core_ipca_dw,24,-0.09959854389076325
full,bruta,z_bruto,1,price_core_ipca_dw,25,-0.10393778284769394
full,bruta,z_bruto,1,price_core_ipca_dw,26,-0.10750592842689445
full,bruta,z_bruto,1,price_core_ipca_dw,27,-0.1103223147413011
full,bruta,z_bruto,1,price_core_ipca_dw,28,-0.11241288616985973
full,bruta,z_bruto,1,price_core_ipca_dw,29,-0.1138052712168886
full,bruta,z_bruto,1,price_core_ipca_dw,30,-0.1145280466364291
full,bruta,z_bruto,1,price_core_ipca_dw,31,-0.11461467938025852
full,bruta,z_bruto,1,price_core_ipca_dw,32,-0.11410156854566844
full,bruta,z_bruto,1,price_core_ipca_dw,33,-0.11302612441995014
full,bruta,z_bruto,1,price_core_ipca_dw,34,-0.11142850568149658
full,bruta,z_bruto,1,price_core_ipca_dw,35,-0.10935092273573871
full,bruta,z_bruto,1,price_core_ipca_dw,36,-0.10683627834810722
full,bruta,z_bruto,1,price_core_ipca_dw,37,-0.10392847312520238
full,bruta,z_bruto,1,price_core_ipca_dw,38,-0.10067202817319265
full,bruta,z_bruto,1,price_core_ipca_dw,39,-0.09711128110777802
full,bruta,z_bruto,1,price_core_ipca_dw,40,-0.09329018476164759
full,bruta,z_bruto,1,price_core_ipca_dw,41,-0.08925200669991963
full,bruta,z_bruto,1,price_core_ipca_dw,42,-0.08503886736051167
full,bruta,z_bruto,1,price_core_ipca_dw,43,-0.0806914732918994
full,bruta,z_bruto,1,price_core_ipca_dw,44,-0.07624888599582923
full,bruta,z_bruto,1,price_core_ipca_dw,45,-0.07174826257635891
full,bruta,z_bruto,1,price_core_ipca_dw,46,-0.06722466504461687
full,bruta,z_bruto,1,price_core_ipca_dw,47,-0.0627109160168229
full,bruta,z_bruto,1,price_core_ipca_dw,48,-0.05823747134030139
full,bruta,z_bruto,1,price_inpc,0,-0.08999281192097022
full,bruta,z_bruto,1,price_inpc,1,-0.016229574811601047
full,bruta,z_bruto,1,price_inpc,2,-0.006026460787802255
full,bruta,z_bruto,1,price_inpc,3,0.04300098140101442
full,bruta,z_bruto,1,price_inpc,4,0.06346715106057124
full,bruta,z_bruto,1,price_inpc,5,0.0848876874232281
full,bruta,z_bruto,1,price_inpc,6,0.06644911504032304
full,bruta,z_bruto,1,price_inpc,7,0.05318179966437616
full,bruta,z_bruto,1,price_inpc,8,0.04234985189152534
full,bruta,z_bruto,1,price_inpc,9,0.014143645461325223
full,bruta,z_bruto,1,price_inpc,10,-0.012722042577372781
full,bruta,z_bruto,1,price_inpc,11,-0.036368878182174255
full,bruta,z_bruto,1,price_inpc,12,-0.06551497516505672
full,bruta,z_bruto,1,price_inpc,13,-0.09366825213678275
full,bruta,z_bruto,1,price_inpc,14,-0.11822113073741265
full,bruta,z_bruto,1,price_inpc,15,-0.14241751799087765
full,bruta,z_bruto,1,price_inpc,16,-0.16455630026792
full,bruta,z_bruto,1,price_inpc,17,-0.18357102117344934
full,bruta,z_bruto,1,price_inpc,18,-0.20048621021072574
full,bruta,z_bruto,1,price_inpc,19,-0.21510234263870334
full,bruta,z_bruto,1,price_inpc,20,-0.22716207979958644
full,bruta,z_bruto,1,price_inpc,21,-0.23698520693440045
full,bruta,z_bruto,1,price_inpc,22,-0.24468984635348684
full,bruta,z_bruto,1,price_inpc,23,-0.2503095901361554
full,bruta,z_bruto,1,price_inpc,24,-0.2539994751704621
full,bruta,z_bruto,1,price_inpc,25,-0.255906444378851
full,bruta,z_bruto,1,price_inpc,26,-0.2561415470129488
full,bruta,z_bruto,1,price_inpc,27,-0.2548247568161991
full,bruta,z_bruto,1,price_inpc,28,-0.2520875665440224
full,bruta,z_bruto,1,price_inpc,29,-0.24805169328917132
full,bruta,z_bruto,1,price_inpc,30,-0.24283136237971278
full,bruta,z_bruto,1,price_inpc,31,-0.23654723514108816
full,bruta,z_bruto,1,price_inpc,32,-0.22931825778396658
full,bruta,z_bruto,1,price_inpc,33,-0.22125727496225367
full,bruta,z_bruto,1,price_inpc,34,-0.21247804713389407
full,bruta,z_bruto,1,price_inpc,35,-0.2030929352893442
full,bruta,z_bruto,1,price_inpc,36,-0.193209505208213
full,bruta,z_bruto,1,price_inpc,37,-0.18293265158032715
full,bruta,z_bruto,1,price_inpc,38,-0.17236395690107284
full,bruta,z_bruto,1,price_inpc,39,-0.16159986829590817
full,bruta,z_bruto,1,price_inpc,40,-0.15073193370930688
full,bruta,z_bruto,1,price_inpc,41,-0.13984653180404888
full,bruta,z_bruto,1,price_inpc,42,-0.12902405773606687
full,bruta,z_bruto,1,price_inpc,43,-0.11833876258823464
full,bruta,z_bruto,1,price_inpc,44,-0.10785863801489937
full,bruta,z_bruto,1,price_inpc,45,-0.0976451533563467
full,bruta,z_bruto,1,price_inpc,46,-0.08775318931404259
full,bruta,z_bruto,1,price_inpc,47,-0.07823107643753466
full,bruta,z_bruto,1,price_inpc,48,-0.06912063473523342
full,bruta,z_bruto,1,price_igp_m,0,0.08772572496782377
full,bruta,z_bruto,1,price_igp_m,1,0.22333573197432813
full,bruta,z_bruto,1,price_igp_m,2,0.21177602340446255
full,bruta,z_bruto,1,price_igp_m,3,0.23667229697379616
full,bruta,z_bruto,1,price_igp_m,4,0.24346161182546003
full,bruta,z_bruto,1,price_igp_m,5,0.21138305388570278
full,bruta,z_bruto,1,price_igp_m,6,0.15959799832623525
full,bruta,z_bruto,1,price_igp_m,7,0.11843410493874805
full,bruta,z_bruto,1,price_igp_m,8,0.06564769092716209
full,bruta,z_bruto,1,price_igp_m,9,0.004815377977824348
full,bruta,z_bruto,1,price_igp_m,10,-0.04832508575817785
full,bruta,z_bruto,1,price_igp_m,11,-0.10030560721929842
full,bruta,z_bruto,1,price_igp_m,12,-0.15186077101798542
full,bruta,z_bruto,1,price_igp_m,13,-0.19778377573006498
full,bruta,z_bruto,1,price_igp_m,14,-0.23856082215091856
full,bruta,z_bruto,1,price_igp_m,15,-0.2754851803569313
full,bruta,z_bruto,1,price_igp_m,16,-0.30728482712463895
full,bruta,z_bruto,1,price_igp_m,17,-0.333937617852687
full,bruta,z_bruto,1,price_igp_m,18,-0.35619507791488764
full,bruta,z_bruto,1,price_igp_m,19,-0.3740568068296821
full,bruta,z_bruto,1,price_igp_m,20,-0.3876526572226504
full,bruta,z_bruto,1,price_igp_m,21,-0.3974011265230932
full,bruta,z_bruto,1,price_igp_m,22,-0.40356735889064643
full,bruta,z_bruto,1,price_igp_m,23,-0.40635893028221903
full,bruta,z_bruto,1,price_igp_m,24,-0.40606764582224336
full,bruta,z_bruto,1,price_igp_m,25,-0.40296534155011116
full,bruta,z_bruto,1,price_igp_m,26,-0.39727989663268815
full,bruta,z_bruto,1,price_igp_m,27,-0.389255333870806
full,bruta,z_bruto,1,price_igp_m,28,-0.37913820202485665
full,bruta,z_bruto,1,price_igp_m,29,-0.3671551234526966
full,bruta,z_bruto,1,price_igp_m,30,-0.35353062650925354
full,bruta,z_bruto,1,price_igp_m,31,-0.33849056729985116
full,bruta,z_bruto,1,price_igp_m,32,-0.32225089269566026
full,bruta,z_bruto,1,price_igp_m,33,-0.3050204896338437
full,bruta,z_bruto,1,price_igp_m,34,-0.28700405170512966
full,bruta,z_bruto,1,price_igp_m,35,-0.2683975010104565
full,bruta,z_bruto,1,price_igp_m,36,-0.24938704603010256
full,bruta,z_bruto,1,price_igp_m,37,-0.23015001461632917
full,bruta,z_bruto,1,price_igp_m,38,-0.21085314709962752
full,bruta,z_bruto,1,price_igp_m,39,-0.19165148759935607
full,bruta,z_bruto,1,price_igp_m,40,-0.17268839407367836
full,bruta,z_bruto,1,price_igp_m,41,-0.15409499698998394
full,bruta,z_bruto,1,price_igp_m,42,-0.1359896946641016
full,bruta,z_bruto,1,price_igp_m,43,-0.11847815866038763
full,bruta,z_bruto,1,price_igp_m,44,-0.10165335757123967
full,bruta,z_bruto,1,price_igp_m,45,-0.08559559978548327
full,bruta,z_bruto,1,price_igp_m,46,-0.07037279047454523
full,bruta,z_bruto,1,price_igp_m,47,-0.0560407933331369
full,bruta,z_bruto,1,price_igp_m,48,-0.042643833712636595
full,bruta,z_bruto,1,price_ipp,0,0.358152047147525
full,bruta,z_bruto,1,price_ipp,1,0.5634070224357027
full,bruta,z_bruto,1,price_ipp,2,0.3230180902011338
full,bruta,z_bruto,1,price_ipp,3,0.4286779332647527
full,bruta,z_bruto,1,price_ipp,4,0.41833308968362903
full,bruta,z_bruto,1,price_ipp,5,0.2563791319787278
full,bruta,z_bruto,1,price_ipp,6,0.18521209634119543
full,bruta,z_bruto,1,price_ipp,7,0.12161022396547252
full,bruta,z_bruto,1,price_ipp,8,0.005714026582652345
full,bruta,z_bruto,1,price_ipp,9,-0.08465629844988193
full,bruta,z_bruto,1,price_ipp,10,-0.15099702303936383
full,bruta,z_bruto,1,price_ipp,11,-0.2244966029188311
full,bruta,z_bruto,1,price_ipp,12,-0.28569702935130303
full,bruta,z_bruto,1,price_ipp,13,-0.33184776053261134
full,bruta,z_bruto,1,price_ipp,14,-0.37155788965528375
full,bruta,z_bruto,1,price_ipp,15,-0.40307362888271725
full,bruta,z_bruto,1,price_ipp,16,-0.42517145340094376
full,bruta,z_bruto,1,price_ipp,17,-0.44004135052253984
full,bruta,z_bruto,1,price_ipp,18,-0.448738713826748
full,bruta,z_bruto,1,price_ipp,19,-0.45128426861475923
full,bruta,z_bruto,1,price_ipp,20,-0.4484512347550448
full,bruta,z_bruto,1,price_ipp,21,-0.4411614341451586
full,bruta,z_bruto,1,price_ipp,22,-0.4298094465579989
full,bruta,z_bruto,1,price_ipp,23,-0.41481515943547875
full,bruta,z_bruto,1,price_ipp,24,-0.39679331962209136
full,bruta,z_bruto,1,price_ipp,25,-0.37615937768415053
full,bruta,z_bruto,1,price_ipp,26,-0.3532526411410111
full,bruta,z_bruto,1,price_ipp,27,-0.32850793779122195
full,bruta,z_bruto,1,price_ipp,28,-0.3022962050693188
full,bruta,z_bruto,1,price_ipp,29,-0.2749306660825604
full,bruta,z_bruto,1,price_ipp,30,-0.24675021993766552
full,bruta,z_bruto,1,price_ipp,31,-0.2180714380038833
full,bruta,z_bruto,1,price_ipp,32,-0.1891742456946007
full,bruta,z_bruto,1,price_ipp,33,-0.1603318241956053
full,bruta,z_bruto,1,price_ipp,34,-0.13180026680681642
full,bruta,z_bruto,1,price_ipp,35,-0.10380873061113179
full,bruta,z_bruto,1,price_ipp,36,-0.07656744474218136
full,bruta,z_bruto,1,price_ipp,37,-0.050266860580454716
full,bruta,z_bruto,1,price_ipp,38,-0.025073800935655508
full,bruta,z_bruto,1,price_ipp,39,-0.0011331136659215103
full,bruta,z_bruto,1,price_ipp,40,0.021431425894737993
full,bruta,z_bruto,1,price_ipp,41,0.042517712612575476
full,bruta,z_bruto,1,price_ipp,42,0.06204461124852106
full,bruta,z_bruto,1,price_ipp,43,0.07995077142194912
full,bruta,z_bruto,1,price_ipp,44,0.0961938731333612
full,bruta,z_bruto,1,price_ipp,45,0.11074967310026121
full,bruta,z_bruto,1,price_ipp,46,0.12361070913575217
full,bruta,z_bruto,1,price_ipp,47,0.13478506749277522
full,bruta,z_bruto,1,price_ipp,48,0.14429516707520967
full,residual,z_bs_purif,2,price_ipca,0,-0.050460418623464655
full,residual,z_bs_purif,2,price_ipca,1,-0.004223917914471737
full,residual,z_bs_purif,2,price_ipca,2,0.027797310941715864
full,residual,z_bs_purif,2,price_ipca,3,0.07359758930360001
full,residual,z_bs_purif,2,price_ipca,4,0.0943020274247815
full,residual,z_bs_purif,2,price_ipca,5,0.12454639928257244
full,residual,z_bs_purif,2,price_ipca,6,0.11036206695666836
full,residual,z_bs_purif,2,price_ipca,7,0.09761545541862215
full,residual,z_bs_purif,2,price_ipca,8,0.09016321715832586
full,residual,z_bs_purif,2,price_ipca,9,0.06430025065119625
full,residual,z_bs_purif,2,price_ipca,10,0.03771824699679892
full,residual,z_bs_purif,2,price_ipca,11,0.014707168154389856
full,residual,z_bs_purif,2,price_ipca,12,-0.014278077911654792
full,residual,z_bs_purif,2,price_ipca,13,-0.043392802881614394
full,residual,z_bs_purif,2,price_ipca,14,-0.0695135149522022
full,residual,z_bs_purif,2,price_ipca,15,-0.09578901730353473
full,residual,z_bs_purif,2,price_ipca,16,-0.12070983256983993
full,residual,z_bs_purif,2,price_ipca,17,-0.1431186235220498
full,residual,z_bs_purif,2,price_ipca,18,-0.16388294065403033
full,residual,z_bs_purif,2,price_ipca,19,-0.1827886480707307
full,residual,z_bs_purif,2,price_ipca,20,-0.19953146466955
full,residual,z_bs_purif,2,price_ipca,21,-0.2143198321447824
full,residual,z_bs_purif,2,price_ipca,22,-0.22719954842111262
full,residual,z_bs_purif,2,price_ipca,23,-0.23814781620995112
full,residual,z_bs_purif,2,price_ipca,24,-0.24723940295862018
full,residual,z_bs_purif,2,price_ipca,25,-0.25455229079153324
full,residual,z_bs_purif,2,price_ipca,26,-0.26014396381973937
full,residual,z_bs_purif,2,price_ipca,27,-0.2640774407127171
full,residual,z_bs_purif,2,price_ipca,28,-0.26643303490773357
full,residual,z_bs_purif,2,price_ipca,29,-0.2672914143585238
full,residual,z_bs_purif,2,price_ipca,30,-0.26672913031308576
full,residual,z_bs_purif,2,price_ipca,31,-0.26483394901526586
full,residual,z_bs_purif,2,price_ipca,32,-0.26169875637295437
full,residual,z_bs_purif,2,price_ipca,33,-0.2574150127692683
full,residual,z_bs_purif,2,price_ipca,34,-0.2520794328956927
full,residual,z_bs_purif,2,price_ipca,35,-0.24579226448963457
full,residual,z_bs_purif,2,price_ipca,36,-0.23865320123990297
full,residual,z_bs_purif,2,price_ipca,37,-0.23076300540304168
full,residual,z_bs_purif,2,price_ipca,38,-0.22222282838126653
full,residual,z_bs_purif,2,price_ipca,39,-0.21313206669810708
full,residual,z_bs_purif,2,price_ipca,40,-0.2035881960346269
full,residual,z_bs_purif,2,price_ipca,41,-0.19368625740141882
full,residual,z_bs_purif,2,price_ipca,42,-0.18351777835496766
full,residual,z_bs_purif,2,price_ipca,43,-0.17317028938301285
full,residual,z_bs_purif,2,price_ipca,44,-0.16272692643921835
full,residual,z_bs_purif,2,price_ipca,45,-0.15226590810869475
full,residual,z_bs_purif,2,price_ipca,46,-0.14186019274542203
full,residual,z_bs_purif,2,price_ipca,47,-0.13157725249002603
full,residual,z_bs_purif,2,price_ipca,48,-0.12147886977888384
full,residual,z_bs_purif,2,price_ipca_difusao,0,0.4622497409422072
full,residual,z_bs_purif,2,price_ipca_difusao,1,0.6323170609500182
full,residual,z_bs_purif,2,price_ipca_difusao,2,0.6337311409173372
full,residual,z_bs_purif,2,price_ipca_difusao,3,1.1143824462777576
full,residual,z_bs_purif,2,price_ipca_difusao,4,1.2303554237435312
full,residual,z_bs_purif,2,price_ipca_difusao,5,1.3398775571486172
full,residual,z_bs_purif,2,price_ipca_difusao,6,1.32519939613926
full,residual,z_bs_purif,2,price_ipca_difusao,7,1.2579343258800455
full,residual,z_bs_purif,2,price_ipca_difusao,8,1.193278501916924
full,residual,z_bs_purif,2,price_ipca_difusao,9,1.0468585107992951
full,residual,z_bs_purif,2,price_ipca_difusao,10,0.8820523519180611
full,residual,z_bs_purif,2,price_ipca_difusao,11,0.7273532143416533
full,residual,z_bs_purif,2,price_ipca_difusao,12,0.53813357741196155
full,residual,z_bs_purif,2,price_ipca_difusao,13,0.34185326586237824
full,residual,z_bs_purif,2,price_ipca_difusao,14,0.15686575645385253
full,residual,z_bs_purif,2,price_ipca_difusao,15,-0.033578610319982855
full,residual,z_bs_purif,2,price_ipca_difusao,16,-0.2208037680357181
full,residual,z_bs_purif,2,price_ipca_difusao,17,-0.39751660461542615
full,residual,z_bs_purif,2,price_ipca_difusao,18,-0.568468345551353
full,residual,z_bs_purif,2,price_ipca_difusao,19,-0.7314463850579128
full,residual,z_bs_purif,2,price_ipca_difusao,20,-0.8839752961618806
full,residual,z_bs_purif,2,price_ipca_difusao,21,-1.02691935067474
full,residual,z_bs_purif,2,price_ipca_difusao,22,-1.1596462399899685
full,residual,z_bs_purif,2,price_ipca_difusao,23,-1.281334430254701
full,residual,z_bs_purif,2,price_ipca_difusao,24,-1.3919839892234784
full,residual,z_bs_purif,2,price_ipca_difusao,25,-1.4913923345663274
full,residual,z_bs_purif,2,price_ipca_difusao,26,-1.5793404148659702
full,residual,z_bs_purif,2,price_ipca_difusao,27,-1.6558013121641026
full,residual,z_bs_purif,2,price_ipca_difusao,28,-1.7208092367066916
full,residual,z_bs_purif,2,price_ipca_difusao,29,-1.7744591150508777
full,residual,z_bs_purif,2,price_ipca_difusao,30,-1.816917101112349
full,residual,z_bs_purif,2,price_ipca_difusao,31,-1.8484411260614717
full,residual,z_bs_purif,2,price_ipca_difusao,32,-1.8693648641290392
full,residual,z_bs_purif,2,price_ipca_difusao,33,-1.8800737975001895
full,residual,z_bs_purif,2,price_ipca_difusao,34,-1.881023822151274
full,residual,z_bs_purif,2,price_ipca_difusao,35,-1.8727308680101091
full,residual,z_bs_purif,2,price_ipca_difusao,36,-1.8557495133533801
full,residual,z_bs_purif,2,price_ipca_difusao,37,-1.8306761416073023
full,residual,z_bs_purif,2,price_ipca_difusao,38,-1.7981415319745295
full,residual,z_bs_purif,2,price_ipca_difusao,39,-1.7587965851368514
full,residual,z_bs_purif,2,price_ipca_difusao,40,-1.7133081613203263
full,residual,z_bs_purif,2,price_ipca_difusao,41,-1.6623527467865975
full,residual,z_bs_purif,2,price_ipca_difusao,42,-1.606607370402884
full,residual,z_bs_purif,2,price_ipca_difusao,43,-1.5467441044832826
full,residual,z_bs_purif,2,price_ipca_difusao,44,-1.4834248193661135
full,residual,z_bs_purif,2,price_ipca_difusao,45,-1.417295363450902
full,residual,z_bs_purif,2,price_ipca_difusao,46,-1.3489810682702408
full,residual,z_bs_purif,2,price_ipca_difusao,47,-1.279082899735099
full,residual,z_bs_purif,2,price_ipca_difusao,48,-1.2081738403996916
full,residual,z_bs_purif,2,price_core_ipca_ex0,0,0.04108282628538916
full,residual,z_bs_purif,2,price_core_ipca_ex0,1,0.035818420176142146
full,residual,z_bs_purif,2,price_core_ipca_ex0,2,0.059340929841445435
full,residual,z_bs_purif,2,price_core_ipca_ex0,3,0.07213634101518396
full,residual,z_bs_purif,2,price_core_ipca_ex0,4,0.07515851909217039
full,residual,z_bs_purif,2,price_core_ipca_ex0,5,0.08833498777130963
full,residual,z_bs_purif,2,price_core_ipca_ex0,6,0.0900653829972166
full,residual,z_bs_purif,2,price_core_ipca_ex0,7,0.08716447983315445
full,residual,z_bs_purif,2,price_core_ipca_ex0,8,0.08786623984263267
full,residual,z_bs_purif,2,price_core_ipca_ex0,9,0.08342601382135731
full,residual,z_bs_purif,2,price_core_ipca_ex0,10,0.0756033739356541
full,residual,z_bs_purif,2,price_core_ipca_ex0,11,0.06873249045016104
full,residual,z_bs_purif,2,price_core_ipca_ex0,12,0.05976250473659333
full,residual,z_bs_purif,2,price_core_ipca_ex0,13,0.049347606494290645
full,residual,z_bs_purif,2,price_core_ipca_ex0,14,0.039042793721090624
full,residual,z_bs_purif,2,price_core_ipca_ex0,15,0.02815235181091777
full,residual,z_bs_purif,2,price_core_ipca_ex0,16,0.01688903811537898
full,residual,z_bs_purif,2,price_core_ipca_ex0,17,0.005724752162600653
full,residual,z_bs_purif,2,price_core_ipca_ex0,18,-0.005408451068533743
full,residual,z_bs_purif,2,price_core_ipca_ex0,19,-0.016410895457641295
full,residual,z_bs_purif,2,price_core_ipca_ex0,20,-0.027122287335373144
full,residual,z_bs_purif,2,price_core_ipca_ex0,21,-0.03749493685069428
full,residual,z_bs_purif,2,price_core_ipca_ex0,22,-0.047459363100556456
full,residual,z_bs_purif,2,price_core_ipca_ex0,23,-0.05694529183653714
full,residual,z_bs_purif,2,price_core_ipca_ex0,24,-0.06590065035105576
full,residual,z_bs_purif,2,price_core_ipca_ex0,25,-0.07427763056826832
full,residual,z_bs_purif,2,price_core_ipca_ex0,26,-0.08203841802606329
full,residual,z_bs_purif,2,price_core_ipca_ex0,27,-0.08914832870823429
full,residual,z_bs_purif,2,price_core_ipca_ex0,28,-0.09558042160341014
full,residual,z_bs_purif,2,price_core_ipca_ex0,29,-0.1013177301586129
full,residual,z_bs_purif,2,price_core_ipca_ex0,30,-0.10634696166079627
full,residual,z_bs_purif,2,price_core_ipca_ex0,31,-0.11066186047864417
full,residual,z_bs_purif,2,price_core_ipca_ex0,32,-0.11426431646257636
full,residual,z_bs_purif,2,price_core_ipca_ex0,33,-0.1171609616695919
full,residual,z_bs_purif,2,price_core_ipca_ex0,34,-0.11936412971765094
full,residual,z_bs_purif,2,price_core_ipca_ex0,35,-0.12089217219284003
full,residual,z_bs_purif,2,price_core_ipca_ex0,36,-0.12176779555487846
full,residual,z_bs_purif,2,price_core_ipca_ex0,37,-0.12201789725060254
full,residual,z_bs_purif,2,price_core_ipca_ex0,38,-0.12167336547454646
full,residual,z_bs_purif,2,price_core_ipca_ex0,39,-0.1207681783383872
full,residual,z_bs_purif,2,price_core_ipca_ex0,40,-0.11933892167083425
full,residual,z_bs_purif,2,price_core_ipca_ex0,41,-0.11742437790043683
full,residual,z_bs_purif,2,price_core_ipca_ex0,42,-0.11506493056566042
full,residual,z_bs_purif,2,price_core_ipca_ex0,43,-0.11230207663167584
full,residual,z_bs_purif,2,price_core_ipca_ex0,44,-0.10917799882484096
full,residual,z_bs_purif,2,price_core_ipca_ex0,45,-0.10573512219056909
full,residual,z_bs_purif,2,price_core_ipca_ex0,46,-0.10201571175934085
full,residual,z_bs_purif,2,price_core_ipca_ex0,47,-0.09806151396210176
full,residual,z_bs_purif,2,price_core_ipca_ex0,48,-0.09391342578632919
full,residual,z_bs_purif,2,price_core_ipca_ex1,0,-0.013144786387383036
full,residual,z_bs_purif,2,price_core_ipca_ex1,1,0.0028419035812217754
full,residual,z_bs_purif,2,price_core_ipca_ex1,2,0.009155125823812706
full,residual,z_bs_purif,2,price_core_ipca_ex1,3,0.04124397855954175
full,residual,z_bs_purif,2,price_core_ipca_ex1,4,0.05164784491154887
full,residual,z_bs_purif,2,price_core_ipca_ex1,5,0.06584186984195468
full,residual,z_bs_purif,2,price_core_ipca_ex1,6,0.060874634234364074
full,residual,z_bs_purif,2,price_core_ipca_ex1,7,0.054921172552705226
full,residual,z_bs_purif,2,price_core_ipca_ex1,8,0.05140395107034135
full,residual,z_bs_purif,2,price_core_ipca_ex1,9,0.03888596053093701
full,residual,z_bs_purif,2,price_core_ipca_ex1,10,0.02565917823863652
full,residual,z_bs_purif,2,price_core_ipca_ex1,11,0.014286625328080673
full,residual,z_bs_purif,2,price_core_ipca_ex1,12,-2.6449364806534464e-4
full,residual,z_bs_purif,2,price_core_ipca_ex1,13,-0.015016207727359664
full,residual,z_bs_purif,2,price_core_ipca_ex1,14,-0.028211624048620366
full,residual,z_bs_purif,2,price_core_ipca_ex1,15,-0.04159143763839695
full,residual,z_bs_purif,2,price_core_ipca_ex1,16,-0.0543489407502469
full,residual,z_bs_purif,2,price_core_ipca_ex1,17,-0.0658342041170125
full,residual,z_bs_purif,2,price_core_ipca_ex1,18,-0.07654732673942878
full,residual,z_bs_purif,2,price_core_ipca_ex1,19,-0.08635742400205705
full,residual,z_bs_purif,2,price_core_ipca_ex1,20,-0.0950890090820269
full,residual,z_bs_purif,2,price_core_ipca_ex1,21,-0.10286674116567991
full,residual,z_bs_purif,2,price_core_ipca_ex1,22,-0.10970197909308003
full,residual,z_bs_purif,2,price_core_ipca_ex1,23,-0.11557407606635338
full,residual,z_bs_purif,2,price_core_ipca_ex1,24,-0.12052492451701628
full,residual,z_bs_purif,2,price_core_ipca_ex1,25,-0.12458772823376046
full,residual,z_bs_purif,2,price_core_ipca_ex1,26,-0.1277862200567081
full,residual,z_bs_purif,2,price_core_ipca_ex1,27,-0.13015116083286896
full,residual,z_bs_purif,2,price_core_ipca_ex1,28,-0.13171927170162784
full,residual,z_bs_purif,2,price_core_ipca_ex1,29,-0.13252764087808847
full,residual,z_bs_purif,2,price_core_ipca_ex1,30,-0.13261258404935045
full,residual,z_bs_purif,2,price_core_ipca_ex1,31,-0.13201570098800705
full,residual,z_bs_purif,2,price_core_ipca_ex1,32,-0.13078136541376584
full,residual,z_bs_purif,2,price_core_ipca_ex1,33,-0.12895368791323236
full,residual,z_bs_purif,2,price_core_ipca_ex1,34,-0.12657962823822902
full,residual,z_bs_purif,2,price_core_ipca_ex1,35,-0.12370818856146773
full,residual,z_bs_purif,2,price_core_ipca_ex1,36,-0.12038835420206256
full,residual,z_bs_purif,2,price_core_ipca_ex1,37,-0.11666991719140424
full,residual,z_bs_purif,2,price_core_ipca_ex1,38,-0.11260312618107957
full,residual,z_bs_purif,2,price_core_ipca_ex1,39,-0.10823756333597677
full,residual,z_bs_purif,2,price_core_ipca_ex1,40,-0.10362207424824604
full,residual,z_bs_purif,2,price_core_ipca_ex1,41,-0.09880449545231974
full,residual,z_bs_purif,2,price_core_ipca_ex1,42,-0.09383107612853159
full,residual,z_bs_purif,2,price_core_ipca_ex1,43,-0.08874623066101328
full,residual,z_bs_purif,2,price_core_ipca_ex1,44,-0.08359232347473204
full,residual,z_bs_purif,2,price_core_ipca_ex1,45,-0.07840938100105228
full,residual,z_bs_purif,2,price_core_ipca_ex1,46,-0.07323490658857651
full,residual,z_bs_purif,2,price_core_ipca_ex1,47,-0.0681037513601567
full,residual,z_bs_purif,2,price_core_ipca_ex1,48,-0.06304799297137083
full,residual,z_bs_purif,2,price_core_ipca_dw,0,0.011332254982424263
full,residual,z_bs_purif,2,price_core_ipca_dw,1,0.03159733189041824
full,residual,z_bs_purif,2,price_core_ipca_dw,2,0.046095227345152374
full,residual,z_bs_purif,2,price_core_ipca_dw,3,0.06353182091740539
full,residual,z_bs_purif,2,price_core_ipca_dw,4,0.07045143789868796
full,residual,z_bs_purif,2,price_core_ipca_dw,5,0.07912331495178225
full,residual,z_bs_purif,2,price_core_ipca_dw,6,0.0736373633803864
full,residual,z_bs_purif,2,price_core_ipca_dw,7,0.06745844993909984
full,residual,z_bs_purif,2,price_core_ipca_dw,8,0.062345816624606656
full,residual,z_bs_purif,2,price_core_ipca_dw,9,0.05111407675293522
full,residual,z_bs_purif,2,price_core_ipca_dw,10,0.03917097847903804
full,residual,z_bs_purif,2,price_core_ipca_dw,11,0.0281654610844376
full,residual,z_bs_purif,2,price_core_ipca_dw,12,0.015159851092222915
full,residual,z_bs_purif,2,price_core_ipca_dw,13,0.0019795134227789
full,residual,z_bs_purif,2,price_core_ipca_dw,14,-0.01030036273244382
full,residual,z_bs_purif,2,price_core_ipca_dw,15,-0.022638029586215216
full,residual,z_bs_purif,2,price_core_ipca_dw,16,-0.03453734402943578
full,residual,z_bs_purif,2,price_core_ipca_dw,17,-0.04559642743571841
full,residual,z_bs_purif,2,price_core_ipca_dw,18,-0.056061305423007884
full,residual,z_bs_purif,2,price_core_ipca_dw,19,-0.06583776450134265
full,residual,z_bs_purif,2,price_core_ipca_dw,20,-0.07480526862140631
full,residual,z_bs_purif,2,price_core_ipca_dw,21,-0.0830087490007757
full,residual,z_bs_purif,2,price_core_ipca_dw,22,-0.0904400250494035
full,residual,z_bs_purif,2,price_core_ipca_dw,23,-0.09707289327480938
full,residual,z_bs_purif,2,price_core_ipca_dw,24,-0.10291518143793309
full,residual,z_bs_purif,2,price_core_ipca_dw,25,-0.10797604385746673
full,residual,z_bs_purif,2,price_core_ipca_dw,26,-0.11226134065386136
full,residual,z_bs_purif,2,price_core_ipca_dw,27,-0.11578183563667302
full,residual,z_bs_purif,2,price_core_ipca_dw,28,-0.11855566774016053
full,residual,z_bs_purif,2,price_core_ipca_dw,29,-0.12060385875421153
full,residual,z_bs_purif,2,price_core_ipca_dw,30,-0.12194887770182948
full,residual,z_bs_purif,2,price_core_ipca_dw,31,-0.12261895255862476
full,residual,z_bs_purif,2,price_core_ipca_dw,32,-0.12264622949111884
full,residual,z_bs_purif,2,price_core_ipca_dw,33,-0.12206456556474297
full,residual,z_bs_purif,2,price_core_ipca_dw,34,-0.12091133587057737
full,residual,z_bs_purif,2,price_core_ipca_dw,35,-0.11922674257564678
full,residual,z_bs_purif,2,price_core_ipca_dw,36,-0.11705232780286615
full,residual,z_bs_purif,2,price_core_ipca_dw,37,-0.11443125309478214
full,residual,z_bs_purif,2,price_core_ipca_dw,38,-0.11140789064118517
full,residual,z_bs_purif,2,price_core_ipca_dw,39,-0.10802695029489662
full,residual,z_bs_purif,2,price_core_ipca_dw,40,-0.10433323210709869
full,residual,z_bs_purif,2,price_core_ipca_dw,41,-0.10037128339138245
full,residual,z_bs_purif,2,price_core_ipca_dw,42,-0.0961848874240903
full,residual,z_bs_purif,2,price_core_ipca_dw,43,-0.09181675084368912
full,residual,z_bs_purif,2,price_core_ipca_dw,44,-0.0873082292050612
full,residual,z_bs_purif,2,price_core_ipca_dw,45,-0.08269902504968484
full,residual,z_bs_purif,2,price_core_ipca_dw,46,-0.07802695546300153
full,residual,z_bs_purif,2,price_core_ipca_dw,47,-0.07332776768148482
full,residual,z_bs_purif,2,price_core_ipca_dw,48,-0.06863497373167793
full,residual,z_bs_purif,2,price_inpc,0,-0.07259479079717615
full,residual,z_bs_purif,2,price_inpc,1,-0.0136347958876025
full,residual,z_bs_purif,2,price_inpc,2,0.00373980702196878
full,residual,z_bs_purif,2,price_inpc,3,0.05602072500077036
full,residual,z_bs_purif,2,price_inpc,4,0.07876524083409073
full,residual,z_bs_purif,2,price_inpc,5,0.10420890165631817
full,residual,z_bs_purif,2,price_inpc,6,0.08535451395355347
full,residual,z_bs_purif,2,price_inpc,7,0.07046311053275046
full,residual,z_bs_purif,2,price_inpc,8,0.05903487964314616
full,residual,z_bs_purif,2,price_inpc,9,0.028921027537247974
full,residual,z_bs_purif,2,price_inpc,10,1.389319633330747e-4
full,residual,z_bs_purif,2,price_inpc,11,-0.024896018531804304
full,residual,z_bs_purif,2,price_inpc,12,-0.05573116852244994
full,residual,z_bs_purif,2,price_inpc,13,-0.08567545176252052
full,residual,z_bs_purif,2,price_inpc,14,-0.11190342436752493
full,residual,z_bs_purif,2,price_inpc,15,-0.13783708439686831
full,residual,z_bs_purif,2,price_inpc,16,-0.16176159892389663
full,residual,z_bs_purif,2,price_inpc,17,-0.18256319443213098
full,residual,z_bs_purif,2,price_inpc,18,-0.201286597450491
full,residual,z_bs_purif,2,price_inpc,19,-0.21773046276143956
full,residual,z_bs_purif,2,price_inpc,20,-0.2316283849635118
full,residual,z_bs_purif,2,price_inpc,21,-0.24328303316770078
full,residual,z_bs_purif,2,price_inpc,22,-0.252795629630971
full,residual,z_bs_purif,2,price_inpc,23,-0.26018641970043677
full,residual,z_bs_purif,2,price_inpc,24,-0.2655900726321467
full,residual,z_bs_purif,2,price_inpc,25,-0.2691357847275277
full,residual,z_bs_purif,2,price_inpc,26,-0.270921414773776
full,residual,z_bs_purif,2,price_inpc,27,-0.2710524748926361
full,residual,z_bs_purif,2,price_inpc,28,-0.2696486251233974
full,residual,z_bs_purif,2,price_inpc,29,-0.266823220699102
full,residual,z_bs_purif,2,price_inpc,30,-0.2626831908513115
full,residual,z_bs_purif,2,price_inpc,31,-0.2573441912854765
full,residual,z_bs_purif,2,price_inpc,32,-0.25092263991725167
full,residual,z_bs_purif,2,price_inpc,33,-0.24353032877711667
full,residual,z_bs_purif,2,price_inpc,34,-0.23528165349745023
full,residual,z_bs_purif,2,price_inpc,35,-0.2262912482015427
full,residual,z_bs_purif,2,price_inpc,36,-0.21667014109238453
full,residual,z_bs_purif,2,price_inpc,37,-0.20652779152693257
full,residual,z_bs_purif,2,price_inpc,38,-0.19597134013045003
full,residual,z_bs_purif,2,price_inpc,39,-0.18510356326118055
full,residual,z_bs_purif,2,price_inpc,40,-0.17402297686664298
full,residual,z_bs_purif,2,price_inpc,41,-0.16282345420790012
full,residual,z_bs_purif,2,price_inpc,42,-0.15159328069309105
full,residual,z_bs_purif,2,price_inpc,43,-0.1404148812898573
full,residual,z_bs_purif,2,price_inpc,44,-0.1293646085635262
full,residual,z_bs_purif,2,price_inpc,45,-0.11851238863794768
full,residual,z_bs_purif,2,price_inpc,46,-0.10792156951109062
full,residual,z_bs_purif,2,price_inpc,47,-0.09764888318500135
full,residual,z_bs_purif,2,price_inpc,48,-0.08774441741165744
full,residual,z_bs_purif,2,price_igp_m,0,0.09607113764311455
full,residual,z_bs_purif,2,price_igp_m,1,0.24535157174265806
full,residual,z_bs_purif,2,price_igp_m,2,0.2437347952281672
full,residual,z_bs_purif,2,price_igp_m,3,0.27581833237326325
full,residual,z_bs_purif,2,price_igp_m,4,0.2882174777569076
full,residual,z_bs_purif,2,price_igp_m,5,0.25739126782242494
full,residual,z_bs_purif,2,price_igp_m,6,0.20346919602718214
full,residual,z_bs_purif,2,price_igp_m,7,0.16015726789262064
full,residual,z_bs_purif,2,price_igp_m,8,0.10491850916044783
full,residual,z_bs_purif,2,price_igp_m,9,0.04062746379969083
full,residual,z_bs_purif,2,price_igp_m,10,-0.01574659030086411
full,residual,z_bs_purif,2,price_igp_m,11,-0.07078496670934699
full,residual,z_bs_purif,2,price_igp_m,12,-0.12565434416451018
full,residual,z_bs_purif,2,price_igp_m,13,-0.17501507280431272
full,residual,z_bs_purif,2,price_igp_m,14,-0.21925145184482855
full,residual,z_bs_purif,2,price_igp_m,15,-0.2597410559463606
full,residual,z_bs_purif,2,price_igp_m,16,-0.2952160985988394
full,residual,z_bs_purif,2,price_igp_m,17,-0.3255880073859819
full,residual,z_bs_purif,2,price_igp_m,18,-0.351581239671286
full,residual,z_bs_purif,2,price_igp_m,19,-0.37317603658171566
full,residual,z_bs_purif,2,price_igp_m,20,-0.39045938200493846
full,residual,z_bs_purif,2,price_igp_m,21,-0.4038065822472139
full,residual,z_bs_purif,2,price_igp_m,22,-0.4134505727647546
full,residual,z_bs_purif,2,price_igp_m,23,-0.4195651498833544
full,residual,z_bs_purif,2,price_igp_m,24,-0.42240951583971864
full,residual,z_bs_purif,2,price_igp_m,25,-0.42223075007852545
full,residual,z_bs_purif,2,price_igp_m,26,-0.41923586022023013
full,residual,z_bs_purif,2,price_igp_m,27,-0.41365169975632493
full,residual,z_bs_purif,2,price_igp_m,28,-0.4057134025546255
full,residual,z_bs_purif,2,price_igp_m,29,-0.3956403592701351
full,residual,z_bs_purif,2,price_igp_m,30,-0.38365341162478594
full,residual,z_bs_purif,2,price_igp_m,31,-0.36997871674895455
full,residual,z_bs_purif,2,price_igp_m,32,-0.3548357234547101
full,residual,z_bs_purif,2,price_igp_m,33,-0.3384393920022339
full,residual,z_bs_purif,2,price_igp_m,34,-0.32100296392387123
full,residual,z_bs_purif,2,price_igp_m,35,-0.3027329568286632
full,residual,z_bs_purif,2,price_igp_m,36,-0.283827766262089
full,residual,z_bs_purif,2,price_igp_m,37,-0.2644782635332844
full,residual,z_bs_purif,2,price_igp_m,38,-0.2448658223656303
full,residual,z_bs_purif,2,price_igp_m,39,-0.22516091494505475
full,residual,z_bs_purif,2,price_igp_m,40,-0.20552290040097076
full,residual,z_bs_purif,2,price_igp_m,41,-0.18609929009669773
full,residual,z_bs_purif,2,price_igp_m,42,-0.16702504707825416
full,residual,z_bs_purif,2,price_igp_m,43,-0.14842241947674747
full,residual,z_bs_purif,2,price_igp_m,44,-0.13040081737637038
full,residual,z_bs_purif,2,price_igp_m,45,-0.11305671859300179
full,residual,z_bs_purif,2,price_igp_m,46,-0.09647380127479903
full,residual,z_bs_purif,2,price_igp_m,47,-0.08072319847195912
full,residual,z_bs_purif,2,price_igp_m,48,-0.06586380667499364
full,residual,z_bs_purif,2,price_ipp,0,0.38028513046837137
full,residual,z_bs_purif,2,price_ipp,1,0.6165687736864546
full,residual,z_bs_purif,2,price_ipp,2,0.36622371379577645
full,residual,z_bs_purif,2,price_ipp,3,0.48648024346507585
full,residual,z_bs_purif,2,price_ipp,4,0.4888409314543747
full,residual,z_bs_purif,2,price_ipp,5,0.3213951686320359
full,residual,z_bs_purif,2,price_ipp,6,0.24840625012710124
full,residual,z_bs_purif,2,price_ipp,7,0.1852493888496604
full,residual,z_bs_purif,2,price_ipp,8,0.06595068231768667
full,residual,z_bs_purif,2,price_ipp,9,-0.028915392755373134
full,residual,z_bs_purif,2,price_ipp,10,-0.0987728785370865
full,residual,z_bs_purif,2,price_ipp,11,-0.17603576498301826
full,residual,z_bs_purif,2,price_ipp,12,-0.24166122104696733
full,residual,z_bs_purif,2,price_ipp,13,-0.292490914035303
full,residual,z_bs_purif,2,price_ipp,14,-0.33694016618556744
full,residual,z_bs_purif,2,price_ipp,15,-0.3734641642102103
full,residual,z_bs_purif,2,price_ipp,16,-0.40083391792427736
full,residual,z_bs_purif,2,price_ipp,17,-0.42098004450911775
full,residual,z_bs_purif,2,price_ipp,18,-0.4349214216539843
full,residual,z_bs_purif,2,price_ipp,19,-0.4426475778286805
full,residual,z_bs_purif,2,price_ipp,20,-0.4448010200820049
full,residual,z_bs_purif,2,price_ipp,21,-0.4422410344111685
full,residual,z_bs_purif,2,price_ipp,22,-0.4353206355800047
full,residual,z_bs_purif,2,price_ipp,23,-0.424399095407026
full,residual,z_bs_purif,2,price_ipp,24,-0.4100576993986
full,residual,z_bs_purif,2,price_ipp,25,-0.39269149830684363
full,residual,z_bs_purif,2,price_ipp,26,-0.37262008439967936
full,residual,z_bs_purif,2,price_ipp,27,-0.35027321402324907
full,residual,z_bs_purif,2,price_ipp,28,-0.3260253955716164
full,residual,z_bs_purif,2,price_ipp,29,-0.3001967020909267
full,residual,z_bs_purif,2,price_ipp,30,-0.273139923480628
full,residual,z_bs_purif,2,price_ipp,31,-0.24519066645467838
full,residual,z_bs_purif,2,price_ipp,32,-0.21665039263034844
full,residual,z_bs_purif,2,price_ipp,33,-0.1878166393137915
full,residual,z_bs_purif,2,price_ipp,34,-0.15897216312278883
full,residual,z_bs_purif,2,price_ipp,35,-0.13037397468236558
full,residual,z_bs_purif,2,price_ipp,36,-0.10226089676111394
full,residual,z_bs_purif,2,price_ipp,37,-0.07485244260465705
full,residual,z_bs_purif,2,price_ipp,38,-0.048344528269776886
full,residual,z_bs_purif,2,price_ipp,39,-0.02291073444805552
full,residual,z_bs_purif,2,price_ipp,40,0.0012970128386607053
full,residual,z_bs_purif,2,price_ipp,41,0.02414924466320836
full,residual,z_bs_purif,2,price_ipp,42,0.04553848221545396
full,residual,z_bs_purif,2,price_ipp,43,0.06537821168468817
full,residual,z_bs_purif,2,price_ipp,44,0.08360224809646581
full,residual,z_bs_purif,2,price_ipp,45,0.1001639058566694
full,residual,z_bs_purif,2,price_ipp,46,0.11503479579680619
full,residual,z_bs_purif,2,price_ipp,47,0.12820365439719136
full,residual,z_bs_purif,2,price_ipp,48,0.1396751804155357
full,residual+jk,z_jk_bs_purif,3,price_ipca,0,-0.054901182255874315
full,residual+jk,z_jk_bs_purif,3,price_ipca,1,0.020166941074051047
full,residual+jk,z_jk_bs_purif,3,price_ipca,2,0.03327940252805015
full,residual+jk,z_jk_bs_purif,3,price_ipca,3,0.08266179770102972
full,residual+jk,z_jk_bs_purif,3,price_ipca,4,0.10886671365799877
full,residual+jk,z_jk_bs_purif,3,price_ipca,5,0.13054835631600661
full,residual+jk,z_jk_bs_purif,3,price_ipca,6,0.12121481909426718
full,residual+jk,z_jk_bs_purif,3,price_ipca,7,0.11478956900795305
full,residual+jk,z_jk_bs_purif,3,price_ipca,8,0.10861880364067111
full,residual+jk,z_jk_bs_purif,3,price_ipca,9,0.08814691487068815
full,residual+jk,z_jk_bs_purif,3,price_ipca,10,0.0669265433008773
full,residual+jk,z_jk_bs_purif,3,price_ipca,11,0.04776345536715213
full,residual+jk,z_jk_bs_purif,3,price_ipca,12,0.023518356779786084
full,residual+jk,z_jk_bs_purif,3,price_ipca,13,-7.032375510385938e-4
full,residual+jk,z_jk_bs_purif,3,price_ipca,14,-0.022422941532978326
full,residual+jk,z_jk_bs_purif,3,price_ipca,15,-0.04424946683093115
full,residual+jk,z_jk_bs_purif,3,price_ipca,16,-0.06477632953182164
full,residual+jk,z_jk_bs_purif,3,price_ipca,17,-0.08301075358731336
full,residual+jk,z_jk_bs_purif,3,price_ipca,18,-0.09974875828424158
full,residual+jk,z_jk_bs_purif,3,price_ipca,19,-0.11478523396681618
full,residual+jk,z_jk_bs_purif,3,price_ipca,20,-0.12784373982074013
full,residual+jk,z_jk_bs_purif,3,price_ipca,21,-0.13916583512205744
full,residual+jk,z_jk_bs_purif,3,price_ipca,22,-0.14881570614555728
full,residual+jk,z_jk_bs_purif,3,price_ipca,23,-0.15678440059001145
full,residual+jk,z_jk_bs_purif,3,price_ipca,24,-0.16318088445529177
full,residual+jk,z_jk_bs_purif,3,price_ipca,25,-0.16810246073378063
full,residual+jk,z_jk_bs_purif,3,price_ipca,26,-0.171616356982457
full,residual+jk,z_jk_bs_purif,3,price_ipca,27,-0.17380341003169814
full,residual+jk,z_jk_bs_purif,3,price_ipca,28,-0.17475368266947036
full,residual+jk,z_jk_bs_purif,3,price_ipca,29,-0.17454989696156986
full,residual+jk,z_jk_bs_purif,3,price_ipca,30,-0.1732712979098339
full,residual+jk,z_jk_bs_purif,3,price_ipca,31,-0.1710035818138436
full,residual+jk,z_jk_bs_purif,3,price_ipca,32,-0.1678324973044262
full,residual+jk,z_jk_bs_purif,3,price_ipca,33,-0.16384064690075711
full,residual+jk,z_jk_bs_purif,3,price_ipca,34,-0.15911294117254998
full,residual+jk,z_jk_bs_purif,3,price_ipca,35,-0.15373481792116178
full,residual+jk,z_jk_bs_purif,3,price_ipca,36,-0.14778945086334436
full,residual+jk,z_jk_bs_purif,3,price_ipca,37,-0.14135938838963766
full,residual+jk,z_jk_bs_purif,3,price_ipca,38,-0.13452601375104054
full,residual+jk,z_jk_bs_purif,3,price_ipca,39,-0.12736795299086026
full,residual+jk,z_jk_bs_purif,3,price_ipca,40,-0.11996116819945991
full,residual+jk,z_jk_bs_purif,3,price_ipca,41,-0.11237865056757673
full,residual+jk,z_jk_bs_purif,3,price_ipca,42,-0.10468963268685072
full,residual+jk,z_jk_bs_purif,3,price_ipca,43,-0.09695934432142825
full,residual+jk,z_jk_bs_purif,3,price_ipca,44,-0.089248807880226
full,residual+jk,z_jk_bs_purif,3,price_ipca,45,-0.08161450219846661
full,residual+jk,z_jk_bs_purif,3,price_ipca,46,-0.07410819520268895
full,residual+jk,z_jk_bs_purif,3,price_ipca,47,-0.06677686598238865
full,residual+jk,z_jk_bs_purif,3,price_ipca,48,-0.059662627524211684
full,residual+jk,z_jk_bs_purif,3,price_ipca_difusao,0,0.2638263433296714
full,residual+jk,z_jk_bs_purif,3,price_ipca_difusao,1,0.6613507906236056
full,residual+jk,z_jk_bs_purif,3,price_ipca_difusao,2,0.6387302761369338
full,residual+jk,z_jk_bs_purif,3,price_ipca_difusao,3,1.139591282777041
full,residual+jk,z_jk_bs_purif,3,price_ipca_difusao,4,1.3167804081146768
full,residual+jk,z_jk_bs_purif,3,price_ipca_difusao,5,1.4074558925821643
full,residual+jk,z_jk_bs_purif,3,price_ipca_difusao,6,1.4196052301319682
full,residual+jk,z_jk_bs_purif,3,price_ipca_difusao,7,1.388729571140073
full,residual+jk,z_jk_bs_purif,3,price_ipca_difusao,8,1.3304412552716423
full,residual+jk,z_jk_bs_purif,3,price_ipca_difusao,9,1.2104656799716198
full,residual+jk,z_jk_bs_purif,3,price_ipca_difusao,10,1.0717456957652012
full,residual+jk,z_jk_bs_purif,3,price_ipca_difusao,11,0.9336264437852638
full,residual+jk,z_jk_bs_purif,3,price_ipca_difusao,12,0.7675438046181096
full,residual+jk,z_jk_bs_purif,3,price_ipca_difusao,13,0.5961026452329362
full,residual+jk,z_jk_bs_purif,3,price_ipca_difusao,14,0.43359734053370697
full,residual+jk,z_jk_bs_purif,3,price_ipca_difusao,15,0.26772377175613676
full,residual+jk,z_jk_bs_purif,3,price_ipca_difusao,16,0.10617651677006176
full,residual+jk,z_jk_bs_purif,3,price_ipca_difusao,17,-0.04502603974298184
full,residual+jk,z_jk_bs_purif,3,price_ipca_difusao,18,-0.18979788321407876
full,residual+jk,z_jk_bs_purif,3,price_ipca_difusao,19,-0.32621100095364464
full,residual+jk,z_jk_bs_purif,3,price_ipca_difusao,20,-0.4521810343402091
full,residual+jk,z_jk_bs_purif,3,price_ipca_difusao,21,-0.5687210915039003
full,residual+jk,z_jk_bs_purif,3,price_ipca_difusao,22,-0.6754834451693118
full,residual+jk,z_jk_bs_purif,3,price_ipca_difusao,23,-0.7719035720585313
full,residual+jk,z_jk_bs_purif,3,price_ipca_difusao,24,-0.8582676673307476
full,residual+jk,z_jk_bs_purif,3,price_ipca_difusao,25,-0.9346365708436193
full,residual+jk,z_jk_bs_purif,3,price_ipca_difusao,26,-1.0009978706840104
full,residual+jk,z_jk_bs_purif,3,price_ipca_difusao,27,-1.0575466315430238
full,residual+jk,z_jk_bs_purif,3,price_ipca_difusao,28,-1.1045026737415184
full,residual+jk,z_jk_bs_purif,3,price_ipca_difusao,29,-1.1420977374352754
full,residual+jk,z_jk_bs_purif,3,price_ipca_difusao,30,-1.170624050565365
full,residual+jk,z_jk_bs_purif,3,price_ipca_difusao,31,-1.1904324770019001
full,residual+jk,z_jk_bs_purif,3,price_ipca_difusao,32,-1.2019126411365255
full,residual+jk,z_jk_bs_purif,3,price_ipca_difusao,33,-1.205485707816833
full,residual+jk,z_jk_bs_purif,3,price_ipca_difusao,34,-1.2016166583139511
full,residual+jk,z_jk_bs_purif,3,price_ipca_difusao,35,-1.1908036470926373
full,residual+jk,z_jk_bs_purif,3,price_ipca_difusao,36,-1.1735639410270702
full,residual+jk,z_jk_bs_purif,3,price_ipca_difusao,37,-1.1504369060228765
full,residual+jk,z_jk_bs_purif,3,price_ipca_difusao,38,-1.1219777283864703
full,residual+jk,z_jk_bs_purif,3,price_ipca_difusao,39,-1.0887468004083092
full,residual+jk,z_jk_bs_purif,3,price_ipca_difusao,40,-1.0513071451093288
full,residual+jk,z_jk_bs_purif,3,price_ipca_difusao,41,-1.0102197147066945
full,residual+jk,z_jk_bs_purif,3,price_ipca_difusao,42,-0.966036602729829
full,residual+jk,z_jk_bs_purif,3,price_ipca_difusao,43,-0.9192973541416798
full,residual+jk,z_jk_bs_purif,3,price_ipca_difusao,44,-0.8705253886805505
full,residual+jk,z_jk_bs_purif,3,price_ipca_difusao,45,-0.8202239113733728
full,residual+jk,z_jk_bs_purif,3,price_ipca_difusao,46,-0.7688730166564056
full,residual+jk,z_jk_bs_purif,3,price_ipca_difusao,47,-0.7169273109820824
full,residual+jk,z_jk_bs_purif,3,price_ipca_difusao,48,-0.6648136725100909
full,residual+jk,z_jk_bs_purif,3,price_core_ipca_ex0,0,0.021741666434551356
full,residual+jk,z_jk_bs_purif,3,price_core_ipca_ex0,1,0.03295316776309521
full,residual+jk,z_jk_bs_purif,3,price_core_ipca_ex0,2,0.05337831614280021
full,residual+jk,z_jk_bs_purif,3,price_core_ipca_ex0,3,0.0694079400362339
full,residual+jk,z_jk_bs_purif,3,price_core_ipca_ex0,4,0.079195751572953485
full,residual+jk,z_jk_bs_purif,3,price_core_ipca_ex0,5,0.09222712492587333
full,residual+jk,z_jk_bs_purif,3,price_core_ipca_ex0,6,0.09652986519682262
full,residual+jk,z_jk_bs_purif,3,price_core_ipca_ex0,7,0.09631422645402098
full,residual+jk,z_jk_bs_purif,3,price_core_ipca_ex0,8,0.097660584990154
full,residual+jk,z_jk_bs_purif,3,price_core_ipca_ex0,9,0.0944035455747703
full,residual+jk,z_jk_bs_purif,3,price_core_ipca_ex0,10,0.08799162950001482
full,residual+jk,z_jk_bs_purif,3,price_core_ipca_ex0,11,0.0819741550257796
full,residual+jk,z_jk_bs_purif,3,price_core_ipca_ex0,12,0.07401381637182751
full,residual+jk,z_jk_bs_purif,3,price_core_ipca_ex0,13,0.06474824414668376
full,residual+jk,z_jk_bs_purif,3,price_core_ipca_ex0,14,0.055528050081999715
full,residual+jk,z_jk_bs_purif,3,price_core_ipca_ex0,15,0.04581252274766208
full,residual+jk,z_jk_bs_purif,3,price_core_ipca_ex0,16,0.035804931779464276
full,residual+jk,z_jk_bs_purif,3,price_core_ipca_ex0,17,0.025964428297099662
full,residual+jk,z_jk_bs_purif,3,price_core_ipca_ex0,18,0.016235539738864935
full,residual+jk,z_jk_bs_purif,3,price_core_ipca_ex0,19,0.006702629374438714
full,residual+jk,z_jk_bs_purif,3,price_core_ipca_ex0,20,-0.002474799603767579
full,residual+jk,z_jk_bs_purif,3,price_core_ipca_ex0,21,-0.011264575499433018
full,residual+jk,z_jk_bs_purif,3,price_core_ipca_ex0,22,-0.019618861693031963
full,residual+jk,z_jk_bs_purif,3,price_core_ipca_ex0,23,-0.027479043138900185
full,residual+jk,z_jk_bs_purif,3,price_core_ipca_ex0,24,-0.03481265786648347
full,residual+jk,z_jk_bs_purif,3,price_core_ipca_ex0,25,-0.04159293040324452
full,residual+jk,z_jk_bs_purif,3,price_core_ipca_ex0,26,-0.04779756678591648
full,residual+jk,z_jk_bs_purif,3,price_core_ipca_ex0,27,-0.0534095299406131
full,residual+jk,z_jk_bs_purif,3,price_core_ipca_ex0,28,-0.058418791185007334
full,residual+jk,z_jk_bs_purif,3,price_core_ipca_ex0,29,-0.06282202135290992
full,residual+jk,z_jk_bs_purif,3,price_core_ipca_ex0,30,-0.0666189814061653
full,residual+jk,z_jk_bs_purif,3,price_core_ipca_ex0,31,-0.06981491723349766
full,residual+jk,z_jk_bs_purif,3,price_core_ipca_ex0,32,-0.07242085448566052
full,residual+jk,z_jk_bs_purif,3,price_core_ipca_ex0,33,-0.07445107156189658
full,residual+jk,z_jk_bs_purif,3,price_core_ipca_ex0,34,-0.07592386302286895
full,residual+jk,z_jk_bs_purif,3,price_core_ipca_ex0,35,-0.07686166206222138
full,residual+jk,z_jk_bs_purif,3,price_core_ipca_ex0,36,-0.07728968394921974
full,residual+jk,z_jk_bs_purif,3,price_core_ipca_ex0,37,-0.07723581229294858
full,residual+jk,z_jk_bs_purif,3,price_core_ipca_ex0,38,-0.07673042934155558
full,residual+jk,z_jk_bs_purif,3,price_core_ipca_ex0,39,-0.07580566893959392
full,residual+jk,z_jk_bs_purif,3,price_core_ipca_ex0,40,-0.07449504602714382
full,residual+jk,z_jk_bs_purif,3,price_core_ipca_ex0,41,-0.07283314928487161
full,residual+jk,z_jk_bs_purif,3,price_core_ipca_ex0,42,-0.0708551678572566
full,residual+jk,z_jk_bs_purif,3,price_core_ipca_ex0,43,-0.06859652398767532
full,residual+jk,z_jk_bs_purif,3,price_core_ipca_ex0,44,-0.06609256390777982
full,residual+jk,z_jk_bs_purif,3,price_core_ipca_ex0,45,-0.06337822897444224
full,residual+jk,z_jk_bs_purif,3,price_core_ipca_ex0,46,-0.06048776730467649
full,residual+jk,z_jk_bs_purif,3,price_core_ipca_ex0,47,-0.0574544870297226
full,residual+jk,z_jk_bs_purif,3,price_core_ipca_ex0,48,-0.05431053025711846
full,residual+jk,z_jk_bs_purif,3,price_core_ipca_ex1,0,-0.02596740620953759
full,residual+jk,z_jk_bs_purif,3,price_core_ipca_ex1,1,0.009493806655119069
full,residual+jk,z_jk_bs_purif,3,price_core_ipca_ex1,2,0.00841645884238014
full,residual+jk,z_jk_bs_purif,3,price_core_ipca_ex1,3,0.04248534475344606
full,residual+jk,z_jk_bs_purif,3,price_core_ipca_ex1,4,0.056879239797475056
full,residual+jk,z_jk_bs_purif,3,price_core_ipca_ex1,5,0.06726167221978703
full,residual+jk,z_jk_bs_purif,3,price_core_ipca_ex1,6,0.06478708972962434
full,residual+jk,z_jk_bs_purif,3,price_core_ipca_ex1,7,0.06223861795766882
full,residual+jk,z_jk_bs_purif,3,price_core_ipca_ex1,8,0.059294009339532154
full,residual+jk,z_jk_bs_purif,3,price_core_ipca_ex1,9,0.04952830643924279
full,residual+jk,z_jk_bs_purif,3,price_core_ipca_ex1,10,0.03904409464127009
full,residual+jk,z_jk_bs_purif,3,price_core_ipca_ex1,11,0.029521601371226548
full,residual+jk,z_jk_bs_purif,3,price_core_ipca_ex1,12,0.01735564867061602
full,residual+jk,z_jk_bs_purif,3,price_core_ipca_ex1,13,0.0050803600096095605
full,residual+jk,z_jk_bs_purif,3,price_core_ipca_ex1,14,-0.00593408190214056
full,residual+jk,z_jk_bs_purif,3,price_core_ipca_ex1,15,-0.017077922845674984
full,residual+jk,z_jk_bs_purif,3,price_core_ipca_ex1,16,-0.02761663167446529
full,residual+jk,z_jk_bs_purif,3,price_core_ipca_ex1,17,-0.03700335433509904
full,residual+jk,z_jk_bs_purif,3,price_core_ipca_ex1,18,-0.04567862996243359
full,residual+jk,z_jk_bs_purif,3,price_core_ipca_ex1,19,-0.053520641538572306
full,residual+jk,z_jk_bs_purif,3,price_core_ipca_ex1,20,-0.060372601754937937
full,residual+jk,z_jk_bs_purif,3,price_core_ipca_ex1,21,-0.06637028107679999
full,residual+jk,z_jk_bs_purif,3,price_core_ipca_ex1,22,-0.07153625767926412
full,residual+jk,z_jk_bs_purif,3,price_core_ipca_ex1,23,-0.0758582322278172
full,residual+jk,z_jk_bs_purif,3,price_core_ipca_ex1,24,-0.07939464934640718
full,residual+jk,z_jk_bs_purif,3,price_core_ipca_ex1,25,-0.08218971642592278
full,residual+jk,z_jk_bs_purif,3,price_core_ipca_ex1,26,-0.08427297966504442
full,residual+jk,z_jk_bs_purif,3,price_core_ipca_ex1,27,-0.0856847382942497
full,residual+jk,z_jk_bs_purif,3,price_core_ipca_ex1,28,-0.08646761956960275
full,residual+jk,z_jk_bs_purif,3,price_core_ipca_ex1,29,-0.08666059543009683
full,residual+jk,z_jk_bs_purif,3,price_core_ipca_ex1,30,-0.08630215964837122
full,residual+jk,z_jk_bs_purif,3,price_core_ipca_ex1,31,-0.08543371795415663
full,residual+jk,z_jk_bs_purif,3,price_core_ipca_ex1,32,-0.08409680904496522
full,residual+jk,z_jk_bs_purif,3,price_core_ipca_ex1,33,-0.08233183680975925
full,residual+jk,z_jk_bs_purif,3,price_core_ipca_ex1,34,-0.08018051542649239
full,residual+jk,z_jk_bs_purif,3,price_core_ipca_ex1,35,-0.07768501059383558
full,residual+jk,z_jk_bs_purif,3,price_core_ipca_ex1,36,-0.07488657961836076
full,residual+jk,z_jk_bs_purif,3,price_core_ipca_ex1,37,-0.0718263708617812
full,residual+jk,z_jk_bs_purif,3,price_core_ipca_ex1,38,-0.06854513699041852
full,residual+jk,z_jk_bs_purif,3,price_core_ipca_ex1,39,-0.06508241110724355
full,residual+jk,z_jk_bs_purif,3,price_core_ipca_ex1,40,-0.0614765560924329
full,residual+jk,z_jk_bs_purif,3,price_core_ipca_ex1,41,-0.05776459417163823
full,residual+jk,z_jk_bs_purif,3,price_core_ipca_ex1,42,-0.05398178408328232
full,residual+jk,z_jk_bs_purif,3,price_core_ipca_ex1,43,-0.050161492807345304
full,residual+jk,z_jk_bs_purif,3,price_core_ipca_ex1,44,-0.046335078506492676
full,residual+jk,z_jk_bs_purif,3,price_core_ipca_ex1,45,-0.042531701086547385
full,residual+jk,z_jk_bs_purif,3,price_core_ipca_ex1,46,-0.03877822755979983
full,residual+jk,z_jk_bs_purif,3,price_core_ipca_ex1,47,-0.035099180083790836
full,residual+jk,z_jk_bs_purif,3,price_core_ipca_ex1,48,-0.031516681952664896
full,residual+jk,z_jk_bs_purif,3,price_core_ipca_dw,0,0.009341399389111717
full,residual+jk,z_jk_bs_purif,3,price_core_ipca_dw,1,0.037887695653020595
full,residual+jk,z_jk_bs_purif,3,price_core_ipca_dw,2,0.0468290964780498
full,residual+jk,z_jk_bs_purif,3,price_core_ipca_dw,3,0.06539016873740951
full,residual+jk,z_jk_bs_purif,3,price_core_ipca_dw,4,0.07493642155084569
full,residual+jk,z_jk_bs_purif,3,price_core_ipca_dw,5,0.08169061186784009
full,residual+jk,z_jk_bs_purif,3,price_core_ipca_dw,6,0.07839905568174707
full,residual+jk,z_jk_bs_purif,3,price_core_ipca_dw,7,0.074775400358437
full,residual+jk,z_jk_bs_purif,3,price_core_ipca_dw,8,0.07053665220945103
full,residual+jk,z_jk_bs_purif,3,price_core_ipca_dw,9,0.06141926793554221
full,residual+jk,z_jk_bs_purif,3,price_core_ipca_dw,10,0.051568005904129674
full,residual+jk,z_jk_bs_purif,3,price_core_ipca_dw,11,0.042148045800406556
full,residual+jk,z_jk_bs_purif,3,price_core_ipca_dw,12,0.031018698669577734
full,residual+jk,z_jk_bs_purif,3,price_core_ipca_dw,13,0.01978682140120029
full,residual+jk,z_jk_bs_purif,3,price_core_ipca_dw,14,0.009321540422010942
full,residual+jk,z_jk_bs_purif,3,price_core_ipca_dw,15,-0.001150057448069492
full,residual+jk,z_jk_bs_purif,3,price_core_ipca_dw,16,-0.011164707388035931
full,residual+jk,z_jk_bs_purif,3,price_core_ipca_dw,17,-0.020375726680268297
full,residual+jk,z_jk_bs_purif,3,price_core_ipca_dw,18,-0.029008033802723033
full,residual+jk,z_jk_bs_purif,3,price_core_ipca_dw,19,-0.036977217179388185
full,residual+jk,z_jk_bs_purif,3,price_core_ipca_dw,20,-0.04417813412374784
full,residual+jk,z_jk_bs_purif,3,price_core_ipca_dw,21,-0.050672230447759654
full,residual+jk,z_jk_bs_purif,3,price_core_ipca_dw,22,-0.0564650485431453
full,residual+jk,z_jk_bs_purif,3,price_core_ipca_dw,23,-0.06154207516780759
full,residual+jk,z_jk_bs_purif,3,price_core_ipca_dw,24,-0.06592859581619682
full,residual+jk,z_jk_bs_purif,3,price_core_ipca_dw,25,-0.06964678996400107
full,residual+jk,z_jk_bs_purif,3,price_core_ipca_dw,26,-0.07271188250223004
full,residual+jk,z_jk_bs_purif,3,price_core_ipca_dw,27,-0.07514582562293225
full,residual+jk,z_jk_bs_purif,3,price_core_ipca_dw,28,-0.07697495226950406
full,residual+jk,z_jk_bs_purif,3,price_core_ipca_dw,29,-0.07822537956376754
full,residual+jk,z_jk_bs_purif,3,price_core_ipca_dw,30,-0.07892417459653056
full,residual+jk,z_jk_bs_purif,3,price_core_ipca_dw,31,-0.07910203523847274
full,residual+jk,z_jk_bs_purif,3,price_core_ipca_dw,32,-0.07879133220177638
full,residual+jk,z_jk_bs_purif,3,price_core_ipca_dw,33,-0.07802497392409632
full,residual+jk,z_jk_bs_purif,3,price_core_ipca_dw,34,-0.07683786080823708
full,residual+jk,z_jk_bs_purif,3,price_core_ipca_dw,35,-0.07526620100227699
full,residual+jk,z_jk_bs_purif,3,price_core_ipca_dw,36,-0.07334646762180441
full,residual+jk,z_jk_bs_purif,3,price_core_ipca_dw,37,-0.07111571812856618
full,residual+jk,z_jk_bs_purif,3,price_core_ipca_dw,38,-0.0686112674811987
full,residual+jk,z_jk_bs_purif,3,price_core_ipca_dw,39,-0.06587003072193846
full,residual+jk,z_jk_bs_purif,3,price_core_ipca_dw,40,-0.06292839670613558
full,residual+jk,z_jk_bs_purif,3,price_core_ipca_dw,41,-0.05982199182648611
full,residual+jk,z_jk_bs_purif,3,price_core_ipca_dw,42,-0.056585302763105735
full,residual+jk,z_jk_bs_purif,3,price_core_ipca_dw,43,-0.053251480025908564
full,residual+jk,z_jk_bs_purif,3,price_core_ipca_dw,44,-0.04985216510995302
full,residual+jk,z_jk_bs_purif,3,price_core_ipca_dw,45,-0.04641728748718005
full,residual+jk,z_jk_bs_purif,3,price_core_ipca_dw,46,-0.042974925842477314
full,residual+jk,z_jk_bs_purif,3,price_core_ipca_dw,47,-0.039551207463543736
full,residual+jk,z_jk_bs_purif,3,price_core_ipca_dw,48,-0.03617021813764478
full,residual+jk,z_jk_bs_purif,3,price_inpc,0,-0.07163109739654142
full,residual+jk,z_jk_bs_purif,3,price_inpc,1,0.012259092558953615
full,residual+jk,z_jk_bs_purif,3,price_inpc,2,0.009897635685120651
full,residual+jk,z_jk_bs_purif,3,price_inpc,3,0.06412066523220761
full,residual+jk,z_jk_bs_purif,3,price_inpc,4,0.08965072710981584
full,residual+jk,z_jk_bs_purif,3,price_inpc,5,0.10548381663612792
full,residual+jk,z_jk_bs_purif,3,price_inpc,6,0.09122251044303614
full,residual+jk,z_jk_bs_purif,3,price_inpc,7,0.08266700429397135
full,residual+jk,z_jk_bs_purif,3,price_inpc,8,0.07272292157176717
full,residual+jk,z_jk_bs_purif,3,price_inpc,9,0.04877869232060303
full,residual+jk,z_jk_bs_purif,3,price_inpc,10,0.025949189619275406
full,residual+jk,z_jk_bs_purif,3,price_inpc,11,0.005323009260966532
full,residual+jk,z_jk_bs_purif,3,price_inpc,12,-0.020088413064967205
full,residual+jk,z_jk_bs_purif,3,price_inpc,13,-0.04452186623191822
full,residual+jk,z_jk_bs_purif,3,price_inpc,14,-0.0658338375958275
full,residual+jk,z_jk_bs_purif,3,price_inpc,15,-0.0868496787410319
full,residual+jk,z_jk_bs_purif,3,price_inpc,16,-0.10598401802390912
full,residual+jk,z_jk_bs_purif,3,price_inpc,17,-0.12232864419102098
full,residual+jk,z_jk_bs_purif,3,price_inpc,18,-0.13683753786782402
full,residual+jk,z_jk_bs_purif,3,price_inpc,19,-0.14931346274000315
full,residual+jk,z_jk_bs_purif,3,price_inpc,20,-0.1595279596983919
full,residual+jk,z_jk_bs_purif,3,price_inpc,21,-0.16781134797571848
full,residual+jk,z_jk_bs_purif,3,price_inpc,22,-0.1742745599639196
full,residual+jk,z_jk_bs_purif,3,price_inpc,23,-0.17894863933347427
full,residual+jk,z_jk_bs_purif,3,price_inpc,24,-0.18199660536982484
full,residual+jk,z_jk_bs_purif,3,price_inpc,25,-0.18355785493520194
full,residual+jk,z_jk_bs_purif,3,price_inpc,26,-0.1837322584042511
full,residual+jk,z_jk_bs_purif,3,price_inpc,27,-0.1826351128540515
full,residual+jk,z_jk_bs_purif,3,price_inpc,28,-0.1803865698791175
full,residual+jk,z_jk_bs_purif,3,price_inpc,29,-0.1770931271705899
full,residual+jk,z_jk_bs_purif,3,price_inpc,30,-0.1728557878958644
full,residual+jk,z_jk_bs_purif,3,price_inpc,31,-0.16777939185136642
full,residual+jk,z_jk_bs_purif,3,price_inpc,32,-0.16196482841730242
full,residual+jk,z_jk_bs_purif,3,price_inpc,33,-0.1555071646017508
full,residual+jk,z_jk_bs_purif,3,price_inpc,34,-0.14850151348534113
full,residual+jk,z_jk_bs_purif,3,price_inpc,35,-0.1410407477456555
full,residual+jk,z_jk_bs_purif,3,price_inpc,36,-0.13321306419657453
full,residual+jk,z_jk_bs_purif,3,price_inpc,37,-0.1251040042135291
full,residual+jk,z_jk_bs_purif,3,price_inpc,38,-0.11679586666598335
full,residual+jk,z_jk_bs_purif,3,price_inpc,39,-0.10836625563244218
full,residual+jk,z_jk_bs_purif,3,price_inpc,40,-0.0998884293311164
full,residual+jk,z_jk_bs_purif,3,price_inpc,41,-0.09143110889153969
full,residual+jk,z_jk_bs_purif,3,price_inpc,42,-0.08305781945699556
full,residual+jk,z_jk_bs_purif,3,price_inpc,43,-0.07482683465350089
full,residual+jk,z_jk_bs_purif,3,price_inpc,44,-0.0667911264763341
full,residual+jk,z_jk_bs_purif,3,price_inpc,45,-0.05899816946195953
full,residual+jk,z_jk_bs_purif,3,price_inpc,46,-0.05148993144376424
full,residual+jk,z_jk_bs_purif,3,price_inpc,47,-0.044302945388886406
full,residual+jk,z_jk_bs_purif,3,price_inpc,48,-0.03746836889785129
full,residual+jk,z_jk_bs_purif,3,price_igp_m,0,0.1307409739021552
full,residual+jk,z_jk_bs_purif,3,price_igp_m,1,0.23730543900537093
full,residual+jk,z_jk_bs_purif,3,price_igp_m,2,0.22093335339403383
full,residual+jk,z_jk_bs_purif,3,price_igp_m,3,0.24354106759627525
full,residual+jk,z_jk_bs_purif,3,price_igp_m,4,0.2479079921351209
full,residual+jk,z_jk_bs_purif,3,price_igp_m,5,0.2170413912686309
full,residual+jk,z_jk_bs_purif,3,price_igp_m,6,0.17166047905868925
full,residual+jk,z_jk_bs_purif,3,price_igp_m,7,0.13677856030991284
full,residual+jk,z_jk_bs_purif,3,price_igp_m,8,0.0899760557945966
full,residual+jk,z_jk_bs_purif,3,price_igp_m,9,0.03722299056828546
full,residual+jk,z_jk_bs_purif,3,price_igp_m,10,-0.008784635815170465
full,residual+jk,z_jk_bs_purif,3,price_igp_m,11,-0.05400257180395479
full,residual+jk,z_jk_bs_purif,3,price_igp_m,12,-0.09859741276525599
full,residual+jk,z_jk_bs_purif,3,price_igp_m,13,-0.13797545499358274
full,residual+jk,z_jk_bs_purif,3,price_igp_m,14,-0.17276345865112702
full,residual+jk,z_jk_bs_purif,3,price_igp_m,15,-0.20406027638699967
full,residual+jk,z_jk_bs_purif,3,price_igp_m,16,-0.23067527699113785
full,residual+jk,z_jk_bs_purif,3,price_igp_m,17,-0.2527316827699103
full,residual+jk,z_jk_bs_purif,3,price_igp_m,18,-0.2709352734790731
full,residual+jk,z_jk_bs_purif,3,price_igp_m,19,-0.285278915958078
full,residual+jk,z_jk_bs_purif,3,price_igp_m,20,-0.29593776851625025
full,residual+jk,z_jk_bs_purif,3,price_igp_m,21,-0.3033306426698859
full,residual+jk,z_jk_bs_purif,3,price_igp_m,22,-0.3077022735044218
full,residual+jk,z_jk_bs_purif,3,price_igp_m,23,-0.309259399216347
full,residual+jk,z_jk_bs_purif,3,price_igp_m,24,-0.30828553672218056
full,residual+jk,z_jk_bs_purif,3,price_igp_m,25,-0.3050275589991249
full,residual+jk,z_jk_bs_purif,3,price_igp_m,26,-0.2996915008667566
full,residual+jk,z_jk_bs_purif,3,price_igp_m,27,-0.2924978947895332
full,residual+jk,z_jk_bs_purif,3,price_igp_m,28,-0.28366212481388314
full,residual+jk,z_jk_bs_purif,3,price_igp_m,29,-0.27337836655664083
full,residual+jk,z_jk_bs_purif,3,price_igp_m,30,-0.2618380129343233
full,residual+jk,z_jk_bs_purif,3,price_igp_m,31,-0.24923086665724742
full,residual+jk,z_jk_bs_purif,3,price_igp_m,32,-0.23573582332543214
full,residual+jk,z_jk_bs_purif,3,price_igp_m,33,-0.22152474097276828
full,residual+jk,z_jk_bs_purif,3,price_igp_m,34,-0.2067648171042765
full,residual+jk,z_jk_bs_purif,3,price_igp_m,35,-0.19161465439378017
full,residual+jk,z_jk_bs_purif,3,price_igp_m,36,-0.17622398122192393
full,residual+jk,z_jk_bs_purif,3,price_igp_m,37,-0.1607345560060941
full,residual+jk,z_jk_bs_purif,3,price_igp_m,38,-0.1452787280511163
full,residual+jk,z_jk_bs_purif,3,price_igp_m,39,-0.1299786874307099
full,residual+jk,z_jk_bs_purif,3,price_igp_m,40,-0.11494663281095654
full,residual+jk,z_jk_bs_purif,3,price_igp_m,41,-0.10028436380627306
full,residual+jk,z_jk_bs_purif,3,price_igp_m,42,-0.08608294413632654
full,residual+jk,z_jk_bs_purif,3,price_igp_m,43,-0.0724228099243162
full,residual+jk,z_jk_bs_purif,3,price_igp_m,44,-0.059373849430769926
full,residual+jk,z_jk_bs_purif,3,price_igp_m,45,-0.04699549806606819
full,residual+jk,z_jk_bs_purif,3,price_igp_m,46,-0.03533702206410224
full,residual+jk,z_jk_bs_purif,3,price_igp_m,47,-0.024437873646734887
full,residual+jk,z_jk_bs_purif,3,price_igp_m,48,-0.014328072562467214
full,residual+jk,z_jk_bs_purif,3,price_ipp,0,0.42623139038870933
full,residual+jk,z_jk_bs_purif,3,price_ipp,1,0.5358719586667575
full,residual+jk,z_jk_bs_purif,3,price_ipp,2,0.3229791736708702
full,residual+jk,z_jk_bs_purif,3,price_ipp,3,0.40796980587235915
full,residual+jk,z_jk_bs_purif,3,price_ipp,4,0.3773196367048618
full,residual+jk,z_jk_bs_purif,3,price_ipp,5,0.228272767321188
full,residual+jk,z_jk_bs_purif,3,price_ipp,6,0.15778623999115637
full,residual+jk,z_jk_bs_purif,3,price_ipp,7,0.09715236676315576
full,residual+jk,z_jk_bs_purif,3,price_ipp,8,-0.009760067749917094
full,residual+jk,z_jk_bs_purif,3,price_ipp,9,-0.09100502966936606
full,residual+jk,z_jk_bs_purif,3,price_ipp,10,-0.150745598780728
full,residual+jk,z_jk_bs_purif,3,price_ipp,11,-0.21668029062888536
full,residual+jk,z_jk_bs_purif,3,price_ipp,12,-0.27011632073125
full,residual+jk,z_jk_bs_purif,3,price_ipp,13,-0.3096517185687351
full,residual+jk,z_jk_bs_purif,3,price_ipp,14,-0.3433998106783941
full,residual+jk,z_jk_bs_purif,3,price_ipp,15,-0.3692679253737449
full,residual+jk,z_jk_bs_purif,3,price_ipp,16,-0.3863600104430015
full,residual+jk,z_jk_bs_purif,3,price_ipp,17,-0.39714583290221583
full,residual+jk,z_jk_bs_purif,3,price_ipp,18,-0.40240365316274834
full,residual+jk,z_jk_bs_purif,3,price_ipp,19,-0.4021901253728343
full,residual+jk,z_jk_bs_purif,3,price_ipp,20,-0.39743143030491
full,residual+jk,z_jk_bs_purif,3,price_ipp,21,-0.3889449682777822
full,residual+jk,z_jk_bs_purif,3,price_ipp,22,-0.37708080468723415
full,residual+jk,z_jk_bs_purif,3,price_ipp,23,-0.3622849748958026
full,residual+jk,z_jk_bs_purif,3,price_ipp,24,-0.3451161953416059
full,residual+jk,z_jk_bs_purif,3,price_ipp,25,-0.32593111198490293
full,residual+jk,z_jk_bs_purif,3,price_ipp,26,-0.30503717914462924
full,residual+jk,z_jk_bs_purif,3,price_ipp,27,-0.2828135857444739
full,residual+jk,z_jk_bs_purif,3,price_ipp,28,-0.25956977456027547
full,residual+jk,z_jk_bs_purif,3,price_ipp,29,-0.23556574910256914
full,residual+jk,z_jk_bs_purif,3,price_ipp,30,-0.21108215586892395
full,residual+jk,z_jk_bs_purif,3,price_ipp,31,-0.18637542652933842
full,residual+jk,z_jk_bs_purif,3,price_ipp,32,-0.16166890161734276
full,residual+jk,z_jk_bs_purif,3,price_ipp,33,-0.1371802795573109
full,residual+jk,z_jk_bs_purif,3,price_ipp,34,-0.11311139929894871
full,residual+jk,z_jk_bs_purif,3,price_ipp,35,-0.08964031792308634
full,residual+jk,z_jk_bs_purif,3,price_ipp,36,-0.06692934189236868
full,residual+jk,z_jk_bs_purif,3,price_ipp,37,-0.045124006982655784
full,residual+jk,z_jk_bs_purif,3,price_ipp,38,-0.024349771509826205
full,residual+jk,z_jk_bs_purif,3,price_ipp,39,-0.004713956824944449
full,residual+jk,z_jk_bs_purif,3,price_ipp,40,0.013693453382609988
full,residual+jk,z_jk_bs_purif,3,price_ipp,41,0.030800357124570563
full,residual+jk,z_jk_bs_purif,3,price_ipp,42,0.046551726428264543
full,residual+jk,z_jk_bs_purif,3,price_ipp,43,0.06090851947053906
full,residual+jk,z_jk_bs_purif,3,price_ipp,44,0.0738470374823693
full,residual+jk,z_jk_bs_purif,3,price_ipp,45,0.08535803542731207
full,residual+jk,z_jk_bs_purif,3,price_ipp,46,0.0954455689815012
full,residual+jk,z_jk_bs_purif,3,price_ipp,47,0.10412593978858917
full,residual+jk,z_jk_bs_purif,3,price_ipp,48,0.1114266434957496
pre_covid,bruta,z_bruto,1,price_ipca,0,-0.13298607073454632
pre_covid,bruta,z_bruto,1,price_ipca,1,-0.05026367997832969
pre_covid,bruta,z_bruto,1,price_ipca,2,-0.07743863261458836
pre_covid,bruta,z_bruto,1,price_ipca,3,-0.1645337365750591
pre_covid,bruta,z_bruto,1,price_ipca,4,-0.13560193343571747
pre_covid,bruta,z_bruto,1,price_ipca,5,-0.10780418141343018
pre_covid,bruta,z_bruto,1,price_ipca,6,-0.15697068140966847
pre_covid,bruta,z_bruto,1,price_ipca,7,-0.15533150466576434
pre_covid,bruta,z_bruto,1,price_ipca,8,-0.1615753367860043
pre_covid,bruta,z_bruto,1,price_ipca,9,-0.19150835695223475
pre_covid,bruta,z_bruto,1,price_ipca,10,-0.1853160820256934
pre_covid,bruta,z_bruto,1,price_ipca,11,-0.17641795311898237
pre_covid,bruta,z_bruto,1,price_ipca,12,-0.1736002841692208
pre_covid,bruta,z_bruto,1,price_ipca,13,-0.1514875713603194
pre_covid,bruta,z_bruto,1,price_ipca,14,-0.13410296174393238
pre_covid,bruta,z_bruto,1,price_ipca,15,-0.12055600241966208
pre_covid,bruta,z_bruto,1,price_ipca,16,-0.10044284253387976
pre_covid,bruta,z_bruto,1,price_ipca,17,-0.08530493422483644
pre_covid,bruta,z_bruto,1,price_ipca,18,-0.07193936802588236
pre_covid,bruta,z_bruto,1,price_ipca,19,-0.05517579555980813
pre_covid,bruta,z_bruto,1,price_ipca,20,-0.040781776854229616
pre_covid,bruta,z_bruto,1,price_ipca,21,-0.026426335046237284
pre_covid,bruta,z_bruto,1,price_ipca,22,-0.010318345694456148
pre_covid,bruta,z_bruto,1,price_ipca,23,0.004465553881117488
pre_covid,bruta,z_bruto,1,price_ipca,24,0.01891852953853009
pre_covid,bruta,z_bruto,1,price_ipca,25,0.033579693445898694
pre_covid,bruta,z_bruto,1,price_ipca,26,0.046969336092968786
pre_covid,bruta,z_bruto,1,price_ipca,27,0.059597307900534274
pre_covid,bruta,z_bruto,1,price_ipca,28,0.07164403881953367
pre_covid,bruta,z_bruto,1,price_ipca,29,0.08251421183447054
pre_covid,bruta,z_bruto,1,price_ipca,30,0.09243370667782953
pre_covid,bruta,z_bruto,1,price_ipca,31,0.10139942277347105
pre_covid,bruta,z_bruto,1,price_ipca,32,0.10914920443942555
pre_covid,bruta,z_bruto,1,price_ipca,33,0.11574290837777486
pre_covid,bruta,z_bruto,1,price_ipca,34,0.12110531003690807
pre_covid,bruta,z_bruto,1,price_ipca,35,0.12513569178949852
pre_covid,bruta,z_bruto,1,price_ipca,36,0.1278649627147916
pre_covid,bruta,z_bruto,1,price_ipca,37,0.12924988237367635
pre_covid,bruta,z_bruto,1,price_ipca,38,0.12928942097585705
pre_covid,bruta,z_bruto,1,price_ipca,39,0.12803742431795212
pre_covid,bruta,z_bruto,1,price_ipca,40,0.1254999551648462
pre_covid,bruta,z_bruto,1,price_ipca,41,0.1217270852268001
pre_covid,bruta,z_bruto,1,price_ipca,42,0.11679493765584324
pre_covid,bruta,z_bruto,1,price_ipca,43,0.11075112315513728
pre_covid,bruta,z_bruto,1,price_ipca,44,0.10367561563810723
pre_covid,bruta,z_bruto,1,price_ipca,45,0.09566586863641734
pre_covid,bruta,z_bruto,1,price_ipca,46,0.08680516898621418
pre_covid,bruta,z_bruto,1,price_ipca,47,0.07719653725471597
pre_covid,bruta,z_bruto,1,price_ipca,48,0.06695482874584957
pre_covid,bruta,z_bruto,1,price_ipca_difusao,0,1.0490741147091884
pre_covid,bruta,z_bruto,1,price_ipca_difusao,1,1.349555818769305
pre_covid,bruta,z_bruto,1,price_ipca_difusao,2,1.0276142694089285
pre_covid,bruta,z_bruto,1,price_ipca_difusao,3,0.9712040239513557
pre_covid,bruta,z_bruto,1,price_ipca_difusao,4,0.6893924537218358
pre_covid,bruta,z_bruto,1,price_ipca_difusao,5,0.5935506556312431
pre_covid,bruta,z_bruto,1,price_ipca_difusao,6,0.23427616458816125
pre_covid,bruta,z_bruto,1,price_ipca_difusao,7,-0.22203752136978772
pre_covid,bruta,z_bruto,1,price_ipca_difusao,8,-0.5337693388850899
pre_covid,bruta,z_bruto,1,price_ipca_difusao,9,-0.8927087754578601
pre_covid,bruta,z_bruto,1,price_ipca_difusao,10,-1.1870460455378176
pre_covid,bruta,z_bruto,1,price_ipca_difusao,11,-1.335925356404326
pre_covid,bruta,z_bruto,1,price_ipca_difusao,12,-1.4854129371328424
pre_covid,bruta,z_bruto,1,price_ipca_difusao,13,-1.5793363756842473
pre_covid,bruta,z_bruto,1,price_ipca_difusao,14,-1.6326688424923028
pre_covid,bruta,z_bruto,1,price_ipca_difusao,15,-1.6959886614632627
pre_covid,bruta,z_bruto,1,price_ipca_difusao,16,-1.7375937172332305
pre_covid,bruta,z_bruto,1,price_ipca_difusao,17,-1.7683035832697456
pre_covid,bruta,z_bruto,1,price_ipca_difusao,18,-1.799054631869279
pre_covid,bruta,z_bruto,1,price_ipca_difusao,19,-1.805436670320498
pre_covid,bruta,z_bruto,1,price_ipca_difusao,20,-1.7977088114703346
pre_covid,bruta,z_bruto,1,price_ipca_difusao,21,-1.7779759015221626
pre_covid,bruta,z_bruto,1,price_ipca_difusao,22,-1.7348380935612604
pre_covid,bruta,z_bruto,1,price_ipca_difusao,23,-1.6773561493562532
pre_covid,bruta,z_bruto,1,price_ipca_difusao,24,-1.608010381442764
pre_covid,bruta,z_bruto,1,price_ipca_difusao,25,-1.5213156024283194
pre_covid,bruta,z_bruto,1,price_ipca_difusao,26,-1.4229031445765548
pre_covid,bruta,z_bruto,1,price_ipca_difusao,27,-1.3143511310137452
pre_covid,bruta,z_bruto,1,price_ipca_difusao,28,-1.1930286861653132
pre_covid,bruta,z_bruto,1,price_ipca_difusao,29,-1.0620253450931239
pre_covid,bruta,z_bruto,1,price_ipca_difusao,30,-0.9230676390724658
pre_covid,bruta,z_bruto,1,price_ipca_difusao,31,-0.7758656459263316
pre_covid,bruta,z_bruto,1,price_ipca_difusao,32,-0.6227910147342596
pre_covid,bruta,z_bruto,1,price_ipca_difusao,33,-0.4658895986169096
pre_covid,bruta,z_bruto,1,price_ipca_difusao,34,-0.3062429695519339
pre_covid,bruta,z_bruto,1,price_ipca_difusao,35,-0.14578910413747947
pre_covid,bruta,z_bruto,1,price_ipca_difusao,36,0.013605246896038708
pre_covid,bruta,z_bruto,1,price_ipca_difusao,37,0.17049559430553068
pre_covid,bruta,z_bruto,1,price_ipca_difusao,38,0.3233300074051674
pre_covid,bruta,z_bruto,1,price_ipca_difusao,39,0.4705880240660173
pre_covid,bruta,z_bruto,1,price_ipca_difusao,40,0.6108670701243439
pre_covid,bruta,z_bruto,1,price_ipca_difusao,41,0.7428939544321306
pre_covid,bruta,z_bruto,1,price_ipca_difusao,42,0.8654774965159682
pre_covid,bruta,z_bruto,1,price_ipca_difusao,43,0.9774616952574776
pre_covid,bruta,z_bruto,1,price_ipca_difusao,44,1.0778843597124979
pre_covid,bruta,z_bruto,1,price_ipca_difusao,45,1.1659371945670298
pre_covid,bruta,z_bruto,1,price_ipca_difusao,46,1.2408664918808947
pre_covid,bruta,z_bruto,1,price_ipca_difusao,47,1.3021100461848871
pre_covid,bruta,z_bruto,1,price_ipca_difusao,48,1.3492905971685543
pre_covid,bruta,z_bruto,1,price_core_ipca_ex0,0,-0.01996682294856845
pre_covid,bruta,z_bruto,1,price_core_ipca_ex0,1,-0.04278981935551415
pre_covid,bruta,z_bruto,1,price_core_ipca_ex0,2,0.03092997391438491
pre_covid,bruta,z_bruto,1,price_core_ipca_ex0,3,-0.010083885418544814
pre_covid,bruta,z_bruto,1,price_core_ipca_ex0,4,-0.007818852131705932
pre_covid,bruta,z_bruto,1,price_core_ipca_ex0,5,0.025048619097920617
pre_covid,bruta,z_bruto,1,price_core_ipca_ex0,6,-0.008719904096472867
pre_covid,bruta,z_bruto,1,price_core_ipca_ex0,7,-0.011470458561191537
pre_covid,bruta,z_bruto,1,price_core_ipca_ex0,8,-0.010366769530465251
pre_covid,bruta,z_bruto,1,price_core_ipca_ex0,9,-0.03348614493959697
pre_covid,bruta,z_bruto,1,price_core_ipca_ex0,10,-0.03598587635724269
pre_covid,bruta,z_bruto,1,price_core_ipca_ex0,11,-0.03835733370882273
pre_covid,bruta,z_bruto,1,price_core_ipca_ex0,12,-0.0474189096580941
pre_covid,bruta,z_bruto,1,price_core_ipca_ex0,13,-0.04582093951472265
pre_covid,bruta,z_bruto,1,price_core_ipca_ex0,14,-0.04606209236879754
pre_covid,bruta,z_bruto,1,price_core_ipca_ex0,15,-0.04899479724666466
pre_covid,bruta,z_bruto,1,price_core_ipca_ex0,16,-0.047463984907457325
pre_covid,bruta,z_bruto,1,price_core_ipca_ex0,17,-0.04789629027958611
pre_covid,bruta,z_bruto,1,price_core_ipca_ex0,18,-0.04930464563774012
pre_covid,bruta,z_bruto,1,price_core_ipca_ex0,19,-0.04841629870043557
pre_covid,bruta,z_bruto,1,price_core_ipca_ex0,20,-0.04840001906509432
pre_covid,bruta,z_bruto,1,price_core_ipca_ex0,21,-0.04832023466161565
pre_covid,bruta,z_bruto,1,price_core_ipca_ex0,22,-0.04681667892352815
pre_covid,bruta,z_bruto,1,price_core_ipca_ex0,23,-0.0455414964794623
pre_covid,bruta,z_bruto,1,price_core_ipca_ex0,24,-0.04396726866108174
pre_covid,bruta,z_bruto,1,price_core_ipca_ex0,25,-0.04158885035074384
pre_covid,bruta,z_bruto,1,price_core_ipca_ex0,26,-0.03920627414828797
pre_covid,bruta,z_bruto,1,price_core_ipca_ex0,27,-0.03653083490632838
pre_covid,bruta,z_bruto,1,price_core_ipca_ex0,28,-0.03337955694325761
pre_covid,bruta,z_bruto,1,price_core_ipca_ex0,29,-0.030103816772206162
pre_covid,bruta,z_bruto,1,price_core_ipca_ex0,30,-0.026567721752648682
pre_covid,bruta,z_bruto,1,price_core_ipca_ex0,31,-0.022742795313663317
pre_covid,bruta,z_bruto,1,price_core_ipca_ex0,32,-0.018796821589397203
pre_covid,bruta,z_bruto,1,price_core_ipca_ex0,33,-0.014695242949614211
pre_covid,bruta,z_bruto,1,price_core_ipca_ex0,34,-0.010479952597022276
pre_covid,bruta,z_bruto,1,price_core_ipca_ex0,35,-0.006242646806596731
pre_covid,bruta,z_bruto,1,price_core_ipca_ex0,36,-0.001991137578546833
pre_covid,bruta,z_bruto,1,price_core_ipca_ex0,37,0.002218420541101443
pre_covid,bruta,z_bruto,1,price_core_ipca_ex0,38,0.006331514168694817
pre_covid,bruta,z_bruto,1,price_core_ipca_ex0,39,0.010328407926861485
pre_covid,bruta,z_bruto,1,price_core_ipca_ex0,40,0.01415846854558386
pre_covid,bruta,z_bruto,1,price_core_ipca_ex0,41,0.017783751138551084
pre_covid,bruta,z_bruto,1,price_core_ipca_ex0,42,0.021182206029882366
pre_covid,bruta,z_bruto,1,price_core_ipca_ex0,43,0.02431372331775372
pre_covid,bruta,z_bruto,1,price_core_ipca_ex0,44,0.027150383426705737
pre_covid,bruta,z_bruto,1,price_core_ipca_ex0,45,0.02967415364565813
pre_covid,bruta,z_bruto,1,price_core_ipca_ex0,46,0.0318585991204052
pre_covid,bruta,z_bruto,1,price_core_ipca_ex0,47,0.033686586865064434
pre_covid,bruta,z_bruto,1,price_core_ipca_ex0,48,0.035148547205246954
pre_covid,bruta,z_bruto,1,price_core_ipca_ex1,0,-0.06090036694228875
pre_covid,bruta,z_bruto,1,price_core_ipca_ex1,1,0.012363613355176913
pre_covid,bruta,z_bruto,1,price_core_ipca_ex1,2,-0.01869104370928405
pre_covid,bruta,z_bruto,1,price_core_ipca_ex1,3,-0.05526882990747398
pre_covid,bruta,z_bruto,1,price_core_ipca_ex1,4,-0.05016919978152351
pre_covid,bruta,z_bruto,1,price_core_ipca_ex1,5,-0.056721968518846325
pre_covid,bruta,z_bruto,1,price_core_ipca_ex1,6,-0.07676280842915766
pre_covid,bruta,z_bruto,1,price_core_ipca_ex1,7,-0.08360514921627164
pre_covid,bruta,z_bruto,1,price_core_ipca_ex1,8,-0.0955828128654041
pre_covid,bruta,z_bruto,1,price_core_ipca_ex1,9,-0.10719903774805438
pre_covid,bruta,z_bruto,1,price_core_ipca_ex1,10,-0.10836829150115007
pre_covid,bruta,z_bruto,1,price_core_ipca_ex1,11,-0.10663750341080384
pre_covid,bruta,z_bruto,1,price_core_ipca_ex1,12,-0.10306804452006986
pre_covid,bruta,z_bruto,1,price_core_ipca_ex1,13,-0.09385962425938994
pre_covid,bruta,z_bruto,1,price_core_ipca_ex1,14,-0.08590961879902223
pre_covid,bruta,z_bruto,1,price_core_ipca_ex1,15,-0.07812985736712731
pre_covid,bruta,z_bruto,1,price_core_ipca_ex1,16,-0.06906475475700105
pre_covid,bruta,z_bruto,1,price_core_ipca_ex1,17,-0.06173152753305909
pre_covid,bruta,z_bruto,1,price_core_ipca_ex1,18,-0.05463461032338316
pre_covid,bruta,z_bruto,1,price_core_ipca_ex1,19,-0.04669602348059396
pre_covid,bruta,z_bruto,1,price_core_ipca_ex1,20,-0.03945195545183028
pre_covid,bruta,z_bruto,1,price_core_ipca_ex1,21,-0.03195591778136115
pre_covid,bruta,z_bruto,1,price_core_ipca_ex1,22,-0.023891272329592452
pre_covid,bruta,z_bruto,1,price_core_ipca_ex1,23,-0.01614399490129574
pre_covid,bruta,z_bruto,1,price_core_ipca_ex1,24,-0.008400842038212678
pre_covid,bruta,z_bruto,1,price_core_ipca_ex1,25,-5.849276600299369e-4
pre_covid,bruta,z_bruto,1,price_core_ipca_ex1,26,0.00686237835384884
pre_covid,bruta,z_bruto,1,price_core_ipca_ex1,27,0.014064851983957538
pre_covid,bruta,z_bruto,1,price_core_ipca_ex1,28,0.021053084572418845
pre_covid,bruta,z_bruto,1,price_core_ipca_ex1,29,0.027651676454127205
pre_covid,bruta,z_bruto,1,price_core_ipca_ex1,30,0.033880064478367763
pre_covid,bruta,z_bruto,1,price_core_ipca_ex1,31,0.03971637495527211
pre_covid,bruta,z_bruto,1,price_core_ipca_ex1,32,0.045070370097209114
pre_covid,bruta,z_bruto,1,price_core_ipca_ex1,33,0.04990839899835597
pre_covid,bruta,z_bruto,1,price_core_ipca_ex1,34,0.05418181707966706
pre_covid,bruta,z_bruto,1,price_core_ipca_ex1,35,0.05784724603436179
pre_covid,bruta,z_bruto,1,price_core_ipca_ex1,36,0.060877300447466524
pre_covid,bruta,z_bruto,1,price_core_ipca_ex1,37,0.06323951649330005
pre_covid,bruta,z_bruto,1,price_core_ipca_ex1,38,0.06492655415413777
pre_covid,bruta,z_bruto,1,price_core_ipca_ex1,39,0.06593555965331387
pre_covid,bruta,z_bruto,1,price_core_ipca_ex1,40,0.06625755438812936
pre_covid,bruta,z_bruto,1,price_core_ipca_ex1,41,0.06590629099358003
pre_covid,bruta,z_bruto,1,price_core_ipca_ex1,42,0.06489893689173776
pre_covid,bruta,z_bruto,1,price_core_ipca_ex1,43,0.06324792850225623
pre_covid,bruta,z_bruto,1,price_core_ipca_ex1,44,0.0609823694144053
pre_covid,bruta,z_bruto,1,price_core_ipca_ex1,45,0.05813695728983203
pre_covid,bruta,z_bruto,1,price_core_ipca_ex1,46,0.054744465706794615
pre_covid,bruta,z_bruto,1,price_core_ipca_ex1,47,0.05084832933639788
pre_covid,bruta,z_bruto,1,price_core_ipca_ex1,48,0.0464977327966021
pre_covid,bruta,z_bruto,1,price_core_ipca_dw,0,-0.06122955204428562
pre_covid,bruta,z_bruto,1,price_core_ipca_dw,1,-0.03358380158828492
pre_covid,bruta,z_bruto,1,price_core_ipca_dw,2,-0.013602170475289657
pre_covid,bruta,z_bruto,1,price_core_ipca_dw,3,-0.056063043298647586
pre_covid,bruta,z_bruto,1,price_core_ipca_dw,4,-0.051865458804728634
pre_covid,bruta,z_bruto,1,price_core_ipca_dw,5,-0.04328157925159557
pre_covid,bruta,z_bruto,1,price_core_ipca_dw,6,-0.0703651955860285
pre_covid,bruta,z_bruto,1,price_core_ipca_dw,7,-0.0735708164843939
pre_covid,bruta,z_bruto,1,price_core_ipca_dw,8,-0.07893863447217128
pre_covid,bruta,z_bruto,1,price_core_ipca_dw,9,-0.09478647475281207
pre_covid,bruta,z_bruto,1,price_core_ipca_dw,10,-0.09497438145330354
pre_covid,bruta,z_bruto,1,price_core_ipca_dw,11,-0.09454667220174004
pre_covid,bruta,z_bruto,1,price_core_ipca_dw,12,-0.09583731859213993
pre_covid,bruta,z_bruto,1,price_core_ipca_dw,13,-0.08887689141426075
pre_covid,bruta,z_bruto,1,price_core_ipca_dw,14,-0.08345105957215777
pre_covid,bruta,z_bruto,1,price_core_ipca_dw,15,-0.07894936327086786
pre_covid,bruta,z_bruto,1,price_core_ipca_dw,16,-0.07141506675511908
pre_covid,bruta,z_bruto,1,price_core_ipca_dw,17,-0.06559327809563349
pre_covid,bruta,z_bruto,1,price_core_ipca_dw,18,-0.06012227208744552
pre_covid,bruta,z_bruto,1,price_core_ipca_dw,19,-0.05309670452560624
pre_covid,bruta,z_bruto,1,price_core_ipca_dw,20,-0.0468256483397598
pre_covid,bruta,z_bruto,1,price_core_ipca_dw,21,-0.04034588593253654
pre_covid,bruta,z_bruto,1,price_core_ipca_dw,22,-0.032971119331394266
pre_covid,bruta,z_bruto,1,price_core_ipca_dw,23,-0.025920552465800013
pre_covid,bruta,z_bruto,1,price_core_ipca_dw,24,-0.01876666709873494
pre_covid,bruta,z_bruto,1,price_core_ipca_dw,25,-0.011315591196911466
pre_covid,bruta,z_bruto,1,price_core_ipca_dw,26,-0.0041658285346056366
pre_covid,bruta,z_bruto,1,price_core_ipca_dw,27,0.0028808608725282943
pre_covid,bruta,z_bruto,1,price_core_ipca_dw,28,0.00986811615893121
pre_covid,bruta,z_bruto,1,price_core_ipca_dw,29,0.016534292002598493
pre_covid,bruta,z_bruto,1,price_core_ipca_dw,30,0.022950309658285956
pre_covid,bruta,z_bruto,1,price_core_ipca_dw,31,0.029086024581236693
pre_covid,bruta,z_bruto,1,price_core_ipca_dw,32,0.034810907565097436
pre_covid,bruta,z_bruto,1,price_core_ipca_dw,33,0.04012436639773598
pre_covid,bruta,z_bruto,1,price_core_ipca_dw,34,0.04496854676087219
pre_covid,bruta,z_bruto,1,price_core_ipca_dw,35,0.049276130798636374
pre_covid,bruta,z_bruto,1,price_core_ipca_dw,36,0.05303273865090914
pre_covid,bruta,z_bruto,1,price_core_ipca_dw,37,0.05619405853895323
pre_covid,bruta,z_bruto,1,price_core_ipca_dw,38,0.058733903514182374
pre_covid,bruta,z_bruto,1,price_core_ipca_dw,39,0.06064893214327919
pre_covid,bruta,z_bruto,1,price_core_ipca_dw,40,0.06191840466030845
pre_covid,bruta,z_bruto,1,price_core_ipca_dw,41,0.06254120114641838
pre_covid,bruta,z_bruto,1,price_core_ipca_dw,42,0.06252819774680997
pre_covid,bruta,z_bruto,1,price_core_ipca_dw,43,0.061881207575666224
pre_covid,bruta,z_bruto,1,price_core_ipca_dw,44,0.06061737633163793
pre_covid,bruta,z_bruto,1,price_core_ipca_dw,45,0.05876279221152778
pre_covid,bruta,z_bruto,1,price_core_ipca_dw,46,0.0563403916399325
pre_covid,bruta,z_bruto,1,price_core_ipca_dw,47,0.05338358462476854
pre_covid,bruta,z_bruto,1,price_core_ipca_dw,48,0.04993278301551349
pre_covid,bruta,z_bruto,1,price_inpc,0,-0.1140105760799303
pre_covid,bruta,z_bruto,1,price_inpc,1,0.00786636320082289
pre_covid,bruta,z_bruto,1,price_inpc,2,-0.10078420672809263
pre_covid,bruta,z_bruto,1,price_inpc,3,-0.1708311241243443
pre_covid,bruta,z_bruto,1,price_inpc,4,-0.13378432653030103
pre_covid,bruta,z_bruto,1,price_inpc,5,-0.11598481277259325
pre_covid,bruta,z_bruto,1,price_inpc,6,-0.15036841396226813
pre_covid,bruta,z_bruto,1,price_inpc,7,-0.14872087590361116
pre_covid,bruta,z_bruto,1,price_inpc,8,-0.15748801296462742
pre_covid,bruta,z_bruto,1,price_inpc,9,-0.17996163207588114
pre_covid,bruta,z_bruto,1,price_inpc,10,-0.1725941420135952
pre_covid,bruta,z_bruto,1,price_inpc,11,-0.15954313736588888
pre_covid,bruta,z_bruto,1,price_inpc,12,-0.1506867364129189
pre_covid,bruta,z_bruto,1,price_inpc,13,-0.12544329816521774
pre_covid,bruta,z_bruto,1,price_inpc,14,-0.1047538191657052
pre_covid,bruta,z_bruto,1,price_inpc,15,-0.08803296754336341
pre_covid,bruta,z_bruto,1,price_inpc,16,-0.0665990378888692
pre_covid,bruta,z_bruto,1,price_inpc,17,-0.0502349267538016
pre_covid,bruta,z_bruto,1,price_inpc,18,-0.035935205138720304
pre_covid,bruta,z_bruto,1,price_inpc,19,-0.018971882455576898
pre_covid,bruta,z_bruto,1,price_inpc,20,-0.004406491305600994
pre_covid,bruta,z_bruto,1,price_inpc,21,0.009933805112774535
pre_covid,bruta,z_bruto,1,price_inpc,22,0.02559675846603138
pre_covid,bruta,z_bruto,1,price_inpc,23,0.03979026203307506
pre_covid,bruta,z_bruto,1,price_inpc,24,0.05332861817925233
pre_covid,bruta,z_bruto,1,price_inpc,25,0.06669266818290044
pre_covid,bruta,z_bruto,1,price_inpc,26,0.07854480836861703
pre_covid,bruta,z_bruto,1,price_inpc,27,0.08931699113138711
pre_covid,bruta,z_bruto,1,price_inpc,28,0.09921603392604364
pre_covid,bruta,z_bruto,1,price_inpc,29,0.1077415828875051
pre_covid,bruta,z_bruto,1,price_inpc,30,0.11508787816092336
pre_covid,bruta,z_bruto,1,price_inpc,31,0.12129187758887656
pre_covid,bruta,z_bruto,1,price_inpc,32,0.12614866853513673
pre_covid,bruta,z_bruto,1,price_inpc,33,0.12971246139502332
pre_covid,bruta,z_bruto,1,price_inpc,34,0.1319456904648155
pre_covid,bruta,z_bruto,1,price_inpc,35,0.1327927578023937
pre_covid,bruta,z_bruto,1,price_inpc,36,0.13229973174255896
pre_covid,bruta,z_bruto,1,price_inpc,37,0.13046138123348994
pre_covid,bruta,z_bruto,1,price_inpc,38,0.12731663272732077
pre_covid,bruta,z_bruto,1,price_inpc,39,0.12294419804536577
pre_covid,bruta,z_bruto,1,price_inpc,40,0.11738347640950085
pre_covid,bruta,z_bruto,1,price_inpc,41,0.11071689356317986
pre_covid,bruta,z_bruto,1,price_inpc,42,0.10304493421422711
pre_covid,bruta,z_bruto,1,price_inpc,43,0.09444127774085682
pre_covid,bruta,z_bruto,1,price_inpc,44,0.08500987440401334
pre_covid,bruta,z_bruto,1,price_inpc,45,0.07486781398057718
pre_covid,bruta,z_bruto,1,price_inpc,46,0.06411680199992094
pre_covid,bruta,z_bruto,1,price_inpc,47,0.05287548052403544
pre_covid,bruta,z_bruto,1,price_inpc,48,0.04127120110380475
pre_covid,bruta,z_bruto,1,price_igp_m,0,-0.32747443028327367
pre_covid,bruta,z_bruto,1,price_igp_m,1,-0.21798966643920298
pre_covid,bruta,z_bruto,1,price_igp_m,2,-0.14058347759664744
pre_covid,bruta,z_bruto,1,price_igp_m,3,-0.3143431571357545
pre_covid,bruta,z_bruto,1,price_igp_m,4,-0.2726001515318873
pre_covid,bruta,z_bruto,1,price_igp_m,5,-0.2298246908915412
pre_covid,bruta,z_bruto,1,price_igp_m,6,-0.317615575503344
pre_covid,bruta,z_bruto,1,price_igp_m,7,-0.29979364263548924
pre_covid,bruta,z_bruto,1,price_igp_m,8,-0.30172846271325243
pre_covid,bruta,z_bruto,1,price_igp_m,9,-0.34380297751400674
pre_covid,bruta,z_bruto,1,price_igp_m,10,-0.3238258251302486
pre_covid,bruta,z_bruto,1,price_igp_m,11,-0.3099246604287421
pre_covid,bruta,z_bruto,1,price_igp_m,12,-0.3034772507903825
pre_covid,bruta,z_bruto,1,price_igp_m,13,-0.26559378057853605
pre_covid,bruta,z_bruto,1,price_igp_m,14,-0.23713650009057696
pre_covid,bruta,z_bruto,1,price_igp_m,15,-0.2123494401644045
pre_covid,bruta,z_bruto,1,price_igp_m,16,-0.17631148805202163
pre_covid,bruta,z_bruto,1,price_igp_m,17,-0.14854326582025437
pre_covid,bruta,z_bruto,1,price_igp_m,18,-0.12250909916879746
pre_covid,bruta,z_bruto,1,price_igp_m,19,-0.09152981407369255
pre_covid,bruta,z_bruto,1,price_igp_m,20,-0.06483413540567348
pre_covid,bruta,z_bruto,1,price_igp_m,21,-0.03815547144825379
pre_covid,bruta,z_bruto,1,price_igp_m,22,-0.009290481837638798
pre_covid,bruta,z_bruto,1,price_igp_m,23,0.017105053067205788
pre_covid,bruta,z_bruto,1,price_igp_m,24,0.042998441259006495
pre_covid,bruta,z_bruto,1,price_igp_m,25,0.06886944839674698
pre_covid,bruta,z_bruto,1,price_igp_m,26,0.09251563756997529
pre_covid,bruta,z_bruto,1,price_igp_m,27,0.11488746296973247
pre_covid,bruta,z_bruto,1,price_igp_m,28,0.13601772600079468
pre_covid,bruta,z_bruto,1,price_igp_m,29,0.15499956497368403
pre_covid,bruta,z_bruto,1,price_igp_m,30,0.17225658701980526
pre_covid,bruta,z_bruto,1,price_igp_m,31,0.18765815723604742
pre_covid,bruta,z_bruto,1,price_igp_m,32,0.2008143191647381
pre_covid,bruta,z_bruto,1,price_igp_m,33,0.21186699140552911
pre_covid,bruta,z_bruto,1,price_igp_m,34,0.22065508741871095
pre_covid,bruta,z_bruto,1,price_igp_m,35,0.22703369587690486
pre_covid,bruta,z_bruto,1,price_igp_m,36,0.2310783550002226
pre_covid,bruta,z_bruto,1,price_igp_m,37,0.23271101546534553
pre_covid,bruta,z_bruto,1,price_igp_m,38,0.2319391143641253
pre_covid,bruta,z_bruto,1,price_igp_m,39,0.22886465046680513
pre_covid,bruta,z_bruto,1,price_igp_m,40,0.22350711398090028
pre_covid,bruta,z_bruto,1,price_igp_m,41,0.21596154696089442
pre_covid,bruta,z_bruto,1,price_igp_m,42,0.2063678742692096
pre_covid,bruta,z_bruto,1,price_igp_m,43,0.19482370729625464
pre_covid,bruta,z_bruto,1,price_igp_m,44,0.18147902166802898
pre_covid,bruta,z_bruto,1,price_igp_m,45,0.16651102005743565
pre_covid,bruta,z_bruto,1,price_igp_m,46,0.1500783736568395
pre_covid,bruta,z_bruto,1,price_igp_m,47,0.13237096994336026
pre_covid,bruta,z_bruto,1,price_igp_m,48,0.1135954201983088
pre_covid,bruta,z_bruto,1,price_ipp,0,0.030737105588926856
pre_covid,bruta,z_bruto,1,price_ipp,1,0.3409713709664402
pre_covid,bruta,z_bruto,1,price_ipp,2,0.2863162982863787
pre_covid,bruta,z_bruto,1,price_ipp,3,0.2697338297086285
pre_covid,bruta,z_bruto,1,price_ipp,4,0.20957514000410157
pre_covid,bruta,z_bruto,1,price_ipp,5,0.10788519392172745
pre_covid,bruta,z_bruto,1,price_ipp,6,0.09495704126240226
pre_covid,bruta,z_bruto,1,price_ipp,7,0.029739213509527414
pre_covid,bruta,z_bruto,1,price_ipp,8,-0.04467126207914647
pre_covid,bruta,z_bruto,1,price_ipp,9,-0.05386995923392279
pre_covid,bruta,z_bruto,1,price_ipp,10,-0.09139556554743773
pre_covid,bruta,z_bruto,1,price_ipp,11,-0.11342880634801664
pre_covid,bruta,z_bruto,1,price_ipp,12,-0.1047295597772104
pre_covid,bruta,z_bruto,1,price_ipp,13,-0.11267182404389642
pre_covid,bruta,z_bruto,1,price_ipp,14,-0.11778954971505025
pre_covid,bruta,z_bruto,1,price_ipp,15,-0.1147141829660851
pre_covid,bruta,z_bruto,1,price_ipp,16,-0.12365003171647761
pre_covid,bruta,z_bruto,1,price_ipp,17,-0.132753022009354
pre_covid,bruta,z_bruto,1,price_ipp,18,-0.13973497037614785
pre_covid,bruta,z_bruto,1,price_ipp,19,-0.15123694255867765
pre_covid,bruta,z_bruto,1,price_ipp,20,-0.16167579187966308
pre_covid,bruta,z_bruto,1,price_ipp,21,-0.1703907363377569
pre_covid,bruta,z_bruto,1,price_ipp,22,-0.17966551589810967
pre_covid,bruta,z_bruto,1,price_ipp,23,-0.18712311006340263
pre_covid,bruta,z_bruto,1,price_ipp,24,-0.1930951122474614
pre_covid,bruta,z_bruto,1,price_ipp,25,-0.19805538241027548
pre_covid,bruta,z_bruto,1,price_ipp,26,-0.20093250494947376
pre_covid,bruta,z_bruto,1,price_ipp,27,-0.20214314291460234
pre_covid,bruta,z_bruto,1,price_ipp,28,-0.2015942964337616
pre_covid,bruta,z_bruto,1,price_ipp,29,-0.19877171634950463
pre_covid,bruta,z_bruto,1,price_ipp,30,-0.1941233059046774
pre_covid,bruta,z_bruto,1,price_ipp,31,-0.1875834089615268
pre_covid,bruta,z_bruto,1,price_ipp,32,-0.17899842637356383
pre_covid,bruta,z_bruto,1,price_ipp,33,-0.16879411957391835
pre_covid,bruta,z_bruto,1,price_ipp,34,-0.1570343158215144
pre_covid,bruta,z_bruto,1,price_ipp,35,-0.143732612920258
pre_covid,bruta,z_bruto,1,price_ipp,36,-0.12922826363368695
pre_covid,bruta,z_bruto,1,price_ipp,37,-0.11365583051201203
pre_covid,bruta,z_bruto,1,price_ipp,38,-0.09710739690123568
pre_covid,bruta,z_bruto,1,price_ipp,39,-0.07984841563487706
pre_covid,bruta,z_bruto,1,price_ipp,40,-0.062055673405893554
pre_covid,bruta,z_bruto,1,price_ipp,41,-0.0438729031054937
pre_covid,bruta,z_bruto,1,price_ipp,42,-0.025524211090882848
pre_covid,bruta,z_bruto,1,price_ipp,43,-0.00720162925354978
pre_covid,bruta,z_bruto,1,price_ipp,44,0.010928539452065494
pre_covid,bruta,z_bruto,1,price_ipp,45,0.02867540942574679
pre_covid,bruta,z_bruto,1,price_ipp,46,0.0458605476864865
pre_covid,bruta,z_bruto,1,price_ipp,47,0.062325017864448044
pre_covid,bruta,z_bruto,1,price_ipp,48,0.07791319903818235
pre_covid,residual,z_bs_purif,2,price_ipca,0,-0.11446953539890765
pre_covid,residual,z_bs_purif,2,price_ipca,1,-0.04225236758476532
pre_covid,residual,z_bs_purif,2,price_ipca,2,-0.07165090379675998
pre_covid,residual,z_bs_purif,2,price_ipca,3,-0.16759940337610263
pre_covid,residual,z_bs_purif,2,price_ipca,4,-0.14183036414585923
pre_covid,residual,z_bs_purif,2,price_ipca,5,-0.11595776942198019
pre_covid,residual,z_bs_purif,2,price_ipca,6,-0.16299499882163876
pre_covid,residual,z_bs_purif,2,price_ipca,7,-0.1610728521002583
pre_covid,residual,z_bs_purif,2,price_ipca,8,-0.16560102011555444
pre_covid,residual,z_bs_purif,2,price_ipca,9,-0.19377536027171205
pre_covid,residual,z_bs_purif,2,price_ipca,10,-0.1862949942666174
pre_covid,residual,z_bs_purif,2,price_ipca,11,-0.17725790202097944
pre_covid,residual,z_bs_purif,2,price_ipca,12,-0.17373810735007955
pre_covid,residual,z_bs_purif,2,price_ipca,13,-0.15112616796979647
pre_covid,residual,z_bs_purif,2,price_ipca,14,-0.1336974218514334
pre_covid,residual,z_bs_purif,2,price_ipca,15,-0.11981697755484555
pre_covid,residual,z_bs_purif,2,price_ipca,16,-0.0989812332827224
pre_covid,residual,z_bs_purif,2,price_ipca,17,-0.08351776549820461
pre_covid,residual,z_bs_purif,2,price_ipca,18,-0.06978888052744033
pre_covid,residual,z_bs_purif,2,price_ipca,19,-0.05247498278468547
pre_covid,residual,z_bs_purif,2,price_ipca,20,-0.03780803301851366
pre_covid,residual,z_bs_purif,2,price_ipca,21,-0.02333419207530349
pre_covid,residual,z_bs_purif,2,price_ipca,22,-0.006997321971320594
pre_covid,residual,z_bs_purif,2,price_ipca,23,0.00789055813934703
pre_covid,residual,z_bs_purif,2,price_ipca,24,0.022331138548883207
pre_covid,residual,z_bs_purif,2,price_ipca,25,0.037040525735173746
pre_covid,residual,z_bs_purif,2,price_ipca,26,0.05045216443539264
pre_covid,residual,z_bs_purif,2,price_ipca,27,0.06301581235005757
pre_covid,residual,z_bs_purif,2,price_ipca,28,0.0750022812484123
pre_covid,residual,z_bs_purif,2,price_ipca,29,0.08579936966552566
pre_covid,residual,z_bs_purif,2,price_ipca,30,0.09558060919736855
pre_covid,residual,z_bs_purif,2,price_ipca,31,0.10437944101445565
pre_covid,residual,z_bs_purif,2,price_ipca,32,0.1119515012715386
pre_covid,residual,z_bs_purif,2,price_ipca,33,0.11832853697009478
pre_covid,residual,z_bs_purif,2,price_ipca,34,0.12344490555715265
pre_covid,residual,z_bs_purif,2,price_ipca,35,0.12722148565777944
pre_covid,residual,z_bs_purif,2,price_ipca,36,0.12967908240787274
pre_covid,residual,z_bs_purif,2,price_ipca,37,0.13077163362991379
pre_covid,residual,z_bs_purif,2,price_ipca,38,0.13051327518755046
pre_covid,residual,z_bs_purif,2,price_ipca,39,0.1289580314666934
pre_covid,residual,z_bs_purif,2,price_ipca,40,0.12610760311988803
pre_covid,residual,z_bs_purif,2,price_ipca,41,0.12202106013710173
pre_covid,residual,z_bs_purif,2,price_ipca,42,0.11677957387696415
pre_covid,residual,z_bs_purif,2,price_ipca,43,0.11042872081484438
pre_covid,residual,z_bs_purif,2,price_ipca,44,0.10305327323627181
pre_covid,residual,z_bs_purif,2,price_ipca,45,0.09475637236133144
pre_covid,residual,z_bs_purif,2,price_ipca,46,0.08562139956750438
pre_covid,residual,z_bs_purif,2,price_ipca,47,0.0757536296837289
pre_covid,residual,z_bs_purif,2,price_ipca,48,0.06527231861830057
pre_covid,residual,z_bs_purif,2,price_ipca_difusao,0,1.1903520393152944
pre_covid,residual,z_bs_purif,2,price_ipca_difusao,1,1.4054029663277188
pre_covid,residual,z_bs_purif,2,price_ipca_difusao,2,1.0563026925386814
pre_covid,residual,z_bs_purif,2,price_ipca_difusao,3,0.9465547015257864
pre_covid,residual,z_bs_purif,2,price_ipca_difusao,4,0.6293141481601204
pre_covid,residual,z_bs_purif,2,price_ipca_difusao,5,0.5157271271651065
pre_covid,residual,z_bs_purif,2,price_ipca_difusao,6,0.17250347672135946
pre_covid,residual,z_bs_purif,2,price_ipca_difusao,7,-0.29306031476556194
pre_covid,residual,z_bs_purif,2,price_ipca_difusao,8,-0.5997271095757537
pre_covid,residual,z_bs_purif,2,price_ipca_difusao,9,-0.9467606797149707
pre_covid,residual,z_bs_purif,2,price_ipca_difusao,10,-1.2392167263287046
pre_covid,residual,z_bs_purif,2,price_ipca_difusao,11,-1.3909175387127466
pre_covid,residual,z_bs_purif,2,price_ipca_difusao,12,-1.534531935983232
pre_covid,residual,z_bs_purif,2,price_ipca_difusao,13,-1.6265206808979955
pre_covid,residual,z_bs_purif,2,price_ipca_difusao,14,-1.6800774729207184
pre_covid,residual,z_bs_purif,2,price_ipca_difusao,15,-1.7388007508450352
pre_covid,residual,z_bs_purif,2,price_ipca_difusao,16,-1.7740969464840888
pre_covid,residual,z_bs_purif,2,price_ipca_difusao,17,-1.8012484734135361
pre_covid,residual,z_bs_purif,2,price_ipca_difusao,18,-1.82687674613017
pre_covid,residual,z_bs_purif,2,price_ipca_difusao,19,-1.8268554345691956
pre_covid,residual,z_bs_purif,2,price_ipca_difusao,20,-1.8147407847367578
pre_covid,residual,z_bs_purif,2,price_ipca_difusao,21,-1.791057388058078
pre_covid,residual,z_bs_purif,2,price_ipca_difusao,22,-1.7428396689138719
pre_covid,residual,z_bs_purif,2,price_ipca_difusao,23,-1.6811144139293441
pre_covid,residual,z_bs_purif,2,price_ipca_difusao,24,-1.6081041534815654
pre_covid,residual,z_bs_purif,2,price_ipca_difusao,25,-1.516998781702651
pre_covid,residual,z_bs_purif,2,price_ipca_difusao,26,-1.4143111602801839
pre_covid,residual,z_bs_purif,2,price_ipca_difusao,27,-1.3020899648291893
pre_covid,residual,z_bs_purif,2,price_ipca_difusao,28,-1.1769203102118526
pre_covid,residual,z_bs_purif,2,price_ipca_difusao,29,-1.0421505223110819
pre_covid,residual,z_bs_purif,2,price_ipca_difusao,30,-0.9000063465118652
pre_covid,residual,z_bs_purif,2,price_ipca_difusao,31,-0.7498408605594079
pre_covid,residual,z_bs_purif,2,price_ipca_difusao,32,-0.5939551448920461
pre_covid,residual,z_bs_purif,2,price_ipca_difusao,33,-0.4347241979664232
pre_covid,residual,z_bs_purif,2,price_ipca_difusao,34,-0.27312894487146433
pre_covid,residual,z_bs_purif,2,price_ipca_difusao,35,-0.11096873517426215
pre_covid,residual,z_bs_purif,2,price_ipca_difusao,36,0.049722442845210935
pre_covid,residual,z_bs_purif,2,price_ipca_difusao,37,0.20747461818309504
pre_covid,residual,z_bs_purif,2,price_ipca_difusao,38,0.36084533846670547
pre_covid,residual,z_bs_purif,2,price_ipca_difusao,39,0.5082605582955997
pre_covid,residual,z_bs_purif,2,price_ipca_difusao,40,0.6482692990529842
pre_covid,residual,z_bs_purif,2,price_ipca_difusao,41,0.7796687778906467
pre_covid,residual,z_bs_purif,2,price_ipca_difusao,42,0.9012807321449954
pre_covid,residual,z_bs_purif,2,price_ipca_difusao,43,1.011921247680696
pre_covid,residual,z_bs_purif,2,price_ipca_difusao,44,1.110671008956974
pre_covid,residual,z_bs_purif,2,price_ipca_difusao,45,1.1967613936155672
pre_covid,residual,z_bs_purif,2,price_ipca_difusao,46,1.2694376136490164
pre_covid,residual,z_bs_purif,2,price_ipca_difusao,47,1.3281667701468007
pre_covid,residual,z_bs_purif,2,price_ipca_difusao,48,1.3726172484712327
pre_covid,residual,z_bs_purif,2,price_core_ipca_ex0,0,-0.01919916356280481
pre_covid,residual,z_bs_purif,2,price_core_ipca_ex0,1,-0.04200611633182885
pre_covid,residual,z_bs_purif,2,price_core_ipca_ex0,2,0.03101126916811449
pre_covid,residual,z_bs_purif,2,price_core_ipca_ex0,3,-0.010914287493853612
pre_covid,residual,z_bs_purif,2,price_core_ipca_ex0,4,-0.01094504351902086
pre_covid,residual,z_bs_purif,2,price_core_ipca_ex0,5,0.02183381104475803
pre_covid,residual,z_bs_purif,2,price_core_ipca_ex0,6,-0.011641738452181282
pre_covid,residual,z_bs_purif,2,price_core_ipca_ex0,7,-0.014660611366317388
pre_covid,residual,z_bs_purif,2,price_core_ipca_ex0,8,-0.013145105148902925
pre_covid,residual,z_bs_purif,2,price_core_ipca_ex0,9,-0.03566177406428167
pre_covid,residual,z_bs_purif,2,price_core_ipca_ex0,10,-0.03792995019316565
pre_covid,residual,z_bs_purif,2,price_core_ipca_ex0,11,-0.040224201439940765
pre_covid,residual,z_bs_purif,2,price_core_ipca_ex0,12,-0.049103411653984706
pre_covid,residual,z_bs_purif,2,price_core_ipca_ex0,13,-0.04731823686697206
pre_covid,residual,z_bs_purif,2,price_core_ipca_ex0,14,-0.04758041435360208
pre_covid,residual,z_bs_purif,2,price_core_ipca_ex0,15,-0.05041287430645929
pre_covid,residual,z_bs_purif,2,price_core_ipca_ex0,16,-0.048623438122907744
pre_covid,residual,z_bs_purif,2,price_core_ipca_ex0,17,-0.04894283070985196
pre_covid,residual,z_bs_purif,2,price_core_ipca_ex0,18,-0.050223116096327354
pre_covid,residual,z_bs_purif,2,price_core_ipca_ex0,19,-0.04909063261309215
pre_covid,residual,z_bs_purif,2,price_core_ipca_ex0,20,-0.048933527050360796
pre_covid,residual,z_bs_purif,2,price_core_ipca_ex0,21,-0.04875907566551457
pre_covid,residual,z_bs_purif,2,price_core_ipca_ex0,22,-0.047092289441739446
pre_covid,residual,z_bs_purif,2,price_core_ipca_ex0,23,-0.045694126432937514
pre_covid,residual,z_bs_purif,2,price_core_ipca_ex0,24,-0.044037763093710165
pre_covid,residual,z_bs_purif,2,price_core_ipca_ex0,25,-0.04153609690811522
pre_covid,residual,z_bs_purif,2,price_core_ipca_ex0,26,-0.03903324287355219
pre_covid,residual,z_bs_purif,2,price_core_ipca_ex0,27,-0.036265807857423234
pre_covid,residual,z_bs_purif,2,price_core_ipca_ex0,28,-0.03300931680245791
pre_covid,residual,z_bs_purif,2,price_core_ipca_ex0,29,-0.029625551761651443
pre_covid,residual,z_bs_purif,2,price_core_ipca_ex0,30,-0.026002755591583215
pre_covid,residual,z_bs_purif,2,price_core_ipca_ex0,31,-0.022096144673663533
pre_covid,residual,z_bs_purif,2,price_core_ipca_ex0,32,-0.018068938541809257
pre_covid,residual,z_bs_purif,2,price_core_ipca_ex0,33,-0.013900768122208978
pre_covid,residual,z_bs_purif,2,price_core_ipca_ex0,34,-0.009630315609237758
pre_covid,residual,z_bs_purif,2,price_core_ipca_ex0,35,-0.005342081446165019
pre_covid,residual,z_bs_purif,2,price_core_ipca_ex0,36,-0.0010501219308947064
pre_covid,residual,z_bs_purif,2,price_core_ipca_ex0,37,0.003187062131314329
pre_covid,residual,z_bs_purif,2,price_core_ipca_ex0,38,0.007319975791894183
pre_covid,residual,z_bs_purif,2,price_core_ipca_ex0,39,0.011327453795246877
pre_covid,residual,z_bs_purif,2,price_core_ipca_ex0,40,0.015155765026400472
pre_covid,residual,z_bs_purif,2,price_core_ipca_ex0,41,0.01876966191290159
pre_covid,residual,z_bs_purif,2,price_core_ipca_ex0,42,0.022148091144551168
pre_covid,residual,z_bs_purif,2,price_core_ipca_ex0,43,0.025249039879104946
pre_covid,residual,z_bs_purif,2,price_core_ipca_ex0,44,0.028045826085457994
pre_covid,residual,z_bs_purif,2,price_core_ipca_ex0,45,0.030522141265932532
pre_covid,residual,z_bs_purif,2,price_core_ipca_ex0,46,0.032650969244201515
pre_covid,residual,z_bs_purif,2,price_core_ipca_ex0,47,0.034415747009567184
pre_covid,residual,z_bs_purif,2,price_core_ipca_ex0,48,0.03580854885004586
pre_covid,residual,z_bs_purif,2,price_core_ipca_ex1,0,-0.05225314022275685
pre_covid,residual,z_bs_purif,2,price_core_ipca_ex1,1,0.01542719375154373
pre_covid,residual,z_bs_purif,2,price_core_ipca_ex1,2,-0.015981092094338727
pre_covid,residual,z_bs_purif,2,price_core_ipca_ex1,3,-0.05772731704071056
pre_covid,residual,z_bs_purif,2,price_core_ipca_ex1,4,-0.05452807067489356
pre_covid,residual,z_bs_purif,2,price_core_ipca_ex1,5,-0.06218241291170862
pre_covid,residual,z_bs_purif,2,price_core_ipca_ex1,6,-0.08094946341225581
pre_covid,residual,z_bs_purif,2,price_core_ipca_ex1,7,-0.08772273726649943
pre_covid,residual,z_bs_purif,2,price_core_ipca_ex1,8,-0.09883205567527466
pre_covid,residual,z_bs_purif,2,price_core_ipca_ex1,9,-0.10940470178711093
pre_covid,residual,z_bs_purif,2,price_core_ipca_ex1,10,-0.1099127330363524
pre_covid,residual,z_bs_purif,2,price_core_ipca_ex1,11,-0.10810768653372044
pre_covid,residual,z_bs_purif,2,price_core_ipca_ex1,12,-0.1039971046689245
pre_covid,residual,z_bs_purif,2,price_core_ipca_ex1,13,-0.09446952903535802
pre_covid,residual,z_bs_purif,2,price_core_ipca_ex1,14,-0.08643812622879066
pre_covid,residual,z_bs_purif,2,price_core_ipca_ex1,15,-0.07835167555598466
pre_covid,residual,z_bs_purif,2,price_core_ipca_ex1,16,-0.06884646793772507
pre_covid,residual,z_bs_purif,2,price_core_ipca_ex1,17,-0.0613026707109926
pre_covid,residual,z_bs_purif,2,price_core_ipca_ex1,18,-0.05393795545013066
pre_covid,residual,z_bs_purif,2,price_core_ipca_ex1,19,-0.04566508786501334
pre_covid,residual,z_bs_purif,2,price_core_ipca_ex1,20,-0.03824453929092224
pre_covid,residual,z_bs_purif,2,price_core_ipca_ex1,21,-0.03063381953062617
pre_covid,residual,z_bs_purif,2,price_core_ipca_ex1,22,-0.022403097801942086
pre_covid,residual,z_bs_purif,2,price_core_ipca_ex1,23,-0.014561860726461144
pre_covid,residual,z_bs_purif,2,price_core_ipca_ex1,24,-0.006778134017834444
pre_covid,residual,z_bs_purif,2,price_core_ipca_ex1,25,0.0011102090362273725
pre_covid,residual,z_bs_purif,2,price_core_ipca_ex1,26,0.008612480915495265
pre_covid,residual,z_bs_purif,2,price_core_ipca_ex1,27,0.015825110173893518
pre_covid,residual,z_bs_purif,2,price_core_ipca_ex1,28,0.022826536118828566
pre_covid,residual,z_bs_purif,2,price_core_ipca_ex1,29,0.029429696973622223
pre_covid,residual,z_bs_purif,2,price_core_ipca_ex1,30,0.03562629733877395
pre_covid,residual,z_bs_purif,2,price_core_ipca_ex1,31,0.041415600934739935
pre_covid,residual,z_bs_purif,2,price_core_ipca_ex1,32,0.04671545389318075
pre_covid,residual,z_bs_purif,2,price_core_ipca_ex1,33,0.05147551090346227
pre_covid,residual,z_bs_purif,2,price_core_ipca_ex1,34,0.05565353424068415
pre_covid,residual,z_bs_purif,2,price_core_ipca_ex1,35,0.0592172746700092
pre_covid,residual,z_bs_purif,2,price_core_ipca_ex1,36,0.06213219958570689
pre_covid,residual,z_bs_purif,2,price_core_ipca_ex1,37,0.0643649825711908
pre_covid,residual,z_bs_purif,2,price_core_ipca_ex1,38,0.06591660422309314
pre_covid,residual,z_bs_purif,2,price_core_ipca_ex1,39,0.06678313644210915
pre_covid,residual,z_bs_purif,2,price_core_ipca_ex1,40,0.06695345919039125
pre_covid,residual,z_bs_purif,2,price_core_ipca_ex1,41,0.06644653013473342
pre_covid,residual,z_bs_purif,2,price_core_ipca_ex1,42,0.06528162773297506
pre_covid,residual,z_bs_purif,2,price_core_ipca_ex1,43,0.06347008278370984
pre_covid,residual,z_bs_purif,2,price_core_ipca_ex1,44,0.0610439380345732
pre_covid,residual,z_bs_purif,2,price_core_ipca_ex1,45,0.058040781533179556
pre_covid,residual,z_bs_purif,2,price_core_ipca_ex1,46,0.05449343125721894
pre_covid,residual,z_bs_purif,2,price_core_ipca_ex1,47,0.05044686150444593
pre_covid,residual,z_bs_purif,2,price_core_ipca_ex1,48,0.04595274633844649
pre_covid,residual,z_bs_purif,2,price_core_ipca_dw,0,-0.057840242329893536
pre_covid,residual,z_bs_purif,2,price_core_ipca_dw,1,-0.03214249379782094
pre_covid,residual,z_bs_purif,2,price_core_ipca_dw,2,-0.012432595010172591
pre_covid,residual,z_bs_purif,2,price_core_ipca_dw,3,-0.05763376922514099
pre_covid,residual,z_bs_purif,2,price_core_ipca_dw,4,-0.05529912481636503
pre_covid,residual,z_bs_purif,2,price_core_ipca_dw,5,-0.04727748577092382
pre_covid,residual,z_bs_purif,2,price_core_ipca_dw,6,-0.0738486595818062
pre_covid,residual,z_bs_purif,2,price_core_ipca_dw,7,-0.07703597797331722
pre_covid,residual,z_bs_purif,2,price_core_ipca_dw,8,-0.08178998209148665
pre_covid,residual,z_bs_purif,2,price_core_ipca_dw,9,-0.09690080184870795
pre_covid,residual,z_bs_purif,2,price_core_ipca_dw,10,-0.0965878515710433
pre_covid,residual,z_bs_purif,2,price_core_ipca_dw,11,-0.09598276682249872
pre_covid,residual,z_bs_purif,2,price_core_ipca_dw,12,-0.09690342237269645
pre_covid,residual,z_bs_purif,2,price_core_ipca_dw,13,-0.08962894776151377
pre_covid,residual,z_bs_purif,2,price_core_ipca_dw,14,-0.08408394376290203
pre_covid,residual,z_bs_purif,2,price_core_ipca_dw,15,-0.07934266890196347
pre_covid,residual,z_bs_purif,2,price_core_ipca_dw,16,-0.07143732486304588
pre_covid,residual,z_bs_purif,2,price_core_ipca_dw,17,-0.06540086429393373
pre_covid,residual,z_bs_purif,2,price_core_ipca_dw,18,-0.0597002356611628
pre_covid,residual,z_bs_purif,2,price_core_ipca_dw,19,-0.05237189690455791
pre_covid,residual,z_bs_purif,2,price_core_ipca_dw,20,-0.04591124378432025
pre_covid,residual,z_bs_purif,2,price_core_ipca_dw,21,-0.03929845606811913
pre_covid,residual,z_bs_purif,2,price_core_ipca_dw,22,-0.03175041557047048
pre_covid,residual,z_bs_purif,2,price_core_ipca_dw,23,-0.024580252342296403
pre_covid,residual,z_bs_purif,2,price_core_ipca_dw,24,-0.017354789768984993
pre_covid,residual,z_bs_purif,2,price_core_ipca_dw,25,-0.009811505022330651
pre_covid,residual,z_bs_purif,2,price_core_ipca_dw,26,-0.002585500529715117
pre_covid,residual,z_bs_purif,2,price_core_ipca_dw,27,0.004500092432261439
pre_covid,residual,z_bs_purif,2,price_core_ipca_dw,28,0.011524377741259478
pre_covid,residual,z_bs_purif,2,price_core_ipca_dw,29,0.01821761182433802
pre_covid,residual,z_bs_purif,2,price_core_ipca_dw,30,0.024630391486451048
pre_covid,residual,z_bs_purif,2,price_core_ipca_dw,31,0.03074713520833043
pre_covid,residual,z_bs_purif,2,price_core_ipca_dw,32,0.03644306295738493
pre_covid,residual,z_bs_purif,2,price_core_ipca_dw,33,0.041706188348593395
pre_covid,residual,z_bs_purif,2,price_core_ipca_dw,34,0.04648254538748118
pre_covid,residual,z_bs_purif,2,price_core_ipca_dw,35,0.050712803093645
pre_covid,residual,z_bs_purif,2,price_core_ipca_dw,36,0.05437829243186875
pre_covid,residual,z_bs_purif,2,price_core_ipca_dw,37,0.05743382564203811
pre_covid,residual,z_bs_purif,2,price_core_ipca_dw,38,0.0598591649085157
pre_covid,residual,z_bs_purif,2,price_core_ipca_dw,39,0.06165095331790669
pre_covid,residual,z_bs_purif,2,price_core_ipca_dw,40,0.06278699030380953
pre_covid,residual,z_bs_purif,2,price_core_ipca_dw,41,0.06326995079105228
pre_covid,residual,z_bs_purif,2,price_core_ipca_dw,42,0.06311283469564657
pre_covid,residual,z_bs_purif,2,price_core_ipca_dw,43,0.06231698314426397
pre_covid,residual,z_bs_purif,2,price_core_ipca_dw,44,0.060901856681960055
pre_covid,residual,z_bs_purif,2,price_core_ipca_dw,45,0.05889614134842959
pre_covid,residual,z_bs_purif,2,price_core_ipca_dw,46,0.056323251188215934
pre_covid,residual,z_bs_purif,2,price_core_ipca_dw,47,0.05321802707268643
pre_covid,residual,z_bs_purif,2,price_core_ipca_dw,48,0.04962312888772372
pre_covid,residual,z_bs_purif,2,price_inpc,0,-0.08613067109046334
pre_covid,residual,z_bs_purif,2,price_inpc,1,0.01949685742590487
pre_covid,residual,z_bs_purif,2,price_inpc,2,-0.09236200991518541
pre_covid,residual,z_bs_purif,2,price_inpc,3,-0.1740595783844216
pre_covid,residual,z_bs_purif,2,price_inpc,4,-0.1394139384120511
pre_covid,residual,z_bs_purif,2,price_inpc,5,-0.12425889881543531
pre_covid,residual,z_bs_purif,2,price_inpc,6,-0.155539023270862
pre_covid,residual,z_bs_purif,2,price_inpc,7,-0.153483625796599
pre_covid,residual,z_bs_purif,2,price_inpc,8,-0.16029224986534796
pre_covid,residual,z_bs_purif,2,price_inpc,9,-0.18084818484692441
pre_covid,residual,z_bs_purif,2,price_inpc,10,-0.17208237223984887
pre_covid,residual,z_bs_purif,2,price_inpc,11,-0.15913669665097002
pre_covid,residual,z_bs_purif,2,price_inpc,12,-0.14956916799109052
pre_covid,residual,z_bs_purif,2,price_inpc,13,-0.12397542240331294
pre_covid,residual,z_bs_purif,2,price_inpc,14,-0.10339205666427129
pre_covid,residual,z_bs_purif,2,price_inpc,15,-0.08641241589824347
pre_covid,residual,z_bs_purif,2,price_inpc,16,-0.06430139204859463
pre_covid,residual,z_bs_purif,2,price_inpc,17,-0.047707348248164215
pre_covid,residual,z_bs_purif,2,price_inpc,18,-0.03310621361644943
pre_covid,residual,z_bs_purif,2,price_inpc,19,-0.015659793404404494
pre_covid,residual,z_bs_purif,2,price_inpc,20,-9.155584627312969e-4
pre_covid,residual,z_bs_purif,2,price_inpc,21,0.013440067629190254
pre_covid,residual,z_bs_purif,2,price_inpc,22,0.029240651005549605
pre_covid,residual,z_bs_purif,2,price_inpc,23,0.04343886889583473
pre_covid,residual,z_bs_purif,2,price_inpc,24,0.05686401808555761
pre_covid,residual,z_bs_purif,2,price_inpc,25,0.07018711571927075
pre_covid,residual,z_bs_purif,2,price_inpc,26,0.0819773084256872
pre_covid,residual,z_bs_purif,2,price_inpc,27,0.09259877308632815
pre_covid,residual,z_bs_purif,2,price_inpc,28,0.10235792558995697
pre_covid,residual,z_bs_purif,2,price_inpc,29,0.11073656065785896
pre_covid,residual,z_bs_purif,2,price_inpc,30,0.11787050024422836
pre_covid,residual,z_bs_purif,2,price_inpc,31,0.1238379118889542
pre_covid,residual,z_bs_purif,2,price_inpc,32,0.1284549146107043
pre_covid,residual,z_bs_purif,2,price_inpc,33,0.13174395928157429
pre_covid,residual,z_bs_purif,2,price_inpc,34,0.1336788391504561
pre_covid,residual,z_bs_purif,2,price_inpc,35,0.1342285100154161
pre_covid,residual,z_bs_purif,2,price_inpc,36,0.13342714573272607
pre_covid,residual,z_bs_purif,2,price_inpc,37,0.13126646925176474
pre_covid,residual,z_bs_purif,2,price_inpc,38,0.12780239527585582
pre_covid,residual,z_bs_purif,2,price_inpc,39,0.12311314773226911
pre_covid,residual,z_bs_purif,2,price_inpc,40,0.11723302486661016
pre_covid,residual,z_bs_purif,2,price_inpc,41,0.11025427105594549
pre_covid,residual,z_bs_purif,2,price_inpc,42,0.10228231678488899
pre_covid,residual,z_bs_purif,2,price_inpc,43,0.09338804200617724
pre_covid,residual,z_bs_purif,2,price_inpc,44,0.08368025329288331
pre_covid,residual,z_bs_purif,2,price_inpc,45,0.07328161875277728
pre_covid,residual,z_bs_purif,2,price_inpc,46,0.06229320535399597
pre_covid,residual,z_bs_purif,2,price_inpc,47,0.05083545986669631
pre_covid,residual,z_bs_purif,2,price_inpc,48,0.03903981732304075
pre_covid,residual,z_bs_purif,2,price_igp_m,0,-0.31835373713735565
pre_covid,residual,z_bs_purif,2,price_igp_m,1,-0.21385094391276163
pre_covid,residual,z_bs_purif,2,price_igp_m,2,-0.1363465588261866
pre_covid,residual,z_bs_purif,2,price_igp_m,3,-0.31937678396392405
pre_covid,residual,z_bs_purif,2,price_igp_m,4,-0.28294145611336124
pre_covid,residual,z_bs_purif,2,price_igp_m,5,-0.24168122177664095
pre_covid,residual,z_bs_purif,2,price_igp_m,6,-0.3279796253339026
pre_covid,residual,z_bs_purif,2,price_igp_m,7,-0.30939799091453
pre_covid,residual,z_bs_purif,2,price_igp_m,8,-0.30892697653794116
pre_covid,residual,z_bs_purif,2,price_igp_m,9,-0.3485817275903789
pre_covid,residual,z_bs_purif,2,price_igp_m,10,-0.32652641581372005
pre_covid,residual,z_bs_purif,2,price_igp_m,11,-0.31176980084735834
pre_covid,residual,z_bs_purif,2,price_igp_m,12,-0.3041467776366973
pre_covid,residual,z_bs_purif,2,price_igp_m,13,-0.26510822157615116
pre_covid,residual,z_bs_purif,2,price_igp_m,14,-0.2361903017761276
pre_covid,residual,z_bs_purif,2,price_igp_m,15,-0.2107288277107148
pre_covid,residual,z_bs_purif,2,price_igp_m,16,-0.1735407897488275
pre_covid,residual,z_bs_purif,2,price_igp_m,17,-0.14512781561177623
pre_covid,residual,z_bs_purif,2,price_igp_m,18,-0.11848214374990676
pre_covid,residual,z_bs_purif,2,price_igp_m,19,-0.08665886592267227
pre_covid,residual,z_bs_purif,2,price_igp_m,20,-0.05948022896513419
pre_covid,residual,z_bs_purif,2,price_igp_m,21,-0.032540132411272855
pre_covid,residual,z_bs_purif,2,price_igp_m,22,-0.0033103341358034196
pre_covid,residual,z_bs_purif,2,price_igp_m,23,0.023272617623574045
pre_covid,residual,z_bs_purif,2,price_igp_m,24,0.04918321286470629
pre_covid,residual,z_bs_purif,2,price_igp_m,25,0.07511473055389398
pre_covid,residual,z_bs_purif,2,price_igp_m,26,0.09876422836151601
pre_covid,residual,z_bs_purif,2,price_igp_m,27,0.12101778709556653
pre_covid,residual,z_bs_purif,2,price_igp_m,28,0.14201204666484507
pre_covid,residual,z_bs_purif,2,price_igp_m,29,0.16082268310908365
pre_covid,residual,z_bs_purif,2,price_igp_m,30,0.1778167955984729
pre_covid,residual,z_bs_purif,2,price_igp_m,31,0.1929040896409622
pre_covid,residual,z_bs_purif,2,price_igp_m,32,0.2057161562999575
pre_covid,residual,z_bs_purif,2,price_igp_m,33,0.2163667551977818
pre_covid,residual,z_bs_purif,2,price_igp_m,34,0.22470528801549283
pre_covid,residual,z_bs_purif,2,price_igp_m,35,0.2306131845742303
pre_covid,residual,z_bs_purif,2,price_igp_m,36,0.2341583195837592
pre_covid,residual,z_bs_purif,2,price_igp_m,37,0.2352603959736376
pre_covid,residual,z_bs_purif,2,price_igp_m,38,0.23394582345427625
pre_covid,residual,z_bs_purif,2,price_igp_m,39,0.2303200741053461
pre_covid,residual,z_bs_purif,2,price_igp_m,40,0.22439928882445975
pre_covid,residual,z_bs_purif,2,price_igp_m,41,0.21629040609816322
pre_covid,residual,z_bs_purif,2,price_igp_m,42,0.2061417086176316
pre_covid,residual,z_bs_purif,2,price_igp_m,43,0.19405037175873532
pre_covid,residual,z_bs_purif,2,price_igp_m,44,0.18017344794334708
pre_covid,residual,z_bs_purif,2,price_igp_m,45,0.16469667262308105
pre_covid,residual,z_bs_purif,2,price_igp_m,46,0.14778058360890506
pre_covid,residual,z_bs_purif,2,price_igp_m,47,0.1296190566872593
pre_covid,residual,z_bs_purif,2,price_igp_m,48,0.11042520008250822
pre_covid,residual,z_bs_purif,2,price_ipp,0,0.03874844928819883
pre_covid,residual,z_bs_purif,2,price_ipp,1,0.33782554840172296
pre_covid,residual,z_bs_purif,2,price_ipp,2,0.2882250201556546
pre_covid,residual,z_bs_purif,2,price_ipp,3,0.257940501637773
pre_covid,residual,z_bs_purif,2,price_ipp,4,0.1893945783603207
pre_covid,residual,z_bs_purif,2,price_ipp,5,0.08575089982389568
pre_covid,residual,z_bs_purif,2,price_ipp,6,0.07783974736977708
pre_covid,residual,z_bs_purif,2,price_ipp,7,0.011347265040410984
pre_covid,residual,z_bs_purif,2,price_ipp,8,-0.06132794667883351
pre_covid,residual,z_bs_purif,2,price_ipp,9,-0.06687097948141422
pre_covid,residual,z_bs_purif,2,price_ipp,10,-0.1035538025563076
pre_covid,residual,z_bs_purif,2,price_ipp,11,-0.12591662694540168
pre_covid,residual,z_bs_purif,2,price_ipp,12,-0.11495725639378168
pre_covid,residual,z_bs_purif,2,price_ipp,13,-0.12215230856412337
pre_covid,residual,z_bs_purif,2,price_ipp,14,-0.1273181627743024
pre_covid,residual,z_bs_purif,2,price_ipp,15,-0.12299328880102828
pre_covid,residual,z_bs_purif,2,price_ipp,16,-0.13081205087311673
pre_covid,residual,z_bs_purif,2,price_ipp,17,-0.1396604965618495
pre_covid,residual,z_bs_purif,2,price_ipp,18,-0.1458842781066702
pre_covid,residual,z_bs_purif,2,price_ipp,19,-0.1565511468692163
pre_covid,residual,z_bs_purif,2,price_ipp,20,-0.16669394767994564
pre_covid,residual,z_bs_purif,2,price_ipp,21,-0.17507809176636227
pre_covid,residual,z_bs_purif,2,price_ipp,22,-0.18380758861505903
pre_covid,residual,z_bs_purif,2,price_ipp,23,-0.1909284940579263
pre_covid,residual,z_bs_purif,2,price_ipp,24,-0.19660948765129477
pre_covid,residual,z_bs_purif,2,price_ipp,25,-0.2010882826499786
pre_covid,residual,z_bs_purif,2,price_ipp,26,-0.20349855723367782
pre_covid,residual,z_bs_purif,2,price_ipp,27,-0.2043147522016745
pre_covid,residual,z_bs_purif,2,price_ipp,28,-0.20327428603489245
pre_covid,residual,z_bs_purif,2,price_ipp,29,-0.19992872559458869
pre_covid,residual,z_bs_purif,2,price_ipp,30,-0.19482378169716388
pre_covid,residual,z_bs_purif,2,price_ipp,31,-0.18780675596087634
pre_covid,residual,z_bs_purif,2,price_ipp,32,-0.17871393636552388
pre_covid,residual,z_bs_purif,2,price_ipp,33,-0.16804796648895004
pre_covid,residual,z_bs_purif,2,price_ipp,34,-0.1558443047779076
pre_covid,residual,z_bs_purif,2,price_ipp,35,-0.1420879470514351
pre_covid,residual,z_bs_purif,2,price_ipp,36,-0.12716339980403243
pre_covid,residual,z_bs_purif,2,price_ipp,37,-0.11120888177255216
pre_covid,residual,z_bs_purif,2,price_ipp,38,-0.09429279877200006
pre_covid,residual,z_bs_purif,2,price_ipp,39,-0.07670056725897303
pre_covid,residual,z_bs_purif,2,price_ipp,40,-0.058621809378908644
pre_covid,residual,z_bs_purif,2,price_ipp,41,-0.04018626001237349
pre_covid,residual,z_bs_purif,2,price_ipp,42,-0.021622558124613334
pre_covid,residual,z_bs_purif,2,price_ipp,43,-0.0031338836868180747
pre_covid,residual,z_bs_purif,2,price_ipp,44,0.015119635818719933
pre_covid,residual,z_bs_purif,2,price_ipp,45,0.03294925718854719
pre_covid,residual,z_bs_purif,2,price_ipp,46,0.05017015072670696
pre_covid,residual,z_bs_purif,2,price_ipp,47,0.06662529364472834
pre_covid,residual,z_bs_purif,2,price_ipp,48,0.08216318594662544
pre_covid,residual+jk,z_jk_bs_purif,3,price_ipca,0,-0.14908117472221497
pre_covid,residual+jk,z_jk_bs_purif,3,price_ipca,1,-0.028944994305823327
pre_covid,residual+jk,z_jk_bs_purif,3,price_ipca,2,-0.0461326512661748
pre_covid,residual+jk,z_jk_bs_purif,3,price_ipca,3,-0.14317299801738775
pre_covid,residual+jk,z_jk_bs_purif,3,price_ipca,4,-0.047282445212192735
pre_covid,residual+jk,z_jk_bs_purif,3,price_ipca,5,-0.028637476776446118
pre_covid,residual+jk,z_jk_bs_purif,3,price_ipca,6,-0.10401216500021906
pre_covid,residual+jk,z_jk_bs_purif,3,price_ipca,7,-0.09440201203521709
pre_covid,residual+jk,z_jk_bs_purif,3,price_ipca,8,-0.10653175160390019
pre_covid,residual+jk,z_jk_bs_purif,3,price_ipca,9,-0.15782130812785408
pre_covid,residual+jk,z_jk_bs_purif,3,price_ipca,10,-0.14457668382583788
pre_covid,residual+jk,z_jk_bs_purif,3,price_ipca,11,-0.1282011403374887
pre_covid,residual+jk,z_jk_bs_purif,3,price_ipca,12,-0.1298150590051775
pre_covid,residual+jk,z_jk_bs_purif,3,price_ipca,13,-0.10522466882145287
pre_covid,residual+jk,z_jk_bs_purif,3,price_ipca,14,-0.08234868134953476
pre_covid,residual+jk,z_jk_bs_purif,3,price_ipca,15,-0.07287113558493202
pre_covid,residual+jk,z_jk_bs_purif,3,price_ipca,16,-0.057159802182642085
pre_covid,residual+jk,z_jk_bs_purif,3,price_ipca,17,-0.04297281412396077
pre_covid,residual+jk,z_jk_bs_purif,3,price_ipca,18,-0.03366735783446044
pre_covid,residual+jk,z_jk_bs_purif,3,price_ipca,19,-0.02252950961457854
pre_covid,residual+jk,z_jk_bs_purif,3,price_ipca,20,-0.010719959249495049
pre_covid,residual+jk,z_jk_bs_purif,3,price_ipca,21,8.851709579097971e-4
pre_covid,residual+jk,z_jk_bs_purif,3,price_ipca,22,0.012541265033907432
pre_covid,residual+jk,z_jk_bs_purif,3,price_ipca,23,0.024028046958393858
pre_covid,residual+jk,z_jk_bs_purif,3,price_ipca,24,0.03567105204193058
pre_covid,residual+jk,z_jk_bs_purif,3,price_ipca,25,0.04615002722245741
pre_covid,residual+jk,z_jk_bs_purif,3,price_ipca,26,0.05548571152507591
pre_covid,residual+jk,z_jk_bs_purif,3,price_ipca,27,0.06470878913818442
pre_covid,residual+jk,z_jk_bs_purif,3,price_ipca,28,0.0727761120632225
pre_covid,residual+jk,z_jk_bs_purif,3,price_ipca,29,0.07957714806497015
pre_covid,residual+jk,z_jk_bs_purif,3,price_ipca,30,0.08604813456896912
pre_covid,residual+jk,z_jk_bs_purif,3,price_ipca,31,0.09154278953541578
pre_covid,residual+jk,z_jk_bs_purif,3,price_ipca,32,0.09575370830429249
pre_covid,residual+jk,z_jk_bs_purif,3,price_ipca,33,0.09925748804865821
pre_covid,residual+jk,z_jk_bs_purif,3,price_ipca,34,0.1017607622281818
pre_covid,residual+jk,z_jk_bs_purif,3,price_ipca,35,0.1029782547677805
pre_covid,residual+jk,z_jk_bs_purif,3,price_ipca,36,0.10323856088038662
pre_covid,residual+jk,z_jk_bs_purif,3,price_ipca,37,0.10250773988585625
pre_covid,residual+jk,z_jk_bs_purif,3,price_ipca,38,0.10062901209659708
pre_covid,residual+jk,z_jk_bs_purif,3,price_ipca,39,0.09778048036986688
pre_covid,residual+jk,z_jk_bs_purif,3,price_ipca,40,0.09404318843031806
pre_covid,residual+jk,z_jk_bs_purif,3,price_ipca,41,0.08936988547155313
pre_covid,residual+jk,z_jk_bs_purif,3,price_ipca,42,0.08385573086201531
pre_covid,residual+jk,z_jk_bs_purif,3,price_ipca,43,0.07761168893820827
pre_covid,residual+jk,z_jk_bs_purif,3,price_ipca,44,0.07066902506492434
pre_covid,residual+jk,z_jk_bs_purif,3,price_ipca,45,0.06309909191514493
pre_covid,residual+jk,z_jk_bs_purif,3,price_ipca,46,0.05501681162867849
pre_covid,residual+jk,z_jk_bs_purif,3,price_ipca,47,0.04650326102691591
pre_covid,residual+jk,z_jk_bs_purif,3,price_ipca,48,0.03763450194730846
pre_covid,residual+jk,z_jk_bs_purif,3,price_ipca_difusao,0,1.1376817626054645
pre_covid,residual+jk,z_jk_bs_purif,3,price_ipca_difusao,1,1.513184063822287
pre_covid,residual+jk,z_jk_bs_purif,3,price_ipca_difusao,2,1.0179695531686517
pre_covid,residual+jk,z_jk_bs_purif,3,price_ipca_difusao,3,0.8702960667266862
pre_covid,residual+jk,z_jk_bs_purif,3,price_ipca_difusao,4,0.9580948524596049
pre_covid,residual+jk,z_jk_bs_purif,3,price_ipca_difusao,5,0.682414227391814
pre_covid,residual+jk,z_jk_bs_purif,3,price_ipca_difusao,6,0.1214020465382326
pre_covid,residual+jk,z_jk_bs_purif,3,price_ipca_difusao,7,-0.24239125255499575
pre_covid,residual+jk,z_jk_bs_purif,3,price_ipca_difusao,8,-0.5772799857326265
pre_covid,residual+jk,z_jk_bs_purif,3,price_ipca_difusao,9,-1.054656974889031
pre_covid,residual+jk,z_jk_bs_purif,3,price_ipca_difusao,10,-1.2249717488018201
pre_covid,residual+jk,z_jk_bs_purif,3,price_ipca_difusao,11,-1.2588892200170712
pre_covid,residual+jk,z_jk_bs_purif,3,price_ipca_difusao,12,-1.403097414323448
pre_covid,residual+jk,z_jk_bs_purif,3,price_ipca_difusao,13,-1.4168378294622401
pre_covid,residual+jk,z_jk_bs_purif,3,price_ipca_difusao,14,-1.3675929368819062
pre_covid,residual+jk,z_jk_bs_purif,3,price_ipca_difusao,15,-1.419642053537027
pre_covid,residual+jk,z_jk_bs_purif,3,price_ipca_difusao,16,-1.4397520877762653
pre_covid,residual+jk,z_jk_bs_purif,3,price_ipca_difusao,17,-1.416664427884233
pre_covid,residual+jk,z_jk_bs_purif,3,price_ipca_difusao,18,-1.432201408833094
pre_covid,residual+jk,z_jk_bs_purif,3,price_ipca_difusao,19,-1.43271895862879
pre_covid,residual+jk,z_jk_bs_purif,3,price_ipca_difusao,20,-1.3918901769544716
pre_covid,residual+jk,z_jk_bs_purif,3,price_ipca_difusao,21,-1.3508008351768535
pre_covid,residual+jk,z_jk_bs_purif,3,price_ipca_difusao,22,-1.302557567865644
pre_covid,residual+jk,z_jk_bs_purif,3,price_ipca_difusao,23,-1.2297341973797828
pre_covid,residual+jk,z_jk_bs_purif,3,price_ipca_difusao,24,-1.1479202666401813
pre_covid,residual+jk,z_jk_bs_purif,3,price_ipca_difusao,25,-1.0643457136905152
pre_covid,residual+jk,z_jk_bs_purif,3,price_ipca_difusao,26,-0.9692598840514309
pre_covid,residual+jk,z_jk_bs_purif,3,price_ipca_difusao,27,-0.8638071956407786
pre_covid,residual+jk,z_jk_bs_purif,3,price_ipca_difusao,28,-0.7556791176764783
pre_covid,residual+jk,z_jk_bs_purif,3,price_ipca_difusao,29,-0.6419337372975443
pre_covid,residual+jk,z_jk_bs_purif,3,price_ipca_difusao,30,-0.5198171552968125
pre_covid,residual+jk,z_jk_bs_purif,3,price_ipca_difusao,31,-0.39519430780780135
pre_covid,residual+jk,z_jk_bs_purif,3,price_ipca_difusao,32,-0.26965874449075905
pre_covid,residual+jk,z_jk_bs_purif,3,price_ipca_difusao,33,-0.14100472780864245
pre_covid,residual+jk,z_jk_bs_purif,3,price_ipca_difusao,34,-0.012720893237673342
pre_covid,residual+jk,z_jk_bs_purif,3,price_ipca_difusao,35,0.11228611944542768
pre_covid,residual+jk,z_jk_bs_purif,3,price_ipca_difusao,36,0.23509616171230135
pre_covid,residual+jk,z_jk_bs_purif,3,price_ipca_difusao,37,0.3541427244397145
pre_covid,residual+jk,z_jk_bs_purif,3,price_ipca_difusao,38,0.4668590047811248
pre_covid,residual+jk,z_jk_bs_purif,3,price_ipca_difusao,39,0.5733462819411231
pre_covid,residual+jk,z_jk_bs_purif,3,price_ipca_difusao,40,0.6729769166600693
pre_covid,residual+jk,z_jk_bs_purif,3,price_ipca_difusao,41,0.7639083306147189
pre_covid,residual+jk,z_jk_bs_purif,3,price_ipca_difusao,42,0.8456796411366102
pre_covid,residual+jk,z_jk_bs_purif,3,price_ipca_difusao,43,0.9180366599425913
pre_covid,residual+jk,z_jk_bs_purif,3,price_ipca_difusao,44,0.9799081709199379
pre_covid,residual+jk,z_jk_bs_purif,3,price_ipca_difusao,45,1.0307839800495315
pre_covid,residual+jk,z_jk_bs_purif,3,price_ipca_difusao,46,1.0706380468864267
pre_covid,residual+jk,z_jk_bs_purif,3,price_ipca_difusao,47,1.0990771657693899
pre_covid,residual+jk,z_jk_bs_purif,3,price_ipca_difusao,48,1.1158536554454197
pre_covid,residual+jk,z_jk_bs_purif,3,price_core_ipca_ex0,0,-0.012422390899492415
pre_covid,residual+jk,z_jk_bs_purif,3,price_core_ipca_ex0,1,-0.0058498746741345135
pre_covid,residual+jk,z_jk_bs_purif,3,price_core_ipca_ex0,2,0.05429739691776003
pre_covid,residual+jk,z_jk_bs_purif,3,price_core_ipca_ex0,3,0.007175861841732071
pre_covid,residual+jk,z_jk_bs_purif,3,price_core_ipca_ex0,4,0.026406792718316485
pre_covid,residual+jk,z_jk_bs_purif,3,price_core_ipca_ex0,5,0.05124755534327105
pre_covid,residual+jk,z_jk_bs_purif,3,price_core_ipca_ex0,6,0.0016468409024150393
pre_covid,residual+jk,z_jk_bs_purif,3,price_core_ipca_ex0,7,0.002551478542401475
pre_covid,residual+jk,z_jk_bs_purif,3,price_core_ipca_ex0,8,-4.7935733480864656e-5
pre_covid,residual+jk,z_jk_bs_purif,3,price_core_ipca_ex0,9,-0.03323677276477895
pre_covid,residual+jk,z_jk_bs_purif,3,price_core_ipca_ex0,10,-0.03315309301958116
pre_covid,residual+jk,z_jk_bs_purif,3,price_core_ipca_ex0,11,-0.03245744633521929
pre_covid,residual+jk,z_jk_bs_purif,3,price_core_ipca_ex0,12,-0.04386773621144771
pre_covid,residual+jk,z_jk_bs_purif,3,price_core_ipca_ex0,13,-0.04019968774530814
pre_covid,residual+jk,z_jk_bs_purif,3,price_core_ipca_ex0,14,-0.03697459904251205
pre_covid,residual+jk,z_jk_bs_purif,3,price_core_ipca_ex0,15,-0.040237992214581346
pre_covid,residual+jk,z_jk_bs_purif,3,price_core_ipca_ex0,16,-0.03868524292075846
pre_covid,residual+jk,z_jk_bs_purif,3,price_core_ipca_ex0,17,-0.03753251347104225
pre_covid,residual+jk,z_jk_bs_purif,3,price_core_ipca_ex0,18,-0.03880345411179496
pre_covid,residual+jk,z_jk_bs_purif,3,price_core_ipca_ex0,19,-0.03834549480053319
pre_covid,residual+jk,z_jk_bs_purif,3,price_core_ipca_ex0,20,-0.03753463805945078
pre_covid,residual+jk,z_jk_bs_purif,3,price_core_ipca_ex0,21,-0.03681391228667197
pre_covid,residual+jk,z_jk_bs_purif,3,price_core_ipca_ex0,22,-0.035414161559865154
pre_covid,residual+jk,z_jk_bs_purif,3,price_core_ipca_ex0,23,-0.03376485647791125
pre_covid,residual+jk,z_jk_bs_purif,3,price_core_ipca_ex0,24,-0.031660351922944543
pre_covid,residual+jk,z_jk_bs_purif,3,price_core_ipca_ex0,25,-0.029391764835705297
pre_covid,residual+jk,z_jk_bs_purif,3,price_core_ipca_ex0,26,-0.027131179343958096
pre_covid,residual+jk,z_jk_bs_purif,3,price_core_ipca_ex0,27,-0.02439285026862094
pre_covid,residual+jk,z_jk_bs_purif,3,price_core_ipca_ex0,28,-0.021552788585580837
pre_covid,residual+jk,z_jk_bs_purif,3,price_core_ipca_ex0,29,-0.018758924651867057
pre_covid,residual+jk,z_jk_bs_purif,3,price_core_ipca_ex0,30,-0.015579784345529804
pre_covid,residual+jk,z_jk_bs_purif,3,price_core_ipca_ex0,31,-0.012284778340868649
pre_covid,residual+jk,z_jk_bs_purif,3,price_core_ipca_ex0,32,-0.009061680323273957
pre_covid,residual+jk,z_jk_bs_purif,3,price_core_ipca_ex0,33,-0.005651040247929007
pre_covid,residual+jk,z_jk_bs_purif,3,price_core_ipca_ex0,34,-0.00220143514186416
pre_covid,residual+jk,z_jk_bs_purif,3,price_core_ipca_ex0,35,0.0011154384206162632
pre_covid,residual+jk,z_jk_bs_purif,3,price_core_ipca_ex0,36,0.004424881216890803
pre_covid,residual+jk,z_jk_bs_purif,3,price_core_ipca_ex0,37,0.0076703384410868125
pre_covid,residual+jk,z_jk_bs_purif,3,price_core_ipca_ex0,38,0.010731797798831799
pre_covid,residual+jk,z_jk_bs_purif,3,price_core_ipca_ex0,39,0.01365139796506804
pre_covid,residual+jk,z_jk_bs_purif,3,price_core_ipca_ex0,40,0.016415033875480108
pre_covid,residual+jk,z_jk_bs_purif,3,price_core_ipca_ex0,41,0.018949462172488055
pre_covid,residual+jk,z_jk_bs_purif,3,price_core_ipca_ex0,42,0.021252485574404636
pre_covid,residual+jk,z_jk_bs_purif,3,price_core_ipca_ex0,43,0.0233217953205565
pre_covid,residual+jk,z_jk_bs_purif,3,price_core_ipca_ex0,44,0.025119348081965906
pre_covid,residual+jk,z_jk_bs_purif,3,price_core_ipca_ex0,45,0.026629668301277755
pre_covid,residual+jk,z_jk_bs_purif,3,price_core_ipca_ex0,46,0.027853973008795517
pre_covid,residual+jk,z_jk_bs_purif,3,price_core_ipca_ex0,47,0.028779482655725025
pre_covid,residual+jk,z_jk_bs_purif,3,price_core_ipca_ex0,48,0.029395111293336922
pre_covid,residual+jk,z_jk_bs_purif,3,price_core_ipca_ex1,0,-0.03404673769730306
pre_covid,residual+jk,z_jk_bs_purif,3,price_core_ipca_ex1,1,0.05162773489326398
pre_covid,residual+jk,z_jk_bs_purif,3,price_core_ipca_ex1,2,0.01343223547427437
pre_covid,residual+jk,z_jk_bs_purif,3,price_core_ipca_ex1,3,-0.030338397346933933
pre_covid,residual+jk,z_jk_bs_purif,3,price_core_ipca_ex1,4,0.0037159689159748832
pre_covid,residual+jk,z_jk_bs_purif,3,price_core_ipca_ex1,5,-0.013830580325260447
pre_covid,residual+jk,z_jk_bs_purif,3,price_core_ipca_ex1,6,-0.0470709151556787
pre_covid,residual+jk,z_jk_bs_purif,3,price_core_ipca_ex1,7,-0.05019545527480233
pre_covid,residual+jk,z_jk_bs_purif,3,price_core_ipca_ex1,8,-0.06638859708254763
pre_covid,residual+jk,z_jk_bs_purif,3,price_core_ipca_ex1,9,-0.08863075841700935
pre_covid,residual+jk,z_jk_bs_purif,3,price_core_ipca_ex1,10,-0.08543114705171473
pre_covid,residual+jk,z_jk_bs_purif,3,price_core_ipca_ex1,11,-0.07983186379814972
pre_covid,residual+jk,z_jk_bs_purif,3,price_core_ipca_ex1,12,-0.07854220549217344
pre_covid,residual+jk,z_jk_bs_purif,3,price_core_ipca_ex1,13,-0.06772537839830135
pre_covid,residual+jk,z_jk_bs_purif,3,price_core_ipca_ex1,14,-0.05669723008696556
pre_covid,residual+jk,z_jk_bs_purif,3,price_core_ipca_ex1,15,-0.05115953988654065
pre_covid,residual+jk,z_jk_bs_purif,3,price_core_ipca_ex1,16,-0.044163226095988835
pre_covid,residual+jk,z_jk_bs_purif,3,price_core_ipca_ex1,17,-0.036915247616449924
pre_covid,residual+jk,z_jk_bs_purif,3,price_core_ipca_ex1,18,-0.03184448207961949
pre_covid,residual+jk,z_jk_bs_purif,3,price_core_ipca_ex1,19,-0.02661326226278762
pre_covid,residual+jk,z_jk_bs_purif,3,price_core_ipca_ex1,20,-0.020295099643684172
pre_covid,residual+jk,z_jk_bs_purif,3,price_core_ipca_ex1,21,-0.01405730007511184
pre_covid,residual+jk,z_jk_bs_purif,3,price_core_ipca_ex1,22,-0.008148217045491069
pre_covid,residual+jk,z_jk_bs_purif,3,price_core_ipca_ex1,23,-0.0018188257438826758
pre_covid,residual+jk,z_jk_bs_purif,3,price_core_ipca_ex1,24,0.004626009204062961
pre_covid,residual+jk,z_jk_bs_purif,3,price_core_ipca_ex1,25,0.010362676811316463
pre_covid,residual+jk,z_jk_bs_purif,3,price_core_ipca_ex1,26,0.015865502988041524
pre_covid,residual+jk,z_jk_bs_purif,3,price_core_ipca_ex1,27,0.021393055332762728
pre_covid,residual+jk,z_jk_bs_purif,3,price_core_ipca_ex1,28,0.026325550961804382
pre_covid,residual+jk,z_jk_bs_purif,3,price_core_ipca_ex1,29,0.030826203016840217
pre_covid,residual+jk,z_jk_bs_purif,3,price_core_ipca_ex1,30,0.03523618983574525
pre_covid,residual+jk,z_jk_bs_purif,3,price_core_ipca_ex1,31,0.03916665905770764
pre_covid,residual+jk,z_jk_bs_purif,3,price_core_ipca_ex1,32,0.04254956246735729
pre_covid,residual+jk,z_jk_bs_purif,3,price_core_ipca_ex1,33,0.04561761755562228
pre_covid,residual+jk,z_jk_bs_purif,3,price_core_ipca_ex1,34,0.04818463209283862
pre_covid,residual+jk,z_jk_bs_purif,3,price_core_ipca_ex1,35,0.05012978562110055
pre_covid,residual+jk,z_jk_bs_purif,3,price_core_ipca_ex1,36,0.05159346912350353
pre_covid,residual+jk,z_jk_bs_purif,3,price_core_ipca_ex1,37,0.05253650326087029
pre_covid,residual+jk,z_jk_bs_purif,3,price_core_ipca_ex1,38,0.052875066762010654
pre_covid,residual+jk,z_jk_bs_purif,3,price_core_ipca_ex1,39,0.052684878448256145
pre_covid,residual+jk,z_jk_bs_purif,3,price_core_ipca_ex1,40,0.051994286157133786
pre_covid,residual+jk,z_jk_bs_purif,3,price_core_ipca_ex1,41,0.050766483162865896
pre_covid,residual+jk,z_jk_bs_purif,3,price_core_ipca_ex1,42,0.04903927823828897
pre_covid,residual+jk,z_jk_bs_purif,3,price_core_ipca_ex1,43,0.046861949942895234
pre_covid,residual+jk,z_jk_bs_purif,3,price_core_ipca_ex1,44,0.04423841655216226
pre_covid,residual+jk,z_jk_bs_purif,3,price_core_ipca_ex1,45,0.0411970235706294
pre_covid,residual+jk,z_jk_bs_purif,3,price_core_ipca_ex1,46,0.03779270837708687
pre_covid,residual+jk,z_jk_bs_purif,3,price_core_ipca_ex1,47,0.0340588168012161
pre_covid,residual+jk,z_jk_bs_purif,3,price_core_ipca_ex1,48,0.030028958045042298
pre_covid,residual+jk,z_jk_bs_purif,3,price_core_ipca_dw,0,-0.04789130950091277
pre_covid,residual+jk,z_jk_bs_purif,3,price_core_ipca_dw,1,1.5746335141198138e-4
pre_covid,residual+jk,z_jk_bs_purif,3,price_core_ipca_dw,2,0.013375959700159286
pre_covid,residual+jk,z_jk_bs_purif,3,price_core_ipca_dw,3,-0.034572781595326035
pre_covid,residual+jk,z_jk_bs_purif,3,price_core_ipca_dw,4,-0.01040419730655472
pre_covid,residual+jk,z_jk_bs_purif,3,price_core_ipca_dw,5,-0.008150336450330522
pre_covid,residual+jk,z_jk_bs_purif,3,price_core_ipca_dw,6,-0.046525398027936926
pre_covid,residual+jk,z_jk_bs_purif,3,price_core_ipca_dw,7,-0.04611346292898282
pre_covid,residual+jk,z_jk_bs_purif,3,price_core_ipca_dw,8,-0.054215209346131506
pre_covid,residual+jk,z_jk_bs_purif,3,price_core_ipca_dw,9,-0.07813595517977481
pre_covid,residual+jk,z_jk_bs_purif,3,price_core_ipca_dw,10,-0.07533706256242316
pre_covid,residual+jk,z_jk_bs_purif,3,price_core_ipca_dw,11,-0.07185470950210598
pre_covid,residual+jk,z_jk_bs_purif,3,price_core_ipca_dw,12,-0.07469872534931785
pre_covid,residual+jk,z_jk_bs_purif,3,price_core_ipca_dw,13,-0.06617067964524279
pre_covid,residual+jk,z_jk_bs_purif,3,price_core_ipca_dw,14,-0.05815399192061405
pre_covid,residual+jk,z_jk_bs_purif,3,price_core_ipca_dw,15,-0.05474086122235192
pre_covid,residual+jk,z_jk_bs_purif,3,price_core_ipca_dw,16,-0.048333348137065704
pre_covid,residual+jk,z_jk_bs_purif,3,price_core_ipca_dw,17,-0.04237562482516293
pre_covid,residual+jk,z_jk_bs_purif,3,price_core_ipca_dw,18,-0.038127467025276376
pre_covid,residual+jk,z_jk_bs_purif,3,price_core_ipca_dw,19,-0.03295439119905644
pre_covid,residual+jk,z_jk_bs_purif,3,price_core_ipca_dw,20,-0.027435021982094927
pre_covid,residual+jk,z_jk_bs_purif,3,price_core_ipca_dw,21,-0.021885466014119084
pre_covid,residual+jk,z_jk_bs_purif,3,price_core_ipca_dw,22,-0.016154539866946097
pre_covid,residual+jk,z_jk_bs_purif,3,price_core_ipca_dw,23,-0.010333307046410849
pre_covid,residual+jk,z_jk_bs_purif,3,price_core_ipca_dw,24,-0.004299913450379711
pre_covid,residual+jk,z_jk_bs_purif,3,price_core_ipca_dw,25,0.0014363018471939132
pre_covid,residual+jk,z_jk_bs_purif,3,price_core_ipca_dw,26,0.006876428879686023
pre_covid,residual+jk,z_jk_bs_purif,3,price_core_ipca_dw,27,0.01239365697478681
pre_covid,residual+jk,z_jk_bs_purif,3,price_core_ipca_dw,28,0.017552790619852002
pre_covid,residual+jk,z_jk_bs_purif,3,price_core_ipca_dw,29,0.022300229974893004
pre_covid,residual+jk,z_jk_bs_purif,3,price_core_ipca_dw,30,0.026975727105124758
pre_covid,residual+jk,z_jk_bs_purif,3,price_core_ipca_dw,31,0.03129639492919347
pre_covid,residual+jk,z_jk_bs_purif,3,price_core_ipca_dw,32,0.035130464412862154
pre_covid,residual+jk,z_jk_bs_purif,3,price_core_ipca_dw,33,0.03868320687704479
pre_covid,residual+jk,z_jk_bs_purif,3,price_core_ipca_dw,34,0.041811277936544745
pre_covid,residual+jk,z_jk_bs_purif,3,price_core_ipca_dw,35,0.044386888558823376
pre_covid,residual+jk,z_jk_bs_purif,3,price_core_ipca_dw,36,0.046520040680232654
pre_covid,residual+jk,z_jk_bs_purif,3,price_core_ipca_dw,37,0.048172464530436894
pre_covid,residual+jk,z_jk_bs_purif,3,price_core_ipca_dw,38,0.049265474107830116
pre_covid,residual+jk,z_jk_bs_purif,3,price_core_ipca_dw,39,0.049853595675266406
pre_covid,residual+jk,z_jk_bs_purif,3,price_core_ipca_dw,40,0.049950424094339474
pre_covid,residual+jk,z_jk_bs_purif,3,price_core_ipca_dw,41,0.04952372491812932
pre_covid,residual+jk,z_jk_bs_purif,3,price_core_ipca_dw,42,0.04860048149270742
pre_covid,residual+jk,z_jk_bs_purif,3,price_core_ipca_dw,43,0.04721336093868922
pre_covid,residual+jk,z_jk_bs_purif,3,price_core_ipca_dw,44,0.045366207389814596
pre_covid,residual+jk,z_jk_bs_purif,3,price_core_ipca_dw,45,0.04308182920871774
pre_covid,residual+jk,z_jk_bs_purif,3,price_core_ipca_dw,46,0.04040113346897131
pre_covid,residual+jk,z_jk_bs_purif,3,price_core_ipca_dw,47,0.03735344727591574
pre_covid,residual+jk,z_jk_bs_purif,3,price_core_ipca_dw,48,0.03396891127227461
pre_covid,residual+jk,z_jk_bs_purif,3,price_inpc,0,-0.1489024826159501
pre_covid,residual+jk,z_jk_bs_purif,3,price_inpc,1,-0.00405052351344058
pre_covid,residual+jk,z_jk_bs_purif,3,price_inpc,2,-0.08819627748141738
pre_covid,residual+jk,z_jk_bs_purif,3,price_inpc,3,-0.16715878134284715
pre_covid,residual+jk,z_jk_bs_purif,3,price_inpc,4,-0.0478914434606015
pre_covid,residual+jk,z_jk_bs_purif,3,price_inpc,5,-0.03872596262384776
pre_covid,residual+jk,z_jk_bs_purif,3,price_inpc,6,-0.09902611615931925
pre_covid,residual+jk,z_jk_bs_purif,3,price_inpc,7,-0.08960321996458079
pre_covid,residual+jk,z_jk_bs_purif,3,price_inpc,8,-0.10433162068695087
pre_covid,residual+jk,z_jk_bs_purif,3,price_inpc,9,-0.14999638803304935
pre_covid,residual+jk,z_jk_bs_purif,3,price_inpc,10,-0.13435121602628555
pre_covid,residual+jk,z_jk_bs_purif,3,price_inpc,11,-0.11290847140823802
pre_covid,residual+jk,z_jk_bs_purif,3,price_inpc,12,-0.10887206703567874
pre_covid,residual+jk,z_jk_bs_purif,3,price_inpc,13,-0.08152985353007856
pre_covid,residual+jk,z_jk_bs_purif,3,price_inpc,14,-0.05522543066596236
pre_covid,residual+jk,z_jk_bs_purif,3,price_inpc,15,-0.04384813437592072
pre_covid,residual+jk,z_jk_bs_purif,3,price_inpc,16,-0.02807525524453802
pre_covid,residual+jk,z_jk_bs_purif,3,price_inpc,17,-0.013293200652248963
pre_covid,residual+jk,z_jk_bs_purif,3,price_inpc,18,-0.003992115493996898
pre_covid,residual+jk,z_jk_bs_purif,3,price_inpc,19,0.006367374543735173
pre_covid,residual+jk,z_jk_bs_purif,3,price_inpc,20,0.01797686129970557
pre_covid,residual+jk,z_jk_bs_purif,3,price_inpc,21,0.02918710386645676
pre_covid,residual+jk,z_jk_bs_purif,3,price_inpc,22,0.03991548082825966
pre_covid,residual+jk,z_jk_bs_purif,3,price_inpc,23,0.05059725920599403
pre_covid,residual+jk,z_jk_bs_purif,3,price_inpc,24,0.061193010133638655
pre_covid,residual+jk,z_jk_bs_purif,3,price_inpc,25,0.07014950902157735
pre_covid,residual+jk,z_jk_bs_purif,3,price_inpc,26,0.07785599860661764
pre_covid,residual+jk,z_jk_bs_purif,3,price_inpc,27,0.08527032122664913
pre_covid,residual+jk,z_jk_bs_purif,3,price_inpc,28,0.0912488931678451
pre_covid,residual+jk,z_jk_bs_purif,3,price_inpc,29,0.09585431318448748
pre_covid,residual+jk,z_jk_bs_purif,3,price_inpc,30,0.1000436813406547
pre_covid,residual+jk,z_jk_bs_purif,3,price_inpc,31,0.1031272884475384
pre_covid,residual+jk,z_jk_bs_purif,3,price_inpc,32,0.10485397662336027
pre_covid,residual+jk,z_jk_bs_purif,3,price_inpc,33,0.10583771626265281
pre_covid,residual+jk,z_jk_bs_purif,3,price_inpc,34,0.10578524190957335
pre_covid,residual+jk,z_jk_bs_purif,3,price_inpc,35,0.10443074659762963
pre_covid,residual+jk,z_jk_bs_purif,3,price_inpc,36,0.1021431985202991
pre_covid,residual+jk,z_jk_bs_purif,3,price_inpc,37,0.09891590547292937
pre_covid,residual+jk,z_jk_bs_purif,3,price_inpc,38,0.09460519585828499
pre_covid,residual+jk,z_jk_bs_purif,3,price_inpc,39,0.08942031661309634
pre_covid,residual+jk,z_jk_bs_purif,3,price_inpc,40,0.08347353352848097
pre_covid,residual+jk,z_jk_bs_purif,3,price_inpc,41,0.0767282017152107
pre_covid,residual+jk,z_jk_bs_purif,3,price_inpc,42,0.06929829859986911
pre_covid,residual+jk,z_jk_bs_purif,3,price_inpc,43,0.061319454100937795
pre_covid,residual+jk,z_jk_bs_purif,3,price_inpc,44,0.05283213505216635
pre_covid,residual+jk,z_jk_bs_purif,3,price_inpc,45,0.043917777539746246
pre_covid,residual+jk,z_jk_bs_purif,3,price_inpc,46,0.03470718854888378
pre_covid,residual+jk,z_jk_bs_purif,3,price_inpc,47,0.025287936793537656
pre_covid,residual+jk,z_jk_bs_purif,3,price_inpc,48,0.0157393801250292
pre_covid,residual+jk,z_jk_bs_purif,3,price_igp_m,0,-0.29001658627282184
pre_covid,residual+jk,z_jk_bs_purif,3,price_igp_m,1,-0.10231098247884259
pre_covid,residual+jk,z_jk_bs_purif,3,price_igp_m,2,-0.03432416716728227
pre_covid,residual+jk,z_jk_bs_purif,3,price_igp_m,3,-0.22482409966009848
pre_covid,residual+jk,z_jk_bs_purif,3,price_igp_m,4,-0.11456724938638516
pre_covid,residual+jk,z_jk_bs_purif,3,price_igp_m,5,-0.08565686711003917
pre_covid,residual+jk,z_jk_bs_purif,3,price_igp_m,6,-0.20848604712658556
pre_covid,residual+jk,z_jk_bs_purif,3,price_igp_m,7,-0.18122503323766784
pre_covid,residual+jk,z_jk_bs_purif,3,price_igp_m,8,-0.19315320001872724
pre_covid,residual+jk,z_jk_bs_purif,3,price_igp_m,9,-0.2628372903084045
pre_covid,residual+jk,z_jk_bs_purif,3,price_igp_m,10,-0.23786578562284313
pre_covid,residual+jk,z_jk_bs_purif,3,price_igp_m,11,-0.21807207420598118
pre_covid,residual+jk,z_jk_bs_purif,3,price_igp_m,12,-0.21877882836803367
pre_covid,residual+jk,z_jk_bs_purif,3,price_igp_m,13,-0.17967427631515812
pre_covid,residual+jk,z_jk_bs_purif,3,price_igp_m,14,-0.14687481548050488
pre_covid,residual+jk,z_jk_bs_purif,3,price_igp_m,15,-0.12799462592377586
pre_covid,residual+jk,z_jk_bs_purif,3,price_igp_m,16,-0.09877368619082053
pre_covid,residual+jk,z_jk_bs_purif,3,price_igp_m,17,-0.07433168633714765
pre_covid,residual+jk,z_jk_bs_purif,3,price_igp_m,18,-0.05496773030680684
pre_covid,residual+jk,z_jk_bs_purif,3,price_igp_m,19,-0.03278872806484441
pre_covid,residual+jk,z_jk_bs_purif,3,price_igp_m,20,-0.011769604652133801
pre_covid,residual+jk,z_jk_bs_purif,3,price_igp_m,21,0.009284562507491295
pre_covid,residual+jk,z_jk_bs_purif,3,price_igp_m,22,0.030495653600825432
pre_covid,residual+jk,z_jk_bs_purif,3,price_igp_m,23,0.0504177262535401
pre_covid,residual+jk,z_jk_bs_purif,3,price_igp_m,24,0.07055116166272656
pre_covid,residual+jk,z_jk_bs_purif,3,price_igp_m,25,0.08911630222851036
pre_covid,residual+jk,z_jk_bs_purif,3,price_igp_m,26,0.10553165754621374
pre_covid,residual+jk,z_jk_bs_purif,3,price_igp_m,27,0.12149825139690025
pre_covid,residual+jk,z_jk_bs_purif,3,price_igp_m,28,0.13562908791344808
pre_covid,residual+jk,z_jk_bs_purif,3,price_igp_m,29,0.14752647698324667
pre_covid,residual+jk,z_jk_bs_purif,3,price_igp_m,30,0.15850190180478016
pre_covid,residual+jk,z_jk_bs_purif,3,price_igp_m,31,0.167720458966083
pre_covid,residual+jk,z_jk_bs_purif,3,price_igp_m,32,0.17472674577572117
pre_covid,residual+jk,z_jk_bs_purif,3,price_igp_m,33,0.18028294962821814
pre_covid,residual+jk,z_jk_bs_purif,3,price_igp_m,34,0.18401030894565706
pre_covid,residual+jk,z_jk_bs_purif,3,price_igp_m,35,0.18555507613047423
pre_covid,residual+jk,z_jk_bs_purif,3,price_igp_m,36,0.18533960171324443
pre_covid,residual+jk,z_jk_bs_purif,3,price_igp_m,37,0.18331807719973336
pre_covid,residual+jk,z_jk_bs_purif,3,price_igp_m,38,0.1793284830973963
pre_covid,residual+jk,z_jk_bs_purif,3,price_igp_m,39,0.1736139717914352
pre_covid,residual+jk,z_jk_bs_purif,3,price_igp_m,40,0.16628981598916517
pre_covid,residual+jk,z_jk_bs_purif,3,price_igp_m,41,0.15734666846462914
pre_covid,residual+jk,z_jk_bs_purif,3,price_igp_m,42,0.14694112154353856
pre_covid,residual+jk,z_jk_bs_purif,3,price_igp_m,43,0.13524232366887273
pre_covid,residual+jk,z_jk_bs_purif,3,price_igp_m,44,0.12234448584181186
pre_covid,residual+jk,z_jk_bs_purif,3,price_igp_m,45,0.10838580717862789
pre_covid,residual+jk,z_jk_bs_purif,3,price_igp_m,46,0.09355179364508846
pre_covid,residual+jk,z_jk_bs_purif,3,price_igp_m,47,0.07799964060412445
pre_covid,residual+jk,z_jk_bs_purif,3,price_igp_m,48,0.061878619004987256
pre_covid,residual+jk,z_jk_bs_purif,3,price_ipp,0,0.414156614497663
pre_covid,residual+jk,z_jk_bs_purif,3,price_ipp,1,0.7279067323795901
pre_covid,residual+jk,z_jk_bs_purif,3,price_ipp,2,0.5181450362822416
pre_covid,residual+jk,z_jk_bs_purif,3,price_ipp,3,0.4599179692055252
pre_covid,residual+jk,z_jk_bs_purif,3,price_ipp,4,0.42205635004906966
pre_covid,residual+jk,z_jk_bs_purif,3,price_ipp,5,0.22353672294485866
pre_covid,residual+jk,z_jk_bs_purif,3,price_ipp,6,0.15681318121042778
pre_covid,residual+jk,z_jk_bs_purif,3,price_ipp,7,0.09432250199432933
pre_covid,residual+jk,z_jk_bs_purif,3,price_ipp,8,-0.010423047328485568
pre_covid,residual+jk,z_jk_bs_purif,3,price_ipp,9,-0.058039793887759476
pre_covid,residual+jk,z_jk_bs_purif,3,price_ipp,10,-0.08246892597430806
pre_covid,residual+jk,z_jk_bs_purif,3,price_ipp,11,-0.09772689877537395
pre_covid,residual+jk,z_jk_bs_purif,3,price_ipp,12,-0.1022129387917704
pre_covid,residual+jk,z_jk_bs_purif,3,price_ipp,13,-0.10457689461120914
pre_covid,residual+jk,z_jk_bs_purif,3,price_ipp,14,-0.09872837806467274
pre_covid,residual+jk,z_jk_bs_purif,3,price_ipp,15,-0.10314262945700994
pre_covid,residual+jk,z_jk_bs_purif,3,price_ipp,16,-0.11413353085196254
pre_covid,residual+jk,z_jk_bs_purif,3,price_ipp,17,-0.11619141102632745
pre_covid,residual+jk,z_jk_bs_purif,3,price_ipp,18,-0.12443643653887636
pre_covid,residual+jk,z_jk_bs_purif,3,price_ipp,19,-0.13741812561950373
pre_covid,residual+jk,z_jk_bs_purif,3,price_ipp,20,-0.14148641761763045
pre_covid,residual+jk,z_jk_bs_purif,3,price_ipp,21,-0.146485323924878
pre_covid,residual+jk,z_jk_bs_purif,3,price_ipp,22,-0.15455531313063697
pre_covid,residual+jk,z_jk_bs_purif,3,price_ipp,23,-0.15686665969068242
pre_covid,residual+jk,z_jk_bs_purif,3,price_ipp,24,-0.15801299656309306
pre_covid,residual+jk,z_jk_bs_purif,3,price_ipp,25,-0.1608883848181906
pre_covid,residual+jk,z_jk_bs_purif,3,price_ipp,26,-0.16045406640777696
pre_covid,residual+jk,z_jk_bs_purif,3,price_ipp,27,-0.1578735951514095
pre_covid,residual+jk,z_jk_bs_purif,3,price_ipp,28,-0.15539948948385995
pre_covid,residual+jk,z_jk_bs_purif,3,price_ipp,29,-0.1508065756660609
pre_covid,residual+jk,z_jk_bs_purif,3,price_ipp,30,-0.1439543441410051
pre_covid,residual+jk,z_jk_bs_purif,3,price_ipp,31,-0.13633048420056107
pre_covid,residual+jk,z_jk_bs_purif,3,price_ipp,32,-0.12741178138209056
pre_covid,residual+jk,z_jk_bs_purif,3,price_ipp,33,-0.11682966832712412
pre_covid,residual+jk,z_jk_bs_purif,3,price_ipp,34,-0.10537007838829093
pre_covid,residual+jk,z_jk_bs_purif,3,price_ipp,35,-0.09321282024136038
pre_covid,residual+jk,z_jk_bs_purif,3,price_ipp,36,-0.08009431647197902
pre_covid,residual+jk,z_jk_bs_purif,3,price_ipp,37,-0.06632509010313904
pre_covid,residual+jk,z_jk_bs_purif,3,price_ipp,38,-0.052259700231543534
pre_covid,residual+jk,z_jk_bs_purif,3,price_ipp,39,-0.0378280191504689
pre_covid,residual+jk,z_jk_bs_purif,3,price_ipp,40,-0.023133085668449845
pre_covid,residual+jk,z_jk_bs_purif,3,price_ipp,41,-0.008508569084981205
pre_covid,residual+jk,z_jk_bs_purif,3,price_ipp,42,0.0059637589251295055
pre_covid,residual+jk,z_jk_bs_purif,3,price_ipp,43,0.020235944623049437
pre_covid,residual+jk,z_jk_bs_purif,3,price_ipp,44,0.03406001956752316
pre_covid,residual+jk,z_jk_bs_purif,3,price_ipp,45,0.04729251102433975
pre_covid,residual+jk,z_jk_bs_purif,3,price_ipp,46,0.05988950450409914
pre_covid,residual+jk,z_jk_bs_purif,3,price_ipp,47,0.07169197282475512
pre_covid,residual+jk,z_jk_bs_purif,3,price_ipp,48,0.08256079096779809
