sample,r,q,p,instrument,mp_var,response_var,theory_sign,tier,score_h,h0,h6,h12,h24,peak_h,peak_val,sign_at_score_h,consistent,mechanical
full,5,4,4,z_bruto,yield_3m,yield_6m,1,hard,0,0.007549402414647077,0.014200283375585052,0.018925490141260694,0.013684700413377372,15,0.019477925465768535,1,TRUE,FALSE
full,5,4,4,z_bruto,yield_3m,yield_2y,1,hard,0,0.014288870472489085,0.02185494997643777,0.023242978794469137,0.012424143620456666,11,0.02338208388023184,1,TRUE,FALSE
full,5,4,4,z_bruto,yield_3m,yield_5y,1,hard,0,0.01657927422009192,0.02099374440928524,0.02012787936581347,0.008898974287507954,7,0.021670059049384915,1,TRUE,FALSE
full,5,4,4,z_bruto,yield_3m,asset_ibov,-1,hard,0,-1.197444588282444,4.3065881497983725,5.765400581688891,4.741135912939175,2,8.434980232071329,-1,TRUE,FALSE
full,5,4,4,z_bruto,yield_3m,price_ipca,-1,ext,24,-0.16049461215997518,0.6321234753666632,0.5512767774553816,0.10121247749356518,8,0.6414833179625146,1,FALSE,FALSE
full,5,4,4,z_bruto,yield_3m,pib,-1,ext,24,-0.43926711841938415,-0.4510973512122707,0.30553032365678856,0.8637001703984959,1,-0.8922955779214758,1,FALSE,FALSE
full,5,4,4,z_bruto,yield_3m,vendas_varejo,-1,ext,24,-2.913813610203953,1.2431428568892569,0.5877420047722556,-0.9782380441361113,0,-2.913813610203953,-1,TRUE,FALSE
full,5,4,4,z_bruto,yield_3m,cambio_usd,-1,soft,0,0.47033443207323994,0.43542054952024073,0.24307336387836592,-0.054950187012568825,1,0.5838321404258777,1,FALSE,FALSE
full,5,4,4,z_bruto,yield_3m,cds_5y,-1,soft,0,81.7158308413311,67.02734618296795,51.73177698272603,12.93700975572444,1,94.22809810932785,1,FALSE,FALSE
full,5,4,4,z_bruto,yield_3m,embi_perc,-1,soft,0,0.6735084543947641,0.5299524107523296,0.38994401186796424,0.07467582702821315,1,0.7798344363153991,1,FALSE,FALSE
full,5,4,4,z_bruto,yield_6m,yield_6m,1,hard,0,0.005,0.009404905577714454,0.0125344292844571,0.00906343287968516,15,0.012900309452293979,1,TRUE,TRUE
full,5,4,4,z_bruto,yield_6m,yield_2y,1,hard,0,0.00946357717318548,0.01447462247742655,0.015393919622945222,0.008228560976132225,11,0.01548604948841167,1,TRUE,FALSE
full,5,4,4,z_bruto,yield_6m,yield_5y,1,hard,0,0.010980520913764917,0.013904242518953515,0.013330776570316406,0.005893826953933788,7,0.014352168462593445,1,TRUE,FALSE
full,5,4,4,z_bruto,yield_6m,asset_ibov,-1,hard,0,-0.7930724330969597,2.8522708906355865,3.818448312215461,3.140073645922355,2,5.586521799199685,-1,TRUE,FALSE
full,5,4,4,z_bruto,yield_6m,price_ipca,-1,ext,24,-0.10629623600974653,0.41865795505895953,0.36511285740035154,0.06703343651227044,8,0.4248570169725831,1,FALSE,FALSE
full,5,4,4,z_bruto,yield_6m,pib,-1,ext,24,-0.2911446069902235,-0.2989916327625908,0.20224973032501037,0.5712011235790238,1,-0.59186493093496,1,FALSE,FALSE
full,5,4,4,z_bruto,yield_6m,vendas_varejo,-1,ext,24,-1.9298306343762237,0.8233385827183858,0.3892639261300602,-0.6478910451495931,0,-1.9298306343762237,-1,TRUE,FALSE
full,5,4,4,z_bruto,yield_6m,cambio_usd,-1,soft,0,0.31150441203181467,0.28838080526443627,0.16098847996681417,-0.03639373290391599,1,0.38667440703197103,1,FALSE,FALSE
full,5,4,4,z_bruto,yield_6m,cds_5y,-1,soft,0,54.12072794184941,44.392484664033745,34.26216681889809,8.568234308602044,1,62.407653569049316,1,FALSE,FALSE
full,5,4,4,z_bruto,yield_6m,embi_perc,-1,soft,0,0.4460673954060572,0.3509896423882075,0.2582615089582515,0.049458104712586146,1,0.5164875267493971,1,FALSE,FALSE
full,5,4,4,z_bruto,yield_1y,yield_6m,1,hard,0,0.0034469256474527372,0.0064836020495390514,0.00864104915535557,0.006248195849390639,15,0.008893281502237818,1,TRUE,FALSE
full,5,4,4,z_bruto,yield_1y,yield_2y,1,hard,0,0.006524049374980261,0.009978589490927491,0.010612339272631171,0.0056726475740517795,11,0.010675852231865705,1,TRUE,FALSE
full,5,4,4,z_bruto,yield_1y,yield_5y,1,hard,0,0.007569807832009492,0.009585378029396742,0.009190039132137132,0.004063116657832523,7,0.009894171514055134,1,TRUE,FALSE
full,5,4,4,z_bruto,yield_1y,asset_ibov,-1,hard,0,-0.5467323419859311,1.9663131372829328,2.632381484169618,2.164720077004038,2,3.8512650539430413,-1,TRUE,FALSE
full,5,4,4,z_bruto,yield_1y,price_ipca,-1,ext,24,-0.0732790444259369,0.2886165685605686,0.25170337447760516,0.046211854310207946,8,0.2928901096606119,1,FALSE,FALSE
full,5,4,4,z_bruto,yield_1y,pib,-1,ext,24,-0.20080163344844415,-0.20621622399306094,0.1393841996231826,0.39342910230530936,1,-0.4083989139811228,1,FALSE,FALSE
full,5,4,4,z_bruto,yield_1y,vendas_varejo,-1,ext,24,-1.3303965417742785,0.5675973754618783,0.26835276212117043,-0.4466464520562184,0,-1.3303965417742785,-1,TRUE,FALSE
full,5,4,4,z_bruto,yield_1y,cambio_usd,-1,soft,0,0.21474650942542942,0.19880543877981174,0.11098306410840861,-0.025089298270610523,1,0.266567586162416,1,FALSE,FALSE
full,5,4,4,z_bruto,yield_1y,cds_5y,-1,soft,0,37.31002504031454,30.60351878852205,23.619828309072798,5.906813318340972,1,43.022908336900294,1,FALSE,FALSE
full,5,4,4,z_bruto,yield_1y,embi_perc,-1,soft,0,0.307512229143516,0.24196704006763536,0.17804164379560836,0.03409568192164325,1,0.35605882050838566,1,FALSE,FALSE
full,5,4,4,z_bruto,yield_2y,yield_6m,1,hard,0,0.0026417072046325263,0.004969001364707381,0.006622458429341449,0.004788587187393522,15,0.006815768084422817,1,TRUE,FALSE
full,5,4,4,z_bruto,yield_2y,yield_2y,1,hard,0,0.005,0.007647542896590725,0.008133245675093683,0.004347489762881311,11,0.008181921700966592,1,TRUE,TRUE
full,5,4,4,z_bruto,yield_2y,yield_5y,1,hard,0,0.0058014642417021835,0.00734618752745548,0.007043201701830266,0.003113953025412853,7,0.007582845365946567,1,TRUE,FALSE
full,5,4,4,z_bruto,yield_2y,asset_ibov,-1,hard,0,-0.4190130320615372,1.5069729122711322,2.0174444833792986,1.659031034701962,2,2.9515909771564948,-1,TRUE,FALSE
full,5,4,4,z_bruto,yield_2y,price_ipca,-1,ext,24,-0.05616070649845335,0.22119434723119477,0.19290425317969537,0.03541654243714837,8,0.22446956853503125,1,FALSE,FALSE
full,5,4,4,z_bruto,yield_2y,pib,-1,ext,24,-0.15392952833482854,-0.15808121971694344,0.10680599754036013,0.30138383175470906,1,-0.313144515592767,1,FALSE,FALSE
full,5,4,4,z_bruto,yield_2y,vendas_varejo,-1,ext,24,-1.0196094981104458,0.43500389316381854,0.2056642636322647,-0.3423076883577155,0,-1.0196094981104458,-1,TRUE,FALSE
full,5,4,4,z_bruto,yield_2y,cambio_usd,-1,soft,0,0.16458068990785277,0.15236353018895818,0.08505688547823442,-0.019228317283149342,1,0.20429611338067358,1,FALSE,FALSE
full,5,4,4,z_bruto,yield_2y,cds_5y,-1,soft,0,28.594223384788094,23.454389313703377,18.102122586360913,4.526953260802722,1,32.97254961151368,1,FALSE,FALSE
full,5,4,4,z_bruto,yield_2y,embi_perc,-1,soft,0,0.23567589043916942,0.18544237340966432,0.13645025777885614,0.026130766309341743,1,0.27288176410334336,1,FALSE,FALSE
full,5,4,4,z_bruto,juros_selic,yield_6m,1,hard,0,0.019733157044883196,0.03711769575146745,0.049468772307634974,0.03577002887611704,15,0.05091276646994164,1,TRUE,FALSE
full,5,4,4,z_bruto,juros_selic,yield_2y,1,hard,0,0.037349250912968174,0.057125999702490875,0.06075412669117743,0.03247509719908291,11,0.061117729311932115,1,TRUE,FALSE
full,5,4,4,z_bruto,juros_selic,yield_5y,1,hard,0,0.04333606872518949,0.0548749202433304,0.052611661518460605,0.0232607625754682,7,0.056642718841395254,1,TRUE,FALSE
full,5,4,4,z_bruto,juros_selic,asset_ibov,-1,hard,0,-3.129964574053986,11.256861883892178,15.070008042543376,12.392713277496954,2,22.047942399654165,-1,TRUE,FALSE
full,5,4,4,z_bruto,juros_selic,price_ipca,-1,ext,24,-0.4195120636920593,1.65228863505362,1.4409658708374362,0.26455626599096793,8,1.6767540475081173,1,FALSE,FALSE
full,5,4,4,z_bruto,juros_selic,pib,-1,ext,24,-1.144120970270257,-1.1748217963864271,0.8005867343898521,2.2733621543978177,1,-2.3155819417840617,1,FALSE,FALSE
full,5,4,4,z_bruto,juros_selic,vendas_varejo,-1,ext,24,-7.616330195634518,3.249413910778692,1.5362812372464578,-2.556987148382086,0,-7.616330195634518,-1,TRUE,FALSE
full,5,4,4,z_bruto,juros_selic,cambio_usd,-1,soft,0,1.2293930965595603,1.1381327438025999,0.6353621915204354,-0.14363264936850142,1,1.5260613598397943,1,FALSE,FALSE
full,5,4,4,z_bruto,juros_selic,cds_5y,-1,soft,0,213.5945647719825,175.20077429758936,135.2201437070604,33.81566264180006,1,246.3000057361431,1,FALSE,FALSE
full,5,4,4,z_bruto,juros_selic,embi_perc,-1,soft,0,1.7604635932299473,1.385226746874778,1.019262982984337,0.195192909487148,1,2.0383858954138327,1,FALSE,FALSE
full,5,4,4,z_bruto_purif,yield_3m,yield_6m,1,hard,0,0.007740474066614073,0.013540293121563789,0.01892221428037782,0.01407065510815541,15,0.01984681295351596,1,TRUE,FALSE
full,5,4,4,z_bruto_purif,yield_3m,yield_2y,1,hard,0,0.015440065899630928,0.022200413465657442,0.02391356788355934,0.01273111214932189,11,0.02396604895369536,1,TRUE,FALSE
full,5,4,4,z_bruto_purif,yield_3m,yield_5y,1,hard,0,0.018443942254988868,0.021892622998575365,0.021074641389852183,0.009155447423999648,4,0.02288990991286876,1,TRUE,FALSE
full,5,4,4,z_bruto_purif,yield_3m,asset_ibov,-1,hard,0,-3.276254636108978,4.41740136879268,5.691734948974664,4.719221458322658,2,8.986262988838991,-1,TRUE,FALSE
full,5,4,4,z_bruto_purif,yield_3m,price_ipca,-1,ext,24,-0.1733129394139131,0.6798714673680049,0.5803763815003213,0.0866890093414242,8,0.684152847036185,1,FALSE,FALSE
full,5,4,4,z_bruto_purif,yield_3m,pib,-1,ext,24,-0.5217381775728058,-0.7051571738386664,0.18878783382882958,0.8974903518117916,1,-1.0862708699798662,1,FALSE,FALSE
full,5,4,4,z_bruto_purif,yield_3m,vendas_varejo,-1,ext,24,-3.4461423795972888,1.2113608642834433,0.5931548736279142,-1.146108403195857,0,-3.4461423795972888,-1,TRUE,FALSE
full,5,4,4,z_bruto_purif,yield_3m,cambio_usd,-1,soft,0,0.5179446422009142,0.49481586300495933,0.28199114903097244,-0.057517448642253007,1,0.6639041336086401,1,FALSE,FALSE
full,5,4,4,z_bruto_purif,yield_3m,cds_5y,-1,soft,0,93.76053154193234,73.50761862099144,56.73789675500678,13.955802840653785,1,108.25105750076649,1,FALSE,FALSE
full,5,4,4,z_bruto_purif,yield_3m,embi_perc,-1,soft,0,0.7836332032151085,0.5886363953107212,0.4333219016622424,0.08300521217664292,1,0.9022859258781469,1,FALSE,FALSE
full,5,4,4,z_bruto_purif,yield_6m,yield_6m,1,hard,0,0.005,0.008746423671881597,0.012222903996276156,0.009089013791057345,15,0.012820153379958016,1,TRUE,TRUE
full,5,4,4,z_bruto_purif,yield_6m,yield_2y,1,hard,0,0.009973591905841045,0.014340474029498687,0.015447095150607413,0.008223728960111918,11,0.015480995574331056,1,TRUE,FALSE
full,5,4,4,z_bruto_purif,yield_6m,yield_5y,1,hard,0,0.011913961661948198,0.01414165515585267,0.013613275626586326,0.005914009494256033,4,0.014785857891829046,1,TRUE,FALSE
full,5,4,4,z_bruto_purif,yield_6m,asset_ibov,-1,hard,0,-2.116313941441906,2.853443684958297,3.676606174241991,3.0484059617726964,2,5.80472391710361,-1,TRUE,FALSE
full,5,4,4,z_bruto_purif,yield_6m,price_ipca,-1,ext,24,-0.11195240622369632,0.4391665558963638,0.3748971810419075,0.05599722226015073,8,0.44193213564725164,1,FALSE,FALSE
full,5,4,4,z_bruto_purif,yield_6m,pib,-1,ext,24,-0.3373315285254197,-0.45607040263699883,0.12190777569702771,0.5788212674299631,1,-0.7030383437468202,1,FALSE,FALSE
full,5,4,4,z_bruto_purif,yield_6m,vendas_varejo,-1,ext,24,-2.2260538243135923,0.7824849317099583,0.3831515153485805,-0.7403347607217039,0,-2.2260538243135923,-1,TRUE,FALSE
full,5,4,4,z_bruto_purif,yield_6m,cambio_usd,-1,soft,0,0.3345690701522364,0.3196289133886391,0.18215366824058374,-0.03715369895129236,1,0.4288523725388905,1,FALSE,FALSE
full,5,4,4,z_bruto_purif,yield_6m,cds_5y,-1,soft,0,60.56510927821385,47.48263348497075,36.65014330306109,9.014824363825102,1,69.9253408571388,1,FALSE,FALSE
full,5,4,4,z_bruto_purif,yield_6m,embi_perc,-1,soft,0,0.5061919957816579,0.38023278047633147,0.27990656511028844,0.05361765407538663,1,0.582836347046141,1,FALSE,FALSE
full,5,4,4,z_bruto_purif,yield_1y,yield_6m,1,hard,0,0.003360914626506303,0.005879196649689564,0.008216027363893373,0.006109479878176426,15,0.008617488201751022,1,TRUE,FALSE
full,5,4,4,z_bruto_purif,yield_1y,yield_2y,1,hard,0,0.006704078183029208,0.009639421783355182,0.010383273605742207,0.005527850189292724,11,0.010406060891729716,1,TRUE,FALSE
full,5,4,4,z_bruto_purif,yield_1y,yield_5y,1,hard,0,0.008008361601855408,0.009505779131262701,0.009150611433611146,0.003975296202108449,4,0.009938801210818377,1,TRUE,FALSE
full,5,4,4,z_bruto_purif,yield_1y,asset_ibov,-1,hard,0,-1.422550096014261,1.9180361233376766,2.4713518933826575,2.049086436890174,2,3.901836303164896,-1,TRUE,FALSE
full,5,4,4,z_bruto_purif,yield_1y,price_ipca,-1,ext,24,-0.07525249590995924,0.2952002602368973,0.25199948383994564,0.03764037666757298,8,0.2970592357240031,1,FALSE,FALSE
full,5,4,4,z_bruto_purif,yield_1y,pib,-1,ext,24,-0.22687405387927795,-0.3067923686108087,0.08192796022370441,0.38870558639603203,1,-0.4731166336475412,1,FALSE,FALSE
full,5,4,4,z_bruto_purif,yield_1y,vendas_varejo,-1,ext,24,-1.4963153715051687,0.5259730104009568,0.25754790642061964,-0.49764038516412373,0,-1.4963153715051687,-1,TRUE,FALSE
full,5,4,4,z_bruto_purif,yield_1y,cambio_usd,-1,soft,0,0.2248916162902529,0.21484909801243868,0.12244058557231088,-0.024974082046842074,1,0.28826724229557743,1,FALSE,FALSE
full,5,4,4,z_bruto_purif,yield_1y,cds_5y,-1,soft,0,40.7108323258203,31.917015476935227,24.635600538162013,6.059611011953033,1,47.00262017003931,1,FALSE,FALSE
full,5,4,4,z_bruto_purif,yield_1y,embi_perc,-1,soft,0,0.3402536164885981,0.2555859826760125,0.18814841374686142,0.03604087156418444,1,0.3917726407293757,1,FALSE,FALSE
full,5,4,4,z_bruto_purif,yield_2y,yield_6m,1,hard,0,0.0025066195043892585,0.004384791233918065,0.006127633911468645,0.00455653984886546,15,0.0064270493022929275,1,TRUE,FALSE
full,5,4,4,z_bruto_purif,yield_2y,yield_2y,1,hard,0,0.005,0.0071892223809058055,0.007743997998133855,0.004122751882045467,11,0.007760993090796403,1,TRUE,TRUE
full,5,4,4,z_bruto_purif,yield_2y,yield_5y,1,hard,0,0.005972753735277045,0.007089549727601445,0.006824660440845638,0.002964834309489086,4,0.007412503956157306,1,TRUE,FALSE
full,5,4,4,z_bruto_purif,yield_2y,asset_ibov,-1,hard,0,-1.0609587606058377,1.4304995190785652,1.8431705492625898,1.5282387682151874,2,2.9100468376413455,-1,TRUE,FALSE
full,5,4,4,z_bruto_purif,yield_2y,price_ipca,-1,ext,24,-0.05612441700072532,0.2201646909370562,0.18794491722803927,0.028072745901782832,8,0.2215511421659601,1,FALSE,FALSE
full,5,4,4,z_bruto_purif,yield_2y,pib,-1,ext,24,-0.16925483767662453,-0.22889958582499315,0.06109671621243873,0.2897593526518305,1,-0.3530699286938055,1,FALSE,FALSE
full,5,4,4,z_bruto_purif,yield_2y,vendas_varejo,-1,ext,24,-1.1159739867689502,0.3922783983429757,0.19208301230181044,-0.3711475102004756,0,-1.1159739867689502,-1,TRUE,FALSE
full,5,4,4,z_bruto_purif,yield_2y,cambio_usd,-1,soft,0,0.16772747136179475,0.16023761369334158,0.09131798752157948,-0.018626037290303234,1,0.21499394430191832,1,FALSE,FALSE
full,5,4,4,z_bruto_purif,yield_2y,cds_5y,-1,soft,0,30.36273684044754,23.80417904263884,18.373592808422863,4.519346915801498,1,35.05524464871425,1,FALSE,FALSE
full,5,4,4,z_bruto_purif,yield_2y,embi_perc,-1,soft,0,0.25376614591840574,0.19061978075002636,0.1403238511024102,0.02687981149699207,1,0.29218979107456877,1,FALSE,FALSE
full,5,4,4,z_bruto_purif,juros_selic,yield_6m,1,hard,0,0.022219558097008745,0.03886833378368514,0.05431750509188368,0.040390773994982476,15,0.05697162856770803,1,TRUE,FALSE
full,5,4,4,z_bruto_purif,juros_selic,yield_2y,1,hard,0,0.04432176095753825,0.06372779916741823,0.0686455256257887,0.036545524680652024,11,0.06879617611267684,1,TRUE,FALSE
full,5,4,4,z_bruto_purif,juros_selic,yield_5y,1,hard,0,0.052944592662638575,0.06284426566466635,0.0604961937351056,0.02628133550877665,4,0.06570704568832215,1,TRUE,FALSE
full,5,4,4,z_bruto_purif,juros_selic,asset_ibov,-1,hard,0,-9.404712114675599,12.68045154689472,16.338512897678196,13.54684667417525,2,25.795680062635967,-1,TRUE,FALSE
full,5,4,4,z_bruto_purif,juros_selic,price_ipca,-1,ext,24,-0.4975065988374688,1.9516173606004987,1.666009938913094,0.2488467066561061,8,1.9639073525898516,1,FALSE,FALSE
full,5,4,4,z_bruto_purif,juros_selic,pib,-1,ext,24,-1.490387742562549,-2.0108789669473937,0.542885745840227,2.5979892385458836,1,-3.0866342477079534,1,FALSE,FALSE
full,5,4,4,z_bruto_purif,juros_selic,vendas_varejo,-1,ext,24,-9.892386455280873,3.4772938800326676,1.7026914710489442,-3.289982245418194,0,-9.892386455280873,-1,TRUE,FALSE
full,5,4,4,z_bruto_purif,juros_selic,cambio_usd,-1,soft,0,1.4867953783419623,1.4204026421045286,0.8094748028109814,-0.1651077544734027,1,1.9057820413335833,1,FALSE,FALSE
full,5,4,4,z_bruto_purif,juros_selic,cds_5y,-1,soft,0,269.1459928517912,211.0086266636561,162.8699976772124,40.06108273726836,1,310.742034725667,1,FALSE,FALSE
full,5,4,4,z_bruto_purif,juros_selic,embi_perc,-1,soft,0,2.2494724917022704,1.689720871236204,1.2438800370404433,0.23827211595067418,1,2.590073214848016,1,FALSE,FALSE
full,5,4,4,z_jk,yield_3m,yield_6m,1,hard,0,0.008265157574374758,0.011525254932461385,0.016355393989697726,0.013162136911322246,16,0.017853015915320593,1,TRUE,FALSE
full,5,4,4,z_jk,yield_3m,yield_2y,1,hard,0,0.018418104194416803,0.020764470039478275,0.021567522143110522,0.012038230018092257,1,0.022301382052597404,1,TRUE,FALSE
full,5,4,4,z_jk,yield_3m,yield_5y,1,hard,0,0.022820034937642026,0.021216576541021853,0.019437530856786872,0.00879951115756344,1,0.02630930818364168,1,TRUE,FALSE
full,5,4,4,z_jk,yield_3m,asset_ibov,-1,hard,0,-14.810166721602574,4.169898830530689,5.110236032098843,4.202298124543273,0,-14.810166721602574,-1,TRUE,FALSE
full,5,4,4,z_jk,yield_3m,price_ipca,-1,ext,24,-0.06340508092028506,0.7136673953234152,0.5578259121416851,0.07276545269082177,6,0.7136673953234152,1,FALSE,FALSE
full,5,4,4,z_jk,yield_3m,pib,-1,ext,24,-0.18479956955360644,-1.016228714843448,-0.017846832749435215,0.8261809366729045,4,-1.2165289408638924,1,FALSE,FALSE
full,5,4,4,z_jk,yield_3m,vendas_varejo,-1,ext,24,-2.4470081451915293,1.0391767122883866,0.5708875396404769,-1.1681335287274914,1,-3.5641381958605924,-1,TRUE,FALSE
full,5,4,4,z_jk,yield_3m,cambio_usd,-1,soft,0,0.5522596631264562,0.5251961445637947,0.2951191385178714,-0.04556382333070236,1,0.7408063344743273,1,FALSE,FALSE
full,5,4,4,z_jk,yield_3m,cds_5y,-1,soft,0,114.88193679386222,75.65863455047986,55.11783708941812,14.774593509384033,1,128.00034432722066,1,FALSE,FALSE
full,5,4,4,z_jk,yield_3m,embi_perc,-1,soft,0,0.9862960871043521,0.6176564732169434,0.4273840811500589,0.09289351206199813,1,1.0738317450952777,1,FALSE,FALSE
full,5,4,4,z_jk,yield_6m,yield_6m,1,hard,0,0.005,0.00697219310627193,0.009894181594556578,0.007962423458283512,16,0.010800166696562427,1,TRUE,TRUE
full,5,4,4,z_jk,yield_6m,yield_2y,1,hard,0,0.011142016367310513,0.012561448376892596,0.013047254059606996,0.007282516945239802,1,0.013491201983698693,1,TRUE,FALSE
full,5,4,4,z_jk,yield_6m,yield_5y,1,hard,0,0.01380496060256196,0.01283494981801774,0.011758717654126078,0.005323256742766397,1,0.015915793466062214,1,TRUE,FALSE
full,5,4,4,z_jk,yield_6m,asset_ibov,-1,hard,0,-8.959397681370238,2.5225767282761895,3.091432913476802,2.5421766534567056,0,-8.959397681370238,-1,TRUE,FALSE
full,5,4,4,z_jk,yield_6m,price_ipca,-1,ext,24,-0.03835684943071488,0.43173247993242436,0.3374563080752174,0.04401939832122699,6,0.43173247993242436,1,FALSE,FALSE
full,5,4,4,z_jk,yield_6m,pib,-1,ext,24,-0.11183518438505624,-0.6160065858908714,-0.010796806823210048,0.49898494042557306,4,-0.7377166445557637,1,FALSE,FALSE
full,5,4,4,z_jk,yield_6m,vendas_varejo,-1,ext,24,-1.4803154829003007,0.6286490626084634,0.3453579284504224,-0.706661378331833,1,-2.156122350837462,-1,TRUE,FALSE
full,5,4,4,z_jk,yield_6m,cambio_usd,-1,soft,0,0.33408901049792356,0.31771695810864475,0.17853207023714643,-0.027563795923242977,1,0.4481501579420085,1,FALSE,FALSE
full,5,4,4,z_jk,yield_6m,cds_5y,-1,soft,0,69.49772932946944,45.7696262107884,33.34348836875483,8.937877697087764,1,77.4336987379842,1,FALSE,FALSE
full,5,4,4,z_jk,yield_6m,embi_perc,-1,soft,0,0.5966589736669136,0.373650754785318,0.2585456340694083,0.0561958506090704,1,0.6496135950417804,1,FALSE,FALSE
full,5,4,4,z_jk,yield_1y,yield_6m,1,hard,0,0.0031726605290599494,0.0044240803738505655,0.006278175882480216,0.005052413324351423,16,0.006853052517090279,1,TRUE,FALSE
full,5,4,4,z_jk,yield_1y,yield_2y,1,hard,0,0.007069967108541197,0.00797064229063826,0.008278901593506461,0.004620990812874511,1,0.008560600804651226,1,TRUE,FALSE
full,5,4,4,z_jk,yield_1y,yield_5y,1,hard,0,0.008759690721795195,0.008144187736018013,0.007461283874721241,0.0033777773107654353,1,0.010099081943689166,1,TRUE,FALSE
full,5,4,4,z_jk,yield_1y,asset_ibov,-1,hard,0,-5.685025477566915,1.60065592346541,1.96161343656493,1.6130927052639605,0,-5.685025477566915,-1,TRUE,FALSE
full,5,4,4,z_jk,yield_1y,price_ipca,-1,ext,24,-0.024338652441584938,0.2739481196389539,0.21412686178250728,0.027931721513344932,6,0.2739481196389539,1,FALSE,FALSE
full,5,4,4,z_jk,yield_1y,pib,-1,ext,24,-0.07097752450034855,-0.39131718504487045,-0.006851055740986212,0.31633391815548695,4,-0.4687380570079003,1,FALSE,FALSE
full,5,4,4,z_jk,yield_1y,vendas_varejo,-1,ext,24,-0.9393077006308203,0.3988980135136817,0.21914069359851301,-0.4483993324889012,1,-1.3681288556651927,-1,TRUE,FALSE
full,5,4,4,z_jk,yield_1y,cambio_usd,-1,soft,0,0.2119902033598914,0.2016016104808581,0.11328433048255057,-0.017490113471347303,1,0.2843656634389185,1,FALSE,FALSE
full,5,4,4,z_jk,yield_1y,cds_5y,-1,soft,0,44.098540540579926,29.04229730175921,21.157513889743587,5.671370356623116,1,49.13416792102433,1,FALSE,FALSE
full,5,4,4,z_jk,yield_1y,embi_perc,-1,soft,0,0.3785992750124872,0.23709340027216727,0.16405550563455776,0.035658071424869424,1,0.4122006824259581,1,FALSE,FALSE
full,5,4,4,z_jk,yield_2y,yield_6m,1,hard,0,0.002243759044668731,0.0031287842686749234,0.004440031888476241,0.003573151930401221,16,0.004846594341868391,1,TRUE,FALSE
full,5,4,4,z_jk,yield_2y,yield_2y,1,hard,0,0.005,0.0056369726819584225,0.0058549788608668035,0.003268042652767021,1,0.006054201294875334,1,TRUE,TRUE
full,5,4,4,z_jk,yield_2y,yield_5y,1,hard,0,0.006195001042658779,0.005759706948409318,0.005276745818030254,0.002388821092735182,1,0.007142241108511317,1,TRUE,FALSE
full,5,4,4,z_jk,yield_2y,asset_ibov,-1,hard,0,-4.020545916471705,1.132010869988111,1.387286112120036,1.1408063718678338,0,-4.020545916471705,-1,TRUE,FALSE
full,5,4,4,z_jk,yield_2y,price_ipca,-1,ext,24,-0.017212705567032634,0.1937407313451277,0.15143412868485734,0.019753784624825722,6,0.1937407313451277,1,FALSE,FALSE
full,5,4,4,z_jk,yield_2y,pib,-1,ext,24,-0.05020171989107425,-0.2769049176904348,-0.00484523078366772,0.2236132239133548,4,-0.3317273942152199,1,FALSE,FALSE
full,5,4,4,z_jk,yield_2y,vendas_varejo,-1,ext,24,-0.6642942507441418,0.2821074040300518,0.1549799951217383,-0.3171155718300244,1,-0.9675638052207924,-1,TRUE,FALSE
full,5,4,4,z_jk,yield_2y,cambio_usd,-1,soft,0,0.14992304780582852,0.14257605968018158,0.08011658947160609,-0.012369303281635904,1,0.20110819405042038,1,FALSE,FALSE
full,5,4,4,z_jk,yield_2y,cds_5y,-1,soft,0,31.187231753387273,20.5392025563127,14.962950721640052,4.01088878459672,1,34.74851238110114,1,FALSE,FALSE
full,5,4,4,z_jk,yield_2y,embi_perc,-1,soft,0,0.26775179374957986,0.16767645211937107,0.11602282098056936,0.0252179896153909,1,0.291515275882953,1,FALSE,FALSE
full,5,4,4,z_jk,juros_selic,yield_6m,1,hard,0,0.030734900829224823,0.04285793273669455,0.06081933801900759,0.04894485907012742,16,0.06638841047158858,1,TRUE,FALSE
full,5,4,4,z_jk,juros_selic,yield_2y,1,hard,0,0.06848975361737769,0.07721497402704422,0.0802012119231444,0.04476548721981893,1,0.0829301510072041,1,TRUE,FALSE
full,5,4,4,z_jk,juros_selic,yield_5y,1,hard,0,0.08485881901421953,0.0788961819609705,0.07228060419568404,0.032721953615485515,1,0.09783406675956932,1,TRUE,FALSE
full,5,4,4,z_jk,juros_selic,asset_ibov,-1,hard,0,-55.073239845300215,15.506229115535819,19.002976803182214,15.626709466872496,0,-55.073239845300215,-1,TRUE,FALSE
full,5,4,4,z_jk,juros_selic,price_ipca,-1,ext,24,-0.23577879267490612,2.653850991095672,2.0743372325776295,0.2705863683930115,6,2.653850991095672,1,FALSE,FALSE
full,5,4,4,z_jk,juros_selic,pib,-1,ext,24,-0.6854731926588586,-3.727060789360548,-0.06634931955187273,3.106910850477318,4,-4.449510306078508,1,FALSE,FALSE
full,5,4,4,z_jk,juros_selic,vendas_varejo,-1,ext,24,-9.099469912581357,3.864293319131254,2.1229083363020504,-4.343833476574442,1,-13.253641325732898,-1,TRUE,FALSE
full,5,4,4,z_jk,juros_selic,cambio_usd,-1,soft,0,2.0536385211575063,1.9529998398464348,1.097433094714979,-0.16943410683557286,1,2.754770132189815,1,FALSE,FALSE
full,5,4,4,z_jk,juros_selic,cds_5y,-1,soft,0,427.20116375951045,281.34498451585415,204.9617616628182,54.94095692874656,1,475.9834103104031,1,FALSE,FALSE
full,5,4,4,z_jk,juros_selic,embi_perc,-1,soft,0,3.6676508769039304,2.2968237786183505,1.5892748845904627,0.3454347790967424,1,3.9931618841850667,1,FALSE,FALSE
full,5,4,4,z_jk_purif,yield_3m,yield_6m,1,hard,0,0.008481615714547027,0.010779551022851023,0.01616484747226737,0.013495092232363273,17,0.018195022287963075,1,TRUE,FALSE
full,5,4,4,z_jk_purif,yield_3m,yield_2y,1,hard,0,0.019754218356311602,0.02100673552721637,0.022026054463010137,0.012321748763867728,1,0.02393486353719441,1,TRUE,FALSE
full,5,4,4,z_jk_purif,yield_3m,yield_5y,1,hard,0,0.024961869628537775,0.02202466070971744,0.02020537800966166,0.009053574359814395,1,0.028710708635773994,1,TRUE,FALSE
full,5,4,4,z_jk_purif,yield_3m,asset_ibov,-1,hard,0,-17.913080700434797,4.296746415629575,5.011262239406687,4.155753758981452,0,-17.913080700434797,-1,TRUE,FALSE
full,5,4,4,z_jk_purif,yield_3m,price_ipca,-1,ext,24,-0.03308903947797816,0.76371159367689,0.5840862480949147,0.059348120484424574,6,0.76371159367689,1,FALSE,FALSE
full,5,4,4,z_jk_purif,yield_3m,pib,-1,ext,24,-0.26777578209581376,-1.2787587924171118,-0.14313108229894178,0.853347383471359,4,-1.4930612149104627,1,FALSE,FALSE
full,5,4,4,z_jk_purif,yield_3m,vendas_varejo,-1,ext,24,-2.863189813603461,1.0018146779475334,0.5765474441621041,-1.3242436460984988,1,-4.275733110537367,-1,TRUE,FALSE
full,5,4,4,z_jk_purif,yield_3m,cambio_usd,-1,soft,0,0.5931003713071339,0.5831793791878738,0.33264593022025085,-0.04661710954008135,1,0.8195749810717002,1,FALSE,FALSE
full,5,4,4,z_jk_purif,yield_3m,cds_5y,-1,soft,0,127.90082061633261,81.87020000231185,59.67706602411915,15.88402148091975,1,142.8046353107675,1,FALSE,FALSE
full,5,4,4,z_jk_purif,yield_3m,embi_perc,-1,soft,0,1.1096266115642879,0.6746108948041437,0.46747359149654893,0.10211848591473238,1,1.204699757312095,1,FALSE,FALSE
full,5,4,4,z_jk_purif,yield_6m,yield_6m,1,hard,0,0.005,0.006354656580563271,0.009529344417563416,0.007955496149877145,17,0.010726153424256386,1,TRUE,TRUE
full,5,4,4,z_jk_purif,yield_6m,yield_2y,1,hard,0,0.011645315598554327,0.01238368739766599,0.012984586430408956,0.00726379806546434,1,0.014109849079900625,1,TRUE,FALSE
full,5,4,4,z_jk_purif,yield_6m,yield_5y,1,hard,0,0.01471527977017696,0.012983764798458388,0.011911278870490984,0.005337175524402968,1,0.016925259055613397,1,TRUE,FALSE
full,5,4,4,z_jk_purif,yield_6m,asset_ibov,-1,hard,0,-10.559945948571823,2.5329763574763944,2.95419080990179,2.449859731238363,0,-10.559945948571823,-1,TRUE,FALSE
full,5,4,4,z_jk_purif,yield_6m,price_ipca,-1,ext,24,-0.019506330274564512,0.4502158665164642,0.3443248714352467,0.034986329540157755,6,0.4502158665164642,1,FALSE,FALSE
full,5,4,4,z_jk_purif,yield_6m,pib,-1,ext,24,-0.15794345392848852,-0.7558320158651766,-0.08440205435831238,0.5021795265568674,4,-0.882891337500491,1,FALSE,FALSE
full,5,4,4,z_jk_purif,yield_6m,vendas_varejo,-1,ext,24,-1.6878799452636915,0.5905800920862853,0.339880668711065,-0.7806552965063343,1,-2.520588797252363,-1,TRUE,FALSE
full,5,4,4,z_jk_purif,yield_6m,cambio_usd,-1,soft,0,0.34963879010097854,0.3437902628550174,0.19609820900616942,-0.027481267195427872,1,0.4831479099353836,1,FALSE,FALSE
full,5,4,4,z_jk_purif,yield_6m,cds_5y,-1,soft,0,75.39885378028077,48.26332785974626,35.180246330758386,9.36379459734109,1,84.18480636056158,1,FALSE,FALSE
full,5,4,4,z_jk_purif,yield_6m,embi_perc,-1,soft,0,0.6541363396487888,0.39769008494873326,0.27558050684539587,0.06019990138175351,1,0.7101829402892451,1,FALSE,FALSE
full,5,4,4,z_jk_purif,yield_1y,yield_6m,1,hard,0,0.0030993899839452123,0.003939111791441867,0.0059070309282720545,0.004931437016848784,17,0.006648906497879977,1,TRUE,FALSE
full,5,4,4,z_jk_purif,yield_1y,yield_2y,1,hard,0,0.007218674905208046,0.007676375336926904,0.008048859425616086,0.004502668593900157,1,0.008746384982644514,1,TRUE,FALSE
full,5,4,4,z_jk_purif,yield_1y,yield_5y,1,hard,0,0.009121678146127615,0.008048350114048471,0.0073835396854355995,0.003308397672578418,1,0.010491595678529234,1,TRUE,FALSE
full,5,4,4,z_jk_purif,yield_1y,asset_ibov,-1,hard,0,-6.545878140801266,1.570136310386473,1.8312378813745207,1.5186141426141786,0,-6.545878140801266,-1,TRUE,FALSE
full,5,4,4,z_jk_purif,yield_1y,price_ipca,-1,ext,24,-0.012091544935302501,0.2790789094588688,0.21343941154992532,0.02168725587035429,6,0.2790789094588688,1,FALSE,FALSE
full,5,4,4,z_jk_purif,yield_1y,pib,-1,ext,24,-0.09793508339922541,-0.46919904061577533,-0.05232737240991048,0.3109936133186997,4,-0.5482070251213278,1,FALSE,FALSE
full,5,4,4,z_jk_purif,yield_1y,vendas_varejo,-1,ext,24,-1.0462796392904559,0.36608760442593474,0.21068454806793513,-0.48391104138110247,1,-1.5624575343696967,-1,TRUE,FALSE
full,5,4,4,z_jk_purif,yield_1y,cambio_usd,-1,soft,0,0.2167333928075391,0.21310801945414654,0.12155696497266327,-0.017035032858326256,1,0.2994927585635583,1,FALSE,FALSE
full,5,4,4,z_jk_purif,yield_1y,cds_5y,-1,soft,0,46.738090441510366,29.917374992072297,21.80746062205557,5.804410237343854,1,52.184309126858345,1,FALSE,FALSE
full,5,4,4,z_jk_purif,yield_1y,embi_perc,-1,soft,0,0.40548472384840795,0.2465193332008849,0.170826292537433,0.03731659427541928,1,0.44022677838024943,1,FALSE,FALSE
full,5,4,4,z_jk_purif,yield_2y,yield_6m,1,hard,0,0.002146785957703332,0.0027284175026360607,0.004091492556348756,0.003415749484223835,17,0.004605351110273024,1,TRUE,FALSE
full,5,4,4,z_jk_purif,yield_2y,yield_2y,1,hard,0,0.005,0.005317025241979413,0.005575025563077435,0.0031187639373062943,1,0.006058165174008787,1,TRUE,TRUE
full,5,4,4,z_jk_purif,yield_2y,yield_5y,1,hard,0,0.006318111194858362,0.0055746727894906605,0.005114193243491689,0.0022915546939172413,1,0.007266981694216399,1,TRUE,FALSE
full,5,4,4,z_jk_purif,yield_2y,asset_ibov,-1,hard,0,-4.533988735300036,1.0875516150849718,1.2684030694146793,1.0518648938730755,0,-4.533988735300036,-1,TRUE,FALSE
full,5,4,4,z_jk_purif,yield_2y,price_ipca,-1,ext,24,-0.008375183183951694,0.19330342003455664,0.14783835977703855,0.015021632193678386,6,0.19330342003455664,1,FALSE,FALSE
full,5,4,4,z_jk_purif,yield_2y,pib,-1,ext,24,-0.06784474330872037,-0.3252245424276268,-0.03624735976043292,0.21530626296726307,4,-0.38003510565099985,1,FALSE,FALSE
full,5,4,4,z_jk_purif,yield_2y,vendas_varejo,-1,ext,24,-0.7247033929562323,0.25356980971799553,0.14593020937674647,-0.33517996566930586,1,-1.0822329270171407,-1,TRUE,FALSE
full,5,4,4,z_jk_purif,yield_2y,cambio_usd,-1,soft,0,0.1501199289714327,0.14760882173845774,0.08419617628504351,-0.011799279703007558,1,0.20744302970859912,1,FALSE,FALSE
full,5,4,4,z_jk_purif,yield_2y,cds_5y,-1,soft,0,32.37304010448671,20.722206904267054,15.104891762283255,4.020412550478036,1,36.14535202936555,1,FALSE,FALSE
full,5,4,4,z_jk_purif,yield_2y,embi_perc,-1,soft,0,0.2808581416762954,0.17075109797715715,0.11832247246249257,0.025847260588294767,1,0.304922152722683,1,FALSE,FALSE
full,5,4,4,z_jk_purif,juros_selic,yield_6m,1,hard,0,0.03613029007263505,0.04591911711354604,0.06885959560172236,0.05748687671335852,17,0.07750780691639421,1,TRUE,FALSE
full,5,4,4,z_jk_purif,juros_selic,yield_2y,1,hard,0,0.08414972611262991,0.08948524356930147,0.0938273748407753,0.05248862622685439,1,0.10195858802758248,1,TRUE,FALSE
full,5,4,4,z_jk_purif,juros_selic,yield_5y,1,hard,0,0.10633346531929441,0.09382143768063393,0.08607159214537762,0.03856673997304946,1,0.12230290384676105,1,TRUE,FALSE
full,5,4,4,z_jk_purif,juros_selic,asset_ibov,-1,hard,0,-76.30678205464946,18.303434108549734,21.34715417833287,17.702828545381966,0,-76.30678205464946,-1,TRUE,FALSE
full,5,4,4,z_jk_purif,juros_selic,price_ipca,-1,ext,24,-0.14095387421452776,3.2532859705085198,2.4881114968356473,0.25281324697254004,6,3.2532859705085198,1,FALSE,FALSE
full,5,4,4,z_jk_purif,juros_selic,pib,-1,ext,24,-1.1357123601150487,-5.334855116797521,-0.6082940226285194,3.6860059722611416,4,-6.207148561862519,1,FALSE,FALSE
full,5,4,4,z_jk_purif,juros_selic,vendas_varejo,-1,ext,24,-12.196718406032112,4.267566007640202,2.4559974301223906,-5.641060461902557,1,-18.21392087971244,-1,TRUE,FALSE
full,5,4,4,z_jk_purif,juros_selic,cambio_usd,-1,soft,0,2.5265101813987036,2.484248384219846,1.4170170348234237,-0.19858123106687983,1,3.491254826790553,1,FALSE,FALSE
full,5,4,4,z_jk_purif,juros_selic,cds_5y,-1,soft,0,544.8364916451482,348.75360708866424,254.21450095141114,67.66332299650132,1,608.3242947031405,1,FALSE,FALSE
full,5,4,4,z_jk_purif,juros_selic,embi_perc,-1,soft,0,4.726827139712494,2.873731625641722,1.9913607301375889,0.43500797985335565,1,5.131823127457458,1,FALSE,FALSE
full,5,4,4,z_jk_raw_purif,yield_3m,yield_6m,1,hard,0,0.007368748297717118,0.014681677091847834,0.017568810557226432,0.012191349496220921,13,0.017628168364612073,1,TRUE,FALSE
full,5,4,4,z_jk_raw_purif,yield_3m,yield_2y,1,hard,0,0.013008899219966358,0.02020854383846154,0.020373020459180574,0.011217863538650672,8,0.020992757920827106,1,TRUE,FALSE
full,5,4,4,z_jk_raw_purif,yield_3m,yield_5y,1,hard,0,0.014246577776167994,0.01843187146185266,0.01697040034827375,0.008007796729591636,7,0.018890418629222538,1,TRUE,FALSE
full,5,4,4,z_jk_raw_purif,yield_3m,asset_ibov,-1,hard,0,-1.6593310895637405,3.8220394704906306,5.6081607006273275,4.494858046628704,2,6.2344466190789,-1,TRUE,FALSE
full,5,4,4,z_jk_raw_purif,yield_3m,price_ipca,-1,ext,24,-0.14234330322588398,0.5288846355881753,0.46767872217630796,0.1263767066180504,8,0.5406059180582772,1,FALSE,FALSE
full,5,4,4,z_jk_raw_purif,yield_3m,pib,-1,ext,24,0.0024116988219136104,0.0049094837672569724,0.4801703021435122,0.7427630736070112,21,0.7740262846494872,1,FALSE,FALSE
full,5,4,4,z_jk_raw_purif,yield_3m,vendas_varejo,-1,ext,24,-1.1170352368942065,1.2179899303915125,0.5582323895192433,-0.5903259523595511,5,1.3010257983052478,-1,TRUE,FALSE
full,5,4,4,z_jk_raw_purif,yield_3m,cambio_usd,-1,soft,0,0.3866296273277945,0.307896123897081,0.1558507657892638,-0.04339031498750652,1,0.43522978694998193,1,FALSE,FALSE
full,5,4,4,z_jk_raw_purif,yield_3m,cds_5y,-1,soft,0,63.46021471508993,52.556900253811776,38.80764413177994,10.714485455084937,1,70.39889845370274,1,FALSE,FALSE
full,5,4,4,z_jk_raw_purif,yield_3m,embi_perc,-1,soft,0,0.5041946505423965,0.40396890925156465,0.28227888609889573,0.05836658350685417,1,0.5678213933806358,1,FALSE,FALSE
full,5,4,4,z_jk_raw_purif,yield_6m,yield_6m,1,hard,0,0.005,0.009962124161844627,0.011921163437397742,0.008272334054345343,13,0.011961440160789167,1,TRUE,TRUE
full,5,4,4,z_jk_raw_purif,yield_6m,yield_2y,1,hard,0,0.008827075301239827,0.013712331472037298,0.013823935650979051,0.0076117836336776715,8,0.014244453109716601,1,TRUE,FALSE
full,5,4,4,z_jk_raw_purif,yield_6m,yield_5y,1,hard,0,0.009666891309465455,0.012506785899827087,0.0115151174002858,0.005433620749451097,7,0.01281792908781733,1,TRUE,FALSE
full,5,4,4,z_jk_raw_purif,yield_6m,asset_ibov,-1,hard,0,-1.1259246635400826,2.5934116053839977,3.805368614887259,3.0499467921989125,2,4.230329471974479,-1,TRUE,FALSE
full,5,4,4,z_jk_raw_purif,yield_6m,price_ipca,-1,ext,24,-0.09658580906473815,0.3588700646431544,0.3173393249985195,0.08575181395271883,8,0.3668234388096551,1,FALSE,FALSE
full,5,4,4,z_jk_raw_purif,yield_6m,pib,-1,ext,24,0.0016364308944361028,0.0033312611783520296,0.3255644521582557,0.5033956877066315,21,0.5245576083898973,1,FALSE,FALSE
full,5,4,4,z_jk_raw_purif,yield_6m,vendas_varejo,-1,ext,24,-0.7579545343136979,0.8264564626049535,0.3787837275512498,-0.40056053518779955,5,0.8827997278101583,-1,TRUE,FALSE
full,5,4,4,z_jk_raw_purif,yield_6m,cambio_usd,-1,soft,0,0.26234416735850147,0.20892023411389218,0.10575118018181412,-0.02944212044869893,1,0.2953213825235547,1,FALSE,FALSE
full,5,4,4,z_jk_raw_purif,yield_6m,cds_5y,-1,soft,0,43.06037616643133,35.662027070523095,26.332589039445665,7.270220817831672,1,47.768559604290424,1,FALSE,FALSE
full,5,4,4,z_jk_raw_purif,yield_6m,embi_perc,-1,soft,0,0.34211689025841674,0.2741095861401024,0.19153788044731246,0.03960413705875697,1,0.3852902626329021,1,FALSE,FALSE
full,5,4,4,z_jk_raw_purif,yield_1y,yield_6m,1,hard,0,0.00355864875296084,0.007090340145077888,0.008484646680067567,0.00588766625331431,13,0.008513312822361617,1,TRUE,FALSE
full,5,4,4,z_jk_raw_purif,yield_1y,yield_2y,1,hard,0,0.006282492102609708,0.009759474258630243,0.009838906273073501,0.005417532867158955,8,0.010138201059100429,1,TRUE,FALSE
full,5,4,4,z_jk_raw_purif,yield_1y,yield_5y,1,hard,0,0.006880214140687445,0.008901451609193575,0.008195651635344945,0.0038672695408192583,7,0.009122901472780325,1,TRUE,FALSE
full,5,4,4,z_jk_raw_purif,yield_1y,asset_ibov,-1,hard,0,-0.8013540799669536,1.845808195082787,2.708394055184973,2.1707378697311146,2,3.010851340011094,-1,TRUE,FALSE
full,5,4,4,z_jk_raw_purif,yield_1y,price_ipca,-1,ext,24,-0.06874299379638885,0.2554185016034675,0.22585983863428324,0.06103211715739457,8,0.26107915461535725,1,FALSE,FALSE
full,5,4,4,z_jk_raw_purif,yield_1y,pib,-1,ext,24,0.0011646938052445321,0.0023709463035981315,0.2316053256841588,0.3580222891549356,21,0.3730616154389743,1,FALSE,FALSE
full,5,4,4,z_jk_raw_purif,yield_1y,vendas_varejo,-1,ext,24,-0.539458791667291,0.588213652005109,0.2695916479384227,-0.2850908498062779,5,0.6283148300971578,-1,TRUE,FALSE
full,5,4,4,z_jk_raw_purif,yield_1y,cambio_usd,-1,soft,0,0.18671814880337625,0.14869474611953784,0.07526626109562998,-0.02095483304385706,1,0.21018901392802383,1,FALSE,FALSE
full,5,4,4,z_jk_raw_purif,yield_1y,cds_5y,-1,soft,0,30.64735078933911,25.38172563251455,18.741687029490723,5.174432449425324,1,33.99830501330873,1,FALSE,FALSE
full,5,4,4,z_jk_raw_purif,yield_1y,embi_perc,-1,soft,0,0.24349476897699107,0.19509194737841745,0.1363232078797182,0.028187442591247135,1,0.27422254252930633,1,FALSE,FALSE
full,5,4,4,z_jk_raw_purif,yield_2y,yield_6m,1,hard,0,0.0028321951662164443,0.00564293597928488,0.006752612292614819,0.004685772904408912,13,0.006775426600874866,1,TRUE,FALSE
full,5,4,4,z_jk_raw_purif,yield_2y,yield_2y,1,hard,0,0.005,0.00776719978253233,0.007830416745758009,0.004311611362717469,8,0.008068614248547231,1,TRUE,TRUE
full,5,4,4,z_jk_raw_purif,yield_2y,yield_5y,1,hard,0,0.005475704567801562,0.007084331714078851,0.006522611967900861,0.003077814884329754,7,0.007260575360684279,1,TRUE,FALSE
full,5,4,4,z_jk_raw_purif,yield_2y,asset_ibov,-1,hard,0,-0.6377676779204196,1.4690095625556374,2.155509319351092,1.727608912416622,2,2.396223736405817,-1,TRUE,FALSE
full,5,4,4,z_jk_raw_purif,yield_2y,price_ipca,-1,ext,24,-0.05470997231165116,0.203278012476425,0.1797533804622392,0.04857317459423643,8,0.20778311405031974,1,FALSE,FALSE
full,5,4,4,z_jk_raw_purif,yield_2y,pib,-1,ext,24,9.269350455642922e-4,0.0018869427348633394,0.18428246467678822,0.2848325467656121,21,0.2967928709545875,1,FALSE,FALSE
full,5,4,4,z_jk_raw_purif,yield_2y,vendas_varejo,-1,ext,24,-0.4293350336590182,0.4681371996956182,0.21455788844241924,-0.22689312230719152,5,0.5000522243682246,-1,TRUE,FALSE
full,5,4,4,z_jk_raw_purif,yield_2y,cambio_usd,-1,soft,0,0.14860197653556514,0.11834057543643466,0.05990159626652363,-0.016677166243593486,1,0.16728155841271383,1,FALSE,FALSE
full,5,4,4,z_jk_raw_purif,yield_2y,cds_5y,-1,soft,0,24.39107784680572,20.2003641373231,14.915806278296428,4.1181368515178045,1,27.057976721678685,1,FALSE,FALSE
full,5,4,4,z_jk_raw_purif,yield_2y,embi_perc,-1,soft,0,0.19378836057417792,0.15526636897591758,0.10849453183004432,0.022433329107997002,1,0.2182434438838339,1,FALSE,FALSE
full,5,4,4,z_jk_raw_purif,juros_selic,yield_6m,1,hard,0,0.017743398303470676,0.03535238739044764,0.04230439022210395,0.02935586360512277,13,0.04244731941120251,1,TRUE,FALSE
full,5,4,4,z_jk_raw_purif,juros_selic,yield_2y,1,hard,0,0.03132446258492533,0.04866067179551482,0.0490567192753739,0.02701178176243645,8,0.05054900102816263,1,TRUE,FALSE
full,5,4,4,z_jk_raw_purif,juros_selic,yield_5y,1,hard,0,0.03430470057204096,0.04438257674337258,0.040863462908899334,0.019282179437502732,7,0.04548672424615709,1,TRUE,FALSE
full,5,4,4,z_jk_raw_purif,juros_selic,asset_ibov,-1,hard,0,-3.995545952978578,9.203187015834317,13.504034205094229,10.823284147675603,2,15.012084155230795,-1,TRUE,FALSE
full,5,4,4,z_jk_raw_purif,juros_selic,price_ipca,-1,ext,24,-0.3427520961397235,1.2735148992311516,1.126135608160652,0.30430571804164086,8,1.3017388763697029,1,FALSE,FALSE
full,5,4,4,z_jk_raw_purif,juros_selic,pib,-1,ext,24,0.005807290133130749,0.011822080641499255,1.1601252140155616,1.7978794801717823,21,1.873964017558749,1,FALSE,FALSE
full,5,4,4,z_jk_raw_purif,juros_selic,vendas_varejo,-1,ext,24,-2.6897378396499145,2.9328292392954216,1.3441821097630287,-1.4214610240977015,5,3.1327734385462276,-1,TRUE,FALSE
full,5,4,4,z_jk_raw_purif,juros_selic,cambio_usd,-1,soft,0,0.9309754108068523,0.7413909855074262,0.3752770622056045,-0.10448065400400477,1,1.048000983529411,1,FALSE,FALSE
full,5,4,4,z_jk_raw_purif,juros_selic,cds_5y,-1,soft,0,152.80748108365336,126.55311012428896,93.44592313769814,25.799684744994334,1,169.5153158884009,1,FALSE,FALSE
full,5,4,4,z_jk_raw_purif,juros_selic,embi_perc,-1,soft,0,1.2140632500399708,0.9727271131366684,0.6797065805958427,0.14054239565975368,1,1.3672717184688812,1,FALSE,FALSE
full,5,4,4,z_jk_raw,yield_3m,yield_6m,1,hard,0,0.007331813361178064,0.014810157776829976,0.017522662146118362,0.012091591242806137,13,0.0175520626812303,1,TRUE,FALSE
full,5,4,4,z_jk_raw,yield_3m,yield_2y,1,hard,0,0.012795473103647014,0.020105040662641946,0.02016810161700346,0.011143605323630712,8,0.020855688864837383,1,TRUE,FALSE
full,5,4,4,z_jk_raw,yield_3m,yield_5y,1,hard,0,0.013895529843363244,0.018205949175749397,0.016711208339377778,0.00795007780924133,7,0.018653721695487326,1,TRUE,FALSE
full,5,4,4,z_jk_raw,yield_3m,asset_ibov,-1,hard,0,-1.4525810741329346,3.8019572644330473,5.6188099526843684,4.493938801203231,2,6.06135940923567,-1,TRUE,FALSE
full,5,4,4,z_jk_raw,yield_3m,price_ipca,-1,ext,24,-0.1278076233788949,0.5187155267388835,0.46039354351045114,0.1299719419249402,8,0.5310160204361251,1,FALSE,FALSE
full,5,4,4,z_jk_raw,yield_3m,pib,-1,ext,24,0.020372833395132517,0.06020359723457602,0.5043960849326234,0.7334860157617751,20,0.7681546104610248,1,FALSE,FALSE
full,5,4,4,z_jk_raw,yield_3m,vendas_varejo,-1,ext,24,-0.9671697549150833,1.2239112422000016,0.5571222114255684,-0.5492980433796559,5,1.3206277187795397,-1,TRUE,FALSE
full,5,4,4,z_jk_raw,yield_3m,cambio_usd,-1,soft,0,0.3740005920385672,0.29409473783128387,0.1466917315218081,-0.04241822787908478,1,0.41672501807699497,1,FALSE,FALSE
full,5,4,4,z_jk_raw,yield_3m,cds_5y,-1,soft,0,60.981145748161026,51.02168726376411,37.56175523877875,10.508772387621796,1,67.4243271128905,1,FALSE,FALSE
full,5,4,4,z_jk_raw,yield_3m,embi_perc,-1,soft,0,0.48269229902705724,0.3902427321087791,0.27162931215434727,0.05672152217313348,1,0.5422861561552693,1,FALSE,FALSE
full,5,4,4,z_jk_raw,yield_6m,yield_6m,1,hard,0,0.005,0.010099928249162567,0.011949746456245611,0.008245975891060651,13,0.011969796431377014,1,TRUE,TRUE
full,5,4,4,z_jk_raw,yield_6m,yield_2y,1,hard,0,0.00872599483464692,0.01371082409782694,0.01375382911667768,0.007599487858376263,8,0.014222735793622496,1,TRUE,FALSE
full,5,4,4,z_jk_raw,yield_6m,yield_5y,1,hard,0,0.009476189012761864,0.012415720558402274,0.011396367798901968,0.005421631332936661,7,0.012721083295886077,1,TRUE,FALSE
full,5,4,4,z_jk_raw,yield_6m,asset_ibov,-1,hard,0,-0.9906015078236635,2.592780992328857,3.831800999215252,3.0646843964950246,2,4.133601818978749,-1,TRUE,FALSE
full,5,4,4,z_jk_raw,yield_6m,price_ipca,-1,ext,24,-0.08715962687732612,0.35374299725459535,0.31396976493443896,0.08863560453757684,8,0.3621314361654742,1,FALSE,FALSE
full,5,4,4,z_jk_raw,yield_6m,pib,-1,ext,24,0.013892997839293209,0.041052487391213255,0.343702425349357,0.4996262134471463,20,0.5232126134032677,1,FALSE,FALSE
full,5,4,4,z_jk_raw,yield_6m,vendas_varejo,-1,ext,24,-0.6595706323051299,0.8346579365212766,0.37993480192467066,-0.37459903595486205,5,0.9006146595140163,-1,TRUE,FALSE
full,5,4,4,z_jk_raw,yield_6m,cambio_usd,-1,soft,0,0.2550532682807363,0.2005607094341182,0.10003782440681076,-0.028927514783511264,1,0.2841895978173374,1,FALSE,FALSE
full,5,4,4,z_jk_raw,yield_6m,cds_5y,-1,soft,0,41.58667354453951,34.79472590909353,25.615596980187853,7.166557487173447,1,45.98066248515146,1,FALSE,FALSE
full,5,4,4,z_jk_raw,yield_6m,embi_perc,-1,soft,0,0.3291766137848734,0.26612975050286564,0.18524019827933966,0.03868178264975607,1,0.369817212633012,1,FALSE,FALSE
full,5,4,4,z_jk_raw,yield_1y,yield_6m,1,hard,0,0.0035768143568024246,0.007225113672855808,0.008548404936969642,0.005898864990598482,13,0.008562747944750346,1,TRUE,FALSE
full,5,4,4,z_jk_raw,yield_1y,yield_2y,1,hard,0,0.006242252720389782,0.009808214495340011,0.009838978689107988,0.005436391455237186,8,0.010174417115927335,1,TRUE,FALSE
full,5,4,4,z_jk_raw,yield_1y,yield_5y,1,hard,0,0.006778913781724007,0.008881745508668054,0.008152538391702682,0.0038784337577875434,7,0.009100190673360967,1,TRUE,FALSE
full,5,4,4,z_jk_raw,yield_1y,asset_ibov,-1,hard,0,-0.7086395390107618,1.8547792554812588,2.741128165280598,2.1923614296903557,2,2.957025266285562,-1,TRUE,FALSE
full,5,4,4,z_jk_raw,yield_1y,price_ipca,-1,ext,24,-0.06235076094967251,0.2530546062397115,0.22460231256387675,0.06340662056677339,8,0.2590553839852298,1,FALSE,FALSE
full,5,4,4,z_jk_raw,yield_1y,pib,-1,ext,24,0.00993833832996227,0.02936570975726749,0.24575186170778807,0.357160441706994,20,0.3740087952802895,1,FALSE,FALSE
full,5,4,4,z_jk_raw,yield_1y,vendas_varejo,-1,ext,24,-0.4718323413908484,0.5970832980736778,0.2717912508346096,-0.2679742419695397,5,0.6442662888192922,-1,TRUE,FALSE
full,5,4,4,z_jk_raw,yield_1y,cambio_usd,-1,soft,0,0.18245563834718362,0.14347368498288668,0.07156334531231216,-0.0206936700368555,1,0.2032986867053919,1,FALSE,FALSE
full,5,4,4,z_jk_raw,yield_1y,cds_5y,-1,soft,0,29.7495621971529,24.890855034530208,18.32444700736015,5.12668914179438,1,32.89285874243528,1,FALSE,FALSE
full,5,4,4,z_jk_raw,yield_1y,embi_perc,-1,soft,0,0.23548072762186842,0.19037934247417945,0.13251396013249397,0.027671511105671693,1,0.26455350310768244,1,FALSE,FALSE
full,5,4,4,z_jk_raw,yield_2y,yield_6m,1,hard,0,0.0028650028419380303,0.005787264627444189,0.006847211511516516,0.00472494887248825,13,0.006858700158662967,1,TRUE,FALSE
full,5,4,4,z_jk_raw,yield_2y,yield_2y,1,hard,0,0.005,0.007856310001117322,0.007880951901362315,0.004354510862304309,8,0.00814963569377244,1,TRUE,TRUE
full,5,4,4,z_jk_raw,yield_2y,yield_5y,1,hard,0,0.005429861690460935,0.007114214936906188,0.006530125226325038,0.003106597835360761,7,0.007289187959048803,1,TRUE,FALSE
full,5,4,4,z_jk_raw,yield_2y,asset_ibov,-1,hard,0,-0.5676152270285787,1.4856649823090162,2.195624150498536,1.7560659011202764,2,2.3685561917628655,-1,TRUE,FALSE
full,5,4,4,z_jk_raw,yield_2y,price_ipca,-1,ext,24,-0.049942515741159536,0.20269493849001852,0.17990485376395657,0.0507882517794106,8,0.2075015187538368,1,FALSE,FALSE
full,5,4,4,z_jk_raw,yield_2y,pib,-1,ext,24,0.007960459547873278,0.02352103728369137,0.19679740431917114,0.2859814463061161,20,0.299467060622427,1,FALSE,FALSE
full,5,4,4,z_jk_raw,yield_2y,vendas_varejo,-1,ext,24,-0.3779343472026121,0.47825947203591784,0.21770285745306883,-0.21464546051958522,5,0.5160527117997417,-1,TRUE,FALSE
full,5,4,4,z_jk_raw,yield_2y,cambio_usd,-1,soft,0,0.14614566769397846,0.11492140050197121,0.0573217302453621,-0.01657548241299283,1,0.16284080107917948,1,FALSE,FALSE
full,5,4,4,z_jk_raw,yield_2y,cds_5y,-1,soft,0,23.829187578370956,19.937397722801556,14.677751629235482,4.10644151353284,1,26.346945738830463,1,FALSE,FALSE
full,5,4,4,z_jk_raw,yield_2y,embi_perc,-1,soft,0,0.1886183867986399,0.1524924983029938,0.10614273890229446,0.022164683444556067,1,0.211905473038236,1,FALSE,FALSE
full,5,4,4,z_jk_raw,juros_selic,yield_6m,1,hard,0,0.017327017960133716,0.03500032763386033,0.04141069429328239,0.028575634472647507,13,0.04148017554912279,1,TRUE,FALSE
full,5,4,4,z_jk_raw,juros_selic,yield_2y,1,hard,0,0.030239093843992246,0.047513539078256305,0.04766256882505684,0.026335292521980722,8,0.049287519707666726,1,TRUE,FALSE
full,5,4,4,z_jk_raw,juros_selic,yield_5y,1,hard,0,0.03283881944354932,0.04302548262068752,0.03949301390637278,0.018788140695803444,7,0.04408368774803501,1,TRUE,FALSE
full,5,4,4,z_jk_raw,juros_selic,asset_ibov,-1,hard,0,-3.4328340234792307,8.985032564155086,13.278736946612197,10.620368316042168,2,14.324598591497237,-1,TRUE,FALSE
full,5,4,4,z_jk_raw,juros_selic,price_ipca,-1,ext,24,-0.3020432840603966,1.2258622533403811,1.0880319511915968,0.30715814234598066,8,1.2549315796736376,1,FALSE,FALSE
full,5,4,4,z_jk_raw,juros_selic,pib,-1,ext,24,0.048153090425073763,0.14233544479256288,1.1961224411919602,1.7420960760364146,20,1.8248669143107632,1,FALSE,FALSE
full,5,4,4,z_jk_raw,juros_selic,vendas_varejo,-1,ext,24,-2.2856784383855473,2.8924266113344608,1.316627427325723,-1.298136844767734,5,3.120993276111814,-1,TRUE,FALSE
full,5,4,4,z_jk_raw,juros_selic,cambio_usd,-1,soft,0,0.8838625120582241,0.695023802892425,0.3466714360379026,-0.10024551363918664,1,0.9848316530928365,1,FALSE,FALSE
full,5,4,4,z_jk_raw,juros_selic,cds_5y,-1,soft,0,144.11460788169074,120.5777681489587,88.76838178705236,24.835014058517014,1,159.3415529398132,1,FALSE,FALSE
full,5,4,4,z_jk_raw,juros_selic,embi_perc,-1,soft,0,1.1407298198213,0.9222469933378116,0.6419320485049698,0.13404798854046246,1,1.2815658970517574,1,FALSE,FALSE
full,5,4,4,z_bs_purif,yield_3m,yield_6m,1,hard,0,0.007681749461052956,0.013819275120534182,0.019429968036670693,0.014426683321965972,15,0.020383740455912513,1,TRUE,FALSE
full,5,4,4,z_bs_purif,yield_3m,yield_2y,1,hard,0,0.015219758367536558,0.022620443554017523,0.02454719546937323,0.013043841061284261,11,0.024587689081047998,1,TRUE,FALSE
full,5,4,4,z_bs_purif,yield_3m,yield_5y,1,hard,0,0.018197945707040985,0.02228102543566014,0.02163331113040619,0.009374480103380359,4,0.02322304439982898,1,TRUE,FALSE
full,5,4,4,z_bs_purif,yield_3m,asset_ibov,-1,hard,0,-2.174420162590709,4.581891347094999,5.8156154467622905,4.8414118487411875,2,9.408031984736017,-1,TRUE,FALSE
full,5,4,4,z_bs_purif,yield_3m,price_ipca,-1,ext,24,-0.12471404117258032,0.6910399222269371,0.5934004848984425,0.0884535243633296,8,0.6965306746900857,1,FALSE,FALSE
full,5,4,4,z_bs_purif,yield_3m,pib,-1,ext,24,-0.6730516444354739,-0.712908137543955,0.19842450981701898,0.9215229025407279,1,-1.194455974607278,1,FALSE,FALSE
full,5,4,4,z_bs_purif,yield_3m,vendas_varejo,-1,ext,24,-3.7548205330955895,1.2483386153458838,0.603650340447199,-1.1771863138164167,0,-3.7548205330955895,-1,TRUE,FALSE
full,5,4,4,z_bs_purif,yield_3m,cambio_usd,-1,soft,0,0.5094392773666904,0.5036930798955398,0.2892136085971484,-0.059492076143539824,1,0.6644078031156643,1,FALSE,FALSE
full,5,4,4,z_bs_purif,yield_3m,cds_5y,-1,soft,0,92.95643102582349,74.64311941887118,58.26612713873653,14.248728476904986,1,108.27564645592078,1,FALSE,FALSE
full,5,4,4,z_bs_purif,yield_3m,embi_perc,-1,soft,0,0.78211050479234,0.5970437820810074,0.44494264634848824,0.08459849888929478,1,0.90624022605201,1,FALSE,FALSE
full,5,4,4,z_bs_purif,yield_6m,yield_6m,1,hard,0,0.005,0.008994874924389907,0.0126468378949236,0.009390232911858382,15,0.013267642064649207,1,TRUE,TRUE
full,5,4,4,z_bs_purif,yield_6m,yield_2y,1,hard,0,0.009906440222179772,0.01472349734178709,0.01597760744074598,0.008490150015577512,11,0.016003964465197296,1,TRUE,FALSE
full,5,4,4,z_bs_purif,yield_6m,yield_5y,1,hard,0,0.01184492269586891,0.01450257232979714,0.014080979365500458,0.006101787197636211,4,0.015115726253226268,1,TRUE,FALSE
full,5,4,4,z_bs_purif,yield_6m,asset_ibov,-1,hard,0,-1.4153157256788846,2.982322822636647,3.7853456925716564,3.1512430034899652,2,6.123625895660514,-1,TRUE,FALSE
full,5,4,4,z_bs_purif,yield_6m,price_ipca,-1,ext,24,-0.08117554588631785,0.4497933222962823,0.3862404572728044,0.057573814930957826,8,0.4533672168179581,1,FALSE,FALSE
full,5,4,4,z_bs_purif,yield_6m,pib,-1,ext,24,-0.4386011119777322,-0.46460649590133185,0.12910851001535217,0.5988523204348173,1,-0.7790932574293086,1,FALSE,FALSE
full,5,4,4,z_bs_purif,yield_6m,vendas_varejo,-1,ext,24,-2.44398789112611,0.8125353616874996,0.39291202056754865,-0.7662227984555077,0,-2.44398789112611,-1,TRUE,FALSE
full,5,4,4,z_bs_purif,yield_6m,cambio_usd,-1,soft,0,0.3315906617038121,0.32785049971318464,0.18824722809789815,-0.03872299952320047,1,0.43245865182421106,1,FALSE,FALSE
full,5,4,4,z_bs_purif,yield_6m,cds_5y,-1,soft,0,60.50472714394003,48.58471354560402,37.925037411171864,9.274403278281273,1,70.47590331140478,1,FALSE,FALSE
full,5,4,4,z_bs_purif,yield_6m,embi_perc,-1,soft,0,0.5090705631299867,0.3886118553514821,0.2896102304588172,0.05506460430544858,1,0.5898657790433779,1,FALSE,FALSE
full,5,4,4,z_bs_purif,yield_1y,yield_6m,1,hard,0,0.0033709991918070147,0.006064343220104711,0.008526496064540357,0.006330893511350847,15,0.008945042135423445,1,TRUE,FALSE
full,5,4,4,z_bs_purif,yield_1y,yield_2y,1,hard,0,0.0066789203965305025,0.009926579527947402,0.01077210035395289,0.005724057768166422,11,0.010789870255577655,1,TRUE,FALSE
full,5,4,4,z_bs_purif,yield_1y,yield_5y,1,hard,0,0.00798584496695813,0.009777631920573786,0.009493394012190659,0.004113823942362011,4,0.010191020196640364,1,TRUE,FALSE
full,5,4,4,z_bs_purif,yield_1y,asset_ibov,-1,hard,0,-0.9542056334830558,2.0106815649631504,2.5520794540738434,2.1245675235904367,2,4.1285475890400205,-1,TRUE,FALSE
full,5,4,4,z_bs_purif,yield_1y,price_ipca,-1,ext,24,-0.054728539915454136,0.303250585188192,0.26040325386195906,0.0388162567203011,8,0.30566010429702645,1,FALSE,FALSE
full,5,4,4,z_bs_purif,yield_1y,pib,-1,ext,24,-0.2959164849964169,-0.313475184654588,0.08702663991573267,0.40335330956540183,1,-0.5259334900674539,1,FALSE,FALSE
full,5,4,4,z_bs_purif,yield_1y,vendas_varejo,-1,ext,24,-1.6477362411544494,0.5478112095126363,0.26490122075689354,-0.5165872868675251,0,-1.6477362411544494,-1,TRUE,FALSE
full,5,4,4,z_bs_purif,yield_1y,cambio_usd,-1,soft,0,0.22355837052286073,0.2210367539133343,0.12691625075558507,-0.02610704001941044,1,0.2915635531578733,1,FALSE,FALSE
full,5,4,4,z_bs_purif,yield_1y,cds_5y,-1,soft,0,40.792277260545156,32.755806019281295,25.56905409246223,6.252801191115699,1,47.51484262092296,1,FALSE,FALSE
full,5,4,4,z_bs_purif,yield_1y,embi_perc,-1,soft,0,0.3432152913767854,0.26200205006329413,0.1952551705631432,0.03712454732216804,1,0.39768741288596843,1,FALSE,FALSE
full,5,4,4,z_bs_purif,yield_2y,yield_6m,1,hard,0,0.0025236108470151454,0.004539912785346981,0.006383139458414277,0.004739458726472886,15,0.006696473085732632,1,TRUE,FALSE
full,5,4,4,z_bs_purif,yield_2y,yield_2y,1,hard,0,0.005,0.007431275519546513,0.008064252689363291,0.004285166934419444,11,0.008077555663923368,1,TRUE,TRUE
full,5,4,4,z_bs_purif,yield_2y,yield_5y,1,hard,0,0.005978395079470131,0.007319769768219554,0.007106982452674679,0.0030797072716265785,4,0.007629242146630683,1,TRUE,FALSE
full,5,4,4,z_bs_purif,yield_2y,asset_ibov,-1,hard,0,-0.7143412234548691,1.5052444449013338,1.910547889895178,1.5905022050375726,2,3.090729746670342,-1,TRUE,FALSE
full,5,4,4,z_bs_purif,yield_2y,price_ipca,-1,ext,24,-0.04097109762221748,0.22702066141237548,0.1949441215059478,0.029058780772761545,8,0.22882448520857324,1,FALSE,FALSE
full,5,4,4,z_bs_purif,yield_2y,pib,-1,ext,24,-0.2216126740347324,-0.23476762505560966,0.06514310625900244,0.3018071351250651,1,-0.39398726470870615,1,FALSE,FALSE
full,5,4,4,z_bs_purif,yield_2y,vendas_varejo,-1,ext,24,-1.2335348704039044,0.4101046104675898,0.19831140740538075,-0.3867296330825237,0,-1.2335348704039044,-1,TRUE,FALSE
full,5,4,4,z_bs_purif,yield_2y,cambio_usd,-1,soft,0,0.16736115812893396,0.16547341545510574,0.09501254934967801,-0.019544356325142204,1,0.21827146892582505,1,FALSE,FALSE
full,5,4,4,z_bs_purif,yield_2y,cds_5y,-1,soft,0,30.538077143227753,24.521782020561997,19.141607156857702,4.68099694253269,1,35.57075080997034,1,FALSE,FALSE
full,5,4,4,z_bs_purif,yield_2y,embi_perc,-1,soft,0,0.2569391990021886,0.19614101868873618,0.14617270379848543,0.02779232654236538,1,0.2977183356553815,1,FALSE,FALSE
full,5,4,4,z_bs_purif,juros_selic,yield_6m,1,hard,0,0.021128341338158906,0.03800935753931124,0.05344134157846177,0.03968000924131155,15,0.056064654058884764,1,TRUE,FALSE
full,5,4,4,z_bs_purif,juros_selic,yield_2y,1,hard,0,0.04186133009205619,0.06221661550575059,0.06751606875503773,0.03587655750825937,11,0.06762744479689084,1,TRUE,FALSE
full,5,4,4,z_bs_purif,juros_selic,yield_5y,1,hard,0,0.05005271396848474,0.06128305969305848,0.05950154768197318,0.02578412853689319,4,0.06387404477046688,1,TRUE,FALSE
full,5,4,4,z_bs_purif,juros_selic,asset_ibov,-1,hard,0,-5.98065475068151,12.602306915449724,15.995615175116695,13.316107563444213,2,25.876411630140883,-1,TRUE,FALSE
full,5,4,4,z_bs_purif,juros_selic,price_ipca,-1,ext,24,-0.3430209283595009,1.900677369020075,1.6321240439732783,0.24328784280025334,8,1.915779461692183,1,FALSE,FALSE
full,5,4,4,z_bs_purif,juros_selic,pib,-1,ext,24,-1.8403147447002444,-1.9486121067672668,0.5467068656291874,2.555101350833966,1,-3.2510602421909174,1,FALSE,FALSE
full,5,4,4,z_bs_purif,juros_selic,vendas_varejo,-1,ext,24,-10.32748207800792,3.4335048942115796,1.660315857283376,-3.2378033653694605,0,-10.32748207800792,-1,TRUE,FALSE
full,5,4,4,z_bs_purif,juros_selic,cambio_usd,-1,soft,0,1.4011921370048235,1.3853874531652268,0.79547033824293,-0.16363055031270882,1,1.8274268020763895,1,FALSE,FALSE
full,5,4,4,z_bs_purif,juros_selic,cds_5y,-1,soft,0,255.67290553386667,205.30288232163886,160.2586271371371,39.19055163425334,1,297.8077882556887,1,FALSE,FALSE
full,5,4,4,z_bs_purif,juros_selic,embi_perc,-1,soft,0,2.1511633246038264,1.6421447855842697,1.223796760831351,0.23268475108323441,1,2.492577104665502,1,FALSE,FALSE
full,5,4,4,z_jk_bs_purif,yield_3m,yield_6m,1,hard,0,0.007375959693070928,0.014669567881725451,0.017562385621200473,0.012232370109725131,13,0.017629338020832386,1,TRUE,FALSE
full,5,4,4,z_jk_bs_purif,yield_3m,yield_2y,1,hard,0,0.013087832260000414,0.020235586840638472,0.020391754110657617,0.011263665165713846,8,0.02099065004347527,1,TRUE,FALSE
full,5,4,4,z_jk_bs_purif,yield_3m,yield_5y,1,hard,0,0.014381521665502309,0.018473470083322577,0.01699948274061329,0.008047323307727922,7,0.018909178471136136,1,TRUE,FALSE
full,5,4,4,z_jk_bs_purif,yield_3m,asset_ibov,-1,hard,0,-2.007632671487071,3.857844226421972,5.614098005140982,4.5021341658262095,2,6.227199031098161,-1,TRUE,FALSE
full,5,4,4,z_jk_bs_purif,yield_3m,price_ipca,-1,ext,24,-0.11533561111516769,0.5328728095850133,0.46914152569014295,0.12679572454642116,8,0.5436529183745098,1,FALSE,FALSE
full,5,4,4,z_jk_bs_purif,yield_3m,pib,-1,ext,24,-0.023574802983172827,-0.007286210290058381,0.47465240292829947,0.7443334609900765,21,0.7745975422357665,1,FALSE,FALSE
full,5,4,4,z_jk_bs_purif,yield_3m,vendas_varejo,-1,ext,24,-1.1254227781652597,1.2204208600196063,0.5601204949425233,-0.5939942387914627,5,1.3014206081577044,-1,TRUE,FALSE
full,5,4,4,z_jk_bs_purif,yield_3m,cambio_usd,-1,soft,0,0.38339272683980746,0.3101206340736687,0.1573149065744594,-0.04307030812526525,1,0.4367121389144809,1,FALSE,FALSE
full,5,4,4,z_jk_bs_purif,yield_3m,cds_5y,-1,soft,0,64.0811140682804,52.7732399652981,38.9670060794932,10.827166932813652,1,71.11045744561926,1,FALSE,FALSE
full,5,4,4,z_jk_bs_purif,yield_3m,embi_perc,-1,soft,0,0.5127490831893621,0.4059569907930093,0.28367357287723666,0.059233313172241016,1,0.575348343597229,1,FALSE,FALSE
full,5,4,4,z_jk_bs_purif,yield_6m,yield_6m,1,hard,0,0.005,0.00994417573587491,0.011905152923828207,0.008292053250518964,13,0.011950538475280454,1,TRUE,TRUE
full,5,4,4,z_jk_bs_purif,yield_6m,yield_2y,1,hard,0,0.008871952128680484,0.01371725692837506,0.013823119268001081,0.00763538958618163,8,0.014229097579799793,1,TRUE,FALSE
full,5,4,4,z_jk_bs_purif,yield_6m,yield_5y,1,hard,0,0.009748915574343835,0.012522756937430659,0.011523573506362043,0.005455102551121369,7,0.012818114020403108,1,TRUE,FALSE
full,5,4,4,z_jk_bs_purif,yield_6m,asset_ibov,-1,hard,0,-1.360929801021735,2.6151473075741456,3.805672914952978,3.0518972128166406,2,4.22128054532895,-1,TRUE,FALSE
full,5,4,4,z_jk_bs_purif,yield_6m,price_ipca,-1,ext,24,-0.07818346080681232,0.3612226962720531,0.3180206679619335,0.0859520183289062,8,0.3685302936818,1,FALSE,FALSE
full,5,4,4,z_jk_bs_purif,yield_6m,pib,-1,ext,24,-0.01598144457697348,-0.0049392188281149885,0.3215109065650923,0.5039642814042011,21,0.5244296946191218,1,FALSE,FALSE
full,5,4,4,z_jk_bs_purif,yield_6m,vendas_varejo,-1,ext,24,-0.762899219217871,0.827296318583523,0.3796932997537308,-0.4026555617904668,5,0.8822042570136844,-1,TRUE,FALSE
full,5,4,4,z_jk_bs_purif,yield_6m,cambio_usd,-1,soft,0,0.2598934530512494,0.21022392134612666,0.10664029707364253,-0.029196409631770396,1,0.29603750365171727,1,FALSE,FALSE
full,5,4,4,z_jk_bs_purif,yield_6m,cds_5y,-1,soft,0,43.43917045023919,35.7738126029037,26.41487189531371,7.339497084687728,1,48.20420691318402,1,FALSE,FALSE
full,5,4,4,z_jk_bs_purif,yield_6m,embi_perc,-1,soft,0,0.3475812670661997,0.2751892687092437,0.19229604328215302,0.04015295340339614,1,0.39001592168251586,1,FALSE,FALSE
full,5,4,4,z_jk_bs_purif,yield_1y,yield_6m,1,hard,0,0.003549282348452571,0.007058937481850233,0.008450949825634393,0.005886167646899144,13,0.008483167052963243,1,TRUE,FALSE
full,5,4,4,z_jk_bs_purif,yield_1y,yield_2y,1,hard,0,0.00629781261732837,0.009737283577014066,0.009812430643694171,0.005420030696358609,8,0.01010061697487852,1,TRUE,FALSE
full,5,4,4,z_jk_bs_purif,yield_1y,yield_5y,1,hard,0,0.006920330792914586,0.008889360030396922,0.0081800832074453,0.003872339838738733,7,0.009099021166613834,1,TRUE,FALSE
full,5,4,4,z_jk_bs_purif,yield_1y,asset_ibov,-1,hard,0,-0.9660648240499028,1.8563792354752366,2.701481540205329,2.1664089813483405,2,2.9965033054804575,-1,TRUE,FALSE
full,5,4,4,z_jk_bs_purif,yield_1y,price_ipca,-1,ext,24,-0.05549903547651048,0.2564162679477685,0.22574902864807733,0.06101359629373173,8,0.26160361324697096,1,FALSE,FALSE
full,5,4,4,z_jk_bs_purif,yield_1y,pib,-1,ext,24,-0.011344794864065477,-0.003506161563793242,0.22812029421126478,0.3574813219355599,21,0.3719872258086676,1,FALSE,FALSE
full,5,4,4,z_jk_bs_purif,yield_1y,vendas_varejo,-1,ext,24,-0.5415489464836476,0.5872616440976586,0.2695277453283255,-0.28582765559383144,5,0.6262383994296771,-1,TRUE,FALSE
full,5,4,4,z_jk_bs_purif,yield_1y,cambio_usd,-1,soft,0,0.18448704907863728,0.1492288106512578,0.07569930480744357,-0.02072526026884666,1,0.21014413723820075,1,FALSE,FALSE
full,5,4,4,z_jk_bs_purif,yield_1y,cds_5y,-1,soft,0,30.835576182091295,25.394272321667245,18.75076771093457,5.209989489840251,1,34.21806814362388,1,FALSE,FALSE
full,5,4,4,z_jk_bs_purif,yield_1y,embi_perc,-1,soft,0,0.2467328111701683,0.19534488278265805,0.13650259041972346,0.0285028337505825,1,0.27685532528864276,1,FALSE,FALSE
full,5,4,4,z_jk_bs_purif,yield_2y,yield_6m,1,hard,0,0.0028178691270416296,0.005604277159999675,0.006709432575352978,0.004673184170884516,13,0.006735010684203188,1,TRUE,FALSE
full,5,4,4,z_jk_bs_purif,yield_2y,yield_2y,1,hard,0,0.005,0.007730686961233194,0.007790348204942906,0.004303105717567276,8,0.00801914695515612,1,TRUE,TRUE
full,5,4,4,z_jk_bs_purif,yield_2y,yield_5y,1,hard,0,0.005494233643815761,0.007057498031886448,0.006494384403354492,0.0030743530127301877,7,0.0072239535529986755,1,TRUE,FALSE
full,5,4,4,z_jk_bs_purif,yield_2y,asset_ibov,-1,hard,0,-0.766984414074011,1.473828572135845,2.144777642932904,1.719969386980082,2,2.379003225052781,-1,TRUE,FALSE
full,5,4,4,z_jk_bs_purif,yield_2y,price_ipca,-1,ext,24,-0.04406215209055714,0.2035756567623508,0.17922812440221791,0.04844030777118821,8,0.20769402738910586,1,FALSE,FALSE
full,5,4,4,z_jk_bs_purif,yield_2y,pib,-1,ext,24,-0.009007037976749288,-0.0027836444520534798,0.18106820415990654,0.2837094867961687,21,0.2952174703878985,1,FALSE,FALSE
full,5,4,4,z_jk_bs_purif,yield_2y,vendas_varejo,-1,ext,24,-0.4299500313756406,0.4662425510103412,0.21398520542412022,-0.2269261352801919,5,0.49718722791671205,-1,TRUE,FALSE
full,5,4,4,z_jk_bs_purif,yield_2y,cambio_usd,-1,soft,0,0.14646914753467177,0.11847669954537562,0.06009968016447303,-0.016454332264365334,1,0.16683898839732955,1,FALSE,FALSE
full,5,4,4,z_jk_bs_purif,yield_2y,cds_5y,-1,soft,0,24.481179463205613,20.16118441805902,14.886730401712823,4.136348448590718,1,27.166629290837584,1,FALSE,FALSE
full,5,4,4,z_jk_bs_purif,yield_2y,embi_perc,-1,soft,0,0.19588770432077113,0.1550894688777882,0.108373016723408,0.022629153550994225,1,0.21980276495276946,1,FALSE,FALSE
full,5,4,4,z_jk_bs_purif,juros_selic,yield_6m,1,hard,0,0.017695026437174775,0.03519249050844368,0.04213239914514973,0.029345620297278815,13,0.04229301885171239,1,TRUE,FALSE
full,5,4,4,z_jk_bs_purif,juros_selic,yield_2y,1,hard,0,0.031397885493270036,0.0485454447986231,0.048920092178299825,0.027021684117122583,8,0.05035685157033938,1,TRUE,FALSE
full,5,4,4,z_jk_bs_purif,juros_selic,yield_5y,1,hard,0,0.034501463764359815,0.044318103014829864,0.040781987569160634,0.019305636771918436,7,0.045363373293150724,1,TRUE,FALSE
full,5,4,4,z_jk_bs_purif,juros_selic,asset_ibov,-1,hard,0,-4.81633776164372,9.255020148926189,13.468296568266586,10.800680372866093,2,14.939134169665467,-1,TRUE,FALSE
full,5,4,4,z_jk_bs_purif,juros_selic,price_ipca,-1,ext,24,-0.2766916811852724,1.2783690320483068,1.125476825430879,0.3041846473317052,8,1.304230657919847,1,FALSE,FALSE
full,5,4,4,z_jk_bs_purif,juros_selic,pib,-1,ext,24,-0.056546942952939716,-0.01747882552375346,1.1424806115079678,1.794972531125949,21,1.8683490546209214,1,FALSE,FALSE
full,5,4,4,z_jk_bs_purif,juros_selic,vendas_varejo,-1,ext,24,-2.6999043705920442,2.9278060457425608,1.3437365954320786,-1.425000162191554,5,3.1221255301690554,-1,TRUE,FALSE
full,5,4,4,z_jk_bs_purif,juros_selic,cambio_usd,-1,soft,0,0.9197643045180998,0.7439835691892523,0.3774005751972553,-0.10332624806095228,1,1.0476782907024722,1,FALSE,FALSE
full,5,4,4,z_jk_bs_purif,juros_selic,cds_5y,-1,soft,0,153.73145390518476,126.60371195338342,93.4823713044322,25.974518989823306,1,170.59494314236684,1,FALSE,FALSE
full,5,4,4,z_jk_bs_purif,juros_selic,embi_perc,-1,soft,0,1.2300919419606218,0.9738962770073721,0.6805367139283606,0.1421015144007483,1,1.3802684090182407,1,FALSE,FALSE
full,5,5,4,z_bruto,yield_3m,yield_6m,1,hard,0,0.006307738170683799,0.01074565415756447,0.006854289444020033,-0.005381938113670207,6,0.01074565415756447,1,TRUE,FALSE
full,5,5,4,z_bruto,yield_3m,yield_2y,1,hard,0,0.009138100716319146,0.012585745328598628,0.005673742570602143,-0.008140756195440345,4,0.013537121822871536,1,TRUE,FALSE
full,5,5,4,z_bruto,yield_3m,yield_5y,1,hard,0,0.009670605561994611,0.011092578603023689,0.003960731226274687,-0.007492707638157431,4,0.012697473855760156,1,TRUE,FALSE
full,5,5,4,z_bruto,yield_3m,asset_ibov,-1,hard,0,-0.6593558556863618,1.2331837749671477,1.7851645941164087,-1.5876495322354083,2,2.7010797753685707,-1,TRUE,FALSE
full,5,5,4,z_bruto,yield_3m,price_ipca,-1,ext,24,-0.08353013186482006,0.12108500245103329,-0.027398190915512894,-0.2993813297184993,24,-0.2993813297184993,-1,TRUE,FALSE
full,5,5,4,z_bruto,yield_3m,pib,-1,ext,24,0.00807883712394819,0.41940467194256925,0.5200061714560444,0.10064082814980058,11,0.5204367544169974,1,FALSE,FALSE
full,5,5,4,z_bruto,yield_3m,vendas_varejo,-1,ext,24,-1.8734203963796634,-0.5911250151071628,-1.0814138505126623,-1.165387964717159,0,-1.8734203963796634,-1,TRUE,FALSE
full,5,5,4,z_bruto,yield_3m,cambio_usd,-1,soft,0,0.20023352652644838,0.11393447515844589,-0.054650093412354564,-0.14336855494207504,1,0.2334247033576222,1,FALSE,FALSE
full,5,5,4,z_bruto,yield_3m,cds_5y,-1,soft,0,42.92395057417444,32.446333549441476,6.393116252323035,-20.136903279575588,1,45.9130904130397,1,FALSE,FALSE
full,5,5,4,z_bruto,yield_3m,embi_perc,-1,soft,0,0.35217077879404957,0.24895390075926446,0.03988703129823177,-0.15387123118239876,1,0.36837119945758373,1,FALSE,FALSE
full,5,5,4,z_bruto,yield_6m,yield_6m,1,hard,0,0.005,0.008517834655460637,0.005433238712948182,-0.004266139437020078,6,0.008517834655460637,1,TRUE,TRUE
full,5,5,4,z_bruto,yield_6m,yield_2y,1,hard,0,0.00724356375379522,0.009976432905136147,0.004497446166180257,-0.0064529915281485405,4,0.010730567325850201,1,TRUE,FALSE
full,5,5,4,z_bruto,yield_6m,yield_5y,1,hard,0,0.007665668184310712,0.008792833740767954,0.0031395811930517393,-0.005939298236078475,4,0.010064997557106645,1,TRUE,FALSE
full,5,5,4,z_bruto,yield_6m,asset_ibov,-1,hard,0,-0.5226563292931382,0.9775166165730865,1.4150592064943666,-1.2584935275327833,2,2.1410842541961097,-1,TRUE,FALSE
full,5,5,4,z_bruto,yield_6m,price_ipca,-1,ext,24,-0.06621242797698819,0.09598131626150465,-0.021717920254561512,-0.23731274318734477,24,-0.23731274318734477,-1,TRUE,FALSE
full,5,5,4,z_bruto,yield_6m,pib,-1,ext,24,0.0064038560655177434,0.33230821169905056,0.41197528748815326,0.07976736688419805,11,0.41231623380053595,1,FALSE,FALSE
full,5,5,4,z_bruto,yield_6m,vendas_varejo,-1,ext,24,-1.4850175654774942,-0.4685713001329929,-0.8572120633816909,-0.9237764260202508,0,-1.4850175654774942,-1,TRUE,FALSE
full,5,5,4,z_bruto,yield_6m,cambio_usd,-1,soft,0,0.158720543805278,0.09031325657109089,-0.04331988102038654,-0.11364497943843235,1,0.18503043170252378,1,FALSE,FALSE
full,5,5,4,z_bruto,yield_6m,cds_5y,-1,soft,0,34.02483537892412,25.719467637576408,5.067677255562101,-15.962063369374619,1,36.394258267113855,1,FALSE,FALSE
full,5,5,4,z_bruto,yield_6m,embi_perc,-1,soft,0,0.27915773393291626,0.1973400718472405,0.0316175388220876,-0.12197021104770914,1,0.2919994374288129,1,FALSE,FALSE
full,5,5,4,z_bruto,yield_1y,yield_6m,1,hard,0,0.004015903942101532,0.006841361154206684,0.004363872953141452,-0.0034264812365367475,6,0.006841361154206684,1,TRUE,FALSE
full,5,5,4,z_bruto,yield_1y,yield_2y,1,hard,0,0.005817891246745999,0.008012879246369538,0.0036122623576305426,-0.005182918823247902,4,0.008618585524973542,1,TRUE,FALSE
full,5,5,4,z_bruto,yield_1y,yield_5y,1,hard,0,0.006156917416043136,0.007062235136358677,0.002521651297944862,-0.004770330239916844,4,0.008084012673365372,1,TRUE,FALSE
full,5,5,4,z_bruto,yield_1y,asset_ibov,-1,hard,0,-0.41978752263452596,0.7851225667931219,1.1365483691335583,-1.0107978236656334,2,1.7196777393595348,-1,TRUE,FALSE
full,5,5,4,z_bruto,yield_1y,price_ipca,-1,ext,24,-0.05318055010578013,0.07709034926853407,-0.017443416312908057,-0.19060503617539726,24,-0.19060503617539726,-1,TRUE,FALSE
full,5,5,4,z_bruto,yield_1y,pib,-1,ext,24,0.00514342175037541,0.2668164033126974,0.3307567054388505,0.0640625889960722,11,0.3310303253777125,1,FALSE,FALSE
full,5,5,4,z_bruto,yield_1y,vendas_varejo,-1,ext,24,-1.1927375790582175,-0.37634746627194526,-0.688496260910304,-0.7419594781750378,0,-1.1927375790582175,-1,TRUE,FALSE
full,5,5,4,z_bruto,yield_1y,cambio_usd,-1,soft,0,0.12748129151202295,0.07253787261757419,-0.03479369619222793,-0.0912774641853696,1,0.14861288801658268,1,FALSE,FALSE
full,5,5,4,z_bruto,yield_1y,cds_5y,-1,soft,0,27.328094105515408,20.657382294899175,4.070261013582022,-12.820422641829198,1,29.23116904895276,1,FALSE,FALSE
full,5,5,4,z_bruto,yield_1y,embi_perc,-1,soft,0,0.22421412883386577,0.15849975449318654,0.025394599759033964,-0.09796413027309019,1,0.2345283383723598,1,FALSE,FALSE
full,5,5,4,z_bruto,yield_2y,yield_6m,1,hard,0,0.0034513398169376793,0.005879588380096587,0.0037503906209850582,-0.002944779380719097,6,0.005879588380096587,1,TRUE,FALSE
full,5,5,4,z_bruto,yield_2y,yield_2y,1,hard,0,0.005,0.006886412023300724,0.0031044430055743263,-0.004454293319892115,4,0.007406966854007453,1,TRUE,TRUE
full,5,5,4,z_bruto,yield_2y,yield_5y,1,hard,0,0.005291365165588785,0.006069411438645103,0.002167152316017634,-0.004099707297369072,4,0.006947545365244527,1,TRUE,FALSE
full,5,5,4,z_bruto,yield_2y,asset_ibov,-1,hard,0,-0.36077291997277977,0.6747484040993791,0.9767700365396488,-0.8686977641864501,2,1.4779218675850696,-1,TRUE,FALSE
full,5,5,4,z_bruto,yield_2y,price_ipca,-1,ext,24,-0.04570431781061953,0.06625282769908378,-0.01499118458312909,-0.1638093839258378,24,-0.1638093839258378,-1,TRUE,FALSE
full,5,5,4,z_bruto,yield_2y,pib,-1,ext,24,0.004420332846777342,0.22926383615624601,0.284192235252001,0.05505405844365985,11,0.2844272799487735,1,FALSE,FALSE
full,5,5,4,z_bruto,yield_2y,vendas_varejo,-1,ext,24,-1.0250600505168663,-0.32343975704465083,-0.591706025181707,-0.6376532722144151,0,-1.0250600505168663,-1,TRUE,FALSE
full,5,5,4,z_bruto,yield_2y,cambio_usd,-1,soft,0,0.1095597065202314,0.062340347680222896,-0.029902326046132584,-0.07844548850618507,1,0.12772057925601762,1,FALSE,FALSE
full,5,5,4,z_bruto,yield_2y,cds_5y,-1,soft,0,23.486253821606123,17.753324545601505,3.4980552583021876,-11.018100973441006,1,25.12179053304067,1,FALSE,FALSE
full,5,5,4,z_bruto,yield_2y,embi_perc,-1,soft,0,0.19269364046575368,0.1362175294887447,0.021824574130048756,-0.0841921291738501,1,0.20155785698429285,1,FALSE,FALSE
full,5,5,4,z_bruto,juros_selic,yield_6m,1,hard,0,0.00973124223358908,0.01657782246758945,0.010574432405722504,-0.008302967252781943,6,0.01657782246758945,1,TRUE,FALSE
full,5,5,4,z_bruto,juros_selic,yield_2y,1,hard,0,0.014097774704525418,0.019416617045405732,0.00875314761512532,-0.012559124738342321,4,0.0208843499903369,1,TRUE,FALSE
full,5,5,4,z_bruto,juros_selic,yield_5y,1,hard,0,0.014919294796768904,0.017113039010217632,0.006110405020321414,-0.011559349966561595,4,0.019588985861737417,1,TRUE,FALSE
full,5,5,4,z_bruto,juros_selic,asset_ibov,-1,hard,0,-1.0172190690540055,1.9024901966462244,2.754056782653406,-2.4493410731651046,2,4.167081904021151,-1,TRUE,FALSE
full,5,5,4,z_bruto,juros_selic,price_ipca,-1,ext,24,-0.1288658351036285,0.18680348768788485,-0.042268468561381736,-0.4618695578147137,24,-0.4618695578147137,-1,TRUE,FALSE
full,5,5,4,z_bruto,juros_selic,pib,-1,ext,24,0.012463872541479404,0.6477711273553899,0.8033689927150478,0.1553057031243421,11,0.8040351465168349,1,FALSE,FALSE
full,5,5,4,z_bruto,juros_selic,vendas_varejo,-1,ext,24,-2.890213130159245,-0.9119561650603849,-1.6683476468643896,-1.7978984342564486,0,-2.890213130159245,-1,TRUE,FALSE
full,5,5,4,z_bruto,juros_selic,cambio_usd,-1,soft,0,0.30890961184322935,0.17577203531951321,-0.0843112511479279,-0.22118136470932706,1,0.3601151902965638,1,FALSE,FALSE
full,5,5,4,z_bruto,juros_selic,cds_5y,-1,soft,0,66.22078300606046,50.05647394004222,9.86295898710494,-31.0661410390567,1,70.83226862181738,1,FALSE,FALSE
full,5,5,4,z_bruto,juros_selic,embi_perc,-1,soft,0,0.5433103060562036,0.38407280830787405,0.06153558582152823,-0.23738433379744808,1,0.5683034515383031,1,FALSE,FALSE
full,5,5,4,z_bruto_purif,yield_3m,yield_6m,1,hard,0,0.006391516483254598,0.010377003894568668,0.006729067131026599,-0.005382213485945975,6,0.010377003894568668,1,TRUE,FALSE
full,5,5,4,z_bruto_purif,yield_3m,yield_2y,1,hard,0,0.009666713265861744,0.01266531482253673,0.0058325322218230466,-0.008196255668315108,4,0.013783256120831556,1,TRUE,FALSE
full,5,5,4,z_bruto_purif,yield_3m,yield_5y,1,hard,0,0.010541517714760808,0.01144514648661209,0.004273337279139169,-0.007530987076537446,4,0.013250117917707816,1,TRUE,FALSE
full,5,5,4,z_bruto_purif,yield_3m,asset_ibov,-1,hard,0,-1.7036200509850004,1.2576818191027224,1.7072203138932678,-1.6635012915762253,2,2.9207748504798223,-1,TRUE,FALSE
full,5,5,4,z_bruto_purif,yield_3m,price_ipca,-1,ext,24,-0.08921536806427968,0.13996582949641662,-0.01862692815489579,-0.3108162130458988,24,-0.3108162130458988,-1,TRUE,FALSE
full,5,5,4,z_bruto_purif,yield_3m,pib,-1,ext,24,-0.029175938256909006,0.29884266541999605,0.46310620876424125,0.10979141645688362,13,0.4674590713579674,1,FALSE,FALSE
full,5,5,4,z_bruto_purif,yield_3m,vendas_varejo,-1,ext,24,-2.1315895043508433,-0.6259511787916907,-1.0957669009652629,-1.252076120299741,0,-2.1315895043508433,-1,TRUE,FALSE
full,5,5,4,z_bruto_purif,yield_3m,cambio_usd,-1,soft,0,0.22151115684107717,0.14063742202875287,-0.03804478714432149,-0.14557009252431005,1,0.2702730517017773,1,FALSE,FALSE
full,5,5,4,z_bruto_purif,yield_3m,cds_5y,-1,soft,0,48.60927290604436,35.3647959891821,8.457028781999632,-19.960990244084293,1,52.49992355409527,1,FALSE,FALSE
full,5,5,4,z_bruto_purif,yield_3m,embi_perc,-1,soft,0,0.40449295853052103,0.2757120906265559,0.058208915857243165,-0.15200454325333748,1,0.42599564580145305,1,FALSE,FALSE
full,5,5,4,z_bruto_purif,yield_6m,yield_6m,1,hard,0,0.005,0.008117794831442442,0.00526406147011931,-0.0042104354264336655,6,0.008117794831442442,1,TRUE,TRUE
full,5,5,4,z_bruto_purif,yield_6m,yield_2y,1,hard,0,0.007562143734736484,0.009907910631005273,0.004562713901390963,-0.006411823930822068,4,0.01078246153079859,1,TRUE,FALSE
full,5,5,4,z_bruto_purif,yield_6m,yield_5y,1,hard,0,0.008246491847732048,0.008953388852706325,0.0033429760295033773,-0.005891392986522208,4,0.010365394466573275,1,TRUE,FALSE
full,5,5,4,z_bruto_purif,yield_6m,asset_ibov,-1,hard,0,-1.332719750820002,0.9838680870164191,1.335536189546007,-1.3013353684798452,2,2.284884078866168,-1,TRUE,FALSE
full,5,5,4,z_bruto_purif,yield_6m,price_ipca,-1,ext,24,-0.06979201907561278,0.10949344327212406,-0.014571603001961475,-0.24314747044791268,24,-0.24314747044791268,-1,TRUE,FALSE
full,5,5,4,z_bruto_purif,yield_6m,pib,-1,ext,24,-0.022824681019217863,0.23370476123090178,0.36209965663249744,0.08587813303371217,13,0.3655014046266558,1,FALSE,FALSE
full,5,5,4,z_bruto_purif,yield_6m,vendas_varejo,-1,ext,24,-1.6675146735015736,-0.4896734448167711,-0.8572041579147207,-0.9794828219406989,0,-1.6675146735015736,-1,TRUE,FALSE
full,5,5,4,z_bruto_purif,yield_6m,cambio_usd,-1,soft,0,0.17328528950947988,0.11001882135265924,-0.02976194088210257,-0.11387758515971541,1,0.21143108400790095,1,FALSE,FALSE
full,5,5,4,z_bruto_purif,yield_6m,cds_5y,-1,soft,0,38.02640033347159,27.665418748301605,6.615823337197485,-15.615222378273552,1,41.07000560167686,1,FALSE,FALSE
full,5,5,4,z_bruto_purif,yield_6m,embi_perc,-1,soft,0,0.3164295669034642,0.2156859732341343,0.04553607583563865,-0.11891117206032446,1,0.3332508387622381,1,FALSE,FALSE
full,5,5,4,z_bruto_purif,yield_1y,yield_6m,1,hard,0,0.003942067036498722,0.00640017828281779,0.004150256639892066,-0.003319563740770119,6,0.00640017828281779,1,TRUE,FALSE
full,5,5,4,z_bruto_purif,yield_1y,yield_2y,1,hard,0,0.005962095508394006,0.007811529579812228,0.003597304813529559,-0.005055167952305467,4,0.008501037234575333,1,TRUE,FALSE
full,5,5,4,z_bruto_purif,yield_1y,yield_5y,1,hard,0,0.006501644735939989,0.007058971812241744,0.0026356471219421283,-0.004644853218245792,4,0.008172215969396952,1,TRUE,FALSE
full,5,5,4,z_bruto_purif,yield_1y,asset_ibov,-1,hard,0,-1.050734119719664,0.7756947908180964,1.0529546377720846,-1.0259902519028632,2,1.8014332419038135,-1,TRUE,FALSE
full,5,5,4,z_bruto_purif,yield_1y,price_ipca,-1,ext,24,-0.055024963561732636,0.0863260986871566,-0.011488447172595633,-0.19170072565215276,24,-0.19170072565215276,-1,TRUE,FALSE
full,5,5,4,z_bruto_purif,yield_1y,pib,-1,ext,24,-0.017995719104768604,0.18421045386980417,0.28537502119156954,0.06770132216240565,13,0.28805494499071216,1,FALSE,FALSE
full,5,5,4,z_bruto_purif,yield_1y,vendas_varejo,-1,ext,24,-1.3146909254576966,-0.3860651090921939,-0.6758312508930532,-0.7722373890378353,0,-1.3146909254576966,-1,TRUE,FALSE
full,5,5,4,z_bruto_purif,yield_1y,cambio_usd,-1,soft,0,0.13662044553709168,0.08674031380975195,-0.02346471321871205,-0.08978261493083804,1,0.16669510135174767,1,FALSE,FALSE
full,5,5,4,z_bruto_purif,yield_1y,cds_5y,-1,soft,0,29.980523854256475,21.8117870597227,5.216003819373035,-12.31125068099787,1,32.38014305423764,1,FALSE,FALSE
full,5,5,4,z_bruto_purif,yield_1y,embi_perc,-1,soft,0,0.24947731301274267,0.1700497130642853,0.035901252704635435,-0.09375116233008658,1,0.2627394292740339,1,FALSE,FALSE
full,5,5,4,z_bruto_purif,yield_2y,yield_6m,1,hard,0,0.003305940865043762,0.0053673899334613214,0.003480535186033954,-0.0027838901071750026,6,0.0053673899334613214,1,TRUE,FALSE
full,5,5,4,z_bruto_purif,yield_2y,yield_2y,1,hard,0,0.005,0.0065509933284483715,0.003016812468422328,-0.004239422150474041,4,0.0071292360400858745,1,TRUE,TRUE
full,5,5,4,z_bruto_purif,yield_2y,yield_5y,1,hard,0,0.0054524828785335235,0.005919874817757825,0.002210336213359391,-0.003895319365235197,4,0.0068534762298686144,1,TRUE,FALSE
full,5,5,4,z_bruto_purif,yield_2y,asset_ibov,-1,hard,0,-0.881178537177357,0.6505219429360024,0.8830407331529951,-0.8604275547568605,2,1.5107383296423078,-1,TRUE,FALSE
full,5,5,4,z_bruto_purif,yield_2y,price_ipca,-1,ext,24,-0.046145657583196414,0.07239576971353318,-0.009634571566675762,-0.16076623175715501,24,-0.16076623175715501,-1,TRUE,FALSE
full,5,5,4,z_bruto_purif,yield_2y,pib,-1,ext,24,-0.015091992731897097,0.1544617107369195,0.23926938509013507,0.05677334830860303,13,0.24151581500724273,1,FALSE,FALSE
full,5,5,4,z_bruto_purif,yield_2y,vendas_varejo,-1,ext,24,-1.102540980437792,-0.32376629034930304,-0.5667732510671403,-0.647622457532428,0,-1.102540980437792,-1,TRUE,FALSE
full,5,5,4,z_bruto_purif,yield_2y,cambio_usd,-1,soft,0,0.11457418398006575,0.07274314348674107,-0.019678243317031895,-0.07529451247840085,1,0.1397957321524441,1,FALSE,FALSE
full,5,5,4,z_bruto_purif,yield_2y,cds_5y,-1,soft,0,25.142606162587498,18.292047677711626,4.374304145270273,-10.324600355416075,1,27.155001969231954,1,FALSE,FALSE
full,5,5,4,z_bruto_purif,yield_2y,embi_perc,-1,soft,0,0.2092194872268523,0.14260901458629194,0.030107914787753924,-0.07862266060489534,1,0.22034151323483855,1,FALSE,FALSE
full,5,5,4,z_bruto_purif,juros_selic,yield_6m,1,hard,0,0.010087027166075069,0.016376883398676736,0.010619746210596507,-0.008494155305488249,6,0.016376883398676736,1,TRUE,FALSE
full,5,5,4,z_bruto_purif,juros_selic,yield_2y,1,hard,0,0.015255909857210257,0.01998827273879883,0.009204843814871801,-0.012935248434858486,4,0.021752596475664944,1,TRUE,FALSE
full,5,5,4,z_bruto_purif,juros_selic,yield_5y,1,hard,0,0.01663651745857795,0.018062615317136477,0.006744138005027667,-0.011885328220214729,4,0.02091120311428176,1,TRUE,FALSE
full,5,5,4,z_bruto_purif,juros_selic,asset_ibov,-1,hard,0,-2.6886360662572306,1.9848608243137857,2.6943179650453906,-2.625321042806102,2,4.609537554971089,-1,TRUE,FALSE
full,5,5,4,z_bruto_purif,juros_selic,price_ipca,-1,ext,24,-0.14079879847818708,0.2208926673586029,-0.029396831066809286,-0.490527027954106,24,-0.490527027954106,-1,TRUE,FALSE
full,5,5,4,z_bruto_purif,juros_selic,pib,-1,ext,24,-0.04604128904227567,0.4720377842849066,0.7318474351240445,0.17332669975236303,13,0.7387355419236741,1,FALSE,FALSE
full,5,5,4,z_bruto_purif,juros_selic,vendas_varejo,-1,ext,24,-3.364053162287834,-0.9878698680744662,-1.7293283255516578,-1.9760139667239396,0,-3.364053162287834,-1,TRUE,FALSE
full,5,5,4,z_bruto_purif,juros_selic,cambio_usd,-1,soft,0,0.34958668455266134,0.22195256795276666,-0.060041901238577756,-0.22973725902261527,1,0.42654221762807937,1,FALSE,FALSE
full,5,5,4,z_bruto_purif,juros_selic,cds_5y,-1,soft,0,76.7146666383548,55.81236609499216,13.346797945652888,-31.50223446678973,1,82.85485244299394,1,FALSE,FALSE
full,5,5,4,z_bruto_purif,juros_selic,embi_perc,-1,soft,0,0.6383667275009224,0.4351260542708105,0.09186472679810831,-0.2398920445844639,1,0.6723020527423996,1,FALSE,FALSE
full,5,5,4,z_jk,yield_3m,yield_6m,1,hard,0,0.00715984957992723,0.01003714442153953,0.008850639262057773,1.0529006502377371e-4,3,0.010343490768647007,1,TRUE,FALSE
full,5,5,4,z_jk,yield_3m,yield_2y,1,hard,0,0.013438413782168509,0.01470139955733411,0.009942175216449169,-0.002105070546635203,3,0.016628452400310415,1,TRUE,FALSE
full,5,5,4,z_jk,yield_3m,yield_5y,1,hard,0,0.015901979636069236,0.01426816684970132,0.0084503517735705,-0.002544492494877661,1,0.01821014016132398,1,TRUE,FALSE
full,5,5,4,z_jk,yield_3m,asset_ibov,-1,hard,0,-9.80673787814957,2.0830706264645524,2.5702984017432233,-0.00738498743649905,0,-9.80673787814957,-1,TRUE,FALSE
full,5,5,4,z_jk,yield_3m,price_ipca,-1,ext,24,-0.04300419478838784,0.33120962719662933,0.15392720376002444,-0.19562032339520222,5,0.3378824106883257,-1,TRUE,FALSE
full,5,5,4,z_jk,yield_3m,pib,-1,ext,24,0.039401565350138945,-0.22321121021224855,0.24052939882381885,0.308799103378532,18,0.4129712291296217,1,FALSE,FALSE
full,5,5,4,z_jk,yield_3m,vendas_varejo,-1,ext,24,-1.883616817897818,-0.16465709873285744,-0.5819783469546428,-1.2334516331136303,1,-2.0007535876426066,-1,TRUE,FALSE
full,5,5,4,z_jk,yield_3m,cambio_usd,-1,soft,0,0.33691235560311117,0.27151119401334145,0.0707609360563387,-0.11012945855626458,1,0.44419097833003113,1,FALSE,FALSE
full,5,5,4,z_jk,yield_3m,cds_5y,-1,soft,0,76.6752417912451,48.719525660693755,22.4955998053656,-8.807743832535877,1,82.97727459312436,1,FALSE,FALSE
full,5,5,4,z_jk,yield_3m,embi_perc,-1,soft,0,0.6568637745513966,0.39277941128514854,0.1716676710633254,-0.07194226924970862,1,0.6882321899346161,1,FALSE,FALSE
full,5,5,4,z_jk,yield_6m,yield_6m,1,hard,0,0.005,0.00700932631998223,0.006180743857294644,7.352812642807213e-5,3,0.007223259827724017,1,TRUE,TRUE
full,5,5,4,z_jk,yield_6m,yield_2y,1,hard,0,0.00938456432090651,0.01026655615681491,0.006943005649393976,-0.0014700522148794906,3,0.01161229172113377,1,TRUE,FALSE
full,5,5,4,z_jk,yield_6m,yield_5y,1,hard,0,0.011104967680222452,0.009964012993863998,0.005901207615632886,-0.00177691756403039,1,0.012716845485397097,1,TRUE,FALSE
full,5,5,4,z_jk,yield_6m,asset_ibov,-1,hard,0,-6.848424515539363,1.4546888193744174,1.7949388273107734,-0.005157222476574785,0,-6.848424515539363,-1,TRUE,FALSE
full,5,5,4,z_jk,yield_6m,price_ipca,-1,ext,24,-0.03003149319571663,0.23129649827084472,0.10749332233987302,-0.1366092410262552,5,0.23595636117523,-1,TRUE,FALSE
full,5,5,4,z_jk,yield_6m,pib,-1,ext,24,0.027514002696404916,-0.15592955502670147,0.1679101110476644,0.21554605643758773,18,0.28821447284361756,1,FALSE,FALSE
full,5,5,4,z_jk,yield_6m,vendas_varejo,-1,ext,24,-1.3154025073226205,-0.11498642317464086,-0.40641799835169,-0.8613670017395579,1,-1.397203646045691,-1,TRUE,FALSE
full,5,5,4,z_jk,yield_6m,cambio_usd,-1,soft,0,0.23527893417457477,0.18960677244849397,0.04941509962354396,-0.07690766218400351,1,0.3101957473906496,1,FALSE,FALSE
full,5,5,4,z_jk,yield_6m,cds_5y,-1,soft,0,53.54528816234181,34.02272988896292,15.709547773484253,-6.150788319093008,1,57.94624151445351,1,FALSE,FALSE
full,5,5,4,z_jk,yield_6m,embi_perc,-1,soft,0,0.4587133900081687,0.27429306083909416,0.11988217709531136,-0.05024007030217513,1,0.4806191682183434,1,FALSE,FALSE
full,5,5,4,z_jk,yield_1y,yield_6m,1,hard,0,0.003520105881215179,0.004934714160465158,0.004351374560469494,5.176535805483799e-5,3,0.005085327880223331,1,TRUE,FALSE
full,5,5,4,z_jk,yield_1y,yield_2y,1,hard,0,0.006606932011733027,0.007227872941486013,0.004888023003948389,-0.001034947889458139,3,0.008175299276389863,1,TRUE,FALSE
full,5,5,4,z_jk,yield_1y,yield_5y,1,hard,0,0.007818132408371106,0.007014876148041024,0.004154575126812225,-0.0012509875935155848,1,0.008952928516730204,1,TRUE,FALSE
full,5,5,4,z_jk,yield_1y,asset_ibov,-1,hard,0,-4.821435882841665,1.0241317336835705,1.263674944487626,-0.0036307938341052027,0,-4.821435882841665,-1,TRUE,FALSE
full,5,5,4,z_jk,yield_1y,price_ipca,-1,ext,24,-0.02114280716398315,0.16283763277353536,0.07567757523198919,-0.09617579855297256,5,0.16611827493661202,-1,TRUE,FALSE
full,5,5,4,z_jk,yield_1y,pib,-1,ext,24,0.019369651913270225,-0.10980305803983681,0.11818292069774028,0.15170062750193836,18,0.20282265357269846,1,FALSE,FALSE
full,5,5,4,z_jk,yield_1y,vendas_varejo,-1,ext,24,-0.9260712204383098,-0.08095287689539012,-0.28612687724589697,-0.6064206097416206,1,-0.9836609543401454,-1,TRUE,FALSE
full,5,5,4,z_jk,yield_1y,cambio_usd,-1,soft,0,0.16564135198279192,0.13348718296283432,0.03478927656113421,-0.05414462279288419,1,0.21838437494355273,1,FALSE,FALSE
full,5,5,4,z_jk,yield_1y,cds_5y,-1,soft,0,37.69701675432418,23.952722315426765,11.05985430173455,-4.330285227229784,1,40.79538110986859,1,FALSE,FALSE
full,5,5,4,z_jk,yield_1y,embi_perc,-1,soft,0,0.3229439403919813,0.19310812332724164,0.08439959132921704,-0.03537007338867015,1,0.3383660721340276,1,FALSE,FALSE
full,5,5,4,z_jk,yield_2y,yield_6m,1,hard,0,0.0026639489213480193,0.0037344974578985887,0.0032930371863536924,3.9175034617360705e-5,3,0.003848479045336375,1,TRUE,FALSE
full,5,5,4,z_jk,yield_2y,yield_2y,1,hard,0,0.005,0.005469916239981189,0.003699162482123257,-7.83228802430697e-4,3,0.006186910400978568,1,TRUE,TRUE
full,5,5,4,z_jk,yield_2y,yield_5y,1,hard,0,0.005916613334666643,0.005308724333460329,0.0031441031324631885,-9.467235256046214e-4,1,0.006775405362754605,1,TRUE,FALSE
full,5,5,4,z_jk,yield_2y,asset_ibov,-1,hard,0,-3.648770620220883,0.7750433422539006,0.9563250705800428,-0.002747715450724632,0,-3.648770620220883,-1,TRUE,FALSE
full,5,5,4,z_jk,yield_2y,price_ipca,-1,ext,24,-0.01600047278103994,0.12323241141603815,0.05727134401988393,-0.07278400805561283,5,0.12571513876759155,-1,TRUE,FALSE
full,5,5,4,z_jk,yield_2y,pib,-1,ext,24,0.01465823748196815,-0.08310795890807965,0.08942572993728692,0.11478297242093483,18,0.1534544843646568,1,FALSE,FALSE
full,5,5,4,z_jk,yield_2y,vendas_varejo,-1,ext,24,-0.7008330181041151,-0.06126359159715028,-0.21653535766508114,-0.45892753903377453,1,-0.7444158291573875,-1,TRUE,FALSE
full,5,5,4,z_jk,yield_2y,cambio_usd,-1,soft,0,0.125354212582054,0.10102055138888895,0.02632786026808897,-0.0409756167436948,1,0.16526912533361274,1,FALSE,FALSE
full,5,5,4,z_jk,yield_2y,cds_5y,-1,soft,0,28.528382528667866,18.126962917803557,8.369886569207711,-3.2770771816175626,1,30.873165515720054,1,FALSE,FALSE
full,5,5,4,z_jk,yield_2y,embi_perc,-1,soft,0,0.24439780810403086,0.1461405407111103,0.0638719992723814,-0.026767396217985615,1,0.2560689829508876,1,FALSE,FALSE
full,5,5,4,z_jk,juros_selic,yield_6m,1,hard,0,0.014554101855740971,0.02040288984022948,0.017991035128662316,2.1402716825919227e-4,3,0.021025611852635465,1,TRUE,FALSE
full,5,5,4,z_jk,juros_selic,yield_2y,1,hard,0,0.027316780999645185,0.029884100802793752,0.02020984228125298,-0.004279057933722743,3,0.0338012952975917,1,TRUE,FALSE
full,5,5,4,z_jk,juros_selic,yield_5y,1,hard,0,0.032324566144533814,0.029003452000924627,0.017177355341959067,-0.005172287843230684,1,0.03701645289563782,1,TRUE,FALSE
full,5,5,4,z_jk,juros_selic,asset_ibov,-1,hard,0,-19.934533590102678,4.234337849116571,5.22474450350105,-0.015011748243357227,0,-19.934533590102678,-1,TRUE,FALSE
full,5,5,4,z_jk,juros_selic,price_ipca,-1,ext,24,-0.08741628217009036,0.6732625589420178,0.3128937524293016,-0.3976449616663173,5,0.6868265828108604,-1,TRUE,FALSE
full,5,5,4,z_jk,juros_selic,pib,-1,ext,24,0.08010937424256515,-0.4532070656227516,0.489540648918263,0.628708765697561,18,0.8412527123898839,1,FALSE,FALSE
full,5,5,4,z_jk,juros_selic,vendas_varejo,-1,ext,24,-3.828900414574096,-0.33470482298221144,-1.1830097888033726,-2.5072846156983473,1,-4.067008835552328,-1,TRUE,FALSE
full,5,5,4,z_jk,juros_selic,cambio_usd,-1,soft,0,0.6848547144973873,0.5519112557507364,0.1438384786265292,-0.22386438978258105,1,0.9029241005482421,1,FALSE,FALSE
full,5,5,4,z_jk,juros_selic,cds_5y,-1,soft,0,155.8607155619448,99.0340552428658,45.727671680583725,-17.903839937836285,1,168.67110023174448,1,FALSE,FALSE
full,5,5,4,z_jk,juros_selic,embi_perc,-1,soft,0,1.335232280154224,0.7984178291550262,0.3489554832266278,-0.14623982008348876,1,1.3989960656142546,1,FALSE,FALSE
full,5,5,4,z_jk_purif,yield_3m,yield_6m,1,hard,0,0.007282238993882037,0.009523656713602245,0.008595861914362922,9.657811223598302e-5,3,0.01026040198371578,1,TRUE,FALSE
full,5,5,4,z_jk_purif,yield_3m,yield_2y,1,hard,0,0.014225841724294974,0.014754678665382699,0.010040416566669963,-0.002164956736762522,3,0.017227776931803423,1,TRUE,FALSE
full,5,5,4,z_jk_purif,yield_3m,yield_5y,1,hard,0,0.017182716047564207,0.01467612643428396,0.008761948250419822,-0.002575090857816383,1,0.019640142880302705,1,TRUE,FALSE
full,5,5,4,z_jk_purif,yield_3m,asset_ibov,-1,hard,0,-11.749211395040136,2.129832673688497,2.461518304272753,-0.11083733842655079,0,-11.749211395040136,-1,TRUE,FALSE
full,5,5,4,z_jk_purif,yield_3m,price_ipca,-1,ext,24,-0.022824179947032466,0.3573043075444031,0.16409576545120141,-0.20904993938715882,5,0.36350749147856043,-1,TRUE,FALSE
full,5,5,4,z_jk_purif,yield_3m,pib,-1,ext,24,-0.011102304460453016,-0.38257036831159663,0.1628495662544971,0.3175218793176171,3,-0.49508523171256646,1,FALSE,FALSE
full,5,5,4,z_jk_purif,yield_3m,vendas_varejo,-1,ext,24,-2.1460211036192876,-0.20997064068370652,-0.598272273895475,-1.336677901275946,1,-2.4390091835223124,-1,TRUE,FALSE
full,5,5,4,z_jk_purif,yield_3m,cambio_usd,-1,soft,0,0.35988648730709544,0.30503131751835083,0.09141153648023352,-0.11193812213542127,1,0.49055982207736093,1,FALSE,FALSE
full,5,5,4,z_jk_purif,yield_3m,cds_5y,-1,soft,0,84.52671200723049,52.31455043912747,24.911455668708438,-8.491210810265173,1,91.87814718152762,1,FALSE,FALSE
full,5,5,4,z_jk_purif,yield_3m,embi_perc,-1,soft,0,0.7318061549855552,0.42612635500505724,0.19345036672042426,-0.06876821840024966,1,0.7671297906165363,1,FALSE,FALSE
full,5,5,4,z_jk_purif,yield_6m,yield_6m,1,hard,0,0.005,0.00653896193300115,0.005901936150121198,6.63107269049535e-5,3,0.007044812723350442,1,TRUE,TRUE
full,5,5,4,z_jk_purif,yield_6m,yield_2y,1,hard,0,0.00976749165761135,0.010130592169371547,0.006893770291736601,-0.0014864636676860978,3,0.011828626433626283,1,TRUE,FALSE
full,5,5,4,z_jk_purif,yield_6m,yield_5y,1,hard,0,0.011797687539505204,0.010076658048859481,0.006015971363876494,-0.001768062583485499,1,0.013484961765744577,1,TRUE,FALSE
full,5,5,4,z_jk_purif,yield_6m,asset_ibov,-1,hard,0,-8.067032271881558,1.462347415044888,1.6900834388576966,-0.07610114040452913,0,-8.067032271881558,-1,TRUE,FALSE
full,5,5,4,z_jk_purif,yield_6m,price_ipca,-1,ext,24,-0.01567112804606354,0.2453258591516854,0.11266848395738026,-0.14353411056873175,5,0.24958497776847943,-1,TRUE,FALSE
full,5,5,4,z_jk_purif,yield_6m,pib,-1,ext,24,-0.007622997287071165,-0.2628313204157573,0.11178432858940379,0.2179028418660467,3,-0.34019080597903484,1,FALSE,FALSE
full,5,5,4,z_jk_purif,yield_6m,vendas_varejo,-1,ext,24,-1.4734624237286125,-0.144166265938338,-0.4107749514936932,-0.9177657464956296,1,-1.6746286310922889,-1,TRUE,FALSE
full,5,5,4,z_jk_purif,yield_6m,cambio_usd,-1,soft,0,0.24709878899157503,0.20943511863220507,0.06276334555692988,-0.07685694072212054,1,0.33681936454536204,1,FALSE,FALSE
full,5,5,4,z_jk_purif,yield_6m,cds_5y,-1,soft,0,58.03621116956142,35.919275983030786,17.104255771911,-5.830082490700195,1,63.083721406779155,1,FALSE,FALSE
full,5,5,4,z_jk_purif,yield_6m,embi_perc,-1,soft,0,0.5024595839276637,0.2925792159273096,0.13282341247173157,-0.04721639763404037,1,0.5267128634895244,1,FALSE,FALSE
full,5,5,4,z_jk_purif,yield_1y,yield_6m,1,hard,0,0.003451247695604006,0.004513515460582507,0.004073808707541552,4.577094868490947e-5,3,0.004862678735485,1,TRUE,FALSE
full,5,5,4,z_jk_purif,yield_1y,yield_2y,1,hard,0,0.006742006615032506,0.006992636575929509,0.00475842176667586,-0.0010260308615401448,3,0.008164703944242667,1,TRUE,FALSE
full,5,5,4,z_jk_purif,yield_1y,yield_5y,1,hard,0,0.008143348386834687,0.00695540857410317,0.004152521461279688,-0.0012204043833875988,1,0.00930798864386682,1,TRUE,FALSE
full,5,5,4,z_jk_purif,yield_1y,asset_ibov,-1,hard,0,-5.568265307738876,1.009384629269229,1.1665793147472239,-0.05252877709079363,0,-5.568265307738876,-1,TRUE,FALSE
full,5,5,4,z_jk_purif,yield_1y,price_ipca,-1,ext,24,-0.01081698891129842,0.16933606121386544,0.07776936912502111,-0.09907435366818122,5,0.17227591587616836,-1,TRUE,FALSE
full,5,5,4,z_jk_purif,yield_1y,pib,-1,ext,24,-0.005261832487357676,-0.18149313126187838,0.07714572954347076,0.1503566253029387,3,-0.23494044924828872,1,FALSE,FALSE
full,5,5,4,z_jk_purif,yield_1y,vendas_varejo,-1,ext,24,-1.0170567588904935,-0.09951069862070465,-0.28353722095089123,-0.6334873835394664,1,-1.1559116408099508,-1,TRUE,FALSE
full,5,5,4,z_jk_purif,yield_1y,cambio_usd,-1,soft,0,0.17055982521874277,0.1445624941115899,0.043322370344350436,-0.053050467911678445,1,0.2324894111443973,1,FALSE,FALSE
full,5,5,4,z_jk_purif,yield_1y,cds_5y,-1,soft,0,40.05946801210727,24.793263692839865,11.80620466356587,-4.024211752242063,1,43.54350962705433,1,FALSE,FALSE
full,5,5,4,z_jk_purif,yield_1y,embi_perc,-1,soft,0,0.34682249623289935,0.20195266895015085,0.09168129924306481,-0.03259109670584085,1,0.3635633112726418,1,FALSE,FALSE
full,5,5,4,z_jk_purif,yield_2y,yield_6m,1,hard,0,0.002559510760423191,0.003347308685902814,0.0030212138167131654,3.394460380894241e-5,3,0.003606254794116332,1,TRUE,FALSE
full,5,5,4,z_jk_purif,yield_2y,yield_2y,1,hard,0,0.005,0.005185871933393078,0.0035289358483171097,-7.609239504841378e-4,3,0.0060550993275785316,1,TRUE,TRUE
full,5,5,4,z_jk_purif,yield_2y,yield_5y,1,hard,0,0.006039261641094834,0.0051582629410321604,0.0030795886880479336,-9.050750415065522e-4,1,0.0069029809486637105,1,TRUE,FALSE
full,5,5,4,z_jk_purif,yield_2y,asset_ibov,-1,hard,0,-4.129531180912398,0.7485787888568858,0.8651573495538608,-0.03895633754917367,0,-4.129531180912398,-1,TRUE,FALSE
full,5,5,4,z_jk_purif,yield_2y,price_ipca,-1,ext,24,-0.008022084172373857,0.12558283526176056,0.05767523940989648,-0.07347542009768819,5,0.1277630872476812,-1,TRUE,FALSE
full,5,5,4,z_jk_purif,yield_2y,pib,-1,ext,24,-0.0039023013157835074,-0.1346303327028009,0.057207036204887096,0.11148567929619713,3,-0.17428923044906508,1,FALSE,FALSE
full,5,5,4,z_jk_purif,yield_2y,vendas_varejo,-1,ext,24,-0.7542685857225238,-0.07379902179184149,-0.2102765816920844,-0.4698062607406772,1,-0.8572460001986943,-1,TRUE,FALSE
full,5,5,4,z_jk_purif,yield_2y,cambio_usd,-1,soft,0,0.12649040186229515,0.10721028794992728,0.03212869166262421,-0.03934323335829497,1,0.17241855757455113,1,FALSE,FALSE
full,5,5,4,z_jk_purif,yield_2y,cds_5y,-1,soft,0,29.70886139653701,18.387154677035518,8.755705339447333,-2.9844317738203974,1,32.29269274963801,1,FALSE,FALSE
full,5,5,4,z_jk_purif,yield_2y,embi_perc,-1,soft,0,0.2572101423481229,0.14977193028842584,0.06799259069150497,-0.02417017556254928,1,0.2696254483509498,1,FALSE,FALSE
full,5,5,4,z_jk_purif,juros_selic,yield_6m,1,hard,0,0.015380541486690326,0.02011455505808259,0.01815499476174729,2.0397897723484595e-4,3,0.021670606871491065,1,TRUE,FALSE
full,5,5,4,z_jk_purif,juros_selic,yield_2y,1,hard,0,0.030045862132158607,0.031162798629151847,0.02120598399435361,-0.004572523221860777,3,0.03638613591859017,1,TRUE,FALSE
full,5,5,4,z_jk_purif,juros_selic,yield_5y,1,hard,0,0.03629096452967386,0.030996891433535054,0.018505779428968683,-0.005438751983272719,1,0.04148120277689346,1,TRUE,FALSE
full,5,5,4,z_jk_purif,juros_selic,asset_ibov,-1,hard,0,-24.815064906428805,4.498339017010452,5.198879689463811,-0.23409534943526117,0,-24.815064906428805,-1,TRUE,FALSE
full,5,5,4,z_jk_purif,juros_selic,price_ipca,-1,ext,24,-0.04820608701114332,0.7546489108880889,0.34658045834979806,-0.44152646847151505,5,0.7677504210045561,-1,TRUE,FALSE
full,5,5,4,z_jk_purif,juros_selic,pib,-1,ext,24,-0.02344730970396114,-0.8062938356403371,0.34425987040158645,0.6718100933208015,3,-1.0427728248497248,1,FALSE,FALSE
full,5,5,4,z_jk_purif,juros_selic,vendas_varejo,-1,ext,24,-4.5325299874474405,-0.4434710468491676,-1.263588236628391,-2.8231468278078697,1,-5.151339027062876,-1,TRUE,FALSE
full,5,5,4,z_jk_purif,juros_selic,cambio_usd,-1,soft,0,0.7601026350791716,0.644245106178508,0.19306684803636817,-0.23642027306333482,1,1.036092841982123,1,FALSE,FALSE
full,5,5,4,z_jk_purif,juros_selic,cds_5y,-1,soft,0,178.525670724752,110.4915828857769,52.614543099767914,-17.933965123808242,1,194.05235884635627,1,FALSE,FALSE
full,5,5,4,z_jk_purif,juros_selic,embi_perc,-1,soft,0,1.5456200951969181,0.9000053537426624,0.40857920118504976,-0.14524275253248495,1,1.6202258096948179,1,FALSE,FALSE
full,5,5,4,z_jk_raw_purif,yield_3m,yield_6m,1,hard,0,0.006405427253086077,0.011598674691301157,0.00804003255433976,-0.0031253774999484662,6,0.011598674691301157,1,TRUE,FALSE
full,5,5,4,z_jk_raw_purif,yield_3m,yield_2y,1,hard,0,0.009229955537380919,0.013139110948301844,0.006870699011529622,-0.005467999204316389,4,0.01379465395580782,1,TRUE,FALSE
full,5,5,4,z_jk_raw_purif,yield_3m,yield_5y,1,hard,0,0.009430028396354744,0.011209241045016558,0.004757056999603699,-0.005320799610953267,4,0.012478987663179383,1,TRUE,FALSE
full,5,5,4,z_jk_raw_purif,yield_3m,asset_ibov,-1,hard,0,-1.0207519536416885,1.4529028588310418,2.347489769842287,-0.6913126294513414,11,2.3799567900826126,-1,TRUE,FALSE
full,5,5,4,z_jk_raw_purif,yield_3m,price_ipca,-1,ext,24,-0.08547822161805606,0.14422950091473605,0.018481284035501703,-0.21857455445030152,24,-0.21857455445030152,-1,TRUE,FALSE
full,5,5,4,z_jk_raw_purif,yield_3m,pib,-1,ext,24,0.1959266906550905,0.5466453921081582,0.5879698677782708,0.15485389231852942,10,0.5997915512742757,1,FALSE,FALSE
full,5,5,4,z_jk_raw_purif,yield_3m,vendas_varejo,-1,ext,24,-0.9833923573159821,-0.3040364783571792,-0.8240783337834151,-0.9054551330549283,18,-1.0464725928328893,-1,TRUE,FALSE
full,5,5,4,z_jk_raw_purif,yield_3m,cambio_usd,-1,soft,0,0.19525445983929227,0.09153146755197135,-0.057159943474268324,-0.12198569737962206,1,0.203332588579025,1,FALSE,FALSE
full,5,5,4,z_jk_raw_purif,yield_3m,cds_5y,-1,soft,0,38.5267006310096,29.591678359157928,6.222666564162936,-16.00525062879993,1,39.79136595486783,1,FALSE,FALSE
full,5,5,4,z_jk_raw_purif,yield_3m,embi_perc,-1,soft,0,0.3050598936491344,0.22079625647332557,0.03391734171664369,-0.12588254663513168,1,0.3108753373515216,1,FALSE,FALSE
full,5,5,4,z_jk_raw_purif,yield_6m,yield_6m,1,hard,0,0.005,0.00905378691617567,0.006275953372560859,-0.0024396323433715427,6,0.00905378691617567,1,TRUE,TRUE
full,5,5,4,z_jk_raw_purif,yield_6m,yield_2y,1,hard,0,0.007204793039319907,0.010256233057655552,0.005363185576902291,-0.004268254862844594,4,0.01076794209875827,1,TRUE,FALSE
full,5,5,4,z_jk_raw_purif,yield_6m,yield_5y,1,hard,0,0.007360967523135511,0.008749799663727386,0.0037133018701537763,-0.004153352618585867,4,0.00974094870655749,1,TRUE,FALSE
full,5,5,4,z_jk_raw_purif,yield_6m,asset_ibov,-1,hard,0,-0.7967867819823412,1.1341186164678136,1.8324224732325918,-0.5396303807199382,11,1.8577658414089169,-1,TRUE,FALSE
full,5,5,4,z_jk_raw_purif,yield_6m,price_ipca,-1,ext,24,-0.06672327874528075,0.11258382557170371,0.014426269556490233,-0.17061668629910226,24,-0.17061668629910226,-1,TRUE,FALSE
full,5,5,4,z_jk_raw_purif,yield_6m,pib,-1,ext,24,0.15290518750072923,0.4264495341567587,0.4586669125117959,0.1208565764247993,10,0.467882796462038,1,FALSE,FALSE
full,5,5,4,z_jk_raw_purif,yield_6m,vendas_varejo,-1,ext,24,-0.7676243273562997,-0.23732724324571566,-0.643265703615931,-0.7067874610695861,18,-0.8168640056982212,-1,TRUE,FALSE
full,5,5,4,z_jk_raw_purif,yield_6m,cambio_usd,-1,soft,0,0.15241329900766606,0.07144837021439304,-0.04461836909218599,-0.09522057823765812,1,0.15871898980748023,1,FALSE,FALSE
full,5,5,4,z_jk_raw_purif,yield_6m,cds_5y,-1,soft,0,30.073482305530657,23.098910650262187,4.857339189329574,-12.49350745579754,1,31.060664950723396,1,FALSE,FALSE
full,5,5,4,z_jk_raw_purif,yield_6m,embi_perc,-1,soft,0,0.2381261089977716,0.1723509203597215,0.02647547179643842,-0.09826241221807851,1,0.2426655748855353,1,FALSE,FALSE
full,5,5,4,z_jk_raw_purif,yield_1y,yield_6m,1,hard,0,0.003998225285936043,0.007239815956346095,0.0050185350935056825,-0.0019508399447311013,6,0.007239815956346095,1,TRUE,FALSE
full,5,5,4,z_jk_raw_purif,yield_1y,yield_2y,1,hard,0,0.0057612771419489695,0.008201346069914314,0.004288644837347645,-0.0034130889038889466,4,0.008610531675350107,1,TRUE,FALSE
full,5,5,4,z_jk_raw_purif,yield_1y,yield_5y,1,hard,0,0.00588616129599088,0.006996734052477904,0.0029693234863124853,-0.0033212078922077383,4,0.00778930148551283,1,TRUE,FALSE
full,5,5,4,z_jk_raw_purif,yield_1y,asset_ibov,-1,hard,0,-0.6371466118442811,0.9068923459224828,1.4652875733992023,-0.4315127666507501,11,1.485553272493876,-1,TRUE,FALSE
full,5,5,4,z_jk_raw_purif,yield_1y,price_ipca,-1,ext,24,-0.05335494004798809,0.09002709963763973,0.011535895144497718,-0.1364327898727377,24,-0.1364327898727377,-1,TRUE,FALSE
full,5,5,4,z_jk_raw_purif,yield_1y,pib,-1,ext,24,0.12225115997392955,0.3408628292239646,0.36660251383415776,0.09663066902727557,10,0.37396512857115205,1,FALSE,FALSE
full,5,5,4,z_jk_raw_purif,yield_1y,vendas_varejo,-1,ext,24,-0.6138269991471208,-0.1897775569973029,-0.5143842403545311,-0.5651790997261912,18,-0.6532012645507264,-1,TRUE,FALSE
full,5,5,4,z_jk_raw_purif,yield_1y,cambio_usd,-1,soft,0,0.12187654120107626,0.05713333608602118,-0.03567885830432105,-0.07614266473025119,1,0.12691885568129851,1,FALSE,FALSE
full,5,5,4,z_jk_raw_purif,yield_1y,cds_5y,-1,soft,0,24.048111478024566,18.47092972789113,3.8841472738291163,-9.990371483960041,1,24.837507200793937,1,FALSE,FALSE
full,5,5,4,z_jk_raw_purif,yield_1y,embi_perc,-1,soft,0,0.19041636604729054,0.1378195615673175,0.02117098015872133,-0.07857505223747845,1,0.19404632750671075,1,FALSE,FALSE
full,5,5,4,z_jk_raw_purif,yield_2y,yield_6m,1,hard,0,0.0034699123019305863,0.006283169319899228,0.004355401562758334,-0.001693062056090532,6,0.006283169319899228,1,TRUE,FALSE
full,5,5,4,z_jk_raw_purif,yield_2y,yield_2y,1,hard,0,0.005,0.007117645851645231,0.0037219567221659896,-0.0029620940112719007,4,0.007472762950991514,1,TRUE,TRUE
full,5,5,4,z_jk_raw_purif,yield_2y,yield_5y,1,hard,0,0.005108382352527885,0.006072207498519153,0.0025769663680056875,-0.002882353869097343,4,0.006760047549871733,1,TRUE,FALSE
full,5,5,4,z_jk_raw_purif,yield_2y,asset_ibov,-1,hard,0,-0.5529560513632419,0.7870584278260324,1.2716690564407682,-0.3744940193111198,11,1.2892569094422452,-1,TRUE,FALSE
full,5,5,4,z_jk_raw_purif,yield_2y,price_ipca,-1,ext,24,-0.04630478514867866,0.07813120026993241,0.010011578041006431,-0.11840498774077732,24,-0.11840498774077732,-1,TRUE,FALSE
full,5,5,4,z_jk_raw_purif,yield_2y,pib,-1,ext,24,0.10608870859543096,0.2957557466418903,0.31808384942000334,0.08385684264442528,10,0.3244704714276292,1,FALSE,FALSE
full,5,5,4,z_jk_raw_purif,yield_2y,vendas_varejo,-1,ext,24,-0.5327178193509631,-0.1647009441843163,-0.4464151156773906,-0.4904981012031284,18,-0.5668892924753107,-1,TRUE,FALSE
full,5,5,4,z_jk_raw_purif,yield_2y,cambio_usd,-1,soft,0,0.10577215624090505,0.04958391575196266,-0.03096436556101112,-0.06608141116475874,1,0.11014819505659418,1,FALSE,FALSE
full,5,5,4,z_jk_raw_purif,yield_2y,cds_5y,-1,soft,0,20.870469242770522,16.030238845308038,3.370908201540845,-8.670275043026676,1,21.555556683731858,1,FALSE,FALSE
full,5,5,4,z_jk_raw_purif,yield_2y,embi_perc,-1,soft,0,0.16525534300444628,0.11960851576105125,0.018373513057175588,-0.06819239059457698,1,0.16840565271007538,1,FALSE,FALSE
full,5,5,4,z_jk_raw_purif,juros_selic,yield_6m,1,hard,0,0.010268451595953583,0.018593674541765547,0.012888864684920565,-0.005010249325966699,6,0.018593674541765547,1,TRUE,FALSE
full,5,5,4,z_jk_raw_purif,juros_selic,yield_2y,1,hard,0,0.014796413716623952,0.02106312654187101,0.011014322299307515,-0.008765673691662644,4,0.022114018445826025,1,TRUE,FALSE
full,5,5,4,z_jk_raw_purif,juros_selic,yield_5y,1,hard,0,0.015117147742140666,0.01796937886425512,0.007625972102967593,-0.008529700064975209,4,0.020004892058390452,1,TRUE,FALSE
full,5,5,4,z_jk_raw_purif,juros_selic,asset_ibov,-1,hard,0,-1.6363533006162583,2.329128423453918,3.7632282939452844,-1.1082336888257378,11,3.815275723824689,-1,TRUE,FALSE
full,5,5,4,z_jk_raw_purif,juros_selic,price_ipca,-1,ext,24,-0.1370289516238468,0.23121231267406417,0.02962709013019974,-0.3503938369448657,24,-0.3503938369448657,-1,TRUE,FALSE
full,5,5,4,z_jk_raw_purif,juros_selic,pib,-1,ext,24,0.31427287638168266,0.8777631043601408,0.944236196946302,0.24836002133985513,10,0.9632551697959402,1,FALSE,FALSE
full,5,5,4,z_jk_raw_purif,juros_selic,vendas_varejo,-1,ext,24,-1.5764626498669183,-0.4873966619339467,-1.321068548183442,-1.4515225665239946,18,-1.677585700597787,-1,TRUE,FALSE
full,5,5,4,z_jk_raw_purif,juros_selic,cambio_usd,-1,soft,0,0.31300971668796385,0.14673282623125336,-0.09163231266270065,-0.1955535797144207,1,0.32595965283935213,1,FALSE,FALSE
full,5,5,4,z_jk_raw_purif,juros_selic,cds_5y,-1,soft,0,61.76161947522162,47.43800918629479,9.975470470151828,-25.657795314708448,1,63.78898691692704,1,FALSE,FALSE
full,5,5,4,z_jk_raw_purif,juros_selic,embi_perc,-1,soft,0,0.4890372847952769,0.35395541664637015,0.054372420124352436,-0.20180056471259541,1,0.49835994194327377,1,FALSE,FALSE
full,5,5,4,z_jk_raw,yield_3m,yield_6m,1,hard,0,0.006413269279731504,0.01177263950667139,0.008310227327879942,-0.002706497378712005,6,0.01177263950667139,1,TRUE,FALSE
full,5,5,4,z_jk_raw,yield_3m,yield_2y,1,hard,0,0.00921935887189992,0.013297769950286926,0.007169366745096065,-0.004990906449314936,4,0.01388992965428191,1,TRUE,FALSE
full,5,5,4,z_jk_raw,yield_3m,yield_5y,1,hard,0,0.009368836086713657,0.011298815960548322,0.0049826556715147335,-0.004938735466783182,4,0.012509264113436143,1,TRUE,FALSE
full,5,5,4,z_jk_raw,yield_3m,asset_ibov,-1,hard,0,-0.9159588867394511,1.5148864396415818,2.455904419652517,-0.5296528588694881,11,2.4815494076965083,-1,TRUE,FALSE
full,5,5,4,z_jk_raw,yield_3m,price_ipca,-1,ext,24,-0.07848506662817313,0.1501241350259788,0.02813504594404176,-0.2056154675715444,24,-0.2056154675715444,-1,TRUE,FALSE
full,5,5,4,z_jk_raw,yield_3m,pib,-1,ext,24,0.20072708046772192,0.5631960100652478,0.5992302755220669,0.16762375432630705,10,0.6122887818578171,1,FALSE,FALSE
full,5,5,4,z_jk_raw,yield_3m,vendas_varejo,-1,ext,24,-0.8971336670628888,-0.2528567946496183,-0.7815119857265798,-0.8708394620427932,18,-1.0062504258682423,-1,TRUE,FALSE
full,5,5,4,z_jk_raw,yield_3m,cambio_usd,-1,soft,0,0.1936191454023115,0.08997030685987209,-0.05602450570497624,-0.1189407468300134,1,0.19941892476799677,1,FALSE,FALSE
full,5,5,4,z_jk_raw,yield_3m,cds_5y,-1,soft,0,37.81054282435063,29.38354129404781,6.490016344789475,-15.293644172642498,1,38.953662568647005,1,FALSE,FALSE
full,5,5,4,z_jk_raw,yield_3m,embi_perc,-1,soft,0,0.29831253603823593,0.2182422930334087,0.03525900196477588,-0.12111229007808225,1,0.30350250606293266,1,FALSE,FALSE
full,5,5,4,z_jk_raw,yield_6m,yield_6m,1,hard,0,0.005,0.00917834492298463,0.006478932168140501,-0.0021100762034627326,6,0.00917834492298463,1,TRUE,TRUE
full,5,5,4,z_jk_raw,yield_6m,yield_2y,1,hard,0,0.00718772163601237,0.010367387809765916,0.005589478963369066,-0.0038910781939939716,4,0.010829055391592273,1,TRUE,FALSE
full,5,5,4,z_jk_raw,yield_6m,yield_5y,1,hard,0,0.007304259090073551,0.008808936181938514,0.0038846456106731075,-0.0038504039448269863,4,0.009752642192158078,1,TRUE,FALSE
full,5,5,4,z_jk_raw,yield_6m,asset_ibov,-1,hard,0,-0.7141122934243909,1.1810563174301978,1.9147055211093014,-0.4129351472449496,11,1.9346992145949624,-1,TRUE,FALSE
full,5,5,4,z_jk_raw,yield_6m,price_ipca,-1,ext,24,-0.06118959239417666,0.11704181477334118,0.021935026206493277,-0.16030472026285528,24,-0.16030472026285528,-1,TRUE,FALSE
full,5,5,4,z_jk_raw,yield_6m,pib,-1,ext,24,0.1564589865216348,0.4388146621039368,0.4668723299464439,0.1306609851635221,10,0.47703963950054273,1,FALSE,FALSE
full,5,5,4,z_jk_raw,yield_6m,vendas_varejo,-1,ext,24,-0.6994355202721566,-0.19713564456801064,-0.6092929765139211,-0.6789356754401332,18,-0.7845066080792803,-1,TRUE,FALSE
full,5,5,4,z_jk_raw,yield_6m,cambio_usd,-1,soft,0,0.15095198482794528,0.07014387119547143,-0.04367858518122425,-0.09273019862577246,1,0.1554736874983874,1,FALSE,FALSE
full,5,5,4,z_jk_raw,yield_6m,cds_5y,-1,soft,0,29.47836834471232,22.908395088688657,5.059834588031819,-11.923438347565204,1,30.369582867630516,1,FALSE,FALSE
full,5,5,4,z_jk_raw,yield_6m,embi_perc,-1,soft,0,0.23257446633421652,0.17014901722834375,0.02748910144488119,-0.09442320663257156,1,0.23662074117339962,1,FALSE,FALSE
full,5,5,4,z_jk_raw,yield_1y,yield_6m,1,hard,0,0.003997932142387098,0.0073388800363031375,0.005180466232670928,-0.0016871882953419593,6,0.0073388800363031375,1,TRUE,FALSE
full,5,5,4,z_jk_raw,yield_1y,yield_2y,1,hard,0,0.005747204671829006,0.008289622591451065,0.004469271521369941,-0.0031112533160620078,4,0.00865876572434741,1,TRUE,FALSE
full,5,5,4,z_jk_raw,yield_1y,yield_5y,1,hard,0,0.0058403864385056375,0.007043505820401733,0.003106109909738595,-0.0030787307384395773,4,0.00779808033864587,1,TRUE,FALSE
full,5,5,4,z_jk_raw,yield_1y,asset_ibov,-1,hard,0,-0.5709944982310278,0.9443566026847054,1.5309725492097832,-0.33017733957838663,11,1.5469592351760548,-1,TRUE,FALSE
full,5,5,4,z_jk_raw,yield_1y,price_ipca,-1,ext,24,-0.048926367642448794,0.09358504665713156,0.017538949263008557,-0.12817747874304827,24,-0.12817747874304827,-1,TRUE,FALSE
full,5,5,4,z_jk_raw,yield_1y,pib,-1,ext,24,0.12508288062216266,0.35071623329583357,0.3731304582136108,0.10446107861314946,10,0.3812524331200162,1,FALSE,FALSE
full,5,5,4,z_jk_raw,yield_1y,vendas_varejo,-1,ext,24,-0.5592591496046595,-0.15762698596572963,-0.4871823949871424,-0.5428677518910807,18,-0.6272808368710465,-1,TRUE,FALSE
full,5,5,4,z_jk_raw,yield_1y,cambio_usd,-1,soft,0,0.12069915842015438,0.056086087448767155,-0.03492480392600184,-0.07414580833118312,1,0.12431465050905001,1,FALSE,FALSE
full,5,5,4,z_jk_raw,yield_1y,cds_5y,-1,soft,0,23.57050326209034,18.317241811114226,4.045775066930878,-9.533819483500366,1,24.283106299477712,1,FALSE,FALSE
full,5,5,4,z_jk_raw,yield_1y,embi_perc,-1,soft,0,0.18596338689121805,0.13604884499455433,0.021979912446366025,-0.0754995145567233,1,0.1891987333385185,1,FALSE,FALSE
full,5,5,4,z_jk_raw,yield_2y,yield_6m,1,hard,0,0.0034781536161255116,0.006384738716785243,0.004506944269849957,-0.0014678338354748588,6,0.006384738716785243,1,TRUE,FALSE
full,5,5,4,z_jk_raw,yield_2y,yield_2y,1,hard,0,0.005,0.007211873480062573,0.0038882132937399184,-0.0027067535382134513,4,0.007533023633898026,1,TRUE,TRUE
full,5,5,4,z_jk_raw,yield_2y,yield_5y,1,hard,0,0.005081067033451392,0.00612776664708566,0.002702278835625753,-0.0026784592808487833,4,0.006784237541486571,1,TRUE,FALSE
full,5,5,4,z_jk_raw,yield_2y,asset_ibov,-1,hard,0,-0.49675845113874545,0.8215790602635444,1.3319279864123597,-0.2872503751230684,11,1.345836213871731,-1,TRUE,FALSE
full,5,5,4,z_jk_raw,yield_2y,price_ipca,-1,ext,24,-0.042565360411010326,0.08141788225835779,0.015258678143984489,-0.11151288849284771,24,-0.11151288849284771,-1,TRUE,FALSE
full,5,5,4,z_jk_raw,yield_2y,pib,-1,ext,24,0.10881178059911623,0.30504949818761506,0.32454045148959665,0.09087373240117547,10,0.33160301570283046,1,FALSE,FALSE
full,5,5,4,z_jk_raw,yield_2y,vendas_varejo,-1,ext,24,-0.48654883681624606,-0.13713361100429194,-0.42384291390835416,-0.4722885149297432,18,-0.5457268991530616,-1,TRUE,FALSE
full,5,5,4,z_jk_raw,yield_2y,cambio_usd,-1,soft,0,0.10500683837812824,0.048794231849514216,-0.030384165799064257,-0.06450597513485348,1,0.10815227367697676,1,FALSE,FALSE
full,5,5,4,z_jk_raw,yield_2y,cds_5y,-1,soft,0,20.506058691128192,15.935783443470873,3.519776393871962,-8.294310041046701,1,21.126014894254492,1,FALSE,FALSE
full,5,5,4,z_jk_raw,yield_2y,embi_perc,-1,soft,0,0.16178594421976322,0.11836088391059316,0.019122263518910904,-0.06568368351904903,1,0.1646006573125117,1,FALSE,FALSE
full,5,5,4,z_jk_raw,juros_selic,yield_6m,1,hard,0,0.010310534123624138,0.018926727705365076,0.013360250240851752,-0.004351202539849955,6,0.018926727705365076,1,TRUE,FALSE
full,5,5,4,z_jk_raw,juros_selic,yield_2y,1,hard,0,0.01482184983984341,0.021378661157087277,0.011526102717019204,-0.008023818899372925,4,0.022330669028325617,1,TRUE,FALSE
full,5,5,4,z_jk_raw,juros_selic,yield_5y,1,hard,0,0.015062162519199028,0.018164967419340875,0.00801055422540636,-0.007939944252575127,4,0.020110990023548478,1,TRUE,FALSE
full,5,5,4,z_jk_raw,juros_selic,asset_ibov,-1,hard,0,-1.472575833890335,2.4354642925571834,3.948327322417798,-0.8515163853025621,11,3.9895564542060358,-1,TRUE,FALSE
full,5,5,4,z_jk_raw,juros_selic,price_ipca,-1,ext,24,-0.1261794760781621,0.241352725022286,0.045232367240927725,-0.3305654576896382,24,-0.3305654576896382,-1,TRUE,FALSE
full,5,5,4,z_jk_raw,juros_selic,pib,-1,ext,24,0.32290322391781423,0.9069915854675203,0.9651278110226036,0.2696238710668375,10,0.9861990009971677,1,FALSE,FALSE
full,5,5,4,z_jk_raw,juros_selic,vendas_varejo,-1,ext,24,-1.4423107598081748,-0.40651475806022264,-1.2564272051262606,-1.4000378898742594,18,-1.6177364305620097,-1,TRUE,FALSE
full,5,5,4,z_jk_raw,juros_selic,cambio_usd,-1,soft,0,0.3112791181194646,0.1446441555048009,-0.09006990859652725,-0.19121957544429422,1,0.32060335205555973,1,FALSE,FALSE
full,5,5,4,z_jk_raw,juros_selic,cds_5y,-1,soft,0,60.78754454538359,47.23955785587761,10.433919435959151,-24.587403590699928,1,62.62532409538709,1,FALSE,FALSE
full,5,5,4,z_jk_raw,juros_selic,embi_perc,-1,soft,0,0.4795933942845225,0.3508654496467899,0.05668546369504262,-0.19471073880942844,1,0.4879372452451144,1,FALSE,FALSE
full,5,5,4,z_bs_purif,yield_3m,yield_6m,1,hard,0,0.006348608456806848,0.01048473733423543,0.006860522463721873,-0.005399517551543788,6,0.01048473733423543,1,TRUE,FALSE
full,5,5,4,z_bs_purif,yield_3m,yield_2y,1,hard,0,0.00949858618956944,0.012779596025828278,0.0059678069308700815,-0.008250015399478608,4,0.013857649786296604,1,TRUE,FALSE
full,5,5,4,z_bs_purif,yield_3m,yield_5y,1,hard,0,0.010339167918072982,0.011534452245451075,0.004383981452873969,-0.0075890137443496266,4,0.013319898646223507,1,TRUE,FALSE
full,5,5,4,z_bs_purif,yield_3m,asset_ibov,-1,hard,0,-1.136893654602041,1.3082031682515813,1.7291545623846045,-1.666492273763245,2,3.0707635210095354,-1,TRUE,FALSE
full,5,5,4,z_bs_purif,yield_3m,price_ipca,-1,ext,24,-0.0640706880813883,0.14012911031835767,-0.018129185235375735,-0.31392523289579444,24,-0.31392523289579444,-1,TRUE,FALSE
full,5,5,4,z_bs_purif,yield_3m,pib,-1,ext,24,-0.10028443187952707,0.3050597550761758,0.470696124598291,0.1138346980991356,13,0.4752931405031635,1,FALSE,FALSE
full,5,5,4,z_bs_purif,yield_3m,vendas_varejo,-1,ext,24,-2.2727344820305873,-0.6259099339518736,-1.1074772723694184,-1.2686796079729044,0,-2.2727344820305873,-1,TRUE,FALSE
full,5,5,4,z_bs_purif,yield_3m,cambio_usd,-1,soft,0,0.2142818749703279,0.1415199121048265,-0.03764688232022981,-0.14744156652451257,1,0.26657248774420983,1,FALSE,FALSE
full,5,5,4,z_bs_purif,yield_3m,cds_5y,-1,soft,0,47.753850232503225,35.54957749763669,8.736386661310103,-20.15507736159443,1,51.95242733136033,1,FALSE,FALSE
full,5,5,4,z_bs_purif,yield_3m,embi_perc,-1,soft,0,0.39992467750573263,0.2767738860774621,0.06025301440641246,-0.15356758070398602,1,0.42319048305234985,1,FALSE,FALSE
full,5,5,4,z_bs_purif,yield_6m,yield_6m,1,hard,0,0.005,0.00825750824418374,0.005403170246202663,-0.004252520523418431,6,0.00825750824418374,1,TRUE,TRUE
full,5,5,4,z_bs_purif,yield_6m,yield_2y,1,hard,0,0.007480841080524701,0.010064879660460282,0.004700090556436442,-0.006497498983917578,4,0.010913926949959182,1,TRUE,FALSE
full,5,5,4,z_bs_purif,yield_6m,yield_5y,1,hard,0,0.008142861532898235,0.009084236588164506,0.0034527105291660837,-0.005976911157761541,4,0.010490408045200982,1,TRUE,FALSE
full,5,5,4,z_bs_purif,yield_6m,asset_ibov,-1,hard,0,-0.8953880699502634,1.0303070170038229,1.3618374594598288,-1.312486259864133,2,2.418454013900578,-1,TRUE,FALSE
full,5,5,4,z_bs_purif,yield_6m,price_ipca,-1,ext,24,-0.050460418623464655,0.11036206695666836,-0.014278077911654792,-0.24723940295862018,24,-0.24723940295862018,-1,TRUE,FALSE
full,5,5,4,z_bs_purif,yield_6m,pib,-1,ext,24,-0.07898984375231954,0.24017943106846573,0.3705231267761899,0.08964243248898995,13,0.37413999039572765,1,FALSE,FALSE
full,5,5,4,z_bs_purif,yield_6m,vendas_varejo,-1,ext,24,-1.7899469604191829,-0.4929504931752293,-0.8722204872959237,-0.9991792820461719,0,-1.7899469604191829,-1,TRUE,FALSE
full,5,5,4,z_bs_purif,yield_6m,cambio_usd,-1,soft,0,0.16876286860987566,0.11145742651138908,-0.029649711882818654,-0.11612116854239826,1,0.2099456042673385,1,FALSE,FALSE
full,5,5,4,z_bs_purif,yield_6m,cds_5y,-1,soft,0,37.60969869019291,27.997928789828862,6.880552424006498,-15.873618209975264,1,40.91638954018184,1,FALSE,FALSE
full,5,5,4,z_bs_purif,yield_6m,embi_perc,-1,soft,0,0.31497034367975674,0.2179799620346021,0.047453717469227774,-0.12094585904044375,1,0.3332938910404954,1,FALSE,FALSE
full,5,5,4,z_bs_purif,yield_1y,yield_6m,1,hard,0,0.003962033844953862,0.006543305427688303,0.004281508677100529,-0.0033697260480289475,6,0.006543305427688303,1,TRUE,FALSE
full,5,5,4,z_bs_purif,yield_1y,yield_2y,1,hard,0,0.005927869109952018,0.007975478772026274,0.0037243835717898433,-0.005148662176366955,4,0.00864826959141847,1,TRUE,FALSE
full,5,5,4,z_bs_purif,yield_1y,yield_5y,1,hard,0,0.00645245859762314,0.007198410563575195,0.002735951194676917,-0.004736144859066721,4,0.008312670344492514,1,TRUE,FALSE
full,5,5,4,z_bs_purif,yield_1y,asset_ibov,-1,hard,0,-0.709511567502172,0.8164222544125201,1.079129221141165,-1.0400229965237209,2,1.916399331107722,-1,TRUE,FALSE
full,5,5,4,z_bs_purif,yield_1y,price_ipca,-1,ext,24,-0.03998517728334143,0.08745164889627687,-0.011314045585372889,-0.19591417646564785,24,-0.19591417646564785,-1,TRUE,FALSE
full,5,5,4,z_bs_purif,yield_1y,pib,-1,ext,24,-0.06259722035241166,0.1902724063911121,0.29349228409842887,0.0710266633285439,13,0.2963561010266069,1,FALSE,FALSE
full,5,5,4,z_bs_purif,yield_1y,vendas_varejo,-1,ext,24,-1.4183660875706188,-0.39061730756939134,-0.6911534181857201,-0.7917564265287268,0,-1.4183660875706188,-1,TRUE,FALSE
full,5,5,4,z_bs_purif,yield_1y,cambio_usd,-1,soft,0,0.13372883944076583,0.08831961922191629,-0.023494632394571644,-0.09201519997611474,1,0.16636231794129702,1,FALSE,FALSE
full,5,5,4,z_bs_purif,yield_1y,cds_5y,-1,soft,0,29.802179821812246,22.185748290782016,5.452196315178617,-12.578362517959588,1,32.422424034303326,1,FALSE,FALSE
full,5,5,4,z_bs_purif,yield_1y,embi_perc,-1,soft,0,0.2495846323631892,0.1727287974205703,0.03760264693639176,-0.09583831738505144,1,0.26410433532376154,1,FALSE,FALSE
full,5,5,4,z_bs_purif,yield_2y,yield_6m,1,hard,0,0.003341870216316174,0.00551910417244458,0.0036113387438940813,-0.0028422743362970645,6,0.00551910417244458,1,TRUE,FALSE
full,5,5,4,z_bs_purif,yield_2y,yield_2y,1,hard,0,0.005,0.006727104313619732,0.0031414185289087722,-0.004342759666979752,4,0.007294585483423801,1,TRUE,TRUE
full,5,5,4,z_bs_purif,yield_2y,yield_5y,1,hard,0,0.0054424772864758554,0.006071667938391324,0.002307702096596278,-0.003994812276738223,4,0.007011516440652146,1,TRUE,FALSE
full,5,5,4,z_bs_purif,yield_2y,asset_ibov,-1,hard,0,-0.5984541446023216,0.6886304667573275,0.9102168090464973,-0.8772317482328312,2,1.6164318877169288,-1,TRUE,FALSE
full,5,5,4,z_bs_purif,yield_2y,price_ipca,-1,ext,24,-0.0337264340201205,0.07376314091471628,-0.009543096663840196,-0.1652483994094411,24,-0.1652483994094411,-1,TRUE,FALSE
full,5,5,4,z_bs_purif,yield_2y,pib,-1,ext,24,-0.05280167848666917,0.16046583477480336,0.2474961411882859,0.05990577294767707,13,0.24991058142602718,1,FALSE,FALSE
full,5,5,4,z_bs_purif,yield_2y,vendas_varejo,-1,ext,24,-1.1963540871621063,-0.3294753142521336,-0.5829695337110055,-0.6678254966860558,0,-1.1963540871621063,-1,TRUE,FALSE
full,5,5,4,z_bs_purif,yield_2y,cambio_usd,-1,soft,0,0.11279672084548464,0.07449525080913198,-0.019817097812709482,-0.07761237492713427,1,0.14032219238950405,1,FALSE,FALSE
full,5,5,4,z_bs_purif,yield_2y,cds_5y,-1,soft,0,25.137346379476217,18.713088868254044,4.598782643517874,-10.609514384218079,1,27.347452712704857,1,FALSE,FALSE
full,5,5,4,z_bs_purif,yield_2y,embi_perc,-1,soft,0,0.21051800211324964,0.14569214857543342,0.031716833012778965,-0.08083707282280664,1,0.22276498554967195,1,FALSE,FALSE
full,5,5,4,z_bs_purif,juros_selic,yield_6m,1,hard,0,0.009856431678476359,0.01627791316865046,0.010651195675774567,-0.008382935600078458,6,0.01627791316865046,1,TRUE,FALSE
full,5,5,4,z_bs_purif,juros_selic,yield_2y,1,hard,0,0.014746879801546195,0.01984075974508262,0.009265224290433546,-0.012808430963190634,4,0.021514475065230906,1,TRUE,FALSE
full,5,5,4,z_bs_purif,juros_selic,yield_5y,1,hard,0,0.01605191167326095,0.01790763145647173,0.0068062810872562924,-0.011782203294959935,4,0.02067959803537244,1,TRUE,FALSE
full,5,5,4,z_bs_purif,juros_selic,asset_ibov,-1,hard,0,-1.7650662674375164,2.0310301441905922,2.684571575271124,-2.587286229857959,2,4.767465351109593,-1,TRUE,FALSE
full,5,5,4,z_bs_purif,juros_selic,price_ipca,-1,ext,24,-0.09947193372589909,0.21755523457076703,-0.028146179887237575,-0.48737965669778516,24,-0.48737965669778516,-1,TRUE,FALSE
full,5,5,4,z_bs_purif,juros_selic,pib,-1,ext,24,-0.15565186685927435,0.47401467157270893,0.7317214397723593,0.1767878313433835,13,0.7388770967423852,1,FALSE,FALSE
full,5,5,4,z_bs_purif,juros_selic,vendas_varejo,-1,ext,24,-3.5284979846936206,-0.971746571370575,-1.719396328319926,-1.9696684656074306,0,-3.5284979846936206,-1,TRUE,FALSE
full,5,5,4,z_bs_purif,juros_selic,cambio_usd,-1,soft,0,0.33267993686338443,0.21971450189366123,-0.05844807189190215,-0.22890807283259734,1,0.41386290093149136,1,FALSE,FALSE
full,5,5,4,z_bs_purif,juros_selic,cds_5y,-1,soft,0,74.13948511759364,55.19193445115889,13.56353897547899,-31.291446675367876,1,80.6579196065454,1,FALSE,FALSE
full,5,5,4,z_bs_purif,juros_selic,embi_perc,-1,soft,0,0.620896734645148,0.42970092061418524,0.09354486482503273,-0.2384189192853532,1,0.6570176931788374,1,FALSE,FALSE
full,5,5,4,z_jk_bs_purif,yield_3m,yield_6m,1,hard,0,0.006433132789575714,0.011666209149020236,0.008267383822215271,-0.0027290895524190147,6,0.011666209149020236,1,TRUE,FALSE
full,5,5,4,z_jk_bs_purif,yield_3m,yield_2y,1,hard,0,0.009369056160216686,0.013326888383510328,0.007209576051889314,-0.005035618547574744,4,0.013981986035581038,1,TRUE,FALSE
full,5,5,4,z_jk_bs_purif,yield_3m,yield_5y,1,hard,0,0.00962794576235818,0.011409477765902416,0.00507087317078199,-0.004973649766627334,4,0.01269449512749429,1,TRUE,FALSE
full,5,5,4,z_jk_bs_purif,yield_3m,asset_ibov,-1,hard,0,-1.2454350678981412,1.5318927076603728,2.430173903563342,-0.5611033186722807,11,2.459091221102726,-1,TRUE,FALSE
full,5,5,4,z_jk_bs_purif,yield_3m,price_ipca,-1,ext,24,-0.07063731915134748,0.1559582054595637,0.030259342431396434,-0.20995285968426067,24,-0.20995285968426067,-1,TRUE,FALSE
full,5,5,4,z_jk_bs_purif,yield_3m,pib,-1,ext,24,0.17558907901189524,0.5261022492381473,0.582035276560755,0.1700162527282778,10,0.5888514090620411,1,FALSE,FALSE
full,5,5,4,z_jk_bs_purif,yield_3m,vendas_varejo,-1,ext,24,-0.9916726411213034,-0.2656454192965334,-0.789403409427397,-0.9000118698627347,18,-1.0252775106642582,-1,TRUE,FALSE
full,5,5,4,z_jk_bs_purif,yield_3m,cambio_usd,-1,soft,0,0.19795399495401664,0.09811745643630695,-0.05111201055916009,-0.11988643309687266,1,0.20984972832357118,1,FALSE,FALSE
full,5,5,4,z_jk_bs_purif,yield_3m,cds_5y,-1,soft,0,39.50460670600477,30.278848294253464,7.109033482638471,-15.28923634231719,1,40.96139844188493,1,FALSE,FALSE
full,5,5,4,z_jk_bs_purif,yield_3m,embi_perc,-1,soft,0,0.3150295326051877,0.22643486341045138,0.04078132757529684,-0.1208912985580073,1,0.3216306312773826,1,FALSE,FALSE
full,5,5,4,z_jk_bs_purif,yield_6m,yield_6m,1,hard,0,0.005,0.009067284580169267,0.006425628144666768,-0.002121120177125247,6,0.009067284580169267,1,TRUE,TRUE
full,5,5,4,z_jk_bs_purif,yield_6m,yield_2y,1,hard,0,0.0072818768605230405,0.010358008158253234,0.005603472124477015,-0.003913815175503986,4,0.010867167282974113,1,TRUE,FALSE
full,5,5,4,z_jk_bs_purif,yield_6m,yield_5y,1,hard,0,0.007483092668287027,0.008867746196993166,0.003941215995882179,-0.003865651409128897,4,0.00986649548728772,1,TRUE,FALSE
full,5,5,4,z_jk_bs_purif,yield_6m,asset_ibov,-1,hard,0,-0.9679848905934691,1.1906273022551785,1.888795073141666,-0.43610425668617925,11,1.9112703728791762,-1,TRUE,FALSE
full,5,5,4,z_jk_bs_purif,yield_6m,price_ipca,-1,ext,24,-0.054901182255874315,0.12121481909426718,0.023518356779786084,-0.16318088445529177,24,-0.16318088445529177,-1,TRUE,FALSE
full,5,5,4,z_jk_bs_purif,yield_6m,pib,-1,ext,24,0.13644577769842403,0.40866139803665824,0.4520805400283656,0.13211609617262976,10,0.4573713327976181,1,FALSE,FALSE
full,5,5,4,z_jk_bs_purif,yield_6m,vendas_varejo,-1,ext,24,-0.7707540583712306,-0.20646660653965268,-0.613545091674892,-0.699512896205966,18,-0.7968726468118488,-1,TRUE,FALSE
full,5,5,4,z_jk_bs_purif,yield_6m,cambio_usd,-1,soft,0,0.15385505120831833,0.07625946770078883,-0.03972559888860237,-0.09317888890086129,1,0.16310072804933617,1,FALSE,FALSE
full,5,5,4,z_jk_bs_purif,yield_6m,cds_5y,-1,soft,0,30.704019331000183,23.533517249416555,5.525327795314586,-11.88319660297698,1,31.836276182779113,1,FALSE,FALSE
full,5,5,4,z_jk_bs_purif,yield_6m,embi_perc,-1,soft,0,0.2448492382402423,0.17599113123964094,0.03169632036927571,-0.09395989676592738,1,0.24997978574183546,1,FALSE,FALSE
full,5,5,4,z_jk_bs_purif,yield_1y,yield_6m,1,hard,0,0.0039761259989742415,0.007210533191861852,0.005109821425150032,-0.0016867682166433085,6,0.007210533191861852,1,TRUE,FALSE
full,5,5,4,z_jk_bs_purif,yield_1y,yield_2y,1,hard,0,0.005790731981290918,0.008236949107123597,0.0044560222397320975,-0.0031123644549002666,4,0.008641845273807128,1,TRUE,FALSE
full,5,5,4,z_jk_bs_purif,yield_1y,yield_5y,1,hard,0,0.005950743862221916,0.007051855241233897,0.003134154277760058,-0.003074063414161764,4,0.007846085845153348,1,TRUE,FALSE
full,5,5,4,z_jk_bs_purif,yield_1y,asset_ibov,-1,hard,0,-0.7697659780205859,0.9468168343170756,1.5020174394106063,-0.3468010946546507,11,1.5198903641348172,-1,TRUE,FALSE
full,5,5,4,z_jk_bs_purif,yield_1y,price_ipca,-1,ext,24,-0.043658803628401036,0.09639307873233502,0.018702389969051915,-0.12976555144365945,24,-0.12976555144365945,-1,TRUE,FALSE
full,5,5,4,z_jk_bs_purif,yield_1y,pib,-1,ext,24,0.1084899706095932,0.32484208805123593,0.3593397333998327,0.10504784474165696,10,0.3635431980791415,1,FALSE,FALSE
full,5,5,4,z_jk_bs_purif,yield_1y,vendas_varejo,-1,ext,24,-0.612923050060952,-0.1641874484364596,-0.48790651811031444,-0.5562702826444623,18,-0.6336932097720019,-1,TRUE,FALSE
full,5,5,4,z_jk_bs_purif,yield_1y,cambio_usd,-1,soft,0,0.12234941383658157,0.06064345043860859,-0.03159079731315882,-0.0740982005428494,1,0.1297018090497186,1,FALSE,FALSE
full,5,5,4,z_jk_bs_purif,yield_1y,cds_5y,-1,soft,0,24.416609906999508,18.71444595654279,4.39387989996107,-9.449817392803832,1,25.31700908817449,1,FALSE,FALSE
full,5,5,4,z_jk_bs_purif,yield_1y,embi_perc,-1,soft,0,0.1947102843992131,0.13995258250216483,0.025205712698418793,-0.07471927767838792,1,0.19879022506122446,1,FALSE,FALSE
full,5,5,4,z_jk_bs_purif,yield_2y,yield_6m,1,hard,0,0.0034331808239619573,0.006225925509208614,0.00441206866563604,-0.0014564378234850376,6,0.006225925509208614,1,TRUE,FALSE
full,5,5,4,z_jk_bs_purif,yield_2y,yield_2y,1,hard,0,0.005,0.007112182996671303,0.003847546609071971,-0.002687367041814317,4,0.007461790065338697,1,TRUE,TRUE
full,5,5,4,z_jk_bs_purif,yield_2y,yield_5y,1,hard,0,0.005138162050538667,0.006088915239055701,0.002706181436030965,-0.0026542960579885692,4,0.006774692621332678,1,TRUE,FALSE
full,5,5,4,z_jk_bs_purif,yield_2y,asset_ibov,-1,hard,0,-0.6646534328540822,0.8175277645176072,1.2969150051007579,-0.2994449542606347,11,1.3123473587150813,-1,TRUE,FALSE
full,5,5,4,z_jk_bs_purif,yield_2y,price_ipca,-1,ext,24,-0.03769713722674163,0.08323047849889115,0.016148554301491452,-0.11204589666981189,24,-0.11204589666981189,-1,TRUE,FALSE
full,5,5,4,z_jk_bs_purif,yield_2y,pib,-1,ext,24,0.09366858815669232,0.2804223468805045,0.3101954065446666,0.09069692210403879,10,0.31382309498766414,1,FALSE,FALSE
full,5,5,4,z_jk_bs_purif,yield_2y,vendas_varejo,-1,ext,24,-0.5292276106381928,-0.1417674388720868,-0.421282248674844,-0.48031085227368264,18,-0.5471615780348497,-1,TRUE,FALSE
full,5,5,4,z_jk_bs_purif,yield_2y,cambio_usd,-1,soft,0,0.10564244229561669,0.05236250843117889,-0.02727703286495082,-0.06397999491450372,1,0.11199085838264301,1,FALSE,FALSE
full,5,5,4,z_jk_bs_purif,yield_2y,cds_5y,-1,soft,0,21.082490077149416,16.15896402821497,3.7938898865956068,-8.159432540942088,1,21.859938579414806,1,FALSE,FALSE
full,5,5,4,z_jk_bs_purif,yield_2y,embi_perc,-1,soft,0,0.1681223418976185,0.12084187539186149,0.021763839856390427,-0.0645162631596454,1,0.17164516135739763,1,FALSE,FALSE
full,5,5,4,z_jk_bs_purif,juros_selic,yield_6m,1,hard,0,0.010381642827328683,0.018826661985012448,0.013341715267832214,-0.0044041424145508925,6,0.018826661985012448,1,TRUE,FALSE
full,5,5,4,z_jk_bs_purif,juros_selic,yield_2y,1,hard,0,0.015119568935707945,0.021506628220308334,0.011634649237842604,-0.008126366248852221,4,0.022563809855333825,1,TRUE,FALSE
full,5,5,4,z_jk_bs_purif,juros_selic,yield_5y,1,hard,0,0.015537359065191573,0.01841235474011706,0.008183259354920659,-0.008026362444907205,4,0.020486086421294274,1,TRUE,FALSE
full,5,5,4,z_jk_bs_purif,juros_selic,asset_ibov,-1,hard,0,-2.0098546792784453,2.472133478495835,3.921759164674986,-0.9054957256787158,11,3.968425271537383,-1,TRUE,FALSE
full,5,5,4,z_jk_bs_purif,juros_selic,price_ipca,-1,ext,24,-0.11399289299571246,0.25168179144318853,0.048831835994684616,-0.338817131732486,24,-0.338817131732486,-1,TRUE,FALSE
full,5,5,4,z_jk_bs_purif,juros_selic,pib,-1,ext,24,0.2835143055746947,0.8503816422424926,0.9409517200871687,0.2745114704231666,10,0.9519909200232268,1,FALSE,FALSE
full,5,5,4,z_jk_bs_purif,juros_selic,vendas_varejo,-1,ext,24,-1.6003386683448315,-0.42869251297305566,-1.2739212000458722,-1.452418608304116,18,-1.6545694396137303,-1,TRUE,FALSE
full,5,5,4,z_jk_bs_purif,juros_selic,cambio_usd,-1,soft,0,0.31945363776502506,0.15833971117435955,-0.08248339575263902,-0.19346998872321655,1,0.3386507006970954,1,FALSE,FALSE
full,5,5,4,z_jk_bs_purif,juros_selic,cds_5y,-1,soft,0,63.751632411567854,48.863314110844236,11.472395934973495,-24.673420555806505,1,66.10256965636074,1,FALSE,FALSE
full,5,5,4,z_jk_bs_purif,juros_selic,embi_perc,-1,soft,0,0.5083874675907406,0.36541541306149583,0.06581197540288064,-0.19509161766330668,1,0.5190401699247774,1,FALSE,FALSE
full,6,5,4,z_bruto,yield_3m,yield_6m,1,hard,0,0.00782549635064491,0.006494876641871068,-4.5431743890300637e-4,-0.011387157893992075,24,-0.011387157893992075,1,TRUE,FALSE
full,6,5,4,z_bruto,yield_3m,yield_2y,1,hard,0,0.014919873822703291,0.011061753452668632,7.981754755484326e-4,-0.010489214186779639,1,0.016966984170105264,1,TRUE,FALSE
full,6,5,4,z_bruto,yield_3m,yield_5y,1,hard,0,0.016722734181636417,0.011181801601069607,0.001351503245384528,-0.007981968163870305,1,0.01868522701688814,1,TRUE,FALSE
full,6,5,4,z_bruto,yield_3m,asset_ibov,-1,hard,0,0.6366812758503173,4.442572866820311,3.389573892977596,0.9820132680006681,2,8.724345680487268,1,FALSE,FALSE
full,6,5,4,z_bruto,yield_3m,price_ipca,-1,ext,24,-6.801543140329781e-4,0.23682534650417736,0.01793599371443189,-0.0907050735407353,5,0.30619206783652064,-1,TRUE,FALSE
full,6,5,4,z_bruto,yield_3m,pib,-1,ext,24,-0.49808012362494436,-0.46156465505005073,-0.41551642811182843,-0.8242988091127113,24,-0.8242988091127113,-1,TRUE,FALSE
full,6,5,4,z_bruto,yield_3m,vendas_varejo,-1,ext,24,-2.6765362525479275,-1.2290262968822234,-1.7432270232270144,-1.1449397713120428,0,-2.6765362525479275,-1,TRUE,FALSE
full,6,5,4,z_bruto,yield_3m,cambio_usd,-1,soft,0,0.43855262090367236,0.2502535072704291,0.05431165146546791,-0.010731863087325903,1,0.5049994955375056,1,FALSE,FALSE
full,6,5,4,z_bruto,yield_3m,cds_5y,-1,soft,0,72.11477117557865,35.970852006347386,3.5253728133413404,-24.615867631742386,1,75.06507249083845,1,FALSE,FALSE
full,6,5,4,z_bruto,yield_3m,embi_perc,-1,soft,0,0.5453172197795497,0.22970455726875907,-0.030030033457827027,-0.2838990636905577,1,0.5489871834825505,1,FALSE,FALSE
full,6,5,4,z_bruto,yield_6m,yield_6m,1,hard,0,0.005,0.004149817692609247,-2.902802701234187e-4,-0.007275677723019859,24,-0.007275677723019859,1,TRUE,TRUE
full,6,5,4,z_bruto,yield_6m,yield_2y,1,hard,0,0.009532861018760634,0.007067764750639121,5.099839293150101e-4,-0.006701948168383727,1,0.01084083578206959,1,TRUE,FALSE
full,6,5,4,z_bruto,yield_6m,yield_5y,1,hard,0,0.010684775401025057,0.007144467967292643,8.635255738590619e-4,-0.005099975647686872,1,0.011938684895909678,1,TRUE,FALSE
full,6,5,4,z_bruto,yield_6m,asset_ibov,-1,hard,0,0.40679929254445796,2.83852465566238,2.16572453752295,0.6274447166023783,2,5.574308190539431,1,FALSE,FALSE
full,6,5,4,z_bruto,yield_6m,price_ipca,-1,ext,24,-4.345758297982758e-4,0.15131650178627984,0.011459971937085985,-0.057954837288538376,5,0.19563747404424192,-1,TRUE,FALSE
full,6,5,4,z_bruto,yield_6m,pib,-1,ext,24,-0.31852868215945795,-0.2951570415622773,-0.26568839412942635,-0.5274617968603956,24,-0.5274617968603956,-1,TRUE,FALSE
full,6,5,4,z_bruto,yield_6m,vendas_varejo,-1,ext,24,-1.710138330284539,-0.7852705066950403,-1.1138124312608957,-0.7315445053000932,0,-1.710138330284539,-1,TRUE,FALSE
full,6,5,4,z_bruto,yield_6m,cambio_usd,-1,soft,0,0.28020754291677014,0.15989625198010946,0.03470172946984507,-0.006856985554942772,1,0.3226629167719744,1,FALSE,FALSE
full,6,5,4,z_bruto,yield_6m,cds_5y,-1,soft,0,46.07680327499967,22.98311212130524,2.2524915068491533,-15.727991253688183,1,47.96186026248177,1,FALSE,FALSE
full,6,5,4,z_bruto,yield_6m,embi_perc,-1,soft,0,0.3484234068645431,0.1467667653118443,-0.01918730270403373,-0.1813936464663747,1,0.3507682828561461,1,FALSE,FALSE
full,6,5,4,z_bruto,yield_1y,yield_6m,1,hard,0,0.0034109104582268745,0.0028309313134911598,-1.980240018361782e-4,-0.004963337047227346,24,-0.004963337047227346,1,TRUE,FALSE
full,6,5,4,z_bruto,yield_1y,yield_2y,1,hard,0,0.006503147069142789,0.004821502540848447,3.4790190360564063e-4,-0.0045719490196069,1,0.007395424028996256,1,TRUE,FALSE
full,6,5,4,z_bruto,yield_1y,yield_5y,1,hard,0,0.007288962431832322,0.0048738281016210755,5.890816821644475e-4,-0.0034791120546795056,1,0.00814435703378671,1,TRUE,FALSE
full,6,5,4,z_bruto,yield_1y,asset_ibov,-1,hard,0,0.27751119226783705,1.93639068678673,1.4774184949351181,0.4280315491636499,2,3.8026932208981337,1,FALSE,FALSE
full,6,5,4,z_bruto,yield_1y,price_ipca,-1,ext,24,-2.964598485503122e-4,0.1032254076890255,0.007817787626238614,-0.03953575212246248,5,0.13346038124771867,-1,TRUE,FALSE
full,6,5,4,z_bruto,yield_1y,pib,-1,ext,24,-0.21740470494425734,-0.2014454104151131,-0.18132447720934364,-0.3601272923533405,24,-0.3601272923533405,-1,TRUE,FALSE
full,6,5,4,z_bruto,yield_1y,vendas_varejo,-1,ext,24,-1.1666257431564357,-0.535697476764646,-0.7598228940581782,-0.49904656075729853,0,-1.1666257431564357,-1,TRUE,FALSE
full,6,5,4,z_bruto,yield_1y,cambio_usd,-1,soft,0,0.1911525677217734,0.10907835962204698,0.02367289839345086,-0.004677712748252981,1,0.220114863459903,1,FALSE,FALSE
full,6,5,4,z_bruto,yield_1y,cds_5y,-1,soft,0,31.432770034471734,15.67866749943218,1.5366093675557975,-10.729353970821167,1,32.718722153063005,1,FALSE,FALSE
full,6,5,4,z_bruto,yield_1y,embi_perc,-1,soft,0,0.23768820847306146,0.1001216589444598,-0.013089234291670686,-0.12374349715761318,1,0.23928784088166224,1,FALSE,FALSE
full,6,5,4,z_bruto,yield_2y,yield_6m,1,hard,0,0.002622507550545434,0.002176585646450956,-1.5225244003460675e-4,-0.003816103952790958,24,-0.003816103952790958,1,TRUE,FALSE
full,6,5,4,z_bruto,yield_2y,yield_2y,1,hard,0,0.005,0.003707053284805992,2.674873410570886e-4,-0.003515181934990093,1,0.005686034738540123,1,TRUE,TRUE
full,6,5,4,z_bruto,yield_2y,yield_5y,1,hard,0,0.005604180833014065,0.003747284237770989,4.529204675068937e-4,-0.002674944928731332,1,0.006261858256621171,1,TRUE,FALSE
full,6,5,4,z_bruto,yield_2y,asset_ibov,-1,hard,0,0.21336684325087638,1.488810468376794,1.1359257904110909,0.3290957013679154,2,2.9237330637513823,1,FALSE,FALSE
full,6,5,4,z_bruto,yield_2y,price_ipca,-1,ext,24,-2.2793567898610513e-4,0.0793657336913281,0.006010772586809356,-0.03039739967596479,5,0.10261215057013214,-1,TRUE,FALSE
full,6,5,4,z_bruto,yield_2y,pib,-1,ext,24,-0.1671954945146492,-0.15491910761626926,-0.13944210517433664,-0.2770023467911775,24,-0.2770023467911775,-1,TRUE,FALSE
full,6,5,4,z_bruto,yield_2y,vendas_varejo,-1,ext,24,-0.8969701367296729,-0.41187556660567637,-0.5841963021746132,-0.3836961977419037,0,-0.8969701367296729,-1,TRUE,FALSE
full,6,5,4,z_bruto,yield_2y,cambio_usd,-1,soft,0,0.1469692794038027,0.08386582562435047,0.01820110951033074,-0.003596499278363678,1,0.16923718710310315,1,FALSE,FALSE
full,6,5,4,z_bruto,yield_2y,cds_5y,-1,soft,0,24.16735289873664,12.054677014631057,1.1814351968502732,-8.249355163541962,1,25.15606813531269,1,FALSE,FALSE
full,6,5,4,z_bruto,yield_2y,embi_perc,-1,soft,0,0.1827486030578056,0.07697939003988827,-0.010063769243185854,-0.09514124149580734,1,0.18397849405641992,1,FALSE,FALSE
full,6,5,4,z_bruto,juros_selic,yield_6m,1,hard,0,0.03565821700045089,0.029595019959074192,-0.0020701753726020734,-0.05188753901455771,24,-0.05188753901455771,1,TRUE,FALSE
full,6,5,4,z_bruto,juros_selic,yield_2y,1,hard,0,0.0679849653684212,0.05040477783728549,0.0036370235236514482,-0.04779590442280027,1,0.07731297495665802,1,TRUE,FALSE
full,6,5,4,z_bruto,juros_selic,yield_5y,1,hard,0,0.07620000797016624,0.05095179782609827,0.006158356459621062,-0.03637120766844671,1,0.08514244334367055,1,TRUE,FALSE
full,6,5,4,z_bruto,juros_selic,asset_ibov,-1,hard,0,2.901147489836037,20.24334562654786,15.4451751044389,4.474711972078803,2,39.75397821712915,1,FALSE,FALSE
full,6,5,4,z_bruto,juros_selic,price_ipca,-1,ext,24,-0.003099239848419586,1.0791353312888563,0.08172843323033792,-0.41331323285210486,5,1.3952167005779312,-1,TRUE,FALSE
full,6,5,4,z_bruto,juros_selic,pib,-1,ext,24,-2.2495697661040426,-2.086002931175035,-1.8794307209412775,-3.7013852004367687,24,-3.7013852004367687,-1,TRUE,FALSE
full,6,5,4,z_bruto,juros_selic,vendas_varejo,-1,ext,24,-12.196096736414969,-5.600269226357154,-7.943313074340161,-5.217114543095644,0,-12.196096736414969,-1,TRUE,FALSE
full,6,5,4,z_bruto,juros_selic,cambio_usd,-1,soft,0,1.998340274097869,1.1403230501331039,0.24748035994533546,-0.048901575777421304,1,2.3011168608506978,1,FALSE,FALSE
full,6,5,4,z_bruto,juros_selic,cds_5y,-1,soft,0,328.60332997340487,163.9073598734391,16.063966188579943,-112.16642502104138,1,342.0468841969755,1,FALSE,FALSE
full,6,5,4,z_bruto,juros_selic,embi_perc,-1,soft,0,2.4848314900024535,1.0466882331887986,-0.13683700069475457,-1.2936348016402124,1,2.501554309391999,1,FALSE,FALSE
full,6,5,4,z_bruto_purif,yield_3m,yield_6m,1,hard,0,0.0079737138964548,0.005819415005829344,-4.780558573284236e-4,-0.01054593995230821,24,-0.01054593995230821,1,TRUE,FALSE
full,6,5,4,z_bruto_purif,yield_3m,yield_2y,1,hard,0,0.015900252841137417,0.01135767860207783,0.001499839432581359,-0.009546351634379438,1,0.01821137954316719,1,TRUE,FALSE
full,6,5,4,z_bruto_purif,yield_3m,yield_5y,1,hard,0,0.01837161306932488,0.012009693428646202,0.0023291402931831504,-0.00717088254351473,1,0.020614128282073877,1,TRUE,FALSE
full,6,5,4,z_bruto_purif,yield_3m,asset_ibov,-1,hard,0,-1.5690873779197285,4.555096361210354,3.4015882611106885,1.18305050091702,2,9.181345344625504,-1,TRUE,FALSE
full,6,5,4,z_bruto_purif,yield_3m,price_ipca,-1,ext,24,-0.0191804230658108,0.28451180071541593,0.0543995105873915,-0.08181069776507695,5,0.3567614734962923,-1,TRUE,FALSE
full,6,5,4,z_bruto_purif,yield_3m,pib,-1,ext,24,-0.5521926893622409,-0.7080626683833469,-0.5431198318888941,-0.7944840753317917,5,-0.7980503552898699,-1,TRUE,FALSE
full,6,5,4,z_bruto_purif,yield_3m,vendas_varejo,-1,ext,24,-3.1242364288716242,-1.2245548929260288,-1.7079271627061885,-1.2398484681667161,0,-3.1242364288716242,-1,TRUE,FALSE
full,6,5,4,z_bruto_purif,yield_3m,cambio_usd,-1,soft,0,0.479929303570414,0.3077322892521346,0.09514526131557897,-0.004531835178428305,1,0.5784597561868519,1,FALSE,FALSE
full,6,5,4,z_bruto_purif,yield_3m,cds_5y,-1,soft,0,83.31159845522367,42.04760331626533,8.428409284652417,-22.427968135087664,1,87.87069546924002,1,FALSE,FALSE
full,6,5,4,z_bruto_purif,yield_3m,embi_perc,-1,soft,0,0.650631979419116,0.2851205750133302,0.011348184947991741,-0.2683096781314653,1,0.6620433083727352,1,FALSE,FALSE
full,6,5,4,z_bruto_purif,yield_6m,yield_6m,1,hard,0,0.005,0.003649124536821367,-2.997698836052874e-4,-0.0066129410267636085,24,-0.0066129410267636085,1,TRUE,TRUE
full,6,5,4,z_bruto_purif,yield_6m,yield_2y,1,hard,0,0.00997041845720527,0.007121950166237828,9.404898721336138e-4,-0.005986138804543671,1,0.011419634426101097,1,TRUE,FALSE
full,6,5,4,z_bruto_purif,yield_6m,yield_5y,1,hard,0,0.011520110520577555,0.007530802825760931,0.0014605115780607022,-0.004496576273386848,1,0.012926302943499857,1,TRUE,FALSE
full,6,5,4,z_bruto_purif,yield_6m,asset_ibov,-1,hard,0,-0.9839125144792077,2.8563204175381807,2.1330011994931697,0.7418440868834141,2,5.757257824805847,-1,TRUE,FALSE
full,6,5,4,z_bruto_purif,yield_6m,price_ipca,-1,ext,24,-0.012027283217635026,0.1784060755189078,0.03411177733099887,-0.051300246552269,5,0.2237109821904397,-1,TRUE,FALSE
full,6,5,4,z_bruto_purif,yield_6m,pib,-1,ext,24,-0.3466155895730849,-0.44458616855551636,-0.34091469648036554,-0.4989302300941967,5,-0.5011731802871511,-1,TRUE,FALSE
full,6,5,4,z_bruto_purif,yield_6m,vendas_varejo,-1,ext,24,-1.9590848564686363,-0.7678698463651169,-1.0709734415386736,-0.7774598413406619,0,-1.9590848564686363,-1,TRUE,FALSE
full,6,5,4,z_bruto_purif,yield_6m,cambio_usd,-1,soft,0,0.3009446475022109,0.19296672369255416,0.05966182292913819,-0.0028417342516159306,1,0.3627291897468515,1,FALSE,FALSE
full,6,5,4,z_bruto_purif,yield_6m,cds_5y,-1,soft,0,52.241401896966046,26.366385765960423,5.285121459148277,-14.063690035994007,1,55.10023096533993,1,FALSE,FALSE
full,6,5,4,z_bruto_purif,yield_6m,embi_perc,-1,soft,0,0.4079855308756401,0.17878781375645914,0.007115997071977506,-0.1682463665085593,1,0.41514112305125905,1,FALSE,FALSE
full,6,5,4,z_bruto_purif,yield_1y,yield_6m,1,hard,0,0.0033410823694496536,0.002438405130780001,-2.003111746011201e-4,-0.004418876134946036,24,-0.004418876134946036,1,TRUE,FALSE
full,6,5,4,z_bruto_purif,yield_1y,yield_2y,1,hard,0,0.006662397864680788,0.004759004427303248,6.284508260863151e-4,-0.004000036564187856,1,0.007630787849321338,1,TRUE,FALSE
full,6,5,4,z_bruto_purif,yield_1y,yield_5y,1,hard,0,0.0076979276308826285,0.005032206509790296,9.759378967671409e-4,-0.003004686341979685,1,0.008637568573338507,1,TRUE,FALSE
full,6,5,4,z_bruto_purif,yield_1y,asset_ibov,-1,hard,0,-0.6574665510414716,1.9086403577071778,1.4253065403283185,0.4957124399133303,2,3.8470945229669753,-1,TRUE,FALSE
full,6,5,4,z_bruto_purif,yield_1y,price_ipca,-1,ext,24,-0.008036828782163616,0.11921387870378528,0.022794051566238534,-0.03427966986084127,5,0.14948736368974871,-1,TRUE,FALSE
full,6,5,4,z_bruto_purif,yield_1y,pib,-1,ext,24,-0.23174763214837135,-0.2972993412637903,-0.22793384662574967,-0.33366995647465814,5,-0.3351712276594254,-1,TRUE,FALSE
full,6,5,4,z_bruto_purif,yield_1y,vendas_varejo,-1,ext,24,-1.309092774840633,-0.5131032811445012,-0.7156420967347363,-0.5195114737716822,0,-1.309092774840633,-1,TRUE,FALSE
full,6,5,4,z_bruto_purif,yield_1y,cambio_usd,-1,soft,0,0.20109617118997553,0.12894354368393107,0.039867012943554145,-0.0018988936413470382,1,0.2423816201495927,1,FALSE,FALSE
full,6,5,4,z_bruto_purif,yield_1y,cds_5y,-1,soft,0,34.90856536665739,17.618453325751734,3.531605225512067,-9.397589365732868,1,36.81888204618023,1,FALSE,FALSE
full,6,5,4,z_bruto_purif,yield_1y,embi_perc,-1,soft,0,0.27262265283983167,0.11946896248283079,0.00475502647164788,-0.11242499377314241,1,0.27740413741201814,1,FALSE,FALSE
full,6,5,4,z_bruto_purif,yield_2y,yield_6m,1,hard,0,0.002507417327297169,0.0018299756186182304,-1.5032964007075062e-4,-0.0033162805829802804,24,-0.0033162805829802804,1,TRUE,FALSE
full,6,5,4,z_bruto_purif,yield_2y,yield_2y,1,hard,0,0.005,0.003571540250194337,4.716401203070644e-4,-0.003001949632423752,1,0.005726757846281031,1,TRUE,TRUE
full,6,5,4,z_bruto_purif,yield_2y,yield_5y,1,hard,0,0.005777144946334915,0.003776573098754288,7.324224075095073e-4,-0.0022549586522807026,1,0.006482327195684787,1,TRUE,FALSE
full,6,5,4,z_bruto_purif,yield_2y,asset_ibov,-1,hard,0,-0.4934158574699384,1.4323974614495838,1.0696648333509637,0.37202254352088376,2,2.887169605527078,-1,TRUE,FALSE
full,6,5,4,z_bruto_purif,yield_2y,price_ipca,-1,ext,24,-0.006031483668041702,0.08946769701023934,0.01710649230892987,-0.02572622541995523,5,0.11218735861019537,-1,TRUE,FALSE
full,6,5,4,z_bruto_purif,yield_2y,pib,-1,ext,24,-0.17397242425279957,-0.22320023160660174,-0.1711086085949498,-0.25051720018601786,5,-0.25164481712409703,-1,TRUE,FALSE
full,6,5,4,z_bruto_purif,yield_2y,vendas_varejo,-1,ext,24,-0.9824486629509892,-0.3850740315769818,-0.5370754728778303,-0.38988325549105673,0,-0.9824486629509892,-1,TRUE,FALSE
full,6,5,4,z_bruto_purif,yield_2y,cambio_usd,-1,soft,0,0.15091876474087645,0.0967696213156951,0.02991941771813133,-0.0014250827404151273,1,0.1819026910975436,1,FALSE,FALSE
full,6,5,4,z_bruto_purif,yield_2y,cds_5y,-1,soft,0,26.198199263749572,13.222306505554121,2.6504010247076972,-7.052708016397584,1,27.631854772113876,1,FALSE,FALSE
full,6,5,4,z_bruto_purif,yield_2y,embi_perc,-1,soft,0,0.20459799788082284,0.08965913242450496,0.0035685548718544634,-0.08437277092767033,1,0.2081864090424666,1,FALSE,FALSE
full,6,5,4,z_bruto_purif,juros_selic,yield_6m,1,hard,0,0.03977635783075162,0.029029776669116495,-0.002384750831433335,-0.05260774171884146,24,-0.05260774171884146,1,TRUE,FALSE
full,6,5,4,z_bruto_purif,juros_selic,yield_2y,1,hard,0,0.07931738645522546,0.05665704765301137,0.007481852338036892,-0.04762135982281535,1,0.09084629304579343,1,TRUE,FALSE
full,6,5,4,z_bruto_purif,juros_selic,yield_5y,1,hard,0,0.09164560766325984,0.05990958159006044,0.011618766228979645,-0.03577148537270058,1,0.10283225026186965,1,TRUE,FALSE
full,6,5,4,z_bruto_purif,juros_selic,asset_ibov,-1,hard,0,-7.827291250015909,22.722804601456108,16.968603792892548,5.901571170900374,2,45.80054947267442,-1,TRUE,FALSE
full,6,5,4,z_bruto_purif,juros_selic,price_ipca,-1,ext,24,-0.0956803041992889,1.4192687798040349,0.2713684522721465,-0.4081073927337668,5,1.7796816156551665,-1,TRUE,FALSE
full,6,5,4,z_bruto_purif,juros_selic,pib,-1,ext,24,-2.72441083243391,-3.482600824495219,-2.6801320035422793,-3.9009351576204443,5,-3.918167011584628,-1,TRUE,FALSE
full,6,5,4,z_bruto_purif,juros_selic,vendas_varejo,-1,ext,24,-15.58505205434063,-6.108613155292631,-8.519884567574765,-6.1849041696411104,0,-15.58505205434063,-1,TRUE,FALSE
full,6,5,4,z_bruto_purif,juros_selic,cambio_usd,-1,soft,0,2.3940963972594704,1.5351026902045621,0.47462600353286855,-0.02260676769043568,1,2.8856092094058727,1,FALSE,FALSE
full,6,5,4,z_bruto_purif,juros_selic,cds_5y,-1,soft,0,415.59453908676556,209.75175898609558,42.0445764676132,-111.88047345849475,1,438.3373006868844,1,FALSE,FALSE
full,6,5,4,z_bruto_purif,juros_selic,embi_perc,-1,soft,0,3.245635693175725,1.4223056111509391,0.056609689171511615,-1.3384455355936478,1,3.3025603721493937,1,FALSE,FALSE
full,6,5,4,z_jk,yield_3m,yield_6m,1,hard,0,0.00870309670500234,0.004516980157969279,-0.0031571383205988976,-0.013099741261887642,24,-0.013099741261887642,1,TRUE,FALSE
full,6,5,4,z_jk,yield_3m,yield_2y,1,hard,0,0.019658357529173894,0.011351307303132718,-8.429347676497191e-4,-0.011652014517622253,1,0.023034825921825916,1,TRUE,FALSE
full,6,5,4,z_jk,yield_3m,yield_5y,1,hard,0,0.023738961940268283,0.012801094109864082,6.558646932602196e-4,-0.00864242565345101,1,0.026623986735673708,1,TRUE,FALSE
full,6,5,4,z_jk,yield_3m,asset_ibov,-1,hard,0,-12.254207252076307,4.485665958473441,3.4761829100924118,1.1246030797010338,0,-12.254207252076307,-1,TRUE,FALSE
full,6,5,4,z_jk,yield_3m,price_ipca,-1,ext,24,0.03347062342380747,0.3613131158434409,0.04961245747209296,-0.0846052042089257,5,0.4478107860300565,-1,TRUE,FALSE
full,6,5,4,z_jk,yield_3m,pib,-1,ext,24,-0.26767218026974016,-1.0549207857318943,-0.7812888132685214,-0.9976139733126499,5,-1.1418456374240549,-1,TRUE,FALSE
full,6,5,4,z_jk,yield_3m,vendas_varejo,-1,ext,24,-2.574793527968946,-1.4321816457599192,-1.8795654872865144,-1.310690257076615,1,-2.977162567289334,-1,TRUE,FALSE
full,6,5,4,z_jk,yield_3m,cambio_usd,-1,soft,0,0.5597543446794879,0.3673452922242567,0.10373194542194288,0.006303231421656559,1,0.7094302492971649,1,FALSE,FALSE
full,6,5,4,z_jk,yield_3m,cds_5y,-1,soft,0,109.15085308937758,48.012220925337125,4.57113656676185,-26.3946333198787,1,116.32126335288402,1,FALSE,FALSE
full,6,5,4,z_jk,yield_3m,embi_perc,-1,soft,0,0.8754082982444246,0.3313375853792257,-0.030052363278466842,-0.31592758418947403,1,0.8949813763257807,1,FALSE,FALSE
full,6,5,4,z_jk,yield_6m,yield_6m,1,hard,0,0.005,0.0025950419207527724,-0.0018138017004822246,-0.007525908137018754,24,-0.007525908137018754,1,TRUE,TRUE
full,6,5,4,z_jk,yield_6m,yield_2y,1,hard,0,0.011293886644896594,0.006521418575418248,-4.8427289516685465e-4,-0.006694177321346404,1,0.013233695259634444,1,TRUE,FALSE
full,6,5,4,z_jk,yield_6m,yield_5y,1,hard,0,0.013638227141968717,0.0073543329137698244,3.767996125351817e-4,-0.0049651439863258925,1,0.015295697404103794,1,TRUE,FALSE
full,6,5,4,z_jk,yield_6m,asset_ibov,-1,hard,0,-7.040141956042424,2.5770516578858556,1.9970954178266127,0.646093636449333,0,-7.040141956042424,-1,TRUE,FALSE
full,6,5,4,z_jk,yield_6m,price_ipca,-1,ext,24,0.01922914599154651,0.2075773302827754,0.0285027612318595,-0.048606379474271835,5,0.25727094688759766,-1,TRUE,FALSE
full,6,5,4,z_jk,yield_6m,pib,-1,ext,24,-0.153867532774421,-0.6074276349119279,-0.4496056466347764,-0.5743595780153821,5,-0.6576019069158168,-1,TRUE,FALSE
full,6,5,4,z_jk,yield_6m,vendas_varejo,-1,ext,24,-1.479239870153927,-0.8228000298656538,-1.0798256936557902,-0.7530022367344605,1,-1.710404163140075,-1,TRUE,FALSE
full,6,5,4,z_jk,yield_6m,cambio_usd,-1,soft,0,0.3215834338355416,0.21104286478462037,0.05959484821208534,0.003621257832303304,1,0.40757346111608805,1,FALSE,FALSE
full,6,5,4,z_jk,yield_6m,cds_5y,-1,soft,0,62.708054839055265,27.583412291478282,2.626155219058101,-15.163931997163536,1,66.82751398477811,1,FALSE,FALSE
full,6,5,4,z_jk,yield_6m,embi_perc,-1,soft,0,0.5029292032003161,0.19035614368663772,-0.017265327674225107,-0.1815029723890613,1,0.5141740961072891,1,FALSE,FALSE
full,6,5,4,z_jk,yield_1y,yield_6m,1,hard,0,0.003129745959517681,0.0016243643932509985,-0.0011353477086901084,-0.004710836116707137,24,-0.004710836116707137,1,TRUE,FALSE
full,6,5,4,z_jk,yield_1y,yield_2y,1,hard,0,0.007069399218823164,0.0040820766873477625,-3.031302273904786e-4,-0.004190214884755761,1,0.008283620853665838,1,TRUE,FALSE
full,6,5,4,z_jk,yield_1y,yield_5y,1,hard,0,0.008536837258512195,0.004603438744363801,2.3585741297596258e-4,-0.003107927865925395,1,0.009574329429699787,1,TRUE,FALSE
full,6,5,4,z_jk,yield_1y,asset_ibov,-1,hard,0,-4.406771168270937,1.6131034027473197,1.2500802629428232,0.4044217896294772,0,-4.406771168270937,-1,TRUE,FALSE
full,6,5,4,z_jk,yield_1y,price_ipca,-1,ext,24,0.012036468394403664,0.12993286214799668,0.017841280360101897,-0.030425123953277088,5,0.16103854130454934,-1,TRUE,FALSE
full,6,5,4,z_jk,yield_1y,pib,-1,ext,24,-0.0963409935495152,-0.3806519886119242,-0.28166742800946887,-0.3599071288365341,5,-0.41213316390219523,-1,TRUE,FALSE
full,6,5,4,z_jk,yield_1y,vendas_varejo,-1,ext,24,-0.9259290013543426,-0.5150310137926115,-0.6759160203405173,-0.4713411415854909,1,-1.0706261037459741,-1,TRUE,FALSE
full,6,5,4,z_jk,yield_1y,cambio_usd,-1,soft,0,0.20129489053892158,0.13210211066894037,0.03730334707996872,0.0022667234138046047,1,0.2551202786269427,1,FALSE,FALSE
full,6,5,4,z_jk,yield_1y,cds_5y,-1,soft,0,39.252056252349284,17.2658146337929,1.643839737182672,-9.491850979704692,1,41.830628375694126,1,FALSE,FALSE
full,6,5,4,z_jk,yield_1y,embi_perc,-1,soft,0,0.31480812832792726,0.11915327431452433,-0.010807217905630965,-0.11361163889502279,1,0.3218468599560888,1,FALSE,FALSE
full,6,5,4,z_jk,yield_2y,yield_6m,1,hard,0,0.0022135869418608727,0.0011488701818719788,-8.030015518624996e-4,-0.00333185039554984,24,-0.00333185039554984,1,TRUE,FALSE
full,6,5,4,z_jk,yield_2y,yield_2y,1,hard,0,0.005,0.002887145400190953,-2.1439603140770171e-4,-0.0029636287010067187,1,0.005858787003858585,1,TRUE,TRUE
full,6,5,4,z_jk,yield_2y,yield_5y,1,hard,0,0.006037880302318896,0.0032558910608037014,1.668157404012229e-4,-0.0021981555785180068,1,0.00677167120807588,1,TRUE,FALSE
full,6,5,4,z_jk,yield_2y,asset_ibov,-1,hard,0,-3.116793260548474,1.1409055796794085,0.8841488677102345,0.28603688737272986,0,-3.116793260548474,-1,TRUE,FALSE
full,6,5,4,z_jk,yield_2y,price_ipca,-1,ext,24,0.00851307729400474,0.0918980935480586,0.012618668013964501,-0.021518889379076495,5,0.11389832171011363,-1,TRUE,FALSE
full,6,5,4,z_jk,yield_2y,pib,-1,ext,24,-0.06814906121003217,-0.26937537385609556,-0.19929818639455865,-0.2546871389810912,5,-0.29166708300855104,-1,TRUE,FALSE
full,6,5,4,z_jk,yield_2y,vendas_varejo,-1,ext,24,-0.6548852120905412,-0.36426788037466945,-0.47805761099246313,-0.33336718368548623,1,-0.7572256641662687,-1,TRUE,FALSE
full,6,5,4,z_jk,yield_2y,cambio_usd,-1,soft,0,0.14237057797142696,0.09343234593202908,0.026383675560890572,0.0016031938101396007,1,0.18043985827512252,1,FALSE,FALSE
full,6,5,4,z_jk,yield_2y,cds_5y,-1,soft,0,27.761946268245648,12.211656252076203,1.162644580041358,-6.713336371237492,1,29.58570246274593,1,FALSE,FALSE
full,6,5,4,z_jk,yield_2y,embi_perc,-1,soft,0,0.22265550337694262,0.08427397479354666,-0.007643660777322769,-0.08035452191787214,1,0.22763381299724247,1,FALSE,FALSE
full,6,5,4,z_jk,juros_selic,yield_6m,1,hard,0,0.2007543548763447,0.10419319333555864,-0.0728257180507852,-0.3021717665811666,24,-0.3021717665811666,1,TRUE,FALSE
full,6,5,4,z_jk,juros_selic,yield_2y,1,hard,0,0.45345938548855613,0.2618406357973402,-0.01944397853066432,-0.2687770499149509,1,0.5313443908956107,1,TRUE,FALSE
full,6,5,4,z_jk,juros_selic,yield_5y,1,hard,0,0.5475866983085969,0.2952828719299459,0.015128832626431409,-0.19935485556860338,1,0.6141355729489274,1,TRUE,FALSE
full,6,5,4,z_jk,juros_selic,asset_ibov,-1,hard,0,-282.66783132463684,103.47086861237791,80.18512044645712,25.941222235019488,0,-282.66783132463684,-1,TRUE,FALSE
full,6,5,4,z_jk,juros_selic,price_ipca,-1,ext,24,0.7720669596711939,8.334410605574499,1.1444106886592884,-1.9515884708464488,5,10.3296525941692,-1,TRUE,FALSE
full,6,5,4,z_jk,juros_selic,pib,-1,ext,24,-5.995424784605808,-21.70067621582097,-16.550424180339895,-20.647893015655683,5,-23.27210550884842,-1,TRUE,FALSE
full,6,5,4,z_jk,juros_selic,vendas_varejo,-1,ext,24,-59.392769168023904,-33.03613783758329,-43.35594210175391,-30.23369565121424,1,-68.67421686979999,-1,TRUE,FALSE
full,6,5,4,z_jk,juros_selic,cambio_usd,-1,soft,0,12.911854959714766,8.47355483421842,2.392785061354175,0.14539665599299204,1,16.36442945021584,1,FALSE,FALSE
full,6,5,4,z_jk,juros_selic,cds_5y,-1,soft,0,2517.783018952997,1107.4980279727918,105.44241936143092,-608.8450770958653,1,2683.182891600806,1,FALSE,FALSE
full,6,5,4,z_jk,juros_selic,embi_perc,-1,soft,0,20.193045547390707,7.642964964511946,-0.6932179437935524,-7.2875024260210015,1,20.644537791629293,1,FALSE,FALSE
full,6,5,4,z_jk_purif,yield_3m,yield_6m,1,hard,0,0.008901050410815127,0.003726142960764513,-0.0033859158230045423,-0.012368977902110676,24,-0.012368977902110676,1,TRUE,FALSE
full,6,5,4,z_jk_purif,yield_3m,yield_2y,1,hard,0,0.020950494021388228,0.01157281562685222,-3.391043104058437e-4,-0.010797749636982266,1,0.024656866101101214,1,TRUE,FALSE
full,6,5,4,z_jk_purif,yield_3m,yield_5y,1,hard,0,0.025854993576987874,0.013611881007992509,0.001483226247644537,-0.007892424392211075,1,0.029036430999547398,1,TRUE,FALSE
full,6,5,4,z_jk_purif,yield_3m,asset_ibov,-1,hard,0,-15.593014230761556,4.563840549188679,3.4582957227242606,1.3161504032807558,0,-15.593014230761556,-1,TRUE,FALSE
full,6,5,4,z_jk_purif,yield_3m,price_ipca,-1,ext,24,0.06127992681205524,0.4114527631237082,0.08481378885301848,-0.07555943121146039,5,0.5006040771561286,-1,TRUE,FALSE
full,6,5,4,z_jk_purif,yield_3m,pib,-1,ext,24,-0.3391220957807639,-1.3224708096121196,-0.9225779203960283,-0.9762726019408641,5,-1.4270988431467013,-1,TRUE,FALSE
full,6,5,4,z_jk_purif,yield_3m,vendas_varejo,-1,ext,24,-2.974969382267555,-1.4625900464847832,-1.8491057020489072,-1.404696882700918,1,-3.7095368459679765,-1,TRUE,FALSE
full,6,5,4,z_jk_purif,yield_3m,cambio_usd,-1,soft,0,0.5987154258247637,0.42679476022287627,0.14436002204865425,0.013024098701384997,1,0.7885812009018642,1,FALSE,FALSE
full,6,5,4,z_jk_purif,yield_3m,cds_5y,-1,soft,0,122.36056922228774,54.404613927843805,9.136013336229498,-24.376346288637055,1,131.38580005897032,1,FALSE,FALSE
full,6,5,4,z_jk_purif,yield_3m,embi_perc,-1,soft,0,1.002623700470392,0.39036402367270606,0.008417337791291226,-0.3023806157707471,1,1.0291555584749421,1,FALSE,FALSE
full,6,5,4,z_jk_purif,yield_6m,yield_6m,1,hard,0,0.005,0.0020930917076017806,-0.0019019754224122362,-0.006948043956184024,24,-0.006948043956184024,1,TRUE,TRUE
full,6,5,4,z_jk_purif,yield_6m,yield_2y,1,hard,0,0.011768551493615038,0.006500814562734524,-1.904855577459817e-4,-0.006065435616375442,1,0.01385053727543333,1,TRUE,FALSE
full,6,5,4,z_jk_purif,yield_6m,yield_5y,1,hard,0,0.014523563165968052,0.007646221726513051,8.331748384675806e-4,-0.004433423038825546,1,0.016310676638943082,1,TRUE,FALSE
full,6,5,4,z_jk_purif,yield_6m,asset_ibov,-1,hard,0,-8.759086574667316,2.56365279295769,1.9426334888084076,0.7393230812857666,0,-8.759086574667316,-1,TRUE,FALSE
full,6,5,4,z_jk_purif,yield_6m,price_ipca,-1,ext,24,0.034422862462163854,0.23112595937204045,0.04764257303270992,-0.04244410924785501,5,0.28120505673570556,-1,TRUE,FALSE
full,6,5,4,z_jk_purif,yield_6m,pib,-1,ext,24,-0.19063734246365094,-0.7450400503028365,-0.5192934179239161,-0.5495817783486068,5,-0.8041705713327296,-1,TRUE,FALSE
full,6,5,4,z_jk_purif,yield_6m,vendas_varejo,-1,ext,24,-1.6711338802512845,-0.8215828351604876,-1.0387008368148163,-0.7890624240225378,1,-2.0837635305720448,-1,TRUE,FALSE
full,6,5,4,z_jk_purif,yield_6m,cambio_usd,-1,soft,0,0.3363172873941377,0.23974404172809977,0.08109156525686627,0.007316045916086603,1,0.4429708655192577,1,FALSE,FALSE
full,6,5,4,z_jk_purif,yield_6m,cds_5y,-1,soft,0,68.73378060729486,30.560782950818957,5.1319860660090635,-13.692960472967794,1,73.80353665862368,1,FALSE,FALSE
full,6,5,4,z_jk_purif,yield_6m,embi_perc,-1,soft,0,0.5632052702747109,0.2192797510720748,0.004728283406340351,-0.16985670331860087,1,0.5781090494805409,1,FALSE,FALSE
full,6,5,4,z_jk_purif,yield_1y,yield_6m,1,hard,0,0.0030641115213724565,0.001282693283310353,-0.0011655729610361156,-0.004257916307429147,24,-0.004257916307429147,1,TRUE,FALSE
full,6,5,4,z_jk_purif,yield_1y,yield_2y,1,hard,0,0.007212030844290175,0.003983844159996141,-1.1673379842890416e-4,-0.0037170342308557674,1,0.008487918168570788,1,TRUE,FALSE
full,6,5,4,z_jk_purif,yield_1y,yield_5y,1,hard,0,0.008900363445644668,0.004685775217435407,5.105881243732298e-4,-0.0027169005224766886,1,0.009995546442153213,1,TRUE,FALSE
full,6,5,4,z_jk_purif,yield_1y,asset_ibov,-1,hard,0,-5.367763618027386,1.571063611940067,1.1904891309723624,0.45307367427686057,0,-5.367763618027386,-1,TRUE,FALSE
full,6,5,4,z_jk_purif,yield_1y,price_ipca,-1,ext,24,0.02109509789378714,0.14163914300002628,0.029196431387471033,-0.02601069683214875,5,0.17232873084241412,-1,TRUE,FALSE
full,6,5,4,z_jk_purif,yield_1y,pib,-1,ext,24,-0.11686996878249589,-0.457237967012325,-0.3185552789068735,-0.33715521239482404,5,-0.49358373380608,-1,TRUE,FALSE
full,6,5,4,z_jk_purif,yield_1y,vendas_varejo,-1,ext,24,-1.024108115246764,-0.5034842861954195,-0.636539040268698,-0.48355505290590733,1,-1.27697676836831,-1,TRUE,FALSE
full,6,5,4,z_jk_purif,yield_1y,cambio_usd,-1,soft,0,0.20610273502822174,0.14692049608789387,0.049694719877938075,0.004483436116474173,1,0.2714624265339773,1,FALSE,FALSE
full,6,5,4,z_jk_purif,yield_1y,cds_5y,-1,soft,0,42.12159381325978,18.72832942835346,3.144995526476256,-8.391351589383651,1,45.22845339874465,1,FALSE,FALSE
full,6,5,4,z_jk_purif,yield_1y,embi_perc,-1,soft,0,0.345144751509286,0.13437952233272574,0.0028975975323363348,-0.10409197632417361,1,0.35427811982460095,1,FALSE,FALSE
full,6,5,4,z_jk_purif,yield_2y,yield_6m,1,hard,0,0.002124305613444748,8.892732927826231e-4,-8.080754132928518e-4,-0.0029519537557165156,24,-0.0029519537557165156,1,TRUE,FALSE
full,6,5,4,z_jk_purif,yield_2y,yield_2y,1,hard,0,0.005,0.0027619433735160625,-8.092990791998851e-5,-0.0025769677855708114,1,0.00588455481668575,1,TRUE,TRUE
full,6,5,4,z_jk_purif,yield_2y,yield_5y,1,hard,0,0.006170497352137061,0.003248582347054973,3.5398359726752053e-4,-0.0018835890896304758,1,0.00692977238863778,1,TRUE,FALSE
full,6,5,4,z_jk_purif,yield_2y,asset_ibov,-1,hard,0,-3.7213953558428625,1.0891964038006654,0.825349445028291,0.31410963434492434,0,-3.7213953558428625,-1,TRUE,FALSE
full,6,5,4,z_jk_purif,yield_2y,price_ipca,-1,ext,24,0.014624935991842234,0.09819643458136565,0.020241477066467412,-0.018032851906576105,5,0.11947309611054163,-1,TRUE,FALSE
full,6,5,4,z_jk_purif,yield_2y,pib,-1,ext,24,-0.08103884216499324,-0.3172194041642262,-0.22095795547456554,-0.23386602377698518,5,-0.34245427248499327,-1,TRUE,FALSE
full,6,5,4,z_jk_purif,yield_2y,vendas_varejo,-1,ext,24,-0.7099998165271013,-0.349058605728255,-0.4413036036670942,-0.3352419473418794,1,-0.8853101130171284,-1,TRUE,FALSE
full,6,5,4,z_jk_purif,yield_2y,cambio_usd,-1,soft,0,0.14288814030197544,0.10185792272658682,0.034452653455636424,0.003108303481552458,1,0.1882010992430075,1,FALSE,FALSE
full,6,5,4,z_jk_purif,yield_2y,cds_5y,-1,soft,0,29.202311195471243,12.98408855473825,2.180381361628657,-5.817606559480506,1,31.356253443197904,1,FALSE,FALSE
full,6,5,4,z_jk_purif,yield_2y,embi_perc,-1,soft,0,0.23928402343324695,0.09316344122343509,0.002008863796409292,-0.07216550966818458,1,0.2456160597989441,1,FALSE,FALSE
full,6,5,4,z_jk_purif,juros_selic,yield_6m,1,hard,0,0.5084113331491089,0.21283030909303324,-0.19339717202508894,-0.7064928581084258,24,-0.7064928581084258,1,TRUE,FALSE
full,6,5,4,z_jk_purif,juros_selic,yield_2y,1,hard,0,1.1966529908205519,0.6610175596790002,-0.019369003271857223,-0.6167472415703051,1,1.4083540242068973,1,TRUE,FALSE
full,6,5,4,z_jk_purif,juros_selic,yield_5y,1,hard,0,1.476788822257022,0.7774851563060362,0.08471910607431923,-0.45080050351665385,1,1.6585065709138156,1,TRUE,FALSE
full,6,5,4,z_jk_purif,juros_selic,asset_ibov,-1,hard,0,-890.6437765190144,260.67802683981114,197.5313763730374,75.17604667688073,0,-890.6437765190144,-1,TRUE,FALSE
full,6,5,4,z_jk_purif,juros_selic,price_ipca,-1,ext,24,3.5001946790394283,23.50141142594117,4.844404814042767,-4.315813233405677,5,28.593567556654175,-1,TRUE,FALSE
full,6,5,4,z_jk_purif,juros_selic,pib,-1,ext,24,-17.63662910696221,-53.25251927298053,-41.10447612164448,-42.900136794780096,5,-56.00105127256201,-1,TRUE,FALSE
full,6,5,4,z_jk_purif,juros_selic,vendas_varejo,-1,ext,24,-169.92468078583977,-83.54040490327361,-105.61745543762314,-80.23365578703319,1,-211.88179890912548,-1,TRUE,FALSE
full,6,5,4,z_jk_purif,juros_selic,cambio_usd,-1,soft,0,34.1975040890291,24.37771757390776,8.245574159878268,0.7439121315155366,1,45.04228165697209,1,FALSE,FALSE
full,6,5,4,z_jk_purif,juros_selic,cds_5y,-1,soft,0,6989.006606186629,3107.489680421285,521.8319755044638,-1392.3312577639217,1,7504.510892745999,1,FALSE,FALSE
full,6,5,4,z_jk_purif,juros_selic,embi_perc,-1,soft,0,57.267988459394,22.296862115031658,0.4807825740248615,-17.271414595704506,1,58.78343851039319,1,FALSE,FALSE
full,6,5,4,z_jk_raw_purif,yield_3m,yield_6m,1,hard,0,0.00772884258524742,0.00818326963031517,0.0015525189968954487,-0.008652863937764564,3,0.00939134188813531,1,TRUE,FALSE
full,6,5,4,z_jk_raw_purif,yield_3m,yield_2y,1,hard,0,0.014040591426870941,0.011283930484500777,0.001632627328621666,-0.008266193010212855,1,0.01577021282956824,1,TRUE,FALSE
full,6,5,4,z_jk_raw_purif,yield_3m,yield_5y,1,hard,0,0.015024046054341083,0.01047856948860146,0.001371441004207864,-0.0064528585586908225,1,0.016428849251443455,1,TRUE,FALSE
full,6,5,4,z_jk_raw_purif,yield_3m,asset_ibov,-1,hard,0,0.4739264289008777,3.765665681328038,3.008524485851088,0.7551529306291619,2,7.104431170362837,1,FALSE,FALSE
full,6,5,4,z_jk_raw_purif,yield_3m,price_ipca,-1,ext,24,-0.01955144201059278,0.18977059922651474,-0.013344525898276033,-0.08387509266094556,5,0.2520221629662872,-1,TRUE,FALSE
full,6,5,4,z_jk_raw_purif,yield_3m,pib,-1,ext,24,-0.1301976385349457,-0.04697488672693595,-0.09069322796131374,-0.5882698312615231,24,-0.5882698312615231,-1,TRUE,FALSE
full,6,5,4,z_jk_raw_purif,yield_3m,vendas_varejo,-1,ext,24,-1.1852893729152405,-0.8665023037898152,-1.473620209004487,-0.8889955539973743,13,-1.4798291691178467,-1,TRUE,FALSE
full,6,5,4,z_jk_raw_purif,yield_3m,cambio_usd,-1,soft,0,0.3895182910454583,0.1707369114164267,0.0012507329999406239,-0.022250388946022204,1,0.4068797141667156,1,FALSE,FALSE
full,6,5,4,z_jk_raw_purif,yield_3m,cds_5y,-1,soft,0,58.960665044954695,29.502728089405196,1.4113296138883964,-20.20828833028213,0,58.960665044954695,1,FALSE,FALSE
full,6,5,4,z_jk_raw_purif,yield_3m,embi_perc,-1,soft,0,0.4219387256107092,0.18589417899113042,-0.029254099401406452,-0.22557617235131489,0,0.4219387256107092,1,FALSE,FALSE
full,6,5,4,z_jk_raw_purif,yield_6m,yield_6m,1,hard,0,0.005,0.005293981304480924,0.001004367070341716,-0.00559777472650361,3,0.006075516343198151,1,TRUE,TRUE
full,6,5,4,z_jk_raw_purif,yield_6m,yield_2y,1,hard,0,0.009083243235973778,0.007299883753641976,0.0010561913447027472,-0.005347626710622308,1,0.01020218270434822,1,TRUE,FALSE
full,6,5,4,z_jk_raw_purif,yield_6m,yield_5y,1,hard,0,0.009719466976218746,0.006778873662534307,8.872227562414256e-4,-0.004174530977644598,1,0.010628272649000734,1,TRUE,FALSE
full,6,5,4,z_jk_raw_purif,yield_6m,asset_ibov,-1,hard,0,0.3065959900680951,2.4361122896433587,1.946296908410108,0.48852911823471146,2,4.596051149963618,1,FALSE,FALSE
full,6,5,4,z_jk_raw_purif,yield_6m,price_ipca,-1,ext,24,-0.012648363448307241,0.12276779940423622,-0.008632939376814103,-0.05426109520010395,5,0.16304004136876812,-1,TRUE,FALSE
full,6,5,4,z_jk_raw_purif,yield_6m,pib,-1,ext,24,-0.08424779008239236,-0.03039186175353148,-0.058681331309518026,-0.380964145223206,24,-0.380964145223206,-1,TRUE,FALSE
full,6,5,4,z_jk_raw_purif,yield_6m,vendas_varejo,-1,ext,24,-0.7667961663352317,-0.5605640781478514,-0.9533252830231583,-0.5751155779095968,13,-0.9573420294149214,-1,TRUE,FALSE
full,6,5,4,z_jk_raw_purif,yield_6m,cambio_usd,-1,soft,0,0.25199005332891566,0.1104543853321092,8.091334414857829e-4,-0.01439438615847415,1,0.2632216335621554,1,FALSE,FALSE
full,6,5,4,z_jk_raw_purif,yield_6m,cds_5y,-1,soft,0,38.143269444701225,19.086123028122678,0.913027790592022,-13.073295326815881,0,38.143269444701225,1,FALSE,FALSE
full,6,5,4,z_jk_raw_purif,yield_6m,embi_perc,-1,soft,0,0.272963720606817,0.12026003695945342,-0.018925278318674642,-0.1459314055521637,0,0.272963720606817,1,FALSE,FALSE
full,6,5,4,z_jk_raw_purif,yield_1y,yield_6m,1,hard,0,0.0034821449001759797,0.0036868820002050463,6.994703343790192e-4,-0.003898452543245707,3,0.004231165650080652,1,TRUE,FALSE
full,6,5,4,z_jk_raw_purif,yield_1y,yield_2y,1,hard,0,0.0063258338222408105,0.00508385059692438,7.355622609133364e-4,-0.0037242422156876643,1,0.007105095694921947,1,TRUE,FALSE
full,6,5,4,z_jk_raw_purif,yield_1y,yield_5y,1,hard,0,0.006768918472733792,0.004721004070586221,6.178876391932313e-4,-0.0029072643508863574,1,0.007401837080479552,1,TRUE,FALSE
full,6,5,4,z_jk_raw_purif,yield_1y,asset_ibov,-1,hard,0,0.21352233264600456,1.6965791971275304,1.3554575707697067,0.34022583552969377,2,3.2008232145587527,1,FALSE,FALSE
full,6,5,4,z_jk_raw_purif,yield_1y,price_ipca,-1,ext,24,-0.008808686855419065,0.08549905332025777,-0.006012229164900327,-0.037788999185801066,5,0.11354580971534733,-1,TRUE,FALSE
full,6,5,4,z_jk_raw_purif,yield_1y,pib,-1,ext,24,-0.05868010807931201,-0.02116674979782962,-0.04087102068708326,-0.2654681432714301,24,-0.2654681432714301,-1,TRUE,FALSE
full,6,5,4,z_jk_raw_purif,yield_1y,vendas_varejo,-1,ext,24,-0.534019072015744,-0.39039306918887795,-0.6639233544975827,-0.40052715532593275,13,-0.6667207330902584,-1,TRUE,FALSE
full,6,5,4,z_jk_raw_purif,yield_1y,cambio_usd,-1,soft,0,0.1754931758188714,0.07692363491725532,5.635039773663116e-4,-0.010024667670578895,1,0.18331517378489,1,FALSE,FALSE
full,6,5,4,z_jk_raw_purif,yield_1y,cds_5y,-1,soft,0,26.56407823458093,13.292129193301744,0.6358590129457904,-9.104621730153278,0,26.56407823458093,1,FALSE,FALSE
full,6,5,4,z_jk_raw_purif,yield_1y,embi_perc,-1,soft,0,0.19009984552881778,0.08375257487866712,-0.013180112276356789,-0.10163085992379589,0,0.19009984552881778,1,FALSE,FALSE
full,6,5,4,z_jk_raw_purif,yield_2y,yield_6m,1,hard,0,0.002752320878184636,0.002914147054608396,5.528680914125282e-4,-0.0030813744502260344,3,0.0033443540954272485,1,TRUE,FALSE
full,6,5,4,z_jk_raw_purif,yield_2y,yield_2y,1,hard,0,0.005,0.0040183244926939275,5.813954978766553e-4,-0.0029436769288767213,1,0.005615936092046358,1,TRUE,TRUE
full,6,5,4,z_jk_raw_purif,yield_2y,yield_5y,1,hard,0,0.005350218376694589,0.003731527102393824,4.883843431207587e-4,-0.002297929753279949,1,0.005850483342176689,1,TRUE,FALSE
full,6,5,4,z_jk_raw_purif,yield_2y,asset_ibov,-1,hard,0,0.16877010892642147,1.3409925432775185,1.07136672323267,0.26891777834370534,2,2.529961507449874,1,FALSE,FALSE
full,6,5,4,z_jk_raw_purif,yield_2y,price_ipca,-1,ext,24,-0.006962470958728686,0.06757927549381253,-0.004752123857381543,-0.029868789038482047,5,0.08974770196786945,-1,TRUE,FALSE
full,6,5,4,z_jk_raw_purif,yield_2y,pib,-1,ext,24,-0.046384175630143076,-0.01673077411447066,-0.032306232399681445,-0.20988701454901504,24,-0.20988701454901504,-1,TRUE,FALSE
full,6,5,4,z_jk_raw_purif,yield_2y,vendas_varejo,-1,ext,24,-0.4220938195832793,-0.30857044316933097,-0.5247714160331831,-0.3165805224899611,13,-0.5269824910244676,-1,TRUE,FALSE
full,6,5,4,z_jk_raw_purif,yield_2y,cambio_usd,-1,soft,0,0.13871149697440685,0.060801182167322984,4.4539897284774123e-4,-0.007923593910524067,1,0.14489407952859717,1,FALSE,FALSE
full,6,5,4,z_jk_raw_purif,yield_2y,cds_5y,-1,soft,0,20.996503370974647,10.506226978780521,0.5025890900818424,-7.196380734933796,0,20.996503370974647,1,FALSE,FALSE
full,6,5,4,z_jk_raw_purif,yield_2y,embi_perc,-1,soft,0,0.15025674944262002,0.06619884210695191,-0.010417687728388648,-0.08033001085680988,0,0.15025674944262002,1,FALSE,FALSE
full,6,5,4,z_jk_raw_purif,juros_selic,yield_6m,1,hard,0,0.032004573555369356,0.03388632281200199,0.006428867955868454,-0.03583087859615447,3,0.03888886193854677,1,TRUE,FALSE
full,6,5,4,z_jk_raw_purif,juros_selic,yield_2y,1,hard,0,0.05814106525340679,0.046725933307816075,0.006760590716016709,-0.03422970248135391,1,0.06530330135732593,1,TRUE,FALSE
full,6,5,4,z_jk_raw_purif,juros_selic,yield_5y,1,hard,0,0.06221347915187525,0.043390992151027055,0.005679037192425248,-0.026720816746638898,1,0.06803066675229286,1,TRUE,FALSE
full,6,5,4,z_jk_raw_purif,juros_selic,asset_ibov,-1,hard,0,1.9624947831831285,15.593346992606028,12.458080513159855,3.1270332196965116,2,29.418931418650107,1,FALSE,FALSE
full,6,5,4,z_jk_raw_purif,juros_selic,price_ipca,-1,ext,24,-0.08096109566727885,0.7858262132527417,-0.055258708656858294,-0.3473206425053252,5,1.0436053992914405,-1,TRUE,FALSE
full,6,5,4,z_jk_raw_purif,juros_selic,pib,-1,ext,24,-0.538037570165828,-0.19437612694992445,-0.37501948656054607,-2.4135718169185916,24,-2.4135718169185916,-1,TRUE,FALSE
full,6,5,4,z_jk_raw_purif,juros_selic,vendas_varejo,-1,ext,24,-4.908196861490231,-3.5881228543161447,-6.102153828541596,-3.681265763209289,13,-6.127864679611285,-1,TRUE,FALSE
full,6,5,4,z_jk_raw_purif,juros_selic,cambio_usd,-1,soft,0,1.6129668393973455,0.7070090999749198,0.005179194148828177,-0.0921372381186553,1,1.6848592265408964,1,FALSE,FALSE
full,6,5,4,z_jk_raw_purif,juros_selic,cds_5y,-1,soft,0,244.15181451704254,122.16864566807624,5.844213016419747,-83.68104837962906,0,244.15181451704254,1,FALSE,FALSE
full,6,5,4,z_jk_raw_purif,juros_selic,embi_perc,-1,soft,0,1.747217494821633,0.7697742397280528,-0.12113909240117189,-0.9340944806065318,0,1.747217494821633,1,FALSE,FALSE
full,6,5,4,z_jk_raw,yield_3m,yield_6m,1,hard,0,0.007700486551656335,0.008356341712415278,0.0017063293090897164,-0.008528575226490802,3,0.0094598247041045,1,TRUE,FALSE
full,6,5,4,z_jk_raw,yield_3m,yield_2y,1,hard,0,0.01385665956925771,0.011266964618047649,0.0016496757456754294,-0.00818706455759627,1,0.01553007533237921,1,TRUE,FALSE
full,6,5,4,z_jk_raw,yield_3m,yield_5y,1,hard,0,0.014715214632703517,0.010350881160344532,0.0013081446748250067,-0.006412158714335911,1,0.016052947536016528,1,TRUE,FALSE
full,6,5,4,z_jk_raw,yield_3m,asset_ibov,-1,hard,0,0.7770206415507301,3.7156933831767587,2.9822611566352317,0.7249422697594154,2,6.973685703798068,1,FALSE,FALSE
full,6,5,4,z_jk_raw,yield_3m,price_ipca,-1,ext,24,-0.017285411315401858,0.18168863157730786,-0.018324320846887444,-0.08419278795052343,5,0.24301356974704236,-1,TRUE,FALSE
full,6,5,4,z_jk_raw,yield_3m,pib,-1,ext,24,-0.10998348995071572,0.003551240040389203,-0.05725527345245007,-0.5740386132368824,24,-0.5740386132368824,-1,TRUE,FALSE
full,6,5,4,z_jk_raw,yield_3m,vendas_varejo,-1,ext,24,-1.0663765039284827,-0.8441731276637363,-1.4582732392765458,-0.8645551617302571,13,-1.4639627857862174,-1,TRUE,FALSE
full,6,5,4,z_jk_raw,yield_3m,cambio_usd,-1,soft,0,0.3815353320121899,0.16018543065028978,-0.005549419242345517,-0.023618842355222266,1,0.3928264891946537,1,FALSE,FALSE
full,6,5,4,z_jk_raw,yield_3m,cds_5y,-1,soft,0,56.88726331636572,28.512188400913693,0.9098728250850977,-20.0823594112599,0,56.88726331636572,1,FALSE,FALSE
full,6,5,4,z_jk_raw,yield_3m,embi_perc,-1,soft,0,0.4029468991652149,0.1779297025413392,-0.03225072063404402,-0.2228219542232279,0,0.4029468991652149,1,FALSE,FALSE
full,6,5,4,z_jk_raw,yield_6m,yield_6m,1,hard,0,0.005,0.005425853065490953,0.0011079360360175515,-0.0055376859431410545,3,0.006142355187978181,1,TRUE,TRUE
full,6,5,4,z_jk_raw,yield_6m,yield_2y,1,hard,0,0.008997262365374313,0.007315748519568664,0.0010711503322608834,-0.005315939780347564,1,0.01008382731935216,1,TRUE,FALSE
full,6,5,4,z_jk_raw,yield_6m,yield_5y,1,hard,0,0.009554730427740537,0.006720926717363145,8.493909222811587e-4,-0.00416347634095711,1,0.010423333271430506,1,TRUE,FALSE
full,6,5,4,z_jk_raw,yield_6m,asset_ibov,-1,hard,0,0.5045269778333663,2.4126354602733073,1.9364108596448122,0.4707119900128156,2,4.5280812173472755,1,FALSE,FALSE
full,6,5,4,z_jk_raw,yield_6m,price_ipca,-1,ext,24,-0.01122358386021975,0.11797217640632564,-0.011898157813772155,-0.054667187187291424,5,0.15779104873235014,-1,TRUE,FALSE
full,6,5,4,z_jk_raw,yield_6m,pib,-1,ext,24,-0.07142711705425686,0.0023058399645226046,-0.037180133136760496,-0.37310493681308454,24,-0.37310493681308454,-1,TRUE,FALSE
full,6,5,4,z_jk_raw,yield_6m,vendas_varejo,-1,ext,24,-0.6924085230037254,-0.5481297331024875,-0.9468708434812336,-0.5613639839058584,13,-0.9505651207658603,-1,TRUE,FALSE
full,6,5,4,z_jk_raw,yield_6m,cambio_usd,-1,soft,0,0.24773456161034635,0.10400994117432406,-0.0036032913018670654,-0.015335941564719681,1,0.2550660185947333,1,FALSE,FALSE
full,6,5,4,z_jk_raw,yield_6m,cds_5y,-1,soft,0,36.93744735138169,18.513238228291478,0.5907891786976686,-13.03966916671018,0,36.93744735138169,1,FALSE,FALSE
full,6,5,4,z_jk_raw,yield_6m,embi_perc,-1,soft,0,0.2616372981513377,0.11553146762074888,-0.020940703173559245,-0.14468043852066725,0,0.2616372981513377,1,FALSE,FALSE
full,6,5,4,z_jk_raw,yield_1y,yield_6m,1,hard,0,0.0034967915854721148,0.003794615468683369,7.748442815975008e-4,-0.00387282672179257,3,0.004295707187260619,1,TRUE,FALSE
full,6,5,4,z_jk_raw,yield_1y,yield_2y,1,hard,0,0.006292310266305166,0.0051163295729315566,7.491178937251034e-4,-0.0037177466985591685,1,0.007052208503932892,1,TRUE,FALSE
full,6,5,4,z_jk_raw,yield_1y,yield_5y,1,hard,0,0.006682180192235498,0.004700335998370034,5.940286059618309e-4,-0.00291176180707421,1,0.007289644815221944,1,TRUE,FALSE
full,6,5,4,z_jk_raw,yield_1y,asset_ibov,-1,hard,0,0.35284513814627827,1.6872966752590688,1.3542450400045607,0.3291963451715295,2,3.1667512598308565,1,FALSE,FALSE
full,6,5,4,z_jk_raw,yield_1y,price_ipca,-1,ext,24,-0.007849306720251413,0.08250482275549428,-0.008321075625163552,-0.03823195203158993,5,0.11035248229402048,-1,TRUE,FALSE
full,6,5,4,z_jk_raw,yield_1y,pib,-1,ext,24,-0.04995851350128033,0.0016126027675866794,-0.026003688825826377,-0.26108062397163234,24,-0.26108062397163234,-1,TRUE,FALSE
full,6,5,4,z_jk_raw,yield_1y,vendas_varejo,-1,ext,24,-0.48424165938972047,-0.3833390876919709,-0.6622019996028123,-0.39259457106182183,13,-0.6647856231474689,-1,TRUE,FALSE
full,6,5,4,z_jk_raw,yield_1y,cambio_usd,-1,soft,0,0.17325522609393645,0.0727402174207652,-0.002519991740874723,-0.010725318283760768,1,0.17838254151238747,1,FALSE,FALSE
full,6,5,4,z_jk_raw,yield_1y,cds_5y,-1,soft,0,25.832511017426146,12.947387131306064,0.41317332577159777,-9.119401083898468,0,25.832511017426146,1,FALSE,FALSE
full,6,5,4,z_jk_raw,yield_1y,embi_perc,-1,soft,0,0.1829782205242513,0.08079789276669574,-0.014645054930234236,-0.10118346800029698,0,0.1829782205242513,1,FALSE,FALSE
full,6,5,4,z_jk_raw,yield_2y,yield_6m,1,hard,0,0.002778622983832475,0.0030152800069342105,6.157073068589226e-4,-0.0030774282877715493,3,0.003413457860035763,1,TRUE,FALSE
full,6,5,4,z_jk_raw,yield_2y,yield_2y,1,hard,0,0.005,0.0040655413960823785,5.952645864719765e-4,-0.00295419849086862,1,0.005603830870909944,1,TRUE,TRUE
full,6,5,4,z_jk_raw,yield_2y,yield_5y,1,hard,0,0.00530979871416867,0.0037349842899037965,4.720274277818182e-4,-0.0023137462107252317,1,0.005792502679228508,1,TRUE,FALSE
full,6,5,4,z_jk_raw,yield_2y,asset_ibov,-1,hard,0,0.2803780513142658,1.3407608683049306,1.076111144150375,0.26158623084302635,2,2.5163661086362543,1,FALSE,FALSE
full,6,5,4,z_jk_raw,yield_2y,price_ipca,-1,ext,24,-0.006237221614995562,0.06556004016307113,-0.006612098953322652,-0.030379900556016026,5,0.08768836693014764,-1,TRUE,FALSE
full,6,5,4,z_jk_raw,yield_2y,pib,-1,ext,24,-0.03970010606929586,0.0012814054209941972,-0.02066362129078403,-0.20751574770770942,24,-0.20751574770770942,-1,TRUE,FALSE
full,6,5,4,z_jk_raw,yield_2y,vendas_varejo,-1,ext,24,-0.38478844724392963,-0.3046091749041064,-0.5261994176835595,-0.3119637735953163,13,-0.5282524184379023,-1,TRUE,FALSE
full,6,5,4,z_jk_raw,yield_2y,cambio_usd,-1,soft,0,0.13767218935603412,0.0578008826188081,-0.0020024376057622938,-0.008522559942088377,1,0.14174646033239346,1,FALSE,FALSE
full,6,5,4,z_jk_raw,yield_2y,cds_5y,-1,soft,0,20.527048034930228,10.28826184925934,0.3283160781057706,-7.246464889638512,0,20.527048034930228,1,FALSE,FALSE
full,6,5,4,z_jk_raw,yield_2y,embi_perc,-1,soft,0,0.14539828201422736,0.06420367825738203,-0.011637263827133074,-0.08040247835689748,0,0.14539828201422736,1,FALSE,FALSE
full,6,5,4,z_jk_raw,juros_selic,yield_6m,1,hard,0,0.031205123895486207,0.03386288342946977,0.006914656254440312,-0.0345608351900018,3,0.038334590930188324,1,TRUE,FALSE
full,6,5,4,z_jk_raw,juros_selic,yield_2y,1,hard,0,0.05615213736634014,0.04565776778827199,0.006685075765778417,-0.03317691189333789,1,0.06293341616821453,1,TRUE,FALSE
full,6,5,4,z_jk_raw,juros_selic,yield_5y,1,hard,0,0.059631309357123075,0.04194547018156007,0.00530106979309697,-0.02598435901109844,1,0.0650522812277865,1,TRUE,FALSE
full,6,5,4,z_jk_raw,juros_selic,asset_ibov,-1,hard,0,3.148765370381083,15.05731769049439,12.085188157556264,2.9377251934881556,2,28.25986707922915,1,FALSE,FALSE
full,6,5,4,z_jk_raw,juros_selic,price_ipca,-1,ext,24,-0.07004666498190734,0.7362672761959093,-0.07425669774136148,-0.341179269839433,5,0.9847778450583377,-1,TRUE,FALSE
full,6,5,4,z_jk_raw,juros_selic,pib,-1,ext,24,-0.4449448608590312,0.014391673945346461,-0.23181617002172583,-2.305909966013775,24,-2.305909966013775,-1,TRUE,FALSE
full,6,5,4,z_jk_raw,juros_selic,vendas_varejo,-1,ext,24,-4.321338749324372,-3.420891246452582,-5.909444396771085,-3.5034865336492076,13,-5.9325004728452955,-1,TRUE,FALSE
full,6,5,4,z_jk_raw,juros_selic,cambio_usd,-1,soft,0,1.5461175376489638,0.6491286201414028,-0.022488230301257912,-0.09571199131620287,1,1.5918733423554083,1,FALSE,FALSE
full,6,5,4,z_jk_raw,juros_selic,cds_5y,-1,soft,0,230.5275241965729,115.54157852409742,3.687129903474658,-81.38089838066851,0,230.5275241965729,1,FALSE,FALSE
full,6,5,4,z_jk_raw,juros_selic,embi_perc,-1,soft,0,1.6328848608985513,0.7210347521865644,-0.1306914473979035,-0.9029542018581395,0,1.6328848608985513,1,FALSE,FALSE
full,6,5,4,z_bs_purif,yield_3m,yield_6m,1,hard,0,0.007929271938370263,0.005570810785435255,-9.275384057244977e-4,-0.011385804685321283,24,-0.011385804685321283,1,TRUE,FALSE
full,6,5,4,z_bs_purif,yield_3m,yield_2y,1,hard,0,0.015751426363180002,0.01117438558036181,0.0011594926856961455,-0.010295344382997727,1,0.01803020854672214,1,TRUE,FALSE
full,6,5,4,z_bs_purif,yield_3m,yield_5y,1,hard,0,0.018228562772621765,0.011909048854057034,0.002114024071672637,-0.007727739108671383,1,0.020507967133519992,1,TRUE,FALSE
full,6,5,4,z_bs_purif,yield_3m,asset_ibov,-1,hard,0,-0.7006087801856893,4.699761528183693,3.481306650006889,1.1918964937271912,2,9.491229998659382,-1,TRUE,FALSE
full,6,5,4,z_bs_purif,yield_3m,price_ipca,-1,ext,24,0.013244855999185453,0.2799338776742153,0.05303583527192423,-0.08577737571775855,5,0.35208736872734947,-1,TRUE,FALSE
full,6,5,4,z_bs_purif,yield_3m,pib,-1,ext,24,-0.6732978071733897,-0.741543859558913,-0.5877426496570193,-0.8562370385941653,24,-0.8562370385941653,-1,TRUE,FALSE
full,6,5,4,z_bs_purif,yield_3m,vendas_varejo,-1,ext,24,-3.4383742834869224,-1.3296867234906125,-1.781142907072542,-1.279446706198792,0,-3.4383742834869224,-1,TRUE,FALSE
full,6,5,4,z_bs_purif,yield_3m,cambio_usd,-1,soft,0,0.4745492191921418,0.31072865656822496,0.09818640160205971,-0.00357558590870248,1,0.5786052541133512,1,FALSE,FALSE
full,6,5,4,z_bs_purif,yield_3m,cds_5y,-1,soft,0,83.00305716959039,41.91332551822783,7.830596338297114,-24.011949926209788,1,87.94105177218782,1,FALSE,FALSE
full,6,5,4,z_bs_purif,yield_3m,embi_perc,-1,soft,0,0.6508445285545552,0.2807602777507,0.0018117298456511188,-0.2859807108860964,1,0.6642236286914621,1,FALSE,FALSE
full,6,5,4,z_bs_purif,yield_6m,yield_6m,1,hard,0,0.005,0.0035128135525770905,-5.848824538581398e-4,-0.0071796028524539765,24,-0.0071796028524539765,1,TRUE,TRUE
full,6,5,4,z_bs_purif,yield_6m,yield_2y,1,hard,0,0.009932454382701787,0.007046287267742849,7.31147004862631e-4,-0.006491985937055511,1,0.011369397270556952,1,TRUE,FALSE
full,6,5,4,z_bs_purif,yield_6m,yield_5y,1,hard,0,0.011494474470230087,0.00750954750109425,0.00133305055502179,-0.0048729184524977315,1,0.012931809687520368,1,TRUE,FALSE
full,6,5,4,z_bs_purif,yield_6m,asset_ibov,-1,hard,0,-0.4417863239091333,2.963551738868509,2.1952246543346683,0.751580033445143,2,5.984931575325789,-1,TRUE,FALSE
full,6,5,4,z_bs_purif,yield_6m,price_ipca,-1,ext,24,0.008351873981703626,0.17651928187731653,0.0334430674620203,-0.05408906163419382,5,0.22201746356028962,-1,TRUE,FALSE
full,6,5,4,z_bs_purif,yield_6m,pib,-1,ext,24,-0.425094355153266,-0.46824161754627225,-0.3710192094115161,-0.5407788824459026,24,-0.5407788824459026,-1,TRUE,FALSE
full,6,5,4,z_bs_purif,yield_6m,vendas_varejo,-1,ext,24,-2.168152580849451,-0.8384670962387933,-1.1231440420484733,-0.8067870014694957,0,-2.168152580849451,-1,TRUE,FALSE
full,6,5,4,z_bs_purif,yield_6m,cambio_usd,-1,soft,0,0.2992388348391529,0.19593769704415656,0.061913882109988765,-0.002254674790127948,1,0.36485396049632424,1,FALSE,FALSE
full,6,5,4,z_bs_purif,yield_6m,cds_5y,-1,soft,0,52.339645943994675,26.429491789407876,4.937777641604362,-15.141333348661178,1,55.45342148415629,1,FALSE,FALSE
full,6,5,4,z_bs_purif,yield_6m,embi_perc,-1,soft,0,0.41040623503217,0.17704038903753744,0.0011424313983255134,-0.18033226323227555,1,0.4188427599999697,1,FALSE,FALSE
full,6,5,4,z_bs_purif,yield_1y,yield_6m,1,hard,0,0.0033479499086803443,0.002352144762512309,-3.91631431596619e-4,-0.004807390142846886,24,-0.004807390142846886,1,TRUE,FALSE
full,6,5,4,z_bs_purif,yield_1y,yield_2y,1,hard,0,0.006650671948707628,0.004718123362915029,4.895687096323506e-4,-0.004346968745023816,1,0.0076128345107423405,1,TRUE,FALSE
full,6,5,4,z_bs_purif,yield_1y,yield_5y,1,hard,0,0.007696584950587075,0.005028317774103841,8.92597296790297e-4,-0.003262857377609309,1,0.008659010212481081,1,TRUE,FALSE
full,6,5,4,z_bs_purif,yield_1y,asset_ibov,-1,hard,0,-0.29581569655756157,1.9843645547028599,1.4699004362025188,0.5032504608677273,2,4.007450224214017,-1,TRUE,FALSE
full,6,5,4,z_bs_purif,yield_1y,price_ipca,-1,ext,24,0.005592331146870878,0.11819554272829637,0.02239314293109229,-0.036217493791760945,5,0.1486606693704227,-1,TRUE,FALSE
full,6,5,4,z_bs_purif,yield_1y,pib,-1,ext,24,-0.28483919469091123,-0.31377293489280866,-0.2485832704587132,-0.3624243982884412,24,-0.3624243982884412,-1,TRUE,FALSE
full,6,5,4,z_bs_purif,yield_1y,vendas_varejo,-1,ext,24,-1.4517732470119944,-0.5614291676568283,-0.7520459986022117,-0.5402164935788574,0,-1.4517732470119944,-1,TRUE,FALSE
full,6,5,4,z_bs_purif,yield_1y,cambio_usd,-1,soft,0,0.2003673259546709,0.1311979189852042,0.041456915191236496,-0.0015097076515425477,1,0.24430255674506612,1,FALSE,FALSE
full,6,5,4,z_bs_purif,yield_1y,cds_5y,-1,soft,0,35.04610257171171,17.6969229245632,3.306286440858634,-10.138485120389769,1,37.131055478778734,1,FALSE,FALSE
full,6,5,4,z_bs_purif,yield_1y,embi_perc,-1,soft,0,0.2748039034195595,0.11854447086219123,7.649606191394921e-4,-0.12074867684412334,1,0.2804529160186644,1,FALSE,FALSE
full,6,5,4,z_bs_purif,yield_2y,yield_6m,1,hard,0,0.002517001240251314,0.001768351213721632,-2.94429972352434e-4,-0.0036142138568277067,24,-0.0036142138568277067,1,TRUE,FALSE
full,6,5,4,z_bs_purif,yield_2y,yield_2y,1,hard,0,0.005,0.0035471027584151587,3.680595836090552e-4,-0.003268067331052562,1,0.005723357406180351,1,TRUE,TRUE
full,6,5,4,z_bs_purif,yield_2y,yield_5y,1,hard,0,0.005786321299521239,0.0037803080747960773,6.710579800615097e-4,-0.0024530283577160607,1,0.0065098762044365445,1,TRUE,FALSE
full,6,5,4,z_bs_purif,yield_2y,asset_ibov,-1,hard,0,-0.22239534504107147,1.491852680456195,1.1050766355181245,0.3783455752659098,2,3.012816039582853,-1,TRUE,FALSE
full,6,5,4,z_bs_purif,yield_2y,price_ipca,-1,ext,24,0.00420433543407414,0.0888598502826954,0.01683524845594269,-0.027228447043459125,5,0.11176364622773999,-1,TRUE,FALSE
full,6,5,4,z_bs_purif,yield_2y,pib,-1,ext,24,-0.21421895516510192,-0.23598763854212335,-0.18694354236445943,-0.27259474837723063,24,-0.27259474837723063,-1,TRUE,FALSE
full,6,5,4,z_bs_purif,yield_2y,vendas_varejo,-1,ext,24,-1.0914485470104311,-0.42208454422859215,-0.5653909893633763,-0.40613677666347187,0,-1.0914485470104311,-1,TRUE,FALSE
full,6,5,4,z_bs_purif,yield_2y,cambio_usd,-1,soft,0,0.1506369036843012,0.09863508529442566,0.031167463611923074,-0.0011350038486230834,1,0.1836675742159704,1,FALSE,FALSE
full,6,5,4,z_bs_purif,yield_2y,cds_5y,-1,soft,0,26.34779075106985,13.30461272263031,2.485678489600678,-7.622150963527754,1,27.915266130360045,1,FALSE,FALSE
full,6,5,4,z_bs_purif,yield_2y,embi_perc,-1,soft,0,0.20659860051656886,0.08912217575641139,5.75100249297472e-4,-0.0907793060425928,1,0.21084554927804144,1,FALSE,FALSE
full,6,5,4,z_bs_purif,juros_selic,yield_6m,1,hard,0,0.038038469366767205,0.026724410142173662,-0.004449606660848497,-0.05462022063372501,24,-0.05462022063372501,1,TRUE,FALSE
full,6,5,4,z_bs_purif,juros_selic,yield_2y,1,hard,0,0.07556307235464292,0.053605996476695623,0.005562342589414157,-0.049389041639233904,1,0.08649489395893745,1,TRUE,FALSE
full,6,5,4,z_bs_purif,juros_selic,yield_5y,1,hard,0,0.08744644300458697,0.05713033851573136,0.010141440540309675,-0.037071671856417916,1,0.09838124933112137,1,TRUE,FALSE
full,6,5,4,z_bs_purif,juros_selic,asset_ibov,-1,hard,0,-3.3609751097348517,22.54579440715589,16.70059715341628,5.717790815775388,2,45.53152727804556,-1,TRUE,FALSE
full,6,5,4,z_bs_purif,juros_selic,price_ipca,-1,ext,24,0.06353850052162667,1.34290465926681,0.2544246194369576,-0.41149302280989297,5,1.6890408973050863,-1,TRUE,FALSE
full,6,5,4,z_bs_purif,juros_selic,pib,-1,ext,24,-3.1889272304187255,-3.5076108372924186,-2.7882403213660867,-4.041314350576242,24,-4.041314350576242,-1,TRUE,FALSE
full,6,5,4,z_bs_purif,juros_selic,vendas_varejo,-1,ext,24,-16.494641105823817,-6.378800991064318,-8.544536047585588,-6.137788528180675,0,-16.494641105823817,-1,TRUE,FALSE
full,6,5,4,z_bs_purif,juros_selic,cambio_usd,-1,soft,0,2.2765174504752457,1.4906340173618124,0.47102186160368864,-0.017152875587260842,1,2.7756972399366235,1,FALSE,FALSE
full,6,5,4,z_bs_purif,juros_selic,cds_5y,-1,soft,0,398.1840037816165,201.06748276212335,37.56510071201511,-115.19062895101177,1,421.87265488150183,1,FALSE,FALSE
full,6,5,4,z_bs_purif,juros_selic,embi_perc,-1,soft,0,3.1222449998402917,1.3468690830169832,0.008691268349767613,-1.3719126541601425,1,3.186427499150215,1,FALSE,FALSE
full,6,5,4,z_jk_bs_purif,yield_3m,yield_6m,1,hard,0,0.007725743612739001,0.008149683847872177,0.0017782394341501518,-0.008145126691464003,3,0.009328436609161793,1,TRUE,FALSE
full,6,5,4,z_jk_bs_purif,yield_3m,yield_2y,1,hard,0,0.014077845466762186,0.011352959799925972,0.0019687945545394663,-0.0077827784878397935,1,0.015804698177347018,1,TRUE,FALSE
full,6,5,4,z_jk_bs_purif,yield_3m,yield_5y,1,hard,0,0.015126497949063279,0.010601113095944765,0.0017055431515008027,-0.006075933667609462,1,0.01653652158434367,1,TRUE,FALSE
full,6,5,4,z_jk_bs_purif,yield_3m,asset_ibov,-1,hard,0,0.3186636010396182,3.7565158186757244,2.978969791552808,0.7981419929104999,2,7.151111552324646,1,FALSE,FALSE
full,6,5,4,z_jk_bs_purif,yield_3m,price_ipca,-1,ext,24,-0.01624472893300089,0.1952658701776194,-0.0053293292292750155,-0.08094950938563442,5,0.2568575466230443,-1,TRUE,FALSE
full,6,5,4,z_jk_bs_purif,yield_3m,pib,-1,ext,24,-0.1506566919227681,-0.07314820211440365,-0.0952195995819638,-0.5565504189365633,24,-0.5565504189365633,-1,TRUE,FALSE
full,6,5,4,z_jk_bs_purif,yield_3m,vendas_varejo,-1,ext,24,-1.2533155447288233,-0.8421594169591319,-1.4400459648921131,-0.8958832054959597,13,-1.4480017212739609,-1,TRUE,FALSE
full,6,5,4,z_jk_bs_purif,yield_3m,cambio_usd,-1,soft,0,0.39169193441366906,0.17824393200979585,0.008675145395113168,-0.021811951046954256,1,0.4136951412842194,1,FALSE,FALSE
full,6,5,4,z_jk_bs_purif,yield_3m,cds_5y,-1,soft,0,59.996158980612755,30.447514927192096,2.7728959269083595,-19.178803449999947,0,59.996158980612755,1,FALSE,FALSE
full,6,5,4,z_jk_bs_purif,yield_3m,embi_perc,-1,soft,0,0.4337952253907028,0.196050367797524,-0.016220166570896997,-0.2157592073472845,0,0.4337952253907028,1,FALSE,FALSE
full,6,5,4,z_jk_bs_purif,yield_6m,yield_6m,1,hard,0,0.005,0.005274368563327768,0.001150853253282964,-0.005271419231433904,3,0.006037241899783023,1,TRUE,TRUE
full,6,5,4,z_jk_bs_purif,yield_6m,yield_2y,1,hard,0,0.00911099705894277,0.007347486772150996,0.0012741780294735093,-0.00503691222357337,1,0.010228593498292256,1,TRUE,FALSE
full,6,5,4,z_jk_bs_purif,yield_6m,yield_5y,1,hard,0,0.009789671200142566,0.00686090144026043,0.001103805172028054,-0.003932264628605354,1,0.010702220014832326,1,TRUE,FALSE
full,6,5,4,z_jk_bs_purif,yield_6m,asset_ibov,-1,hard,0,0.20623490566925679,2.431167798839191,1.9279502018684491,0.5165470360642316,2,4.628105662562473,1,FALSE,FALSE
full,6,5,4,z_jk_bs_purif,yield_6m,price_ipca,-1,ext,24,-0.01051337563559248,0.12637351170678568,-0.003449072022327707,-0.05238946141841707,5,0.16623483738155062,-1,TRUE,FALSE
full,6,5,4,z_jk_bs_purif,yield_6m,pib,-1,ext,24,-0.09752896709500636,-0.04734666836636592,-0.06163523254689718,-0.3605466600560825,24,-0.3605466600560825,-1,TRUE,FALSE
full,6,5,4,z_jk_bs_purif,yield_6m,vendas_varejo,-1,ext,24,-0.8111293925559655,-0.5450345359445352,-0.9319788728929712,-0.5798038676941952,13,-0.9371277341422167,-1,TRUE,FALSE
full,6,5,4,z_jk_bs_purif,yield_6m,cambio_usd,-1,soft,0,0.25349788580079663,0.11535713644178465,0.005614440389148233,-0.014116408814672845,1,0.2677380728775909,1,FALSE,FALSE
full,6,5,4,z_jk_bs_purif,yield_6m,cds_5y,-1,soft,0,38.82872768498615,19.705232566213496,1.7945818978098904,-12.412270204240249,0,38.82872768498615,1,FALSE,FALSE
full,6,5,4,z_jk_bs_purif,yield_6m,embi_perc,-1,soft,0,0.28074658384690415,0.12688122828348586,-0.01049747919679312,-0.1396365309039757,0,0.28074658384690415,1,FALSE,FALSE
full,6,5,4,z_jk_bs_purif,yield_1y,yield_6m,1,hard,0,0.003477949965946892,0.003668797993043434,8.00522006613071e-4,-0.0036667464672914675,3,0.004199445051952703,1,TRUE,FALSE
full,6,5,4,z_jk_bs_purif,yield_1y,yield_2y,1,hard,0,0.006337518382178449,0.00511083827379956,8.863054868435338e-4,-0.003503625739290898,1,0.0071149072818140315,1,TRUE,FALSE
full,6,5,4,z_jk_bs_purif,yield_1y,yield_5y,1,hard,0,0.006809597323433422,0.004772374386103749,7.677958320933948e-4,-0.002735243926230432,1,0.007444357147228448,1,TRUE,FALSE
full,6,5,4,z_jk_bs_purif,yield_1y,asset_ibov,-1,hard,0,0.14345493662989042,1.6910959926367892,1.3410628677871352,0.35930494929791246,2,3.2192639863015544,1,FALSE,FALSE
full,6,5,4,z_jk_bs_purif,yield_1y,price_ipca,-1,ext,24,-0.00731299888675915,0.0879041501474409,-0.002399139984520606,-0.03644158511123194,5,0.11563128940207024,-1,TRUE,FALSE
full,6,5,4,z_jk_bs_purif,yield_1y,pib,-1,ext,24,-0.06785024829478736,-0.032936242561476536,-0.04287687404971319,-0.2509304925124134,24,-0.2509304925124134,-1,TRUE,FALSE
full,6,5,4,z_jk_bs_purif,yield_1y,vendas_varejo,-1,ext,24,-0.5642134886437087,-0.37912056914563536,-0.6482751778482664,-0.4033057683805806,13,-0.6518566742095623,-1,TRUE,FALSE
full,6,5,4,z_jk_bs_purif,yield_1y,cambio_usd,-1,soft,0,0.176330592657698,0.08024126975188718,0.0039053485520497908,-0.009819232711256768,1,0.18623592428946076,1,FALSE,FALSE
full,6,5,4,z_jk_bs_purif,yield_1y,cds_5y,-1,soft,0,27.008874425951745,13.706762586527564,1.2482932100753636,-8.633850946832201,0,27.008874425951745,1,FALSE,FALSE
full,6,5,4,z_jk_bs_purif,yield_1y,embi_perc,-1,soft,0,0.19528451434600932,0.0882573127175699,-0.0073019414830029685,-0.0971297735804849,0,0.19528451434600932,1,FALSE,FALSE
full,6,5,4,z_jk_bs_purif,yield_2y,yield_6m,1,hard,0,0.002743936787408092,0.0028945067862527663,6.315737157182815e-4,-0.002892888230196396,3,0.0033131620286592305,1,TRUE,FALSE
full,6,5,4,z_jk_bs_purif,yield_2y,yield_2y,1,hard,0,0.005,0.004032207849819892,6.992527937559029e-4,-0.0027641937490416922,1,0.00561332279668147,1,TRUE,TRUE
full,6,5,4,z_jk_bs_purif,yield_2y,yield_5y,1,hard,0,0.005372447788540144,0.003765175971342351,6.05754323531819e-4,-0.0021579771144507698,1,0.00587324304112672,1,TRUE,FALSE
full,6,5,4,z_jk_bs_purif,yield_2y,asset_ibov,-1,hard,0,0.11317910890270227,1.334194151919363,1.058034696639539,0.2834744829366519,2,2.539845876703374,1,FALSE,FALSE
full,6,5,4,z_jk_bs_purif,yield_2y,price_ipca,-1,ext,24,-0.005769607633268428,0.0693521855452393,-0.0018928071208970043,-0.028750674091698306,5,0.09122757712800775,-1,TRUE,FALSE
full,6,5,4,z_jk_bs_purif,yield_2y,pib,-1,ext,24,-0.053534446362224486,-0.025986029109326125,-0.03382934121656245,-0.1980246754535897,24,-0.1980246754535897,-1,TRUE,FALSE
full,6,5,4,z_jk_bs_purif,yield_2y,vendas_varejo,-1,ext,24,-0.4451375559164586,-0.2991080627172217,-0.5114582228836307,-0.31818903240951935,13,-0.5142838528426438,-1,TRUE,FALSE
full,6,5,4,z_jk_bs_purif,yield_2y,cambio_usd,-1,soft,0,0.13911643487579628,0.0633065380745335,0.0030811339048987287,-0.007746906690534536,1,0.1469312695117141,1,FALSE,FALSE
full,6,5,4,z_jk_bs_purif,yield_2y,cds_5y,-1,soft,0,21.308714860616906,10.813982508573035,0.9848438574834377,-6.8116969657328355,0,21.308714860616906,1,FALSE,FALSE
full,6,5,4,z_jk_bs_purif,yield_2y,embi_perc,-1,soft,0,0.15407017587133415,0.06963081398371618,-0.005760883868626359,-0.07663076280269318,0,0.15407017587133415,1,FALSE,FALSE
full,6,5,4,z_jk_bs_purif,juros_selic,yield_6m,1,hard,0,0.03131668405733769,0.03303514677993796,0.007208181545884362,-0.03301667412091788,3,0.03781327943064522,1,TRUE,FALSE
full,6,5,4,z_jk_bs_purif,juros_selic,yield_2y,1,hard,0,0.05706524326844872,0.04601978437178414,0.0079806061563646,-0.0315478777460379,1,0.06406512618739141,1,TRUE,FALSE
full,6,5,4,z_jk_bs_purif,juros_selic,yield_5y,1,hard,0,0.06131600800001653,0.0429721365506338,0.006913503566651569,-0.024629097800775636,1,0.067031608583323965,1,TRUE,FALSE
full,6,5,4,z_jk_bs_purif,juros_selic,asset_ibov,-1,hard,0,1.2917186764877913,15.227222769324014,12.075401470038928,3.2353080658355515,2,28.987384563688895,1,FALSE,FALSE
full,6,5,4,z_jk_bs_purif,juros_selic,price_ipca,-1,ext,24,-0.0658488126311923,0.7915198678675347,-0.021602699762847916,-0.32813284223493,5,1.041184776320186,-1,TRUE,FALSE
full,6,5,4,z_jk_bs_purif,juros_selic,pib,-1,ext,24,-0.6092910922776973,-0.2961788782623431,-0.38541659511680537,-2.2369077056387354,24,-2.2369077056387354,-1,TRUE,FALSE
full,6,5,4,z_jk_bs_purif,juros_selic,vendas_varejo,-1,ext,24,-5.080376583259082,-3.413734872502535,-5.837297582100572,-3.6315069079603073,13,-5.869546634300111,-1,TRUE,FALSE
full,6,5,4,z_jk_bs_purif,juros_selic,cambio_usd,-1,soft,0,1.5877426397653238,0.7225205991413132,0.035165131165142256,-0.08841582297466527,1,1.6769337276855933,1,FALSE,FALSE
full,6,5,4,z_jk_bs_purif,juros_selic,cds_5y,-1,soft,0,243.19739945182246,123.42050851049393,11.240070861745963,-77.74222888409966,0,243.19739945182246,1,FALSE,FALSE
full,6,5,4,z_jk_bs_purif,juros_selic,embi_perc,-1,soft,0,1.7584104133020724,0.794699867792173,-0.06574924788088904,-0.8745906242364956,0,1.7584104133020724,1,FALSE,FALSE
full,7,6,4,z_bruto,yield_3m,yield_6m,1,hard,0,0.008991091733130615,0.007713961658070583,-0.00208812442132647,-0.014286635735551053,24,-0.014286635735551053,1,TRUE,FALSE
full,7,6,4,z_bruto,yield_3m,yield_2y,1,hard,0,0.017630004865426756,0.011051374521893129,-0.0021353958934667216,-0.01156245807612691,1,0.019775679778829068,1,TRUE,FALSE
full,7,6,4,z_bruto,yield_3m,yield_5y,1,hard,0,0.01784306488568136,0.00989676117448955,-0.002029212652579441,-0.008635227167745499,1,0.01996052081315311,1,TRUE,FALSE
full,7,6,4,z_bruto,yield_3m,asset_ibov,-1,hard,0,-3.512230398884343,3.496997699602228,2.737067298847424,-0.9331889026994873,1,-3.8143667845139317,-1,TRUE,FALSE
full,7,6,4,z_bruto,yield_3m,price_ipca,-1,ext,24,-0.05979731503271191,0.16162207509524784,-0.14402807686807903,-0.1554772499609209,5,0.24900908429490454,-1,TRUE,FALSE
full,7,6,4,z_bruto,yield_3m,pib,-1,ext,24,0.3796677038861551,0.12193979788843734,-0.09254027689512556,-0.8164979011500706,24,-0.8164979011500706,-1,TRUE,FALSE
full,7,6,4,z_bruto,yield_3m,vendas_varejo,-1,ext,24,-1.899692631890947,-1.2283221584724267,-2.065310023156516,-1.0220674780490344,11,-2.0750491656222785,-1,TRUE,FALSE
full,7,6,4,z_bruto,yield_3m,cambio_usd,-1,soft,0,0.26978824814364294,0.10138537649138533,-0.06522192694845692,-0.025738617071245792,1,0.3482024353309946,1,FALSE,FALSE
full,7,6,4,z_bruto,yield_3m,cds_5y,-1,soft,0,57.118360694804906,20.647285892639253,-12.30447722640463,-29.025810076651275,1,61.05576909958742,1,FALSE,FALSE
full,7,6,4,z_bruto,yield_3m,embi_perc,-1,soft,0,0.4113321551722733,0.08773044645743287,-0.16557565533876234,-0.3197408812146096,1,0.4121322885954098,1,FALSE,FALSE
full,7,6,4,z_bruto,yield_6m,yield_6m,1,hard,0,0.005,0.00428978031090817,-0.0011612185056638306,-0.007944883758057587,24,-0.007944883758057587,1,TRUE,TRUE
full,7,6,4,z_bruto,yield_6m,yield_2y,1,hard,0,0.009804151369328846,0.006145735606928984,-0.001187506454637849,-0.0064299522345663855,1,0.010997374048559152,1,TRUE,FALSE
full,7,6,4,z_bruto,yield_6m,yield_5y,1,hard,0,0.009922635323546284,0.005503648204378618,-0.0011284573179818332,-0.004802101582350775,1,0.011100165255572943,1,TRUE,FALSE
full,7,6,4,z_bruto,yield_6m,asset_ibov,-1,hard,0,-1.953172375020034,1.944701379653595,1.522099529227249,-0.5189519417652296,1,-2.121192229892757,-1,TRUE,FALSE
full,7,6,4,z_bruto,yield_6m,price_ipca,-1,ext,24,-0.03325364527889821,0.08987900462615597,-0.08009487676416453,-0.08646183054056394,5,0.1384754441873556,-1,TRUE,FALSE
full,7,6,4,z_bruto,yield_6m,pib,-1,ext,24,0.21095789433163148,0.06779311059410542,-0.05147277716356369,-0.45488546930161355,24,-0.45488546930161355,-1,TRUE,FALSE
full,7,6,4,z_bruto,yield_6m,vendas_varejo,-1,ext,24,-1.0564304582117148,-0.6830773141521138,-1.148531282105713,-0.5683778502019354,11,-1.1539472776014967,-1,TRUE,FALSE
full,7,6,4,z_bruto,yield_6m,cambio_usd,-1,soft,0,0.1500308617414724,0.056381015509939576,-0.03627030447711117,-0.014313399215138385,1,0.19363746120392086,1,FALSE,FALSE
full,7,6,4,z_bruto,yield_6m,cds_5y,-1,soft,0,31.763862715544125,11.482079432332776,-6.8425935312531445,-16.14142694690579,1,33.95347912790585,1,FALSE,FALSE
full,7,6,4,z_bruto,yield_6m,embi_perc,-1,soft,0,0.22874427676929687,0.0487874270786057,-0.09207761429496084,-0.17780982037833062,1,0.22918923576142244,1,FALSE,FALSE
full,7,6,4,z_bruto,yield_1y,yield_6m,1,hard,0,0.0032859877203288068,0.002819233084910507,-7.631499500459829e-4,-0.005221358093683403,24,-0.005221358093683403,1,TRUE,FALSE
full,7,6,4,z_bruto,yield_1y,yield_2y,1,hard,0,0.006443264201571889,0.0040389623473512295,-7.804263255502338e-4,-0.004225748817017184,1,0.007227447215885613,1,TRUE,FALSE
full,7,6,4,z_bruto,yield_1y,yield_5y,1,hard,0,0.006521131565294789,0.0036169840833195654,-7.416193779606968e-4,-0.003155929366275236,1,0.007295001344686632,1,TRUE,FALSE
full,7,6,4,z_bruto,yield_1y,asset_ibov,-1,hard,0,-1.2836200880002566,1.2780529706496406,1.0003200724317998,-0.34105394161626695,1,-1.3940423239768958,-1,TRUE,FALSE
full,7,6,4,z_bruto,yield_1y,price_ipca,-1,ext,24,-0.021854214008525906,0.05906826110338492,-0.05263815630165875,-0.05682250268668867,5,0.09100572183334552,-1,TRUE,FALSE
full,7,6,4,z_bruto,yield_1y,pib,-1,ext,24,0.13859092690384767,0.04454829032372043,-0.03383076788112671,-0.2991831739210249,24,-0.2991831739210249,-1,TRUE,FALSE
full,7,6,4,z_bruto,yield_1y,vendas_varejo,-1,ext,24,-0.694283502613006,-0.4489167332678057,-0.7548119378825747,-0.3735365272540892,11,-0.758371316821075,-1,TRUE,FALSE
full,7,6,4,z_bruto,yield_1y,cambio_usd,-1,soft,0,0.09859991387056548,0.03705346492506589,-0.023836755024874857,-0.009406730811421743,1,0.12725806394234593,1,FALSE,FALSE
full,7,6,4,z_bruto,yield_1y,cds_5y,-1,soft,0,20.8751325666976,7.545994403697091,-4.496935663779832,-10.608106147223387,1,22.314143095347813,1,FALSE,FALSE
full,7,6,4,z_bruto,yield_1y,embi_perc,-1,soft,0,0.15033017691188072,0.03206297725734709,-0.060513181978082704,-0.11685617726341305,1,0.15062260286871562,1,FALSE,FALSE
full,7,6,4,z_bruto,yield_2y,yield_6m,1,hard,0,0.002549940230238551,0.0021877366787339957,-5.922075567379388e-4,-0.0040517957438479775,24,-0.0040517957438479775,1,TRUE,FALSE
full,7,6,4,z_bruto,yield_2y,yield_2y,1,hard,0,0.005,0.003134251693703551,-6.056140964698003e-4,-0.003279198776286619,1,0.005608529302680477,1,TRUE,TRUE
full,7,6,4,z_bruto,yield_2y,yield_5y,1,hard,0,0.005060425400299357,0.00280679479388504,-5.754997426457947e-4,-0.0024490144029056886,1,0.005660951589496327,1,TRUE,FALSE
full,7,6,4,z_bruto,yield_2y,asset_ibov,-1,hard,0,-0.9960945631308326,0.9917744567558232,0.7762525648007443,-0.2646592867735145,1,-1.0817826806145923,-1,TRUE,FALSE
full,7,6,4,z_bruto,yield_2y,price_ipca,-1,ext,24,-0.016958961579748962,0.04583721795000639,-0.04084742969938842,-0.044094500015090445,5,0.07062082120669823,-1,TRUE,FALSE
full,7,6,4,z_bruto,yield_2y,pib,-1,ext,24,0.10753045567206687,0.03456793535030478,-0.02625381238382518,-0.23224528523100307,24,-0.23224528523100307,-1,TRUE,FALSE
full,7,6,4,z_bruto,yield_2y,vendas_varejo,-1,ext,24,-0.5387669051686796,-0.3483612647439544,-0.585737224385764,-0.2898659092412832,11,-0.5884993173460619,-1,TRUE,FALSE
full,7,6,4,z_bruto,yield_2y,cambio_usd,-1,soft,0,0.07651394602638767,0.02875364393409973,-0.018497421709837442,-0.007299662498029253,1,0.09875279048102689,1,FALSE,FALSE
full,7,6,4,z_bruto,yield_2y,cds_5y,-1,soft,0,16.199190281228063,5.855723254259994,-3.489640904902492,-8.231934789074339,1,17.315868476962414,1,FALSE,FALSE
full,7,6,4,z_bruto,yield_2y,embi_perc,-1,soft,0,0.11665684675417035,0.024881004607513267,-0.046958482599021786,-0.09068088286283915,1,0.11688377052113583,1,FALSE,FALSE
full,7,6,4,z_bruto,juros_selic,yield_6m,1,hard,0,-0.4230803194480144,-0.36298432486016613,0.09825773926503986,0.672264791667269,24,0.672264791667269,-1,FALSE,FALSE
full,7,6,4,z_bruto,juros_selic,yield_2y,1,hard,0,-0.8295886986504671,-0.5200279567645102,0.10048212203495202,0.544077249087164,1,-0.9305545051107418,-1,FALSE,FALSE
full,7,6,4,z_bruto,juros_selic,yield_5y,1,hard,0,-0.8396143444904226,-0.4656970480875993,0.09548561651504071,0.4063349342965562,1,-0.9392522924507102,-1,FALSE,FALSE
full,7,6,4,z_bruto,juros_selic,asset_ibov,-1,hard,0,165.26975847210258,-164.55297618696747,-128.79407101142738,43.911670660040144,1,179.4869372467347,1,FALSE,FALSE
full,7,6,4,z_bruto,juros_selic,price_ipca,-1,ext,24,2.8137925734814417,-7.605207597780727,6.777313209506416,7.316059777032376,5,-11.717247032498419,1,FALSE,FALSE
full,7,6,4,z_bruto,juros_selic,pib,-1,ext,24,-16.332221486690234,-5.573121754179356,4.452835765321139,47.076736912065776,24,47.076736912065776,1,FALSE,FALSE
full,7,6,4,z_bruto,juros_selic,vendas_varejo,-1,ext,24,89.3909871469649,57.79931365583359,97.18419634586452,48.093896486122105,11,97.64247656676154,1,FALSE,FALSE
full,7,6,4,z_bruto,juros_selic,cambio_usd,-1,soft,0,-12.695020982528606,-4.770739610549738,3.0690504009305886,1.2111435024655413,1,-16.384839788651465,-1,TRUE,FALSE
full,7,6,4,z_bruto,juros_selic,cds_5y,-1,soft,0,-2687.7330369190563,-971.5683668317652,578.9933314110993,1365.8240138087378,1,-2873.009759161179,-1,TRUE,FALSE
full,7,6,4,z_bruto,juros_selic,embi_perc,-1,soft,0,-19.355440337491828,-4.128200046692641,7.791245293984617,15.045567121331635,1,-19.39309101599778,-1,TRUE,FALSE
full,7,6,4,z_bruto_purif,yield_3m,yield_6m,1,hard,0,0.009094185755990225,0.007226737966518504,-0.0022598118713418425,-0.01388358855454771,24,-0.01388358855454771,1,TRUE,FALSE
full,7,6,4,z_bruto_purif,yield_3m,yield_2y,1,hard,0,0.018346581132534862,0.011196719392258447,-0.0017315116821480605,-0.011029146831880218,1,0.02065013500391302,1,TRUE,FALSE
full,7,6,4,z_bruto_purif,yield_3m,yield_5y,1,hard,0,0.019056894170204293,0.010396786651839282,-0.0014216556573533182,-0.008153495231859638,1,0.021322962541232483,1,TRUE,FALSE
full,7,6,4,z_bruto_purif,yield_3m,asset_ibov,-1,hard,0,-5.288939296028228,3.604039145701531,2.6734962431612725,-0.8372814116905323,0,-5.288939296028228,-1,TRUE,FALSE
full,7,6,4,z_bruto_purif,yield_3m,price_ipca,-1,ext,24,-0.061770991338217715,0.19268016654306255,-0.1279705314688438,-0.1502593953501046,5,0.28464480419646876,-1,TRUE,FALSE
full,7,6,4,z_bruto_purif,yield_3m,pib,-1,ext,24,0.3447489641181356,-0.045352005724041966,-0.17461629355507435,-0.8058178023209739,24,-0.8058178023209739,-1,TRUE,FALSE
full,7,6,4,z_bruto_purif,yield_3m,vendas_varejo,-1,ext,24,-2.1303876913577615,-1.248325177272964,-2.077620196465185,-1.084916551627033,0,-2.1303876913577615,-1,TRUE,FALSE
full,7,6,4,z_bruto_purif,yield_3m,cambio_usd,-1,soft,0,0.3001236784443887,0.13810329163629798,-0.039796472365899456,-0.021019542515789365,1,0.3996520269705858,1,FALSE,FALSE
full,7,6,4,z_bruto_purif,yield_3m,cds_5y,-1,soft,0,65.11133580491223,24.439683282386333,-9.32970596300224,-27.77490927130555,1,70.07250372746932,1,FALSE,FALSE
full,7,6,4,z_bruto_purif,yield_3m,embi_perc,-1,soft,0,0.4854386159259343,0.12187286466847284,-0.14099237693349628,-0.3118489019177341,1,0.49117161005044574,1,FALSE,FALSE
full,7,6,4,z_bruto_purif,yield_6m,yield_6m,1,hard,0,0.005,0.003973273781964671,-0.0012424487095248373,-0.007633222438524948,24,-0.007633222438524948,1,TRUE,TRUE
full,7,6,4,z_bruto_purif,yield_6m,yield_2y,1,hard,0,0.010086983939408871,0.006155976847560714,-9.519882970322746e-4,-0.006063845146672674,1,0.011353482080741004,1,TRUE,FALSE
full,7,6,4,z_bruto_purif,yield_6m,yield_5y,1,hard,0,0.010477515349657202,0.00571617236045077,-7.816288865756298e-4,-0.004482806625369971,1,0.01172340389417894,1,TRUE,FALSE
full,7,6,4,z_bruto_purif,yield_6m,asset_ibov,-1,hard,0,-2.9078685205789156,1.9815073291897503,1.4698931355125855,-0.4603388550420942,0,-2.9078685205789156,-1,TRUE,FALSE
full,7,6,4,z_bruto_purif,yield_6m,price_ipca,-1,ext,24,-0.0339618042756219,0.10593590878443766,-0.07035843279567455,-0.08261289101728027,5,0.15649823515479486,-1,TRUE,FALSE
full,7,6,4,z_bruto_purif,yield_6m,pib,-1,ext,24,0.18939676615954415,-0.024937161942928388,-0.09604212562952519,-0.44384687619219987,24,-0.44384687619219987,-1,TRUE,FALSE
full,7,6,4,z_bruto_purif,yield_6m,vendas_varejo,-1,ext,24,-1.1712910581106737,-0.6863314708800116,-1.1422793926859713,-0.5964891089410683,0,-1.1712910581106737,-1,TRUE,FALSE
full,7,6,4,z_bruto_purif,yield_6m,cambio_usd,-1,soft,0,0.1650085485919952,0.0759294429110001,-0.02188017346120626,-0.011556583007964217,1,0.21972941706592047,1,FALSE,FALSE
full,7,6,4,z_bruto_purif,yield_6m,cds_5y,-1,soft,0,35.79833178689154,13.436982671201886,-5.129489441568137,-15.270696034007537,1,38.52599100546933,1,FALSE,FALSE
full,7,6,4,z_bruto_purif,yield_6m,embi_perc,-1,soft,0,0.2668950409365578,0.06700592441065807,-0.07751786730363759,-0.17145509795218508,1,0.27004705161587295,1,FALSE,FALSE
full,7,6,4,z_bruto_purif,yield_1y,yield_6m,1,hard,0,0.0032449562279322076,0.0025786199008132034,-8.06338335571791e-4,-0.004953894538216681,24,-0.004953894538216681,1,TRUE,FALSE
full,7,6,4,z_bruto_purif,yield_1y,yield_2y,1,hard,0,0.0065463642710473936,0.003995175082099723,-6.178320706746912e-4,-0.003935382414782397,1,0.007368310477323448,1,TRUE,FALSE
full,7,6,4,z_bruto_purif,yield_1y,yield_5y,1,hard,0,0.006799815737425088,0.0037097458201957347,-5.072703046850613e-4,-0.0029093022555220093,1,0.007608386495796128,1,TRUE,FALSE
full,7,6,4,z_bruto_purif,yield_1y,asset_ibov,-1,hard,0,-1.8871812131721133,1.285980909709519,0.9539477768952729,-0.29875588692560506,0,-1.8871812131721133,-1,TRUE,FALSE
full,7,6,4,z_bruto_purif,yield_1y,price_ipca,-1,ext,24,-0.022040913659198795,0.06875147739434385,-0.045662006937574766,-0.05361504304280167,5,0.10156598456519014,-1,TRUE,FALSE
full,7,6,4,z_bruto_purif,yield_1y,pib,-1,ext,24,0.1228760204781354,-0.016184708176159024,-0.062341009600341835,-0.28827757134490817,24,-0.28827757134490817,-1,TRUE,FALSE
full,7,6,4,z_bruto_purif,yield_1y,vendas_varejo,-1,ext,24,-0.7601576427475072,-0.4454231161715932,-0.7413293258669925,-0.3871162097904105,0,-0.7601576427475072,-1,TRUE,FALSE
full,7,6,4,z_bruto_purif,yield_1y,cambio_usd,-1,soft,0,0.10708910348312982,0.049277543731494546,-0.01420004102823565,-0.007500121201061801,1,0.14260246807359442,1,FALSE,FALSE
full,7,6,4,z_bruto_purif,yield_1y,cds_5y,-1,soft,0,23.232803936291443,8.720484120706741,-3.3289937419058053,-9.910548040082485,1,25.003030890091583,1,FALSE,FALSE
full,7,6,4,z_bruto_purif,yield_1y,embi_perc,-1,soft,0,0.17321254505826095,0.04348625834494392,-0.05030841725659225,-0.11127285758213395,1,0.17525817239513145,1,FALSE,FALSE
full,7,6,4,z_bruto_purif,yield_2y,yield_6m,1,hard,0,0.0024784415391331614,0.0019695053575139914,-6.158672983857496e-4,-0.003783699113816711,24,-0.003783699113816711,1,TRUE,FALSE
full,7,6,4,z_bruto_purif,yield_2y,yield_2y,1,hard,0,0.005,0.003051445746587296,-4.718894680266856e-4,-0.0030057771396769144,1,0.0056277883205424995,1,TRUE,TRUE
full,7,6,4,z_bruto_purif,yield_2y,yield_5y,1,hard,0,0.005193581853899144,0.002833439804597209,-3.874443001350886e-4,-0.002222074830443656,1,0.00581115423827371,1,TRUE,FALSE
full,7,6,4,z_bruto_purif,yield_2y,asset_ibov,-1,hard,0,-1.4413964263480952,0.9822100149521368,0.7286088410282162,-0.22818458808266506,0,-1.4413964263480952,-1,TRUE,FALSE
full,7,6,4,z_bruto_purif,yield_2y,price_ipca,-1,ext,24,-0.016834469292122307,0.05251119136343437,-0.034875852493821746,-0.04095024415302165,5,0.07757434536173463,-1,TRUE,FALSE
full,7,6,4,z_bruto_purif,yield_2y,pib,-1,ext,24,0.09383696947120601,-0.012361836972452078,-0.047618493544054896,-0.22025648828819522,24,-0.22025648828819522,-1,TRUE,FALSE
full,7,6,4,z_bruto_purif,yield_2y,vendas_varejo,-1,ext,24,-0.5805952825673455,-0.3402064854086765,-0.5662145392257424,-0.29567267704801387,0,-0.5805952825673455,-1,TRUE,FALSE
full,7,6,4,z_bruto_purif,yield_2y,cambio_usd,-1,soft,0,0.08179280822849473,0.03763733707077251,-0.010845746157938518,-0.005728463075475794,1,0.10891730292513846,1,FALSE,FALSE
full,7,6,4,z_bruto_purif,yield_2y,cds_5y,-1,soft,0,17.744814506460607,6.6605552025838435,-2.5426279413054864,-7.56950547643206,1,19.096883288845145,1,FALSE,FALSE
full,7,6,4,z_bruto_purif,yield_2y,embi_perc,-1,soft,0,0.13229675120916207,0.03321405328547832,-0.038424700470069545,-0.08498828737216811,1,0.13385916604904327,1,FALSE,FALSE
full,7,6,4,z_bruto_purif,juros_selic,yield_6m,1,hard,0,-0.24791240272338427,-0.19700476999293792,0.06160368896777411,0.3784741030513541,24,0.3784741030513541,-1,FALSE,FALSE
full,7,6,4,z_bruto_purif,juros_selic,yield_2y,1,hard,0,-0.5001376849302083,-0.30522860227766024,0.04720194121636281,0.300660484010831,1,-0.5629338043826781,-1,FALSE,FALSE
full,7,6,4,z_bruto_purif,juros_selic,yield_5y,1,hard,0,-0.5195012009809313,-0.28342200485206986,0.03875509906179359,0.22226867228795505,1,-0.581275445500516,-1,FALSE,FALSE
full,7,6,4,z_bruto_purif,juros_selic,asset_ibov,-1,hard,0,144.17933434808234,-98.24804859868539,-72.88094779430682,22.824742324083456,0,144.17933434808234,1,FALSE,FALSE
full,7,6,4,z_bruto_purif,juros_selic,price_ipca,-1,ext,24,1.6839104997581462,-5.252565136287043,3.4885456252454876,4.096152061603808,5,-7.7595706998388785,1,FALSE,FALSE
full,7,6,4,z_bruto_purif,juros_selic,pib,-1,ext,24,-8.955227763602924,1.2442780584054125,4.879611640857573,24.67748892489965,24,24.67748892489965,1,FALSE,FALSE
full,7,6,4,z_bruto_purif,juros_selic,vendas_varejo,-1,ext,24,58.07551610092644,34.030016802107625,56.637045764437474,29.57540963918215,0,58.07551610092644,1,FALSE,FALSE
full,7,6,4,z_bruto_purif,juros_selic,cambio_usd,-1,soft,0,-8.181533150267967,-3.764770125902814,1.084873274954414,0.5730040521553288,1,-10.894729546764188,-1,TRUE,FALSE
full,7,6,4,z_bruto_purif,juros_selic,cds_5y,-1,soft,0,-1774.9700893554368,-666.2389318740275,254.33281044067746,757.1589890098528,1,-1910.2141994930782,-1,TRUE,FALSE
full,7,6,4,z_bruto_purif,juros_selic,embi_perc,-1,soft,0,-13.233318174707609,-3.3223199434695414,3.843528147447453,8.501169058499881,1,-13.389602682891367,-1,TRUE,FALSE
full,7,6,4,z_jk,yield_3m,yield_6m,1,hard,0,0.009202876747366221,0.004966844441465006,-0.004073404539503862,-0.01220563688117045,24,-0.01220563688117045,1,TRUE,FALSE
full,7,6,4,z_jk,yield_3m,yield_2y,1,hard,0,0.02023172257189539,0.010600759332557014,-0.0016651002594818246,-0.008611400735407225,1,0.022940654705558613,1,TRUE,FALSE
full,7,6,4,z_jk,yield_3m,yield_5y,1,hard,0,0.0228465292339411,0.011247933753079713,-3.368656602989298e-4,-0.005868825277578348,1,0.025140250254327118,1,TRUE,FALSE
full,7,6,4,z_jk,yield_3m,asset_ibov,-1,hard,0,-12.378802071817475,3.8493186047879804,2.2541763067518295,-0.7111092851152212,0,-12.378802071817475,-1,TRUE,FALSE
full,7,6,4,z_jk,yield_3m,price_ipca,-1,ext,24,-0.002017902310837711,0.2554970110208571,-0.08314936780395031,-0.10786547624130831,5,0.34872236341899593,-1,TRUE,FALSE
full,7,6,4,z_jk,yield_3m,pib,-1,ext,24,0.24899253639023566,-0.6467124211481878,-0.5522005483927894,-0.7924843882326837,24,-0.7924843882326837,-1,TRUE,FALSE
full,7,6,4,z_jk,yield_3m,vendas_varejo,-1,ext,24,-1.9843200022565137,-1.4980400174818216,-2.0207910044578923,-1.119746565969373,3,-2.390034949366073,-1,TRUE,FALSE
full,7,6,4,z_jk,yield_3m,cambio_usd,-1,soft,0,0.4265094515851798,0.2648346793566318,0.05451314925638886,0.013932825824751095,1,0.5555797081206028,1,FALSE,FALSE
full,7,6,4,z_jk,yield_3m,cds_5y,-1,soft,0,91.40978809118786,37.34527743159324,-0.2197262858524153,-20.653118095689475,1,97.21923785328968,1,FALSE,FALSE
full,7,6,4,z_jk,yield_3m,embi_perc,-1,soft,0,0.7161316440839837,0.24191895222852494,-0.0595335599431193,-0.2560623205286088,1,0.7252215961721343,1,FALSE,FALSE
full,7,6,4,z_jk,yield_6m,yield_6m,1,hard,0,0.005,0.0026985281764674673,-0.0022131147962345756,-0.006631424725243436,24,-0.006631424725243436,1,TRUE,TRUE
full,7,6,4,z_jk,yield_6m,yield_2y,1,hard,0,0.010992064289943641,0.005759481314139546,-9.046629142123201e-4,-0.004678646129793996,1,0.01246384980225016,1,TRUE,FALSE
full,7,6,4,z_jk,yield_6m,yield_5y,1,hard,0,0.0124127106453314,0.006111096596126189,-1.830219340899777e-4,-0.0031885819177454224,1,0.013658908482894779,1,TRUE,FALSE
full,7,6,4,z_jk,yield_6m,asset_ibov,-1,hard,0,-6.725506823374644,2.0913670314500408,1.2247128635059432,-0.38635162929827027,0,-6.725506823374644,-1,TRUE,FALSE
full,7,6,4,z_jk,yield_6m,price_ipca,-1,ext,24,-0.0010963432230118783,0.13881366557146274,-0.0451757478050257,-0.05860421648707748,5,0.1894637801809076,-1,TRUE,FALSE
full,7,6,4,z_jk,yield_6m,pib,-1,ext,24,0.1352029076985506,-0.3518847836640471,-0.3003944969344863,-0.4313455667515065,24,-0.4313455667515065,-1,TRUE,FALSE
full,7,6,4,z_jk,yield_6m,vendas_varejo,-1,ext,24,-1.0780976735477894,-0.8138976858027283,-1.0979126744450989,-0.6083676858379279,3,-1.2985260016929374,-1,TRUE,FALSE
full,7,6,4,z_jk,yield_6m,cambio_usd,-1,soft,0,0.2317261565560154,0.14388689897016446,0.0296174504738369,0.007569820941445588,1,0.3018511077417203,1,FALSE,FALSE
full,7,6,4,z_jk,yield_6m,cds_5y,-1,soft,0,49.66370331828496,20.29000195090145,-0.11937913105013546,-11.22101200670769,1,52.82002602127261,1,FALSE,FALSE
full,7,6,4,z_jk,yield_6m,embi_perc,-1,soft,0,0.3890803189822867,0.13143659252948267,-0.032345081639910726,-0.13912080296081952,1,0.394018966069325,1,FALSE,FALSE
full,7,6,4,z_jk,yield_1y,yield_6m,1,hard,0,0.0031343650881807063,0.0016916345011583147,-0.0013873419506907625,-0.004157061228740272,24,-0.004157061228740272,1,TRUE,FALSE
full,7,6,4,z_jk,yield_1y,yield_2y,1,hard,0,0.0068906285114874385,0.0036104634314136257,-5.671087709757827e-4,-0.002932917017835615,1,0.00781325113690018,1,TRUE,FALSE
full,7,6,4,z_jk,yield_1y,yield_5y,1,hard,0,0.007781193379283149,0.0038308815642795753,-1.1473151211658728e-4,-0.001998835968757107,1,0.008562401178288138,1,TRUE,FALSE
full,7,6,4,z_jk,yield_1y,asset_ibov,-1,hard,0,-4.216038757501321,1.311021561989826,0.7677394484837703,-0.2421934117268465,0,-4.216038757501321,-1,TRUE,FALSE
full,7,6,4,z_jk,yield_1y,price_ipca,-1,ext,24,-6.872679845743891e-4,0.08701854142591697,-0.028319457350505745,-0.03673740203545597,5,0.11876973161475608,-1,TRUE,FALSE
full,7,6,4,z_jk,yield_1y,pib,-1,ext,24,0.0847336894086892,-0.2207321228076542,-0.18841488359629954,-0.27061692679329896,24,-0.27061692679329896,-1,TRUE,FALSE
full,7,6,4,z_jk,yield_1y,vendas_varejo,-1,ext,24,-0.6758303419234062,-0.5102104983462282,-0.6882518313303655,-0.38136928705353784,3,-0.8140109131602448,-1,TRUE,FALSE
full,7,6,4,z_jk,yield_1y,cambio_usd,-1,soft,0,0.1452628750254943,0.09019881455573359,0.0185663805532231,0.004745316496529251,1,0.18922231478686416,1,FALSE,FALSE
full,7,6,4,z_jk,yield_1y,cds_5y,-1,soft,0,31.13283556611934,12.719254750804783,-0.07483555612417879,-7.034149657576222,1,33.11144910357466,1,FALSE,FALSE
full,7,6,4,z_jk,yield_1y,embi_perc,-1,soft,0,0.24390395366325845,0.0823940533867687,-0.020276258933298187,-0.08721107756801194,1,0.24699985826575016,1,FALSE,FALSE
full,7,6,4,z_jk,yield_2y,yield_6m,1,hard,0,0.0022743680659575347,0.0012274892619288452,-0.0010066875237708071,-0.0030164601253789775,24,-0.0030164601253789775,1,TRUE,FALSE
full,7,6,4,z_jk,yield_2y,yield_2y,1,hard,0,0.005,0.0026198360754716237,-4.115072885081163e-4,-0.0021281926699038547,1,0.005669476393825779,1,TRUE,TRUE
full,7,6,4,z_jk,yield_2y,yield_5y,1,hard,0,0.005646214540742576,0.002779776589242238,-8.325184845280598e-5,-0.0014504017778819648,1,0.006213077053866473,1,TRUE,FALSE
full,7,6,4,z_jk,yield_2y,asset_ibov,-1,hard,0,-3.0592555892925577,0.95130767810527594,0.5570895653450653,-0.17574116158132988,0,-3.0592555892925577,-1,TRUE,FALSE
full,7,6,4,z_jk,yield_2y,price_ipca,-1,ext,24,-4.986976031494351e-4,0.06314267361884875,-0.02054925563270033,-0.026657511701734218,5,0.08618207425981085,-1,TRUE,FALSE
full,7,6,4,z_jk,yield_2y,pib,-1,ext,24,0.06147758724868169,-0.16021689969288877,-0.13675358090657896,-0.19643890967632194,24,-0.19643890967632194,-1,TRUE,FALSE
full,7,6,4,z_jk,yield_2y,vendas_varejo,-1,ext,24,-0.4903981841400406,-0.37022058110929285,-0.4994115051935928,-0.2767304074060538,3,-0.5906652142131873,-1,TRUE,FALSE
full,7,6,4,z_jk,yield_2y,cambio_usd,-1,soft,0,0.10540611410361553,0.06545035362548002,0.013472196710554699,0.0034433118028480885,1,0.13730410402433513,1,FALSE,FALSE
full,7,6,4,z_jk,yield_2y,cds_5y,-1,soft,0,22.590708172859312,9.229386499069266,-0.05430241668043753,-5.104142275156408,1,24.026436085165685,1,FALSE,FALSE
full,7,6,4,z_jk,yield_2y,embi_perc,-1,soft,0,0.1769823705171768,0.05978703774946561,-0.014712924154520465,-0.06328238231289167,1,0.17922883076193563,1,FALSE,FALSE
full,7,6,4,z_jk,juros_selic,yield_6m,1,hard,0,-0.14537467788783998,-0.07845953288504365,0.06434617012628281,0.19280824667394444,24,0.19280824667394444,-1,FALSE,FALSE
full,7,6,4,z_jk,juros_selic,yield_2y,1,hard,0,-0.3195935610945971,-0.16745654816881397,0.02630301595013813,0.13603133481399823,1,-0.362385630048907,-1,FALSE,FALSE
full,7,6,4,z_jk,juros_selic,yield_5y,1,hard,0,-0.36089876235600293,-0.17767973984066401,0.005321350942947997,0.09270781384224637,1,-0.39713188420006273,-1,FALSE,FALSE
full,7,6,4,z_jk,juros_selic,asset_ibov,-1,hard,0,195.54367761611172,-60.80636170845957,-35.60844760745413,11.233148732135641,0,195.54367761611172,1,FALSE,FALSE
full,7,6,4,z_jk,juros_selic,price_ipca,-1,ext,24,0.031876108579973625,-4.035998383776348,1.313481957099581,1.7039138189356262,5,-5.5086472030423925,1,FALSE,FALSE
full,7,6,4,z_jk,juros_selic,pib,-1,ext,24,-3.852201237615449,10.792700334488071,9.141055992362146,13.392459530385125,24,13.392459530385125,1,FALSE,FALSE
full,7,6,4,z_jk,juros_selic,vendas_varejo,-1,ext,24,31.345620404727903,23.664022781446004,31.921740279286634,17.68825127321188,3,37.75455984501911,1,FALSE,FALSE
full,7,6,4,z_jk,juros_selic,cambio_usd,-1,soft,0,-6.737423073503584,-4.183502318013566,-0.8611254644986186,-0.22009205620625558,1,-8.776301511608054,-1,TRUE,FALSE
full,7,6,4,z_jk,juros_selic,cds_5y,-1,soft,0,-1443.9689745225853,-589.9304995911885,3.470940544588736,326.2502012101431,1,-1535.7388537739662,-1,TRUE,FALSE
full,7,6,4,z_jk,juros_selic,embi_perc,-1,soft,0,-11.31248520890959,-3.8215104603297636,0.9404311649315817,4.044928383585359,1,-11.456076054805576,-1,TRUE,FALSE
full,7,6,4,z_jk_purif,yield_3m,yield_6m,1,hard,0,0.009319386210054017,0.004319756824564346,-0.004289942941672882,-0.011575473988613616,24,-0.011575473988613616,1,TRUE,FALSE
full,7,6,4,z_jk_purif,yield_3m,yield_2y,1,hard,0,0.021154059021565197,0.010695358818467728,-0.001196242041337515,-0.007857306132728706,1,0.024068592317961792,1,TRUE,FALSE
full,7,6,4,z_jk_purif,yield_3m,yield_5y,1,hard,0,0.02444770307400038,0.011802402832688444,3.7951223039013946e-4,-0.005210544007823509,1,0.026893838762446245,1,TRUE,FALSE
full,7,6,4,z_jk_purif,yield_3m,asset_ibov,-1,hard,0,-15.151994471588887,3.9226585787648047,2.1301806011408324,-0.5870472942253537,0,-15.151994471588887,-1,TRUE,FALSE
full,7,6,4,z_jk_purif,yield_3m,price_ipca,-1,ext,24,0.031191682382946895,0.29254142620285584,-0.06391934711257523,-0.10037029204186361,5,0.3878924844835652,-1,TRUE,FALSE
full,7,6,4,z_jk_purif,yield_3m,pib,-1,ext,24,0.18932189916089914,-0.8566895719942846,-0.6486521181952809,-0.7694119796321286,5,-0.9303577973765464,-1,TRUE,FALSE
full,7,6,4,z_jk_purif,yield_3m,vendas_varejo,-1,ext,24,-2.2014821767528767,-1.5406138042801838,-2.018803482713927,-1.1866969763406414,3,-2.77306384687268,-1,TRUE,FALSE
full,7,6,4,z_jk_purif,yield_3m,cambio_usd,-1,soft,0,0.4584385716972594,0.3093662942893872,0.08495305478936549,0.019254427256035902,1,0.6161326135992691,1,FALSE,FALSE
full,7,6,4,z_jk_purif,yield_3m,cds_5y,-1,soft,0,101.67929181495126,42.13169670951421,3.389387710630931,-18.93319865102506,1,108.72544460150614,1,FALSE,FALSE
full,7,6,4,z_jk_purif,yield_3m,embi_perc,-1,soft,0,0.814442999934547,0.28666811785644597,-0.02883229334418591,-0.24417221091717078,1,0.8279823232459441,1,FALSE,FALSE
full,7,6,4,z_jk_purif,yield_6m,yield_6m,1,hard,0,0.005,0.002317618739689139,-0.0023016231138939013,-0.006210427236144409,24,-0.006210427236144409,1,TRUE,TRUE
full,7,6,4,z_jk_purif,yield_6m,yield_2y,1,hard,0,0.011349491557042462,0.005738231347751891,-6.418030191982899e-4,-0.004215570615719318,1,0.012913185361926474,1,TRUE,FALSE
full,7,6,4,z_jk_purif,yield_6m,yield_5y,1,hard,0,0.01311658435596623,0.006332178196432979,2.0361439146105513e-4,-0.0027955403340845708,1,0.014428975340367595,1,TRUE,FALSE
full,7,6,4,z_jk_purif,yield_6m,asset_ibov,-1,hard,0,-8.129287771786133,2.1045691692296913,1.1428760184027644,-0.31496027795909487,0,-8.129287771786133,-1,TRUE,FALSE
full,7,6,4,z_jk_purif,yield_6m,price_ipca,-1,ext,24,0.016734837295022946,0.15695316172606621,-0.03429375372576428,-0.05385026963126676,5,0.20811053203541235,-1,TRUE,FALSE
full,7,6,4,z_jk_purif,yield_6m,pib,-1,ext,24,0.10152970847276954,-0.46054401663094824,-0.34853704671600205,-0.4135406756452964,5,-0.5002329615137691,-1,TRUE,FALSE
full,7,6,4,z_jk_purif,yield_6m,vendas_varejo,-1,ext,24,-1.181130455983172,-0.8265639869169314,-1.0831204100845104,-0.6366819389137449,3,-1.487793178847455,-1,TRUE,FALSE
full,7,6,4,z_jk_purif,yield_6m,cambio_usd,-1,soft,0,0.24595963798703985,0.16597997299201647,0.045578674858283985,0.010330308682380652,1,0.3305650177554439,1,FALSE,FALSE
full,7,6,4,z_jk_purif,yield_6m,cds_5y,-1,soft,0,54.5525689799489,22.604330242297156,1.8184608053770561,-10.157964389650141,1,58.332942830618,1,FALSE,FALSE
full,7,6,4,z_jk_purif,yield_6m,embi_perc,-1,soft,0,0.4369617169937131,0.1538020377067217,-0.015468987277875029,-0.13100230284144193,1,0.4442257808527634,1,FALSE,FALSE
full,7,6,4,z_jk_purif,yield_1y,yield_6m,1,hard,0,0.0030872132867273837,0.0014309966733473368,-0.0014211202916504216,-0.0038345826959357288,24,-0.0038345826959357288,1,TRUE,FALSE
full,7,6,4,z_jk_purif,yield_1y,yield_2y,1,hard,0,0.0070076602265003495,0.003543028811819044,-3.9627656166614213e-4,-0.0026028731231972435,1,0.007973151484662594,1,TRUE,FALSE
full,7,6,4,z_jk_purif,yield_1y,yield_5y,1,hard,0,0.008098738700043897,0.003909756932390668,1.2572021093749602e-4,-0.0017260858525936394,1,0.008909064876928925,1,TRUE,FALSE
full,7,6,4,z_jk_purif,yield_1y,asset_ibov,-1,hard,0,-5.0193690441377194,1.2994507804165432,0.7056604058190209,-0.19446991098133354,0,-5.0193690441377194,-1,TRUE,FALSE
full,7,6,4,z_jk_purif,yield_1y,price_ipca,-1,ext,24,0.010332802409683157,0.09690957725491671,-0.021174426430787242,-0.03324945357989978,5,0.12849631992152596,-1,TRUE,FALSE
full,7,6,4,z_jk_purif,yield_1y,pib,-1,ext,24,0.06267660423899812,-0.2846105532753995,-0.21534534122552573,-0.25554001551210126,5,-0.30916138661926107,-1,TRUE,FALSE
full,7,6,4,z_jk_purif,yield_1y,vendas_varejo,-1,ext,24,-0.7292803274139243,-0.510355864548062,-0.6687647442277026,-0.3931145882467732,3,-0.9186269739280468,-1,TRUE,FALSE
full,7,6,4,z_jk_purif,yield_1y,cambio_usd,-1,soft,0,0.15186597247844935,0.10248311559032111,0.028142218122784342,0.00637837324404816,1,0.20410494298837603,1,FALSE,FALSE
full,7,6,4,z_jk_purif,yield_1y,cds_5y,-1,soft,0,33.68308315600208,13.95687773231868,1.1227952719506054,-6.271960525966307,1,36.01724723211856,1,FALSE,FALSE
full,7,6,4,z_jk_purif,yield_1y,embi_perc,-1,soft,0,0.2697988036988404,0.09496393886678746,-0.00955121261129453,-0.0808864099847968,1,0.2742839465910996,1,FALSE,FALSE
full,7,6,4,z_jk_purif,yield_2y,yield_6m,1,hard,0,0.0022027418474519483,0.001021023156870422,-0.0010139763100073518,-0.002735993592722127,24,-0.002735993592722127,1,TRUE,FALSE
full,7,6,4,z_jk_purif,yield_2y,yield_2y,1,hard,0,0.005,0.002527968464010737,-2.8274527364181585e-4,-0.0018571627612267436,1,0.0056888827561238755,1,TRUE,TRUE
full,7,6,4,z_jk_purif,yield_2y,yield_5y,1,hard,0,0.005778489851304075,0.0027896307797611454,8.970198816294576e-5,-0.0012315707360255768,1,0.006356661559615985,1,TRUE,FALSE
full,7,6,4,z_jk_purif,yield_2y,asset_ibov,-1,hard,0,-3.581344472978544,0.9271645159838846,0.5034921664370064,-0.13875523690911917,0,-3.581344472978544,-1,TRUE,FALSE
full,7,6,4,z_jk_purif,yield_2y,price_ipca,-1,ext,24,0.007372505284009321,0.0691454594847799,-0.015108057287590428,-0.02372364848267242,5,0.09168275556197841,-1,TRUE,FALSE
full,7,6,4,z_jk_purif,yield_2y,pib,-1,ext,24,0.04471605104330312,-0.20315392083171124,-0.15369740023744027,-0.18239587219833764,5,-0.22068598901836545,-1,TRUE,FALSE
full,7,6,4,z_jk_purif,yield_2y,vendas_varejo,-1,ext,24,-0.5203450965388269,-0.3641414167157299,-0.4771669306244932,-0.2804891900724302,3,-0.6554448590801699,-1,TRUE,FALSE
full,7,6,4,z_jk_purif,yield_2y,cambio_usd,-1,soft,0,0.10835711747563691,0.07312220646969177,0.02007961089234963,0.004551000646355212,1,0.14562987958272255,1,FALSE,FALSE
full,7,6,4,z_jk_purif,yield_2y,cds_5y,-1,soft,0,24.0330453156285,9.958300831666318,0.8011199427910428,-4.475074649201811,1,25.698482851604876,1,FALSE,FALSE
full,7,6,4,z_jk_purif,yield_2y,embi_perc,-1,soft,0,0.19250277195130142,0.06775723693599567,-0.0068148371229354255,-0.05771285091628348,1,0.19570294344028008,1,FALSE,FALSE
full,7,6,4,z_jk_purif,juros_selic,yield_6m,1,hard,0,-0.12064457719575548,-0.05592162659015117,0.05553566948794158,0.1498508736219293,24,0.1498508736219293,-1,FALSE,FALSE
full,7,6,4,z_jk_purif,juros_selic,yield_2y,1,hard,0,-0.2738509220572368,-0.1384572989601914,0.015486010778827403,0.10171714691446154,1,-0.31158115764800765,-1,FALSE,FALSE
full,7,6,4,z_jk_purif,juros_selic,yield_5y,1,hard,0,-0.3164889547756013,-0.15278859224736765,-0.004912994433758008,0.06745335632786281,1,-0.34815552586132614,-1,FALSE,FALSE
full,7,6,4,z_jk_purif,juros_selic,asset_ibov,-1,hard,0,196.15089722595263,-50.7809715201877,-27.576358805474,7.599649913566525,0,196.15089722595263,1,FALSE,FALSE
full,7,6,4,z_jk_purif,juros_selic,price_ipca,-1,ext,24,-0.40379347397956067,-3.787109567195658,0.8274710837400391,1.299348602308322,5,-5.02148142947921,1,FALSE,FALSE
full,7,6,4,z_jk_purif,juros_selic,pib,-1,ext,24,-2.418824927839358,11.78206626766154,8.78955123866556,10.515961435270583,5,12.86290785991826,1,FALSE,FALSE
full,7,6,4,z_jk_purif,juros_selic,vendas_varejo,-1,ext,24,28.49939689502393,19.94409254536623,26.134520785347807,15.362444665684514,3,35.89883580335604,1,FALSE,FALSE
full,7,6,4,z_jk_purif,juros_selic,cambio_usd,-1,soft,0,-5.9347393064335,-4.004916732916948,-1.0997639914840964,-0.2492591446574911,1,-7.976175360562587,-1,TRUE,FALSE
full,7,6,4,z_jk_purif,juros_selic,cds_5y,-1,soft,0,-1316.2943239056442,-545.4179729750339,-43.87748700235358,245.10066379177633,1,-1407.510644876817,-1,TRUE,FALSE
full,7,6,4,z_jk_purif,juros_selic,embi_perc,-1,soft,0,-10.543412319487576,-3.711076362194616,0.3732498859571507,3.160943487595216,1,-10.718686302087194,-1,TRUE,FALSE
full,7,6,4,z_jk_raw_purif,yield_3m,yield_6m,1,hard,0,0.008832858860500841,0.008853829914169114,-3.4121043408156984e-4,-0.011615878958293465,24,-0.011615878958293465,1,TRUE,FALSE
full,7,6,4,z_jk_raw_purif,yield_3m,yield_2y,1,hard,0,0.0167631681330746,0.011098455024283473,-0.001354712948287425,-0.00962131823303043,1,0.01859297054802658,1,TRUE,FALSE
full,7,6,4,z_jk_raw_purif,yield_3m,yield_5y,1,hard,0,0.01651302572211957,0.009459263784967807,-0.0017175682935293727,-0.007274074998902955,1,0.01819945559841981,1,TRUE,FALSE
full,7,6,4,z_jk_raw_purif,yield_3m,asset_ibov,-1,hard,0,-2.9315008607256647,3.290965133638326,2.771440449513148,-0.7442320081678059,9,3.406004665002751,-1,TRUE,FALSE
full,7,6,4,z_jk_raw_purif,yield_3m,price_ipca,-1,ext,24,-0.11621476139635424,0.14967312077668685,-0.132909538223808,-0.13207336894247473,5,0.23569806059952023,-1,TRUE,FALSE
full,7,6,4,z_jk_raw_purif,yield_3m,pib,-1,ext,24,0.5877455152595079,0.3234730146141729,0.05519516354426379,-0.6536627573976883,24,-0.6536627573976883,-1,TRUE,FALSE
full,7,6,4,z_jk_raw_purif,yield_3m,vendas_varejo,-1,ext,24,-1.0733269939742458,-0.8668257242500198,-1.770906846725081,-0.8090484777226488,11,-1.7813689625800948,-1,TRUE,FALSE
full,7,6,4,z_jk_raw_purif,yield_3m,cambio_usd,-1,soft,0,0.2547181001381137,0.06976073794802685,-0.07836736705703902,-0.026150769257502086,1,0.30110612979569173,1,FALSE,FALSE
full,7,6,4,z_jk_raw_purif,yield_3m,cds_5y,-1,soft,0,49.681691345549844,18.300095243164662,-10.841034729814423,-24.117312663558092,1,51.24282495408954,1,FALSE,FALSE
full,7,6,4,z_jk_raw_purif,yield_3m,embi_perc,-1,soft,0,0.3413592824002381,0.07843795473433204,-0.1363383885000665,-0.2606068165816669,0,0.3413592824002381,1,FALSE,FALSE
full,7,6,4,z_jk_raw_purif,yield_6m,yield_6m,1,hard,0,0.005,0.005011871045376968,-1.9314835630817638e-4,-0.006575379014736584,24,-0.006575379014736584,1,TRUE,TRUE
full,7,6,4,z_jk_raw_purif,yield_6m,yield_2y,1,hard,0,0.00948909543207854,0.006282481810002661,-7.668598410110959e-4,-0.005446321731718965,1,0.010524888284568558,1,TRUE,FALSE
full,7,6,4,z_jk_raw_purif,yield_6m,yield_5y,1,hard,0,0.009347497782378946,0.0053545878714694245,-9.722606919544863e-4,-0.004117622116340768,1,0.010302132008360802,1,TRUE,FALSE
full,7,6,4,z_jk_raw_purif,yield_6m,asset_ibov,-1,hard,0,-1.6594292442704346,1.8629105172024232,1.5688241447548736,-0.4212860297677203,9,1.9280307309300895,-1,TRUE,FALSE
full,7,6,4,z_jk_raw_purif,yield_6m,price_ipca,-1,ext,24,-0.06578547400776912,0.08472518532250162,-0.07523585530057464,-0.07476252650944425,5,0.1334211631375233,-1,TRUE,FALSE
full,7,6,4,z_jk_raw_purif,yield_6m,pib,-1,ext,24,0.33228093253045987,0.1829794567012044,0.031240482995875674,-0.3705440768911106,24,-0.3705440768911106,-1,TRUE,FALSE
full,7,6,4,z_jk_raw_purif,yield_6m,vendas_varejo,-1,ext,24,-0.6075762167863882,-0.4906824267997355,-1.0024539476365337,-0.457976568232391,11,-1.0083762181155735,-1,TRUE,FALSE
full,7,6,4,z_jk_raw_purif,yield_6m,cambio_usd,-1,soft,0,0.14418780157190844,0.03948933128547198,-0.04436126983047673,-0.014803117354475244,1,0.17044658731172024,1,FALSE,FALSE
full,7,6,4,z_jk_raw_purif,yield_6m,cds_5y,-1,soft,0,28.123222690514492,10.359100905030768,-6.136764382307652,-13.652042359358264,1,29.00693069105825,1,FALSE,FALSE
full,7,6,4,z_jk_raw_purif,yield_6m,embi_perc,-1,soft,0,0.19323261459930216,0.04440122726578043,-0.07717681820421153,-0.14752121634540072,0,0.19323261459930216,1,FALSE,FALSE
full,7,6,4,z_jk_raw_purif,yield_1y,yield_6m,1,hard,0,0.003338375412334451,0.0033463014135354865,-1.2896034472640593e-4,-0.004390216725915308,24,-0.004390216725915308,1,TRUE,FALSE
full,7,6,4,z_jk_raw_purif,yield_1y,yield_2y,1,hard,0,0.00633563257514923,0.004194656560590264,-5.120132075876298e-4,-0.003636373311366676,1,0.007027205653354118,1,TRUE,FALSE
full,7,6,4,z_jk_raw_purif,yield_1y,yield_5y,1,hard,0,0.0062410913527089365,0.0035751248986595576,-6.491542376800274e-4,-0.002749233686095313,1,0.006878476838267088,1,TRUE,FALSE
full,7,6,4,z_jk_raw_purif,yield_1y,asset_ibov,-1,hard,0,-1.1079595575162318,1.243818933201565,1.0474647902252587,-0.28128218466731136,9,1.287298077272446,-1,TRUE,FALSE
full,7,6,4,z_jk_raw_purif,yield_1y,price_ipca,-1,ext,24,-0.04392332178326071,0.05656889509722381,-0.050233105892278196,-0.04991707605262625,5,0.08908198610067429,-1,TRUE,FALSE
full,7,6,4,z_jk_raw_purif,yield_1y,pib,-1,ext,24,0.22173338710353985,0.12213370879188279,0.02085740944739456,-0.24755562564123812,24,-0.24755562564123812,-1,TRUE,FALSE
full,7,6,4,z_jk_raw_purif,yield_1y,vendas_varejo,-1,ext,24,-0.4056635006477729,-0.32761642977856725,-0.6693135221574823,-0.30577954296246507,11,-0.6732676745879665,-1,TRUE,FALSE
full,7,6,4,z_jk_raw_purif,yield_1y,cambio_usd,-1,soft,0,0.09627060230524358,0.02636604252258985,-0.029618914492399524,-0.009883672600416312,1,0.11380293923955283,1,FALSE,FALSE
full,7,6,4,z_jk_raw_purif,yield_1y,cds_5y,-1,soft,0,18.77717502912398,6.916513551049255,-4.097364665037136,-9.115128508126007,1,19.367204841263685,1,FALSE,FALSE
full,7,6,4,z_jk_raw_purif,yield_1y,embi_perc,-1,soft,0,0.1290166018878819,0.029645593076311087,-0.05152903845902913,-0.09849624028903138,0,0.1290166018878819,1,FALSE,FALSE
full,7,6,4,z_jk_raw_purif,yield_2y,yield_6m,1,hard,0,0.0026346030745444692,0.0026408581730741126,-1.0177385067454642e-4,-0.003464702753704037,24,-0.003464702753704037,1,TRUE,FALSE
full,7,6,4,z_jk_raw_purif,yield_2y,yield_2y,1,hard,0,0.005,0.0033103691784805425,-4.040742589745032e-4,-0.0028697791958690283,1,0.005545780606752276,1,TRUE,TRUE
full,7,6,4,z_jk_raw_purif,yield_2y,yield_5y,1,hard,0,0.004925389279350636,0.0028214427338183736,-5.123042016564046e-4,-0.002169659977504738,1,0.005428405732718071,1,TRUE,FALSE
full,7,6,4,z_jk_raw_purif,yield_2y,asset_ibov,-1,hard,0,-0.8743874777887785,0.9816059552445463,0.8266457830381576,-0.22198429385773372,9,1.0159191383049269,-1,TRUE,FALSE
full,7,6,4,z_jk_raw_purif,yield_2y,price_ipca,-1,ext,24,-0.03466372241624676,0.04464344674840254,-0.039643323138175354,-0.03939391644049884,5,0.07030236132228362,-1,TRUE,FALSE
full,7,6,4,z_jk_raw_purif,yield_2y,pib,-1,ext,24,0.17494828417017327,0.09637395476371768,0.016460038273580224,-0.19541875603996672,24,-0.19541875603996672,-1,TRUE,FALSE
full,7,6,4,z_jk_raw_purif,yield_2y,vendas_varejo,-1,ext,24,-0.32014443375310303,-0.2585506860543049,-0.5282136505064905,-0.24131729494687648,11,-0.5313342169089629,-1,TRUE,FALSE
full,7,6,4,z_jk_raw_purif,yield_2y,cambio_usd,-1,soft,0,0.07597552506663156,0.020807742723281914,-0.02337486757721416,-0.0078000676989886135,1,0.08981182059541411,1,FALSE,FALSE
full,7,6,4,z_jk_raw_purif,yield_2y,cds_5y,-1,soft,0,14.818705793305652,5.458423818782091,-3.2335876618765456,-7.1935425547553224,1,15.284349756352078,1,FALSE,FALSE
full,7,6,4,z_jk_raw_purif,yield_2y,embi_perc,-1,soft,0,0.10181824810511758,0.02339592197359457,-0.04066605650487505,-0.07773197002882651,0,0.10181824810511758,1,FALSE,FALSE
full,7,6,4,z_jk_raw_purif,juros_selic,yield_6m,1,hard,0,0.48971704988616244,0.4908797405503771,-0.018917608648320296,-0.6440150425960361,24,-0.6440150425960361,1,TRUE,FALSE
full,7,6,4,z_jk_raw_purif,juros_selic,yield_2y,1,hard,0,0.9293943642171525,0.6153276915915962,-0.07510886780322508,-0.5334313222376613,1,1.0308434482200692,1,TRUE,FALSE
full,7,6,4,z_jk_raw_purif,juros_selic,yield_5y,1,hard,0,0.9155258075608126,0.5244465951544464,-0.09522652755684599,-0.4032939510720835,1,1.0090259389344516,1,TRUE,FALSE
full,7,6,4,z_jk_raw_purif,juros_selic,asset_ibov,-1,hard,0,-162.53015879978824,182.45980853725513,153.65598639190773,-41.262190331220395,9,188.83790432818896,-1,TRUE,FALSE
full,7,6,4,z_jk_raw_purif,juros_selic,price_ipca,-1,ext,24,-6.443253651289502,8.298273561438775,-7.368856220691922,-7.322496784848209,5,13.067723680817663,-1,TRUE,FALSE
full,7,6,4,z_jk_raw_purif,juros_selic,pib,-1,ext,24,38.39030043630072,19.6083602291939,3.1065997266912726,-30.482910099429404,0,38.39030043630072,-1,TRUE,FALSE
full,7,6,4,z_jk_raw_purif,juros_selic,vendas_varejo,-1,ext,24,-59.5080864931251,-48.05911009666986,-98.18375797666017,-44.85578678235106,11,-98.76380534218482,-1,TRUE,FALSE
full,7,6,4,z_jk_raw_purif,juros_selic,cambio_usd,-1,soft,0,14.122244963073275,3.867719763819735,-4.344894038117017,-1.449867791990454,1,16.69411998029197,1,FALSE,FALSE
full,7,6,4,z_jk_raw_purif,juros_selic,cds_5y,-1,soft,0,2754.4843298580677,1014.6056669369485,-601.0556298300362,-1337.1275818291706,1,2841.0377048554856,1,FALSE,FALSE
full,7,6,4,z_jk_raw_purif,juros_selic,embi_perc,-1,soft,0,18.92586119267201,4.348807605584606,-7.55896074611343,-14.448730972857593,0,18.92586119267201,1,FALSE,FALSE
full,7,6,4,z_jk_raw,yield_3m,yield_6m,1,hard,0,0.00879484374693058,0.008914759893025082,-2.424513520615024e-4,-0.01143413619499017,24,-0.01143413619499017,1,TRUE,FALSE
full,7,6,4,z_jk_raw,yield_3m,yield_2y,1,hard,0,0.016582188590298617,0.01103230575005376,-0.0013313603236053408,-0.009483433520982184,1,0.018364195048399666,1,TRUE,FALSE
full,7,6,4,z_jk_raw,yield_3m,yield_5y,1,hard,0,0.016258856558375664,0.009349405590273892,-0.0017229590597424343,-0.0071724465703491185,1,0.017890558172122886,1,TRUE,FALSE
full,7,6,4,z_jk_raw,yield_3m,asset_ibov,-1,hard,0,-2.5378010352617237,3.2823037059000493,2.7704500617063754,-0.7377559050882068,9,3.407129801218807,-1,TRUE,FALSE
full,7,6,4,z_jk_raw,yield_3m,price_ipca,-1,ext,24,-0.11291367547315544,0.14398340335709964,-0.13225235697233895,-0.1298694168512189,5,0.2286965486428648,-1,TRUE,FALSE
full,7,6,4,z_jk_raw,yield_3m,pib,-1,ext,24,0.5823097223203844,0.3450590723854896,0.06457729890259056,-0.643936998644723,24,-0.643936998644723,-1,TRUE,FALSE
full,7,6,4,z_jk_raw,yield_3m,vendas_varejo,-1,ext,24,-1.002475730407418,-0.8512611507003943,-1.7451716641711637,-0.7882269549367183,11,-1.7555647936617778,-1,TRUE,FALSE
full,7,6,4,z_jk_raw,yield_3m,cambio_usd,-1,soft,0,0.2523537333942398,0.06549470520251553,-0.07936953003864038,-0.025612539141443666,1,0.2933673282368501,1,FALSE,FALSE
full,7,6,4,z_jk_raw,yield_3m,cds_5y,-1,soft,0,48.33196558277852,17.856728301708515,-10.806968972944379,-23.711812943678137,1,49.59998793380432,1,FALSE,FALSE
full,7,6,4,z_jk_raw,yield_3m,embi_perc,-1,soft,0,0.3286691399551377,0.07543119026403242,-0.13483323624543228,-0.2557446757522331,0,0.3286691399551377,1,FALSE,FALSE
full,7,6,4,z_jk_raw,yield_6m,yield_6m,1,hard,0,0.005,0.005068174119714381,-1.3783721407564434e-4,-0.006500477168216155,24,-0.006500477168216155,1,TRUE,TRUE
full,7,6,4,z_jk_raw,yield_6m,yield_2y,1,hard,0,0.009427221828748144,0.006272030559897133,-7.5689822463872e-4,-0.00539147356898292,1,0.010440319110165438,1,TRUE,FALSE
full,7,6,4,z_jk_raw,yield_6m,yield_5y,1,hard,0,0.009243402740412554,0.0053152766889899864,-9.795279537193318e-4,-0.004077642978507901,1,0.010171049473372811,1,TRUE,FALSE
full,7,6,4,z_jk_raw,yield_6m,asset_ibov,-1,hard,0,-1.4427777845100556,1.866038670127358,1.5750422300983284,-0.4194252486553188,9,1.9370041692940272,-1,TRUE,FALSE
full,7,6,4,z_jk_raw,yield_6m,price_ipca,-1,ext,24,-0.06419311060106245,0.08185671485485468,-0.07518743981011336,-0.07383270276776868,5,0.13001740293719283,-1,TRUE,FALSE
full,7,6,4,z_jk_raw,yield_6m,pib,-1,ext,24,0.33063702710818266,0.19602543767127667,0.03670804540545358,-0.3665979542276321,24,-0.3665979542276321,-1,TRUE,FALSE
full,7,6,4,z_jk_raw,yield_6m,vendas_varejo,-1,ext,24,-0.5699224223041395,-0.48395467571410034,-0.9921561510289667,-0.4481187941581175,11,-0.9980648003408098,-1,TRUE,FALSE
full,7,6,4,z_jk_raw,yield_6m,cambio_usd,-1,soft,0,0.1434668657315895,0.03723471791376245,-0.045122763020287046,-0.014561110963672606,1,0.1667837068391556,1,FALSE,FALSE
full,7,6,4,z_jk_raw,yield_6m,cds_5y,-1,soft,0,27.47744415564318,10.151816686874373,-6.143923237246844,-13.480519737461858,1,28.19833379706992,1,FALSE,FALSE
full,7,6,4,z_jk_raw,yield_6m,embi_perc,-1,soft,0,0.1868533139487805,0.04288375804877607,-0.07665470821610071,-0.14539466709768925,0,0.1868533139487805,1,FALSE,FALSE
full,7,6,4,z_jk_raw,yield_1y,yield_6m,1,hard,0,0.003348636222200011,0.0033942942875384457,-9.231333756416795e-5,-0.004353546661414554,24,-0.004353546661414554,1,TRUE,FALSE
full,7,6,4,z_jk_raw,yield_1y,yield_2y,1,hard,0,0.006313667298092134,0.004200549743923391,-5.069153623088198e-4,-0.003610816736826035,1,0.006992166148725394,1,TRUE,FALSE
full,7,6,4,z_jk_raw,yield_1y,yield_5y,1,hard,0,0.006190558646585665,0.003559785610353442,-6.560165572964021e-4,-0.0027309085958062192,1,0.0068118289368649075,1,TRUE,FALSE
full,7,6,4,z_jk_raw,yield_1y,asset_ibov,-1,hard,0,-0.966267589959171,1.2497369365628814,1.0548486926403893,-0.2809005160304894,9,1.2972644647700844,-1,TRUE,FALSE
full,7,6,4,z_jk_raw,yield_1y,price_ipca,-1,ext,24,-0.04299187507488185,0.05482167207865282,-0.05035507688052574,-0.04944777257421544,5,0.0870761969983716,-1,TRUE,FALSE
full,7,6,4,z_jk_raw,yield_1y,pib,-1,ext,24,0.22131589715348454,0.13124111539413175,0.024582888076607468,-0.24566951473786736,24,-0.24566951473786736,-1,TRUE,FALSE
full,7,6,4,z_jk_raw,yield_1y,vendas_varejo,-1,ext,24,-0.38169257343432256,-0.3241176313998592,-0.6644740050828284,-0.30011736519329263,11,-0.6684311885048115,-1,TRUE,FALSE
full,7,6,4,z_jk_raw,yield_1y,cambio_usd,-1,soft,0,0.09608366865486122,0.02493710502588491,-0.03021994373909607,-0.00975197272168556,1,0.11169959239887682,1,FALSE,FALSE
full,7,6,4,z_jk_raw,yield_1y,cds_5y,-1,soft,0,18.402392958612946,6.798948215760405,-4.114752779732227,-9.028271337389393,1,18.885192391711023,1,FALSE,FALSE
full,7,6,4,z_jk_raw,yield_1y,embi_perc,-1,soft,0,0.1251407550653994,0.02872042110923856,-0.05133774650692152,-0.09737476975160687,0,0.1251407550653994,1,FALSE,FALSE
full,7,6,4,z_jk_raw,yield_2y,yield_6m,1,hard,0,0.0026518947420716196,0.0026880528599948043,-7.310595665380027e-5,-0.0034477162446698057,24,-0.0034477162446698057,1,TRUE,FALSE
full,7,6,4,z_jk_raw,yield_2y,yield_2y,1,hard,0,0.005,0.0033265529727807435,-4.0144288444055303e-4,-0.0028595240819207822,1,0.005537325470759515,1,TRUE,TRUE
full,7,6,4,z_jk_raw,yield_2y,yield_5y,1,hard,0,0.00490250622523009,0.002819110860837678,-5.195210060360936e-4,-0.0021626959949500716,1,0.0053945105239575335,1,TRUE,FALSE
full,7,6,4,z_jk_raw,yield_2y,asset_ibov,-1,hard,0,-0.7652189641439913,0.9897076275626113,0.8353692417077029,-0.2224543223202243,9,1.027346234384327,-1,TRUE,FALSE
full,7,6,4,z_jk_raw,yield_2y,price_ipca,-1,ext,24,-0.034046674496035885,0.04341507834536899,-0.039877835260453194,-0.039159311252556485,5,0.06895849344538975,-1,TRUE,FALSE
full,7,6,4,z_jk_raw,yield_2y,pib,-1,ext,24,0.1752269922082883,0.10391995624083883,0.01946749668926273,-0.1946035111415223,24,-0.1946035111415223,-1,TRUE,FALSE
full,7,6,4,z_jk_raw,yield_2y,vendas_varejo,-1,ext,24,-0.30227485501941365,-0.25667937198543966,-0.5262187360455464,-0.23767277481027724,11,-0.5293525592541107,-1,TRUE,FALSE
full,7,6,4,z_jk_raw,yield_2y,cambio_usd,-1,soft,0,0.07609180537901943,0.019748510531605312,-0.02393216360024858,-0.0077229067206569585,1,0.08845856704599422,1,FALSE,FALSE
full,7,6,4,z_jk_raw,yield_2y,cds_5y,-1,soft,0,14.573457936383337,5.384309858879415,-3.2586075457093098,-7.149783882433557,1,14.955802626326033,1,FALSE,FALSE
full,7,6,4,z_jk_raw,yield_2y,embi_perc,-1,soft,0,0.0991030641598857,0.022744642497964148,-0.04065604353466232,-0.07711427064032311,0,0.0991030641598857,1,FALSE,FALSE
full,7,6,4,z_jk_raw,juros_selic,yield_6m,1,hard,0,0.3519052015772594,0.35670336704534766,-0.009701126520827495,-0.45751034564589566,24,-0.45751034564589566,1,TRUE,FALSE
full,7,6,4,z_jk_raw,juros_selic,yield_2y,1,hard,0,0.6634976795918313,0.44143203569586636,-0.053271284462991716,-0.3794575186182801,1,0.7348005201987364,1,TRUE,FALSE
full,7,6,4,z_jk_raw,juros_selic,yield_5y,1,hard,0,0.6505603009249343,0.3740947029355859,-0.06894019640083238,-0.28698875486238384,1,0.7158490430359075,1,TRUE,FALSE
full,7,6,4,z_jk_raw,juros_selic,asset_ibov,-1,hard,0,-101.54420141784057,131.33374287242577,110.8531106950897,-29.519585334928422,9,136.32836853028132,-1,TRUE,FALSE
full,7,6,4,z_jk_raw,juros_selic,price_ipca,-1,ext,24,-4.517977905187638,5.761160748289977,-5.2917702324912,-5.196422430097103,5,9.15076007783292,-1,TRUE,FALSE
full,7,6,4,z_jk_raw,juros_selic,pib,-1,ext,24,26.152577321491478,14.778006183552694,2.6167268863117377,-22.778290140462122,0,26.152577321491478,-1,TRUE,FALSE
full,7,6,4,z_jk_raw,juros_selic,vendas_varejo,-1,ext,24,-40.111732980867636,-34.061233542285535,-69.82898206479327,-31.539066917754155,11,-70.24483895021997,-1,TRUE,FALSE
full,7,6,4,z_jk_raw,juros_selic,cambio_usd,-1,soft,0,10.097347260986524,2.6206181826229935,-3.1757870032754036,-1.0248261377720103,1,11.738410795007118,1,FALSE,FALSE
full,7,6,4,z_jk_raw,juros_selic,cds_5y,-1,soft,0,1933.8911048839002,714.4954195139824,-432.41570905571183,-948.7730031155479,1,1984.6280678001476,1,FALSE,FALSE
full,7,6,4,z_jk_raw,juros_selic,embi_perc,-1,soft,0,13.150930622104909,3.0182035041089925,-5.395038109326585,-10.233027926654172,0,13.150930622104909,1,FALSE,FALSE
full,7,6,4,z_bs_purif,yield_3m,yield_6m,1,hard,0,0.009129891137098162,0.007313685596631995,-0.00237961011690509,-0.014666661526120835,24,-0.014666661526120835,1,TRUE,FALSE
full,7,6,4,z_bs_purif,yield_3m,yield_2y,1,hard,0,0.01837325199672389,0.011287534451491726,-0.001938049443093136,-0.011779101871808638,1,0.020711223315751356,1,TRUE,FALSE
full,7,6,4,z_bs_purif,yield_3m,yield_5y,1,hard,0,0.018965539904938346,0.010395246552133754,-0.0016790846087696423,-0.008770571101558933,1,0.021320611560666364,1,TRUE,FALSE
full,7,6,4,z_bs_purif,yield_3m,asset_ibov,-1,hard,0,-4.967860093766084,3.57759090291394,2.7111210978398845,-0.8963028364745527,0,-4.967860093766084,-1,TRUE,FALSE
full,7,6,4,z_bs_purif,yield_3m,price_ipca,-1,ext,24,-0.051399460337317245,0.18894781827022283,-0.1379133703255768,-0.1613862702048746,5,0.2805680811699,-1,TRUE,FALSE
full,7,6,4,z_bs_purif,yield_3m,pib,-1,ext,24,0.33208196787506417,-0.006511107680540196,-0.14855037243318714,-0.8388852154323279,24,-0.8388852154323279,-1,TRUE,FALSE
full,7,6,4,z_bs_purif,yield_3m,vendas_varejo,-1,ext,24,-2.2891465068390304,-1.2907141763918992,-2.1469845418486297,-1.1222788863556143,0,-2.2891465068390304,-1,TRUE,FALSE
full,7,6,4,z_bs_purif,yield_3m,cambio_usd,-1,soft,0,0.28391653568952274,0.12728051352057287,-0.05169629854312722,-0.026548357553580038,1,0.3888080054924536,1,FALSE,FALSE
full,7,6,4,z_bs_purif,yield_3m,cds_5y,-1,soft,0,63.68869460057803,23.28947680400393,-11.065978339934386,-29.86929534470552,1,69.07474794526853,1,FALSE,FALSE
full,7,6,4,z_bs_purif,yield_3m,embi_perc,-1,soft,0,0.4753103675371412,0.10889465223608472,-0.15954103609723627,-0.3325376683222558,1,0.4827458417036828,1,FALSE,FALSE
full,7,6,4,z_bs_purif,yield_6m,yield_6m,1,hard,0,0.005,0.0040053520281932795,-0.001303197421071016,-0.008032221472238974,24,-0.008032221472238974,1,TRUE,TRUE
full,7,6,4,z_bs_purif,yield_6m,yield_2y,1,hard,0,0.010062141881443963,0.006181636934106614,-0.0010613759868494579,-0.006450844645860968,1,0.01134253574590496,1,TRUE,FALSE
full,7,6,4,z_bs_purif,yield_6m,yield_5y,1,hard,0,0.010386509335184877,0.005692973988426862,-9.195534664958346e-4,-0.00480321778751601,1,0.011676268227357468,1,TRUE,FALSE
full,7,6,4,z_bs_purif,yield_6m,asset_ibov,-1,hard,0,-2.7206568069469146,1.9592735823414424,1.4847499587501025,-0.49086173264023875,0,-2.7206568069469146,-1,TRUE,FALSE
full,7,6,4,z_bs_purif,yield_6m,price_ipca,-1,ext,24,-0.02814899956937165,0.10347758556641337,-0.07552848563833538,-0.08838345812750265,5,0.15365357426324994,-1,TRUE,FALSE
full,7,6,4,z_bs_purif,yield_6m,pib,-1,ext,24,0.18172886277025846,-0.0035658714168884664,-0.0813812106105205,-0.4602921065130605,24,-0.4602921065130605,-1,TRUE,FALSE
full,7,6,4,z_bs_purif,yield_6m,vendas_varejo,-1,ext,24,-1.2536548752138852,-0.7068617560768303,-1.1757996396718404,-0.614617890565735,0,-1.2536548752138852,-1,TRUE,FALSE
full,7,6,4,z_bs_purif,yield_6m,cambio_usd,-1,soft,0,0.15548736092584045,0.06970538400145022,-0.02831156350433677,-0.014539251977334171,1,0.21293134805988062,1,FALSE,FALSE
full,7,6,4,z_bs_purif,yield_6m,cds_5y,-1,soft,0,34.879219064172105,12.754520538240635,-6.0603013627233615,-16.35796905799643,1,37.82890009750061,1,FALSE,FALSE
full,7,6,4,z_bs_purif,yield_6m,embi_perc,-1,soft,0,0.26030450987842424,0.05963633662268164,-0.08737291261281385,-0.1821148047269868,1,0.26437655961860596,1,FALSE,FALSE
full,7,6,4,z_bs_purif,yield_1y,yield_6m,1,hard,0,0.003245167999811863,0.0025996080459748743,-8.458189136594013e-4,-0.0052131816178223305,24,-0.0052131816178223305,1,TRUE,FALSE
full,7,6,4,z_bs_purif,yield_1y,yield_2y,1,hard,0,0.006530668168645734,0.004012090073003578,-6.888686776585194e-4,-0.00418681492330114,1,0.007361686807866591,1,TRUE,FALSE
full,7,6,4,z_bs_purif,yield_1y,yield_5y,1,hard,0,0.0067411935448578285,0.0036949314022008324,-5.968210967176704e-4,-0.003117449732034818,1,0.007578290401728087,1,TRUE,FALSE
full,7,6,4,z_bs_purif,yield_1y,asset_ibov,-1,hard,0,-1.7657976816748897,1.2716343864582402,0.9636526107715633,-0.31858575741926176,0,-1.7657976816748897,-1,TRUE,FALSE
full,7,6,4,z_bs_purif,yield_1y,price_ipca,-1,ext,24,-0.018269646525848556,0.06716042987558371,-0.04902052493355516,-0.05736383400561665,5,0.09972633245116287,-1,TRUE,FALSE
full,7,6,4,z_bs_purif,yield_1y,pib,-1,ext,24,0.11791055468144407,-0.0023143848451256943,-0.052826685977569454,-0.2989868513843308,24,-0.2989868513843308,-1,TRUE,FALSE
full,7,6,4,z_bs_purif,yield_1y,vendas_varejo,-1,ext,24,-0.8136641367704468,-0.4587770302222696,-0.7631334729706751,-0.39890766211515855,0,-0.8136641367704468,-1,TRUE,FALSE
full,7,6,4,z_bs_purif,yield_1y,cambio_usd,-1,soft,0,0.10091652161034696,0.04524113631522081,-0.018375155981783017,-0.00943646305160924,1,0.13819959937614526,1,FALSE,FALSE
full,7,6,4,z_bs_purif,yield_1y,cds_5y,-1,soft,0,22.637785113095834,8.278112380728338,-3.9333392103052156,-10.616871545784525,1,24.552227212897765,1,FALSE,FALSE
full,7,6,4,z_bs_purif,yield_1y,embi_perc,-1,soft,0,0.16894637313283462,0.03870598624678694,-0.056707956012292365,-0.11819862731840074,1,0.17158927023493062,1,FALSE,FALSE
full,7,6,4,z_bs_purif,yield_2y,yield_6m,1,hard,0,0.002484560473759926,0.001990307866548635,-6.475745603797833e-4,-0.0039913079972821435,24,-0.0039913079972821435,1,TRUE,FALSE
full,7,6,4,z_bs_purif,yield_2y,yield_2y,1,hard,0,0.005,0.0030717301579231567,-5.274105649448196e-4,-0.003205502725894402,1,0.0056362431972969045,1,TRUE,TRUE
full,7,6,4,z_bs_purif,yield_2y,yield_5y,1,hard,0,0.005161182110907766,0.0028289076299577555,-4.569372392728946e-4,-0.0023867770123445764,1,0.005802078903742247,1,TRUE,FALSE
full,7,6,4,z_bs_purif,yield_2y,asset_ibov,-1,hard,0,-1.3519272730412386,0.9735867399935122,0.73779021218543706,-0.24391513179984992,0,-1.3519272730412386,-1,TRUE,FALSE
full,7,6,4,z_bs_purif,yield_2y,price_ipca,-1,ext,24,-0.013987578341189197,0.05141926380368426,-0.037531018011990464,-0.04391880931956171,5,0.07635231945328125,-1,TRUE,FALSE
full,7,6,4,z_bs_purif,yield_2y,pib,-1,ext,24,0.09026202726962751,-0.0017719405293603607,-0.040447589526126926,-0.22899015327931815,24,-0.22899015327931815,-1,TRUE,FALSE
full,7,6,4,z_bs_purif,yield_2y,vendas_varejo,-1,ext,24,-0.6229562701385702,-0.35124815591220454,-0.5842690619579637,-0.3054110634730658,0,-0.6229562701385702,-1,TRUE,FALSE
full,7,6,4,z_bs_purif,yield_2y,cambio_usd,-1,soft,0,0.07726355022511734,0.034637448379652144,-0.01406835832664384,-0.007224730156184065,1,0.10580816220279933,1,FALSE,FALSE
full,7,6,4,z_bs_purif,yield_2y,cds_5y,-1,soft,0,17.331905808491136,6.337875518214371,-3.0114370449791763,-8.128472670497166,1,18.797637989612603,1,FALSE,FALSE
full,7,6,4,z_bs_purif,yield_2y,embi_perc,-1,soft,0,0.12934845927707658,0.02963401695451126,-0.04341665703101548,-0.09049504910223574,1,0.13137191004340457,1,FALSE,FALSE
full,7,6,4,z_bs_purif,juros_selic,yield_6m,1,hard,0,-0.21172613440420654,-0.16960754037148232,0.05518419046577945,0.3401262405991246,24,0.3401262405991246,-1,FALSE,FALSE
full,7,6,4,z_bs_purif,juros_selic,yield_2y,1,hard,0,-0.42608368087695997,-0.2617628184697328,0.04494420696901714,0.27316248010204314,1,-0.48030224956439815,-1,FALSE,FALSE
full,7,6,4,z_bs_purif,juros_selic,yield_5y,1,hard,0,-0.43981909429837984,-0.2410702751666635,0.03893870016783022,0.20339334697045808,1,-0.4944342272090107,-1,FALSE,FALSE
full,7,6,4,z_bs_purif,juros_selic,asset_ibov,-1,hard,0,115.20682975507238,-82.96588436588709,-62.87207386459287,20.78565143577378,0,115.20682975507238,1,FALSE,FALSE
full,7,6,4,z_bs_purif,juros_selic,price_ipca,-1,ext,24,1.1919757732337468,-4.3817818378914435,3.198270860321676,3.742617586922437,5,-6.506495463229518,1,FALSE,FALSE
full,7,6,4,z_bs_purif,juros_selic,pib,-1,ext,24,-7.400242255285184,0.15111438932837729,3.5076242542988245,21.575064371428955,24,21.575064371428955,1,FALSE,FALSE
full,7,6,4,z_bs_purif,juros_selic,vendas_varejo,-1,ext,24,53.086300121204765,29.932221434463287,49.78950250831554,26.026134021030146,0,53.086300121204765,1,FALSE,FALSE
full,7,6,4,z_bs_purif,juros_selic,cambio_usd,-1,soft,0,-6.5841475755079735,-2.9516903003575754,1.1988595799424873,0.6156679236579361,1,-9.016626243639033,-1,TRUE,FALSE
full,7,6,4,z_bs_purif,juros_selic,cds_5y,-1,soft,0,-1476.9684446989331,-540.09306594815,256.6248361707925,692.6819110706409,1,-1601.873357281343,-1,TRUE,FALSE
full,7,6,4,z_bs_purif,juros_selic,embi_perc,-1,soft,0,-11.022653528908071,-2.5253142046296793,3.699825807829524,7.711692724524367,1,-11.195085399026135,-1,TRUE,FALSE
full,7,6,4,z_jk_bs_purif,yield_3m,yield_6m,1,hard,0,0.008807738303016323,0.008708487916168657,-2.9417541827927036e-4,-0.01126420530485139,24,-0.01126420530485139,1,TRUE,FALSE
full,7,6,4,z_jk_bs_purif,yield_3m,yield_2y,1,hard,0,0.016746416700464922,0.01101724816639942,-0.0011729193445813456,-0.009277050977701823,1,0.01856749984080107,1,TRUE,FALSE
full,7,6,4,z_jk_bs_purif,yield_3m,yield_5y,1,hard,0,0.016578387578742554,0.00945776301487763,-0.001494534453213196,-0.00699102763314061,1,0.01824781328099107,1,TRUE,FALSE
full,7,6,4,z_jk_bs_purif,yield_3m,asset_ibov,-1,hard,0,-2.936022074884105,3.3159409510092615,2.7342196501306897,-0.6995747130255956,9,3.3834101241996533,-1,TRUE,FALSE
full,7,6,4,z_jk_bs_purif,yield_3m,price_ipca,-1,ext,24,-0.09443203101984735,0.15122378581389723,-0.12606920358231294,-0.12795373464499815,5,0.23552892434513947,-1,TRUE,FALSE
full,7,6,4,z_jk_bs_purif,yield_3m,pib,-1,ext,24,0.535590820187104,0.28882752488101904,0.03699582532359358,-0.638173094075456,24,-0.638173094075456,-1,TRUE,FALSE
full,7,6,4,z_jk_bs_purif,yield_3m,vendas_varejo,-1,ext,24,-1.0949431081798484,-0.87138157494243,-1.7429284587487104,-0.8098748855900153,11,-1.7532025211008369,-1,TRUE,FALSE
full,7,6,4,z_jk_bs_purif,yield_3m,cambio_usd,-1,soft,0,0.25944122230855526,0.07678140375634343,-0.0703220160992292,-0.024082192323239108,1,0.30749617317669176,1,FALSE,FALSE
full,7,6,4,z_jk_bs_purif,yield_3m,cds_5y,-1,soft,0,50.56744745296609,19.007754007804202,-9.73567687234351,-23.237495360804004,1,52.184182403036885,1,FALSE,FALSE
full,7,6,4,z_jk_bs_purif,yield_3m,embi_perc,-1,soft,0,0.3509432207452128,0.0863594716814312,-0.12598596046049781,-0.2525627798055666,0,0.3509432207452128,1,FALSE,FALSE
full,7,6,4,z_jk_bs_purif,yield_6m,yield_6m,1,hard,0,0.005,0.004943657279863962,-1.669982736535929e-4,-0.00639449363578038,24,-0.00639449363578038,1,TRUE,TRUE
full,7,6,4,z_jk_bs_purif,yield_6m,yield_2y,1,hard,0,0.009506649791541776,0.006254300359166225,-6.658459324226654e-4,-0.005266420651102212,1,0.010540447048956026,1,TRUE,FALSE
full,7,6,4,z_jk_bs_purif,yield_6m,yield_5y,1,hard,0,0.009411262578649207,0.005369007734731797,-8.484212415242707e-4,-0.0039686849180943775,1,0.010358966543512012,1,TRUE,FALSE
full,7,6,4,z_jk_bs_purif,yield_6m,asset_ibov,-1,hard,0,-1.666728718471703,1.8824020633501766,1.5521689882601992,-0.39713640946054074,9,1.9207031406921804,-1,TRUE,FALSE
full,7,6,4,z_jk_bs_purif,yield_6m,price_ipca,-1,ext,24,-0.05360742325161267,0.08584711569036328,-0.07156729641884281,-0.07263711195936576,5,0.13370567803114652,-1,TRUE,FALSE
full,7,6,4,z_jk_bs_purif,yield_6m,pib,-1,ext,24,0.3036944983828338,0.16386014246974057,0.02100020801520941,-0.36278105870961586,24,-0.36278105870961586,-1,TRUE,FALSE
full,7,6,4,z_jk_bs_purif,yield_6m,vendas_varejo,-1,ext,24,-0.6215801778561422,-0.49466817982319833,-0.9894302026161599,-0.45975190095774265,11,-0.9952626093014313,-1,TRUE,FALSE
full,7,6,4,z_jk_bs_purif,yield_6m,cambio_usd,-1,soft,0,0.14728027410834077,0.043587468834109584,-0.03992058669315057,-0.013671042153348183,1,0.1745602347604866,1,FALSE,FALSE
full,7,6,4,z_jk_bs_purif,yield_6m,cds_5y,-1,soft,0,28.706261308677064,10.790371690139086,-5.526774602856559,-13.19152236439974,1,29.624053649031413,1,FALSE,FALSE
full,7,6,4,z_jk_bs_purif,yield_6m,embi_perc,-1,soft,0,0.19922436877184907,0.04902477157606755,-0.07152004074493921,-0.14337550181246486,0,0.19922436877184907,1,FALSE,FALSE
full,7,6,4,z_jk_bs_purif,yield_1y,yield_6m,1,hard,0,0.0033363883998809058,0.0032987921603049824,-1.1143422060359692e-4,-0.004266902877905987,24,-0.004266902877905987,1,TRUE,FALSE
full,7,6,4,z_jk_bs_purif,yield_1y,yield_2y,1,hard,0,0.006343575217246041,0.0041733550335386355,-4.443041290085733e-4,-0.0035141649538461333,1,0.0070334050527391615,1,TRUE,FALSE
full,7,6,4,z_jk_bs_purif,yield_1y,yield_5y,1,hard,0,0.006279925459127695,0.003582619025006006,-5.661325576868265e-4,-0.0026482148647024775,1,0.006912307162105576,1,TRUE,FALSE
full,7,6,4,z_jk_bs_purif,yield_1y,asset_ibov,-1,hard,0,-1.1121708724114714,1.2560848816146821,1.035727721417242,-0.26500026193890036,9,1.2816423356440427,-1,TRUE,FALSE
full,7,6,4,z_jk_bs_purif,yield_1y,price_ipca,-1,ext,24,-0.035771037016837294,0.05728386419051243,-0.04775525951653309,-0.04846912354841571,5,0.08921881463626573,-1,TRUE,FALSE
full,7,6,4,z_jk_bs_purif,yield_1y,pib,-1,ext,24,0.20254631411880109,0.10931043128117324,0.014012480569292052,-0.24222203832003908,24,-0.24222203832003908,-1,TRUE,FALSE
full,7,6,4,z_jk_bs_purif,yield_1y,vendas_varejo,-1,ext,24,-0.41476657899902863,-0.3300810353904642,-0.660224690100074,-0.3067821818357216,11,-0.6641165249016995,-1,TRUE,FALSE
full,7,6,4,z_jk_bs_purif,yield_1y,cambio_usd,-1,soft,0,0.09827683961326965,0.029084945079658746,-0.026638116471893528,-0.009122381290942751,1,0.11648014846707502,1,FALSE,FALSE
full,7,6,4,z_jk_bs_purif,yield_1y,cds_5y,-1,soft,0,19.155047446844048,7.200174187476675,-3.687893334745405,-8.802408438670566,1,19.767469790415607,1,FALSE,FALSE
full,7,6,4,z_jk_bs_purif,yield_1y,embi_perc,-1,soft,0,0.1329379745887986,0.032713135838640585,-0.04772372686008499,-0.09567127221484231,0,0.1329379745887986,1,FALSE,FALSE
full,7,6,4,z_jk_bs_purif,yield_2y,yield_6m,1,hard,0,0.0026297381883408515,0.0026001048677855034,-8.783234752276985e-5,-0.0033631688218228395,24,-0.0033631688218228395,1,TRUE,FALSE
full,7,6,4,z_jk_bs_purif,yield_2y,yield_2y,1,hard,0,0.005,0.0032894344991706652,-3.5020009520866105e-4,-0.0027698615004140754,1,0.005543723225364858,1,TRUE,TRUE
full,7,6,4,z_jk_bs_purif,yield_2y,yield_5y,1,hard,0,0.004949831320715403,0.002823816934704323,-4.462251477271863e-4,-0.002087320457321034,1,0.005448273982243753,1,TRUE,FALSE
full,7,6,4,z_jk_bs_purif,yield_2y,asset_ibov,-1,hard,0,-0.876612032113889,0.9900449183607147,0.8163596126372457,-0.20887295638779063,9,1.0101892795088876,-1,TRUE,FALSE
full,7,6,4,z_jk_bs_purif,yield_2y,price_ipca,-1,ext,24,-0.028194697620663428,0.045151087697972686,-0.03764065048578808,-0.03820331744206682,5,0.0703221855033025,-1,TRUE,FALSE
full,7,6,4,z_jk_bs_purif,yield_2y,pib,-1,ext,24,0.15961259779440073,0.08614840946759017,0.011044460076559126,-0.19096820350403831,24,-0.19096820350403831,-1,TRUE,FALSE
full,7,6,4,z_jk_bs_purif,yield_2y,vendas_varejo,-1,ext,24,-0.32691862616479916,-0.2601695606076248,-0.5203884777035084,-0.24180542622217538,11,-0.523456018221547,-1,TRUE,FALSE
full,7,6,4,z_jk_bs_purif,yield_2y,cambio_usd,-1,soft,0,0.07746171224240242,0.02292472626523493,-0.02099613826558994,-0.007190252325015453,1,0.09180954310307915,1,FALSE,FALSE
full,7,6,4,z_jk_bs_purif,yield_2y,cds_5y,-1,soft,0,15.097990321583902,5.6751704999901555,-2.906794046296848,-6.938050024802879,1,15.580701034863212,1,FALSE,FALSE
full,7,6,4,z_jk_bs_purif,yield_2y,embi_perc,-1,soft,0,0.10478158612148641,0.025784462797654388,-0.037615796475732065,-0.07540800647775436,0,0.10478158612148641,1,FALSE,FALSE
full,7,6,4,z_jk_bs_purif,juros_selic,yield_6m,1,hard,0,0.3536230535327509,0.34963823658498144,-0.011810887892816296,-0.45224807305608,24,-0.45224807305608,1,TRUE,FALSE
full,7,6,4,z_jk_bs_purif,juros_selic,yield_2y,1,hard,0,0.6723541056302984,0.44233295814386825,-0.04709169436113293,-0.37246555036614043,1,0.7454690142104206,1,TRUE,FALSE
full,7,6,4,z_jk_bs_purif,juros_selic,yield_5y,1,hard,0,0.6656078821320888,0.3797209819193632,-0.060004262021972024,-0.28068369584918185,1,0.7326338761120647,1,TRUE,FALSE
full,7,6,4,z_jk_bs_purif,juros_selic,asset_ibov,-1,hard,0,-117.87873976733844,133.13215312364804,109.77654744548244,-28.087317956493855,9,135.84098190830275,-1,TRUE,FALSE
full,7,6,4,z_jk_bs_purif,juros_selic,price_ipca,-1,ext,24,-3.7913641404515723,6.071503837481118,-5.061569178542941,-5.137231466174244,5,9.456282028008179,-1,TRUE,FALSE
full,7,6,4,z_jk_bs_purif,juros_selic,pib,-1,ext,24,23.91941171003349,12.276523600763923,1.4961576463333293,-22.666428542335794,0,23.91941171003349,-1,TRUE,FALSE
full,7,6,4,z_jk_bs_purif,juros_selic,vendas_varejo,-1,ext,24,-43.96101610178388,-34.98521444691346,-69.97706590133097,-32.51577421683277,11,-70.38956059362907,-1,TRUE,FALSE
full,7,6,4,z_jk_bs_purif,juros_selic,cambio_usd,-1,soft,0,10.416340051066404,3.082706764976289,-2.8233679530501616,-0.9668791342483878,1,12.345704648279423,1,FALSE,FALSE
full,7,6,4,z_jk_bs_purif,juros_selic,cds_5y,-1,soft,0,2030.2391558966892,763.1448371640669,-390.8789822498787,-932.965283848922,1,2095.149661877704,1,FALSE,FALSE
full,7,6,4,z_jk_bs_purif,juros_selic,embi_perc,-1,soft,0,14.09006592464722,3.4672578846949236,-5.058227039402433,-10.140176550542858,0,14.09006592464722,1,FALSE,FALSE
full,8,8,4,z_bruto,yield_3m,yield_6m,1,hard,0,0.007781641014412592,0.008839872916624197,0.0021706478035596628,-0.007053588105527291,3,0.010254390262096742,1,TRUE,FALSE
full,8,8,4,z_bruto,yield_3m,yield_2y,1,hard,0,0.013573303005078325,0.011037152428719464,0.001598363416311864,-0.005773079580143253,3,0.015662982498352882,1,TRUE,FALSE
full,8,8,4,z_bruto,yield_3m,yield_5y,1,hard,0,0.013556417101270568,0.009759614546955682,0.0011072235633874418,-0.004366593737191123,1,0.015332533251835867,1,TRUE,FALSE
full,8,8,4,z_bruto,yield_3m,asset_ibov,-1,hard,0,-2.8718549589280213,3.2020942255370946,2.818386791483553,0.08244732627907833,1,-3.513188370404448,-1,TRUE,FALSE
full,8,8,4,z_bruto,yield_3m,price_ipca,-1,ext,24,-0.11509455925070163,0.14920989116601713,-0.022917582990976473,-0.04003727059122727,5,0.23817584805020456,-1,TRUE,FALSE
full,8,8,4,z_bruto,yield_3m,pib,-1,ext,24,0.3966697734057112,0.2564852552630503,0.09016122858591658,-0.3910735040566049,0,0.3966697734057112,-1,TRUE,FALSE
full,8,8,4,z_bruto,yield_3m,vendas_varejo,-1,ext,24,-1.355077359184669,-1.1455611933658985,-1.9658275393116966,-1.088856240879965,11,-1.9685384579720424,-1,TRUE,FALSE
full,8,8,4,z_bruto,yield_3m,cambio_usd,-1,soft,0,0.1857395926982342,0.13220225769800836,0.002533917217932309,0.007218656960800719,1,0.26818947665505777,1,FALSE,FALSE
full,8,8,4,z_bruto,yield_3m,cds_5y,-1,soft,0,42.38656447745706,28.65855187494055,6.3703805550116295,-9.19555373954796,1,52.193947207483696,1,FALSE,FALSE
full,8,8,4,z_bruto,yield_3m,embi_perc,-1,soft,0,0.3065169919134635,0.18909361402461625,0.031454876548123484,-0.1029373760102432,1,0.3814339819347083,1,FALSE,FALSE
full,8,8,4,z_bruto,yield_6m,yield_6m,1,hard,0,0.005,0.0056799542026236,0.0013947236833075092,-0.0045321983450940136,3,0.006588835338911358,1,TRUE,TRUE
full,8,8,4,z_bruto,yield_6m,yield_2y,1,hard,0,0.00872136287187936,0.007091789770484945,0.0010270092216741243,-0.0037094229671163015,3,0.010064061339596005,1,TRUE,FALSE
full,8,8,4,z_bruto,yield_6m,yield_5y,1,hard,0,0.008710513037135966,0.006270923143897045,7.114332062714808e-4,-0.002805702376339151,1,0.009851735143935616,1,TRUE,FALSE
full,8,8,4,z_bruto,yield_6m,asset_ibov,-1,hard,0,-1.845275921626929,2.0574671972186893,1.8109205926253475,0.05297553955931362,1,-2.257357004709916,-1,TRUE,FALSE
full,8,8,4,z_bruto,yield_6m,price_ipca,-1,ext,24,-0.07395262711138421,0.09587302401232681,-0.014725417780472127,-0.02572546749270053,5,0.15303703139805117,-1,TRUE,FALSE
full,8,8,4,z_bruto,yield_6m,pib,-1,ext,24,0.25469502419548373,0.16472606061423978,0.057922683156230725,-0.2514555327376211,0,0.25469502419548373,-1,TRUE,FALSE
full,8,8,4,z_bruto,yield_6m,vendas_varejo,-1,ext,24,-0.8706886867917015,-0.7360665900959533,-1.263118881782604,-0.69963150372991,11,-1.2648607500179316,-1,TRUE,FALSE
full,8,8,4,z_bruto,yield_6m,cambio_usd,-1,soft,0,0.11934474512138298,0.08494497333734163,0.0016281380837532666,0.004638261356075694,1,0.17232192808582192,1,FALSE,FALSE
full,8,8,4,z_bruto,yield_6m,cds_5y,-1,soft,0,27.234978071432316,18.414208405310173,4.093211536752255,-5.908492644749751,1,33.536594087811196,1,FALSE,FALSE
full,8,8,4,z_bruto,yield_6m,embi_perc,-1,soft,0,0.19694881281837265,0.12149983125306778,0.020210953248720315,-0.06614117499097558,1,0.2450858252316214,1,FALSE,FALSE
full,8,8,4,z_bruto,yield_1y,yield_6m,1,hard,0,0.003545543397515895,0.004027704824260953,9.890106693419979e-4,-0.003213821183736109,3,0.004672200326639313,1,TRUE,FALSE
full,8,8,4,z_bruto,yield_1y,yield_2y,1,hard,0,0.006184394109546425,0.005028849679462733,7.282611530189259e-4,-0.002630384021930605,3,0.007136513246959917,1,TRUE,FALSE
full,8,8,4,z_bruto,yield_1y,yield_5y,1,hard,0,0.00617670039755871,0.0044467660298347575,5.044834614538825e-4,-0.0019895479071647864,1,0.006985950898731245,1,TRUE,FALSE
full,8,8,4,z_bruto,yield_1y,asset_ibov,-1,hard,0,-1.308501172103883,1.4589678473408514,1.2841395101216746,0.037565414902873295,1,-1.6007114447770996,-1,TRUE,FALSE
full,8,8,4,z_bruto,yield_1y,price_ipca,-1,ext,24,-0.05244044975674465,0.06798439345735763,-0.010441921557443223,-0.01824215228335083,5,0.10851988724975861,-1,TRUE,FALSE
full,8,8,4,z_bruto,yield_1y,pib,-1,ext,24,0.18053962112940525,0.11678071330978312,0.04107001795099485,-0.17837458470364442,0,0.18053962112940525,-1,TRUE,FALSE
full,8,8,4,z_bruto,yield_1y,vendas_varejo,-1,ext,24,-0.6174129049492204,-0.5219512077293492,-0.8956885623163945,-0.4961147717487399,11,-0.8969237362006162,-1,TRUE,FALSE
full,8,8,4,z_bruto,yield_1y,cambio_usd,-1,soft,0,0.08462839461866734,0.06023521787367507,0.0011545268466191152,0.0032890313853974596,1,0.12219497487437893,1,FALSE,FALSE
full,8,8,4,z_bruto,yield_1y,cds_5y,-1,soft,0,19.312559336531407,13.057675006385836,2.9025318277535694,-4.189763417172741,1,23.781089948641917,1,FALSE,FALSE
full,8,8,4,z_bruto,yield_1y,embi_perc,-1,soft,0,0.139658112587355,0.08615658489972196,0.014331762369700548,-0.046901281258639384,1,0.17379248589494192,1,FALSE,FALSE
full,8,8,4,z_bruto,yield_2y,yield_6m,1,hard,0,0.002866524460369434,0.003256345531119743,7.996019107315054e-4,-0.002598331483091572,3,0.003777411532867187,1,TRUE,FALSE
full,8,8,4,z_bruto,yield_2y,yield_2y,1,hard,0,0.005,0.004065757768978566,5.887894109907703e-4,-0.0021266303338190085,3,0.0057697756001220644,1,TRUE,TRUE
full,8,8,4,z_bruto,yield_2y,yield_5y,1,hard,0,0.00499377973666342,0.0035951509162155345,4.0786813753925053e-4,-0.0016085228980585648,1,0.0056480479534345264,1,TRUE,FALSE
full,8,8,4,z_bruto,yield_2y,asset_ibov,-1,hard,0,-1.0579057130948684,1.179556009447023,1.0382096349094543,0.030371135989608215,1,-1.2941538139574507,-1,TRUE,FALSE
full,8,8,4,z_bruto,yield_2y,price_ipca,-1,ext,24,-0.042397402904672525,0.05496447368418418,-0.008442154051376468,-0.014748536364452962,5,0.08773687876896777,-1,TRUE,FALSE
full,8,8,4,z_bruto,yield_2y,pib,-1,ext,24,0.14593865528795824,0.09440509308769052,0.03320325509224009,-0.1442381181762542,0,0.14593865528795824,-1,TRUE,FALSE
full,8,8,4,z_bruto,yield_2y,vendas_varejo,-1,ext,24,-0.49917008361107074,-0.42199057699415443,-0.7241522341968645,-0.4011021637373672,11,-0.7251508557775259,-1,TRUE,FALSE
full,8,8,4,z_bruto,yield_2y,cambio_usd,-1,soft,0,0.0684209262214,0.04869936877138383,9.334195283875516e-4,0.002659137926155456,1,0.09879300438320622,1,FALSE,FALSE
full,8,8,4,z_bruto,yield_2y,cds_5y,-1,soft,0,15.613946163877179,10.556955762432407,2.34665819831334,-3.3873677380176104,1,19.22669345403835,1,FALSE,FALSE
full,8,8,4,z_bruto,yield_2y,embi_perc,-1,soft,0,0.11291171787691727,0.06965644764353549,0.011587038370967973,-0.03791905918984132,1,0.14050890258325419,1,FALSE,FALSE
full,8,8,4,z_bruto,juros_selic,yield_6m,1,hard,0,0.03331179947355584,0.03784189908335563,0.00929215113187179,-0.030195136489230688,3,0.0438971923148187,1,TRUE,FALSE
full,8,8,4,z_bruto,juros_selic,yield_2y,1,hard,0,0.05810485822483207,0.047248055748601824,0.006842305049980219,-0.024713510808636156,3,0.06705039864683758,1,TRUE,FALSE
full,8,8,4,z_bruto,juros_selic,yield_5y,1,hard,0,0.058032572720973445,0.04177914685671575,0.004739824061228892,-0.018692598988617783,1,0.06563580511627322,1,TRUE,FALSE
full,8,8,4,z_bruto,juros_selic,asset_ibov,-1,hard,0,-12.29389229492344,13.707586939433588,12.0650047288137,0.352942110160656,1,-15.039324776224674,-1,TRUE,FALSE
full,8,8,4,z_bruto,juros_selic,price_ipca,-1,ext,24,-0.49269901697541607,0.638740590164407,-0.09810603285348427,-0.17139232289606393,5,1.0195877803920301,-1,TRUE,FALSE
full,8,8,4,z_bruto,juros_selic,pib,-1,ext,24,1.70915437660768,1.1025956571110829,0.3865351697494468,-1.663407122084437,0,1.70915437660768,-1,TRUE,FALSE
full,8,8,4,z_bruto,juros_selic,vendas_varejo,-1,ext,24,-5.800841387659767,-4.903940529692085,-8.41535258024084,-4.66119687152662,11,-8.426957533313757,-1,TRUE,FALSE
full,8,8,4,z_bruto,juros_selic,cambio_usd,-1,soft,0,0.7951176435412285,0.5659339836200145,0.010847241872249658,0.030901766439907347,1,1.148070702658282,1,FALSE,FALSE
full,8,8,4,z_bruto,juros_selic,cds_5y,-1,soft,0,181.4492256364488,122.6820835723918,27.270448383027297,-39.364504434576666,1,223.43285945584103,1,FALSE,FALSE
full,8,8,4,z_bruto,juros_selic,embi_perc,-1,soft,0,1.312143871832103,0.8094756029546134,0.13465264435815663,-0.4406563116489491,1,1.6328499727853452,1,FALSE,FALSE
full,8,8,4,z_bruto_purif,yield_3m,yield_6m,1,hard,0,0.007777183709550555,0.008635420894522796,0.002421494658741874,-0.0062980002860149225,3,0.010163095611315535,1,TRUE,FALSE
full,8,8,4,z_bruto_purif,yield_3m,yield_2y,1,hard,0,0.013821721766270887,0.011160788399074051,0.00216465036128477,-0.005046389845213687,3,0.015906212194817543,1,TRUE,FALSE
full,8,8,4,z_bruto_purif,yield_3m,yield_5y,1,hard,0,0.014138676564270458,0.010113297677842956,0.0017586442968674874,-0.003771047175938896,1,0.015980483678197183,1,TRUE,FALSE
full,8,8,4,z_bruto_purif,yield_3m,asset_ibov,-1,hard,0,-4.131520278895463,3.1559366680424397,2.7305898825303268,0.1424384166068054,0,-4.131520278895463,-1,TRUE,FALSE
full,8,8,4,z_bruto_purif,yield_3m,price_ipca,-1,ext,24,-0.11096061535050321,0.1644995550941604,-0.012569621051086218,-0.03359632766870705,5,0.25558501780523374,-1,TRUE,FALSE
full,8,8,4,z_bruto_purif,yield_3m,pib,-1,ext,24,0.36660476689451826,0.15285670393891948,0.04791104577188676,-0.35994342810421465,0,0.36660476689451826,-1,TRUE,FALSE
full,8,8,4,z_bruto_purif,yield_3m,vendas_varejo,-1,ext,24,-1.4740092086164065,-1.0854175259906567,-1.8708528784597382,-1.067804749157725,11,-1.8741551952397075,-1,TRUE,FALSE
full,8,8,4,z_bruto_purif,yield_3m,cambio_usd,-1,soft,0,0.19976302336513516,0.15567988881950032,0.020359576580882412,0.008747519751354143,1,0.2984153401187865,1,FALSE,FALSE
full,8,8,4,z_bruto_purif,yield_3m,cds_5y,-1,soft,0,47.01631787441438,31.25513815973183,8.833185513963368,-7.746275550110969,1,57.88828790056747,1,FALSE,FALSE
full,8,8,4,z_bruto_purif,yield_3m,embi_perc,-1,soft,0,0.3525657250494492,0.214531370856784,0.05339472470811746,-0.08986243138552183,1,0.43471525017052765,1,FALSE,FALSE
full,8,8,4,z_bruto_purif,yield_6m,yield_6m,1,hard,0,0.005,0.005551766048626514,0.0015567940460042267,-0.004049023734826296,3,0.006533917669216833,1,TRUE,TRUE
full,8,8,4,z_bruto_purif,yield_6m,yield_2y,1,hard,0,0.00888607128393888,0.007175340596216311,0.0013916672423634094,-0.0032443555621661656,3,0.01022620320469244,1,TRUE,FALSE
full,8,8,4,z_bruto_purif,yield_6m,yield_5y,1,hard,0,0.009089843503958799,0.0065019022666415885,0.0011306434067565056,-0.0024244297915374984,1,0.010273952805417721,1,TRUE,FALSE
full,8,8,4,z_bruto_purif,yield_6m,asset_ibov,-1,hard,0,-2.656180201723835,2.028971402698691,1.7555132966558973,0.09157454801529752,0,-2.656180201723835,-1,TRUE,FALSE
full,8,8,4,z_bruto_purif,yield_6m,price_ipca,-1,ext,24,-0.07133727290911304,0.10575779179045962,-0.008081087910814324,-0.02159928897362294,5,0.1643172048844427,-1,TRUE,FALSE
full,8,8,4,z_bruto_purif,yield_6m,pib,-1,ext,24,0.2355384753409906,0.09824572794090436,0.030799676310921953,-0.2315588412481806,0,0.2355384753409906,-1,TRUE,FALSE
full,8,8,4,z_bruto_purif,yield_6m,vendas_varejo,-1,ext,24,-0.9476497300727836,-0.6978217093275937,-1.2027830049599377,-0.6864983450541595,11,-1.2049060850512012,-1,TRUE,FALSE
full,8,8,4,z_bruto_purif,yield_6m,cambio_usd,-1,soft,0,0.12842889587385067,0.10008757323574725,0.013089298993850692,0.005623835104095583,1,0.19185308671076254,1,FALSE,FALSE
full,8,8,4,z_bruto_purif,yield_6m,cds_5y,-1,soft,0,30.227084527190282,20.09412361016355,5.678910158130905,-4.980128951176999,1,37.21674198687075,1,FALSE,FALSE
full,8,8,4,z_bruto_purif,yield_6m,embi_perc,-1,soft,0,0.22666670752324564,0.1379235587513091,0.0343278021339187,-0.05777311861308404,1,0.2794811505074052,1,FALSE,FALSE
full,8,8,4,z_bruto_purif,yield_1y,yield_6m,1,hard,0,0.003522877497124393,0.00391163833640111,0.0010968789424651054,-0.0028528429201484244,3,0.004603638304989489,1,TRUE,FALSE
full,8,8,4,z_bruto_purif,yield_1y,yield_2y,1,hard,0,0.0062609081128063085,0.005055569184122714,9.805346423214427e-4,-0.002285893440525109,3,0.007205132230166469,1,TRUE,FALSE
full,8,8,4,z_bruto_purif,yield_1y,yield_5y,1,hard,0,0.006404481026495758,0.004581081036730747,7.966236429869111e-4,-0.001708193831193087,1,0.007238775428944823,1,TRUE,FALSE
full,8,8,4,z_bruto_purif,yield_1y,asset_ibov,-1,hard,0,-1.8714794921920457,1.4295635393752266,1.2368916577383438,0.06452118290248578,0,-1.8714794921920457,-1,TRUE,FALSE
full,8,8,4,z_bruto_purif,yield_1y,price_ipca,-1,ext,24,-0.05026249468754718,0.07451434896883541,-0.00569373655065835,-0.015218329815812658,5,0.1157738766955563,-1,TRUE,FALSE
full,8,8,4,z_bruto_purif,yield_1y,pib,-1,ext,24,0.16589695874029697,0.06921149159317963,0.021699710179223786,-0.16320654627816067,0,0.16589695874029697,-1,TRUE,FALSE
full,8,8,4,z_bruto_purif,yield_1y,vendas_varejo,-1,ext,24,-0.6676907818458829,-0.49166807935901174,-0.8474514364194043,-0.4836899143208871,11,-0.8489473066350253,-1,TRUE,FALSE
full,8,8,4,z_bruto_purif,yield_1y,cambio_usd,-1,soft,0,0.09048785345090407,0.07051925189880073,0.00922239937571391,0.003962416427151309,1,0.13517498438544007,1,FALSE,FALSE
full,8,8,4,z_bruto_purif,yield_1y,cds_5y,-1,soft,0,21.297263176903112,14.157827178136227,4.0012209608540985,-3.508876842975831,1,26.22200457236631,1,FALSE,FALSE
full,8,8,4,z_bruto_purif,yield_1y,embi_perc,-1,soft,0,0.15970380865618367,0.09717756028966018,0.024186528332664183,-0.04070552390014644,1,0.19691557119859465,1,FALSE,FALSE
full,8,8,4,z_bruto_purif,yield_2y,yield_6m,1,hard,0,0.002813391790496462,0.0031238586047925634,8.759743177044125e-4,-0.002278298027017125,3,0.003676494066070883,1,TRUE,FALSE
full,8,8,4,z_bruto_purif,yield_2y,yield_2y,1,hard,0,0.005,0.004037408865482191,7.830610389536132e-4,-0.0018255286608099648,3,0.005754063228806064,1,TRUE,TRUE
full,8,8,4,z_bruto_purif,yield_2y,yield_5y,1,hard,0,0.005114658218187055,0.0036584796919159565,6.361885757095409e-4,-0.0013641741744293294,1,0.005780930895742061,1,TRUE,FALSE
full,8,8,4,z_bruto_purif,yield_2y,asset_ibov,-1,hard,0,-1.4945751147218147,1.1416582975009177,0.9877893393838164,0.05152701632093243,0,-1.4945751147218147,-1,TRUE,FALSE
full,8,8,4,z_bruto_purif,yield_2y,price_ipca,-1,ext,24,-0.04013993959178085,0.059507620640862645,-0.004547053277313045,-0.012153452455790309,5,0.09245773505184325,-1,TRUE,FALSE
full,8,8,4,z_bruto_purif,yield_2y,pib,-1,ext,24,0.1324642212803484,0.05526887479330167,0.017329144327371537,-0.13035919301940257,0,0.1324642212803484,-1,TRUE,FALSE
full,8,8,4,z_bruto_purif,yield_2y,vendas_varejo,-1,ext,24,-0.5332219941705916,-0.39264917365049207,-0.6767799663805907,-0.38627776163295596,11,-0.6779745776004562,-1,TRUE,FALSE
full,8,8,4,z_bruto_purif,yield_2y,cambio_usd,-1,soft,0,0.07226416026280327,0.056317111374432946,0.007365065266530626,0.0031644103025936653,1,0.10795157982669304,1,FALSE,FALSE
full,8,8,4,z_bruto_purif,yield_2y,cds_5y,-1,soft,0,17.00812629188795,11.30652848041105,3.1953998435704905,-2.8022107813710244,1,20.94105527497743,1,FALSE,FALSE
full,8,8,4,z_bruto_purif,yield_2y,embi_perc,-1,soft,0,0.12754045082495238,0.07760660158139789,0.019315511341870758,-0.0325076835234858,1,0.15725799488720793,1,FALSE,FALSE
full,8,8,4,z_bruto_purif,juros_selic,yield_6m,1,hard,0,0.0323144811181104,0.03588048783010157,0.010061398360878056,-0.02616842020516504,3,0.04222803182983905,1,TRUE,FALSE
full,8,8,4,z_bruto_purif,juros_selic,yield_2y,1,hard,0,0.0574297565438052,0.0463734816424886,0.008994200965209032,-0.020967933310811003,3,0.06609089007359878,1,TRUE,FALSE
full,8,8,4,z_bruto_purif,juros_selic,yield_5y,1,hard,0,0.058746715255051006,0.042021119605437765,0.0073072310037898235,-0.015668838144164563,1,0.06639949078780566,1,TRUE,FALSE
full,8,8,4,z_bruto_purif,juros_selic,asset_ibov,-1,hard,0,-17.166616994980707,13.113031616338567,11.345700255475746,0.5918368005479653,0,-17.166616994980707,-1,TRUE,FALSE
full,8,8,4,z_bruto_purif,juros_selic,price_ipca,-1,ext,24,-0.4610453916878044,0.6835016331811717,-0.05222723254155994,-0.13959396314054975,5,1.0619650429238003,-1,TRUE,FALSE
full,8,8,4,z_bruto_purif,juros_selic,pib,-1,ext,24,1.5320887429101315,0.6366583498210732,0.1992226489896609,-1.4871078165088925,0,1.5320887429101315,-1,TRUE,FALSE
full,8,8,4,z_bruto_purif,juros_selic,vendas_varejo,-1,ext,24,-6.124561861803877,-4.50994928997481,-7.773461740592399,-4.436767561773335,11,-7.787182986896673,-1,TRUE,FALSE
full,8,8,4,z_bruto_purif,juros_selic,cambio_usd,-1,soft,0,0.8300226261470628,0.6468555990968093,0.08459478103721792,0.03634626265653263,1,1.2399265895932268,1,FALSE,FALSE
full,8,8,4,z_bruto_purif,juros_selic,cds_5y,-1,soft,0,195.3545104418835,129.8662355971213,36.702207015273295,-32.18605659171281,1,240.5279412424643,1,FALSE,FALSE
full,8,8,4,z_bruto_purif,juros_selic,embi_perc,-1,soft,0,1.4649234080728348,0.8913856470023537,0.22185702277654917,-0.37338167011137136,1,1.806257672187863,1,FALSE,FALSE
full,8,8,4,z_jk,yield_3m,yield_6m,1,hard,0,0.008736491564552374,0.005546173258199254,-0.001329301903776483,-0.006776995808294666,2,0.010204899162260885,1,TRUE,FALSE
full,8,8,4,z_jk,yield_3m,yield_2y,1,hard,0,0.018651369703440605,0.010603291971814914,7.375933275463825e-4,-0.004514044532706261,1,0.02134365370183415,1,TRUE,FALSE
full,8,8,4,z_jk,yield_3m,yield_5y,1,hard,0,0.02112090283424557,0.011095306820743216,0.001617388281382168,-0.0030558957731162224,1,0.0236027065024694,1,TRUE,FALSE
full,8,8,4,z_jk,yield_3m,asset_ibov,-1,hard,0,-12.690702472429214,3.4792182451223606,1.8120212811069687,-0.5790806945601951,0,-12.690702472429214,-1,TRUE,FALSE
full,8,8,4,z_jk,yield_3m,price_ipca,-1,ext,24,-0.0221776891167399,0.25341188838245315,0.014375191761533332,-0.003465584285702019,5,0.37681906739894216,-1,TRUE,FALSE
full,8,8,4,z_jk,yield_3m,pib,-1,ext,24,0.27308484074051176,-0.5432896372655316,-0.4308433932857847,-0.42960549573347606,5,-0.6300734117232198,-1,TRUE,FALSE
full,8,8,4,z_jk,yield_3m,vendas_varejo,-1,ext,24,-1.5475471086655623,-1.2424050417134505,-1.74033130075335,-0.8553503876563402,3,-2.5662549522603344,-1,TRUE,FALSE
full,8,8,4,z_jk,yield_3m,cambio_usd,-1,soft,0,0.3715875898532973,0.27270424419280515,0.07586499058158232,0.007963260574937753,1,0.5380398331963373,1,FALSE,FALSE
full,8,8,4,z_jk,yield_3m,cds_5y,-1,soft,0,83.27743478458551,40.250710582308145,9.43090209156905,-8.979801856333031,1,99.69168617199713,1,FALSE,FALSE
full,8,8,4,z_jk,yield_3m,embi_perc,-1,soft,0,0.6589025944268475,0.28711855182057283,0.051014917788143495,-0.11129672082625579,1,0.7782365458600059,1,FALSE,FALSE
full,8,8,4,z_jk,yield_6m,yield_6m,1,hard,0,0.005,0.003174142169782671,-7.607755893510051e-4,-0.0038785568315499743,2,0.0058403874638112505,1,TRUE,TRUE
full,8,8,4,z_jk,yield_6m,yield_2y,1,hard,0,0.010674404917368126,0.006068392496844464,4.2213360025385323e-4,-0.002583442391807279,1,0.012215231677458685,1,TRUE,FALSE
full,8,8,4,z_jk,yield_6m,yield_5y,1,hard,0,0.01208774865641831,0.006349978557617768,9.256509145757054e-4,-0.0017489261853781666,1,0.013508114972740045,1,TRUE,FALSE
full,8,8,4,z_jk,yield_6m,asset_ibov,-1,hard,0,-7.263042823689513,1.9911987663554866,1.0370417390769897,-0.3314148993800723,0,-7.263042823689513,-1,TRUE,FALSE
full,8,8,4,z_jk,yield_6m,price_ipca,-1,ext,24,-0.012692560253090684,0.1450306948218504,0.008227096458182103,-0.001983395886149169,5,0.21565811894551346,-1,TRUE,FALSE
full,8,8,4,z_jk,yield_6m,pib,-1,ext,24,0.15619861291551462,-0.31129341802792476,-0.24680454169906385,-0.24609477032435656,5,-0.3610859730173388,-1,TRUE,FALSE
full,8,8,4,z_jk,yield_6m,vendas_varejo,-1,ext,24,-0.8856799650242968,-0.7110434620886095,-0.996012694509205,-0.4895273928534751,3,-1.4686988096415678,-1,TRUE,FALSE
full,8,8,4,z_jk,yield_6m,cambio_usd,-1,soft,0,0.21266408094582537,0.15607194385631937,0.04341845351822838,0.004557470533851401,1,0.30792671704703034,1,FALSE,FALSE
full,8,8,4,z_jk,yield_6m,cds_5y,-1,soft,0,47.6606851670739,23.035969464917834,5.39741956017802,-5.139249428665318,1,57.05476016052502,1,FALSE,FALSE
full,8,8,4,z_jk,yield_6m,embi_perc,-1,soft,0,0.3770979400359596,0.16432142679879286,0.02919645570032512,-0.0636964621346591,1,0.44539420665020696,1,FALSE,FALSE
full,8,8,4,z_jk,yield_1y,yield_6m,1,hard,0,0.0032026318538373208,0.002033121764310858,-4.8729682721547783e-4,-0.0024843179311280594,2,0.003740922186070815,1,TRUE,FALSE
full,8,8,4,z_jk,yield_1y,yield_2y,1,hard,0,0.006837237841824178,0.003886965422396294,2.703877029496041e-4,-0.0016547629793111334,1,0.007824178014446374,1,TRUE,FALSE
full,8,8,4,z_jk,yield_1y,yield_5y,1,hard,0,0.00774252177764491,0.004067328719962126,5.929038209107605e-4,-0.0011202333422604622,1,0.008652303859398823,1,TRUE,FALSE
full,8,8,4,z_jk,yield_1y,asset_ibov,-1,hard,0,-4.652170460586517,1.2754153192903315,0.6642525814653636,-0.212279982718182,0,-4.652170460586517,-1,TRUE,FALSE
full,8,8,4,z_jk,yield_1y,price_ipca,-1,ext,24,-0.00812991955465954,0.09289598460412349,0.005269672236313241,-0.0012704173687502456,5,0.13813471225470783,-1,TRUE,FALSE
full,8,8,4,z_jk,yield_1y,pib,-1,ext,24,0.1000212620226204,-0.19950336235071697,-0.1581550221350314,-0.15769999141219682,5,-0.23143543901721353,-1,TRUE,FALSE
full,8,8,4,z_jk,yield_1y,vendas_varejo,-1,ext,24,-0.5673013736584673,-0.45544208822954996,-0.637972396452304,-0.313555204335695,3,-0.9407403182902081,-1,TRUE,FALSE
full,8,8,4,z_jk,yield_1y,cambio_usd,-1,soft,0,0.13621695196082773,0.09996819577691164,0.02781066445636666,0.0029191800609274943,1,0.19723518253247416,1,FALSE,FALSE
full,8,8,4,z_jk,yield_1y,cds_5y,-1,soft,0,30.527925698356547,14.755145918473941,3.457189562390149,-3.2918247850117592,1,36.54507846062919,1,FALSE,FALSE
full,8,8,4,z_jk,yield_1y,embi_perc,-1,soft,0,0.24154117495511998,0.10525220714676228,0.018701099809002288,-0.040799263721840395,1,0.28528673474651095,1,FALSE,FALSE
full,8,8,4,z_jk,yield_2y,yield_6m,1,hard,0,0.00234205093338018,0.0014868005262841785,-3.5635503582647545e-4,-0.0018167555294999378,2,0.0027356969821842082,1,TRUE,FALSE
full,8,8,4,z_jk,yield_2y,yield_2y,1,hard,0,0.005,0.0028424968622703713,1.9773167849713452e-4,-0.0012101107330132325,1,0.00572173895032945,1,TRUE,TRUE
full,8,8,4,z_jk,yield_2y,yield_5y,1,hard,0,0.005662024604645903,0.0029743946415625644,4.3358431769324957e-4,-8.192148409755944e-4,1,0.00632733865602252,1,TRUE,FALSE
full,8,8,4,z_jk,yield_2y,asset_ibov,-1,hard,0,-3.4020832448804472,0.9326977858576659,0.48576091459189363,-0.15523811488583933,0,-3.4020832448804472,-1,TRUE,FALSE
full,8,8,4,z_jk,yield_2y,price_ipca,-1,ext,24,-0.005945324517547041,0.06793385483525814,0.003853655787778833,-9.290428372836139e-4,5,0.10101645975347072,-1,TRUE,FALSE
full,8,8,4,z_jk,yield_2y,pib,-1,ext,24,0.07313466986076378,-0.1459338461459847,-0.11568169382878413,-0.11534879330121761,5,-0.16929897625005408,-1,TRUE,FALSE
full,8,8,4,z_jk,yield_2y,vendas_varejo,-1,ext,24,-0.4148615177522559,-0.3330600008117004,-0.4665424921667583,-0.22929961746952945,3,-0.6879534835950786,-1,TRUE,FALSE
full,8,8,4,z_jk,yield_2y,cambio_usd,-1,soft,0,0.09961402185512168,0.07310568835663035,0.020337645917658142,0.002134765623531868,1,0.1442360110145384,1,FALSE,FALSE
full,8,8,4,z_jk,yield_2y,cds_5y,-1,soft,0,22.32475043621686,10.790282757325626,2.5282063037518743,-2.4072767842558327,1,26.72503085754798,1,FALSE,FALSE
full,8,8,4,z_jk,yield_2y,embi_perc,-1,soft,0,0.17663651648739243,0.07696983020169512,0.013675917264867903,-0.029836071719098727,1,0.20862718348144835,1,FALSE,FALSE
full,8,8,4,z_jk,juros_selic,yield_6m,1,hard,0,0.5121407527737095,0.3251215120486545,-0.07792483660441724,-0.3972734030771235,2,0.598220086441286,1,TRUE,FALSE
full,8,8,4,z_jk,juros_selic,yield_2y,1,hard,0,1.0933595539584597,0.6215742202920509,0.043238363961016914,-0.26461722625753853,1,1.2511835893197907,1,TRUE,FALSE
full,8,8,4,z_jk,juros_selic,yield_5y,1,hard,0,1.2381257392474936,0.6504165597190557,0.09481271123929488,-0.17913927462504528,1,1.3836112341385804,1,TRUE,FALSE
full,8,8,4,z_jk,juros_selic,asset_ibov,-1,hard,0,-743.940043830407,203.95480702467611,106.22226738172927,-33.946215209786686,0,-743.940043830407,-1,TRUE,FALSE
full,8,8,4,z_jk,juros_selic,price_ipca,-1,ext,24,-1.3000754725287056,14.85522584427132,0.8426862746470604,-0.20315557243614282,5,22.08946227570349,-1,TRUE,FALSE
full,8,8,4,z_jk,juros_selic,pib,-1,ext,24,17.335425087104728,-27.33783810154067,-22.361736922367946,-22.305133390917252,5,-30.962685709812998,-1,TRUE,FALSE
full,8,8,4,z_jk,juros_selic,vendas_varejo,-1,ext,24,-90.71856080082722,-72.830866785777,-102.01973822762301,-50.14138549586603,3,-150.43610279353672,-1,TRUE,FALSE
full,8,8,4,z_jk,juros_selic,cambio_usd,-1,soft,0,21.782788500704818,15.986160562686303,4.44727189381916,0.46681327799013117,1,31.540364133520637,1,FALSE,FALSE
full,8,8,4,z_jk,juros_selic,cds_5y,-1,soft,0,4881.795835835199,2359.531748527041,552.847703317023,-526.4038142177025,1,5844.013563586947,1,FALSE,FALSE
full,8,8,4,z_jk,juros_selic,embi_perc,-1,soft,0,38.625444575886306,16.831139843516755,2.9905389601377537,-6.52431081333328,1,45.620904854977226,1,FALSE,FALSE
full,8,8,4,z_jk_purif,yield_3m,yield_6m,1,hard,0,0.008762240350636979,0.005165018907058148,-0.0011667667049782167,-0.005888886127899192,1,0.0103036640515611,1,TRUE,FALSE
full,8,8,4,z_jk_purif,yield_3m,yield_2y,1,hard,0,0.019168574118974095,0.010729841784126788,0.0013773891157484177,-0.0036254082404204675,1,0.022007013732588503,1,TRUE,FALSE
full,8,8,4,z_jk_purif,yield_3m,yield_5y,1,hard,0,0.02217301860280447,0.011580373290397926,0.002411535838758612,-0.002318327363773469,1,0.024761767023904244,1,TRUE,FALSE
full,8,8,4,z_jk_purif,yield_3m,asset_ibov,-1,hard,0,-14.92600943851013,3.401899195835452,1.6611727124960531,-0.5280526337924387,0,-14.92600943851013,-1,TRUE,FALSE
full,8,8,4,z_jk_purif,yield_3m,price_ipca,-1,ext,24,0.005923305240981713,0.27504228078701154,0.02722151331439314,0.005230307937117755,5,0.39976672609528185,1,FALSE,FALSE
full,8,8,4,z_jk_purif,yield_3m,pib,-1,ext,24,0.22213095808365502,-0.6991526008469862,-0.4985354358830629,-0.39441140788437634,5,-0.80016180687007,-1,TRUE,FALSE
full,8,8,4,z_jk_purif,yield_3m,vendas_varejo,-1,ext,24,-1.6978132783171407,-1.2011617095196248,-1.6268901405,-0.8280971494428291,1,-2.924790704264501,-1,TRUE,FALSE
full,8,8,4,z_jk_purif,yield_3m,cambio_usd,-1,soft,0,0.39111760455325517,0.3065791560366596,0.09989098116339525,0.00973906654607856,2,0.5879406444267943,1,FALSE,FALSE
full,8,8,4,z_jk_purif,yield_3m,cds_5y,-1,soft,0,90.71672411082798,44.02119987758124,12.508441766222617,-7.283300966951077,1,108.77777711912405,1,FALSE,FALSE
full,8,8,4,z_jk_purif,yield_3m,embi_perc,-1,soft,0,0.7329116915597748,0.3235549350161418,0.07799544020986915,-0.09646731785962118,1,0.862392656502483,1,FALSE,FALSE
full,8,8,4,z_jk_purif,yield_6m,yield_6m,1,hard,0,0.005,0.0029473163827802747,-6.657924562029377e-4,-0.0033603769653905327,1,0.0058795830970398266,1,TRUE,TRUE
full,8,8,4,z_jk_purif,yield_6m,yield_2y,1,hard,0,0.010938169550199921,0.006122773032211319,7.859799894945175e-4,-0.0020687678580723454,1,0.01255786925029321,1,TRUE,FALSE
full,8,8,4,z_jk_purif,yield_6m,yield_5y,1,hard,0,0.01265259666221812,0.006608112096329383,0.0013760954631787195,-0.0013229078814329354,1,0.014129814997658769,1,TRUE,FALSE
full,8,8,4,z_jk_purif,yield_6m,asset_ibov,-1,hard,0,-8.517233516326147,1.9412268208256513,0.9479155136250587,-0.301322842481747,0,-8.517233516326147,-1,TRUE,FALSE
full,8,8,4,z_jk_purif,yield_6m,price_ipca,-1,ext,24,0.0033800175548432164,0.156947464221874,0.01553342080625205,0.002984572282782413,5,0.22811901414358057,1,FALSE,FALSE
full,8,8,4,z_jk_purif,yield_6m,pib,-1,ext,24,0.1266942762448542,-0.3995584997807611,-0.28478463250819486,-0.22525403646188602,5,-0.45738394495219437,-1,TRUE,FALSE
full,8,8,4,z_jk_purif,yield_6m,vendas_varejo,-1,ext,24,-0.9688237313609623,-0.6854192885911337,-0.9283528386560019,-0.4725373399410516,1,-1.6689742504334988,-1,TRUE,FALSE
full,8,8,4,z_jk_purif,yield_6m,cambio_usd,-1,soft,0,0.22318356316533966,0.17494336138267,0.05700082237308955,0.005557406642794598,2,0.3354967570502979,1,FALSE,FALSE
full,8,8,4,z_jk_purif,yield_6m,cds_5y,-1,soft,0,51.7657131513365,25.11983129655938,7.13769610606111,-4.156072348792403,1,62.071897577664814,1,FALSE,FALSE
full,8,8,4,z_jk_purif,yield_6m,embi_perc,-1,soft,0,0.41822163181502725,0.1846302555445313,0.044506562870190614,-0.055047176292424116,1,0.49210739604956777,1,FALSE,FALSE
full,8,8,4,z_jk_purif,yield_1y,yield_6m,1,hard,0,0.00316978104087997,0.001868469518322369,-4.220832609665959e-4,-0.0021303318390209353,1,0.0037273982058550355,1,TRUE,FALSE
full,8,8,4,z_jk_purif,yield_1y,yield_2y,1,hard,0,0.006934320492430859,0.003881569975022921,4.982768938421518e-4,-0.0013115082268999171,1,0.007961139172685795,1,TRUE,FALSE
full,8,8,4,z_jk_purif,yield_1y,yield_5y,1,hard,0,0.008021192203560037,0.004189253687790894,8.723842619249692e-4,-8.386656642793611e-4,1,0.008957683938144046,1,TRUE,FALSE
full,8,8,4,z_jk_purif,yield_1y,asset_ibov,-1,hard,0,-5.399553064159612,1.2306527945401695,0.6009369246889419,-0.19102548665654062,0,-5.399553064159612,-1,TRUE,FALSE
full,8,8,4,z_jk_purif,yield_1y,price_ipca,-1,ext,24,0.0021427831126367,0.09949781930093671,0.009847508554333641,0.0018920881274199087,5,0.1446174652193103,1,FALSE,FALSE
full,8,8,4,z_jk_purif,yield_1y,pib,-1,ext,24,0.08030000955896455,-0.2534881642802356,-0.18063520925818422,-0.14286012711801632,5,-0.2902046287090121,-1,TRUE,FALSE
full,8,8,4,z_jk_purif,yield_1y,vendas_varejo,-1,ext,24,-0.6141918191245135,-0.43452581320592243,-0.5885350454437793,-0.2995679802505998,1,-1.0580565873481924,-1,TRUE,FALSE
full,8,8,4,z_jk_purif,yield_1y,cambio_usd,-1,soft,0,0.14148860543150618,0.11090643002772006,0.036136025214557214,0.0035231524425581437,2,0.21269025195494956,1,FALSE,FALSE
full,8,8,4,z_jk_purif,yield_1y,cds_5y,-1,soft,0,32.81719522294747,15.924872998787446,4.524986758511059,-2.6347678671455284,1,39.35086482262505,1,FALSE,FALSE
full,8,8,4,z_jk_purif,yield_1y,embi_perc,-1,soft,0,0.2651341998826313,0.11704749671957584,0.028215211836132528,-0.03489749915314066,1,0.31197453881494613,1,FALSE,FALSE
full,8,8,4,z_jk_purif,yield_2y,yield_6m,1,hard,0,0.0022855743719517557,0.001347262158103229,-3.0434363498724925e-4,-0.0015360782944387225,1,0.002687644888870992,1,TRUE,FALSE
full,8,8,4,z_jk_purif,yield_2y,yield_2y,1,hard,0,0.005,0.0027988106255399064,3.5928314417111586e-4,-9.456645595855359e-4,1,0.005740388824958234,1,TRUE,TRUE
full,8,8,4,z_jk_purif,yield_2y,yield_5y,1,hard,0,0.005783690133961611,0.003020666330870965,0.00062903370480007245,-6.047208700512218e-4,1,0.006458948607813688,1,TRUE,FALSE
full,8,8,4,z_jk_purif,yield_2y,asset_ibov,-1,hard,0,-3.8933541289687157,0.8873636543648983,0.4333062809433839,-0.13773915329198733,0,-3.8933541289687157,-1,TRUE,FALSE
full,8,8,4,z_jk_purif,yield_2y,price_ipca,-1,ext,24,0.0015450563000193387,0.07174302039366606,0.007100557700702373,0.001364292384153006,5,0.10427659449629358,1,FALSE,FALSE
full,8,8,4,z_jk_purif,yield_2y,pib,-1,ext,24,0.05789393444277646,-0.18284263221656216,-0.13028007124250562,-0.10303000126593576,5,-0.20933719328496414,-1,TRUE,FALSE
full,8,8,4,z_jk_purif,yield_2y,vendas_varejo,-1,ext,24,-0.4428637382674576,-0.3133153520090599,-0.4243638912321642,-0.21600384679190449,1,-0.7629129548476392,-1,TRUE,FALSE
full,8,8,4,z_jk_purif,yield_2y,cambio_usd,-1,soft,0,0.10202052644231524,0.07996921266386499,0.026055923759221545,0.0025403732394571553,2,0.1533605579574171,1,FALSE,FALSE
full,8,8,4,z_jk_purif,yield_2y,cds_5y,-1,soft,0,23.66287746490013,11.48264852783355,3.262747058958622,-1.8998024896754506,1,28.37398766438499,1,FALSE,FALSE
full,8,8,4,z_jk_purif,yield_2y,embi_perc,-1,soft,0,0.19117532869445383,0.08439723607189686,0.020344611895953452,-0.025162883076454964,1,0.22494961053176096,1,FALSE,FALSE
full,8,8,4,z_jk_purif,juros_selic,yield_6m,1,hard,0,0.4133291134789708,0.24364233352732353,-0.055038281136669344,-0.27778832641200457,1,0.48604057382508253,1,TRUE,FALSE
full,8,8,4,z_jk_purif,juros_selic,yield_2y,1,hard,0,0.9042127846533611,0.5061440698873708,0.06497368245399593,-0.17101639695416634,1,1.038106592881704,1,TRUE,FALSE
full,8,8,4,z_jk_purif,juros_selic,yield_5y,1,hard,0,1.04593731232032,0.5462650229090973,0.11375606357161877,-0.10935926836940371,1,1.168052781320833,1,TRUE,FALSE
full,8,8,4,z_jk_purif,juros_selic,asset_ibov,-1,hard,0,-704.0841157192926,160.47311218269346,78.36021577992175,-24.90910067078881,0,-704.0841157192926,-1,TRUE,FALSE
full,8,8,4,z_jk_purif,juros_selic,price_ipca,-1,ext,24,0.27941193189734104,12.974191249919931,1.284083010228792,0.24672212315127254,5,18.85764597673259,1,FALSE,FALSE
full,8,8,4,z_jk_purif,juros_selic,pib,-1,ext,24,11.034033504372175,-28.17660673376352,-21.002613514911772,-17.00735018007399,5,-31.543216078876533,-1,TRUE,FALSE
full,8,8,4,z_jk_purif,juros_selic,vendas_varejo,-1,ext,24,-80.08861080016302,-56.66074938295203,-76.74305115947425,-39.062687960709184,1,-137.96712947018153,-1,TRUE,FALSE
full,8,8,4,z_jk_purif,juros_selic,cambio_usd,-1,soft,0,18.449652861241542,14.461836893866039,4.712019875808277,0.4594075921816868,2,27.734115433333855,1,FALSE,FALSE
full,8,8,4,z_jk_purif,juros_selic,cds_5y,-1,soft,0,4279.255265089722,2076.5515201096387,590.043520760108,-343.5651398961655,1,5131.224479546734,1,FALSE,FALSE
full,8,8,4,z_jk_purif,juros_selic,embi_perc,-1,soft,0,34.572635263166745,15.26261196912339,3.679171635026393,-4.550520115293655,1,40.68046274912252,1,FALSE,FALSE
full,8,8,4,z_jk_raw_purif,yield_3m,yield_6m,1,hard,0,0.007781501588864694,0.009999961858486511,0.003951927333070692,-0.004342299061062837,3,0.010875892752906782,1,TRUE,FALSE
full,8,8,4,z_jk_raw_purif,yield_3m,yield_2y,1,hard,0,0.0133986599944076,0.011226881941239502,0.002462415735359015,-0.0038782165391564255,3,0.015555636226504316,1,TRUE,FALSE
full,8,8,4,z_jk_raw_purif,yield_3m,yield_5y,1,hard,0,0.013106398543739399,0.00947967241878555,0.00149224549634946,-0.0030852722950612814,1,0.01486485724496252,1,TRUE,FALSE
full,8,8,4,z_jk_raw_purif,yield_3m,asset_ibov,-1,hard,0,-3.4606593281352134,3.0283874435299567,2.5885585081573335,0.1623797061141915,1,-3.581395102108446,-1,TRUE,FALSE
full,8,8,4,z_jk_raw_purif,yield_3m,price_ipca,-1,ext,24,-0.11581711177806125,0.1316069722405831,-0.022735772298966964,-0.03462236222893477,5,0.21858782442763106,-1,TRUE,FALSE
full,8,8,4,z_jk_raw_purif,yield_3m,pib,-1,ext,24,0.5355110983160216,0.41956541325964825,0.23458108557317114,-0.21658450273621677,0,0.5355110983160216,-1,TRUE,FALSE
full,8,8,4,z_jk_raw_purif,yield_3m,vendas_varejo,-1,ext,24,-0.48958892838666884,-0.628601296977465,-1.4675750464753694,-0.7366970658845358,12,-1.4675750464753694,-1,TRUE,FALSE
full,8,8,4,z_jk_raw_purif,yield_3m,cambio_usd,-1,soft,0,0.16633939706920509,0.09704683003399116,-0.0224957257875322,-0.005582021231096066,1,0.22356000679151936,1,FALSE,FALSE
full,8,8,4,z_jk_raw_purif,yield_3m,cds_5y,-1,soft,0,37.204637080300735,25.087929731069575,5.817478521122679,-6.498468101487587,1,44.772740291036214,1,FALSE,FALSE
full,8,8,4,z_jk_raw_purif,yield_3m,embi_perc,-1,soft,0,0.2614982224817042,0.16800742186853682,0.041683906339770226,-0.06602438574488739,1,0.3194323244258374,1,FALSE,FALSE
full,8,8,4,z_jk_raw_purif,yield_6m,yield_6m,1,hard,0,0.005,0.006425470549794932,0.0025393089546662108,-0.002790142115550458,3,0.00698829951308508,1,TRUE,TRUE
full,8,8,4,z_jk_raw_purif,yield_6m,yield_2y,1,hard,0,0.008609302357260356,0.007213827442575568,0.0015822240137319543,-0.0024919461204673805,3,0.00999526636913137,1,TRUE,FALSE
full,8,8,4,z_jk_raw_purif,yield_6m,yield_5y,1,hard,0,0.00842150990658064,0.006091158827462642,9.588416061527632e-4,-0.001982440188328367,1,0.009551406675951907,1,TRUE,FALSE
full,8,8,4,z_jk_raw_purif,yield_6m,asset_ibov,-1,hard,0,-2.223644940898944,1.9458888550916513,1.6632769900487805,0.10433699990921831,1,-2.3012236527930625,-1,TRUE,FALSE
full,8,8,4,z_jk_raw_purif,yield_6m,price_ipca,-1,ext,24,-0.07441822793160849,0.08456399496783006,-0.014608859253785793,-0.022246581738465027,5,0.1404534985512498,-1,TRUE,FALSE
full,8,8,4,z_jk_raw_purif,yield_6m,pib,-1,ext,24,0.3437638584356417,0.2693897733364814,0.15066683319651109,-0.1392201880840438,0,0.3437638584356417,-1,TRUE,FALSE
full,8,8,4,z_jk_raw_purif,yield_6m,vendas_varejo,-1,ext,24,-0.314585123960695,-0.40390745269331546,-0.9429896207792756,-0.47336433557936125,12,-0.9429896207792756,-1,TRUE,FALSE
full,8,8,4,z_jk_raw_purif,yield_6m,cambio_usd,-1,soft,0,0.10688129737532683,0.06235739267396983,-0.01445461748650384,-0.003586724983185715,1,0.1436483718717176,1,FALSE,FALSE
full,8,8,4,z_jk_raw_purif,yield_6m,cds_5y,-1,soft,0,23.90582116794814,16.120236849254347,3.738017948520035,-4.175587466811597,1,28.768702145551117,1,FALSE,FALSE
full,8,8,4,z_jk_raw_purif,yield_6m,embi_perc,-1,soft,0,0.16802555361288327,0.1079530858857338,0.026783973416788724,-0.042423936428521776,1,0.20525108218376784,1,FALSE,FALSE
full,8,8,4,z_jk_raw_purif,yield_1y,yield_6m,1,hard,0,0.003556979811036075,0.004571053804405489,0.0018064541371461663,-0.001984895834986893,3,0.004971448056303373,1,TRUE,FALSE
full,8,8,4,z_jk_raw_purif,yield_1y,yield_2y,1,hard,0,0.006124622934376075,0.005131887714707859,0.0011255877746762055,-0.0017727604081384286,3,0.007110592136185628,1,TRUE,FALSE
full,8,8,4,z_jk_raw_purif,yield_1y,yield_5y,1,hard,0,0.005991028143229528,0.004333225795019758,6.821160470133564e-4,-0.0014102999452941108,1,0.006794832142671224,1,TRUE,FALSE
full,8,8,4,z_jk_raw_purif,yield_1y,asset_ibov,-1,hard,0,-1.5818920323380101,1.3842974744162213,1.1832485347528725,0.07422492044423247,1,-1.637081214732723,-1,TRUE,FALSE
full,8,8,4,z_jk_raw_purif,yield_1y,price_ipca,-1,ext,24,-0.05294082686516247,0.06015848456822555,-0.010392683485596724,-0.015826128421656788,5,0.09991805174723604,-1,TRUE,FALSE
full,8,8,4,z_jk_raw_purif,yield_1y,pib,-1,ext,24,0.24443108748850584,0.19156838484244432,0.10716048845165194,-0.09906058859772138,0,0.24443108748850584,-1,TRUE,FALSE
full,8,8,4,z_jk_raw_purif,yield_1y,vendas_varejo,-1,ext,24,-0.2237945869560946,-0.28733813095142635,-0.6708390086256896,-0.3367494769840587,12,-0.6708390086256896,-1,TRUE,FALSE
full,8,8,4,z_jk_raw_purif,yield_1y,cambio_usd,-1,soft,0,0.07603492338827611,0.044360797362031905,-0.010282956515148637,-0.002551581670586059,1,0.10219087172718039,1,FALSE,FALSE
full,8,8,4,z_jk_raw_purif,yield_1y,cds_5y,-1,soft,0,17.00650465212608,11.467871404383501,2.6592108752352503,-2.9704960637328233,1,20.46593854428711,1,FALSE,FALSE
full,8,8,4,z_jk_raw_purif,yield_1y,embi_perc,-1,soft,0,0.1195327003878371,0.07679738940691971,0.01905401054056888,-0.030180217076185973,1,0.1460147911041937,1,FALSE,FALSE
full,8,8,4,z_jk_raw_purif,yield_2y,yield_6m,1,hard,0,0.002903835753766636,0.0037317022234538175,0.0014747472264839048,-0.0016204228866451,3,0.004058574796825286,1,TRUE,FALSE
full,8,8,4,z_jk_raw_purif,yield_2y,yield_2y,1,hard,0,0.005,0.004189554009850774,9.189037323086004e-4,-0.001447240448214648,3,0.005804922370220979,1,TRUE,TRUE
full,8,8,4,z_jk_raw_purif,yield_2y,yield_5y,1,hard,0,0.004890936313485757,0.0035375449570114554,5.568637076290841e-4,-0.0011513361397143549,1,0.005547143240878897,1,TRUE,FALSE
full,8,8,4,z_jk_raw_purif,yield_2y,asset_ibov,-1,hard,0,-1.2914199366129302,1.1301083260542324,0.9659766384242003,0.06059550215542687,1,-1.336475104078791,-1,TRUE,FALSE
full,8,8,4,z_jk_raw_purif,yield_2y,price_ipca,-1,ext,24,-0.043219662199951936,0.049111990413785354,-0.008484345564577554,-0.012920083890249335,5,0.08157077816694593,-1,TRUE,FALSE
full,8,8,4,z_jk_raw_purif,yield_2y,pib,-1,ext,24,0.19950312750993682,0.1563644969669431,0.08747473190431343,-0.08087812315585863,0,0.19950312750993682,-1,TRUE,FALSE
full,8,8,4,z_jk_raw_purif,yield_2y,vendas_varejo,-1,ext,24,-0.18270070611203504,-0.23457618046873113,-0.5476573952499404,-0.27491445644266743,12,-0.5476573952499404,-1,TRUE,FALSE
full,8,8,4,z_jk_raw_purif,yield_2y,cambio_usd,-1,soft,0,0.06207314654548762,0.036215125271667856,-0.008394767012866056,-0.002083052049020543,1,0.08342625564229182,1,FALSE,FALSE
full,8,8,4,z_jk_raw_purif,yield_2y,cds_5y,-1,soft,0,13.883715646127818,9.36210402441024,2.170918033426778,-2.425044035821474,1,16.707917175942853,1,FALSE,FALSE
full,8,8,4,z_jk_raw_purif,yield_2y,embi_perc,-1,soft,0,0.09758372202550465,0.06269560610488684,0.015555251927121243,-0.024638428683332877,1,0.11920308618890385,1,FALSE,FALSE
full,8,8,4,z_jk_raw_purif,juros_selic,yield_6m,1,hard,0,0.03454839978541383,0.044397945072743625,0.01754581218889791,-0.01927898905323151,3,0.04828691307965524,1,TRUE,FALSE
full,8,8,4,z_jk_raw_purif,juros_selic,yield_2y,1,hard,0,0.059487523942427296,0.049845238893818034,0.010932661555298734,-0.017218550162723615,3,0.06906409169649047,1,TRUE,FALSE
full,8,8,4,z_jk_raw_purif,juros_selic,yield_5y,1,hard,0,0.058189938209874205,0.04208795806552638,0.006625288628050795,-0.013698027235407901,1,0.06599716327077142,1,TRUE,FALSE
full,8,8,4,z_jk_raw_purif,juros_selic,asset_ibov,-1,hard,0,-15.364674879797924,13.445469220737516,11.49271168121701,0.7209352770548721,1,-15.900718950469015,-1,TRUE,FALSE
full,8,8,4,z_jk_raw_purif,juros_selic,price_ipca,-1,ext,24,-0.5142061379806521,0.5843101411200632,-0.10094254198172681,-0.15371675995187528,5,0.9704887238417241,-1,TRUE,FALSE
full,8,8,4,z_jk_raw_purif,juros_selic,pib,-1,ext,24,2.399561938809236,1.8762794022965545,1.045705802216923,-0.9580186714050254,0,2.399561938809236,-1,TRUE,FALSE
full,8,8,4,z_jk_raw_purif,juros_selic,vendas_varejo,-1,ext,24,-2.1736825258276116,-2.7908712303913576,-6.5157564824356395,-3.270796061950513,12,-6.5157564824356395,-1,TRUE,FALSE
full,8,8,4,z_jk_raw_purif,juros_selic,cambio_usd,-1,soft,0,0.7385155582612987,0.43086962633526904,-0.09987678073379368,-0.024783121727886357,1,0.9925642759895791,1,FALSE,FALSE
full,8,8,4,z_jk_raw_purif,juros_selic,cds_5y,-1,soft,0,165.18157338177622,111.38567746071982,25.828507698104527,-28.851973028474088,1,198.78252460639854,1,FALSE,FALSE
full,8,8,4,z_jk_raw_purif,juros_selic,embi_perc,-1,soft,0,1.1610028000766754,0.7459212738498893,0.18506868428902268,-0.29313582324071036,1,1.4182192887347282,1,FALSE,FALSE
full,8,8,4,z_jk_raw,yield_3m,yield_6m,1,hard,0,0.007788842823411974,0.009988014964680573,0.003848883361565898,-0.0045012185278167525,3,0.010850573008049976,1,TRUE,FALSE
full,8,8,4,z_jk_raw,yield_3m,yield_2y,1,hard,0,0.013377686038600714,0.011168816889826407,0.002342073310704719,-0.004000069212149947,3,0.01546208181064494,1,TRUE,FALSE
full,8,8,4,z_jk_raw,yield_3m,yield_5y,1,hard,0,0.013034304520254461,0.00939712761262105,0.0013804056256160554,-0.003171731987048965,1,0.01474715051783472,1,TRUE,FALSE
full,8,8,4,z_jk_raw,yield_3m,asset_ibov,-1,hard,0,-3.1349913456680865,3.0691250259022413,2.6106231940011293,0.14883457137501013,1,-3.4155506011789356,-1,TRUE,FALSE
full,8,8,4,z_jk_raw,yield_3m,price_ipca,-1,ext,24,-0.11562118101955696,0.12838621823179128,-0.023942603298971212,-0.03515343077582749,5,0.21568739467812292,-1,TRUE,FALSE
full,8,8,4,z_jk_raw,yield_3m,pib,-1,ext,24,0.5353706209194176,0.43135111283145733,0.2331233422462109,-0.22647538703572945,0,0.5353706209194176,-1,TRUE,FALSE
full,8,8,4,z_jk_raw,yield_3m,vendas_varejo,-1,ext,24,-0.4715417289501253,-0.6471046739098975,-1.4888113554310352,-0.7429037984837461,12,-1.4888113554310352,-1,TRUE,FALSE
full,8,8,4,z_jk_raw,yield_3m,cambio_usd,-1,soft,0,0.16844794804851007,0.09454042875270637,-0.023704887590858065,-0.004802409290557285,1,0.22131915877496178,1,FALSE,FALSE
full,8,8,4,z_jk_raw,yield_3m,cds_5y,-1,soft,0,36.74380986723464,24.705678547890674,5.509412281631544,-6.676062743666288,1,43.8802278310056,1,FALSE,FALSE
full,8,8,4,z_jk_raw,yield_3m,embi_perc,-1,soft,0,0.25565486913822416,0.1640032150423284,0.0386983481299882,-0.06797609672207311,1,0.310201515225244,1,FALSE,FALSE
full,8,8,4,z_jk_raw,yield_6m,yield_6m,1,hard,0,0.005,0.006411745102018398,0.0024707671273047076,-0.0028895296964311784,3,0.00696545896101212,1,TRUE,TRUE
full,8,8,4,z_jk_raw,yield_6m,yield_2y,1,hard,0,0.008587723710632343,0.007169753673969895,0.0015034796334988517,-0.002567819959164152,3,0.009925788824604652,1,TRUE,FALSE
full,8,8,4,z_jk_raw,yield_6m,yield_5y,1,hard,0,0.008367292045665305,0.00603242858128735,8.861429463352274e-4,-0.002036073945102129,1,0.009466843054983229,1,TRUE,FALSE
full,8,8,4,z_jk_raw,yield_6m,asset_ibov,-1,hard,0,-2.0124885151391303,1.9702060341216279,1.6758735881497238,0.09554344255583003,1,-2.1925918128122674,-1,TRUE,FALSE
full,8,8,4,z_jk_raw,yield_6m,price_ipca,-1,ext,24,-0.07422230980962846,0.08241674735423056,-0.015369807712002935,-0.02256652982530479,5,0.13845920348386173,-1,TRUE,FALSE
full,8,8,4,z_jk_raw,yield_6m,pib,-1,ext,24,0.34334928786414753,0.2766897888561104,0.1495897109460964,-0.14544349648728527,0,0.34334928786414753,-1,TRUE,FALSE
full,8,8,4,z_jk_raw,yield_6m,vendas_varejo,-1,ext,24,-0.3027033281071925,-0.41540488656723684,-0.9557333413866784,-0.47690254850868236,12,-0.9557333413866784,-1,TRUE,FALSE
full,8,8,4,z_jk_raw,yield_6m,cambio_usd,-1,soft,0,0.10813412972090243,0.0606896498594974,-0.015217207567474012,-0.0030828772639512232,1,0.14207447999188852,1,FALSE,FALSE
full,8,8,4,z_jk_raw,yield_6m,cds_5y,-1,soft,0,23.587463953431453,15.859659199714168,3.5367335087769147,-4.2856576355598985,1,28.16864380618189,1,FALSE,FALSE
full,8,8,4,z_jk_raw,yield_6m,embi_perc,-1,soft,0,0.16411607920098728,0.10528086055951845,0.024842167833755334,-0.043636839427384645,1,0.1991319649517317,1,FALSE,FALSE
full,8,8,4,z_jk_raw,yield_1y,yield_6m,1,hard,0,0.003558966369174283,0.004563837037160282,0.0017586754224277615,-0.0020567478024657877,3,0.004957966837621155,1,TRUE,FALSE
full,8,8,4,z_jk_raw,yield_1y,yield_2y,1,hard,0,0.006112683974780217,0.005103382440184522,0.001070166690472178,-0.0018277569753519397,3,0.007065109722858778,1,TRUE,FALSE
full,8,8,4,z_jk_raw,yield_1y,yield_5y,1,hard,0,0.005955782198316462,0.004293842089049481,6.307505888576171e-4,-0.0014492637391540966,1,0.006738435210987287,1,TRUE,FALSE
full,8,8,4,z_jk_raw,yield_1y,asset_ibov,-1,hard,0,-1.4324757887459307,1.4023794031566226,1.1928755478424597,0.0680071797702668,1,-1.5606721046251466,-1,TRUE,FALSE
full,8,8,4,z_jk_raw,yield_1y,price_ipca,-1,ext,24,-0.05283094089098043,0.058663686418088015,-0.010940125749538794,-0.01606270414344563,5,0.09855432974034452,-1,TRUE,FALSE
full,8,8,4,z_jk_raw,yield_1y,pib,-1,ext,24,0.2442729710062208,0.1968674976551954,0.10645401224069762,-0.103547413930416,0,0.2442729710062208,-1,TRUE,FALSE
full,8,8,4,z_jk_raw,yield_1y,vendas_varejo,-1,ext,24,-0.2154621929141253,-0.2956824041766907,-0.6802845639787505,-0.3394560263031815,12,-0.6802845639787505,-1,TRUE,FALSE
full,8,8,4,z_jk_raw,yield_1y,cambio_usd,-1,soft,0,0.0769691462073242,0.0431984845613828,-0.01083150599307688,-0.0021943713005388864,1,0.10112765924181115,1,FALSE,FALSE
full,8,8,4,z_jk_raw,yield_1y,cds_5y,-1,soft,0,16.789398188874642,11.288798743669647,2.5174231228937596,-3.050502278950531,1,20.050251194290162,1,FALSE,FALSE
full,8,8,4,z_jk_raw,yield_1y,embi_perc,-1,soft,0,0.11681672130341132,0.07493820840981066,0.017682487971543676,-0.03106040879582406,1,0.141740793258161,1,FALSE,FALSE
full,8,8,4,z_jk_raw,yield_2y,yield_6m,1,hard,0,0.0029111323142648206,0.003733087671462989,0.0014385460050639989,-0.001682360654461724,3,0.004055474533017568,1,TRUE,FALSE
full,8,8,4,z_jk_raw,yield_2y,yield_2y,1,hard,0,0.005,0.0041744203211225355,8.753656289835071e-4,-0.0014950527320673871,3,0.0057790569183750464,1,TRUE,TRUE
full,8,8,4,z_jk_raw,yield_2y,yield_5y,1,hard,0,0.004871658851405452,0.0035122395552960577,5.159358732268633e-4,-0.0011854561311638928,1,0.005511846546287033,1,TRUE,FALSE
full,8,8,4,z_jk_raw,yield_2y,asset_ibov,-1,hard,0,-1.1717240697016695,1.1471060903382015,0.9757379514171186,0.055627920608076274,1,-1.2765849756540546,-1,TRUE,FALSE
full,8,8,4,z_jk_raw,yield_2y,price_ipca,-1,ext,24,-0.04321419290523683,0.04798521129190004,-0.008948708778889676,-0.013138830839053125,5,0.08061461229384762,-1,TRUE,FALSE
full,8,8,4,z_jk_raw,yield_2y,pib,-1,ext,24,0.19976389798574967,0.16100313016127465,0.08706789263206449,-0.08470679734249309,0,0.19976389798574967,-1,TRUE,FALSE
full,8,8,4,z_jk_raw,yield_2y,vendas_varejo,-1,ext,24,-0.1762418880176709,-0.241859717757879,-0.5564532427862101,-0.2776652839437742,12,-0.5564532427862101,-1,TRUE,FALSE
full,8,8,4,z_jk_raw,yield_2y,cambio_usd,-1,soft,0,0.0629585518610846,0.03533512016948006,-0.008859860936509752,-0.0017949327248001443,1,0.08271952194735147,1,FALSE,FALSE
full,8,8,4,z_jk_raw,yield_2y,cds_5y,-1,soft,0,13.733245705278186,9.233913277903051,2.059179840868736,-2.495223286150837,1,16.40052984663834,1,FALSE,FALSE
full,8,8,4,z_jk_raw,yield_2y,embi_perc,-1,soft,0,0.09555272429048772,0.06129730304968455,0.014463767507447047,-0.02540652266988892,1,0.11593989959480715,1,FALSE,FALSE
full,8,8,4,z_jk_raw,juros_selic,yield_6m,1,hard,0,0.03471640303199795,0.04451854542002191,0.017155229477944407,-0.020062815502846297,3,0.0483631361186677,1,TRUE,FALSE
full,8,8,4,z_jk_raw,juros_selic,yield_2y,1,hard,0,0.05962697549315148,0.04978161163713739,0.010439080981389343,-0.017829094523190248,3,0.06891753704909527,1,TRUE,FALSE
full,8,8,4,z_jk_raw,juros_selic,yield_5y,1,hard,0,0.05809645658874948,0.041884844377943056,0.006152739133787178,-0.01413703273622312,1,0.06573094778749371,1,TRUE,FALSE
full,8,8,4,z_jk_raw,juros_selic,asset_ibov,-1,hard,0,-13.973272477767434,13.67969334732815,11.63606058337727,0.6633849317665479,1,-15.22378021164994,-1,TRUE,FALSE
full,8,8,4,z_jk_raw,juros_selic,price_ipca,-1,ext,24,-0.5153463242633755,0.5722426035471638,-0.10671688781084085,-0.1566857488897767,5,0.9613611023270319,-1,TRUE,FALSE
full,8,8,4,z_jk_raw,juros_selic,pib,-1,ext,24,2.408432435429453,1.9370030620908807,1.0432717843379624,-1.0055008021774836,0,2.408432435429453,-1,TRUE,FALSE
full,8,8,4,z_jk_raw,juros_selic,vendas_varejo,-1,ext,24,-2.1017541475392822,-2.8842726927059172,-6.635924774139604,-3.3112682162028744,12,-6.635924774139604,-1,TRUE,FALSE
full,8,8,4,z_jk_raw,juros_selic,cambio_usd,-1,soft,0,0.7508056057810395,0.4213852688786299,-0.1056573421867994,-0.02140528191870276,1,0.9864629815919862,1,FALSE,FALSE
full,8,8,4,z_jk_raw,juros_selic,cds_5y,-1,soft,0,163.77438102201003,110.11806414548224,24.55653318149433,-29.75652354665137,1,195.5827982480407,1,FALSE,FALSE
full,8,8,4,z_jk_raw,juros_selic,embi_perc,-1,soft,0,1.1395039899145543,0.730994557347964,0.17248614214103716,-0.3029828209207328,1,1.3826291103636017,1,FALSE,FALSE
full,8,8,4,z_bs_purif,yield_3m,yield_6m,1,hard,0,0.007854140579160724,0.008527844883484362,0.0019471513384899902,-0.00742054934768017,3,0.010180158950283402,1,TRUE,FALSE
full,8,8,4,z_bs_purif,yield_3m,yield_2y,1,hard,0,0.014019592704961616,0.011221357052337592,0.0017718567072955507,-0.005978290073149804,3,0.016142659802856396,1,TRUE,FALSE
full,8,8,4,z_bs_purif,yield_3m,yield_5y,1,hard,0,0.014279550148567967,0.010160174777879607,0.0014122533957162814,-0.004487501900079495,1,0.016229090969866387,1,TRUE,FALSE
full,8,8,4,z_bs_purif,yield_3m,asset_ibov,-1,hard,0,-3.854739335954756,3.2372863520339217,2.8405450839836224,0.10291068532457395,1,-3.8826628646546126,-1,TRUE,FALSE
full,8,8,4,z_bs_purif,yield_3m,price_ipca,-1,ext,24,-0.11638046744686481,0.16827927799700676,-0.017276789893853842,-0.039667080840018486,5,0.26062790126022484,-1,TRUE,FALSE
full,8,8,4,z_bs_purif,yield_3m,pib,-1,ext,24,0.36251604505821433,0.15911514660675863,0.042221240184669995,-0.41619820938721963,24,-0.41619820938721963,-1,TRUE,FALSE
full,8,8,4,z_bs_purif,yield_3m,vendas_varejo,-1,ext,24,-1.662296416773134,-1.2079533325627492,-2.0554903062729366,-1.1916341460886086,11,-2.056471900317127,-1,TRUE,FALSE
full,8,8,4,z_bs_purif,yield_3m,cambio_usd,-1,soft,0,0.1956035705771283,0.15374343606721097,0.015847566040258918,0.00863517046224621,1,0.3008319414596344,1,FALSE,FALSE
full,8,8,4,z_bs_purif,yield_3m,cds_5y,-1,soft,0,46.989542814733326,30.946437981508566,7.691408136877819,-9.511095825250884,1,58.50859344079094,1,FALSE,FALSE
full,8,8,4,z_bs_purif,yield_3m,embi_perc,-1,soft,0,0.35149266779285726,0.20729732584232796,0.03877736262063601,-0.10906982691267113,1,0.4374798261102276,1,FALSE,FALSE
full,8,8,4,z_bs_purif,yield_6m,yield_6m,1,hard,0,0.005,0.0054288848012926895,0.001239569956040982,-0.004723972835022208,3,0.0064807593190363,1,TRUE,TRUE
full,8,8,4,z_bs_purif,yield_6m,yield_2y,1,hard,0,0.008924969297188032,0.007143593203635199,0.0011279761862149453,-0.0038058206451078267,3,0.010276528437552723,1,TRUE,FALSE
full,8,8,4,z_bs_purif,yield_6m,yield_5y,1,hard,0,0.009090459996639029,0.006468037257212744,8.990502407503331e-4,-0.0028567746240665205,1,0.010331551113897044,1,TRUE,FALSE
full,8,8,4,z_bs_purif,yield_6m,asset_ibov,-1,hard,0,-2.453953616632786,2.0608787934248123,1.808310569026737,0.06551365123106237,1,-2.4717299273687727,-1,TRUE,FALSE
full,8,8,4,z_bs_purif,yield_6m,price_ipca,-1,ext,24,-0.07408860732366786,0.10712774765166523,-0.01099852346652293,-0.0252523369299415,5,0.16591751741224564,-1,TRUE,FALSE
full,8,8,4,z_bs_purif,yield_6m,pib,-1,ext,24,0.2306284514481005,0.10126453491339227,0.026876270801068358,-0.26515539063209914,24,-0.26515539063209914,-1,TRUE,FALSE
full,8,8,4,z_bs_purif,yield_6m,vendas_varejo,-1,ext,24,-1.0582293505056943,-0.7689914131202299,-1.3085392892805734,-0.7586025065876426,11,-1.3091641788113229,-1,TRUE,FALSE
full,8,8,4,z_bs_purif,yield_6m,cambio_usd,-1,soft,0,0.12452258054568084,0.0978741305414982,0.010088669715377285,0.0054972090041001944,1,0.19151168636949753,1,FALSE,FALSE
full,8,8,4,z_bs_purif,yield_6m,cds_5y,-1,soft,0,29.913866667608417,19.70071560955905,4.896403406176177,-6.0548291244535,1,37.24697365108981,1,FALSE,FALSE
full,8,8,4,z_bs_purif,yield_6m,embi_perc,-1,soft,0,0.22376265375582122,0.13196690570598327,0.024685936182198866,-0.0694346031964748,1,0.27850267110763616,1,FALSE,FALSE
full,8,8,4,z_bs_purif,yield_1y,yield_6m,1,hard,0,0.0035097092654665773,0.0038107614576495265,8.701060319822066e-4,-0.0033159542457779725,3,0.004549116205856114,1,TRUE,FALSE
full,8,8,4,z_bs_purif,yield_1y,yield_2y,1,hard,0,0.006264809487269113,0.005014387051104506,7.917736943968494e-4,-0.002671464796167785,3,0.007213525414821912,1,TRUE,FALSE
full,8,8,4,z_bs_purif,yield_1y,yield_5y,1,hard,0,0.006380974335511455,0.004540186058204519,6.310809920162802e-4,-0.002005289673487213,1,0.007252148134217199,1,TRUE,FALSE
full,8,8,4,z_bs_purif,yield_1y,asset_ibov,-1,hard,0,-1.7225327490642615,1.446617079257329,1.2693288717908555,0.04598677374804109,1,-1.7350106855634424,-1,TRUE,FALSE
full,8,8,4,z_bs_purif,yield_1y,price_ipca,-1,ext,24,-0.0520058943178784,0.07519744970432299,-0.007720323943381422,-0.0177256721795399,5,0.11646444963299414,-1,TRUE,FALSE
full,8,8,4,z_bs_purif,yield_1y,pib,-1,ext,24,0.1618321766548414,0.07107109277471046,0.0188648237865241,-0.18619729913953442,24,-0.18619729913953442,-1,TRUE,FALSE
full,8,8,4,z_bs_purif,yield_1y,vendas_varejo,-1,ext,24,-0.7428154712917028,-0.5397872575384616,-0.9185184935630157,-0.5324948492353639,11,-0.9189571296782085,-1,TRUE,FALSE
full,8,8,4,z_bs_purif,yield_1y,cambio_usd,-1,soft,0,0.08740761094019683,0.06870194856219632,0.007081659515258344,0.00385872107517935,1,0.13443006801923094,1,FALSE,FALSE
full,8,8,4,z_bs_purif,yield_1y,cds_5y,-1,soft,0,20.997795001847418,13.828756822238288,3.4369904804237272,-4.250137975782266,1,26.145209706763875,1,FALSE,FALSE
full,8,8,4,z_bs_purif,yield_1y,embi_perc,-1,soft,0,0.1570683718304391,0.09263309433824872,0.017328091789076003,-0.04873905403653257,1,0.19549268104873233,1,FALSE,FALSE
full,8,8,4,z_bs_purif,yield_2y,yield_6m,1,hard,0,0.0028011300843216,0.003041402508243448,6.944393390975195e-4,-0.0026464924851397407,3,0.0036306899795600285,1,TRUE,FALSE
full,8,8,4,z_bs_purif,yield_2y,yield_2y,1,hard,0,0.005,0.004002026766571574,6.319216059210052e-4,-0.002132119740908754,3,0.005757178593763075,1,TRUE,TRUE
full,8,8,4,z_bs_purif,yield_2y,yield_5y,1,hard,0,0.005092712195381522,0.0036235627495383167,5.03671335336467e-4,-0.0016004394687198515,1,0.005788003728568668,1,TRUE,FALSE
full,8,8,4,z_bs_purif,yield_2y,asset_ibov,-1,hard,0,-1.374768660215978,1.1545579176805283,1.0130626273395007,0.03670245187941632,1,-1.3847274119741424,-1,TRUE,FALSE
full,8,8,4,z_bs_purif,yield_2y,price_ipca,-1,ext,24,-0.04150636537596313,0.06001575136253842,-0.006161658993038894,-0.014147016134776893,5,0.09295130990787881,-1,TRUE,FALSE
full,8,8,4,z_bs_purif,yield_2y,pib,-1,ext,24,0.1291386089353308,0.0567184010213051,0.015055896436533267,-0.14863366787788435,24,-0.14863366787788435,-1,TRUE,FALSE
full,8,8,4,z_bs_purif,yield_2y,vendas_varejo,-1,ext,24,-0.5928476139627215,-0.43080899637521114,-0.7330777539441238,-0.424988860648884,11,-0.7334278333169156,-1,TRUE,FALSE
full,8,8,4,z_bs_purif,yield_2y,cambio_usd,-1,soft,0,0.06976078930877322,0.05483163430732201,0.005651935250105509,0.0030796795042377268,1,0.10728982923775245,1,FALSE,FALSE
full,8,8,4,z_bs_purif,yield_2y,cds_5y,-1,soft,0,16.75852637220461,11.03685343532,2.7430925772029684,-3.392072803186661,1,20.866723688800317,1,FALSE,FALSE
full,8,8,4,z_bs_purif,yield_2y,embi_perc,-1,soft,0,0.12535766023661368,0.0739312939415723,0.013829703699920069,-0.03889907118131566,1,0.15602444212070474,1,FALSE,FALSE
full,8,8,4,z_bs_purif,juros_selic,yield_6m,1,hard,0,0.0351973928816001,0.03821651825200926,0.008725926149400444,-0.03325430556725658,3,0.04562116638464235,1,TRUE,FALSE
full,8,8,4,z_bs_purif,juros_selic,yield_2y,1,hard,0,0.0628271301618691,0.05028717131493528,0.007940364197459268,-0.02679099289655298,3,0.07234140177509583,1,TRUE,FALSE
full,8,8,4,z_bs_purif,juros_selic,yield_5y,1,hard,0,0.06399209839523459,0.045531609702988814,0.006328844908797325,-0.020110203763490948,1,0.07272873272643347,1,TRUE,FALSE
full,8,8,4,z_bs_purif,juros_selic,asset_ibov,-1,hard,0,-17.27455391156953,14.50751211470622,12.729563509996778,0.4611819442975652,1,-17.399689870161513,-1,TRUE,FALSE
full,8,8,4,z_bs_purif,juros_selic,price_ipca,-1,ext,24,-0.5215451640043464,0.7541234845233148,-0.07742387031374116,-0.177763284820338,5,1.167972809259707,-1,TRUE,FALSE
full,8,8,4,z_bs_purif,juros_selic,pib,-1,ext,24,1.6348546449117096,0.7150330762573764,0.1893485511992088,-1.851676569106231,24,-1.851676569106231,-1,TRUE,FALSE
full,8,8,4,z_bs_purif,juros_selic,vendas_varejo,-1,ext,24,-7.449382841717885,-5.413298578033917,-9.21143429316362,-5.340166093066377,11,-9.215833189627897,-1,TRUE,FALSE
full,8,8,4,z_bs_purif,juros_selic,cambio_usd,-1,soft,0,0.8765740380194043,0.6889828451228255,0.071018974324967,0.03869748501391683,1,1.3481424133129964,1,FALSE,FALSE
full,8,8,4,z_bs_purif,juros_selic,cds_5y,-1,soft,0,210.57802354152298,138.68276547166434,34.46812687879757,-42.62283990486891,1,262.199273049603,1,FALSE,FALSE
full,8,8,4,z_bs_purif,juros_selic,embi_perc,-1,soft,0,1.575172407294618,0.9289782055005134,0.17377611889099215,-0.48878340165686596,1,1.9605135867101056,1,FALSE,FALSE
full,8,8,4,z_jk_bs_purif,yield_3m,yield_6m,1,hard,0,0.00774589404231624,0.009833581216549358,0.003767432635434164,-0.004540968415775964,3,0.010747260615554415,1,TRUE,FALSE
full,8,8,4,z_jk_bs_purif,yield_3m,yield_2y,1,hard,0,0.013288607975483022,0.011110624726390652,0.0023897786544308853,-0.003985712434711011,3,0.015399249081571798,1,TRUE,FALSE
full,8,8,4,z_jk_bs_purif,yield_3m,yield_5y,1,hard,0,0.013009359377601882,0.009420921337107938,0.0014809366679344866,-0.0031380307043320285,1,0.014710996874860651,1,TRUE,FALSE
full,8,8,4,z_jk_bs_purif,yield_3m,asset_ibov,-1,hard,0,-3.105887120456955,3.053979373837079,2.6054185776180705,0.16296734896172002,1,-3.358989781371767,-1,TRUE,FALSE
full,8,8,4,z_jk_bs_purif,yield_3m,price_ipca,-1,ext,24,-0.10120205888736393,0.1285509310808036,-0.021985749284162224,-0.03431526685362939,5,0.21393239935873787,-1,TRUE,FALSE
full,8,8,4,z_jk_bs_purif,yield_3m,pib,-1,ext,24,0.491747786001695,0.4032871414840322,0.21529695941406857,-0.23322343124279055,0,0.491747786001695,-1,TRUE,FALSE
full,8,8,4,z_jk_bs_purif,yield_3m,vendas_varejo,-1,ext,24,-0.5669228973559775,-0.6942213925071402,-1.5050925740511307,-0.7669559945473108,12,-1.5050925740511307,-1,TRUE,FALSE
full,8,8,4,z_jk_bs_purif,yield_3m,cambio_usd,-1,soft,0,0.16864657989785617,0.10037303083805582,-0.017941285202560248,-0.0030458404805780866,1,0.2252865129233955,1,FALSE,FALSE
full,8,8,4,z_jk_bs_purif,yield_3m,cds_5y,-1,soft,0,37.29033955532821,25.38771913760032,6.085397209374097,-6.511868496764982,1,44.738417787794525,1,FALSE,FALSE
full,8,8,4,z_jk_bs_purif,yield_3m,embi_perc,-1,soft,0,0.2625031673412111,0.17024411105625484,0.042716294436341666,-0.06745765338151935,1,0.3194533086560524,1,FALSE,FALSE
full,8,8,4,z_jk_bs_purif,yield_6m,yield_6m,1,hard,0,0.005,0.006347608915657748,0.002431890118075767,-0.0029312100004004753,3,0.006937391963304396,1,TRUE,TRUE
full,8,8,4,z_jk_bs_purif,yield_6m,yield_2y,1,hard,0,0.00857784001619867,0.007171944688174603,0.0015426099565624028,-0.002572790444161028,3,0.009940265770125996,1,TRUE,FALSE
full,8,8,4,z_jk_bs_purif,yield_6m,yield_5y,1,hard,0,0.008397584130722061,0.006081235610531808,9.559494745500322e-4,-0.0020256091079924386,1,0.00949599671419056,1,TRUE,FALSE
full,8,8,4,z_jk_bs_purif,yield_6m,asset_ibov,-1,hard,0,-2.0048603192151386,1.9713536985872933,1.68180623397669,0.10519595805947032,1,-2.1682389166579243,-1,TRUE,FALSE
full,8,8,4,z_jk_bs_purif,yield_6m,price_ipca,-1,ext,24,-0.06532626081282006,0.08298004747968593,-0.014191873245394839,-0.022150617260036882,5,0.1380940651847376,-1,TRUE,FALSE
full,8,8,4,z_jk_bs_purif,yield_6m,pib,-1,ext,24,0.3171487484244562,0.2601374259017186,0.13892191040671964,-0.15060878875234884,0,0.3171487484244562,-1,TRUE,FALSE
full,8,8,4,z_jk_bs_purif,yield_6m,vendas_varejo,-1,ext,24,-0.36595058895645033,-0.4481221849373172,-0.9715421911458693,-0.49507260902188216,12,-0.9715421911458693,-1,TRUE,FALSE
full,8,8,4,z_jk_bs_purif,yield_6m,cambio_usd,-1,soft,0,0.10886192024867031,0.06479112048894066,-0.01158115842054257,-0.0019661000163044414,1,0.14542318271631594,1,FALSE,FALSE
full,8,8,4,z_jk_bs_purif,yield_6m,cds_5y,-1,soft,0,24.07103644305555,16.387855939486027,3.928143850231647,-4.203432464471042,1,28.87879536137864,1,FALSE,FALSE
full,8,8,4,z_jk_bs_purif,yield_6m,embi_perc,-1,soft,0,0.16944665516152302,0.10989313184908162,0.02757350810828307,-0.043544136424404044,1,0.20620815809696186,1,FALSE,FALSE
full,8,8,4,z_jk_bs_purif,yield_1y,yield_6m,1,hard,0,0.0035646643799297196,0.004525419079873897,0.0017337744159615532,-0.0020897559757042704,3,0.004945894804240377,1,TRUE,FALSE
full,8,8,4,z_jk_bs_purif,yield_1y,yield_2y,1,hard,0,0.006115424152495834,0.005113115152952433,0.0010997773528565857,-0.0018342268906648756,3,0.00708674226356056,1,TRUE,FALSE
full,8,8,4,z_jk_bs_purif,yield_1y,yield_5y,1,hard,0,0.005986913805649602,0.0043355127933645795,6.815278081882064e-4,-0.0014441233269843717,1,0.006770008247800951,1,TRUE,FALSE
full,8,8,4,z_jk_bs_purif,yield_1y,asset_ibov,-1,hard,0,-1.4293308333281463,1.4054428619193664,1.1990149552400908,0.07499765692143491,1,-1.5458088066775817,-1,TRUE,FALSE
full,8,8,4,z_jk_bs_purif,yield_1y,price_ipca,-1,ext,24,-0.046573238998691674,0.05915920389914267,-0.010117853008467315,-0.015791903268061985,5,0.0984517990487454,-1,TRUE,FALSE
full,8,8,4,z_jk_bs_purif,yield_1y,pib,-1,ext,24,0.22600298240811334,0.18539135228188286,0.09902225995357394,-0.1073971833997378,0,0.22600298240811334,-1,TRUE,FALSE
full,8,8,4,z_jk_bs_purif,yield_1y,vendas_varejo,-1,ext,24,-0.2608982058534722,-0.31948103810046663,-0.6926443684753102,-0.35295353897183523,12,-0.6926443684753102,-1,TRUE,FALSE
full,8,8,4,z_jk_bs_purif,yield_1y,cambio_usd,-1,soft,0,0.07761124188823698,0.04619171986853228,-0.008256588580006247,-0.0014016973390999366,1,0.10367696788897252,1,FALSE,FALSE
full,8,8,4,z_jk_bs_purif,yield_1y,cds_5y,-1,soft,0,17.161033239310058,11.683441266181106,2.800502892432147,-2.996765195908024,1,20.58864263199721,1,FALSE,FALSE
full,8,8,4,z_jk_bs_purif,yield_1y,embi_perc,-1,soft,0,0.1208040911905031,0.07834642654026829,0.01965806043665999,-0.03104404641337467,1,0.14701257520383124,1,FALSE,FALSE
full,8,8,4,z_jk_bs_purif,yield_2y,yield_6m,1,hard,0,0.002914486625163117,0.003700004257290132,0.0014175422445996352,-0.0017085944683423121,3,0.004043787218112952,1,TRUE,FALSE
full,8,8,4,z_jk_bs_purif,yield_2y,yield_2y,1,hard,0,0.005,0.004180507374018909,8.991832172489159e-4,-0.0014996726677709582,3,0.005794154327519793,1,TRUE,TRUE
full,8,8,4,z_jk_bs_purif,yield_2y,yield_5y,1,hard,0,0.004894929326534298,0.0035447359702721233,5.572203915815557e-4,-0.0011807221306105108,1,0.00553519108322026,1,TRUE,FALSE
full,8,8,4,z_jk_bs_purif,yield_2y,asset_ibov,-1,hard,0,-1.1686277171345558,1.1490967975997017,0.980320355008203,0.061318442557109304,1,-1.2638606645515376,-1,TRUE,FALSE
full,8,8,4,z_jk_bs_purif,yield_2y,price_ipca,-1,ext,24,-0.03807850268217631,0.048368847706989015,-0.008272404951942708,-0.012911535548696958,5,0.08049466119906429,-1,TRUE,FALSE
full,8,8,4,z_jk_bs_purif,yield_2y,pib,-1,ext,24,0.1847430667876404,0.15155124645724882,0.0809537643463365,-0.08781705409990348,0,0.1847430667876404,-1,TRUE,FALSE
full,8,8,4,z_jk_bs_purif,yield_2y,vendas_varejo,-1,ext,24,-0.21331161939682802,-0.2612092228877368,-0.5663093443752609,-0.28857649949577696,12,-0.5663093443752609,-1,TRUE,FALSE
full,8,8,4,z_jk_bs_purif,yield_2y,cambio_usd,-1,soft,0,0.0634553221108647,0.03776657081886991,-0.006750626264113307,-0.0011460344402504563,1,0.08476678420307099,1,FALSE,FALSE
full,8,8,4,z_jk_bs_purif,yield_2y,cds_5y,-1,soft,0,14.030942753419875,9.552437390146395,2.2897045426433773,-2.4501695394954583,1,16.833372566312143,1,FALSE,FALSE
full,8,8,4,z_jk_bs_purif,yield_2y,embi_perc,-1,soft,0,0.09877000202937715,0.06405641259428706,0.016072524118083555,-0.025381760642640736,1,0.12019818375462338,1,FALSE,FALSE
full,8,8,4,z_jk_bs_purif,juros_selic,yield_6m,1,hard,0,0.03292995400557639,0.04180529392759925,0.01601640594697015,-0.01930492209877464,3,0.04568959965405381,1,TRUE,FALSE
full,8,8,4,z_jk_bs_purif,juros_selic,yield_2y,1,hard,0,0.05649357544012297,0.04723436174242552,0.010159614983628823,-0.01694437419844182,3,0.06546649892269088,1,TRUE,FALSE
full,8,8,4,z_jk_bs_purif,juros_selic,yield_5y,1,hard,0,0.05530641183652713,0.04005096179037714,0.006295874445717495,-0.013340642951893524,1,0.06254054700707995,1,TRUE,FALSE
full,8,8,4,z_jk_bs_purif,juros_selic,asset_ibov,-1,hard,0,-13.203991619871944,12.983317324640492,11.076360386228808,0.6928196120941802,1,-14.280001559729246,-1,TRUE,FALSE
full,8,8,4,z_jk_bs_purif,juros_selic,price_ipca,-1,ext,24,-0.4302381527844904,0.5465058293773206,-0.09346754664476445,-0.14588376151362822,5,0.9094862429952955,-1,TRUE,FALSE
full,8,8,4,z_jk_bs_purif,juros_selic,pib,-1,ext,24,2.107330638357774,1.7257602369200153,0.9184960090684591,-0.9877452326050973,0,2.107330638357774,-1,TRUE,FALSE
full,8,8,4,z_jk_bs_purif,juros_selic,vendas_varejo,-1,ext,24,-2.4101472125299,-2.951328587772851,-6.3985679337820756,-3.2605436489022566,12,-6.3985679337820756,-1,TRUE,FALSE
full,8,8,4,z_jk_bs_purif,juros_selic,cambio_usd,-1,soft,0,0.7169636053494877,0.42671372353411485,-0.07627340282395212,-0.01294871662145365,1,0.9577557436385631,1,FALSE,FALSE
full,8,8,4,z_jk_bs_purif,juros_selic,cds_5y,-1,soft,0,158.53162458727448,107.93026846745735,25.870719263083178,-27.683767544115604,1,190.1954805973303,1,FALSE,FALSE
full,8,8,4,z_jk_bs_purif,juros_selic,embi_perc,-1,soft,0,1.1159741121735434,0.7237551554637999,0.18159887075562983,-0.2867812819336337,1,1.358085032341516,1,FALSE,FALSE
pre_covid,5,4,4,z_bruto,yield_3m,yield_6m,1,hard,0,0.006336128416715078,7.812098546225028e-4,-0.006534199069864414,-0.007555021310237525,19,-0.00881260537749118,1,TRUE,FALSE
pre_covid,5,4,4,z_bruto,yield_3m,yield_2y,1,hard,0,0.008008825240396282,6.203657269370884e-4,-0.009829185225823836,-0.010766189434283448,19,-0.012609716511932902,1,TRUE,FALSE
pre_covid,5,4,4,z_bruto,yield_3m,yield_5y,1,hard,0,0.008128294431619484,0.0010354612746175356,-0.009920205125642897,-0.011333718489403035,19,-0.012929561428362895,1,TRUE,FALSE
pre_covid,5,4,4,z_bruto,yield_3m,asset_ibov,-1,hard,0,-12.065323994688654,-8.882805576563898,-3.6202489796829127,5.1996645580881395,1,-12.743895943412328,-1,TRUE,FALSE
pre_covid,5,4,4,z_bruto,yield_3m,price_ipca,-1,ext,24,-0.18357386643680115,-0.19865667484686453,-0.20883793820817112,0.04386314372326711,9,-0.24107949722081704,1,FALSE,FALSE
pre_covid,5,4,4,z_bruto,yield_3m,pib,-1,ext,24,0.2921128880141177,-0.1927956021650412,-0.5149393359435317,-0.2839038542110095,14,-0.5586660448640424,-1,TRUE,FALSE
pre_covid,5,4,4,z_bruto,yield_3m,vendas_varejo,-1,ext,24,-1.41410100402004,-2.010457408736094,-2.1487066189183595,-0.01988590613986191,9,-2.2386127123958124,-1,TRUE,FALSE
pre_covid,5,4,4,z_bruto,yield_3m,cambio_usd,-1,soft,0,-0.009391280812462984,-0.045782388162291944,-0.13611111861349978,-0.09609607532253556,14,-0.14027805989718753,-1,TRUE,FALSE
pre_covid,5,4,4,z_bruto,yield_3m,cds_5y,-1,soft,0,34.32948514509206,10.37438191629779,-31.27073826048034,-43.71082227720838,20,-46.29998084306195,1,FALSE,FALSE
pre_covid,5,4,4,z_bruto,yield_3m,embi_perc,-1,soft,0,0.3702198582288902,0.10297268949413495,-0.31191273266127534,-0.4240640284807222,20,-0.4558172446381024,1,FALSE,FALSE
pre_covid,5,4,4,z_bruto,yield_6m,yield_6m,1,hard,0,0.005,6.164725548819572e-4,-0.0051563025874182215,-0.005961859366917926,19,-0.006954250922568908,1,TRUE,TRUE
pre_covid,5,4,4,z_bruto,yield_6m,yield_2y,1,hard,0,0.0063199675840443295,4.895463650172614e-4,-0.0077564599226665545,-0.008495873762502677,19,-0.009950647842511946,1,TRUE,FALSE
pre_covid,5,4,4,z_bruto,yield_6m,yield_5y,1,hard,0,0.006414243759782842,8.171088135508178e-4,-0.007828286039368153,-0.008943725366663989,19,-0.010203045596624868,1,TRUE,FALSE
pre_covid,5,4,4,z_bruto,yield_6m,asset_ibov,-1,hard,0,-9.521053868526105,-7.00964768416825,-2.856830497731457,4.103187479890023,1,-10.05653224277556,-1,TRUE,FALSE
pre_covid,5,4,4,z_bruto,yield_6m,price_ipca,-1,ext,24,-0.1448628045104977,-0.15676503203659556,-0.16479932576590808,0.03461352172689049,9,-0.1902419595733218,1,FALSE,FALSE
pre_covid,5,4,4,z_bruto,yield_6m,pib,-1,ext,24,0.2304427918278007,-0.15217086145146164,-0.4065728035941296,-0.22410288823112579,14,-0.44111784862538306,-1,TRUE,FALSE
pre_covid,5,4,4,z_bruto,yield_6m,vendas_varejo,-1,ext,24,-1.1159030491629234,-1.586503047691071,-1.6955990137841477,-0.015692474040931464,9,-1.766546197588279,-1,TRUE,FALSE
pre_covid,5,4,4,z_bruto,yield_6m,cambio_usd,-1,soft,0,-0.007410898418416075,-0.03612804630152012,-0.10740874368520585,-0.07583185582936458,14,-0.11069698297711723,-1,TRUE,FALSE
pre_covid,5,4,4,z_bruto,yield_6m,cds_5y,-1,soft,0,27.090269394263593,8.186688490190289,-24.676534473312046,-34.49332100174665,20,-36.53649184328389,1,FALSE,FALSE
pre_covid,5,4,4,z_bruto,yield_6m,embi_perc,-1,soft,0,0.29214990123324247,0.08125836687786107,-0.24613826626243188,-0.334639704714646,20,-0.3596969747611411,1,FALSE,FALSE
pre_covid,5,4,4,z_bruto,yield_1y,yield_6m,1,hard,0,0.004367148800476567,5.384454757158928e-4,-0.00450366813190754,-0.0052072653965691195,19,-0.006074049714941973,1,TRUE,FALSE
pre_covid,5,4,4,z_bruto,yield_1y,yield_2y,1,hard,0,0.005520047770741996,4.275843641525593e-4,-0.006774722929443561,-0.007420548982182779,19,-0.008691191957878154,1,TRUE,FALSE
pre_covid,5,4,4,z_bruto,yield_1y,yield_5y,1,hard,0,0.005602391388299988,7.13687154991457e-4,-0.006837457997322817,-0.007811715901363695,19,-0.008911643667701603,1,TRUE,FALSE
pre_covid,5,4,4,z_bruto,yield_1y,asset_ibov,-1,hard,0,-8.31597179624131,-6.122434895135744,-2.495240776266561,3.583846056186436,1,-8.783674544198242,-1,TRUE,FALSE
pre_covid,5,4,4,z_bruto,yield_1y,price_ipca,-1,ext,24,-0.1265274845903383,-0.13692324432305777,-0.1439406355675865,0.030232479977971873,9,-0.16616298911018873,1,FALSE,FALSE
pre_covid,5,4,4,z_bruto,yield_1y,pib,-1,ext,24,0.20124626452533434,-0.1329233658188933,-0.3552042966597946,-0.195765915616275,14,-0.3853931923290532,-1,TRUE,FALSE
pre_covid,5,4,4,z_bruto,yield_1y,vendas_varejo,-1,ext,24,-0.9746629325200007,-1.3856989763352956,-1.4809866398273377,-0.013706273836872703,9,-1.5429540215568185,-1,TRUE,FALSE
pre_covid,5,4,4,z_bruto,yield_1y,cambio_usd,-1,soft,0,-0.006472899227687889,-0.03155531081384909,-0.09381399322910834,-0.0662337996446243,14,-0.09668603928497849,-1,TRUE,FALSE
pre_covid,5,4,4,z_bruto,yield_1y,cds_5y,-1,soft,0,23.66144749794906,7.150497363961967,-21.55321958500867,-30.127493087446204,20,-31.912059305403822,1,FALSE,FALSE
pre_covid,5,4,4,z_bruto,yield_1y,embi_perc,-1,soft,0,0.2551724181460205,0.07097347588786714,-0.21498448685187221,-0.2922842770072797,20,-0.3141700423726334,1,FALSE,FALSE
pre_covid,5,4,4,z_bruto,yield_2y,yield_6m,1,hard,0,0.003955716491824438,4.877181304207407e-4,-0.004079374236377454,-0.004716685083931047,19,-0.005501809012538227,1,TRUE,FALSE
pre_covid,5,4,4,z_bruto,yield_2y,yield_2y,1,hard,0,0.005,3.8730132592229734e-4,-0.006136471286853478,-0.006721453590958073,19,-0.00787238835499235,1,TRUE,TRUE
pre_covid,5,4,4,z_bruto,yield_2y,yield_5y,1,hard,0,0.005074585964630994,6.464501618756138e-4,-0.006193296037729522,-0.007075768386252261,19,-0.00807207114668114,1,TRUE,FALSE
pre_covid,5,4,4,z_bruto,yield_2y,asset_ibov,-1,hard,0,-7.532517961455514,-5.545635789228665,-2.2601623028446682,3.246209276649703,1,-7.9561580886622965,-1,TRUE,FALSE
pre_covid,5,4,4,z_bruto,yield_2y,price_ipca,-1,ext,24,-0.11460723697082306,-0.12402360451370946,-0.13037988215475013,0.02738425574703683,9,-0.15050865138423739,1,FALSE,FALSE
pre_covid,5,4,4,z_bruto,yield_2y,pib,-1,ext,24,0.182269437846605,-0.12040809993577595,-0.3217941415040171,-0.17733902807627322,14,-0.3491484779707621,-1,TRUE,FALSE
pre_covid,5,4,4,z_bruto,yield_2y,vendas_varejo,-1,ext,24,-0.8828392189701902,-1.2551512540162602,-1.3414617964694406,-0.012414995672247894,9,-1.3975911854739411,-1,TRUE,FALSE
pre_covid,5,4,4,z_bruto,yield_2y,cambio_usd,-1,soft,0,-0.005863082618592822,-0.028582461714464002,-0.08497570775234253,-0.059993864541974105,14,-0.08757717623155832,-1,TRUE,FALSE
pre_covid,5,4,4,z_bruto,yield_2y,cds_5y,-1,soft,0,21.43228508217106,6.476843734815006,-19.522674875430944,-27.28915974888069,20,-28.905600667577428,1,FALSE,FALSE
pre_covid,5,4,4,z_bruto,yield_2y,embi_perc,-1,soft,0,0.2311324364786436,0.06428701239149512,-0.19473063982467526,-0.264747959751797,20,-0.2845718510244008,1,FALSE,FALSE
pre_covid,5,4,4,z_bruto,juros_selic,yield_6m,1,hard,0,0.009645267485450016,0.0011892085378550485,-0.009946783538313351,-0.011500745660911816,19,-0.013415122061822932,1,TRUE,FALSE
pre_covid,5,4,4,z_bruto,juros_selic,yield_2y,1,hard,0,0.012191555569496174,9.443611274242474e-4,-0.014962626138858372,-0.01638899499239099,19,-0.019195332018908762,1,TRUE,FALSE
pre_covid,5,4,4,z_bruto,juros_selic,yield_5y,1,hard,0,0.012373419355996822,0.0015762466142832687,-0.015101182560463987,-0.01725292469557574,19,-0.019682220789137964,1,TRUE,FALSE
pre_covid,5,4,4,z_bruto,juros_selic,asset_ibov,-1,hard,0,-18.366622261062588,-13.521985378513607,-5.510978862242242,7.915268157297767,1,-19.39958869152457,-1,TRUE,FALSE
pre_covid,5,4,4,z_bruto,juros_selic,price_ipca,-1,ext,24,-0.2794480996392411,-0.302408133271621,-0.31790671568679973,0.0667713351338589,9,-0.3669869174081714,1,FALSE,FALSE
pre_covid,5,4,4,z_bruto,juros_selic,pib,-1,ext,24,0.44501230978859496,-0.2933382250176031,-0.7828192848152504,-0.4318563976387191,14,-0.8491960765492412,-1,TRUE,FALSE
pre_covid,5,4,4,z_bruto,juros_selic,vendas_varejo,-1,ext,24,-2.152636679401135,-3.060449252292409,-3.2709012072026704,-0.03027162192665294,9,-3.4077621202287176,-1,TRUE,FALSE
pre_covid,5,4,4,z_bruto,juros_selic,cambio_usd,-1,soft,0,-0.014296019510624305,-0.06969293406097694,-0.20719721262399016,-0.1462837066784607,14,-0.21354040212932057,-1,TRUE,FALSE
pre_covid,5,4,4,z_bruto,juros_selic,cds_5y,-1,soft,0,52.258578912114466,15.792560061588055,-47.60235512180463,-66.53946150466743,20,-70.48084736168718,1,FALSE,FALSE
pre_covid,5,4,4,z_bruto,juros_selic,embi_perc,-1,soft,0,0.5635727886484855,0.15675173679356036,-0.4748138833012146,-0.6455378926449539,20,-0.6938747070556739,1,FALSE,FALSE
pre_covid,5,4,4,z_bruto_purif,yield_3m,yield_6m,1,hard,0,0.006327896247205331,8.122288466091087e-4,-0.006536966721318339,-0.0076077343442436905,19,-0.00885336129015769,1,TRUE,FALSE
pre_covid,5,4,4,z_bruto_purif,yield_3m,yield_2y,1,hard,0,0.007966787963548277,6.669148456402865e-4,-0.009832772788548891,-0.010841499974554922,19,-0.012667916820334251,1,TRUE,FALSE
pre_covid,5,4,4,z_bruto_purif,yield_3m,yield_5y,1,hard,0,0.008072246846528125,0.0010889661404972658,-0.009918938753044096,-0.011409986885329966,19,-0.012986164655312344,1,TRUE,FALSE
pre_covid,5,4,4,z_bruto_purif,yield_3m,asset_ibov,-1,hard,0,-12.019145096748378,-8.946081324280872,-3.6674428259994305,5.203288285812066,1,-12.779376447478215,-1,TRUE,FALSE
pre_covid,5,4,4,z_bruto_purif,yield_3m,price_ipca,-1,ext,24,-0.1835921263920565,-0.1993299517595508,-0.21006506724500054,0.04331298071016773,9,-0.24156364794795626,1,FALSE,FALSE
pre_covid,5,4,4,z_bruto_purif,yield_3m,pib,-1,ext,24,0.29069898346543166,-0.193010881547806,-0.5172303232116593,-0.2872475509823724,14,-0.5613576706187562,-1,TRUE,FALSE
pre_covid,5,4,4,z_bruto_purif,yield_3m,vendas_varejo,-1,ext,24,-1.4205465578902698,-2.019213037802027,-2.161595640187245,-0.028539491789058624,9,-2.2495044646975964,-1,TRUE,FALSE
pre_covid,5,4,4,z_bruto_purif,yield_3m,cambio_usd,-1,soft,0,-0.01113105852750421,-0.045397739486680494,-0.1362626880378891,-0.09686941388505516,14,-0.1406854051908073,-1,TRUE,FALSE
pre_covid,5,4,4,z_bruto_purif,yield_3m,cds_5y,-1,soft,0,33.98162114037217,10.62370472332833,-31.213694264862816,-43.9715484237055,20,-46.49538324405008,1,FALSE,FALSE
pre_covid,5,4,4,z_bruto_purif,yield_3m,embi_perc,-1,soft,0,0.3672406279795283,0.10534529438221304,-0.311492795344313,-0.4266703142254003,20,-0.457816568360414,1,FALSE,FALSE
pre_covid,5,4,4,z_bruto_purif,yield_6m,yield_6m,1,hard,0,0.005,6.417842635835121e-4,-0.005165197457374038,-0.006011266657227187,19,-0.006995501304298178,1,TRUE,TRUE
pre_covid,5,4,4,z_bruto_purif,yield_6m,yield_2y,1,hard,0,0.006294973599691012,5.269641122314739e-4,-0.007769385277841321,-0.008566433101161378,19,-0.010009580060615678,1,TRUE,FALSE
pre_covid,5,4,4,z_bruto_purif,yield_6m,yield_5y,1,hard,0,0.006378302149069821,8.604487952676213e-4,-0.007837469488714137,-0.009015624181866999,19,-0.010261044230179648,1,TRUE,FALSE
pre_covid,5,4,4,z_bruto_purif,yield_6m,asset_ibov,-1,hard,0,-9.496951772918642,-7.068764226524609,-2.897837355992625,4.1113887479666404,1,-10.097650110115296,-1,TRUE,FALSE
pre_covid,5,4,4,z_bruto_purif,yield_6m,price_ipca,-1,ext,24,-0.14506568946443976,-0.15750096396380028,-0.1659833371460335,0.03422383918612492,9,-0.19087200430525472,1,FALSE,FALSE
pre_covid,5,4,4,z_bruto_purif,yield_6m,pib,-1,ext,24,0.22962641052601818,-0.1525388470416278,-0.40891284433761665,-0.22703771854228894,14,-0.44381974558171944,-1,TRUE,FALSE
pre_covid,5,4,4,z_bruto_purif,yield_6m,vendas_varejo,-1,ext,24,-1.12244773175417,-1.595485259965978,-1.7079891608067201,-0.02255053707751836,9,-1.7774504960405073,-1,TRUE,FALSE
pre_covid,5,4,4,z_bruto_purif,yield_6m,cambio_usd,-1,soft,0,-0.00879522837658737,-0.03587111554391404,-0.1076682381589841,-0.0765415630256555,14,-0.11116285704979754,-1,TRUE,FALSE
pre_covid,5,4,4,z_bruto_purif,yield_6m,cds_5y,-1,soft,0,26.850646575771453,8.394341743529859,-24.663563564785147,-34.744207795067126,20,-36.73842097567926,1,FALSE,FALSE
pre_covid,5,4,4,z_bruto_purif,yield_6m,embi_perc,-1,soft,0,0.2901759239033963,0.08323879711897775,-0.24612666135438102,-0.3371344105190062,20,-0.36174468612898425,1,FALSE,FALSE
pre_covid,5,4,4,z_bruto_purif,yield_1y,yield_6m,1,hard,0,0.00437539369914477,5.616117646187129e-4,-0.00451995448196659,-0.005260331651182175,19,-0.006121614465837053,1,TRUE,FALSE
pre_covid,5,4,4,z_bruto_purif,yield_1y,yield_2y,1,hard,0,0.005508597564874144,4.611350912666016e-4,-0.00679882387817901,-0.0074963034829933365,19,-0.008759170705660591,1,TRUE,FALSE
pre_covid,5,4,4,z_bruto_purif,yield_1y,yield_5y,1,hard,0,0.005581516606856328,7.529604474501315e-4,-0.0068584029236318424,-0.007889381047839619,19,-0.008979221654274765,1,TRUE,FALSE
pre_covid,5,4,4,z_bruto_purif,yield_1y,asset_ibov,-1,hard,0,-8.310580589661994,-6.185725291495143,-2.535835861711294,3.597788884517588,1,-8.83623893359339,-1,TRUE,FALSE
pre_covid,5,4,4,z_bruto_purif,yield_1y,price_ipca,-1,ext,24,-0.1269439007289603,-0.1378257450672878,-0.1452484895023554,0.029948554067102964,9,-0.16702803299606894,1,FALSE,FALSE
pre_covid,5,4,4,z_bruto_purif,yield_1y,pib,-1,ext,24,0.20091239452786347,-0.13349622719533993,-0.35792247039758696,-0.19870407871568352,14,-0.3884850663358086,-1,TRUE,FALSE
pre_covid,5,4,4,z_bruto_purif,yield_1y,vendas_varejo,-1,ext,24,-0.9822301466273068,-1.3961752307066988,-1.494625002480257,-0.01973349556826087,9,-1.5554091401834762,-1,TRUE,FALSE
pre_covid,5,4,4,z_bruto_purif,yield_1y,cambio_usd,-1,soft,0,-0.007696517364291931,-0.0313900505864271,-0.0942181861677675,-0.06697989451702906,14,-0.09727625286292296,-1,TRUE,FALSE
pre_covid,5,4,4,z_bruto_purif,yield_1y,cds_5y,-1,soft,0,23.4964299691187,7.345709994621693,-21.58256012396349,-30.403917573662657,20,-32.149011130703016,1,FALSE,FALSE
pre_covid,5,4,4,z_bruto_purif,yield_1y,embi_perc,-1,soft,0,0.2539267818180865,0.07284050168775301,-0.21538020865629942,-0.29501915510994925,20,-0.316555084077572,1,FALSE,FALSE
pre_covid,5,4,4,z_bruto_purif,yield_2y,yield_6m,1,hard,0,0.003971422533245751,5.09759297175618e-4,-0.004102636314175782,-0.004774655971172183,19,-0.005556418302247965,1,TRUE,FALSE
pre_covid,5,4,4,z_bruto_purif,yield_2y,yield_2y,1,hard,0,0.005,4.1855942990558367e-4,-0.006171102352377365,-0.006804185089498914,19,-0.007950454360211294,1,TRUE,TRUE
pre_covid,5,4,4,z_bruto_purif,yield_2y,yield_5y,1,hard,0,0.005066186575733137,6.834411468459982e-4,-0.0062251805862210755,-0.0071609706054283784,19,-0.008150188454073351,1,TRUE,FALSE
pre_covid,5,4,4,z_bruto_purif,yield_2y,asset_ibov,-1,hard,0,-7.543281653623455,-5.61460990628426,-2.30170731465408,3.26561238332155,1,-8.020407036028665,-1,TRUE,FALSE
pre_covid,5,4,4,z_bruto_purif,yield_2y,price_ipca,-1,ext,24,-0.11522342958798136,-0.1251005754587527,-0.13183799305701677,0.027183465223591084,9,-0.1516066757727337,1,FALSE,FALSE
pre_covid,5,4,4,z_bruto_purif,yield_2y,pib,-1,ext,24,0.18234566178103595,-0.12117826417660238,-0.32492996935963303,-0.18037469305365317,14,-0.3526803614591789,-1,TRUE,FALSE
pre_covid,5,4,4,z_bruto_purif,yield_2y,vendas_varejo,-1,ext,24,-0.8915428428558186,-1.267269222578068,-1.3566293279534616,-0.01791154221729004,9,-1.4118013903408217,-1,TRUE,FALSE
pre_covid,5,4,4,z_bruto_purif,yield_2y,cambio_usd,-1,soft,0,-0.0069859136319643045,-0.028491871312752423,-0.0855192134278919,-0.060795777625987604,14,-0.08829493506950843,-1,TRUE,FALSE
pre_covid,5,4,4,z_bruto_purif,yield_2y,cds_5y,-1,soft,0,21.327052568647325,6.667495590403981,-19.589886418265326,-27.59678594742045,20,-29.180758579736192,1,FALSE,FALSE
pre_covid,5,4,4,z_bruto_purif,yield_2y,embi_perc,-1,soft,0,0.2304822405590705,0.06611528690371593,-0.19549459378706696,-0.2677806389335409,20,-0.28732819955491196,1,FALSE,FALSE
pre_covid,5,4,4,z_bruto_purif,juros_selic,yield_6m,1,hard,0,0.009622982597075749,0.0012351757599082423,-0.009940921048554053,-0.011569262885775785,19,-0.013463517461816413,1,TRUE,FALSE
pre_covid,5,4,4,z_bruto_purif,juros_selic,yield_2y,1,hard,0,0.012115284279775576,0.0010141932962573889,-0.014952931863728713,-0.016486927330297912,19,-0.019264402945468214,1,TRUE,FALSE
pre_covid,5,4,4,z_bruto_purif,juros_selic,yield_5y,1,hard,0,0.012275658115877946,0.0016560167565070223,-0.01508396649900166,-0.017351438920776282,19,-0.019748370010968654,1,TRUE,FALSE
pre_covid,5,4,4,z_bruto_purif,juros_selic,asset_ibov,-1,hard,0,-18.277800327212752,-13.604519026935582,-5.577167689174606,7.912764474299205,1,-19.4339022561999,-1,TRUE,FALSE
pre_covid,5,4,4,z_bruto_purif,juros_selic,price_ipca,-1,ext,24,-0.2791929210298197,-0.3031258070492609,-0.3194509529521674,0.06586708177863983,9,-0.3673515951396867,1,FALSE,FALSE
pre_covid,5,4,4,z_bruto_purif,juros_selic,pib,-1,ext,24,0.4424073068232559,-0.29336870111310587,-0.7855043561472819,-0.4364973514228154,14,-0.8524211725782438,-1,TRUE,FALSE
pre_covid,5,4,4,z_bruto_purif,juros_selic,vendas_varejo,-1,ext,24,-2.160258997759505,-3.0706653781086963,-3.287189994087415,-0.043400685170334116,9,-3.4208750381122917,-1,TRUE,FALSE
pre_covid,5,4,4,z_bruto_purif,juros_selic,cambio_usd,-1,soft,0,-0.016927265921041407,-0.06903742412335563,-0.20721791641234222,-0.14731162578977186,14,-0.21394364776628416,-1,TRUE,FALSE
pre_covid,5,4,4,z_bruto_purif,juros_selic,cds_5y,-1,soft,0,51.67666094377604,16.155720902378864,-47.467408593159796,-66.8685813922229,20,-70.70663713860083,1,FALSE,FALSE
pre_covid,5,4,4,z_bruto_purif,juros_selic,embi_perc,-1,soft,0,0.5584715731625518,0.16020109921548834,-0.4736945157779129,-0.6488477130599577,20,-0.6962125638407689,1,FALSE,FALSE
pre_covid,5,4,4,z_jk,yield_3m,yield_6m,1,hard,0,0.006861783642418453,0.0010267008541394408,-0.006286003221183102,-0.0073960839305209115,19,-0.008511754722514444,1,TRUE,FALSE
pre_covid,5,4,4,z_jk,yield_3m,yield_2y,1,hard,0,0.011439991695259942,0.001880633031227706,-0.009292075572302503,-0.010530828874719789,19,-0.012151115713977811,1,TRUE,FALSE
pre_covid,5,4,4,z_jk,yield_3m,yield_5y,1,hard,0,0.013720936194784015,0.0029309038507851037,-0.009262390570036302,-0.011061846543136786,1,0.014240509082787699,1,TRUE,FALSE
pre_covid,5,4,4,z_jk,yield_3m,asset_ibov,-1,hard,0,-16.707414572901005,-8.780913095616725,-3.479405589846723,4.907176156054244,0,-16.707414572901005,-1,TRUE,FALSE
pre_covid,5,4,4,z_jk,yield_3m,price_ipca,-1,ext,24,0.11742141899967441,-0.17858108457793775,-0.20562217291468038,0.039258907178247864,9,-0.22897363718327718,1,FALSE,FALSE
pre_covid,5,4,4,z_jk,yield_3m,pib,-1,ext,24,-0.0669887684938919,-0.30164729491370945,-0.5212580600292949,-0.2872307796490836,14,-0.569742436998999,-1,TRUE,FALSE
pre_covid,5,4,4,z_jk,yield_3m,vendas_varejo,-1,ext,24,-1.8300369044642744,-1.931161710735799,-2.075909510227055,-0.06697990023769582,10,-2.155572690054203,-1,TRUE,FALSE
pre_covid,5,4,4,z_jk,yield_3m,cambio_usd,-1,soft,0,0.1284998760704674,0.013811625358941497,-0.12050443888618594,-0.0940892482613382,1,0.2297040580679163,1,FALSE,FALSE
pre_covid,5,4,4,z_jk,yield_3m,cds_5y,-1,soft,0,64.37151235853,20.691125065075315,-28.299749185890782,-42.45256542397006,1,71.84736056663158,1,FALSE,FALSE
pre_covid,5,4,4,z_jk,yield_3m,embi_perc,-1,soft,0,0.6349079158208414,0.17686212307403115,-0.28877455836546717,-0.4124691024120333,1,0.6610962081910741,1,FALSE,FALSE
pre_covid,5,4,4,z_jk,yield_6m,yield_6m,1,hard,0,0.005,7.481297193579085e-4,-0.00458044405708454,-0.005389330468538456,19,-0.00620229022516546,1,TRUE,TRUE
pre_covid,5,4,4,z_jk,yield_6m,yield_2y,1,hard,0,0.008336018950335112,0.0013703674796753515,-0.006770889360938438,-0.007673536082965282,19,-0.008854196188044717,1,TRUE,FALSE
pre_covid,5,4,4,z_jk,yield_6m,yield_5y,1,hard,0,0.009998082794365136,0.0021356720085625577,-0.006749258686019825,-0.008060474593481944,1,0.01037668179651945,1,TRUE,FALSE
pre_covid,5,4,4,z_jk,yield_6m,asset_ibov,-1,hard,0,-12.174250489055375,-6.39841880275452,-2.535350698277334,3.5757292941436267,0,-12.174250489055375,-1,TRUE,FALSE
pre_covid,5,4,4,z_jk,yield_6m,price_ipca,-1,ext,24,0.08556187801797911,-0.1301273064586137,-0.14983143132315982,0.028606925854930455,9,-0.1668470248521089,1,FALSE,FALSE
pre_covid,5,4,4,z_jk,yield_6m,pib,-1,ext,24,-0.04881737868418501,-0.21989245812076286,-0.38009613420370014,-0.20937911723830638,14,-0.4154778881413801,-1,TRUE,FALSE
pre_covid,5,4,4,z_jk,yield_6m,vendas_varejo,-1,ext,24,-1.333499422184691,-1.4071863901374453,-1.5126602778569942,-0.048806479283051665,10,-1.5707087270493312,-1,TRUE,FALSE
pre_covid,5,4,4,z_jk,yield_6m,cambio_usd,-1,soft,0,0.09363445626302003,0.010064165586306328,-0.08780839295285171,-0.06856034317352522,1,0.16737926320492122,1,FALSE,FALSE
pre_covid,5,4,4,z_jk,yield_6m,cds_5y,-1,soft,0,46.90581612089571,15.07707481271056,-20.62127768860726,-30.93406003180795,1,52.35326870588184,1,FALSE,FALSE
pre_covid,5,4,4,z_jk,yield_6m,embi_perc,-1,soft,0,0.46264058217745446,0.12887474473888808,-0.2104223722388366,-0.3005553103293836,1,0.4817232972082379,1,FALSE,FALSE
pre_covid,5,4,4,z_jk,yield_1y,yield_6m,1,hard,0,0.0038476425495059924,5.757071481502931e-4,-0.003524782289934066,-0.004147243444819526,19,-0.004772839154946345,1,TRUE,FALSE
pre_covid,5,4,4,z_jk,yield_1y,yield_2y,1,hard,0,0.006414804241359531,0.0010545368446516342,-0.005210392400628834,-0.005905004787597352,19,-0.0068135563989589224,1,TRUE,FALSE
pre_covid,5,4,4,z_jk,yield_1y,yield_5y,1,hard,0,0.007693809754616614,0.0016434604983868446,-0.005193746979590557,-0.006202765003018628,1,0.007985152480594504,1,TRUE,FALSE
pre_covid,5,4,4,z_jk,yield_1y,asset_ibov,-1,hard,0,-9.36843283800672,-4.923765687007496,-1.9510246449223203,2.751625635532409,0,-9.36843283800672,-1,TRUE,FALSE
pre_covid,5,4,4,z_jk,yield_1y,price_ipca,-1,ext,24,0.06584230449552358,-0.1001366722365536,-0.11529955808247494,0.022013845025998697,9,-0.12839354241589157,1,FALSE,FALSE
pre_covid,5,4,4,z_jk,yield_1y,pib,-1,ext,24,-0.0375684783978536,-0.1692564321654988,-0.2926231265885981,-0.16116210925666286,14,-0.31987541785397644,-1,TRUE,FALSE
pre_covid,5,4,4,z_jk,yield_1y,vendas_varejo,-1,ext,24,-1.0261658233078945,-1.082870045955715,-1.1640352096060256,-0.037557977276210464,10,-1.2087051462150802,-1,TRUE,FALSE
pre_covid,5,4,4,z_jk,yield_1y,cambio_usd,-1,soft,0,0.07205438360349076,0.00774466234702923,-0.06757106178582688,-0.05275913872063767,1,0.12880311500244354,1,FALSE,FALSE
pre_covid,5,4,4,z_jk,yield_1y,cds_5y,-1,soft,0,36.09536278521249,11.602238914294048,-15.868661091972777,-23.80464112147139,1,40.2873328556943,1,FALSE,FALSE
pre_covid,5,4,4,z_jk,yield_1y,embi_perc,-1,soft,0,0.3560151178228395,0.09917279028281385,-0.16192601455882724,-0.2312858801006628,1,0.3706998110853475,1,FALSE,FALSE
pre_covid,5,4,4,z_jk,yield_2y,yield_6m,1,hard,0,0.0029990334893606487,4.4873321654807015e-4,-0.002747381024667899,-0.0032325565120757092,19,-0.0037201752192010822,1,TRUE,FALSE
pre_covid,5,4,4,z_jk,yield_2y,yield_2y,1,hard,0,0.005,8.219555928554254e-4,-0.004061224789242019,-0.004602638338926043,19,-0.0053108061778631,1,TRUE,TRUE
pre_covid,5,4,4,z_jk,yield_2y,yield_5y,1,hard,0,0.005996917025940307,0.0012809903751938466,-0.00404825056554634,-0.004834726649198601,1,0.006224003243240171,1,TRUE,FALSE
pre_covid,5,4,4,z_jk,yield_2y,asset_ibov,-1,hard,0,-7.3021969849084645,-3.837814453683134,-1.520720330281526,2.14474638040493,0,-7.3021969849084645,-1,TRUE,FALSE
pre_covid,5,4,4,z_jk,yield_2y,price_ipca,-1,ext,24,0.051320587517702014,-0.07805122998993576,-0.08986989605939927,0.017158625733318687,9,-0.1000759630263326,1,FALSE,FALSE
pre_covid,5,4,4,z_jk,yield_2y,pib,-1,ext,24,-0.02928385158319502,-0.13195106139971546,-0.22815791102795968,-0.12563966440088947,14,-0.249414002471271,-1,TRUE,FALSE
pre_covid,5,4,4,z_jk,yield_2y,vendas_varejo,-1,ext,24,-0.7998418850349925,-0.8440398219589436,-0.907303766263742,-0.029274453173531733,10,-0.9421216148903957,-1,TRUE,FALSE
pre_covid,5,4,4,z_jk,yield_2y,cambio_usd,-1,soft,0,0.0561625740181744,0.006036553927160725,-0.052668062222508374,-0.04112295304389218,1,0.10039520315521387,1,FALSE,FALSE
pre_covid,5,4,4,z_jk,yield_2y,cds_5y,-1,soft,0,28.13442267847176,9.04333045698298,-12.368780476307746,-18.554456399456953,1,31.401841225287296,1,FALSE,FALSE
pre_covid,5,4,4,z_jk,yield_2y,embi_perc,-1,soft,0,0.27749491989749864,0.07729993508094608,-0.12621274825099668,-0.18027508821660074,1,0.28894086018654774,1,FALSE,FALSE
pre_covid,5,4,4,z_jk,juros_selic,yield_6m,1,hard,0,0.01061663300031616,0.0015885237334104876,-0.009725778706509152,-0.011443308740378947,19,-0.013169487816405994,1,TRUE,FALSE
pre_covid,5,4,4,z_jk,juros_selic,yield_2y,1,hard,0,0.017700090775877725,0.0029097377214562844,-0.014376809486165725,-0.016293423281505206,19,-0.018800350288253817,1,TRUE,FALSE
pre_covid,5,4,4,z_jk,juros_selic,yield_5y,1,hard,0,0.021229195146910025,0.004534729184791349,-0.014330880498733715,-0.01711502011347408,1,0.022033084478941676,1,TRUE,FALSE
pre_covid,5,4,4,z_jk,juros_selic,asset_ibov,-1,hard,0,-25.84990989924409,-13.585932842233408,-5.383377578141153,7.592441124880487,0,-25.84990989924409,-1,TRUE,FALSE
pre_covid,5,4,4,z_jk,juros_selic,price_ipca,-1,ext,24,0.1816758115469406,-0.27630277119815455,-0.3181410636540126,0.06074184661381045,9,-0.35427072600989395,1,FALSE,FALSE
pre_covid,5,4,4,z_jk,juros_selic,pib,-1,ext,24,-0.10362681811856289,-0.4663269060133146,-0.8053455236989082,-0.4440574652631035,14,-0.8801369243585655,-1,TRUE,FALSE
pre_covid,5,4,4,z_jk,juros_selic,vendas_varejo,-1,ext,24,-2.831454794293705,-2.987916293425795,-3.2118718048327954,-0.10363209571713868,10,-3.335127621095304,-1,TRUE,FALSE
pre_covid,5,4,4,z_jk,juros_selic,cambio_usd,-1,soft,0,0.19881653166572774,0.0213695104968452,-0.18644589646559492,-0.14557600036980975,1,0.3554008418619943,1,FALSE,FALSE
pre_covid,5,4,4,z_jk,juros_selic,cds_5y,-1,soft,0,99.59636706717262,32.01355400097171,-43.78570744351024,-65.6831125134907,1,111.1630880434569,1,FALSE,FALSE
pre_covid,5,4,4,z_jk,juros_selic,embi_perc,-1,soft,0,0.9823370544061287,0.2736431735804401,-0.4467954202231288,-0.6381770852126396,1,1.0228558908324177,1,FALSE,FALSE
pre_covid,5,4,4,z_jk_purif,yield_3m,yield_6m,1,hard,0,0.0068642702613439105,0.0010219696291780714,-0.006325333795513598,-0.0074218405140907,19,-0.008550647862627382,1,TRUE,FALSE
pre_covid,5,4,4,z_jk_purif,yield_3m,yield_2y,1,hard,0,0.011422576751357225,0.0018553008918323775,-0.009354204405566877,-0.010567660661977308,19,-0.012207168576090085,1,TRUE,FALSE
pre_covid,5,4,4,z_jk_purif,yield_3m,yield_5y,1,hard,0,0.01369209991477626,0.002895026453319429,-0.009328778129865812,-0.011102107883401166,1,0.014209311872383426,1,TRUE,FALSE
pre_covid,5,4,4,z_jk_purif,yield_3m,asset_ibov,-1,hard,0,-16.78301718675689,-8.81373760753296,-3.482328218228821,4.939617739636867,0,-16.78301718675689,-1,TRUE,FALSE
pre_covid,5,4,4,z_jk_purif,yield_3m,price_ipca,-1,ext,24,0.12107054817466921,-0.1806034066374348,-0.20628249199206927,0.03976589475830828,9,-0.22998433842385552,1,FALSE,FALSE
pre_covid,5,4,4,z_jk_purif,yield_3m,pib,-1,ext,24,-0.06349601714873421,-0.3005777087210726,-0.523208186649704,-0.28756216136378576,14,-0.5717098905859253,-1,TRUE,FALSE
pre_covid,5,4,4,z_jk_purif,yield_3m,vendas_varejo,-1,ext,24,-1.8374114934974735,-1.9409637682825223,-2.0840395267270906,-0.06325397342777347,10,-2.164915276896715,-1,TRUE,FALSE
pre_covid,5,4,4,z_jk_purif,yield_3m,cambio_usd,-1,soft,0,0.12670348170078952,0.01255319924341378,-0.121459390225797,-0.09438224718932,1,0.22796910264671053,1,FALSE,FALSE
pre_covid,5,4,4,z_jk_purif,yield_3m,cds_5y,-1,soft,0,64.1705673739451,20.534835536837594,-28.546202854737277,-42.62329721093407,1,71.62923547295384,1,FALSE,FALSE
pre_covid,5,4,4,z_jk_purif,yield_3m,embi_perc,-1,soft,0,0.6344373514012819,0.17570554766400123,-0.29106762347805776,-0.41408862515223943,1,0.6600999696434259,1,FALSE,FALSE
pre_covid,5,4,4,z_jk_purif,yield_6m,yield_6m,1,hard,0,0.005,7.444124358952518e-4,-0.0046074335323994095,-0.005406139495910253,19,-0.006228373546697525,1,TRUE,TRUE
pre_covid,5,4,4,z_jk_purif,yield_6m,yield_2y,1,hard,0,0.008320313971088367,0.0013514188844519215,-0.006813691805118029,-0.0076975849286478526,19,-0.00889181814768765,1,TRUE,FALSE
pre_covid,5,4,4,z_jk_purif,yield_6m,yield_5y,1,hard,0,0.009973456313253883,0.0021087649109787754,-0.006795171063121422,-0.00808688138775844,1,0.010350198441634116,1,TRUE,FALSE
pre_covid,5,4,4,z_jk_purif,yield_6m,asset_ibov,-1,hard,0,-12.224909966956234,-6.420010628928368,-2.5365611242316084,3.5980647261620002,0,-12.224909966956234,-1,TRUE,FALSE
pre_covid,5,4,4,z_jk_purif,yield_6m,price_ipca,-1,ext,24,0.08818894329997258,-0.131553245837727,-0.15025813679987784,0.028965857435895002,9,-0.16752278805149232,1,FALSE,FALSE
pre_covid,5,4,4,z_jk_purif,yield_6m,pib,-1,ext,24,-0.046255094220659654,-0.21903315334675932,-0.38138121654616164,-0.2095449183146192,14,-0.4167630334738659,-1,TRUE,FALSE
pre_covid,5,4,4,z_jk_purif,yield_6m,vendas_varejo,-1,ext,24,-1.3383880758926725,-1.413816541587127,-1.518034290158522,-0.046074798208330894,10,-1.5769449588024094,-1,TRUE,FALSE
pre_covid,5,4,4,z_jk_purif,yield_6m,cambio_usd,-1,soft,0,0.09229202586494832,0.009143870189746923,-0.08847217956276775,-0.06874893003618533,1,0.1660548710694835,1,FALSE,FALSE
pre_covid,5,4,4,z_jk_purif,yield_6m,cds_5y,-1,soft,0,46.742453990572905,14.957770276382748,-20.793326725125482,-31.047216665525884,1,52.17541905097573,1,FALSE,FALSE
pre_covid,5,4,4,z_jk_purif,yield_6m,embi_perc,-1,soft,0,0.46213022451498703,0.12798559859558983,-0.21201643612228027,-0.301626108374678,1,0.480823120675168,1,FALSE,FALSE
pre_covid,5,4,4,z_jk_purif,yield_1y,yield_6m,1,hard,0,0.003849946966490799,5.731896798785903e-4,-0.003547674950273819,-0.004162670070541155,19,-0.004795781568455935,1,TRUE,FALSE
pre_covid,5,4,4,z_jk_purif,yield_1y,yield_2y,1,hard,0,0.0064065535066485345,0.001040578206930811,-0.005246470419143474,-0.005927058749070619,19,-0.006846605660855581,1,TRUE,FALSE
pre_covid,5,4,4,z_jk_purif,yield_1y,yield_5y,1,hard,0,0.007679455575728059,0.0016237266144129953,-0.005232209644250076,-0.006226812893434303,1,0.007969543018589412,1,TRUE,FALSE
pre_covid,5,4,4,z_jk_purif,yield_1y,asset_ibov,-1,hard,0,-9.413051008581258,-4.943340089136291,-1.953125161110794,2.7704716755449876,0,-9.413051008581258,-1,TRUE,FALSE
pre_covid,5,4,4,z_jk_purif,yield_1y,price_ipca,-1,ext,24,0.06790455094715171,-0.10129460394899507,-0.11569717159264985,0.022303402993425783,9,-0.1289907699353848,1,FALSE,FALSE
pre_covid,5,4,4,z_jk_purif,yield_1y,pib,-1,ext,24,-0.03561782691371418,-0.1686957267553857,-0.2937884949627989,-0.1613862807080535,14,-0.32105718745744083,-1,TRUE,FALSE
pre_covid,5,4,4,z_jk_purif,yield_1y,vendas_varejo,-1,ext,24,-1.0305446225540904,-1.0886237410915747,-1.1688703020849631,-0.03547710591876784,10,-1.2142308920928588,-1,TRUE,FALSE
pre_covid,5,4,4,z_jk_purif,yield_1y,cambio_usd,-1,soft,0,0.07106388100200964,0.007040683059800362,-0.06812263986530138,-0.05293594692845998,1,0.12786048942899575,1,FALSE,FALSE
pre_covid,5,4,4,z_jk_purif,yield_1y,cds_5y,-1,soft,0,35.991193789468376,11.5173244602052,-16.01064102972978,-23.906027523884795,1,40.17451926013805,1,FALSE,FALSE
pre_covid,5,4,4,z_jk_purif,yield_1y,embi_perc,-1,soft,0,0.35583537119903724,0.09854755341352002,-0.16325040701903262,-0.2322489041903033,1,0.37022870297240046,1,FALSE,FALSE
pre_covid,5,4,4,z_jk_purif,yield_2y,yield_6m,1,hard,0,0.0030046943044301716,4.4734636125629067e-4,-0.0027687858585682184,-0.0032487593104633073,19,-0.0037428717043251204,1,TRUE,FALSE
pre_covid,5,4,4,z_jk_purif,yield_2y,yield_2y,1,hard,0,0.005,8.121201250024131e-4,-0.004094612191796135,-0.004625777918595146,19,-0.005343439068877184,1,TRUE,TRUE
pre_covid,5,4,4,z_jk_purif,yield_2y,yield_5y,1,hard,0,0.005993437475983417,0.001267238783480025,-0.004083482358197931,-0.00485972128928003,1,0.006219836461460012,1,TRUE,FALSE
pre_covid,5,4,4,z_jk_purif,yield_2y,asset_ibov,-1,hard,0,-7.346423469977008,-3.858033874224446,-1.5243181525635414,2.162216917934013,0,-7.346423469977008,-1,TRUE,FALSE
pre_covid,5,4,4,z_jk_purif,yield_2y,price_ipca,-1,ext,24,0.0529961631294286,-0.0790554576995841,-0.0902959535673765,0.01740670937211401,9,-0.10067095342411636,1,FALSE,FALSE
pre_covid,5,4,4,z_jk_purif,yield_2y,pib,-1,ext,24,-0.027799049607024617,-0.13168311787911113,-0.22936150949863787,-0.12597638550065904,14,-0.25065777426699354,-1,TRUE,FALSE
pre_covid,5,4,4,z_jk_purif,yield_2y,vendas_varejo,-1,ext,24,-0.8042894057503938,-0.8496173020032007,-0.9122457971138019,-0.027688136750868262,10,-0.9476475072226943,-1,TRUE,FALSE
pre_covid,5,4,4,z_jk_purif,yield_2y,cambio_usd,-1,soft,0,0.05546186489214646,0.005494906935916283,-0.05316637080655433,-0.04131390370307888,1,0.09978882506507271,1,FALSE,FALSE
pre_covid,5,4,4,z_jk_purif,yield_2y,cds_5y,-1,soft,0,28.08935705611275,8.988705431284432,-12.495518076228038,-18.657479016663025,1,31.354236890744847,1,FALSE,FALSE
pre_covid,5,4,4,z_jk_purif,yield_2y,embi_perc,-1,soft,0,0.2777120107010436,0.07691151982985099,-0.12740891561243975,-0.18125884998016653,1,0.2889452984262037,1,FALSE,FALSE
pre_covid,5,4,4,z_jk_purif,juros_selic,yield_6m,1,hard,0,0.010588619179845216,0.001576459959287152,-0.009757271814205278,-0.01144871047106281,19,-0.013189975119160396,1,TRUE,FALSE
pre_covid,5,4,4,z_jk_purif,juros_selic,yield_2y,1,hard,0,0.01762012721932008,0.0028619319839825286,-0.014429517546645383,-0.016301359082793624,19,-0.01883041523646024,1,TRUE,FALSE
pre_covid,5,4,4,z_jk_purif,juros_selic,yield_5y,1,hard,0,0.021121026161573683,0.00446578171643489,-0.01439029572985934,-0.017125781473510463,1,0.021918861946858208,1,TRUE,FALSE
pre_covid,5,4,4,z_jk_purif,juros_selic,asset_ibov,-1,hard,0,-25.888983229598743,-13.59580953605621,-5.37173595417771,7.619707433952694,0,-25.888983229598743,-1,TRUE,FALSE
pre_covid,5,4,4,z_jk_purif,juros_selic,price_ipca,-1,ext,24,0.18675982729527438,-0.2785934444096498,-0.3182052378493985,0.06134168672127599,9,-0.3547670013246353,1,FALSE,FALSE
pre_covid,5,4,4,z_jk_purif,juros_selic,pib,-1,ext,24,-0.09793019431860728,-0.4632839809359357,-0.8059389085325885,-0.4432386404196076,14,-0.8805336820008614,-1,TRUE,FALSE
pre_covid,5,4,4,z_jk_purif,juros_selic,vendas_varejo,-1,ext,24,-2.834336330094657,-2.994072989806377,-3.2147774000870486,-0.09757369840324609,10,-3.339533927267083,-1,TRUE,FALSE
pre_covid,5,4,4,z_jk_purif,juros_selic,cambio_usd,-1,soft,0,0.1954490230440725,0.019364191853833836,-0.18735964348020648,-0.14559124783499774,1,0.35165835854261146,1,FALSE,FALSE
pre_covid,5,4,4,z_jk_purif,juros_selic,cds_5y,-1,soft,0,98.98760896752255,31.676426647245005,-44.03452363489035,-65.74943077307948,1,110.4931285759246,1,FALSE,FALSE
pre_covid,5,4,4,z_jk_purif,juros_selic,embi_perc,-1,soft,0,0.9786641917771134,0.27103815280664667,-0.4489922603933609,-0.6387607992556373,1,1.018250583538823,1,FALSE,FALSE
pre_covid,5,4,4,z_jk_raw_purif,yield_3m,yield_6m,1,hard,0,0.006518494445271096,4.2412323965588047e-4,-0.005711415259184291,-0.006210953934574896,19,-0.00738664118475006,1,TRUE,FALSE
pre_covid,5,4,4,z_jk_raw_purif,yield_3m,yield_2y,1,hard,0,0.009640652833873468,5.909188371111257e-4,-0.008514753471845618,-0.008843757915140535,19,-0.010558440205762699,1,TRUE,FALSE
pre_covid,5,4,4,z_jk_raw_purif,yield_3m,yield_5y,1,hard,0,0.010599032585085974,0.0012111136361923523,-0.008580727179186745,-0.009325415232201754,19,-0.010840537947332682,1,TRUE,FALSE
pre_covid,5,4,4,z_jk_raw_purif,yield_3m,asset_ibov,-1,hard,0,-12.256810563548763,-7.250527888892373,-2.7922353072201003,4.483347594782332,0,-12.256810563548763,-1,TRUE,FALSE
pre_covid,5,4,4,z_jk_raw_purif,yield_3m,price_ipca,-1,ext,24,-0.19494079902841854,-0.14657513957654197,-0.17650848615996872,0.04227002608517921,9,-0.21232481144289414,1,FALSE,FALSE
pre_covid,5,4,4,z_jk_raw_purif,yield_3m,pib,-1,ext,24,0.18197538179389738,-0.2296975114124078,-0.44349790391767785,-0.22539446490144055,14,-0.48144234570950406,-1,TRUE,FALSE
pre_covid,5,4,4,z_jk_raw_purif,yield_3m,vendas_varejo,-1,ext,24,-1.2525069385524616,-1.6744299425165396,-1.7795916476477132,0.03892287651858771,9,-1.8589444632156549,1,FALSE,FALSE
pre_covid,5,4,4,z_jk_raw_purif,yield_3m,cambio_usd,-1,soft,0,0.07740895829445395,-0.01728585096929352,-0.11300569398749906,-0.07801909205443366,1,0.1479092839068845,1,FALSE,FALSE
pre_covid,5,4,4,z_jk_raw_purif,yield_3m,cds_5y,-1,soft,0,49.20003342471967,11.267698656562038,-27.02793244521092,-36.16741640460263,1,54.230895124465796,1,FALSE,FALSE
pre_covid,5,4,4,z_jk_raw_purif,yield_3m,embi_perc,-1,soft,0,0.475671710738101,0.10077080387598533,-0.271524795899443,-0.35046536585041665,1,0.5073164343516257,1,FALSE,FALSE
pre_covid,5,4,4,z_jk_raw_purif,yield_6m,yield_6m,1,hard,0,0.005,3.2532300458088507e-4,-0.004380931292599086,-0.004764101577996045,19,-0.005665910469639788,1,TRUE,TRUE
pre_covid,5,4,4,z_jk_raw_purif,yield_6m,yield_2y,1,hard,0,0.007394846244647314,4.5326328193760556e-4,-0.006531227067335102,-0.006783589362077561,19,-0.008098833476357736,1,TRUE,FALSE
pre_covid,5,4,4,z_jk_raw_purif,yield_6m,yield_5y,1,hard,0,0.008129969791394962,9.289826403633482e-4,-0.006581832086557746,-0.0071530437821934224,19,-0.008315216065879335,1,TRUE,FALSE
pre_covid,5,4,4,z_jk_raw_purif,yield_6m,asset_ibov,-1,hard,0,-9.401565550493476,-5.561504999173803,-2.141779310133304,3.438944093934773,0,-9.401565550493476,-1,TRUE,FALSE
pre_covid,5,4,4,z_jk_raw_purif,yield_6m,price_ipca,-1,ext,24,-0.14952900601905109,-0.11243020977250069,-0.13539053200238477,0.03242315111263492,9,-0.16286338296792383,1,FALSE,FALSE
pre_covid,5,4,4,z_jk_raw_purif,yield_6m,pib,-1,ext,24,0.13955434120032084,-0.17623626528645575,-0.3403603570371394,-0.17293386879145833,14,-0.36949702186810374,-1,TRUE,FALSE
pre_covid,5,4,4,z_jk_raw_purif,yield_6m,vendas_varejo,-1,ext,24,-0.9607333020442356,-1.2843686196060742,-1.3650327254161696,0.029855725770254114,9,-1.4259001666897515,1,FALSE,FALSE
pre_covid,5,4,4,z_jk_raw_purif,yield_6m,cambio_usd,-1,soft,0,0.05937640888120341,-0.013259082380467245,-0.08668082402791655,-0.0598444109368179,1,0.11345356289609689,1,FALSE,FALSE
pre_covid,5,4,4,z_jk_raw_purif,yield_6m,cds_5y,-1,soft,0,37.73880137338485,8.642868956294269,-20.731729291277215,-27.74215480910675,1,41.597715223803036,1,FALSE,FALSE
pre_covid,5,4,4,z_jk_raw_purif,yield_6m,embi_perc,-1,soft,0,0.3648631710372796,0.07729607252261332,-0.20827262965332682,-0.26882385863246777,1,0.3891362020870197,1,FALSE,FALSE
pre_covid,5,4,4,z_jk_raw_purif,yield_1y,yield_6m,1,hard,0,0.004089405496586981,2.6607553661985256e-4,-0.003583080901624921,-0.003896468635871147,19,-0.004634041083542934,1,TRUE,FALSE
pre_covid,5,4,4,z_jk_raw_purif,yield_1y,yield_2y,1,hard,0,0.006048104975855264,3.707154713113397e-4,-0.005341767173723567,-0.00554816952477379,19,-0.006623882826831994,1,TRUE,FALSE
pre_covid,5,4,4,z_jk_raw_purif,yield_1y,yield_5y,1,hard,0,0.006649348630403335,7.597973431471525e-4,-0.00538315606247636,-0.005850339312045822,19,-0.006800858057023064,1,TRUE,FALSE
pre_covid,5,4,4,z_jk_raw_purif,yield_1y,asset_ibov,-1,hard,0,-7.689362767742164,-4.548649822583464,-1.7517208166670808,2.8126473760384387,0,-7.689362767742164,-1,TRUE,FALSE
pre_covid,5,4,4,z_jk_raw_purif,yield_1y,price_ipca,-1,ext,24,-0.12229694782269905,-0.09195454356521833,-0.11073335715127755,0.026518282475335903,9,-0.13320288270035563,1,FALSE,FALSE
pre_covid,5,4,4,z_jk_raw_purif,yield_1y,pib,-1,ext,24,0.11412436149422778,-0.14416345807557462,-0.2784606955261726,-0.14146163073336382,14,-0.30230645914353094,-1,TRUE,FALSE
pre_covid,5,4,4,z_jk_raw_purif,yield_1y,vendas_varejo,-1,ext,24,-0.7857656092267715,-1.0504608185321824,-1.116434466067598,0.024418433813894146,9,-1.1662167958490723,1,FALSE,FALSE
pre_covid,5,4,4,z_jk_raw_purif,yield_1y,cambio_usd,-1,soft,0,0.04856284256927784,-0.010844352873276468,-0.07089460764569014,-0.048945612605006635,1,0.09279152474293506,1,FALSE,FALSE
pre_covid,5,4,4,z_jk_raw_purif,yield_1y,cds_5y,-1,soft,0,30.865852354184863,7.0688391632301535,-16.95608954350047,-22.689784072705617,1,34.021985056336014,1,FALSE,FALSE
pre_covid,5,4,4,z_jk_raw_purif,yield_1y,embi_perc,-1,soft,0,0.2984146914284014,0.06321899676771216,-0.17034224729858785,-0.21986595302106704,1,0.3182671447471281,1,FALSE,FALSE
pre_covid,5,4,4,z_jk_raw_purif,yield_2y,yield_6m,1,hard,0,0.003380732901390073,2.1996603703313428e-4,-0.002962151711923814,-0.003221230990059119,19,-0.0038309859882083427,1,TRUE,FALSE
pre_covid,5,4,4,z_jk_raw_purif,yield_2y,yield_2y,1,hard,0,0.005,3.064724180477016e-4,-0.004416066846597836,-0.004586700749179062,19,-0.005475998559280388,1,TRUE,TRUE
pre_covid,5,4,4,z_jk_raw_purif,yield_2y,yield_5y,1,hard,0,0.005497051272215268,6.281284354193186e-4,-0.0044502832572901295,-0.004836506091908998,19,-0.005622304907217118,1,TRUE,FALSE
pre_covid,5,4,4,z_jk_raw_purif,yield_2y,asset_ibov,-1,hard,0,-6.356836396225753,-3.7603925863904495,-1.4481567562568387,2.325230288881272,0,-6.356836396225753,-1,TRUE,FALSE
pre_covid,5,4,4,z_jk_raw_purif,yield_2y,price_ipca,-1,ext,24,-0.10110352607215205,-0.07601930185761617,-0.09154384521543354,0.021922802746645403,9,-0.11011951944627034,1,FALSE,FALSE
pre_covid,5,4,4,z_jk_raw_purif,yield_2y,pib,-1,ext,24,0.09433788079706851,-0.11919558012604137,-0.23026051681750426,-0.11696141208491495,14,-0.24998387137540323,-1,TRUE,FALSE
pre_covid,5,4,4,z_jk_raw_purif,yield_2y,vendas_varejo,-1,ext,24,-0.6495965367364148,-0.8684214499630412,-0.9229622092577211,0.020186846881275512,9,-0.9641175215251265,1,FALSE,FALSE
pre_covid,5,4,4,z_jk_raw_purif,yield_2y,cambio_usd,-1,soft,0,0.040147155814214824,-0.008965083209177405,-0.05860894274215613,-0.04046359380368164,1,0.07671123857255255,1,FALSE,FALSE
pre_covid,5,4,4,z_jk_raw_purif,yield_2y,cds_5y,-1,soft,0,25.516961492405407,5.8438462885893845,-14.017687863546636,-18.757763103720805,1,28.126152895953133,1,FALSE,FALSE
pre_covid,5,4,4,z_jk_raw_purif,yield_2y,embi_perc,-1,soft,0,0.246700985366249,0.0522634751050864,-0.14082282630560636,-0.1817643327114835,1,0.2631131123035128,1,FALSE,FALSE
pre_covid,5,4,4,z_jk_raw_purif,juros_selic,yield_6m,1,hard,0,0.010718199919085054,6.973754002750698e-4,-0.00939113948517054,-0.010212518629558038,19,-0.012145672227447267,1,TRUE,FALSE
pre_covid,5,4,4,z_jk_raw_purif,juros_selic,yield_2y,1,hard,0,0.01585188808420505,9.71633294357574e-4,-0.014000599484927441,-0.01454157339034519,19,-0.01736098326219616,1,TRUE,FALSE
pre_covid,5,4,4,z_jk_raw_purif,juros_selic,yield_5y,1,hard,0,0.017427728312058684,0.0019914043321547716,-0.014109078427514929,-0.015333550657503478,19,-0.017824829632896527,1,TRUE,FALSE
pre_covid,5,4,4,z_jk_raw_purif,juros_selic,asset_ibov,-1,hard,0,-20.1535718245144,-11.921864486427156,-4.591203765713764,7.371858061869942,0,-20.1535718245144,-1,TRUE,FALSE
pre_covid,5,4,4,z_jk_raw_purif,juros_selic,price_ipca,-1,ext,24,-0.3205363560428524,-0.24100989305726653,-0.29022855783056856,0.06950356312638521,9,-0.34912045962974386,1,FALSE,FALSE
pre_covid,5,4,4,z_jk_raw_purif,juros_selic,pib,-1,ext,24,0.2993930066498951,-0.3774064204635108,-0.7281902992768985,-0.3703414039248121,14,-0.7903953579542322,-1,TRUE,FALSE
pre_covid,5,4,4,z_jk_raw_purif,juros_selic,vendas_varejo,-1,ext,24,-2.059466320046569,-2.7532239269474412,-2.9261387294208077,0.06399992750699264,9,-3.056616610247492,1,FALSE,FALSE
pre_covid,5,4,4,z_jk_raw_purif,juros_selic,cambio_usd,-1,soft,0,0.12728164417321508,-0.028422699139493218,-0.18581248021644817,-0.12828487209213887,1,0.24320359373057135,1,FALSE,FALSE
pre_covid,5,4,4,z_jk_raw_purif,juros_selic,cds_5y,-1,soft,0,80.89840356531609,18.527199469603193,-44.441363842452134,-59.469192286042606,1,89.17052558917777,1,FALSE,FALSE
pre_covid,5,4,4,z_jk_raw_purif,juros_selic,embi_perc,-1,soft,0,0.7821352820577774,0.1656949516514933,-0.4464615364595838,-0.5762615719685297,1,0.834167921944432,1,FALSE,FALSE
pre_covid,5,4,4,z_jk_raw,yield_3m,yield_6m,1,hard,0,0.006559190000119393,3.7552515178702287e-4,-0.005711807231914968,-0.006116396688167946,18,-0.007315875557871995,1,TRUE,FALSE
pre_covid,5,4,4,z_jk_raw,yield_3m,yield_2y,1,hard,0,0.009869909934002925,5.512634902239383e-4,-0.008510142479333538,-0.00870829703886594,18,-0.010457387073591482,1,TRUE,FALSE
pre_covid,5,4,4,z_jk_raw,yield_3m,yield_5y,1,hard,0,0.010949244853169431,0.00118323131934874,-0.008581444988802825,-0.009187965301277514,1,0.011118030719982741,1,TRUE,FALSE
pre_covid,5,4,4,z_jk_raw,yield_3m,asset_ibov,-1,hard,0,-12.589910268941063,-7.141950216912985,-2.698936100944169,4.477118530500271,0,-12.589910268941063,-1,TRUE,FALSE
pre_covid,5,4,4,z_jk_raw,yield_3m,price_ipca,-1,ext,24,-0.1794375730013965,-0.14526698477666597,-0.1743558558709211,0.04330341473701023,9,-0.2112998375123836,1,FALSE,FALSE
pre_covid,5,4,4,z_jk_raw,yield_3m,pib,-1,ext,24,0.16954196888145923,-0.23385730696116047,-0.44035570118754475,-0.2194482526311492,14,-0.47777905065757853,-1,TRUE,FALSE
pre_covid,5,4,4,z_jk_raw,yield_3m,vendas_varejo,-1,ext,24,-1.262864505969846,-1.6586719411927977,-1.7556975149561669,0.05450849274799546,9,-1.8385632818829944,1,FALSE,FALSE
pre_covid,5,4,4,z_jk_raw,yield_3m,cambio_usd,-1,soft,0,0.08624208281219259,-0.015797619565116553,-0.11241563978526004,-0.07661015648196579,1,0.15814975447896507,1,FALSE,FALSE
pre_covid,5,4,4,z_jk_raw,yield_3m,cds_5y,-1,soft,0,51.14867127389042,11.210984906235051,-27.103857307041963,-35.69667709043239,1,55.91177698186167,1,FALSE,FALSE
pre_covid,5,4,4,z_jk_raw,yield_3m,embi_perc,-1,soft,0,0.49324273008464636,0.09925330707519484,-0.27223232964747296,-0.3457674013021149,1,0.5199242317454033,1,FALSE,FALSE
pre_covid,5,4,4,z_jk_raw,yield_6m,yield_6m,1,hard,0,0.005,2.862587848348557e-4,-0.004354049228495439,-0.004662463420069104,18,-0.005576813263328879,1,TRUE,TRUE
pre_covid,5,4,4,z_jk_raw,yield_6m,yield_2y,1,hard,0,0.007523726202338452,4.202222303469667e-4,-0.0064871900944923335,-0.00663824118428299,18,-0.007971553708156902,1,TRUE,FALSE
pre_covid,5,4,4,z_jk_raw,yield_6m,yield_5y,1,hard,0,0.008346491604123474,9.019645103489933e-4,-0.006541543230678348,-0.007003887142398888,1,0.008475155255283327,1,TRUE,FALSE
pre_covid,5,4,4,z_jk_raw,yield_6m,asset_ibov,-1,hard,0,-9.597153206959927,-5.4442318462973205,-2.057369965571238,3.412859309166816,0,-9.597153206959927,-1,TRUE,FALSE
pre_covid,5,4,4,z_jk_raw,yield_6m,price_ipca,-1,ext,24,-0.1367833322392935,-0.1107354603038041,-0.1329095939191786,0.03300972737199411,9,-0.16107159383135528,1,FALSE,FALSE
pre_covid,5,4,4,z_jk_raw,yield_6m,pib,-1,ext,24,0.12921399471115258,-0.17831650772136554,-0.33585442496369966,-0.167326714375704,14,-0.3644130612264318,-1,TRUE,FALSE
pre_covid,5,4,4,z_jk_raw,yield_6m,vendas_varejo,-1,ext,24,-0.962668032140294,-1.2643877835240371,-1.338349334997316,0.04155123784110788,9,-1.4015170179927157,1,FALSE,FALSE
pre_covid,5,4,4,z_jk_raw,yield_6m,cambio_usd,-1,soft,0,0.06574141228613806,-0.012042355507943055,-0.08569323329802446,-0.058399098425698376,1,0.12055585710742209,1,FALSE,FALSE
pre_covid,5,4,4,z_jk_raw,yield_6m,cds_5y,-1,soft,0,38.99008206269326,8.546013231840353,-20.660978952087536,-27.21119306635623,1,42.620946321759206,1,FALSE,FALSE
pre_covid,5,4,4,z_jk_raw,yield_6m,embi_perc,-1,soft,0,0.3759936288441623,0.07565972861998829,-0.20751977732198465,-0.26357477165307086,1,0.3963326506290711,1,FALSE,FALSE
pre_covid,5,4,4,z_jk_raw,yield_1y,yield_6m,1,hard,0,0.004054461233189905,2.3212502915459456e-4,-0.0035306647608670345,-0.0037807554375672405,18,-0.004522194636181244,1,TRUE,FALSE
pre_covid,5,4,4,z_jk_raw,yield_1y,yield_2y,1,hard,0,0.006100931243303271,3.407549484532749e-4,-0.005260412150090544,-0.005382898307648006,18,-0.006464071095602679,1,TRUE,FALSE
pre_covid,5,4,4,z_jk_raw,yield_1y,yield_5y,1,hard,0,0.006768105328412729,7.313960281846216e-4,-0.005304486686804242,-0.005679397780098703,1,0.006872437685562387,1,TRUE,FALSE
pre_covid,5,4,4,z_jk_raw,yield_1y,asset_ibov,-1,hard,0,-7.78225712532064,-4.414685393062077,-1.6683053535475671,2.767461152669627,0,-7.78225712532064,-1,TRUE,FALSE
pre_covid,5,4,4,z_jk_raw,yield_1y,price_ipca,-1,ext,24,-0.1109165435821501,-0.08979452618824267,-0.10777535921286446,0.02676733198958356,9,-0.13061170659146804,1,FALSE,FALSE
pre_covid,5,4,4,z_jk_raw,yield_1y,pib,-1,ext,24,0.10476583149863217,-0.14461987035143675,-0.2724283503121594,-0.13570541667728975,14,-0.29560169264465364,-1,TRUE,FALSE
pre_covid,5,4,4,z_jk_raw,yield_1y,vendas_varejo,-1,ext,24,-0.780620043348807,-1.0252822504034236,-1.0852570990424213,0.03369357660356506,9,-1.1364792834214767,1,FALSE,FALSE
pre_covid,5,4,4,z_jk_raw,yield_1y,cambio_usd,-1,soft,0,0.05330920150586026,-0.009765052712649207,-0.06948797847070769,-0.04735537612404714,1,0.0977578098152049,1,FALSE,FALSE
pre_covid,5,4,4,z_jk_raw,yield_1y,cds_5y,-1,soft,0,31.616755240416584,6.929895869364937,-16.753827640198303,-22.065345479277454,1,34.56099491668811,1,FALSE,FALSE
pre_covid,5,4,4,z_jk_raw,yield_1y,embi_perc,-1,soft,0,0.30489031841500996,0.06135188732068225,-0.16827617845443768,-0.21373073874285148,1,0.3213830734845935,1,FALSE,FALSE
pre_covid,5,4,4,z_jk_raw,yield_2y,yield_6m,1,hard,0,0.0033228216082916125,1.902373751625116e-4,-0.0028935457720020144,-0.003098506840014967,18,-0.0037061511233592915,1,TRUE,FALSE
pre_covid,5,4,4,z_jk_raw,yield_2y,yield_2y,1,hard,0,0.005,2.792647014562793e-4,-0.004311155084614887,-0.004411538249637365,18,-0.005297610182624177,1,TRUE,TRUE
pre_covid,5,4,4,z_jk_raw,yield_2y,yield_5y,1,hard,0,0.0055467805311212,5.994134329799597e-4,-0.004347276239694348,-0.004654533507759764,1,0.00563228580317633,1,TRUE,FALSE
pre_covid,5,4,4,z_jk_raw,yield_2y,asset_ibov,-1,hard,0,-6.3779256108343185,-3.618042243885215,-1.3672546755700563,2.2680645317117363,0,-6.3779256108343185,-1,TRUE,FALSE
pre_covid,5,4,4,z_jk_raw,yield_2y,price_ipca,-1,ext,24,-0.09090132240377105,-0.07359083606031967,-0.08832697412478202,0.021937087079095426,9,-0.10704243449295947,1,FALSE,FALSE
pre_covid,5,4,4,z_jk_raw,yield_2y,pib,-1,ext,24,0.08585241191070292,-0.11853825761758419,-0.22332278050315457,-0.11123059432950333,14,-0.2423241739150761,-1,TRUE,FALSE
pre_covid,5,4,4,z_jk_raw,yield_2y,vendas_varejo,-1,ext,24,-0.6397548277614666,-0.8402670096707217,-0.8894192179543583,0.027613470189939485,9,-0.9313982063549241,1,FALSE,FALSE
pre_covid,5,4,4,z_jk_raw,yield_2y,cambio_usd,-1,soft,0,0.04368939706079745,-0.00800291981930454,-0.056948665457409994,-0.03880995723073185,1,0.08011712140053161,1,FALSE,FALSE
pre_covid,5,4,4,z_jk_raw,yield_2y,cds_5y,-1,soft,0,25.911417437396075,5.679375486301033,-13.730549462090933,-18.083588061656677,1,28.324360280755677,1,FALSE,FALSE
pre_covid,5,4,4,z_jk_raw,yield_2y,embi_perc,-1,soft,0,0.24987195090067182,0.050280756227195286,-0.13791024004667088,-0.1751623893298703,1,0.26338853911635357,1,FALSE,FALSE
pre_covid,5,4,4,z_jk_raw,juros_selic,yield_6m,1,hard,0,0.010800922384951813,6.183717834023796e-4,-0.009405549555447713,-0.010071781104568675,18,-0.01204694544251701,1,TRUE,FALSE
pre_covid,5,4,4,z_jk_raw,juros_selic,yield_2y,1,hard,0,0.016252636551417177,9.077575388817859e-4,-0.014013527341407983,-0.014339825560806239,18,-0.017220026577855502,1,TRUE,FALSE
pre_covid,5,4,4,z_jk_raw,juros_selic,yield_5y,1,hard,0,0.01802996160055792,0.0019484097340521085,-0.014130940142472756,-0.015129688283602467,1,0.018307898822546336,1,TRUE,FALSE
pre_covid,5,4,4,z_jk_raw,juros_selic,asset_ibov,-1,hard,0,-20.731621380973113,-11.760545123508052,-4.4442986630531855,7.372405701814208,0,-20.731621380973113,-1,TRUE,FALSE
pre_covid,5,4,4,z_jk_raw,juros_selic,price_ipca,-1,ext,24,-0.29547723101433726,-0.2392090224006601,-0.2871092416273023,0.07130710065866555,9,-0.3479443566785903,1,FALSE,FALSE
pre_covid,5,4,4,z_jk_raw,juros_selic,pib,-1,ext,24,0.27933530184860444,-0.3847981425233571,-0.7240942877648981,-0.3611057547757923,14,-0.7855356761246157,-1,TRUE,FALSE
pre_covid,5,4,4,z_jk_raw,juros_selic,vendas_varejo,-1,ext,24,-2.0795405395243227,-2.731310862864876,-2.891081458251577,0.08975833898409581,9,-3.0275353065056874,1,FALSE,FALSE
pre_covid,5,4,4,z_jk_raw,juros_selic,cambio_usd,-1,soft,0,0.14201357831593894,-0.02601370943465798,-0.18511319235350607,-0.12615282588942595,1,0.26042289113372147,1,FALSE,FALSE
pre_covid,5,4,4,z_jk_raw,juros_selic,cds_5y,-1,soft,0,84.22577002841037,18.46096512357577,-44.631526011724105,-58.78119686233052,1,92.06910663890372,1,FALSE,FALSE
pre_covid,5,4,4,z_jk_raw,juros_selic,embi_perc,-1,soft,0,0.8122156004764354,0.16343897129820217,-0.44828100163944795,-0.5693701302512432,1,0.856151639613364,1,FALSE,FALSE
pre_covid,5,4,4,z_bs_purif,yield_3m,yield_6m,1,hard,0,0.0063665342075230206,7.421742053768089e-4,-0.006717982358880226,-0.007639655002524334,19,-0.008966281827497547,1,TRUE,FALSE
pre_covid,5,4,4,z_bs_purif,yield_3m,yield_2y,1,hard,0,0.008035132198960628,4.941599791468353e-4,-0.010116602743990137,-0.010887071473053896,19,-0.012830978381641402,1,TRUE,FALSE
pre_covid,5,4,4,z_bs_purif,yield_3m,yield_5y,1,hard,0,0.008160204345391473,8.680855873254066e-4,-0.010228917049332622,-0.011469768479717559,19,-0.013165277858564741,1,TRUE,FALSE
pre_covid,5,4,4,z_bs_purif,yield_3m,asset_ibov,-1,hard,0,-12.57655094047828,-8.995802508527918,-3.597940721985911,5.348226939035089,1,-12.93546165895024,-1,TRUE,FALSE
pre_covid,5,4,4,z_bs_purif,yield_3m,price_ipca,-1,ext,24,-0.1586241321319416,-0.20755912480888034,-0.21111552686460833,0.046610900158061394,9,-0.24537553730961942,1,FALSE,FALSE
pre_covid,5,4,4,z_bs_purif,yield_3m,pib,-1,ext,24,0.30163262246871714,-0.19001677293908337,-0.5229799844543526,-0.28324540266734255,14,-0.5666228841593068,-1,TRUE,FALSE
pre_covid,5,4,4,z_bs_purif,yield_3m,vendas_varejo,-1,ext,24,-1.4553884307859573,-2.0501715542793146,-2.177520834708374,0.003235774262823206,9,-2.2781468487029635,1,FALSE,FALSE
pre_covid,5,4,4,z_bs_purif,yield_3m,cambio_usd,-1,soft,0,-0.01364125603568463,-0.05076742097768912,-0.14028624336969725,-0.09693192870642532,14,-0.14402063275495194,-1,TRUE,FALSE
pre_covid,5,4,4,z_bs_purif,yield_3m,cds_5y,-1,soft,0,34.309466381993055,9.682808719750149,-32.44102799905622,-44.3293541677349,20,-47.183811439681165,1,FALSE,FALSE
pre_covid,5,4,4,z_bs_purif,yield_3m,embi_perc,-1,soft,0,0.37631667861699614,0.09742536458135481,-0.32283055185216264,-0.42984575045942863,20,-0.4642546791570804,1,FALSE,FALSE
pre_covid,5,4,4,z_bs_purif,yield_6m,yield_6m,1,hard,0,0.005,5.82871450293802e-4,-0.00527601214404999,-0.005999853887140769,19,-0.007041729090925588,1,TRUE,TRUE
pre_covid,5,4,4,z_bs_purif,yield_6m,yield_2y,1,hard,0,0.006310444534693545,3.880918275463837e-4,-0.007945141276423085,-0.008550234019153764,19,-0.010076894243715573,1,TRUE,FALSE
pre_covid,5,4,4,z_bs_purif,yield_6m,yield_5y,1,hard,0,0.006408670777068128,6.817567918661557e-4,-0.008033348063413855,-0.009007858990346975,19,-0.010339438562199179,1,TRUE,FALSE
pre_covid,5,4,4,z_bs_purif,yield_6m,asset_ibov,-1,hard,0,-9.877077959949691,-7.064913354190433,-2.8256666851286227,4.200265611323782,1,-10.158950880735896,-1,TRUE,FALSE
pre_covid,5,4,4,z_bs_purif,yield_6m,price_ipca,-1,ext,24,-0.1245765175851119,-0.16300793967588983,-0.16580098369309276,0.03660618056758698,9,-0.1927073108471413,1,FALSE,FALSE
pre_covid,5,4,4,z_bs_purif,yield_6m,pib,-1,ext,24,0.23681259538363975,-0.14926139289614948,-0.4109568284531906,-0.22251636001351383,14,-0.44527228412294395,-1,TRUE,FALSE
pre_covid,5,4,4,z_bs_purif,yield_6m,vendas_varejo,-1,ext,24,-1.1429989876330173,-1.6101158710941408,-1.7101304758052698,0.0025412368467286734,9,-1.789157785417213,1,FALSE,FALSE
pre_covid,5,4,4,z_bs_purif,yield_6m,cambio_usd,-1,soft,0,-0.010713251190549977,-0.039870531848945186,-0.11017473463342732,-0.07612613515206251,14,-0.11310756218412353,-1,TRUE,FALSE
pre_covid,5,4,4,z_bs_purif,yield_6m,cds_5y,-1,soft,0,26.945167703215393,7.60445825321134,-25.477777187407753,-34.814353243679335,20,-37.05612025450706,1,FALSE,FALSE
pre_covid,5,4,4,z_bs_purif,yield_6m,embi_perc,-1,soft,0,0.2955428073977214,0.07651365829954393,-0.25353712186976834,-0.3375822201281044,20,-0.3646055012227009,1,FALSE,FALSE
pre_covid,5,4,4,z_bs_purif,yield_1y,yield_6m,1,hard,0,0.004360756746656378,5.083521218604169e-4,-0.004601481110521394,-0.00523278066346032,19,-0.006141453528276048,1,TRUE,FALSE
pre_covid,5,4,4,z_bs_purif,yield_1y,yield_2y,1,hard,0,0.005503662715813148,3.384748110590193e-4,-0.006929365684860007,-0.007457098136903131,19,-0.008788576911725101,1,TRUE,FALSE
pre_covid,5,4,4,z_bs_purif,yield_1y,yield_5y,1,hard,0,0.005589330865639881,5.945951059418294e-4,-0.007006295353154182,-0.007856216373016976,19,-0.009017555293349836,1,TRUE,FALSE
pre_covid,5,4,4,z_bs_purif,yield_1y,asset_ibov,-1,hard,0,-8.614306870220325,-6.161673714765733,-2.4644090121953606,3.6632673204657906,1,-8.860142718423962,-1,TRUE,FALSE
pre_covid,5,4,4,z_bs_purif,yield_1y,price_ipca,-1,ext,24,-0.10864957790684672,-0.14216759454003847,-0.14460355164838365,0.031926129775885305,9,-0.16806994118133584,1,FALSE,FALSE
pre_covid,5,4,4,z_bs_purif,yield_1y,pib,-1,ext,24,0.20650518674283358,-0.13019095309079187,-0.3585108547650595,-0.1940955713824022,14,-0.38845554632009893,-1,TRUE,FALSE
pre_covid,5,4,4,z_bs_purif,yield_1y,vendas_varejo,-1,ext,24,-0.9968681093484181,-1.404264729554457,-1.4914926020061023,0.002216343144844768,9,-1.560416376718179,1,FALSE,FALSE
pre_covid,5,4,4,z_bs_purif,yield_1y,cambio_usd,-1,soft,0,-0.009343576481563056,-0.03477313815061314,-0.09608904347275886,-0.06639351149224636,14,-0.09864691297845449,-1,TRUE,FALSE
pre_covid,5,4,4,z_bs_purif,yield_1y,cds_5y,-1,soft,0,23.50026437031681,6.632238526471625,-22.22047775195926,-30.3633851575706,20,-32.31854528095034,1,FALSE,FALSE
pre_covid,5,4,4,z_bs_purif,yield_1y,embi_perc,-1,soft,0,0.25775805825707593,0.06673149032821939,-0.22112274294428652,-0.2944227887949739,20,-0.31799117986498465,1,FALSE,FALSE
pre_covid,5,4,4,z_bs_purif,yield_2y,yield_6m,1,hard,0,0.003961686036943209,4.6183073719235863e-4,-0.004180380728365129,-0.004753907473677004,19,-0.005579423963091339,1,TRUE,FALSE
pre_covid,5,4,4,z_bs_purif,yield_2y,yield_2y,1,hard,0,0.005,3.07499594848456e-4,-0.006295231051269297,-0.006774668545255656,19,-0.007984298244216276,1,TRUE,TRUE
pre_covid,5,4,4,z_bs_purif,yield_2y,yield_5y,1,hard,0,0.005077828306575356,5.401812725854693e-4,-0.006365120570546287,-0.007137261836962192,19,-0.00819232187633933,1,TRUE,FALSE
pre_covid,5,4,4,z_bs_purif,yield_2y,asset_ibov,-1,hard,0,-7.825976367946441,-5.597793717501969,-2.238880850305933,3.3280267247668314,1,-8.049314770840661,-1,TRUE,FALSE
pre_covid,5,4,4,z_bs_purif,yield_2y,price_ipca,-1,ext,24,-0.09870661004958958,-0.12915725570497075,-0.13137028840167486,0.029004438884086232,9,-0.15268917251999883,1,FALSE,FALSE
pre_covid,5,4,4,z_bs_purif,yield_2y,pib,-1,ext,24,0.18758933753306728,-0.118283695027388,-0.3257555574229465,-0.1763487623475335,14,-0.35296920478702365,-1,TRUE,FALSE
pre_covid,5,4,4,z_bs_purif,yield_2y,vendas_varejo,-1,ext,24,-0.9056406259091897,-1.2757547128748619,-1.3550000054697566,0.0020135165064501144,9,-1.4176162832751211,1,FALSE,FALSE
pre_covid,5,4,4,z_bs_purif,yield_2y,cambio_usd,-1,soft,0,-0.008488507530373411,-0.03159090586229313,-0.08729554156423447,-0.06031756933567553,14,-0.08961932995550559,-1,TRUE,FALSE
pre_covid,5,4,4,z_bs_purif,yield_2y,cds_5y,-1,soft,0,21.349658930584305,6.025295216052982,-20.1869908271407,-27.584707426138586,20,-29.360942839113804,1,FALSE,FALSE
pre_covid,5,4,4,z_bs_purif,yield_2y,embi_perc,-1,soft,0,0.23416956267730973,0.06062461834414941,-0.200886895111646,-0.26747895356036,20,-0.28889050463733085,1,FALSE,FALSE
pre_covid,5,4,4,z_bs_purif,juros_selic,yield_6m,1,hard,0,0.009564082219218365,0.0011149260947689948,-0.010092042787057734,-0.011476619175982245,19,-0.013469535198214824,1,TRUE,FALSE
pre_covid,5,4,4,z_bs_purif,juros_selic,yield_2y,1,hard,0,0.012070722073925249,7.423484294520658e-4,-0.015197596882203188,-0.0163550282305489,19,-0.0192752490122528,1,TRUE,FALSE
pre_covid,5,4,4,z_bs_purif,juros_selic,yield_5y,1,hard,0,0.012258610845556324,0.0013040756021836914,-0.015366320274817748,-0.01723038080056076,19,-0.01977744810188597,1,TRUE,FALSE
pre_covid,5,4,4,z_bs_purif,juros_selic,asset_ibov,-1,hard,0,-18.89303713891769,-13.513882438226219,-5.404981700135273,8.034337129851227,1,-19.432208296871785,-1,TRUE,FALSE
pre_covid,5,4,4,z_bs_purif,juros_selic,price_ipca,-1,ext,24,-0.23829201135358255,-0.3118042674891196,-0.31714684801360454,0.0700209041359911,9,-0.3686137130373061,1,FALSE,FALSE
pre_covid,5,4,4,z_bs_purif,juros_selic,pib,-1,ext,24,0.45346858718449123,-0.2853151373682805,-0.7846103898677792,-0.4252006589136381,14,-0.849992998471194,-1,TRUE,FALSE
pre_covid,5,4,4,z_bs_purif,juros_selic,vendas_varejo,-1,ext,24,-2.186347258841107,-3.0798561147225523,-3.271165695238525,0.004860919628124049,9,-3.422330432576975,1,FALSE,FALSE
pre_covid,5,4,4,z_bs_purif,juros_selic,cambio_usd,-1,soft,0,-0.020492483044311803,-0.07626500894545524,-0.21074404410293282,-0.14561532312513104,14,-0.2163540048688623,-1,TRUE,FALSE
pre_covid,5,4,4,z_bs_purif,juros_selic,cds_5y,-1,soft,0,51.541159864835855,14.545932793265383,-48.73431115665875,-66.59346736629215,20,-70.88155616786969,1,FALSE,FALSE
pre_covid,5,4,4,z_bs_purif,juros_selic,embi_perc,-1,soft,0,0.5653191418500849,0.14635658377400357,-0.48496997583729023,-0.6457328218102927,20,-0.6974233982546468,1,FALSE,FALSE
pre_covid,5,4,4,z_jk_bs_purif,yield_3m,yield_6m,1,hard,0,0.006538330836947594,4.8736606651711596e-4,-0.005526372601269992,-0.006131720129261324,19,-0.00723086325818902,1,TRUE,FALSE
pre_covid,5,4,4,z_jk_bs_purif,yield_3m,yield_2y,1,hard,0,0.00992488217497186,8.277879680300502e-4,-0.008211512627408104,-0.008729824052585695,19,-0.01033171744292068,1,TRUE,FALSE
pre_covid,5,4,4,z_jk_bs_purif,yield_3m,yield_5y,1,hard,0,0.011074472524889585,0.0015442587693974294,-0.008246569290724376,-0.009194877545591533,1,0.011311356283747263,1,TRUE,FALSE
pre_covid,5,4,4,z_jk_bs_purif,yield_3m,asset_ibov,-1,hard,0,-12.222261468337017,-7.153499210711074,-2.808283665327889,4.325585476837122,0,-12.222261468337017,-1,TRUE,FALSE
pre_covid,5,4,4,z_jk_bs_purif,yield_3m,price_ipca,-1,ext,24,-0.18933741367821263,-0.13697632153622682,-0.17443635167336752,0.03930520380561474,9,-0.20750142886832415,1,FALSE,FALSE
pre_covid,5,4,4,z_jk_bs_purif,yield_3m,pib,-1,ext,24,0.14021586699617394,-0.24221804562812865,-0.4374037321791091,-0.22694039027161272,14,-0.4759389920451995,-1,TRUE,FALSE
pre_covid,5,4,4,z_jk_bs_purif,yield_3m,vendas_varejo,-1,ext,24,-1.255488577479853,-1.6336818116414962,-1.749904346151867,0.012416938665797886,9,-1.817197763865127,1,FALSE,FALSE
pre_covid,5,4,4,z_jk_bs_purif,yield_3m,cambio_usd,-1,soft,0,0.09352127374803285,-0.0073116422191957025,-0.10790197925657659,-0.07724590581485777,1,0.1662766858836473,1,FALSE,FALSE
pre_covid,5,4,4,z_jk_bs_purif,yield_3m,cds_5y,-1,soft,0,51.91429485223196,12.878445390595699,-25.70700898529328,-35.55502986515527,1,57.175664593181956,1,FALSE,FALSE
pre_covid,5,4,4,z_jk_bs_purif,yield_3m,embi_perc,-1,soft,0,0.49404770928374847,0.11294841622923477,-0.2596450745132407,-0.3447895952942393,1,0.5273239127604706,1,FALSE,FALSE
pre_covid,5,4,4,z_jk_bs_purif,yield_6m,yield_6m,1,hard,0,0.005,3.7269914804788454e-4,-0.004226134115178828,-0.004689056184348654,19,-0.005529594202642652,1,TRUE,TRUE
pre_covid,5,4,4,z_jk_bs_purif,yield_6m,yield_2y,1,hard,0,0.00758976749760591,6.330269824771526e-4,-0.006279517534510102,-0.006675881253403503,19,-0.007900883039243715,1,TRUE,FALSE
pre_covid,5,4,4,z_jk_bs_purif,yield_6m,yield_5y,1,hard,0,0.00846888357370096,0.0011809273711502518,-0.0063063261070575236,-0.007031517504155649,1,0.008650033598657687,1,TRUE,FALSE
pre_covid,5,4,4,z_jk_bs_purif,yield_6m,asset_ibov,-1,hard,0,-9.34662207613446,-5.470432277827862,-2.1475539670297032,3.3078667818348824,0,-9.34662207613446,-1,TRUE,FALSE
pre_covid,5,4,4,z_jk_bs_purif,yield_6m,price_ipca,-1,ext,24,-0.1447903282962387,-0.1047486927108249,-0.13339517074269278,0.030057521396366273,9,-0.15868073522354506,1,FALSE,FALSE
pre_covid,5,4,4,z_jk_bs_purif,yield_6m,pib,-1,ext,24,0.10720836506314946,-0.18528209963109,-0.3346643199627297,-0.17359249570082502,14,-0.3641648013020915,-1,TRUE,FALSE
pre_covid,5,4,4,z_jk_bs_purif,yield_6m,vendas_varejo,-1,ext,24,-0.9600986924561737,-1.249311064537824,-1.3381888969760412,0.009495495850126413,9,-1.389649598026063,1,FALSE,FALSE
pre_covid,5,4,4,z_jk_bs_purif,yield_6m,cambio_usd,-1,soft,0,0.0715176977735292,-0.005591367584122683,-0.08251492769900155,-0.0590715793841046,1,0.12715530158250085,1,FALSE,FALSE
pre_covid,5,4,4,z_jk_bs_purif,yield_6m,cds_5y,-1,soft,0,39.69996023975138,9.848419812148856,-19.65869395903385,-27.18968399720353,1,43.72344105783603,1,FALSE,FALSE
pre_covid,5,4,4,z_jk_bs_purif,yield_6m,embi_perc,-1,soft,0,0.3778087417142642,0.08637404487929252,-0.1985560848695563,-0.2636679023229143,1,0.40325575893208443,1,FALSE,FALSE
pre_covid,5,4,4,z_jk_bs_purif,yield_1y,yield_6m,1,hard,0,0.004046913926711143,3.0165627454167235e-4,-0.003420560201373254,-0.0037952413551143155,19,-0.00447555835754715,1,TRUE,FALSE
pre_covid,5,4,4,z_jk_bs_purif,yield_1y,yield_2y,1,hard,0,0.006143027157312187,5.123611422741438e-4,-0.0050825333926871495,-0.005403343363493695,19,-0.006394838720966249,1,TRUE,FALSE
pre_covid,5,4,4,z_jk_bs_purif,yield_1y,yield_5y,1,hard,0,0.006854568575621128,9.558222849484666e-4,-0.005104231789806631,-0.005691189222696135,1,0.0070011882873854195,1,TRUE,FALSE
pre_covid,5,4,4,z_jk_bs_purif,yield_1y,asset_ibov,-1,hard,0,-7.564995009522872,-4.427673714054347,-1.7381932115072538,2.6773304294225513,0,-7.564995009522872,-1,TRUE,FALSE
pre_covid,5,4,4,z_jk_bs_purif,yield_1y,price_ipca,-1,ext,24,-0.11719079920702537,-0.08478178866724465,-0.10796775484692281,0.024328040388274564,9,-0.12843345545538556,1,FALSE,FALSE
pre_covid,5,4,4,z_jk_bs_purif,yield_1y,pib,-1,ext,24,0.08676374257639008,-0.1499906435025955,-0.2709580526535027,-0.14052603970166055,14,-0.2948511708545043,-1,TRUE,FALSE
pre_covid,5,4,4,z_jk_bs_purif,yield_1y,vendas_varejo,-1,ext,24,-0.7770873539036096,-1.0111708691744887,-1.0831070567485126,0.007685490879380889,9,-1.124758462300043,1,FALSE,FALSE
pre_covid,5,4,4,z_jk_bs_purif,yield_1y,cambio_usd,-1,soft,0,0.05788519342520276,-0.004525556669109465,-0.06678616201333049,-0.04781151945647115,1,0.10291731216587563,1,FALSE,FALSE
pre_covid,5,4,4,z_jk_bs_purif,yield_1y,cds_5y,-1,soft,0,32.132464396825696,7.971141458776628,-15.91140847275326,-22.006862166231613,1,35.38900050813808,1,FALSE,FALSE
pre_covid,5,4,4,z_jk_bs_purif,yield_1y,embi_perc,-1,soft,0,0.3057918916953338,0.06990966502567644,-0.1607078770183694,-0.21340826118746303,1,0.3263882693697448,1,FALSE,FALSE
pre_covid,5,4,4,z_jk_bs_purif,yield_2y,yield_6m,1,hard,0,0.0032939085430332238,2.4552738154722616e-4,-0.0027840998531983388,-0.00308906444487776,19,-0.0036427955167183243,1,TRUE,FALSE
pre_covid,5,4,4,z_jk_bs_purif,yield_2y,yield_2y,1,hard,0,0.005,4.170265971104071e-4,-0.00413683129060995,-0.004397948458572228,19,-0.005204957228094235,1,TRUE,TRUE
pre_covid,5,4,4,z_jk_bs_purif,yield_2y,yield_5y,1,hard,0,0.005579145590673466,7.779733513067162e-4,-0.004154492287838046,-0.004632235115485188,1,0.0056984839136285945,1,TRUE,FALSE
pre_covid,5,4,4,z_jk_bs_purif,yield_2y,asset_ibov,-1,hard,0,-6.1573836610164445,-3.603820722804378,-1.414769271724806,2.1791621303803472,0,-6.1573836610164445,-1,TRUE,FALSE
pre_covid,5,4,4,z_jk_bs_purif,yield_2y,price_ipca,-1,ext,24,-0.09538521986471316,-0.06900652275834962,-0.08787829850174625,0.019801345301978954,9,-0.1045359658735256,1,FALSE,FALSE
pre_covid,5,4,4,z_jk_bs_purif,yield_2y,pib,-1,ext,24,0.07061399792533951,-0.12209907447766621,-0.22059680294720385,-0.11439345649330024,14,-0.24005440587916427,-1,TRUE,FALSE
pre_covid,5,4,4,z_jk_bs_purif,yield_2y,vendas_varejo,-1,ext,24,-0.6324954570472836,-0.8230232776774139,-0.8815743679883176,0.006255458980213583,9,-0.9154757365521468,1,FALSE,FALSE
pre_covid,5,4,4,z_jk_bs_purif,yield_2y,cambio_usd,-1,soft,0,0.047114551134859205,-0.003683490690516149,-0.05435932505510199,-0.03891527599675348,1,0.08376758683491313,1,FALSE,FALSE
pre_covid,5,4,4,z_jk_bs_purif,yield_2y,cds_5y,-1,soft,0,26.153607638359272,6.487958830922954,-12.950787995307447,-17.912066480152486,1,28.804203206243137,1,FALSE,FALSE
pre_covid,5,4,4,z_jk_bs_purif,yield_2y,embi_perc,-1,soft,0,0.2488934883930495,0.05690164086484734,-0.13080511684461224,-0.1736995911970194,1,0.26565751787474784,1,FALSE,FALSE
pre_covid,5,4,4,z_jk_bs_purif,juros_selic,yield_6m,1,hard,0,0.010904972896596095,8.128548216093272e-4,-0.009217175596681048,-0.010226806120187674,19,-0.012060014981798605,1,TRUE,FALSE
pre_covid,5,4,4,z_jk_bs_purif,juros_selic,yield_2y,1,hard,0,0.016553241770571686,0.0013806284173454718,-0.013695593703506518,-0.014560060825851833,19,-0.017231783080425698,1,TRUE,FALSE
pre_covid,5,4,4,z_jk_bs_purif,juros_selic,yield_5y,1,hard,0,0.018470589167127367,0.002575596195048395,-0.013754063054911734,-0.015335701560951674,1,0.018865676389601533,1,TRUE,FALSE
pre_covid,5,4,4,z_jk_bs_purif,juros_selic,asset_ibov,-1,hard,0,-20.3849320829946,-11.930983144475455,-4.6838035608872675,7.214439520291989,0,-20.3849320829946,-1,TRUE,FALSE
pre_covid,5,4,4,z_jk_bs_purif,juros_selic,price_ipca,-1,ext,24,-0.31578692115194673,-0.22845633099308368,-0.29093414429717457,0.06555529123324629,9,-0.34608182336494003,1,FALSE,FALSE
pre_covid,5,4,4,z_jk_bs_purif,juros_selic,pib,-1,ext,24,0.23396889585027836,-0.40365718513355464,-0.7284589405450514,-0.37821624106334495,14,-0.7925339095882555,-1,TRUE,FALSE
pre_covid,5,4,4,z_jk_bs_purif,juros_selic,vendas_varejo,-1,ext,24,-2.0939700438583846,-2.7247406596405175,-2.9185827304099106,0.020709624977073845,9,-3.030818240447975,1,FALSE,FALSE
pre_covid,5,4,4,z_jk_bs_purif,juros_selic,cambio_usd,-1,soft,0,0.15597971116945739,-0.01219474239195277,-0.17996461002443964,-0.12883479442855705,1,0.2773250234831349,1,FALSE,FALSE
pre_covid,5,4,4,z_jk_bs_purif,juros_selic,cds_5y,-1,soft,0,86.58539808208627,21.479350225156654,-42.87550496114831,-59.30055341130342,1,95.36058793632375,1,FALSE,FALSE
pre_covid,5,4,4,z_jk_bs_purif,juros_selic,embi_perc,-1,soft,0,0.8239988176982251,0.18838132367561197,-0.4330497447913491,-0.5750582657067455,1,0.8794986243101339,1,FALSE,FALSE
pre_covid,5,5,4,z_bruto,yield_3m,yield_6m,1,hard,0,0.006292314949542346,0.0017377336635636122,-0.005747135094390438,-0.007926217741868425,19,-0.008705982100202316,1,TRUE,FALSE
pre_covid,5,5,4,z_bruto,yield_3m,yield_2y,1,hard,0,0.007888404578353108,0.0020306380954550445,-0.008692091761458062,-0.01129647206595701,19,-0.01246306877525602,1,TRUE,FALSE
pre_covid,5,5,4,z_bruto,yield_3m,yield_5y,1,hard,0,0.00793737400740028,0.0025137547309790897,-0.00868838436739206,-0.011808863270998409,20,-0.01273721052164302,1,TRUE,FALSE
pre_covid,5,5,4,z_bruto,yield_3m,asset_ibov,-1,hard,0,-11.10032756359147,-9.228726092185456,-4.390438906373391,4.580239314664967,1,-12.36133554038293,-1,TRUE,FALSE
pre_covid,5,5,4,z_bruto,yield_3m,price_ipca,-1,ext,24,-0.16735804819277636,-0.19754179305478112,-0.2184695326645575,0.023808269247730267,9,-0.2410061794825677,1,FALSE,FALSE
pre_covid,5,5,4,z_bruto,yield_3m,pib,-1,ext,24,0.2996388618623502,-0.14651816255645267,-0.49884655492294927,-0.33474519265924707,16,-0.5656252500830572,-1,TRUE,FALSE
pre_covid,5,5,4,z_bruto,yield_3m,vendas_varejo,-1,ext,24,-1.2650456555274558,-1.9190831705742457,-2.2089398339671944,-0.2480294006911641,11,-2.236237165497001,-1,TRUE,FALSE
pre_covid,5,5,4,z_bruto,yield_3m,cambio_usd,-1,soft,0,-0.01010196496113526,-0.029780698826092335,-0.12580775429256627,-0.10337429348749405,14,-0.13325562300764435,-1,TRUE,FALSE
pre_covid,5,5,4,z_bruto,yield_3m,cds_5y,-1,soft,0,32.57523853842184,15.946708976852902,-26.232660093477303,-44.64408416959515,22,-45.772478430066506,1,FALSE,FALSE
pre_covid,5,5,4,z_bruto,yield_3m,embi_perc,-1,soft,0,0.35345173411922587,0.15639928510456533,-0.26408710374289457,-0.4351857265769101,22,-0.44966961064137784,1,FALSE,FALSE
pre_covid,5,5,4,z_bruto,yield_6m,yield_6m,1,hard,0,0.005,0.0013808381156207078,-0.00456678912330067,-0.0062983320172529805,19,-0.0069179484577734955,1,TRUE,TRUE
pre_covid,5,5,4,z_bruto,yield_6m,yield_2y,1,hard,0,0.006268284917085126,0.0016135858676326568,-0.006906910915266771,-0.008976403880402259,19,-0.009903405086360534,1,TRUE,FALSE
pre_covid,5,5,4,z_bruto,yield_6m,yield_5y,1,hard,0,0.006307197010201773,0.001997480061898301,-0.006903964945384676,-0.009383560236330267,20,-0.010121243631145185,1,TRUE,FALSE
pre_covid,5,5,4,z_bruto,yield_6m,asset_ibov,-1,hard,0,-8.820543514274362,-7.333331346404301,-3.488731048572765,3.6395502699670947,1,-9.822565812032341,-1,TRUE,FALSE
pre_covid,5,5,4,z_bruto,yield_6m,price_ipca,-1,ext,24,-0.13298607073454632,-0.15697068140966847,-0.1736002841692208,0.01891852953853009,9,-0.19150835695223475,1,FALSE,FALSE
pre_covid,5,5,4,z_bruto,yield_6m,pib,-1,ext,24,0.238025890716842,-0.11644380626029127,-0.3965969712936057,-0.2660868209395373,16,-0.44971885667185463,-1,TRUE,FALSE
pre_covid,5,5,4,z_bruto,yield_6m,vendas_varejo,-1,ext,24,-1.005230718481014,-1.5249420809060306,-1.755268014777181,-0.19708914976451064,11,-1.7769590233715555,-1,TRUE,FALSE
pre_covid,5,5,4,z_bruto,yield_6m,cambio_usd,-1,soft,0,-0.008027224512871845,-0.023664342189561212,-0.09996937160759613,-0.08214329250557674,14,-0.10588759786836187,-1,TRUE,FALSE
pre_covid,5,5,4,z_bruto,yield_6m,cds_5y,-1,soft,0,25.884939644344342,12.671575648015473,-20.84499926007777,-35.47508709242393,22,-36.37173186427647,1,FALSE,FALSE
pre_covid,5,5,4,z_bruto,yield_6m,embi_perc,-1,soft,0,0.28085985599380503,0.12427801719933027,-0.20984892353656123,-0.3458073301055617,22,-0.35731651566017314,1,FALSE,FALSE
pre_covid,5,5,4,z_bruto,yield_1y,yield_6m,1,hard,0,0.004377341143340497,0.0012088798991598574,-0.003998078784476781,-0.0055139895747080446,19,-0.0060564440823441725,1,TRUE,FALSE
pre_covid,5,5,4,z_bruto,yield_1y,yield_2y,1,hard,0,0.00548768429314748,0.0014126431613402405,-0.006046781064556962,-0.007858556404985222,19,-0.008670116508738704,1,TRUE,FALSE
pre_covid,5,5,4,z_bruto,yield_1y,yield_5y,1,hard,0,0.005521750594382079,0.0017487303315899514,-0.006044201961522575,-0.008215008858700471,20,-0.008860827233676958,1,TRUE,FALSE
pre_covid,5,5,4,z_bruto,yield_1y,asset_ibov,-1,hard,0,-7.722105606331669,-6.420098604072823,-3.0542731913934,3.1863106279965954,1,-8.599344292435786,-1,TRUE,FALSE
pre_covid,5,5,4,z_bruto,yield_1y,price_ipca,-1,ext,24,-0.11642507978350387,-0.13742284440654703,-0.15198153327790645,0.016562571544102053,9,-0.16765948203611106,1,FALSE,FALSE
pre_covid,5,5,4,z_bruto,yield_1y,pib,-1,ext,24,0.20835324805905664,-0.10195024737708058,-0.3472939168455258,-0.23298919190487544,16,-0.3938250056618742,-1,TRUE,FALSE
pre_covid,5,5,4,z_bruto,yield_1y,vendas_varejo,-1,ext,24,-0.8800475565113345,-1.335038342392248,-1.53668137973475,-0.1725452888340379,11,-1.5556711686068918,-1,TRUE,FALSE
pre_covid,5,5,4,z_bruto,yield_1y,cambio_usd,-1,soft,0,-0.007027580025405063,-0.02071737973929093,-0.08752000868236519,-0.07191384278682283,14,-0.0927012277437348,-1,TRUE,FALSE
pre_covid,5,5,4,z_bruto,yield_1y,cds_5y,-1,soft,0,22.661442259614805,11.09356188700193,-18.249134578808132,-31.057311658650935,22,-31.842295668809193,1,FALSE,FALSE
pre_covid,5,5,4,z_bruto,yield_1y,embi_perc,-1,soft,0,0.24588388063087396,0.10880145557988127,-0.1837160653764607,-0.30274333074796084,22,-0.31281925703886904,1,FALSE,FALSE
pre_covid,5,5,4,z_bruto,yield_2y,yield_6m,1,hard,0,0.003988331789427575,0.0011014481105166677,-0.0036427740472144295,-0.0050239675609559135,19,-0.0055182147503519,1,TRUE,FALSE
pre_covid,5,5,4,z_bruto,yield_2y,yield_2y,1,hard,0,0.005,0.0012871031621700803,-0.005509410474020554,-0.007160175390189874,19,-0.00789961306590209,1,TRUE,TRUE
pre_covid,5,5,4,z_bruto,yield_2y,yield_5y,1,hard,0,0.005031038867594058,0.0015933226459233507,-0.005507060572954263,-0.007484950317712906,20,-0.008073375544527544,1,TRUE,FALSE
pre_covid,5,5,4,z_bruto,yield_2y,asset_ibov,-1,hard,0,-7.035850819601931,-5.849551706253998,-2.782843389157151,2.9031468081858955,1,-7.835130296374613,-1,TRUE,FALSE
pre_covid,5,5,4,z_bruto,yield_2y,price_ipca,-1,ext,24,-0.10607851469233104,-0.12521023173485774,-0.1384751064011528,0.015090674553548827,9,-0.15275977359472823,1,FALSE,FALSE
pre_covid,5,5,4,z_bruto,yield_2y,pib,-1,ext,24,0.18981956872470285,-0.09289425383310901,-0.31647919204383923,-0.21230570186996367,16,-0.3588891054159049,-1,TRUE,FALSE
pre_covid,5,5,4,z_bruto,yield_2y,vendas_varejo,-1,ext,24,-0.8018387260453901,-1.2163949956626716,-1.4001182444602522,-0.15721138427141,11,-1.4174204322845905,-1,TRUE,FALSE
pre_covid,5,5,4,z_bruto,yield_2y,cambio_usd,-1,soft,0,-0.006403046941111813,-0.018876249646103828,-0.07974220455033482,-0.06552294095764791,14,-0.08446297453690224,-1,TRUE,FALSE
pre_covid,5,5,4,z_bruto,yield_2y,cds_5y,-1,soft,0,20.647545530190527,10.107689595823288,-16.627354639912493,-28.297283516685233,22,-29.012506886165944,1,FALSE,FALSE
pre_covid,5,5,4,z_bruto,yield_2y,embi_perc,-1,soft,0,0.22403245840682864,0.09913239334462316,-0.16738942654360472,-0.27583887353541736,22,-0.2850193636589929,1,FALSE,FALSE
pre_covid,5,5,4,z_bruto,juros_selic,yield_6m,1,hard,0,0.009635081750848894,0.002660897625738731,-0.0088002773083779,-0.012136988776044298,19,-0.013330999787761331,1,TRUE,FALSE
pre_covid,5,5,4,z_bruto,juros_selic,yield_2y,1,hard,0,0.012079087522745655,0.003109406349331018,-0.01330973026288518,-0.0172976770432626,19,-0.0190840235237713,1,TRUE,FALSE
pre_covid,5,5,4,z_bruto,juros_selic,yield_5y,1,hard,0,0.012154071762400761,0.0038491767384161673,-0.013304053330755275,-0.018082273998211416,20,-0.01950380196126851,1,TRUE,FALSE
pre_covid,5,5,4,z_bruto,juros_selic,asset_ibov,-1,hard,0,-16.997331569390695,-14.131449405733646,-6.722841771944675,7.013472877491424,1,-18.92824492040501,-1,TRUE,FALSE
pre_covid,5,5,4,z_bruto,juros_selic,price_ipca,-1,ext,24,-0.2562663326503055,-0.30248506957372245,-0.3345305859882083,0.03645631574191739,9,-0.36903973504110654,1,FALSE,FALSE
pre_covid,5,5,4,z_bruto,juros_selic,pib,-1,ext,24,0.4591858012879868,-0.2242680063403446,-0.7628438248006519,-0.5121212169470035,16,-0.8648089458682229,-1,TRUE,FALSE
pre_covid,5,5,4,z_bruto,juros_selic,vendas_varejo,-1,ext,24,-1.9370960302058282,-2.938588322967846,-3.3824301634056764,-0.37979401403727214,11,-3.4242290916187095,-1,TRUE,FALSE
pre_covid,5,5,4,z_bruto,juros_selic,cambio_usd,-1,soft,0,-0.015468592882787685,-0.04560157431529696,-0.1926426136040362,-0.158291467715025,14,-0.20404713237253594,-1,TRUE,FALSE
pre_covid,5,5,4,z_bruto,juros_selic,cds_5y,-1,soft,0,49.88070191780944,24.418333456139028,-40.16865439344681,-68.36107285079778,22,-70.08892198645188,1,FALSE,FALSE
pre_covid,5,5,4,z_bruto,juros_selic,embi_perc,-1,soft,0,0.5412215346063918,0.23948577110979039,-0.40438230672048114,-0.6663763791219752,22,-0.6885547678628494,1,FALSE,FALSE
pre_covid,5,5,4,z_bruto_purif,yield_3m,yield_6m,1,hard,0,0.006284478253434155,0.0017663424892869482,-0.005750701845355988,-0.007976293069354086,19,-0.00874515619756556,1,TRUE,FALSE
pre_covid,5,5,4,z_bruto_purif,yield_3m,yield_2y,1,hard,0,0.00784826667649066,0.002073599597208218,-0.008696851004885799,-0.011368014191974547,19,-0.012519003693415624,1,TRUE,FALSE
pre_covid,5,5,4,z_bruto_purif,yield_3m,yield_5y,1,hard,0,0.00788389412557429,0.0025633017882229175,-0.008688602944877255,-0.011881387259265413,20,-0.012797469017605218,1,TRUE,FALSE
pre_covid,5,5,4,z_bruto_purif,yield_3m,asset_ibov,-1,hard,0,-11.057203170040735,-9.28895143347723,-4.434762225304089,4.584431438306013,1,-12.395775788568558,-1,TRUE,FALSE
pre_covid,5,5,4,z_bruto_purif,yield_3m,price_ipca,-1,ext,24,-0.1673943942328972,-0.19818818725519613,-0.21963410616087445,0.02330444534893751,9,-0.2414701522321262,1,FALSE,FALSE
pre_covid,5,5,4,z_bruto_purif,yield_3m,pib,-1,ext,24,0.29827528264672054,-0.14677833572651622,-0.5010607218128738,-0.33788822982284694,16,-0.568707543630731,-1,TRUE,FALSE
pre_covid,5,5,4,z_bruto_purif,yield_3m,vendas_varejo,-1,ext,24,-1.2713947146324105,-1.9275785688061848,-2.221219390789011,-0.2560555981705148,11,-2.2475883336101496,-1,TRUE,FALSE
pre_covid,5,5,4,z_bruto_purif,yield_3m,cambio_usd,-1,soft,0,-0.011768101446953401,-0.029430750291618166,-0.12596495736728533,-0.1041068047632854,14,-0.133654082976394,-1,TRUE,FALSE
pre_covid,5,5,4,z_bruto_purif,yield_3m,cds_5y,-1,soft,0,32.24397296951516,16.179119217534527,-26.183860155028185,-44.89281323539233,22,-45.99390765361033,1,FALSE,FALSE
pre_covid,5,5,4,z_bruto_purif,yield_3m,embi_perc,-1,soft,0,0.35061668623636905,0.15861048258699423,-0.263740337720658,-0.4376700026096534,22,-0.4519055474878198,1,FALSE,FALSE
pre_covid,5,5,4,z_bruto_purif,yield_6m,yield_6m,1,hard,0,0.005,0.001405321506460564,-0.0045753216205446454,-0.00634602647005377,19,-0.006957742428965178,1,TRUE,TRUE
pre_covid,5,5,4,z_bruto_purif,yield_6m,yield_2y,1,hard,0,0.006244167264165465,0.001649778639996963,-0.0069193102865249,-0.009044517089197096,19,-0.009960256992356215,1,TRUE,FALSE
pre_covid,5,5,4,z_bruto_purif,yield_6m,yield_5y,1,hard,0,0.006272512854401344,0.0020393910877344514,-0.00691274803928979,-0.009452962346375235,20,-0.010181807066172945,1,TRUE,FALSE
pre_covid,5,5,4,z_bruto_purif,yield_6m,asset_ibov,-1,hard,0,-8.797232422594925,-7.390391898007826,-3.5283455892943163,3.6474240608604616,1,-9.86221551629595,-1,TRUE,FALSE
pre_covid,5,5,4,z_bruto_purif,yield_6m,price_ipca,-1,ext,24,-0.13318082065239423,-0.1576807009769635,-0.1747433098689261,0.018541272965820824,9,-0.1921163082234987,1,FALSE,FALSE
pre_covid,5,5,4,z_bruto_purif,yield_6m,pib,-1,ext,24,0.23723884367583548,-0.11679598484656273,-0.3988539625271237,-0.26892054410906363,16,-0.45273354732719984,-1,TRUE,FALSE
pre_covid,5,5,4,z_bruto_purif,yield_6m,vendas_varejo,-1,ext,24,-1.0115356147009151,-1.5336027042124452,-1.767226570937074,-0.20372064938771423,11,-1.7882059917877466,-1,TRUE,FALSE
pre_covid,5,5,4,z_bruto_purif,yield_6m,cambio_usd,-1,soft,0,-0.009362830908455064,-0.02341542854057592,-0.10021910514086967,-0.08282851858576822,14,-0.10633665802197557,-1,TRUE,FALSE
pre_covid,5,5,4,z_bruto_purif,yield_6m,cds_5y,-1,soft,0,25.65365943616356,12.872285148487421,-20.832167046421077,-35.71721583320035,22,-36.59325865952113,1,FALSE,FALSE
pre_covid,5,5,4,z_bruto_purif,yield_6m,embi_perc,-1,soft,0,0.2789544908081864,0.12619224396259265,-0.20983471267207987,-0.3482150665176449,22,-0.35954102255097775,1,FALSE,FALSE
pre_covid,5,5,4,z_bruto_purif,yield_1y,yield_6m,1,hard,0,0.004385333072118903,0.0012325605758482937,-0.004012861843631017,-0.0055658879511337545,19,-0.006102403596205179,1,TRUE,FALSE
pre_covid,5,5,4,z_bruto_purif,yield_1y,yield_2y,1,hard,0,0.005476550642277403,0.0014469657663308054,-0.006068696047150033,-0.007932643982520124,19,-0.008735808879076653,1,TRUE,FALSE
pre_covid,5,5,4,z_bruto_purif,yield_1y,yield_5y,1,hard,0,0.005501411613139431,0.0017886818368052868,-0.006062940519184524,-0.008290877681410803,20,-0.008930123052244431,1,TRUE,FALSE
pre_covid,5,5,4,z_bruto_purif,yield_1y,asset_ibov,-1,hard,0,-7.7157588571844435,-6.481866001250661,-3.094594120519444,3.1990338724267224,1,-8.649819973595365,-1,TRUE,FALSE
pre_covid,5,5,4,z_bruto_purif,yield_1y,price_ipca,-1,ext,24,-0.11680845147577612,-0.13829647856583385,-0.15326152317994463,0.01626193150723964,9,-0.16849880002917952,1,FALSE,FALSE
pre_covid,5,5,4,z_bruto_purif,yield_1y,pib,-1,ext,24,0.2080439543553414,-0.10244521630307091,-0.3499073859313806,-0.2359002575224478,16,-0.39718816615196273,-1,TRUE,FALSE
pre_covid,5,5,4,z_bruto_purif,yield_1y,vendas_varejo,-1,ext,24,-0.8871841169548094,-1.3450717316547636,-1.5499754254915266,-0.17867658024669653,11,-1.5683757751095977,-1,TRUE,FALSE
pre_covid,5,5,4,z_bruto_purif,yield_1y,cambio_usd,-1,soft,0,-0.008211826406301012,-0.020536890635364884,-0.08789883124648347,-0.0726461283737569,14,-0.09326433264047346,-1,TRUE,FALSE
pre_covid,5,5,4,z_bruto_purif,yield_1y,cds_5y,-1,soft,0,22.49996822925664,11.289851555081375,-18.271198222515185,-31.32637756746848,22,-32.09472548323989,1,FALSE,FALSE
pre_covid,5,5,4,z_bruto_purif,yield_1y,embi_perc,-1,soft,0,0.24466167083144566,0.11067900417881092,-0.18403902103188785,-0.3054078094819823,22,-0.3153414273952502,1,FALSE,FALSE
pre_covid,5,5,4,z_bruto_purif,yield_2y,yield_6m,1,hard,0,0.004003736437918958,0.0011253073844814645,-0.003663676377474602,-0.0050815634828305,19,-0.005571393377700528,1,TRUE,FALSE
pre_covid,5,5,4,z_bruto_purif,yield_2y,yield_2y,1,hard,0,0.005,0.0013210557710912447,-0.005540618943885443,-0.007242372526679824,19,-0.007975648770266734,1,TRUE,TRUE
pre_covid,5,5,4,z_bruto_purif,yield_2y,yield_5y,1,hard,0,0.005022697654496343,0.0016330368818259205,-0.005535364242211472,-0.007569433958491684,20,-0.00815305439093947,1,TRUE,FALSE
pre_covid,5,5,4,z_bruto_purif,yield_2y,asset_ibov,-1,hard,0,-7.044360000637074,-5.917836266510995,-2.825313160285658,2.920664923401873,1,-7.897142324240765,-1,TRUE,FALSE
pre_covid,5,5,4,z_bruto_purif,yield_2y,price_ipca,-1,ext,24,-0.1066441808955881,-0.12626239361161443,-0.13992523140095658,0.014846874035731707,9,-0.15383661271057827,1,FALSE,FALSE
pre_covid,5,5,4,z_bruto_purif,yield_2y,pib,-1,ext,24,0.18992350362767585,-0.09353495557240521,-0.3195083419264111,-0.21539515066034687,16,-0.36268897073821194,-1,TRUE,FALSE
pre_covid,5,5,4,z_bruto_purif,yield_2y,vendas_varejo,-1,ext,24,-0.8099843997661611,-1.2280282056292833,-1.415101883223867,-0.1631287574220208,11,-1.431901097565122,-1,TRUE,FALSE
pre_covid,5,5,4,z_bruto_purif,yield_2y,cambio_usd,-1,soft,0,-0.00749726145405108,-0.018749840891478266,-0.08025017660562622,-0.06632471159213756,14,-0.08514879048182217,-1,TRUE,FALSE
pre_covid,5,5,4,z_bruto_purif,yield_2y,cds_5y,-1,soft,0,20.54209821010631,10.307447417656427,-16.681301256914125,-28.600463698480034,22,-29.301952615463644,1,FALSE,FALSE
pre_covid,5,5,4,z_bruto_purif,yield_2y,embi_perc,-1,soft,0,0.223372051873973,0.10104809706715819,-0.16802457701309223,-0.2788322700098137,22,-0.2879014985827983,1,FALSE,FALSE
pre_covid,5,5,4,z_bruto_purif,juros_selic,yield_6m,1,hard,0,0.009613624782904126,0.0027020467324914877,-0.008797085064205014,-0.012201663469094902,19,-0.013377825009632638,1,TRUE,FALSE
pre_covid,5,5,4,z_bruto_purif,juros_selic,yield_2y,1,hard,0,0.012005816231875953,0.0031720705639561335,-0.013303930570227848,-0.01739011872762102,19,-0.019150834693161967,1,TRUE,FALSE
pre_covid,5,5,4,z_bruto_purif,juros_selic,yield_5y,1,hard,0,0.012060317005631494,0.003921188140615545,-0.013291313173697646,-0.0181754466169945,20,-0.019576814549221718,1,TRUE,FALSE
pre_covid,5,5,4,z_bruto_purif,juros_selic,asset_ibov,-1,hard,0,-16.914658327765256,-14.209690941212378,-6.78403811997806,7.0129932690497885,1,-18.962327900360872,-1,TRUE,FALSE
pre_covid,5,5,4,z_bruto_purif,juros_selic,price_ipca,-1,ext,24,-0.25607008760627337,-0.3031766189395662,-0.3359833228805207,0.035649768258161074,9,-0.36938682038749504,1,FALSE,FALSE
pre_covid,5,5,4,z_bruto_purif,juros_selic,pib,-1,ext,24,0.45664427981253475,-0.22444554292311292,-0.7654751269024374,-0.5164186811668081,16,-0.8686636647109558,-1,TRUE,FALSE
pre_covid,5,5,4,z_bruto_purif,juros_selic,vendas_varejo,-1,ext,24,-1.9449047708557756,-2.94869619286911,-3.3978906318734663,-0.39169877674861037,11,-3.4382282879176667,-1,TRUE,FALSE
pre_covid,5,5,4,z_bruto_purif,juros_selic,cambio_usd,-1,soft,0,-0.01800214865193287,-0.04502142882400025,-0.1926937745805478,-0.15925645980147524,14,-0.20445614617825303,-1,TRUE,FALSE
pre_covid,5,5,4,z_bruto_purif,juros_selic,cds_5y,-1,soft,0,49.32493122553686,24.74986390322148,-40.05452747981447,-68.67438226207811,22,-70.35877166727869,1,FALSE,FALSE
pre_covid,5,5,4,z_bruto_purif,juros_selic,embi_perc,-1,soft,0,0.5363527612271964,0.2426329767938129,-0.4034544388115747,-0.669521798650928,22,-0.6912984969733542,1,FALSE,FALSE
pre_covid,5,5,4,z_jk,yield_3m,yield_6m,1,hard,0,0.007025731995039201,-0.0013295495925585666,-0.008219995039746688,-0.00645517425121138,16,-0.00921013826641851,1,TRUE,FALSE
pre_covid,5,5,4,z_jk,yield_3m,yield_2y,1,hard,0,0.012097864985225897,-0.0014996261120623416,-0.012067539560718873,-0.009185800396599542,16,-0.013184541411165982,1,TRUE,FALSE
pre_covid,5,5,4,z_jk,yield_3m,yield_5y,1,hard,0,0.014779892846191805,-5.524617075031657e-4,-0.012261143047087513,-0.009850308653177316,0,0.014779892846191805,1,TRUE,FALSE
pre_covid,5,5,4,z_jk,yield_3m,asset_ibov,-1,hard,0,-19.59473704816848,-7.908895751463746,-1.5468396233988668,6.4191048252078415,0,-19.59473704816848,-1,TRUE,FALSE
pre_covid,5,5,4,z_jk,yield_3m,price_ipca,-1,ext,24,0.10844806839570424,-0.1792625781700029,-0.18130274996171816,0.08871766951692538,3,-0.24151221997516673,1,FALSE,FALSE
pre_covid,5,5,4,z_jk,yield_3m,pib,-1,ext,24,-0.12304765350475977,-0.42800294842673114,-0.5619762769828895,-0.16086848966314626,8,-0.6076218524789123,-1,TRUE,FALSE
pre_covid,5,5,4,z_jk,yield_3m,vendas_varejo,-1,ext,24,-2.2446026410659927,-2.15042133596839,-1.9183254844377127,0.49621240985990706,0,-2.2446026410659927,1,FALSE,FALSE
pre_covid,5,5,4,z_jk,yield_3m,cambio_usd,-1,soft,0,0.14465724181970774,-0.0198165168978408,-0.14453270489681666,-0.07575617127041126,1,0.2554729039111708,1,FALSE,FALSE
pre_covid,5,5,4,z_jk,yield_3m,cds_5y,-1,soft,0,71.87441700170147,7.891783583768858,-40.53520519439152,-39.99733784874245,1,76.67023577425384,1,FALSE,FALSE
pre_covid,5,5,4,z_jk,yield_3m,embi_perc,-1,soft,0,0.7042804253817562,0.05153282979267112,-0.40545216326673905,-0.3835648448090237,0,0.7042804253817562,1,FALSE,FALSE
pre_covid,5,5,4,z_jk,yield_6m,yield_6m,1,hard,0,0.005,-9.462000496868856e-4,-0.005849920723954988,-0.004593951388815653,16,-0.006554575575129893,1,TRUE,TRUE
pre_covid,5,5,4,z_jk,yield_6m,yield_2y,1,hard,0,0.00860968294390398,-0.0010672383412299335,-0.008588101260651305,-0.006537255052630491,16,-0.009383037540056649,1,TRUE,FALSE
pre_covid,5,5,4,z_jk,yield_6m,yield_5y,1,hard,0,0.010518400685243717,-3.9317021193895063e-4,-0.008725882979698759,-0.007010165389266572,0,0.010518400685243717,1,TRUE,FALSE
pre_covid,5,5,4,z_jk,yield_6m,asset_ibov,-1,hard,0,-13.944979015712619,-5.628520812527534,-1.1008387627730998,4.568281874216315,0,-13.944979015712619,-1,TRUE,FALSE
pre_covid,5,5,4,z_jk,yield_6m,price_ipca,-1,ext,24,0.0771791953295958,-0.12757573039832606,-0.1290276586765153,0.0631376699108136,3,-0.1718769091574345,1,FALSE,FALSE
pre_covid,5,5,4,z_jk,yield_6m,pib,-1,ext,24,-0.08758481876990354,-0.3047849864835639,-0.4002662486960018,-0.11451178582522203,8,-0.4328057992744272,-1,TRUE,FALSE
pre_covid,5,5,4,z_jk,yield_6m,vendas_varejo,-1,ext,24,-1.597415502506276,-1.530389529152821,-1.365213963322415,0.3531392958130752,0,-1.597415502506276,1,FALSE,FALSE
pre_covid,5,5,4,z_jk,yield_6m,cambio_usd,-1,soft,0,0.10294816392217124,-0.014102812996448662,-0.1028595347779205,-0.05391336541438098,1,0.181812303751095,1,FALSE,FALSE
pre_covid,5,5,4,z_jk,yield_6m,cds_5y,-1,soft,0,51.15083883960511,5.616342602693334,-28.84767396693542,-28.464890118911576,1,54.56387734999708,1,FALSE,FALSE
pre_covid,5,5,4,z_jk,yield_6m,embi_perc,-1,soft,0,0.501214980787085,0.03667434925574868,-0.2885479858561533,-0.27297144630613224,0,0.501214980787085,1,FALSE,FALSE
pre_covid,5,5,4,z_jk,yield_1y,yield_6m,1,hard,0,0.003794812399280886,-7.181303361503967e-4,-0.004439870339614921,-0.003486636738394257,16,-0.004974676932905312,1,TRUE,FALSE
pre_covid,5,5,4,z_jk,yield_1y,yield_2y,1,hard,0,0.006534426317880796,-8.099938580574634e-4,-0.006518046630039876,-0.004961531306196761,16,-0.007121373439984998,1,TRUE,FALSE
pre_covid,5,5,4,z_jk,yield_1y,yield_5y,1,hard,0,0.007983071468193484,-2.984014390587647e-4,-0.006622617785206979,-0.0053204525080397,0,0.007983071468193484,1,TRUE,FALSE
pre_covid,5,5,4,z_jk,yield_1y,asset_ibov,-1,hard,0,-10.583715855307602,-4.2718361137980025,-0.8354953173160775,3.4671545399372397,0,-10.583715855307602,-1,TRUE,FALSE
pre_covid,5,5,4,z_jk,yield_1y,price_ipca,-1,ext,24,0.05857611348065432,-0.09682519271257663,-0.09792715179916446,0.04791912252785183,3,-0.13044812520414137,1,FALSE,FALSE
pre_covid,5,5,4,z_jk,yield_1y,pib,-1,ext,24,-0.06648061049043807,-0.23140544579181022,-0.30393385355208524,-0.08692214894001626,8,-0.3286550111567643,-1,TRUE,FALSE
pre_covid,5,5,4,z_jk,yield_1y,vendas_varejo,-1,ext,24,-1.2123784311428647,-1.1615082321917523,-1.03614617513746,0.2680194756849557,0,-1.2123784311428647,1,FALSE,FALSE
pre_covid,5,5,4,z_jk,yield_1y,cambio_usd,-1,soft,0,0.07813379378701131,-0.010703505924732602,-0.07806652759190323,-0.04091822151229084,1,0.13798871692329562,1,FALSE,FALSE
pre_covid,5,5,4,z_jk,yield_1y,cds_5y,-1,soft,0,38.821567492430354,4.262593309462029,-21.894302172027793,-21.60378359348272,1,41.411935664122076,1,FALSE,FALSE
pre_covid,5,5,4,z_jk,yield_1y,embi_perc,-1,soft,0,0.38040336475923225,0.027834455058254562,-0.21899709490289127,-0.20717508581842947,0,0.38040336475923225,1,FALSE,FALSE
pre_covid,5,5,4,z_jk,yield_2y,yield_6m,1,hard,0,0.0029037073911880877,-5.494976155636691e-4,-0.0033972916088024934,-0.0026678981204925583,16,-0.003806513908721116,1,TRUE,FALSE
pre_covid,5,5,4,z_jk,yield_2y,yield_2y,1,hard,0,0.005,-6.197895719177346e-4,-0.004987466621364986,-0.003796455162880965,16,-0.0054491190913715576,1,TRUE,TRUE
pre_covid,5,5,4,z_jk,yield_2y,yield_5y,1,hard,0,0.006108471562644005,-2.2833025008042355e-4,-0.005067482180558725,-0.004071093810852852,0,0.006108471562644005,1,TRUE,FALSE
pre_covid,5,5,4,z_jk,yield_2y,asset_ibov,-1,hard,0,-8.098427727577503,-3.268715496958436,-0.6393027303941199,2.652990768638497,0,-8.098427727577503,-1,TRUE,FALSE
pre_covid,5,5,4,z_jk,yield_2y,price_ipca,-1,ext,24,0.04482115998489929,-0.07408851825876764,-0.07493171323333826,0.036666663756484634,3,-0.09981605029900122,1,FALSE,FALSE
pre_covid,5,5,4,z_jk,yield_2y,pib,-1,ext,24,-0.05087347982414281,-0.1771145363565818,-0.23264662723220253,-0.06651771618753077,8,-0.2515767929959112,-1,TRUE,FALSE
pre_covid,5,5,4,z_jk,yield_2y,vendas_varejo,-1,ext,24,-0.9276854402851814,-0.8887606774395806,-0.7928363751704959,0.2050826366742766,0,-0.9276854402851814,1,FALSE,FALSE
pre_covid,5,5,4,z_jk,yield_2y,cambio_usd,-1,soft,0,0.059786268898010295,-0.00819008846686628,-0.05973479827776317,-0.03130972752751245,1,0.10558594604219765,1,FALSE,FALSE
pre_covid,5,5,4,z_jk,yield_2y,cds_5y,-1,soft,0,29.705413760806408,3.261643105377035,-16.753040823274915,-16.53074236552806,1,31.687506790613362,1,FALSE,FALSE
pre_covid,5,5,4,z_jk,yield_2y,embi_perc,-1,soft,0,0.29107632885713086,0.021298315800186155,-0.16757178384858964,-0.15852584124448368,0,0.29107632885713086,1,FALSE,FALSE
pre_covid,5,5,4,z_jk,juros_selic,yield_6m,1,hard,0,0.010729375530142434,-0.0020304271319460054,-0.012553199253775153,-0.009858045923564504,16,-0.01406530055725359,1,TRUE,FALSE
pre_covid,5,5,4,z_jk,juros_selic,yield_2y,1,hard,0,0.01847530430012161,-0.00229016018864445,-0.018428992703283503,-0.014028132879198716,16,-0.020134826676138334,1,TRUE,FALSE
pre_covid,5,5,4,z_jk,juros_selic,yield_5y,1,hard,0,0.02257117418569747,-8.436941702317383e-4,-0.018724655064253245,-0.015042939397969635,0,0.02257117418569747,1,TRUE,FALSE
pre_covid,5,5,4,z_jk,juros_selic,asset_ibov,-1,hard,0,-29.924183323907343,-12.078102695366068,-2.3622624967859935,9.80296235120195,0,-29.924183323907343,-1,TRUE,FALSE
pre_covid,5,5,4,z_jk,juros_selic,price_ipca,-1,ext,24,0.1656169139610897,-0.2737615839951696,-0.27687724074307474,0.13548555411425875,3,-0.36882638066205836,1,FALSE,FALSE
pre_covid,5,5,4,z_jk,juros_selic,pib,-1,ext,24,-0.1878517737502694,-0.6528885983904886,-0.8569520190746083,-0.24556678205663873,8,-0.926444654663583,-1,TRUE,FALSE
pre_covid,5,5,4,z_jk,juros_selic,vendas_varejo,-1,ext,24,-3.427854160812204,-3.284024793135696,-2.929578658296058,0.757792823845708,0,-3.427854160812204,1,FALSE,FALSE
pre_covid,5,5,4,z_jk,juros_selic,cambio_usd,-1,soft,0,0.22091390217192727,-0.030262875334054196,-0.22072371509761096,-0.11569134872493735,1,0.3901464965891645,1,FALSE,FALSE
pre_covid,5,5,4,z_jk,juros_selic,cds_5y,-1,soft,0,109.76331171838365,12.051969778046868,-61.90350543247278,-61.082099102008605,1,117.08726609375034,1,FALSE,FALSE
pre_covid,5,5,4,z_jk,juros_selic,embi_perc,-1,soft,0,1.075544750039552,0.07869857309770546,-0.6191879397433794,-0.585762631284921,0,1.075544750039552,1,FALSE,FALSE
pre_covid,5,5,4,z_jk_purif,yield_3m,yield_6m,1,hard,0,0.007007206014365663,-0.0010294735805210535,-0.008012361696075316,-0.006605158893464856,16,-0.009125903527316829,1,TRUE,FALSE
pre_covid,5,5,4,z_jk_purif,yield_3m,yield_2y,1,hard,0,0.011993645131210926,-0.0010893683965658679,-0.01177576785180447,-0.009400217104620115,16,-0.013069717399965736,1,TRUE,FALSE
pre_covid,5,5,4,z_jk_purif,yield_3m,yield_5y,1,hard,0,0.014611256578022699,-1.4035024725474757e-4,-0.01194509128592692,-0.010051173561387957,0,0.014611256578022699,1,TRUE,FALSE
pre_covid,5,5,4,z_jk_purif,yield_3m,asset_ibov,-1,hard,0,-19.303172323419922,-8.057665705725226,-1.8003790698161752,6.258632344840659,0,-19.303172323419922,-1,TRUE,FALSE
pre_covid,5,5,4,z_jk_purif,yield_3m,price_ipca,-1,ext,24,0.11359106582079286,-0.18138029277921416,-0.18517346527626252,0.08286364226996583,3,-0.2369472761032907,1,FALSE,FALSE
pre_covid,5,5,4,z_jk_purif,yield_3m,pib,-1,ext,24,-0.1119792393382224,-0.4104779833887906,-0.5588289215031517,-0.17760880591478623,11,-0.5990400703559939,-1,TRUE,FALSE
pre_covid,5,5,4,z_jk_purif,yield_3m,vendas_varejo,-1,ext,24,-2.198942721232583,-2.1327099959517843,-1.947607889879713,0.4273188337002394,0,-2.198942721232583,1,FALSE,FALSE
pre_covid,5,5,4,z_jk_purif,yield_3m,cambio_usd,-1,soft,0,0.14060460969004404,-0.016832930973499652,-0.14246168300346848,-0.07845071265623993,1,0.25024218602909587,1,FALSE,FALSE
pre_covid,5,5,4,z_jk_purif,yield_3m,cds_5y,-1,soft,0,70.68326878540685,9.379370780136835,-39.219018918998756,-40.50163499055082,1,75.80752749265265,1,FALSE,FALSE
pre_covid,5,5,4,z_jk_purif,yield_3m,embi_perc,-1,soft,0,0.694780364182355,0.06650680562678306,-0.3928386678659326,-0.38907581817391274,0,0.694780364182355,1,FALSE,FALSE
pre_covid,5,5,4,z_jk_purif,yield_6m,yield_6m,1,hard,0,0.005,-7.345820705217613e-4,-0.005717230005546402,-0.004713118809353856,16,-0.006511799074129951,1,TRUE,TRUE
pre_covid,5,5,4,z_jk_purif,yield_6m,yield_2y,1,hard,0,0.008558079430390962,-7.773200861602499e-4,-0.008402612844308167,-0.006707535846204945,16,-0.009325912049090003,1,TRUE,FALSE
pre_covid,5,5,4,z_jk_purif,yield_6m,yield_5y,1,hard,0,0.010425879122197753,-1.0014708213731102e-4,-0.008523433777626892,-0.007172026582907489,0,0.010425879122197753,1,TRUE,FALSE
pre_covid,5,5,4,z_jk_purif,yield_6m,asset_ibov,-1,hard,0,-13.773801058400426,-5.749556734314638,-1.284662578868931,4.4658543876187355,0,-13.773801058400426,-1,TRUE,FALSE
pre_covid,5,5,4,z_jk_purif,yield_6m,price_ipca,-1,ext,24,0.08105303710774074,-0.12942411883378444,-0.13213074148000883,0.05912744830113801,3,-0.16907400440169634,1,FALSE,FALSE
pre_covid,5,5,4,z_jk_purif,yield_6m,pib,-1,ext,24,-0.07991573756299664,-0.2930695417388107,-0.3990729477759247,-0.12676523280296115,11,-0.42781342043963777,-1,TRUE,FALSE
pre_covid,5,5,4,z_jk_purif,yield_6m,vendas_varejo,-1,ext,24,-1.5690581358136688,-1.5217976976696972,-1.3897178746328203,0.3049138507018214,0,-1.5690581358136688,1,FALSE,FALSE
pre_covid,5,5,4,z_jk_purif,yield_6m,cambio_usd,-1,soft,0,0.10032858274880652,-0.012011157470602407,-0.10165369957113,-0.05597859724361321,1,0.17856060283946806,1,FALSE,FALSE
pre_covid,5,5,4,z_jk_purif,yield_6m,cds_5y,-1,soft,0,50.43612863707529,6.692660927128396,-27.984776556158604,-28.899988745526617,1,54.09254939646243,1,FALSE,FALSE
pre_covid,5,5,4,z_jk_purif,yield_6m,embi_perc,-1,soft,0,0.495761336799551,0.04745600849356766,-0.2803104882749011,-0.2776255025014662,0,0.495761336799551,1,FALSE,FALSE
pre_covid,5,5,4,z_jk_purif,yield_1y,yield_6m,1,hard,0,0.003803857677987998,-5.588491298133045e-4,-0.004349505850684209,-0.003585606634046063,16,-0.0049539913811288685,1,TRUE,FALSE
pre_covid,5,5,4,z_jk_purif,yield_1y,yield_2y,1,hard,0,0.0065107432300247625,-5.913629955989917e-4,-0.006392468676596437,-0.00510290234579328,16,-0.007094888430434357,1,TRUE,FALSE
pre_covid,5,5,4,z_jk_purif,yield_1y,yield_5y,1,hard,0,0.007931712069749337,-7.618904946322103e-5,-0.006484385803569659,-0.0054562736768253356,0,0.007931712069749337,1,TRUE,FALSE
pre_covid,5,5,4,z_jk_purif,yield_1y,asset_ibov,-1,hard,0,-10.478715782215135,-4.374099105770067,-0.9773347228508888,3.397494900223984,0,-10.478715782215135,-1,TRUE,FALSE
pre_covid,5,5,4,z_jk_purif,yield_1y,price_ipca,-1,ext,24,0.06166284350530514,-0.09846218562854439,-0.10052130709539575,0.04498247964002444,3,-0.12862668995831383,1,FALSE,FALSE
pre_covid,5,5,4,z_jk_purif,yield_1y,pib,-1,ext,24,-0.06080343198415772,-0.22303721898814244,-0.3037485031941123,-0.09645401151443522,11,-0.32563511834334813,-1,TRUE,FALSE
pre_covid,5,5,4,z_jk_purif,yield_1y,vendas_varejo,-1,ext,24,-1.193694767424872,-1.1577403713250671,-1.057257801531843,0.23196977842340186,0,-1.193694767424872,1,FALSE,FALSE
pre_covid,5,5,4,z_jk_purif,yield_1y,cambio_usd,-1,soft,0,0.07632712996214037,-0.009137746713214772,-0.07733524112190562,-0.04258692338562318,1,0.13584382401941522,1,FALSE,FALSE
pre_covid,5,5,4,z_jk_purif,yield_1y,cds_5y,-1,soft,0,38.37037103282584,5.0915859307655245,-21.290021433984485,-21.98628881668763,1,41.15207186873573,1,FALSE,FALSE
pre_covid,5,5,4,z_jk_purif,yield_1y,embi_perc,-1,soft,0,0.37716111348691317,0.036103180454984195,-0.21325224060900944,-0.21120957985909566,0,0.37716111348691317,1,FALSE,FALSE
pre_covid,5,5,4,z_jk_purif,yield_2y,yield_6m,1,hard,0,0.0029212161681067632,-4.291746042419023e-4,-0.003340252945797454,-0.002753607773618517,16,-0.0038044745477622123,1,TRUE,FALSE
pre_covid,5,5,4,z_jk_purif,yield_2y,yield_2y,1,hard,0,0.005,-4.541440006970929e-4,-0.004909169699026915,-0.003918832432417913,16,-0.0054486010120286775,1,TRUE,TRUE
pre_covid,5,5,4,z_jk_purif,yield_2y,yield_5y,1,hard,0,0.0060912493316981646,-5.8510255105645796e-5,-0.004979758511798197,-0.004190208002416172,0,0.0060912493316981646,1,TRUE,FALSE
pre_covid,5,5,4,z_jk_purif,yield_2y,asset_ibov,-1,hard,0,-8.047250069617075,-3.359139618345409,-0.7505554191907302,2.609145208304476,0,-8.047250069617075,-1,TRUE,FALSE
pre_covid,5,5,4,z_jk_purif,yield_2y,price_ipca,-1,ext,24,0.047354688494657945,-0.07561516569604444,-0.07719649166306736,0.03454481159123623,3,-0.09878034305295791,1,FALSE,FALSE
pre_covid,5,5,4,z_jk_purif,yield_2y,pib,-1,ext,24,-0.046697988390753675,-0.17132835570010663,-0.23334945738352486,-0.07408125777090824,11,-0.2501698319436252,-1,TRUE,FALSE
pre_covid,5,5,4,z_jk_purif,yield_2y,vendas_varejo,-1,ext,24,-0.9167115990076695,-0.8891000078040735,-0.8119332648968726,0.17814385410997047,0,-0.9167115990076695,1,FALSE,FALSE
pre_covid,5,5,4,z_jk_purif,yield_2y,cambio_usd,-1,soft,0,0.05861629560981018,-0.007017437480160017,-0.0593904861470105,-0.03270511666719592,1,0.10432282400030891,1,FALSE,FALSE
pre_covid,5,5,4,z_jk_purif,yield_2y,cds_5y,-1,soft,0,29.46696688626738,3.9101418615967742,-16.349916347341125,-16.88462287630717,1,31.603205974211956,1,FALSE,FALSE
pre_covid,5,5,4,z_jk_purif,yield_2y,embi_perc,-1,soft,0,0.28964520651621417,0.027725851857044348,-0.1637695060877085,-0.1622008213172096,0,0.28964520651621417,1,FALSE,FALSE
pre_covid,5,5,4,z_jk_purif,juros_selic,yield_6m,1,hard,0,0.01068441194889931,-0.0015697154903459801,-0.012217048117173128,-0.010071380584648485,16,-0.013914948767293099,1,TRUE,FALSE
pre_covid,5,5,4,z_jk_purif,juros_selic,yield_2y,1,hard,0,0.01828760922513972,-0.001661041603338003,-0.017955395415140196,-0.014333215228572511,16,-0.019928377226336252,1,TRUE,FALSE
pre_covid,5,5,4,z_jk_purif,juros_selic,yield_5y,1,hard,0,0.0222788774941979,-2.1400253620705727e-4,-0.01821357553986575,-0.015325777304048053,0,0.0222788774941979,1,TRUE,FALSE
pre_covid,5,5,4,z_jk_purif,juros_selic,asset_ibov,-1,hard,0,-29.432992922027097,-12.28612653459716,-2.7451728415942016,9.543005596223605,0,-29.432992922027097,-1,TRUE,FALSE
pre_covid,5,5,4,z_jk_purif,juros_selic,price_ipca,-1,ext,24,0.17320080763370485,-0.27656412034869016,-0.28234785461718637,0.12634840302732103,3,-0.3612912625755478,1,FALSE,FALSE
pre_covid,5,5,4,z_jk_purif,juros_selic,pib,-1,ext,24,-0.1706929584855965,-0.6252119863400907,-0.8508377979498216,-0.2706872108986458,11,-0.9119642168486486,-1,TRUE,FALSE
pre_covid,5,5,4,z_jk_purif,juros_selic,vendas_varejo,-1,ext,24,-3.352892698961048,-3.2519027009579142,-2.9696636530651714,0.6515650379646881,0,-3.352892698961048,1,FALSE,FALSE
pre_covid,5,5,4,z_jk_purif,juros_selic,cambio_usd,-1,soft,0,0.2143903816674963,-0.025666430879803113,-0.2172220004695204,-0.1196196786544566,1,0.3815630077161353,1,FALSE,FALSE
pre_covid,5,5,4,z_jk_purif,juros_selic,cds_5y,-1,soft,0,107.77607509323798,14.301429275948434,-59.800176204779646,-61.755877015152024,1,115.58941622359785,1,FALSE,FALSE
pre_covid,5,5,4,z_jk_purif,juros_selic,embi_perc,-1,soft,0,1.0593836701406834,0.10140790883914828,-0.5989905460652306,-0.5932530472491682,0,1.0593836701406834,1,FALSE,FALSE
pre_covid,5,5,4,z_jk_raw_purif,yield_3m,yield_6m,1,hard,0,0.0065208144015686635,3.80321687120026e-4,-0.005745347300600615,-0.00619167848884091,19,-0.0073887545458693905,1,TRUE,FALSE
pre_covid,5,5,4,z_jk_raw_purif,yield_3m,yield_2y,1,hard,0,0.009649165160896629,5.272780428607476e-4,-0.008563538507911925,-0.00881621706137303,18,-0.010561617251640077,1,TRUE,FALSE
pre_covid,5,5,4,z_jk_raw_purif,yield_3m,yield_5y,1,hard,0,0.010612308442993452,0.001144793445205832,-0.008633735880894713,-0.009300198155245664,19,-0.010846720490772037,1,TRUE,FALSE
pre_covid,5,5,4,z_jk_raw_purif,yield_3m,asset_ibov,-1,hard,0,-12.30068126540143,-7.231847565750102,-2.755945327498709,4.509922424175279,0,-12.30068126540143,-1,TRUE,FALSE
pre_covid,5,5,4,z_jk_raw_purif,yield_3m,price_ipca,-1,ext,24,-0.19569339884663184,-0.1465270122644193,-0.17601314714566113,0.043171233454082886,9,-0.212273792829554,1,FALSE,FALSE
pre_covid,5,5,4,z_jk_raw_purif,yield_3m,pib,-1,ext,24,0.1814284828065338,-0.23185245457866266,-0.44408892416413215,-0.22298964462094117,14,-0.4814408367615153,-1,TRUE,FALSE
pre_covid,5,5,4,z_jk_raw_purif,yield_3m,vendas_varejo,-1,ext,24,-1.2589221306091285,-1.6779149123467574,-1.776178559445157,0.04932032003549601,9,-1.859040432645613,1,FALSE,FALSE
pre_covid,5,5,4,z_jk_raw_purif,yield_3m,cambio_usd,-1,soft,0,0.07760498689343318,-0.017953484942723412,-0.11342659179238228,-0.07765678630496618,1,0.14822133478457833,1,FALSE,FALSE
pre_covid,5,5,4,z_jk_raw_purif,yield_3m,cds_5y,-1,soft,0,49.30722133561215,11.018145992439639,-27.24706938389567,-36.111087034117574,1,54.28493828088822,1,FALSE,FALSE
pre_covid,5,5,4,z_jk_raw_purif,yield_3m,embi_perc,-1,soft,0,0.4766269607892138,0.09835779105580672,-0.2736048149948415,-0.34982487515493044,1,0.5075861548125689,1,FALSE,FALSE
pre_covid,5,5,4,z_jk_raw_purif,yield_6m,yield_6m,1,hard,0,0.005,2.9162130962394426e-4,-0.004405390911922367,-0.004747626682451983,19,-0.005665515141860144,1,TRUE,TRUE
pre_covid,5,5,4,z_jk_raw_purif,yield_6m,yield_2y,1,hard,0,0.00739874237071937,4.043038264774905e-4,-0.00656631057146164,-0.00676005826760855,18,-0.008098388177632648,1,TRUE,FALSE
pre_covid,5,5,4,z_jk_raw_purif,yield_6m,yield_5y,1,hard,0,0.008137256935606485,8.777994393847781e-4,-0.006620136189444189,-0.0071311630591789155,19,-0.008316998324751216,1,TRUE,FALSE
pre_covid,5,5,4,z_jk_raw_purif,yield_6m,asset_ibov,-1,hard,0,-9.431859663451199,-5.545202731126951,-2.1131910508262064,3.458097521599726,0,-9.431859663451199,-1,TRUE,FALSE
pre_covid,5,5,4,z_jk_raw_purif,yield_6m,price_ipca,-1,ext,24,-0.15005288204457662,-0.11235330684244778,-0.13496254938901417,0.03310263932960391,9,-0.16276632009223335,1,FALSE,FALSE
pre_covid,5,5,4,z_jk_raw_purif,yield_6m,pib,-1,ext,24,0.13908548517467256,-0.1778268677174677,-0.34069312098422566,-0.17102747360305814,14,-0.3693646480509516,-1,TRUE,FALSE
pre_covid,5,5,4,z_jk_raw_purif,yield_6m,vendas_varejo,-1,ext,24,-0.9653105065421574,-1.2865838597883679,-1.3619300060264519,0.03781760758566552,9,-1.425466451091138,1,FALSE,FALSE
pre_covid,5,5,4,z_jk_raw_purif,yield_6m,cambio_usd,-1,soft,0,0.059505594021173426,-0.013766290402625534,-0.08697271905568733,-0.05954531253510671,1,0.11365247165210057,1,FALSE,FALSE
pre_covid,5,5,4,z_jk_raw_purif,yield_6m,cds_5y,-1,soft,0,37.80756382496539,8.448443180493747,-20.892382228622427,-27.689092811344693,1,41.62435467250019,1,FALSE,FALSE
pre_covid,5,5,4,z_jk_raw_purif,yield_6m,embi_perc,-1,soft,0,0.3654658233138449,0.07541833350765628,-0.2097934384768124,-0.26823710476315327,1,0.38920457135726994,1,FALSE,FALSE
pre_covid,5,5,4,z_jk_raw_purif,yield_1y,yield_6m,1,hard,0,0.004088619077857344,2.384656900076404e-4,-0.00360239306558103,-0.00388224740568355,19,-0.004632826658979808,1,TRUE,FALSE
pre_covid,5,5,4,z_jk_raw_purif,yield_1y,yield_2y,1,hard,0,0.006050127841814938,3.306088676373185e-4,-0.005369428534722883,-0.005527860640074317,18,-0.006622244880592644,1,TRUE,FALSE
pre_covid,5,5,4,z_jk_raw_purif,yield_1y,yield_5y,1,hard,0,0.006654028789669533,7.17797506880217e-4,-0.005413443024435066,-0.00583132186621409,19,-0.006801007604217079,1,TRUE,FALSE
pre_covid,5,5,4,z_jk_raw_purif,yield_1y,asset_ibov,-1,hard,0,-7.712656271931944,-4.53444433541446,-1.7280066491130872,2.827768699980768,0,-7.712656271931944,-1,TRUE,FALSE
pre_covid,5,5,4,z_jk_raw_purif,yield_1y,price_ipca,-1,ext,24,-0.12270181524298673,-0.0918739747632784,-0.11036209084563746,0.027068816538089874,9,-0.13309789631234809,1,FALSE,FALSE
pre_covid,5,5,4,z_jk_raw_purif,yield_1y,pib,-1,ext,24,0.11371910467987689,-0.14543684815190305,-0.27867949861606345,-0.13987505207748718,14,-0.30214009335782777,-1,TRUE,FALSE
pre_covid,5,5,4,z_jk_raw_purif,yield_1y,vendas_varejo,-1,ext,24,-0.7893573906208804,-1.052070262878812,-1.1136826010692238,0.030924358370734928,9,-1.1656378653553658,1,FALSE,FALSE
pre_covid,5,5,4,z_jk_raw_purif,yield_1y,cambio_usd,-1,soft,0,0.04865914139084072,-0.011257023514299842,-0.07111966367684204,-0.04869162016560307,1,0.09293633276848388,1,FALSE,FALSE
pre_covid,5,5,4,z_jk_raw_purif,yield_1y,cds_5y,-1,soft,0,30.916145348412538,6.908493193192101,-17.084198512366676,-22.64203062340531,1,34.03722612349695,1,FALSE,FALSE
pre_covid,5,5,4,z_jk_raw_purif,yield_1y,embi_perc,-1,soft,0,0.2988501075011656,0.061671367439922256,-0.17155309099311722,-0.2193438687847695,1,0.3182618471281247,1,FALSE,FALSE
pre_covid,5,5,4,z_jk_raw_purif,yield_2y,yield_6m,1,hard,0,0.0033789526310495505,1.970749182847884e-4,-0.0029771214425283717,-0.0032084011339824354,19,-0.0038287014589678797,1,TRUE,FALSE
pre_covid,5,5,4,z_jk_raw_purif,yield_2y,yield_2y,1,hard,0,0.005,2.7322469564390345e-4,-0.004437450476345756,-0.004568383333876835,18,-0.005472814008014482,1,TRUE,TRUE
pre_covid,5,5,4,z_jk_raw_purif,yield_2y,yield_5y,1,hard,0,0.005499081146418746,5.932085450486032e-4,-0.0044738253190457575,-0.004819172436251191,19,-0.005620548674370565,1,TRUE,FALSE
pre_covid,5,5,4,z_jk_raw_purif,yield_2y,asset_ibov,-1,hard,0,-6.373961405101711,-3.7473954716089124,-1.428074492219915,2.336949543807065,0,-6.373961405101711,-1,TRUE,FALSE
pre_covid,5,5,4,z_jk_raw_purif,yield_2y,price_ipca,-1,ext,24,-0.101404316116218,-0.07592730035248127,-0.09120641227023285,0.02237045005148989,9,-0.10999593710438102,1,FALSE,FALSE
pre_covid,5,5,4,z_jk_raw_purif,yield_2y,pib,-1,ext,24,0.09397147423959584,-0.12020838169731762,-0.23036453042516447,-0.11561081406881168,14,-0.24976283182427395,-1,TRUE,FALSE
pre_covid,5,5,4,z_jk_raw_purif,yield_2y,vendas_varejo,-1,ext,24,-0.6523476951720794,-0.8694611836195583,-0.920379395433682,0.025556780930316787,9,-0.9633167230774531,1,FALSE,FALSE
pre_covid,5,5,4,z_jk_raw_purif,yield_2y,cambio_usd,-1,soft,0,0.04021331669600207,-0.009303128635148745,-0.058775339576549616,-0.040240158091433324,1,0.07680526362282993,1,FALSE,FALSE
pre_covid,5,5,4,z_jk_raw_purif,yield_2y,cds_5y,-1,soft,0,25.549993451988122,5.7093778626003955,-14.118873980059323,-18.71202660125367,1,28.12934454727683,1,FALSE,FALSE
pre_covid,5,5,4,z_jk_raw_purif,yield_2y,embi_perc,-1,soft,0,0.2469783410490013,0.05096699528701353,-0.14177641818363143,-0.18127209417691412,1,0.2630207620808319,1,FALSE,FALSE
pre_covid,5,5,4,z_jk_raw_purif,juros_selic,yield_6m,1,hard,0,0.010720575767427177,6.25269669043967e-4,-0.009445665411279768,-0.010179458312937083,19,-0.012147516867963521,1,TRUE,FALSE
pre_covid,5,5,4,z_jk_raw_purif,juros_selic,yield_2y,1,hard,0,0.015863755633794156,8.668739609625334e-4,-0.014078925998762511,-0.014494343370023992,18,-0.017363876810469463,1,TRUE,FALSE
pre_covid,5,5,4,z_jk_raw_purif,juros_selic,yield_5y,1,hard,0,0.017447215903438323,0.0018821030797059226,-0.014194334321924615,-0.015290034777161067,19,-0.017832602139612064,1,TRUE,FALSE
pre_covid,5,5,4,z_jk_raw_purif,juros_selic,asset_ibov,-1,hard,0,-20.222993229953758,-11.88955320495812,-4.530924954286281,7.414559298292402,0,-20.222993229953758,-1,TRUE,FALSE
pre_covid,5,5,4,z_jk_raw_purif,juros_selic,price_ipca,-1,ext,24,-0.3217306582159393,-0.24089842774509113,-0.28937524729801173,0.0709758706069667,9,-0.34898973338681843,1,FALSE,FALSE
pre_covid,5,5,4,z_jk_raw_purif,juros_selic,pib,-1,ext,24,0.29845258696061805,-0.3808934481172255,-0.7290618293750883,-0.366343854419926,14,-0.7902872410711415,-1,TRUE,FALSE
pre_covid,5,5,4,z_jk_raw_purif,juros_selic,vendas_varejo,-1,ext,24,-2.0697368848957414,-2.7585839500020204,-2.920134763907826,0.08108530549299119,9,-3.0563642185696143,1,FALSE,FALSE
pre_covid,5,5,4,z_jk_raw_purif,juros_selic,cambio_usd,-1,soft,0,0.12758684585795027,-0.029516511859550523,-0.1864795248671307,-0.12767200692554856,1,0.24368398670034272,1,FALSE,FALSE
pre_covid,5,5,4,z_jk_raw_purif,juros_selic,cds_5y,-1,soft,0,81.06377051347607,18.11443504665733,-44.79567332879916,-59.3686034830688,1,89.24740960735994,1,FALSE,FALSE
pre_covid,5,5,4,z_jk_raw_purif,juros_selic,embi_perc,-1,soft,0,0.7836008098482458,0.16170559172438423,-0.44982129053994785,-0.5751312410497372,1,0.8344994192529259,1,FALSE,FALSE
pre_covid,5,5,4,z_jk_raw,yield_3m,yield_6m,1,hard,0,0.006570165300019373,1.7453429909034053e-4,-0.005867187861237334,-0.006027315038648673,18,-0.007345404015046058,1,TRUE,FALSE
pre_covid,5,5,4,z_jk_raw,yield_3m,yield_2y,1,hard,0,0.009910871774459545,2.5950469741440495e-4,-0.008733492750470842,-0.008581013641750035,17,-0.01050145456752867,1,TRUE,FALSE
pre_covid,5,5,4,z_jk_raw,yield_3m,yield_5y,1,hard,0,0.011013065616395682,8.793052254237763e-4,-0.008824181825342484,-0.009071305436783887,1,0.011121049617630366,1,TRUE,FALSE
pre_covid,5,5,4,z_jk_raw,yield_3m,asset_ibov,-1,hard,0,-12.793678965632694,-7.055472386440097,-2.531954569682393,4.598752682950943,0,-12.793678965632694,-1,TRUE,FALSE
pre_covid,5,5,4,z_jk_raw,yield_3m,price_ipca,-1,ext,24,-0.18274966389559694,-0.145035289621897,-0.17206904092669167,0.047439047347953636,9,-0.21105735266170836,1,FALSE,FALSE
pre_covid,5,5,4,z_jk_raw,yield_3m,pib,-1,ext,24,0.16693046346980545,-0.24376013444881162,-0.44303489904725657,-0.20838383022704354,14,-0.47774044931321313,-1,TRUE,FALSE
pre_covid,5,5,4,z_jk_raw,yield_3m,vendas_varejo,-1,ext,24,-1.2923297306822739,-1.6744935452581617,-1.739862034050062,0.10225395849315992,9,-1.838826416521722,1,FALSE,FALSE
pre_covid,5,5,4,z_jk_raw,yield_3m,cambio_usd,-1,soft,0,0.08721612651734587,-0.018841888569470288,-0.11433785634192965,-0.07493894400109784,1,0.15966724733147497,1,FALSE,FALSE
pre_covid,5,5,4,z_jk_raw,yield_3m,cds_5y,-1,soft,0,51.656349899612444,10.067774827034613,-28.107957803606084,-35.43466855026925,1,56.17378564640388,1,FALSE,FALSE
pre_covid,5,5,4,z_jk_raw,yield_3m,embi_perc,-1,soft,0,0.49776889392268614,0.08819082146207632,-0.28176300630286205,-0.3427939069391758,1,0.521268370184678,1,FALSE,FALSE
pre_covid,5,5,4,z_jk_raw,yield_6m,yield_6m,1,hard,0,0.005,1.3282336982436795e-4,-0.004465023019451302,-0.004586882341172527,18,-0.005589968957877207,1,TRUE,TRUE
pre_covid,5,5,4,z_jk_raw,yield_6m,yield_2y,1,hard,0,0.007542330612618164,1.9748719062946538e-4,-0.006646326501439081,-0.006530287481294217,17,-0.007991773485134161,1,TRUE,FALSE
pre_covid,5,5,4,z_jk_raw,yield_6m,yield_5y,1,hard,0,0.008381117607774043,6.691652228454462e-4,-0.006715342325798458,-0.006903407313631165,1,0.008463295145403399,1,TRUE,FALSE
pre_covid,5,5,4,z_jk_raw,yield_6m,asset_ibov,-1,hard,0,-9.736192608118223,-5.369326390021946,-1.9268575858166972,3.499723730647525,0,-9.736192608118223,-1,TRUE,FALSE
pre_covid,5,5,4,z_jk_raw,yield_6m,price_ipca,-1,ext,24,-0.13907539274168496,-0.11037415574724531,-0.130947269261387,0.03610186744298028,9,-0.16061799286928596,1,FALSE,FALSE
pre_covid,5,5,4,z_jk_raw,yield_6m,pib,-1,ext,24,0.1270114079220841,-0.18555941584932345,-0.3373354002163209,-0.1586229215239543,14,-0.36377601694119743,-1,TRUE,FALSE
pre_covid,5,5,4,z_jk_raw,yield_6m,vendas_varejo,-1,ext,24,-0.9834834221586961,-1.2743161463937782,-1.3240626031470866,0.07781688422120704,9,-1.399376067841322,1,FALSE,FALSE
pre_covid,5,5,4,z_jk_raw,yield_6m,cambio_usd,-1,soft,0,0.06637285557875439,-0.01433897604479961,-0.08701292214184665,-0.057029724960555306,1,0.12150930763568778,1,FALSE,FALSE
pre_covid,5,5,4,z_jk_raw,yield_6m,cds_5y,-1,soft,0,39.3113015736911,7.661736324202471,-21.390601697283934,-26.966344781435534,1,42.74914182618681,1,FALSE,FALSE
pre_covid,5,5,4,z_jk_raw,yield_6m,embi_perc,-1,soft,0,0.3788100231825358,0.06711461389092926,-0.21442611672344927,-0.26087160009365745,1,0.396693497333424,1,FALSE,FALSE
pre_covid,5,5,4,z_jk_raw,yield_1y,yield_6m,1,hard,0,0.004050709491377307,1.076057769648571e-4,-0.0036173022248219104,-0.0037160255670437045,18,-0.0045286680628355445,1,TRUE,FALSE
pre_covid,5,5,4,z_jk_raw,yield_1y,yield_2y,1,hard,0,0.006110358039927605,1.59992647501643e-4,-0.005384467568434365,-0.005290459496380179,17,-0.006474470541834088,1,TRUE,FALSE
pre_covid,5,5,4,z_jk_raw,yield_1y,yield_5y,1,hard,0,0.006789894528431958,5.421187838959319e-4,-0.005440380179391916,-0.005592739505633856,1,0.006856469994762608,1,TRUE,FALSE
pre_covid,5,5,4,z_jk_raw,yield_1y,asset_ibov,-1,hard,0,-7.887697561516414,-4.3499162740729105,-1.561028062280012,2.8352728265864657,0,-7.887697561516414,-1,TRUE,FALSE
pre_covid,5,5,4,z_jk_raw,yield_1y,price_ipca,-1,ext,24,-0.11267080267915398,-0.08941872805762476,-0.10608586929340805,0.02924763542154513,9,-0.13012336564031787,1,FALSE,FALSE
pre_covid,5,5,4,z_jk_raw,yield_1y,pib,-1,ext,24,0.10288486296452515,-0.1503559574102864,-0.27337717411033413,-0.12852643743481718,14,-0.29481211205384383,-1,TRUE,FALSE
pre_covid,5,5,4,z_jk_raw,yield_1y,vendas_varejo,-1,ext,24,-0.7967611265500931,-1.0323769018425264,-1.0726785907491296,0.06304271830085048,9,-1.1336931840022195,1,FALSE,FALSE
pre_covid,5,5,4,z_jk_raw,yield_1y,cambio_usd,-1,soft,0,0.05377143121253514,-0.011616605272260326,-0.07049281391849058,-0.04620216963767175,1,0.09843978114611313,1,FALSE,FALSE
pre_covid,5,5,4,z_jk_raw,yield_1y,cds_5y,-1,soft,0,31.84773248058924,6.207093609775447,-17.329422664291915,-21.846565750782766,1,34.63287090871391,1,FALSE,FALSE
pre_covid,5,5,4,z_jk_raw,yield_1y,embi_perc,-1,soft,0,0.3068898712668711,0.05437236069962209,-0.17371558124217087,-0.21134301330603272,1,0.3213780229632318,1,FALSE,FALSE
pre_covid,5,5,4,z_jk_raw,yield_2y,yield_6m,1,hard,0,0.0033146253172958917,8.805194086968104e-5,-0.0029599756685164463,-0.0030407592671015823,18,-0.003705730526135585,1,TRUE,FALSE
pre_covid,5,5,4,z_jk_raw,yield_2y,yield_2y,1,hard,0,0.005,1.309192083804132e-4,-0.004406016417736922,-0.004329091242943646,17,-0.0052979469447839425,1,TRUE,TRUE
pre_covid,5,5,4,z_jk_raw,yield_2y,yield_5y,1,hard,0,0.005556052921992445,4.4360639781949255e-4,-0.004451768737480049,-0.004576441731473496,1,0.0056105304713403035,1,TRUE,FALSE
pre_covid,5,5,4,z_jk_raw,yield_2y,asset_ibov,-1,hard,0,-6.4543661025875565,-3.55946103783834,-1.277362187354333,2.3200545762291025,0,-6.4543661025875565,-1,TRUE,FALSE
pre_covid,5,5,4,z_jk_raw,yield_2y,price_ipca,-1,ext,24,-0.09219656355889164,-0.07316979420299582,-0.08680822678491108,0.023932832765632548,9,-0.10647769311555726,1,FALSE,FALSE
pre_covid,5,5,4,z_jk_raw,yield_2y,pib,-1,ext,24,0.08418103205189986,-0.12305048979517341,-0.22375542386818825,-0.10518324227807296,14,-0.24130433196503098,-1,TRUE,FALSE
pre_covid,5,5,4,z_jk_raw,yield_2y,vendas_varejo,-1,ext,24,-0.6519758100456035,-0.8447761122151509,-0.8777542852152072,0.051586762910539215,9,-0.9276814685769638,1,FALSE,FALSE
pre_covid,5,5,4,z_jk_raw,yield_2y,cambio_usd,-1,soft,0,0.044000229496512624,-0.009505666604438419,-0.05768304693265223,-0.03780643403853561,1,0.08055156547526915,1,FALSE,FALSE
pre_covid,5,5,4,z_jk_raw,yield_2y,cds_5y,-1,soft,0,26.060447090402064,5.079157038929416,-14.18036598760196,-17.876665825495234,1,28.339477557950303,1,FALSE,FALSE
pre_covid,5,5,4,z_jk_raw,yield_2y,embi_perc,-1,soft,0,0.25112265865725536,0.04449195967268254,-0.14214844703619778,-0.17293832204678528,1,0.26297806189360345,1,FALSE,FALSE
pre_covid,5,5,4,z_jk_raw,juros_selic,yield_6m,1,hard,0,0.010812477770110187,2.8722994671542053e-4,-0.009655592428169494,-0.009919112669607785,18,-0.012088283018530663,1,TRUE,FALSE
pre_covid,5,5,4,z_jk_raw,juros_selic,yield_2y,1,hard,0,0.01631025641675109,4.2706517171252144e-4,-0.014372651509940855,-0.014121717644784511,17,-0.017282174630353826,1,TRUE,FALSE
pre_covid,5,5,4,z_jk_raw,juros_selic,yield_5y,1,hard,0,0.018124129564547183,0.001447066819309443,-0.014521897923275174,-0.014928587623330611,1,0.018301838124311142,1,TRUE,FALSE
pre_covid,5,5,4,z_jk_raw,juros_selic,asset_ibov,-1,hard,0,-21.05447322815788,-11.611144446515654,-4.166820962562244,7.56813700783069,0,-21.05447322815788,-1,TRUE,FALSE
pre_covid,5,5,4,z_jk_raw,juros_selic,price_ipca,-1,ext,24,-0.30074991847776245,-0.2386836210823539,-0.283172887589076,0.0780701278373378,9,-0.3473356954757742,1,FALSE,FALSE
pre_covid,5,5,4,z_jk_raw,juros_selic,pib,-1,ext,24,0.27486438808799196,-0.40083866001192625,-0.728056221154394,-0.34270512672087694,14,-0.7850009934140978,-1,TRUE,FALSE
pre_covid,5,5,4,z_jk_raw,juros_selic,vendas_varejo,-1,ext,24,-2.126778527872559,-2.755703000995041,-2.8632794925524196,0.16827866615620787,9,-3.0261445251117,1,FALSE,FALSE
pre_covid,5,5,4,z_jk_raw,juros_selic,cambio_usd,-1,soft,0,0.14353100509680314,-0.031007971946107653,-0.18816505727420907,-0.12332652667430045,1,0.26276333753447084,1,FALSE,FALSE
pre_covid,5,5,4,z_jk_raw,juros_selic,cds_5y,-1,soft,0,85.01051487592652,16.56847073717699,-46.25708106823275,-58.31460069807971,1,92.44482913738649,1,FALSE,FALSE
pre_covid,5,5,4,z_jk_raw,juros_selic,embi_perc,-1,soft,0,0.8191749909512185,0.1451350541490402,-0.4636955240806695,-0.5641336753731492,1,0.8578479242929823,1,FALSE,FALSE
pre_covid,5,5,4,z_bs_purif,yield_3m,yield_6m,1,hard,0,0.006325493164514981,0.0016143414934235772,-0.0059945454954726494,-0.007974309538976255,19,-0.008863366287611554,1,TRUE,FALSE
pre_covid,5,5,4,z_bs_purif,yield_3m,yield_2y,1,hard,0,0.007924515581252461,0.0017826779129653286,-0.009070597841092687,-0.011365152102729821,19,-0.012689052676574724,1,TRUE,FALSE
pre_covid,5,5,4,z_bs_purif,yield_3m,yield_5y,1,hard,0,0.007985201422203589,0.0022200901751607176,-0.009095874172508895,-0.011897081205772295,20,-0.01295522230749658,1,TRUE,FALSE
pre_covid,5,5,4,z_bs_purif,yield_3m,asset_ibov,-1,hard,0,-11.67866146647605,-9.306367764174512,-4.299859079371906,4.778727060077751,1,-12.579928450317897,-1,TRUE,FALSE
pre_covid,5,5,4,z_bs_purif,yield_3m,price_ipca,-1,ext,24,-0.14481525274219922,-0.2062047501792807,-0.21979584209173963,0.028251092849359546,9,-0.24514494337002848,1,FALSE,FALSE
pre_covid,5,5,4,z_bs_purif,yield_3m,pib,-1,ext,24,0.30812065219711915,-0.14799834426306724,-0.5080260631599498,-0.32955033760541097,16,-0.5717263859046695,-1,TRUE,FALSE
pre_covid,5,5,4,z_bs_purif,yield_3m,vendas_varejo,-1,ext,24,-1.318135637677385,-1.9654831569190694,-2.231249274162293,-0.20531435671550355,11,-2.2632019388939653,-1,TRUE,FALSE
pre_covid,5,5,4,z_bs_purif,yield_3m,cambio_usd,-1,soft,0,-0.014126058934481328,-0.03601170407706488,-0.13074833333343652,-0.10352506627181267,14,-0.1374856939735409,-1,TRUE,FALSE
pre_covid,5,5,4,z_bs_purif,yield_3m,cds_5y,-1,soft,0,32.71342213777155,14.781412162699842,-27.810467237263566,-45.15526679550143,22,-46.50463058202654,1,FALSE,FALSE
pre_covid,5,5,4,z_bs_purif,yield_3m,embi_perc,-1,soft,0,0.36082090741278067,0.1462686515655404,-0.2788807228842168,-0.43974878464457035,21,-0.4572439739362364,1,FALSE,FALSE
pre_covid,5,5,4,z_bs_purif,yield_6m,yield_6m,1,hard,0,0.005,0.0012760597880966643,-0.0047384016862915155,-0.006303310533723182,19,-0.007006067398296816,1,TRUE,TRUE
pre_covid,5,5,4,z_bs_purif,yield_6m,yield_2y,1,hard,0,0.006263950790199049,0.0014091216815835565,-0.007169874036049322,-0.008983609504541504,19,-0.010030089628235081,1,TRUE,FALSE
pre_covid,5,5,4,z_bs_purif,yield_6m,yield_5y,1,hard,0,0.0063119200468030765,0.0017548751673743582,-0.007189853767873241,-0.0094040740352966,20,-0.010240483999076413,1,TRUE,FALSE
pre_covid,5,5,4,z_bs_purif,yield_6m,asset_ibov,-1,hard,0,-9.231423671431262,-7.356238890891359,-3.398833077153127,3.777355326921904,1,-9.94383214330964,-1,TRUE,FALSE
pre_covid,5,5,4,z_bs_purif,yield_6m,price_ipca,-1,ext,24,-0.11446953539890765,-0.16299499882163876,-0.17373810735007955,0.022331138548883207,9,-0.19377536027171205,1,FALSE,FALSE
pre_covid,5,5,4,z_bs_purif,yield_6m,pib,-1,ext,24,0.24347611873942743,-0.11700376814873792,-0.40178450662716747,-0.26058385373212145,16,-0.45219371717282186,-1,TRUE,FALSE
pre_covid,5,5,4,z_bs_purif,yield_6m,vendas_varejo,-1,ext,24,-1.0419232172061441,-1.5536204891858234,-1.7636959017513834,-0.16229118534763795,11,-1.7889529559451356,-1,TRUE,FALSE
pre_covid,5,5,4,z_bs_purif,yield_6m,cambio_usd,-1,soft,0,-0.01116597438894274,-0.028465530781919785,-0.10335030797828859,-0.08183161658649159,14,-0.1086758695312596,-1,TRUE,FALSE
pre_covid,5,5,4,z_bs_purif,yield_6m,cds_5y,-1,soft,0,25.85839656051538,11.68399979121093,-21.982845063588005,-35.69308006592699,22,-36.759687642151114,1,FALSE,FALSE
pre_covid,5,5,4,z_bs_purif,yield_6m,embi_perc,-1,soft,0,0.2852116807563156,0.11561837769905786,-0.22044188147154561,-0.34760039510554813,21,-0.36142950600381873,1,FALSE,FALSE
pre_covid,5,5,4,z_bs_purif,yield_1y,yield_6m,1,hard,0,0.004370161118645881,0.001115317374201509,-0.004141515762791452,-0.005509296522645614,19,-0.006123528667729851,1,TRUE,FALSE
pre_covid,5,5,4,z_bs_purif,yield_1y,yield_2y,1,hard,0,0.005474894838487806,0.001231617756859472,-0.0062667009475862725,-0.007851964192368974,19,-0.008766621541969255,1,TRUE,FALSE
pre_covid,5,5,4,z_bs_purif,yield_1y,yield_5y,1,hard,0,0.005516821514508059,0.0015338174449073209,-0.0062841638770218455,-0.008219463741184097,20,-0.008950513001775805,1,TRUE,FALSE
pre_covid,5,5,4,z_bs_purif,yield_1y,asset_ibov,-1,hard,0,-8.068561759727222,-6.429589836088823,-2.9706896325084267,3.3015302762048013,1,-8.691229720606584,-1,TRUE,FALSE
pre_covid,5,5,4,z_bs_purif,yield_1y,price_ipca,-1,ext,24,-0.10005006257395291,-0.14246288127681137,-0.15185270431368836,0.01951813468428472,9,-0.16936590904220672,1,FALSE,FALSE
pre_covid,5,5,4,z_bs_purif,yield_1y,pib,-1,ext,24,0.2127733693192413,-0.10227260324404686,-0.351261607650899,-0.22779610284213714,16,-0.39534463735183545,-1,TRUE,FALSE
pre_covid,5,5,4,z_bs_purif,yield_1y,vendas_varejo,-1,ext,24,-0.9106744664897437,-1.3579143709942958,-1.5415270509897965,-0.14184772562103992,11,-1.5636025302316099,-1,TRUE,FALSE
pre_covid,5,5,4,z_bs_purif,yield_1y,cambio_usd,-1,soft,0,-0.009759421425270651,-0.024879791168952666,-0.09033149950535879,-0.07152346981644458,14,-0.09498621191210864,-1,TRUE,FALSE
pre_covid,5,5,4,z_bs_purif,yield_1y,cds_5y,-1,soft,0,22.60107184785814,10.21219231956332,-19.213714954821768,-31.1969021417657,22,-32.12915153345926,1,FALSE,FALSE
pre_covid,5,5,4,z_bs_purif,yield_1y,embi_perc,-1,soft,0,0.2492841995649784,0.10105418776426735,-0.1926733078656185,-0.30381394630324254,21,-0.31590103485385534,1,FALSE,FALSE
pre_covid,5,5,4,z_bs_purif,yield_2y,yield_6m,1,hard,0,0.003991091379440032,0.0010185742439845341,-0.0037822788244964356,-0.005031417666615228,19,-0.005592371039423655,1,TRUE,FALSE
pre_covid,5,5,4,z_bs_purif,yield_2y,yield_2y,1,hard,0,0.005,0.0011247866791900347,-0.005723124491389471,-0.007170881289966226,19,-0.008006200850051982,1,TRUE,TRUE
pre_covid,5,5,4,z_bs_purif,yield_2y,yield_5y,1,hard,0,0.005038289937302097,0.0014007734305002367,-0.005739072678478664,-0.00750650376277762,20,-0.00817414148200149,1,TRUE,FALSE
pre_covid,5,5,4,z_bs_purif,yield_2y,asset_ibov,-1,hard,0,-7.368691087001592,-5.8718843245076,-2.713010678876296,3.015154056471978,1,-7.937348549152359,-1,TRUE,FALSE
pre_covid,5,5,4,z_bs_purif,yield_2y,price_ipca,-1,ext,24,-0.09137167518781718,-0.1301055869377761,-0.13868093250502586,0.01782512291110575,9,-0.15467503398566324,1,FALSE,FALSE
pre_covid,5,5,4,z_bs_purif,yield_2y,pib,-1,ext,24,0.19429939380093408,-0.09340557611777767,-0.3208419508133886,-0.20805753665343873,16,-0.36111426138943914,-1,TRUE,FALSE
pre_covid,5,5,4,z_bs_purif,yield_2y,vendas_varejo,-1,ext,24,-0.8316821540459732,-1.2401282682621888,-1.407814301886732,-0.12954379016001244,11,-1.4279749441392786,-1,TRUE,FALSE
pre_covid,5,5,4,z_bs_purif,yield_2y,cambio_usd,-1,soft,0,-0.008912884825351507,-0.022721706902980983,-0.08249610464692397,-0.06531949190479769,14,-0.08674706520787195,-1,TRUE,FALSE
pre_covid,5,5,4,z_bs_purif,yield_2y,cds_5y,-1,soft,0,20.640644719762943,9.326382168816213,-17.54710868577039,-28.49086883135681,22,-29.342254491899514,1,FALSE,FALSE
pre_covid,5,5,4,z_bs_purif,yield_2y,embi_perc,-1,soft,0,0.22766117607642666,0.09228870210791028,-0.1759607385617254,-0.27746098807914044,21,-0.288499637137422,1,FALSE,FALSE
pre_covid,5,5,4,z_bs_purif,juros_selic,yield_6m,1,hard,0,0.009557576758548878,0.0024392078746462973,-0.009057527565913721,-0.012048874851805802,19,-0.01339220538695773,1,TRUE,FALSE
pre_covid,5,5,4,z_bs_purif,juros_selic,yield_2y,1,hard,0,0.011973638097820063,0.0026935577267740624,-0.013705324289733608,-0.017172307481696937,19,-0.019172670303396352,1,TRUE,FALSE
pre_covid,5,5,4,z_bs_purif,juros_selic,yield_5y,1,hard,0,0.012065332068228768,0.003354470822770348,-0.013743515853838074,-0.017976031887084753,20,-0.01957484237317288,1,TRUE,FALSE
pre_covid,5,5,4,z_bs_purif,juros_selic,asset_ibov,-1,hard,0,-17.64600806607788,-14.061563570783326,-6.496921604877179,7.220472696273916,1,-19.007787796761498,-1,TRUE,FALSE
pre_covid,5,5,4,z_bs_purif,juros_selic,price_ipca,-1,ext,24,-0.2188102742180976,-0.31156744249947926,-0.33210305937667806,0.042686314157348214,9,-0.3704045759424701,1,FALSE,FALSE
pre_covid,5,5,4,z_bs_purif,juros_selic,pib,-1,ext,24,0.4659247472113215,-0.22353523032814238,-0.766610720315597,-0.4975184204378702,16,-0.8625935969729381,-1,TRUE,FALSE
pre_covid,5,5,4,z_bs_purif,juros_selic,vendas_varejo,-1,ext,24,-1.9916522249923838,-2.9697694158095524,-3.371331791945386,-0.31022209223918656,11,-3.4196110387757086,-1,TRUE,FALSE
pre_covid,5,5,4,z_bs_purif,juros_selic,cambio_usd,-1,soft,0,-0.021343931461262226,-0.05441229908420684,-0.19755570030443192,-0.15642239136030697,14,-0.20773559296941138,-1,TRUE,FALSE
pre_covid,5,5,4,z_bs_purif,juros_selic,cds_5y,-1,soft,0,49.42872199602441,22.334144970273506,-42.02054581330593,-68.22787049582561,22,-70.26670725202798,1,FALSE,FALSE
pre_covid,5,5,4,z_bs_purif,juros_selic,embi_perc,-1,soft,0,0.5451865062526448,0.22100630391152828,-0.4213780405926462,-0.6644434915046389,21,-0.69087804928718,1,FALSE,FALSE
pre_covid,5,5,4,z_jk_bs_purif,yield_3m,yield_6m,1,hard,0,0.0065580227612743874,1.2248423403040052e-4,-0.005806891045084484,-0.005969459522321056,18,-0.007266927607575325,1,TRUE,FALSE
pre_covid,5,5,4,z_jk_bs_purif,yield_3m,yield_2y,1,hard,0,0.01000047213466125,2.999264554870009e-4,-0.008614234714677857,-0.008497973853011324,18,-0.010377816143832118,1,TRUE,FALSE
pre_covid,5,5,4,z_jk_bs_purif,yield_3m,yield_5y,1,hard,0,0.01119287035065056,9.955352511552826e-4,-0.008684084285490189,-0.008982176120515854,1,0.011319914216833227,1,TRUE,FALSE
pre_covid,5,5,4,z_jk_bs_purif,yield_3m,asset_ibov,-1,hard,0,-12.588173729540038,-6.9959289166000564,-2.505402167697905,4.545078719144059,0,-12.588173729540038,-1,TRUE,FALSE
pre_covid,5,5,4,z_jk_bs_purif,yield_3m,price_ipca,-1,ext,24,-0.19553554742116191,-0.13642282910417275,-0.17026602234242633,0.04678631424191679,9,-0.2069991461833131,1,FALSE,FALSE
pre_covid,5,5,4,z_jk_bs_purif,yield_3m,pib,-1,ext,24,0.13499070964175797,-0.26041240663569054,-0.4422446225958998,-0.2068755566289826,14,-0.47583953603883566,-1,TRUE,FALSE
pre_covid,5,5,4,z_jk_bs_purif,yield_3m,vendas_varejo,-1,ext,24,-1.3091225353940235,-1.6621491558964516,-1.7209258965692962,0.09884979953256058,9,-1.817340603882256,1,FALSE,FALSE
pre_covid,5,5,4,z_jk_bs_purif,yield_3m,cambio_usd,-1,soft,0,0.09541299370347149,-0.012731069627380078,-0.11133724973964507,-0.07420731875013009,1,0.16917314202102707,1,FALSE,FALSE
pre_covid,5,5,4,z_jk_bs_purif,yield_3m,cds_5y,-1,soft,0,52.85248268996975,10.819319851037703,-27.51664185282471,-35.07483948917009,1,57.67356527206739,1,FALSE,FALSE
pre_covid,5,5,4,z_jk_bs_purif,yield_3m,embi_perc,-1,soft,0,0.5023170245320367,0.09298439209713892,-0.2768322612727649,-0.3393499267644521,1,0.5298926596590706,1,FALSE,FALSE
pre_covid,5,5,4,z_jk_bs_purif,yield_6m,yield_6m,1,hard,0,0.005,9.338503272181292e-5,-0.004427318458983253,-0.0045512647177523985,18,-0.005540486722985375,1,TRUE,TRUE
pre_covid,5,5,4,z_jk_bs_purif,yield_6m,yield_2y,1,hard,0,0.0076246091990674275,2.286714047853638e-4,-0.00656770724062255,-0.006479067062097201,18,-0.007912305676273263,1,TRUE,FALSE
pre_covid,5,5,4,z_jk_bs_purif,yield_6m,yield_5y,1,hard,0,0.008533723317297168,7.590208873884918e-4,-0.0066209622942835404,-0.006848234938704599,1,0.008630584727212419,1,TRUE,FALSE
pre_covid,5,5,4,z_jk_bs_purif,yield_6m,asset_ibov,-1,hard,0,-9.597537388764602,-5.333870566835737,-1.9101810552507468,3.465281293306183,0,-9.597537388764602,-1,TRUE,FALSE
pre_covid,5,5,4,z_jk_bs_purif,yield_6m,price_ipca,-1,ext,24,-0.14908117472221497,-0.10401216500021906,-0.1298150590051775,0.03567105204193058,9,-0.15782130812785408,1,FALSE,FALSE
pre_covid,5,5,4,z_jk_bs_purif,yield_6m,pib,-1,ext,24,0.10290378712498605,-0.1986063925835002,-0.33735577675823025,-0.15776587371654216,14,-0.36299738912454194,-1,TRUE,FALSE
pre_covid,5,5,4,z_jk_bs_purif,yield_6m,vendas_varejo,-1,ext,24,-0.9981076484855234,-1.2672639425038033,-1.312076794496271,0.0753655508153128,9,-1.3855857703131098,1,FALSE,FALSE
pre_covid,5,5,4,z_jk_bs_purif,yield_6m,cambio_usd,-1,soft,0,0.0727452443950731,-0.009706484782698525,-0.08488629408020648,-0.05657750929771839,1,0.12898181981008594,1,FALSE,FALSE
pre_covid,5,5,4,z_jk_bs_purif,yield_6m,cds_5y,-1,soft,0,40.29605005495528,8.248919106324696,-20.97937355090663,-26.74193180320266,1,43.97176357227219,1,FALSE,FALSE
pre_covid,5,5,4,z_jk_bs_purif,yield_6m,embi_perc,-1,soft,0,0.38297901884258173,0.07089361800192177,-0.211063815535591,-0.2587288418456998,1,0.40400337033604566,1,FALSE,FALSE
pre_covid,5,5,4,z_jk_bs_purif,yield_1y,yield_6m,1,hard,0,0.004039992470000959,7.545496580138347e-5,-0.003577266647317719,-0.003677415037740147,18,-0.004476704928200241,1,TRUE,FALSE
pre_covid,5,5,4,z_jk_bs_purif,yield_1y,yield_2y,1,hard,0,0.00616067275018649,1.847661506874822e-4,-0.005306697559457177,-0.005235076428700787,18,-0.006393131070497966,1,TRUE,FALSE
pre_covid,5,5,4,z_jk_bs_purif,yield_1y,yield_5y,1,hard,0,0.006895235588590434,6.132877339245907e-4,-0.005349727562613156,-0.005533363517032814,1,0.006973499461928691,1,TRUE,FALSE
pre_covid,5,5,4,z_jk_bs_purif,yield_1y,asset_ibov,-1,hard,0,-7.754795756232332,-4.309759385195226,-1.5434234159103006,2.799942066278433,0,-7.754795756232332,-1,TRUE,FALSE
pre_covid,5,5,4,z_jk_bs_purif,yield_1y,price_ipca,-1,ext,24,-0.12045736465932917,-0.084041672677876475,-0.10489037217472946,0.028822156329282377,9,-0.12751937928844634,1,FALSE,FALSE
pre_covid,5,5,4,z_jk_bs_purif,yield_1y,pib,-1,ext,24,0.08313789450886677,-0.16050428676929185,-0.2726713579460194,-0.12749390732635923,14,-0.29340370116962555,-1,TRUE,FALSE
pre_covid,5,5,4,z_jk_bs_purif,yield_1y,vendas_varejo,-1,ext,24,-0.8064694768263759,-1.0239473570438187,-1.0601560739655862,0.06089525155826769,9,-1.1195512157210887,1,FALSE,FALSE
pre_covid,5,5,4,z_jk_bs_purif,yield_1y,cambio_usd,-1,soft,0,0.05877804791689496,-0.007842825086456187,-0.06858799777806424,-0.045714542306838316,1,0.10421711615995356,1,FALSE,FALSE
pre_covid,5,5,4,z_jk_bs_purif,yield_1y,cds_5y,-1,soft,0,32.55914775856022,6.665114215039762,-16.951302234200018,-21.607440623643587,1,35.529118744928425,1,FALSE,FALSE
pre_covid,5,5,4,z_jk_bs_purif,yield_1y,embi_perc,-1,soft,0,0.30944647045847723,0.05728193657977768,-0.17053924509069185,-0.20905251456573926,1,0.32643411480252665,1,FALSE,FALSE
pre_covid,5,5,4,z_jk_bs_purif,yield_2y,yield_6m,1,hard,0,0.0032788565744533865,6.123922569909217e-5,-0.002903308447287215,-0.0029845888483760376,18,-0.0036332922634664585,1,TRUE,FALSE
pre_covid,5,5,4,z_jk_bs_purif,yield_2y,yield_2y,1,hard,0,0.005,1.499561477939963e-4,-0.004306914013000071,-0.004248786326576359,18,-0.005188663097146686,1,TRUE,TRUE
pre_covid,5,5,4,z_jk_bs_purif,yield_2y,yield_5y,1,hard,0,0.0055961709606971955,4.977441253522399e-4,-0.004341837149563912,-0.004490876030434592,1,0.0056596898948394845,1,TRUE,FALSE
pre_covid,5,5,4,z_jk_bs_purif,yield_2y,asset_ibov,-1,hard,0,-6.2937897131426,-3.4977993150705537,-1.2526419422810435,2.2724320701774623,0,-6.2937897131426,-1,TRUE,FALSE
pre_covid,5,5,4,z_jk_bs_purif,yield_2y,price_ipca,-1,ext,24,-0.0977631579730337,-0.06820819420681973,-0.08512899193643611,0.02339205270107059,9,-0.1034946867487696,1,FALSE,FALSE
pre_covid,5,5,4,z_jk_bs_purif,yield_2y,pib,-1,ext,24,0.06746940552857517,-0.13028493495389482,-0.22135688931931297,-0.10348644716730027,14,-0.23819224001437878,-1,TRUE,FALSE
pre_covid,5,5,4,z_jk_bs_purif,yield_2y,vendas_varejo,-1,ext,24,-0.6545303650497936,-0.8310353418892626,-0.8604223247643645,0.04942256635561784,9,-0.9086274024920401,1,FALSE,FALSE
pre_covid,5,5,4,z_jk_bs_purif,yield_2y,cambio_usd,-1,soft,0,0.04770424456900076,-0.006365234288916561,-0.05566599668517371,-0.037101907665404305,1,0.08458257757385246,1,FALSE,FALSE
pre_covid,5,5,4,z_jk_bs_purif,yield_2y,cds_5y,-1,soft,0,26.424993729438576,5.4094045287813755,-13.757671379060737,-17.536591781303027,1,28.835421215850914,1,FALSE,FALSE
pre_covid,5,5,4,z_jk_bs_purif,yield_2y,embi_perc,-1,soft,0,0.2511466547619413,0.04649000109447763,-0.13840959583961787,-0.1696669528172966,1,0.2649338213855339,1,FALSE,FALSE
pre_covid,5,5,4,z_jk_bs_purif,juros_selic,yield_6m,1,hard,0,0.010927862419210788,2.040997579194938e-4,-0.009676225401160261,-0.009947118933801286,18,-0.01210913532884964,1,TRUE,FALSE
pre_covid,5,5,4,z_jk_bs_purif,juros_selic,yield_2y,1,hard,0,0.01666413606553156,4.997779301404229e-4,-0.01435420022703555,-0.01416047069188769,18,-0.017292917569810953,1,TRUE,FALSE
pre_covid,5,5,4,z_jk_bs_purif,juros_selic,yield_5y,1,hard,0,0.018651070867006906,0.0016588951661377447,-0.014470593006942546,-0.014967313844919256,1,0.018862768499263834,1,TRUE,FALSE
pre_covid,5,5,4,z_jk_bs_purif,juros_selic,asset_ibov,-1,hard,0,-20.976113629530225,-11.657560743251757,-4.1748391535126075,7.573623443422958,0,-20.976113629530225,-1,TRUE,FALSE
pre_covid,5,5,4,z_jk_bs_purif,juros_selic,price_ipca,-1,ext,24,-0.32582771333173804,-0.22732612580932907,-0.283720220950062,0.07796166981254507,9,-0.3449299084082125,1,FALSE,FALSE
pre_covid,5,5,4,z_jk_bs_purif,juros_selic,pib,-1,ext,24,0.22504088548849221,-0.43355769557600343,-0.7358413283209964,-0.3444863138557297,14,-0.7916503442911615,-1,TRUE,FALSE
pre_covid,5,5,4,z_jk_bs_purif,juros_selic,vendas_varejo,-1,ext,24,-2.1814366124423605,-2.769697202501642,-2.867638938738871,0.16471687409155555,9,-3.0282981335995727,1,FALSE,FALSE
pre_covid,5,5,4,z_jk_bs_purif,juros_selic,cambio_usd,-1,soft,0,0.1589900044802447,-0.021214226055898518,-0.1855251485970327,-0.12365424752541714,1,0.2818991162928111,1,FALSE,FALSE
pre_covid,5,5,4,z_jk_bs_purif,juros_selic,cds_5y,-1,soft,0,88.06993820763653,18.02861062022309,-45.851941561107466,-58.446430313863225,1,96.10347652957101,1,FALSE,FALSE
pre_covid,5,5,4,z_jk_bs_purif,juros_selic,embi_perc,-1,soft,0,0.8370284054712138,0.15494314078501725,-0.46129526756932454,-0.5654706375143107,1,0.8829786495859543,1,FALSE,FALSE
pre_covid,6,5,4,z_bruto,yield_3m,yield_6m,1,hard,0,0.0062724378160999,0.007294198871298007,0.0019573107324946265,-0.009904702435434369,24,-0.009904702435434369,1,TRUE,FALSE
pre_covid,6,5,4,z_bruto,yield_3m,yield_2y,1,hard,0,0.006876387999373547,0.007868258537986372,7.078796689125636e-4,-0.014146099021050112,24,-0.014146099021050112,1,TRUE,FALSE
pre_covid,6,5,4,z_bruto,yield_3m,yield_5y,1,hard,0,0.005295664374124063,0.004962164665649142,-0.0016487361083282377,-0.013956995348095521,24,-0.013956995348095521,1,TRUE,FALSE
pre_covid,6,5,4,z_bruto,yield_3m,asset_ibov,-1,hard,0,-5.1630321589699655,-1.5011619655592403,-2.3346517856281364,-4.525160723332272,0,-5.1630321589699655,-1,TRUE,FALSE
pre_covid,6,5,4,z_bruto,yield_3m,price_ipca,-1,ext,24,-0.1923136148368117,-0.1478896795116067,-0.24379985668041984,-0.24540732385149228,21,-0.26171537725079214,-1,TRUE,FALSE
pre_covid,6,5,4,z_bruto,yield_3m,pib,-1,ext,24,0.5036443624151898,0.5181502186735187,0.024165446180957062,-0.8602142250952238,24,-0.8602142250952238,-1,TRUE,FALSE
pre_covid,6,5,4,z_bruto,yield_3m,vendas_varejo,-1,ext,24,-1.5960648755519986,-3.46083443895353,-4.422559540971811,-3.3280370708803884,14,-4.483995041708117,-1,TRUE,FALSE
pre_covid,6,5,4,z_bruto,yield_3m,cambio_usd,-1,soft,0,-0.02757013903244823,0.0033103875100581226,-0.0525518277328519,-0.15526929211334936,24,-0.15526929211334936,-1,TRUE,FALSE
pre_covid,6,5,4,z_bruto,yield_3m,cds_5y,-1,soft,0,26.617548684929613,40.23967560683038,18.660449327082084,-39.28426133253153,3,44.58183102797003,1,FALSE,FALSE
pre_covid,6,5,4,z_bruto,yield_3m,embi_perc,-1,soft,0,0.2934938779670748,0.4042366797271,0.16816307116691942,-0.41295195449341165,3,0.4510869828680928,1,FALSE,FALSE
pre_covid,6,5,4,z_bruto,yield_6m,yield_6m,1,hard,0,0.005,0.005814484802524055,0.0015602472195664196,-0.007895417001991862,24,-0.007895417001991862,1,TRUE,TRUE
pre_covid,6,5,4,z_bruto,yield_6m,yield_2y,1,hard,0,0.005481431782172034,0.006272089711109108,5.642779487551075e-4,-0.011276396383508453,24,-0.011276396383508453,1,TRUE,FALSE
pre_covid,6,5,4,z_bruto,yield_6m,yield_5y,1,hard,0,0.004221376544005996,0.003955531175544229,-0.0013142705887783479,-0.011125654615715071,24,-0.011125654615715071,1,TRUE,FALSE
pre_covid,6,5,4,z_bruto,yield_6m,asset_ibov,-1,hard,0,-4.115650334322689,-1.1966335973121203,-1.8610402000603532,-3.607178624965583,0,-4.115650334322689,-1,TRUE,FALSE
pre_covid,6,5,4,z_bruto,yield_6m,price_ipca,-1,ext,24,-0.1533005351947747,-0.11788851786781214,-0.19434218706372977,-0.19562356060476865,21,-0.20862333348210263,-1,TRUE,FALSE
pre_covid,6,5,4,z_bruto,yield_6m,pib,-1,ext,24,0.4012694968925201,0.41282072196473507,0.019262728959712483,-0.686310018516656,24,-0.686310018516656,-1,TRUE,FALSE
pre_covid,6,5,4,z_bruto,yield_6m,vendas_varejo,-1,ext,24,-1.2722843353307298,-2.758763450847107,-3.525391299711352,-2.6529055914576674,14,-3.5743638862379292,-1,TRUE,FALSE
pre_covid,6,5,4,z_bruto,yield_6m,cambio_usd,-1,soft,0,-0.02197721192363362,0.002638836451723063,-0.04189107112227044,-0.12377108922053316,24,-0.12377108922053316,-1,TRUE,FALSE
pre_covid,6,5,4,z_bruto,yield_6m,cds_5y,-1,soft,0,21.21786573683402,32.07658392686208,14.874957611524676,-31.314986680057554,3,35.53788202853025,1,FALSE,FALSE
pre_covid,6,5,4,z_bruto,yield_6m,embi_perc,-1,soft,0,0.23395519140400553,0.32223251276363224,0.13404921347748053,-0.32917979149467164,3,0.35957868064491344,1,FALSE,FALSE
pre_covid,6,5,4,z_bruto,yield_1y,yield_6m,1,hard,0,0.004564422396697659,0.005307952931579793,0.0014243254706748432,-0.007207603639031827,24,-0.007207603639031827,1,TRUE,FALSE
pre_covid,6,5,4,z_bruto,yield_1y,yield_2y,1,hard,0,0.00500391399850328,0.005725693350296672,5.151205814520854e-4,-0.010294047241385294,24,-0.010294047241385294,1,TRUE,FALSE
pre_covid,6,5,4,z_bruto,yield_1y,yield_5y,1,hard,0,0.0038536291284710267,0.0036109430176979804,-0.001199777222148182,-0.010156437421178513,24,-0.010156437421178513,1,TRUE,FALSE
pre_covid,6,5,4,z_bruto,yield_1y,asset_ibov,-1,hard,0,-3.757113312591738,-1.092388238442466,-1.6989147140620338,-3.2929373809363947,0,-3.757113312591738,-1,TRUE,FALSE
pre_covid,6,5,4,z_bruto,yield_1y,price_ipca,-1,ext,24,-0.1399456792537535,-0.10761859825386677,-0.17741196625137887,-0.1785817122692296,21,-0.19044900316388677,-1,TRUE,FALSE
pre_covid,6,5,4,z_bruto,yield_1y,pib,-1,ext,24,0.36624876304962584,0.3767899661577534,0.01758449876489987,-0.626709524605018,24,-0.626709524605018,-1,TRUE,FALSE
pre_covid,6,5,4,z_bruto,yield_1y,vendas_varejo,-1,ext,24,-1.1614486230302354,-2.5184323364474914,-3.2182750011051127,-2.4217963395947653,14,-3.2629813152583376,-1,TRUE,FALSE
pre_covid,6,5,4,z_bruto,yield_1y,cambio_usd,-1,soft,0,-0.02006265566424083,0.002408952840293386,-0.03824170865042914,-0.11298870634037314,24,-0.11298870634037314,-1,TRUE,FALSE
pre_covid,6,5,4,z_bruto,yield_1y,cds_5y,-1,soft,0,19.36946031586582,29.282215617064285,13.57911793439431,-28.586965310948717,3,32.441980932444544,1,FALSE,FALSE
pre_covid,6,5,4,z_bruto,yield_1y,embi_perc,-1,soft,0,0.2135740630936261,0.29416105964049744,0.12237144645126356,-0.300503122567709,3,0.3282537966621276,1,FALSE,FALSE
pre_covid,6,5,4,z_bruto,yield_2y,yield_6m,1,hard,0,0.004560852162989735,0.005303801117652556,0.001423211381231645,-0.007201965942248102,24,-0.007201965942248102,1,TRUE,FALSE
pre_covid,6,5,4,z_bruto,yield_2y,yield_2y,1,hard,0,0.005,0.005721214785075527,5.147176606214286e-4,-0.01028599536729083,24,-0.01028599536729083,1,TRUE,TRUE
pre_covid,6,5,4,z_bruto,yield_2y,yield_5y,1,hard,0,0.0038506148683047766,0.0036081185835508452,-0.001198838771516704,-0.010148493183752163,24,-0.010148493183752163,1,TRUE,FALSE
pre_covid,6,5,4,z_bruto,yield_2y,asset_ibov,-1,hard,0,-3.7541745458810123,-1.0915337861214343,-1.6975858443712224,-3.2903616867929237,0,-3.7541745458810123,-1,TRUE,FALSE
pre_covid,6,5,4,z_bruto,yield_2y,price_ipca,-1,ext,24,-0.13983621550611447,-0.107534420341813,-0.17727319684595352,-0.17844202790320254,21,-0.1903000363523953,-1,TRUE,FALSE
pre_covid,6,5,4,z_bruto,yield_2y,pib,-1,ext,24,0.3659617643239743,0.37649469168401506,0.01757074318313734,-0.626220858404547,24,-0.626220858404547,-1,TRUE,FALSE
pre_covid,6,5,4,z_bruto,yield_2y,vendas_varejo,-1,ext,24,-1.1605401525462231,-2.5164624503946107,-3.2157577069347423,-2.419902041001453,14,-3.2604290523721313,-1,TRUE,FALSE
pre_covid,6,5,4,z_bruto,yield_2y,cambio_usd,-1,soft,0,-0.020046962907677636,0.0024070685877234576,-0.03821179646759279,-0.11290032799741281,24,-0.11290032799741281,-1,TRUE,FALSE
pre_covid,6,5,4,z_bruto,yield_2y,cds_5y,-1,soft,0,19.354309767973046,29.259311436830135,13.56849651938059,-28.56460494674705,3,32.416605223579246,1,FALSE,FALSE
pre_covid,6,5,4,z_bruto,yield_2y,embi_perc,-1,soft,0,0.2134070081515272,0.29393097056472584,0.12227572904716796,-0.30026807281019663,3,0.32799704067686974,1,FALSE,FALSE
pre_covid,6,5,4,z_bruto,juros_selic,yield_6m,1,hard,0,0.00790302662586442,0.009190405642006325,0.0024661350638328686,-0.012479538157808862,24,-0.012479538157808862,1,TRUE,FALSE
pre_covid,6,5,4,z_bruto,juros_selic,yield_2y,1,hard,0,0.00866398026447301,0.009913698397341112,8.919007306799546e-4,-0.01782353217253371,24,-0.01782353217253371,1,TRUE,FALSE
pre_covid,6,5,4,z_bruto,juros_selic,yield_5y,1,hard,0,0.0066723302450157835,0.006252133639952566,-0.002077343091341158,-0.017585268931633518,24,-0.017585268931633518,1,TRUE,FALSE
pre_covid,6,5,4,z_bruto,juros_selic,asset_ibov,-1,hard,0,-6.505218834980002,-1.8914054361923216,-2.9415700505762037,-5.701525743470402,0,-6.505218834980002,-1,TRUE,FALSE
pre_covid,6,5,4,z_bruto,juros_selic,price_ipca,-1,ext,24,-0.24230764228071403,-0.18633521911860254,-0.307178295778676,-0.30920364162117775,21,-0.32975115185712983,-1,TRUE,FALSE
pre_covid,6,5,4,z_bruto,juros_selic,pib,-1,ext,24,0.634987123544084,0.6532881640710198,0.030448474515276658,-1.0826218908457252,24,-1.0826218908457252,-1,TRUE,FALSE
pre_covid,6,5,4,z_bruto,juros_selic,vendas_varejo,-1,ext,24,-2.0109793955577944,-4.360516201301259,-5.572252261641917,-4.193196705038908,14,-5.649658592693315,-1,TRUE,FALSE
pre_covid,6,5,4,z_bruto,juros_selic,cambio_usd,-1,soft,0,-0.0347372981989483,0.004170958947853791,-0.06621325009305667,-0.19563324272442284,24,-0.19563324272442284,-1,TRUE,FALSE
pre_covid,6,5,4,z_bruto,juros_selic,cds_5y,-1,soft,0,33.53707157244313,50.700419368153135,23.511437212496826,-49.4966347042169,3,56.171365579660645,1,FALSE,FALSE
pre_covid,6,5,4,z_bruto,juros_selic,embi_perc,-1,soft,0,0.3697908213850124,0.5093224256180363,0.21187890065774245,-0.5203033313757776,3,0.56835197744599,1,FALSE,FALSE
pre_covid,6,5,4,z_bruto_purif,yield_3m,yield_6m,1,hard,0,0.006278449714044429,0.007307446397959834,0.0019236510576841404,-0.009952914422204367,24,-0.009952914422204367,1,TRUE,FALSE
pre_covid,6,5,4,z_bruto_purif,yield_3m,yield_2y,1,hard,0,0.0069042184054309425,0.007883082502016397,6.585243667171126e-4,-0.014206969536791625,24,-0.014206969536791625,1,TRUE,FALSE
pre_covid,6,5,4,z_bruto_purif,yield_3m,yield_5y,1,hard,0,0.005349290983840325,0.00497186621342801,-0.001698112366435305,-0.01400748889836108,24,-0.01400748889836108,1,TRUE,FALSE
pre_covid,6,5,4,z_bruto_purif,yield_3m,asset_ibov,-1,hard,0,-5.289849502358329,-1.5087711658678635,-2.3447588235675174,-4.535119028111795,0,-5.289849502358329,-1,TRUE,FALSE
pre_covid,6,5,4,z_bruto_purif,yield_3m,price_ipca,-1,ext,24,-0.18711898723136677,-0.1487877157067575,-0.24445804799279017,-0.24544881104939373,20,-0.2619977049451289,-1,TRUE,FALSE
pre_covid,6,5,4,z_bruto_purif,yield_3m,pib,-1,ext,24,0.49972294411153584,0.5183982764386252,0.021551297657862456,-0.863587657454512,24,-0.863587657454512,-1,TRUE,FALSE
pre_covid,6,5,4,z_bruto_purif,yield_3m,vendas_varejo,-1,ext,24,-1.6060840446431357,-3.472179873396279,-4.431435546180008,-3.3222160959304343,14,-4.490754621088393,-1,TRUE,FALSE
pre_covid,6,5,4,z_bruto_purif,yield_3m,cambio_usd,-1,soft,0,-0.027203909718546245,0.0033964356127432426,-0.053160268043179436,-0.15573716750368086,24,-0.15573716750368086,-1,TRUE,FALSE
pre_covid,6,5,4,z_bruto_purif,yield_3m,cds_5y,-1,soft,0,26.834022295909087,40.35201144937602,18.49811170611803,-39.53313366823882,3,44.89747237596377,1,FALSE,FALSE
pre_covid,6,5,4,z_bruto_purif,yield_3m,embi_perc,-1,soft,0,0.29613757879798036,0.4052060404264494,0.16654254167918178,-0.41540840160628756,3,0.4536668583038632,1,FALSE,FALSE
pre_covid,6,5,4,z_bruto_purif,yield_6m,yield_6m,1,hard,0,0.005,0.0058194671700671705,0.0015319474912581328,-0.007926251603115044,24,-0.007926251603115044,1,TRUE,TRUE
pre_covid,6,5,4,z_bruto_purif,yield_6m,yield_2y,1,hard,0,0.0054983465026300325,0.0062778893365845745,5.244323015314133e-4,-0.011314074480051726,24,-0.011314074480051726,1,TRUE,FALSE
pre_covid,6,5,4,z_bruto_purif,yield_6m,yield_5y,1,hard,0,0.004260041274101754,0.00395946964607068,-0.001352334130061401,-0.011155213099045266,24,-0.011155213099045266,1,TRUE,FALSE
pre_covid,6,5,4,z_bruto_purif,yield_6m,asset_ibov,-1,hard,0,-4.212703567988549,-1.2015475432516836,-1.8673071620868964,-3.611655133565113,0,-4.212703567988549,-1,TRUE,FALSE
pre_covid,6,5,4,z_bruto_purif,yield_6m,price_ipca,-1,ext,24,-0.14901687180260076,-0.11849080782946335,-0.1946802627454,-0.1954692816128979,20,-0.20864840595844814,-1,TRUE,FALSE
pre_covid,6,5,4,z_bruto_purif,yield_6m,pib,-1,ext,24,0.39776475554080815,0.41262195268845225,0.017162536775328086,-0.6883463605082851,24,-0.6883463605082851,-1,TRUE,FALSE
pre_covid,6,5,4,z_bruto_purif,yield_6m,vendas_varejo,-1,ext,24,-1.2790450810256906,-2.7651570304284427,-3.5290842070990984,-2.645729636488831,14,-3.576324431684869,-1,TRUE,FALSE
pre_covid,6,5,4,z_bruto_purif,yield_6m,cambio_usd,-1,soft,0,-0.021664511907846542,0.0027048361995682365,-0.042335505152063135,-0.12402517707142602,24,-0.12402517707142602,-1,TRUE,FALSE
pre_covid,6,5,4,z_bruto_purif,yield_6m,cds_5y,-1,soft,0,21.36994283468048,32.13533060487173,14.731432557896516,-31.483196862918344,3,35.75522176719155,1,FALSE,FALSE
pre_covid,6,5,4,z_bruto_purif,yield_6m,embi_perc,-1,soft,0,0.23583654587177982,0.32269593520836315,0.13263030625748137,-0.3308208399575533,3,0.3612889160273467,1,FALSE,FALSE
pre_covid,6,5,4,z_bruto_purif,yield_1y,yield_6m,1,hard,0,0.0045587302602392,0.0053058762173307595,0.0013967470770991956,-0.007226728606678005,24,-0.007226728606678005,1,TRUE,FALSE
pre_covid,6,5,4,z_bruto_purif,yield_1y,yield_2y,1,hard,0,0.005013095716563981,0.00572384081782422,4.7814908048762853e-4,-0.01031556273976238,24,-0.01031556273976238,1,TRUE,FALSE
pre_covid,6,5,4,z_bruto_purif,yield_1y,yield_5y,1,hard,0,0.0038840758132231254,0.003610030818008201,-0.0012329853041330328,-0.010170721502806871,24,-0.010170721502806871,1,TRUE,FALSE
pre_covid,6,5,4,z_bruto_purif,yield_1y,asset_ibov,-1,hard,0,-3.8409158465614093,-1.0955062289075037,-1.7025099329933842,-3.292912309386306,0,-3.8409158465614093,-1,TRUE,FALSE
pre_covid,6,5,4,z_bruto_purif,yield_1y,price_ipca,-1,ext,24,-0.13586554455454034,-0.1080335262424725,-0.17749896096975465,-0.17821834580718712,20,-0.19023436039869013,-1,TRUE,FALSE
pre_covid,6,5,4,z_bruto_purif,yield_1y,pib,-1,ext,24,0.36259688244146826,0.37613803990188543,0.015647756649239675,-0.6277881847188804,24,-0.6277881847188804,-1,TRUE,FALSE
pre_covid,6,5,4,z_bruto_purif,yield_1y,vendas_varejo,-1,ext,24,-1.166164303016383,-2.521121005785462,-3.2176285931669844,-2.412233550854659,14,-3.2606996814309146,-1,TRUE,FALSE
pre_covid,6,5,4,z_bruto_purif,yield_1y,cambio_usd,-1,soft,0,-0.019752533201522503,0.0024661237263924234,-0.038599229683844556,-0.11307946554940697,24,-0.11307946554940697,-1,TRUE,FALSE
pre_covid,6,5,4,z_bruto_purif,yield_1y,cds_5y,-1,soft,0,19.483961012007953,29.299260810243933,13.431325475671162,-28.704680445610744,3,32.599682286331884,1,FALSE,FALSE
pre_covid,6,5,4,z_bruto_purif,yield_1y,embi_perc,-1,soft,0,0.2150230396271946,0.29421674493811073,0.1209251581121546,-0.30162459476644954,3,0.329403742836577,1,FALSE,FALSE
pre_covid,6,5,4,z_bruto_purif,yield_2y,yield_6m,1,hard,0,0.004546821483157111,0.005292015669877787,0.0013930983528642235,-0.007207850213990395,24,-0.007207850213990395,1,TRUE,FALSE
pre_covid,6,5,4,z_bruto_purif,yield_2y,yield_2y,1,hard,0,0.005,0.005708888420893137,4.7690001101291155e-4,-0.010288615381587762,24,-0.010288615381587762,1,TRUE,TRUE
pre_covid,6,5,4,z_bruto_purif,yield_2y,yield_5y,1,hard,0,0.0038739294368443696,0.0036006003297325297,-0.0012297643749939523,-0.010144152513586925,24,-0.010144152513586925,1,TRUE,FALSE
pre_covid,6,5,4,z_bruto_purif,yield_2y,asset_ibov,-1,hard,0,-3.83088221702059,-1.0926444365382804,-1.6980624640459678,-3.2843102302097043,0,-3.83088221702059,-1,TRUE,FALSE
pre_covid,6,5,4,z_bruto_purif,yield_2y,price_ipca,-1,ext,24,-0.13551062281298681,-0.10775131011912896,-0.17703528019949116,-0.17775278578696227,20,-0.18973741092767163,-1,TRUE,FALSE
pre_covid,6,5,4,z_bruto_purif,yield_2y,pib,-1,ext,24,0.3616479594030997,0.37515361320354934,0.015606876804241665,-0.6261533579481449,24,-0.6261533579481449,-1,TRUE,FALSE
pre_covid,6,5,4,z_bruto_purif,yield_2y,vendas_varejo,-1,ext,24,-1.1631179304668073,-2.5145350780509927,-3.2092231777417317,-2.4059320699625744,14,-3.252181751344881,-1,TRUE,FALSE
pre_covid,6,5,4,z_bruto_purif,yield_2y,cambio_usd,-1,soft,0,-0.01970093363294194,0.0024596814681235785,-0.03849839686514184,-0.1127840679121449,24,-0.1127840679121449,-1,TRUE,FALSE
pre_covid,6,5,4,z_bruto_purif,yield_2y,cds_5y,-1,soft,0,19.433063034912916,29.222722312517398,13.3962388063848,-28.62969517095634,3,32.51452209322265,1,FALSE,FALSE
pre_covid,6,5,4,z_bruto_purif,yield_2y,embi_perc,-1,soft,0,0.2144613346566752,0.29344816214657216,0.12060926516184468,-0.3008366604390167,3,0.3285432410039371,1,FALSE,FALSE
pre_covid,6,5,4,z_bruto_purif,juros_selic,yield_6m,1,hard,0,0.007907965739297442,0.009204029400371485,0.002422917655054396,-0.012536105223697039,24,-0.012536105223697039,1,TRUE,FALSE
pre_covid,6,5,4,z_bruto_purif,juros_selic,yield_2y,1,hard,0,0.008696147153116842,0.009929066757762312,8.294385346182643e-4,-0.017894262672021714,24,-0.017894262672021714,1,TRUE,FALSE
pre_covid,6,5,4,z_bruto_purif,juros_selic,yield_5y,1,hard,0,0.0067376520887179395,0.0062622700613830205,-0.002138842393721634,-0.0176430086003624,24,-0.0176430086003624,1,TRUE,FALSE
pre_covid,6,5,4,z_bruto_purif,juros_selic,asset_ibov,-1,hard,0,-6.662783097093908,-1.9003593612342649,-2.9533202125055826,-5.712169011678127,0,-6.662783097093908,-1,TRUE,FALSE
pre_covid,6,5,4,z_bruto_purif,juros_selic,price_ipca,-1,ext,24,-0.23568406335844913,-0.18740424974741465,-0.30790496958160946,-0.309152876415976,20,-0.3299968891756864,-1,TRUE,FALSE
pre_covid,6,5,4,z_bruto_purif,juros_selic,pib,-1,ext,24,0.6298292823752938,0.6533826516631036,0.027145505243453272,-1.0865025848359688,24,-1.0865025848359688,-1,TRUE,FALSE
pre_covid,6,5,4,z_bruto_purif,juros_selic,vendas_varejo,-1,ext,24,-2.0229289359536162,-4.373353412081116,-5.581575400167069,-4.184467864159511,14,-5.656290215675267,-1,TRUE,FALSE
pre_covid,6,5,4,z_bruto_purif,juros_selic,cambio_usd,-1,soft,0,-0.03426444358517038,0.004277950399319422,-0.06695754485967312,-0.1961573702182271,24,-0.1961573702182271,-1,TRUE,FALSE
pre_covid,6,5,4,z_bruto_purif,juros_selic,cds_5y,-1,soft,0,33.79855515747961,50.82501868886444,23.299132791723306,-49.79360843110299,3,56.550213747186575,1,FALSE,FALSE
pre_covid,6,5,4,z_bruto_purif,juros_selic,embi_perc,-1,soft,0,0.37299746496565683,0.5103736799676566,0.209767183575338,-0.5232239736459866,3,0.5714120739864337,1,FALSE,FALSE
pre_covid,6,5,4,z_jk,yield_3m,yield_6m,1,hard,0,0.006828808014931348,0.006688633501956701,-0.0014496942435431046,-0.01203271047773159,24,-0.01203271047773159,1,TRUE,FALSE
pre_covid,6,5,4,z_jk,yield_3m,yield_2y,1,hard,0,0.01097319886449629,0.007743739476559304,-0.0034959623913567266,-0.016329489333042724,24,-0.016329489333042724,1,TRUE,FALSE
pre_covid,6,5,4,z_jk,yield_3m,yield_5y,1,hard,0,0.012709626173074251,0.005393121816614828,-0.0050643852911515675,-0.015088837198464164,24,-0.015088837198464164,1,TRUE,FALSE
pre_covid,6,5,4,z_jk,yield_3m,asset_ibov,-1,hard,0,-15.367454479788565,-1.2037381966121923,-2.7992847411714776,-4.220868796523819,0,-15.367454479788565,-1,TRUE,FALSE
pre_covid,6,5,4,z_jk,yield_3m,price_ipca,-1,ext,24,0.05182641487887819,-0.14379132900428915,-0.23741257989810438,-0.17371604302731064,12,-0.23741257989810438,-1,TRUE,FALSE
pre_covid,6,5,4,z_jk,yield_3m,pib,-1,ext,24,0.025142641465736304,0.353727070550347,-0.2258610936178851,-0.9591217227634341,24,-0.9591217227634341,-1,TRUE,FALSE
pre_covid,6,5,4,z_jk,yield_3m,vendas_varejo,-1,ext,24,-1.866994781172801,-3.5202963178946263,-3.9651202142605997,-1.6933553548915488,11,-4.0008929862337945,-1,TRUE,FALSE
pre_covid,6,5,4,z_jk,yield_3m,cambio_usd,-1,soft,0,0.11426647171290041,0.040684876964093286,-0.0789325703059191,-0.15780015844407835,1,0.20256191428020537,1,FALSE,FALSE
pre_covid,6,5,4,z_jk,yield_3m,cds_5y,-1,soft,0,61.2056177713284,44.50412068554178,1.7883935943388571,-53.84827283839269,3,73.58080813424364,1,FALSE,FALSE
pre_covid,6,5,4,z_jk,yield_3m,embi_perc,-1,soft,0,0.6037072185934198,0.4205752522985031,-0.0010412763080663405,-0.5488752653910475,3,0.6670955133458627,1,FALSE,FALSE
pre_covid,6,5,4,z_jk,yield_6m,yield_6m,1,hard,0,0.005,0.00489736531421871,-0.0010614548251856796,-0.00881025682038636,24,-0.00881025682038636,1,TRUE,TRUE
pre_covid,6,5,4,z_jk,yield_6m,yield_2y,1,hard,0,0.008034490675754197,0.005669905684584657,-0.0025597164129616203,-0.01195632480612862,24,-0.01195632480612862,1,TRUE,FALSE
pre_covid,6,5,4,z_jk,yield_6m,yield_5y,1,hard,0,0.009305889216159215,0.003948801756340668,-0.003708103434800166,-0.011047928983705553,24,-0.011047928983705553,1,TRUE,FALSE
pre_covid,6,5,4,z_jk,yield_6m,asset_ibov,-1,hard,0,-11.251930385352221,-0.8813677247772895,-2.049614467891597,-3.090487232394578,0,-11.251930385352221,-1,TRUE,FALSE
pre_covid,6,5,4,z_jk,yield_6m,price_ipca,-1,ext,24,0.03794689700278476,-0.10528289028618615,-0.1738316404407594,-0.12719353263957373,12,-0.1738316404407594,-1,TRUE,FALSE
pre_covid,6,5,4,z_jk,yield_6m,pib,-1,ext,24,0.018408626383958904,0.2588737121995921,-0.1654237951307036,-0.7031670403912615,24,-0.7031670403912615,-1,TRUE,FALSE
pre_covid,6,5,4,z_jk,yield_6m,vendas_varejo,-1,ext,24,-1.3669990261042433,-2.577533524296931,-2.9032301139457806,-1.2398615916489288,11,-2.9294226587464083,-1,TRUE,FALSE
pre_covid,6,5,4,z_jk,yield_6m,cambio_usd,-1,soft,0,0.08366501991493545,0.0297891497865622,-0.05779381272202351,-0.11554004600732999,1,0.14831425472593388,1,FALSE,FALSE
pre_covid,6,5,4,z_jk,yield_6m,cds_5y,-1,soft,0,44.81427625253257,32.58557026953494,1.3094478497773643,-39.42728564095826,3,53.87529417532129,1,FALSE,FALSE
pre_covid,6,5,4,z_jk,yield_6m,embi_perc,-1,soft,0,0.4420297197354208,0.3079419214736346,-7.624143963262444e-4,-0.4018821909994532,3,0.48844213506020573,1,FALSE,FALSE
pre_covid,6,5,4,z_jk,yield_1y,yield_6m,1,hard,0,0.003910943675146481,0.0038306639801050845,-8.302580070027296e-4,-0.006891283637621238,24,-0.006891283637621238,1,TRUE,FALSE
pre_covid,6,5,4,z_jk,yield_1y,yield_2y,1,hard,0,0.006284488098272853,0.0044349363551606895,-0.0020021813430881777,-0.009352102575705143,24,-0.009352102575705143,1,TRUE,FALSE
pre_covid,6,5,4,z_jk,yield_1y,yield_5y,1,hard,0,0.0072789617143103474,0.0030887082506735708,-0.0029004367350241307,-0.008641565596458145,24,-0.008641565596458145,1,TRUE,FALSE
pre_covid,6,5,4,z_jk,yield_1y,asset_ibov,-1,hard,0,-8.801133194756357,-0.6893959057391972,-1.6031853479378726,-2.4173442989309057,0,-8.801133194756357,-1,TRUE,FALSE
pre_covid,6,5,4,z_jk,yield_1y,price_ipca,-1,ext,24,0.02968163536489521,-0.08235109077318013,-0.13596915094442508,-0.0994893483992557,12,-0.13596915094442508,-1,TRUE,FALSE
pre_covid,6,5,4,z_jk,yield_1y,pib,-1,ext,24,0.014398731534459586,0.20243107430621965,-0.1294159555615515,-0.5504317356331168,24,-0.5504317356331168,-1,TRUE,FALSE
pre_covid,6,5,4,z_jk,yield_1y,vendas_varejo,-1,ext,24,-1.069251239014758,-2.0161176868654205,-2.27087389032621,-0.9698057699832856,11,-2.291361403811011,-1,TRUE,FALSE
pre_covid,6,5,4,z_jk,yield_1y,cambio_usd,-1,soft,0,0.06544183609346424,0.02330073738914932,-0.04520566926555963,-0.09037412243170014,1,0.11600973929089105,1,FALSE,FALSE
pre_covid,6,5,4,z_jk,yield_1y,cds_5y,-1,soft,0,35.05322205322189,25.488065989335784,1.0242353572041885,-30.83957868113988,3,42.14064820032577,1,FALSE,FALSE
pre_covid,6,5,4,z_jk,yield_1y,embi_perc,-1,soft,0,0.3457506673252032,0.24086870201995314,-5.963519522305497e-4,-0.31434772260866434,3,0.38205393575775104,1,FALSE,FALSE
pre_covid,6,5,4,z_jk,yield_2y,yield_6m,1,hard,0,0.0031115849166945793,0.003047713608653229,-6.605613647600885e-4,-0.005482772446903947,24,-0.005482772446903947,1,TRUE,FALSE
pre_covid,6,5,4,z_jk,yield_2y,yield_2y,1,hard,0,0.005,0.003528478601446894,-0.0015929549963173862,-0.0074406239851702105,24,-0.0074406239851702105,1,TRUE,TRUE
pre_covid,6,5,4,z_jk,yield_2y,yield_5y,1,hard,0,0.005791212904286351,0.002457406396809337,-0.0023076157434535117,-0.006875313837282214,24,-0.006875313837282214,1,TRUE,FALSE
pre_covid,6,5,4,z_jk,yield_2y,asset_ibov,-1,hard,0,-7.00226737415188,-0.5484901036956867,-1.275509892666096,-1.9232626915112288,0,-7.00226737415188,-1,TRUE,FALSE
pre_covid,6,5,4,z_jk,yield_2y,price_ipca,-1,ext,24,0.02361499846984556,-0.0655193306801014,-0.10817838208794847,-0.07915469553247946,12,-0.10817838208794847,-1,TRUE,FALSE
pre_covid,6,5,4,z_jk,yield_2y,pib,-1,ext,24,0.011455602625920491,0.16102284487715668,-0.10297822080066465,-0.4381757424694599,24,-0.4381757424694599,-1,TRUE,FALSE
pre_covid,6,5,4,z_jk,yield_2y,vendas_varejo,-1,ext,24,-0.8507067101524285,-1.6040428872953905,-1.806729406449435,-0.7715869254727481,11,-1.8230294719157314,-1,TRUE,FALSE
pre_covid,6,5,4,z_jk,yield_2y,cambio_usd,-1,soft,0,0.05206616280445294,0.018538293831404498,-0.03596607118882393,-0.07190253288612114,1,0.0922984795872027,1,FALSE,FALSE
pre_covid,6,5,4,z_jk,yield_2y,cds_5y,-1,soft,0,27.888685207992886,20.278553790515247,0.8148916357130793,-24.5362694613229,3,33.5275105476826,1,FALSE,FALSE
pre_covid,6,5,4,z_jk,yield_2y,embi_perc,-1,soft,0,0.27508260173189353,0.1916374876150616,-4.74463427175909e-4,-0.2500981127604137,3,0.3039658360262866,1,FALSE,FALSE
pre_covid,6,5,4,z_jk,juros_selic,yield_6m,1,hard,0,0.010165573637038695,0.009956905545833889,-0.0021580594375630122,-0.017912262893771985,24,-0.017912262893771985,1,TRUE,FALSE
pre_covid,6,5,4,z_jk,juros_selic,yield_2y,1,hard,0,0.016335041320096017,0.011527568750341924,-0.00520419713717958,-0.024308580049010577,24,-0.024308580049010577,1,TRUE,FALSE
pre_covid,6,5,4,z_jk,juros_selic,yield_5y,1,hard,0,0.01891994041699816,0.008028367006429758,-0.00753899970404344,-0.022461707124126574,24,-0.022461707124126574,1,TRUE,FALSE
pre_covid,6,5,4,z_jk,juros_selic,asset_ibov,-1,hard,0,-22.87646537822624,-1.7919217015065583,-4.167101360178382,-6.283315107047,0,-22.87646537822624,-1,TRUE,FALSE
pre_covid,6,5,4,z_jk,juros_selic,price_ipca,-1,ext,24,0.07715039515578628,-0.21405219478489823,-0.3534196682695546,-0.25859904444053433,12,-0.3534196682695546,-1,TRUE,FALSE
pre_covid,6,5,4,z_jk,juros_selic,pib,-1,ext,24,0.03743040838066758,0.5270237883902018,-0.33603816624976357,-1.4244269188973258,24,-1.4244269188973258,-1,TRUE,FALSE
pre_covid,6,5,4,z_jk,juros_selic,vendas_varejo,-1,ext,24,-2.7792658523245732,-5.240421368635264,-5.9025999017168145,-2.520780861928637,11,-5.955852350299258,-1,TRUE,FALSE
pre_covid,6,5,4,z_jk,juros_selic,cambio_usd,-1,soft,0,0.170100584157917,0.060564759148014714,-0.11750145179819076,-0.23490616914287032,1,0.301539895567799,1,FALSE,FALSE
pre_covid,6,5,4,z_jk,juros_selic,cds_5y,-1,soft,0,91.11256504714287,66.25020281597126,2.662257708154756,-80.16019509834392,3,109.53465403127008,1,FALSE,FALSE
pre_covid,6,5,4,z_jk,juros_selic,embi_perc,-1,soft,0,0.8986971331459994,0.626081255734284,-0.001550075937558568,-0.8170726012038781,3,0.9930588982773842,1,FALSE,FALSE
pre_covid,6,5,4,z_jk_purif,yield_3m,yield_6m,1,hard,0,0.0068364886978258535,0.006755661689302507,-0.00139399075857726,-0.01208155529291221,24,-0.01208155529291221,1,TRUE,FALSE
pre_covid,6,5,4,z_jk_purif,yield_3m,yield_2y,1,hard,0,0.010961541364933894,0.007812688557316089,-0.003442289903195835,-0.01640988822043001,24,-0.01640988822043001,1,TRUE,FALSE
pre_covid,6,5,4,z_jk_purif,yield_3m,yield_5y,1,hard,0,0.012669387913548644,0.005436332311688967,-0.005040093677471519,-0.01518054938658725,24,-0.01518054938658725,1,TRUE,FALSE
pre_covid,6,5,4,z_jk_purif,yield_3m,asset_ibov,-1,hard,0,-15.387136541475483,-1.234807602752822,-2.7968481616704697,-4.256458339853813,0,-15.387136541475483,-1,TRUE,FALSE
pre_covid,6,5,4,z_jk_purif,yield_3m,price_ipca,-1,ext,24,0.059026050324775634,-0.14617205040776546,-0.2387602997608936,-0.17638570484328306,12,-0.2387602997608936,-1,TRUE,FALSE
pre_covid,6,5,4,z_jk_purif,yield_3m,pib,-1,ext,24,0.03181453384919486,0.3599250799984022,-0.22247986055079494,-0.9642854686947144,24,-0.9642854686947144,-1,TRUE,FALSE
pre_covid,6,5,4,z_jk_purif,yield_3m,vendas_varejo,-1,ext,24,-1.8804499447526355,-3.543160953725121,-4.002845392552973,-1.7370853834832138,11,-4.036340338203809,-1,TRUE,FALSE
pre_covid,6,5,4,z_jk_purif,yield_3m,cambio_usd,-1,soft,0,0.11277938516529848,0.040349523705566145,-0.0790956222034279,-0.1589573271872097,1,0.20037214549055285,1,FALSE,FALSE
pre_covid,6,5,4,z_jk_purif,yield_3m,cds_5y,-1,soft,0,61.06233388532061,44.79043151346368,2.0995434907069614,-53.97783160943783,3,73.47877863228763,1,FALSE,FALSE
pre_covid,6,5,4,z_jk_purif,yield_3m,embi_perc,-1,soft,0,0.6040952775817551,0.4236681111932251,0.002015949541591611,-0.5504221100121024,3,0.6667586823511482,1,FALSE,FALSE
pre_covid,6,5,4,z_jk_purif,yield_6m,yield_6m,1,hard,0,0.005,0.0049408855831583175,-0.0010195224626207444,-0.008836082254297004,24,-0.008836082254297004,1,TRUE,TRUE
pre_covid,6,5,4,z_jk_purif,yield_6m,yield_2y,1,hard,0,0.008016938116507012,0.005713962900136651,-0.0025175861874024274,-0.012001693373418942,24,-0.012001693373418942,1,TRUE,FALSE
pre_covid,6,5,4,z_jk_purif,yield_6m,yield_5y,1,hard,0,0.009266005162546217,0.0039759681848211305,-0.0036861712936601316,-0.011102592323026135,24,-0.011102592323026135,1,TRUE,FALSE
pre_covid,6,5,4,z_jk_purif,yield_6m,asset_ibov,-1,hard,0,-11.253683887730931,-0.9031007417195882,-2.045529719488841,-3.113044230737525,0,-11.253683887730931,-1,TRUE,FALSE
pre_covid,6,5,4,z_jk_purif,yield_6m,price_ipca,-1,ext,24,0.04316985877819644,-0.10690579394525385,-0.1746220247806629,-0.12900314228514517,12,-0.1746220247806629,-1,TRUE,FALSE
pre_covid,6,5,4,z_jk_purif,yield_6m,pib,-1,ext,24,0.02326718871876743,0.2631111965080368,-0.16276367547441994,-0.7061662480074449,24,-0.7061662480074449,-1,TRUE,FALSE
pre_covid,6,5,4,z_jk_purif,yield_6m,vendas_varejo,-1,ext,24,-1.3753039227218045,-2.5913602072156725,-2.9275594310760447,-1.270451440982886,11,-2.9520566160574875,-1,TRUE,FALSE
pre_covid,6,5,4,z_jk_purif,yield_6m,cambio_usd,-1,soft,0,0.0824834137451033,0.029510414987154256,-0.05784813352253619,-0.1162565567012211,1,0.14654609577155847,1,FALSE,FALSE
pre_covid,6,5,4,z_jk_purif,yield_6m,cds_5y,-1,soft,0,44.65913467006807,32.758359951438216,1.5355422816501259,-39.47774507884721,3,53.74014489020909,1,FALSE,FALSE
pre_covid,6,5,4,z_jk_purif,yield_6m,embi_perc,-1,soft,0,0.44181692114394205,0.309857976747596,0.0014744042085761988,-0.40256199808181364,3,0.4876470303850509,1,FALSE,FALSE
pre_covid,6,5,4,z_jk_purif,yield_1y,yield_6m,1,hard,0,0.003912271617635007,0.003866017286594454,-7.977297588104969e-4,-0.006913830762914902,24,-0.006913830762914902,1,TRUE,FALSE
pre_covid,6,5,4,z_jk_purif,yield_1y,yield_2y,1,hard,0,0.006272887890709325,0.004470914975684806,-0.0019698961971848883,-0.009390776869677013,24,-0.009390776869677013,1,TRUE,FALSE
pre_covid,6,5,4,z_jk_purif,yield_1y,yield_5y,1,hard,0,0.007250225801257801,0.0031110134964190965,-0.00288426066598549,-0.008687271365509492,24,-0.008687271365509492,1,TRUE,FALSE
pre_covid,6,5,4,z_jk_purif,yield_1y,asset_ibov,-1,hard,0,-8.805493613561218,-0.7066350799389335,-1.6005335729170178,-2.435814917671364,0,-8.805493613561218,-1,TRUE,FALSE
pre_covid,6,5,4,z_jk_purif,yield_1y,price_ipca,-1,ext,24,0.03377844264704988,-0.08364890068255058,-0.13663375827266885,-0.10093906642958075,12,-0.13663375827266885,-1,TRUE,FALSE
pre_covid,6,5,4,z_jk_purif,yield_1y,pib,-1,ext,24,0.018205051700759256,0.20581363672778075,-0.12737770378995483,-0.5529684726150785,24,-0.5529684726150785,-1,TRUE,FALSE
pre_covid,6,5,4,z_jk_purif,yield_1y,vendas_varejo,-1,ext,24,-1.0761125004973209,-2.027620997951729,-2.2906815342276996,-0.9940702228281681,11,-2.3098494625306696,-1,TRUE,FALSE
pre_covid,6,5,4,z_jk_purif,yield_1y,cambio_usd,-1,soft,0,0.06453950370412256,0.02309055179577486,-0.0452635221826757,-0.09096544542923242,1,0.1146656262324579,1,FALSE,FALSE
pre_covid,6,5,4,z_jk_purif,yield_1y,cds_5y,-1,soft,0,34.943733007569364,25.631920375656595,1.2014916972356573,-30.889532320040793,3,42.049208716311576,1,FALSE,FALSE
pre_covid,6,5,4,z_jk_purif,yield_1y,embi_perc,-1,soft,0,0.34570156015646564,0.2424497135854855,0.0011536539476268534,-0.3149863758867835,3,0.38156152727988607,1,FALSE,FALSE
pre_covid,6,5,4,z_jk_purif,yield_2y,yield_6m,1,hard,0,0.003118397527420671,0.0030815290771578673,-6.358552653172725e-4,-0.005510883410777089,24,-0.005510883410777089,1,TRUE,FALSE
pre_covid,6,5,4,z_jk_purif,yield_2y,yield_2y,1,hard,0,0.005,0.003563681555911916,-0.001570166908372833,-0.007485210188106137,24,-0.007485210188106137,1,TRUE,TRUE
pre_covid,6,5,4,z_jk_purif,yield_2y,yield_5y,1,hard,0,0.005779017517590259,0.0024797298713298936,-0.0022989894895597625,-0.006924459289616886,24,-0.006924459289616886,1,TRUE,FALSE
pre_covid,6,5,4,z_jk_purif,yield_2y,asset_ibov,-1,hard,0,-7.018692001974797,-0.5632454239980277,-1.2757549639039003,-1.9415418863766167,0,-7.018692001974797,-1,TRUE,FALSE
pre_covid,6,5,4,z_jk_purif,yield_2y,price_ipca,-1,ext,24,0.026924156174605474,-0.06667495270116466,-0.10890817806184208,-0.08045661598629876,12,-0.10890817806184208,-1,TRUE,FALSE
pre_covid,6,5,4,z_jk_purif,yield_2y,pib,-1,ext,24,0.014510633524400518,0.1640159191923729,-0.10154348069387753,-0.44100851878419167,24,-0.44100851878419167,-1,TRUE,FALSE
pre_covid,6,5,4,z_jk_purif,yield_2y,vendas_varejo,-1,ext,24,-0.857748870413525,-1.6161782525675343,-1.8258588182489213,-0.7923545264538122,11,-1.8411372104639003,-1,TRUE,FALSE
pre_covid,6,5,4,z_jk_purif,yield_2y,cambio_usd,-1,soft,0,0.051443214695189275,0.018405041025819947,-0.03607869530851554,-0.0725068317927058,1,0.09139779654143615,1,FALSE,FALSE
pre_covid,6,5,4,z_jk_purif,yield_2y,cds_5y,-1,soft,0,27.85298702637741,20.430717734984253,0.9576862508695296,-24.621460528404143,3,33.516626989771325,1,FALSE,FALSE
pre_covid,6,5,4,z_jk_purif,yield_2y,embi_perc,-1,soft,0,0.2755521588935765,0.193252069708255,9.195556876885301e-4,-0.25106966789037055,3,0.30413545876135517,1,FALSE,FALSE
pre_covid,6,5,4,z_jk_purif,juros_selic,yield_6m,1,hard,0,0.010103467640297275,0.009984015520770278,-0.0020601424419289757,-0.017855014224658954,24,-0.017855014224658954,1,TRUE,FALSE
pre_covid,6,5,4,z_jk_purif,juros_selic,yield_2y,1,hard,0,0.016199774966878876,0.011546167851877964,-0.005087270115215963,-0.024251744125421703,24,-0.024251744125421703,1,TRUE,FALSE
pre_covid,6,5,4,z_jk_purif,juros_selic,yield_5y,1,hard,0,0.018723756662922638,0.008034213178838357,-0.007448622476417577,-0.0224349364518215,24,-0.0224349364518215,1,TRUE,FALSE
pre_covid,6,5,4,z_jk_purif,juros_selic,asset_ibov,-1,hard,0,-22.740246198764858,-1.8248898239784654,-4.1333886656243735,-6.29050832961414,0,-22.740246198764858,-1,TRUE,FALSE
pre_covid,6,5,4,z_jk_purif,juros_selic,price_ipca,-1,ext,24,0.08723305424034221,-0.2160238459372321,-0.3528575953309233,-0.26067581471492585,12,-0.3528575953309233,-1,TRUE,FALSE
pre_covid,6,5,4,z_jk_purif,juros_selic,pib,-1,ext,24,0.04702144048929213,0.5323810165519749,-0.32862230864141306,-1.4218032537414826,24,-1.4218032537414826,-1,TRUE,FALSE
pre_covid,6,5,4,z_jk_purif,juros_selic,vendas_varejo,-1,ext,24,-2.7790677357587312,-5.236344799591518,-5.915700395384784,-2.5671930045079265,11,-5.96520169853246,-1,TRUE,FALSE
pre_covid,6,5,4,z_jk_purif,juros_selic,cambio_usd,-1,soft,0,0.16667370032698053,0.059631504574891345,-0.11689334901930809,-0.23491887172063455,1,0.2961247472879692,1,FALSE,FALSE
pre_covid,6,5,4,z_jk_purif,juros_selic,cds_5y,-1,soft,0,90.24242439654218,66.19460594371324,3.102860350592058,-79.77242398320755,3,108.59236297662288,1,FALSE,FALSE
pre_covid,6,5,4,z_jk_purif,juros_selic,embi_perc,-1,soft,0,0.8927765931427182,0.6261280082314643,0.002979319042013548,-0.8134544241666036,3,0.9853851982764847,1,FALSE,FALSE
pre_covid,6,5,4,z_jk_raw_purif,yield_3m,yield_6m,1,hard,0,0.006533817669233264,0.00503828649621562,-9.822047926511706e-4,-0.00931353543231392,24,-0.00931353543231392,1,TRUE,FALSE
pre_covid,6,5,4,z_jk_raw_purif,yield_3m,yield_2y,1,hard,0,0.009356264399122042,0.005209451443128189,-0.0026612157765150486,-0.012735379663563137,24,-0.012735379663563137,1,TRUE,FALSE
pre_covid,6,5,4,z_jk_raw_purif,yield_3m,yield_5y,1,hard,0,0.00976605571348241,0.0029217749502130842,-0.004030633708158842,-0.011899831356316488,24,-0.011899831356316488,1,TRUE,FALSE
pre_covid,6,5,4,z_jk_raw_purif,yield_3m,asset_ibov,-1,hard,0,-10.925168666585373,-0.6490134061493644,-2.528244544729845,-3.478509167880359,0,-10.925168666585373,-1,TRUE,FALSE
pre_covid,6,5,4,z_jk_raw_purif,yield_3m,price_ipca,-1,ext,24,-0.25042886380790785,-0.1271225052620811,-0.20513477446448447,-0.15035806322634218,0,-0.25042886380790785,-1,TRUE,FALSE
pre_covid,6,5,4,z_jk_raw_purif,yield_3m,pib,-1,ext,24,0.3026824628489022,0.33168071657221354,-0.15900184107048299,-0.7571312397451013,24,-0.7571312397451013,-1,TRUE,FALSE
pre_covid,6,5,4,z_jk_raw_purif,yield_3m,vendas_varejo,-1,ext,24,-1.2197226956676877,-2.9027332471645595,-3.312572908997509,-1.6386714169478975,11,-3.3327892005521917,-1,TRUE,FALSE
pre_covid,6,5,4,z_jk_raw_purif,yield_3m,cambio_usd,-1,soft,0,0.07043647540246412,-0.0029270753947030106,-0.06693046184800087,-0.12524458611830064,23,-0.1256585417378585,1,FALSE,FALSE
pre_covid,6,5,4,z_jk_raw_purif,yield_3m,cds_5y,-1,soft,0,47.25121097960162,28.78329517684536,2.2517028690304777,-40.59341142440776,3,52.2043357113909,1,FALSE,FALSE
pre_covid,6,5,4,z_jk_raw_purif,yield_3m,embi_perc,-1,soft,0,0.4567392160021702,0.28349866824618775,0.008682097090850058,-0.41631761807746687,3,0.4972023713949436,1,FALSE,FALSE
pre_covid,6,5,4,z_jk_raw_purif,yield_6m,yield_6m,1,hard,0,0.005,0.003855545678861022,-7.516316205732378e-4,-0.00712717732863125,24,-0.00712717732863125,1,TRUE,TRUE
pre_covid,6,5,4,z_jk_raw_purif,yield_6m,yield_2y,1,hard,0,0.007159875644509674,0.003986529550448499,-0.0020364937554397194,-0.009745741546731605,24,-0.009745741546731605,1,TRUE,FALSE
pre_covid,6,5,4,z_jk_raw_purif,yield_6m,yield_5y,1,hard,0,0.00747346819874486,0.0022358865047392355,-0.0030844399952714265,-0.00910633871247353,24,-0.00910633871247353,1,TRUE,FALSE
pre_covid,6,5,4,z_jk_raw_purif,yield_6m,asset_ibov,-1,hard,0,-8.360478681575628,-0.4966571145728998,-1.9347376011385788,-2.661927026415291,0,-8.360478681575628,-1,TRUE,FALSE
pre_covid,6,5,4,z_jk_raw_purif,yield_6m,price_ipca,-1,ext,24,-0.19164053581349433,-0.09728041988429009,-0.15697926147406313,-0.11506141649341933,0,-0.19164053581349433,-1,TRUE,FALSE
pre_covid,6,5,4,z_jk_raw_purif,yield_6m,pib,-1,ext,24,0.2315453817034463,0.2537197870169594,-0.12169878537782175,-0.5799107313865792,24,-0.5799107313865792,-1,TRUE,FALSE
pre_covid,6,5,4,z_jk_raw_purif,yield_6m,vendas_varejo,-1,ext,24,-0.933392051488652,-2.2213148530552673,-2.5349444051644587,-1.2539923058031965,11,-2.5504149099888265,-1,TRUE,FALSE
pre_covid,6,5,4,z_jk_raw_purif,yield_6m,cambio_usd,-1,soft,0,0.05390146998908355,-0.002239942666663439,-0.051218495247553404,-0.09584334340094768,23,-0.09616012268720409,1,FALSE,FALSE
pre_covid,6,5,4,z_jk_raw_purif,yield_6m,cds_5y,-1,soft,0,36.158960481940184,22.02639913903738,1.7231142518970175,-31.06408341906743,3,39.94933617233692,1,FALSE,FALSE
pre_covid,6,5,4,z_jk_raw_purif,yield_6m,embi_perc,-1,soft,0,0.3495194074307311,0.21694718355942125,0.006643969521626467,-0.31858680418788093,3,0.38048381250076246,1,FALSE,FALSE
pre_covid,6,5,4,z_jk_raw_purif,yield_1y,yield_6m,1,hard,0,0.004131338448361291,0.003185712820498355,-6.210489226156646e-4,-0.0058889563452126405,24,-0.0058889563452126405,1,TRUE,FALSE
pre_covid,6,5,4,z_jk_raw_purif,yield_1y,yield_2y,1,hard,0,0.005915973907129679,0.0032939405614592675,-0.0016826889903391576,-0.008052591351960865,24,-0.008052591351960865,1,TRUE,FALSE
pre_covid,6,5,4,z_jk_raw_purif,yield_1y,yield_5y,1,hard,0,0.006175085302416008,0.0018474407766402687,-0.0025485731088256327,-0.007524273449328551,24,-0.007524273449328551,1,TRUE,FALSE
pre_covid,6,5,4,z_jk_raw_purif,yield_1y,asset_ibov,-1,hard,0,-6.9079934047796625,-0.4103717266174399,-1.5986111678148205,-2.199464294192307,0,-6.9079934047796625,-1,TRUE,FALSE
pre_covid,6,5,4,z_jk_raw_purif,yield_1y,price_ipca,-1,ext,24,-0.1583463827741696,-0.08037966778813958,-0.12970689170463148,-0.09507153077643504,0,-0.1583463827741696,-1,TRUE,FALSE
pre_covid,6,5,4,z_jk_raw_purif,yield_1y,pib,-1,ext,24,0.19128002165278435,0.20959430399447587,-0.10056640955415919,-0.47940342538431713,24,-0.47940342538431713,-1,TRUE,FALSE
pre_covid,6,5,4,z_jk_raw_purif,yield_1y,vendas_varejo,-1,ext,24,-0.7712316939419779,-1.8354006916686474,-2.094542657102854,-1.0361333253827951,11,-2.107325435382148,-1,TRUE,FALSE
pre_covid,6,5,4,z_jk_raw_purif,yield_1y,cambio_usd,-1,soft,0,0.044537043077818625,-0.001850792252182317,-0.04232018773668549,-0.0791922579223659,23,-0.07945400241135703,1,FALSE,FALSE
pre_covid,6,5,4,z_jk_raw_purif,yield_1y,cds_5y,-1,soft,0,29.8769807383632,18.199701928411436,1.42375363195629,-25.667248438459147,3,33.0088457030572,1,FALSE,FALSE
pre_covid,6,5,4,z_jk_raw_purif,yield_1y,embi_perc,-1,soft,0,0.28879659327340695,0.1792564481405463,0.0054896973468871995,-0.2632379826563885,3,0.31438148071269767,1,FALSE,FALSE
pre_covid,6,5,4,z_jk_raw_purif,yield_2y,yield_6m,1,hard,0,0.0034916807555408404,0.0026924669297975347,-5.248915329623098e-4,-0.004977165583941743,24,-0.004977165583941743,1,TRUE,FALSE
pre_covid,6,5,4,z_jk_raw_purif,yield_2y,yield_2y,1,hard,0,0.005,0.0027839377025391803,-0.0014221572109295924,-0.006805803641439513,24,-0.006805803641439513,1,TRUE,TRUE
pre_covid,6,5,4,z_jk_raw_purif,yield_2y,yield_5y,1,hard,0,0.005218993017340779,0.0015614003760342924,-0.002153975954621944,-0.006359285527156076,24,-0.006359285527156076,1,TRUE,FALSE
pre_covid,6,5,4,z_jk_raw_purif,yield_2y,asset_ibov,-1,hard,0,-5.838424503913415,-0.34683361781132727,-1.3510972097833651,-1.8589198741576651,0,-5.838424503913415,-1,TRUE,FALSE
pre_covid,6,5,4,z_jk_raw_purif,yield_2y,price_ipca,-1,ext,24,-0.13382951417630268,-0.06793443400018165,-0.10962429326159998,-0.08035154673506834,0,-0.13382951417630268,-1,TRUE,FALSE
pre_covid,6,5,4,z_jk_raw_purif,yield_2y,pib,-1,ext,24,0.16164009573063076,0.1771139683190981,-0.08500226982278702,-0.4053277481351425,24,-0.4053277481351425,-1,TRUE,FALSE
pre_covid,6,5,4,z_jk_raw_purif,yield_2y,vendas_varejo,-1,ext,24,-0.6518214127115423,-1.5512244648820213,-1.7702433191757325,-0.875708160353861,11,-1.781046931970482,-1,TRUE,FALSE
pre_covid,6,5,4,z_jk_raw_purif,yield_2y,cambio_usd,-1,soft,0,0.037641345091249036,-0.0015642329405407122,-0.03576772683672844,-0.06693087153995624,23,-0.06715208996747134,1,FALSE,FALSE
pre_covid,6,5,4,z_jk_raw_purif,yield_2y,cds_5y,-1,soft,0,25.251109291030456,15.38183079752763,1.2033129745893933,-21.693172452574608,3,27.898065661916075,1,FALSE,FALSE
pre_covid,6,5,4,z_jk_raw_purif,yield_2y,embi_perc,-1,soft,0,0.24408203772278442,0.15150206116064346,0.004639724103812603,-0.22248068263041634,3,0.2657056011807443,1,FALSE,FALSE
pre_covid,6,5,4,z_jk_raw_purif,juros_selic,yield_6m,1,hard,0,0.010276375559881545,0.00792420707685086,-0.0015448097631385958,-0.014648310182177604,24,-0.014648310182177604,1,TRUE,FALSE
pre_covid,6,5,4,z_jk_raw_purif,juros_selic,yield_2y,1,hard,0,0.014715514217006068,0.008193414968194904,-0.0041855549312504224,-0.020030180048750967,24,-0.020030180048750967,1,TRUE,FALSE
pre_covid,6,5,4,z_jk_raw_purif,juros_selic,yield_5y,1,hard,0,0.015360033189026723,0.00459536188639425,-0.006339372756665686,-0.01871603131697323,24,-0.01871603131697323,1,TRUE,FALSE
pre_covid,6,5,4,z_jk_raw_purif,juros_selic,asset_ibov,-1,hard,0,-17.18308375845089,-1.020767006767647,-3.976418039824868,-5.47099236728845,0,-17.18308375845089,-1,TRUE,FALSE
pre_covid,6,5,4,z_jk_raw_purif,juros_selic,price_ipca,-1,ext,24,-0.3938740237032794,-0.19993802587078668,-0.3226355692040634,-0.2364828656676651,0,-0.3938740237032794,-1,TRUE,FALSE
pre_covid,6,5,4,z_jk_raw_purif,juros_selic,pib,-1,ext,24,0.47647088895710343,0.522162090984879,-0.24996387628780647,-1.1882295491674522,24,-1.1882295491674522,-1,TRUE,FALSE
pre_covid,6,5,4,z_jk_raw_purif,juros_selic,vendas_varejo,-1,ext,24,-1.918377453141136,-4.5654131333478025,-5.2100081461781,-2.5772991767270943,11,-5.241804289713333,-1,TRUE,FALSE
pre_covid,6,5,4,z_jk_raw_purif,juros_selic,cambio_usd,-1,soft,0,0.11078234976750134,-0.004603698415047212,-0.10526809855517337,-0.19698443834056653,23,-0.19763550692359902,1,FALSE,FALSE
pre_covid,6,5,4,z_jk_raw_purif,juros_selic,cds_5y,-1,soft,0,74.31661155346654,45.270309956919924,3.541473837015616,-63.84523752756521,3,82.10687637497895,1,FALSE,FALSE
pre_covid,6,5,4,z_jk_raw_purif,juros_selic,embi_perc,-1,soft,0,0.7183585392450891,0.44588614698303436,0.013655185202528019,-0.6547835296514214,3,0.7819989103426774,1,FALSE,FALSE
pre_covid,6,5,4,z_jk_raw,yield_3m,yield_6m,1,hard,0,0.006556189497620867,0.005150801036836516,-8.554248944812854e-4,-0.009364586157821118,24,-0.009364586157821118,1,TRUE,FALSE
pre_covid,6,5,4,z_jk_raw,yield_3m,yield_2y,1,hard,0,0.009487114140709319,0.005413832020954054,-0.002490222712414591,-0.012816382883033453,24,-0.012816382883033453,1,TRUE,FALSE
pre_covid,6,5,4,z_jk_raw,yield_3m,yield_5y,1,hard,0,0.00994527100376146,0.0031491828477590534,-0.003881088898033605,-0.011988112599257339,24,-0.011988112599257339,1,TRUE,FALSE
pre_covid,6,5,4,z_jk_raw,yield_3m,asset_ibov,-1,hard,0,-10.91423827135148,-0.671171444510815,-2.4933267826035337,-3.5050052922073993,0,-10.91423827135148,-1,TRUE,FALSE
pre_covid,6,5,4,z_jk_raw,yield_3m,price_ipca,-1,ext,24,-0.23994203028388011,-0.1252731904530252,-0.2045535708916462,-0.15242532837848738,0,-0.23994203028388011,-1,TRUE,FALSE
pre_covid,6,5,4,z_jk_raw,yield_3m,pib,-1,ext,24,0.29451248957537146,0.33274431092631396,-0.15250057214133417,-0.7618126823259241,24,-0.7618126823259241,-1,TRUE,FALSE
pre_covid,6,5,4,z_jk_raw,yield_3m,vendas_varejo,-1,ext,24,-1.232909614805298,-2.906983981921635,-3.3350272688445473,-1.6701961868646322,11,-3.3524186715262982,-1,TRUE,FALSE
pre_covid,6,5,4,z_jk_raw,yield_3m,cambio_usd,-1,soft,0,0.0768168891875081,0.0015864144904085967,-0.06491611265388787,-0.1263819077366513,1,0.12875929710403095,1,FALSE,FALSE
pre_covid,6,5,4,z_jk_raw,yield_3m,cds_5y,-1,soft,0,48.44975798643654,29.93702589010737,3.0593723651377456,-40.787660868614076,3,52.97788157178273,1,FALSE,FALSE
pre_covid,6,5,4,z_jk_raw,yield_3m,embi_perc,-1,soft,0,0.4666283624359284,0.2934622604519088,0.01619313820777904,-0.41838790288281985,3,0.5027673136452269,1,FALSE,FALSE
pre_covid,6,5,4,z_jk_raw,yield_6m,yield_6m,1,hard,0,0.005,0.003928197193435041,-6.523796290449696e-4,-0.007141790335086694,24,-0.007141790335086694,1,TRUE,TRUE
pre_covid,6,5,4,z_jk_raw,yield_6m,yield_2y,1,hard,0,0.007235234844990399,0.004128794647347094,-0.001899138755307677,-0.009774262082940334,24,-0.009774262082940334,1,TRUE,FALSE
pre_covid,6,5,4,z_jk_raw,yield_6m,yield_5y,1,hard,0,0.007584642731399417,0.0024016868707820607,-0.002959866321315139,-0.009142591595016914,24,-0.009142591595016914,1,TRUE,FALSE
pre_covid,6,5,4,z_jk_raw,yield_6m,asset_ibov,-1,hard,0,-8.323614101843821,-0.5118609252786028,-1.901506037545377,-2.673050629088214,0,-8.323614101843821,-1,TRUE,FALSE
pre_covid,6,5,4,z_jk_raw,yield_6m,price_ipca,-1,ext,24,-0.18298893768320085,-0.09553810982620682,-0.1560003497198146,-0.11624536511170094,0,-0.18298893768320085,-1,TRUE,FALSE
pre_covid,6,5,4,z_jk_raw,yield_6m,pib,-1,ext,24,0.224528038362104,0.25366341909667245,-0.11632381165624928,-0.5815143316869165,24,-0.5815143316869165,-1,TRUE,FALSE
pre_covid,6,5,4,z_jk_raw,yield_6m,vendas_varejo,-1,ext,24,-0.9402638645913917,-2.216976784286461,-2.5434189097605966,-1.2737552716183074,11,-2.5566822563188847,-1,TRUE,FALSE
pre_covid,6,5,4,z_jk_raw,yield_6m,cambio_usd,-1,soft,0,0.058583487569558265,0.0012098601565621926,-0.04950750178700972,-0.09638365988545117,1,0.0981967476311931,1,FALSE,FALSE
pre_covid,6,5,4,z_jk_raw,yield_6m,cds_5y,-1,soft,0,36.94963210262467,22.83111699331679,2.333193973609169,-31.106224799798152,3,40.402951738206724,1,FALSE,FALSE
pre_covid,6,5,4,z_jk_raw,yield_6m,embi_perc,-1,soft,0,0.3558685747302303,0.22380550513251748,0.012349504398595603,-0.3190785615902697,3,0.3834295163582999,1,FALSE,FALSE
pre_covid,6,5,4,z_jk_raw,yield_1y,yield_6m,1,hard,0,0.0041103243523141104,0.003229232916973598,-5.362983752434368e-4,-0.005871014946685678,24,-0.005871014946685678,1,TRUE,FALSE
pre_covid,6,5,4,z_jk_raw,yield_1y,yield_2y,1,hard,0,0.0059478323956151284,0.0033941370369389816,-0.0015612152548729306,-0.008035077493082018,24,-0.008035077493082018,1,TRUE,FALSE
pre_covid,6,5,4,z_jk_raw,yield_1y,yield_5y,1,hard,0,0.006235068344494646,0.001974342406321715,-0.0024332021240191996,-0.007515803375252065,24,-0.007515803375252065,1,TRUE,FALSE
pre_covid,6,5,4,z_jk_raw,yield_1y,asset_ibov,-1,hard,0,-6.84255074841476,-0.4207828852341349,-1.5631613144390142,-2.1974210191419674,0,-6.84255074841476,-1,TRUE,FALSE
pre_covid,6,5,4,z_jk_raw,yield_1y,price_ipca,-1,ext,24,-0.1504287773526699,-0.07853852387854358,-0.12824240728457434,-0.09556123101245388,0,-0.1504287773526699,-1,TRUE,FALSE
pre_covid,6,5,4,z_jk_raw,yield_1y,pib,-1,ext,24,0.1845397747426425,0.20848077239961071,-0.09563562003376269,-0.4782903899053892,24,-0.4782903899053892,-1,TRUE,FALSE
pre_covid,6,5,4,z_jk_raw,yield_1y,vendas_varejo,-1,ext,24,-0.7729578920461948,-1.822498732993533,-2.090855336585037,-1.0471094623642405,11,-2.1017586678553792,-1,TRUE,FALSE
pre_covid,6,5,4,z_jk_raw,yield_1y,cambio_usd,-1,soft,0,0.04815942712012926,9.945835328824283e-4,-0.04069837804347607,-0.0792336208784661,1,0.08072409662130717,1,FALSE,FALSE
pre_covid,6,5,4,z_jk_raw,yield_1y,cds_5y,-1,soft,0,30.37499452809308,18.768659233632505,1.918036801679658,-25.57133466063349,3,33.21384728698456,1,FALSE,FALSE
pre_covid,6,5,4,z_jk_raw,yield_1y,embi_perc,-1,soft,0,0.29254705378739587,0.18398264358562944,0.010152093733711547,-0.2623032764011687,3,0.3152039356967083,1,FALSE,FALSE
pre_covid,6,5,4,z_jk_raw,yield_2y,yield_6m,1,hard,0,0.0034553128593068044,0.002714630055273799,-4.5083514427777735e-4,-0.0049354239966596216,24,-0.0049354239966596216,1,TRUE,FALSE
pre_covid,6,5,4,z_jk_raw,yield_2y,yield_2y,1,hard,0,0.005,0.0028532554476831035,-0.0013124237125645072,-0.00675462669308373,24,-0.00675462669308373,1,TRUE,TRUE
pre_covid,6,5,4,z_jk_raw,yield_2y,yield_5y,1,hard,0,0.005241462712610458,0.0016597159057283146,-0.0020454528323738653,-0.006318102861130451,24,-0.006318102861130451,1,TRUE,FALSE
pre_covid,6,5,4,z_jk_raw,yield_2y,asset_ibov,-1,hard,0,-5.752138168401682,-0.3537279274583672,-1.3140596527160138,-1.8472452424533299,0,-5.752138168401682,-1,TRUE,FALSE
pre_covid,6,5,4,z_jk_raw,yield_2y,price_ipca,-1,ext,24,-0.12645680589753108,-0.06602281188727165,-0.10780600288864682,-0.08033282098105497,0,-0.12645680589753108,-1,TRUE,FALSE
pre_covid,6,5,4,z_jk_raw,yield_2y,pib,-1,ext,24,0.15510916182630563,0.17522868384920454,-0.08040148404296898,-0.4022246849415323,24,-0.4022246849415323,-1,TRUE,FALSE
pre_covid,6,5,4,z_jk_raw,yield_2y,vendas_varejo,-1,ext,24,-0.6497811644928295,-1.532069678305931,-1.7576616130999765,-0.8802445939265138,11,-1.7668274154840355,-1,TRUE,FALSE
pre_covid,6,5,4,z_jk_raw,yield_2y,cambio_usd,-1,soft,0,0.04048485558842701,8.360890713864575e-4,-0.03421278151136185,-0.06660713988585056,1,0.0678600969664333,1,FALSE,FALSE
pre_covid,6,5,4,z_jk_raw,yield_2y,cds_5y,-1,soft,0,25.53450779017091,15.777730427869127,1.6123830280537803,-21.496347711046155,3,27.92096773899558,1,FALSE,FALSE
pre_covid,6,5,4,z_jk_raw,yield_2y,embi_perc,-1,soft,0,0.24592745249770986,0.15466360797360854,0.008534280270906669,-0.22050325139839544,3,0.2649737877021245,1,FALSE,FALSE
pre_covid,6,5,4,z_jk_raw,juros_selic,yield_6m,1,hard,0,0.010274841680072847,0.008072320850130307,-0.0013406194807483434,-0.014676153001058038,24,-0.014676153001058038,1,TRUE,FALSE
pre_covid,6,5,4,z_jk_raw,juros_selic,yield_2y,1,hard,0,0.01486817851008455,0.00848454226620472,-0.0039026700078553973,-0.020085799088350197,24,-0.020085799088350197,1,TRUE,FALSE
pre_covid,6,5,4,z_jk_raw,juros_selic,yield_5y,1,hard,0,0.015586200653008858,0.0049353904724790485,-0.006082431569138536,-0.018787736236872694,24,-0.018787736236872694,1,TRUE,FALSE
pre_covid,6,5,4,z_jk_raw,juros_selic,asset_ibov,-1,hard,0,-17.104763420493402,-1.0518579938906483,-3.9075346978962804,-5.493034403340104,0,-17.104763420493402,-1,TRUE,FALSE
pre_covid,6,5,4,z_jk_raw,juros_selic,price_ipca,-1,ext,24,-0.37603647277992097,-0.19632779057553743,-0.3205757790814183,-0.23888054451299817,0,-0.37603647277992097,-1,TRUE,FALSE
pre_covid,6,5,4,z_jk_raw,juros_selic,pib,-1,ext,24,0.4619444885163526,0.521967804219714,-0.2388950792520439,-1.1913284112113232,24,-1.1913284112113232,-1,TRUE,FALSE
pre_covid,6,5,4,z_jk_raw,juros_selic,vendas_varejo,-1,ext,24,-1.9322124692340004,-4.555817093388079,-5.2266453247787235,-2.617526751007259,11,-5.2539010819855925,-1,TRUE,FALSE
pre_covid,6,5,4,z_jk_raw,juros_selic,cambio_usd,-1,soft,0,0.12038721196874536,0.002486224312740935,-0.10173634856748967,-0.19806536917379977,1,0.20179120708171547,1,FALSE,FALSE
pre_covid,6,5,4,z_jk_raw,juros_selic,cds_5y,-1,soft,0,75.93032399828112,46.91722249711017,4.794639737546855,-63.92230701653634,3,83.02678650353963,1,FALSE,FALSE
pre_covid,6,5,4,z_jk_raw,juros_selic,embi_perc,-1,soft,0,0.7312986528532578,0.45991322647306965,0.025377840504586614,-0.6556963407690788,3,0.7879355152096866,1,FALSE,FALSE
pre_covid,6,5,4,z_bs_purif,yield_3m,yield_6m,1,hard,0,0.00628771112528163,0.0073166548222346126,0.0017871278582012881,-0.010086575036338221,24,-0.010086575036338221,1,TRUE,FALSE
pre_covid,6,5,4,z_bs_purif,yield_3m,yield_2y,1,hard,0,0.0068861831035930765,0.007830138174625639,4.4564126353770553e-4,-0.014379290088152119,24,-0.014379290088152119,1,TRUE,FALSE
pre_covid,6,5,4,z_bs_purif,yield_3m,yield_5y,1,hard,0,0.005345450224323482,0.004866426939882227,-0.0019202330260026863,-0.014155925773407447,24,-0.014155925773407447,1,TRUE,FALSE
pre_covid,6,5,4,z_bs_purif,yield_3m,asset_ibov,-1,hard,0,-5.679427528732516,-1.5394505519701365,-2.393969344335781,-4.572130329723078,0,-5.679427528732516,-1,TRUE,FALSE
pre_covid,6,5,4,z_bs_purif,yield_3m,price_ipca,-1,ext,24,-0.17417082981942192,-0.15476851571466024,-0.2477068021604457,-0.2462673941182779,20,-0.26361496593685874,-1,TRUE,FALSE
pre_covid,6,5,4,z_bs_purif,yield_3m,pib,-1,ext,24,0.5013641106534683,0.5235867077222123,0.012635708246611088,-0.8735911942544194,24,-0.8735911942544194,-1,TRUE,FALSE
pre_covid,6,5,4,z_bs_purif,yield_3m,vendas_varejo,-1,ext,24,-1.6337971011118664,-3.5183730580402517,-4.470418934646849,-3.319911327410342,14,-4.522157866643214,-1,TRUE,FALSE
pre_covid,6,5,4,z_bs_purif,yield_3m,cambio_usd,-1,soft,0,-0.031727717237174664,7.809994066351148e-7,-0.05640833666228518,-0.15713670131434027,24,-0.15713670131434027,-1,TRUE,FALSE
pre_covid,6,5,4,z_bs_purif,yield_3m,cds_5y,-1,soft,0,26.51831276620746,40.0407184643715,17.729791096762007,-40.17204925862154,3,45.090128850535194,1,FALSE,FALSE
pre_covid,6,5,4,z_bs_purif,yield_3m,embi_perc,-1,soft,0,0.2973268778816197,0.4030255466776689,0.15924330814644877,-0.42182512860316457,3,0.4561983921887148,1,FALSE,FALSE
pre_covid,6,5,4,z_bs_purif,yield_6m,yield_6m,1,hard,0,0.005,0.0058182180100607725,0.0014211275157152213,-0.008020863900523452,24,-0.008020863900523452,1,TRUE,TRUE
pre_covid,6,5,4,z_bs_purif,yield_6m,yield_2y,1,hard,0,0.0054759060701000655,0.006226540961099675,3.543747912860302e-4,-0.011434439179573524,24,-0.011434439179573524,1,TRUE,FALSE
pre_covid,6,5,4,z_bs_purif,yield_6m,yield_5y,1,hard,0,0.004250712316307356,0.003869792077688888,-0.001526973001575894,-0.011256819446180741,24,-0.011256819446180741,1,TRUE,FALSE
pre_covid,6,5,4,z_bs_purif,yield_6m,asset_ibov,-1,hard,0,-4.516291712175415,-1.2241740446537959,-1.9036890345598962,-3.635766846332568,0,-4.516291712175415,-1,TRUE,FALSE
pre_covid,6,5,4,z_bs_purif,yield_6m,price_ipca,-1,ext,24,-0.1385009794097536,-0.12307222185539582,-0.1969769262812235,-0.19583230623309483,20,-0.20962712876305312,-1,TRUE,FALSE
pre_covid,6,5,4,z_bs_purif,yield_6m,pib,-1,ext,24,0.39848143558836036,0.4161343977483911,0.01004780953808293,-0.6953050178914788,24,-0.6953050178914788,-1,TRUE,FALSE
pre_covid,6,5,4,z_bs_purif,yield_6m,vendas_varejo,-1,ext,24,-1.2991986022884343,-2.7978170338436645,-3.554885749022556,-2.6399998833133744,14,-3.5960286474202996,-1,TRUE,FALSE
pre_covid,6,5,4,z_bs_purif,yield_6m,cambio_usd,-1,soft,0,-0.025229941869946804,6.210522327392493e-7,-0.044856017983617706,-0.12495540760653347,24,-0.12495540760653347,-1,TRUE,FALSE
pre_covid,6,5,4,z_bs_purif,yield_6m,cds_5y,-1,soft,0,21.087413398798354,31.840456460679135,14.098764036307312,-31.944890961273458,3,35.85575732736576,1,FALSE,FALSE
pre_covid,6,5,4,z_bs_purif,yield_6m,embi_perc,-1,soft,0,0.23643490608699225,0.3204866911404244,0.1266305854177709,-0.33543615490467593,3,0.3627698403274542,1,FALSE,FALSE
pre_covid,6,5,4,z_bs_purif,yield_1y,yield_6m,1,hard,0,0.004562355728098689,0.0053089560531055435,0.0012967378523363997,-0.0073188068721706315,24,-0.0073188068721706315,1,TRUE,FALSE
pre_covid,6,5,4,z_bs_purif,yield_1y,yield_2y,1,hard,0,0.004996606285090281,0.005681538964022843,3.233567717835194e-4,-0.010433595817704667,24,-0.010433595817704667,1,TRUE,FALSE
pre_covid,6,5,4,z_bs_purif,yield_1y,yield_5y,1,hard,0,0.0038786523369609017,0.003531073610438964,-0.0013933188040783655,-0.010271522936091083,24,-0.010271522936091083,1,TRUE,FALSE
pre_covid,6,5,4,z_bs_purif,yield_1y,asset_ibov,-1,hard,0,-4.1209858725616275,-1.1170234929631968,-1.7370613142686009,-3.3175323394793383,0,-4.1209858725616275,-1,TRUE,FALSE
pre_covid,6,5,4,z_bs_purif,yield_1y,price_ipca,-1,ext,24,-0.12637814735147354,-0.11229985127035953,-0.1797357615844826,-0.17869132881786734,20,-0.1912787063353993,-1,TRUE,FALSE
pre_covid,6,5,4,z_bs_purif,yield_1y,pib,-1,ext,24,0.36353949361911386,0.3796415822797661,0.009168295965111817,-0.6346393140923223,24,-0.6346393140923223,-1,TRUE,FALSE
pre_covid,6,5,4,z_bs_purif,yield_1y,vendas_varejo,-1,ext,24,-1.1854812370176895,-2.552927314105745,-3.243730671957891,-2.4089237179629284,14,-3.2812723795929966,-1,TRUE,FALSE
pre_covid,6,5,4,z_bs_purif,yield_1y,cambio_usd,-1,soft,0,-0.023021593961989745,5.666922422972787e-7,-0.040929822117451206,-0.11401820393011487,24,-0.11401820393011487,-1,TRUE,FALSE
pre_covid,6,5,4,z_bs_purif,yield_1y,cds_5y,-1,soft,0,19.241656262158536,29.053497783731263,12.86471537203169,-29.148791252130795,3,32.71734396556473,1,FALSE,FALSE
pre_covid,6,5,4,z_bs_purif,yield_1y,embi_perc,-1,soft,0,0.2157400296216929,0.2924348582207821,0.11554675534665146,-0.3060758125481494,3,0.3310170117998814,1,FALSE,FALSE
pre_covid,6,5,4,z_bs_purif,yield_2y,yield_6m,1,hard,0,0.004565454498298792,0.005312561917223,0.0012976186018556488,-0.007323777834977438,24,-0.007323777834977438,1,TRUE,FALSE
pre_covid,6,5,4,z_bs_purif,yield_2y,yield_2y,1,hard,0,0.005,0.005685397887938839,3.235763969921004e-4,-0.010440682357581579,24,-0.010440682357581579,1,TRUE,TRUE
pre_covid,6,5,4,z_bs_purif,yield_2y,yield_5y,1,hard,0,0.0038812867330918995,0.0035334719297131522,-0.0013942651517650944,-0.010278499395420637,24,-0.010278499395420637,1,TRUE,FALSE
pre_covid,6,5,4,z_bs_purif,yield_2y,asset_ibov,-1,hard,0,-4.12378486259616,-1.1177821797730596,-1.7382411332387129,-3.3197856206709266,0,-4.12378486259616,-1,TRUE,FALSE
pre_covid,6,5,4,z_bs_purif,yield_2y,price_ipca,-1,ext,24,-0.12646398389300958,-0.11237612577706875,-0.17985783883033626,-0.17881269668082186,20,-0.19140862359534816,-1,TRUE,FALSE
pre_covid,6,5,4,z_bs_purif,yield_2y,pib,-1,ext,24,0.3637868596757743,0.37989992553091323,0.009174523393951084,-0.6350689920079589,24,-0.6350689920079589,-1,TRUE,FALSE
pre_covid,6,5,4,z_bs_purif,yield_2y,vendas_varejo,-1,ext,24,-1.1862864206002472,-2.5546612725157085,-3.24593382676266,-2.410559868556266,14,-3.283501032875266,-1,TRUE,FALSE
pre_covid,6,5,4,z_bs_purif,yield_2y,cambio_usd,-1,soft,0,-0.023037230320393138,5.670771419275828e-7,-0.040957621815815796,-0.11409564554880147,24,-0.11409564554880147,-1,TRUE,FALSE
pre_covid,6,5,4,z_bs_purif,yield_2y,cds_5y,-1,soft,0,19.25472527180603,29.07323103525888,12.873453138002489,-29.16858922736207,3,32.73956571602638,1,FALSE,FALSE
pre_covid,6,5,4,z_bs_purif,yield_2y,embi_perc,-1,soft,0,0.21588656110994223,0.2926334811423893,0.11562523516355432,-0.3062837004603206,3,0.33124183987402206,1,FALSE,FALSE
pre_covid,6,5,4,z_bs_purif,juros_selic,yield_6m,1,hard,0,0.00788817079222733,0.009179019473954482,0.002242019312299079,-0.012653988869707934,24,-0.012653988869707934,1,TRUE,FALSE
pre_covid,6,5,4,z_bs_purif,juros_selic,yield_2y,1,hard,0,0.008638976464628734,0.00982320370919071,5.590737756248239e-4,-0.018039361832362343,24,-0.018039361832362343,1,TRUE,FALSE
pre_covid,6,5,4,z_bs_purif,juros_selic,yield_5y,1,hard,0,0.006706068947931334,0.00610511616784364,-0.0024090047663101327,-0.017759142873747913,24,-0.017759142873747913,1,TRUE,FALSE
pre_covid,6,5,4,z_bs_purif,juros_selic,asset_ibov,-1,hard,0,-7.125056074632094,-1.9312987887281738,-3.0033248479797643,-5.735909968917807,0,-7.125056074632094,-1,TRUE,FALSE
pre_covid,6,5,4,z_bs_purif,juros_selic,price_ipca,-1,ext,24,-0.21850387609497943,-0.19416294115485108,-0.31075752732685263,-0.3089517356404834,20,-0.3307149188734386,-1,TRUE,FALSE
pre_covid,6,5,4,z_bs_purif,juros_selic,pib,-1,ext,24,0.6293810303308556,0.6572964140513005,0.01585222755329241,-1.094731960538109,24,-1.094731960538109,-1,TRUE,FALSE
pre_covid,6,5,4,z_bs_purif,juros_selic,vendas_varejo,-1,ext,24,-2.0496600935748397,-4.4139317216723395,-5.608309187028981,-4.164953994207225,14,-5.673217628918713,-1,TRUE,FALSE
pre_covid,6,5,4,z_bs_purif,juros_selic,cambio_usd,-1,soft,0,-0.039803618109621554,9.797932165482633e-7,-0.07076638618279942,-0.19713391932254362,24,-0.19713391932254362,-1,TRUE,FALSE
pre_covid,6,5,4,z_bs_purif,juros_selic,cds_5y,-1,soft,0,33.26822369120488,50.23259173286303,22.24269173554089,-50.39735116832083,3,56.56726753658353,1,FALSE,FALSE
pre_covid,6,5,4,z_bs_purif,juros_selic,embi_perc,-1,soft,0,0.37300778409168484,0.5056107512702955,0.19977673705902171,-0.5291955359552214,3,0.5723180917543993,1,FALSE,FALSE
pre_covid,6,5,4,z_jk_bs_purif,yield_3m,yield_6m,1,hard,0,0.0065282493578713505,0.005080599052112923,-9.303379542356126e-4,-0.009314560279075021,24,-0.009314560279075021,1,TRUE,FALSE
pre_covid,6,5,4,z_jk_bs_purif,yield_3m,yield_2y,1,hard,0,0.009565580201102429,0.005459278457203969,-0.002522490999654248,-0.012710614405705119,24,-0.012710614405705119,1,TRUE,FALSE
pre_covid,6,5,4,z_jk_bs_purif,yield_3m,yield_5y,1,hard,0,0.010158688969538133,0.0033062543306642093,-0.0038376696624599373,-0.011842426370227171,24,-0.011842426370227171,1,TRUE,FALSE
pre_covid,6,5,4,z_jk_bs_purif,yield_3m,asset_ibov,-1,hard,0,-10.697432426469259,-0.5980303045170321,-2.489127281215072,-3.431919722921896,0,-10.697432426469259,-1,TRUE,FALSE
pre_covid,6,5,4,z_jk_bs_purif,yield_3m,price_ipca,-1,ext,24,-0.25267935574303446,-0.1135156222591901,-0.20102653725408676,-0.1462250737063453,0,-0.25267935574303446,-1,TRUE,FALSE
pre_covid,6,5,4,z_jk_bs_purif,yield_3m,pib,-1,ext,24,0.25063944819831985,0.3123606724181993,-0.1595777375878682,-0.7538525027876997,24,-0.7538525027876997,-1,TRUE,FALSE
pre_covid,6,5,4,z_jk_bs_purif,yield_3m,vendas_varejo,-1,ext,24,-1.2258973196154797,-2.8533357652548195,-3.24698858801244,-1.5573895639664486,11,-3.2695791895443866,-1,TRUE,FALSE
pre_covid,6,5,4,z_jk_bs_purif,yield_3m,cambio_usd,-1,soft,0,0.08506486675342183,0.008780062307131445,-0.0626478256634346,-0.12438414043801918,1,0.14045025523376112,1,FALSE,FALSE
pre_covid,6,5,4,z_jk_bs_purif,yield_3m,cds_5y,-1,soft,0,49.44353559790413,30.611723125082012,2.815257915510652,-40.8451469417245,3,54.684799203288684,1,FALSE,FALSE
pre_covid,6,5,4,z_jk_bs_purif,yield_3m,embi_perc,-1,soft,0,0.46851753301714005,0.29732648445171467,0.013160185354925665,-0.41826796905129016,3,0.5143059539157208,1,FALSE,FALSE
pre_covid,6,5,4,z_jk_bs_purif,yield_6m,yield_6m,1,hard,0,0.005,0.0038912415669195123,-7.125478081760694e-4,-0.007134041431677324,24,-0.007134041431677324,1,TRUE,TRUE
pre_covid,6,5,4,z_jk_bs_purif,yield_6m,yield_2y,1,hard,0,0.007326298121232806,0.004181272924740165,-0.001931981195397191,-0.00973508647489044,24,-0.00973508647489044,1,TRUE,FALSE
pre_covid,6,5,4,z_jk_bs_purif,yield_6m,yield_5y,1,hard,0,0.00778056138227121,0.0025322671894247857,-0.002939279316768681,-0.009070139421028947,24,-0.009070139421028947,1,TRUE,FALSE
pre_covid,6,5,4,z_jk_bs_purif,yield_6m,asset_ibov,-1,hard,0,-8.193186136166023,-0.4580326759393503,-1.9064278528315097,-2.6285145793212568,0,-8.193186136166023,-1,TRUE,FALSE
pre_covid,6,5,4,z_jk_bs_purif,yield_6m,price_ipca,-1,ext,24,-0.19352765335041133,-0.08694185534006918,-0.15396665034838294,-0.11199409343182973,0,-0.19352765335041133,-1,TRUE,FALSE
pre_covid,6,5,4,z_jk_bs_purif,yield_6m,pib,-1,ext,24,0.19190902481569516,0.2391503434437281,-0.12224377087862726,-0.5778882779928329,24,-0.5778882779928329,-1,TRUE,FALSE
pre_covid,6,5,4,z_jk_bs_purif,yield_6m,vendas_varejo,-1,ext,24,-0.9389173516613377,-2.1853759015917853,-2.4868754316939703,-1.1928079632012267,11,-2.5041776212194886,-1,TRUE,FALSE
pre_covid,6,5,4,z_jk_bs_purif,yield_6m,cambio_usd,-1,soft,0,0.06515136148319456,0.006724668303719894,-0.047982102267507445,-0.09526607641606447,1,0.10757114774148069,1,FALSE,FALSE
pre_covid,6,5,4,z_jk_bs_purif,yield_6m,cds_5y,-1,soft,0,37.86890855990989,23.445583530117712,2.15621199588232,-31.283384489959776,3,41.88320344822093,1,FALSE,FALSE
pre_covid,6,5,4,z_jk_bs_purif,yield_6m,embi_perc,-1,soft,0,0.3588385701384332,0.22772298372244099,0.010079413816399296,-0.3203523227455834,3,0.39390801861421176,1,FALSE,FALSE
pre_covid,6,5,4,z_jk_bs_purif,yield_1y,yield_6m,1,hard,0,0.004100426369927045,0.0031911499065506,-5.843499644957744e-4,-0.005850522322120358,24,-0.005850522322120358,1,TRUE,FALSE
pre_covid,6,5,4,z_jk_bs_purif,yield_1y,yield_2y,1,hard,0,0.006008189202049992,0.00342900035209331,-0.0015843893279619634,-0.007983601059032175,24,-0.007983601059032175,1,TRUE,FALSE
pre_covid,6,5,4,z_jk_bs_purif,yield_1y,yield_5y,1,hard,0,0.006380723812940178,0.0020766750318436866,-0.0024104596838118893,-0.007438287772180383,24,-0.007438287772180383,1,TRUE,FALSE
pre_covid,6,5,4,z_jk_bs_purif,yield_1y,asset_ibov,-1,hard,0,-6.719111297291167,-0.37562585254199216,-1.5634334080227434,-2.155606098957315,0,-6.719111297291167,-1,TRUE,FALSE
pre_covid,6,5,4,z_jk_bs_purif,yield_1y,price_ipca,-1,ext,24,-0.1587091786216253,-0.07129973525736043,-0.12626578263556928,-0.09184470679678958,0,-0.1587091786216253,-1,TRUE,FALSE
pre_covid,6,5,4,z_jk_bs_purif,yield_1y,pib,-1,ext,24,0.15735461587691457,0.1960815218194245,-0.10026134589177227,-0.47416459606778316,24,-0.47416459606778316,-1,TRUE,FALSE
pre_covid,6,5,4,z_jk_bs_purif,yield_1y,vendas_varejo,-1,ext,24,-0.7699922935868427,-1.7921945950180094,-2.0394499197683316,-0.9782042453138555,11,-2.0536391906059137,-1,TRUE,FALSE
pre_covid,6,5,4,z_jk_bs_purif,yield_1y,cambio_usd,-1,soft,0,0.053429672132468034,0.005514801448317124,-0.039349415484444754,-0.07812630637918314,1,0.08821751416849709,1,FALSE,FALSE
pre_covid,6,5,4,z_jk_bs_purif,yield_1y,cds_5y,-1,soft,0,31.0557342518821,19.227377793044372,1.768277705413778,-25.655042940639557,3,34.34779837522089,1,FALSE,FALSE
pre_covid,6,5,4,z_jk_bs_purif,yield_1y,embi_perc,-1,soft,0,0.29427822710850937,0.1867522654987928,0.008265978841234133,-0.26271622237067394,3,0.3230381653702854,1,FALSE,FALSE
pre_covid,6,5,4,z_jk_bs_purif,yield_2y,yield_6m,1,hard,0,0.0034123645511429474,0.002655666956578016,-4.8629457632292473e-4,-0.004868790017568157,24,-0.004868790017568157,1,TRUE,FALSE
pre_covid,6,5,4,z_jk_bs_purif,yield_2y,yield_2y,1,hard,0,0.005,0.002853605501407426,-0.00131852482892963,-0.006643932797845459,24,-0.006643932797845459,1,TRUE,TRUE
pre_covid,6,5,4,z_jk_bs_purif,yield_2y,yield_5y,1,hard,0,0.00531002236977081,0.001728203758243104,-0.002005978509289822,-0.0061901244468486796,24,-0.0061901244468486796,1,TRUE,FALSE
pre_covid,6,5,4,z_jk_bs_purif,yield_2y,asset_ibov,-1,hard,0,-5.5916275863937575,-0.31259489332811685,-1.3010853648627614,-1.793889994527655,0,-5.5916275863937575,-1,TRUE,FALSE
pre_covid,6,5,4,z_jk_bs_purif,yield_2y,price_ipca,-1,ext,24,-0.13207738079176484,-0.05933546103461004,-0.10507806794140857,-0.0764329348728334,0,-0.13207738079176484,-1,TRUE,FALSE
pre_covid,6,5,4,z_jk_bs_purif,yield_2y,pib,-1,ext,24,0.1309328392891551,0.16315172633527553,-0.08344426236452929,-0.3947558624668335,24,-0.3947558624668335,-1,TRUE,FALSE
pre_covid,6,5,4,z_jk_bs_purif,yield_2y,vendas_varejo,-1,ext,24,-0.6407856574524331,-1.491459851502773,-1.6972251132441634,-0.8140591219897775,11,-1.7090333888829707,-1,TRUE,FALSE
pre_covid,6,5,4,z_jk_bs_purif,yield_2y,cambio_usd,-1,soft,0,0.04446403927679063,0.004589403947561668,-0.0327464849733916,-0.06501651641773071,1,0.07341439425575788,1,FALSE,FALSE
pre_covid,6,5,4,z_jk_bs_purif,yield_2y,cds_5y,-1,soft,0,25.844504232062047,16.00097562380692,1.4715562758996024,-21.350062454662766,3,28.584151747003432,1,FALSE,FALSE
pre_covid,6,5,4,z_jk_bs_purif,yield_2y,embi_perc,-1,soft,0,0.24489760326464233,0.155414767426992,0.006878926880676281,-0.21863178200266667,3,0.2688315518260184,1,FALSE,FALSE
pre_covid,6,5,4,z_jk_bs_purif,juros_selic,yield_6m,1,hard,0,0.010453641842261916,0.008135529132459728,-0.001489743916432275,-0.014915342802922437,24,-0.014915342802922437,1,TRUE,FALSE
pre_covid,6,5,4,z_jk_bs_purif,juros_selic,yield_2y,1,hard,0,0.015317299317800825,0.008741905919996129,-0.004039247892533454,-0.020353421462390553,24,-0.020353421462390553,1,TRUE,FALSE
pre_covid,6,5,4,z_jk_bs_purif,juros_selic,yield_5y,1,hard,0,0.016267040404399507,0.005294282849431584,-0.006145234650373621,-0.018963197793363498,24,-0.018963197793363498,1,TRUE,FALSE
pre_covid,6,5,4,z_jk_bs_purif,juros_selic,asset_ibov,-1,hard,0,-17.12972668289307,-0.957621909264557,-3.985822794322602,-5.495509997877634,0,-17.12972668289307,-1,TRUE,FALSE
pre_covid,6,5,4,z_jk_bs_purif,juros_selic,price_ipca,-1,ext,24,-0.4046137549397239,-0.18177180336536597,-0.3219024436789532,-0.23414922823703313,0,-0.4046137549397239,-1,TRUE,FALSE
pre_covid,6,5,4,z_jk_bs_purif,juros_selic,pib,-1,ext,24,0.40164959488815377,0.5006505725848376,-0.25540813845496,-1.204400301665609,24,-1.204400301665609,-1,TRUE,FALSE
pre_covid,6,5,4,z_jk_bs_purif,juros_selic,vendas_varejo,-1,ext,24,-1.9630211427505413,-4.569027393190149,-5.19938101384985,-2.493837446780711,11,-5.235555192327191,-1,TRUE,FALSE
pre_covid,6,5,4,z_jk_bs_purif,juros_selic,cambio_usd,-1,soft,0,0.1362137996962108,0.014059454791019749,-0.10031754238866124,-0.19917548851421854,1,0.22490205021009618,1,FALSE,FALSE
pre_covid,6,5,4,z_jk_bs_purif,juros_selic,cds_5y,-1,soft,0,79.1736014085329,49.01834660133707,4.5080535881885,-65.40505941436219,3,87.56640161085818,1,FALSE,FALSE
pre_covid,6,5,4,z_jk_bs_purif,juros_selic,embi_perc,-1,soft,0,0.7502339782833126,0.47610690221712765,0.02107331640331691,-0.669769689063805,3,0.8235546690776019,1,FALSE,FALSE
pre_covid,7,6,4,z_bruto,yield_3m,yield_6m,1,hard,0,0.006092638879804585,0.007621692062863228,0.002004000209341807,-0.010152571265246406,24,-0.010152571265246406,1,TRUE,FALSE
pre_covid,7,6,4,z_bruto,yield_3m,yield_2y,1,hard,0,0.006567134700238079,0.00758731645028668,1.4959550107210244e-4,-0.014405902113150919,24,-0.014405902113150919,1,TRUE,FALSE
pre_covid,7,6,4,z_bruto,yield_3m,yield_5y,1,hard,0,0.004644015815467529,0.004011239040707455,-0.002786522869385884,-0.014184392145379213,24,-0.014184392145379213,1,TRUE,FALSE
pre_covid,7,6,4,z_bruto,yield_3m,asset_ibov,-1,hard,0,-2.5268690633164552,-1.2715468899696094,-1.520174054673646,-4.645784960475872,24,-4.645784960475872,-1,TRUE,FALSE
pre_covid,7,6,4,z_bruto,yield_3m,price_ipca,-1,ext,24,-0.25687747736254385,-0.22422597898628976,-0.295225214887171,-0.24656463537547463,13,-0.2978312665811939,-1,TRUE,FALSE
pre_covid,7,6,4,z_bruto,yield_3m,pib,-1,ext,24,0.6715308095862849,0.7459601083284584,0.13552811656973862,-0.9253940633055846,24,-0.9253940633055846,-1,TRUE,FALSE
pre_covid,7,6,4,z_bruto,yield_3m,vendas_varejo,-1,ext,24,-1.7827023872907586,-3.668011222511657,-4.873592902956659,-3.584246186224295,14,-4.944257489860225,-1,TRUE,FALSE
pre_covid,7,6,4,z_bruto,yield_3m,cambio_usd,-1,soft,0,0.006014330539734829,-0.02024633469426167,-0.07096456018705997,-0.1532662659441167,24,-0.1532662659441167,1,FALSE,FALSE
pre_covid,7,6,4,z_bruto,yield_3m,cds_5y,-1,soft,0,23.872982362361,34.73613940567787,14.280924266340197,-37.99925021837984,24,-37.99925021837984,1,FALSE,FALSE
pre_covid,7,6,4,z_bruto,yield_3m,embi_perc,-1,soft,0,0.2959540415209546,0.3888106652363839,0.14911460020138614,-0.4100428351670057,24,-0.4100428351670057,1,FALSE,FALSE
pre_covid,7,6,4,z_bruto,yield_6m,yield_6m,1,hard,0,0.005,0.006254836543921084,0.001644607738023432,-0.0083318340915456,24,-0.0083318340915456,1,TRUE,TRUE
pre_covid,7,6,4,z_bruto,yield_6m,yield_2y,1,hard,0,0.005389400906400605,0.006226625769202027,1.227674116448705e-4,-0.011822383040707127,24,-0.011822383040707127,1,TRUE,FALSE
pre_covid,7,6,4,z_bruto,yield_6m,yield_5y,1,hard,0,0.0038111694350219565,0.003291873291558117,-0.0022867947078091546,-0.011640598126040716,24,-0.011640598126040716,1,TRUE,FALSE
pre_covid,7,6,4,z_bruto,yield_6m,asset_ibov,-1,hard,0,-2.0737065770403103,-1.0435107964337393,-1.2475497765940167,-3.8126213059134084,24,-3.8126213059134084,-1,TRUE,FALSE
pre_covid,7,6,4,z_bruto,yield_6m,price_ipca,-1,ext,24,-0.21080970202749236,-0.18401384310625804,-0.24228025057070185,-0.20234633977139882,13,-0.24441893936010414,-1,TRUE,FALSE
pre_covid,7,6,4,z_bruto,yield_6m,pib,-1,ext,24,0.5507691509640589,0.6117731681059002,0.11120932798416305,-0.7600686430281889,24,-0.7600686430281889,-1,TRUE,FALSE
pre_covid,7,6,4,z_bruto,yield_6m,vendas_varejo,-1,ext,24,-1.4629969233856324,-3.0101991065563567,-3.999574731986228,-2.941456285965906,14,-4.057566505581902,-1,TRUE,FALSE
pre_covid,7,6,4,z_bruto,yield_6m,cambio_usd,-1,soft,0,0.004935735285141118,-0.016615406799648572,-0.058237950407899516,-0.12577987056819667,24,-0.12577987056819667,1,FALSE,FALSE
pre_covid,7,6,4,z_bruto,yield_6m,cds_5y,-1,soft,0,19.591660389961188,28.506645552897098,11.719818413723415,-31.18455809381454,24,-31.18455809381454,1,FALSE,FALSE
pre_covid,7,6,4,z_bruto,yield_6m,embi_perc,-1,soft,0,0.24287837122758127,0.3190823163056519,0.12237275435415995,-0.33650676107374794,24,-0.33650676107374794,1,FALSE,FALSE
pre_covid,7,6,4,z_bruto,yield_1y,yield_6m,1,hard,0,0.004521989525657035,0.005656861067261599,0.0014873797930312939,-0.007535293298296281,24,-0.007535293298296281,1,TRUE,FALSE
pre_covid,7,6,4,z_bruto,yield_1y,yield_2y,1,hard,0,0.004874162889662013,0.0056313473017035485,1.11030589910026e-4,-0.010692138455676601,24,-0.010692138455676601,1,TRUE,FALSE
pre_covid,7,6,4,z_bruto,yield_1y,yield_5y,1,hard,0,0.0034468136531347056,0.0029771633088431903,-0.0020681723432081876,-0.010527732559667807,24,-0.010527732559667807,1,TRUE,FALSE
pre_covid,7,6,4,z_bruto,yield_1y,asset_ibov,-1,hard,0,-1.8754558841324775,-0.9437489782766799,-1.1282814044987834,-3.448126722127456,24,-3.448126722127456,-1,TRUE,FALSE
pre_covid,7,6,4,z_bruto,yield_1y,price_ipca,-1,ext,24,-0.19065585289504022,-0.16642173422047918,-0.2191177510708551,-0.18300160580026098,13,-0.22105197673171859,-1,TRUE,FALSE
pre_covid,7,6,4,z_bruto,yield_1y,pib,-1,ext,24,0.4979835890609907,0.5531249322522802,0.10057213880920735,-0.6876549328595938,24,-0.6876549328595938,-1,TRUE,FALSE
pre_covid,7,6,4,z_bruto,yield_1y,vendas_varejo,-1,ext,24,-1.3231313527236594,-2.7224177659980024,-3.617207009024853,-2.6602469030631744,14,-3.6696546475796357,-1,TRUE,FALSE
pre_covid,7,6,4,z_bruto,yield_1y,cambio_usd,-1,soft,0,0.0044638686521647954,-0.015026939102508304,-0.05267028034805109,-0.1137550514495766,24,-0.1137550514495766,1,FALSE,FALSE
pre_covid,7,6,4,z_bruto,yield_1y,cds_5y,-1,soft,0,17.718656614726864,25.781350520363677,10.599379221891947,-28.203249012494535,24,-28.203249012494535,1,FALSE,FALSE
pre_covid,7,6,4,z_bruto,yield_1y,embi_perc,-1,soft,0,0.2196586901399527,0.2885773784313086,0.11067366268306252,-0.3043360097776525,24,-0.3043360097776525,1,FALSE,FALSE
pre_covid,7,6,4,z_bruto,yield_2y,yield_6m,1,hard,0,0.004638734515057007,0.005802905232465323,0.0015257797356198251,-0.007729833274836243,24,-0.007729833274836243,1,TRUE,FALSE
pre_covid,7,6,4,z_bruto,yield_2y,yield_2y,1,hard,0,0.005,0.005776732773588165,1.1389708594425446e-4,-0.010968179252230552,24,-0.010968179252230552,1,TRUE,TRUE
pre_covid,7,6,4,z_bruto,yield_2y,yield_5y,1,hard,0,0.0035358006401933323,0.003054025251348991,-0.0021215667079928055,-0.010799528860634596,24,-0.010799528860634596,1,TRUE,FALSE
pre_covid,7,6,4,z_bruto,yield_2y,asset_ibov,-1,hard,0,-1.9238748546035218,-0.9681139096503625,-1.1574104415876645,-3.5371476089164493,24,-3.5371476089164493,-1,TRUE,FALSE
pre_covid,7,6,4,z_bruto,yield_2y,price_ipca,-1,ext,24,-0.19557804818076235,-0.1707182730530568,-0.22477475212779494,-0.18772619005860802,13,-0.22675891402866813,-1,TRUE,FALSE
pre_covid,7,6,4,z_bruto,yield_2y,pib,-1,ext,24,0.5108729030991466,0.5674454952473429,0.10316996613743967,-0.705345482814923,24,-0.705345482814923,-1,TRUE,FALSE
pre_covid,7,6,4,z_bruto,yield_2y,vendas_varejo,-1,ext,24,-1.357290864786229,-2.7927028985553477,-3.7105930709628785,-2.7289269596482884,14,-3.7643947593164033,-1,TRUE,FALSE
pre_covid,7,6,4,z_bruto,yield_2y,cambio_usd,-1,soft,0,0.0045791131248737686,-0.015414892200648542,-0.054030078128660355,-0.11669188538081937,24,-0.11669188538081937,1,FALSE,FALSE
pre_covid,7,6,4,z_bruto,yield_2y,cds_5y,-1,soft,0,18.176102251637637,26.44695212694402,10.873025237187894,-28.93137719331557,24,-28.93137719331557,1,FALSE,FALSE
pre_covid,7,6,4,z_bruto,yield_2y,embi_perc,-1,soft,0,0.22532965671484198,0.29602763075827293,0.11353094386504686,-0.3121931054285672,24,-0.3121931054285672,1,FALSE,FALSE
pre_covid,7,6,4,z_bruto,juros_selic,yield_6m,1,hard,0,0.00755718437075159,0.009453790594265262,0.002485720778761561,-0.012593041275264736,24,-0.012593041275264736,1,TRUE,FALSE
pre_covid,7,6,4,z_bruto,juros_selic,yield_2y,1,hard,0,0.00814573925951302,0.00941115178910653,1.8555519290404846e-4,-0.017868785668054114,24,-0.017868785668054114,1,TRUE,FALSE
pre_covid,7,6,4,z_bruto,juros_selic,yield_5y,1,hard,0,0.005760342017726819,0.004975458677891518,-0.0034563458449945583,-0.01759402924486303,24,-0.01759402924486303,1,TRUE,FALSE
pre_covid,7,6,4,z_bruto,juros_selic,asset_ibov,-1,hard,0,-3.134276586706762,-1.5772006963039196,-1.885592734682188,-5.762536428928665,24,-5.762536428928665,-1,TRUE,FALSE
pre_covid,7,6,4,z_bruto,juros_selic,price_ipca,-1,ext,24,-0.318625557072993,-0.2781253078249097,-0.36619130459093735,-0.3058337192798412,13,-0.3694237976895719,-1,TRUE,FALSE
pre_covid,7,6,4,z_bruto,juros_selic,pib,-1,ext,24,0.8336241961711011,0.9261016351540308,0.1681336711365944,-1.1465601618636412,24,-1.1465601618636412,-1,TRUE,FALSE
pre_covid,7,6,4,z_bruto,juros_selic,vendas_varejo,-1,ext,24,-2.2112274967735126,-4.54972592818362,-6.04510473084386,-4.445825494310113,14,-6.132755635853739,-1,TRUE,FALSE
pre_covid,7,6,4,z_bruto,juros_selic,cambio_usd,-1,soft,0,0.00746005231100712,-0.025113138515996777,-0.08802298572143688,-0.19010833440262676,24,-0.19010833440262676,1,FALSE,FALSE
pre_covid,7,6,4,z_bruto,juros_selic,cds_5y,-1,soft,0,29.61155793921754,43.08599524698185,17.713765708847458,-47.13349100707405,24,-47.13349100707405,1,FALSE,FALSE
pre_covid,7,6,4,z_bruto,juros_selic,embi_perc,-1,soft,0,0.36709532620693597,0.48227277875365754,0.18495869332221623,-0.5086087270877534,24,-0.5086087270877534,1,FALSE,FALSE
pre_covid,7,6,4,z_bruto_purif,yield_3m,yield_6m,1,hard,0,0.006108604862307877,0.007676552625137661,0.0020402950866521647,-0.01023438794911463,24,-0.01023438794911463,1,TRUE,FALSE
pre_covid,7,6,4,z_bruto_purif,yield_3m,yield_2y,1,hard,0,0.006637434445613341,0.0076901657714921546,2.0210631578428535e-4,-0.014520607013924781,24,-0.014520607013924781,1,TRUE,FALSE
pre_covid,7,6,4,z_bruto_purif,yield_3m,yield_5y,1,hard,0,0.004762989069345609,0.004127406467513882,-0.0027382881588783703,-0.014292925385652095,24,-0.014292925385652095,1,TRUE,FALSE
pre_covid,7,6,4,z_bruto_purif,yield_3m,asset_ibov,-1,hard,0,-2.660910113488293,-1.2443742374110887,-1.5164667421493265,-4.672133387755302,24,-4.672133387755302,-1,TRUE,FALSE
pre_covid,7,6,4,z_bruto_purif,yield_3m,price_ipca,-1,ext,24,-0.24613103962961594,-0.22337170664506964,-0.29573484091593544,-0.24756175867914004,13,-0.29854398566596924,-1,TRUE,FALSE
pre_covid,7,6,4,z_bruto_purif,yield_3m,pib,-1,ext,24,0.6567914360603888,0.7435073404534753,0.13674009641149176,-0.931559513476532,24,-0.931559513476532,-1,TRUE,FALSE
pre_covid,7,6,4,z_bruto_purif,yield_3m,vendas_varejo,-1,ext,24,-1.7807522991046094,-3.6833516150522225,-4.891523498388508,-3.5924359743001477,14,-4.963153635502651,-1,TRUE,FALSE
pre_covid,7,6,4,z_bruto_purif,yield_3m,cambio_usd,-1,soft,0,0.007060960097504788,-0.01739529014054891,-0.06992850036693453,-0.154650071468596,24,-0.154650071468596,1,FALSE,FALSE
pre_covid,7,6,4,z_bruto_purif,yield_3m,cds_5y,-1,soft,0,24.477283176186216,35.38404208474956,14.594207462786798,-38.413663603234426,24,-38.413663603234426,1,FALSE,FALSE
pre_covid,7,6,4,z_bruto_purif,yield_3m,embi_perc,-1,soft,0,0.30003290757770557,0.3941996641315844,0.1520994799697443,-0.4142255870247616,24,-0.4142255870247616,1,FALSE,FALSE
pre_covid,7,6,4,z_bruto_purif,yield_6m,yield_6m,1,hard,0,0.005,0.0062833926879970105,0.0016700172401405953,-0.008377025671004033,24,-0.008377025671004033,1,TRUE,TRUE
pre_covid,7,6,4,z_bruto_purif,yield_6m,yield_2y,1,hard,0,0.005432856270151404,0.0062945352865619395,1.6542755697896626e-4,-0.011885370998148655,24,-0.011885370998148655,1,TRUE,FALSE
pre_covid,7,6,4,z_bruto_purif,yield_6m,yield_5y,1,hard,0,0.003898589920862974,0.003378354436527195,-0.0022413367868778997,-0.011699009600247839,24,-0.011699009600247839,1,TRUE,FALSE
pre_covid,7,6,4,z_bruto_purif,yield_6m,asset_ibov,-1,hard,0,-2.178001502361851,-1.018542093866057,-1.2412545714868795,-3.8242229552151246,24,-3.8242229552151246,-1,TRUE,FALSE
pre_covid,7,6,4,z_bruto_purif,yield_6m,price_ipca,-1,ext,24,-0.20146256402040852,-0.18283365161114554,-0.242064143599071,-0.20263363260462172,13,-0.24436347774602749,-1,TRUE,FALSE
pre_covid,7,6,4,z_bruto_purif,yield_6m,pib,-1,ext,24,0.5372757157228847,0.6081643841706841,0.11191028226353872,-0.7631446898395677,24,-0.7631446898395677,-1,TRUE,FALSE
pre_covid,7,6,4,z_bruto_purif,yield_6m,vendas_varejo,-1,ext,24,-1.4575769257006974,-3.014887767401462,-4.003797600799843,-2.9404717241302274,14,-4.062428121785187,-1,TRUE,FALSE
pre_covid,7,6,4,z_bruto_purif,yield_6m,cambio_usd,-1,soft,0,0.005779519429283484,-0.014238349453476384,-0.057237701523646274,-0.1265837903699078,24,-0.1265837903699078,1,FALSE,FALSE
pre_covid,7,6,4,z_bruto_purif,yield_6m,cds_5y,-1,soft,0,20.035084710765293,28.962457780729,11.945614253786417,-31.44225602171414,24,-31.44225602171414,1,FALSE,FALSE
pre_covid,7,6,4,z_bruto_purif,yield_6m,embi_perc,-1,soft,0,0.2455821863916983,0.32265932485167553,0.124496086584556,-0.33905089325769877,24,-0.33905089325769877,1,FALSE,FALSE
pre_covid,7,6,4,z_bruto_purif,yield_1y,yield_6m,1,hard,0,0.004511447845584922,0.005669439681045634,0.0015068391360243936,-0.007558502883172148,24,-0.007558502883172148,1,TRUE,FALSE
pre_covid,7,6,4,z_bruto_purif,yield_1y,yield_2y,1,hard,0,0.004902009543069418,0.0056794935315036274,1.492635591066269e-4,-0.010724046276715053,24,-0.010724046276715053,1,TRUE,FALSE
pre_covid,7,6,4,z_bruto_purif,yield_1y,yield_5y,1,hard,0,0.0035176570198592718,0.0030482539688585757,-0.0020223348036781065,-0.010555894331303089,24,-0.010555894331303089,1,TRUE,FALSE
pre_covid,7,6,4,z_bruto_purif,yield_1y,asset_ibov,-1,hard,0,-1.9651880371022195,-0.919019907001916,-1.119971052471384,-3.4505564824683357,24,-3.4505564824683357,-1,TRUE,FALSE
pre_covid,7,6,4,z_bruto_purif,yield_1y,price_ipca,-1,ext,24,-0.18177757008317735,-0.1649688967323054,-0.21841195182667764,-0.18283421305143346,13,-0.220486617043391,-1,TRUE,FALSE
pre_covid,7,6,4,z_bruto_purif,yield_1y,pib,-1,ext,24,0.48465127539660813,0.5485777000559855,0.10096996188828644,-0.6888349395941407,24,-0.6888349395941407,-1,TRUE,FALSE
pre_covid,7,6,4,z_bruto_purif,yield_1y,vendas_varejo,-1,ext,24,-1.3151564562453413,-2.7203017845847333,-3.612584812057307,-2.65315696496614,14,-3.6654865195742774,-1,TRUE,FALSE
pre_covid,7,6,4,z_bruto_purif,yield_1y,cambio_usd,-1,soft,0,0.005214800095551435,-0.012847114193314262,-0.05164498104501737,-0.11421523367005883,24,-0.11421523367005883,1,FALSE,FALSE
pre_covid,7,6,4,z_bruto_purif,yield_1y,cds_5y,-1,soft,0,18.0774479508987,26.13252355154283,10.778403137886656,-28.370019637898363,24,-28.370019637898363,1,FALSE,FALSE
pre_covid,7,6,4,z_bruto_purif,yield_1y,embi_perc,-1,soft,0,0.22158624514217246,0.2911321431919955,0.11233152032112985,-0.30592208438621776,24,-0.30592208438621776,1,FALSE,FALSE
pre_covid,7,6,4,z_bruto_purif,yield_2y,yield_6m,1,hard,0,0.004601631031056762,0.005782770954680441,0.0015369606309261472,-0.007709596255130251,24,-0.007709596255130251,1,TRUE,FALSE
pre_covid,7,6,4,z_bruto_purif,yield_2y,yield_2y,1,hard,0,0.005,0.005793025780145038,1.5224731591726435e-4,-0.010938418400140586,24,-0.010938418400140586,1,TRUE,TRUE
pre_covid,7,6,4,z_bruto_purif,yield_2y,yield_5y,1,hard,0,0.0035879744714416377,0.0031091881218063646,-0.00206276098190928,-0.010766905121826285,24,-0.010766905121826285,1,TRUE,FALSE
pre_covid,7,6,4,z_bruto_purif,yield_2y,asset_ibov,-1,hard,0,-2.004471859791308,-0.9373909811143156,-1.1423591107190179,-3.5195326040795027,24,-3.5195326040795027,-1,TRUE,FALSE
pre_covid,7,6,4,z_bruto_purif,yield_2y,price_ipca,-1,ext,24,-0.18541127723851428,-0.16826660095505372,-0.22277797493833304,-0.1864890423458365,13,-0.22489411241061372,-1,TRUE,FALSE
pre_covid,7,6,4,z_bruto_purif,yield_2y,pib,-1,ext,24,0.4943632920631602,0.559574313313016,0.1029893757257705,-0.702556167192836,24,-0.702556167192836,-1,TRUE,FALSE
pre_covid,7,6,4,z_bruto_purif,yield_2y,vendas_varejo,-1,ext,24,-1.3414462422913291,-2.774680221125602,-3.6847998563822353,-2.7061931863405273,14,-3.7387590613288713,-1,TRUE,FALSE
pre_covid,7,6,4,z_bruto_purif,yield_2y,cambio_usd,-1,soft,0,0.00531904319007727,-0.013103926135229404,-0.05267735669551512,-0.11649837955899038,24,-0.11649837955899038,1,FALSE,FALSE
pre_covid,7,6,4,z_bruto_purif,yield_2y,cds_5y,-1,soft,0,18.438813502981695,26.654908891894788,10.993861847051507,-28.937132199190224,24,-28.937132199190224,1,FALSE,FALSE
pre_covid,7,6,4,z_bruto_purif,yield_2y,embi_perc,-1,soft,0,0.22601572191496094,0.2969518323394589,0.11457701105452449,-0.31203742230442816,24,-0.31203742230442816,1,FALSE,FALSE
pre_covid,7,6,4,z_bruto_purif,juros_selic,yield_6m,1,hard,0,0.007576119777990405,0.009520747123282889,0.002530450128522823,-0.0126930699733654,24,-0.0126930699733654,1,TRUE,FALSE
pre_covid,7,6,4,z_bruto_purif,juros_selic,yield_2y,1,hard,0,0.008231993967854647,0.009537630655556082,2.506597972505962e-4,-0.018008998857565513,24,-0.018008998857565513,1,TRUE,FALSE
pre_covid,7,6,4,z_bruto_purif,juros_selic,yield_5y,1,hard,0,0.005907236841144805,0.005118963572727062,-0.003396127192040624,-0.017726619603067453,24,-0.017726619603067453,1,TRUE,FALSE
pre_covid,7,6,4,z_bruto_purif,juros_selic,asset_ibov,-1,hard,0,-3.3001600517072864,-1.5433193804108787,-1.8807786617125506,-5.794554233290044,24,-5.794554233290044,-1,TRUE,FALSE
pre_covid,7,6,4,z_bruto_purif,juros_selic,price_ipca,-1,ext,24,-0.30526090315993504,-0.2770339288106814,-0.36678138917264624,-0.30703533433238317,13,-0.37026539535403935,-1,TRUE,FALSE
pre_covid,7,6,4,z_bruto_purif,juros_selic,pib,-1,ext,24,0.8152188341691291,0.9229475544418664,0.16961801754193928,-1.1540590047890098,24,-1.1540590047890098,-1,TRUE,FALSE
pre_covid,7,6,4,z_bruto_purif,juros_selic,vendas_varejo,-1,ext,24,-2.208555474948701,-4.56823016860631,-6.066650038098045,-4.455473197160912,14,-6.155488408024233,-1,TRUE,FALSE
pre_covid,7,6,4,z_bruto_purif,juros_selic,cambio_usd,-1,soft,0,0.008757266291094884,-0.021574288180084264,-0.08672793651200161,-0.19180279155888996,24,-0.19180279155888996,1,FALSE,FALSE
pre_covid,7,6,4,z_bruto_purif,juros_selic,cds_5y,-1,soft,0,30.35764030618842,43.884609842358614,18.100280881671072,-47.642059542149276,24,-47.642059542149276,1,FALSE,FALSE
pre_covid,7,6,4,z_bruto_purif,juros_selic,embi_perc,-1,soft,0,0.3721120118888543,0.48890113851236194,0.18863945277113214,-0.5137380356309931,24,-0.5137380356309931,1,FALSE,FALSE
pre_covid,7,6,4,z_jk,yield_3m,yield_6m,1,hard,0,0.006572563895828655,0.007638061581758943,-1.8127767633534066e-4,-0.01266660353725624,24,-0.01266660353725624,1,TRUE,FALSE
pre_covid,7,6,4,z_jk,yield_3m,yield_2y,1,hard,0,0.010153658424055039,0.008045060325563808,-0.0027736407163731812,-0.01729091340256497,24,-0.01729091340256497,1,TRUE,FALSE
pre_covid,7,6,4,z_jk,yield_3m,yield_5y,1,hard,0,0.010846897908578703,0.004693560799335939,-0.005401637186560161,-0.016201186050951607,24,-0.016201186050951607,1,TRUE,FALSE
pre_covid,7,6,4,z_jk,yield_3m,asset_ibov,-1,hard,0,-10.185176803561204,-0.6331380847715524,-2.0443953080603032,-4.929298268039725,0,-10.185176803561204,-1,TRUE,FALSE
pre_covid,7,6,4,z_jk,yield_3m,price_ipca,-1,ext,24,-0.03535618631321572,-0.2503378885346674,-0.30874197760622685,-0.19693407501337468,13,-0.31151434216499335,-1,TRUE,FALSE
pre_covid,7,6,4,z_jk,yield_3m,pib,-1,ext,24,0.36887924062261046,0.6993774652292339,-0.00644495670952816,-1.1056041404847838,24,-1.1056041404847838,-1,TRUE,FALSE
pre_covid,7,6,4,z_jk,yield_3m,vendas_varejo,-1,ext,24,-2.2507665945312407,-3.8706338393039794,-4.767471110036847,-2.5160611013844627,12,-4.767471110036847,-1,TRUE,FALSE
pre_covid,7,6,4,z_jk,yield_3m,cambio_usd,-1,soft,0,0.15136699781822135,0.0185251709776007,-0.10088359223751411,-0.17251406634463265,23,-0.17305612523820774,1,FALSE,FALSE
pre_covid,7,6,4,z_jk,yield_3m,cds_5y,-1,soft,0,54.34026292966836,40.04598669228117,2.448781948788201,-52.165704563042475,0,54.34026292966836,1,FALSE,FALSE
pre_covid,7,6,4,z_jk,yield_3m,embi_perc,-1,soft,0,0.5898001781305188,0.42903399121972274,0.03383420968920531,-0.5544809786274734,0,0.5898001781305188,1,FALSE,FALSE
pre_covid,7,6,4,z_jk,yield_6m,yield_6m,1,hard,0,0.005,0.005810564722395866,-1.3790484140472977e-4,-0.009635968351175125,24,-0.009635968351175125,1,TRUE,TRUE
pre_covid,7,6,4,z_jk,yield_6m,yield_2y,1,hard,0,0.007724275172508526,0.006120184187687921,-0.002110014265615204,-0.013153857213574467,24,-0.013153857213574467,1,TRUE,FALSE
pre_covid,7,6,4,z_jk,yield_6m,yield_5y,1,hard,0,0.008251648885043778,0.0035705706887952477,-0.004109231399019465,-0.01232486006049622,24,-0.01232486006049622,1,TRUE,FALSE
pre_covid,7,6,4,z_jk,yield_6m,asset_ibov,-1,hard,0,-7.74825240575092,-0.48165228577951147,-1.5552494737691327,-3.7499051710765072,0,-7.74825240575092,-1,TRUE,FALSE
pre_covid,7,6,4,z_jk,yield_6m,price_ipca,-1,ext,24,-0.02689679923511652,-0.19044157843299697,-0.2348717962271718,-0.1498152609352044,13,-0.23698083967102934,-1,TRUE,FALSE
pre_covid,7,6,4,z_jk,yield_6m,pib,-1,ext,24,0.2804968577931888,0.5315992441034201,-0.0049029621504326215,-0.8421927877244828,24,-0.8421927877244828,-1,TRUE,FALSE
pre_covid,7,6,4,z_jk,yield_6m,vendas_varejo,-1,ext,24,-1.7122439813477608,-2.9445387680145014,-3.6267970807119663,-1.9140636297056821,12,-3.6267970807119663,-1,TRUE,FALSE
pre_covid,7,6,4,z_jk,yield_6m,cambio_usd,-1,soft,0,0.11515064761431074,0.014092804019263995,-0.07674599580655345,-0.13123802908490587,23,-0.1316503939566412,1,FALSE,FALSE
pre_covid,7,6,4,z_jk,yield_6m,cds_5y,-1,soft,0,41.33871027420211,30.464509228808534,1.8628818126380984,-39.68444079801946,0,41.33871027420211,1,FALSE,FALSE
pre_covid,7,6,4,z_jk,yield_6m,embi_perc,-1,soft,0,0.4486834875084604,0.3263825183137539,0.025738973576718317,-0.42181482555033084,0,0.4486834875084604,1,FALSE,FALSE
pre_covid,7,6,4,z_jk,yield_1y,yield_6m,1,hard,0,0.003889037069476329,0.0045195003199977905,-1.072634080566496e-4,-0.007494927623604153,24,-0.007494927623604153,1,TRUE,FALSE
pre_covid,7,6,4,z_jk,yield_1y,yield_2y,1,hard,0,0.006007998496144265,0.004760324635588239,-0.0016411847392202806,-0.010231167662037943,24,-0.010231167662037943,1,TRUE,FALSE
pre_covid,7,6,4,z_jk,yield_1y,yield_5y,1,hard,0,0.006418193679647655,0.0027772163535820693,-0.003196190647568554,-0.009586367530275615,24,-0.009586367530275615,1,TRUE,FALSE
pre_covid,7,6,4,z_jk,yield_1y,asset_ibov,-1,hard,0,-6.026648165924895,-0.37463271879890525,-1.209684571154342,-2.9167040434675022,0,-6.026648165924895,-1,TRUE,FALSE
pre_covid,7,6,4,z_jk,yield_1y,price_ipca,-1,ext,24,-0.020920529855126144,-0.1481268716191018,-0.18268502442039233,-0.11652742067005577,13,-0.18432545404725198,-1,TRUE,FALSE
pre_covid,7,6,4,z_jk,yield_1y,pib,-1,ext,24,0.21810462585958312,0.4132381635732596,-0.003813581083567108,-0.6556788141854675,24,-0.6556788141854675,-1,TRUE,FALSE
pre_covid,7,6,4,z_jk,yield_1y,vendas_varejo,-1,ext,24,-1.3317960630898356,-2.290284084263711,-2.820949658071474,-1.4887728818523622,12,-2.820949658071474,-1,TRUE,FALSE
pre_covid,7,6,4,z_jk,yield_1y,cambio_usd,-1,soft,0,0.08956502742925208,0.010961487448756536,-0.05969360452511225,-0.10207791200724231,23,-0.10239865246170801,1,FALSE,FALSE
pre_covid,7,6,4,z_jk,yield_1y,cds_5y,-1,soft,0,32.153555332142794,23.695521138848026,1.4489632850805643,-30.86685226898729,0,32.153555332142794,1,FALSE,FALSE
pre_covid,7,6,4,z_jk,yield_1y,embi_perc,-1,soft,0,0.34898934307646434,0.25386274251024515,0.020019964474025854,-0.32809069860398554,0,0.34898934307646434,1,FALSE,FALSE
pre_covid,7,6,4,z_jk,yield_2y,yield_6m,1,hard,0,0.003236549636265875,0.003761236227753933,-8.926717285755624e-5,-0.006237457972413068,24,-0.006237457972413068,1,TRUE,FALSE
pre_covid,7,6,4,z_jk,yield_2y,yield_2y,1,hard,0,0.005,0.0039616559813083,-0.0013658331807785396,-0.00851462235601754,24,-0.00851462235601754,1,TRUE,TRUE
pre_covid,7,6,4,z_jk,yield_2y,yield_5y,1,hard,0,0.005341374239496432,0.0023112658528163708,-0.0026599462779657523,-0.007978004269165373,24,-0.007978004269165373,1,TRUE,FALSE
pre_covid,7,6,4,z_jk,yield_2y,asset_ibov,-1,hard,0,-5.015520701105866,-0.311778306069261,-1.006728423726036,-2.4273508434958386,0,-5.015520701105866,-1,TRUE,FALSE
pre_covid,7,6,4,z_jk,yield_2y,price_ipca,-1,ext,24,-0.01741056515622653,-0.1232747242814431,-0.15203484532963313,-0.09697690565738258,13,-0.15340005008785038,-1,TRUE,FALSE
pre_covid,7,6,4,z_jk,yield_2y,pib,-1,ext,24,0.18147870260616372,0.3437876538083584,-0.003173763514063843,-0.5459724943412847,24,-0.5459724943412847,-1,TRUE,FALSE
pre_covid,7,6,4,z_jk,yield_2y,vendas_varejo,-1,ext,24,-1.1083525270059058,-1.9060291757176202,-2.3476617544776905,-1.2389923889027332,12,-2.3476617544776905,-1,TRUE,FALSE
pre_covid,7,6,4,z_jk,yield_2y,cambio_usd,-1,soft,0,0.07453815733037548,0.00912241194450303,-0.04967844496251259,-0.08495167905980049,23,-0.08521860693492524,1,FALSE,FALSE
pre_covid,7,6,4,z_jk,yield_2y,cds_5y,-1,soft,0,26.758957540333842,19.71997925270373,1.2058618906200302,-25.688132486048907,0,26.758957540333842,1,FALSE,FALSE
pre_covid,7,6,4,z_jk,yield_2y,embi_perc,-1,soft,0,0.29043727565880234,0.2112706441863841,0.01666109311351693,-0.27304492404129543,0,0.29043727565880234,1,FALSE,FALSE
pre_covid,7,6,4,z_jk,juros_selic,yield_6m,1,hard,0,0.00889412790420458,0.01033598116732956,-2.4530865961254277e-4,-0.017140706999243773,24,-0.017140706999243773,1,TRUE,FALSE
pre_covid,7,6,4,z_jk,juros_selic,yield_2y,1,hard,0,0.013740138270312544,0.010886740192517352,-0.0037533473516155845,-0.02339841769823507,24,-0.02339841769823507,1,TRUE,FALSE
pre_covid,7,6,4,z_jk,juros_selic,yield_5y,1,hard,0,0.014678244120833295,0.006351422479429754,-0.007309605930170527,-0.021923776355895194,24,-0.021923776355895194,1,TRUE,FALSE
pre_covid,7,6,4,z_jk,juros_selic,asset_ibov,-1,hard,0,-13.782789586161904,-0.8567754070150941,-2.766517548529906,-6.670427244038521,0,-13.782789586161904,-1,TRUE,FALSE
pre_covid,7,6,4,z_jk,juros_selic,price_ipca,-1,ext,24,-0.04784471452216764,-0.3387623513723366,-0.4177959593469481,-0.2664952185518983,13,-0.4215475797759867,-1,TRUE,FALSE
pre_covid,7,6,4,z_jk,juros_selic,pib,-1,ext,24,0.499499877241405,0.9475791156101865,-0.008721347976692329,-1.4931977917244543,24,-1.4931977917244543,-1,TRUE,FALSE
pre_covid,7,6,4,z_jk,juros_selic,vendas_varejo,-1,ext,24,-3.0457833946622923,-5.237820884321989,-6.4514394236896,-3.4047853478776813,12,-6.4514394236896,-1,TRUE,FALSE
pre_covid,7,6,4,z_jk,juros_selic,cambio_usd,-1,soft,0,0.2048329176267339,0.025068640295244467,-0.1365177405678069,-0.23344956331537467,23,-0.23418308849785763,1,FALSE,FALSE
pre_covid,7,6,4,z_jk,juros_selic,cds_5y,-1,soft,0,73.53435531472188,54.19104832396878,3.3137418224039434,-70.59169845288389,0,73.53435531472188,1,FALSE,FALSE
pre_covid,7,6,4,z_jk,juros_selic,embi_perc,-1,soft,0,0.7981296652809649,0.5805775727157841,0.04578514462285494,-0.7503350020668769,0,0.7981296652809649,1,FALSE,FALSE
pre_covid,7,6,4,z_jk_purif,yield_3m,yield_6m,1,hard,0,0.006616482688750873,0.007747490497105234,-4.3646312480368236e-5,-0.012778062638206982,24,-0.012778062638206982,1,TRUE,FALSE
pre_covid,7,6,4,z_jk_purif,yield_3m,yield_2y,1,hard,0,0.010272090922695121,0.008238032168771586,-0.002572871348609839,-0.01746222589308644,24,-0.01746222589308644,1,TRUE,FALSE
pre_covid,7,6,4,z_jk_purif,yield_3m,yield_5y,1,hard,0,0.011034654438614167,0.004910551915912542,-0.005212351909252621,-0.016379646192017188,24,-0.016379646192017188,1,TRUE,FALSE
pre_covid,7,6,4,z_jk_purif,yield_3m,asset_ibov,-1,hard,0,-10.519915607673065,-0.5494009292780897,-2.010943982129798,-4.975454319832895,0,-10.519915607673065,-1,TRUE,FALSE
pre_covid,7,6,4,z_jk_purif,yield_3m,price_ipca,-1,ext,24,-0.010404793368270186,-0.2486864497821782,-0.3084638972358767,-0.19995531978128256,13,-0.3117467416380716,-1,TRUE,FALSE
pre_covid,7,6,4,z_jk_purif,yield_3m,pib,-1,ext,24,0.3403707611119522,0.692573274980357,-7.078582197062033e-4,-1.1140029615193114,24,-1.1140029615193114,-1,TRUE,FALSE
pre_covid,7,6,4,z_jk_purif,yield_3m,vendas_varejo,-1,ext,24,-2.198922302252015,-3.89484170447185,-4.804556523517306,-2.5556020099830548,12,-4.804556523517306,-1,TRUE,FALSE
pre_covid,7,6,4,z_jk_purif,yield_3m,cambio_usd,-1,soft,0,0.14866816770431754,0.02338449724440347,-0.09733457254688788,-0.1749748361487412,23,-0.17529787503417935,1,FALSE,FALSE
pre_covid,7,6,4,z_jk_purif,yield_3m,cds_5y,-1,soft,0,55.22054206633668,41.188563345645946,3.491882195260284,-52.713601813315655,0,55.22054206633668,1,FALSE,FALSE
pre_covid,7,6,4,z_jk_purif,yield_3m,embi_perc,-1,soft,0,0.5932989955834456,0.438081361863903,0.043770647301374414,-0.559927391415758,0,0.5932989955834456,1,FALSE,FALSE
pre_covid,7,6,4,z_jk_purif,yield_6m,yield_6m,1,hard,0,0.005,0.0058546896149802245,-3.2983017211375966e-5,-0.009656235222931834,24,-0.009656235222931834,1,TRUE,TRUE
pre_covid,7,6,4,z_jk_purif,yield_6m,yield_2y,1,hard,0,0.007762501170115197,0.006225386324049195,-0.001944289337433127,-0.013196003612897786,24,-0.013196003612897786,1,TRUE,FALSE
pre_covid,7,6,4,z_jk_purif,yield_6m,yield_5y,1,hard,0,0.008338761663636575,0.0037108477018018213,-0.003938914491618402,-0.01237791056256017,24,-0.01237791056256017,1,TRUE,FALSE
pre_covid,7,6,4,z_jk_purif,yield_6m,asset_ibov,-1,hard,0,-7.949779439126078,-0.41517597424698416,-1.5196472784163246,-3.7598937032601922,0,-7.949779439126078,-1,TRUE,FALSE
pre_covid,7,6,4,z_jk_purif,yield_6m,price_ipca,-1,ext,24,-0.007862782884598242,-0.1879294947789909,-0.2331026254782748,-0.15110393934925578,13,-0.2355834333006668,-1,TRUE,FALSE
pre_covid,7,6,4,z_jk_purif,yield_6m,pib,-1,ext,24,0.2571074816847041,0.522928158879199,-5.349207918170507e-4,-0.8429901645418569,24,-0.8429901645418569,-1,TRUE,FALSE
pre_covid,7,6,4,z_jk_purif,yield_6m,vendas_varejo,-1,ext,24,-1.661700336638491,-2.943287157006949,-3.630748200766742,-1.9312390965127177,12,-3.630748200766742,-1,TRUE,FALSE
pre_covid,7,6,4,z_jk_purif,yield_6m,cambio_usd,-1,soft,0,0.11234682738388953,0.017671396075864466,-0.0735546189158576,-0.13222647468437246,23,-0.13247059146109083,1,FALSE,FALSE
pre_covid,7,6,4,z_jk_purif,yield_6m,cds_5y,-1,soft,0,41.729529618675514,31.12572440918903,2.6387752825206263,-39.83506365318358,0,41.729529618675514,1,FALSE,FALSE
pre_covid,7,6,4,z_jk_purif,yield_6m,embi_perc,-1,soft,0,0.4483492389333633,0.33105305528019785,0.033076975608046115,-0.42313070082366283,0,0.4483492389333633,1,FALSE,FALSE
pre_covid,7,6,4,z_jk_purif,yield_1y,yield_6m,1,hard,0,0.0038857796721698803,0.004550006778550851,-2.5632947561358802e-5,-0.007504400507791862,24,-0.007504400507791862,1,TRUE,FALSE
pre_covid,7,6,4,z_jk_purif,yield_1y,yield_2y,1,hard,0,0.006032673850405707,0.004838095925878947,-0.001511015996842858,-0.010255352518575704,24,-0.010255352518575704,1,TRUE,FALSE
pre_covid,7,6,4,z_jk_purif,yield_1y,yield_5y,1,hard,0,0.006480518112725699,0.0028839073132359665,-0.003061150772389229,-0.009619566649586629,24,-0.009619566649586629,1,TRUE,FALSE
pre_covid,7,6,4,z_jk_purif,yield_1y,asset_ibov,-1,hard,0,-6.1782182685580365,-0.3226564722204513,-1.1810029006676872,-2.9220237043295976,0,-6.1782182685580365,-1,TRUE,FALSE
pre_covid,7,6,4,z_jk_purif,yield_1y,price_ipca,-1,ext,24,-0.0061106083799314205,-0.1460505221226717,-0.1811570887225818,-0.11743132318162572,13,-0.18308506324394397,-1,TRUE,FALSE
pre_covid,7,6,4,z_jk_purif,yield_1y,pib,-1,ext,24,0.19975542388961376,0.40616043524934753,-4.157171155871886e-4,-0.6557522863608667,24,-0.6557522863608667,-1,TRUE,FALSE
pre_covid,7,6,4,z_jk_purif,yield_1y,vendas_varejo,-1,ext,24,-1.291400277869539,-2.2873930808112557,-2.8216575106613546,-1.5008739246657685,12,-2.8216575106613546,-1,TRUE,FALSE
pre_covid,7,6,4,z_jk_purif,yield_1y,cambio_usd,-1,soft,0,0.08731100361621928,0.013733430330091346,-0.05716340859548832,-0.10276058949024394,23,-0.10295030629196554,1,FALSE,FALSE
pre_covid,7,6,4,z_jk_purif,yield_1y,cds_5y,-1,soft,0,32.43035158429205,24.18954143815772,2.0507398704485964,-30.9580561166268,0,32.43035158429205,1,FALSE,FALSE
pre_covid,7,6,4,z_jk_purif,yield_1y,embi_perc,-1,soft,0,0.34843727173601996,0.2572798465235049,0.025705967886920915,-0.32883853518631684,0,0.34843727173601996,1,FALSE,FALSE
pre_covid,7,6,4,z_jk_purif,yield_2y,yield_6m,1,hard,0,0.0032206114307908045,0.0037711360595475045,-2.1245096450585458e-5,-0.006219796307475811,24,-0.006219796307475811,1,TRUE,FALSE
pre_covid,7,6,4,z_jk_purif,yield_2y,yield_2y,1,hard,0,0.005,0.004009910071264318,-0.001252360092980362,-0.008499840015291076,24,-0.008499840015291076,1,TRUE,TRUE
pre_covid,7,6,4,z_jk_purif,yield_2y,yield_5y,1,hard,0,0.00537118222650962,0.0023902397052693466,-0.0025371426073227555,-0.007972888049417504,24,-0.007972888049417504,1,TRUE,FALSE
pre_covid,7,6,4,z_jk_purif,yield_2y,asset_ibov,-1,hard,0,-5.1206301067830315,-0.26742409768990916,-0.9788386791275505,-2.4218313278556294,0,-5.1206301067830315,-1,TRUE,FALSE
pre_covid,7,6,4,z_jk_purif,yield_2y,price_ipca,-1,ext,24,-0.00506459368719268,-0.1210495758135918,-0.15014659603253594,-0.09732941486114673,13,-0.15174453963861412,-1,TRUE,FALSE
pre_covid,7,6,4,z_jk_purif,yield_2y,pib,-1,ext,24,0.1655329818118778,0.3365170022035402,-3.4455473130190484e-4,-0.5438063576237995,24,-0.5438063576237995,-1,TRUE,FALSE
pre_covid,7,6,4,z_jk_purif,yield_2y,vendas_varejo,-1,ext,24,-1.0703382197453706,-1.8958368523912699,-2.3386458315425034,-1.243954141963793,12,-2.3386458315425034,-1,TRUE,FALSE
pre_covid,7,6,4,z_jk_purif,yield_2y,cambio_usd,-1,soft,0,0.0723650952971272,0.011382540039992175,-0.04737816929357451,-0.08517001916433219,23,-0.08532726022064159,1,FALSE,FALSE
pre_covid,7,6,4,z_jk_purif,yield_2y,cds_5y,-1,soft,0,26.878920018285964,20.048772764775713,1.6996939676348328,-25.658652269544472,0,26.878920018285964,1,FALSE,FALSE
pre_covid,7,6,4,z_jk_purif,yield_2y,embi_perc,-1,soft,0,0.28879173677902953,0.21323865080672508,0.021305617147852392,-0.27254791435824255,0,0.28879173677902953,1,FALSE,FALSE
pre_covid,7,6,4,z_jk_purif,juros_selic,yield_6m,1,hard,0,0.00895010246856328,0.01048001439514126,-5.904027675284023e-5,-0.017284858941157978,24,-0.017284858941157978,1,TRUE,FALSE
pre_covid,7,6,4,z_jk_purif,juros_selic,yield_2y,1,hard,0,0.013895036176974674,0.011143569101326556,-0.003480317759712299,-0.02362111690219329,24,-0.02362111690219329,1,TRUE,FALSE
pre_covid,7,6,4,z_jk_purif,juros_selic,yield_5y,1,hard,0,0.01492655427009491,0.00664249343527177,-0.007050737662978707,-0.02215671357632505,24,-0.02215671357632505,1,TRUE,FALSE
pre_covid,7,6,4,z_jk_purif,juros_selic,asset_ibov,-1,hard,0,-14.230268116531184,-0.7431735023992194,-2.720199771579883,-6.730286783016916,0,-14.230268116531184,-1,TRUE,FALSE
pre_covid,7,6,4,z_jk_purif,juros_selic,price_ipca,-1,ext,24,-0.014074542501043967,-0.3363976470274593,-0.41725847674433775,-0.27047914811588203,13,-0.4216991735873821,-1,TRUE,FALSE
pre_covid,7,6,4,z_jk_purif,juros_selic,pib,-1,ext,24,0.4606949848803943,0.9379849423576392,-9.575171566300611e-4,-1.5039419838010382,24,-1.5039419838010382,-1,TRUE,FALSE
pre_covid,7,6,4,z_jk_purif,juros_selic,vendas_varejo,-1,ext,24,-2.9744776569921183,-5.268544329923698,-6.49911368688282,-3.4569575610168783,12,-6.49911368688282,-1,TRUE,FALSE
pre_covid,7,6,4,z_jk_purif,juros_selic,cambio_usd,-1,soft,0,0.20110312342076048,0.0316321611283108,-0.13166427526660968,-0.23668809949640437,23,-0.23712507352958936,1,FALSE,FALSE
pre_covid,7,6,4,z_jk_purif,juros_selic,cds_5y,-1,soft,0,74.69671321041844,55.71568457410061,4.723461834014325,-71.30558030754675,0,74.69671321041844,1,FALSE,FALSE
pre_covid,7,6,4,z_jk_purif,juros_selic,embi_perc,-1,soft,0,0.8025543260311926,0.592591753457743,0.059208464208436194,-0.7574126259933549,0,0.8025543260311926,1,FALSE,FALSE
pre_covid,7,6,4,z_jk_raw_purif,yield_3m,yield_6m,1,hard,0,0.0063117823341115355,0.005474725073665472,-6.009561166662422e-4,-0.009343622016531059,24,-0.009343622016531059,1,TRUE,FALSE
pre_covid,7,6,4,z_jk_raw_purif,yield_3m,yield_2y,1,hard,0,0.008817789416237138,0.004911177586744997,-0.002864248274101521,-0.012727367535698227,24,-0.012727367535698227,1,TRUE,FALSE
pre_covid,7,6,4,z_jk_raw_purif,yield_3m,yield_5y,1,hard,0,0.008527861641114643,0.00179524391516443,-0.004931547577889488,-0.011932471933674969,24,-0.011932471933674969,1,TRUE,FALSE
pre_covid,7,6,4,z_jk_raw_purif,yield_3m,asset_ibov,-1,hard,0,-7.062017603041136,-0.46982253154393366,-1.9406001938558188,-3.783426750891757,0,-7.062017603041136,-1,TRUE,FALSE
pre_covid,7,6,4,z_jk_raw_purif,yield_3m,price_ipca,-1,ext,24,-0.356582359682723,-0.21856450235981173,-0.2547320215769373,-0.15277132078039457,0,-0.356582359682723,-1,TRUE,FALSE
pre_covid,7,6,4,z_jk_raw_purif,yield_3m,pib,-1,ext,24,0.5858751322614042,0.6103025439718301,-0.03101002709409162,-0.8317166541290444,24,-0.8317166541290444,-1,TRUE,FALSE
pre_covid,7,6,4,z_jk_raw_purif,yield_3m,vendas_varejo,-1,ext,24,-1.4466537068963046,-3.076516089583422,-3.7636046924203628,-2.039696830783963,11,-3.766421635226341,-1,TRUE,FALSE
pre_covid,7,6,4,z_jk_raw_purif,yield_3m,cambio_usd,-1,soft,0,0.10934033464851889,-0.03492917990829928,-0.0917562556287316,-0.12374172331188849,22,-0.12415555860214522,1,FALSE,FALSE
pre_covid,7,6,4,z_jk_raw_purif,yield_3m,cds_5y,-1,soft,0,42.58138179793387,22.153256642736014,-0.7012360310573336,-37.137585577768704,0,42.58138179793387,1,FALSE,FALSE
pre_covid,7,6,4,z_jk_raw_purif,yield_3m,embi_perc,-1,soft,0,0.4520939166311385,0.26237040567342507,-4.763512706364307e-4,-0.39807320424109655,0,0.4520939166311385,1,FALSE,FALSE
pre_covid,7,6,4,z_jk_raw_purif,yield_6m,yield_6m,1,hard,0,0.005,0.004336908961576311,-4.760589678595393e-4,-0.007401730226052143,24,-0.007401730226052143,1,TRUE,TRUE
pre_covid,7,6,4,z_jk_raw_purif,yield_6m,yield_2y,1,hard,0,0.006985181799269347,0.0038904839606103982,-0.0022689694625731265,-0.010082229441685719,24,-0.010082229441685719,1,TRUE,FALSE
pre_covid,7,6,4,z_jk_raw_purif,yield_6m,yield_5y,1,hard,0,0.006755509925482125,0.001422137060606617,-0.003906620441612287,-0.009452537573410014,24,-0.009452537573410014,1,TRUE,FALSE
pre_covid,7,6,4,z_jk_raw_purif,yield_6m,asset_ibov,-1,hard,0,-5.594313324839335,-0.3721789715440712,-1.5372838376950966,-2.997114404947492,0,-5.594313324839335,-1,TRUE,FALSE
pre_covid,7,6,4,z_jk_raw_purif,yield_6m,price_ipca,-1,ext,24,-0.2824735873380816,-0.17314008214335666,-0.20179087941630844,-0.1210207455624332,0,-0.2824735873380816,-1,TRUE,FALSE
pre_covid,7,6,4,z_jk_raw_purif,yield_6m,pib,-1,ext,24,0.4638303816286937,0.48315705993413616,-0.024565982198132552,-0.6594317306024999,24,-0.6594317306024999,-1,TRUE,FALSE
pre_covid,7,6,4,z_jk_raw_purif,yield_6m,vendas_varejo,-1,ext,24,-1.1459946100152865,-2.437121502872993,-2.98141197937091,-1.6157851481669294,11,-2.983643474895363,-1,TRUE,FALSE
pre_covid,7,6,4,z_jk_raw_purif,yield_6m,cambio_usd,-1,soft,0,0.08661605301057165,-0.027669822927453673,-0.07268648598102162,-0.09802439054586531,22,-0.09835221814538518,1,FALSE,FALSE
pre_covid,7,6,4,z_jk_raw_purif,yield_6m,cds_5y,-1,soft,0,33.73166210739407,17.549129128717308,-0.5554976343746505,-29.419254033097374,0,33.73166210739407,1,FALSE,FALSE
pre_covid,7,6,4,z_jk_raw_purif,yield_6m,embi_perc,-1,soft,0,0.35813490762176015,0.20784177256514746,-3.7735083802084514e-4,-0.3153413593571985,0,0.35813490762176015,1,FALSE,FALSE
pre_covid,7,6,4,z_jk_raw_purif,yield_1y,yield_6m,1,hard,0,0.0040921415291345475,0.003549449053948441,-3.8962013453898984e-4,-0.006057785529095682,24,-0.006057785529095682,1,TRUE,FALSE
pre_covid,7,6,4,z_jk_raw_purif,yield_1y,yield_2y,1,hard,0,0.005716870505868974,0.003184082196729133,-0.0018569888332267172,-0.00825158196091703,24,-0.00825158196091703,1,TRUE,FALSE
pre_covid,7,6,4,z_jk_raw_purif,yield_1y,yield_5y,1,hard,0,0.0055289005433092064,0.0011639172251659343,-0.003197288749537517,-0.007736224311971164,24,-0.007736224311971164,1,TRUE,FALSE
pre_covid,7,6,4,z_jk_raw_purif,yield_1y,asset_ibov,-1,hard,0,-4.578544376713161,-0.3046018051452157,-1.2581566068598875,-2.4529232648106016,0,-4.578544376713161,-1,TRUE,FALSE
pre_covid,7,6,4,z_jk_raw_purif,yield_1y,price_ipca,-1,ext,24,-0.2311843795259556,-0.14170274409931932,-0.1651513675720115,-0.09904680376057166,0,-0.2311843795259556,-1,TRUE,FALSE
pre_covid,7,6,4,z_jk_raw_purif,yield_1y,pib,-1,ext,24,0.37945235304330804,0.3952562927523884,-0.02010594363628382,-0.5400215374078865,24,-0.5400215374078865,-1,TRUE,FALSE
pre_covid,7,6,4,z_jk_raw_purif,yield_1y,vendas_varejo,-1,ext,24,-0.9379144271615808,-1.9946092226906746,-2.4400719552485866,-1.322404301394542,11,-2.441898274350125,-1,TRUE,FALSE
pre_covid,7,6,4,z_jk_raw_purif,yield_1y,cambio_usd,-1,soft,0,0.07088902952285593,-0.022645766301046484,-0.05948867757795893,-0.08022593588416786,22,-0.0804942392710462,1,FALSE,FALSE
pre_covid,7,6,4,z_jk_raw_purif,yield_1y,cds_5y,-1,soft,0,27.60694707128029,14.362704021553773,-0.45463498779210115,-24.077550236999354,0,27.60694707128029,1,FALSE,FALSE
pre_covid,7,6,4,z_jk_raw_purif,yield_1y,embi_perc,-1,soft,0,0.2931077457023539,0.17010358980055545,-3.088346070637648e-4,-0.25808429449586656,0,0.2931077457023539,1,FALSE,FALSE
pre_covid,7,6,4,z_jk_raw_purif,yield_2y,yield_6m,1,hard,0,0.0035790049161805657,0.0031043636989018337,-3.407634772722274e-4,-0.005298165773456581,24,-0.005298165773456581,1,TRUE,FALSE
pre_covid,7,6,4,z_jk_raw_purif,yield_2y,yield_2y,1,hard,0,0.005,0.002784812244269251,-0.001624130572242559,-0.007216869747570726,24,-0.007216869747570726,1,TRUE,TRUE
pre_covid,7,6,4,z_jk_raw_purif,yield_2y,yield_5y,1,hard,0,0.004835600646921427,0.0010179671062787322,-0.002796362753236373,-0.00676613568912319,24,-0.00676613568912319,1,TRUE,FALSE
pre_covid,7,6,4,z_jk_raw_purif,yield_2y,asset_ibov,-1,hard,0,-4.0044149784508845,-0.2664060737710515,-1.1003892825351353,-2.1453374379325325,0,-4.0044149784508845,-1,TRUE,FALSE
pre_covid,7,6,4,z_jk_raw_purif,yield_2y,price_ipca,-1,ext,24,-0.20219487155483085,-0.12393384103579609,-0.1444421098942735,-0.08662676866555716,0,-0.20219487155483085,-1,TRUE,FALSE
pre_covid,7,6,4,z_jk_raw_purif,yield_2y,pib,-1,ext,24,0.3317918483799476,0.34560734411928085,-0.017584968113248944,-0.4724654421615404,24,-0.4724654421615404,-1,TRUE,FALSE
pre_covid,7,6,4,z_jk_raw_purif,yield_2y,vendas_varejo,-1,ext,24,-0.820304068632228,-1.744493968022362,-2.1340976262656235,-1.156580597756197,11,-2.1356949329561137,-1,TRUE,FALSE
pre_covid,7,6,4,z_jk_raw_purif,yield_2y,cambio_usd,-1,soft,0,0.06199985590899848,-0.019806086457440485,-0.05202905813319322,-0.07016595513385114,22,-0.07040061445191938,1,FALSE,FALSE
pre_covid,7,6,4,z_jk_raw_purif,yield_2y,cds_5y,-1,soft,0,24.145156902661014,12.561683885273363,-0.39762575287070967,-21.05833096296408,0,24.145156902661014,1,FALSE,FALSE
pre_covid,7,6,4,z_jk_raw_purif,yield_2y,embi_perc,-1,soft,0,0.25635331900683045,0.14877334515966914,-2.7010810088029215e-4,-0.22572165508289516,0,0.25635331900683045,1,FALSE,FALSE
pre_covid,7,6,4,z_jk_raw_purif,juros_selic,yield_6m,1,hard,0,0.009485845046858411,0.0082278492783689,-9.031643204565876e-4,-0.014042333200595778,24,-0.014042333200595778,1,TRUE,FALSE
pre_covid,7,6,4,z_jk_raw_purif,juros_selic,yield_2y,1,hard,0,0.013252070434400931,0.007380905601527647,-0.004304618547604456,-0.019127693242140902,24,-0.019127693242140902,1,TRUE,FALSE
pre_covid,7,6,4,z_jk_raw_purif,juros_selic,yield_5y,1,hard,0,0.01281634407312749,0.002698034358461811,-0.0074115192332047455,-0.01793306134419488,24,-0.01793306134419488,1,TRUE,FALSE
pre_covid,7,6,4,z_jk_raw_purif,juros_selic,asset_ibov,-1,hard,0,-10.613357868600241,-0.706086410753237,-2.916487255483104,-5.686032566607832,0,-10.613357868600241,-1,TRUE,FALSE
pre_covid,7,6,4,z_jk_raw_purif,juros_selic,price_ipca,-1,ext,24,-0.5359001358638535,-0.3284759981224436,-0.3828314028024784,-0.22959680797210377,0,-0.5359001358638535,-1,TRUE,FALSE
pre_covid,7,6,4,z_jk_raw_purif,juros_selic,pib,-1,ext,24,0.8817952519814654,0.9186169477475303,-0.0466006841442268,-1.2473518531747052,24,-1.2473518531747052,-1,TRUE,FALSE
pre_covid,7,6,4,z_jk_raw_purif,juros_selic,vendas_varejo,-1,ext,24,-2.1741454590279883,-4.6236313873239805,-5.656242411431975,-3.0654175089053304,11,-5.660475935585519,-1,TRUE,FALSE
pre_covid,7,6,4,z_jk_raw_purif,juros_selic,cambio_usd,-1,soft,0,0.1643252914857513,-0.052494330552767136,-0.13789854860332346,-0.18596883590616217,22,-0.18659078026838796,1,FALSE,FALSE
pre_covid,7,6,4,z_jk_raw_purif,juros_selic,cds_5y,-1,soft,0,63.99466398474512,33.29366392446435,-1.0538728967148685,-55.813297030425204,0,63.99466398474512,1,FALSE,FALSE
pre_covid,7,6,4,z_jk_raw_purif,juros_selic,embi_perc,-1,soft,0,0.6794424479141936,0.39431096976347524,-7.158983155535807e-4,-0.5982558543456159,0,0.6794424479141936,1,FALSE,FALSE
pre_covid,7,6,4,z_jk_raw,yield_3m,yield_6m,1,hard,0,0.006322870092863843,0.005478537160161773,-6.453521600045484e-4,-0.00942302273979517,24,-0.00942302273979517,1,TRUE,FALSE
pre_covid,7,6,4,z_jk_raw,yield_3m,yield_2y,1,hard,0,0.0089109914229266,0.00492710245599592,-0.002932616175296769,-0.01282810643252463,24,-0.01282810643252463,1,TRUE,FALSE
pre_covid,7,6,4,z_jk_raw,yield_3m,yield_5y,1,hard,0,0.008657428591221917,0.00180959348782005,-0.005003249170414332,-0.01201713352126302,24,-0.01201713352126302,1,TRUE,FALSE
pre_covid,7,6,4,z_jk_raw,yield_3m,asset_ibov,-1,hard,0,-7.124417336069752,-0.4916549382434991,-1.961415557364396,-3.8045466080882226,0,-7.124417336069752,-1,TRUE,FALSE
pre_covid,7,6,4,z_jk_raw,yield_3m,price_ipca,-1,ext,24,-0.35427255850748196,-0.21981667076659644,-0.25595365768468326,-0.15277039609840673,0,-0.35427255850748196,-1,TRUE,FALSE
pre_covid,7,6,4,z_jk_raw,yield_3m,pib,-1,ext,24,0.5891339996238587,0.6116006233730875,-0.033699464527192635,-0.8380644295781337,24,-0.8380644295781337,-1,TRUE,FALSE
pre_covid,7,6,4,z_jk_raw,yield_3m,vendas_varejo,-1,ext,24,-1.4925680994306576,-3.095045329359053,-3.77792026569463,-2.032964707046146,11,-3.78189039568878,-1,TRUE,FALSE
pre_covid,7,6,4,z_jk_raw,yield_3m,cambio_usd,-1,soft,0,0.11568651115210647,-0.03388058321286712,-0.09274874859069303,-0.12462115738104566,22,-0.1252073222016165,1,FALSE,FALSE
pre_covid,7,6,4,z_jk_raw,yield_3m,cds_5y,-1,soft,0,43.49180194512997,22.38735561613605,-0.9311210406368302,-37.52094652030069,0,43.49180194512997,1,FALSE,FALSE
pre_covid,7,6,4,z_jk_raw,yield_3m,embi_perc,-1,soft,0,0.462314056019681,0.26464567950745,-0.002652640535289104,-0.40205922608793954,0,0.462314056019681,1,FALSE,FALSE
pre_covid,7,6,4,z_jk_raw,yield_6m,yield_6m,1,hard,0,0.005,0.004332318298255878,-5.103316615131076e-4,-0.0074515390964858185,24,-0.0074515390964858185,1,TRUE,TRUE
pre_covid,7,6,4,z_jk_raw,yield_6m,yield_2y,1,hard,0,0.007046634907922416,0.0038962546941750218,-0.002319054584568009,-0.01014421160336883,24,-0.01014421160336883,1,TRUE,FALSE
pre_covid,7,6,4,z_jk_raw,yield_6m,yield_5y,1,hard,0,0.006846122460267624,0.0014309905638124727,-0.003956470002492327,-0.00950291034353677,24,-0.00950291034353677,1,TRUE,FALSE
pre_covid,7,6,4,z_jk_raw,yield_6m,asset_ibov,-1,hard,0,-5.633847628872335,-0.3887909533349371,-1.5510484388870345,-3.008559840872054,0,-5.633847628872335,-1,TRUE,FALSE
pre_covid,7,6,4,z_jk_raw,yield_6m,price_ipca,-1,ext,24,-0.28015169796650047,-0.17382665430267763,-0.2024030653212054,-0.12080779286516373,0,-0.28015169796650047,-1,TRUE,FALSE
pre_covid,7,6,4,z_jk_raw,yield_6m,pib,-1,ext,24,0.4655890215797376,0.4833329459096092,-0.02664980633831915,-0.6633076757185163,24,-0.6633076757185163,-1,TRUE,FALSE
pre_covid,7,6,4,z_jk_raw,yield_6m,vendas_varejo,-1,ext,24,-1.1802931876737506,-2.4475003312595365,-2.9875042585158362,-1.6076280843889257,11,-2.9906437584073733,-1,TRUE,FALSE
pre_covid,7,6,4,z_jk_raw,yield_6m,cambio_usd,-1,soft,0,0.09148259370588155,-0.02679209181531789,-0.07334386696903018,-0.09854793436425048,22,-0.09901146185411021,1,FALSE,FALSE
pre_covid,7,6,4,z_jk_raw,yield_6m,cds_5y,-1,soft,0,34.39245256218056,17.7034758640724,-0.7363120125524308,-29.670818765237495,0,34.39245256218056,1,FALSE,FALSE
pre_covid,7,6,4,z_jk_raw,yield_6m,embi_perc,-1,soft,0,0.36558876683348346,0.20927654342142507,-0.0020976554130717816,-0.3179404449110177,0,0.36558876683348346,1,FALSE,FALSE
pre_covid,7,6,4,z_jk_raw,yield_1y,yield_6m,1,hard,0,0.004072495809712939,0.003528669623197951,-4.1566471061519456e-4,-0.006069272349270127,24,-0.006069272349270127,1,TRUE,FALSE
pre_covid,7,6,4,z_jk_raw,yield_1y,yield_2y,1,hard,0,0.0057394782270181926,0.003173496183120429,-0.0018888680156297593,-0.008262451849512187,24,-0.008262451849512187,1,TRUE,FALSE
pre_covid,7,6,4,z_jk_raw,yield_1y,yield_5y,1,hard,0,0.0055761610064443065,0.0011655406149730099,-0.0032225415012809883,-0.007740112510826248,24,-0.007740112510826248,1,TRUE,FALSE
pre_covid,7,6,4,z_jk_raw,yield_1y,asset_ibov,-1,hard,0,-4.588764172228752,-0.31666990566216596,-1.2633276536058484,-2.4504694690444135,0,-4.588764172228752,-1,TRUE,FALSE
pre_covid,7,6,4,z_jk_raw,yield_1y,price_ipca,-1,ext,24,-0.22818332321050758,-0.14158166425281485,-0.16485712707873262,-0.0983978460448096,0,-0.22818332321050758,-1,TRUE,FALSE
pre_covid,7,6,4,z_jk_raw,yield_1y,pib,-1,ext,24,0.3790584068527947,0.3934981340153465,-0.021706781515784535,-0.5405968016716556,24,-0.5405968016716556,-1,TRUE,FALSE
pre_covid,7,6,4,z_jk_raw,yield_1y,vendas_varejo,-1,ext,24,-0.9613478122068152,-1.9934869686650982,-2.4333197148610606,-1.3094117274501478,11,-2.4358768348916366,-1,TRUE,FALSE
pre_covid,7,6,4,z_jk_raw,yield_1y,cambio_usd,-1,soft,0,0.07451249590577477,-0.021822136330265286,-0.05973851817990372,-0.08026720995085518,22,-0.08064475270288327,1,FALSE,FALSE
pre_covid,7,6,4,z_jk_raw,yield_1y,cds_5y,-1,soft,0,28.01262378904627,14.419466254757797,-0.5997255171522151,-24.16685701843635,0,28.01262378904627,1,FALSE,FALSE
pre_covid,7,6,4,z_jk_raw,yield_1y,embi_perc,-1,soft,0,0.2977717442014964,0.1704555692309923,-0.001708538575991299,-0.25896222592767737,0,0.2977717442014964,1,FALSE,FALSE
pre_covid,7,6,4,z_jk_raw,yield_2y,yield_6m,1,hard,0,0.003547792716193216,0.0030740334605565585,-3.6211019031179704e-4,-0.005287303226188274,24,-0.005287303226188274,1,TRUE,FALSE
pre_covid,7,6,4,z_jk_raw,yield_2y,yield_2y,1,hard,0,0.005,0.002764620804885554,-0.0016455049927169732,-0.007197912007590929,24,-0.007197912007590929,1,TRUE,TRUE
pre_covid,7,6,4,z_jk_raw,yield_2y,yield_5y,1,hard,0,0.004857724679740851,0.0010153715798470228,-0.0028073470913358464,-0.0067428712198873844,24,-0.0067428712198873844,1,TRUE,FALSE
pre_covid,7,6,4,z_jk_raw,yield_2y,asset_ibov,-1,hard,0,-3.9975447163711384,-0.27586994247270125,-1.1005596707892558,-2.134749337935459,0,-3.9975447163711384,-1,TRUE,FALSE
pre_covid,7,6,4,z_jk_raw,yield_2y,price_ipca,-1,ext,24,-0.1987840306949424,-0.12334018760305517,-0.1436168241763504,-0.08572020151728132,0,-0.1987840306949424,-1,TRUE,FALSE
pre_covid,7,6,4,z_jk_raw,yield_2y,pib,-1,ext,24,0.33013974536066915,0.3427128014857672,-0.01891032966807593,-0.4711102904261688,24,-0.4711102904261688,-1,TRUE,FALSE
pre_covid,7,6,4,z_jk_raw,yield_2y,vendas_varejo,-1,ext,24,-0.8374871148402808,-1.736644769624613,-2.1198091695917394,-1.1407062416285367,11,-2.122036828561277,-1,TRUE,FALSE
pre_covid,7,6,4,z_jk_raw,yield_2y,cambio_usd,-1,soft,0,0.06491225592163798,-0.019010557638792936,-0.052041767402033895,-0.069925528746675,22,-0.07025442863713093,1,FALSE,FALSE
pre_covid,7,6,4,z_jk_raw,yield_2y,cds_5y,-1,soft,0,24.40345853842498,12.561652544371691,-0.5224564789958164,-21.05318293975972,0,24.40345853842498,1,FALSE,FALSE
pre_covid,7,6,4,z_jk_raw,yield_2y,embi_perc,-1,soft,0,0.2594066328187785,0.14849395928412504,-0.0014884093191158678,-0.2255973589277078,0,0.2594066328187785,1,FALSE,FALSE
pre_covid,7,6,4,z_jk_raw,juros_selic,yield_6m,1,hard,0,0.00947029173487464,0.008205663634563763,-9.665979432144853e-4,-0.01411364982350898,24,-0.01411364982350898,1,TRUE,FALSE
pre_covid,7,6,4,z_jk_raw,juros_selic,yield_2y,1,hard,0,0.013346737665435357,0.007379733725442446,-0.004392424692991512,-0.019213728660840656,24,-0.019213728660840656,1,TRUE,FALSE
pre_covid,7,6,4,z_jk_raw,juros_selic,yield_5y,1,hard,0,0.012966955390282423,0.002710379621831372,-0.0074937850327765065,-0.017999066656730203,24,-0.017999066656730203,1,TRUE,FALSE
pre_covid,7,6,4,z_jk_raw,juros_selic,asset_ibov,-1,hard,0,-10.670836127050555,-0.7363927503923773,-2.9377762422364193,-5.698387878977276,0,-10.670836127050555,-1,TRUE,FALSE
pre_covid,7,6,4,z_jk_raw,juros_selic,price_ipca,-1,ext,24,-0.5306236619526492,-0.3292378255087119,-0.38336321532494066,-0.22881700845588154,0,-0.5306236619526492,-1,TRUE,FALSE
pre_covid,7,6,4,z_jk_raw,juros_selic,pib,-1,ext,24,0.8836878879106891,0.9174384439682548,-0.050470274721969854,-1.252617282634283,24,-1.252617282634283,-1,TRUE,FALSE
pre_covid,7,6,4,z_jk_raw,juros_selic,vendas_varejo,-1,ext,24,-2.2355441639911127,-4.635708431646026,-5.658507377465063,-3.044941392068159,11,-5.6644537734399565,-1,TRUE,FALSE
pre_covid,7,6,4,z_jk_raw,juros_selic,cambio_usd,-1,soft,0,0.17327337021154096,-0.050745785135721505,-0.13891756343211034,-0.186655537659746,22,-0.18753348577096715,1,FALSE,FALSE
pre_covid,7,6,4,z_jk_raw,juros_selic,cds_5y,-1,soft,0,65.14131184833734,33.5314162308155,-1.3946179133528398,-56.198261943878414,0,65.14131184833734,1,FALSE,FALSE
pre_covid,7,6,4,z_jk_raw,juros_selic,embi_perc,-1,soft,0,0.6924464553812301,0.39638198389341117,-0.003973081744205749,-0.6021977535246353,0,0.6924464553812301,1,FALSE,FALSE
pre_covid,7,6,4,z_bs_purif,yield_3m,yield_6m,1,hard,0,0.00612150555301405,0.007777356864616685,0.0020673237221265125,-0.010376704565772235,24,-0.010376704565772235,1,TRUE,FALSE
pre_covid,7,6,4,z_bs_purif,yield_3m,yield_2y,1,hard,0,0.006667173609330912,0.007803110160429362,2.0058500631244065e-4,-0.014722095848519282,24,-0.014722095848519282,1,TRUE,FALSE
pre_covid,7,6,4,z_bs_purif,yield_3m,yield_5y,1,hard,0,0.004794644805740146,0.004203645084782543,-0.0027821392371262157,-0.014490256617535278,24,-0.014490256617535278,1,TRUE,FALSE
pre_covid,7,6,4,z_bs_purif,yield_3m,asset_ibov,-1,hard,0,-2.7829668077907344,-1.2795475433713945,-1.5166836926395333,-4.73157519338921,24,-4.73157519338921,-1,TRUE,FALSE
pre_covid,7,6,4,z_bs_purif,yield_3m,price_ipca,-1,ext,24,-0.2318102581531325,-0.2272412118312875,-0.2987589535990037,-0.25071661596215367,13,-0.3024428126224337,-1,TRUE,FALSE
pre_covid,7,6,4,z_bs_purif,yield_3m,pib,-1,ext,24,0.6610168666538963,0.7524532721009392,0.1390407092506596,-0.9442745813767806,24,-0.9442745813767806,-1,TRUE,FALSE
pre_covid,7,6,4,z_bs_purif,yield_3m,vendas_varejo,-1,ext,24,-1.8274454231207486,-3.728268648150053,-4.954337749156444,-3.637647590663966,14,-5.027719987588074,-1,TRUE,FALSE
pre_covid,7,6,4,z_bs_purif,yield_3m,cambio_usd,-1,soft,0,0.007775870902475414,-0.01697184484936822,-0.07104467297549787,-0.15681469104631515,24,-0.15681469104631515,1,FALSE,FALSE
pre_covid,7,6,4,z_bs_purif,yield_3m,cds_5y,-1,soft,0,24.705389486481568,35.95415173249678,14.724227656403857,-38.97141446989075,24,-38.97141446989075,1,FALSE,FALSE
pre_covid,7,6,4,z_bs_purif,yield_3m,embi_perc,-1,soft,0,0.3056463057380677,0.40011829949988115,0.1536780397260939,-0.42019615104635466,24,-0.42019615104635466,1,FALSE,FALSE
pre_covid,7,6,4,z_bs_purif,yield_6m,yield_6m,1,hard,0,0.005,0.006352486979928772,0.001688574570604304,-0.008475614761684772,24,-0.008475614761684772,1,TRUE,TRUE
pre_covid,7,6,4,z_bs_purif,yield_6m,yield_2y,1,hard,0,0.005445697591541179,0.006373522079537558,1.6383633452205109e-4,-0.012024897895641502,24,-0.012024897895641502,1,TRUE,FALSE
pre_covid,7,6,4,z_bs_purif,yield_6m,yield_5y,1,hard,0,0.0039162300550224976,0.0034335058984899486,-0.0022724305426435267,-0.011835533343917905,24,-0.011835533343917905,1,TRUE,FALSE
pre_covid,7,6,4,z_bs_purif,yield_6m,asset_ibov,-1,hard,0,-2.273106496179264,-1.0451248735218275,-1.2388159085249568,-3.864715266867251,24,-3.864715266867251,-1,TRUE,FALSE
pre_covid,7,6,4,z_bs_purif,yield_6m,price_ipca,-1,ext,24,-0.1893408869318071,-0.18560892403291265,-0.24402408117714078,-0.20478345873484358,13,-0.24703302970420385,-1,TRUE,FALSE
pre_covid,7,6,4,z_bs_purif,yield_6m,pib,-1,ext,24,0.539587560850241,0.6141758355239002,0.1135529557430015,-0.771946067598539,24,-0.771946067598539,-1,TRUE,FALSE
pre_covid,7,6,4,z_bs_purif,yield_6m,vendas_varejo,-1,ext,24,-1.4926437681829499,-3.045221976736069,-4.046666058088499,-2.9712033740399826,14,-4.106604122177568,-1,TRUE,FALSE
pre_covid,7,6,4,z_bs_purif,yield_6m,cambio_usd,-1,soft,0,0.006351273257153875,-0.013862476070949394,-0.05802875808919062,-0.12808506803453296,24,-0.12808506803453296,1,FALSE,FALSE
pre_covid,7,6,4,z_bs_purif,yield_6m,cds_5y,-1,soft,0,20.179177550788435,29.367082510277243,12.026639140394213,-31.831560171257525,24,-31.831560171257525,1,FALSE,FALSE
pre_covid,7,6,4,z_bs_purif,yield_6m,embi_perc,-1,soft,0,0.24964961894674464,0.3268136376212831,0.12552307467108917,-0.3432130767564708,24,-0.3432130767564708,1,FALSE,FALSE
pre_covid,7,6,4,z_bs_purif,yield_1y,yield_6m,1,hard,0,0.0045009232497690765,0.00571841126836335,0.0015200289087603494,-0.007629618307390594,24,-0.007629618307390594,1,TRUE,FALSE
pre_covid,7,6,4,z_bs_purif,yield_1y,yield_2y,1,hard,0,0.004902133380195831,0.005737346742141429,1.4748295344144875e-4,-0.010824628502918415,24,-0.010824628502918415,1,TRUE,FALSE
pre_covid,7,6,4,z_bs_purif,yield_1y,yield_5y,1,hard,0,0.0035253301812190373,0.003090789305346534,-0.0020456070925739213,-0.010654165440211447,24,-0.010654165440211447,1,TRUE,FALSE
pre_covid,7,6,4,z_bs_purif,yield_1y,asset_ibov,-1,hard,0,-2.046215575570874,-0.9408053684292715,-1.1151630649727557,-3.4789573596760617,24,-3.4789573596760617,-1,TRUE,FALSE
pre_covid,7,6,4,z_bs_purif,yield_1y,price_ipca,-1,ext,24,-0.17044176002465367,-0.16708230430887178,-0.21966673209474585,-0.18434292611755673,13,-0.22237534137130918,-1,TRUE,FALSE
pre_covid,7,6,4,z_bs_purif,yield_1y,pib,-1,ext,24,0.4855978930699889,0.5527025731492108,0.10221283722955388,-0.6951624764567566,24,-0.6951624764567566,-1,TRUE,FALSE
pre_covid,7,6,4,z_bs_purif,yield_1y,vendas_varejo,-1,ext,24,-1.3436550079675125,-2.7412620791598235,-3.642746668980381,-2.6746316692017764,14,-3.6967019942213093,-1,TRUE,FALSE
pre_covid,7,6,4,z_bs_purif,yield_1y,cambio_usd,-1,soft,0,0.005717318693752089,-0.01247878816942072,-0.05223659728777268,-0.11530021213297666,24,-0.11530021213297666,1,FALSE,FALSE
pre_covid,7,6,4,z_bs_purif,yield_1y,cds_5y,-1,soft,0,18.164985879912376,26.435796889678727,10.82619594471662,-28.654281850247262,24,-28.654281850247262,1,FALSE,FALSE
pre_covid,7,6,4,z_bs_purif,yield_1y,embi_perc,-1,soft,0,0.22473075484267868,0.29419261998224777,0.11299394503392102,-0.30895514335959556,24,-0.30895514335959556,1,FALSE,FALSE
pre_covid,7,6,4,z_bs_purif,yield_2y,yield_6m,1,hard,0,0.004590780075418177,0.005832574131362079,0.0015503748989176087,-0.007781936674972526,24,-0.007781936674972526,1,TRUE,FALSE
pre_covid,7,6,4,z_bs_purif,yield_2y,yield_2y,1,hard,0,0.005,0.005851887634595769,1.504273160306759e-4,-0.011040732333649795,24,-0.011040732333649795,1,TRUE,TRUE
pre_covid,7,6,4,z_bs_purif,yield_2y,yield_5y,1,hard,0,0.0035957101814702228,0.0031524940935236884,-0.002086445771587924,-0.010866866131441158,24,-0.010866866131441158,1,TRUE,FALSE
pre_covid,7,6,4,z_bs_purif,yield_2y,asset_ibov,-1,hard,0,-2.087066402392678,-0.9595876891375895,-1.1374262779934878,-3.548411568859724,24,-3.548411568859724,-1,TRUE,FALSE
pre_covid,7,6,4,z_bs_purif,yield_2y,price_ipca,-1,ext,24,-0.17384447423770918,-0.1704179500540203,-0.22405217795804916,-0.18802316442702807,13,-0.22681486214724916,-1,TRUE,FALSE
pre_covid,7,6,4,z_bs_purif,yield_2y,pib,-1,ext,24,0.49531638201774086,0.5637678216139141,0.10425448659239223,-0.7089914475058912,24,-0.7089914475058912,-1,TRUE,FALSE
pre_covid,7,6,4,z_bs_purif,yield_2y,vendas_varejo,-1,ext,24,-1.370479854134279,-2.7959888752051008,-3.71547078226874,-2.7280282499116026,14,-3.7705032763445874,-1,TRUE,FALSE
pre_covid,7,6,4,z_bs_purif,yield_2y,cambio_usd,-1,soft,0,0.005831459744495664,-0.012727915788495149,-0.05327945328742354,-0.11760207565830312,24,-0.11760207565830312,1,FALSE,FALSE
pre_covid,7,6,4,z_bs_purif,yield_2y,cds_5y,-1,soft,0,18.527633247697064,26.96356345226848,11.04233106799323,-29.22633844073678,24,-29.22633844073678,1,FALSE,FALSE
pre_covid,7,6,4,z_bs_purif,yield_2y,embi_perc,-1,soft,0,0.2292172992992911,0.3000659071933446,0.11524976604105285,-0.31512315087931514,24,-0.31512315087931514,1,FALSE,FALSE
pre_covid,7,6,4,z_bs_purif,juros_selic,yield_6m,1,hard,0,0.007528028193583836,0.009564340216855606,0.002542327394895584,-0.012760933376783658,24,-0.012760933376783658,1,TRUE,FALSE
pre_covid,7,6,4,z_bs_purif,juros_selic,yield_2y,1,hard,0,0.008199073000570717,0.009596010781437563,2.4667290908308667e-4,-0.018104754076671233,24,-0.018104754076671233,1,TRUE,FALSE
pre_covid,7,6,4,z_bs_purif,juros_selic,yield_5y,1,hard,0,0.005896298053353947,0.005169505841333746,-0.0034213842385962963,-0.01781964573982311,24,-0.01781964573982311,1,TRUE,FALSE
pre_covid,7,6,4,z_bs_purif,juros_selic,asset_ibov,-1,hard,0,-3.4224019580512133,-1.5735459027376113,-1.8651682172072095,-5.818737097830108,24,-5.818737097830108,-1,TRUE,FALSE
pre_covid,7,6,4,z_bs_purif,juros_selic,price_ipca,-1,ext,24,-0.2850727070041626,-0.27945384262010536,-0.36740403260298127,-0.3083231301871029,13,-0.3719343224719359,-1,TRUE,FALSE
pre_covid,7,6,4,z_bs_purif,juros_selic,pib,-1,ext,24,0.8135132878234863,0.9261409005027366,0.17101503963823372,-1.159975332996399,24,-1.159975332996399,-1,TRUE,FALSE
pre_covid,7,6,4,z_bs_purif,juros_selic,vendas_varejo,-1,ext,24,-2.247332873971692,-4.584903379318045,-6.092683235061797,-4.473460553728881,14,-6.182926322328066,-1,TRUE,FALSE
pre_covid,7,6,4,z_bs_purif,juros_selic,cambio_usd,-1,soft,0,0.009562512829001881,-0.020871422138997665,-0.0873684253868166,-0.19284560066821355,24,-0.19284560066821355,1,FALSE,FALSE
pre_covid,7,6,4,z_bs_purif,juros_selic,cds_5y,-1,soft,0,30.38188350513387,44.21524502013396,18.107375704589302,-47.92577648299739,24,-47.92577648299739,1,FALSE,FALSE
pre_covid,7,6,4,z_bs_purif,juros_selic,embi_perc,-1,soft,0,0.375873873989711,0.492052455612142,0.18898824901385763,-0.516743543645873,24,-0.516743543645873,1,FALSE,FALSE
pre_covid,7,6,4,z_jk_bs_purif,yield_3m,yield_6m,1,hard,0,0.0063722468523422365,0.005441238038318704,-5.239166170786041e-4,-0.009499012442513326,24,-0.009499012442513326,1,TRUE,FALSE
pre_covid,7,6,4,z_jk_bs_purif,yield_3m,yield_2y,1,hard,0,0.009357631088590345,0.005222438888095259,-0.002600244260952967,-0.012927630205152809,24,-0.012927630205152809,1,TRUE,FALSE
pre_covid,7,6,4,z_jk_bs_purif,yield_3m,yield_5y,1,hard,0,0.009408350053399475,0.002360630319577635,-0.0045379643780574085,-0.012086492842277915,24,-0.012086492842277915,1,TRUE,FALSE
pre_covid,7,6,4,z_jk_bs_purif,yield_3m,asset_ibov,-1,hard,0,-7.106170902755402,-0.26880626226918597,-1.9839137217491758,-3.782988733980671,0,-7.106170902755402,-1,TRUE,FALSE
pre_covid,7,6,4,z_jk_bs_purif,yield_3m,price_ipca,-1,ext,24,-0.3520993117143092,-0.19690960996511334,-0.24990734865857658,-0.14870274165699532,0,-0.3520993117143092,-1,TRUE,FALSE
pre_covid,7,6,4,z_jk_bs_purif,yield_3m,pib,-1,ext,24,0.48963070789005414,0.5604299811617919,-0.03575858249952324,-0.8363222966631723,24,-0.8363222966631723,-1,TRUE,FALSE
pre_covid,7,6,4,z_jk_bs_purif,yield_3m,vendas_varejo,-1,ext,24,-1.4197303617133004,-3.0542901941543477,-3.6765008541715254,-1.9256989861997447,11,-3.684005472236785,-1,TRUE,FALSE
pre_covid,7,6,4,z_jk_bs_purif,yield_3m,cambio_usd,-1,soft,0,0.13452407934114552,-0.01253681085552914,-0.08174292685819873,-0.12684185403288026,0,0.13452407934114552,1,FALSE,FALSE
pre_covid,7,6,4,z_jk_bs_purif,yield_3m,cds_5y,-1,soft,0,47.99285228973878,25.236824746190177,0.6839997965106559,-38.511217872913306,0,47.99285228973878,1,FALSE,FALSE
pre_covid,7,6,4,z_jk_bs_purif,yield_3m,embi_perc,-1,soft,0,0.48230004365336043,0.2846649125675905,0.01139012446999065,-0.4107986391834856,0,0.48230004365336043,1,FALSE,FALSE
pre_covid,7,6,4,z_jk_bs_purif,yield_6m,yield_6m,1,hard,0,0.005,0.00426948152229749,-4.11092530797068e-4,-0.007453424720216064,24,-0.007453424720216064,1,TRUE,TRUE
pre_covid,7,6,4,z_jk_bs_purif,yield_6m,yield_2y,1,hard,0,0.007342489474611906,0.004097800202275321,-0.002040288395291214,-0.010143698529507706,24,-0.010143698529507706,1,TRUE,FALSE
pre_covid,7,6,4,z_jk_bs_purif,yield_6m,yield_5y,1,hard,0,0.007382286241736902,0.0018522746954709875,-0.0035607255048424533,-0.009483697918761027,24,-0.009483697918761027,1,TRUE,FALSE
pre_covid,7,6,4,z_jk_bs_purif,yield_6m,asset_ibov,-1,hard,0,-5.575875407387426,-0.2109195300323161,-1.5566830411002923,-2.9683319099527385,0,-5.575875407387426,-1,TRUE,FALSE
pre_covid,7,6,4,z_jk_bs_purif,yield_6m,price_ipca,-1,ext,24,-0.27627563705013136,-0.15450563555360036,-0.19609044851010324,-0.11667999145571151,0,-0.27627563705013136,-1,TRUE,FALSE
pre_covid,7,6,4,z_jk_bs_purif,yield_6m,pib,-1,ext,24,0.38398785769044874,0.43947808057593907,-0.02805914485557448,-0.6568153957983158,24,-0.6568153957983158,-1,TRUE,FALSE
pre_covid,7,6,4,z_jk_bs_purif,yield_6m,vendas_varejo,-1,ext,24,-1.1139951061307773,-2.396556712983967,-2.884775919203569,-1.5110046980461207,11,-2.890664437209194,-1,TRUE,FALSE
pre_covid,7,6,4,z_jk_bs_purif,yield_6m,cambio_usd,-1,soft,0,0.10555466733974589,-0.00983704111440771,-0.06413979931439145,-0.09952678935080583,0,0.10555466733974589,1,FALSE,FALSE
pre_covid,7,6,4,z_jk_bs_purif,yield_6m,cds_5y,-1,soft,0,37.65771587465897,19.802139913109237,0.5367022122340092,-30.21792686731667,0,37.65771587465897,1,FALSE,FALSE
pre_covid,7,6,4,z_jk_bs_purif,yield_6m,embi_perc,-1,soft,0,0.3784379786511897,0.22336306107080323,0.008937290671503098,-0.3223342164094671,0,0.3784379786511897,1,FALSE,FALSE
pre_covid,7,6,4,z_jk_bs_purif,yield_1y,yield_6m,1,hard,0,0.00402605620973689,0.003437834519040544,-3.3101632727839785e-4,-0.006001581375726466,24,-0.006001581375726466,1,TRUE,FALSE
pre_covid,7,6,4,z_jk_bs_purif,yield_1y,yield_2y,1,hard,0,0.005912255068837805,0.003299594790126328,-0.0016428631527032618,-0.008167820090884691,24,-0.008167820090884691,1,TRUE,FALSE
pre_covid,7,6,4,z_jk_bs_purif,yield_1y,yield_5y,1,hard,0,0.005944299873120013,0.0014914724079678953,-0.002867136205987896,-0.00763638017941933,24,-0.00763638017941933,1,TRUE,FALSE
pre_covid,7,6,4,z_jk_bs_purif,yield_1y,asset_ibov,-1,hard,0,-4.489757561726272,-0.1698347767282785,-1.2534586848427878,-2.3901342237250773,0,-4.489757561726272,-1,TRUE,FALSE
pre_covid,7,6,4,z_jk_bs_purif,yield_1y,price_ipca,-1,ext,24,-0.22246024882893933,-0.12440967469198352,-0.15789423357883864,-0.09395204083046292,0,-0.22246024882893933,-1,TRUE,FALSE
pre_covid,7,6,4,z_jk_bs_purif,yield_1y,pib,-1,ext,24,0.3090758840681884,0.353721488493397,-0.02259415638306006,-0.5292143508867753,24,-0.5292143508867753,-1,TRUE,FALSE
pre_covid,7,6,4,z_jk_bs_purif,yield_1y,vendas_varejo,-1,ext,24,-0.8970013829308644,-1.929734407259146,-2.3228540006417955,-1.2166779695020398,11,-2.3275955015383336,-1,TRUE,FALSE
pre_covid,7,6,4,z_jk_bs_purif,yield_1y,cambio_usd,-1,soft,0,0.08499380478197914,-0.007920896092819651,-0.05164608746419673,-0.08014008966019745,0,0.08499380478197914,1,FALSE,FALSE
pre_covid,7,6,4,z_jk_bs_purif,yield_1y,cds_5y,-1,soft,0,30.322416168335646,15.944905672650432,0.4321586548688518,-24.331814421907097,0,30.322416168335646,1,FALSE,FALSE
pre_covid,7,6,4,z_jk_bs_purif,yield_1y,embi_perc,-1,soft,0,0.30472251478977985,0.1798544478099895,0.007196406921245726,-0.2595471347172019,0,0.30472251478977985,1,FALSE,FALSE
pre_covid,7,6,4,z_jk_bs_purif,yield_2y,yield_6m,1,hard,0,0.0034048397463070784,0.002907380076648429,-2.799408376535648e-4,-0.005075543346699875,24,-0.005075543346699875,1,TRUE,FALSE
pre_covid,7,6,4,z_jk_bs_purif,yield_2y,yield_2y,1,hard,0,0.005,0.0027904706002264395,-0.001389371004443323,-0.006907533585564902,24,-0.006907533585564902,1,TRUE,TRUE
pre_covid,7,6,4,z_jk_bs_purif,yield_2y,yield_5y,1,hard,0,0.005027100322896342,0.0012613397008436917,-0.0024247399449153846,-0.006458094323153453,24,-0.006458094323153453,1,TRUE,FALSE
pre_covid,7,6,4,z_jk_bs_purif,yield_2y,asset_ibov,-1,hard,0,-3.7969924415057763,-0.14362943982528786,-1.0600512581480903,-2.0213388934477377,0,-3.7969924415057763,-1,TRUE,FALSE
pre_covid,7,6,4,z_jk_bs_purif,yield_2y,price_ipca,-1,ext,24,-0.18813485399291918,-0.10521338579226691,-0.13353131059167625,-0.07945533450143538,0,-0.18813485399291918,-1,TRUE,FALSE
pre_covid,7,6,4,z_jk_bs_purif,yield_2y,pib,-1,ext,24,0.26132352940517745,0.29906109166486505,-0.01910823365980363,-0.4477402081678128,24,-0.4477402081678128,-1,TRUE,FALSE
pre_covid,7,6,4,z_jk_bs_purif,yield_2y,vendas_varejo,-1,ext,24,-0.7585949629091286,-1.6319783101293712,-1.9644399417787701,-1.0289457705528313,11,-1.9684498338092493,-1,TRUE,FALSE
pre_covid,7,6,4,z_jk_bs_purif,yield_2y,cambio_usd,-1,soft,0,0.07187934535331769,-0.006698709714478449,-0.04367714760515991,-0.06777455364079116,0,0.07187934535331769,1,FALSE,FALSE
pre_covid,7,6,4,z_jk_bs_purif,yield_2y,cds_5y,-1,soft,0,25.643697553035576,13.484622607617625,0.3654770048290583,-20.577439689768067,0,25.643697553035576,1,FALSE,FALSE
pre_covid,7,6,4,z_jk_bs_purif,yield_2y,embi_perc,-1,soft,0,0.25770413424473615,0.15210308563813724,0.0060860085005266466,-0.2194992703251402,0,0.25770413424473615,1,FALSE,FALSE
pre_covid,7,6,4,z_jk_bs_purif,juros_selic,yield_6m,1,hard,0,0.009818643624362978,0.008384103505648359,-8.072742113067746e-4,-0.014636504221763774,24,-0.014636504221763774,1,TRUE,FALSE
pre_covid,7,6,4,z_jk_bs_purif,juros_selic,yield_2y,1,hard,0,0.014418657493370094,0.00804696796599678,-0.004006572928857571,-0.01991947217884219,24,-0.01991947217884219,1,TRUE,FALSE
pre_covid,7,6,4,z_jk_bs_purif,juros_selic,yield_5y,1,hard,0,0.014496807548130514,0.0036373650258510175,-0.0069922989552456,-0.018623410021085477,24,-0.018623410021085477,1,TRUE,FALSE
pre_covid,7,6,4,z_jk_bs_purif,juros_selic,asset_ibov,-1,hard,0,-10.949506703797375,-0.41418873976108717,-3.0569032033306716,-5.828998636530127,0,-10.949506703797375,-1,TRUE,FALSE
pre_covid,7,6,4,z_jk_bs_purif,juros_selic,price_ipca,-1,ext,24,-0.5425304044578185,-0.3034071546913016,-0.3850684464124404,-0.2291278508394697,0,-0.5425304044578185,-1,TRUE,FALSE
pre_covid,7,6,4,z_jk_bs_purif,juros_selic,pib,-1,ext,24,0.7554431369125147,0.8648432320536914,-0.05509309874202062,-1.2857247474342248,24,-1.2857247474342248,-1,TRUE,FALSE
pre_covid,7,6,4,z_jk_bs_purif,juros_selic,vendas_varejo,-1,ext,24,-2.187584189276503,-4.706187258072864,-5.664917337360795,-2.96720332897061,11,-5.676480789315369,-1,TRUE,FALSE
pre_covid,7,6,4,z_jk_bs_purif,juros_selic,cambio_usd,-1,soft,0,0.2072807322994302,-0.019317280204115148,-0.12595316632123413,-0.19544361514252137,0,0.2072807322994302,1,FALSE,FALSE
pre_covid,7,6,4,z_jk_bs_purif,juros_selic,cds_5y,-1,soft,0,73.94953837615856,38.88603096131873,1.053937550866592,-59.339810995449106,0,73.94953837615856,1,FALSE,FALSE
pre_covid,7,6,4,z_jk_bs_purif,juros_selic,embi_perc,-1,soft,0,0.7431495292600634,0.4386244591002081,0.017550414414166524,-0.6329769597725701,0,0.7431495292600634,1,FALSE,FALSE
pre_covid,8,8,4,z_bruto,yield_3m,yield_6m,1,hard,0,0.005084946213297838,0.012970179908796522,0.01180607453403669,-0.002971458537230935,8,0.013409643422738237,1,TRUE,FALSE
pre_covid,8,8,4,z_bruto,yield_3m,yield_2y,1,hard,0,0.004235824170251772,0.012469135373364635,0.00946045624245879,-0.00922482447860323,6,0.012469135373364635,1,TRUE,FALSE
pre_covid,8,8,4,z_bruto,yield_3m,yield_5y,1,hard,0,0.002976274890916914,0.010422230871205744,0.00746219805035646,-0.009225249022653106,6,0.010422230871205744,1,TRUE,FALSE
pre_covid,8,8,4,z_bruto,yield_3m,asset_ibov,-1,hard,0,1.527476191043316,-0.30629160645117426,0.24948767478606737,-3.998285471781931,3,-5.702145434424912,1,FALSE,FALSE
pre_covid,8,8,4,z_bruto,yield_3m,price_ipca,-1,ext,24,-0.182427542087246,-0.016492476518401984,-0.10642964710949354,-0.20123418024490686,24,-0.20123418024490686,-1,TRUE,FALSE
pre_covid,8,8,4,z_bruto,yield_3m,pib,-1,ext,24,0.48180322538124987,0.7706465429594411,0.4531827145253686,-0.6639248103681661,5,0.7834834041155592,-1,TRUE,FALSE
pre_covid,8,8,4,z_bruto,yield_3m,vendas_varejo,-1,ext,24,-0.7587978376997334,-2.1951575984815066,-3.7884342955460752,-4.078944035587383,19,-4.411012406611286,-1,TRUE,FALSE
pre_covid,8,8,4,z_bruto,yield_3m,cambio_usd,-1,soft,0,0.028869398900661442,0.11636994707225856,0.11807650443321203,-0.07000722990892523,9,0.13168665295763193,1,FALSE,FALSE
pre_covid,8,8,4,z_bruto,yield_3m,cds_5y,-1,soft,0,15.431535671833238,64.15046966931044,64.53689631068494,-5.486728333100713,9,68.6033845872483,1,FALSE,FALSE
pre_covid,8,8,4,z_bruto,yield_3m,embi_perc,-1,soft,0,0.17832357021599074,0.617248612396762,0.5793183685019204,-0.12668274100583402,9,0.6404802887813237,1,FALSE,FALSE
pre_covid,8,8,4,z_bruto,yield_6m,yield_6m,1,hard,0,0.005,0.012753507475534066,0.011608848981688511,-0.0029218190444769703,8,0.013185629562482065,1,TRUE,TRUE
pre_covid,8,8,4,z_bruto,yield_6m,yield_2y,1,hard,0,0.004165062905851891,0.012260833104543097,0.009302415252415444,-0.00907071981850962,6,0.012260833104543097,1,TRUE,FALSE
pre_covid,8,8,4,z_bruto,yield_6m,yield_5y,1,hard,0,0.0029265549389033297,0.010248123022373542,0.0073375388227723826,-0.00907113727036857,6,0.010248123022373542,1,TRUE,FALSE
pre_covid,8,8,4,z_bruto,yield_6m,asset_ibov,-1,hard,0,1.5019590443737187,-0.30117487344328187,0.24531987588543472,-3.9314923934946076,3,-5.60688864270876,1,FALSE,FALSE
pre_covid,8,8,4,z_bruto,yield_6m,price_ipca,-1,ext,24,-0.17938001154286817,-0.01621696260549608,-0.10465169408396621,-0.19787247672222338,24,-0.19787247672222338,-1,TRUE,FALSE
pre_covid,8,8,4,z_bruto,yield_6m,pib,-1,ext,24,0.47373546074493955,0.7577239101898003,0.4455952604511815,-0.6528699459989129,5,0.77034469395727,-1,TRUE,FALSE
pre_covid,8,8,4,z_bruto,yield_6m,vendas_varejo,-1,ext,24,-0.746121793496431,-2.158486546761169,-3.725146871405243,-4.0108035213041,19,-4.337324547382506,-1,TRUE,FALSE
pre_covid,8,8,4,z_bruto,yield_6m,cambio_usd,-1,soft,0,0.028387123176607038,0.11442593706098116,0.11610398564730699,-0.06883772902636279,9,0.12948677078751897,1,FALSE,FALSE
pre_covid,8,8,4,z_bruto,yield_6m,cds_5y,-1,soft,0,15.173745232031795,63.07880848527767,63.45877970342345,-5.395070176703305,9,67.45733554451468,1,FALSE,FALSE
pre_covid,8,8,4,z_bruto,yield_6m,embi_perc,-1,soft,0,0.17534459828665436,0.6069372088760463,0.5696406060175453,-0.12456645133683139,9,0.6297807901157136,1,FALSE,FALSE
pre_covid,8,8,4,z_bruto,yield_1y,yield_6m,1,hard,0,0.005260130167591751,0.013417021882932732,0.012212811347919303,-0.003073829700019483,8,0.013871625568060304,1,TRUE,FALSE
pre_covid,8,8,4,z_bruto,yield_1y,yield_2y,1,hard,0,0.0043817546081977785,0.012898715618602952,0.009786383020139221,-0.009542633391822966,6,0.012898715618602952,1,TRUE,FALSE
pre_covid,8,8,4,z_bruto,yield_1y,yield_5y,1,hard,0,0.003078811984248007,0.010781292214235723,0.0077192818635081345,-0.00954307256204632,6,0.010781292214235723,1,TRUE,FALSE
pre_covid,8,8,4,z_bruto,yield_1y,asset_ibov,-1,hard,0,1.5801000159594951,-0.31684380750392693,0.25808289597096784,-4.1360323485356965,3,-5.898592819167983,1,FALSE,FALSE
pre_covid,8,8,4,z_bruto,yield_1y,price_ipca,-1,ext,24,-0.18871244203591947,-0.01706066684557545,-0.11009630662813077,-0.20816699682853274,24,-0.20816699682853274,-1,TRUE,FALSE
pre_covid,8,8,4,z_bruto,yield_1y,pib,-1,ext,24,0.49844336303319636,0.7973020277086462,0.4688320753982289,-0.6867192920910425,5,0.8105846794969507,-1,TRUE,FALSE
pre_covid,8,8,4,z_bruto,yield_1y,vendas_varejo,-1,ext,24,-0.7849395509336478,-2.2707840401918737,-3.918951487397749,-4.219469719738983,19,-4.562978339664592,-1,TRUE,FALSE
pre_covid,8,8,4,z_bruto,yield_1y,cambio_usd,-1,soft,0,0.029863992598482728,0.1203790646978844,0.12214441549620783,-0.07241908302401544,9,0.13622345386469337,1,FALSE,FALSE
pre_covid,8,8,4,z_bruto,yield_1y,cds_5y,-1,soft,0,15.963175010072387,66.36054868983031,66.76028830330736,-5.675754278550322,9,70.96687314461218,1,FALSE,FALSE
pre_covid,8,8,4,z_bruto,yield_1y,embi_perc,-1,soft,0,0.1844670822343775,0.6385137444485655,0.5992767472796274,-0.1310471497093433,9,0.6625457866114869,1,FALSE,FALSE
pre_covid,8,8,4,z_bruto,yield_2y,yield_6m,1,hard,0,0.006002310304815597,0.015310101868588175,0.013935982773967402,-0.0035075329118941165,8,0.015828848039673455,1,TRUE,FALSE
pre_covid,8,8,4,z_bruto,yield_2y,yield_2y,1,hard,0,0.005,0.014718664977804646,0.0111671965858494,-0.010889055007747074,6,0.014718664977804646,1,TRUE,TRUE
pre_covid,8,8,4,z_bruto,yield_2y,yield_5y,1,hard,0,0.003513218173477687,0.012302482884442134,0.008808436977582237,-0.010889556142866018,6,0.012302482884442134,1,TRUE,FALSE
pre_covid,8,8,4,z_bruto,yield_2y,asset_ibov,-1,hard,0,1.8030448498910718,-0.3615490092840288,0.29449720380064565,-4.719607461355364,3,-6.730857095616866,1,FALSE,FALSE
pre_covid,8,8,4,z_bruto,yield_2y,price_ipca,-1,ext,24,-0.21533889835233969,-0.019467848351955662,-0.12563038836331997,-0.23753840121383715,24,-0.23753840121383715,-1,TRUE,FALSE
pre_covid,8,8,4,z_bruto,yield_2y,pib,-1,ext,24,0.5689711438141565,0.9103082487890601,0.5351588301512056,-0.7832318398127813,5,0.9254821552326264,-1,TRUE,FALSE
pre_covid,8,8,4,z_bruto,yield_2y,vendas_varejo,-1,ext,24,-0.8956909059502245,-2.59118120848608,-4.4718974906374545,-4.814817461302856,19,-5.206793565216733,-1,TRUE,FALSE
pre_covid,8,8,4,z_bruto,yield_2y,cambio_usd,-1,soft,0,0.034077664393403616,0.13736399623186163,0.1393784298961986,-0.08263708205900823,9,0.1554439557270441,1,FALSE,FALSE
pre_covid,8,8,4,z_bruto,yield_2y,cds_5y,-1,soft,0,18.215505473774193,75.72371643733433,76.1798574689763,-6.47657706336591,9,80.97997205484877,1,FALSE,FALSE
pre_covid,8,8,4,z_bruto,yield_2y,embi_perc,-1,soft,0,0.21049453783794736,0.7286050926425418,0.6838319359081027,-0.14953729889867473,9,0.7560279452572914,1,FALSE,FALSE
pre_covid,8,8,4,z_bruto,juros_selic,yield_6m,1,hard,0,0.00620971089806418,0.015839118871873375,0.01441751920711448,-0.003628730312532022,8,0.016375789518396418,1,TRUE,FALSE
pre_covid,8,8,4,z_bruto,juros_selic,yield_2y,1,hard,0,0.0051727673035182695,0.015227245789725464,0.011553061874248524,-0.011265309542057185,6,0.015227245789725464,1,TRUE,FALSE
pre_covid,8,8,4,z_bruto,juros_selic,yield_5y,1,hard,0,0.003634612019578311,0.01272757624334708,0.009112798958547734,-0.011265827993128771,6,0.01272757624334708,1,TRUE,FALSE
pre_covid,8,8,4,z_bruto,juros_selic,asset_ibov,-1,hard,0,1.8653462892587083,-0.37404177876876943,0.30467310135950715,-4.882686232307978,3,-6.963431501772173,1,FALSE,FALSE
pre_covid,8,8,4,z_bruto,juros_selic,price_ipca,-1,ext,24,-0.22277960251452536,-0.020140529884969654,-0.12997135305081672,-0.24574617502578824,24,-0.24574617502578824,-1,TRUE,FALSE
pre_covid,8,8,4,z_bruto,juros_selic,pib,-1,ext,24,0.5886888224251985,0.9419102295350923,0.553701521212302,-0.8101852863741543,5,0.9576134039470885,-1,TRUE,FALSE
pre_covid,8,8,4,z_bruto,juros_selic,vendas_varejo,-1,ext,24,-0.9266401264715957,-2.68071548654955,-4.626417024850964,-4.9811860672472505,19,-5.3867063020644865,-1,TRUE,FALSE
pre_covid,8,8,4,z_bruto,juros_selic,cambio_usd,-1,soft,0,0.03525516563089339,0.1421103976777561,0.14419443699655385,-0.08549247922659878,9,0.160815082342879,1,FALSE,FALSE
pre_covid,8,8,4,z_bruto,juros_selic,cds_5y,-1,soft,0,18.844914226359442,78.34023289758639,78.8121351804405,-6.70036521441911,9,83.77811033702898,1,FALSE,FALSE
pre_covid,8,8,4,z_bruto,juros_selic,embi_perc,-1,soft,0,0.21776785257946465,0.7537809200796479,0.7074606958334069,-0.15470433007990061,9,0.7821513271546033,1,FALSE,FALSE
pre_covid,8,8,4,z_bruto_purif,yield_3m,yield_6m,1,hard,0,0.005088576251045199,0.013036536807638189,0.011852900225067001,-0.0030633303453392532,8,0.013473164053399824,1,TRUE,FALSE
pre_covid,8,8,4,z_bruto_purif,yield_3m,yield_2y,1,hard,0,0.0042736638856184376,0.012557431460877004,0.009494848017813425,-0.009359681248741732,6,0.012557431460877004,1,TRUE,FALSE
pre_covid,8,8,4,z_bruto_purif,yield_3m,yield_5y,1,hard,0,0.0030788002765726715,0.010521375567880378,0.007499118394257136,-0.009348536054430149,6,0.010521375567880378,1,TRUE,FALSE
pre_covid,8,8,4,z_bruto_purif,yield_3m,asset_ibov,-1,hard,0,1.350128722767149,-0.2854421277330616,0.24874271677746154,-4.037412231041274,3,-5.624476872326783,1,FALSE,FALSE
pre_covid,8,8,4,z_bruto_purif,yield_3m,price_ipca,-1,ext,24,-0.17045072516435453,-0.015403565848352646,-0.10678558476009195,-0.20242222020753162,24,-0.20242222020753162,-1,TRUE,FALSE
pre_covid,8,8,4,z_bruto_purif,yield_3m,pib,-1,ext,24,0.4640158127941163,0.76656393718606,0.4517717447567904,-0.672723862454927,5,0.7859454293167811,-1,TRUE,FALSE
pre_covid,8,8,4,z_bruto_purif,yield_3m,vendas_varejo,-1,ext,24,-0.7528838496700372,-2.221954052681548,-3.814285439116184,-4.096087516858943,19,-4.436982432222955,-1,TRUE,FALSE
pre_covid,8,8,4,z_bruto_purif,yield_3m,cambio_usd,-1,soft,0,0.029954098784228923,0.11886203337366169,0.11942992355589055,-0.07124185421468707,9,0.13407721706351633,1,FALSE,FALSE
pre_covid,8,8,4,z_bruto_purif,yield_3m,cds_5y,-1,soft,0,16.02043602063165,64.82291571966678,64.93999528731813,-5.873517886076095,9,69.24920877269916,1,FALSE,FALSE
pre_covid,8,8,4,z_bruto_purif,yield_3m,embi_perc,-1,soft,0,0.18192452948624704,0.6225955432214104,0.582593787779336,-0.13090781806183435,9,0.6458118706202961,1,FALSE,FALSE
pre_covid,8,8,4,z_bruto_purif,yield_6m,yield_6m,1,hard,0,0.005,0.012809611337710101,0.011646578178554759,-0.003010007312664364,8,0.013238638264123899,1,TRUE,TRUE
pre_covid,8,8,4,z_bruto_purif,yield_6m,yield_2y,1,hard,0,0.0041992727187104865,0.01233884572162763,0.00932957230999847,-0.009196758373051051,6,0.01233884572162763,1,TRUE,FALSE
pre_covid,8,8,4,z_bruto_purif,yield_6m,yield_5y,1,hard,0,0.00302520796061598,0.010338231215184478,0.0073685821183447995,-0.009185807181831998,6,0.010338231215184478,1,TRUE,FALSE
pre_covid,8,8,4,z_bruto_purif,yield_6m,asset_ibov,-1,hard,0,1.3266271901593603,-0.2804734700344044,0.24441288142864073,-3.9671334690248425,3,-5.52657226190873,1,FALSE,FALSE
pre_covid,8,8,4,z_bruto_purif,yield_6m,price_ipca,-1,ext,24,-0.1674837093473285,-0.015135437781038198,-0.10492678058834047,-0.19889868031942518,24,-0.19889868031942518,-1,TRUE,FALSE
pre_covid,8,8,4,z_bruto_purif,yield_6m,pib,-1,ext,24,0.4559203595314809,0.7531703256753453,0.44389037925227637,-0.661052627984704,5,0.7722118832760749,-1,TRUE,FALSE
pre_covid,8,8,4,z_bruto_purif,yield_6m,vendas_varejo,-1,ext,24,-0.7397784886444356,-2.1832767586268913,-3.747890619043711,-4.024787401011827,19,-4.359748398495152,-1,TRUE,FALSE
pre_covid,8,8,4,z_bruto_purif,yield_6m,cambio_usd,-1,soft,0,0.029432691293636716,0.11679301587477174,0.11735102085908558,-0.07000175559917561,9,0.13174335064348963,1,FALSE,FALSE
pre_covid,8,8,4,z_bruto_purif,yield_6m,cds_5y,-1,soft,0,15.741570166449833,63.69455081502619,63.80959239235078,-5.771278247888756,9,68.04379590310285,1,FALSE,FALSE
pre_covid,8,8,4,z_bruto_purif,yield_6m,embi_perc,-1,soft,0,0.1787577905007118,0.6117580954923576,0.572452645923966,-0.12862912099916526,9,0.6345702989983157,1,FALSE,FALSE
pre_covid,8,8,4,z_bruto_purif,yield_1y,yield_6m,1,hard,0,0.00525655404133383,0.013466882849031135,0.012244173518438482,-0.003164453220766049,8,0.013917923493807431,1,TRUE,FALSE
pre_covid,8,8,4,z_bruto_purif,yield_1y,yield_2y,1,hard,0,0.004414740796040101,0.01297196186868327,0.00980828020600773,-0.009668651478606446,6,0.01297196186868327,1,TRUE,FALSE
pre_covid,8,8,4,z_bruto_purif,yield_1y,yield_5y,1,hard,0,0.003180433826250241,0.010868694214884303,0.00774667002261711,-0.009657138372914462,6,0.010868694214884303,1,TRUE,FALSE
pre_covid,8,8,4,z_bruto_purif,yield_1y,asset_ibov,-1,hard,0,1.3946975035551057,-0.2948647904792543,0.2569539039255535,-4.170690293822646,3,-5.810145151611956,1,FALSE,FALSE
pre_covid,8,8,4,z_bruto_purif,yield_1y,price_ipca,-1,ext,24,-0.17607743384545604,-0.015912049327054614,-0.11031065850915782,-0.20910433236980794,24,-0.20910433236980794,-1,TRUE,FALSE
pre_covid,8,8,4,z_bruto_purif,yield_1y,pib,-1,ext,24,0.47936998553321786,0.7919687425153255,0.4667198238371473,-0.6948536612077505,5,0.8119951437597139,-1,TRUE,FALSE
pre_covid,8,8,4,z_bruto_purif,yield_1y,vendas_varejo,-1,ext,24,-0.7777371208351482,-2.2953024537820816,-3.9401979160022735,-4.231302495659641,19,-4.583450612661677,-1,TRUE,FALSE
pre_covid,8,8,4,z_bruto_purif,yield_1y,cambio_usd,-1,soft,0,0.030942906473379425,0.12278575991921949,0.12337239659029539,-0.07359360225906192,9,0.13850320844877906,1,FALSE,FALSE
pre_covid,8,8,4,z_bruto_purif,yield_1y,cds_5y,-1,soft,0,16.549282855078385,66.96276969953378,67.08371415317518,-6.067407199520334,9,71.53517806842991,1,FALSE,FALSE
pre_covid,8,8,4,z_bruto_purif,yield_1y,embi_perc,-1,soft,0,0.18792999721528458,0.6431478978358078,0.6018256538807736,-0.13522918516427607,9,0.6671306139420026,1,FALSE,FALSE
pre_covid,8,8,4,z_bruto_purif,yield_2y,yield_6m,1,hard,0,0.005953411858346035,0.015252178407745426,0.013867375327472412,-0.0035839626457848605,8,0.01576301320599776,1,TRUE,FALSE
pre_covid,8,8,4,z_bruto_purif,yield_2y,yield_2y,1,hard,0,0.005,0.014691646087488033,0.01110855728472834,-0.010950418071293062,6,0.014691646087488033,1,TRUE,TRUE
pre_covid,8,8,4,z_bruto_purif,yield_2y,yield_5y,1,hard,0,0.0036020617893387998,0.012309549662160482,0.008773640832510097,-0.010937378680959757,6,0.012309549662160482,1,TRUE,FALSE
pre_covid,8,8,4,z_bruto_purif,yield_2y,asset_ibov,-1,hard,0,1.5795916090998028,-0.3339548164908569,0.2910181093259586,-4.723595887626788,3,-6.58039216801074,1,FALSE,FALSE
pre_covid,8,8,4,z_bruto_purif,yield_2y,price_ipca,-1,ext,24,-0.19941990026163323,-0.01802149895337828,-0.12493446796253974,-0.23682515240460855,24,-0.23682515240460855,-1,TRUE,FALSE
pre_covid,8,8,4,z_bruto_purif,yield_2y,pib,-1,ext,24,0.5430920140720108,0.8974292915507887,0.5287558626133837,-0.7866067471841709,5,0.9201346101473051,-1,TRUE,FALSE
pre_covid,8,8,4,z_bruto_purif,yield_2y,vendas_varejo,-1,ext,24,-0.8808412053690181,-2.5995891489721252,-4.462547291039738,-4.792243408101106,19,-5.191075563001234,-1,TRUE,FALSE
pre_covid,8,8,4,z_bruto_purif,yield_2y,cambio_usd,-1,soft,0,0.035044986674114986,0.13906338513617253,0.1397277918342986,-0.0833498563778346,9,0.15686448519583818,1,FALSE,FALSE
pre_covid,8,8,4,z_bruto_purif,yield_2y,cds_5y,-1,soft,0,18.74321009958572,75.8399788268402,75.97695680496962,-6.87175927175909,9,81.01854828328196,1,FALSE,FALSE
pre_covid,8,8,4,z_bruto_purif,yield_2y,embi_perc,-1,soft,0,0.2128437499477348,0.7284095800286775,0.6816092741170607,-0.15315642685701147,9,0.7555716686021522,1,FALSE,FALSE
pre_covid,8,8,4,z_bruto_purif,juros_selic,yield_6m,1,hard,0,0.006204097386192326,0.015894415243685362,0.014451301047131231,-0.0037348757001841536,8,0.01642676021023936,1,TRUE,FALSE
pre_covid,8,8,4,z_bruto_purif,juros_selic,yield_2y,1,hard,0,0.005210539379612094,0.015310280098036068,0.011576315036550763,-0.011411516916737682,6,0.015310280098036068,1,TRUE,FALSE
pre_covid,8,8,4,z_bruto_purif,juros_selic,yield_5y,1,hard,0,0.0037537369602291637,0.012827878651995587,0.009143080212073298,-0.011397928465374121,6,0.012827878651995587,1,TRUE,FALSE
pre_covid,8,8,4,z_bruto_purif,juros_selic,asset_ibov,-1,hard,0,1.6461048565838716,-0.3480169444673481,0.30327226376463295,-4.922496477170624,3,-6.857478504942193,1,FALSE,FALSE
pre_covid,8,8,4,z_bruto_purif,juros_selic,price_ipca,-1,ext,24,-0.20781704867831122,-0.01878034599524313,-0.13019519303793978,-0.24679735653736973,24,-0.24679735653736973,-1,TRUE,FALSE
pre_covid,8,8,4,z_bruto_purif,juros_selic,pib,-1,ext,24,0.5660250664908384,0.9353943327289782,0.5510818873580625,-0.8195929874820762,5,0.9590647393592944,-1,TRUE,FALSE
pre_covid,8,8,4,z_bruto_purif,juros_selic,vendas_varejo,-1,ext,24,-0.9179315575520505,-2.7090523263063098,-4.650455678668765,-4.994034598919456,19,-5.409660728711991,-1,TRUE,FALSE
pre_covid,8,8,4,z_bruto_purif,juros_selic,cambio_usd,-1,soft,0,0.036520656624691436,0.14491904890283802,0.14561143235577081,-0.08685954178834389,9,0.16346971547509861,1,FALSE,FALSE
pre_covid,8,8,4,z_bruto_purif,juros_selic,cds_5y,-1,soft,0,19.5324468648469,79.03343924523965,79.17618507507625,-7.161114458543052,9,84.4300672618089,1,FALSE,FALSE
pre_covid,8,8,4,z_bruto_purif,juros_selic,embi_perc,-1,soft,0,0.22180614816139632,0.7590813602452262,0.7103103928591519,-0.15960551867582753,9,0.7873871866741466,1,FALSE,FALSE
pre_covid,8,8,4,z_jk,yield_3m,yield_6m,1,hard,0,0.006273990852912913,0.008470866726939258,0.0028839721661496373,-0.008884774161703244,3,0.009997422277972203,1,TRUE,FALSE
pre_covid,8,8,4,z_jk,yield_3m,yield_2y,1,hard,0,0.010794228181123468,0.009205384493297466,7.0718936197947e-5,-0.01268034262011225,24,-0.01268034262011225,1,TRUE,FALSE
pre_covid,8,8,4,z_jk,yield_3m,yield_5y,1,hard,0,0.01315608004864148,0.008573242708636294,-5.281748467883503e-4,-0.011506989944244253,0,0.01315608004864148,1,TRUE,FALSE
pre_covid,8,8,4,z_jk,yield_3m,asset_ibov,-1,hard,0,-13.298454126327004,-0.26112955669042265,-1.4403251889882573,-3.6607331608094476,0,-13.298454126327004,-1,TRUE,FALSE
pre_covid,8,8,4,z_jk,yield_3m,price_ipca,-1,ext,24,-0.06964393865471731,-0.04515583820194758,-0.13006042050398273,-0.11182274639648075,3,-0.1680670282777117,-1,TRUE,FALSE
pre_covid,8,8,4,z_jk,yield_3m,pib,-1,ext,24,0.16938004214550606,0.32923447721218135,-0.06931540489180099,-0.8274936806519251,24,-0.8274936806519251,-1,TRUE,FALSE
pre_covid,8,8,4,z_jk,yield_3m,vendas_varejo,-1,ext,24,-2.419737158274222,-2.4118925060397154,-2.764755394580728,-1.4186401292053383,11,-2.8380227646369582,-1,TRUE,FALSE
pre_covid,8,8,4,z_jk,yield_3m,cambio_usd,-1,soft,0,0.24554957077536382,0.1801829249787588,0.028066506620544274,-0.11438077080409821,1,0.26726903977970945,1,FALSE,FALSE
pre_covid,8,8,4,z_jk,yield_3m,cds_5y,-1,soft,0,66.85796873225793,60.10958621030776,21.220033159386,-37.439633476579665,4,75.610717255089,1,FALSE,FALSE
pre_covid,8,8,4,z_jk,yield_3m,embi_perc,-1,soft,0,0.6981919533702238,0.5454418824668708,0.165586830105197,-0.4060357109480027,0,0.6981919533702238,1,FALSE,FALSE
pre_covid,8,8,4,z_jk,yield_6m,yield_6m,1,hard,0,0.005,0.006750780265328544,0.0022983554118593077,-0.007080640034387512,3,0.007967354840285238,1,TRUE,TRUE
pre_covid,8,8,4,z_jk,yield_6m,yield_2y,1,hard,0,0.008602362064420195,0.007336147524843422,5.6358813597180605e-5,-0.010105483827909132,24,-0.010105483827909132,1,TRUE,FALSE
pre_covid,8,8,4,z_jk,yield_6m,yield_5y,1,hard,0,0.010484618448665195,0.006832367873676351,-4.2092414475160364e-4,-0.009170391074846518,0,0.010484618448665195,1,TRUE,FALSE
pre_covid,8,8,4,z_jk,yield_6m,asset_ibov,-1,hard,0,-10.598082176158057,-0.20810482738366157,-1.1478540714795096,-2.917388028315206,0,-10.598082176158057,-1,TRUE,FALSE
pre_covid,8,8,4,z_jk,yield_6m,price_ipca,-1,ext,24,-0.05550210407334493,-0.035986534934923,-0.10365047029324069,-0.08911612163457591,3,-0.13393949100171296,-1,TRUE,FALSE
pre_covid,8,8,4,z_jk,yield_6m,pib,-1,ext,24,0.13496268759725094,0.262292834555633,-0.05524417072609866,-0.6600194652321645,24,-0.6600194652321645,-1,TRUE,FALSE
pre_covid,8,8,4,z_jk,yield_6m,vendas_varejo,-1,ext,24,-1.9283875407236029,-1.9221358164077595,-2.2033466890512736,-1.1305723601323763,11,-2.261736453854814,-1,TRUE,FALSE
pre_covid,8,8,4,z_jk,yield_6m,cambio_usd,-1,soft,0,0.19568849918019815,0.1435951447834059,0.022367347417723324,-0.09115471594208101,1,0.21299763264367907,1,FALSE,FALSE
pre_covid,8,8,4,z_jk,yield_6m,cds_5y,-1,soft,0,53.28185065907201,47.90378852911449,16.911112605092402,-29.83717569431668,4,60.257274060245216,1,FALSE,FALSE
pre_covid,8,8,4,z_jk,yield_6m,embi_perc,-1,soft,0,0.5564177329379311,0.4346849519342469,0.13196291960508494,-0.3235864702922598,0,0.5564177329379311,1,FALSE,FALSE
pre_covid,8,8,4,z_jk,yield_1y,yield_6m,1,hard,0,0.0037665973600960324,0.005085494225194977,0.0017313958853743395,-0.0053339840122628565,3,0.006001963541673345,1,TRUE,FALSE
pre_covid,8,8,4,z_jk,yield_1y,yield_2y,1,hard,0,0.006480326848487073,0.005526462780070054,4.2456191702656965e-5,-0.007612657741739136,24,-0.007612657741739136,1,TRUE,FALSE
pre_covid,8,8,4,z_jk,yield_1y,yield_5y,1,hard,0,0.007898267234071296,0.005146955759238856,-3.1709035448441406e-4,-0.006908234162713022,0,0.007898267234071296,1,TRUE,FALSE
pre_covid,8,8,4,z_jk,yield_1y,asset_ibov,-1,hard,0,-7.983741669359549,-0.15676941868930802,-0.8647008230820405,-2.1977252091655646,0,-7.983741669359549,-1,TRUE,FALSE
pre_covid,8,8,4,z_jk,yield_1y,price_ipca,-1,ext,24,-0.04181081573648725,-0.027109357496976922,-0.07808191755584652,-0.0671329096981581,3,-0.10089922664393167,-1,TRUE,FALSE
pre_covid,8,8,4,z_jk,yield_1y,pib,-1,ext,24,0.1016531057171921,0.19752644624813076,-0.041619345853183276,-0.49761138934086846,24,-0.49761138934086846,-1,TRUE,FALSE
pre_covid,8,8,4,z_jk,yield_1y,vendas_varejo,-1,ext,24,-1.4526918840263203,-1.4479823383654997,-1.6598239644713717,-0.8516821734144299,11,-1.703810111264501,-1,TRUE,FALSE
pre_covid,8,8,4,z_jk,yield_1y,cambio_usd,-1,soft,0,0.14741595688265777,0.10817301865275684,0.016849758347189492,-0.0686686224855492,1,0.16045526416447722,1,FALSE,FALSE
pre_covid,8,8,4,z_jk,yield_1y,cds_5y,-1,soft,0,40.13825560669834,36.086856682472245,12.739470418925555,-22.47692544058694,4,45.39297788038055,1,FALSE,FALSE
pre_covid,8,8,4,z_jk,yield_1y,embi_perc,-1,soft,0,0.419160312798926,0.3274566384858009,0.09941023692301558,-0.24376398895312373,0,0.419160312798926,1,FALSE,FALSE
pre_covid,8,8,4,z_jk,yield_2y,yield_6m,1,hard,0,0.002906178537102183,0.003923794543158159,0.0013358862337156338,-0.004115520819376691,3,0.004630911126862832,1,TRUE,FALSE
pre_covid,8,8,4,z_jk,yield_2y,yield_2y,1,hard,0,0.005,0.004264030896343051,3.2757754890533796e-5,-0.0058736680415405465,24,-0.0058736680415405465,1,TRUE,TRUE
pre_covid,8,8,4,z_jk,yield_2y,yield_5y,1,hard,0,0.006094034621043277,0.003971216174412939,-2.446561430450406e-4,-0.005330158743710474,0,0.006094034621043277,1,TRUE,FALSE
pre_covid,8,8,4,z_jk,yield_2y,asset_ibov,-1,hard,0,-6.159983790959148,-0.12095795656195038,-0.6671737732518211,-1.6956900944577018,0,-6.159983790959148,-1,TRUE,FALSE
pre_covid,8,8,4,z_jk,yield_2y,price_ipca,-1,ext,24,-0.03225980472439334,-0.02091665909051023,-0.06024535442535271,-0.05179747200083841,3,-0.07785041480391384,-1,TRUE,FALSE
pre_covid,8,8,4,z_jk,yield_2y,pib,-1,ext,24,0.0784229797028857,0.15237033808122025,-0.03211359981982742,-0.384158700366688,24,-0.384158700366688,-1,TRUE,FALSE
pre_covid,8,8,4,z_jk,yield_2y,vendas_varejo,-1,ext,24,-1.1208476964132392,-1.1172139710079225,-1.2806637715031937,-0.6571290255315344,11,-1.3146019877548927,-1,TRUE,FALSE
pre_covid,8,8,4,z_jk,yield_2y,cambio_usd,-1,soft,0,0.11374114325504601,0.08346262556032295,0.013000700999459092,-0.05298237580530441,1,0.1238018296885271,1,FALSE,FALSE
pre_covid,8,8,4,z_jk,yield_2y,cds_5y,-1,soft,0,30.969314160495777,27.843392413838856,9.829342498287547,-17.342431922114013,4,35.02367931563376,1,FALSE,FALSE
pre_covid,8,8,4,z_jk,yield_2y,embi_perc,-1,soft,0,0.3234098546254539,0.25265441554252044,0.07670156092992776,-0.18808001097200372,0,0.3234098546254539,1,FALSE,FALSE
pre_covid,8,8,4,z_jk,juros_selic,yield_6m,1,hard,0,0.009204842422629788,0.012427973714429632,0.004231199879472663,-0.013035235153580203,3,0.014667649166000472,1,TRUE,FALSE
pre_covid,8,8,4,z_jk,juros_selic,yield_2y,1,hard,0,0.015836677453079238,0.01350561639106985,1.0375479965768253e-4,-0.018603877248067446,24,-0.018603877248067446,1,TRUE,FALSE
pre_covid,8,8,4,z_jk,juros_selic,yield_5y,1,hard,0,0.019301852136272064,0.01257817393012579,-7.749080848637447e-4,-0.01688240095957056,0,0.019301852136272064,1,TRUE,FALSE
pre_covid,8,8,4,z_jk,juros_selic,asset_ibov,-1,hard,0,-19.510735282723264,-0.38311442869103546,-2.113163170428583,-5.370819417261617,0,-19.510735282723264,-1,TRUE,FALSE
pre_covid,8,8,4,z_jk,juros_selic,price_ipca,-1,ext,24,-0.10217762442390779,-0.06625007668248563,-0.19081724921615012,-0.16405997139243614,3,-0.24657838176760166,-1,TRUE,FALSE
pre_covid,8,8,4,z_jk,juros_selic,pib,-1,ext,24,0.2486030457988786,0.48340532861732566,-0.10167915172198949,-1.2117016817228987,24,-1.2117016817228987,-1,TRUE,FALSE
pre_covid,8,8,4,z_jk,juros_selic,vendas_varejo,-1,ext,24,-3.5501006884246697,-3.5385914609852573,-4.056291815028009,-2.081348084479836,11,-4.163785531850211,-1,TRUE,FALSE
pre_covid,8,8,4,z_jk,juros_selic,cambio_usd,-1,soft,0,0.36025635977492854,0.26435413607719227,0.04117758167847169,-0.16781295926528703,1,0.39212192897565057,1,FALSE,FALSE
pre_covid,8,8,4,z_jk,juros_selic,cds_5y,-1,soft,0,98.0902078605702,88.18936497149586,31.132825344244782,-54.92930012050092,4,110.93174250835494,1,FALSE,FALSE
pre_covid,8,8,4,z_jk,juros_selic,embi_perc,-1,soft,0,1.0243475105701119,0.8002412972086292,0.24293957611899403,-0.5957124938270453,0,1.0243475105701119,1,FALSE,FALSE
pre_covid,8,8,4,z_jk_purif,yield_3m,yield_6m,1,hard,0,0.006190776556538753,0.009026301759491985,0.003822899707854707,-0.00860367143443115,3,0.010288352101986644,1,TRUE,FALSE
pre_covid,8,8,4,z_jk_purif,yield_3m,yield_2y,1,hard,0,0.010376268069982661,0.009702280717601824,0.0010516281234688163,-0.012724506591956819,24,-0.012724506591956819,1,TRUE,FALSE
pre_covid,8,8,4,z_jk_purif,yield_3m,yield_5y,1,hard,0,0.012705503415611812,0.008973511519698234,3.5250376909142444e-4,-0.01162364340640624,3,0.01291207273484329,1,TRUE,FALSE
pre_covid,8,8,4,z_jk_purif,yield_3m,asset_ibov,-1,hard,0,-12.869322813576378,-0.13029780648337883,-1.2636835610277861,-3.7914677389050957,0,-12.869322813576378,-1,TRUE,FALSE
pre_covid,8,8,4,z_jk_purif,yield_3m,price_ipca,-1,ext,24,-0.025365339122960236,-0.03953807670265046,-0.1264387697418966,-0.12240550490435129,20,-0.14031160213263197,-1,TRUE,FALSE
pre_covid,8,8,4,z_jk_purif,yield_3m,pib,-1,ext,24,0.12270609414355427,0.35107588111835675,-0.028000673963568534,-0.8358508784649055,24,-0.8358508784649055,-1,TRUE,FALSE
pre_covid,8,8,4,z_jk_purif,yield_3m,vendas_varejo,-1,ext,24,-2.1627819891031415,-2.4591262887493603,-2.9132347275047232,-1.6950071702630378,11,-2.966057016277899,-1,TRUE,FALSE
pre_covid,8,8,4,z_jk_purif,yield_3m,cambio_usd,-1,soft,0,0.22807642617991783,0.1800596667743642,0.041498116291670925,-0.11367589571965002,4,0.2554751531843384,1,FALSE,FALSE
pre_covid,8,8,4,z_jk_purif,yield_3m,cds_5y,-1,soft,0,64.60214789304581,61.96899186754401,26.415750227396465,-35.639271660303926,4,75.94839011260102,1,FALSE,FALSE
pre_covid,8,8,4,z_jk_purif,yield_3m,embi_perc,-1,soft,0,0.6640114107603795,0.5627659108218461,0.2134048892429124,-0.3924464270862489,4,0.6955702072006764,1,FALSE,FALSE
pre_covid,8,8,4,z_jk_purif,yield_6m,yield_6m,1,hard,0,0.005,0.007290120776494772,0.0030875768758096486,-0.006948782075928645,3,0.008309419672981086,1,TRUE,TRUE
pre_covid,8,8,4,z_jk_purif,yield_6m,yield_2y,1,hard,0,0.008380425278815109,0.00783607729094518,8.493507348105445e-4,-0.010276987447170163,24,-0.010276987447170163,1,TRUE,FALSE
pre_covid,8,8,4,z_jk_purif,yield_6m,yield_5y,1,hard,0,0.010261639472508622,0.007247484574629278,2.847007688551663e-4,-0.00938787186086473,3,0.010428475827645117,1,TRUE,FALSE
pre_covid,8,8,4,z_jk_purif,yield_6m,asset_ibov,-1,hard,0,-10.393948720361815,-0.10523542991206583,-1.020617970529943,-3.0621907480253947,0,-10.393948720361815,-1,TRUE,FALSE
pre_covid,8,8,4,z_jk_purif,yield_6m,price_ipca,-1,ext,24,-0.020486395277963265,-0.031933051000597,-0.10211866684830584,-0.09886118791920014,20,-0.11332310320942984,-1,TRUE,FALSE
pre_covid,8,8,4,z_jk_purif,yield_6m,pib,-1,ext,24,0.09909227013105149,0.2834519265244584,-0.02261544075111699,-0.6756220530739876,24,-0.6756220530739876,-1,TRUE,FALSE
pre_covid,8,8,4,z_jk_purif,yield_6m,vendas_varejo,-1,ext,24,-1.7467776209906913,-1.9861210191409748,-2.35288311643855,-1.3689778291810228,11,-2.3955452027622637,-1,TRUE,FALSE
pre_covid,8,8,4,z_jk_purif,yield_6m,cambio_usd,-1,soft,0,0.18420663716171562,0.14542575162415092,0.03351608308964103,-0.09181069182636266,4,0.20633530450594545,1,FALSE,FALSE
pre_covid,8,8,4,z_jk_purif,yield_6m,cds_5y,-1,soft,0,52.176126292922376,50.04944961395175,21.33476308355526,-28.784168944574013,4,61.33995421978496,1,FALSE,FALSE
pre_covid,8,8,4,z_jk_purif,yield_6m,embi_perc,-1,soft,0,0.5362908874970175,0.454519643603877,0.1723571245819818,-0.3169605811986087,4,0.5617794478998027,1,FALSE,FALSE
pre_covid,8,8,4,z_jk_purif,yield_1y,yield_6m,1,hard,0,0.003845541594758105,0.00560689253536418,0.002374681060587856,-0.005344366101178635,3,0.006390843796150011,1,TRUE,FALSE
pre_covid,8,8,4,z_jk_purif,yield_1y,yield_2y,1,hard,0,0.006445454798289157,0.0060267922324138195,6.532427158504619e-4,-0.007904116539379955,24,-0.007904116539379955,1,TRUE,FALSE
pre_covid,8,8,4,z_jk_purif,yield_1y,yield_5y,1,hard,0,0.007892312284388704,0.005574100677820928,2.1896572973843095e-4,-0.007220290345442897,3,0.008020627513027748,1,TRUE,FALSE
pre_covid,8,8,4,z_jk_purif,yield_1y,asset_ibov,-1,hard,0,-7.9940724275868265,-0.08093744459382007,-0.7849657716060995,-2.355156378523018,0,-7.9940724275868265,-1,TRUE,FALSE
pre_covid,8,8,4,z_jk_purif,yield_1y,price_ipca,-1,ext,24,-0.015756257033612747,-0.024559975174065538,-0.07854031619328114,-0.0760349620500963,20,-0.08715774140778562,-1,TRUE,FALSE
pre_covid,8,8,4,z_jk_purif,yield_1y,pib,-1,ext,24,0.07620397427243741,0.21793397894132038,-0.017394177786111964,-0.5200329662864323,24,-0.5200329662864323,-1,TRUE,FALSE
pre_covid,8,8,4,z_jk_purif,yield_1y,vendas_varejo,-1,ext,24,-1.3434611996624621,-1.5275421982659954,-1.8096219783737042,-1.0528922368834557,11,-1.8424337438691043,-1,TRUE,FALSE
pre_covid,8,8,4,z_jk_purif,yield_1y,cambio_usd,-1,soft,0,0.14167485704717828,0.11184815536392667,0.02577749832291666,-0.07061236685235912,4,0.1586941991889385,1,FALSE,FALSE
pre_covid,8,8,4,z_jk_purif,yield_1y,cds_5y,-1,soft,0,40.12909278255699,38.49344805704028,16.408743770424284,-22.13814378938077,4,47.1770690745482,1,FALSE,FALSE
pre_covid,8,8,4,z_jk_purif,yield_1y,embi_perc,-1,soft,0,0.4124657829519039,0.34957483902266767,0.1325612983465831,-0.24377701977959068,4,0.432069246795787,1,FALSE,FALSE
pre_covid,8,8,4,z_jk_purif,yield_2y,yield_6m,1,hard,0,0.002983142163822825,0.004349493333544469,0.0018421361524544222,-0.004145840959583808,3,0.00495763603667375,1,TRUE,FALSE
pre_covid,8,8,4,z_jk_purif,yield_2y,yield_2y,1,hard,0,0.005,0.004675226513118621,5.067467977774467e-4,-0.006131542914146242,24,-0.006131542914146242,1,TRUE,TRUE
pre_covid,8,8,4,z_jk_purif,yield_2y,yield_5y,1,hard,0,0.006122385876077816,0.004324055363246426,1.6986057352892458e-4,-0.005601071275342283,3,0.006221925189171055,1,TRUE,FALSE
pre_covid,8,8,4,z_jk_purif,yield_2y,asset_ibov,-1,hard,0,-6.201325335264725,-0.06278644961974106,-0.6089297002086309,-1.826990066820542,0,-6.201325335264725,-1,TRUE,FALSE
pre_covid,8,8,4,z_jk_purif,yield_2y,price_ipca,-1,ext,24,-0.012222765907686606,-0.019052166171877116,-0.060926900157711454,-0.05898339560947553,20,-0.06761178546385917,-1,TRUE,FALSE
pre_covid,8,8,4,z_jk_purif,yield_2y,pib,-1,ext,24,0.05910945561935499,0.16901892634728632,-0.013493630481875574,-0.4036463409649027,24,-0.4036463409649027,-1,TRUE,FALSE
pre_covid,8,8,4,z_jk_purif,yield_2y,vendas_varejo,-1,ext,24,-1.0421771943998914,-1.1849762709308405,-1.4037969662389376,-0.8167710967137101,11,-1.4292503799407215,-1,TRUE,FALSE
pre_covid,8,8,4,z_jk_purif,yield_2y,cambio_usd,-1,soft,0,0.10990291723462525,0.08676513827512607,0.019996648126179465,-0.05477686917539321,4,0.12310550935138151,1,FALSE,FALSE
pre_covid,8,8,4,z_jk_purif,yield_2y,cds_5y,-1,soft,0,31.129760457872287,29.860924683901093,12.728926261944874,-17.173453605831657,4,36.59716075200046,1,FALSE,FALSE
pre_covid,8,8,4,z_jk_purif,yield_2y,embi_perc,-1,soft,0,0.31996639171326313,0.2711793426240897,0.10283316111515467,-0.18910769480867154,4,0.33517359155980186,1,FALSE,FALSE
pre_covid,8,8,4,z_jk_purif,juros_selic,yield_6m,1,hard,0,0.008909518278245064,0.012990292861758854,0.0055017645221025705,-0.012382060183405588,3,0.014806585291606823,1,TRUE,FALSE
pre_covid,8,8,4,z_jk_purif,juros_selic,yield_2y,1,hard,0,0.014933110440214037,0.013963134770683429,0.0015134611792870843,-0.01831260150117153,24,-0.01831260150117153,1,TRUE,FALSE
pre_covid,8,8,4,z_jk_purif,juros_selic,yield_5y,1,hard,0,0.018285252889015318,0.012914319257791742,5.073093407891054e-4,-0.01672828318763936,3,0.018582539200128194,1,TRUE,FALSE
pre_covid,8,8,4,z_jk_purif,juros_selic,asset_ibov,-1,hard,0,-18.521015221441097,-0.18751939726410558,-1.818642892708382,-5.456528888201036,0,-18.521015221441097,-1,TRUE,FALSE
pre_covid,8,8,4,z_jk_purif,juros_selic,price_ipca,-1,ext,24,-0.036504782636873415,-0.05690162031399017,-0.18196562576699984,-0.17616111215502675,20,-0.20193085187837342,-1,TRUE,FALSE
pre_covid,8,8,4,z_jk_purif,juros_selic,pib,-1,ext,24,0.17664127833687537,0.5056436229944783,-0.040294973475540896,-1.2007119291186807,24,-1.2007119291186807,-1,TRUE,FALSE
pre_covid,8,8,4,z_jk_purif,juros_selic,vendas_varejo,-1,ext,24,-3.1125894284491986,-3.539076304568646,-4.192611026496694,-2.439386598320114,11,-4.268630754074533,-1,TRUE,FALSE
pre_covid,8,8,4,z_jk_purif,juros_selic,cambio_usd,-1,soft,0,0.32823848015327234,0.2591346784445799,0.05972243098046741,-0.16359780739306057,4,0.3676696333885964,1,FALSE,FALSE
pre_covid,8,8,4,z_jk_purif,juros_selic,cds_5y,-1,soft,0,92.97283017896295,89.1832972303217,38.01649233099272,-51.290615867155225,4,109.3018886615779,1,FALSE,FALSE
pre_covid,8,8,4,z_jk_purif,juros_selic,embi_perc,-1,soft,0,0.9556186929221888,0.8099102145020348,0.30712379036978565,-0.5647932183344365,4,1.0010368518811426,1,FALSE,FALSE
pre_covid,8,8,4,z_jk_raw_purif,yield_3m,yield_6m,1,hard,0,0.0054713859969290944,0.008831919033386927,0.0064389492212759475,-0.004209439136854409,6,0.008831919033386927,1,TRUE,FALSE
pre_covid,8,8,4,z_jk_raw_purif,yield_3m,yield_2y,1,hard,0,0.006794721120337532,0.00818422515588243,0.004338853086538011,-0.008390253025657523,3,0.008621035515115692,1,TRUE,FALSE
pre_covid,8,8,4,z_jk_raw_purif,yield_3m,yield_5y,1,hard,0,0.006950821710825683,0.006594760299217461,0.003174939028349229,-0.00800406621869839,24,-0.00800406621869839,1,TRUE,FALSE
pre_covid,8,8,4,z_jk_raw_purif,yield_3m,asset_ibov,-1,hard,0,-4.388723524377753,0.07728576048907254,-0.6154286581078864,-3.142346278217276,3,-7.1120477138935865,-1,TRUE,FALSE
pre_covid,8,8,4,z_jk_raw_purif,yield_3m,price_ipca,-1,ext,24,-0.36793913592209926,-0.04462122239064508,-0.10158778897435924,-0.13115064618679292,0,-0.36793913592209926,-1,TRUE,FALSE
pre_covid,8,8,4,z_jk_raw_purif,yield_3m,pib,-1,ext,24,0.4938875075276794,0.5435151691398854,0.18778857769181645,-0.5797048671237537,3,0.6577147221048296,-1,TRUE,FALSE
pre_covid,8,8,4,z_jk_raw_purif,yield_3m,vendas_varejo,-1,ext,24,-0.7483515785562815,-1.8291837073564552,-2.7429435982766086,-2.4032825707434986,17,-2.8916424171966137,-1,TRUE,FALSE
pre_covid,8,8,4,z_jk_raw_purif,yield_3m,cambio_usd,-1,soft,0,0.12837984311003334,0.08131851101856047,0.060994871863182074,-0.0686289157532579,0,0.12837984311003334,1,FALSE,FALSE
pre_covid,8,8,4,z_jk_raw_purif,yield_3m,cds_5y,-1,soft,0,35.7244003345001,44.1684243213502,37.25692593757757,-14.180560514075855,5,44.228396418967144,1,FALSE,FALSE
pre_covid,8,8,4,z_jk_raw_purif,yield_3m,embi_perc,-1,soft,0,0.36226803450711503,0.42518162195627407,0.32475106751503346,-0.18632414343155781,4,0.4437334862213972,1,FALSE,FALSE
pre_covid,8,8,4,z_jk_raw_purif,yield_6m,yield_6m,1,hard,0,0.005,0.008071007088829036,0.005884203038215466,-0.003846775880203869,6,0.008071007088829036,1,TRUE,TRUE
pre_covid,8,8,4,z_jk_raw_purif,yield_6m,yield_2y,1,hard,0,0.006209323491480203,0.0074791151277537,0.003965040200941099,-0.007667392713991199,3,0.007878292191370147,1,TRUE,FALSE
pre_covid,8,8,4,z_jk_raw_purif,yield_6m,yield_5y,1,hard,0,0.0063519752716468415,0.0060265902487220595,0.002901402889625422,-0.007314477742194393,24,-0.007314477742194393,1,TRUE,FALSE
pre_covid,8,8,4,z_jk_raw_purif,yield_6m,asset_ibov,-1,hard,0,-4.010614062726516,0.07062722364356165,-0.5624065442040699,-2.871618160353674,3,-6.499310885656157,-1,TRUE,FALSE
pre_covid,8,8,4,z_jk_raw_purif,yield_6m,price_ipca,-1,ext,24,-0.3362394246436014,-0.04077689128101131,-0.09283551647733962,-0.11985139255428458,0,-0.3362394246436014,-1,TRUE,FALSE
pre_covid,8,8,4,z_jk_raw_purif,yield_6m,pib,-1,ext,24,0.45124089102670517,0.49657268267195853,0.17159582331569556,-0.5298930993809847,3,0.6008795731312411,-1,TRUE,FALSE
pre_covid,8,8,4,z_jk_raw_purif,yield_6m,vendas_varejo,-1,ext,24,-0.6838775211402616,-1.6715908075057349,-2.5066259260598054,-2.1962283159078706,17,-2.642513632578286,-1,TRUE,FALSE
pre_covid,8,8,4,z_jk_raw_purif,yield_6m,cambio_usd,-1,soft,0,0.11731930737667626,0.07431253348255983,0.05573987276479528,-0.0627162073666316,0,0.11731930737667626,1,FALSE,FALSE
pre_covid,8,8,4,z_jk_raw_purif,yield_6m,cds_5y,-1,soft,0,32.646572874360366,40.36310392480119,34.04706408804701,-12.95883759803725,5,40.41790914019871,1,FALSE,FALSE
pre_covid,8,8,4,z_jk_raw_purif,yield_6m,embi_perc,-1,soft,0,0.3310569156612638,0.38855019751386044,0.29677221429570616,-0.17027142988644495,4,0.4055037301978418,1,FALSE,FALSE
pre_covid,8,8,4,z_jk_raw_purif,yield_1y,yield_6m,1,hard,0,0.004480285834208734,0.007232083745575799,0.005272582303544948,-0.003446931096690646,6,0.007232083745575799,1,TRUE,FALSE
pre_covid,8,8,4,z_jk_raw_purif,yield_1y,yield_2y,1,hard,0,0.005563908815779653,0.006701714711858229,0.003552902688868912,-0.006870422192362006,3,0.007059400180550591,1,TRUE,FALSE
pre_covid,8,8,4,z_jk_raw_purif,yield_1y,yield_5y,1,hard,0,0.005691732965760705,0.005400169383985987,0.002599822853144213,-0.006554190202597724,24,-0.006554190202597724,1,TRUE,FALSE
pre_covid,8,8,4,z_jk_raw_purif,yield_1y,asset_ibov,-1,hard,0,-3.5937394743423896,0.06328602991994828,-0.5039484146127564,-2.573134033017822,3,-5.8237540986247796,-1,TRUE,FALSE
pre_covid,8,8,4,z_jk_raw_purif,yield_1y,price_ipca,-1,ext,24,-0.3012897462266445,-0.03653842567387692,-0.08318592987697525,-0.10739369925423026,0,-0.3012897462266445,-1,TRUE,FALSE
pre_covid,8,8,4,z_jk_raw_purif,yield_1y,pib,-1,ext,24,0.40424296769767665,0.444842887661534,0.15374596352581982,-0.4749455256125579,3,0.538254676932759,-1,TRUE,FALSE
pre_covid,8,8,4,z_jk_raw_purif,yield_1y,vendas_varejo,-1,ext,24,-0.6127933540596996,-1.4978409230922964,-2.246080125637219,-1.9679461224900274,17,-2.3678432789487913,-1,TRUE,FALSE
pre_covid,8,8,4,z_jk_raw_purif,yield_1y,cambio_usd,-1,soft,0,0.10512480618378056,0.066588278213215,0.049946112469741906,-0.0561973070880034,0,0.10512480618378056,1,FALSE,FALSE
pre_covid,8,8,4,z_jk_raw_purif,yield_1y,cds_5y,-1,soft,0,29.25319559689197,36.16764854779634,30.508115786014777,-11.611859303659564,5,36.2167571538336,1,FALSE,FALSE
pre_covid,8,8,4,z_jk_raw_purif,yield_1y,embi_perc,-1,soft,0,0.29664592191079914,0.34816318916007094,0.26592486953916217,-0.15257293505814098,4,0.3633545236248382,1,FALSE,FALSE
pre_covid,8,8,4,z_jk_raw_purif,yield_2y,yield_6m,1,hard,0,0.004026203504182451,0.0064991034046649725,0.004738199778356826,-0.00309758050573627,6,0.0064991034046649725,1,TRUE,FALSE
pre_covid,8,8,4,z_jk_raw_purif,yield_2y,yield_2y,1,hard,0,0.005,0.006022487907109185,0.0031928117502506687,-0.006174096682602871,3,0.006343921525573545,1,TRUE,TRUE
pre_covid,8,8,4,z_jk_raw_purif,yield_2y,yield_5y,1,hard,0,0.0051148690194369574,0.0048528557555353085,0.002336327696250992,-0.005889915183377521,24,-0.005889915183377521,1,TRUE,FALSE
pre_covid,8,8,4,z_jk_raw_purif,yield_2y,asset_ibov,-1,hard,0,-3.2295096786545825,0.05687191506487711,-0.45287263980991366,-2.312343819977985,3,-5.2335096525199924,-1,TRUE,FALSE
pre_covid,8,8,4,z_jk_raw_purif,yield_2y,price_ipca,-1,ext,24,-0.2707536699488718,-0.03283521251305491,-0.07475493635073048,-0.0965092193366414,0,-0.2707536699488718,-1,TRUE,FALSE
pre_covid,8,8,4,z_jk_raw_purif,yield_2y,pib,-1,ext,24,0.36319815215657414,0.39966755950255894,0.13815286767286938,-0.4269121329520953,3,0.48357024500726986,-1,TRUE,FALSE
pre_covid,8,8,4,z_jk_raw_purif,yield_2y,vendas_varejo,-1,ext,24,-0.5506860144093058,-1.3460329533477522,-2.018437217435314,-1.768492428298598,17,-2.127859529467318,-1,TRUE,FALSE
pre_covid,8,8,4,z_jk_raw_purif,yield_2y,cambio_usd,-1,soft,0,0.09447028129364637,0.059839476542431616,0.04488401420966054,-0.05050164277371307,0,0.09447028129364637,1,FALSE,FALSE
pre_covid,8,8,4,z_jk_raw_purif,yield_2y,cds_5y,-1,soft,0,26.288349221259487,32.50201409234299,27.416081747683865,-10.434983469469774,5,32.54614548239918,1,FALSE,FALSE
pre_covid,8,8,4,z_jk_raw_purif,yield_2y,embi_perc,-1,soft,0,0.2665805027838428,0.3128764333562177,0.23897306582827146,-0.1371094855341922,4,0.32652810789632114,1,FALSE,FALSE
pre_covid,8,8,4,z_jk_raw_purif,juros_selic,yield_6m,1,hard,0,0.008079207394492749,0.013041468030614185,0.009507939339409417,-0.00621578002725989,6,0.013041468030614185,1,TRUE,FALSE
pre_covid,8,8,4,z_jk_raw_purif,juros_selic,yield_2y,1,hard,0,0.010033282453432876,0.012085064448882053,0.006406876422180868,-0.012389291182271504,3,0.012730071305698436,1,TRUE,FALSE
pre_covid,8,8,4,z_jk_raw_purif,juros_selic,yield_5y,1,hard,0,0.010263785116864849,0.009738014500210631,0.004688207136052867,-0.011819036532317912,24,-0.011819036532317912,1,TRUE,FALSE
pre_covid,8,8,4,z_jk_raw_purif,juros_selic,asset_ibov,-1,hard,0,-6.480516558407334,0.11412239750271126,-0.9087598221289269,-4.640079735057813,3,-10.501856113300086,-1,TRUE,FALSE
pre_covid,8,8,4,z_jk_raw_purif,juros_selic,price_ipca,-1,ext,24,-0.5433096091801144,-0.06588899231239469,-0.1500074782390551,-0.1936608513929658,0,-0.5433096091801144,-1,TRUE,FALSE
pre_covid,8,8,4,z_jk_raw_purif,juros_selic,pib,-1,ext,24,0.7301462695140648,0.8036088426887966,0.2774181212985116,-0.854825242348678,3,0.9727211981069628,-1,TRUE,FALSE
pre_covid,8,8,4,z_jk_raw_purif,juros_selic,vendas_varejo,-1,ext,24,-1.1050376651447542,-2.701025762513287,-4.050310143409923,-3.548756809975445,17,-4.269883136074876,-1,TRUE,FALSE
pre_covid,8,8,4,z_jk_raw_purif,juros_selic,cambio_usd,-1,soft,0,0.18956940313488208,0.12007727400315746,0.0900667984418838,-0.10133944926220612,0,0.18956940313488208,1,FALSE,FALSE
pre_covid,8,8,4,z_jk_raw_purif,juros_selic,cds_5y,-1,soft,0,52.751686594275725,65.2203775387866,55.01465838818357,-20.939427309218637,5,65.30893407908589,1,FALSE,FALSE
pre_covid,8,8,4,z_jk_raw_purif,juros_selic,embi_perc,-1,soft,0,0.5349354962016888,0.6278355257771199,0.4795368536435711,-0.27513163908188387,4,0.6552297471017592,1,FALSE,FALSE
pre_covid,8,8,4,z_jk_raw,yield_3m,yield_6m,1,hard,0,0.005506102512310361,0.008783507350782167,0.006308214609829918,-0.004309028550036154,6,0.008783507350782167,1,TRUE,FALSE
pre_covid,8,8,4,z_jk_raw,yield_3m,yield_2y,1,hard,0,0.006988958059645578,0.008169929340990955,0.0041912428452638845,-0.008457922368130893,3,0.0086315238408435635,1,TRUE,FALSE
pre_covid,8,8,4,z_jk_raw,yield_3m,yield_5y,1,hard,0,0.007188747818497014,0.006596657650081184,0.003040709540411002,-0.008052927102778794,24,-0.008052927102778794,1,TRUE,FALSE
pre_covid,8,8,4,z_jk_raw,yield_3m,asset_ibov,-1,hard,0,-4.520652554547222,0.08331322804876638,-0.6508297803590823,-3.1402442555879166,3,-7.301256642173251,-1,TRUE,FALSE
pre_covid,8,8,4,z_jk_raw,yield_3m,price_ipca,-1,ext,24,-0.37365695897271617,-0.04586141942349551,-0.1026876778087879,-0.12999408755476696,0,-0.37365695897271617,-1,TRUE,FALSE
pre_covid,8,8,4,z_jk_raw,yield_3m,pib,-1,ext,24,0.503525864265697,0.5418624477643519,0.18154948242963265,-0.5831528167400957,3,0.6584227131553266,-1,TRUE,FALSE
pre_covid,8,8,4,z_jk_raw,yield_3m,vendas_varejo,-1,ext,24,-0.8194238974895587,-1.8336481850187085,-2.731526397966566,-2.36512065828252,17,-2.8676546991160894,-1,TRUE,FALSE
pre_covid,8,8,4,z_jk_raw,yield_3m,cambio_usd,-1,soft,0,0.13771392657937562,0.08352296771804352,0.05918379665498012,-0.0694297750722507,0,0.13771392657937562,1,FALSE,FALSE
pre_covid,8,8,4,z_jk_raw,yield_3m,cds_5y,-1,soft,0,37.164570099007946,44.334045692039716,36.568135956270865,-14.706401049804866,5,44.7399506789522,1,FALSE,FALSE
pre_covid,8,8,4,z_jk_raw,yield_3m,embi_perc,-1,soft,0,0.37842667991509327,0.42645370512724706,0.3183338028000577,-0.1910287724088885,4,0.448616988129005,1,FALSE,FALSE
pre_covid,8,8,4,z_jk_raw,yield_6m,yield_6m,1,hard,0,0.005,0.007976156756203043,0.005728384638431831,-0.00391295706936274,6,0.007976156756203043,1,TRUE,TRUE
pre_covid,8,8,4,z_jk_raw,yield_6m,yield_2y,1,hard,0,0.00634655642899846,0.007418976783237235,0.0038059978323081007,-0.007680498455323845,3,0.007838143061762372,1,TRUE,FALSE
pre_covid,8,8,4,z_jk_raw,yield_6m,yield_5y,1,hard,0,0.006527982181974138,0.005990314959930909,0.002761217697647914,-0.007312728999119003,24,-0.007312728999119003,1,TRUE,FALSE
pre_covid,8,8,4,z_jk_raw,yield_6m,asset_ibov,-1,hard,0,-4.105129303749883,0.07565535500156186,-0.5910076854762318,-2.8516035149791192,3,-6.630149571179745,-1,TRUE,FALSE
pre_covid,8,8,4,z_jk_raw,yield_6m,price_ipca,-1,ext,24,-0.33931166204888696,-0.04164599126238575,-0.09324897019189363,-0.1180454661569872,0,-0.33931166204888696,-1,TRUE,FALSE
pre_covid,8,8,4,z_jk_raw,yield_6m,pib,-1,ext,24,0.4571378340407106,0.49193396911468845,0.16484831517475929,-0.5296935875916287,3,0.5977222080092659,-1,TRUE,FALSE
pre_covid,8,8,4,z_jk_raw,yield_6m,vendas_varejo,-1,ext,24,-0.7441051956965185,-1.6651053816371006,-2.480453634725752,-2.1477266841605855,17,-2.604069478096968,-1,TRUE,FALSE
pre_covid,8,8,4,z_jk_raw,yield_6m,cambio_usd,-1,soft,0,0.12505572341913307,0.07584581610250231,0.053743820172852716,-0.06304802255045373,0,0.12505572341913307,1,FALSE,FALSE
pre_covid,8,8,4,z_jk_raw,yield_6m,cds_5y,-1,soft,0,33.74852721677142,40.25900861173501,33.20691530398594,-13.354637892161275,5,40.62760417093952,1,FALSE,FALSE
pre_covid,8,8,4,z_jk_raw,yield_6m,embi_perc,-1,soft,0,0.343642966207966,0.38725550802386627,0.28907362520797386,-0.17347004708120917,4,0.407381616239438,1,FALSE,FALSE
pre_covid,8,8,4,z_jk_raw,yield_1y,yield_6m,1,hard,0,0.004424846797874038,0.007058654336405282,0.0050694448848711835,-0.003462847111717661,6,0.007058654336405282,1,TRUE,FALSE
pre_covid,8,8,4,z_jk_raw,yield_1y,yield_2y,1,hard,0,0.005616507978476145,0.006565567132561823,0.003368191464200806,-0.006797005799223242,3,0.006936516445623568,1,TRUE,FALSE
pre_covid,8,8,4,z_jk_raw,yield_1y,yield_5y,1,hard,0,0.005777064210897408,0.005301245193741446,0.0024435930575340994,-0.006471541099094468,24,-0.006471541099094468,1,TRUE,FALSE
pre_covid,8,8,4,z_jk_raw,yield_1y,asset_ibov,-1,hard,0,-3.6329136509113096,0.06695267106413691,-0.5230236929196902,-2.5235817364123414,3,-5.867479219892124,-1,TRUE,FALSE
pre_covid,8,8,4,z_jk_raw,yield_1y,price_ipca,-1,ext,24,-0.30028042425966706,-0.036855426216331554,-0.08252248143173045,-0.1044666205856586,0,-0.30028042425966706,-1,TRUE,FALSE
pre_covid,8,8,4,z_jk_raw,yield_1y,pib,-1,ext,24,0.40444678971440773,0.43522353842890826,0.14587188450772004,-0.46890568778164,3,0.5287843934973946,-1,TRUE,FALSE
pre_covid,8,8,4,z_jk_raw,yield_1y,vendas_varejo,-1,ext,24,-0.658510298491835,-1.4735672432119507,-2.195125464578253,-1.9006723082233188,17,-2.304521698319778,-1,TRUE,FALSE
pre_covid,8,8,4,z_jk_raw,yield_1y,cambio_usd,-1,soft,0,0.11067048346539446,0.0671212233026601,0.047561634119473103,-0.05579556813893307,0,0.11067048346539446,1,FALSE,FALSE
pre_covid,8,8,4,z_jk_raw,yield_1y,cds_5y,-1,soft,0,29.86641251761917,35.6279890682438,29.38710257002331,-11.818445342779421,5,35.954184844215135,1,FALSE,FALSE
pre_covid,8,8,4,z_jk_raw,yield_1y,embi_perc,-1,soft,0,0.304113495727451,0.34270925892769777,0.2558213009702686,-0.1535156764708694,4,0.36052024802596555,1,FALSE,FALSE
pre_covid,8,8,4,z_jk_raw,yield_2y,yield_6m,1,hard,0,0.0039391440507439415,0.006283846086799663,0.004512986453770348,-0.003082740312119338,6,0.006283846086799663,1,TRUE,FALSE
pre_covid,8,8,4,z_jk_raw,yield_2y,yield_2y,1,hard,0,0.005,0.005844883651659276,0.002998474743656159,-0.0060509179594073915,3,0.00617511492212423,1,TRUE,TRUE
pre_covid,8,8,4,z_jk_raw,yield_2y,yield_5y,1,hard,0,0.005142932435097176,0.004719342707298855,0.002175366853299733,-0.005761178586316465,24,-0.005761178586316465,1,TRUE,FALSE
pre_covid,8,8,4,z_jk_raw,yield_2y,asset_ibov,-1,hard,0,-3.2341391348801944,0.059603468312264665,-0.4656128816375291,-2.246575404222102,3,-5.223422847771038,-1,TRUE,FALSE
pre_covid,8,8,4,z_jk_raw,yield_2y,price_ipca,-1,ext,24,-0.2673195029815824,-0.03280991174371221,-0.0734642252338794,-0.0929996191459183,0,-0.2673195029815824,-1,TRUE,FALSE
pre_covid,8,8,4,z_jk_raw,yield_2y,pib,-1,ext,24,0.35997202202202594,0.38735789826627176,0.12984955501305073,-0.41754286944094554,3,0.47060489660351035,-1,TRUE,FALSE
pre_covid,8,8,4,z_jk_raw,yield_2y,vendas_varejo,-1,ext,24,-0.5862275109511195,-1.3118179915875012,-1.9541728356752268,-1.6920409581070368,17,-2.0515609584739107,-1,TRUE,FALSE
pre_covid,8,8,4,z_jk_raw,yield_2y,cambio_usd,-1,soft,0,0.09852250178359157,0.059753519054798206,0.042340929899629,-0.049671048588157934,0,0.09852250178359157,1,FALSE,FALSE
pre_covid,8,8,4,z_jk_raw,yield_2y,cds_5y,-1,soft,0,26.588062041463026,31.71720685235302,26.16136457265083,-10.52116848054934,5,32.00759705318724,1,FALSE,FALSE
pre_covid,8,8,4,z_jk_raw,yield_2y,embi_perc,-1,soft,0,0.2707318291836222,0.30509104611000715,0.22774053019299484,-0.1366647007884433,4,0.32094697399840677,1,FALSE,FALSE
pre_covid,8,8,4,z_jk_raw,juros_selic,yield_6m,1,hard,0,0.00815186480178999,0.013004110302890202,0.009339403421029386,-0.006379579400930688,6,0.013004110302890202,1,TRUE,FALSE
pre_covid,8,8,4,z_jk_raw,juros_selic,yield_2y,1,hard,0,0.010347253993225303,0.012095699140913749,0.006205195952976281,-0.012522077003631367,3,0.01277909650731502,1,TRUE,FALSE
pre_covid,8,8,4,z_jk_raw,juros_selic,yield_5y,1,hard,0,0.010643045635189438,0.009766447534699359,0.004501814671907125,-0.011922475626589428,24,-0.011922475626589428,1,TRUE,FALSE
pre_covid,8,8,4,z_jk_raw,juros_selic,asset_ibov,-1,hard,0,-6.692891815607063,0.12334644510083168,-0.9635629497642126,-4.64917726448378,3,-10.809616583980631,-1,TRUE,FALSE
pre_covid,8,8,4,z_jk_raw,juros_selic,price_ipca,-1,ext,24,-0.5532045589386364,-0.06789849806149918,-0.15203059958209234,-0.1924581361152071,0,-0.5532045589386364,-1,TRUE,FALSE
pre_covid,8,8,4,z_jk_raw,juros_selic,pib,-1,ext,24,0.7463784228784576,0.8032786531409375,0.2689038516892506,-0.8621553632861101,3,0.9763446946509546,-1,TRUE,FALSE
pre_covid,8,8,4,z_jk_raw,juros_selic,vendas_varejo,-1,ext,24,-1.2131689907255003,-2.714742790367714,-4.044064535478581,-3.5015955120947613,17,-4.245604463982861,-1,TRUE,FALSE
pre_covid,8,8,4,z_jk_raw,juros_selic,cambio_usd,-1,soft,0,0.20388747000056298,0.12365696772980501,0.08762247119616179,-0.10279179117030106,0,0.20388747000056298,1,FALSE,FALSE
pre_covid,8,8,4,z_jk_raw,juros_selic,cds_5y,-1,soft,0,55.02268622613009,65.63719905139254,54.139656808516854,-21.773040514752072,5,66.23814728442761,1,FALSE,FALSE
pre_covid,8,8,4,z_jk_raw,juros_selic,embi_perc,-1,soft,0,0.5602662001226851,0.6313709090318114,0.4712978220917427,-0.28282087419323226,4,0.6641839716637185,1,FALSE,FALSE
pre_covid,8,8,4,z_bs_purif,yield_3m,yield_6m,1,hard,0,0.005106399319212327,0.013083536400589253,0.011868044168079621,-0.003087924708116699,8,0.013513098362042793,1,TRUE,FALSE
pre_covid,8,8,4,z_bs_purif,yield_3m,yield_2y,1,hard,0,0.004328517220408585,0.012628531768061373,0.00950230509972094,-0.009392655366043631,6,0.012628531768061373,1,TRUE,FALSE
pre_covid,8,8,4,z_bs_purif,yield_3m,yield_5y,1,hard,0,0.003142141586918241,0.010595493233306226,0.007501850024548608,-0.009378746896357471,6,0.010595493233306226,1,TRUE,FALSE
pre_covid,8,8,4,z_bs_purif,yield_3m,asset_ibov,-1,hard,0,1.2686104605657442,-0.29635308268618815,0.25890095897672666,-4.042070337901486,3,-5.576649114012815,1,FALSE,FALSE
pre_covid,8,8,4,z_bs_purif,yield_3m,price_ipca,-1,ext,24,-0.15943347312567765,-0.015902306244588972,-0.1066392874456075,-0.2026554310567398,24,-0.2026554310567398,-1,TRUE,FALSE
pre_covid,8,8,4,z_bs_purif,yield_3m,pib,-1,ext,24,0.46334628846642634,0.7694341664714166,0.4527743958269381,-0.6747849163738828,5,0.7890135519889263,-1,TRUE,FALSE
pre_covid,8,8,4,z_bs_purif,yield_3m,vendas_varejo,-1,ext,24,-0.7852952708977776,-2.224592006903568,-3.8190211905126814,-4.098130412763876,19,-4.441614300394558,-1,TRUE,FALSE
pre_covid,8,8,4,z_bs_purif,yield_3m,cambio_usd,-1,soft,0,0.030461491135495324,0.12034112746229565,0.11945795918182107,-0.07155667602725575,9,0.13442130271962374,1,FALSE,FALSE
pre_covid,8,8,4,z_bs_purif,yield_3m,cds_5y,-1,soft,0,16.245074674722318,65.2022229500849,64.97976701513363,-5.98646168504808,9,69.39183373735625,1,FALSE,FALSE
pre_covid,8,8,4,z_bs_purif,yield_3m,embi_perc,-1,soft,0,0.18628080879511041,0.6261454204047217,0.5830588156045216,-0.132097358513747,9,0.6472682233620403,1,FALSE,FALSE
pre_covid,8,8,4,z_bs_purif,yield_6m,yield_6m,1,hard,0,0.005,0.012810921730468404,0.011620756061347636,-0.0030235832678602755,8,0.013231533138429934,1,TRUE,TRUE
pre_covid,8,8,4,z_bs_purif,yield_6m,yield_2y,1,hard,0,0.004238326215620235,0.012365397786800339,0.009304310636233881,-0.009196945615577582,6,0.012365397786800339,1,TRUE,FALSE
pre_covid,8,8,4,z_bs_purif,yield_6m,yield_5y,1,hard,0,0.0030766704584737833,0.010374720591710993,0.007345537976557799,-0.00918332694925645,6,0.010374720591710993,1,TRUE,FALSE
pre_covid,8,8,4,z_bs_purif,yield_6m,asset_ibov,-1,hard,0,1.2421771009884808,-0.29017813155660266,0.2535063777744889,-3.9578478740328755,3,-5.46045145062512,1,FALSE,FALSE
pre_covid,8,8,4,z_bs_purif,yield_6m,price_ipca,-1,ext,24,-0.15611144287700415,-0.015570958370566618,-0.104417301487163,-0.19843280792227572,24,-0.19843280792227572,-1,TRUE,FALSE
pre_covid,8,8,4,z_bs_purif,yield_6m,pib,-1,ext,24,0.4536699225847318,0.7533416408358917,0.4433192965258792,-0.6607713393681269,5,0.772509960731993,-1,TRUE,FALSE
pre_covid,8,8,4,z_bs_purif,yield_6m,vendas_varejo,-1,ext,24,-0.7689324921605534,-2.178239369700053,-3.7394462827691406,-4.012739855013945,19,-4.349066752068741,-1,TRUE,FALSE
pre_covid,8,8,4,z_bs_purif,yield_6m,cambio_usd,-1,soft,0,0.029826781290768767,0.11783364357104228,0.11696887739700673,-0.07006568773228404,9,0.13162043772593024,1,FALSE,FALSE
pre_covid,8,8,4,z_bs_purif,yield_6m,cds_5y,-1,soft,0,15.906584717730373,63.8436390048541,63.62581826557671,-5.861724975683554,9,67.94595310660122,1,FALSE,FALSE
pre_covid,8,8,4,z_bs_purif,yield_6m,embi_perc,-1,soft,0,0.18239937493161484,0.6130987622226398,0.5709099300272306,-0.12934491630603936,9,0.6337814406001866,1,FALSE,FALSE
pre_covid,8,8,4,z_bs_purif,yield_1y,yield_6m,1,hard,0,0.0052293693924385645,0.013398608397247512,0.012153845212841253,-0.0031622867592875797,8,0.013838514881828414,1,TRUE,FALSE
pre_covid,8,8,4,z_bs_purif,yield_1y,yield_2y,1,hard,0,0.004432754677426885,0.01293264654232425,0.00973113545177241,-0.009618845181204691,6,0.01293264654232425,1,TRUE,FALSE
pre_covid,8,8,4,z_bs_purif,yield_1y,yield_5y,1,hard,0,0.0032178092652325454,0.010850649263479116,0.0076825062931212915,-0.00960460177383958,6,0.010850649263479116,1,TRUE,FALSE
pre_covid,8,8,4,z_bs_purif,yield_1y,asset_ibov,-1,hard,0,1.2991605823794459,-0.3034897279034218,0.26513569854437613,-4.139409706479112,3,-5.710943536959152,1,FALSE,FALSE
pre_covid,8,8,4,z_bs_purif,yield_1y,price_ipca,-1,ext,24,-0.1632728802380854,-0.016285258622795225,-0.10920732808759999,-0.20753569044087783,24,-0.20753569044087783,-1,TRUE,FALSE
pre_covid,8,8,4,z_bs_purif,yield_1y,pib,-1,ext,24,0.47453082400068514,0.7880361627985,0.4637031520832835,-0.6909785215576836,5,0.8080907988083252,-1,TRUE,FALSE
pre_covid,8,8,4,z_bs_purif,yield_1y,vendas_varejo,-1,ext,24,-0.8042064078711809,-2.2781636578628257,-3.910989187156222,-4.1968197955256565,19,-4.548575311788095,-1,TRUE,FALSE
pre_covid,8,8,4,z_bs_purif,yield_1y,cambio_usd,-1,soft,0,0.03119505143138108,0.12323912981798474,0.12233469346556121,-0.07327987257747288,9,0.13765837769266917,1,FALSE,FALSE
pre_covid,8,8,4,z_bs_purif,yield_1y,cds_5y,-1,soft,0,16.636281452226047,66.7723943427762,66.54458132137309,-6.130625034946454,9,71.0628975031453,1,FALSE,FALSE
pre_covid,8,8,4,z_bs_purif,yield_1y,embi_perc,-1,soft,0,0.19076674169346255,0.6412239803418084,0.5970997827847285,-0.13527846927966602,9,0.6628554533940472,1,FALSE,FALSE
pre_covid,8,8,4,z_bs_purif,yield_2y,yield_6m,1,hard,0,0.005898554931393244,0.015113185109789457,0.01370913359443601,-0.0035669543990230657,8,0.015609385008715804,1,TRUE,FALSE
pre_covid,8,8,4,z_bs_purif,yield_2y,yield_2y,1,hard,0,0.005,0.014587595618794049,0.010976397477314395,-0.010849737782904123,6,0.014587595618794049,1,TRUE,TRUE
pre_covid,8,8,4,z_bs_purif,yield_2y,yield_5y,1,hard,0,0.0036295819410204896,0.012239171861612783,0.008665611851072272,-0.01083367169262662,6,0.012239171861612783,1,TRUE,FALSE
pre_covid,8,8,4,z_bs_purif,yield_2y,asset_ibov,-1,hard,0,1.4654099729398735,-0.3423263297751352,0.2990642589522701,-4.669116619016177,3,-6.44175456634364,1,FALSE,FALSE
pre_covid,8,8,4,z_bs_purif,yield_2y,price_ipca,-1,ext,24,-0.18416638424581355,-0.01836923065664493,-0.12318223772197609,-0.23409336354402957,24,-0.23409336354402957,-1,TRUE,FALSE
pre_covid,8,8,4,z_bs_purif,yield_2y,pib,-1,ext,24,0.5354172943502489,0.8893257701237944,0.5231967233390922,-0.7790555385041253,5,0.9119697550407091,-1,TRUE,FALSE
pre_covid,8,8,4,z_bs_purif,yield_2y,vendas_varejo,-1,ext,24,-0.9071181087084259,-2.5696929151798322,-4.41146586238161,-4.733873292038143,19,-5.130641827474696,-1,TRUE,FALSE
pre_covid,8,8,4,z_bs_purif,yield_2y,cambio_usd,-1,soft,0,0.035186981574050376,0.13900964387400105,0.13798946971792916,-0.08265726157894462,9,0.15527407640408467,1,FALSE,FALSE
pre_covid,8,8,4,z_bs_purif,yield_2y,cds_5y,-1,soft,0,18.76517274567858,75.31704233803444,75.06007681886958,-6.915141352357835,9,80.15658735303136,1,FALSE,FALSE
pre_covid,8,8,4,z_bs_purif,yield_2y,embi_perc,-1,soft,0,0.2151785464971844,0.7232793454678893,0.6735087166286986,-0.152589618785527,9,0.7476789283755492,1,FALSE,FALSE
pre_covid,8,8,4,z_bs_purif,juros_selic,yield_6m,1,hard,0,0.006207039030803219,0.015903578240316497,0.014426097288045574,-0.003753499871298455,8,0.016425728525520163,1,TRUE,FALSE
pre_covid,8,8,4,z_bs_purif,juros_selic,yield_2y,1,hard,0,0.005261491249126259,0.015350501338815487,0.011550443854764246,-0.011417160080012916,6,0.015350501338815487,1,TRUE,FALSE
pre_covid,8,8,4,z_bs_purif,juros_selic,yield_5y,1,hard,0,0.0038194027241332013,0.0128792591292856,0.009118808184548311,-0.011400253761332366,6,0.0128792591292856,1,TRUE,FALSE
pre_covid,8,8,4,z_bs_purif,juros_selic,asset_ibov,-1,hard,0,1.5420483498010986,-0.36022939769147677,0.3147047962807597,-4.91330324642072,3,-6.778647055967236,1,FALSE,FALSE
pre_covid,8,8,4,z_bs_purif,juros_selic,price_ipca,-1,ext,24,-0.1937979638185144,-0.019329909270623818,-0.12962445316439353,-0.24633603675308868,24,-0.24633603675308868,-1,TRUE,FALSE
pre_covid,8,8,4,z_bs_purif,juros_selic,pib,-1,ext,24,0.5634974312207941,0.9360529721533117,0.5506341948358529,-0.8196313608118788,5,0.9598923738695087,-1,TRUE,FALSE
pre_covid,8,8,4,z_bs_purif,juros_selic,vendas_varejo,-1,ext,24,-0.954558798178669,-2.704083357232086,-4.6421778061480135,-4.98144658010624,19,-5.398965415531853,-1,TRUE,FALSE
pre_covid,8,8,4,z_bs_purif,juros_selic,cambio_usd,-1,soft,0,0.03702719912700659,0.14627960495744283,0.14520607747849143,-0.08698009169487146,9,0.1633946388432507,1,FALSE,FALSE
pre_covid,8,8,4,z_bs_purif,juros_selic,cds_5y,-1,soft,0,19.746558437946085,79.25599183432803,78.9855874682454,-7.276791142380374,9,84.34863658355981,1,FALSE,FALSE
pre_covid,8,8,4,z_bs_purif,juros_selic,embi_perc,-1,soft,0,0.2264320078789287,0.7611055893706135,0.708732043750431,-0.16056978878951242,9,0.78678122776081,1,FALSE,FALSE
pre_covid,8,8,4,z_jk_bs_purif,yield_3m,yield_6m,1,hard,0,0.005539072563463829,0.008955386102447177,0.006548682370801095,-0.0045205299147215074,6,0.008955386102447177,1,TRUE,FALSE
pre_covid,8,8,4,z_jk_bs_purif,yield_3m,yield_2y,1,hard,0,0.0073084998267173296,0.008595396321062553,0.004440468279922517,-0.008801678017007637,3,0.009334928323381966,1,TRUE,FALSE
pre_covid,8,8,4,z_jk_bs_purif,yield_3m,yield_5y,1,hard,0,0.007708019868756763,0.007151972548233775,0.00328363364513586,-0.008376408875719433,24,-0.008376408875719433,1,TRUE,FALSE
pre_covid,8,8,4,z_jk_bs_purif,yield_3m,asset_ibov,-1,hard,0,-4.227196857479752,0.29124834589869636,-0.7018896382592885,-3.2555211720637445,3,-7.225165536634018,-1,TRUE,FALSE
pre_covid,8,8,4,z_jk_bs_purif,yield_3m,price_ipca,-1,ext,24,-0.390595728912278,-0.028289283944883552,-0.10860362619246659,-0.13390006483384803,0,-0.390595728912278,-1,TRUE,FALSE
pre_covid,8,8,4,z_jk_bs_purif,yield_3m,pib,-1,ext,24,0.4198791975428273,0.5102405609713312,0.19021855647640695,-0.6047194997276018,3,0.620284006319971,-1,TRUE,FALSE
pre_covid,8,8,4,z_jk_bs_purif,yield_3m,vendas_varejo,-1,ext,24,-0.7110461141726033,-1.898112692806126,-2.791656970468897,-2.424576065097648,17,-2.940860097842437,-1,TRUE,FALSE
pre_covid,8,8,4,z_jk_bs_purif,yield_3m,cambio_usd,-1,soft,0,0.1519319807973291,0.10048294364594879,0.06385524733886971,-0.07290755817054477,0,0.1519319807973291,1,FALSE,FALSE
pre_covid,8,8,4,z_jk_bs_purif,yield_3m,cds_5y,-1,soft,0,40.73703480985533,47.58020723651596,38.14982266685577,-15.613069903438477,4,49.19808882414108,1,FALSE,FALSE
pre_covid,8,8,4,z_jk_bs_purif,yield_3m,embi_perc,-1,soft,0,0.38756559593467965,0.45206780965441334,0.3325772367789711,-0.20110036024194536,4,0.486649596575807,1,FALSE,FALSE
pre_covid,8,8,4,z_jk_bs_purif,yield_6m,yield_6m,1,hard,0,0.005,0.008083831724391578,0.005911352754246923,-0.004080583764635336,6,0.008083831724391578,1,TRUE,TRUE
pre_covid,8,8,4,z_jk_bs_purif,yield_6m,yield_2y,1,hard,0,0.006597223400650846,0.007758876799844148,0.0040083138729867926,-0.007945082787923935,3,0.008426436209696825,1,TRUE,FALSE
pre_covid,8,8,4,z_jk_bs_purif,yield_6m,yield_5y,1,hard,0,0.006957861429365887,0.006455929640106869,0.0029640644778649162,-0.007561201608885668,24,-0.007561201608885668,1,TRUE,FALSE
pre_covid,8,8,4,z_jk_bs_purif,yield_6m,asset_ibov,-1,hard,0,-3.815798411238268,0.2629035299336878,-0.6335804687674695,-2.938687961534775,3,-6.521999354451315,-1,TRUE,FALSE
pre_covid,8,8,4,z_jk_bs_purif,yield_6m,price_ipca,-1,ext,24,-0.3525822458877674,-0.025536119648875838,-0.09803412479990323,-0.12086866826503019,0,-0.3525822458877674,-1,TRUE,FALSE
pre_covid,8,8,4,z_jk_bs_purif,yield_6m,pib,-1,ext,24,0.3789384736648138,0.46046888219375415,0.17169025997765264,-0.5460280882821245,3,0.5597482238180795,-1,TRUE,FALSE
pre_covid,8,8,4,z_jk_bs_purif,yield_6m,vendas_varejo,-1,ext,24,-0.6418458198785126,-1.7133849313748215,-2.519967863287161,-2.188611935769128,17,-2.654650272358398,-1,TRUE,FALSE
pre_covid,8,8,4,z_jk_bs_purif,yield_6m,cambio_usd,-1,soft,0,0.13714568554263465,0.09070376177118748,0.057640739137508404,-0.06581206270111797,0,0.13714568554263465,1,FALSE,FALSE
pre_covid,8,8,4,z_jk_bs_purif,yield_6m,cds_5y,-1,soft,0,36.77243287852926,42.94961538359224,34.43701290220955,-14.093577692431355,4,44.41004180795143,1,FALSE,FALSE
pre_covid,8,8,4,z_jk_bs_purif,yield_6m,embi_perc,-1,soft,0,0.3498470109338282,0.4080717525134886,0.3002102183790455,-0.1815289093416284,4,0.4392879773644662,1,FALSE,FALSE
pre_covid,8,8,4,z_jk_bs_purif,yield_1y,yield_6m,1,hard,0,0.00439012447711764,0.007097805504430314,0.005190314883859238,-0.003582854133210887,6,0.007097805504430314,1,TRUE,FALSE
pre_covid,8,8,4,z_jk_bs_purif,yield_1y,yield_2y,1,hard,0,0.005792526386442111,0.006812486990787196,0.003519399369153905,-0.006975980483998186,3,0.007398620771812085,1,TRUE,FALSE
pre_covid,8,8,4,z_jk_bs_purif,yield_1y,yield_5y,1,hard,0,0.006109175553890383,0.005668466947116488,0.002602522403205937,-0.0066389232519180495,24,-0.0066389232519180495,1,TRUE,FALSE
pre_covid,8,8,4,z_jk_bs_purif,yield_1y,asset_ibov,-1,hard,0,-3.350366000984745,0.23083584437650265,-0.5562994248319474,-2.5802411901089513,3,-5.726477801144433,-1,TRUE,FALSE
pre_covid,8,8,4,z_jk_bs_purif,yield_1y,price_ipca,-1,ext,24,-0.30957598957379956,-0.022421348784226906,-0.08607640217537213,-0.10612569981338425,0,-0.30957598957379956,-1,TRUE,FALSE
pre_covid,8,8,4,z_jk_bs_purif,yield_1y,pib,-1,ext,24,0.33264062970761454,0.40418979726062343,0.15073254787876245,-0.47958623542517786,3,0.49130544846083257,-1,TRUE,FALSE
pre_covid,8,8,4,z_jk_bs_purif,yield_1y,vendas_varejo,-1,ext,24,-0.5635566088768597,-1.5043946251906264,-2.212594519633361,-1.921655766026374,17,-2.3308490277735228,-1,TRUE,FALSE
pre_covid,8,8,4,z_jk_bs_purif,yield_1y,cambio_usd,-1,soft,0,0.12041732620635984,0.07964016094366748,0.05061000395334567,-0.057784629470755786,0,0.12041732620635984,1,FALSE,FALSE
pre_covid,8,8,4,z_jk_bs_purif,yield_1y,cds_5y,-1,soft,0,32.28711153263935,37.710831555659325,30.23655465216122,-12.374512079540407,4,38.99312231418106,1,FALSE,FALSE
pre_covid,8,8,4,z_jk_bs_purif,yield_1y,embi_perc,-1,soft,0,0.30717438518940837,0.3582971578259516,0.2635920455973359,-0.1593869016410304,4,0.3857057803862486,1,FALSE,FALSE
pre_covid,8,8,4,z_jk_bs_purif,yield_2y,yield_6m,1,hard,0,0.0037894730073160226,0.006126692423053365,0.0044801823397883885,-0.003092652406035521,6,0.006126692423053365,1,TRUE,FALSE
pre_covid,8,8,4,z_jk_bs_purif,yield_2y,yield_2y,1,hard,0,0.005,0.005880410840019985,0.003037879445306759,-0.006021535353145777,3,0.006386350512903292,1,TRUE,TRUE
pre_covid,8,8,4,z_jk_bs_purif,yield_2y,yield_5y,1,hard,0,0.005273325615045462,0.004892914221663285,0.002246448466162672,-0.005730593879949344,24,-0.005730593879949344,1,TRUE,FALSE
pre_covid,8,8,4,z_jk_bs_purif,yield_2y,asset_ibov,-1,hard,0,-2.891973016149356,0.19925316604236198,-0.48018721687139176,-2.2272157414321154,3,-4.942988101485158,-1,TRUE,FALSE
pre_covid,8,8,4,z_jk_bs_purif,yield_2y,price_ipca,-1,ext,24,-0.26722018073011106,-0.01935368722420146,-0.07429953394501672,-0.09160571116411335,0,-0.26722018073011106,-1,TRUE,FALSE
pre_covid,8,8,4,z_jk_bs_purif,yield_2y,pib,-1,ext,24,0.2870638888119448,0.3487927210910957,0.1300960961377884,-0.4141058958735955,3,0.4239433668647319,-1,TRUE,FALSE
pre_covid,8,8,4,z_jk_bs_purif,yield_2y,vendas_varejo,-1,ext,24,-0.48645148185764914,-1.2985651897173804,-1.909870039446106,-1.6587371708173562,17,-2.0119451101932553,-1,TRUE,FALSE
pre_covid,8,8,4,z_jk_bs_purif,yield_2y,cambio_usd,-1,soft,0,0.10394197468673305,0.06874389137878759,0.04368560501666646,-0.04987860703233524,0,0.10394197468673305,1,FALSE,FALSE
pre_covid,8,8,4,z_jk_bs_purif,yield_2y,cds_5y,-1,soft,0,27.869628361305374,32.55128163414556,26.09962616910334,-10.681446448395972,4,33.6581309370016,1,FALSE,FALSE
pre_covid,8,8,4,z_jk_bs_purif,yield_2y,embi_perc,-1,soft,0,0.2651471609247871,0.3092753782396019,0.2275277038135683,-0.13757978039952365,4,0.33293398653221934,1,FALSE,FALSE
pre_covid,8,8,4,z_jk_bs_purif,juros_selic,yield_6m,1,hard,0,0.008425508179321093,0.013622078062823314,0.009961230196351943,-0.006876198377067976,6,0.013622078062823314,1,TRUE,FALSE
pre_covid,8,8,4,z_jk_bs_purif,juros_selic,yield_2y,1,hard,0,0.011116991944598443,0.013074495987886306,0.006754416264427286,-0.01338827200300727,3,0.014199401441465604,1,TRUE,FALSE
pre_covid,8,8,4,z_jk_bs_purif,juros_selic,yield_5y,1,hard,0,0.011724703676741006,0.01087889759756838,0.004994749900457191,-0.012741393200232399,24,-0.012741393200232399,1,TRUE,FALSE
pre_covid,8,8,4,z_jk_bs_purif,juros_selic,asset_ibov,-1,hard,0,-6.430008144905691,0.44301916836573485,-1.0676474843716814,-4.951987891276734,3,-10.990231781291287,-1,TRUE,FALSE
pre_covid,8,8,4,z_jk_bs_purif,juros_selic,price_ipca,-1,ext,24,-0.594136919322157,-0.04303095699394509,-0.16519746407083388,-0.20367599061813194,0,-0.594136919322157,-1,TRUE,FALSE
pre_covid,8,8,4,z_jk_bs_purif,juros_selic,pib,-1,ext,24,0.6393783865745295,0.7771601921765736,0.28948566140585275,-0.9183908358167625,3,0.9450401620989979,-1,TRUE,FALSE
pre_covid,8,8,4,z_jk_bs_purif,juros_selic,vendas_varejo,-1,ext,24,-1.0815754410498921,-2.8872277507248136,-4.246401968750454,-3.6880335532365116,17,-4.47335551659853,-1,TRUE,FALSE
pre_covid,8,8,4,z_jk_bs_purif,juros_selic,cambio_usd,-1,soft,0,0.23110441905961332,0.15284505733966638,0.09713050381303809,-0.11090001451725241,0,0.23110441905961332,1,FALSE,FALSE
pre_covid,8,8,4,z_jk_bs_purif,juros_selic,cds_5y,-1,soft,0,61.965286798316825,72.37446714263028,58.02986677579051,-23.749110824695535,4,74.8354340993773,1,FALSE,FALSE
pre_covid,8,8,4,z_jk_bs_purif,juros_selic,embi_perc,-1,soft,0,0.5895277704268009,0.6876423777104581,0.5058847300936838,-0.3058946620882254,4,0.7402448892723458,1,FALSE,FALSE
