test,n_total,n_kept_info,n_zero,n_jk_monetary,observed_F,beta,se,r2,jk_F,random_mean_F
anti_jk,97,55,0,42,0.19413853169766243,1.9620962115651048e-4,4.4531203128461407e-4,0.0010099241821227899,21.292872928090084,5.733006136083852
