rank,variable,lambda,abs_share
1,DI_3m,71.22163664758247,0.9870117658851394
2,IBOV,0.41810670636321634,0.005794253797030448
3,BRL,-0.5191093662261136,0.007193980317830053
