var,n_C,n_NC,var_C,var_NC,ratio,ci_low,ci_high,a2_status,a2_side
DI_3m,104,542,89.87017830470485,15.676240425343275,5.7328910418734464,2.3405428803790986,13.77959135881655,policy,NA
DI_2y,104,542,420.1023151605675,229.7265757685304,1.8287057723084563,0.7696416189449177,3.531793642465085,pass,NA
IBOV,104,542,2.299176722145528,2.3247024644517746,0.9890197809411854,0.476626658323427,1.7429524201534408,pass,NA
BRL,97,524,1.1227157711978333,1.0522649425925386,1.066951606723417,0.6992667604505743,1.623422446701867,pass,NA
