variable,b_1
DI_3m,6.071682924196389
DI_2y,13.598124134492233
IBOV,0.17163714574435743
BRL,-0.27495580822646704
