window,n_months,F_partial,beta,se,r2,n_eff
full,156,21.292872928090084,0.003208802897628439,6.953859472924789e-4,0.19015257497214494,150
pre_covid,84,38.09659187832902,0.002658990847834902,4.307981005801533e-4,0.2536313016488718,78
covid_post,72,11.239870665550354,0.003632359183388436,0.00108344814392542,0.17054574475486192,72
drop_covid,149,24.231268607705296,0.0034009444293268735,6.90894061525677e-4,0.21274604831832697,143
