k_keep,n_draws,mean,median,q95,q99,max,pvalue
20,2000,5.5372236098650545,3.2740662744335323,18.072861636228364,32.43018149250013,86.29633534526738,0.034
42,2000,5.612126431058063,4.413816394851094,14.347118958178374,20.82607461231754,33.739540918020985,0.0095
60,2000,6.238243045731976,5.077565108567315,14.494013269102922,19.291773634160926,34.1786464070056,0.006
80,2000,6.886478706688491,6.28891296691512,13.401512705138874,16.66890888381995,20.485206587420603,0
