var,n_C,n_NC,var_C,var_NC,ratio,ci_low,ci_high,a2_status,a2_side
DI_3m,104,542,89.87017830470485,15.676240425343275,5.7328910418734464,2.3405428803790986,13.77959135881655,policy,NA
IBOV,104,542,2.299176722145528,2.3247024644517746,0.9890197809411854,0.4924306355177375,1.8751924753474865,pass,NA
BRL,97,524,1.1227157711978333,1.0522649425925386,1.066951606723417,0.6436152525149417,1.6778399104959882,pass,NA
