variable,b_1
DI_3m,8.433355499625565
IBOV,0.024599999533764027
BRL,-0.31550991195306693
