variable,b_1
DI_3m,6.071683
DI_2y,13.598124
IBOV,0.171637
BRL,-0.274956
