variant,sample,r,q,p,n_series,n_months,n_obs_align,xi_mp,mosw_class
baseline,full,5,3,6,104,153,147,3.2415336205057486,xi_mp_le_3.84
baseline,full,5,4,6,104,153,147,4.883710497888623,xi_mp_3.84_10
baseline,full,5,5,6,104,153,147,6.182997408831719,xi_mp_3.84_10
baseline,full,6,3,6,104,153,147,1.9872509469746502,xi_mp_le_3.84
baseline,full,6,4,6,104,153,147,4.4307185075430215,xi_mp_3.84_10
baseline,full,6,5,6,104,153,147,5.168301585472553,xi_mp_3.84_10
baseline,full,6,6,6,104,153,147,7.993486516924326,xi_mp_3.84_10
baseline,full,7,3,6,104,153,147,3.127556975592608,xi_mp_le_3.84
baseline,full,7,4,6,104,153,147,6.970708368240727,xi_mp_3.84_10
baseline,full,7,5,6,104,153,147,7.836658621639616,xi_mp_3.84_10
baseline,full,7,6,6,104,153,147,7.941778825997358,xi_mp_3.84_10
baseline,full,7,7,6,104,153,147,10.96677200547431,xi_mp_ge_10
baseline,full,8,3,6,104,153,147,7.881646908890779,xi_mp_3.84_10
baseline,full,8,4,6,104,153,147,7.628463626521136,xi_mp_3.84_10
baseline,full,8,5,6,104,153,147,8.834926428711979,xi_mp_3.84_10
baseline,full,8,6,6,104,153,147,8.67964313749306,xi_mp_3.84_10
baseline,full,8,7,6,104,153,147,9.032727338289694,xi_mp_3.84_10
baseline,full,8,8,6,104,153,147,11.4187278769509,xi_mp_ge_10
baseline,pre_covid,5,3,6,104,84,78,6.199416597240485,xi_mp_3.84_10
baseline,pre_covid,5,4,6,104,84,78,6.302932732010675,xi_mp_3.84_10
baseline,pre_covid,5,5,6,104,84,78,4.7922042729599195,xi_mp_3.84_10
baseline,pre_covid,6,3,6,104,84,78,6.7908708084495215,xi_mp_3.84_10
baseline,pre_covid,6,4,6,104,84,78,10.673696573955734,xi_mp_ge_10
baseline,pre_covid,6,5,6,104,84,78,10.3095939871951,xi_mp_ge_10
baseline,pre_covid,6,6,6,104,84,78,9.711030355156334,xi_mp_3.84_10
baseline,pre_covid,7,3,6,104,84,78,5.699358847419701,xi_mp_3.84_10
baseline,pre_covid,7,4,6,104,84,78,11.19594791672087,xi_mp_ge_10
baseline,pre_covid,7,5,6,104,84,78,10.166452637117478,xi_mp_ge_10
baseline,pre_covid,7,6,6,104,84,78,9.690025284690218,xi_mp_3.84_10
baseline,pre_covid,7,7,6,104,84,78,9.756611223967369,xi_mp_3.84_10
baseline,pre_covid,8,3,6,104,84,78,2.9496643780034257,xi_mp_le_3.84
baseline,pre_covid,8,4,6,104,84,78,3.9502106503229015,xi_mp_3.84_10
baseline,pre_covid,8,5,6,104,84,78,6.325710638071679,xi_mp_3.84_10
baseline,pre_covid,8,6,6,104,84,78,4.765433343540558,xi_mp_3.84_10
baseline,pre_covid,8,7,6,104,84,78,4.763412716279091,xi_mp_3.84_10
baseline,pre_covid,8,8,6,104,84,78,4.465055517442689,xi_mp_3.84_10
conjunto_completo_sem_duplicatas,full,5,3,6,123,153,147,2.4660005634398443,xi_mp_le_3.84
conjunto_completo_sem_duplicatas,full,5,4,6,123,153,147,4.1787532252674024,xi_mp_3.84_10
conjunto_completo_sem_duplicatas,full,5,5,6,123,153,147,5.169840346993228,xi_mp_3.84_10
conjunto_completo_sem_duplicatas,full,6,3,6,123,153,147,3.0780774747927033,xi_mp_le_3.84
conjunto_completo_sem_duplicatas,full,6,4,6,123,153,147,3.6901252902225106,xi_mp_le_3.84
conjunto_completo_sem_duplicatas,full,6,5,6,123,153,147,4.123290611515498,xi_mp_3.84_10
conjunto_completo_sem_duplicatas,full,6,6,6,123,153,147,5.73129767100295,xi_mp_3.84_10
conjunto_completo_sem_duplicatas,full,7,3,6,123,153,147,4.9279877916360375,xi_mp_3.84_10
conjunto_completo_sem_duplicatas,full,7,4,6,123,153,147,4.09265820585342,xi_mp_3.84_10
conjunto_completo_sem_duplicatas,full,7,5,6,123,153,147,4.531234772236819,xi_mp_3.84_10
conjunto_completo_sem_duplicatas,full,7,6,6,123,153,147,4.7407575865647225,xi_mp_3.84_10
conjunto_completo_sem_duplicatas,full,7,7,6,123,153,147,6.609611534695935,xi_mp_3.84_10
conjunto_completo_sem_duplicatas,full,8,3,6,123,153,147,4.968832160491034,xi_mp_3.84_10
conjunto_completo_sem_duplicatas,full,8,4,6,123,153,147,5.1024198813371555,xi_mp_3.84_10
conjunto_completo_sem_duplicatas,full,8,5,6,123,153,147,5.580349230679993,xi_mp_3.84_10
conjunto_completo_sem_duplicatas,full,8,6,6,123,153,147,5.609308560337256,xi_mp_3.84_10
conjunto_completo_sem_duplicatas,full,8,7,6,123,153,147,5.550149500685897,xi_mp_3.84_10
conjunto_completo_sem_duplicatas,full,8,8,6,123,153,147,7.359274915337446,xi_mp_3.84_10
conjunto_completo_sem_duplicatas,pre_covid,5,3,6,123,84,78,8.399579363173192,xi_mp_3.84_10
conjunto_completo_sem_duplicatas,pre_covid,5,4,6,123,84,78,9.928770504410968,xi_mp_3.84_10
conjunto_completo_sem_duplicatas,pre_covid,5,5,6,123,84,78,9.305642280077771,xi_mp_3.84_10
conjunto_completo_sem_duplicatas,pre_covid,6,3,6,123,84,78,6.026917746884101,xi_mp_3.84_10
conjunto_completo_sem_duplicatas,pre_covid,6,4,6,123,84,78,10.44440617777716,xi_mp_ge_10
conjunto_completo_sem_duplicatas,pre_covid,6,5,6,123,84,78,10.467541887372844,xi_mp_ge_10
conjunto_completo_sem_duplicatas,pre_covid,6,6,6,123,84,78,9.37693719273774,xi_mp_3.84_10
conjunto_completo_sem_duplicatas,pre_covid,7,3,6,123,84,78,0.9101778161187144,xi_mp_le_3.84
conjunto_completo_sem_duplicatas,pre_covid,7,4,6,123,84,78,0.8831300924753368,xi_mp_le_3.84
conjunto_completo_sem_duplicatas,pre_covid,7,5,6,123,84,78,17.235518687963307,xi_mp_ge_10
conjunto_completo_sem_duplicatas,pre_covid,7,6,6,123,84,78,17.588671186769343,xi_mp_ge_10
conjunto_completo_sem_duplicatas,pre_covid,7,7,6,123,84,78,18.09964596591357,xi_mp_ge_10
conjunto_completo_sem_duplicatas,pre_covid,8,3,6,123,84,78,1.9051009614341174,xi_mp_le_3.84
conjunto_completo_sem_duplicatas,pre_covid,8,4,6,123,84,78,2.582551681395299,xi_mp_le_3.84
conjunto_completo_sem_duplicatas,pre_covid,8,5,6,123,84,78,5.435744793637236,xi_mp_3.84_10
conjunto_completo_sem_duplicatas,pre_covid,8,6,6,123,84,78,10.123449971059639,xi_mp_ge_10
conjunto_completo_sem_duplicatas,pre_covid,8,7,6,123,84,78,11.401261682275,xi_mp_ge_10
conjunto_completo_sem_duplicatas,pre_covid,8,8,6,123,84,78,11.426917441317155,xi_mp_ge_10
drop_credito,full,5,3,6,121,153,147,2.321573053411566,xi_mp_le_3.84
drop_credito,full,5,4,6,121,153,147,4.25023240517987,xi_mp_3.84_10
drop_credito,full,5,5,6,121,153,147,5.600749935733437,xi_mp_3.84_10
drop_credito,full,6,3,6,121,153,147,2.6895466641361434,xi_mp_le_3.84
drop_credito,full,6,4,6,121,153,147,3.3269651109663694,xi_mp_le_3.84
drop_credito,full,6,5,6,121,153,147,4.2338200496770595,xi_mp_3.84_10
drop_credito,full,6,6,6,121,153,147,6.243563269341017,xi_mp_3.84_10
drop_credito,full,7,3,6,121,153,147,5.54779995689745,xi_mp_3.84_10
drop_credito,full,7,4,6,121,153,147,3.8775377097228523,xi_mp_3.84_10
drop_credito,full,7,5,6,121,153,147,4.382788204965341,xi_mp_3.84_10
drop_credito,full,7,6,6,121,153,147,4.632597470418512,xi_mp_3.84_10
drop_credito,full,7,7,6,121,153,147,6.872522578807689,xi_mp_3.84_10
drop_credito,full,8,3,6,121,153,147,5.034465168052173,xi_mp_3.84_10
drop_credito,full,8,4,6,121,153,147,5.1514982716976405,xi_mp_3.84_10
drop_credito,full,8,5,6,121,153,147,5.632957875534114,xi_mp_3.84_10
drop_credito,full,8,6,6,121,153,147,5.539276071980214,xi_mp_3.84_10
drop_credito,full,8,7,6,121,153,147,5.478215109834437,xi_mp_3.84_10
drop_credito,full,8,8,6,121,153,147,7.769315420775537,xi_mp_3.84_10
drop_credito,pre_covid,5,3,6,121,84,78,9.21145627754672,xi_mp_3.84_10
drop_credito,pre_covid,5,4,6,121,84,78,10.490736988795877,xi_mp_ge_10
drop_credito,pre_covid,5,5,6,121,84,78,9.515051866604908,xi_mp_3.84_10
drop_credito,pre_covid,6,3,6,121,84,78,11.048802953733091,xi_mp_ge_10
drop_credito,pre_covid,6,4,6,121,84,78,13.554480574699129,xi_mp_ge_10
drop_credito,pre_covid,6,5,6,121,84,78,13.68297884416263,xi_mp_ge_10
drop_credito,pre_covid,6,6,6,121,84,78,11.459810118651992,xi_mp_ge_10
drop_credito,pre_covid,7,3,6,121,84,78,3.2777530130109547,xi_mp_le_3.84
drop_credito,pre_covid,7,4,6,121,84,78,25.403440478712554,xi_mp_ge_10
drop_credito,pre_covid,7,5,6,121,84,78,25.080532807704348,xi_mp_ge_10
drop_credito,pre_covid,7,6,6,121,84,78,23.22557613157956,xi_mp_ge_10
drop_credito,pre_covid,7,7,6,121,84,78,22.788643205501273,xi_mp_ge_10
drop_credito,pre_covid,8,3,6,121,84,78,4.416988659699235,xi_mp_3.84_10
drop_credito,pre_covid,8,4,6,121,84,78,9.262149280896043,xi_mp_3.84_10
drop_credito,pre_covid,8,5,6,121,84,78,9.820858935299205,xi_mp_3.84_10
drop_credito,pre_covid,8,6,6,121,84,78,15.476021169648178,xi_mp_ge_10
drop_credito,pre_covid,8,7,6,121,84,78,16.42217491040359,xi_mp_ge_10
drop_credito,pre_covid,8,8,6,121,84,78,15.679446282009444,xi_mp_ge_10
drop_credito__imoveis,full,5,3,6,120,153,147,2.621607138419365,xi_mp_le_3.84
drop_credito__imoveis,full,5,4,6,120,153,147,4.583216406438601,xi_mp_3.84_10
drop_credito__imoveis,full,5,5,6,120,153,147,5.63465622452226,xi_mp_3.84_10
drop_credito__imoveis,full,6,3,6,120,153,147,3.5153879228897824,xi_mp_le_3.84
drop_credito__imoveis,full,6,4,6,120,153,147,3.3852199720877554,xi_mp_le_3.84
drop_credito__imoveis,full,6,5,6,120,153,147,4.496210637040573,xi_mp_3.84_10
drop_credito__imoveis,full,6,6,6,120,153,147,6.490437773847828,xi_mp_3.84_10
drop_credito__imoveis,full,7,3,6,120,153,147,5.739009600426398,xi_mp_3.84_10
drop_credito__imoveis,full,7,4,6,120,153,147,3.8974892752849004,xi_mp_3.84_10
drop_credito__imoveis,full,7,5,6,120,153,147,4.5895981396766095,xi_mp_3.84_10
drop_credito__imoveis,full,7,6,6,120,153,147,4.922053924194258,xi_mp_3.84_10
drop_credito__imoveis,full,7,7,6,120,153,147,7.304642133149067,xi_mp_3.84_10
drop_credito__imoveis,full,8,3,6,120,153,147,5.058523879490095,xi_mp_3.84_10
drop_credito__imoveis,full,8,4,6,120,153,147,5.104686652266217,xi_mp_3.84_10
drop_credito__imoveis,full,8,5,6,120,153,147,5.7592905179351375,xi_mp_3.84_10
drop_credito__imoveis,full,8,6,6,120,153,147,5.742966034748527,xi_mp_3.84_10
drop_credito__imoveis,full,8,7,6,120,153,147,5.668012720522286,xi_mp_3.84_10
drop_credito__imoveis,full,8,8,6,120,153,147,8.04625080653778,xi_mp_3.84_10
drop_credito__imoveis,pre_covid,5,3,6,120,84,78,9.384810373711346,xi_mp_3.84_10
drop_credito__imoveis,pre_covid,5,4,6,120,84,78,9.596883902503663,xi_mp_3.84_10
drop_credito__imoveis,pre_covid,5,5,6,120,84,78,8.177310733863633,xi_mp_3.84_10
drop_credito__imoveis,pre_covid,6,3,6,120,84,78,10.969481074389773,xi_mp_ge_10
drop_credito__imoveis,pre_covid,6,4,6,120,84,78,14.302966703014981,xi_mp_ge_10
drop_credito__imoveis,pre_covid,6,5,6,120,84,78,14.279212252569657,xi_mp_ge_10
drop_credito__imoveis,pre_covid,6,6,6,120,84,78,12.634196135032884,xi_mp_ge_10
drop_credito__imoveis,pre_covid,7,3,6,120,84,78,7.780220010011806,xi_mp_3.84_10
drop_credito__imoveis,pre_covid,7,4,6,120,84,78,24.56073219065243,xi_mp_ge_10
drop_credito__imoveis,pre_covid,7,5,6,120,84,78,27.5087971004137,xi_mp_ge_10
drop_credito__imoveis,pre_covid,7,6,6,120,84,78,25.97386173459728,xi_mp_ge_10
drop_credito__imoveis,pre_covid,7,7,6,120,84,78,25.41841904885364,xi_mp_ge_10
drop_credito__imoveis,pre_covid,8,3,6,120,84,78,10.422299780805588,xi_mp_ge_10
drop_credito__imoveis,pre_covid,8,4,6,120,84,78,21.430494222305015,xi_mp_ge_10
drop_credito__imoveis,pre_covid,8,5,6,120,84,78,23.201031028309902,xi_mp_ge_10
drop_credito__imoveis,pre_covid,8,6,6,120,84,78,23.06534858965622,xi_mp_ge_10
drop_credito__imoveis,pre_covid,8,7,6,120,84,78,20.086145006566905,xi_mp_ge_10
drop_credito__imoveis,pre_covid,8,8,6,120,84,78,19.35792231968803,xi_mp_ge_10
drop_eua,full,5,3,6,118,153,147,2.851418971773677,xi_mp_le_3.84
drop_eua,full,5,4,6,118,153,147,4.291369891658352,xi_mp_3.84_10
drop_eua,full,5,5,6,118,153,147,5.886715027021007,xi_mp_3.84_10
drop_eua,full,6,3,6,118,153,147,3.514298548897163,xi_mp_le_3.84
drop_eua,full,6,4,6,118,153,147,3.4276570778530506,xi_mp_le_3.84
drop_eua,full,6,5,6,118,153,147,4.2609563098326735,xi_mp_3.84_10
drop_eua,full,6,6,6,118,153,147,6.477152821124427,xi_mp_3.84_10
drop_eua,full,7,3,6,118,153,147,6.828433395810923,xi_mp_3.84_10
drop_eua,full,7,4,6,118,153,147,6.050174035982397,xi_mp_3.84_10
drop_eua,full,7,5,6,118,153,147,6.896413080801699,xi_mp_3.84_10
drop_eua,full,7,6,6,118,153,147,7.146025484035281,xi_mp_3.84_10
drop_eua,full,7,7,6,118,153,147,8.880843067082207,xi_mp_3.84_10
drop_eua,full,8,3,6,118,153,147,7.003058153517966,xi_mp_3.84_10
drop_eua,full,8,4,6,118,153,147,7.214846059647352,xi_mp_3.84_10
drop_eua,full,8,5,6,118,153,147,7.855921526524727,xi_mp_3.84_10
drop_eua,full,8,6,6,118,153,147,7.841773068241414,xi_mp_3.84_10
drop_eua,full,8,7,6,118,153,147,7.897940761749507,xi_mp_3.84_10
drop_eua,full,8,8,6,118,153,147,9.661559169219904,xi_mp_3.84_10
drop_eua,pre_covid,5,3,6,118,84,78,8.525973720954138,xi_mp_3.84_10
drop_eua,pre_covid,5,4,6,118,84,78,8.868120434697596,xi_mp_3.84_10
drop_eua,pre_covid,5,5,6,118,84,78,8.775894173476582,xi_mp_3.84_10
drop_eua,pre_covid,6,3,6,118,84,78,6.255499012946442,xi_mp_3.84_10
drop_eua,pre_covid,6,4,6,118,84,78,10.480248818708175,xi_mp_ge_10
drop_eua,pre_covid,6,5,6,118,84,78,10.511451231753187,xi_mp_ge_10
drop_eua,pre_covid,6,6,6,118,84,78,10.077752358917389,xi_mp_ge_10
drop_eua,pre_covid,7,3,6,118,84,78,8.052049441559301,xi_mp_3.84_10
drop_eua,pre_covid,7,4,6,118,84,78,16.05924573615104,xi_mp_ge_10
drop_eua,pre_covid,7,5,6,118,84,78,16.04111114267084,xi_mp_ge_10
drop_eua,pre_covid,7,6,6,118,84,78,14.212623508661117,xi_mp_ge_10
drop_eua,pre_covid,7,7,6,118,84,78,14.679809695728828,xi_mp_ge_10
drop_eua,pre_covid,8,3,6,118,84,78,11.687824852049609,xi_mp_ge_10
drop_eua,pre_covid,8,4,6,118,84,78,17.82996728083528,xi_mp_ge_10
drop_eua,pre_covid,8,5,6,118,84,78,18.07306407162399,xi_mp_ge_10
drop_eua,pre_covid,8,6,6,118,84,78,17.815295884334223,xi_mp_ge_10
drop_eua,pre_covid,8,7,6,118,84,78,15.0821330365047,xi_mp_ge_10
drop_eua,pre_covid,8,8,6,118,84,78,12.800438724569648,xi_mp_ge_10
drop_eua__credito,full,5,3,6,116,153,147,2.691675720575395,xi_mp_le_3.84
drop_eua__credito,full,5,4,6,116,153,147,4.270720066608397,xi_mp_3.84_10
drop_eua__credito,full,5,5,6,116,153,147,6.412731246533622,xi_mp_3.84_10
drop_eua__credito,full,6,3,6,116,153,147,2.6260077404790705,xi_mp_le_3.84
drop_eua__credito,full,6,4,6,116,153,147,3.182115759035943,xi_mp_le_3.84
drop_eua__credito,full,6,5,6,116,153,147,4.385162707780208,xi_mp_3.84_10
drop_eua__credito,full,6,6,6,116,153,147,7.112463703704007,xi_mp_3.84_10
drop_eua__credito,full,7,3,6,116,153,147,6.85836673636961,xi_mp_3.84_10
drop_eua__credito,full,7,4,6,116,153,147,6.032006767412115,xi_mp_3.84_10
drop_eua__credito,full,7,5,6,116,153,147,6.88999470959424,xi_mp_3.84_10
drop_eua__credito,full,7,6,6,116,153,147,7.228600499622841,xi_mp_3.84_10
drop_eua__credito,full,7,7,6,116,153,147,9.333462049717438,xi_mp_3.84_10
drop_eua__credito,full,8,3,6,116,153,147,7.188074387611701,xi_mp_3.84_10
drop_eua__credito,full,8,4,6,116,153,147,7.500658973796423,xi_mp_3.84_10
drop_eua__credito,full,8,5,6,116,153,147,8.003469202991498,xi_mp_3.84_10
drop_eua__credito,full,8,6,6,116,153,147,7.878354726253032,xi_mp_3.84_10
drop_eua__credito,full,8,7,6,116,153,147,7.893054565797625,xi_mp_3.84_10
drop_eua__credito,full,8,8,6,116,153,147,10.072529948275248,xi_mp_ge_10
drop_eua__credito,pre_covid,5,3,6,116,84,78,10.013332051761052,xi_mp_ge_10
drop_eua__credito,pre_covid,5,4,6,116,84,78,9.93826490508458,xi_mp_3.84_10
drop_eua__credito,pre_covid,5,5,6,116,84,78,9.467581112771024,xi_mp_3.84_10
drop_eua__credito,pre_covid,6,3,6,116,84,78,8.693059059394402,xi_mp_3.84_10
drop_eua__credito,pre_covid,6,4,6,116,84,78,14.489188482167867,xi_mp_ge_10
drop_eua__credito,pre_covid,6,5,6,116,84,78,14.403659204997451,xi_mp_ge_10
drop_eua__credito,pre_covid,6,6,6,116,84,78,12.63952280759259,xi_mp_ge_10
drop_eua__credito,pre_covid,7,3,6,116,84,78,23.652034383145804,xi_mp_ge_10
drop_eua__credito,pre_covid,7,4,6,116,84,78,20.66990343428899,xi_mp_ge_10
drop_eua__credito,pre_covid,7,5,6,116,84,78,20.667635545232695,xi_mp_ge_10
drop_eua__credito,pre_covid,7,6,6,116,84,78,17.329877970165164,xi_mp_ge_10
drop_eua__credito,pre_covid,7,7,6,116,84,78,16.81307394336839,xi_mp_ge_10
drop_eua__credito,pre_covid,8,3,6,116,84,78,12.852419622576882,xi_mp_ge_10
drop_eua__credito,pre_covid,8,4,6,116,84,78,15.741110916792332,xi_mp_ge_10
drop_eua__credito,pre_covid,8,5,6,116,84,78,14.076065282563006,xi_mp_ge_10
drop_eua__credito,pre_covid,8,6,6,116,84,78,14.097682609701652,xi_mp_ge_10
drop_eua__credito,pre_covid,8,7,6,116,84,78,10.732346137358094,xi_mp_ge_10
drop_eua__credito,pre_covid,8,8,6,116,84,78,9.921392706107437,xi_mp_3.84_10
drop_eua__credito__imoveis,full,5,3,6,115,153,147,3.03370412430448,xi_mp_le_3.84
drop_eua__credito__imoveis,full,5,4,6,115,153,147,4.633563304683929,xi_mp_3.84_10
drop_eua__credito__imoveis,full,5,5,6,115,153,147,6.390820147929125,xi_mp_3.84_10
drop_eua__credito__imoveis,full,6,3,6,115,153,147,3.947432954242052,xi_mp_3.84_10
drop_eua__credito__imoveis,full,6,4,6,115,153,147,3.052788777194672,xi_mp_le_3.84
drop_eua__credito__imoveis,full,6,5,6,115,153,147,4.718502674523058,xi_mp_3.84_10
drop_eua__credito__imoveis,full,6,6,6,115,153,147,7.464932561954773,xi_mp_3.84_10
drop_eua__credito__imoveis,full,7,3,6,115,153,147,7.112142503679528,xi_mp_3.84_10
drop_eua__credito__imoveis,full,7,4,6,115,153,147,6.1529182868149634,xi_mp_3.84_10
drop_eua__credito__imoveis,full,7,5,6,115,153,147,7.17259105683278,xi_mp_3.84_10
drop_eua__credito__imoveis,full,7,6,6,115,153,147,7.5871566520599565,xi_mp_3.84_10
drop_eua__credito__imoveis,full,7,7,6,115,153,147,9.694196465616066,xi_mp_3.84_10
drop_eua__credito__imoveis,full,8,3,6,115,153,147,7.449720887200433,xi_mp_3.84_10
drop_eua__credito__imoveis,full,8,4,6,115,153,147,7.670870545750855,xi_mp_3.84_10
drop_eua__credito__imoveis,full,8,5,6,115,153,147,8.25720899070369,xi_mp_3.84_10
drop_eua__credito__imoveis,full,8,6,6,115,153,147,8.19030494481946,xi_mp_3.84_10
drop_eua__credito__imoveis,full,8,7,6,115,153,147,8.200832726112365,xi_mp_3.84_10
drop_eua__credito__imoveis,full,8,8,6,115,153,147,10.391263618848303,xi_mp_ge_10
drop_eua__credito__imoveis,pre_covid,5,3,6,115,84,78,10.685475756181276,xi_mp_ge_10
drop_eua__credito__imoveis,pre_covid,5,4,6,115,84,78,11.615373554247588,xi_mp_ge_10
drop_eua__credito__imoveis,pre_covid,5,5,6,115,84,78,11.028842933737792,xi_mp_ge_10
drop_eua__credito__imoveis,pre_covid,6,3,6,115,84,78,12.696111098705568,xi_mp_ge_10
drop_eua__credito__imoveis,pre_covid,6,4,6,115,84,78,14.67774165086074,xi_mp_ge_10
drop_eua__credito__imoveis,pre_covid,6,5,6,115,84,78,14.58925997614258,xi_mp_ge_10
drop_eua__credito__imoveis,pre_covid,6,6,6,115,84,78,13.670913708623214,xi_mp_ge_10
drop_eua__credito__imoveis,pre_covid,7,3,6,115,84,78,20.47259678144307,xi_mp_ge_10
drop_eua__credito__imoveis,pre_covid,7,4,6,115,84,78,18.57320933605639,xi_mp_ge_10
drop_eua__credito__imoveis,pre_covid,7,5,6,115,84,78,18.592067990438782,xi_mp_ge_10
drop_eua__credito__imoveis,pre_covid,7,6,6,115,84,78,16.292663277828193,xi_mp_ge_10
drop_eua__credito__imoveis,pre_covid,7,7,6,115,84,78,16.430453384834685,xi_mp_ge_10
drop_eua__credito__imoveis,pre_covid,8,3,6,115,84,78,8.906730480749804,xi_mp_3.84_10
drop_eua__credito__imoveis,pre_covid,8,4,6,115,84,78,11.611261523459135,xi_mp_ge_10
drop_eua__credito__imoveis,pre_covid,8,5,6,115,84,78,9.942772691061688,xi_mp_3.84_10
drop_eua__credito__imoveis,pre_covid,8,6,6,115,84,78,9.648504171708282,xi_mp_3.84_10
drop_eua__credito__imoveis,pre_covid,8,7,6,115,84,78,9.703688153551095,xi_mp_3.84_10
drop_eua__credito__imoveis,pre_covid,8,8,6,115,84,78,8.340342577535825,xi_mp_3.84_10
drop_eua__imoveis,full,5,3,6,117,153,147,3.1984090072888396,xi_mp_le_3.84
drop_eua__imoveis,full,5,4,6,117,153,147,4.652764490906216,xi_mp_3.84_10
drop_eua__imoveis,full,5,5,6,117,153,147,5.935526886124433,xi_mp_3.84_10
drop_eua__imoveis,full,6,3,6,117,153,147,4.318610855463979,xi_mp_3.84_10
drop_eua__imoveis,full,6,4,6,117,153,147,3.179379522982631,xi_mp_le_3.84
drop_eua__imoveis,full,6,5,6,117,153,147,4.401568669954897,xi_mp_3.84_10
drop_eua__imoveis,full,6,6,6,117,153,147,6.805085583700509,xi_mp_3.84_10
drop_eua__imoveis,full,7,3,6,117,153,147,6.82793970025566,xi_mp_3.84_10
drop_eua__imoveis,full,7,4,6,117,153,147,6.1177498846149385,xi_mp_3.84_10
drop_eua__imoveis,full,7,5,6,117,153,147,7.07993419686207,xi_mp_3.84_10
drop_eua__imoveis,full,7,6,6,117,153,147,7.407606588289261,xi_mp_3.84_10
drop_eua__imoveis,full,7,7,6,117,153,147,9.234028253740256,xi_mp_3.84_10
drop_eua__imoveis,full,8,3,6,117,153,147,7.243239986090302,xi_mp_3.84_10
drop_eua__imoveis,full,8,4,6,117,153,147,7.372916960133422,xi_mp_3.84_10
drop_eua__imoveis,full,8,5,6,117,153,147,8.061688170984569,xi_mp_3.84_10
drop_eua__imoveis,full,8,6,6,117,153,147,8.073862322908786,xi_mp_3.84_10
drop_eua__imoveis,full,8,7,6,117,153,147,8.127946542481782,xi_mp_3.84_10
drop_eua__imoveis,full,8,8,6,117,153,147,9.962349572083907,xi_mp_3.84_10
drop_eua__imoveis,pre_covid,5,3,6,117,84,78,8.410144506220494,xi_mp_3.84_10
drop_eua__imoveis,pre_covid,5,4,6,117,84,78,8.626913214807471,xi_mp_3.84_10
drop_eua__imoveis,pre_covid,5,5,6,117,84,78,9.379272776422411,xi_mp_3.84_10
drop_eua__imoveis,pre_covid,6,3,6,117,84,78,8.408601026900827,xi_mp_3.84_10
drop_eua__imoveis,pre_covid,6,4,6,117,84,78,10.368506630258155,xi_mp_ge_10
drop_eua__imoveis,pre_covid,6,5,6,117,84,78,10.363947369198621,xi_mp_ge_10
drop_eua__imoveis,pre_covid,6,6,6,117,84,78,10.768125200034985,xi_mp_ge_10
drop_eua__imoveis,pre_covid,7,3,6,117,84,78,14.171126834490902,xi_mp_ge_10
drop_eua__imoveis,pre_covid,7,4,6,117,84,78,13.785767090427484,xi_mp_ge_10
drop_eua__imoveis,pre_covid,7,5,6,117,84,78,13.760840988955874,xi_mp_ge_10
drop_eua__imoveis,pre_covid,7,6,6,117,84,78,12.790718065101226,xi_mp_ge_10
drop_eua__imoveis,pre_covid,7,7,6,117,84,78,14.297852567079692,xi_mp_ge_10
drop_eua__imoveis,pre_covid,8,3,6,117,84,78,8.605654992735804,xi_mp_3.84_10
drop_eua__imoveis,pre_covid,8,4,6,117,84,78,16.30758806649887,xi_mp_ge_10
drop_eua__imoveis,pre_covid,8,5,6,117,84,78,14.288988404808759,xi_mp_ge_10
drop_eua__imoveis,pre_covid,8,6,6,117,84,78,12.872595552655394,xi_mp_ge_10
drop_eua__imoveis,pre_covid,8,7,6,117,84,78,12.503003425485726,xi_mp_ge_10
drop_eua__imoveis,pre_covid,8,8,6,117,84,78,10.75226993104948,xi_mp_ge_10
drop_expectativas,full,5,3,6,119,153,147,2.324665729006022,xi_mp_le_3.84
drop_expectativas,full,5,4,6,119,153,147,3.7357486458135454,xi_mp_le_3.84
drop_expectativas,full,5,5,6,119,153,147,5.040630186410691,xi_mp_3.84_10
drop_expectativas,full,6,3,6,119,153,147,2.658236598034283,xi_mp_le_3.84
drop_expectativas,full,6,4,6,119,153,147,3.7230556338808447,xi_mp_le_3.84
drop_expectativas,full,6,5,6,119,153,147,4.073687949626393,xi_mp_3.84_10
drop_expectativas,full,6,6,6,119,153,147,5.6086583443648586,xi_mp_3.84_10
drop_expectativas,full,7,3,6,119,153,147,3.3435945188411864,xi_mp_le_3.84
drop_expectativas,full,7,4,6,119,153,147,3.7949540431272393,xi_mp_le_3.84
drop_expectativas,full,7,5,6,119,153,147,4.198539156072723,xi_mp_3.84_10
drop_expectativas,full,7,6,6,119,153,147,4.450084648159911,xi_mp_3.84_10
drop_expectativas,full,7,7,6,119,153,147,6.9589975386722465,xi_mp_3.84_10
drop_expectativas,full,8,3,6,119,153,147,4.730199120359962,xi_mp_3.84_10
drop_expectativas,full,8,4,6,119,153,147,4.824095846282671,xi_mp_3.84_10
drop_expectativas,full,8,5,6,119,153,147,5.489585813531724,xi_mp_3.84_10
drop_expectativas,full,8,6,6,119,153,147,5.4567576734688075,xi_mp_3.84_10
drop_expectativas,full,8,7,6,119,153,147,5.3506281247311644,xi_mp_3.84_10
drop_expectativas,full,8,8,6,119,153,147,7.443192171826371,xi_mp_3.84_10
drop_expectativas,pre_covid,5,3,6,119,84,78,7.15956476698007,xi_mp_3.84_10
drop_expectativas,pre_covid,5,4,6,119,84,78,7.071654031373124,xi_mp_3.84_10
drop_expectativas,pre_covid,5,5,6,119,84,78,6.4268389681158675,xi_mp_3.84_10
drop_expectativas,pre_covid,6,3,6,119,84,78,5.413353210462756,xi_mp_3.84_10
drop_expectativas,pre_covid,6,4,6,119,84,78,9.17074607364812,xi_mp_3.84_10
drop_expectativas,pre_covid,6,5,6,119,84,78,9.868495555209247,xi_mp_3.84_10
drop_expectativas,pre_covid,6,6,6,119,84,78,7.764528048557269,xi_mp_3.84_10
drop_expectativas,pre_covid,7,3,6,119,84,78,1.57283999149237,xi_mp_le_3.84
drop_expectativas,pre_covid,7,4,6,119,84,78,1.436332768383647,xi_mp_le_3.84
drop_expectativas,pre_covid,7,5,6,119,84,78,10.317503355123636,xi_mp_ge_10
drop_expectativas,pre_covid,7,6,6,119,84,78,10.140217140988206,xi_mp_ge_10
drop_expectativas,pre_covid,7,7,6,119,84,78,9.822164935690946,xi_mp_3.84_10
drop_expectativas,pre_covid,8,3,6,119,84,78,0.7490943423292263,xi_mp_le_3.84
drop_expectativas,pre_covid,8,4,6,119,84,78,0.80182157665246,xi_mp_le_3.84
drop_expectativas,pre_covid,8,5,6,119,84,78,1.5933352463474337,xi_mp_le_3.84
drop_expectativas,pre_covid,8,6,6,119,84,78,5.826690437819456,xi_mp_3.84_10
drop_expectativas,pre_covid,8,7,6,119,84,78,4.881527422505981,xi_mp_3.84_10
drop_expectativas,pre_covid,8,8,6,119,84,78,5.311853749353463,xi_mp_3.84_10
drop_expectativas__credito,full,5,3,6,117,153,147,2.1480835321838714,xi_mp_le_3.84
drop_expectativas__credito,full,5,4,6,117,153,147,3.4979377014009985,xi_mp_le_3.84
drop_expectativas__credito,full,5,5,6,117,153,147,5.452316318077203,xi_mp_3.84_10
drop_expectativas__credito,full,6,3,6,117,153,147,1.95785593292639,xi_mp_le_3.84
drop_expectativas__credito,full,6,4,6,117,153,147,3.3515451191785033,xi_mp_le_3.84
drop_expectativas__credito,full,6,5,6,117,153,147,3.951771234179345,xi_mp_3.84_10
drop_expectativas__credito,full,6,6,6,117,153,147,6.027856840475218,xi_mp_3.84_10
drop_expectativas__credito,full,7,3,6,117,153,147,0.9915884482279369,xi_mp_le_3.84
drop_expectativas__credito,full,7,4,6,117,153,147,3.5429000771687282,xi_mp_le_3.84
drop_expectativas__credito,full,7,5,6,117,153,147,4.053671343704738,xi_mp_3.84_10
drop_expectativas__credito,full,7,6,6,117,153,147,4.293934886145164,xi_mp_3.84_10
drop_expectativas__credito,full,7,7,6,117,153,147,7.145482759541726,xi_mp_3.84_10
drop_expectativas__credito,full,8,3,6,117,153,147,4.512940988894891,xi_mp_3.84_10
drop_expectativas__credito,full,8,4,6,117,153,147,4.941709998176185,xi_mp_3.84_10
drop_expectativas__credito,full,8,5,6,117,153,147,5.509962915943526,xi_mp_3.84_10
drop_expectativas__credito,full,8,6,6,117,153,147,5.413192891817373,xi_mp_3.84_10
drop_expectativas__credito,full,8,7,6,117,153,147,5.263088205518602,xi_mp_3.84_10
drop_expectativas__credito,full,8,8,6,117,153,147,7.872113703775333,xi_mp_3.84_10
drop_expectativas__credito,pre_covid,5,3,6,117,84,78,7.9936454706298115,xi_mp_3.84_10
drop_expectativas__credito,pre_covid,5,4,6,117,84,78,8.165445386354493,xi_mp_3.84_10
drop_expectativas__credito,pre_covid,5,5,6,117,84,78,7.613727485080603,xi_mp_3.84_10
drop_expectativas__credito,pre_covid,6,3,6,117,84,78,5.8355248924438214,xi_mp_3.84_10
drop_expectativas__credito,pre_covid,6,4,6,117,84,78,11.920524606448334,xi_mp_ge_10
drop_expectativas__credito,pre_covid,6,5,6,117,84,78,11.956494039238777,xi_mp_ge_10
drop_expectativas__credito,pre_covid,6,6,6,117,84,78,9.78445825957343,xi_mp_3.84_10
drop_expectativas__credito,pre_covid,7,3,6,117,84,78,3.0436535155759032,xi_mp_le_3.84
drop_expectativas__credito,pre_covid,7,4,6,117,84,78,9.378447284949035,xi_mp_3.84_10
drop_expectativas__credito,pre_covid,7,5,6,117,84,78,17.645160171264653,xi_mp_ge_10
drop_expectativas__credito,pre_covid,7,6,6,117,84,78,15.1929997710733,xi_mp_ge_10
drop_expectativas__credito,pre_covid,7,7,6,117,84,78,15.244358519836158,xi_mp_ge_10
drop_expectativas__credito,pre_covid,8,3,6,117,84,78,3.021244553003055,xi_mp_le_3.84
drop_expectativas__credito,pre_covid,8,4,6,117,84,78,6.065311396548235,xi_mp_3.84_10
drop_expectativas__credito,pre_covid,8,5,6,117,84,78,6.676743884380426,xi_mp_3.84_10
drop_expectativas__credito,pre_covid,8,6,6,117,84,78,10.067160597950743,xi_mp_ge_10
drop_expectativas__credito,pre_covid,8,7,6,117,84,78,9.609301387225585,xi_mp_3.84_10
drop_expectativas__credito,pre_covid,8,8,6,117,84,78,9.801530552769474,xi_mp_3.84_10
drop_expectativas__credito__imoveis,full,5,3,6,116,153,147,2.3267436925184706,xi_mp_le_3.84
drop_expectativas__credito__imoveis,full,5,4,6,116,153,147,3.8510505292812467,xi_mp_3.84_10
drop_expectativas__credito__imoveis,full,5,5,6,116,153,147,5.461030111251504,xi_mp_3.84_10
drop_expectativas__credito__imoveis,full,6,3,6,116,153,147,1.9326759270864762,xi_mp_le_3.84
drop_expectativas__credito__imoveis,full,6,4,6,116,153,147,3.4757054587875618,xi_mp_le_3.84
drop_expectativas__credito__imoveis,full,6,5,6,116,153,147,4.155454151127273,xi_mp_3.84_10
drop_expectativas__credito__imoveis,full,6,6,6,116,153,147,6.205597630598946,xi_mp_3.84_10
drop_expectativas__credito__imoveis,full,7,3,6,116,153,147,1.0493952054857394,xi_mp_le_3.84
drop_expectativas__credito__imoveis,full,7,4,6,116,153,147,3.5058162513290623,xi_mp_le_3.84
drop_expectativas__credito__imoveis,full,7,5,6,116,153,147,4.242787059524977,xi_mp_3.84_10
drop_expectativas__credito__imoveis,full,7,6,6,116,153,147,4.600245755899074,xi_mp_3.84_10
drop_expectativas__credito__imoveis,full,7,7,6,116,153,147,7.697922835981508,xi_mp_3.84_10
drop_expectativas__credito__imoveis,full,8,3,6,116,153,147,4.569119229443622,xi_mp_3.84_10
drop_expectativas__credito__imoveis,full,8,4,6,116,153,147,4.761930954968542,xi_mp_3.84_10
drop_expectativas__credito__imoveis,full,8,5,6,116,153,147,5.694415194964381,xi_mp_3.84_10
drop_expectativas__credito__imoveis,full,8,6,6,116,153,147,5.672190449479344,xi_mp_3.84_10
drop_expectativas__credito__imoveis,full,8,7,6,116,153,147,5.47174775954167,xi_mp_3.84_10
drop_expectativas__credito__imoveis,full,8,8,6,116,153,147,8.321694434787416,xi_mp_3.84_10
drop_expectativas__credito__imoveis,pre_covid,5,3,6,116,84,78,8.795429750578059,xi_mp_3.84_10
drop_expectativas__credito__imoveis,pre_covid,5,4,6,116,84,78,8.917660595475843,xi_mp_3.84_10
drop_expectativas__credito__imoveis,pre_covid,5,5,6,116,84,78,8.278776661495685,xi_mp_3.84_10
drop_expectativas__credito__imoveis,pre_covid,6,3,6,116,84,78,5.36400977046371,xi_mp_3.84_10
drop_expectativas__credito__imoveis,pre_covid,6,4,6,116,84,78,12.310309043232353,xi_mp_ge_10
drop_expectativas__credito__imoveis,pre_covid,6,5,6,116,84,78,14.612772773944554,xi_mp_ge_10
drop_expectativas__credito__imoveis,pre_covid,6,6,6,116,84,78,11.366606240770935,xi_mp_ge_10
drop_expectativas__credito__imoveis,pre_covid,7,3,6,116,84,78,4.440362707967426,xi_mp_3.84_10
drop_expectativas__credito__imoveis,pre_covid,7,4,6,116,84,78,12.85783003527087,xi_mp_ge_10
drop_expectativas__credito__imoveis,pre_covid,7,5,6,116,84,78,18.066437335136435,xi_mp_ge_10
drop_expectativas__credito__imoveis,pre_covid,7,6,6,116,84,78,16.762317001061213,xi_mp_ge_10
drop_expectativas__credito__imoveis,pre_covid,7,7,6,116,84,78,16.264532135612185,xi_mp_ge_10
drop_expectativas__credito__imoveis,pre_covid,8,3,6,116,84,78,2.369452290589172,xi_mp_le_3.84
drop_expectativas__credito__imoveis,pre_covid,8,4,6,116,84,78,4.651926337516705,xi_mp_3.84_10
drop_expectativas__credito__imoveis,pre_covid,8,5,6,116,84,78,11.5006518866022,xi_mp_ge_10
drop_expectativas__credito__imoveis,pre_covid,8,6,6,116,84,78,10.82497266328005,xi_mp_ge_10
drop_expectativas__credito__imoveis,pre_covid,8,7,6,116,84,78,10.810735081368689,xi_mp_ge_10
drop_expectativas__credito__imoveis,pre_covid,8,8,6,116,84,78,9.642645448217376,xi_mp_3.84_10
drop_expectativas__eua,full,5,3,6,114,153,147,2.503587559264888,xi_mp_le_3.84
drop_expectativas__eua,full,5,4,6,114,153,147,3.724147546478973,xi_mp_le_3.84
drop_expectativas__eua,full,5,5,6,114,153,147,5.774901341850221,xi_mp_3.84_10
drop_expectativas__eua,full,6,3,6,114,153,147,2.0396869718752706,xi_mp_le_3.84
drop_expectativas__eua,full,6,4,6,114,153,147,3.583965900848358,xi_mp_le_3.84
drop_expectativas__eua,full,6,5,6,114,153,147,4.254574776040789,xi_mp_3.84_10
drop_expectativas__eua,full,6,6,6,114,153,147,6.2862546554130185,xi_mp_3.84_10
drop_expectativas__eua,full,7,3,6,114,153,147,6.32736106704107,xi_mp_3.84_10
drop_expectativas__eua,full,7,4,6,114,153,147,5.733481221555315,xi_mp_3.84_10
drop_expectativas__eua,full,7,5,6,114,153,147,6.459927530817371,xi_mp_3.84_10
drop_expectativas__eua,full,7,6,6,114,153,147,6.730010362028142,xi_mp_3.84_10
drop_expectativas__eua,full,7,7,6,114,153,147,9.510255672097875,xi_mp_3.84_10
drop_expectativas__eua,full,8,3,6,114,153,147,6.573212456144319,xi_mp_3.84_10
drop_expectativas__eua,full,8,4,6,114,153,147,6.589603731812319,xi_mp_3.84_10
drop_expectativas__eua,full,8,5,6,114,153,147,7.658082994308443,xi_mp_3.84_10
drop_expectativas__eua,full,8,6,6,114,153,147,7.622660049085657,xi_mp_3.84_10
drop_expectativas__eua,full,8,7,6,114,153,147,7.5847015157848015,xi_mp_3.84_10
drop_expectativas__eua,full,8,8,6,114,153,147,10.015838810517634,xi_mp_ge_10
drop_expectativas__eua,pre_covid,5,3,6,114,84,78,6.281622726181416,xi_mp_3.84_10
drop_expectativas__eua,pre_covid,5,4,6,114,84,78,6.852044267055257,xi_mp_3.84_10
drop_expectativas__eua,pre_covid,5,5,6,114,84,78,6.96333254846269,xi_mp_3.84_10
drop_expectativas__eua,pre_covid,6,3,6,114,84,78,5.558770730182079,xi_mp_3.84_10
drop_expectativas__eua,pre_covid,6,4,6,114,84,78,8.36999060872434,xi_mp_3.84_10
drop_expectativas__eua,pre_covid,6,5,6,114,84,78,8.472307227646766,xi_mp_3.84_10
drop_expectativas__eua,pre_covid,6,6,6,114,84,78,8.029093310923027,xi_mp_3.84_10
drop_expectativas__eua,pre_covid,7,3,6,114,84,78,7.810322435549213,xi_mp_3.84_10
drop_expectativas__eua,pre_covid,7,4,6,114,84,78,9.294559421582829,xi_mp_3.84_10
drop_expectativas__eua,pre_covid,7,5,6,114,84,78,7.138151202814256,xi_mp_3.84_10
drop_expectativas__eua,pre_covid,7,6,6,114,84,78,7.798048264180896,xi_mp_3.84_10
drop_expectativas__eua,pre_covid,7,7,6,114,84,78,7.443806335881604,xi_mp_3.84_10
drop_expectativas__eua,pre_covid,8,3,6,114,84,78,3.9885118898612184,xi_mp_3.84_10
drop_expectativas__eua,pre_covid,8,4,6,114,84,78,6.113857766363956,xi_mp_3.84_10
drop_expectativas__eua,pre_covid,8,5,6,114,84,78,8.700515458292623,xi_mp_3.84_10
drop_expectativas__eua,pre_covid,8,6,6,114,84,78,5.806925793206937,xi_mp_3.84_10
drop_expectativas__eua,pre_covid,8,7,6,114,84,78,6.754092488340207,xi_mp_3.84_10
drop_expectativas__eua,pre_covid,8,8,6,114,84,78,6.286634286931033,xi_mp_3.84_10
drop_expectativas__eua__credito,full,5,3,6,112,153,147,2.289022758834666,xi_mp_le_3.84
drop_expectativas__eua__credito,full,5,4,6,112,153,147,3.4000879809947695,xi_mp_le_3.84
drop_expectativas__eua__credito,full,5,5,6,112,153,147,6.272302359270897,xi_mp_3.84_10
drop_expectativas__eua__credito,full,6,3,6,112,153,147,1.4607038535398649,xi_mp_le_3.84
drop_expectativas__eua__credito,full,6,4,6,112,153,147,3.177921206356685,xi_mp_le_3.84
drop_expectativas__eua__credito,full,6,5,6,112,153,147,4.091258803471444,xi_mp_3.84_10
drop_expectativas__eua__credito,full,6,6,6,112,153,147,6.7688632111295135,xi_mp_3.84_10
drop_expectativas__eua__credito,full,7,3,6,112,153,147,1.2918771849579647,xi_mp_le_3.84
drop_expectativas__eua__credito,full,7,4,6,112,153,147,5.084489958932665,xi_mp_3.84_10
drop_expectativas__eua__credito,full,7,5,6,112,153,147,5.996788056349245,xi_mp_3.84_10
drop_expectativas__eua__credito,full,7,6,6,112,153,147,6.303403356769058,xi_mp_3.84_10
drop_expectativas__eua__credito,full,7,7,6,112,153,147,9.28007479945448,xi_mp_3.84_10
drop_expectativas__eua__credito,full,8,3,6,112,153,147,6.406766537132958,xi_mp_3.84_10
drop_expectativas__eua__credito,full,8,4,6,112,153,147,6.463239755107551,xi_mp_3.84_10
drop_expectativas__eua__credito,full,8,5,6,112,153,147,7.715647601896557,xi_mp_3.84_10
drop_expectativas__eua__credito,full,8,6,6,112,153,147,7.637098701897195,xi_mp_3.84_10
drop_expectativas__eua__credito,full,8,7,6,112,153,147,7.5025907979515205,xi_mp_3.84_10
drop_expectativas__eua__credito,full,8,8,6,112,153,147,10.40080842876116,xi_mp_ge_10
drop_expectativas__eua__credito,pre_covid,5,3,6,112,84,78,8.1669018581586,xi_mp_3.84_10
drop_expectativas__eua__credito,pre_covid,5,4,6,112,84,78,8.310796076556818,xi_mp_3.84_10
drop_expectativas__eua__credito,pre_covid,5,5,6,112,84,78,8.055444345409956,xi_mp_3.84_10
drop_expectativas__eua__credito,pre_covid,6,3,6,112,84,78,6.484800779447103,xi_mp_3.84_10
drop_expectativas__eua__credito,pre_covid,6,4,6,112,84,78,11.432328933095325,xi_mp_ge_10
drop_expectativas__eua__credito,pre_covid,6,5,6,112,84,78,10.148708385330384,xi_mp_ge_10
drop_expectativas__eua__credito,pre_covid,6,6,6,112,84,78,10.114009049222462,xi_mp_ge_10
drop_expectativas__eua__credito,pre_covid,7,3,6,112,84,78,14.909399563782666,xi_mp_ge_10
drop_expectativas__eua__credito,pre_covid,7,4,6,112,84,78,15.107495423771434,xi_mp_ge_10
drop_expectativas__eua__credito,pre_covid,7,5,6,112,84,78,13.262963398384105,xi_mp_ge_10
drop_expectativas__eua__credito,pre_covid,7,6,6,112,84,78,11.631522499305035,xi_mp_ge_10
drop_expectativas__eua__credito,pre_covid,7,7,6,112,84,78,11.273700822302015,xi_mp_ge_10
drop_expectativas__eua__credito,pre_covid,8,3,6,112,84,78,6.318134632847354,xi_mp_3.84_10
drop_expectativas__eua__credito,pre_covid,8,4,6,112,84,78,7.147124981627225,xi_mp_3.84_10
drop_expectativas__eua__credito,pre_covid,8,5,6,112,84,78,8.927792277007093,xi_mp_3.84_10
drop_expectativas__eua__credito,pre_covid,8,6,6,112,84,78,5.800665034610868,xi_mp_3.84_10
drop_expectativas__eua__credito,pre_covid,8,7,6,112,84,78,6.348477144877041,xi_mp_3.84_10
drop_expectativas__eua__credito,pre_covid,8,8,6,112,84,78,6.067416279666946,xi_mp_3.84_10
drop_expectativas__eua__credito__imoveis,full,5,3,6,111,153,147,2.477597914775705,xi_mp_le_3.84
drop_expectativas__eua__credito__imoveis,full,5,4,6,111,153,147,3.772265275286397,xi_mp_le_3.84
drop_expectativas__eua__credito__imoveis,full,5,5,6,111,153,147,6.24180577496688,xi_mp_3.84_10
drop_expectativas__eua__credito__imoveis,full,6,3,6,111,153,147,1.558987254808039,xi_mp_le_3.84
drop_expectativas__eua__credito__imoveis,full,6,4,6,111,153,147,3.2059121294645854,xi_mp_le_3.84
drop_expectativas__eua__credito__imoveis,full,6,5,6,111,153,147,4.37670108511289,xi_mp_3.84_10
drop_expectativas__eua__credito__imoveis,full,6,6,6,111,153,147,7.08710099909016,xi_mp_3.84_10
drop_expectativas__eua__credito__imoveis,full,7,3,6,111,153,147,2.3701232599724813,xi_mp_le_3.84
drop_expectativas__eua__credito__imoveis,full,7,4,6,111,153,147,5.428457972602018,xi_mp_3.84_10
drop_expectativas__eua__credito__imoveis,full,7,5,6,111,153,147,6.358923971337759,xi_mp_3.84_10
drop_expectativas__eua__credito__imoveis,full,7,6,6,111,153,147,6.7620813087423475,xi_mp_3.84_10
drop_expectativas__eua__credito__imoveis,full,7,7,6,111,153,147,9.818567251135285,xi_mp_3.84_10
drop_expectativas__eua__credito__imoveis,full,8,3,6,111,153,147,6.745163825940535,xi_mp_3.84_10
drop_expectativas__eua__credito__imoveis,full,8,4,6,111,153,147,6.627969579227733,xi_mp_3.84_10
drop_expectativas__eua__credito__imoveis,full,8,5,6,111,153,147,8.028484094638479,xi_mp_3.84_10
drop_expectativas__eua__credito__imoveis,full,8,6,6,111,153,147,8.003908182426986,xi_mp_3.84_10
drop_expectativas__eua__credito__imoveis,full,8,7,6,111,153,147,7.854322827227747,xi_mp_3.84_10
drop_expectativas__eua__credito__imoveis,full,8,8,6,111,153,147,10.845597402358703,xi_mp_ge_10
drop_expectativas__eua__credito__imoveis,pre_covid,5,3,6,111,84,78,8.256982833590001,xi_mp_3.84_10
drop_expectativas__eua__credito__imoveis,pre_covid,5,4,6,111,84,78,8.636594617680819,xi_mp_3.84_10
drop_expectativas__eua__credito__imoveis,pre_covid,5,5,6,111,84,78,8.57005138443613,xi_mp_3.84_10
drop_expectativas__eua__credito__imoveis,pre_covid,6,3,6,111,84,78,7.6907439944411164,xi_mp_3.84_10
drop_expectativas__eua__credito__imoveis,pre_covid,6,4,6,111,84,78,11.66770643326689,xi_mp_ge_10
drop_expectativas__eua__credito__imoveis,pre_covid,6,5,6,111,84,78,10.698086729838248,xi_mp_ge_10
drop_expectativas__eua__credito__imoveis,pre_covid,6,6,6,111,84,78,11.260170947170618,xi_mp_ge_10
drop_expectativas__eua__credito__imoveis,pre_covid,7,3,6,111,84,78,12.9912450801512,xi_mp_ge_10
drop_expectativas__eua__credito__imoveis,pre_covid,7,4,6,111,84,78,12.585824822389513,xi_mp_ge_10
drop_expectativas__eua__credito__imoveis,pre_covid,7,5,6,111,84,78,11.42327119815158,xi_mp_ge_10
drop_expectativas__eua__credito__imoveis,pre_covid,7,6,6,111,84,78,10.675113084670809,xi_mp_ge_10
drop_expectativas__eua__credito__imoveis,pre_covid,7,7,6,111,84,78,10.489080679454144,xi_mp_ge_10
drop_expectativas__eua__credito__imoveis,pre_covid,8,3,6,111,84,78,5.155565618955752,xi_mp_3.84_10
drop_expectativas__eua__credito__imoveis,pre_covid,8,4,6,111,84,78,5.329807790964886,xi_mp_3.84_10
drop_expectativas__eua__credito__imoveis,pre_covid,8,5,6,111,84,78,5.535303368905628,xi_mp_3.84_10
drop_expectativas__eua__credito__imoveis,pre_covid,8,6,6,111,84,78,5.332256489205875,xi_mp_3.84_10
drop_expectativas__eua__credito__imoveis,pre_covid,8,7,6,111,84,78,5.654078272973295,xi_mp_3.84_10
drop_expectativas__eua__credito__imoveis,pre_covid,8,8,6,111,84,78,4.801090050280817,xi_mp_3.84_10
drop_expectativas__eua__imoveis,full,5,3,6,113,153,147,2.7276278379337913,xi_mp_le_3.84
drop_expectativas__eua__imoveis,full,5,4,6,113,153,147,4.137437636338241,xi_mp_3.84_10
drop_expectativas__eua__imoveis,full,5,5,6,113,153,147,5.824919037432396,xi_mp_3.84_10
drop_expectativas__eua__imoveis,full,6,3,6,113,153,147,2.004009977779874,xi_mp_le_3.84
drop_expectativas__eua__imoveis,full,6,4,6,113,153,147,3.513086814474525,xi_mp_le_3.84
drop_expectativas__eua__imoveis,full,6,5,6,113,153,147,4.403597139513217,xi_mp_3.84_10
drop_expectativas__eua__imoveis,full,6,6,6,113,153,147,6.573765264764367,xi_mp_3.84_10
drop_expectativas__eua__imoveis,full,7,3,6,113,153,147,6.407089566132502,xi_mp_3.84_10
drop_expectativas__eua__imoveis,full,7,4,6,113,153,147,5.935310019378552,xi_mp_3.84_10
drop_expectativas__eua__imoveis,full,7,5,6,113,153,147,6.623218685137269,xi_mp_3.84_10
drop_expectativas__eua__imoveis,full,7,6,6,113,153,147,7.011064984006963,xi_mp_3.84_10
drop_expectativas__eua__imoveis,full,7,7,6,113,153,147,9.903382781231723,xi_mp_3.84_10
drop_expectativas__eua__imoveis,full,8,3,6,113,153,147,6.791572572142007,xi_mp_3.84_10
drop_expectativas__eua__imoveis,full,8,4,6,113,153,147,6.767557633602329,xi_mp_3.84_10
drop_expectativas__eua__imoveis,full,8,5,6,113,153,147,7.878497717133971,xi_mp_3.84_10
drop_expectativas__eua__imoveis,full,8,6,6,113,153,147,7.869132901203451,xi_mp_3.84_10
drop_expectativas__eua__imoveis,full,8,7,6,113,153,147,7.803402288019912,xi_mp_3.84_10
drop_expectativas__eua__imoveis,full,8,8,6,113,153,147,10.350435146614203,xi_mp_ge_10
drop_expectativas__eua__imoveis,pre_covid,5,3,6,113,84,78,6.453567899522872,xi_mp_3.84_10
drop_expectativas__eua__imoveis,pre_covid,5,4,6,113,84,78,6.473035402504591,xi_mp_3.84_10
drop_expectativas__eua__imoveis,pre_covid,5,5,6,113,84,78,6.890413300075716,xi_mp_3.84_10
drop_expectativas__eua__imoveis,pre_covid,6,3,6,113,84,78,6.100235739411729,xi_mp_3.84_10
drop_expectativas__eua__imoveis,pre_covid,6,4,6,113,84,78,8.239169856055746,xi_mp_3.84_10
drop_expectativas__eua__imoveis,pre_covid,6,5,6,113,84,78,8.340481404940983,xi_mp_3.84_10
drop_expectativas__eua__imoveis,pre_covid,6,6,6,113,84,78,8.90565977937422,xi_mp_3.84_10
drop_expectativas__eua__imoveis,pre_covid,7,3,6,113,84,78,4.182671405056962,xi_mp_3.84_10
drop_expectativas__eua__imoveis,pre_covid,7,4,6,113,84,78,10.008182706254411,xi_mp_ge_10
drop_expectativas__eua__imoveis,pre_covid,7,5,6,113,84,78,8.27821870590274,xi_mp_3.84_10
drop_expectativas__eua__imoveis,pre_covid,7,6,6,113,84,78,9.181716638281861,xi_mp_3.84_10
drop_expectativas__eua__imoveis,pre_covid,7,7,6,113,84,78,9.5867512722367,xi_mp_3.84_10
drop_expectativas__eua__imoveis,pre_covid,8,3,6,113,84,78,2.9402575754773776,xi_mp_le_3.84
drop_expectativas__eua__imoveis,pre_covid,8,4,6,113,84,78,5.571426731531739,xi_mp_3.84_10
drop_expectativas__eua__imoveis,pre_covid,8,5,6,113,84,78,5.318014646476617,xi_mp_3.84_10
drop_expectativas__eua__imoveis,pre_covid,8,6,6,113,84,78,5.5933804225008625,xi_mp_3.84_10
drop_expectativas__eua__imoveis,pre_covid,8,7,6,113,84,78,5.734005856608519,xi_mp_3.84_10
drop_expectativas__eua__imoveis,pre_covid,8,8,6,113,84,78,5.000051444602207,xi_mp_3.84_10
drop_expectativas__imoveis,full,5,3,6,118,153,147,2.5014101442093546,xi_mp_le_3.84
drop_expectativas__imoveis,full,5,4,6,118,153,147,4.049669373464212,xi_mp_3.84_10
drop_expectativas__imoveis,full,5,5,6,118,153,147,5.105528459931599,xi_mp_3.84_10
drop_expectativas__imoveis,full,6,3,6,118,153,147,2.5835229562558992,xi_mp_le_3.84
drop_expectativas__imoveis,full,6,4,6,118,153,147,3.7891161544262366,xi_mp_le_3.84
drop_expectativas__imoveis,full,6,5,6,118,153,147,4.203826478848734,xi_mp_3.84_10
drop_expectativas__imoveis,full,6,6,6,118,153,147,5.7623804861279115,xi_mp_3.84_10
drop_expectativas__imoveis,full,7,3,6,118,153,147,4.112347238442075,xi_mp_3.84_10
drop_expectativas__imoveis,full,7,4,6,118,153,147,3.881514845940275,xi_mp_3.84_10
drop_expectativas__imoveis,full,7,5,6,118,153,147,4.371890323875835,xi_mp_3.84_10
drop_expectativas__imoveis,full,7,6,6,118,153,147,4.769312043320529,xi_mp_3.84_10
drop_expectativas__imoveis,full,7,7,6,118,153,147,7.506825257982719,xi_mp_3.84_10
drop_expectativas__imoveis,full,8,3,6,118,153,147,4.795956428178622,xi_mp_3.84_10
drop_expectativas__imoveis,full,8,4,6,118,153,147,4.8224661310663866,xi_mp_3.84_10
drop_expectativas__imoveis,full,8,5,6,118,153,147,5.622843723335759,xi_mp_3.84_10
drop_expectativas__imoveis,full,8,6,6,118,153,147,5.651506821473999,xi_mp_3.84_10
drop_expectativas__imoveis,full,8,7,6,118,153,147,5.493513814366558,xi_mp_3.84_10
drop_expectativas__imoveis,full,8,8,6,118,153,147,7.793612457364293,xi_mp_3.84_10
drop_expectativas__imoveis,pre_covid,5,3,6,118,84,78,6.4957071137467235,xi_mp_3.84_10
drop_expectativas__imoveis,pre_covid,5,4,6,118,84,78,6.526168672258155,xi_mp_3.84_10
drop_expectativas__imoveis,pre_covid,5,5,6,118,84,78,6.240479039128123,xi_mp_3.84_10
drop_expectativas__imoveis,pre_covid,6,3,6,118,84,78,5.833167407829292,xi_mp_3.84_10
drop_expectativas__imoveis,pre_covid,6,4,6,118,84,78,9.055381841040298,xi_mp_3.84_10
drop_expectativas__imoveis,pre_covid,6,5,6,118,84,78,10.335822876183082,xi_mp_ge_10
drop_expectativas__imoveis,pre_covid,6,6,6,118,84,78,8.927269485494895,xi_mp_3.84_10
drop_expectativas__imoveis,pre_covid,7,3,6,118,84,78,1.9300317608940838,xi_mp_le_3.84
drop_expectativas__imoveis,pre_covid,7,4,6,118,84,78,3.5552657856215757,xi_mp_le_3.84
drop_expectativas__imoveis,pre_covid,7,5,6,118,84,78,12.559438152515257,xi_mp_ge_10
drop_expectativas__imoveis,pre_covid,7,6,6,118,84,78,12.140296697215629,xi_mp_ge_10
drop_expectativas__imoveis,pre_covid,7,7,6,118,84,78,11.705311138812634,xi_mp_ge_10
drop_expectativas__imoveis,pre_covid,8,3,6,118,84,78,0.21473415751101435,xi_mp_le_3.84
drop_expectativas__imoveis,pre_covid,8,4,6,118,84,78,0.18937643331268617,xi_mp_le_3.84
drop_expectativas__imoveis,pre_covid,8,5,6,118,84,78,1.3293455596204962,xi_mp_le_3.84
drop_expectativas__imoveis,pre_covid,8,6,6,118,84,78,4.293207683652765,xi_mp_3.84_10
drop_expectativas__imoveis,pre_covid,8,7,6,118,84,78,4.844129933205904,xi_mp_3.84_10
drop_expectativas__imoveis,pre_covid,8,8,6,118,84,78,4.90758261200556,xi_mp_3.84_10
drop_fiscal,full,5,3,6,120,153,147,3.2378247349627345,xi_mp_le_3.84
drop_fiscal,full,5,4,6,120,153,147,4.921325811612929,xi_mp_3.84_10
drop_fiscal,full,5,5,6,120,153,147,5.399678189104089,xi_mp_3.84_10
drop_fiscal,full,6,3,6,120,153,147,4.490441184642586,xi_mp_3.84_10
drop_fiscal,full,6,4,6,120,153,147,4.639074204590113,xi_mp_3.84_10
drop_fiscal,full,6,5,6,120,153,147,4.715095268723299,xi_mp_3.84_10
drop_fiscal,full,6,6,6,120,153,147,6.200109001524571,xi_mp_3.84_10
drop_fiscal,full,7,3,6,120,153,147,6.744536488213052,xi_mp_3.84_10
drop_fiscal,full,7,4,6,120,153,147,5.027143869947753,xi_mp_3.84_10
drop_fiscal,full,7,5,6,120,153,147,5.161980257160402,xi_mp_3.84_10
drop_fiscal,full,7,6,6,120,153,147,5.221411119001904,xi_mp_3.84_10
drop_fiscal,full,7,7,6,120,153,147,7.129522511433641,xi_mp_3.84_10
drop_fiscal,full,8,3,6,120,153,147,6.062731089647803,xi_mp_3.84_10
drop_fiscal,full,8,4,6,120,153,147,6.150887131244574,xi_mp_3.84_10
drop_fiscal,full,8,5,6,120,153,147,6.139515090315976,xi_mp_3.84_10
drop_fiscal,full,8,6,6,120,153,147,6.251478924174932,xi_mp_3.84_10
drop_fiscal,full,8,7,6,120,153,147,6.364988448209518,xi_mp_3.84_10
drop_fiscal,full,8,8,6,120,153,147,7.96535977048455,xi_mp_3.84_10
drop_fiscal,pre_covid,5,3,6,120,84,78,8.377380400319844,xi_mp_3.84_10
drop_fiscal,pre_covid,5,4,6,120,84,78,9.598474184645774,xi_mp_3.84_10
drop_fiscal,pre_covid,5,5,6,120,84,78,8.917009998893258,xi_mp_3.84_10
drop_fiscal,pre_covid,6,3,6,120,84,78,5.9309779564783875,xi_mp_3.84_10
drop_fiscal,pre_covid,6,4,6,120,84,78,8.426247521109625,xi_mp_3.84_10
drop_fiscal,pre_covid,6,5,6,120,84,78,8.48537647972259,xi_mp_3.84_10
drop_fiscal,pre_covid,6,6,6,120,84,78,7.863068986061437,xi_mp_3.84_10
drop_fiscal,pre_covid,7,3,6,120,84,78,1.0837300189273735,xi_mp_le_3.84
drop_fiscal,pre_covid,7,4,6,120,84,78,4.382926209683601,xi_mp_3.84_10
drop_fiscal,pre_covid,7,5,6,120,84,78,12.04145817039368,xi_mp_ge_10
drop_fiscal,pre_covid,7,6,6,120,84,78,11.872835330364948,xi_mp_ge_10
drop_fiscal,pre_covid,7,7,6,120,84,78,12.970628139395433,xi_mp_ge_10
drop_fiscal,pre_covid,8,3,6,120,84,78,3.639780458192459,xi_mp_le_3.84
drop_fiscal,pre_covid,8,4,6,120,84,78,3.8884497928610666,xi_mp_3.84_10
drop_fiscal,pre_covid,8,5,6,120,84,78,2.5019584417238607,xi_mp_le_3.84
drop_fiscal,pre_covid,8,6,6,120,84,78,7.066457867106654,xi_mp_3.84_10
drop_fiscal,pre_covid,8,7,6,120,84,78,8.469617597231878,xi_mp_3.84_10
drop_fiscal,pre_covid,8,8,6,120,84,78,8.913554672448745,xi_mp_3.84_10
drop_fiscal__credito,full,5,3,6,118,153,147,3.125221367637826,xi_mp_le_3.84
drop_fiscal__credito,full,5,4,6,118,153,147,5.225722681135509,xi_mp_3.84_10
drop_fiscal__credito,full,5,5,6,118,153,147,5.862441891973555,xi_mp_3.84_10
drop_fiscal__credito,full,6,3,6,118,153,147,3.376058068239844,xi_mp_le_3.84
drop_fiscal__credito,full,6,4,6,118,153,147,4.46236167245041,xi_mp_3.84_10
drop_fiscal__credito,full,6,5,6,118,153,147,5.0367121422513135,xi_mp_3.84_10
drop_fiscal__credito,full,6,6,6,118,153,147,7.030797824195039,xi_mp_3.84_10
drop_fiscal__credito,full,7,3,6,118,153,147,7.2453330977897865,xi_mp_3.84_10
drop_fiscal__credito,full,7,4,6,118,153,147,4.926639202884245,xi_mp_3.84_10
drop_fiscal__credito,full,7,5,6,118,153,147,5.036864219925393,xi_mp_3.84_10
drop_fiscal__credito,full,7,6,6,118,153,147,5.130001223259753,xi_mp_3.84_10
drop_fiscal__credito,full,7,7,6,118,153,147,7.5523674070271545,xi_mp_3.84_10
drop_fiscal__credito,full,8,3,6,118,153,147,6.093346882350806,xi_mp_3.84_10
drop_fiscal__credito,full,8,4,6,118,153,147,6.0798346283086255,xi_mp_3.84_10
drop_fiscal__credito,full,8,5,6,118,153,147,6.173409417589895,xi_mp_3.84_10
drop_fiscal__credito,full,8,6,6,118,153,147,6.204736905589528,xi_mp_3.84_10
drop_fiscal__credito,full,8,7,6,118,153,147,6.22103537206366,xi_mp_3.84_10
drop_fiscal__credito,full,8,8,6,118,153,147,8.43469072742953,xi_mp_3.84_10
drop_fiscal__credito,pre_covid,5,3,6,118,84,78,8.51515346781125,xi_mp_3.84_10
drop_fiscal__credito,pre_covid,5,4,6,118,84,78,10.370998036859795,xi_mp_ge_10
drop_fiscal__credito,pre_covid,5,5,6,118,84,78,9.393636623696764,xi_mp_3.84_10
drop_fiscal__credito,pre_covid,6,3,6,118,84,78,9.100780313351093,xi_mp_3.84_10
drop_fiscal__credito,pre_covid,6,4,6,118,84,78,10.925191203322155,xi_mp_ge_10
drop_fiscal__credito,pre_covid,6,5,6,118,84,78,11.237978217282821,xi_mp_ge_10
drop_fiscal__credito,pre_covid,6,6,6,118,84,78,9.886335524035907,xi_mp_3.84_10
drop_fiscal__credito,pre_covid,7,3,6,118,84,78,2.3952557849086005,xi_mp_le_3.84
drop_fiscal__credito,pre_covid,7,4,6,118,84,78,15.893690668529336,xi_mp_ge_10
drop_fiscal__credito,pre_covid,7,5,6,118,84,78,20.67951855604179,xi_mp_ge_10
drop_fiscal__credito,pre_covid,7,6,6,118,84,78,18.43290991928213,xi_mp_ge_10
drop_fiscal__credito,pre_covid,7,7,6,118,84,78,18.38223765037578,xi_mp_ge_10
drop_fiscal__credito,pre_covid,8,3,6,118,84,78,5.429975536103238,xi_mp_3.84_10
drop_fiscal__credito,pre_covid,8,4,6,118,84,78,9.394190538366855,xi_mp_3.84_10
drop_fiscal__credito,pre_covid,8,5,6,118,84,78,5.6808578715208125,xi_mp_3.84_10
drop_fiscal__credito,pre_covid,8,6,6,118,84,78,9.890683018106122,xi_mp_3.84_10
drop_fiscal__credito,pre_covid,8,7,6,118,84,78,13.362581534664985,xi_mp_ge_10
drop_fiscal__credito,pre_covid,8,8,6,118,84,78,13.41400867321287,xi_mp_ge_10
drop_fiscal__credito__imoveis,full,5,3,6,117,153,147,3.458775865395011,xi_mp_le_3.84
drop_fiscal__credito__imoveis,full,5,4,6,117,153,147,5.474393384065204,xi_mp_3.84_10
drop_fiscal__credito__imoveis,full,5,5,6,117,153,147,5.901344816463172,xi_mp_3.84_10
drop_fiscal__credito__imoveis,full,6,3,6,117,153,147,4.679767963290875,xi_mp_3.84_10
drop_fiscal__credito__imoveis,full,6,4,6,117,153,147,4.469161912803667,xi_mp_3.84_10
drop_fiscal__credito__imoveis,full,6,5,6,117,153,147,5.454998087178516,xi_mp_3.84_10
drop_fiscal__credito__imoveis,full,6,6,6,117,153,147,7.313317017259504,xi_mp_3.84_10
drop_fiscal__credito__imoveis,full,7,3,6,117,153,147,7.554570124936954,xi_mp_3.84_10
drop_fiscal__credito__imoveis,full,7,4,6,117,153,147,4.900446640877048,xi_mp_3.84_10
drop_fiscal__credito__imoveis,full,7,5,6,117,153,147,5.109289376682799,xi_mp_3.84_10
drop_fiscal__credito__imoveis,full,7,6,6,117,153,147,5.372682618193024,xi_mp_3.84_10
drop_fiscal__credito__imoveis,full,7,7,6,117,153,147,8.041106830477732,xi_mp_3.84_10
drop_fiscal__credito__imoveis,full,8,3,6,117,153,147,6.139649659893333,xi_mp_3.84_10
drop_fiscal__credito__imoveis,full,8,4,6,117,153,147,5.962542937033006,xi_mp_3.84_10
drop_fiscal__credito__imoveis,full,8,5,6,117,153,147,6.16120043463686,xi_mp_3.84_10
drop_fiscal__credito__imoveis,full,8,6,6,117,153,147,6.395742991838887,xi_mp_3.84_10
drop_fiscal__credito__imoveis,full,8,7,6,117,153,147,6.394478997507531,xi_mp_3.84_10
drop_fiscal__credito__imoveis,full,8,8,6,117,153,147,8.729741075414994,xi_mp_3.84_10
drop_fiscal__credito__imoveis,pre_covid,5,3,6,117,84,78,9.418039732518084,xi_mp_3.84_10
drop_fiscal__credito__imoveis,pre_covid,5,4,6,117,84,78,9.711583232563907,xi_mp_3.84_10
drop_fiscal__credito__imoveis,pre_covid,5,5,6,117,84,78,8.513253436488695,xi_mp_3.84_10
drop_fiscal__credito__imoveis,pre_covid,6,3,6,117,84,78,8.640118348781334,xi_mp_3.84_10
drop_fiscal__credito__imoveis,pre_covid,6,4,6,117,84,78,11.30355916728142,xi_mp_ge_10
drop_fiscal__credito__imoveis,pre_covid,6,5,6,117,84,78,11.414838189736685,xi_mp_ge_10
drop_fiscal__credito__imoveis,pre_covid,6,6,6,117,84,78,10.469717948963593,xi_mp_ge_10
drop_fiscal__credito__imoveis,pre_covid,7,3,6,117,84,78,7.030593873842799,xi_mp_3.84_10
drop_fiscal__credito__imoveis,pre_covid,7,4,6,117,84,78,20.634696750306638,xi_mp_ge_10
drop_fiscal__credito__imoveis,pre_covid,7,5,6,117,84,78,22.210532899286626,xi_mp_ge_10
drop_fiscal__credito__imoveis,pre_covid,7,6,6,117,84,78,20.172227603301085,xi_mp_ge_10
drop_fiscal__credito__imoveis,pre_covid,7,7,6,117,84,78,19.98891361757199,xi_mp_ge_10
drop_fiscal__credito__imoveis,pre_covid,8,3,6,117,84,78,7.465298380023381,xi_mp_3.84_10
drop_fiscal__credito__imoveis,pre_covid,8,4,6,117,84,78,16.75400153127221,xi_mp_ge_10
drop_fiscal__credito__imoveis,pre_covid,8,5,6,117,84,78,18.73997019626183,xi_mp_ge_10
drop_fiscal__credito__imoveis,pre_covid,8,6,6,117,84,78,18.631523688066768,xi_mp_ge_10
drop_fiscal__credito__imoveis,pre_covid,8,7,6,117,84,78,16.197956483644745,xi_mp_ge_10
drop_fiscal__credito__imoveis,pre_covid,8,8,6,117,84,78,15.170210704679464,xi_mp_ge_10
drop_fiscal__eua,full,5,3,6,115,153,147,3.7582522162199608,xi_mp_le_3.84
drop_fiscal__eua,full,5,4,6,115,153,147,5.219353684648621,xi_mp_3.84_10
drop_fiscal__eua,full,5,5,6,115,153,147,6.10603389301858,xi_mp_3.84_10
drop_fiscal__eua,full,6,3,6,115,153,147,4.9738486556748995,xi_mp_3.84_10
drop_fiscal__eua,full,6,4,6,115,153,147,4.703204644913135,xi_mp_3.84_10
drop_fiscal__eua,full,6,5,6,115,153,147,5.023439254888565,xi_mp_3.84_10
drop_fiscal__eua,full,6,6,6,115,153,147,7.096916189597336,xi_mp_3.84_10
drop_fiscal__eua,full,7,3,6,115,153,147,8.256703216332488,xi_mp_3.84_10
drop_fiscal__eua,full,7,4,6,115,153,147,6.827633336718229,xi_mp_3.84_10
drop_fiscal__eua,full,7,5,6,115,153,147,7.307915428003788,xi_mp_3.84_10
drop_fiscal__eua,full,7,6,6,115,153,147,7.448957388407374,xi_mp_3.84_10
drop_fiscal__eua,full,7,7,6,115,153,147,9.18645730322435,xi_mp_3.84_10
drop_fiscal__eua,full,8,3,6,115,153,147,8.609246772192037,xi_mp_3.84_10
drop_fiscal__eua,full,8,4,6,115,153,147,7.980144327749335,xi_mp_3.84_10
drop_fiscal__eua,full,8,5,6,115,153,147,8.37230311568783,xi_mp_3.84_10
drop_fiscal__eua,full,8,6,6,115,153,147,8.359040053931214,xi_mp_3.84_10
drop_fiscal__eua,full,8,7,6,115,153,147,8.547506155309572,xi_mp_3.84_10
drop_fiscal__eua,full,8,8,6,115,153,147,10.166402875114848,xi_mp_ge_10
drop_fiscal__eua,pre_covid,5,3,6,115,84,78,7.621307234308334,xi_mp_3.84_10
drop_fiscal__eua,pre_covid,5,4,6,115,84,78,8.029540503754529,xi_mp_3.84_10
drop_fiscal__eua,pre_covid,5,5,6,115,84,78,8.14889094895907,xi_mp_3.84_10
drop_fiscal__eua,pre_covid,6,3,6,115,84,78,5.7608223933887,xi_mp_3.84_10
drop_fiscal__eua,pre_covid,6,4,6,115,84,78,8.225344600855886,xi_mp_3.84_10
drop_fiscal__eua,pre_covid,6,5,6,115,84,78,8.231854743419454,xi_mp_3.84_10
drop_fiscal__eua,pre_covid,6,6,6,115,84,78,8.282645102268349,xi_mp_3.84_10
drop_fiscal__eua,pre_covid,7,3,6,115,84,78,9.622104709285681,xi_mp_3.84_10
drop_fiscal__eua,pre_covid,7,4,6,115,84,78,12.588599636092686,xi_mp_ge_10
drop_fiscal__eua,pre_covid,7,5,6,115,84,78,12.367806503632018,xi_mp_ge_10
drop_fiscal__eua,pre_covid,7,6,6,115,84,78,11.409522875213241,xi_mp_ge_10
drop_fiscal__eua,pre_covid,7,7,6,115,84,78,12.255893507742734,xi_mp_ge_10
drop_fiscal__eua,pre_covid,8,3,6,115,84,78,9.877890762663558,xi_mp_3.84_10
drop_fiscal__eua,pre_covid,8,4,6,115,84,78,13.634862171320151,xi_mp_ge_10
drop_fiscal__eua,pre_covid,8,5,6,115,84,78,12.643182445464276,xi_mp_ge_10
drop_fiscal__eua,pre_covid,8,6,6,115,84,78,12.67937547431339,xi_mp_ge_10
drop_fiscal__eua,pre_covid,8,7,6,115,84,78,11.591650863800698,xi_mp_ge_10
drop_fiscal__eua,pre_covid,8,8,6,115,84,78,10.316136527198605,xi_mp_ge_10
drop_fiscal__eua__credito,full,5,3,6,113,153,147,3.6398448632339067,xi_mp_le_3.84
drop_fiscal__eua__credito,full,5,4,6,113,153,147,5.430654743399559,xi_mp_3.84_10
drop_fiscal__eua__credito,full,5,5,6,113,153,147,6.630068679458204,xi_mp_3.84_10
drop_fiscal__eua__credito,full,6,3,6,113,153,147,4.346807414570585,xi_mp_3.84_10
drop_fiscal__eua__credito,full,6,4,6,113,153,147,4.536428325104488,xi_mp_3.84_10
drop_fiscal__eua__credito,full,6,5,6,113,153,147,5.261560032304253,xi_mp_3.84_10
drop_fiscal__eua__credito,full,6,6,6,113,153,147,7.918460252309096,xi_mp_3.84_10
drop_fiscal__eua__credito,full,7,3,6,113,153,147,8.721594452089297,xi_mp_3.84_10
drop_fiscal__eua__credito,full,7,4,6,113,153,147,6.894750960621871,xi_mp_3.84_10
drop_fiscal__eua__credito,full,7,5,6,113,153,147,7.272208895363511,xi_mp_3.84_10
drop_fiscal__eua__credito,full,7,6,6,113,153,147,7.551453939103822,xi_mp_3.84_10
drop_fiscal__eua__credito,full,7,7,6,113,153,147,9.751812827551946,xi_mp_3.84_10
drop_fiscal__eua__credito,full,8,3,6,113,153,147,8.860392401618506,xi_mp_3.84_10
drop_fiscal__eua__credito,full,8,4,6,113,153,147,8.146768594661737,xi_mp_3.84_10
drop_fiscal__eua__credito,full,8,5,6,113,153,147,8.55689154045382,xi_mp_3.84_10
drop_fiscal__eua__credito,full,8,6,6,113,153,147,8.578861146804755,xi_mp_3.84_10
drop_fiscal__eua__credito,full,8,7,6,113,153,147,8.525685762563489,xi_mp_3.84_10
drop_fiscal__eua__credito,full,8,8,6,113,153,147,10.703485686222928,xi_mp_ge_10
drop_fiscal__eua__credito,pre_covid,5,3,6,113,84,78,9.32765658458255,xi_mp_3.84_10
drop_fiscal__eua__credito,pre_covid,5,4,6,113,84,78,9.278069253931978,xi_mp_3.84_10
drop_fiscal__eua__credito,pre_covid,5,5,6,113,84,78,8.973358753389306,xi_mp_3.84_10
drop_fiscal__eua__credito,pre_covid,6,3,6,113,84,78,6.511297147725589,xi_mp_3.84_10
drop_fiscal__eua__credito,pre_covid,6,4,6,113,84,78,11.505237341005303,xi_mp_ge_10
drop_fiscal__eua__credito,pre_covid,6,5,6,113,84,78,11.534881408359155,xi_mp_ge_10
drop_fiscal__eua__credito,pre_covid,6,6,6,113,84,78,11.024385683247429,xi_mp_ge_10
drop_fiscal__eua__credito,pre_covid,7,3,6,113,84,78,17.450351526626577,xi_mp_ge_10
drop_fiscal__eua__credito,pre_covid,7,4,6,113,84,78,17.195985855949427,xi_mp_ge_10
drop_fiscal__eua__credito,pre_covid,7,5,6,113,84,78,17.142593264025546,xi_mp_ge_10
drop_fiscal__eua__credito,pre_covid,7,6,6,113,84,78,15.379160308344735,xi_mp_ge_10
drop_fiscal__eua__credito,pre_covid,7,7,6,113,84,78,15.302137919799465,xi_mp_ge_10
drop_fiscal__eua__credito,pre_covid,8,3,6,113,84,78,12.870476655638562,xi_mp_ge_10
drop_fiscal__eua__credito,pre_covid,8,4,6,113,84,78,13.87836210363315,xi_mp_ge_10
drop_fiscal__eua__credito,pre_covid,8,5,6,113,84,78,11.777758226699211,xi_mp_ge_10
drop_fiscal__eua__credito,pre_covid,8,6,6,113,84,78,11.760943201636545,xi_mp_ge_10
drop_fiscal__eua__credito,pre_covid,8,7,6,113,84,78,9.476861425805923,xi_mp_3.84_10
drop_fiscal__eua__credito,pre_covid,8,8,6,113,84,78,9.313776021281585,xi_mp_3.84_10
drop_fiscal__eua__credito__imoveis,full,5,3,6,112,153,147,4.06685511453509,xi_mp_3.84_10
drop_fiscal__eua__credito__imoveis,full,5,4,6,112,153,147,5.804286871181602,xi_mp_3.84_10
drop_fiscal__eua__credito__imoveis,full,5,5,6,112,153,147,6.617383288725693,xi_mp_3.84_10
drop_fiscal__eua__credito__imoveis,full,6,3,6,112,153,147,4.91193612055606,xi_mp_3.84_10
drop_fiscal__eua__credito__imoveis,full,6,4,6,112,153,147,4.364340545314649,xi_mp_3.84_10
drop_fiscal__eua__credito__imoveis,full,6,5,6,112,153,147,5.790238389150628,xi_mp_3.84_10
drop_fiscal__eua__credito__imoveis,full,6,6,6,112,153,147,8.380488147338555,xi_mp_3.84_10
drop_fiscal__eua__credito__imoveis,full,7,3,6,112,153,147,8.820307154846496,xi_mp_3.84_10
drop_fiscal__eua__credito__imoveis,full,7,4,6,112,153,147,6.885029797018493,xi_mp_3.84_10
drop_fiscal__eua__credito__imoveis,full,7,5,6,112,153,147,7.378679084509105,xi_mp_3.84_10
drop_fiscal__eua__credito__imoveis,full,7,6,6,112,153,147,7.909539617713836,xi_mp_3.84_10
drop_fiscal__eua__credito__imoveis,full,7,7,6,112,153,147,10.136752789330997,xi_mp_ge_10
drop_fiscal__eua__credito__imoveis,full,8,3,6,112,153,147,9.079849670316225,xi_mp_3.84_10
drop_fiscal__eua__credito__imoveis,full,8,4,6,112,153,147,8.17822669542735,xi_mp_3.84_10
drop_fiscal__eua__credito__imoveis,full,8,5,6,112,153,147,8.690345919375481,xi_mp_3.84_10
drop_fiscal__eua__credito__imoveis,full,8,6,6,112,153,147,8.725445118053452,xi_mp_3.84_10
drop_fiscal__eua__credito__imoveis,full,8,7,6,112,153,147,8.717715891339514,xi_mp_3.84_10
drop_fiscal__eua__credito__imoveis,full,8,8,6,112,153,147,10.99105255235376,xi_mp_ge_10
drop_fiscal__eua__credito__imoveis,pre_covid,5,3,6,112,84,78,7.074667936343593,xi_mp_3.84_10
drop_fiscal__eua__credito__imoveis,pre_covid,5,4,6,112,84,78,10.403580401717637,xi_mp_ge_10
drop_fiscal__eua__credito__imoveis,pre_covid,5,5,6,112,84,78,9.7069864128628,xi_mp_3.84_10
drop_fiscal__eua__credito__imoveis,pre_covid,6,3,6,112,84,78,9.825886254158258,xi_mp_3.84_10
drop_fiscal__eua__credito__imoveis,pre_covid,6,4,6,112,84,78,11.254560492804556,xi_mp_ge_10
drop_fiscal__eua__credito__imoveis,pre_covid,6,5,6,112,84,78,11.303424895250597,xi_mp_ge_10
drop_fiscal__eua__credito__imoveis,pre_covid,6,6,6,112,84,78,11.277038116157504,xi_mp_ge_10
drop_fiscal__eua__credito__imoveis,pre_covid,7,3,6,112,84,78,16.60655014026455,xi_mp_ge_10
drop_fiscal__eua__credito__imoveis,pre_covid,7,4,6,112,84,78,15.132820820769417,xi_mp_ge_10
drop_fiscal__eua__credito__imoveis,pre_covid,7,5,6,112,84,78,15.249590991375314,xi_mp_ge_10
drop_fiscal__eua__credito__imoveis,pre_covid,7,6,6,112,84,78,14.14230890838257,xi_mp_ge_10
drop_fiscal__eua__credito__imoveis,pre_covid,7,7,6,112,84,78,14.651684990389686,xi_mp_ge_10
drop_fiscal__eua__credito__imoveis,pre_covid,8,3,6,112,84,78,12.69881058775566,xi_mp_ge_10
drop_fiscal__eua__credito__imoveis,pre_covid,8,4,6,112,84,78,9.34177117616154,xi_mp_3.84_10
drop_fiscal__eua__credito__imoveis,pre_covid,8,5,6,112,84,78,8.797822209296784,xi_mp_3.84_10
drop_fiscal__eua__credito__imoveis,pre_covid,8,6,6,112,84,78,8.801247013531846,xi_mp_3.84_10
drop_fiscal__eua__credito__imoveis,pre_covid,8,7,6,112,84,78,8.429764366543017,xi_mp_3.84_10
drop_fiscal__eua__credito__imoveis,pre_covid,8,8,6,112,84,78,7.855462468946919,xi_mp_3.84_10
drop_fiscal__eua__imoveis,full,5,3,6,114,153,147,4.2173945891301114,xi_mp_3.84_10
drop_fiscal__eua__imoveis,full,5,4,6,114,153,147,5.562109592959534,xi_mp_3.84_10
drop_fiscal__eua__imoveis,full,5,5,6,114,153,147,6.168870976880181,xi_mp_3.84_10
drop_fiscal__eua__imoveis,full,6,3,6,114,153,147,5.364691284734141,xi_mp_3.84_10
drop_fiscal__eua__imoveis,full,6,4,6,114,153,147,4.450404532746693,xi_mp_3.84_10
drop_fiscal__eua__imoveis,full,6,5,6,114,153,147,5.137426459015428,xi_mp_3.84_10
drop_fiscal__eua__imoveis,full,6,6,6,114,153,147,7.506701031371823,xi_mp_3.84_10
drop_fiscal__eua__imoveis,full,7,3,6,114,153,147,8.240241468943562,xi_mp_3.84_10
drop_fiscal__eua__imoveis,full,7,4,6,114,153,147,6.801591516898789,xi_mp_3.84_10
drop_fiscal__eua__imoveis,full,7,5,6,114,153,147,7.364044945714692,xi_mp_3.84_10
drop_fiscal__eua__imoveis,full,7,6,6,114,153,147,7.642765680434967,xi_mp_3.84_10
drop_fiscal__eua__imoveis,full,7,7,6,114,153,147,9.577880375323817,xi_mp_3.84_10
drop_fiscal__eua__imoveis,full,8,3,6,114,153,147,8.740373617041598,xi_mp_3.84_10
drop_fiscal__eua__imoveis,full,8,4,6,114,153,147,8.016533245747159,xi_mp_3.84_10
drop_fiscal__eua__imoveis,full,8,5,6,114,153,147,8.479777335758532,xi_mp_3.84_10
drop_fiscal__eua__imoveis,full,8,6,6,114,153,147,8.486251172301431,xi_mp_3.84_10
drop_fiscal__eua__imoveis,full,8,7,6,114,153,147,8.685919668351183,xi_mp_3.84_10
drop_fiscal__eua__imoveis,full,8,8,6,114,153,147,10.449742717523348,xi_mp_ge_10
drop_fiscal__eua__imoveis,pre_covid,5,3,6,114,84,78,6.806627775164737,xi_mp_3.84_10
drop_fiscal__eua__imoveis,pre_covid,5,4,6,114,84,78,7.001402052538481,xi_mp_3.84_10
drop_fiscal__eua__imoveis,pre_covid,5,5,6,114,84,78,7.753222682392091,xi_mp_3.84_10
drop_fiscal__eua__imoveis,pre_covid,6,3,6,114,84,78,6.801271073358002,xi_mp_3.84_10
drop_fiscal__eua__imoveis,pre_covid,6,4,6,114,84,78,7.881812082695105,xi_mp_3.84_10
drop_fiscal__eua__imoveis,pre_covid,6,5,6,114,84,78,7.873565784982814,xi_mp_3.84_10
drop_fiscal__eua__imoveis,pre_covid,6,6,6,114,84,78,8.402125627612133,xi_mp_3.84_10
drop_fiscal__eua__imoveis,pre_covid,7,3,6,114,84,78,8.954924215972087,xi_mp_3.84_10
drop_fiscal__eua__imoveis,pre_covid,7,4,6,114,84,78,10.818123023230296,xi_mp_ge_10
drop_fiscal__eua__imoveis,pre_covid,7,5,6,114,84,78,11.02940927457849,xi_mp_ge_10
drop_fiscal__eua__imoveis,pre_covid,7,6,6,114,84,78,10.656547496999499,xi_mp_ge_10
drop_fiscal__eua__imoveis,pre_covid,7,7,6,114,84,78,11.970897301362621,xi_mp_ge_10
drop_fiscal__eua__imoveis,pre_covid,8,3,6,114,84,78,9.812362682079586,xi_mp_3.84_10
drop_fiscal__eua__imoveis,pre_covid,8,4,6,114,84,78,13.062156939108677,xi_mp_ge_10
drop_fiscal__eua__imoveis,pre_covid,8,5,6,114,84,78,11.51404585491626,xi_mp_ge_10
drop_fiscal__eua__imoveis,pre_covid,8,6,6,114,84,78,11.490722773636643,xi_mp_ge_10
drop_fiscal__eua__imoveis,pre_covid,8,7,6,114,84,78,10.837563452859262,xi_mp_ge_10
drop_fiscal__eua__imoveis,pre_covid,8,8,6,114,84,78,9.742514229449528,xi_mp_3.84_10
drop_fiscal__expectativas,full,5,3,6,116,153,147,2.827878692951478,xi_mp_le_3.84
drop_fiscal__expectativas,full,5,4,6,116,153,147,4.34816682321586,xi_mp_3.84_10
drop_fiscal__expectativas,full,5,5,6,116,153,147,5.217544252042473,xi_mp_3.84_10
drop_fiscal__expectativas,full,6,3,6,116,153,147,2.810069992376818,xi_mp_le_3.84
drop_fiscal__expectativas,full,6,4,6,116,153,147,4.4973751422600206,xi_mp_3.84_10
drop_fiscal__expectativas,full,6,5,6,116,153,147,4.6206297292721485,xi_mp_3.84_10
drop_fiscal__expectativas,full,6,6,6,116,153,147,6.037837388481745,xi_mp_3.84_10
drop_fiscal__expectativas,full,7,3,6,116,153,147,4.809026442151966,xi_mp_3.84_10
drop_fiscal__expectativas,full,7,4,6,116,153,147,4.901516657974626,xi_mp_3.84_10
drop_fiscal__expectativas,full,7,5,6,116,153,147,5.0209809233640375,xi_mp_3.84_10
drop_fiscal__expectativas,full,7,6,6,116,153,147,5.153050594629339,xi_mp_3.84_10
drop_fiscal__expectativas,full,7,7,6,116,153,147,7.760452815255106,xi_mp_3.84_10
drop_fiscal__expectativas,full,8,3,6,116,153,147,5.872909363461743,xi_mp_3.84_10
drop_fiscal__expectativas,full,8,4,6,116,153,147,6.036522674149151,xi_mp_3.84_10
drop_fiscal__expectativas,full,8,5,6,116,153,147,6.214248029251689,xi_mp_3.84_10
drop_fiscal__expectativas,full,8,6,6,116,153,147,6.148904112838805,xi_mp_3.84_10
drop_fiscal__expectativas,full,8,7,6,116,153,147,6.126021130166192,xi_mp_3.84_10
drop_fiscal__expectativas,full,8,8,6,116,153,147,8.230490998245923,xi_mp_3.84_10
drop_fiscal__expectativas,pre_covid,5,3,6,116,84,78,6.88314537200294,xi_mp_3.84_10
drop_fiscal__expectativas,pre_covid,5,4,6,116,84,78,6.766078589053255,xi_mp_3.84_10
drop_fiscal__expectativas,pre_covid,5,5,6,116,84,78,6.05908269213445,xi_mp_3.84_10
drop_fiscal__expectativas,pre_covid,6,3,6,116,84,78,5.554658457013007,xi_mp_3.84_10
drop_fiscal__expectativas,pre_covid,6,4,6,116,84,78,8.239271464862261,xi_mp_3.84_10
drop_fiscal__expectativas,pre_covid,6,5,6,116,84,78,8.327377230444576,xi_mp_3.84_10
drop_fiscal__expectativas,pre_covid,6,6,6,116,84,78,6.817269935395128,xi_mp_3.84_10
drop_fiscal__expectativas,pre_covid,7,3,6,116,84,78,1.7849208536820296,xi_mp_le_3.84
drop_fiscal__expectativas,pre_covid,7,4,6,116,84,78,1.8825195566493789,xi_mp_le_3.84
drop_fiscal__expectativas,pre_covid,7,5,6,116,84,78,9.038831269683145,xi_mp_3.84_10
drop_fiscal__expectativas,pre_covid,7,6,6,116,84,78,9.896166161907832,xi_mp_3.84_10
drop_fiscal__expectativas,pre_covid,7,7,6,116,84,78,8.758618953532562,xi_mp_3.84_10
drop_fiscal__expectativas,pre_covid,8,3,6,116,84,78,1.0225104628142825,xi_mp_le_3.84
drop_fiscal__expectativas,pre_covid,8,4,6,116,84,78,0.9105907570556112,xi_mp_le_3.84
drop_fiscal__expectativas,pre_covid,8,5,6,116,84,78,0.9392193548514146,xi_mp_le_3.84
drop_fiscal__expectativas,pre_covid,8,6,6,116,84,78,4.461341331447281,xi_mp_3.84_10
drop_fiscal__expectativas,pre_covid,8,7,6,116,84,78,5.335089370681627,xi_mp_3.84_10
drop_fiscal__expectativas,pre_covid,8,8,6,116,84,78,5.5576943431744485,xi_mp_3.84_10
drop_fiscal__expectativas__credito,full,5,3,6,114,153,147,2.6530831548623204,xi_mp_le_3.84
drop_fiscal__expectativas__credito,full,5,4,6,114,153,147,4.3016797067418295,xi_mp_3.84_10
drop_fiscal__expectativas__credito,full,5,5,6,114,153,147,5.639175417997716,xi_mp_3.84_10
drop_fiscal__expectativas__credito,full,6,3,6,114,153,147,2.1778230931815257,xi_mp_le_3.84
drop_fiscal__expectativas__credito,full,6,4,6,114,153,147,4.31124029874134,xi_mp_3.84_10
drop_fiscal__expectativas__credito,full,6,5,6,114,153,147,4.661123000876764,xi_mp_3.84_10
drop_fiscal__expectativas__credito,full,6,6,6,114,153,147,6.802391513531407,xi_mp_3.84_10
drop_fiscal__expectativas__credito,full,7,3,6,114,153,147,1.5754089361778914,xi_mp_le_3.84
drop_fiscal__expectativas__credito,full,7,4,6,114,153,147,4.782600896902702,xi_mp_3.84_10
drop_fiscal__expectativas__credito,full,7,5,6,114,153,147,4.885422053716116,xi_mp_3.84_10
drop_fiscal__expectativas__credito,full,7,6,6,114,153,147,5.027514426731759,xi_mp_3.84_10
drop_fiscal__expectativas__credito,full,7,7,6,114,153,147,8.148037552178401,xi_mp_3.84_10
drop_fiscal__expectativas__credito,full,8,3,6,114,153,147,5.749652952362176,xi_mp_3.84_10
drop_fiscal__expectativas__credito,full,8,4,6,114,153,147,6.038639837948621,xi_mp_3.84_10
drop_fiscal__expectativas__credito,full,8,5,6,114,153,147,6.233997493970605,xi_mp_3.84_10
drop_fiscal__expectativas__credito,full,8,6,6,114,153,147,6.107919223967451,xi_mp_3.84_10
drop_fiscal__expectativas__credito,full,8,7,6,114,153,147,6.002532855399391,xi_mp_3.84_10
drop_fiscal__expectativas__credito,full,8,8,6,114,153,147,8.730645612102311,xi_mp_3.84_10
drop_fiscal__expectativas__credito,pre_covid,5,3,6,114,84,78,7.794142900642924,xi_mp_3.84_10
drop_fiscal__expectativas__credito,pre_covid,5,4,6,114,84,78,7.792142122002361,xi_mp_3.84_10
drop_fiscal__expectativas__credito,pre_covid,5,5,6,114,84,78,7.345290763972045,xi_mp_3.84_10
drop_fiscal__expectativas__credito,pre_covid,6,3,6,114,84,78,5.4155514491829475,xi_mp_3.84_10
drop_fiscal__expectativas__credito,pre_covid,6,4,6,114,84,78,10.638245014819056,xi_mp_ge_10
drop_fiscal__expectativas__credito,pre_covid,6,5,6,114,84,78,10.628005267072858,xi_mp_ge_10
drop_fiscal__expectativas__credito,pre_covid,6,6,6,114,84,78,8.598378966985354,xi_mp_3.84_10
drop_fiscal__expectativas__credito,pre_covid,7,3,6,114,84,78,3.1180962156004233,xi_mp_le_3.84
drop_fiscal__expectativas__credito,pre_covid,7,4,6,114,84,78,11.462508986871292,xi_mp_ge_10
drop_fiscal__expectativas__credito,pre_covid,7,5,6,114,84,78,16.27883876411845,xi_mp_ge_10
drop_fiscal__expectativas__credito,pre_covid,7,6,6,114,84,78,16.16848699892793,xi_mp_ge_10
drop_fiscal__expectativas__credito,pre_covid,7,7,6,114,84,78,13.103300697353552,xi_mp_ge_10
drop_fiscal__expectativas__credito,pre_covid,8,3,6,114,84,78,3.3533521307894834,xi_mp_le_3.84
drop_fiscal__expectativas__credito,pre_covid,8,4,6,114,84,78,5.596642283950112,xi_mp_3.84_10
drop_fiscal__expectativas__credito,pre_covid,8,5,6,114,84,78,4.695029209033667,xi_mp_3.84_10
drop_fiscal__expectativas__credito,pre_covid,8,6,6,114,84,78,8.15595906243384,xi_mp_3.84_10
drop_fiscal__expectativas__credito,pre_covid,8,7,6,114,84,78,9.172111414142778,xi_mp_3.84_10
drop_fiscal__expectativas__credito,pre_covid,8,8,6,114,84,78,9.55875269317284,xi_mp_3.84_10
drop_fiscal__expectativas__credito__imoveis,full,5,3,6,113,153,147,2.8309042131825444,xi_mp_le_3.84
drop_fiscal__expectativas__credito__imoveis,full,5,4,6,113,153,147,4.722583457012557,xi_mp_3.84_10
drop_fiscal__expectativas__credito__imoveis,full,5,5,6,113,153,147,5.636347002124581,xi_mp_3.84_10
drop_fiscal__expectativas__credito__imoveis,full,6,3,6,113,153,147,2.354518940070649,xi_mp_le_3.84
drop_fiscal__expectativas__credito__imoveis,full,6,4,6,113,153,147,4.364194879431965,xi_mp_3.84_10
drop_fiscal__expectativas__credito__imoveis,full,6,5,6,113,153,147,4.8052710986903335,xi_mp_3.84_10
drop_fiscal__expectativas__credito__imoveis,full,6,6,6,113,153,147,6.907872008059891,xi_mp_3.84_10
drop_fiscal__expectativas__credito__imoveis,full,7,3,6,113,153,147,2.450583002921068,xi_mp_le_3.84
drop_fiscal__expectativas__credito__imoveis,full,7,4,6,113,153,147,4.700160083414362,xi_mp_3.84_10
drop_fiscal__expectativas__credito__imoveis,full,7,5,6,113,153,147,4.9296494887421956,xi_mp_3.84_10
drop_fiscal__expectativas__credito__imoveis,full,7,6,6,113,153,147,5.290419187502154,xi_mp_3.84_10
drop_fiscal__expectativas__credito__imoveis,full,7,7,6,113,153,147,8.83840261243732,xi_mp_3.84_10
drop_fiscal__expectativas__credito__imoveis,full,8,3,6,113,153,147,5.871970863875202,xi_mp_3.84_10
drop_fiscal__expectativas__credito__imoveis,full,8,4,6,113,153,147,5.937006174980544,xi_mp_3.84_10
drop_fiscal__expectativas__credito__imoveis,full,8,5,6,113,153,147,6.354316824586942,xi_mp_3.84_10
drop_fiscal__expectativas__credito__imoveis,full,8,6,6,113,153,147,6.314791835110658,xi_mp_3.84_10
drop_fiscal__expectativas__credito__imoveis,full,8,7,6,113,153,147,6.185058612214241,xi_mp_3.84_10
drop_fiscal__expectativas__credito__imoveis,full,8,8,6,113,153,147,9.355656701861012,xi_mp_3.84_10
drop_fiscal__expectativas__credito__imoveis,pre_covid,5,3,6,113,84,78,6.1398352374866265,xi_mp_3.84_10
drop_fiscal__expectativas__credito__imoveis,pre_covid,5,4,6,113,84,78,5.976281865662015,xi_mp_3.84_10
drop_fiscal__expectativas__credito__imoveis,pre_covid,5,5,6,113,84,78,4.884851225693345,xi_mp_3.84_10
drop_fiscal__expectativas__credito__imoveis,pre_covid,6,3,6,113,84,78,4.747241256219277,xi_mp_3.84_10
drop_fiscal__expectativas__credito__imoveis,pre_covid,6,4,6,113,84,78,10.918198913498658,xi_mp_ge_10
drop_fiscal__expectativas__credito__imoveis,pre_covid,6,5,6,113,84,78,11.563473467265007,xi_mp_ge_10
drop_fiscal__expectativas__credito__imoveis,pre_covid,6,6,6,113,84,78,9.60058842422708,xi_mp_3.84_10
drop_fiscal__expectativas__credito__imoveis,pre_covid,7,3,6,113,84,78,4.174274141078811,xi_mp_3.84_10
drop_fiscal__expectativas__credito__imoveis,pre_covid,7,4,6,113,84,78,16.409339595834794,xi_mp_ge_10
drop_fiscal__expectativas__credito__imoveis,pre_covid,7,5,6,113,84,78,16.07279930323865,xi_mp_ge_10
drop_fiscal__expectativas__credito__imoveis,pre_covid,7,6,6,113,84,78,16.00918375007576,xi_mp_ge_10
drop_fiscal__expectativas__credito__imoveis,pre_covid,7,7,6,113,84,78,13.652459975648094,xi_mp_ge_10
drop_fiscal__expectativas__credito__imoveis,pre_covid,8,3,6,113,84,78,2.1020206304687927,xi_mp_le_3.84
drop_fiscal__expectativas__credito__imoveis,pre_covid,8,4,6,113,84,78,3.474029878510831,xi_mp_le_3.84
drop_fiscal__expectativas__credito__imoveis,pre_covid,8,5,6,113,84,78,9.429472106369614,xi_mp_3.84_10
drop_fiscal__expectativas__credito__imoveis,pre_covid,8,6,6,113,84,78,9.187636894069318,xi_mp_3.84_10
drop_fiscal__expectativas__credito__imoveis,pre_covid,8,7,6,113,84,78,9.742252591841039,xi_mp_3.84_10
drop_fiscal__expectativas__credito__imoveis,pre_covid,8,8,6,113,84,78,8.016150599387595,xi_mp_3.84_10
drop_fiscal__expectativas__eua,full,5,3,6,111,153,147,3.108662701652351,xi_mp_le_3.84
drop_fiscal__expectativas__eua,full,5,4,6,111,153,147,4.460223249033281,xi_mp_3.84_10
drop_fiscal__expectativas__eua,full,5,5,6,111,153,147,5.93315668038275,xi_mp_3.84_10
drop_fiscal__expectativas__eua,full,6,3,6,111,153,147,2.742122231539737,xi_mp_le_3.84
drop_fiscal__expectativas__eua,full,6,4,6,111,153,147,4.67521466871665,xi_mp_3.84_10
drop_fiscal__expectativas__eua,full,6,5,6,111,153,147,4.982244222781646,xi_mp_3.84_10
drop_fiscal__expectativas__eua,full,6,6,6,111,153,147,6.9115973465834255,xi_mp_3.84_10
drop_fiscal__expectativas__eua,full,7,3,6,111,153,147,7.866738665364839,xi_mp_3.84_10
drop_fiscal__expectativas__eua,full,7,4,6,111,153,147,6.745421793314363,xi_mp_3.84_10
drop_fiscal__expectativas__eua,full,7,5,6,111,153,147,7.21305041745568,xi_mp_3.84_10
drop_fiscal__expectativas__eua,full,7,6,6,111,153,147,7.349644827270422,xi_mp_3.84_10
drop_fiscal__expectativas__eua,full,7,7,6,111,153,147,10.180478092533553,xi_mp_ge_10
drop_fiscal__expectativas__eua,full,8,3,6,111,153,147,7.971781562390753,xi_mp_3.84_10
drop_fiscal__expectativas__eua,full,8,4,6,111,153,147,7.675891756398207,xi_mp_3.84_10
drop_fiscal__expectativas__eua,full,8,5,6,111,153,147,8.437872848649377,xi_mp_3.84_10
drop_fiscal__expectativas__eua,full,8,6,6,111,153,147,8.441032278890763,xi_mp_3.84_10
drop_fiscal__expectativas__eua,full,8,7,6,111,153,147,8.407822704037793,xi_mp_3.84_10
drop_fiscal__expectativas__eua,full,8,8,6,111,153,147,10.697348981831972,xi_mp_ge_10
drop_fiscal__expectativas__eua,pre_covid,5,3,6,111,84,78,5.485573997059563,xi_mp_3.84_10
drop_fiscal__expectativas__eua,pre_covid,5,4,6,111,84,78,6.198641135816439,xi_mp_3.84_10
drop_fiscal__expectativas__eua,pre_covid,5,5,6,111,84,78,6.5585847811983555,xi_mp_3.84_10
drop_fiscal__expectativas__eua,pre_covid,6,3,6,111,84,78,5.562640380947046,xi_mp_3.84_10
drop_fiscal__expectativas__eua,pre_covid,6,4,6,111,84,78,7.181384722353223,xi_mp_3.84_10
drop_fiscal__expectativas__eua,pre_covid,6,5,6,111,84,78,7.198693914804781,xi_mp_3.84_10
drop_fiscal__expectativas__eua,pre_covid,6,6,6,111,84,78,6.924577387598309,xi_mp_3.84_10
drop_fiscal__expectativas__eua,pre_covid,7,3,6,111,84,78,8.603241711096288,xi_mp_3.84_10
drop_fiscal__expectativas__eua,pre_covid,7,4,6,111,84,78,12.116944432865193,xi_mp_ge_10
drop_fiscal__expectativas__eua,pre_covid,7,5,6,111,84,78,8.709164036061326,xi_mp_3.84_10
drop_fiscal__expectativas__eua,pre_covid,7,6,6,111,84,78,8.278512026494898,xi_mp_3.84_10
drop_fiscal__expectativas__eua,pre_covid,7,7,6,111,84,78,8.760262672725565,xi_mp_3.84_10
drop_fiscal__expectativas__eua,pre_covid,8,3,6,111,84,78,3.3516456632836062,xi_mp_le_3.84
drop_fiscal__expectativas__eua,pre_covid,8,4,6,111,84,78,5.843995477515218,xi_mp_3.84_10
drop_fiscal__expectativas__eua,pre_covid,8,5,6,111,84,78,6.547509211793559,xi_mp_3.84_10
drop_fiscal__expectativas__eua,pre_covid,8,6,6,111,84,78,5.759327273234613,xi_mp_3.84_10
drop_fiscal__expectativas__eua,pre_covid,8,7,6,111,84,78,5.3358836283060205,xi_mp_3.84_10
drop_fiscal__expectativas__eua,pre_covid,8,8,6,111,84,78,5.760615087464672,xi_mp_3.84_10
drop_fiscal__expectativas__eua__credito,full,5,3,6,109,153,147,2.9056899845005857,xi_mp_le_3.84
drop_fiscal__expectativas__eua__credito,full,5,4,6,109,153,147,4.205097713017685,xi_mp_3.84_10
drop_fiscal__expectativas__eua__credito,full,5,5,6,109,153,147,6.399754458059968,xi_mp_3.84_10
drop_fiscal__expectativas__eua__credito,full,6,3,6,109,153,147,2.065651998250387,xi_mp_le_3.84
drop_fiscal__expectativas__eua__credito,full,6,4,6,109,153,147,4.338409474253326,xi_mp_3.84_10
drop_fiscal__expectativas__eua__credito,full,6,5,6,109,153,147,4.915570902425429,xi_mp_3.84_10
drop_fiscal__expectativas__eua__credito,full,6,6,6,109,153,147,7.693334701958455,xi_mp_3.84_10
drop_fiscal__expectativas__eua__credito,full,7,3,6,109,153,147,6.972090004782597,xi_mp_3.84_10
drop_fiscal__expectativas__eua__credito,full,7,4,6,109,153,147,6.687827223123002,xi_mp_3.84_10
drop_fiscal__expectativas__eua__credito,full,7,5,6,109,153,147,7.240396437210473,xi_mp_3.84_10
drop_fiscal__expectativas__eua__credito,full,7,6,6,109,153,147,7.413954556954624,xi_mp_3.84_10
drop_fiscal__expectativas__eua__credito,full,7,7,6,109,153,147,10.755555860555804,xi_mp_ge_10
drop_fiscal__expectativas__eua__credito,full,8,3,6,109,153,147,8.112343730690213,xi_mp_3.84_10
drop_fiscal__expectativas__eua__credito,full,8,4,6,109,153,147,7.72565146411377,xi_mp_3.84_10
drop_fiscal__expectativas__eua__credito,full,8,5,6,109,153,147,8.58618983162746,xi_mp_3.84_10
drop_fiscal__expectativas__eua__credito,full,8,6,6,109,153,147,8.59498941260537,xi_mp_3.84_10
drop_fiscal__expectativas__eua__credito,full,8,7,6,109,153,147,8.34241988380009,xi_mp_3.84_10
drop_fiscal__expectativas__eua__credito,full,8,8,6,109,153,147,11.196636389112422,xi_mp_ge_10
drop_fiscal__expectativas__eua__credito,pre_covid,5,3,6,109,84,78,7.7873746743347905,xi_mp_3.84_10
drop_fiscal__expectativas__eua__credito,pre_covid,5,4,6,109,84,78,7.6942983174471244,xi_mp_3.84_10
drop_fiscal__expectativas__eua__credito,pre_covid,5,5,6,109,84,78,7.6680216445458305,xi_mp_3.84_10
drop_fiscal__expectativas__eua__credito,pre_covid,6,3,6,109,84,78,6.248179785022729,xi_mp_3.84_10
drop_fiscal__expectativas__eua__credito,pre_covid,6,4,6,109,84,78,9.610297670120724,xi_mp_3.84_10
drop_fiscal__expectativas__eua__credito,pre_covid,6,5,6,109,84,78,9.427723138576455,xi_mp_3.84_10
drop_fiscal__expectativas__eua__credito,pre_covid,6,6,6,109,84,78,8.889200189650204,xi_mp_3.84_10
drop_fiscal__expectativas__eua__credito,pre_covid,7,3,6,109,84,78,13.938304783123169,xi_mp_ge_10
drop_fiscal__expectativas__eua__credito,pre_covid,7,4,6,109,84,78,13.910602237102255,xi_mp_ge_10
drop_fiscal__expectativas__eua__credito,pre_covid,7,5,6,109,84,78,11.734904609611094,xi_mp_ge_10
drop_fiscal__expectativas__eua__credito,pre_covid,7,6,6,109,84,78,10.35967624998379,xi_mp_ge_10
drop_fiscal__expectativas__eua__credito,pre_covid,7,7,6,109,84,78,10.034163221718144,xi_mp_ge_10
drop_fiscal__expectativas__eua__credito,pre_covid,8,3,6,109,84,78,6.003135251097936,xi_mp_3.84_10
drop_fiscal__expectativas__eua__credito,pre_covid,8,4,6,109,84,78,7.652282900609637,xi_mp_3.84_10
drop_fiscal__expectativas__eua__credito,pre_covid,8,5,6,109,84,78,7.489411587512795,xi_mp_3.84_10
drop_fiscal__expectativas__eua__credito,pre_covid,8,6,6,109,84,78,7.4054381546935195,xi_mp_3.84_10
drop_fiscal__expectativas__eua__credito,pre_covid,8,7,6,109,84,78,5.755060806856118,xi_mp_3.84_10
drop_fiscal__expectativas__eua__credito,pre_covid,8,8,6,109,84,78,5.8522806440092054,xi_mp_3.84_10
drop_fiscal__expectativas__eua__credito__imoveis,full,5,3,6,108,153,147,3.1277973710604003,xi_mp_le_3.84
drop_fiscal__expectativas__eua__credito__imoveis,full,5,4,6,108,153,147,4.677662351763517,xi_mp_3.84_10
drop_fiscal__expectativas__eua__credito__imoveis,full,5,5,6,108,153,147,6.353319472499573,xi_mp_3.84_10
drop_fiscal__expectativas__eua__credito__imoveis,full,6,3,6,108,153,147,2.186122804852127,xi_mp_le_3.84
drop_fiscal__expectativas__eua__credito__imoveis,full,6,4,6,108,153,147,4.292616511139613,xi_mp_3.84_10
drop_fiscal__expectativas__eua__credito__imoveis,full,6,5,6,108,153,147,5.227093356576954,xi_mp_3.84_10
drop_fiscal__expectativas__eua__credito__imoveis,full,6,6,6,108,153,147,8.122793187073365,xi_mp_3.84_10
drop_fiscal__expectativas__eua__credito__imoveis,full,7,3,6,108,153,147,7.872830319309718,xi_mp_3.84_10
drop_fiscal__expectativas__eua__credito__imoveis,full,7,4,6,108,153,147,6.772000387147256,xi_mp_3.84_10
drop_fiscal__expectativas__eua__credito__imoveis,full,7,5,6,108,153,147,7.346942141750955,xi_mp_3.84_10
drop_fiscal__expectativas__eua__credito__imoveis,full,7,6,6,108,153,147,7.70384335828325,xi_mp_3.84_10
drop_fiscal__expectativas__eua__credito__imoveis,full,7,7,6,108,153,147,11.312474992215627,xi_mp_ge_10
drop_fiscal__expectativas__eua__credito__imoveis,full,8,3,6,108,153,147,8.383084678857156,xi_mp_3.84_10
drop_fiscal__expectativas__eua__credito__imoveis,full,8,4,6,108,153,147,7.785686668934168,xi_mp_3.84_10
drop_fiscal__expectativas__eua__credito__imoveis,full,8,5,6,108,153,147,8.811084029846176,xi_mp_3.84_10
drop_fiscal__expectativas__eua__credito__imoveis,full,8,6,6,108,153,147,8.817608504395462,xi_mp_3.84_10
drop_fiscal__expectativas__eua__credito__imoveis,full,8,7,6,108,153,147,8.55741849027375,xi_mp_3.84_10
drop_fiscal__expectativas__eua__credito__imoveis,full,8,8,6,108,153,147,11.713551106353968,xi_mp_ge_10
drop_fiscal__expectativas__eua__credito__imoveis,pre_covid,5,3,6,108,84,78,6.405672776016483,xi_mp_3.84_10
drop_fiscal__expectativas__eua__credito__imoveis,pre_covid,5,4,6,108,84,78,6.214526076136948,xi_mp_3.84_10
drop_fiscal__expectativas__eua__credito__imoveis,pre_covid,5,5,6,108,84,78,4.987844225768611,xi_mp_3.84_10
drop_fiscal__expectativas__eua__credito__imoveis,pre_covid,6,3,6,108,84,78,6.775534294399533,xi_mp_3.84_10
drop_fiscal__expectativas__eua__credito__imoveis,pre_covid,6,4,6,108,84,78,9.40359926627759,xi_mp_3.84_10
drop_fiscal__expectativas__eua__credito__imoveis,pre_covid,6,5,6,108,84,78,9.389920462568353,xi_mp_3.84_10
drop_fiscal__expectativas__eua__credito__imoveis,pre_covid,6,6,6,108,84,78,9.306638417879448,xi_mp_3.84_10
drop_fiscal__expectativas__eua__credito__imoveis,pre_covid,7,3,6,108,84,78,12.376213320445347,xi_mp_ge_10
drop_fiscal__expectativas__eua__credito__imoveis,pre_covid,7,4,6,108,84,78,10.709994644140316,xi_mp_ge_10
drop_fiscal__expectativas__eua__credito__imoveis,pre_covid,7,5,6,108,84,78,10.103147447648757,xi_mp_ge_10
drop_fiscal__expectativas__eua__credito__imoveis,pre_covid,7,6,6,108,84,78,9.584015889927302,xi_mp_3.84_10
drop_fiscal__expectativas__eua__credito__imoveis,pre_covid,7,7,6,108,84,78,9.446795989755277,xi_mp_3.84_10
drop_fiscal__expectativas__eua__credito__imoveis,pre_covid,8,3,6,108,84,78,6.441471809648849,xi_mp_3.84_10
drop_fiscal__expectativas__eua__credito__imoveis,pre_covid,8,4,6,108,84,78,5.391601184197293,xi_mp_3.84_10
drop_fiscal__expectativas__eua__credito__imoveis,pre_covid,8,5,6,108,84,78,5.365600017350727,xi_mp_3.84_10
drop_fiscal__expectativas__eua__credito__imoveis,pre_covid,8,6,6,108,84,78,5.112232776267164,xi_mp_3.84_10
drop_fiscal__expectativas__eua__credito__imoveis,pre_covid,8,7,6,108,84,78,4.671772824905353,xi_mp_3.84_10
drop_fiscal__expectativas__eua__credito__imoveis,pre_covid,8,8,6,108,84,78,4.570210510760131,xi_mp_3.84_10
drop_fiscal__expectativas__eua__imoveis,full,5,3,6,110,153,147,3.4061781169322063,xi_mp_le_3.84
drop_fiscal__expectativas__eua__imoveis,full,5,4,6,110,153,147,4.910748837445063,xi_mp_3.84_10
drop_fiscal__expectativas__eua__imoveis,full,5,5,6,110,153,147,5.970049395689097,xi_mp_3.84_10
drop_fiscal__expectativas__eua__imoveis,full,6,3,6,110,153,147,2.8521346286331593,xi_mp_le_3.84
drop_fiscal__expectativas__eua__imoveis,full,6,4,6,110,153,147,4.580398289655989,xi_mp_3.84_10
drop_fiscal__expectativas__eua__imoveis,full,6,5,6,110,153,147,5.088993849844011,xi_mp_3.84_10
drop_fiscal__expectativas__eua__imoveis,full,6,6,6,110,153,147,7.242568148240327,xi_mp_3.84_10
drop_fiscal__expectativas__eua__imoveis,full,7,3,6,110,153,147,7.823864708744341,xi_mp_3.84_10
drop_fiscal__expectativas__eua__imoveis,full,7,4,6,110,153,147,6.8053077168002165,xi_mp_3.84_10
drop_fiscal__expectativas__eua__imoveis,full,7,5,6,110,153,147,7.232151132580686,xi_mp_3.84_10
drop_fiscal__expectativas__eua__imoveis,full,7,6,6,110,153,147,7.516102537338725,xi_mp_3.84_10
drop_fiscal__expectativas__eua__imoveis,full,7,7,6,110,153,147,10.680301591339035,xi_mp_ge_10
drop_fiscal__expectativas__eua__imoveis,full,8,3,6,110,153,147,8.074061517172503,xi_mp_3.84_10
drop_fiscal__expectativas__eua__imoveis,full,8,4,6,110,153,147,7.748656432679471,xi_mp_3.84_10
drop_fiscal__expectativas__eua__imoveis,full,8,5,6,110,153,147,8.580848153834127,xi_mp_3.84_10
drop_fiscal__expectativas__eua__imoveis,full,8,6,6,110,153,147,8.591195895360725,xi_mp_3.84_10
drop_fiscal__expectativas__eua__imoveis,full,8,7,6,110,153,147,8.5078612249888,xi_mp_3.84_10
drop_fiscal__expectativas__eua__imoveis,full,8,8,6,110,153,147,11.094244696975572,xi_mp_ge_10
drop_fiscal__expectativas__eua__imoveis,pre_covid,5,3,6,110,84,78,4.712546037597989,xi_mp_3.84_10
drop_fiscal__expectativas__eua__imoveis,pre_covid,5,4,6,110,84,78,5.3469932645040545,xi_mp_3.84_10
drop_fiscal__expectativas__eua__imoveis,pre_covid,5,5,6,110,84,78,5.795050369882424,xi_mp_3.84_10
drop_fiscal__expectativas__eua__imoveis,pre_covid,6,3,6,110,84,78,5.714001288705027,xi_mp_3.84_10
drop_fiscal__expectativas__eua__imoveis,pre_covid,6,4,6,110,84,78,6.752864793137532,xi_mp_3.84_10
drop_fiscal__expectativas__eua__imoveis,pre_covid,6,5,6,110,84,78,6.778457752315694,xi_mp_3.84_10
drop_fiscal__expectativas__eua__imoveis,pre_covid,6,6,6,110,84,78,7.222816864223339,xi_mp_3.84_10
drop_fiscal__expectativas__eua__imoveis,pre_covid,7,3,6,110,84,78,5.688701280228957,xi_mp_3.84_10
drop_fiscal__expectativas__eua__imoveis,pre_covid,7,4,6,110,84,78,8.180406706058065,xi_mp_3.84_10
drop_fiscal__expectativas__eua__imoveis,pre_covid,7,5,6,110,84,78,7.383871890578413,xi_mp_3.84_10
drop_fiscal__expectativas__eua__imoveis,pre_covid,7,6,6,110,84,78,7.781782138240436,xi_mp_3.84_10
drop_fiscal__expectativas__eua__imoveis,pre_covid,7,7,6,110,84,78,8.429052554128377,xi_mp_3.84_10
drop_fiscal__expectativas__eua__imoveis,pre_covid,8,3,6,110,84,78,3.216597728330196,xi_mp_le_3.84
drop_fiscal__expectativas__eua__imoveis,pre_covid,8,4,6,110,84,78,5.857732465244584,xi_mp_3.84_10
drop_fiscal__expectativas__eua__imoveis,pre_covid,8,5,6,110,84,78,6.706730077088483,xi_mp_3.84_10
drop_fiscal__expectativas__eua__imoveis,pre_covid,8,6,6,110,84,78,5.440495383270025,xi_mp_3.84_10
drop_fiscal__expectativas__eua__imoveis,pre_covid,8,7,6,110,84,78,5.305466312168813,xi_mp_3.84_10
drop_fiscal__expectativas__eua__imoveis,pre_covid,8,8,6,110,84,78,5.107516289450254,xi_mp_3.84_10
drop_fiscal__expectativas__imoveis,full,5,3,6,115,153,147,3.0461895585308256,xi_mp_le_3.84
drop_fiscal__expectativas__imoveis,full,5,4,6,115,153,147,4.6607448149268516,xi_mp_3.84_10
drop_fiscal__expectativas__imoveis,full,5,5,6,115,153,147,5.270980091216879,xi_mp_3.84_10
drop_fiscal__expectativas__imoveis,full,6,3,6,115,153,147,2.7964631600097496,xi_mp_le_3.84
drop_fiscal__expectativas__imoveis,full,6,4,6,115,153,147,4.5033325728512885,xi_mp_3.84_10
drop_fiscal__expectativas__imoveis,full,6,5,6,115,153,147,4.664900519064601,xi_mp_3.84_10
drop_fiscal__expectativas__imoveis,full,6,6,6,115,153,147,6.083555927048104,xi_mp_3.84_10
drop_fiscal__expectativas__imoveis,full,7,3,6,115,153,147,5.896251301850391,xi_mp_3.84_10
drop_fiscal__expectativas__imoveis,full,7,4,6,115,153,147,4.875189628121574,xi_mp_3.84_10
drop_fiscal__expectativas__imoveis,full,7,5,6,115,153,147,5.06023913450613,xi_mp_3.84_10
drop_fiscal__expectativas__imoveis,full,7,6,6,115,153,147,5.378092199012676,xi_mp_3.84_10
drop_fiscal__expectativas__imoveis,full,7,7,6,115,153,147,8.440750184264914,xi_mp_3.84_10
drop_fiscal__expectativas__imoveis,full,8,3,6,115,153,147,5.926529758964942,xi_mp_3.84_10
drop_fiscal__expectativas__imoveis,full,8,4,6,115,153,147,5.961238308310858,xi_mp_3.84_10
drop_fiscal__expectativas__imoveis,full,8,5,6,115,153,147,6.252844753701596,xi_mp_3.84_10
drop_fiscal__expectativas__imoveis,full,8,6,6,115,153,147,6.246440876456386,xi_mp_3.84_10
drop_fiscal__expectativas__imoveis,full,8,7,6,115,153,147,6.189221938860228,xi_mp_3.84_10
drop_fiscal__expectativas__imoveis,full,8,8,6,115,153,147,8.704515478404854,xi_mp_3.84_10
drop_fiscal__expectativas__imoveis,pre_covid,5,3,6,115,84,78,5.860512738197983,xi_mp_3.84_10
drop_fiscal__expectativas__imoveis,pre_covid,5,4,6,115,84,78,5.832572199707278,xi_mp_3.84_10
drop_fiscal__expectativas__imoveis,pre_covid,5,5,6,115,84,78,5.520584091667372,xi_mp_3.84_10
drop_fiscal__expectativas__imoveis,pre_covid,6,3,6,115,84,78,5.696635369553578,xi_mp_3.84_10
drop_fiscal__expectativas__imoveis,pre_covid,6,4,6,115,84,78,7.8350153578332975,xi_mp_3.84_10
drop_fiscal__expectativas__imoveis,pre_covid,6,5,6,115,84,78,8.072441622551722,xi_mp_3.84_10
drop_fiscal__expectativas__imoveis,pre_covid,6,6,6,115,84,78,7.376647461817349,xi_mp_3.84_10
drop_fiscal__expectativas__imoveis,pre_covid,7,3,6,115,84,78,2.209690781190847,xi_mp_le_3.84
drop_fiscal__expectativas__imoveis,pre_covid,7,4,6,115,84,78,8.12573202502642,xi_mp_3.84_10
drop_fiscal__expectativas__imoveis,pre_covid,7,5,6,115,84,78,10.584336329393363,xi_mp_ge_10
drop_fiscal__expectativas__imoveis,pre_covid,7,6,6,115,84,78,10.646562837961142,xi_mp_ge_10
drop_fiscal__expectativas__imoveis,pre_covid,7,7,6,115,84,78,9.93954131968211,xi_mp_3.84_10
drop_fiscal__expectativas__imoveis,pre_covid,8,3,6,115,84,78,0.4090256471962165,xi_mp_le_3.84
drop_fiscal__expectativas__imoveis,pre_covid,8,4,6,115,84,78,0.26977849907887025,xi_mp_le_3.84
drop_fiscal__expectativas__imoveis,pre_covid,8,5,6,115,84,78,0.17937226698700867,xi_mp_le_3.84
drop_fiscal__expectativas__imoveis,pre_covid,8,6,6,115,84,78,4.722392527163742,xi_mp_3.84_10
drop_fiscal__expectativas__imoveis,pre_covid,8,7,6,115,84,78,5.158559996862857,xi_mp_3.84_10
drop_fiscal__expectativas__imoveis,pre_covid,8,8,6,115,84,78,5.23499574338034,xi_mp_3.84_10
drop_fiscal__imoveis,full,5,3,6,119,153,147,3.5965010560056743,xi_mp_le_3.84
drop_fiscal__imoveis,full,5,4,6,119,153,147,5.154471259009924,xi_mp_3.84_10
drop_fiscal__imoveis,full,5,5,6,119,153,147,5.488640668434204,xi_mp_3.84_10
drop_fiscal__imoveis,full,6,3,6,119,153,147,5.329180806612465,xi_mp_3.84_10
drop_fiscal__imoveis,full,6,4,6,119,153,147,4.635898541563416,xi_mp_3.84_10
drop_fiscal__imoveis,full,6,5,6,119,153,147,4.7095233010940145,xi_mp_3.84_10
drop_fiscal__imoveis,full,6,6,6,119,153,147,6.247357781171681,xi_mp_3.84_10
drop_fiscal__imoveis,full,7,3,6,119,153,147,6.855296837220406,xi_mp_3.84_10
drop_fiscal__imoveis,full,7,4,6,119,153,147,4.992484179915217,xi_mp_3.84_10
drop_fiscal__imoveis,full,7,5,6,119,153,147,5.197893099318803,xi_mp_3.84_10
drop_fiscal__imoveis,full,7,6,6,119,153,147,5.34887261498499,xi_mp_3.84_10
drop_fiscal__imoveis,full,7,7,6,119,153,147,7.609074578440346,xi_mp_3.84_10
drop_fiscal__imoveis,full,8,3,6,119,153,147,6.05190377623073,xi_mp_3.84_10
drop_fiscal__imoveis,full,8,4,6,119,153,147,6.000367403992451,xi_mp_3.84_10
drop_fiscal__imoveis,full,8,5,6,119,153,147,6.061264675225128,xi_mp_3.84_10
drop_fiscal__imoveis,full,8,6,6,119,153,147,6.328399315684996,xi_mp_3.84_10
drop_fiscal__imoveis,full,8,7,6,119,153,147,6.437897031860286,xi_mp_3.84_10
drop_fiscal__imoveis,full,8,8,6,119,153,147,8.17849395051811,xi_mp_3.84_10
drop_fiscal__imoveis,pre_covid,5,3,6,119,84,78,8.240848310635897,xi_mp_3.84_10
drop_fiscal__imoveis,pre_covid,5,4,6,119,84,78,8.794433984122527,xi_mp_3.84_10
drop_fiscal__imoveis,pre_covid,5,5,6,119,84,78,8.667394119837917,xi_mp_3.84_10
drop_fiscal__imoveis,pre_covid,6,3,6,119,84,78,5.519778131347039,xi_mp_3.84_10
drop_fiscal__imoveis,pre_covid,6,4,6,119,84,78,8.130658077701733,xi_mp_3.84_10
drop_fiscal__imoveis,pre_covid,6,5,6,119,84,78,8.157742151319024,xi_mp_3.84_10
drop_fiscal__imoveis,pre_covid,6,6,6,119,84,78,8.056736341047097,xi_mp_3.84_10
drop_fiscal__imoveis,pre_covid,7,3,6,119,84,78,2.2525570235624857,xi_mp_le_3.84
drop_fiscal__imoveis,pre_covid,7,4,6,119,84,78,9.901645404219376,xi_mp_3.84_10
drop_fiscal__imoveis,pre_covid,7,5,6,119,84,78,14.03512818864208,xi_mp_ge_10
drop_fiscal__imoveis,pre_covid,7,6,6,119,84,78,13.645141592256467,xi_mp_ge_10
drop_fiscal__imoveis,pre_covid,7,7,6,119,84,78,14.485395517983951,xi_mp_ge_10
drop_fiscal__imoveis,pre_covid,8,3,6,119,84,78,1.8857694829615863,xi_mp_le_3.84
drop_fiscal__imoveis,pre_covid,8,4,6,119,84,78,1.9376883652983903,xi_mp_le_3.84
drop_fiscal__imoveis,pre_covid,8,5,6,119,84,78,12.965492042677623,xi_mp_ge_10
drop_fiscal__imoveis,pre_covid,8,6,6,119,84,78,13.451375388920482,xi_mp_ge_10
drop_fiscal__imoveis,pre_covid,8,7,6,119,84,78,11.753978376144284,xi_mp_ge_10
drop_fiscal__imoveis,pre_covid,8,8,6,119,84,78,11.753443686753869,xi_mp_ge_10
drop_fiscal__setor_externo,full,5,3,6,116,153,147,3.3631333733195423,xi_mp_le_3.84
drop_fiscal__setor_externo,full,5,4,6,116,153,147,4.980451664396129,xi_mp_3.84_10
drop_fiscal__setor_externo,full,5,5,6,116,153,147,5.294686785592448,xi_mp_3.84_10
drop_fiscal__setor_externo,full,6,3,6,116,153,147,2.779703009257783,xi_mp_le_3.84
drop_fiscal__setor_externo,full,6,4,6,116,153,147,4.830338025862305,xi_mp_3.84_10
drop_fiscal__setor_externo,full,6,5,6,116,153,147,4.900322130038473,xi_mp_3.84_10
drop_fiscal__setor_externo,full,6,6,6,116,153,147,6.1484891757767475,xi_mp_3.84_10
drop_fiscal__setor_externo,full,7,3,6,116,153,147,6.419420905997078,xi_mp_3.84_10
drop_fiscal__setor_externo,full,7,4,6,116,153,147,5.520134080355683,xi_mp_3.84_10
drop_fiscal__setor_externo,full,7,5,6,116,153,147,5.6519218912074924,xi_mp_3.84_10
drop_fiscal__setor_externo,full,7,6,6,116,153,147,5.69878111681827,xi_mp_3.84_10
drop_fiscal__setor_externo,full,7,7,6,116,153,147,7.128875996712257,xi_mp_3.84_10
drop_fiscal__setor_externo,full,8,3,6,116,153,147,5.844120626972151,xi_mp_3.84_10
drop_fiscal__setor_externo,full,8,4,6,116,153,147,6.280990853027233,xi_mp_3.84_10
drop_fiscal__setor_externo,full,8,5,6,116,153,147,6.247740547433994,xi_mp_3.84_10
drop_fiscal__setor_externo,full,8,6,6,116,153,147,6.670252328637557,xi_mp_3.84_10
drop_fiscal__setor_externo,full,8,7,6,116,153,147,6.923147276074584,xi_mp_3.84_10
drop_fiscal__setor_externo,full,8,8,6,116,153,147,7.919061193570568,xi_mp_3.84_10
drop_fiscal__setor_externo,pre_covid,5,3,6,116,84,78,8.045697599719286,xi_mp_3.84_10
drop_fiscal__setor_externo,pre_covid,5,4,6,116,84,78,10.652409060145304,xi_mp_ge_10
drop_fiscal__setor_externo,pre_covid,5,5,6,116,84,78,9.10766257058022,xi_mp_3.84_10
drop_fiscal__setor_externo,pre_covid,6,3,6,116,84,78,4.0853944885312306,xi_mp_3.84_10
drop_fiscal__setor_externo,pre_covid,6,4,6,116,84,78,9.884566170259063,xi_mp_3.84_10
drop_fiscal__setor_externo,pre_covid,6,5,6,116,84,78,10.123707428690562,xi_mp_ge_10
drop_fiscal__setor_externo,pre_covid,6,6,6,116,84,78,8.41970599180107,xi_mp_3.84_10
drop_fiscal__setor_externo,pre_covid,7,3,6,116,84,78,0.718412779885776,xi_mp_le_3.84
drop_fiscal__setor_externo,pre_covid,7,4,6,116,84,78,0.8989032930924357,xi_mp_le_3.84
drop_fiscal__setor_externo,pre_covid,7,5,6,116,84,78,10.671505633953883,xi_mp_ge_10
drop_fiscal__setor_externo,pre_covid,7,6,6,116,84,78,10.79152889219896,xi_mp_ge_10
drop_fiscal__setor_externo,pre_covid,7,7,6,116,84,78,11.35133782952679,xi_mp_ge_10
drop_fiscal__setor_externo,pre_covid,8,3,6,116,84,78,2.4599032334495203,xi_mp_le_3.84
drop_fiscal__setor_externo,pre_covid,8,4,6,116,84,78,2.444352584144053,xi_mp_le_3.84
drop_fiscal__setor_externo,pre_covid,8,5,6,116,84,78,3.8420394259478354,xi_mp_3.84_10
drop_fiscal__setor_externo,pre_covid,8,6,6,116,84,78,7.633651204243808,xi_mp_3.84_10
drop_fiscal__setor_externo,pre_covid,8,7,6,116,84,78,6.901688500394694,xi_mp_3.84_10
drop_fiscal__setor_externo,pre_covid,8,8,6,116,84,78,8.040077934982534,xi_mp_3.84_10
drop_fiscal__setor_externo__credito,full,5,3,6,114,153,147,3.248103738042148,xi_mp_le_3.84
drop_fiscal__setor_externo__credito,full,5,4,6,114,153,147,5.268151048839161,xi_mp_3.84_10
drop_fiscal__setor_externo__credito,full,5,5,6,114,153,147,5.754054675818052,xi_mp_3.84_10
drop_fiscal__setor_externo__credito,full,6,3,6,114,153,147,2.0974416526812028,xi_mp_le_3.84
drop_fiscal__setor_externo__credito,full,6,4,6,114,153,147,4.603646988184708,xi_mp_3.84_10
drop_fiscal__setor_externo__credito,full,6,5,6,114,153,147,5.098609685194786,xi_mp_3.84_10
drop_fiscal__setor_externo__credito,full,6,6,6,114,153,147,6.81816696668498,xi_mp_3.84_10
drop_fiscal__setor_externo__credito,full,7,3,6,114,153,147,7.163169677494417,xi_mp_3.84_10
drop_fiscal__setor_externo__credito,full,7,4,6,114,153,147,5.5978354676926365,xi_mp_3.84_10
drop_fiscal__setor_externo__credito,full,7,5,6,114,153,147,5.704649353114723,xi_mp_3.84_10
drop_fiscal__setor_externo__credito,full,7,6,6,114,153,147,5.760471618604877,xi_mp_3.84_10
drop_fiscal__setor_externo__credito,full,7,7,6,114,153,147,7.650066052894933,xi_mp_3.84_10
drop_fiscal__setor_externo__credito,full,8,3,6,114,153,147,5.84975239552178,xi_mp_3.84_10
drop_fiscal__setor_externo__credito,full,8,4,6,114,153,147,6.347810689033096,xi_mp_3.84_10
drop_fiscal__setor_externo__credito,full,8,5,6,114,153,147,6.390856998540708,xi_mp_3.84_10
drop_fiscal__setor_externo__credito,full,8,6,6,114,153,147,6.754359606354246,xi_mp_3.84_10
drop_fiscal__setor_externo__credito,full,8,7,6,114,153,147,6.876164719371691,xi_mp_3.84_10
drop_fiscal__setor_externo__credito,full,8,8,6,114,153,147,8.455802873347753,xi_mp_3.84_10
drop_fiscal__setor_externo__credito,pre_covid,5,3,6,114,84,78,8.242943884113952,xi_mp_3.84_10
drop_fiscal__setor_externo__credito,pre_covid,5,4,6,114,84,78,11.515426022967853,xi_mp_ge_10
drop_fiscal__setor_externo__credito,pre_covid,5,5,6,114,84,78,9.734496210066377,xi_mp_3.84_10
drop_fiscal__setor_externo__credito,pre_covid,6,3,6,114,84,78,7.171024427440009,xi_mp_3.84_10
drop_fiscal__setor_externo__credito,pre_covid,6,4,6,114,84,78,13.247346413569197,xi_mp_ge_10
drop_fiscal__setor_externo__credito,pre_covid,6,5,6,114,84,78,13.224815344894042,xi_mp_ge_10
drop_fiscal__setor_externo__credito,pre_covid,6,6,6,114,84,78,10.886467775507626,xi_mp_ge_10
drop_fiscal__setor_externo__credito,pre_covid,7,3,6,114,84,78,3.031292569080553,xi_mp_le_3.84
drop_fiscal__setor_externo__credito,pre_covid,7,4,6,114,84,78,12.585310064688322,xi_mp_ge_10
drop_fiscal__setor_externo__credito,pre_covid,7,5,6,114,84,78,19.150301224454186,xi_mp_ge_10
drop_fiscal__setor_externo__credito,pre_covid,7,6,6,114,84,78,17.186284485751425,xi_mp_ge_10
drop_fiscal__setor_externo__credito,pre_covid,7,7,6,114,84,78,16.504016666819137,xi_mp_ge_10
drop_fiscal__setor_externo__credito,pre_covid,8,3,6,114,84,78,3.7210519874871966,xi_mp_le_3.84
drop_fiscal__setor_externo__credito,pre_covid,8,4,6,114,84,78,13.377115272067261,xi_mp_ge_10
drop_fiscal__setor_externo__credito,pre_covid,8,5,6,114,84,78,15.78551887697254,xi_mp_ge_10
drop_fiscal__setor_externo__credito,pre_covid,8,6,6,114,84,78,16.24212346457083,xi_mp_ge_10
drop_fiscal__setor_externo__credito,pre_covid,8,7,6,114,84,78,11.969593526665237,xi_mp_ge_10
drop_fiscal__setor_externo__credito,pre_covid,8,8,6,114,84,78,11.328088748013734,xi_mp_ge_10
drop_fiscal__setor_externo__credito__imoveis,full,5,3,6,113,153,147,3.5318467549992865,xi_mp_le_3.84
drop_fiscal__setor_externo__credito__imoveis,full,5,4,6,113,153,147,5.464368558510584,xi_mp_3.84_10
drop_fiscal__setor_externo__credito__imoveis,full,5,5,6,113,153,147,5.767153013088315,xi_mp_3.84_10
drop_fiscal__setor_externo__credito__imoveis,full,6,3,6,113,153,147,2.1985613273125106,xi_mp_le_3.84
drop_fiscal__setor_externo__credito__imoveis,full,6,4,6,113,153,147,4.661945752797662,xi_mp_3.84_10
drop_fiscal__setor_externo__credito__imoveis,full,6,5,6,113,153,147,5.812126513563491,xi_mp_3.84_10
drop_fiscal__setor_externo__credito__imoveis,full,6,6,6,113,153,147,7.254659003716341,xi_mp_3.84_10
drop_fiscal__setor_externo__credito__imoveis,full,7,3,6,113,153,147,6.6852940315494855,xi_mp_3.84_10
drop_fiscal__setor_externo__credito__imoveis,full,7,4,6,113,153,147,5.794502887917958,xi_mp_3.84_10
drop_fiscal__setor_externo__credito__imoveis,full,7,5,6,113,153,147,5.987775098989509,xi_mp_3.84_10
drop_fiscal__setor_externo__credito__imoveis,full,7,6,6,113,153,147,6.095020409667344,xi_mp_3.84_10
drop_fiscal__setor_externo__credito__imoveis,full,7,7,6,113,153,147,8.23595023713833,xi_mp_3.84_10
drop_fiscal__setor_externo__credito__imoveis,full,8,3,6,113,153,147,6.14191965614024,xi_mp_3.84_10
drop_fiscal__setor_externo__credito__imoveis,full,8,4,6,113,153,147,6.345076675627172,xi_mp_3.84_10
drop_fiscal__setor_externo__credito__imoveis,full,8,5,6,113,153,147,6.470507508471173,xi_mp_3.84_10
drop_fiscal__setor_externo__credito__imoveis,full,8,6,6,113,153,147,7.019371439003513,xi_mp_3.84_10
drop_fiscal__setor_externo__credito__imoveis,full,8,7,6,113,153,147,7.136626754226162,xi_mp_3.84_10
drop_fiscal__setor_externo__credito__imoveis,full,8,8,6,113,153,147,8.665831369316495,xi_mp_3.84_10
drop_fiscal__setor_externo__credito__imoveis,pre_covid,5,3,6,113,84,78,9.270641737230653,xi_mp_3.84_10
drop_fiscal__setor_externo__credito__imoveis,pre_covid,5,4,6,113,84,78,9.766883282026065,xi_mp_3.84_10
drop_fiscal__setor_externo__credito__imoveis,pre_covid,5,5,6,113,84,78,8.092895778531808,xi_mp_3.84_10
drop_fiscal__setor_externo__credito__imoveis,pre_covid,6,3,6,113,84,78,8.018719565136134,xi_mp_3.84_10
drop_fiscal__setor_externo__credito__imoveis,pre_covid,6,4,6,113,84,78,13.080967872938215,xi_mp_ge_10
drop_fiscal__setor_externo__credito__imoveis,pre_covid,6,5,6,113,84,78,12.963897627363266,xi_mp_ge_10
drop_fiscal__setor_externo__credito__imoveis,pre_covid,6,6,6,113,84,78,11.591188292602318,xi_mp_ge_10
drop_fiscal__setor_externo__credito__imoveis,pre_covid,7,3,6,113,84,78,6.099009037952915,xi_mp_3.84_10
drop_fiscal__setor_externo__credito__imoveis,pre_covid,7,4,6,113,84,78,15.611732173557838,xi_mp_ge_10
drop_fiscal__setor_externo__credito__imoveis,pre_covid,7,5,6,113,84,78,21.243444593829324,xi_mp_ge_10
drop_fiscal__setor_externo__credito__imoveis,pre_covid,7,6,6,113,84,78,19.05980883267013,xi_mp_ge_10
drop_fiscal__setor_externo__credito__imoveis,pre_covid,7,7,6,113,84,78,18.166708012389098,xi_mp_ge_10
drop_fiscal__setor_externo__credito__imoveis,pre_covid,8,3,6,113,84,78,5.281234603685272,xi_mp_3.84_10
drop_fiscal__setor_externo__credito__imoveis,pre_covid,8,4,6,113,84,78,14.68656247729035,xi_mp_ge_10
drop_fiscal__setor_externo__credito__imoveis,pre_covid,8,5,6,113,84,78,17.74575232363713,xi_mp_ge_10
drop_fiscal__setor_externo__credito__imoveis,pre_covid,8,6,6,113,84,78,17.54790473985276,xi_mp_ge_10
drop_fiscal__setor_externo__credito__imoveis,pre_covid,8,7,6,113,84,78,13.698009659382985,xi_mp_ge_10
drop_fiscal__setor_externo__credito__imoveis,pre_covid,8,8,6,113,84,78,13.170888078525529,xi_mp_ge_10
drop_fiscal__setor_externo__eua,full,5,3,6,111,153,147,3.9339971497161192,xi_mp_3.84_10
drop_fiscal__setor_externo__eua,full,5,4,6,111,153,147,5.3420411760384665,xi_mp_3.84_10
drop_fiscal__setor_externo__eua,full,5,5,6,111,153,147,5.965478908671736,xi_mp_3.84_10
drop_fiscal__setor_externo__eua,full,6,3,6,111,153,147,4.1976394266311,xi_mp_3.84_10
drop_fiscal__setor_externo__eua,full,6,4,6,111,153,147,4.816269038916647,xi_mp_3.84_10
drop_fiscal__setor_externo__eua,full,6,5,6,111,153,147,5.064094771269009,xi_mp_3.84_10
drop_fiscal__setor_externo__eua,full,6,6,6,111,153,147,6.884134659977946,xi_mp_3.84_10
drop_fiscal__setor_externo__eua,full,7,3,6,111,153,147,8.307380137926376,xi_mp_3.84_10
drop_fiscal__setor_externo__eua,full,7,4,6,111,153,147,7.111960153817378,xi_mp_3.84_10
drop_fiscal__setor_externo__eua,full,7,5,6,111,153,147,7.6862406486619985,xi_mp_3.84_10
drop_fiscal__setor_externo__eua,full,7,6,6,111,153,147,7.735655243953132,xi_mp_3.84_10
drop_fiscal__setor_externo__eua,full,7,7,6,111,153,147,8.965366400734124,xi_mp_3.84_10
drop_fiscal__setor_externo__eua,full,8,3,6,111,153,147,8.321365924777039,xi_mp_3.84_10
drop_fiscal__setor_externo__eua,full,8,4,6,111,153,147,7.8221643612097855,xi_mp_3.84_10
drop_fiscal__setor_externo__eua,full,8,5,6,111,153,147,8.286981944160754,xi_mp_3.84_10
drop_fiscal__setor_externo__eua,full,8,6,6,111,153,147,8.495821812908705,xi_mp_3.84_10
drop_fiscal__setor_externo__eua,full,8,7,6,111,153,147,8.904148096738743,xi_mp_3.84_10
drop_fiscal__setor_externo__eua,full,8,8,6,111,153,147,9.894060060460442,xi_mp_3.84_10
drop_fiscal__setor_externo__eua,pre_covid,5,3,6,111,84,78,7.4853364709055015,xi_mp_3.84_10
drop_fiscal__setor_externo__eua,pre_covid,5,4,6,111,84,78,8.145014204794506,xi_mp_3.84_10
drop_fiscal__setor_externo__eua,pre_covid,5,5,6,111,84,78,7.685134117379204,xi_mp_3.84_10
drop_fiscal__setor_externo__eua,pre_covid,6,3,6,111,84,78,4.233815560066606,xi_mp_3.84_10
drop_fiscal__setor_externo__eua,pre_covid,6,4,6,111,84,78,8.719078867862853,xi_mp_3.84_10
drop_fiscal__setor_externo__eua,pre_covid,6,5,6,111,84,78,8.61690236044008,xi_mp_3.84_10
drop_fiscal__setor_externo__eua,pre_covid,6,6,6,111,84,78,8.295825847106183,xi_mp_3.84_10
drop_fiscal__setor_externo__eua,pre_covid,7,3,6,111,84,78,2.194712217375074,xi_mp_le_3.84
drop_fiscal__setor_externo__eua,pre_covid,7,4,6,111,84,78,12.377304903194851,xi_mp_ge_10
drop_fiscal__setor_externo__eua,pre_covid,7,5,6,111,84,78,12.495178366288087,xi_mp_ge_10
drop_fiscal__setor_externo__eua,pre_covid,7,6,6,111,84,78,11.457861057386104,xi_mp_ge_10
drop_fiscal__setor_externo__eua,pre_covid,7,7,6,111,84,78,11.409150908010746,xi_mp_ge_10
drop_fiscal__setor_externo__eua,pre_covid,8,3,6,111,84,78,2.665645257840166,xi_mp_le_3.84
drop_fiscal__setor_externo__eua,pre_covid,8,4,6,111,84,78,12.56431243766765,xi_mp_ge_10
drop_fiscal__setor_externo__eua,pre_covid,8,5,6,111,84,78,13.120973836924785,xi_mp_ge_10
drop_fiscal__setor_externo__eua,pre_covid,8,6,6,111,84,78,14.152807064371808,xi_mp_ge_10
drop_fiscal__setor_externo__eua,pre_covid,8,7,6,111,84,78,13.058774227178711,xi_mp_ge_10
drop_fiscal__setor_externo__eua,pre_covid,8,8,6,111,84,78,9.863849859885885,xi_mp_3.84_10
drop_fiscal__setor_externo__eua__credito,full,5,3,6,109,153,147,3.8495926010737342,xi_mp_3.84_10
drop_fiscal__setor_externo__eua__credito,full,5,4,6,109,153,147,5.568509395505747,xi_mp_3.84_10
drop_fiscal__setor_externo__eua__credito,full,5,5,6,109,153,147,6.51184496585825,xi_mp_3.84_10
drop_fiscal__setor_externo__eua__credito,full,6,3,6,109,153,147,3.707559588740358,xi_mp_le_3.84
drop_fiscal__setor_externo__eua__credito,full,6,4,6,109,153,147,4.696351695869737,xi_mp_3.84_10
drop_fiscal__setor_externo__eua__credito,full,6,5,6,109,153,147,5.25568109712552,xi_mp_3.84_10
drop_fiscal__setor_externo__eua__credito,full,6,6,6,109,153,147,7.63490004123269,xi_mp_3.84_10
drop_fiscal__setor_externo__eua__credito,full,7,3,6,109,153,147,8.59414805141132,xi_mp_3.84_10
drop_fiscal__setor_externo__eua__credito,full,7,4,6,109,153,147,7.609066962507271,xi_mp_3.84_10
drop_fiscal__setor_externo__eua__credito,full,7,5,6,109,153,147,8.162520190331879,xi_mp_3.84_10
drop_fiscal__setor_externo__eua__credito,full,7,6,6,109,153,147,8.223573517267686,xi_mp_3.84_10
drop_fiscal__setor_externo__eua__credito,full,7,7,6,109,153,147,9.868719142145645,xi_mp_3.84_10
drop_fiscal__setor_externo__eua__credito,full,8,3,6,109,153,147,8.755196528597569,xi_mp_3.84_10
drop_fiscal__setor_externo__eua__credito,full,8,4,6,109,153,147,8.240541204877715,xi_mp_3.84_10
drop_fiscal__setor_externo__eua__credito,full,8,5,6,109,153,147,8.775012459726772,xi_mp_3.84_10
drop_fiscal__setor_externo__eua__credito,full,8,6,6,109,153,147,9.001222731685981,xi_mp_3.84_10
drop_fiscal__setor_externo__eua__credito,full,8,7,6,109,153,147,9.139070887859063,xi_mp_3.84_10
drop_fiscal__setor_externo__eua__credito,full,8,8,6,109,153,147,10.68379279242625,xi_mp_ge_10
drop_fiscal__setor_externo__eua__credito,pre_covid,5,3,6,109,84,78,7.724253961178364,xi_mp_3.84_10
drop_fiscal__setor_externo__eua__credito,pre_covid,5,4,6,109,84,78,10.233324053055123,xi_mp_ge_10
drop_fiscal__setor_externo__eua__credito,pre_covid,5,5,6,109,84,78,9.198902595203334,xi_mp_3.84_10
drop_fiscal__setor_externo__eua__credito,pre_covid,6,3,6,109,84,78,6.37903746968119,xi_mp_3.84_10
drop_fiscal__setor_externo__eua__credito,pre_covid,6,4,6,109,84,78,12.682803423011162,xi_mp_ge_10
drop_fiscal__setor_externo__eua__credito,pre_covid,6,5,6,109,84,78,12.2407682413474,xi_mp_ge_10
drop_fiscal__setor_externo__eua__credito,pre_covid,6,6,6,109,84,78,11.448572570219007,xi_mp_ge_10
drop_fiscal__setor_externo__eua__credito,pre_covid,7,3,6,109,84,78,7.495045419030524,xi_mp_3.84_10
drop_fiscal__setor_externo__eua__credito,pre_covid,7,4,6,109,84,78,18.235259352348393,xi_mp_ge_10
drop_fiscal__setor_externo__eua__credito,pre_covid,7,5,6,109,84,78,18.177758674410697,xi_mp_ge_10
drop_fiscal__setor_externo__eua__credito,pre_covid,7,6,6,109,84,78,15.627992293536174,xi_mp_ge_10
drop_fiscal__setor_externo__eua__credito,pre_covid,7,7,6,109,84,78,15.453191912687299,xi_mp_ge_10
drop_fiscal__setor_externo__eua__credito,pre_covid,8,3,6,109,84,78,7.152513615128461,xi_mp_3.84_10
drop_fiscal__setor_externo__eua__credito,pre_covid,8,4,6,109,84,78,16.387053998979244,xi_mp_ge_10
drop_fiscal__setor_externo__eua__credito,pre_covid,8,5,6,109,84,78,15.966363395407832,xi_mp_ge_10
drop_fiscal__setor_externo__eua__credito,pre_covid,8,6,6,109,84,78,15.6708628353465,xi_mp_ge_10
drop_fiscal__setor_externo__eua__credito,pre_covid,8,7,6,109,84,78,14.238278611933127,xi_mp_ge_10
drop_fiscal__setor_externo__eua__credito,pre_covid,8,8,6,109,84,78,10.711426297519276,xi_mp_ge_10
drop_fiscal__setor_externo__eua__credito__imoveis,full,5,3,6,108,153,147,4.267922516975488,xi_mp_3.84_10
drop_fiscal__setor_externo__eua__credito__imoveis,full,5,4,6,108,153,147,5.8830748060550855,xi_mp_3.84_10
drop_fiscal__setor_externo__eua__credito__imoveis,full,5,5,6,108,153,147,6.473553367154945,xi_mp_3.84_10
drop_fiscal__setor_externo__eua__credito__imoveis,full,6,3,6,108,153,147,3.8093003731908808,xi_mp_le_3.84
drop_fiscal__setor_externo__eua__credito__imoveis,full,6,4,6,108,153,147,4.58585081644609,xi_mp_3.84_10
drop_fiscal__setor_externo__eua__credito__imoveis,full,6,5,6,108,153,147,5.8122715672695815,xi_mp_3.84_10
drop_fiscal__setor_externo__eua__credito__imoveis,full,6,6,6,108,153,147,8.134517859466145,xi_mp_3.84_10
drop_fiscal__setor_externo__eua__credito__imoveis,full,7,3,6,108,153,147,9.012040181320875,xi_mp_3.84_10
drop_fiscal__setor_externo__eua__credito__imoveis,full,7,4,6,108,153,147,7.854437013055581,xi_mp_3.84_10
drop_fiscal__setor_externo__eua__credito__imoveis,full,7,5,6,108,153,147,8.476053739211796,xi_mp_3.84_10
drop_fiscal__setor_externo__eua__credito__imoveis,full,7,6,6,108,153,147,8.570896991052315,xi_mp_3.84_10
drop_fiscal__setor_externo__eua__credito__imoveis,full,7,7,6,108,153,147,10.331524491050072,xi_mp_ge_10
drop_fiscal__setor_externo__eua__credito__imoveis,full,8,3,6,108,153,147,9.093295331090376,xi_mp_3.84_10
drop_fiscal__setor_externo__eua__credito__imoveis,full,8,4,6,108,153,147,8.311443218154336,xi_mp_3.84_10
drop_fiscal__setor_externo__eua__credito__imoveis,full,8,5,6,108,153,147,8.927044364327152,xi_mp_3.84_10
drop_fiscal__setor_externo__eua__credito__imoveis,full,8,6,6,108,153,147,9.208834007733953,xi_mp_3.84_10
drop_fiscal__setor_externo__eua__credito__imoveis,full,8,7,6,108,153,147,9.366915870252761,xi_mp_3.84_10
drop_fiscal__setor_externo__eua__credito__imoveis,full,8,8,6,108,153,147,10.804385447211246,xi_mp_ge_10
drop_fiscal__setor_externo__eua__credito__imoveis,pre_covid,5,3,6,108,84,78,6.7609062227923715,xi_mp_3.84_10
drop_fiscal__setor_externo__eua__credito__imoveis,pre_covid,5,4,6,108,84,78,10.722335911208063,xi_mp_ge_10
drop_fiscal__setor_externo__eua__credito__imoveis,pre_covid,5,5,6,108,84,78,9.093894108849753,xi_mp_3.84_10
drop_fiscal__setor_externo__eua__credito__imoveis,pre_covid,6,3,6,108,84,78,7.365828267211747,xi_mp_3.84_10
drop_fiscal__setor_externo__eua__credito__imoveis,pre_covid,6,4,6,108,84,78,12.578677199916765,xi_mp_ge_10
drop_fiscal__setor_externo__eua__credito__imoveis,pre_covid,6,5,6,108,84,78,12.128549153084426,xi_mp_ge_10
drop_fiscal__setor_externo__eua__credito__imoveis,pre_covid,6,6,6,108,84,78,11.724507545140868,xi_mp_ge_10
drop_fiscal__setor_externo__eua__credito__imoveis,pre_covid,7,3,6,108,84,78,17.405267590206822,xi_mp_ge_10
drop_fiscal__setor_externo__eua__credito__imoveis,pre_covid,7,4,6,108,84,78,17.131515688554813,xi_mp_ge_10
drop_fiscal__setor_externo__eua__credito__imoveis,pre_covid,7,5,6,108,84,78,17.133750415608638,xi_mp_ge_10
drop_fiscal__setor_externo__eua__credito__imoveis,pre_covid,7,6,6,108,84,78,15.486070153065537,xi_mp_ge_10
drop_fiscal__setor_externo__eua__credito__imoveis,pre_covid,7,7,6,108,84,78,15.392730365408674,xi_mp_ge_10
drop_fiscal__setor_externo__eua__credito__imoveis,pre_covid,8,3,6,108,84,78,7.231592927950734,xi_mp_3.84_10
drop_fiscal__setor_externo__eua__credito__imoveis,pre_covid,8,4,6,108,84,78,11.230962750777616,xi_mp_ge_10
drop_fiscal__setor_externo__eua__credito__imoveis,pre_covid,8,5,6,108,84,78,10.825319687173609,xi_mp_ge_10
drop_fiscal__setor_externo__eua__credito__imoveis,pre_covid,8,6,6,108,84,78,10.467294274058403,xi_mp_ge_10
drop_fiscal__setor_externo__eua__credito__imoveis,pre_covid,8,7,6,108,84,78,10.202037423290642,xi_mp_ge_10
drop_fiscal__setor_externo__eua__credito__imoveis,pre_covid,8,8,6,108,84,78,8.822361629999293,xi_mp_3.84_10
drop_fiscal__setor_externo__eua__imoveis,full,5,3,6,110,153,147,4.378409448783368,xi_mp_3.84_10
drop_fiscal__setor_externo__eua__imoveis,full,5,4,6,110,153,147,5.630708948246873,xi_mp_3.84_10
drop_fiscal__setor_externo__eua__imoveis,full,5,5,6,110,153,147,6.00505252760744,xi_mp_3.84_10
drop_fiscal__setor_externo__eua__imoveis,full,6,3,6,110,153,147,4.17149571055838,xi_mp_3.84_10
drop_fiscal__setor_externo__eua__imoveis,full,6,4,6,110,153,147,4.588947621585681,xi_mp_3.84_10
drop_fiscal__setor_externo__eua__imoveis,full,6,5,6,110,153,147,5.174741329869876,xi_mp_3.84_10
drop_fiscal__setor_externo__eua__imoveis,full,6,6,6,110,153,147,7.37941246215635,xi_mp_3.84_10
drop_fiscal__setor_externo__eua__imoveis,full,7,3,6,110,153,147,8.561575250701491,xi_mp_3.84_10
drop_fiscal__setor_externo__eua__imoveis,full,7,4,6,110,153,147,7.3045688918400575,xi_mp_3.84_10
drop_fiscal__setor_externo__eua__imoveis,full,7,5,6,110,153,147,7.891404770738307,xi_mp_3.84_10
drop_fiscal__setor_externo__eua__imoveis,full,7,6,6,110,153,147,7.9671290371769246,xi_mp_3.84_10
drop_fiscal__setor_externo__eua__imoveis,full,7,7,6,110,153,147,9.393231670200315,xi_mp_3.84_10
drop_fiscal__setor_externo__eua__imoveis,full,8,3,6,110,153,147,8.527833243561416,xi_mp_3.84_10
drop_fiscal__setor_externo__eua__imoveis,full,8,4,6,110,153,147,7.86745576623952,xi_mp_3.84_10
drop_fiscal__setor_externo__eua__imoveis,full,8,5,6,110,153,147,8.357897650037748,xi_mp_3.84_10
drop_fiscal__setor_externo__eua__imoveis,full,8,6,6,110,153,147,8.507952896666506,xi_mp_3.84_10
drop_fiscal__setor_externo__eua__imoveis,full,8,7,6,110,153,147,9.041807515300773,xi_mp_3.84_10
drop_fiscal__setor_externo__eua__imoveis,full,8,8,6,110,153,147,9.917480917908096,xi_mp_3.84_10
drop_fiscal__setor_externo__eua__imoveis,pre_covid,5,3,6,110,84,78,6.231230315375302,xi_mp_3.84_10
drop_fiscal__setor_externo__eua__imoveis,pre_covid,5,4,6,110,84,78,6.382682231970641,xi_mp_3.84_10
drop_fiscal__setor_externo__eua__imoveis,pre_covid,5,5,6,110,84,78,6.623269608748162,xi_mp_3.84_10
drop_fiscal__setor_externo__eua__imoveis,pre_covid,6,3,6,110,84,78,4.035181639987652,xi_mp_3.84_10
drop_fiscal__setor_externo__eua__imoveis,pre_covid,6,4,6,110,84,78,8.588358414461798,xi_mp_3.84_10
drop_fiscal__setor_externo__eua__imoveis,pre_covid,6,5,6,110,84,78,8.545163534631834,xi_mp_3.84_10
drop_fiscal__setor_externo__eua__imoveis,pre_covid,6,6,6,110,84,78,8.51791182367272,xi_mp_3.84_10
drop_fiscal__setor_externo__eua__imoveis,pre_covid,7,3,6,110,84,78,1.8353383292058196,xi_mp_le_3.84
drop_fiscal__setor_externo__eua__imoveis,pre_covid,7,4,6,110,84,78,11.527674287827178,xi_mp_ge_10
drop_fiscal__setor_externo__eua__imoveis,pre_covid,7,5,6,110,84,78,11.711053716034426,xi_mp_ge_10
drop_fiscal__setor_externo__eua__imoveis,pre_covid,7,6,6,110,84,78,11.353978577235022,xi_mp_ge_10
drop_fiscal__setor_externo__eua__imoveis,pre_covid,7,7,6,110,84,78,11.536089864595713,xi_mp_ge_10
drop_fiscal__setor_externo__eua__imoveis,pre_covid,8,3,6,110,84,78,1.9107195567100126,xi_mp_le_3.84
drop_fiscal__setor_externo__eua__imoveis,pre_covid,8,4,6,110,84,78,11.96761033081026,xi_mp_ge_10
drop_fiscal__setor_externo__eua__imoveis,pre_covid,8,5,6,110,84,78,12.727566070094687,xi_mp_ge_10
drop_fiscal__setor_externo__eua__imoveis,pre_covid,8,6,6,110,84,78,13.218545184274246,xi_mp_ge_10
drop_fiscal__setor_externo__eua__imoveis,pre_covid,8,7,6,110,84,78,10.69522901411588,xi_mp_ge_10
drop_fiscal__setor_externo__eua__imoveis,pre_covid,8,8,6,110,84,78,9.68875306077169,xi_mp_3.84_10
drop_fiscal__setor_externo__expectativas,full,5,3,6,112,153,147,2.9599282774908238,xi_mp_le_3.84
drop_fiscal__setor_externo__expectativas,full,5,4,6,112,153,147,4.459198650407643,xi_mp_3.84_10
drop_fiscal__setor_externo__expectativas,full,5,5,6,112,153,147,5.091930241586085,xi_mp_3.84_10
drop_fiscal__setor_externo__expectativas,full,6,3,6,112,153,147,3.0348643928379433,xi_mp_le_3.84
drop_fiscal__setor_externo__expectativas,full,6,4,6,112,153,147,4.711326213064878,xi_mp_3.84_10
drop_fiscal__setor_externo__expectativas,full,6,5,6,112,153,147,4.815137289493976,xi_mp_3.84_10
drop_fiscal__setor_externo__expectativas,full,6,6,6,112,153,147,5.986185037297614,xi_mp_3.84_10
drop_fiscal__setor_externo__expectativas,full,7,3,6,112,153,147,3.613596189202202,xi_mp_le_3.84
drop_fiscal__setor_externo__expectativas,full,7,4,6,112,153,147,5.390725860039158,xi_mp_3.84_10
drop_fiscal__setor_externo__expectativas,full,7,5,6,112,153,147,5.537486825012103,xi_mp_3.84_10
drop_fiscal__setor_externo__expectativas,full,7,6,6,112,153,147,5.620522979168789,xi_mp_3.84_10
drop_fiscal__setor_externo__expectativas,full,7,7,6,112,153,147,7.772512789290494,xi_mp_3.84_10
drop_fiscal__setor_externo__expectativas,full,8,3,6,112,153,147,5.468233190550656,xi_mp_3.84_10
drop_fiscal__setor_externo__expectativas,full,8,4,6,112,153,147,5.9507552502683625,xi_mp_3.84_10
drop_fiscal__setor_externo__expectativas,full,8,5,6,112,153,147,6.194227627872797,xi_mp_3.84_10
drop_fiscal__setor_externo__expectativas,full,8,6,6,112,153,147,6.222206875825785,xi_mp_3.84_10
drop_fiscal__setor_externo__expectativas,full,8,7,6,112,153,147,6.539665541286116,xi_mp_3.84_10
drop_fiscal__setor_externo__expectativas,full,8,8,6,112,153,147,8.145269289624377,xi_mp_3.84_10
drop_fiscal__setor_externo__expectativas,pre_covid,5,3,6,112,84,78,6.180091743415275,xi_mp_3.84_10
drop_fiscal__setor_externo__expectativas,pre_covid,5,4,6,112,84,78,7.1323605489904365,xi_mp_3.84_10
drop_fiscal__setor_externo__expectativas,pre_covid,5,5,6,112,84,78,5.62669275356083,xi_mp_3.84_10
drop_fiscal__setor_externo__expectativas,pre_covid,6,3,6,112,84,78,4.210759175932356,xi_mp_3.84_10
drop_fiscal__setor_externo__expectativas,pre_covid,6,4,6,112,84,78,8.367366114121577,xi_mp_3.84_10
drop_fiscal__setor_externo__expectativas,pre_covid,6,5,6,112,84,78,10.884034377971712,xi_mp_ge_10
drop_fiscal__setor_externo__expectativas,pre_covid,6,6,6,112,84,78,7.343516626942279,xi_mp_3.84_10
drop_fiscal__setor_externo__expectativas,pre_covid,7,3,6,112,84,78,0.6308841770643575,xi_mp_le_3.84
drop_fiscal__setor_externo__expectativas,pre_covid,7,4,6,112,84,78,0.8465943558635832,xi_mp_le_3.84
drop_fiscal__setor_externo__expectativas,pre_covid,7,5,6,112,84,78,5.799898779226111,xi_mp_3.84_10
drop_fiscal__setor_externo__expectativas,pre_covid,7,6,6,112,84,78,7.937723025166525,xi_mp_3.84_10
drop_fiscal__setor_externo__expectativas,pre_covid,7,7,6,112,84,78,6.543805542286748,xi_mp_3.84_10
drop_fiscal__setor_externo__expectativas,pre_covid,8,3,6,112,84,78,0.678011262255014,xi_mp_le_3.84
drop_fiscal__setor_externo__expectativas,pre_covid,8,4,6,112,84,78,0.42553109476395046,xi_mp_le_3.84
drop_fiscal__setor_externo__expectativas,pre_covid,8,5,6,112,84,78,0.5479192259985177,xi_mp_le_3.84
drop_fiscal__setor_externo__expectativas,pre_covid,8,6,6,112,84,78,1.955237171200836,xi_mp_le_3.84
drop_fiscal__setor_externo__expectativas,pre_covid,8,7,6,112,84,78,4.70111832681674,xi_mp_3.84_10
drop_fiscal__setor_externo__expectativas,pre_covid,8,8,6,112,84,78,5.072105805508565,xi_mp_3.84_10
drop_fiscal__setor_externo__expectativas__credito,full,5,3,6,110,153,147,2.756753272185424,xi_mp_le_3.84
drop_fiscal__setor_externo__expectativas__credito,full,5,4,6,110,153,147,4.4497250370008254,xi_mp_3.84_10
drop_fiscal__setor_externo__expectativas__credito,full,5,5,6,110,153,147,5.50119066534744,xi_mp_3.84_10
drop_fiscal__setor_externo__expectativas__credito,full,6,3,6,110,153,147,2.3407461034803334,xi_mp_le_3.84
drop_fiscal__setor_externo__expectativas__credito,full,6,4,6,110,153,147,4.509719404215673,xi_mp_3.84_10
drop_fiscal__setor_externo__expectativas__credito,full,6,5,6,110,153,147,4.801347830600693,xi_mp_3.84_10
drop_fiscal__setor_externo__expectativas__credito,full,6,6,6,110,153,147,6.744926755182073,xi_mp_3.84_10
drop_fiscal__setor_externo__expectativas__credito,full,7,3,6,110,153,147,1.3198995338403552,xi_mp_le_3.84
drop_fiscal__setor_externo__expectativas__credito,full,7,4,6,110,153,147,5.447135205713546,xi_mp_3.84_10
drop_fiscal__setor_externo__expectativas__credito,full,7,5,6,110,153,147,5.610269429673985,xi_mp_3.84_10
drop_fiscal__setor_externo__expectativas__credito,full,7,6,6,110,153,147,5.6829380460706345,xi_mp_3.84_10
drop_fiscal__setor_externo__expectativas__credito,full,7,7,6,110,153,147,8.32626242814163,xi_mp_3.84_10
drop_fiscal__setor_externo__expectativas__credito,full,8,3,6,110,153,147,5.582846686046541,xi_mp_3.84_10
drop_fiscal__setor_externo__expectativas__credito,full,8,4,6,110,153,147,6.253065914309446,xi_mp_3.84_10
drop_fiscal__setor_externo__expectativas__credito,full,8,5,6,110,153,147,6.43032652029925,xi_mp_3.84_10
drop_fiscal__setor_externo__expectativas__credito,full,8,6,6,110,153,147,6.351309988147333,xi_mp_3.84_10
drop_fiscal__setor_externo__expectativas__credito,full,8,7,6,110,153,147,6.60013476801225,xi_mp_3.84_10
drop_fiscal__setor_externo__expectativas__credito,full,8,8,6,110,153,147,8.8324058301793,xi_mp_3.84_10
drop_fiscal__setor_externo__expectativas__credito,pre_covid,5,3,6,110,84,78,7.695424703120529,xi_mp_3.84_10
drop_fiscal__setor_externo__expectativas__credito,pre_covid,5,4,6,110,84,78,8.829658942993465,xi_mp_3.84_10
drop_fiscal__setor_externo__expectativas__credito,pre_covid,5,5,6,110,84,78,7.532595290336893,xi_mp_3.84_10
drop_fiscal__setor_externo__expectativas__credito,pre_covid,6,3,6,110,84,78,5.003135631724242,xi_mp_3.84_10
drop_fiscal__setor_externo__expectativas__credito,pre_covid,6,4,6,110,84,78,11.126884473455105,xi_mp_ge_10
drop_fiscal__setor_externo__expectativas__credito,pre_covid,6,5,6,110,84,78,11.381432556946956,xi_mp_ge_10
drop_fiscal__setor_externo__expectativas__credito,pre_covid,6,6,6,110,84,78,9.185131400339111,xi_mp_3.84_10
drop_fiscal__setor_externo__expectativas__credito,pre_covid,7,3,6,110,84,78,1.3014553870086734,xi_mp_le_3.84
drop_fiscal__setor_externo__expectativas__credito,pre_covid,7,4,6,110,84,78,2.9314674683965958,xi_mp_le_3.84
drop_fiscal__setor_externo__expectativas__credito,pre_covid,7,5,6,110,84,78,12.172126350709613,xi_mp_ge_10
drop_fiscal__setor_externo__expectativas__credito,pre_covid,7,6,6,110,84,78,9.150279266527733,xi_mp_3.84_10
drop_fiscal__setor_externo__expectativas__credito,pre_covid,7,7,6,110,84,78,10.338426771956536,xi_mp_ge_10
drop_fiscal__setor_externo__expectativas__credito,pre_covid,8,3,6,110,84,78,2.578871836141463,xi_mp_le_3.84
drop_fiscal__setor_externo__expectativas__credito,pre_covid,8,4,6,110,84,78,3.1731653826075967,xi_mp_le_3.84
drop_fiscal__setor_externo__expectativas__credito,pre_covid,8,5,6,110,84,78,2.676654149653889,xi_mp_le_3.84
drop_fiscal__setor_externo__expectativas__credito,pre_covid,8,6,6,110,84,78,3.5896408099127632,xi_mp_le_3.84
drop_fiscal__setor_externo__expectativas__credito,pre_covid,8,7,6,110,84,78,8.207742392589441,xi_mp_3.84_10
drop_fiscal__setor_externo__expectativas__credito,pre_covid,8,8,6,110,84,78,8.349331085205508,xi_mp_3.84_10
drop_fiscal__setor_externo__expectativas__credito__imoveis,full,5,3,6,109,153,147,2.8579512775964555,xi_mp_le_3.84
drop_fiscal__setor_externo__expectativas__credito__imoveis,full,5,4,6,109,153,147,4.806106871035249,xi_mp_3.84_10
drop_fiscal__setor_externo__expectativas__credito__imoveis,full,5,5,6,109,153,147,5.469200476916761,xi_mp_3.84_10
drop_fiscal__setor_externo__expectativas__credito__imoveis,full,6,3,6,109,153,147,2.5706288913547075,xi_mp_le_3.84
drop_fiscal__setor_externo__expectativas__credito__imoveis,full,6,4,6,109,153,147,4.676135737938988,xi_mp_3.84_10
drop_fiscal__setor_externo__expectativas__credito__imoveis,full,6,5,6,109,153,147,5.0646320302543195,xi_mp_3.84_10
drop_fiscal__setor_externo__expectativas__credito__imoveis,full,6,6,6,109,153,147,7.048649184930522,xi_mp_3.84_10
drop_fiscal__setor_externo__expectativas__credito__imoveis,full,7,3,6,109,153,147,1.5955312278059115,xi_mp_le_3.84
drop_fiscal__setor_externo__expectativas__credito__imoveis,full,7,4,6,109,153,147,5.580522287328993,xi_mp_3.84_10
drop_fiscal__setor_externo__expectativas__credito__imoveis,full,7,5,6,109,153,147,5.878045995952553,xi_mp_3.84_10
drop_fiscal__setor_externo__expectativas__credito__imoveis,full,7,6,6,109,153,147,6.044572794376299,xi_mp_3.84_10
drop_fiscal__setor_externo__expectativas__credito__imoveis,full,7,7,6,109,153,147,9.208740322498008,xi_mp_3.84_10
drop_fiscal__setor_externo__expectativas__credito__imoveis,full,8,3,6,109,153,147,5.940621073596172,xi_mp_3.84_10
drop_fiscal__setor_externo__expectativas__credito__imoveis,full,8,4,6,109,153,147,6.358388111779605,xi_mp_3.84_10
drop_fiscal__setor_externo__expectativas__credito__imoveis,full,8,5,6,109,153,147,6.700670085418554,xi_mp_3.84_10
drop_fiscal__setor_externo__expectativas__credito__imoveis,full,8,6,6,109,153,147,6.605941643736357,xi_mp_3.84_10
drop_fiscal__setor_externo__expectativas__credito__imoveis,full,8,7,6,109,153,147,6.9085289842997515,xi_mp_3.84_10
drop_fiscal__setor_externo__expectativas__credito__imoveis,full,8,8,6,109,153,147,9.373770471990083,xi_mp_3.84_10
drop_fiscal__setor_externo__expectativas__credito__imoveis,pre_covid,5,3,6,109,84,78,6.143342002547636,xi_mp_3.84_10
drop_fiscal__setor_externo__expectativas__credito__imoveis,pre_covid,5,4,6,109,84,78,6.033360717887511,xi_mp_3.84_10
drop_fiscal__setor_externo__expectativas__credito__imoveis,pre_covid,5,5,6,109,84,78,4.75599802325087,xi_mp_3.84_10
drop_fiscal__setor_externo__expectativas__credito__imoveis,pre_covid,6,3,6,109,84,78,5.6456429278337685,xi_mp_3.84_10
drop_fiscal__setor_externo__expectativas__credito__imoveis,pre_covid,6,4,6,109,84,78,11.244360186180897,xi_mp_ge_10
drop_fiscal__setor_externo__expectativas__credito__imoveis,pre_covid,6,5,6,109,84,78,10.336202504058976,xi_mp_ge_10
drop_fiscal__setor_externo__expectativas__credito__imoveis,pre_covid,6,6,6,109,84,78,9.570424606140897,xi_mp_3.84_10
drop_fiscal__setor_externo__expectativas__credito__imoveis,pre_covid,7,3,6,109,84,78,2.2043995466726303,xi_mp_le_3.84
drop_fiscal__setor_externo__expectativas__credito__imoveis,pre_covid,7,4,6,109,84,78,7.287056954987505,xi_mp_3.84_10
drop_fiscal__setor_externo__expectativas__credito__imoveis,pre_covid,7,5,6,109,84,78,12.012364718417544,xi_mp_ge_10
drop_fiscal__setor_externo__expectativas__credito__imoveis,pre_covid,7,6,6,109,84,78,10.502495205317908,xi_mp_ge_10
drop_fiscal__setor_externo__expectativas__credito__imoveis,pre_covid,7,7,6,109,84,78,10.72670532637897,xi_mp_ge_10
drop_fiscal__setor_externo__expectativas__credito__imoveis,pre_covid,8,3,6,109,84,78,0.8273567156314008,xi_mp_le_3.84
drop_fiscal__setor_externo__expectativas__credito__imoveis,pre_covid,8,4,6,109,84,78,0.9177379810102403,xi_mp_le_3.84
drop_fiscal__setor_externo__expectativas__credito__imoveis,pre_covid,8,5,6,109,84,78,10.111016614188276,xi_mp_ge_10
drop_fiscal__setor_externo__expectativas__credito__imoveis,pre_covid,8,6,6,109,84,78,8.930425169874342,xi_mp_3.84_10
drop_fiscal__setor_externo__expectativas__credito__imoveis,pre_covid,8,7,6,109,84,78,6.684278477546603,xi_mp_3.84_10
drop_fiscal__setor_externo__expectativas__credito__imoveis,pre_covid,8,8,6,109,84,78,6.876605709346088,xi_mp_3.84_10
drop_fiscal__setor_externo__expectativas__eua,full,5,3,6,107,153,147,3.27300164387994,xi_mp_le_3.84
drop_fiscal__setor_externo__expectativas__eua,full,5,4,6,107,153,147,4.637379294399318,xi_mp_3.84_10
drop_fiscal__setor_externo__expectativas__eua,full,5,5,6,107,153,147,5.781725679969354,xi_mp_3.84_10
drop_fiscal__setor_externo__expectativas__eua,full,6,3,6,107,153,147,2.7241959256084916,xi_mp_le_3.84
drop_fiscal__setor_externo__expectativas__eua,full,6,4,6,107,153,147,4.782176670250072,xi_mp_3.84_10
drop_fiscal__setor_externo__expectativas__eua,full,6,5,6,107,153,147,5.0228849841381535,xi_mp_3.84_10
drop_fiscal__setor_externo__expectativas__eua,full,6,6,6,107,153,147,6.699498403568742,xi_mp_3.84_10
drop_fiscal__setor_externo__expectativas__eua,full,7,3,6,107,153,147,7.857548385775234,xi_mp_3.84_10
drop_fiscal__setor_externo__expectativas__eua,full,7,4,6,107,153,147,6.7464848311438175,xi_mp_3.84_10
drop_fiscal__setor_externo__expectativas__eua,full,7,5,6,107,153,147,7.461760357753895,xi_mp_3.84_10
drop_fiscal__setor_externo__expectativas__eua,full,7,6,6,107,153,147,7.510984821414359,xi_mp_3.84_10
drop_fiscal__setor_externo__expectativas__eua,full,7,7,6,107,153,147,9.726831094044902,xi_mp_3.84_10
drop_fiscal__setor_externo__expectativas__eua,full,8,3,6,107,153,147,7.2284353712597245,xi_mp_3.84_10
drop_fiscal__setor_externo__expectativas__eua,full,8,4,6,107,153,147,7.0994743018090904,xi_mp_3.84_10
drop_fiscal__setor_externo__expectativas__eua,full,8,5,6,107,153,147,8.023669729665738,xi_mp_3.84_10
drop_fiscal__setor_externo__expectativas__eua,full,8,6,6,107,153,147,7.913531853400839,xi_mp_3.84_10
drop_fiscal__setor_externo__expectativas__eua,full,8,7,6,107,153,147,8.477458196353943,xi_mp_3.84_10
drop_fiscal__setor_externo__expectativas__eua,full,8,8,6,107,153,147,10.230124092085,xi_mp_ge_10
drop_fiscal__setor_externo__expectativas__eua,pre_covid,5,3,6,107,84,78,4.566976547758005,xi_mp_3.84_10
drop_fiscal__setor_externo__expectativas__eua,pre_covid,5,4,6,107,84,78,6.056004593890114,xi_mp_3.84_10
drop_fiscal__setor_externo__expectativas__eua,pre_covid,5,5,6,107,84,78,5.899134597069424,xi_mp_3.84_10
drop_fiscal__setor_externo__expectativas__eua,pre_covid,6,3,6,107,84,78,4.940541269982475,xi_mp_3.84_10
drop_fiscal__setor_externo__expectativas__eua,pre_covid,6,4,6,107,84,78,7.8697000545528315,xi_mp_3.84_10
drop_fiscal__setor_externo__expectativas__eua,pre_covid,6,5,6,107,84,78,8.18345331314528,xi_mp_3.84_10
drop_fiscal__setor_externo__expectativas__eua,pre_covid,6,6,6,107,84,78,7.067607252916479,xi_mp_3.84_10
drop_fiscal__setor_externo__expectativas__eua,pre_covid,7,3,6,107,84,78,3.9726265542255788,xi_mp_3.84_10
drop_fiscal__setor_externo__expectativas__eua,pre_covid,7,4,6,107,84,78,9.745760468383128,xi_mp_3.84_10
drop_fiscal__setor_externo__expectativas__eua,pre_covid,7,5,6,107,84,78,7.950687520334527,xi_mp_3.84_10
drop_fiscal__setor_externo__expectativas__eua,pre_covid,7,6,6,107,84,78,7.922543095745798,xi_mp_3.84_10
drop_fiscal__setor_externo__expectativas__eua,pre_covid,7,7,6,107,84,78,8.011360717433732,xi_mp_3.84_10
drop_fiscal__setor_externo__expectativas__eua,pre_covid,8,3,6,107,84,78,1.0463987272121273,xi_mp_le_3.84
drop_fiscal__setor_externo__expectativas__eua,pre_covid,8,4,6,107,84,78,4.004719893313102,xi_mp_3.84_10
drop_fiscal__setor_externo__expectativas__eua,pre_covid,8,5,6,107,84,78,5.972646534092237,xi_mp_3.84_10
drop_fiscal__setor_externo__expectativas__eua,pre_covid,8,6,6,107,84,78,5.99541724437695,xi_mp_3.84_10
drop_fiscal__setor_externo__expectativas__eua,pre_covid,8,7,6,107,84,78,5.973051143047057,xi_mp_3.84_10
drop_fiscal__setor_externo__expectativas__eua,pre_covid,8,8,6,107,84,78,5.448777300749163,xi_mp_3.84_10
drop_fiscal__setor_externo__expectativas__eua__credito,full,5,3,6,105,153,147,3.0705589335642234,xi_mp_le_3.84
drop_fiscal__setor_externo__expectativas__eua__credito,full,5,4,6,105,153,147,4.429222183960549,xi_mp_3.84_10
drop_fiscal__setor_externo__expectativas__eua__credito,full,5,5,6,105,153,147,6.2598119250104345,xi_mp_3.84_10
drop_fiscal__setor_externo__expectativas__eua__credito,full,6,3,6,105,153,147,2.039285077709172,xi_mp_le_3.84
drop_fiscal__setor_externo__expectativas__eua__credito,full,6,4,6,105,153,147,4.446824902858804,xi_mp_3.84_10
drop_fiscal__setor_externo__expectativas__eua__credito,full,6,5,6,105,153,147,4.889357199622131,xi_mp_3.84_10
drop_fiscal__setor_externo__expectativas__eua__credito,full,6,6,6,105,153,147,7.448963863668224,xi_mp_3.84_10
drop_fiscal__setor_externo__expectativas__eua__credito,full,7,3,6,105,153,147,2.673374915608499,xi_mp_le_3.84
drop_fiscal__setor_externo__expectativas__eua__credito,full,7,4,6,105,153,147,6.774731261202933,xi_mp_3.84_10
drop_fiscal__setor_externo__expectativas__eua__credito,full,7,5,6,105,153,147,7.588652285804199,xi_mp_3.84_10
drop_fiscal__setor_externo__expectativas__eua__credito,full,7,6,6,105,153,147,7.646256559455517,xi_mp_3.84_10
drop_fiscal__setor_externo__expectativas__eua__credito,full,7,7,6,105,153,147,10.295250164641176,xi_mp_ge_10
drop_fiscal__setor_externo__expectativas__eua__credito,full,8,3,6,105,153,147,7.497399809546952,xi_mp_3.84_10
drop_fiscal__setor_externo__expectativas__eua__credito,full,8,4,6,105,153,147,7.548017712573748,xi_mp_3.84_10
drop_fiscal__setor_externo__expectativas__eua__credito,full,8,5,6,105,153,147,8.56300524784789,xi_mp_3.84_10
drop_fiscal__setor_externo__expectativas__eua__credito,full,8,6,6,105,153,147,8.347368236296719,xi_mp_3.84_10
drop_fiscal__setor_externo__expectativas__eua__credito,full,8,7,6,105,153,147,8.761883883304671,xi_mp_3.84_10
drop_fiscal__setor_externo__expectativas__eua__credito,full,8,8,6,105,153,147,11.072953058162744,xi_mp_ge_10
drop_fiscal__setor_externo__expectativas__eua__credito,pre_covid,5,3,6,105,84,78,7.405470661484155,xi_mp_3.84_10
drop_fiscal__setor_externo__expectativas__eua__credito,pre_covid,5,4,6,105,84,78,8.093498914483874,xi_mp_3.84_10
drop_fiscal__setor_externo__expectativas__eua__credito,pre_covid,5,5,6,105,84,78,7.446279982833201,xi_mp_3.84_10
drop_fiscal__setor_externo__expectativas__eua__credito,pre_covid,6,3,6,105,84,78,6.699077945271025,xi_mp_3.84_10
drop_fiscal__setor_externo__expectativas__eua__credito,pre_covid,6,4,6,105,84,78,10.729810390473611,xi_mp_ge_10
drop_fiscal__setor_externo__expectativas__eua__credito,pre_covid,6,5,6,105,84,78,10.85651577252014,xi_mp_ge_10
drop_fiscal__setor_externo__expectativas__eua__credito,pre_covid,6,6,6,105,84,78,9.261013969376293,xi_mp_3.84_10
drop_fiscal__setor_externo__expectativas__eua__credito,pre_covid,7,3,6,105,84,78,4.728438233132575,xi_mp_3.84_10
drop_fiscal__setor_externo__expectativas__eua__credito,pre_covid,7,4,6,105,84,78,12.911740221058524,xi_mp_ge_10
drop_fiscal__setor_externo__expectativas__eua__credito,pre_covid,7,5,6,105,84,78,11.658532722102585,xi_mp_ge_10
drop_fiscal__setor_externo__expectativas__eua__credito,pre_covid,7,6,6,105,84,78,10.086391189381368,xi_mp_ge_10
drop_fiscal__setor_externo__expectativas__eua__credito,pre_covid,7,7,6,105,84,78,10.14944097188635,xi_mp_ge_10
drop_fiscal__setor_externo__expectativas__eua__credito,pre_covid,8,3,6,105,84,78,2.655351601373511,xi_mp_le_3.84
drop_fiscal__setor_externo__expectativas__eua__credito,pre_covid,8,4,6,105,84,78,5.695540330245357,xi_mp_3.84_10
drop_fiscal__setor_externo__expectativas__eua__credito,pre_covid,8,5,6,105,84,78,7.782820597725482,xi_mp_3.84_10
drop_fiscal__setor_externo__expectativas__eua__credito,pre_covid,8,6,6,105,84,78,7.657530331653942,xi_mp_3.84_10
drop_fiscal__setor_externo__expectativas__eua__credito,pre_covid,8,7,6,105,84,78,6.264192515333693,xi_mp_3.84_10
drop_fiscal__setor_externo__expectativas__eua__credito,pre_covid,8,8,6,105,84,78,5.6904264288050745,xi_mp_3.84_10
drop_fiscal__setor_externo__expectativas__eua__imoveis,full,5,3,6,106,153,147,3.5175226378120814,xi_mp_le_3.84
drop_fiscal__setor_externo__expectativas__eua__imoveis,full,5,4,6,106,153,147,5.043473717612501,xi_mp_3.84_10
drop_fiscal__setor_externo__expectativas__eua__imoveis,full,5,5,6,106,153,147,5.789004102022909,xi_mp_3.84_10
drop_fiscal__setor_externo__expectativas__eua__imoveis,full,6,3,6,106,153,147,2.623854151369294,xi_mp_le_3.84
drop_fiscal__setor_externo__expectativas__eua__imoveis,full,6,4,6,106,153,147,4.745251862765303,xi_mp_3.84_10
drop_fiscal__setor_externo__expectativas__eua__imoveis,full,6,5,6,106,153,147,5.131793223527136,xi_mp_3.84_10
drop_fiscal__setor_externo__expectativas__eua__imoveis,full,6,6,6,106,153,147,7.130671470234112,xi_mp_3.84_10
drop_fiscal__setor_externo__expectativas__eua__imoveis,full,7,3,6,106,153,147,8.158986521764358,xi_mp_3.84_10
drop_fiscal__setor_externo__expectativas__eua__imoveis,full,7,4,6,106,153,147,6.956327947873174,xi_mp_3.84_10
drop_fiscal__setor_externo__expectativas__eua__imoveis,full,7,5,6,106,153,147,7.611090661349524,xi_mp_3.84_10
drop_fiscal__setor_externo__expectativas__eua__imoveis,full,7,6,6,106,153,147,7.707511946743493,xi_mp_3.84_10
drop_fiscal__setor_externo__expectativas__eua__imoveis,full,7,7,6,106,153,147,10.297288451526287,xi_mp_ge_10
drop_fiscal__setor_externo__expectativas__eua__imoveis,full,8,3,6,106,153,147,7.463156760946111,xi_mp_3.84_10
drop_fiscal__setor_externo__expectativas__eua__imoveis,full,8,4,6,106,153,147,7.205568389599279,xi_mp_3.84_10
drop_fiscal__setor_externo__expectativas__eua__imoveis,full,8,5,6,106,153,147,8.18123756218675,xi_mp_3.84_10
drop_fiscal__setor_externo__expectativas__eua__imoveis,full,8,6,6,106,153,147,8.070745862571753,xi_mp_3.84_10
drop_fiscal__setor_externo__expectativas__eua__imoveis,full,8,7,6,106,153,147,8.603442001834127,xi_mp_3.84_10
drop_fiscal__setor_externo__expectativas__eua__imoveis,full,8,8,6,106,153,147,10.391852201975459,xi_mp_ge_10
drop_fiscal__setor_externo__expectativas__eua__imoveis,pre_covid,5,3,6,106,84,78,4.28561951420271,xi_mp_3.84_10
drop_fiscal__setor_externo__expectativas__eua__imoveis,pre_covid,5,4,6,106,84,78,5.125861900921647,xi_mp_3.84_10
drop_fiscal__setor_externo__expectativas__eua__imoveis,pre_covid,5,5,6,106,84,78,4.919531687849314,xi_mp_3.84_10
drop_fiscal__setor_externo__expectativas__eua__imoveis,pre_covid,6,3,6,106,84,78,4.679861614472898,xi_mp_3.84_10
drop_fiscal__setor_externo__expectativas__eua__imoveis,pre_covid,6,4,6,106,84,78,7.6354132771532734,xi_mp_3.84_10
drop_fiscal__setor_externo__expectativas__eua__imoveis,pre_covid,6,5,6,106,84,78,8.037745362723664,xi_mp_3.84_10
drop_fiscal__setor_externo__expectativas__eua__imoveis,pre_covid,6,6,6,106,84,78,7.442670457233668,xi_mp_3.84_10
drop_fiscal__setor_externo__expectativas__eua__imoveis,pre_covid,7,3,6,106,84,78,3.501760983683589,xi_mp_le_3.84
drop_fiscal__setor_externo__expectativas__eua__imoveis,pre_covid,7,4,6,106,84,78,7.945729569936026,xi_mp_3.84_10
drop_fiscal__setor_externo__expectativas__eua__imoveis,pre_covid,7,5,6,106,84,78,6.45826433116271,xi_mp_3.84_10
drop_fiscal__setor_externo__expectativas__eua__imoveis,pre_covid,7,6,6,106,84,78,7.535759254296112,xi_mp_3.84_10
drop_fiscal__setor_externo__expectativas__eua__imoveis,pre_covid,7,7,6,106,84,78,7.587547800045397,xi_mp_3.84_10
drop_fiscal__setor_externo__expectativas__eua__imoveis,pre_covid,8,3,6,106,84,78,0.5304654996557752,xi_mp_le_3.84
drop_fiscal__setor_externo__expectativas__eua__imoveis,pre_covid,8,4,6,106,84,78,5.393509704343689,xi_mp_3.84_10
drop_fiscal__setor_externo__expectativas__eua__imoveis,pre_covid,8,5,6,106,84,78,7.747445009858885,xi_mp_3.84_10
drop_fiscal__setor_externo__expectativas__eua__imoveis,pre_covid,8,6,6,106,84,78,5.0789517007370835,xi_mp_3.84_10
drop_fiscal__setor_externo__expectativas__eua__imoveis,pre_covid,8,7,6,106,84,78,5.407723355275822,xi_mp_3.84_10
drop_fiscal__setor_externo__expectativas__eua__imoveis,pre_covid,8,8,6,106,84,78,5.2987236585419,xi_mp_3.84_10
drop_fiscal__setor_externo__expectativas__imoveis,full,5,3,6,111,153,147,3.101235008946932,xi_mp_le_3.84
drop_fiscal__setor_externo__expectativas__imoveis,full,5,4,6,111,153,147,4.718115234488049,xi_mp_3.84_10
drop_fiscal__setor_externo__expectativas__imoveis,full,5,5,6,111,153,147,5.115739632813806,xi_mp_3.84_10
drop_fiscal__setor_externo__expectativas__imoveis,full,6,3,6,111,153,147,3.148810290097763,xi_mp_le_3.84
drop_fiscal__setor_externo__expectativas__imoveis,full,6,4,6,111,153,147,4.829960229847062,xi_mp_3.84_10
drop_fiscal__setor_externo__expectativas__imoveis,full,6,5,6,111,153,147,4.949642878658165,xi_mp_3.84_10
drop_fiscal__setor_externo__expectativas__imoveis,full,6,6,6,111,153,147,6.118265312358443,xi_mp_3.84_10
drop_fiscal__setor_externo__expectativas__imoveis,full,7,3,6,111,153,147,5.445988976151582,xi_mp_3.84_10
drop_fiscal__setor_externo__expectativas__imoveis,full,7,4,6,111,153,147,5.550075581279618,xi_mp_3.84_10
drop_fiscal__setor_externo__expectativas__imoveis,full,7,5,6,111,153,147,5.764854812291475,xi_mp_3.84_10
drop_fiscal__setor_externo__expectativas__imoveis,full,7,6,6,111,153,147,5.940776253801431,xi_mp_3.84_10
drop_fiscal__setor_externo__expectativas__imoveis,full,7,7,6,111,153,147,8.5830238264078,xi_mp_3.84_10
drop_fiscal__setor_externo__expectativas__imoveis,full,8,3,6,111,153,147,5.729087736303262,xi_mp_3.84_10
drop_fiscal__setor_externo__expectativas__imoveis,full,8,4,6,111,153,147,6.015709089922232,xi_mp_3.84_10
drop_fiscal__setor_externo__expectativas__imoveis,full,8,5,6,111,153,147,6.340391803146872,xi_mp_3.84_10
drop_fiscal__setor_externo__expectativas__imoveis,full,8,6,6,111,153,147,6.362893124977079,xi_mp_3.84_10
drop_fiscal__setor_externo__expectativas__imoveis,full,8,7,6,111,153,147,6.69370521555121,xi_mp_3.84_10
drop_fiscal__setor_externo__expectativas__imoveis,full,8,8,6,111,153,147,8.460124724883663,xi_mp_3.84_10
drop_fiscal__setor_externo__expectativas__imoveis,pre_covid,5,3,6,111,84,78,6.182795284512921,xi_mp_3.84_10
drop_fiscal__setor_externo__expectativas__imoveis,pre_covid,5,4,6,111,84,78,6.1993336199686535,xi_mp_3.84_10
drop_fiscal__setor_externo__expectativas__imoveis,pre_covid,5,5,6,111,84,78,5.18885098768136,xi_mp_3.84_10
drop_fiscal__setor_externo__expectativas__imoveis,pre_covid,6,3,6,111,84,78,3.941716972937705,xi_mp_3.84_10
drop_fiscal__setor_externo__expectativas__imoveis,pre_covid,6,4,6,111,84,78,8.46430828952752,xi_mp_3.84_10
drop_fiscal__setor_externo__expectativas__imoveis,pre_covid,6,5,6,111,84,78,10.026953391368846,xi_mp_ge_10
drop_fiscal__setor_externo__expectativas__imoveis,pre_covid,6,6,6,111,84,78,7.832363597649,xi_mp_3.84_10
drop_fiscal__setor_externo__expectativas__imoveis,pre_covid,7,3,6,111,84,78,0.9988667146105656,xi_mp_le_3.84
drop_fiscal__setor_externo__expectativas__imoveis,pre_covid,7,4,6,111,84,78,2.3699580776486653,xi_mp_le_3.84
drop_fiscal__setor_externo__expectativas__imoveis,pre_covid,7,5,6,111,84,78,7.6409947803084535,xi_mp_3.84_10
drop_fiscal__setor_externo__expectativas__imoveis,pre_covid,7,6,6,111,84,78,8.223584142362473,xi_mp_3.84_10
drop_fiscal__setor_externo__expectativas__imoveis,pre_covid,7,7,6,111,84,78,7.577357312089142,xi_mp_3.84_10
drop_fiscal__setor_externo__expectativas__imoveis,pre_covid,8,3,6,111,84,78,0.17856277562995446,xi_mp_le_3.84
drop_fiscal__setor_externo__expectativas__imoveis,pre_covid,8,4,6,111,84,78,0.12780058666092933,xi_mp_le_3.84
drop_fiscal__setor_externo__expectativas__imoveis,pre_covid,8,5,6,111,84,78,0.12488299166259954,xi_mp_le_3.84
drop_fiscal__setor_externo__expectativas__imoveis,pre_covid,8,6,6,111,84,78,2.8758713180351365,xi_mp_le_3.84
drop_fiscal__setor_externo__expectativas__imoveis,pre_covid,8,7,6,111,84,78,5.595934152904072,xi_mp_3.84_10
drop_fiscal__setor_externo__expectativas__imoveis,pre_covid,8,8,6,111,84,78,5.485031427305427,xi_mp_3.84_10
drop_fiscal__setor_externo__imoveis,full,5,3,6,115,153,147,3.6672329347597907,xi_mp_le_3.84
drop_fiscal__setor_externo__imoveis,full,5,4,6,115,153,147,5.162236505289182,xi_mp_3.84_10
drop_fiscal__setor_externo__imoveis,full,5,5,6,115,153,147,5.357474778155124,xi_mp_3.84_10
drop_fiscal__setor_externo__imoveis,full,6,3,6,115,153,147,2.9136186525000927,xi_mp_le_3.84
drop_fiscal__setor_externo__imoveis,full,6,4,6,115,153,147,4.9410131686523355,xi_mp_3.84_10
drop_fiscal__setor_externo__imoveis,full,6,5,6,115,153,147,5.010593052374742,xi_mp_3.84_10
drop_fiscal__setor_externo__imoveis,full,6,6,6,115,153,147,6.400463407507738,xi_mp_3.84_10
drop_fiscal__setor_externo__imoveis,full,7,3,6,115,153,147,6.74130368532936,xi_mp_3.84_10
drop_fiscal__setor_externo__imoveis,full,7,4,6,115,153,147,5.679872598861638,xi_mp_3.84_10
drop_fiscal__setor_externo__imoveis,full,7,5,6,115,153,147,5.866980103968819,xi_mp_3.84_10
drop_fiscal__setor_externo__imoveis,full,7,6,6,115,153,147,5.945088767541951,xi_mp_3.84_10
drop_fiscal__setor_externo__imoveis,full,7,7,6,115,153,147,7.666715009267696,xi_mp_3.84_10
drop_fiscal__setor_externo__imoveis,full,8,3,6,115,153,147,6.005858323481988,xi_mp_3.84_10
drop_fiscal__setor_externo__imoveis,full,8,4,6,115,153,147,6.207082091448028,xi_mp_3.84_10
drop_fiscal__setor_externo__imoveis,full,8,5,6,115,153,147,6.237379877191932,xi_mp_3.84_10
drop_fiscal__setor_externo__imoveis,full,8,6,6,115,153,147,6.77922752728068,xi_mp_3.84_10
drop_fiscal__setor_externo__imoveis,full,8,7,6,115,153,147,7.064576676332184,xi_mp_3.84_10
drop_fiscal__setor_externo__imoveis,full,8,8,6,115,153,147,7.97287451484824,xi_mp_3.84_10
drop_fiscal__setor_externo__imoveis,pre_covid,5,3,6,115,84,78,8.625590754937676,xi_mp_3.84_10
drop_fiscal__setor_externo__imoveis,pre_covid,5,4,6,115,84,78,9.1662552505912,xi_mp_3.84_10
drop_fiscal__setor_externo__imoveis,pre_covid,5,5,6,115,84,78,8.767328391295546,xi_mp_3.84_10
drop_fiscal__setor_externo__imoveis,pre_covid,6,3,6,115,84,78,4.017408621950039,xi_mp_3.84_10
drop_fiscal__setor_externo__imoveis,pre_covid,6,4,6,115,84,78,9.399079417039331,xi_mp_3.84_10
drop_fiscal__setor_externo__imoveis,pre_covid,6,5,6,115,84,78,10.145633521253522,xi_mp_ge_10
drop_fiscal__setor_externo__imoveis,pre_covid,6,6,6,115,84,78,8.873188463273978,xi_mp_3.84_10
drop_fiscal__setor_externo__imoveis,pre_covid,7,3,6,115,84,78,2.296028505291938,xi_mp_le_3.84
drop_fiscal__setor_externo__imoveis,pre_covid,7,4,6,115,84,78,2.4764366737062447,xi_mp_le_3.84
drop_fiscal__setor_externo__imoveis,pre_covid,7,5,6,115,84,78,13.448136179321828,xi_mp_ge_10
drop_fiscal__setor_externo__imoveis,pre_covid,7,6,6,115,84,78,12.764836692932594,xi_mp_ge_10
drop_fiscal__setor_externo__imoveis,pre_covid,7,7,6,115,84,78,12.969809986617888,xi_mp_ge_10
drop_fiscal__setor_externo__imoveis,pre_covid,8,3,6,115,84,78,0.36779741502881586,xi_mp_le_3.84
drop_fiscal__setor_externo__imoveis,pre_covid,8,4,6,115,84,78,12.277131924402603,xi_mp_ge_10
drop_fiscal__setor_externo__imoveis,pre_covid,8,5,6,115,84,78,13.861982464431904,xi_mp_ge_10
drop_fiscal__setor_externo__imoveis,pre_covid,8,6,6,115,84,78,13.528460765573952,xi_mp_ge_10
drop_fiscal__setor_externo__imoveis,pre_covid,8,7,6,115,84,78,11.591924323309975,xi_mp_ge_10
drop_fiscal__setor_externo__imoveis,pre_covid,8,8,6,115,84,78,11.159940481887592,xi_mp_ge_10
drop_imoveis,full,5,3,6,122,153,147,2.7538442154921126,xi_mp_le_3.84
drop_imoveis,full,5,4,6,122,153,147,4.467508583732399,xi_mp_3.84_10
drop_imoveis,full,5,5,6,122,153,147,5.251228164191781,xi_mp_3.84_10
drop_imoveis,full,6,3,6,122,153,147,4.298135079755314,xi_mp_3.84_10
drop_imoveis,full,6,4,6,122,153,147,3.7084994272438156,xi_mp_le_3.84
drop_imoveis,full,6,5,6,122,153,147,4.22545636440934,xi_mp_3.84_10
drop_imoveis,full,6,6,6,122,153,147,5.911781803782126,xi_mp_3.84_10
drop_imoveis,full,7,3,6,122,153,147,5.195725722232965,xi_mp_3.84_10
drop_imoveis,full,7,4,6,122,153,147,4.136221241759363,xi_mp_3.84_10
drop_imoveis,full,7,5,6,122,153,147,4.690541687109992,xi_mp_3.84_10
drop_imoveis,full,7,6,6,122,153,147,4.983828991359357,xi_mp_3.84_10
drop_imoveis,full,7,7,6,122,153,147,7.033499012355592,xi_mp_3.84_10
drop_imoveis,full,8,3,6,122,153,147,4.994210623734338,xi_mp_3.84_10
drop_imoveis,full,8,4,6,122,153,147,5.064970880535478,xi_mp_3.84_10
drop_imoveis,full,8,5,6,122,153,147,5.661140219219829,xi_mp_3.84_10
drop_imoveis,full,8,6,6,122,153,147,5.72420019613374,xi_mp_3.84_10
drop_imoveis,full,8,7,6,122,153,147,5.673314426468718,xi_mp_3.84_10
drop_imoveis,full,8,8,6,122,153,147,7.584776677465909,xi_mp_3.84_10
drop_imoveis,pre_covid,5,3,6,122,84,78,8.391470440137807,xi_mp_3.84_10
drop_imoveis,pre_covid,5,4,6,122,84,78,9.025817372346303,xi_mp_3.84_10
drop_imoveis,pre_covid,5,5,6,122,84,78,9.11667393736878,xi_mp_3.84_10
drop_imoveis,pre_covid,6,3,6,122,84,78,5.82653595360027,xi_mp_3.84_10
drop_imoveis,pre_covid,6,4,6,122,84,78,10.514630542596121,xi_mp_ge_10
drop_imoveis,pre_covid,6,5,6,122,84,78,10.515952505661156,xi_mp_ge_10
drop_imoveis,pre_covid,6,6,6,122,84,78,10.150938647702398,xi_mp_ge_10
drop_imoveis,pre_covid,7,3,6,122,84,78,2.0475788850234715,xi_mp_le_3.84
drop_imoveis,pre_covid,7,4,6,122,84,78,5.293670911530157,xi_mp_3.84_10
drop_imoveis,pre_covid,7,5,6,122,84,78,20.720211887570066,xi_mp_ge_10
drop_imoveis,pre_covid,7,6,6,122,84,78,20.521035810062436,xi_mp_ge_10
drop_imoveis,pre_covid,7,7,6,122,84,78,20.867633607580146,xi_mp_ge_10
drop_imoveis,pre_covid,8,3,6,122,84,78,2.08663550499745,xi_mp_le_3.84
drop_imoveis,pre_covid,8,4,6,122,84,78,3.4441360293314363,xi_mp_le_3.84
drop_imoveis,pre_covid,8,5,6,122,84,78,17.43006580628357,xi_mp_ge_10
drop_imoveis,pre_covid,8,6,6,122,84,78,18.002976414613542,xi_mp_ge_10
drop_imoveis,pre_covid,8,7,6,122,84,78,15.554260838443346,xi_mp_ge_10
drop_imoveis,pre_covid,8,8,6,122,84,78,15.552062127266108,xi_mp_ge_10
drop_setor_externo,full,5,3,6,119,153,147,2.5341478453357285,xi_mp_le_3.84
drop_setor_externo,full,5,4,6,119,153,147,4.269604183099013,xi_mp_3.84_10
drop_setor_externo,full,5,5,6,119,153,147,5.078747096590964,xi_mp_3.84_10
drop_setor_externo,full,6,3,6,119,153,147,2.369796575949366,xi_mp_le_3.84
drop_setor_externo,full,6,4,6,119,153,147,3.8466497546342553,xi_mp_3.84_10
drop_setor_externo,full,6,5,6,119,153,147,4.252161919029363,xi_mp_3.84_10
drop_setor_externo,full,6,6,6,119,153,147,5.644310285759024,xi_mp_3.84_10
drop_setor_externo,full,7,3,6,119,153,147,4.236574448725222,xi_mp_3.84_10
drop_setor_externo,full,7,4,6,119,153,147,4.561808495402023,xi_mp_3.84_10
drop_setor_externo,full,7,5,6,119,153,147,4.965206455415682,xi_mp_3.84_10
drop_setor_externo,full,7,6,6,119,153,147,5.149852672188525,xi_mp_3.84_10
drop_setor_externo,full,7,7,6,119,153,147,6.611961327060403,xi_mp_3.84_10
drop_setor_externo,full,8,3,6,119,153,147,4.91641989059865,xi_mp_3.84_10
drop_setor_externo,full,8,4,6,119,153,147,5.257089182400324,xi_mp_3.84_10
drop_setor_externo,full,8,5,6,119,153,147,5.737894190981771,xi_mp_3.84_10
drop_setor_externo,full,8,6,6,119,153,147,5.926291093361878,xi_mp_3.84_10
drop_setor_externo,full,8,7,6,119,153,147,6.104110103536653,xi_mp_3.84_10
drop_setor_externo,full,8,8,6,119,153,147,7.504479491136733,xi_mp_3.84_10
drop_setor_externo,pre_covid,5,3,6,119,84,78,8.250034402617779,xi_mp_3.84_10
drop_setor_externo,pre_covid,5,4,6,119,84,78,10.774637787316978,xi_mp_ge_10
drop_setor_externo,pre_covid,5,5,6,119,84,78,9.451504110538455,xi_mp_3.84_10
drop_setor_externo,pre_covid,6,3,6,119,84,78,4.628384049707912,xi_mp_3.84_10
drop_setor_externo,pre_covid,6,4,6,119,84,78,11.399878561933344,xi_mp_ge_10
drop_setor_externo,pre_covid,6,5,6,119,84,78,12.982504565464371,xi_mp_ge_10
drop_setor_externo,pre_covid,6,6,6,119,84,78,10.508985126663847,xi_mp_ge_10
drop_setor_externo,pre_covid,7,3,6,119,84,78,0.8554187466615574,xi_mp_le_3.84
drop_setor_externo,pre_covid,7,4,6,119,84,78,2.0260539779368476,xi_mp_le_3.84
drop_setor_externo,pre_covid,7,5,6,119,84,78,13.734869254073201,xi_mp_ge_10
drop_setor_externo,pre_covid,7,6,6,119,84,78,15.443297048993651,xi_mp_ge_10
drop_setor_externo,pre_covid,7,7,6,119,84,78,15.573305636187502,xi_mp_ge_10
drop_setor_externo,pre_covid,8,3,6,119,84,78,0.40630042270560973,xi_mp_le_3.84
drop_setor_externo,pre_covid,8,4,6,119,84,78,0.3231285824913946,xi_mp_le_3.84
drop_setor_externo,pre_covid,8,5,6,119,84,78,6.353286168049967,xi_mp_3.84_10
drop_setor_externo,pre_covid,8,6,6,119,84,78,10.104306502332191,xi_mp_ge_10
drop_setor_externo,pre_covid,8,7,6,119,84,78,9.559474762622875,xi_mp_3.84_10
drop_setor_externo,pre_covid,8,8,6,119,84,78,9.411250883628277,xi_mp_3.84_10
drop_setor_externo__credito,full,5,3,6,117,153,147,2.391624826383449,xi_mp_le_3.84
drop_setor_externo__credito,full,5,4,6,117,153,147,4.351244123527844,xi_mp_3.84_10
drop_setor_externo__credito,full,5,5,6,117,153,147,5.503139027488302,xi_mp_3.84_10
drop_setor_externo__credito,full,6,3,6,117,153,147,1.6896906040260458,xi_mp_le_3.84
drop_setor_externo__credito,full,6,4,6,117,153,147,3.4140533306357144,xi_mp_le_3.84
drop_setor_externo__credito,full,6,5,6,117,153,147,4.287883521430946,xi_mp_3.84_10
drop_setor_externo__credito,full,6,6,6,117,153,147,6.076769521583722,xi_mp_3.84_10
drop_setor_externo__credito,full,7,3,6,117,153,147,2.0272738173159888,xi_mp_le_3.84
drop_setor_externo__credito,full,7,4,6,117,153,147,4.472283718368352,xi_mp_3.84_10
drop_setor_externo__credito,full,7,5,6,117,153,147,4.907460640442233,xi_mp_3.84_10
drop_setor_externo__credito,full,7,6,6,117,153,147,5.1228462929423895,xi_mp_3.84_10
drop_setor_externo__credito,full,7,7,6,117,153,147,6.918350989348775,xi_mp_3.84_10
drop_setor_externo__credito,full,8,3,6,117,153,147,5.0076550535006215,xi_mp_3.84_10
drop_setor_externo__credito,full,8,4,6,117,153,147,5.390731598987313,xi_mp_3.84_10
drop_setor_externo__credito,full,8,5,6,117,153,147,5.879232615415084,xi_mp_3.84_10
drop_setor_externo__credito,full,8,6,6,117,153,147,5.964092460013484,xi_mp_3.84_10
drop_setor_externo__credito,full,8,7,6,117,153,147,6.0646902581899385,xi_mp_3.84_10
drop_setor_externo__credito,full,8,8,6,117,153,147,7.939237897014667,xi_mp_3.84_10
drop_setor_externo__credito,pre_covid,5,3,6,117,84,78,9.287583021660712,xi_mp_3.84_10
drop_setor_externo__credito,pre_covid,5,4,6,117,84,78,11.522976887899645,xi_mp_ge_10
drop_setor_externo__credito,pre_covid,5,5,6,117,84,78,9.866488270286547,xi_mp_3.84_10
drop_setor_externo__credito,pre_covid,6,3,6,117,84,78,8.2320104428737,xi_mp_3.84_10
drop_setor_externo__credito,pre_covid,6,4,6,117,84,78,14.875702527585423,xi_mp_ge_10
drop_setor_externo__credito,pre_covid,6,5,6,117,84,78,15.728137344326518,xi_mp_ge_10
drop_setor_externo__credito,pre_covid,6,6,6,117,84,78,12.449347072935053,xi_mp_ge_10
drop_setor_externo__credito,pre_covid,7,3,6,117,84,78,4.2142388874221215,xi_mp_3.84_10
drop_setor_externo__credito,pre_covid,7,4,6,117,84,78,13.483941486842092,xi_mp_ge_10
drop_setor_externo__credito,pre_covid,7,5,6,117,84,78,21.70483501815032,xi_mp_ge_10
drop_setor_externo__credito,pre_covid,7,6,6,117,84,78,21.061826419954084,xi_mp_ge_10
drop_setor_externo__credito,pre_covid,7,7,6,117,84,78,20.16216341777453,xi_mp_ge_10
drop_setor_externo__credito,pre_covid,8,3,6,117,84,78,11.501704532499344,xi_mp_ge_10
drop_setor_externo__credito,pre_covid,8,4,6,117,84,78,16.737702433656516,xi_mp_ge_10
drop_setor_externo__credito,pre_covid,8,5,6,117,84,78,17.115523062437866,xi_mp_ge_10
drop_setor_externo__credito,pre_covid,8,6,6,117,84,78,17.36959994385108,xi_mp_ge_10
drop_setor_externo__credito,pre_covid,8,7,6,117,84,78,13.447187659273471,xi_mp_ge_10
drop_setor_externo__credito,pre_covid,8,8,6,117,84,78,13.092455597617757,xi_mp_ge_10
drop_setor_externo__credito__imoveis,full,5,3,6,116,153,147,2.649951526316027,xi_mp_le_3.84
drop_setor_externo__credito__imoveis,full,5,4,6,116,153,147,4.648246119833006,xi_mp_3.84_10
drop_setor_externo__credito__imoveis,full,5,5,6,116,153,147,5.519705675861936,xi_mp_3.84_10
drop_setor_externo__credito__imoveis,full,6,3,6,116,153,147,1.8904874770773155,xi_mp_le_3.84
drop_setor_externo__credito__imoveis,full,6,4,6,116,153,147,3.4389217752928682,xi_mp_le_3.84
drop_setor_externo__credito__imoveis,full,6,5,6,116,153,147,4.675712211382326,xi_mp_3.84_10
drop_setor_externo__credito__imoveis,full,6,6,6,116,153,147,6.437868834540696,xi_mp_3.84_10
drop_setor_externo__credito__imoveis,full,7,3,6,116,153,147,3.239417024274678,xi_mp_le_3.84
drop_setor_externo__credito__imoveis,full,7,4,6,116,153,147,4.60578952925731,xi_mp_3.84_10
drop_setor_externo__credito__imoveis,full,7,5,6,116,153,147,5.2415954614927305,xi_mp_3.84_10
drop_setor_externo__credito__imoveis,full,7,6,6,116,153,147,5.4999823398334025,xi_mp_3.84_10
drop_setor_externo__credito__imoveis,full,7,7,6,116,153,147,7.445458054417514,xi_mp_3.84_10
drop_setor_externo__credito__imoveis,full,8,3,6,116,153,147,5.216184579695981,xi_mp_3.84_10
drop_setor_externo__credito__imoveis,full,8,4,6,116,153,147,5.530096116750527,xi_mp_3.84_10
drop_setor_externo__credito__imoveis,full,8,5,6,116,153,147,6.087165915312994,xi_mp_3.84_10
drop_setor_externo__credito__imoveis,full,8,6,6,116,153,147,6.178401272591161,xi_mp_3.84_10
drop_setor_externo__credito__imoveis,full,8,7,6,116,153,147,6.336454516377084,xi_mp_3.84_10
drop_setor_externo__credito__imoveis,full,8,8,6,116,153,147,8.172306973318468,xi_mp_3.84_10
drop_setor_externo__credito__imoveis,pre_covid,5,3,6,116,84,78,8.63429004633213,xi_mp_3.84_10
drop_setor_externo__credito__imoveis,pre_covid,5,4,6,116,84,78,9.648578175919317,xi_mp_3.84_10
drop_setor_externo__credito__imoveis,pre_covid,5,5,6,116,84,78,7.837360842503475,xi_mp_3.84_10
drop_setor_externo__credito__imoveis,pre_covid,6,3,6,116,84,78,9.797297563425538,xi_mp_3.84_10
drop_setor_externo__credito__imoveis,pre_covid,6,4,6,116,84,78,14.9273038011445,xi_mp_ge_10
drop_setor_externo__credito__imoveis,pre_covid,6,5,6,116,84,78,15.100054608455704,xi_mp_ge_10
drop_setor_externo__credito__imoveis,pre_covid,6,6,6,116,84,78,13.590996706466525,xi_mp_ge_10
drop_setor_externo__credito__imoveis,pre_covid,7,3,6,116,84,78,7.632553161786818,xi_mp_3.84_10
drop_setor_externo__credito__imoveis,pre_covid,7,4,6,116,84,78,14.765488209017311,xi_mp_ge_10
drop_setor_externo__credito__imoveis,pre_covid,7,5,6,116,84,78,24.17291405473451,xi_mp_ge_10
drop_setor_externo__credito__imoveis,pre_covid,7,6,6,116,84,78,23.411808501227142,xi_mp_ge_10
drop_setor_externo__credito__imoveis,pre_covid,7,7,6,116,84,78,22.375349253444057,xi_mp_ge_10
drop_setor_externo__credito__imoveis,pre_covid,8,3,6,116,84,78,11.26656455356891,xi_mp_ge_10
drop_setor_externo__credito__imoveis,pre_covid,8,4,6,116,84,78,13.908775306712,xi_mp_ge_10
drop_setor_externo__credito__imoveis,pre_covid,8,5,6,116,84,78,20.608363636608953,xi_mp_ge_10
drop_setor_externo__credito__imoveis,pre_covid,8,6,6,116,84,78,20.00384912951223,xi_mp_ge_10
drop_setor_externo__credito__imoveis,pre_covid,8,7,6,116,84,78,16.827499557799285,xi_mp_ge_10
drop_setor_externo__credito__imoveis,pre_covid,8,8,6,116,84,78,16.6278362584314,xi_mp_ge_10
drop_setor_externo__eua,full,5,3,6,114,153,147,2.9444738972734945,xi_mp_le_3.84
drop_setor_externo__eua,full,5,4,6,114,153,147,4.4453583617988794,xi_mp_3.84_10
drop_setor_externo__eua,full,5,5,6,114,153,147,5.765596623704117,xi_mp_3.84_10
drop_setor_externo__eua,full,6,3,6,114,153,147,2.180004349315819,xi_mp_le_3.84
drop_setor_externo__eua,full,6,4,6,114,153,147,3.511686671448405,xi_mp_le_3.84
drop_setor_externo__eua,full,6,5,6,114,153,147,4.252399226606746,xi_mp_3.84_10
drop_setor_externo__eua,full,6,6,6,114,153,147,6.281194117791633,xi_mp_3.84_10
drop_setor_externo__eua,full,7,3,6,114,153,147,6.887176421305033,xi_mp_3.84_10
drop_setor_externo__eua,full,7,4,6,114,153,147,6.24406371790722,xi_mp_3.84_10
drop_setor_externo__eua,full,7,5,6,114,153,147,7.09623730067425,xi_mp_3.84_10
drop_setor_externo__eua,full,7,6,6,114,153,147,7.244473285417834,xi_mp_3.84_10
drop_setor_externo__eua,full,7,7,6,114,153,147,8.569189435749763,xi_mp_3.84_10
drop_setor_externo__eua,full,8,3,6,114,153,147,6.828049824729709,xi_mp_3.84_10
drop_setor_externo__eua,full,8,4,6,114,153,147,7.130259568096087,xi_mp_3.84_10
drop_setor_externo__eua,full,8,5,6,114,153,147,7.83291480659031,xi_mp_3.84_10
drop_setor_externo__eua,full,8,6,6,114,153,147,7.912525462906834,xi_mp_3.84_10
drop_setor_externo__eua,full,8,7,6,114,153,147,8.201837944469576,xi_mp_3.84_10
drop_setor_externo__eua,full,8,8,6,114,153,147,9.65759229781653,xi_mp_3.84_10
drop_setor_externo__eua,pre_covid,5,3,6,114,84,78,8.9219667083979175,xi_mp_3.84_10
drop_setor_externo__eua,pre_covid,5,4,6,114,84,78,9.298049446980434,xi_mp_3.84_10
drop_setor_externo__eua,pre_covid,5,5,6,114,84,78,8.698969307997057,xi_mp_3.84_10
drop_setor_externo__eua,pre_covid,6,3,6,114,84,78,4.745581755737841,xi_mp_3.84_10
drop_setor_externo__eua,pre_covid,6,4,6,114,84,78,11.581309317119363,xi_mp_ge_10
drop_setor_externo__eua,pre_covid,6,5,6,114,84,78,11.488776107528706,xi_mp_ge_10
drop_setor_externo__eua,pre_covid,6,6,6,114,84,78,10.623207037679899,xi_mp_ge_10
drop_setor_externo__eua,pre_covid,7,3,6,114,84,78,2.9817078288347743,xi_mp_le_3.84
drop_setor_externo__eua,pre_covid,7,4,6,114,84,78,15.34481776923495,xi_mp_ge_10
drop_setor_externo__eua,pre_covid,7,5,6,114,84,78,15.92272457679651,xi_mp_ge_10
drop_setor_externo__eua,pre_covid,7,6,6,114,84,78,14.582483271968782,xi_mp_ge_10
drop_setor_externo__eua,pre_covid,7,7,6,114,84,78,14.391410436408595,xi_mp_ge_10
drop_setor_externo__eua,pre_covid,8,3,6,114,84,78,2.0106634216913903,xi_mp_le_3.84
drop_setor_externo__eua,pre_covid,8,4,6,114,84,78,15.748691053147963,xi_mp_ge_10
drop_setor_externo__eua,pre_covid,8,5,6,114,84,78,18.984095656949545,xi_mp_ge_10
drop_setor_externo__eua,pre_covid,8,6,6,114,84,78,20.32793734241268,xi_mp_ge_10
drop_setor_externo__eua,pre_covid,8,7,6,114,84,78,15.055488500702577,xi_mp_ge_10
drop_setor_externo__eua,pre_covid,8,8,6,114,84,78,12.240223963282826,xi_mp_ge_10
drop_setor_externo__eua__credito,full,5,3,6,112,153,147,2.8228134326590597,xi_mp_le_3.84
drop_setor_externo__eua__credito,full,5,4,6,112,153,147,4.470360065517142,xi_mp_3.84_10
drop_setor_externo__eua__credito,full,5,5,6,112,153,147,6.3120929492648195,xi_mp_3.84_10
drop_setor_externo__eua__credito,full,6,3,6,112,153,147,1.742993145935853,xi_mp_le_3.84
drop_setor_externo__eua__credito,full,6,4,6,112,153,147,3.280667533509,xi_mp_le_3.84
drop_setor_externo__eua__credito,full,6,5,6,112,153,147,4.359470107374374,xi_mp_3.84_10
drop_setor_externo__eua__credito,full,6,6,6,112,153,147,6.909869322788914,xi_mp_3.84_10
drop_setor_externo__eua__credito,full,7,3,6,112,153,147,4.267961287156326,xi_mp_3.84_10
drop_setor_externo__eua__credito,full,7,4,6,112,153,147,6.420667114818362,xi_mp_3.84_10
drop_setor_externo__eua__credito,full,7,5,6,112,153,147,7.235345860146522,xi_mp_3.84_10
drop_setor_externo__eua__credito,full,7,6,6,112,153,147,7.418847741710569,xi_mp_3.84_10
drop_setor_externo__eua__credito,full,7,7,6,112,153,147,9.0938363070729,xi_mp_3.84_10
drop_setor_externo__eua__credito,full,8,3,6,112,153,147,7.189494529396461,xi_mp_3.84_10
drop_setor_externo__eua__credito,full,8,4,6,112,153,147,7.575246005699337,xi_mp_3.84_10
drop_setor_externo__eua__credito,full,8,5,6,112,153,147,8.249711350458396,xi_mp_3.84_10
drop_setor_externo__eua__credito,full,8,6,6,112,153,147,8.201467268436595,xi_mp_3.84_10
drop_setor_externo__eua__credito,full,8,7,6,112,153,147,8.379510172308123,xi_mp_3.84_10
drop_setor_externo__eua__credito,full,8,8,6,112,153,147,10.280996364722634,xi_mp_ge_10
drop_setor_externo__eua__credito,pre_covid,5,3,6,112,84,78,10.711532576714866,xi_mp_ge_10
drop_setor_externo__eua__credito,pre_covid,5,4,6,112,84,78,10.774305238037243,xi_mp_ge_10
drop_setor_externo__eua__credito,pre_covid,5,5,6,112,84,78,9.701305403167611,xi_mp_3.84_10
drop_setor_externo__eua__credito,pre_covid,6,3,6,112,84,78,7.206693221840895,xi_mp_3.84_10
drop_setor_externo__eua__credito,pre_covid,6,4,6,112,84,78,16.024618856084363,xi_mp_ge_10
drop_setor_externo__eua__credito,pre_covid,6,5,6,112,84,78,15.667872764954147,xi_mp_ge_10
drop_setor_externo__eua__credito,pre_covid,6,6,6,112,84,78,13.244388658445825,xi_mp_ge_10
drop_setor_externo__eua__credito,pre_covid,7,3,6,112,84,78,11.85666468898551,xi_mp_ge_10
drop_setor_externo__eua__credito,pre_covid,7,4,6,112,84,78,21.23667355538274,xi_mp_ge_10
drop_setor_externo__eua__credito,pre_covid,7,5,6,112,84,78,21.134163354369665,xi_mp_ge_10
drop_setor_externo__eua__credito,pre_covid,7,6,6,112,84,78,17.310760403976296,xi_mp_ge_10
drop_setor_externo__eua__credito,pre_covid,7,7,6,112,84,78,17.282985237983063,xi_mp_ge_10
drop_setor_externo__eua__credito,pre_covid,8,3,6,112,84,78,7.914656388334852,xi_mp_3.84_10
drop_setor_externo__eua__credito,pre_covid,8,4,6,112,84,78,18.716770084963382,xi_mp_ge_10
drop_setor_externo__eua__credito,pre_covid,8,5,6,112,84,78,20.26294851610734,xi_mp_ge_10
drop_setor_externo__eua__credito,pre_covid,8,6,6,112,84,78,19.136239478696062,xi_mp_ge_10
drop_setor_externo__eua__credito,pre_covid,8,7,6,112,84,78,14.328007480065427,xi_mp_ge_10
drop_setor_externo__eua__credito,pre_covid,8,8,6,112,84,78,11.317269565958323,xi_mp_ge_10
drop_setor_externo__eua__credito__imoveis,full,5,3,6,111,153,147,3.1494274440200987,xi_mp_le_3.84
drop_setor_externo__eua__credito__imoveis,full,5,4,6,111,153,147,4.806768138381612,xi_mp_3.84_10
drop_setor_externo__eua__credito__imoveis,full,5,5,6,111,153,147,6.270849621527436,xi_mp_3.84_10
drop_setor_externo__eua__credito__imoveis,full,6,3,6,111,153,147,1.7646268097182605,xi_mp_le_3.84
drop_setor_externo__eua__credito__imoveis,full,6,4,6,111,153,147,3.1046807900213103,xi_mp_le_3.84
drop_setor_externo__eua__credito__imoveis,full,6,5,6,111,153,147,4.714990659829156,xi_mp_3.84_10
drop_setor_externo__eua__credito__imoveis,full,6,6,6,111,153,147,7.341239592424674,xi_mp_3.84_10
drop_setor_externo__eua__credito__imoveis,full,7,3,6,111,153,147,5.715051563065606,xi_mp_3.84_10
drop_setor_externo__eua__credito__imoveis,full,7,4,6,111,153,147,6.6310410192234235,xi_mp_3.84_10
drop_setor_externo__eua__credito__imoveis,full,7,5,6,111,153,147,7.587606290791797,xi_mp_3.84_10
drop_setor_externo__eua__credito__imoveis,full,7,6,6,111,153,147,7.796228542427701,xi_mp_3.84_10
drop_setor_externo__eua__credito__imoveis,full,7,7,6,111,153,147,9.51288380494113,xi_mp_3.84_10
drop_setor_externo__eua__credito__imoveis,full,8,3,6,111,153,147,7.560091635348248,xi_mp_3.84_10
drop_setor_externo__eua__credito__imoveis,full,8,4,6,111,153,147,7.878194868353457,xi_mp_3.84_10
drop_setor_externo__eua__credito__imoveis,full,8,5,6,111,153,147,8.548059812738614,xi_mp_3.84_10
drop_setor_externo__eua__credito__imoveis,full,8,6,6,111,153,147,8.47396411402904,xi_mp_3.84_10
drop_setor_externo__eua__credito__imoveis,full,8,7,6,111,153,147,8.72056598226916,xi_mp_3.84_10
drop_setor_externo__eua__credito__imoveis,full,8,8,6,111,153,147,10.532502383334343,xi_mp_ge_10
drop_setor_externo__eua__credito__imoveis,pre_covid,5,3,6,111,84,78,9.296300761627952,xi_mp_3.84_10
drop_setor_externo__eua__credito__imoveis,pre_covid,5,4,6,111,84,78,12.512134487431059,xi_mp_ge_10
drop_setor_externo__eua__credito__imoveis,pre_covid,5,5,6,111,84,78,10.992676983493542,xi_mp_ge_10
drop_setor_externo__eua__credito__imoveis,pre_covid,6,3,6,111,84,78,8.427840833620213,xi_mp_3.84_10
drop_setor_externo__eua__credito__imoveis,pre_covid,6,4,6,111,84,78,16.271077952356023,xi_mp_ge_10
drop_setor_externo__eua__credito__imoveis,pre_covid,6,5,6,111,84,78,15.800821460627173,xi_mp_ge_10
drop_setor_externo__eua__credito__imoveis,pre_covid,6,6,6,111,84,78,14.224059410662576,xi_mp_ge_10
drop_setor_externo__eua__credito__imoveis,pre_covid,7,3,6,111,84,78,16.906009081432757,xi_mp_ge_10
drop_setor_externo__eua__credito__imoveis,pre_covid,7,4,6,111,84,78,20.5548541303925,xi_mp_ge_10
drop_setor_externo__eua__credito__imoveis,pre_covid,7,5,6,111,84,78,20.64820843692834,xi_mp_ge_10
drop_setor_externo__eua__credito__imoveis,pre_covid,7,6,6,111,84,78,17.92306960460905,xi_mp_ge_10
drop_setor_externo__eua__credito__imoveis,pre_covid,7,7,6,111,84,78,17.849706680909634,xi_mp_ge_10
drop_setor_externo__eua__credito__imoveis,pre_covid,8,3,6,111,84,78,5.572389392819604,xi_mp_3.84_10
drop_setor_externo__eua__credito__imoveis,pre_covid,8,4,6,111,84,78,14.50048815176641,xi_mp_ge_10
drop_setor_externo__eua__credito__imoveis,pre_covid,8,5,6,111,84,78,11.26921970214091,xi_mp_ge_10
drop_setor_externo__eua__credito__imoveis,pre_covid,8,6,6,111,84,78,10.633458569148344,xi_mp_ge_10
drop_setor_externo__eua__credito__imoveis,pre_covid,8,7,6,111,84,78,10.655691176615749,xi_mp_ge_10
drop_setor_externo__eua__credito__imoveis,pre_covid,8,8,6,111,84,78,9.102404940082701,xi_mp_3.84_10
drop_setor_externo__eua__imoveis,full,5,3,6,113,153,147,3.2778452722795453,xi_mp_le_3.84
drop_setor_externo__eua__imoveis,full,5,4,6,113,153,147,4.782287896293741,xi_mp_3.84_10
drop_setor_externo__eua__imoveis,full,5,5,6,113,153,147,5.800223490176587,xi_mp_3.84_10
drop_setor_externo__eua__imoveis,full,6,3,6,113,153,147,2.1043370559625934,xi_mp_le_3.84
drop_setor_externo__eua__imoveis,full,6,4,6,113,153,147,3.2021142724543092,xi_mp_le_3.84
drop_setor_externo__eua__imoveis,full,6,5,6,113,153,147,4.375162020254199,xi_mp_3.84_10
drop_setor_externo__eua__imoveis,full,6,6,6,113,153,147,6.686719426063189,xi_mp_3.84_10
drop_setor_externo__eua__imoveis,full,7,3,6,113,153,147,7.286901589044586,xi_mp_3.84_10
drop_setor_externo__eua__imoveis,full,7,4,6,113,153,147,6.453087903872263,xi_mp_3.84_10
drop_setor_externo__eua__imoveis,full,7,5,6,113,153,147,7.35625671576188,xi_mp_3.84_10
drop_setor_externo__eua__imoveis,full,7,6,6,113,153,147,7.53732013400075,xi_mp_3.84_10
drop_setor_externo__eua__imoveis,full,7,7,6,113,153,147,8.97105931170592,xi_mp_3.84_10
drop_setor_externo__eua__imoveis,full,8,3,6,113,153,147,7.133185423470489,xi_mp_3.84_10
drop_setor_externo__eua__imoveis,full,8,4,6,113,153,147,7.365931388380929,xi_mp_3.84_10
drop_setor_externo__eua__imoveis,full,8,5,6,113,153,147,8.044028629449286,xi_mp_3.84_10
drop_setor_externo__eua__imoveis,full,8,6,6,113,153,147,8.092782540611154,xi_mp_3.84_10
drop_setor_externo__eua__imoveis,full,8,7,6,113,153,147,8.432912135539459,xi_mp_3.84_10
drop_setor_externo__eua__imoveis,full,8,8,6,113,153,147,9.823471197796234,xi_mp_3.84_10
drop_setor_externo__eua__imoveis,pre_covid,5,3,6,113,84,78,8.444257363580826,xi_mp_3.84_10
drop_setor_externo__eua__imoveis,pre_covid,5,4,6,113,84,78,8.577702750748362,xi_mp_3.84_10
drop_setor_externo__eua__imoveis,pre_covid,5,5,6,113,84,78,8.810621519733157,xi_mp_3.84_10
drop_setor_externo__eua__imoveis,pre_covid,6,3,6,113,84,78,5.1162123043999594,xi_mp_3.84_10
drop_setor_externo__eua__imoveis,pre_covid,6,4,6,113,84,78,11.72358840094717,xi_mp_ge_10
drop_setor_externo__eua__imoveis,pre_covid,6,5,6,113,84,78,11.812717697155954,xi_mp_ge_10
drop_setor_externo__eua__imoveis,pre_covid,6,6,6,113,84,78,11.438861726130495,xi_mp_ge_10
drop_setor_externo__eua__imoveis,pre_covid,7,3,6,113,84,78,5.5735752657937345,xi_mp_3.84_10
drop_setor_externo__eua__imoveis,pre_covid,7,4,6,113,84,78,14.229192392528946,xi_mp_ge_10
drop_setor_externo__eua__imoveis,pre_covid,7,5,6,113,84,78,14.631724505298449,xi_mp_ge_10
drop_setor_externo__eua__imoveis,pre_covid,7,6,6,113,84,78,14.393836499694332,xi_mp_ge_10
drop_setor_externo__eua__imoveis,pre_covid,7,7,6,113,84,78,14.617797529296315,xi_mp_ge_10
drop_setor_externo__eua__imoveis,pre_covid,8,3,6,113,84,78,0.9088174994877405,xi_mp_le_3.84
drop_setor_externo__eua__imoveis,pre_covid,8,4,6,113,84,78,14.424282657734306,xi_mp_ge_10
drop_setor_externo__eua__imoveis,pre_covid,8,5,6,113,84,78,18.098788272658076,xi_mp_ge_10
drop_setor_externo__eua__imoveis,pre_covid,8,6,6,113,84,78,14.476696360704077,xi_mp_ge_10
drop_setor_externo__eua__imoveis,pre_covid,8,7,6,113,84,78,12.161283665537493,xi_mp_ge_10
drop_setor_externo__eua__imoveis,pre_covid,8,8,6,113,84,78,11.088930268377137,xi_mp_ge_10
drop_setor_externo__expectativas,full,5,3,6,115,153,147,2.4049673398923392,xi_mp_le_3.84
drop_setor_externo__expectativas,full,5,4,6,115,153,147,3.832170289535479,xi_mp_le_3.84
drop_setor_externo__expectativas,full,5,5,6,115,153,147,4.901885048617988,xi_mp_3.84_10
drop_setor_externo__expectativas,full,6,3,6,115,153,147,2.823739214893577,xi_mp_le_3.84
drop_setor_externo__expectativas,full,6,4,6,115,153,147,3.94897676560665,xi_mp_3.84_10
drop_setor_externo__expectativas,full,6,5,6,115,153,147,4.256018459088812,xi_mp_3.84_10
drop_setor_externo__expectativas,full,6,6,6,115,153,147,5.53754898482462,xi_mp_3.84_10
drop_setor_externo__expectativas,full,7,3,6,115,153,147,3.02449041134637,xi_mp_le_3.84
drop_setor_externo__expectativas,full,7,4,6,115,153,147,4.204388992092357,xi_mp_3.84_10
drop_setor_externo__expectativas,full,7,5,6,115,153,147,4.626779396465289,xi_mp_3.84_10
drop_setor_externo__expectativas,full,7,6,6,115,153,147,4.811263315752723,xi_mp_3.84_10
drop_setor_externo__expectativas,full,7,7,6,115,153,147,6.89820316016459,xi_mp_3.84_10
drop_setor_externo__expectativas,full,8,3,6,115,153,147,4.4684530641569715,xi_mp_3.84_10
drop_setor_externo__expectativas,full,8,4,6,115,153,147,4.780667482825207,xi_mp_3.84_10
drop_setor_externo__expectativas,full,8,5,6,115,153,147,5.505571879808789,xi_mp_3.84_10
drop_setor_externo__expectativas,full,8,6,6,115,153,147,5.495478208194841,xi_mp_3.84_10
drop_setor_externo__expectativas,full,8,7,6,115,153,147,5.664724505444189,xi_mp_3.84_10
drop_setor_externo__expectativas,full,8,8,6,115,153,147,7.444345099568536,xi_mp_3.84_10
drop_setor_externo__expectativas,pre_covid,5,3,6,115,84,78,6.153427185187458,xi_mp_3.84_10
drop_setor_externo__expectativas,pre_covid,5,4,6,115,84,78,7.368737997643797,xi_mp_3.84_10
drop_setor_externo__expectativas,pre_covid,5,5,6,115,84,78,5.974631113709571,xi_mp_3.84_10
drop_setor_externo__expectativas,pre_covid,6,3,6,115,84,78,4.508514045708635,xi_mp_3.84_10
drop_setor_externo__expectativas,pre_covid,6,4,6,115,84,78,8.413611906000467,xi_mp_3.84_10
drop_setor_externo__expectativas,pre_covid,6,5,6,115,84,78,12.785621304467773,xi_mp_ge_10
drop_setor_externo__expectativas,pre_covid,6,6,6,115,84,78,8.20126434483831,xi_mp_3.84_10
drop_setor_externo__expectativas,pre_covid,7,3,6,115,84,78,0.620061917058699,xi_mp_le_3.84
drop_setor_externo__expectativas,pre_covid,7,4,6,115,84,78,0.9248467183856622,xi_mp_le_3.84
drop_setor_externo__expectativas,pre_covid,7,5,6,115,84,78,6.642487998017992,xi_mp_3.84_10
drop_setor_externo__expectativas,pre_covid,7,6,6,115,84,78,8.076076166846226,xi_mp_3.84_10
drop_setor_externo__expectativas,pre_covid,7,7,6,115,84,78,7.361418798358745,xi_mp_3.84_10
drop_setor_externo__expectativas,pre_covid,8,3,6,115,84,78,0.45291178551124156,xi_mp_le_3.84
drop_setor_externo__expectativas,pre_covid,8,4,6,115,84,78,0.2520891456453166,xi_mp_le_3.84
drop_setor_externo__expectativas,pre_covid,8,5,6,115,84,78,0.6460568797391735,xi_mp_le_3.84
drop_setor_externo__expectativas,pre_covid,8,6,6,115,84,78,3.4885350848747705,xi_mp_le_3.84
drop_setor_externo__expectativas,pre_covid,8,7,6,115,84,78,4.279761431111433,xi_mp_3.84_10
drop_setor_externo__expectativas,pre_covid,8,8,6,115,84,78,4.313514366768111,xi_mp_3.84_10
drop_setor_externo__expectativas__credito,full,5,3,6,113,153,147,2.2063694035550503,xi_mp_le_3.84
drop_setor_externo__expectativas__credito,full,5,4,6,113,153,147,3.6360244782332263,xi_mp_le_3.84
drop_setor_externo__expectativas__credito,full,5,5,6,113,153,147,5.296380613840658,xi_mp_3.84_10
drop_setor_externo__expectativas__credito,full,6,3,6,113,153,147,2.0746811104551814,xi_mp_le_3.84
drop_setor_externo__expectativas__credito,full,6,4,6,113,153,147,3.53807747259173,xi_mp_le_3.84
drop_setor_externo__expectativas__credito,full,6,5,6,113,153,147,4.081219225429879,xi_mp_3.84_10
drop_setor_externo__expectativas__credito,full,6,6,6,113,153,147,5.9408247821884865,xi_mp_3.84_10
drop_setor_externo__expectativas__credito,full,7,3,6,113,153,147,1.2181187856686302,xi_mp_le_3.84
drop_setor_externo__expectativas__credito,full,7,4,6,113,153,147,4.031856439376477,xi_mp_3.84_10
drop_setor_externo__expectativas__credito,full,7,5,6,113,153,147,4.550882058824569,xi_mp_3.84_10
drop_setor_externo__expectativas__credito,full,7,6,6,113,153,147,4.7314855276173535,xi_mp_3.84_10
drop_setor_externo__expectativas__credito,full,7,7,6,113,153,147,7.118304808402799,xi_mp_3.84_10
drop_setor_externo__expectativas__credito,full,8,3,6,113,153,147,4.544895002896436,xi_mp_3.84_10
drop_setor_externo__expectativas__credito,full,8,4,6,113,153,147,5.151562632069152,xi_mp_3.84_10
drop_setor_externo__expectativas__credito,full,8,5,6,113,153,147,5.715802122569371,xi_mp_3.84_10
drop_setor_externo__expectativas__credito,full,8,6,6,113,153,147,5.57789915207052,xi_mp_3.84_10
drop_setor_externo__expectativas__credito,full,8,7,6,113,153,147,5.715878851162895,xi_mp_3.84_10
drop_setor_externo__expectativas__credito,full,8,8,6,113,153,147,8.011034820325417,xi_mp_3.84_10
drop_setor_externo__expectativas__credito,pre_covid,5,3,6,113,84,78,7.876114240754917,xi_mp_3.84_10
drop_setor_externo__expectativas__credito,pre_covid,5,4,6,113,84,78,9.008100286685899,xi_mp_3.84_10
drop_setor_externo__expectativas__credito,pre_covid,5,5,6,113,84,78,7.542061964465558,xi_mp_3.84_10
drop_setor_externo__expectativas__credito,pre_covid,6,3,6,113,84,78,5.314209278415874,xi_mp_3.84_10
drop_setor_externo__expectativas__credito,pre_covid,6,4,6,113,84,78,11.31185180409352,xi_mp_ge_10
drop_setor_externo__expectativas__credito,pre_covid,6,5,6,113,84,78,9.837257129420394,xi_mp_3.84_10
drop_setor_externo__expectativas__credito,pre_covid,6,6,6,113,84,78,9.879429146850251,xi_mp_3.84_10
drop_setor_externo__expectativas__credito,pre_covid,7,3,6,113,84,78,1.3697902646159852,xi_mp_le_3.84
drop_setor_externo__expectativas__credito,pre_covid,7,4,6,113,84,78,3.966837141919332,xi_mp_3.84_10
drop_setor_externo__expectativas__credito,pre_covid,7,5,6,113,84,78,13.140258636174911,xi_mp_ge_10
drop_setor_externo__expectativas__credito,pre_covid,7,6,6,113,84,78,11.343351840845896,xi_mp_ge_10
drop_setor_externo__expectativas__credito,pre_covid,7,7,6,113,84,78,11.967381137028315,xi_mp_ge_10
drop_setor_externo__expectativas__credito,pre_covid,8,3,6,113,84,78,2.3651794548900003,xi_mp_le_3.84
drop_setor_externo__expectativas__credito,pre_covid,8,4,6,113,84,78,3.455221740748792,xi_mp_le_3.84
drop_setor_externo__expectativas__credito,pre_covid,8,5,6,113,84,78,3.1905694640991813,xi_mp_le_3.84
drop_setor_externo__expectativas__credito,pre_covid,8,6,6,113,84,78,3.968249083660781,xi_mp_3.84_10
drop_setor_externo__expectativas__credito,pre_covid,8,7,6,113,84,78,8.449845799843343,xi_mp_3.84_10
drop_setor_externo__expectativas__credito,pre_covid,8,8,6,113,84,78,8.1590943254792,xi_mp_3.84_10
drop_setor_externo__expectativas__credito__imoveis,full,5,3,6,112,153,147,2.3268954939491424,xi_mp_le_3.84
drop_setor_externo__expectativas__credito__imoveis,full,5,4,6,112,153,147,3.954790253737677,xi_mp_3.84_10
drop_setor_externo__expectativas__credito__imoveis,full,5,5,6,112,153,147,5.281211424839864,xi_mp_3.84_10
drop_setor_externo__expectativas__credito__imoveis,full,6,3,6,112,153,147,2.2366262838587034,xi_mp_le_3.84
drop_setor_externo__expectativas__credito__imoveis,full,6,4,6,112,153,147,3.7379691723669204,xi_mp_le_3.84
drop_setor_externo__expectativas__credito__imoveis,full,6,5,6,112,153,147,4.372953414541423,xi_mp_3.84_10
drop_setor_externo__expectativas__credito__imoveis,full,6,6,6,112,153,147,6.229871430776008,xi_mp_3.84_10
drop_setor_externo__expectativas__credito__imoveis,full,7,3,6,112,153,147,1.5277365293311822,xi_mp_le_3.84
drop_setor_externo__expectativas__credito__imoveis,full,7,4,6,112,153,147,4.106343435344294,xi_mp_3.84_10
drop_setor_externo__expectativas__credito__imoveis,full,7,5,6,112,153,147,4.8839058067073156,xi_mp_3.84_10
drop_setor_externo__expectativas__credito__imoveis,full,7,6,6,112,153,147,5.133546309339086,xi_mp_3.84_10
drop_setor_externo__expectativas__credito__imoveis,full,7,7,6,112,153,147,7.847463038019348,xi_mp_3.84_10
drop_setor_externo__expectativas__credito__imoveis,full,8,3,6,112,153,147,4.749187387207296,xi_mp_3.84_10
drop_setor_externo__expectativas__credito__imoveis,full,8,4,6,112,153,147,5.212204171635806,xi_mp_3.84_10
drop_setor_externo__expectativas__credito__imoveis,full,8,5,6,112,153,147,5.997774255977261,xi_mp_3.84_10
drop_setor_externo__expectativas__credito__imoveis,full,8,6,6,112,153,147,5.840929448275162,xi_mp_3.84_10
drop_setor_externo__expectativas__credito__imoveis,full,8,7,6,112,153,147,6.006959650134664,xi_mp_3.84_10
drop_setor_externo__expectativas__credito__imoveis,full,8,8,6,112,153,147,8.423393896406298,xi_mp_3.84_10
drop_setor_externo__expectativas__credito__imoveis,pre_covid,5,3,6,112,84,78,8.60388657820574,xi_mp_3.84_10
drop_setor_externo__expectativas__credito__imoveis,pre_covid,5,4,6,112,84,78,8.990186832965545,xi_mp_3.84_10
drop_setor_externo__expectativas__credito__imoveis,pre_covid,5,5,6,112,84,78,7.4448081986109065,xi_mp_3.84_10
drop_setor_externo__expectativas__credito__imoveis,pre_covid,6,3,6,112,84,78,6.355034567319947,xi_mp_3.84_10
drop_setor_externo__expectativas__credito__imoveis,pre_covid,6,4,6,112,84,78,11.73749473964634,xi_mp_ge_10
drop_setor_externo__expectativas__credito__imoveis,pre_covid,6,5,6,112,84,78,10.369115893275467,xi_mp_ge_10
drop_setor_externo__expectativas__credito__imoveis,pre_covid,6,6,6,112,84,78,10.572061068671255,xi_mp_ge_10
drop_setor_externo__expectativas__credito__imoveis,pre_covid,7,3,6,112,84,78,2.5103002202670797,xi_mp_le_3.84
drop_setor_externo__expectativas__credito__imoveis,pre_covid,7,4,6,112,84,78,6.142422831781493,xi_mp_3.84_10
drop_setor_externo__expectativas__credito__imoveis,pre_covid,7,5,6,112,84,78,13.339615348496727,xi_mp_ge_10
drop_setor_externo__expectativas__credito__imoveis,pre_covid,7,6,6,112,84,78,12.090230845763575,xi_mp_ge_10
drop_setor_externo__expectativas__credito__imoveis,pre_covid,7,7,6,112,84,78,12.582859258225762,xi_mp_ge_10
drop_setor_externo__expectativas__credito__imoveis,pre_covid,8,3,6,112,84,78,3.7102986792893518,xi_mp_le_3.84
drop_setor_externo__expectativas__credito__imoveis,pre_covid,8,4,6,112,84,78,4.042462968025551,xi_mp_3.84_10
drop_setor_externo__expectativas__credito__imoveis,pre_covid,8,5,6,112,84,78,12.977681995362063,xi_mp_ge_10
drop_setor_externo__expectativas__credito__imoveis,pre_covid,8,6,6,112,84,78,12.942724569731155,xi_mp_ge_10
drop_setor_externo__expectativas__credito__imoveis,pre_covid,8,7,6,112,84,78,8.680625977299885,xi_mp_3.84_10
drop_setor_externo__expectativas__credito__imoveis,pre_covid,8,8,6,112,84,78,9.431502199568873,xi_mp_3.84_10
drop_setor_externo__expectativas__eua,full,5,3,6,110,153,147,2.590717096925241,xi_mp_le_3.84
drop_setor_externo__expectativas__eua,full,5,4,6,110,153,147,3.870577405219455,xi_mp_3.84_10
drop_setor_externo__expectativas__eua,full,5,5,6,110,153,147,5.617115339577855,xi_mp_3.84_10
drop_setor_externo__expectativas__eua,full,6,3,6,110,153,147,1.9154681819711183,xi_mp_le_3.84
drop_setor_externo__expectativas__eua,full,6,4,6,110,153,147,3.701025414115489,xi_mp_le_3.84
drop_setor_externo__expectativas__eua,full,6,5,6,110,153,147,4.276104723632634,xi_mp_3.84_10
drop_setor_externo__expectativas__eua,full,6,6,6,110,153,147,6.0664922292375305,xi_mp_3.84_10
drop_setor_externo__expectativas__eua,full,7,3,6,110,153,147,5.448614125657775,xi_mp_3.84_10
drop_setor_externo__expectativas__eua,full,7,4,6,110,153,147,5.5607228279995065,xi_mp_3.84_10
drop_setor_externo__expectativas__eua,full,7,5,6,110,153,147,6.514608065271361,xi_mp_3.84_10
drop_setor_externo__expectativas__eua,full,7,6,6,110,153,147,6.65709236502186,xi_mp_3.84_10
drop_setor_externo__expectativas__eua,full,7,7,6,110,153,147,8.913901589353909,xi_mp_3.84_10
drop_setor_externo__expectativas__eua,full,8,3,6,110,153,147,5.919977583337762,xi_mp_3.84_10
drop_setor_externo__expectativas__eua,full,8,4,6,110,153,147,6.022364793924153,xi_mp_3.84_10
drop_setor_externo__expectativas__eua,full,8,5,6,110,153,147,7.3213028914813485,xi_mp_3.84_10
drop_setor_externo__expectativas__eua,full,8,6,6,110,153,147,7.214860456699729,xi_mp_3.84_10
drop_setor_externo__expectativas__eua,full,8,7,6,110,153,147,7.573242110758638,xi_mp_3.84_10
drop_setor_externo__expectativas__eua,full,8,8,6,110,153,147,9.670451091903878,xi_mp_3.84_10
drop_setor_externo__expectativas__eua,pre_covid,5,3,6,110,84,78,4.471489733995423,xi_mp_3.84_10
drop_setor_externo__expectativas__eua,pre_covid,5,4,6,110,84,78,6.986547088593528,xi_mp_3.84_10
drop_setor_externo__expectativas__eua,pre_covid,5,5,6,110,84,78,6.50951780376494,xi_mp_3.84_10
drop_setor_externo__expectativas__eua,pre_covid,6,3,6,110,84,78,5.248890001024126,xi_mp_3.84_10
drop_setor_externo__expectativas__eua,pre_covid,6,4,6,110,84,78,8.8323970422767335,xi_mp_3.84_10
drop_setor_externo__expectativas__eua,pre_covid,6,5,6,110,84,78,10.052051771582251,xi_mp_ge_10
drop_setor_externo__expectativas__eua,pre_covid,6,6,6,110,84,78,8.46854120933459,xi_mp_3.84_10
drop_setor_externo__expectativas__eua,pre_covid,7,3,6,110,84,78,4.601449533395297,xi_mp_3.84_10
drop_setor_externo__expectativas__eua,pre_covid,7,4,6,110,84,78,9.443525043862769,xi_mp_3.84_10
drop_setor_externo__expectativas__eua,pre_covid,7,5,6,110,84,78,8.072504427315776,xi_mp_3.84_10
drop_setor_externo__expectativas__eua,pre_covid,7,6,6,110,84,78,9.753671815631808,xi_mp_3.84_10
drop_setor_externo__expectativas__eua,pre_covid,7,7,6,110,84,78,9.706897910287086,xi_mp_3.84_10
drop_setor_externo__expectativas__eua,pre_covid,8,3,6,110,84,78,1.44359007609708,xi_mp_le_3.84
drop_setor_externo__expectativas__eua,pre_covid,8,4,6,110,84,78,4.395807666997047,xi_mp_3.84_10
drop_setor_externo__expectativas__eua,pre_covid,8,5,6,110,84,78,7.20916942939014,xi_mp_3.84_10
drop_setor_externo__expectativas__eua,pre_covid,8,6,6,110,84,78,5.798306827122171,xi_mp_3.84_10
drop_setor_externo__expectativas__eua,pre_covid,8,7,6,110,84,78,6.576561049475725,xi_mp_3.84_10
drop_setor_externo__expectativas__eua,pre_covid,8,8,6,110,84,78,5.861856185228062,xi_mp_3.84_10
drop_setor_externo__expectativas__eua__credito,full,5,3,6,108,153,147,2.386564944716694,xi_mp_le_3.84
drop_setor_externo__expectativas__eua__credito,full,5,4,6,108,153,147,3.5960618435396663,xi_mp_le_3.84
drop_setor_externo__expectativas__eua__credito,full,5,5,6,108,153,147,6.122861520667447,xi_mp_3.84_10
drop_setor_externo__expectativas__eua__credito,full,6,3,6,108,153,147,1.3061963378349497,xi_mp_le_3.84
drop_setor_externo__expectativas__eua__credito,full,6,4,6,108,153,147,3.2671694214316114,xi_mp_le_3.84
drop_setor_externo__expectativas__eua__credito,full,6,5,6,108,153,147,4.046693611723091,xi_mp_3.84_10
drop_setor_externo__expectativas__eua__credito,full,6,6,6,108,153,147,6.541972281869411,xi_mp_3.84_10
drop_setor_externo__expectativas__eua__credito,full,7,3,6,108,153,147,0.900076920163343,xi_mp_le_3.84
drop_setor_externo__expectativas__eua__credito,full,7,4,6,108,153,147,5.006137135975669,xi_mp_3.84_10
drop_setor_externo__expectativas__eua__credito,full,7,5,6,108,153,147,5.984761908957548,xi_mp_3.84_10
drop_setor_externo__expectativas__eua__credito,full,7,6,6,108,153,147,6.205078195626417,xi_mp_3.84_10
drop_setor_externo__expectativas__eua__credito,full,7,7,6,108,153,147,8.733870911419421,xi_mp_3.84_10
drop_setor_externo__expectativas__eua__credito,full,8,3,6,108,153,147,6.023393651673795,xi_mp_3.84_10
drop_setor_externo__expectativas__eua__credito,full,8,4,6,108,153,147,6.304922562895332,xi_mp_3.84_10
drop_setor_externo__expectativas__eua__credito,full,8,5,6,108,153,147,7.734190657984289,xi_mp_3.84_10
drop_setor_externo__expectativas__eua__credito,full,8,6,6,108,153,147,7.480204988219098,xi_mp_3.84_10
drop_setor_externo__expectativas__eua__credito,full,8,7,6,108,153,147,7.786194936984243,xi_mp_3.84_10
drop_setor_externo__expectativas__eua__credito,full,8,8,6,108,153,147,10.346843488746098,xi_mp_ge_10
drop_setor_externo__expectativas__eua__credito,pre_covid,5,3,6,108,84,78,7.586821114535681,xi_mp_3.84_10
drop_setor_externo__expectativas__eua__credito,pre_covid,5,4,6,108,84,78,8.824542541397147,xi_mp_3.84_10
drop_setor_externo__expectativas__eua__credito,pre_covid,5,5,6,108,84,78,7.894056775354157,xi_mp_3.84_10
drop_setor_externo__expectativas__eua__credito,pre_covid,6,3,6,108,84,78,7.212344471126506,xi_mp_3.84_10
drop_setor_externo__expectativas__eua__credito,pre_covid,6,4,6,108,84,78,12.167949747144126,xi_mp_ge_10
drop_setor_externo__expectativas__eua__credito,pre_covid,6,5,6,108,84,78,9.975188969183558,xi_mp_3.84_10
drop_setor_externo__expectativas__eua__credito,pre_covid,6,6,6,108,84,78,10.505044319826851,xi_mp_ge_10
drop_setor_externo__expectativas__eua__credito,pre_covid,7,3,6,108,84,78,6.372074366006388,xi_mp_3.84_10
drop_setor_externo__expectativas__eua__credito,pre_covid,7,4,6,108,84,78,13.116903887843788,xi_mp_ge_10
drop_setor_externo__expectativas__eua__credito,pre_covid,7,5,6,108,84,78,12.324890684742082,xi_mp_ge_10
drop_setor_externo__expectativas__eua__credito,pre_covid,7,6,6,108,84,78,11.085332313963267,xi_mp_ge_10
drop_setor_externo__expectativas__eua__credito,pre_covid,7,7,6,108,84,78,11.594411625091963,xi_mp_ge_10
drop_setor_externo__expectativas__eua__credito,pre_covid,8,3,6,108,84,78,3.1332366975916877,xi_mp_le_3.84
drop_setor_externo__expectativas__eua__credito,pre_covid,8,4,6,108,84,78,5.500928855032133,xi_mp_3.84_10
drop_setor_externo__expectativas__eua__credito,pre_covid,8,5,6,108,84,78,8.7896299349714,xi_mp_3.84_10
drop_setor_externo__expectativas__eua__credito,pre_covid,8,6,6,108,84,78,5.57364795818741,xi_mp_3.84_10
drop_setor_externo__expectativas__eua__credito,pre_covid,8,7,6,108,84,78,6.380032793451417,xi_mp_3.84_10
drop_setor_externo__expectativas__eua__credito,pre_covid,8,8,6,108,84,78,5.3012404794609225,xi_mp_3.84_10
drop_setor_externo__expectativas__eua__credito__imoveis,full,5,3,6,107,153,147,2.5248405104095397,xi_mp_le_3.84
drop_setor_externo__expectativas__eua__credito__imoveis,full,5,4,6,107,153,147,3.9454513019441158,xi_mp_3.84_10
drop_setor_externo__expectativas__eua__credito__imoveis,full,5,5,6,107,153,147,6.064246854250444,xi_mp_3.84_10
drop_setor_externo__expectativas__eua__credito__imoveis,full,6,3,6,107,153,147,1.3748685390254756,xi_mp_le_3.84
drop_setor_externo__expectativas__eua__credito__imoveis,full,6,4,6,107,153,147,3.2858129512322662,xi_mp_le_3.84
drop_setor_externo__expectativas__eua__credito__imoveis,full,6,5,6,107,153,147,4.311761168433773,xi_mp_3.84_10
drop_setor_externo__expectativas__eua__credito__imoveis,full,6,6,6,107,153,147,6.951001367799291,xi_mp_3.84_10
drop_setor_externo__expectativas__eua__credito__imoveis,full,7,3,6,107,153,147,0.9957157385252106,xi_mp_le_3.84
drop_setor_externo__expectativas__eua__credito__imoveis,full,7,4,6,107,153,147,5.26025283090112,xi_mp_3.84_10
drop_setor_externo__expectativas__eua__credito__imoveis,full,7,5,6,107,153,147,6.373851479363952,xi_mp_3.84_10
drop_setor_externo__expectativas__eua__credito__imoveis,full,7,6,6,107,153,147,6.640736155912101,xi_mp_3.84_10
drop_setor_externo__expectativas__eua__credito__imoveis,full,7,7,6,107,153,147,9.363324667990419,xi_mp_3.84_10
drop_setor_externo__expectativas__eua__credito__imoveis,full,8,3,6,107,153,147,6.314362534635462,xi_mp_3.84_10
drop_setor_externo__expectativas__eua__credito__imoveis,full,8,4,6,107,153,147,6.439804592833441,xi_mp_3.84_10
drop_setor_externo__expectativas__eua__credito__imoveis,full,8,5,6,107,153,147,8.038156051571788,xi_mp_3.84_10
drop_setor_externo__expectativas__eua__credito__imoveis,full,8,6,6,107,153,147,7.791714189016499,xi_mp_3.84_10
drop_setor_externo__expectativas__eua__credito__imoveis,full,8,7,6,107,153,147,8.109024118446259,xi_mp_3.84_10
drop_setor_externo__expectativas__eua__credito__imoveis,full,8,8,6,107,153,147,10.682617431364202,xi_mp_ge_10
drop_setor_externo__expectativas__eua__credito__imoveis,pre_covid,5,3,6,107,84,78,7.918439020679963,xi_mp_3.84_10
drop_setor_externo__expectativas__eua__credito__imoveis,pre_covid,5,4,6,107,84,78,8.963251205010414,xi_mp_3.84_10
drop_setor_externo__expectativas__eua__credito__imoveis,pre_covid,5,5,6,107,84,78,8.1854186491690335,xi_mp_3.84_10
drop_setor_externo__expectativas__eua__credito__imoveis,pre_covid,6,3,6,107,84,78,7.898749459203218,xi_mp_3.84_10
drop_setor_externo__expectativas__eua__credito__imoveis,pre_covid,6,4,6,107,84,78,12.439171817179911,xi_mp_ge_10
drop_setor_externo__expectativas__eua__credito__imoveis,pre_covid,6,5,6,107,84,78,10.95682523137674,xi_mp_ge_10
drop_setor_externo__expectativas__eua__credito__imoveis,pre_covid,6,6,6,107,84,78,11.52259136368783,xi_mp_ge_10
drop_setor_externo__expectativas__eua__credito__imoveis,pre_covid,7,3,6,107,84,78,8.12419192050761,xi_mp_3.84_10
drop_setor_externo__expectativas__eua__credito__imoveis,pre_covid,7,4,6,107,84,78,12.085672840679955,xi_mp_ge_10
drop_setor_externo__expectativas__eua__credito__imoveis,pre_covid,7,5,6,107,84,78,11.17235135979145,xi_mp_ge_10
drop_setor_externo__expectativas__eua__credito__imoveis,pre_covid,7,6,6,107,84,78,11.08748352305819,xi_mp_ge_10
drop_setor_externo__expectativas__eua__credito__imoveis,pre_covid,7,7,6,107,84,78,11.559708218490426,xi_mp_ge_10
drop_setor_externo__expectativas__eua__credito__imoveis,pre_covid,8,3,6,107,84,78,2.307173512675862,xi_mp_le_3.84
drop_setor_externo__expectativas__eua__credito__imoveis,pre_covid,8,4,6,107,84,78,4.36912577192127,xi_mp_3.84_10
drop_setor_externo__expectativas__eua__credito__imoveis,pre_covid,8,5,6,107,84,78,4.881254518899817,xi_mp_3.84_10
drop_setor_externo__expectativas__eua__credito__imoveis,pre_covid,8,6,6,107,84,78,4.4293408162699555,xi_mp_3.84_10
drop_setor_externo__expectativas__eua__credito__imoveis,pre_covid,8,7,6,107,84,78,4.992989948210498,xi_mp_3.84_10
drop_setor_externo__expectativas__eua__credito__imoveis,pre_covid,8,8,6,107,84,78,4.249125245027417,xi_mp_3.84_10
drop_setor_externo__expectativas__eua__imoveis,full,5,3,6,109,153,147,2.773175059335925,xi_mp_le_3.84
drop_setor_externo__expectativas__eua__imoveis,full,5,4,6,109,153,147,4.24901953034965,xi_mp_3.84_10
drop_setor_externo__expectativas__eua__imoveis,full,5,5,6,109,153,147,5.643519464331024,xi_mp_3.84_10
drop_setor_externo__expectativas__eua__imoveis,full,6,3,6,109,153,147,1.8493008262510318,xi_mp_le_3.84
drop_setor_externo__expectativas__eua__imoveis,full,6,4,6,109,153,147,3.649074408146035,xi_mp_le_3.84
drop_setor_externo__expectativas__eua__imoveis,full,6,5,6,109,153,147,4.416201014152849,xi_mp_3.84_10
drop_setor_externo__expectativas__eua__imoveis,full,6,6,6,109,153,147,6.427488730256401,xi_mp_3.84_10
drop_setor_externo__expectativas__eua__imoveis,full,7,3,6,109,153,147,6.290165388010984,xi_mp_3.84_10
drop_setor_externo__expectativas__eua__imoveis,full,7,4,6,109,153,147,5.821225112154924,xi_mp_3.84_10
drop_setor_externo__expectativas__eua__imoveis,full,7,5,6,109,153,147,6.74457657194342,xi_mp_3.84_10
drop_setor_externo__expectativas__eua__imoveis,full,7,6,6,109,153,147,6.947539820019345,xi_mp_3.84_10
drop_setor_externo__expectativas__eua__imoveis,full,7,7,6,109,153,147,9.390871124447681,xi_mp_3.84_10
drop_setor_externo__expectativas__eua__imoveis,full,8,3,6,109,153,147,6.183942900091546,xi_mp_3.84_10
drop_setor_externo__expectativas__eua__imoveis,full,8,4,6,109,153,147,6.208050303710359,xi_mp_3.84_10
drop_setor_externo__expectativas__eua__imoveis,full,8,5,6,109,153,147,7.5421392879715405,xi_mp_3.84_10
drop_setor_externo__expectativas__eua__imoveis,full,8,6,6,109,153,147,7.418261438473636,xi_mp_3.84_10
drop_setor_externo__expectativas__eua__imoveis,full,8,7,6,109,153,147,7.762454070057486,xi_mp_3.84_10
drop_setor_externo__expectativas__eua__imoveis,full,8,8,6,109,153,147,9.872994123066432,xi_mp_3.84_10
drop_setor_externo__expectativas__eua__imoveis,pre_covid,5,3,6,109,84,78,4.427450632627676,xi_mp_3.84_10
drop_setor_externo__expectativas__eua__imoveis,pre_covid,5,4,6,109,84,78,6.376047382998123,xi_mp_3.84_10
drop_setor_externo__expectativas__eua__imoveis,pre_covid,5,5,6,109,84,78,6.078901664178636,xi_mp_3.84_10
drop_setor_externo__expectativas__eua__imoveis,pre_covid,6,3,6,109,84,78,5.368320448801794,xi_mp_3.84_10
drop_setor_externo__expectativas__eua__imoveis,pre_covid,6,4,6,109,84,78,9.000392599245792,xi_mp_3.84_10
drop_setor_externo__expectativas__eua__imoveis,pre_covid,6,5,6,109,84,78,10.587352101789547,xi_mp_ge_10
drop_setor_externo__expectativas__eua__imoveis,pre_covid,6,6,6,109,84,78,9.357874706785058,xi_mp_3.84_10
drop_setor_externo__expectativas__eua__imoveis,pre_covid,7,3,6,109,84,78,4.7150821936709235,xi_mp_3.84_10
drop_setor_externo__expectativas__eua__imoveis,pre_covid,7,4,6,109,84,78,8.499197427647928,xi_mp_3.84_10
drop_setor_externo__expectativas__eua__imoveis,pre_covid,7,5,6,109,84,78,7.022697069815955,xi_mp_3.84_10
drop_setor_externo__expectativas__eua__imoveis,pre_covid,7,6,6,109,84,78,9.41509893950839,xi_mp_3.84_10
drop_setor_externo__expectativas__eua__imoveis,pre_covid,7,7,6,109,84,78,9.405997333163763,xi_mp_3.84_10
drop_setor_externo__expectativas__eua__imoveis,pre_covid,8,3,6,109,84,78,0.3637469954269799,xi_mp_le_3.84
drop_setor_externo__expectativas__eua__imoveis,pre_covid,8,4,6,109,84,78,5.2334530394836,xi_mp_3.84_10
drop_setor_externo__expectativas__eua__imoveis,pre_covid,8,5,6,109,84,78,5.956875552168652,xi_mp_3.84_10
drop_setor_externo__expectativas__eua__imoveis,pre_covid,8,6,6,109,84,78,5.055194043142726,xi_mp_3.84_10
drop_setor_externo__expectativas__eua__imoveis,pre_covid,8,7,6,109,84,78,5.471413807432754,xi_mp_3.84_10
drop_setor_externo__expectativas__eua__imoveis,pre_covid,8,8,6,109,84,78,5.152955491201504,xi_mp_3.84_10
drop_setor_externo__expectativas__imoveis,full,5,3,6,114,153,147,2.527181673963978,xi_mp_le_3.84
drop_setor_externo__expectativas__imoveis,full,5,4,6,114,153,147,4.108326249591263,xi_mp_3.84_10
drop_setor_externo__expectativas__imoveis,full,5,5,6,114,153,147,4.945687091698545,xi_mp_3.84_10
drop_setor_externo__expectativas__imoveis,full,6,3,6,114,153,147,2.930164973470473,xi_mp_le_3.84
drop_setor_externo__expectativas__imoveis,full,6,4,6,114,153,147,4.11143889135833,xi_mp_3.84_10
drop_setor_externo__expectativas__imoveis,full,6,5,6,114,153,147,4.459709029915501,xi_mp_3.84_10
drop_setor_externo__expectativas__imoveis,full,6,6,6,114,153,147,5.76825322897052,xi_mp_3.84_10
drop_setor_externo__expectativas__imoveis,full,7,3,6,114,153,147,3.951931579757321,xi_mp_3.84_10
drop_setor_externo__expectativas__imoveis,full,7,4,6,114,153,147,4.383104017157235,xi_mp_3.84_10
drop_setor_externo__expectativas__imoveis,full,7,5,6,114,153,147,4.922621566743041,xi_mp_3.84_10
drop_setor_externo__expectativas__imoveis,full,7,6,6,114,153,147,5.203196879977531,xi_mp_3.84_10
drop_setor_externo__expectativas__imoveis,full,7,7,6,114,153,147,7.596467822420544,xi_mp_3.84_10
drop_setor_externo__expectativas__imoveis,full,8,3,6,114,153,147,4.6684470524257025,xi_mp_3.84_10
drop_setor_externo__expectativas__imoveis,full,8,4,6,114,153,147,4.889972063557749,xi_mp_3.84_10
drop_setor_externo__expectativas__imoveis,full,8,5,6,114,153,147,5.691756675491708,xi_mp_3.84_10
drop_setor_externo__expectativas__imoveis,full,8,6,6,114,153,147,5.667097732910521,xi_mp_3.84_10
drop_setor_externo__expectativas__imoveis,full,8,7,6,114,153,147,5.834211704092477,xi_mp_3.84_10
drop_setor_externo__expectativas__imoveis,full,8,8,6,114,153,147,7.703666502219199,xi_mp_3.84_10
drop_setor_externo__expectativas__imoveis,pre_covid,5,3,6,114,84,78,6.467970385327207,xi_mp_3.84_10
drop_setor_externo__expectativas__imoveis,pre_covid,5,4,6,114,84,78,6.7253136185577045,xi_mp_3.84_10
drop_setor_externo__expectativas__imoveis,pre_covid,5,5,6,114,84,78,5.635001720432932,xi_mp_3.84_10
drop_setor_externo__expectativas__imoveis,pre_covid,6,3,6,114,84,78,4.63341414800045,xi_mp_3.84_10
drop_setor_externo__expectativas__imoveis,pre_covid,6,4,6,114,84,78,8.984818283303328,xi_mp_3.84_10
drop_setor_externo__expectativas__imoveis,pre_covid,6,5,6,114,84,78,11.56871274607207,xi_mp_ge_10
drop_setor_externo__expectativas__imoveis,pre_covid,6,6,6,114,84,78,9.074890678375137,xi_mp_3.84_10
drop_setor_externo__expectativas__imoveis,pre_covid,7,3,6,114,84,78,0.9937880234169572,xi_mp_le_3.84
drop_setor_externo__expectativas__imoveis,pre_covid,7,4,6,114,84,78,2.239878025302768,xi_mp_le_3.84
drop_setor_externo__expectativas__imoveis,pre_covid,7,5,6,114,84,78,8.668682119767997,xi_mp_3.84_10
drop_setor_externo__expectativas__imoveis,pre_covid,7,6,6,114,84,78,9.14137913643216,xi_mp_3.84_10
drop_setor_externo__expectativas__imoveis,pre_covid,7,7,6,114,84,78,8.751747962752027,xi_mp_3.84_10
drop_setor_externo__expectativas__imoveis,pre_covid,8,3,6,114,84,78,0.12650750154413523,xi_mp_le_3.84
drop_setor_externo__expectativas__imoveis,pre_covid,8,4,6,114,84,78,0.07233459973064936,xi_mp_le_3.84
drop_setor_externo__expectativas__imoveis,pre_covid,8,5,6,114,84,78,0.3662776492313195,xi_mp_le_3.84
drop_setor_externo__expectativas__imoveis,pre_covid,8,6,6,114,84,78,3.0828519175945783,xi_mp_le_3.84
drop_setor_externo__expectativas__imoveis,pre_covid,8,7,6,114,84,78,4.398945535215543,xi_mp_3.84_10
drop_setor_externo__expectativas__imoveis,pre_covid,8,8,6,114,84,78,4.461369520419693,xi_mp_3.84_10
drop_setor_externo__imoveis,full,5,3,6,118,153,147,2.779592036451811,xi_mp_le_3.84
drop_setor_externo__imoveis,full,5,4,6,118,153,147,4.531219280837167,xi_mp_3.84_10
drop_setor_externo__imoveis,full,5,5,6,118,153,147,5.145106822637394,xi_mp_3.84_10
drop_setor_externo__imoveis,full,6,3,6,118,153,147,2.5642931124166757,xi_mp_le_3.84
drop_setor_externo__imoveis,full,6,4,6,118,153,147,3.8872136792055167,xi_mp_3.84_10
drop_setor_externo__imoveis,full,6,5,6,118,153,147,4.416275256972674,xi_mp_3.84_10
drop_setor_externo__imoveis,full,6,6,6,118,153,147,5.939831395110543,xi_mp_3.84_10
drop_setor_externo__imoveis,full,7,3,6,118,153,147,4.920530691635727,xi_mp_3.84_10
drop_setor_externo__imoveis,full,7,4,6,118,153,147,4.711991739935086,xi_mp_3.84_10
drop_setor_externo__imoveis,full,7,5,6,118,153,147,5.232314805352882,xi_mp_3.84_10
drop_setor_externo__imoveis,full,7,6,6,118,153,147,5.465226110036304,xi_mp_3.84_10
drop_setor_externo__imoveis,full,7,7,6,118,153,147,7.108496081829894,xi_mp_3.84_10
drop_setor_externo__imoveis,full,8,3,6,118,153,147,5.059297601544667,xi_mp_3.84_10
drop_setor_externo__imoveis,full,8,4,6,118,153,147,5.350495326268488,xi_mp_3.84_10
drop_setor_externo__imoveis,full,8,5,6,118,153,147,5.868412501194204,xi_mp_3.84_10
drop_setor_externo__imoveis,full,8,6,6,118,153,147,6.04487376489798,xi_mp_3.84_10
drop_setor_externo__imoveis,full,8,7,6,118,153,147,6.268009736596982,xi_mp_3.84_10
drop_setor_externo__imoveis,full,8,8,6,118,153,147,7.617168162059214,xi_mp_3.84_10
drop_setor_externo__imoveis,pre_covid,5,3,6,118,84,78,8.894579332146776,xi_mp_3.84_10
drop_setor_externo__imoveis,pre_covid,5,4,6,118,84,78,9.496773380488492,xi_mp_3.84_10
drop_setor_externo__imoveis,pre_covid,5,5,6,118,84,78,9.15849499425605,xi_mp_3.84_10
drop_setor_externo__imoveis,pre_covid,6,3,6,118,84,78,4.895273829777948,xi_mp_3.84_10
drop_setor_externo__imoveis,pre_covid,6,4,6,118,84,78,11.494823860929582,xi_mp_ge_10
drop_setor_externo__imoveis,pre_covid,6,5,6,118,84,78,13.581348692687996,xi_mp_ge_10
drop_setor_externo__imoveis,pre_covid,6,6,6,118,84,78,11.619199612297862,xi_mp_ge_10
drop_setor_externo__imoveis,pre_covid,7,3,6,118,84,78,2.4933184644819164,xi_mp_le_3.84
drop_setor_externo__imoveis,pre_covid,7,4,6,118,84,78,5.009812086259514,xi_mp_3.84_10
drop_setor_externo__imoveis,pre_covid,7,5,6,118,84,78,18.061899411097937,xi_mp_ge_10
drop_setor_externo__imoveis,pre_covid,7,6,6,118,84,78,18.348808456036995,xi_mp_ge_10
drop_setor_externo__imoveis,pre_covid,7,7,6,118,84,78,18.10299689508158,xi_mp_ge_10
drop_setor_externo__imoveis,pre_covid,8,3,6,118,84,78,2.5013657588159486,xi_mp_le_3.84
drop_setor_externo__imoveis,pre_covid,8,4,6,118,84,78,2.1076918213324536,xi_mp_le_3.84
drop_setor_externo__imoveis,pre_covid,8,5,6,118,84,78,16.90726658425975,xi_mp_ge_10
drop_setor_externo__imoveis,pre_covid,8,6,6,118,84,78,16.294071888929782,xi_mp_ge_10
drop_setor_externo__imoveis,pre_covid,8,7,6,118,84,78,14.914484002711385,xi_mp_ge_10
drop_setor_externo__imoveis,pre_covid,8,8,6,118,84,78,14.542632493446593,xi_mp_ge_10
