teste,proxy,conjunto,x,n,coef,se_hc1,t,p_asym,p_boot,r2,amostra,instrumento,meses_nao_nulos,xi_mp,f_robust_mp,impacto_mp_pre,ar_limitada,bandas_validas,denom_vs_prod,cor_t,cor_tm1,cor_tp1,n_copom,n_valid,sd,pct_zero,r2_risco,variavel,h,ponto,lo68,hi68,lo90,hi90,sig68,sig90
A_nivel,d_cds_bp,jk_bs (producao),e_di_bs,62,0.14028141820790993,0.04898189413030931,2.8639443349150877,0.0057570973875073865,0.0025,0.10371069787179511,NA,NA,NA,NA,NA,NA,NA,NA,NA,NA,NA,NA,NA,NA,NA,NA,NA,NA,NA,NA,NA,NA,NA,NA,NA,NA
A_nivel,d_cds_bp,copom (todos),e_di_bs,95,-0.004140995846481741,0.0650518114992857,-0.06365688750308224,0.9493800573592014,0.963,5.439400010555529e-5,NA,NA,NA,NA,NA,NA,NA,NA,NA,NA,NA,NA,NA,NA,NA,NA,NA,NA,NA,NA,NA,NA,NA,NA,NA,NA
A_nivel,d_cds_bp,copom rejeitados,e_di_bs,33,-0.2845966924793433,0.1628469134284139,-1.747633323148305,0.09042783796463304,0.0095,0.15106636140471577,NA,NA,NA,NA,NA,NA,NA,NA,NA,NA,NA,NA,NA,NA,NA,NA,NA,NA,NA,NA,NA,NA,NA,NA,NA,NA
A_nivel,d_cds_bp,nao-copom (controle),e_di_bs,503,0.4358325374591649,0.10012424411727698,4.352917131126283,1.629317808241456e-5,0,0.2175520221911891,NA,NA,NA,NA,NA,NA,NA,NA,NA,NA,NA,NA,NA,NA,NA,NA,NA,NA,NA,NA,NA,NA,NA,NA,NA,NA
A_nivel,d_cds_bp,jk (contemporaneo),e_di,65,0.002680607433010346,0.09038245402418599,0.029658493586520965,0.9764331707267722,0.986,1.8240163617807574e-5,NA,NA,NA,NA,NA,NA,NA,NA,NA,NA,NA,NA,NA,NA,NA,NA,NA,NA,NA,NA,NA,NA,NA,NA,NA,NA
A_nivel,d_cds_bp,jk_raw,delta_di,55,0.1302503694755057,0.04430464105469586,2.9398809328960906,0.004856050372509228,5e-4,0.10560018412026743,NA,NA,NA,NA,NA,NA,NA,NA,NA,NA,NA,NA,NA,NA,NA,NA,NA,NA,NA,NA,NA,NA,NA,NA,NA,NA
A_nivel,d_cds_bp,jk_us,e_di_us,63,-0.002373961306090097,0.0945363647316701,-0.025111620410074954,0.9800479008808427,0.994,1.4372827819163103e-5,NA,NA,NA,NA,NA,NA,NA,NA,NA,NA,NA,NA,NA,NA,NA,NA,NA,NA,NA,NA,NA,NA,NA,NA,NA,NA
A_nivel,d_embi_bp,jk_bs (producao),e_di_bs,61,0.09850526754656816,0.05649554772238851,1.7435934603308874,0.086438837348836145,0.1085,0.03882386288097924,NA,NA,NA,NA,NA,NA,NA,NA,NA,NA,NA,NA,NA,NA,NA,NA,NA,NA,NA,NA,NA,NA,NA,NA,NA,NA
A_nivel,d_embi_bp,copom (todos),e_di_bs,94,0.06619265340149201,0.050015810335036014,1.3234345891447876,0.18897037138017,0.1775,0.016509521681193736,NA,NA,NA,NA,NA,NA,NA,NA,NA,NA,NA,NA,NA,NA,NA,NA,NA,NA,NA,NA,NA,NA,NA,NA,NA,NA
A_nivel,d_embi_bp,copom rejeitados,e_di_bs,33,0.01858263608717436,0.10399188608708657,0.1786931344971721,0.8593413927298326,0.8985,0.0012127366241881574,NA,NA,NA,NA,NA,NA,NA,NA,NA,NA,NA,NA,NA,NA,NA,NA,NA,NA,NA,NA,NA,NA,NA,NA,NA,NA
A_nivel,d_embi_bp,nao-copom (controle),e_di_bs,498,0.32635912255437777,0.0822480967553416,3.9679838856962046,8.31808826848158e-5,0.003,0.12996356794049643,NA,NA,NA,NA,NA,NA,NA,NA,NA,NA,NA,NA,NA,NA,NA,NA,NA,NA,NA,NA,NA,NA,NA,NA,NA,NA
A_nivel,d_embi_bp,jk (contemporaneo),e_di,64,0.07342473293264244,0.0634322620541387,1.1575297893361471,0.25149593370604345,0.2415,0.019843325499038313,NA,NA,NA,NA,NA,NA,NA,NA,NA,NA,NA,NA,NA,NA,NA,NA,NA,NA,NA,NA,NA,NA,NA,NA,NA,NA
A_nivel,d_embi_bp,jk_raw,delta_di,54,0.08675797351011862,0.05106195979375606,1.699072535808301,0.0952815050126331,0.1195,0.04138364281633677,NA,NA,NA,NA,NA,NA,NA,NA,NA,NA,NA,NA,NA,NA,NA,NA,NA,NA,NA,NA,NA,NA,NA,NA,NA,NA
A_nivel,d_embi_bp,jk_us,e_di_us,62,0.07935744973392961,0.06525457263314526,1.2161209020564632,0.2287017422698146,0.233,0.024578827021552226,NA,NA,NA,NA,NA,NA,NA,NA,NA,NA,NA,NA,NA,NA,NA,NA,NA,NA,NA,NA,NA,NA,NA,NA,NA,NA
A_nivel,d_cds_bp_lag1,jk_bs (producao),e_di_bs,62,0.1310297444225008,0.060736833038650254,2.1573358021337596,0.03499433695331687,0.061,0.08416309337613262,NA,NA,NA,NA,NA,NA,NA,NA,NA,NA,NA,NA,NA,NA,NA,NA,NA,NA,NA,NA,NA,NA,NA,NA,NA,NA
A_nivel,d_cds_bp_lag1,copom (todos),e_di_bs,95,0.07652253978366409,0.04681200786750697,1.6346775810225334,0.10549726975434791,0.135,0.03198298648103915,NA,NA,NA,NA,NA,NA,NA,NA,NA,NA,NA,NA,NA,NA,NA,NA,NA,NA,NA,NA,NA,NA,NA,NA,NA,NA
A_nivel,d_cds_bp_lag1,copom rejeitados,e_di_bs,33,-0.02982773172562625,0.07265271026639389,-0.4105522232585357,0.6842248514833682,0.6925,0.006248184414347043,NA,NA,NA,NA,NA,NA,NA,NA,NA,NA,NA,NA,NA,NA,NA,NA,NA,NA,NA,NA,NA,NA,NA,NA,NA,NA
A_nivel,d_cds_bp_lag1,nao-copom (controle),e_di_bs,503,-0.0644753256340211,0.06064058675055411,-1.0632371665406413,0.28818661731836986,0.4505,0.007505137268391799,NA,NA,NA,NA,NA,NA,NA,NA,NA,NA,NA,NA,NA,NA,NA,NA,NA,NA,NA,NA,NA,NA,NA,NA,NA,NA
A_nivel,d_cds_bp_lag1,jk (contemporaneo),e_di,65,0.07893697625404665,0.05183657454135569,1.522804640400573,0.13281167626324494,0.1875,0.03662756922018412,NA,NA,NA,NA,NA,NA,NA,NA,NA,NA,NA,NA,NA,NA,NA,NA,NA,NA,NA,NA,NA,NA,NA,NA,NA,NA
A_nivel,d_cds_bp_lag1,jk_raw,delta_di,55,0.1219441103830248,0.05786715519396124,2.1073113059435546,0.03983896205306445,0.077,0.0940718504201543,NA,NA,NA,NA,NA,NA,NA,NA,NA,NA,NA,NA,NA,NA,NA,NA,NA,NA,NA,NA,NA,NA,NA,NA,NA,NA
A_nivel,d_cds_bp_lag1,jk_us,e_di_us,63,0.07794601022532498,0.052130194969358556,1.4952180837063935,0.14001329176702382,0.1705,0.03559542181035913,NA,NA,NA,NA,NA,NA,NA,NA,NA,NA,NA,NA,NA,NA,NA,NA,NA,NA,NA,NA,NA,NA,NA,NA,NA,NA
A_nivel,d_embi_bp_lag1,jk_bs (producao),e_di_bs,62,0.2192311469969243,0.0799783590114454,2.741130847227698,0.00805556277571295,0.019,0.1424515194618589,NA,NA,NA,NA,NA,NA,NA,NA,NA,NA,NA,NA,NA,NA,NA,NA,NA,NA,NA,NA,NA,NA,NA,NA,NA,NA
A_nivel,d_embi_bp_lag1,copom (todos),e_di_bs,95,0.15066340461837519,0.06327742233625329,2.3809978196924146,0.019304556845831575,0.026,0.07344110605829215,NA,NA,NA,NA,NA,NA,NA,NA,NA,NA,NA,NA,NA,NA,NA,NA,NA,NA,NA,NA,NA,NA,NA,NA,NA,NA
A_nivel,d_embi_bp_lag1,copom rejeitados,e_di_bs,33,0.019575975495487334,0.09135448037178495,0.2142858830329839,0.8317274460903779,0.8425,0.00149333587329608,NA,NA,NA,NA,NA,NA,NA,NA,NA,NA,NA,NA,NA,NA,NA,NA,NA,NA,NA,NA,NA,NA,NA,NA,NA,NA
A_nivel,d_embi_bp_lag1,nao-copom (controle),e_di_bs,502,-0.03740082568890877,0.057392457141952256,-0.6516679638999081,0.5149148117537488,0.679,0.001971686689537877,NA,NA,NA,NA,NA,NA,NA,NA,NA,NA,NA,NA,NA,NA,NA,NA,NA,NA,NA,NA,NA,NA,NA,NA,NA,NA
A_nivel,d_embi_bp_lag1,jk (contemporaneo),e_di,65,0.11509944143307914,0.06275047762051378,1.8342400854563685,0.07134163174517208,0.1125,0.05232376438614739,NA,NA,NA,NA,NA,NA,NA,NA,NA,NA,NA,NA,NA,NA,NA,NA,NA,NA,NA,NA,NA,NA,NA,NA,NA,NA
A_nivel,d_embi_bp_lag1,jk_raw,delta_di,55,0.20954356675273283,0.07660459884641016,2.735391476598698,0.008456344987331627,0.012,0.18812189826100523,NA,NA,NA,NA,NA,NA,NA,NA,NA,NA,NA,NA,NA,NA,NA,NA,NA,NA,NA,NA,NA,NA,NA,NA,NA,NA
A_nivel,d_embi_bp_lag1,jk_us,e_di_us,63,0.11077798909793186,0.06318737708278842,1.7531664426075162,0.0845973437385075,0.115,0.052322380598520846,NA,NA,NA,NA,NA,NA,NA,NA,NA,NA,NA,NA,NA,NA,NA,NA,NA,NA,NA,NA,NA,NA,NA,NA,NA,NA
A_nivel,d_lbrl,jk_bs (producao),e_di_bs,61,0.0044392974963871085,0.011109501773930188,0.3995946521026232,0.6908980227966215,0.722,0.0030509015009681857,NA,NA,NA,NA,NA,NA,NA,NA,NA,NA,NA,NA,NA,NA,NA,NA,NA,NA,NA,NA,NA,NA,NA,NA,NA,NA
A_nivel,d_lbrl,copom (todos),e_di_bs,94,-0.00417488769741747,0.009441143605761516,-0.44220148233628376,0.6593812137326864,0.68,0.0026081792249754714,NA,NA,NA,NA,NA,NA,NA,NA,NA,NA,NA,NA,NA,NA,NA,NA,NA,NA,NA,NA,NA,NA,NA,NA,NA,NA
A_nivel,d_lbrl,copom rejeitados,e_di_bs,33,-0.018899954607580743,0.015385112341835946,-1.2284573675934147,0.2285203132524877,0.2355,0.051190523267787225,NA,NA,NA,NA,NA,NA,NA,NA,NA,NA,NA,NA,NA,NA,NA,NA,NA,NA,NA,NA,NA,NA,NA,NA,NA,NA
A_nivel,d_lbrl,nao-copom (controle),e_di_bs,502,0.0505990744116295,0.010908966059770245,4.638301570872719,4.49118827814973e-6,0.0055,0.15190535011237902,NA,NA,NA,NA,NA,NA,NA,NA,NA,NA,NA,NA,NA,NA,NA,NA,NA,NA,NA,NA,NA,NA,NA,NA,NA,NA
A_nivel,d_lbrl,jk (contemporaneo),e_di,64,0.006254522867979791,0.010451911528637697,0.598409472835923,0.5517467153198242,0.5905,0.006366817755854299,NA,NA,NA,NA,NA,NA,NA,NA,NA,NA,NA,NA,NA,NA,NA,NA,NA,NA,NA,NA,NA,NA,NA,NA,NA,NA
A_nivel,d_lbrl,jk_raw,delta_di,55,0.00244365847794244,0.010735465316507993,0.22762483095956826,0.8208137508343094,0.8435,0.0011489047834070218,NA,NA,NA,NA,NA,NA,NA,NA,NA,NA,NA,NA,NA,NA,NA,NA,NA,NA,NA,NA,NA,NA,NA,NA,NA,NA
A_nivel,d_lbrl,jk_us,e_di_us,62,0.006185420373271768,0.010419954924348772,0.593612968403349,0.5550023680752112,0.5765,0.006495055587254396,NA,NA,NA,NA,NA,NA,NA,NA,NA,NA,NA,NA,NA,NA,NA,NA,NA,NA,NA,NA,NA,NA,NA,NA,NA,NA
A_nivel,d_slope_bp,jk_bs (producao),e_di_bs,62,0.8014587627217915,0.2881655836925196,2.7812438683759315,0.00722555383675186,0.0025,0.30022597767198067,NA,NA,NA,NA,NA,NA,NA,NA,NA,NA,NA,NA,NA,NA,NA,NA,NA,NA,NA,NA,NA,NA,NA,NA,NA,NA
A_nivel,d_slope_bp,copom (todos),e_di_bs,95,0.6634325044081885,0.22493045705891318,2.949500539335249,0.0040258466026236025,0.001,0.2382958686262482,NA,NA,NA,NA,NA,NA,NA,NA,NA,NA,NA,NA,NA,NA,NA,NA,NA,NA,NA,NA,NA,NA,NA,NA,NA,NA
A_nivel,d_slope_bp,copom rejeitados,e_di_bs,33,0.39751916784184765,0.291997387845083,1.3613791916958806,0.18320767915985273,0.198,0.1220499411919159,NA,NA,NA,NA,NA,NA,NA,NA,NA,NA,NA,NA,NA,NA,NA,NA,NA,NA,NA,NA,NA,NA,NA,NA,NA,NA
A_nivel,d_slope_bp,nao-copom (controle),e_di_bs,503,1.138299193960805,0.09165761911486421,12.419035154451286,4.6287025362070855e-31,0,0.4318637317666132,NA,NA,NA,NA,NA,NA,NA,NA,NA,NA,NA,NA,NA,NA,NA,NA,NA,NA,NA,NA,NA,NA,NA,NA,NA,NA
A_nivel,d_slope_bp,jk (contemporaneo),e_di,65,0.8441436989702926,0.26854906040450355,3.1433500370427527,0.0025467453697667324,0,0.34809119714007103,NA,NA,NA,NA,NA,NA,NA,NA,NA,NA,NA,NA,NA,NA,NA,NA,NA,NA,NA,NA,NA,NA,NA,NA,NA,NA
A_nivel,d_slope_bp,jk_raw,delta_di,55,0.7600731276813296,0.2783136195250319,2.7309950874070235,0.008555609023647976,5e-4,0.3132341604412048,NA,NA,NA,NA,NA,NA,NA,NA,NA,NA,NA,NA,NA,NA,NA,NA,NA,NA,NA,NA,NA,NA,NA,NA,NA,NA
A_nivel,d_slope_bp,jk_us,e_di_us,63,0.8454482102334127,0.26839457691441626,3.150019720789676,0.0025289183872405723,0,0.35419658358364636,NA,NA,NA,NA,NA,NA,NA,NA,NA,NA,NA,NA,NA,NA,NA,NA,NA,NA,NA,NA,NA,NA,NA,NA,NA,NA
A_nivel,d_di10y_bp,jk_bs (producao),e_di_bs,62,0.5728404702994537,0.22734453680301486,2.519701939421564,0.014425616362117364,0.0195,0.17659450144546915,NA,NA,NA,NA,NA,NA,NA,NA,NA,NA,NA,NA,NA,NA,NA,NA,NA,NA,NA,NA,NA,NA,NA,NA,NA,NA
A_nivel,d_di10y_bp,copom (todos),e_di_bs,95,0.31792406342410695,0.19169515416235325,1.6584877422349762,0.10058826180978152,0.1405,0.061699960171176085,NA,NA,NA,NA,NA,NA,NA,NA,NA,NA,NA,NA,NA,NA,NA,NA,NA,NA,NA,NA,NA,NA,NA,NA,NA,NA
A_nivel,d_di10y_bp,copom rejeitados,e_di_bs,33,-0.15731020179384475,0.22443069649633668,-0.7009299719230363,0.488575059555712,0.541,0.01991759984791333,NA,NA,NA,NA,NA,NA,NA,NA,NA,NA,NA,NA,NA,NA,NA,NA,NA,NA,NA,NA,NA,NA,NA,NA,NA,NA
A_nivel,d_di10y_bp,nao-copom (controle),e_di_bs,503,1.4215290587955078,0.2167583536538786,6.558128140544084,1.3592835245347855e-10,0,0.3686860749077978,NA,NA,NA,NA,NA,NA,NA,NA,NA,NA,NA,NA,NA,NA,NA,NA,NA,NA,NA,NA,NA,NA,NA,NA,NA,NA
A_nivel,d_di10y_bp,jk (contemporaneo),e_di,65,0.5676142347481445,0.20994412721758554,2.703644261312776,0.008806495511393992,0.0105,0.19201171808923145,NA,NA,NA,NA,NA,NA,NA,NA,NA,NA,NA,NA,NA,NA,NA,NA,NA,NA,NA,NA,NA,NA,NA,NA,NA,NA
A_nivel,d_di10y_bp,jk_raw,delta_di,55,0.5190382001777452,0.21887165696687855,2.3714271978865233,0.021385394726413882,0.0315,0.17610042668535902,NA,NA,NA,NA,NA,NA,NA,NA,NA,NA,NA,NA,NA,NA,NA,NA,NA,NA,NA,NA,NA,NA,NA,NA,NA,NA
A_nivel,d_di10y_bp,jk_us,e_di_us,63,0.5668650233548876,0.20926039982073733,2.708897736220001,0.008749746772217428,0.0095,0.19474717395834654,NA,NA,NA,NA,NA,NA,NA,NA,NA,NA,NA,NA,NA,NA,NA,NA,NA,NA,NA,NA,NA,NA,NA,NA,NA,NA
A_interacao,d_cds_bp,todas as quintas | x:1(jk_bs),e_di_bs,598,-0.19120188050566345,0.11436565582546339,-1.671847016708075,0.09508113785648419,0.17,0.13140491006021388,NA,NA,NA,NA,NA,NA,NA,NA,NA,NA,NA,NA,NA,NA,NA,NA,NA,NA,NA,NA,NA,NA,NA,NA,NA,NA
A_interacao,d_embi_bp,todas as quintas | x:1(jk_bs),e_di_bs,592,-0.1820096380817025,0.09377231403241315,-1.9409741559623817,0.052738916579239785,0.092,0.1035144975055972,NA,NA,NA,NA,NA,NA,NA,NA,NA,NA,NA,NA,NA,NA,NA,NA,NA,NA,NA,NA,NA,NA,NA,NA,NA,NA
A_interacao,d_cds_bp_lag1,todas as quintas | x:1(jk_bs),e_di_bs,598,0.19044294565051711,0.08072697313337762,2.35909929802355,0.018642084301440008,0.0475,0.017423785115489854,NA,NA,NA,NA,NA,NA,NA,NA,NA,NA,NA,NA,NA,NA,NA,NA,NA,NA,NA,NA,NA,NA,NA,NA,NA,NA
A_interacao,d_embi_bp_lag1,todas as quintas | x:1(jk_bs),e_di_bs,597,0.24755026939451052,0.09489108886186727,2.6087831045428183,0.00931562100131916,0.025,0.01916888657647671,NA,NA,NA,NA,NA,NA,NA,NA,NA,NA,NA,NA,NA,NA,NA,NA,NA,NA,NA,NA,NA,NA,NA,NA,NA,NA
A_interacao,d_lbrl,todas as quintas | x:1(jk_bs),e_di_bs,596,-0.03591038080118563,0.01652517419589803,-2.1730712412156903,0.030170763934696403,0.0675,0.09520344955024448,NA,NA,NA,NA,NA,NA,NA,NA,NA,NA,NA,NA,NA,NA,NA,NA,NA,NA,NA,NA,NA,NA,NA,NA,NA,NA
A_interacao,d_slope_bp,todas as quintas | x:1(jk_bs),e_di_bs,598,-0.22768413903217308,0.30180341052496673,-0.754412081149553,0.4509007909446001,0.492,0.374262447155388,NA,NA,NA,NA,NA,NA,NA,NA,NA,NA,NA,NA,NA,NA,NA,NA,NA,NA,NA,NA,NA,NA,NA,NA,NA,NA
A_interacao,d_di10y_bp,todas as quintas | x:1(jk_bs),e_di_bs,598,-0.6157164239459952,0.3267728931978663,-1.8842334745714937,0.06002148469716644,0.119,0.2834481881389549,NA,NA,NA,NA,NA,NA,NA,NA,NA,NA,NA,NA,NA,NA,NA,NA,NA,NA,NA,NA,NA,NA,NA,NA,NA,NA
xi_mp,NA,NA,NA,NA,NA,NA,NA,NA,NA,NA,full,z_jk_bs_purif,62,6.270849621527436,10.12053813845554,8.42628715321554e-5,TRUE,FALSE,1,NA,NA,NA,NA,NA,NA,NA,NA,NA,NA,NA,NA,NA,NA,NA,NA,NA
xi_mp,NA,NA,NA,NA,NA,NA,NA,NA,NA,NA,full,z_jk_bs_norisk,60,6.618824923935066,10.286105945980903,8.302014689918008e-5,TRUE,FALSE,0.985251812448605,NA,NA,NA,NA,NA,NA,NA,NA,NA,NA,NA,NA,NA,NA,NA,NA,NA
xi_mp,NA,NA,NA,NA,NA,NA,NA,NA,NA,NA,full,z_jk_bs_norisk_cds,60,7.576391302779588,13.095026992432317,9.231114914084939e-5,TRUE,FALSE,1.0955139252004091,NA,NA,NA,NA,NA,NA,NA,NA,NA,NA,NA,NA,NA,NA,NA,NA,NA
xi_mp,NA,NA,NA,NA,NA,NA,NA,NA,NA,NA,full,z_jk_bs_norisk_mask,62,4.264230883316313,4.8589607195719084,6.0572264036908333e-05,TRUE,FALSE,0.7188487994239962,NA,NA,NA,NA,NA,NA,NA,NA,NA,NA,NA,NA,NA,NA,NA,NA,NA
xi_mp,NA,NA,NA,NA,NA,NA,NA,NA,NA,NA,pre_covid,z_jk_bs_purif,31,10.992676983493542,9.747458077834912,8.05441604945774e-5,TRUE,TRUE,1,NA,NA,NA,NA,NA,NA,NA,NA,NA,NA,NA,NA,NA,NA,NA,NA,NA
xi_mp,NA,NA,NA,NA,NA,NA,NA,NA,NA,NA,pre_covid,z_jk_bs_norisk,30,7.757505300667579,6.674826199127518,7.287469434410997e-5,TRUE,FALSE,0.904779364470702,NA,NA,NA,NA,NA,NA,NA,NA,NA,NA,NA,NA,NA,NA,NA,NA,NA
xi_mp,NA,NA,NA,NA,NA,NA,NA,NA,NA,NA,pre_covid,z_jk_bs_norisk_cds,30,8.89713856877596,8.690394090888676,7.937236857916263e-5,TRUE,FALSE,0.9854515596385952,NA,NA,NA,NA,NA,NA,NA,NA,NA,NA,NA,NA,NA,NA,NA,NA,NA
xi_mp,NA,NA,NA,NA,NA,NA,NA,NA,NA,NA,pre_covid,z_jk_bs_norisk_mask,30,6.685625919229236,7.231713219539223,7.110619077185732e-5,TRUE,FALSE,0.882822421082215,NA,NA,NA,NA,NA,NA,NA,NA,NA,NA,NA,NA,NA,NA,NA,NA,NA
alinhamento,CDS 5a,r_brl,NA,NA,NA,NA,NA,NA,NA,NA,NA,NA,NA,NA,NA,NA,NA,NA,NA,0.30249460159439945,0.06631181299818174,0.2575564274284168,NA,NA,NA,NA,NA,NA,NA,NA,NA,NA,NA,NA,NA,NA
alinhamento,CDS 5a,r_sp500,NA,NA,NA,NA,NA,NA,NA,NA,NA,NA,NA,NA,NA,NA,NA,NA,NA,-0.5412166731755452,-0.03994903929464791,0.06586376963121404,NA,NA,NA,NA,NA,NA,NA,NA,NA,NA,NA,NA,NA,NA
alinhamento,CDS 5a,d_vix,NA,NA,NA,NA,NA,NA,NA,NA,NA,NA,NA,NA,NA,NA,NA,NA,NA,0.44299639006993535,-0.007147303151599126,-0.10996003462055796,NA,NA,NA,NA,NA,NA,NA,NA,NA,NA,NA,NA,NA,NA
alinhamento,CDS 5a,r_ibov,NA,NA,NA,NA,NA,NA,NA,NA,NA,NA,NA,NA,NA,NA,NA,NA,NA,-0.5796882824561448,-0.0886259851119916,0.034035891698924896,NA,NA,NA,NA,NA,NA,NA,NA,NA,NA,NA,NA,NA,NA
alinhamento,EMBI+,r_brl,NA,NA,NA,NA,NA,NA,NA,NA,NA,NA,NA,NA,NA,NA,NA,NA,NA,0.22544706691377045,0.08223203553640611,0.21026090592111743,NA,NA,NA,NA,NA,NA,NA,NA,NA,NA,NA,NA,NA,NA
alinhamento,EMBI+,r_sp500,NA,NA,NA,NA,NA,NA,NA,NA,NA,NA,NA,NA,NA,NA,NA,NA,NA,-0.49769967940667964,-0.045106919743072516,0.05985846260535563,NA,NA,NA,NA,NA,NA,NA,NA,NA,NA,NA,NA,NA,NA
alinhamento,EMBI+,d_vix,NA,NA,NA,NA,NA,NA,NA,NA,NA,NA,NA,NA,NA,NA,NA,NA,NA,0.41315789681457105,-0.0072031243116929735,-0.10927146081079508,NA,NA,NA,NA,NA,NA,NA,NA,NA,NA,NA,NA,NA,NA
alinhamento,EMBI+,r_ibov,NA,NA,NA,NA,NA,NA,NA,NA,NA,NA,NA,NA,NA,NA,NA,NA,NA,-0.5081188469585801,-0.08816282868891626,0.016227353322108583,NA,NA,NA,NA,NA,NA,NA,NA,NA,NA,NA,NA,NA,NA
qualidade,d_cds_bp,"CDS 5a (bp, Qua->Qui)",NA,NA,NA,NA,NA,NA,NA,NA,NA,NA,NA,NA,NA,NA,NA,NA,NA,NA,NA,NA,95,598,7.318661648236263,0.5016722408026756,NA,NA,NA,NA,NA,NA,NA,NA,NA,NA
qualidade,d_embi_bp,"EMBI+ (bp, Qua->Qui)",NA,NA,NA,NA,NA,NA,NA,NA,NA,NA,NA,NA,NA,NA,NA,NA,NA,NA,NA,NA,94,592,7.026293110421297,8.277027027027026,NA,NA,NA,NA,NA,NA,NA,NA,NA,NA
qualidade,d_cds_bp_lag1,"CDS 5a (bp, Qui->Sex, janela do dia SEGUINTE)",NA,NA,NA,NA,NA,NA,NA,NA,NA,NA,NA,NA,NA,NA,NA,NA,NA,NA,NA,NA,95,598,5.7950309717383535,0,NA,NA,NA,NA,NA,NA,NA,NA,NA,NA
qualidade,d_embi_bp_lag1,"EMBI+ (bp, Qui->Sex, janela do dia SEGUINTE)",NA,NA,NA,NA,NA,NA,NA,NA,NA,NA,NA,NA,NA,NA,NA,NA,NA,NA,NA,NA,95,597,6.66617706430112,11.222780569514237,NA,NA,NA,NA,NA,NA,NA,NA,NA,NA
qualidade,d_lbrl,"BRL/USD (log x100, + = depreciacao)",NA,NA,NA,NA,NA,NA,NA,NA,NA,NA,NA,NA,NA,NA,NA,NA,NA,NA,NA,NA,94,596,1.0258198570032473,0.16778523489932887,NA,NA,NA,NA,NA,NA,NA,NA,NA,NA
qualidade,d_slope_bp,Slope DI 504-63bd (bp),NA,NA,NA,NA,NA,NA,NA,NA,NA,NA,NA,NA,NA,NA,NA,NA,NA,NA,NA,NA,95,598,14.306227403624455,1.3377926421404682,NA,NA,NA,NA,NA,NA,NA,NA,NA,NA
qualidade,d_di10y_bp,DI ~10a (bp),NA,NA,NA,NA,NA,NA,NA,NA,NA,NA,NA,NA,NA,NA,NA,NA,NA,NA,NA,NA,95,598,18.170897959740913,3.678929765886288,NA,NA,NA,NA,NA,NA,NA,NA,NA,NA
mascara,NA,producao (jk_bs),NA,62,NA,NA,NA,NA,NA,NA,NA,NA,NA,NA,NA,NA,NA,NA,NA,NA,NA,NA,NA,NA,NA,NA,NA,NA,NA,NA,NA,NA,NA,NA,NA,NA
mascara,NA,re-derivada no risco (jk_bs_norisk),NA,63,NA,NA,NA,NA,NA,NA,NA,NA,NA,NA,NA,NA,NA,NA,NA,NA,NA,NA,NA,NA,NA,NA,0.15369869947774847,NA,NA,NA,NA,NA,NA,NA,NA,NA
mascara,NA,intersecao,NA,50,NA,NA,NA,NA,NA,NA,NA,NA,NA,NA,NA,NA,NA,NA,NA,NA,NA,NA,NA,NA,NA,NA,0.40401031280011296,NA,NA,NA,NA,NA,NA,NA,NA,NA
mascara,NA,dias Copom sem proxy de risco,NA,2,NA,NA,NA,NA,NA,NA,NA,NA,NA,NA,NA,NA,NA,NA,NA,NA,NA,NA,NA,NA,NA,NA,NA,NA,NA,NA,NA,NA,NA,NA,NA,NA
IRF,NA,NA,NA,NA,NA,NA,NA,NA,NA,NA,NA,z_jk_bs_purif,NA,NA,NA,NA,NA,NA,NA,NA,NA,NA,NA,NA,NA,NA,NA,yield_6m,0,0.005,0.005,0.005,0.005,0.005,TRUE,TRUE
IRF,NA,NA,NA,NA,NA,NA,NA,NA,NA,NA,NA,z_jk_bs_purif,NA,NA,NA,NA,NA,NA,NA,NA,NA,NA,NA,NA,NA,NA,NA,yield_6m,1,0.006540994796769265,0.00554351413376693,0.007060929137761438,0.005055001826307267,0.007653255864600442,TRUE,TRUE
IRF,NA,NA,NA,NA,NA,NA,NA,NA,NA,NA,NA,z_jk_bs_purif,NA,NA,NA,NA,NA,NA,NA,NA,NA,NA,NA,NA,NA,NA,NA,yield_6m,2,0.00781426252086421,0.0059964497561429625,0.008404944627363829,0.00504039282210153,0.00915422350903628,TRUE,TRUE
IRF,NA,NA,NA,NA,NA,NA,NA,NA,NA,NA,NA,z_jk_bs_purif,NA,NA,NA,NA,NA,NA,NA,NA,NA,NA,NA,NA,NA,NA,NA,yield_6m,3,0.00896786196868518,0.006464839914911147,0.009725927222902022,0.005225229619005899,0.010947715666552652,TRUE,TRUE
IRF,NA,NA,NA,NA,NA,NA,NA,NA,NA,NA,NA,z_jk_bs_purif,NA,NA,NA,NA,NA,NA,NA,NA,NA,NA,NA,NA,NA,NA,NA,yield_6m,4,0.008634163735481582,0.005519642649283511,0.009689111996965061,0.00391145874252416,0.011012543881975532,TRUE,TRUE
IRF,NA,NA,NA,NA,NA,NA,NA,NA,NA,NA,NA,z_jk_bs_purif,NA,NA,NA,NA,NA,NA,NA,NA,NA,NA,NA,NA,NA,NA,NA,yield_6m,5,0.008647511575173683,0.005314131082424515,0.010102087010087727,0.0034215908184071853,0.011731849654599346,TRUE,TRUE
IRF,NA,NA,NA,NA,NA,NA,NA,NA,NA,NA,NA,z_jk_bs_purif,NA,NA,NA,NA,NA,NA,NA,NA,NA,NA,NA,NA,NA,NA,NA,yield_6m,6,0.00851826475057962,0.0049853688271002195,0.010498267130224817,0.0030251331214005204,0.01246877022170665,TRUE,TRUE
IRF,NA,NA,NA,NA,NA,NA,NA,NA,NA,NA,NA,z_jk_bs_purif,NA,NA,NA,NA,NA,NA,NA,NA,NA,NA,NA,NA,NA,NA,NA,yield_6m,7,0.008087055406926787,0.004433659734676986,0.010574037039291198,0.00234166533707019,0.012725760633766065,TRUE,TRUE
IRF,NA,NA,NA,NA,NA,NA,NA,NA,NA,NA,NA,z_jk_bs_purif,NA,NA,NA,NA,NA,NA,NA,NA,NA,NA,NA,NA,NA,NA,NA,yield_6m,8,0.00769435659825822,0.004057068944894378,0.010853052299103496,0.0017571451605617417,0.013272947787485294,TRUE,TRUE
IRF,NA,NA,NA,NA,NA,NA,NA,NA,NA,NA,NA,z_jk_bs_purif,NA,NA,NA,NA,NA,NA,NA,NA,NA,NA,NA,NA,NA,NA,NA,yield_6m,9,0.007066694082075345,0.003591689359416083,0.010816297004893486,0.0011414779413680524,0.013538126280670477,TRUE,TRUE
IRF,NA,NA,NA,NA,NA,NA,NA,NA,NA,NA,NA,z_jk_bs_purif,NA,NA,NA,NA,NA,NA,NA,NA,NA,NA,NA,NA,NA,NA,NA,yield_6m,10,0.006591777450045699,0.003147382377319894,0.010897916480686236,6.813472532901931e-4,0.013821842242625112,TRUE,TRUE
IRF,NA,NA,NA,NA,NA,NA,NA,NA,NA,NA,NA,z_jk_bs_purif,NA,NA,NA,NA,NA,NA,NA,NA,NA,NA,NA,NA,NA,NA,NA,yield_6m,11,0.006028463301713326,0.002731892705317073,0.010874660787874234,1.6794019688968527e-4,0.014292526071763014,TRUE,TRUE
IRF,NA,NA,NA,NA,NA,NA,NA,NA,NA,NA,NA,z_jk_bs_purif,NA,NA,NA,NA,NA,NA,NA,NA,NA,NA,NA,NA,NA,NA,NA,yield_6m,12,0.005424969500115191,0.002313869201651532,0.010777555176085207,-1.951167947535363e-4,0.01428266654966688,TRUE,FALSE
IRF,NA,NA,NA,NA,NA,NA,NA,NA,NA,NA,NA,z_jk_bs_purif,NA,NA,NA,NA,NA,NA,NA,NA,NA,NA,NA,NA,NA,NA,NA,yield_6m,13,0.004906152744611748,0.0019965448119336113,0.01079350919226837,-8.547103148121538e-4,0.014666692143076098,TRUE,FALSE
IRF,NA,NA,NA,NA,NA,NA,NA,NA,NA,NA,NA,z_jk_bs_purif,NA,NA,NA,NA,NA,NA,NA,NA,NA,NA,NA,NA,NA,NA,NA,yield_6m,14,0.004315070089640643,0.00149969904864877,0.010628174836938252,-0.0012549344917890794,0.014401368281402874,TRUE,FALSE
IRF,NA,NA,NA,NA,NA,NA,NA,NA,NA,NA,NA,z_jk_bs_purif,NA,NA,NA,NA,NA,NA,NA,NA,NA,NA,NA,NA,NA,NA,NA,yield_6m,15,0.0037747480619593795,0.001118734095076175,0.010373212682350417,-0.0016134364417539392,0.014352688251056797,TRUE,FALSE
IRF,NA,NA,NA,NA,NA,NA,NA,NA,NA,NA,NA,z_jk_bs_purif,NA,NA,NA,NA,NA,NA,NA,NA,NA,NA,NA,NA,NA,NA,NA,yield_6m,16,0.003225879732515026,7.100561273722371e-4,0.010115734661860082,-0.002209626453891165,0.014169777866411838,TRUE,FALSE
IRF,NA,NA,NA,NA,NA,NA,NA,NA,NA,NA,NA,z_jk_bs_purif,NA,NA,NA,NA,NA,NA,NA,NA,NA,NA,NA,NA,NA,NA,NA,yield_6m,17,0.0026210304091634257,2.1086878075101773e-4,0.00982700122312505,-0.0028915784278167357,0.013824946550692527,TRUE,FALSE
IRF,NA,NA,NA,NA,NA,NA,NA,NA,NA,NA,NA,z_jk_bs_purif,NA,NA,NA,NA,NA,NA,NA,NA,NA,NA,NA,NA,NA,NA,NA,yield_6m,18,0.0020376730579111484,-3.17996269522673e-4,0.009458462809240354,-0.0036409523343922537,0.013724341989442945,FALSE,FALSE
IRF,NA,NA,NA,NA,NA,NA,NA,NA,NA,NA,NA,z_jk_bs_purif,NA,NA,NA,NA,NA,NA,NA,NA,NA,NA,NA,NA,NA,NA,NA,yield_6m,19,0.0014220941869990946,-9.330141015120028e-4,0.009102724419880161,-0.004178079572289342,0.013227647476318051,FALSE,FALSE
IRF,NA,NA,NA,NA,NA,NA,NA,NA,NA,NA,NA,z_jk_bs_purif,NA,NA,NA,NA,NA,NA,NA,NA,NA,NA,NA,NA,NA,NA,NA,yield_6m,20,8.014439193548336e-4,-0.00163648876611051,0.008796562726576144,-0.0046415804463011134,0.01287671350065904,FALSE,FALSE
IRF,NA,NA,NA,NA,NA,NA,NA,NA,NA,NA,NA,z_jk_bs_purif,NA,NA,NA,NA,NA,NA,NA,NA,NA,NA,NA,NA,NA,NA,NA,yield_6m,21,1.9211688686690602e-4,-0.002185445722715727,0.008272495039162891,-0.005295286161998095,0.012706742554029034,FALSE,FALSE
IRF,NA,NA,NA,NA,NA,NA,NA,NA,NA,NA,NA,z_jk_bs_purif,NA,NA,NA,NA,NA,NA,NA,NA,NA,NA,NA,NA,NA,NA,NA,yield_6m,22,-4.312498763180892e-4,-0.0027168986400692013,0.007731917839576804,-0.006245432516901198,0.012287640146743373,FALSE,FALSE
IRF,NA,NA,NA,NA,NA,NA,NA,NA,NA,NA,NA,z_jk_bs_purif,NA,NA,NA,NA,NA,NA,NA,NA,NA,NA,NA,NA,NA,NA,NA,yield_6m,23,-0.0010519943776738055,-0.0033487198593461906,0.007350070670585536,-0.007100245907663533,0.011675344049670563,FALSE,FALSE
IRF,NA,NA,NA,NA,NA,NA,NA,NA,NA,NA,NA,z_jk_bs_purif,NA,NA,NA,NA,NA,NA,NA,NA,NA,NA,NA,NA,NA,NA,NA,yield_6m,24,-0.0016680858708984323,-0.004061293012826699,0.006729611800908855,-0.007809331626400313,0.011103189829060962,FALSE,FALSE
IRF,NA,NA,NA,NA,NA,NA,NA,NA,NA,NA,NA,z_jk_bs_purif,NA,NA,NA,NA,NA,NA,NA,NA,NA,NA,NA,NA,NA,NA,NA,yield_6m,25,-0.0022731704684768915,-0.004574851861888508,0.006084354261204495,-0.008427521132585358,0.010436677004718928,FALSE,FALSE
IRF,NA,NA,NA,NA,NA,NA,NA,NA,NA,NA,NA,z_jk_bs_purif,NA,NA,NA,NA,NA,NA,NA,NA,NA,NA,NA,NA,NA,NA,NA,yield_6m,26,-0.0028583624619030073,-0.005137554807530807,0.0055520698430285,-0.008810082190753694,0.009898593349546927,FALSE,FALSE
IRF,NA,NA,NA,NA,NA,NA,NA,NA,NA,NA,NA,z_jk_bs_purif,NA,NA,NA,NA,NA,NA,NA,NA,NA,NA,NA,NA,NA,NA,NA,yield_6m,27,-0.003423872675296941,-0.005865792630318122,0.005002832016539953,-0.00917729634117996,0.009269002509162641,FALSE,FALSE
IRF,NA,NA,NA,NA,NA,NA,NA,NA,NA,NA,NA,z_jk_bs_purif,NA,NA,NA,NA,NA,NA,NA,NA,NA,NA,NA,NA,NA,NA,NA,yield_6m,28,-0.003961486172597217,-0.0062473528480993515,0.004495313270849944,-0.009681966548398471,0.0086274739792093,FALSE,FALSE
IRF,NA,NA,NA,NA,NA,NA,NA,NA,NA,NA,NA,z_jk_bs_purif,NA,NA,NA,NA,NA,NA,NA,NA,NA,NA,NA,NA,NA,NA,NA,yield_6m,29,-0.004469082313411364,-0.006714708406642897,0.003909720537772665,-0.010385392124237367,0.007990553602805199,FALSE,FALSE
IRF,NA,NA,NA,NA,NA,NA,NA,NA,NA,NA,NA,z_jk_bs_purif,NA,NA,NA,NA,NA,NA,NA,NA,NA,NA,NA,NA,NA,NA,NA,yield_6m,30,-0.0049427333247679525,-0.007119195242609436,0.0033339928075455,-0.010836304743435513,0.0072853336573757265,FALSE,FALSE
IRF,NA,NA,NA,NA,NA,NA,NA,NA,NA,NA,NA,z_jk_bs_purif,NA,NA,NA,NA,NA,NA,NA,NA,NA,NA,NA,NA,NA,NA,NA,yield_6m,31,-0.0053765508587823975,-0.0072932301141082675,0.0027452177521332696,-0.011350449993343446,0.006535155411352229,FALSE,FALSE
IRF,NA,NA,NA,NA,NA,NA,NA,NA,NA,NA,NA,z_jk_bs_purif,NA,NA,NA,NA,NA,NA,NA,NA,NA,NA,NA,NA,NA,NA,NA,yield_6m,32,-0.005769680465760552,-0.007612812107657778,0.0023073284801739457,-0.011728833374140804,0.006139469023370826,FALSE,FALSE
IRF,NA,NA,NA,NA,NA,NA,NA,NA,NA,NA,NA,z_jk_bs_purif,NA,NA,NA,NA,NA,NA,NA,NA,NA,NA,NA,NA,NA,NA,NA,yield_6m,33,-0.006119107797324496,-0.007975376894686423,0.0018729874711131932,-0.012453484866268176,0.005562278263735975,FALSE,FALSE
IRF,NA,NA,NA,NA,NA,NA,NA,NA,NA,NA,NA,z_jk_bs_purif,NA,NA,NA,NA,NA,NA,NA,NA,NA,NA,NA,NA,NA,NA,NA,yield_6m,34,-0.006423178691459355,-0.008129382484975288,0.0015107300721036226,-0.012434109425984684,0.0051734359722073586,FALSE,FALSE
IRF,NA,NA,NA,NA,NA,NA,NA,NA,NA,NA,NA,z_jk_bs_purif,NA,NA,NA,NA,NA,NA,NA,NA,NA,NA,NA,NA,NA,NA,NA,yield_6m,35,-0.006681170794688681,-0.008468830086229354,0.0010477986845730813,-0.013421938342556448,0.00469319544841078,FALSE,FALSE
IRF,NA,NA,NA,NA,NA,NA,NA,NA,NA,NA,NA,z_jk_bs_purif,NA,NA,NA,NA,NA,NA,NA,NA,NA,NA,NA,NA,NA,NA,NA,yield_6m,36,-0.006891382299963187,-0.008686108735233029,6.95819230209614e-4,-0.013644654275423726,0.004281698947444099,FALSE,FALSE
IRF,NA,NA,NA,NA,NA,NA,NA,NA,NA,NA,NA,z_jk_bs_purif,NA,NA,NA,NA,NA,NA,NA,NA,NA,NA,NA,NA,NA,NA,NA,yield_6m,37,-0.007054035246763324,-0.00890252715889964,3.808865687357326e-4,-0.01349513811128812,0.00421290177184042,FALSE,FALSE
IRF,NA,NA,NA,NA,NA,NA,NA,NA,NA,NA,NA,z_jk_bs_purif,NA,NA,NA,NA,NA,NA,NA,NA,NA,NA,NA,NA,NA,NA,NA,yield_6m,38,-0.007169420464063257,-0.009161980325972057,1.3697950552032362e-4,-0.013848496849149471,0.003723231274187989,FALSE,FALSE
IRF,NA,NA,NA,NA,NA,NA,NA,NA,NA,NA,NA,z_jk_bs_purif,NA,NA,NA,NA,NA,NA,NA,NA,NA,NA,NA,NA,NA,NA,NA,yield_6m,39,-0.0072380692032788406,-0.009199391795827095,-5.5283972454153165e-5,-0.014152704684637151,0.00336111087364649,TRUE,FALSE
IRF,NA,NA,NA,NA,NA,NA,NA,NA,NA,NA,NA,z_jk_bs_purif,NA,NA,NA,NA,NA,NA,NA,NA,NA,NA,NA,NA,NA,NA,NA,yield_6m,40,-0.007261327921041834,-0.009208248825206064,-1.2428386469253452e-4,-0.014351435147418507,0.0031326904325866853,TRUE,FALSE
IRF,NA,NA,NA,NA,NA,NA,NA,NA,NA,NA,NA,z_jk_bs_purif,NA,NA,NA,NA,NA,NA,NA,NA,NA,NA,NA,NA,NA,NA,NA,yield_6m,41,-0.007240509968862579,-0.009080535362188665,-2.510809243028435e-4,-0.01394877270333136,0.0027395533484517796,TRUE,FALSE
IRF,NA,NA,NA,NA,NA,NA,NA,NA,NA,NA,NA,z_jk_bs_purif,NA,NA,NA,NA,NA,NA,NA,NA,NA,NA,NA,NA,NA,NA,NA,yield_6m,42,-0.007177439836429941,-0.00900210037362987,-3.6794657264101606e-4,-0.01389362590703114,0.0026649092110702945,TRUE,FALSE
IRF,NA,NA,NA,NA,NA,NA,NA,NA,NA,NA,NA,z_jk_bs_purif,NA,NA,NA,NA,NA,NA,NA,NA,NA,NA,NA,NA,NA,NA,NA,yield_6m,43,-0.007074260773651931,-0.008979085412763451,-5.266563958836378e-4,-0.013994024923274267,0.0025833865749589164,TRUE,FALSE
IRF,NA,NA,NA,NA,NA,NA,NA,NA,NA,NA,NA,z_jk_bs_purif,NA,NA,NA,NA,NA,NA,NA,NA,NA,NA,NA,NA,NA,NA,NA,yield_6m,44,-0.006933336223052636,-0.0088028768775701809,-4.986959728215403e-4,-0.01401162979781844,0.002727156482453025,TRUE,FALSE
IRF,NA,NA,NA,NA,NA,NA,NA,NA,NA,NA,NA,z_jk_bs_purif,NA,NA,NA,NA,NA,NA,NA,NA,NA,NA,NA,NA,NA,NA,NA,yield_6m,45,-0.006757343433675518,-0.008659760803393621,-5.100994294749535e-4,-0.013881850364511705,0.0029287247654780977,TRUE,FALSE
IRF,NA,NA,NA,NA,NA,NA,NA,NA,NA,NA,NA,z_jk_bs_purif,NA,NA,NA,NA,NA,NA,NA,NA,NA,NA,NA,NA,NA,NA,NA,yield_6m,46,-0.00654901610900488,-0.008542960099028437,-4.6092356824111477e-4,-0.013758437811200182,0.002916281793872411,TRUE,FALSE
IRF,NA,NA,NA,NA,NA,NA,NA,NA,NA,NA,NA,z_jk_bs_purif,NA,NA,NA,NA,NA,NA,NA,NA,NA,NA,NA,NA,NA,NA,NA,yield_6m,47,-0.006311294875291121,-0.008468375931454348,-3.5370659551212417e-4,-0.013571847314187695,0.0028118007042363486,TRUE,FALSE
IRF,NA,NA,NA,NA,NA,NA,NA,NA,NA,NA,NA,z_jk_bs_purif,NA,NA,NA,NA,NA,NA,NA,NA,NA,NA,NA,NA,NA,NA,NA,yield_6m,48,-0.006047255825606702,-0.008391962326946542,-1.897711451832025e-4,-0.013441766807632712,0.00269048106649518,TRUE,FALSE
IRF,NA,NA,NA,NA,NA,NA,NA,NA,NA,NA,NA,z_jk_bs_purif,NA,NA,NA,NA,NA,NA,NA,NA,NA,NA,NA,NA,NA,NA,NA,yield_2y,0,0.007430059200891005,0.0065509263334393,0.008594815977583032,0.006075588932654509,0.0094816438479956,TRUE,TRUE
IRF,NA,NA,NA,NA,NA,NA,NA,NA,NA,NA,NA,z_jk_bs_purif,NA,NA,NA,NA,NA,NA,NA,NA,NA,NA,NA,NA,NA,NA,NA,yield_2y,1,0.009372150610692387,0.007526286992635097,0.010535080777578526,0.006683564920236115,0.011948643055412881,TRUE,TRUE
IRF,NA,NA,NA,NA,NA,NA,NA,NA,NA,NA,NA,z_jk_bs_purif,NA,NA,NA,NA,NA,NA,NA,NA,NA,NA,NA,NA,NA,NA,NA,yield_2y,2,0.010089031429172892,0.0074277933410202045,0.011141455859442794,0.006072115656105819,0.012759291392488064,TRUE,TRUE
IRF,NA,NA,NA,NA,NA,NA,NA,NA,NA,NA,NA,z_jk_bs_purif,NA,NA,NA,NA,NA,NA,NA,NA,NA,NA,NA,NA,NA,NA,NA,yield_2y,3,0.011696279518890755,0.008194874199203022,0.012867830636350018,0.0067613392270772085,0.014766392903043032,TRUE,TRUE
IRF,NA,NA,NA,NA,NA,NA,NA,NA,NA,NA,NA,z_jk_bs_purif,NA,NA,NA,NA,NA,NA,NA,NA,NA,NA,NA,NA,NA,NA,NA,yield_2y,4,0.011123847662841286,0.007184552805580903,0.012420513850977062,0.0054875056961320315,0.014343865941725667,TRUE,TRUE
IRF,NA,NA,NA,NA,NA,NA,NA,NA,NA,NA,NA,z_jk_bs_purif,NA,NA,NA,NA,NA,NA,NA,NA,NA,NA,NA,NA,NA,NA,NA,yield_2y,5,0.01064116525612453,0.006662879797396348,0.012270853097414394,0.004527177909714092,0.014488588097744564,TRUE,TRUE
IRF,NA,NA,NA,NA,NA,NA,NA,NA,NA,NA,NA,z_jk_bs_purif,NA,NA,NA,NA,NA,NA,NA,NA,NA,NA,NA,NA,NA,NA,NA,yield_2y,6,0.010373614564207042,0.0063536996919276,0.012545070992774684,0.004074030159287229,0.014911539015719177,TRUE,TRUE
IRF,NA,NA,NA,NA,NA,NA,NA,NA,NA,NA,NA,z_jk_bs_purif,NA,NA,NA,NA,NA,NA,NA,NA,NA,NA,NA,NA,NA,NA,NA,yield_2y,7,0.009566353823792086,0.00550216172184318,0.012351214431899404,0.0030211606915239416,0.01537588045706001,TRUE,TRUE
IRF,NA,NA,NA,NA,NA,NA,NA,NA,NA,NA,NA,z_jk_bs_purif,NA,NA,NA,NA,NA,NA,NA,NA,NA,NA,NA,NA,NA,NA,NA,yield_2y,8,0.008742283173704846,0.004706172930596352,0.012120427695577706,0.0021475301253443793,0.015462228656174835,TRUE,TRUE
IRF,NA,NA,NA,NA,NA,NA,NA,NA,NA,NA,NA,z_jk_bs_purif,NA,NA,NA,NA,NA,NA,NA,NA,NA,NA,NA,NA,NA,NA,NA,yield_2y,9,0.00777948283693102,0.00395618489938903,0.011841794579644037,0.001403410437642344,0.015597729446158847,TRUE,TRUE
IRF,NA,NA,NA,NA,NA,NA,NA,NA,NA,NA,NA,z_jk_bs_purif,NA,NA,NA,NA,NA,NA,NA,NA,NA,NA,NA,NA,NA,NA,NA,yield_2y,10,0.006934308623322745,0.0032436102570371278,0.011750012087294445,6.700851080316329e-4,0.015495127590125791,TRUE,TRUE
IRF,NA,NA,NA,NA,NA,NA,NA,NA,NA,NA,NA,z_jk_bs_purif,NA,NA,NA,NA,NA,NA,NA,NA,NA,NA,NA,NA,NA,NA,NA,yield_2y,11,0.006038979803577965,0.0026481909453499874,0.011609810690098518,-1.320060135229133e-4,0.015267091213553626,TRUE,FALSE
IRF,NA,NA,NA,NA,NA,NA,NA,NA,NA,NA,NA,z_jk_bs_purif,NA,NA,NA,NA,NA,NA,NA,NA,NA,NA,NA,NA,NA,NA,NA,yield_2y,12,0.005040771923730432,0.0018832718378725417,0.011276521166833675,-7.380939417265433e-4,0.015348699933736536,TRUE,FALSE
IRF,NA,NA,NA,NA,NA,NA,NA,NA,NA,NA,NA,z_jk_bs_purif,NA,NA,NA,NA,NA,NA,NA,NA,NA,NA,NA,NA,NA,NA,NA,yield_2y,13,0.004216988537916754,0.0012003526765084604,0.010896474760280602,-0.0016754206246316007,0.015192099997232098,TRUE,FALSE
IRF,NA,NA,NA,NA,NA,NA,NA,NA,NA,NA,NA,z_jk_bs_purif,NA,NA,NA,NA,NA,NA,NA,NA,NA,NA,NA,NA,NA,NA,NA,yield_2y,14,0.0033541585180395825,5.97807608221876e-4,0.010247459325217022,-0.0025632294479718955,0.015039511211665134,TRUE,FALSE
IRF,NA,NA,NA,NA,NA,NA,NA,NA,NA,NA,NA,z_jk_bs_purif,NA,NA,NA,NA,NA,NA,NA,NA,NA,NA,NA,NA,NA,NA,NA,yield_2y,15,0.0025636304640895215,-1.4776008523284741e-5,0.009850052730089286,-0.002979980379186535,0.014966105710250152,FALSE,FALSE
IRF,NA,NA,NA,NA,NA,NA,NA,NA,NA,NA,NA,z_jk_bs_purif,NA,NA,NA,NA,NA,NA,NA,NA,NA,NA,NA,NA,NA,NA,NA,yield_2y,16,0.0018286368304863392,-6.34595902925311e-4,0.00955209327105304,-0.0036889432788995515,0.01453578392739821,FALSE,FALSE
IRF,NA,NA,NA,NA,NA,NA,NA,NA,NA,NA,NA,z_jk_bs_purif,NA,NA,NA,NA,NA,NA,NA,NA,NA,NA,NA,NA,NA,NA,NA,yield_2y,17,0.0010308914209798186,-0.0012635810664689143,0.008941229084371258,-0.004281918079211018,0.013906466880546134,FALSE,FALSE
IRF,NA,NA,NA,NA,NA,NA,NA,NA,NA,NA,NA,z_jk_bs_purif,NA,NA,NA,NA,NA,NA,NA,NA,NA,NA,NA,NA,NA,NA,NA,yield_2y,18,2.9825516664245226e-4,-0.0020372551588414317,0.00862969505183506,-0.0051470596186078575,0.013595393206014078,FALSE,FALSE
IRF,NA,NA,NA,NA,NA,NA,NA,NA,NA,NA,NA,z_jk_bs_purif,NA,NA,NA,NA,NA,NA,NA,NA,NA,NA,NA,NA,NA,NA,NA,yield_2y,19,-4.2100321495413737e-4,-0.002580100033374232,0.008245040922032768,-0.005998290863219015,0.013035940724319694,FALSE,FALSE
IRF,NA,NA,NA,NA,NA,NA,NA,NA,NA,NA,NA,z_jk_bs_purif,NA,NA,NA,NA,NA,NA,NA,NA,NA,NA,NA,NA,NA,NA,NA,yield_2y,20,-0.001132375318218006,-0.0032825865416377283,0.007884727007040685,-0.006834770933668207,0.012699272715586126,FALSE,FALSE
IRF,NA,NA,NA,NA,NA,NA,NA,NA,NA,NA,NA,z_jk_bs_purif,NA,NA,NA,NA,NA,NA,NA,NA,NA,NA,NA,NA,NA,NA,NA,yield_2y,21,-0.0017936059676946468,-0.003782168616859235,0.007323108397069582,-0.00745637330860687,0.012302078792651305,FALSE,FALSE
IRF,NA,NA,NA,NA,NA,NA,NA,NA,NA,NA,NA,z_jk_bs_purif,NA,NA,NA,NA,NA,NA,NA,NA,NA,NA,NA,NA,NA,NA,NA,yield_2y,22,-0.002449222285642958,-0.004299099703667107,0.006912570552576762,-0.008046255456294619,0.011879655026968314,FALSE,FALSE
IRF,NA,NA,NA,NA,NA,NA,NA,NA,NA,NA,NA,z_jk_bs_purif,NA,NA,NA,NA,NA,NA,NA,NA,NA,NA,NA,NA,NA,NA,NA,yield_2y,23,-0.003090486742072418,-0.0047954052752603405,0.006409362212623621,-0.008749104868668407,0.011126111031550943,FALSE,FALSE
IRF,NA,NA,NA,NA,NA,NA,NA,NA,NA,NA,NA,z_jk_bs_purif,NA,NA,NA,NA,NA,NA,NA,NA,NA,NA,NA,NA,NA,NA,NA,yield_2y,24,-0.0037042480656730814,-0.005276988627363426,0.005786761976403936,-0.009417089237615273,0.010359819567799805,FALSE,FALSE
IRF,NA,NA,NA,NA,NA,NA,NA,NA,NA,NA,NA,z_jk_bs_purif,NA,NA,NA,NA,NA,NA,NA,NA,NA,NA,NA,NA,NA,NA,NA,yield_2y,25,-0.004289520102955516,-0.0059512849782706,0.00529456483080861,-0.010142502706159764,0.009619491213075688,FALSE,FALSE
IRF,NA,NA,NA,NA,NA,NA,NA,NA,NA,NA,NA,z_jk_bs_purif,NA,NA,NA,NA,NA,NA,NA,NA,NA,NA,NA,NA,NA,NA,NA,yield_2y,26,-0.004838825129797787,-0.00650010790745679,0.0045805983320738215,-0.01085799137539896,0.00871945342562914,FALSE,FALSE
IRF,NA,NA,NA,NA,NA,NA,NA,NA,NA,NA,NA,z_jk_bs_purif,NA,NA,NA,NA,NA,NA,NA,NA,NA,NA,NA,NA,NA,NA,NA,yield_2y,27,-0.005354754213835287,-0.00720970654282802,0.0040305968057666765,-0.01139038351425526,0.00835178552310508,FALSE,FALSE
IRF,NA,NA,NA,NA,NA,NA,NA,NA,NA,NA,NA,z_jk_bs_purif,NA,NA,NA,NA,NA,NA,NA,NA,NA,NA,NA,NA,NA,NA,NA,yield_2y,28,-0.005830532571225487,-0.007640433669493772,0.003388841754012563,-0.011990309495291384,0.007534247921595686,FALSE,FALSE
IRF,NA,NA,NA,NA,NA,NA,NA,NA,NA,NA,NA,z_jk_bs_purif,NA,NA,NA,NA,NA,NA,NA,NA,NA,NA,NA,NA,NA,NA,NA,yield_2y,29,-0.006263895334682931,-0.008235263258724672,0.002971246059906164,-0.012614641377128305,0.006955472306361435,FALSE,FALSE
IRF,NA,NA,NA,NA,NA,NA,NA,NA,NA,NA,NA,z_jk_bs_purif,NA,NA,NA,NA,NA,NA,NA,NA,NA,NA,NA,NA,NA,NA,NA,yield_2y,30,-0.006653435849207688,-0.008641904574059951,0.0024330937372401967,-0.013086658654687132,0.006485216004179997,FALSE,FALSE
IRF,NA,NA,NA,NA,NA,NA,NA,NA,NA,NA,NA,z_jk_bs_purif,NA,NA,NA,NA,NA,NA,NA,NA,NA,NA,NA,NA,NA,NA,NA,yield_2y,31,-0.006992929119320815,-0.008715862580942304,0.0020178407741158013,-0.013539663950667653,0.005887949485918517,FALSE,FALSE
IRF,NA,NA,NA,NA,NA,NA,NA,NA,NA,NA,NA,z_jk_bs_purif,NA,NA,NA,NA,NA,NA,NA,NA,NA,NA,NA,NA,NA,NA,NA,yield_2y,32,-0.0072833713497469955,-0.009027566343489469,0.0015539996204559843,-0.013980897183975704,0.00554434717697541,FALSE,FALSE
IRF,NA,NA,NA,NA,NA,NA,NA,NA,NA,NA,NA,z_jk_bs_purif,NA,NA,NA,NA,NA,NA,NA,NA,NA,NA,NA,NA,NA,NA,NA,yield_2y,33,-0.0075238282110061585,-0.009164563757621508,0.0011395732661626692,-0.014235157957697472,0.005035351757200298,FALSE,FALSE
IRF,NA,NA,NA,NA,NA,NA,NA,NA,NA,NA,NA,z_jk_bs_purif,NA,NA,NA,NA,NA,NA,NA,NA,NA,NA,NA,NA,NA,NA,NA,yield_2y,34,-0.007713013191986619,-0.009301406446827462,8.493220669070429e-4,-0.014684694066341878,0.004579515878737569,FALSE,FALSE
IRF,NA,NA,NA,NA,NA,NA,NA,NA,NA,NA,NA,z_jk_bs_purif,NA,NA,NA,NA,NA,NA,NA,NA,NA,NA,NA,NA,NA,NA,NA,yield_2y,35,-0.007851894006192146,-0.009566037895984661,5.404653562671838e-4,-0.014883451445904913,0.00424527571124023,FALSE,FALSE
IRF,NA,NA,NA,NA,NA,NA,NA,NA,NA,NA,NA,z_jk_bs_purif,NA,NA,NA,NA,NA,NA,NA,NA,NA,NA,NA,NA,NA,NA,NA,yield_2y,36,-0.007939738671113725,-0.009756683633801352,2.3676502809853977e-4,-0.015206657213328699,0.00377673419262787,FALSE,FALSE
IRF,NA,NA,NA,NA,NA,NA,NA,NA,NA,NA,NA,z_jk_bs_purif,NA,NA,NA,NA,NA,NA,NA,NA,NA,NA,NA,NA,NA,NA,NA,yield_2y,37,-0.007977889653357094,-0.009614524853189909,2.0332839781184885e-4,-0.015353737302537274,0.003583712759185632,FALSE,FALSE
IRF,NA,NA,NA,NA,NA,NA,NA,NA,NA,NA,NA,z_jk_bs_purif,NA,NA,NA,NA,NA,NA,NA,NA,NA,NA,NA,NA,NA,NA,NA,yield_2y,38,-0.00796830937318736,-0.009498477569856289,9.95942377088749e-6,-0.014956844334070574,0.0033453951183687516,FALSE,FALSE
IRF,NA,NA,NA,NA,NA,NA,NA,NA,NA,NA,NA,z_jk_bs_purif,NA,NA,NA,NA,NA,NA,NA,NA,NA,NA,NA,NA,NA,NA,NA,yield_2y,39,-0.007912444920411734,-0.00942460998008921,-3.584094723439855e-5,-0.014933007554573644,0.0032132299101892653,TRUE,FALSE
IRF,NA,NA,NA,NA,NA,NA,NA,NA,NA,NA,NA,z_jk_bs_purif,NA,NA,NA,NA,NA,NA,NA,NA,NA,NA,NA,NA,NA,NA,NA,yield_2y,40,-0.007812739643006692,-0.009221161994475426,-1.7491837229812525e-4,-0.015080581365453935,0.0029761100144277755,TRUE,FALSE
IRF,NA,NA,NA,NA,NA,NA,NA,NA,NA,NA,NA,z_jk_bs_purif,NA,NA,NA,NA,NA,NA,NA,NA,NA,NA,NA,NA,NA,NA,NA,yield_2y,41,-0.007671590916895683,-0.009078749658934673,-2.9903793322084407e-4,-0.014857968710908843,0.002898099336950077,TRUE,FALSE
IRF,NA,NA,NA,NA,NA,NA,NA,NA,NA,NA,NA,z_jk_bs_purif,NA,NA,NA,NA,NA,NA,NA,NA,NA,NA,NA,NA,NA,NA,NA,yield_2y,42,-0.007491678410842582,-0.009109536343635417,-2.7353973352048464e-4,-0.015318749276406817,0.0028887407063927185,TRUE,FALSE
IRF,NA,NA,NA,NA,NA,NA,NA,NA,NA,NA,NA,z_jk_bs_purif,NA,NA,NA,NA,NA,NA,NA,NA,NA,NA,NA,NA,NA,NA,NA,yield_2y,43,-0.007276064719545961,-0.0090502391428424,-3.1918493120162034e-4,-0.015319203479185212,0.003142614285392349,TRUE,FALSE
IRF,NA,NA,NA,NA,NA,NA,NA,NA,NA,NA,NA,z_jk_bs_purif,NA,NA,NA,NA,NA,NA,NA,NA,NA,NA,NA,NA,NA,NA,NA,yield_2y,44,-0.007027882435148477,-0.008977845872580891,-2.972855596356939e-4,-0.01498280244925214,0.003197881749191497,TRUE,FALSE
IRF,NA,NA,NA,NA,NA,NA,NA,NA,NA,NA,NA,z_jk_bs_purif,NA,NA,NA,NA,NA,NA,NA,NA,NA,NA,NA,NA,NA,NA,NA,yield_2y,45,-0.006750483056239783,-0.008854577406642309,-2.0718007895275303e-4,-0.014710097242642526,0.0032708215315284906,TRUE,FALSE
IRF,NA,NA,NA,NA,NA,NA,NA,NA,NA,NA,NA,z_jk_bs_purif,NA,NA,NA,NA,NA,NA,NA,NA,NA,NA,NA,NA,NA,NA,NA,yield_2y,46,-0.006447157529517196,-0.008541904168691467,-8.756514167712563e-5,-0.014515022917522004,0.0034879154703337787,TRUE,FALSE
IRF,NA,NA,NA,NA,NA,NA,NA,NA,NA,NA,NA,z_jk_bs_purif,NA,NA,NA,NA,NA,NA,NA,NA,NA,NA,NA,NA,NA,NA,NA,yield_2y,47,-0.006121293550775755,-0.008233426671771248,8.715497767162328e-5,-0.01403877415706764,0.0035674882079714987,FALSE,FALSE
IRF,NA,NA,NA,NA,NA,NA,NA,NA,NA,NA,NA,z_jk_bs_purif,NA,NA,NA,NA,NA,NA,NA,NA,NA,NA,NA,NA,NA,NA,NA,yield_2y,48,-0.005776377596319854,-0.00811165721190604,2.559488132407476e-4,-0.013985654924695612,0.0038356432124868676,FALSE,FALSE
IRF,NA,NA,NA,NA,NA,NA,NA,NA,NA,NA,NA,z_jk_bs_purif,NA,NA,NA,NA,NA,NA,NA,NA,NA,NA,NA,NA,NA,NA,NA,yield_5y,0,0.0077611464176508375,0.006629789068685238,0.009618638288855418,0.005791380241622076,0.011133524322554891,TRUE,TRUE
IRF,NA,NA,NA,NA,NA,NA,NA,NA,NA,NA,NA,z_jk_bs_purif,NA,NA,NA,NA,NA,NA,NA,NA,NA,NA,NA,NA,NA,NA,NA,yield_5y,1,0.009281533147773077,0.007346490825922544,0.011355602685526368,0.006098954526533259,0.012997755454927292,TRUE,TRUE
IRF,NA,NA,NA,NA,NA,NA,NA,NA,NA,NA,NA,z_jk_bs_purif,NA,NA,NA,NA,NA,NA,NA,NA,NA,NA,NA,NA,NA,NA,NA,yield_5y,2,0.009152363127643025,0.0064818610179235535,0.011013510281439848,0.005145286991296114,0.012889421937531325,TRUE,TRUE
IRF,NA,NA,NA,NA,NA,NA,NA,NA,NA,NA,NA,z_jk_bs_purif,NA,NA,NA,NA,NA,NA,NA,NA,NA,NA,NA,NA,NA,NA,NA,yield_5y,3,0.010981398692950848,0.007595901003645169,0.01280296238510076,0.006012145277501541,0.014975770228665608,TRUE,TRUE
IRF,NA,NA,NA,NA,NA,NA,NA,NA,NA,NA,NA,z_jk_bs_purif,NA,NA,NA,NA,NA,NA,NA,NA,NA,NA,NA,NA,NA,NA,NA,yield_5y,4,0.010399359679311923,0.006566872548321854,0.012033755206033142,0.004908188488722141,0.014142364283557798,TRUE,TRUE
IRF,NA,NA,NA,NA,NA,NA,NA,NA,NA,NA,NA,z_jk_bs_purif,NA,NA,NA,NA,NA,NA,NA,NA,NA,NA,NA,NA,NA,NA,NA,yield_5y,5,0.009699826514480208,0.005761890251153813,0.011382337952277331,0.0039653561742025506,0.01371966841540072,TRUE,TRUE
IRF,NA,NA,NA,NA,NA,NA,NA,NA,NA,NA,NA,z_jk_bs_purif,NA,NA,NA,NA,NA,NA,NA,NA,NA,NA,NA,NA,NA,NA,NA,yield_5y,6,0.009413875046793765,0.005655236933326134,0.011710371808156683,0.0036371095509459975,0.013767811575647429,TRUE,TRUE
IRF,NA,NA,NA,NA,NA,NA,NA,NA,NA,NA,NA,z_jk_bs_purif,NA,NA,NA,NA,NA,NA,NA,NA,NA,NA,NA,NA,NA,NA,NA,yield_5y,7,0.00845616025037438,0.004719317798041045,0.011286616559374286,0.0027544658812623892,0.013738186572409442,TRUE,TRUE
IRF,NA,NA,NA,NA,NA,NA,NA,NA,NA,NA,NA,z_jk_bs_purif,NA,NA,NA,NA,NA,NA,NA,NA,NA,NA,NA,NA,NA,NA,NA,yield_5y,8,0.0075340498463779765,0.0037781064677813404,0.010757203062095858,0.0015490476046005673,0.013330547215995284,TRUE,TRUE
IRF,NA,NA,NA,NA,NA,NA,NA,NA,NA,NA,NA,z_jk_bs_purif,NA,NA,NA,NA,NA,NA,NA,NA,NA,NA,NA,NA,NA,NA,NA,yield_5y,9,0.006566466154500961,0.0031255808082464656,0.010387787100172474,7.70256699283647e-4,0.013191746363590995,TRUE,TRUE
IRF,NA,NA,NA,NA,NA,NA,NA,NA,NA,NA,NA,z_jk_bs_purif,NA,NA,NA,NA,NA,NA,NA,NA,NA,NA,NA,NA,NA,NA,NA,yield_5y,10,0.005649693046771942,0.002427640997372738,0.009920172031846017,3.357449170889265e-5,0.01311019942328765,TRUE,TRUE
IRF,NA,NA,NA,NA,NA,NA,NA,NA,NA,NA,NA,z_jk_bs_purif,NA,NA,NA,NA,NA,NA,NA,NA,NA,NA,NA,NA,NA,NA,NA,yield_5y,11,0.00477979766754694,0.0017598409807023407,0.009633701451021128,-7.204254844891764e-4,0.012744084973787338,TRUE,FALSE
IRF,NA,NA,NA,NA,NA,NA,NA,NA,NA,NA,NA,z_jk_bs_purif,NA,NA,NA,NA,NA,NA,NA,NA,NA,NA,NA,NA,NA,NA,NA,yield_5y,12,0.003739767909833747,0.0010559517462212934,0.009110816095141309,-0.0015823726169540623,0.012637371026098342,TRUE,FALSE
IRF,NA,NA,NA,NA,NA,NA,NA,NA,NA,NA,NA,z_jk_bs_purif,NA,NA,NA,NA,NA,NA,NA,NA,NA,NA,NA,NA,NA,NA,NA,yield_5y,13,0.0029102749674581037,5.082911122475656e-4,0.008720513120152436,-0.002162452907908304,0.012293962644278412,TRUE,FALSE
IRF,NA,NA,NA,NA,NA,NA,NA,NA,NA,NA,NA,z_jk_bs_purif,NA,NA,NA,NA,NA,NA,NA,NA,NA,NA,NA,NA,NA,NA,NA,yield_5y,14,0.0021075799377559593,-8.172621202550568e-5,0.008131885527758995,-0.0028510270994040886,0.011981273621618578,FALSE,FALSE
IRF,NA,NA,NA,NA,NA,NA,NA,NA,NA,NA,NA,z_jk_bs_purif,NA,NA,NA,NA,NA,NA,NA,NA,NA,NA,NA,NA,NA,NA,NA,yield_5y,15,0.001357762239607516,-6.592546913826681e-4,0.007559334341627147,-0.0033029492821656653,0.011727548673629533,FALSE,FALSE
IRF,NA,NA,NA,NA,NA,NA,NA,NA,NA,NA,NA,z_jk_bs_purif,NA,NA,NA,NA,NA,NA,NA,NA,NA,NA,NA,NA,NA,NA,NA,yield_5y,16,7.039315109627665e-4,-0.0012260136789666502,0.00726089605627657,-0.0038700368879833755,0.011460776290297578,FALSE,FALSE
IRF,NA,NA,NA,NA,NA,NA,NA,NA,NA,NA,NA,z_jk_bs_purif,NA,NA,NA,NA,NA,NA,NA,NA,NA,NA,NA,NA,NA,NA,NA,yield_5y,17,-1.023192182992992e-5,-0.001872515555017649,0.0068922311368506016,-0.004578622649494648,0.01099205017499901,FALSE,FALSE
IRF,NA,NA,NA,NA,NA,NA,NA,NA,NA,NA,NA,z_jk_bs_purif,NA,NA,NA,NA,NA,NA,NA,NA,NA,NA,NA,NA,NA,NA,NA,yield_5y,18,-6.505990811224263e-4,-0.0023717417595684495,0.006482607474223831,-0.005268083600714572,0.010426186587236546,FALSE,FALSE
IRF,NA,NA,NA,NA,NA,NA,NA,NA,NA,NA,NA,z_jk_bs_purif,NA,NA,NA,NA,NA,NA,NA,NA,NA,NA,NA,NA,NA,NA,NA,yield_5y,19,-0.0012482609686738303,-0.00292151999335937,0.006167910272143623,-0.005885428561342132,0.010081304187996463,FALSE,FALSE
IRF,NA,NA,NA,NA,NA,NA,NA,NA,NA,NA,NA,z_jk_bs_purif,NA,NA,NA,NA,NA,NA,NA,NA,NA,NA,NA,NA,NA,NA,NA,yield_5y,20,-0.0018391875964880854,-0.0035009846255809056,0.005755986542922512,-0.006557676623018775,0.009785921640335229,FALSE,FALSE
IRF,NA,NA,NA,NA,NA,NA,NA,NA,NA,NA,NA,z_jk_bs_purif,NA,NA,NA,NA,NA,NA,NA,NA,NA,NA,NA,NA,NA,NA,NA,yield_5y,21,-0.0023664927288269706,-0.003938225880648296,0.005334258088389844,-0.007167581597586077,0.009364023822195434,FALSE,FALSE
IRF,NA,NA,NA,NA,NA,NA,NA,NA,NA,NA,NA,z_jk_bs_purif,NA,NA,NA,NA,NA,NA,NA,NA,NA,NA,NA,NA,NA,NA,NA,yield_5y,22,-0.002880950558460066,-0.004284119022403885,0.004927332711499942,-0.007686965102834126,0.008880214815862878,FALSE,FALSE
IRF,NA,NA,NA,NA,NA,NA,NA,NA,NA,NA,NA,z_jk_bs_purif,NA,NA,NA,NA,NA,NA,NA,NA,NA,NA,NA,NA,NA,NA,NA,yield_5y,23,-0.0033813985103208345,-0.0047814024629923655,0.004375567360247227,-0.008199385893309586,0.008385964112083796,FALSE,FALSE
IRF,NA,NA,NA,NA,NA,NA,NA,NA,NA,NA,NA,z_jk_bs_purif,NA,NA,NA,NA,NA,NA,NA,NA,NA,NA,NA,NA,NA,NA,NA,yield_5y,24,-0.0038468271413135725,-0.005257622916510999,0.0038169784321743574,-0.008745862485799333,0.007882473696773445,FALSE,FALSE
IRF,NA,NA,NA,NA,NA,NA,NA,NA,NA,NA,NA,z_jk_bs_purif,NA,NA,NA,NA,NA,NA,NA,NA,NA,NA,NA,NA,NA,NA,NA,yield_5y,25,-0.004281687038603315,-0.005630605356614396,0.003437317741850487,-0.00938049606931431,0.007213480476062052,FALSE,FALSE
IRF,NA,NA,NA,NA,NA,NA,NA,NA,NA,NA,NA,z_jk_bs_purif,NA,NA,NA,NA,NA,NA,NA,NA,NA,NA,NA,NA,NA,NA,NA,yield_5y,26,-0.004679632617276451,-0.00596523540409858,0.0030333172017453,-0.00973445651878198,0.0065145956018239125,FALSE,FALSE
IRF,NA,NA,NA,NA,NA,NA,NA,NA,NA,NA,NA,z_jk_bs_purif,NA,NA,NA,NA,NA,NA,NA,NA,NA,NA,NA,NA,NA,NA,NA,yield_5y,27,-0.00504534449216995,-0.006402021850528599,0.0026485679952233544,-0.010051627521841655,0.005877450095871034,FALSE,FALSE
IRF,NA,NA,NA,NA,NA,NA,NA,NA,NA,NA,NA,z_jk_bs_purif,NA,NA,NA,NA,NA,NA,NA,NA,NA,NA,NA,NA,NA,NA,NA,yield_5y,28,-0.005374654256078969,-0.006878088140491233,0.0022058357337968204,-0.010415554459686295,0.0055480503706922405,FALSE,FALSE
IRF,NA,NA,NA,NA,NA,NA,NA,NA,NA,NA,NA,z_jk_bs_purif,NA,NA,NA,NA,NA,NA,NA,NA,NA,NA,NA,NA,NA,NA,NA,yield_5y,29,-0.005664006036263076,-0.007123081932436775,0.0018411863712042595,-0.01076871722792996,0.005021706949466567,FALSE,FALSE
IRF,NA,NA,NA,NA,NA,NA,NA,NA,NA,NA,NA,z_jk_bs_purif,NA,NA,NA,NA,NA,NA,NA,NA,NA,NA,NA,NA,NA,NA,NA,yield_5y,30,-0.005914901010121352,-0.007336703274674748,0.0014065097169861692,-0.0109345159026242,0.004578607050074973,FALSE,FALSE
IRF,NA,NA,NA,NA,NA,NA,NA,NA,NA,NA,NA,z_jk_bs_purif,NA,NA,NA,NA,NA,NA,NA,NA,NA,NA,NA,NA,NA,NA,NA,yield_5y,31,-0.006121845639518274,-0.007503149234271153,0.0011514809746705885,-0.011262670629285881,0.0043214787709604146,FALSE,FALSE
IRF,NA,NA,NA,NA,NA,NA,NA,NA,NA,NA,NA,z_jk_bs_purif,NA,NA,NA,NA,NA,NA,NA,NA,NA,NA,NA,NA,NA,NA,NA,yield_5y,32,-0.006286477248338704,-0.0076185644955308034,9.442641014721091e-4,-0.011466236660912565,0.004092104188082576,FALSE,FALSE
IRF,NA,NA,NA,NA,NA,NA,NA,NA,NA,NA,NA,z_jk_bs_purif,NA,NA,NA,NA,NA,NA,NA,NA,NA,NA,NA,NA,NA,NA,NA,yield_5y,33,-0.006409905626936417,-0.007903196295969861,5.851684314813936e-4,-0.0118763449817851,0.003798478911819786,FALSE,FALSE
IRF,NA,NA,NA,NA,NA,NA,NA,NA,NA,NA,NA,z_jk_bs_purif,NA,NA,NA,NA,NA,NA,NA,NA,NA,NA,NA,NA,NA,NA,NA,yield_5y,34,-0.00649095258204438,-0.007979007871240658,2.6162530677803866e-4,-0.01201683545673786,0.0033546315832405096,FALSE,FALSE
IRF,NA,NA,NA,NA,NA,NA,NA,NA,NA,NA,NA,z_jk_bs_purif,NA,NA,NA,NA,NA,NA,NA,NA,NA,NA,NA,NA,NA,NA,NA,yield_5y,35,-0.006531406129873125,-0.007971233353414453,1.3571275741996105e-4,-0.012300162490235996,0.003138202642096412,FALSE,FALSE
IRF,NA,NA,NA,NA,NA,NA,NA,NA,NA,NA,NA,z_jk_bs_purif,NA,NA,NA,NA,NA,NA,NA,NA,NA,NA,NA,NA,NA,NA,NA,yield_5y,36,-0.006531238953761183,-0.00782259119236235,3.687545145211348e-5,-0.012681075707205848,0.0030737719577022147,FALSE,FALSE
IRF,NA,NA,NA,NA,NA,NA,NA,NA,NA,NA,NA,z_jk_bs_purif,NA,NA,NA,NA,NA,NA,NA,NA,NA,NA,NA,NA,NA,NA,NA,yield_5y,37,-0.0064920703862385255,-0.0077273870896485755,-8.085247493534079e-5,-0.01265250647059386,0.0030036095120050265,TRUE,FALSE
IRF,NA,NA,NA,NA,NA,NA,NA,NA,NA,NA,NA,z_jk_bs_purif,NA,NA,NA,NA,NA,NA,NA,NA,NA,NA,NA,NA,NA,NA,NA,yield_5y,38,-0.006416551115453186,-0.007576181184374562,-1.9226284385411236e-4,-0.012631195773575677,0.0027199002342820637,TRUE,FALSE
IRF,NA,NA,NA,NA,NA,NA,NA,NA,NA,NA,NA,z_jk_bs_purif,NA,NA,NA,NA,NA,NA,NA,NA,NA,NA,NA,NA,NA,NA,NA,yield_5y,39,-0.0063062033387207145,-0.00764720028467911,-2.0773877401280929e-4,-0.01291182428122616,0.0024123440073179885,TRUE,FALSE
IRF,NA,NA,NA,NA,NA,NA,NA,NA,NA,NA,NA,z_jk_bs_purif,NA,NA,NA,NA,NA,NA,NA,NA,NA,NA,NA,NA,NA,NA,NA,yield_5y,40,-0.006163518324397015,-0.0076000522294061195,-1.561083826315169e-4,-0.012869809946094912,0.0023395598941562674,TRUE,FALSE
IRF,NA,NA,NA,NA,NA,NA,NA,NA,NA,NA,NA,z_jk_bs_purif,NA,NA,NA,NA,NA,NA,NA,NA,NA,NA,NA,NA,NA,NA,NA,yield_5y,41,-0.00599096225868436,-0.007568266709996601,-1.2214463002184465e-4,-0.012567391955597485,0.0025744163608053526,TRUE,FALSE
IRF,NA,NA,NA,NA,NA,NA,NA,NA,NA,NA,NA,z_jk_bs_purif,NA,NA,NA,NA,NA,NA,NA,NA,NA,NA,NA,NA,NA,NA,NA,yield_5y,42,-0.005791022377217527,-0.007430113973527051,-1.4272320927966807e-4,-0.012216622869111335,0.0025186098822880944,TRUE,FALSE
IRF,NA,NA,NA,NA,NA,NA,NA,NA,NA,NA,NA,z_jk_bs_purif,NA,NA,NA,NA,NA,NA,NA,NA,NA,NA,NA,NA,NA,NA,NA,yield_5y,43,-0.005566591785001362,-0.0073855122125046566,-4.2734277702309906e-5,-0.01228816743822942,0.002597751863023511,TRUE,FALSE
IRF,NA,NA,NA,NA,NA,NA,NA,NA,NA,NA,NA,z_jk_bs_purif,NA,NA,NA,NA,NA,NA,NA,NA,NA,NA,NA,NA,NA,NA,NA,yield_5y,44,-0.005320474592887343,-0.007172339796136774,-4.988802474257538e-5,-0.011983869884674292,0.00289933110396067,TRUE,FALSE
IRF,NA,NA,NA,NA,NA,NA,NA,NA,NA,NA,NA,z_jk_bs_purif,NA,NA,NA,NA,NA,NA,NA,NA,NA,NA,NA,NA,NA,NA,NA,yield_5y,45,-0.005055596980833735,-0.007066430720490158,1.7995610151759473e-5,-0.011563850777325397,0.003126830528154644,FALSE,FALSE
IRF,NA,NA,NA,NA,NA,NA,NA,NA,NA,NA,NA,z_jk_bs_purif,NA,NA,NA,NA,NA,NA,NA,NA,NA,NA,NA,NA,NA,NA,NA,yield_5y,46,-0.0047747706015327275,-0.006770418892186421,1.421647554094718e-4,-0.011504132867330045,0.0032378227410721117,FALSE,FALSE
IRF,NA,NA,NA,NA,NA,NA,NA,NA,NA,NA,NA,z_jk_bs_purif,NA,NA,NA,NA,NA,NA,NA,NA,NA,NA,NA,NA,NA,NA,NA,yield_5y,47,-0.004480792523302808,-0.006622326958624415,2.86387867333169e-4,-0.011285883026239295,0.003390319233715692,FALSE,FALSE
IRF,NA,NA,NA,NA,NA,NA,NA,NA,NA,NA,NA,z_jk_bs_purif,NA,NA,NA,NA,NA,NA,NA,NA,NA,NA,NA,NA,NA,NA,NA,yield_5y,48,-0.004176549019794016,-0.006549538583850982,5.156175514114877e-4,-0.011177984617790928,0.003702446742870779,FALSE,FALSE
IRF,NA,NA,NA,NA,NA,NA,NA,NA,NA,NA,NA,z_jk_bs_purif,NA,NA,NA,NA,NA,NA,NA,NA,NA,NA,NA,NA,NA,NA,NA,cambio_usd,0,0.1579280657251294,0.11225333888006801,0.20326394522224786,0.0920661442900798,0.24926766264261394,TRUE,TRUE
IRF,NA,NA,NA,NA,NA,NA,NA,NA,NA,NA,NA,z_jk_bs_purif,NA,NA,NA,NA,NA,NA,NA,NA,NA,NA,NA,NA,NA,NA,NA,cambio_usd,1,0.17734547345183763,0.12425896640569947,0.24584304665566714,0.0933615632146851,0.3010389042211814,TRUE,TRUE
IRF,NA,NA,NA,NA,NA,NA,NA,NA,NA,NA,NA,z_jk_bs_purif,NA,NA,NA,NA,NA,NA,NA,NA,NA,NA,NA,NA,NA,NA,NA,cambio_usd,2,0.1639919525099167,0.1022833217311207,0.23786963452000814,0.06408155043662862,0.2936363587411513,TRUE,TRUE
IRF,NA,NA,NA,NA,NA,NA,NA,NA,NA,NA,NA,z_jk_bs_purif,NA,NA,NA,NA,NA,NA,NA,NA,NA,NA,NA,NA,NA,NA,NA,cambio_usd,3,0.17287933004527437,0.1012520811936642,0.24902069824932296,0.058515325621167624,0.3080130410708015,TRUE,TRUE
IRF,NA,NA,NA,NA,NA,NA,NA,NA,NA,NA,NA,z_jk_bs_purif,NA,NA,NA,NA,NA,NA,NA,NA,NA,NA,NA,NA,NA,NA,NA,cambio_usd,4,0.1564581504284554,0.07393745072151668,0.22788987014726633,0.03311637233990094,0.2855856994120434,TRUE,TRUE
IRF,NA,NA,NA,NA,NA,NA,NA,NA,NA,NA,NA,z_jk_bs_purif,NA,NA,NA,NA,NA,NA,NA,NA,NA,NA,NA,NA,NA,NA,NA,cambio_usd,5,0.12553294954587454,0.04595809750254305,0.19805835452845194,0.003230939004020782,0.2608989743306089,TRUE,TRUE
IRF,NA,NA,NA,NA,NA,NA,NA,NA,NA,NA,NA,z_jk_bs_purif,NA,NA,NA,NA,NA,NA,NA,NA,NA,NA,NA,NA,NA,NA,NA,cambio_usd,6,0.12026950800417789,0.035865730414004766,0.20043057442709927,3.3362802003334427e-4,0.2602200551072256,TRUE,TRUE
IRF,NA,NA,NA,NA,NA,NA,NA,NA,NA,NA,NA,z_jk_bs_purif,NA,NA,NA,NA,NA,NA,NA,NA,NA,NA,NA,NA,NA,NA,NA,cambio_usd,7,0.09583072766214708,0.011552230068337162,0.18354737400346138,-0.03051364990878416,0.24076783464332985,TRUE,FALSE
IRF,NA,NA,NA,NA,NA,NA,NA,NA,NA,NA,NA,z_jk_bs_purif,NA,NA,NA,NA,NA,NA,NA,NA,NA,NA,NA,NA,NA,NA,NA,cambio_usd,8,0.06951596892088184,-0.013266909517349938,0.15845616924497186,-0.05872362291114999,0.2211002320596458,FALSE,FALSE
IRF,NA,NA,NA,NA,NA,NA,NA,NA,NA,NA,NA,z_jk_bs_purif,NA,NA,NA,NA,NA,NA,NA,NA,NA,NA,NA,NA,NA,NA,NA,cambio_usd,9,0.05181584196787034,-0.023828097963878334,0.14706314066664777,-0.07631373047049465,0.20463555984622228,FALSE,FALSE
IRF,NA,NA,NA,NA,NA,NA,NA,NA,NA,NA,NA,z_jk_bs_purif,NA,NA,NA,NA,NA,NA,NA,NA,NA,NA,NA,NA,NA,NA,NA,cambio_usd,10,0.028456509386234556,-0.0469268167714938,0.12400633220300054,-0.09599228416237418,0.18133600004563932,FALSE,FALSE
IRF,NA,NA,NA,NA,NA,NA,NA,NA,NA,NA,NA,z_jk_bs_purif,NA,NA,NA,NA,NA,NA,NA,NA,NA,NA,NA,NA,NA,NA,NA,cambio_usd,11,0.0084669412559468,-0.06155949588886987,0.10551420137560256,-0.11033514454546772,0.15896983181494503,FALSE,FALSE
IRF,NA,NA,NA,NA,NA,NA,NA,NA,NA,NA,NA,z_jk_bs_purif,NA,NA,NA,NA,NA,NA,NA,NA,NA,NA,NA,NA,NA,NA,NA,cambio_usd,12,-0.012084214741584892,-0.07383932055578554,0.08616426837844206,-0.12367222604808625,0.14930603925947425,FALSE,FALSE
IRF,NA,NA,NA,NA,NA,NA,NA,NA,NA,NA,NA,z_jk_bs_purif,NA,NA,NA,NA,NA,NA,NA,NA,NA,NA,NA,NA,NA,NA,NA,cambio_usd,13,-0.0338512903992543,-0.08834190234260382,0.06931783138588468,-0.14387061087852115,0.1332573242344541,FALSE,FALSE
IRF,NA,NA,NA,NA,NA,NA,NA,NA,NA,NA,NA,z_jk_bs_purif,NA,NA,NA,NA,NA,NA,NA,NA,NA,NA,NA,NA,NA,NA,NA,cambio_usd,14,-0.04992325184134057,-0.10030591410044565,0.05530937741524717,-0.15680167211042179,0.11989937828544635,FALSE,FALSE
IRF,NA,NA,NA,NA,NA,NA,NA,NA,NA,NA,NA,z_jk_bs_purif,NA,NA,NA,NA,NA,NA,NA,NA,NA,NA,NA,NA,NA,NA,NA,cambio_usd,15,-0.063116820245280425,-0.1069254901310525,0.04455329695397865,-0.17403659682501177,0.10558899845720847,FALSE,FALSE
IRF,NA,NA,NA,NA,NA,NA,NA,NA,NA,NA,NA,z_jk_bs_purif,NA,NA,NA,NA,NA,NA,NA,NA,NA,NA,NA,NA,NA,NA,NA,cambio_usd,16,-0.07476885404379328,-0.11527458010946313,0.034942871188135216,-0.1791427335752988,0.09256537187502288,FALSE,FALSE
IRF,NA,NA,NA,NA,NA,NA,NA,NA,NA,NA,NA,z_jk_bs_purif,NA,NA,NA,NA,NA,NA,NA,NA,NA,NA,NA,NA,NA,NA,NA,cambio_usd,17,-0.08468044826073316,-0.12345407588369797,0.023438073890573192,-0.18981128898665803,0.08252652270981706,FALSE,FALSE
IRF,NA,NA,NA,NA,NA,NA,NA,NA,NA,NA,NA,z_jk_bs_purif,NA,NA,NA,NA,NA,NA,NA,NA,NA,NA,NA,NA,NA,NA,NA,cambio_usd,18,-0.09244655139949642,-0.1295193609751214,0.018799353118545775,-0.1890720219067451,0.07080290562941856,FALSE,FALSE
IRF,NA,NA,NA,NA,NA,NA,NA,NA,NA,NA,NA,z_jk_bs_purif,NA,NA,NA,NA,NA,NA,NA,NA,NA,NA,NA,NA,NA,NA,NA,cambio_usd,19,-0.09869640293702821,-0.13340141067375974,0.01077475214188709,-0.1918001728621877,0.060401373948783345,FALSE,FALSE
IRF,NA,NA,NA,NA,NA,NA,NA,NA,NA,NA,NA,z_jk_bs_purif,NA,NA,NA,NA,NA,NA,NA,NA,NA,NA,NA,NA,NA,NA,NA,cambio_usd,20,-0.10341635853836584,-0.13898459938544336,0.004639720078498439,-0.1954272356535962,0.053998655284256104,FALSE,FALSE
IRF,NA,NA,NA,NA,NA,NA,NA,NA,NA,NA,NA,z_jk_bs_purif,NA,NA,NA,NA,NA,NA,NA,NA,NA,NA,NA,NA,NA,NA,NA,cambio_usd,21,-0.10607790468241507,-0.1390996476858883,-0.0014114424383992671,-0.19875101774966858,0.04509662302311484,TRUE,FALSE
IRF,NA,NA,NA,NA,NA,NA,NA,NA,NA,NA,NA,z_jk_bs_purif,NA,NA,NA,NA,NA,NA,NA,NA,NA,NA,NA,NA,NA,NA,NA,cambio_usd,22,-0.10770495884800525,-0.1386635991139149,-0.0037123012760407323,-0.20507453854690047,0.044368545492407346,TRUE,FALSE
IRF,NA,NA,NA,NA,NA,NA,NA,NA,NA,NA,NA,z_jk_bs_purif,NA,NA,NA,NA,NA,NA,NA,NA,NA,NA,NA,NA,NA,NA,NA,cambio_usd,23,-0.10872293964268762,-0.14065880990831,-0.004302054031133459,-0.20683622176596844,0.04160148019246393,TRUE,FALSE
IRF,NA,NA,NA,NA,NA,NA,NA,NA,NA,NA,NA,z_jk_bs_purif,NA,NA,NA,NA,NA,NA,NA,NA,NA,NA,NA,NA,NA,NA,NA,cambio_usd,24,-0.10854847763311792,-0.14108625983609394,-0.004466464260073496,-0.20028106301833534,0.03916589060786624,TRUE,FALSE
IRF,NA,NA,NA,NA,NA,NA,NA,NA,NA,NA,NA,z_jk_bs_purif,NA,NA,NA,NA,NA,NA,NA,NA,NA,NA,NA,NA,NA,NA,NA,cambio_usd,25,-0.10745953100042867,-0.14079025485870036,-0.0031426116484771357,-0.20292316519213482,0.03538876683992026,TRUE,FALSE
IRF,NA,NA,NA,NA,NA,NA,NA,NA,NA,NA,NA,z_jk_bs_purif,NA,NA,NA,NA,NA,NA,NA,NA,NA,NA,NA,NA,NA,NA,NA,cambio_usd,26,-0.1055366731271987,-0.14118407096567095,-0.004697447612901045,-0.20193375027315355,0.03665237416767574,TRUE,FALSE
IRF,NA,NA,NA,NA,NA,NA,NA,NA,NA,NA,NA,z_jk_bs_purif,NA,NA,NA,NA,NA,NA,NA,NA,NA,NA,NA,NA,NA,NA,NA,cambio_usd,27,-0.10280104828369024,-0.13830589934510368,-0.003815083271678288,-0.1994064963606462,0.036167847164315335,TRUE,FALSE
IRF,NA,NA,NA,NA,NA,NA,NA,NA,NA,NA,NA,z_jk_bs_purif,NA,NA,NA,NA,NA,NA,NA,NA,NA,NA,NA,NA,NA,NA,NA,cambio_usd,28,-0.0994841073248774,-0.13612340440922865,-0.0042840245873204605,-0.19623088599945193,0.037567394129957986,TRUE,FALSE
IRF,NA,NA,NA,NA,NA,NA,NA,NA,NA,NA,NA,z_jk_bs_purif,NA,NA,NA,NA,NA,NA,NA,NA,NA,NA,NA,NA,NA,NA,NA,cambio_usd,29,-0.09556549509277808,-0.1321678608346251,-4.8825571247947987e-4,-0.19128391792439126,0.038697454875519774,TRUE,FALSE
IRF,NA,NA,NA,NA,NA,NA,NA,NA,NA,NA,NA,z_jk_bs_purif,NA,NA,NA,NA,NA,NA,NA,NA,NA,NA,NA,NA,NA,NA,NA,cambio_usd,30,-0.09108426272062235,-0.13083913811951867,0.0021507001030002925,-0.19110702205886143,0.03708809670698905,FALSE,FALSE
IRF,NA,NA,NA,NA,NA,NA,NA,NA,NA,NA,NA,z_jk_bs_purif,NA,NA,NA,NA,NA,NA,NA,NA,NA,NA,NA,NA,NA,NA,NA,cambio_usd,31,-0.08611255970079512,-0.12772082551932065,0.005257839687589206,-0.18304861743568512,0.03877112402827054,FALSE,FALSE
IRF,NA,NA,NA,NA,NA,NA,NA,NA,NA,NA,NA,z_jk_bs_purif,NA,NA,NA,NA,NA,NA,NA,NA,NA,NA,NA,NA,NA,NA,NA,cambio_usd,32,-0.08067997058876587,-0.1253464143737474,0.006508833530062707,-0.18807850899217218,0.0434243683934055,FALSE,FALSE
IRF,NA,NA,NA,NA,NA,NA,NA,NA,NA,NA,NA,z_jk_bs_purif,NA,NA,NA,NA,NA,NA,NA,NA,NA,NA,NA,NA,NA,NA,NA,cambio_usd,33,-0.07489148285038846,-0.11960042301253038,0.007354850539145381,-0.18455206043744804,0.050717323867787385,FALSE,FALSE
IRF,NA,NA,NA,NA,NA,NA,NA,NA,NA,NA,NA,z_jk_bs_purif,NA,NA,NA,NA,NA,NA,NA,NA,NA,NA,NA,NA,NA,NA,NA,cambio_usd,34,-0.06882371068507741,-0.11460336037367494,0.01344165943347667,-0.17673180426373983,0.05123829826798794,FALSE,FALSE
IRF,NA,NA,NA,NA,NA,NA,NA,NA,NA,NA,NA,z_jk_bs_purif,NA,NA,NA,NA,NA,NA,NA,NA,NA,NA,NA,NA,NA,NA,NA,cambio_usd,35,-0.06252804510636813,-0.10833809871710792,0.017370983950316662,-0.1751281389001499,0.05369873493196931,FALSE,FALSE
IRF,NA,NA,NA,NA,NA,NA,NA,NA,NA,NA,NA,z_jk_bs_purif,NA,NA,NA,NA,NA,NA,NA,NA,NA,NA,NA,NA,NA,NA,NA,cambio_usd,36,-0.056056366331281415,-0.1024638957364613,0.020475492642803902,-0.1665274942791102,0.060567939215918444,FALSE,FALSE
IRF,NA,NA,NA,NA,NA,NA,NA,NA,NA,NA,NA,z_jk_bs_purif,NA,NA,NA,NA,NA,NA,NA,NA,NA,NA,NA,NA,NA,NA,NA,cambio_usd,37,-0.04947824756984501,-0.09573349726162914,0.022960990763840176,-0.15750364268930866,0.06641255420957677,FALSE,FALSE
IRF,NA,NA,NA,NA,NA,NA,NA,NA,NA,NA,NA,z_jk_bs_purif,NA,NA,NA,NA,NA,NA,NA,NA,NA,NA,NA,NA,NA,NA,NA,cambio_usd,38,-0.04287275984430955,-0.09173068741471682,0.02722701614781485,-0.15109307168096991,0.07292364697606644,FALSE,FALSE
IRF,NA,NA,NA,NA,NA,NA,NA,NA,NA,NA,NA,z_jk_bs_purif,NA,NA,NA,NA,NA,NA,NA,NA,NA,NA,NA,NA,NA,NA,NA,cambio_usd,39,-0.03629520182648206,-0.08601720648792874,0.030891005050040964,-0.14734597537964933,0.0840622462917669,FALSE,FALSE
IRF,NA,NA,NA,NA,NA,NA,NA,NA,NA,NA,NA,z_jk_bs_purif,NA,NA,NA,NA,NA,NA,NA,NA,NA,NA,NA,NA,NA,NA,NA,cambio_usd,40,-0.029804009359327976,-0.0819614940361286,0.03512417071416623,-0.13986907097380974,0.09027751380802371,FALSE,FALSE
IRF,NA,NA,NA,NA,NA,NA,NA,NA,NA,NA,NA,z_jk_bs_purif,NA,NA,NA,NA,NA,NA,NA,NA,NA,NA,NA,NA,NA,NA,NA,cambio_usd,41,-0.023456443924744615,-0.07793510005927431,0.039555222494520675,-0.13585373224497285,0.09528510987625367,FALSE,FALSE
IRF,NA,NA,NA,NA,NA,NA,NA,NA,NA,NA,NA,z_jk_bs_purif,NA,NA,NA,NA,NA,NA,NA,NA,NA,NA,NA,NA,NA,NA,NA,cambio_usd,42,-0.017295789989048446,-0.07360083314006918,0.04425523560312137,-0.12983974192570982,0.10145735725529642,FALSE,FALSE
IRF,NA,NA,NA,NA,NA,NA,NA,NA,NA,NA,NA,z_jk_bs_purif,NA,NA,NA,NA,NA,NA,NA,NA,NA,NA,NA,NA,NA,NA,NA,cambio_usd,43,-0.01136980686438807,-0.06991075653733693,0.0516802200663382,-0.12292493697276541,0.10460637654859485,FALSE,FALSE
IRF,NA,NA,NA,NA,NA,NA,NA,NA,NA,NA,NA,z_jk_bs_purif,NA,NA,NA,NA,NA,NA,NA,NA,NA,NA,NA,NA,NA,NA,NA,cambio_usd,44,-0.005721965558380857,-0.06510974357986866,0.0553434976368917,-0.11805674138047452,0.11477418517243107,FALSE,FALSE
IRF,NA,NA,NA,NA,NA,NA,NA,NA,NA,NA,NA,z_jk_bs_purif,NA,NA,NA,NA,NA,NA,NA,NA,NA,NA,NA,NA,NA,NA,NA,cambio_usd,45,-3.865629344056941e-4,-0.06309720616470514,0.05975567630317202,-0.11490629129452731,0.12156855634182735,FALSE,FALSE
IRF,NA,NA,NA,NA,NA,NA,NA,NA,NA,NA,NA,z_jk_bs_purif,NA,NA,NA,NA,NA,NA,NA,NA,NA,NA,NA,NA,NA,NA,NA,cambio_usd,46,0.0046067137160076535,-0.05968469663899673,0.06261881424250142,-0.10687132372041284,0.12966290745209313,FALSE,FALSE
IRF,NA,NA,NA,NA,NA,NA,NA,NA,NA,NA,NA,z_jk_bs_purif,NA,NA,NA,NA,NA,NA,NA,NA,NA,NA,NA,NA,NA,NA,NA,cambio_usd,47,0.00923441186777661,-0.057023416557232594,0.06782411588356509,-0.09964037041333916,0.13013285242172937,FALSE,FALSE
IRF,NA,NA,NA,NA,NA,NA,NA,NA,NA,NA,NA,z_jk_bs_purif,NA,NA,NA,NA,NA,NA,NA,NA,NA,NA,NA,NA,NA,NA,NA,cambio_usd,48,0.013476687974926724,-0.052893082378413704,0.07486754471632687,-0.0946102945275735,0.1328645136478982,FALSE,FALSE
IRF,NA,NA,NA,NA,NA,NA,NA,NA,NA,NA,NA,z_jk_bs_purif,NA,NA,NA,NA,NA,NA,NA,NA,NA,NA,NA,NA,NA,NA,NA,embi_perc,0,0.26195163049497966,0.20738258390896344,0.3791278607235555,0.1718882052462171,0.47303812715652127,TRUE,TRUE
IRF,NA,NA,NA,NA,NA,NA,NA,NA,NA,NA,NA,z_jk_bs_purif,NA,NA,NA,NA,NA,NA,NA,NA,NA,NA,NA,NA,NA,NA,NA,embi_perc,1,0.26772274513643296,0.19751731794922683,0.3927320455656096,0.14613751632684419,0.4822657513274152,TRUE,TRUE
IRF,NA,NA,NA,NA,NA,NA,NA,NA,NA,NA,NA,z_jk_bs_purif,NA,NA,NA,NA,NA,NA,NA,NA,NA,NA,NA,NA,NA,NA,NA,embi_perc,2,0.20188871144576653,0.1262436973799739,0.3263943066141036,0.0731491919464062,0.42257108627732276,TRUE,TRUE
IRF,NA,NA,NA,NA,NA,NA,NA,NA,NA,NA,NA,z_jk_bs_purif,NA,NA,NA,NA,NA,NA,NA,NA,NA,NA,NA,NA,NA,NA,NA,embi_perc,3,0.28104010957843895,0.180047168856873,0.39420721832307876,0.11829336699920402,0.4891018415524957,TRUE,TRUE
IRF,NA,NA,NA,NA,NA,NA,NA,NA,NA,NA,NA,z_jk_bs_purif,NA,NA,NA,NA,NA,NA,NA,NA,NA,NA,NA,NA,NA,NA,NA,embi_perc,4,0.26826703094941456,0.14722501890159578,0.3621006478125024,0.09231118691714452,0.46361525931901326,TRUE,TRUE
IRF,NA,NA,NA,NA,NA,NA,NA,NA,NA,NA,NA,z_jk_bs_purif,NA,NA,NA,NA,NA,NA,NA,NA,NA,NA,NA,NA,NA,NA,NA,embi_perc,5,0.24142959356408888,0.12065059220777956,0.3263885413516141,0.05900376530405325,0.4129975816164081,TRUE,TRUE
IRF,NA,NA,NA,NA,NA,NA,NA,NA,NA,NA,NA,z_jk_bs_purif,NA,NA,NA,NA,NA,NA,NA,NA,NA,NA,NA,NA,NA,NA,NA,embi_perc,6,0.23227674974326332,0.11144156627028337,0.3343768495661545,0.05424502130131792,0.4148963579934,TRUE,TRUE
IRF,NA,NA,NA,NA,NA,NA,NA,NA,NA,NA,NA,z_jk_bs_purif,NA,NA,NA,NA,NA,NA,NA,NA,NA,NA,NA,NA,NA,NA,NA,embi_perc,7,0.19306723987672628,0.07980358015294686,0.2970239555750385,0.012785551801899032,0.37889834074736867,TRUE,TRUE
IRF,NA,NA,NA,NA,NA,NA,NA,NA,NA,NA,NA,z_jk_bs_purif,NA,NA,NA,NA,NA,NA,NA,NA,NA,NA,NA,NA,NA,NA,NA,embi_perc,8,0.16142434772879585,0.0526002481164283,0.2680832241658463,-0.020841708681228182,0.34739739293658084,TRUE,FALSE
IRF,NA,NA,NA,NA,NA,NA,NA,NA,NA,NA,NA,z_jk_bs_purif,NA,NA,NA,NA,NA,NA,NA,NA,NA,NA,NA,NA,NA,NA,NA,embi_perc,9,0.13100098387856715,0.02834164265416099,0.24187230433210674,-0.052282698899506506,0.3157101871540225,TRUE,FALSE
IRF,NA,NA,NA,NA,NA,NA,NA,NA,NA,NA,NA,z_jk_bs_purif,NA,NA,NA,NA,NA,NA,NA,NA,NA,NA,NA,NA,NA,NA,NA,embi_perc,10,0.09982638856789672,0.005609535721494891,0.2151712780117656,-0.07293247306152677,0.2954419795469741,TRUE,FALSE
IRF,NA,NA,NA,NA,NA,NA,NA,NA,NA,NA,NA,z_jk_bs_purif,NA,NA,NA,NA,NA,NA,NA,NA,NA,NA,NA,NA,NA,NA,NA,embi_perc,11,0.07762259506376852,-0.007243202314565322,0.20016621116198244,-0.08144617876943987,0.28339761129999197,FALSE,FALSE
IRF,NA,NA,NA,NA,NA,NA,NA,NA,NA,NA,NA,z_jk_bs_purif,NA,NA,NA,NA,NA,NA,NA,NA,NA,NA,NA,NA,NA,NA,NA,embi_perc,12,0.044118550813580695,-0.0320034211175403,0.17196670411288617,-0.1069000365964872,0.2700584996157389,FALSE,FALSE
IRF,NA,NA,NA,NA,NA,NA,NA,NA,NA,NA,NA,z_jk_bs_purif,NA,NA,NA,NA,NA,NA,NA,NA,NA,NA,NA,NA,NA,NA,NA,embi_perc,13,0.019375709502546874,-0.045402755394725124,0.156393748055821,-0.11656342096269459,0.24733807141366812,FALSE,FALSE
IRF,NA,NA,NA,NA,NA,NA,NA,NA,NA,NA,NA,z_jk_bs_purif,NA,NA,NA,NA,NA,NA,NA,NA,NA,NA,NA,NA,NA,NA,NA,embi_perc,14,5.714685383657885e-4,-0.056612868635847496,0.14458993079485097,-0.1287833912945289,0.23088299070934207,FALSE,FALSE
IRF,NA,NA,NA,NA,NA,NA,NA,NA,NA,NA,NA,z_jk_bs_purif,NA,NA,NA,NA,NA,NA,NA,NA,NA,NA,NA,NA,NA,NA,NA,embi_perc,15,-0.018090618498338176,-0.07073422106753223,0.13062915084552812,-0.14431927139678027,0.20983718599420034,FALSE,FALSE
IRF,NA,NA,NA,NA,NA,NA,NA,NA,NA,NA,NA,z_jk_bs_purif,NA,NA,NA,NA,NA,NA,NA,NA,NA,NA,NA,NA,NA,NA,NA,embi_perc,16,-0.03137757975462735,-0.07860868145279443,0.12612408624704916,-0.15623919118973537,0.1989822828220256,FALSE,FALSE
IRF,NA,NA,NA,NA,NA,NA,NA,NA,NA,NA,NA,z_jk_bs_purif,NA,NA,NA,NA,NA,NA,NA,NA,NA,NA,NA,NA,NA,NA,NA,embi_perc,17,-0.0463787874075754,-0.09178083964175218,0.11135826425809028,-0.166819072647241,0.18167305672914905,FALSE,FALSE
IRF,NA,NA,NA,NA,NA,NA,NA,NA,NA,NA,NA,z_jk_bs_purif,NA,NA,NA,NA,NA,NA,NA,NA,NA,NA,NA,NA,NA,NA,NA,embi_perc,18,-0.058898573358142595,-0.10056219192404861,0.09856233246329531,-0.184067024950746,0.17221391318151955,FALSE,FALSE
IRF,NA,NA,NA,NA,NA,NA,NA,NA,NA,NA,NA,z_jk_bs_purif,NA,NA,NA,NA,NA,NA,NA,NA,NA,NA,NA,NA,NA,NA,NA,embi_perc,19,-0.06867067900035026,-0.11157527461250077,0.08819064870046048,-0.1946755330844478,0.15907052819749742,FALSE,FALSE
IRF,NA,NA,NA,NA,NA,NA,NA,NA,NA,NA,NA,z_jk_bs_purif,NA,NA,NA,NA,NA,NA,NA,NA,NA,NA,NA,NA,NA,NA,NA,embi_perc,20,-0.07848918706057142,-0.12169518675452144,0.07602865404774005,-0.20820606237709646,0.1487790339332281,FALSE,FALSE
IRF,NA,NA,NA,NA,NA,NA,NA,NA,NA,NA,NA,z_jk_bs_purif,NA,NA,NA,NA,NA,NA,NA,NA,NA,NA,NA,NA,NA,NA,NA,embi_perc,21,-0.08573718533001219,-0.13121998080869302,0.06494402265763989,-0.21124941662660865,0.13991371414649909,FALSE,FALSE
IRF,NA,NA,NA,NA,NA,NA,NA,NA,NA,NA,NA,z_jk_bs_purif,NA,NA,NA,NA,NA,NA,NA,NA,NA,NA,NA,NA,NA,NA,NA,embi_perc,22,-0.09241716144337626,-0.1356556477815143,0.056139358139261214,-0.21440950077183069,0.1320689819257848,FALSE,FALSE
IRF,NA,NA,NA,NA,NA,NA,NA,NA,NA,NA,NA,z_jk_bs_purif,NA,NA,NA,NA,NA,NA,NA,NA,NA,NA,NA,NA,NA,NA,NA,embi_perc,23,-0.09884039187697813,-0.14193342279359775,0.04746087639705778,-0.2244900982911572,0.12552271874402468,FALSE,FALSE
IRF,NA,NA,NA,NA,NA,NA,NA,NA,NA,NA,NA,z_jk_bs_purif,NA,NA,NA,NA,NA,NA,NA,NA,NA,NA,NA,NA,NA,NA,NA,embi_perc,24,-0.10394178803484039,-0.1486499094425231,0.040600446699003416,-0.22977799583153538,0.11921515799169384,FALSE,FALSE
IRF,NA,NA,NA,NA,NA,NA,NA,NA,NA,NA,NA,z_jk_bs_purif,NA,NA,NA,NA,NA,NA,NA,NA,NA,NA,NA,NA,NA,NA,NA,embi_perc,25,-0.10814926553459314,-0.15073750052652163,0.03369786293920431,-0.2396522001475967,0.11137744771044986,FALSE,FALSE
IRF,NA,NA,NA,NA,NA,NA,NA,NA,NA,NA,NA,z_jk_bs_purif,NA,NA,NA,NA,NA,NA,NA,NA,NA,NA,NA,NA,NA,NA,NA,embi_perc,26,-0.11126151665220835,-0.15378684576344318,0.027366627549280185,-0.24887924948947426,0.1058783059745963,FALSE,FALSE
IRF,NA,NA,NA,NA,NA,NA,NA,NA,NA,NA,NA,z_jk_bs_purif,NA,NA,NA,NA,NA,NA,NA,NA,NA,NA,NA,NA,NA,NA,NA,embi_perc,27,-0.11362984712604272,-0.16016843983611134,0.021386196791125828,-0.25054569221991224,0.09633195871108785,FALSE,FALSE
IRF,NA,NA,NA,NA,NA,NA,NA,NA,NA,NA,NA,z_jk_bs_purif,NA,NA,NA,NA,NA,NA,NA,NA,NA,NA,NA,NA,NA,NA,NA,embi_perc,28,-0.11525120992037785,-0.1640809380520713,0.01642741546292139,-0.2509260075227671,0.09325579834384386,FALSE,FALSE
IRF,NA,NA,NA,NA,NA,NA,NA,NA,NA,NA,NA,z_jk_bs_purif,NA,NA,NA,NA,NA,NA,NA,NA,NA,NA,NA,NA,NA,NA,NA,embi_perc,29,-0.11589188368233515,-0.16745392402906312,0.012799983271654257,-0.25288305760139745,0.08582626853986719,FALSE,FALSE
IRF,NA,NA,NA,NA,NA,NA,NA,NA,NA,NA,NA,z_jk_bs_purif,NA,NA,NA,NA,NA,NA,NA,NA,NA,NA,NA,NA,NA,NA,NA,embi_perc,30,-0.1157981724967977,-0.16971746771777882,0.010059687866704095,-0.2505871535512312,0.08225941600222396,FALSE,FALSE
IRF,NA,NA,NA,NA,NA,NA,NA,NA,NA,NA,NA,z_jk_bs_purif,NA,NA,NA,NA,NA,NA,NA,NA,NA,NA,NA,NA,NA,NA,NA,embi_perc,31,-0.11482563811559841,-0.17470038025050794,0.007749163145883949,-0.24677002971602952,0.07547139727294781,FALSE,FALSE
IRF,NA,NA,NA,NA,NA,NA,NA,NA,NA,NA,NA,z_jk_bs_purif,NA,NA,NA,NA,NA,NA,NA,NA,NA,NA,NA,NA,NA,NA,NA,embi_perc,32,-0.11304332745514878,-0.17676851449153344,0.006195810108394664,-0.24778794042377203,0.0681809717079173,FALSE,FALSE
IRF,NA,NA,NA,NA,NA,NA,NA,NA,NA,NA,NA,z_jk_bs_purif,NA,NA,NA,NA,NA,NA,NA,NA,NA,NA,NA,NA,NA,NA,NA,embi_perc,33,-0.11061237808602295,-0.17142993371805146,0.005883721339373517,-0.2436743021901654,0.06405510606185179,FALSE,FALSE
IRF,NA,NA,NA,NA,NA,NA,NA,NA,NA,NA,NA,z_jk_bs_purif,NA,NA,NA,NA,NA,NA,NA,NA,NA,NA,NA,NA,NA,NA,NA,embi_perc,34,-0.10749579132415177,-0.1675227352127109,0.004748203841625523,-0.2478288022599415,0.060905207486411816,FALSE,FALSE
IRF,NA,NA,NA,NA,NA,NA,NA,NA,NA,NA,NA,z_jk_bs_purif,NA,NA,NA,NA,NA,NA,NA,NA,NA,NA,NA,NA,NA,NA,NA,embi_perc,35,-0.10378457243478398,-0.1673772283803106,0.002322956472110214,-0.2532739917164411,0.056778802277897306,FALSE,FALSE
IRF,NA,NA,NA,NA,NA,NA,NA,NA,NA,NA,NA,z_jk_bs_purif,NA,NA,NA,NA,NA,NA,NA,NA,NA,NA,NA,NA,NA,NA,NA,embi_perc,36,-0.09950908814887593,-0.1653555372474994,0.0022384675314159296,-0.25185226244694087,0.05576539099305046,FALSE,FALSE
IRF,NA,NA,NA,NA,NA,NA,NA,NA,NA,NA,NA,z_jk_bs_purif,NA,NA,NA,NA,NA,NA,NA,NA,NA,NA,NA,NA,NA,NA,NA,embi_perc,37,-0.09472893467169943,-0.15995135663237986,0.004537176654205474,-0.24075761910781107,0.05199281916369608,FALSE,FALSE
IRF,NA,NA,NA,NA,NA,NA,NA,NA,NA,NA,NA,z_jk_bs_purif,NA,NA,NA,NA,NA,NA,NA,NA,NA,NA,NA,NA,NA,NA,NA,embi_perc,38,-0.08955740147287154,-0.1590008690123596,0.008797526462660504,-0.2402491825044202,0.05266032805207549,FALSE,FALSE
IRF,NA,NA,NA,NA,NA,NA,NA,NA,NA,NA,NA,z_jk_bs_purif,NA,NA,NA,NA,NA,NA,NA,NA,NA,NA,NA,NA,NA,NA,NA,embi_perc,39,-0.0840350815712481,-0.15685013571355877,0.010074179600930882,-0.2417261362207002,0.05468342884837584,FALSE,FALSE
IRF,NA,NA,NA,NA,NA,NA,NA,NA,NA,NA,NA,z_jk_bs_purif,NA,NA,NA,NA,NA,NA,NA,NA,NA,NA,NA,NA,NA,NA,NA,embi_perc,40,-0.07823262018370537,-0.14907694946988814,0.012577111626336908,-0.23470158967129479,0.0575135874355103,FALSE,FALSE
IRF,NA,NA,NA,NA,NA,NA,NA,NA,NA,NA,NA,z_jk_bs_purif,NA,NA,NA,NA,NA,NA,NA,NA,NA,NA,NA,NA,NA,NA,NA,embi_perc,41,-0.0722192127744298,-0.14324234483868914,0.014145934300572075,-0.22956518755700223,0.05732411645216277,FALSE,FALSE
IRF,NA,NA,NA,NA,NA,NA,NA,NA,NA,NA,NA,z_jk_bs_purif,NA,NA,NA,NA,NA,NA,NA,NA,NA,NA,NA,NA,NA,NA,NA,embi_perc,42,-0.0660505366034439,-0.13526261712901322,0.017712559817901735,-0.22710061003875506,0.06372793110543926,FALSE,FALSE
IRF,NA,NA,NA,NA,NA,NA,NA,NA,NA,NA,NA,z_jk_bs_purif,NA,NA,NA,NA,NA,NA,NA,NA,NA,NA,NA,NA,NA,NA,NA,embi_perc,43,-0.05979696737305765,-0.13235975142780643,0.021359416093033726,-0.2236379840817012,0.0744513502940075,FALSE,FALSE
IRF,NA,NA,NA,NA,NA,NA,NA,NA,NA,NA,NA,z_jk_bs_purif,NA,NA,NA,NA,NA,NA,NA,NA,NA,NA,NA,NA,NA,NA,NA,embi_perc,44,-0.053515971035472766,-0.12781664902184464,0.026436233897972117,-0.2168902441620584,0.08172328498471204,FALSE,FALSE
IRF,NA,NA,NA,NA,NA,NA,NA,NA,NA,NA,NA,z_jk_bs_purif,NA,NA,NA,NA,NA,NA,NA,NA,NA,NA,NA,NA,NA,NA,NA,embi_perc,45,-0.04726460961231451,-0.12670481299781253,0.029201119098790168,-0.21031486416921308,0.08807858545532624,FALSE,FALSE
IRF,NA,NA,NA,NA,NA,NA,NA,NA,NA,NA,NA,z_jk_bs_purif,NA,NA,NA,NA,NA,NA,NA,NA,NA,NA,NA,NA,NA,NA,NA,embi_perc,46,-0.04109311463865502,-0.1204487154086166,0.032477396190164376,-0.20572916946463157,0.09262455381799015,FALSE,FALSE
IRF,NA,NA,NA,NA,NA,NA,NA,NA,NA,NA,NA,z_jk_bs_purif,NA,NA,NA,NA,NA,NA,NA,NA,NA,NA,NA,NA,NA,NA,NA,embi_perc,47,-0.03504473901856036,-0.11722263080601965,0.03619892955568145,-0.2007366656951946,0.09734236786163089,FALSE,FALSE
IRF,NA,NA,NA,NA,NA,NA,NA,NA,NA,NA,NA,z_jk_bs_purif,NA,NA,NA,NA,NA,NA,NA,NA,NA,NA,NA,NA,NA,NA,NA,embi_perc,48,-0.029166388384804565,-0.11163860238836382,0.04256547116128421,-0.19662119928274047,0.10464853933291429,FALSE,FALSE
IRF,NA,NA,NA,NA,NA,NA,NA,NA,NA,NA,NA,z_jk_bs_purif,NA,NA,NA,NA,NA,NA,NA,NA,NA,NA,NA,NA,NA,NA,NA,cds_5y,0,32.54172927117079,26.317466095259817,44.35311451741198,22.153108988743675,53.84105637788157,TRUE,TRUE
IRF,NA,NA,NA,NA,NA,NA,NA,NA,NA,NA,NA,z_jk_bs_purif,NA,NA,NA,NA,NA,NA,NA,NA,NA,NA,NA,NA,NA,NA,NA,cds_5y,1,34.354724108433906,25.497151873614843,48.22685182820527,20.307568002805432,57.723604191986325,TRUE,TRUE
IRF,NA,NA,NA,NA,NA,NA,NA,NA,NA,NA,NA,z_jk_bs_purif,NA,NA,NA,NA,NA,NA,NA,NA,NA,NA,NA,NA,NA,NA,NA,cds_5y,2,28.393580508378534,18.766313535576174,41.66220498823161,12.703975070787589,52.26081833029003,TRUE,TRUE
IRF,NA,NA,NA,NA,NA,NA,NA,NA,NA,NA,NA,z_jk_bs_purif,NA,NA,NA,NA,NA,NA,NA,NA,NA,NA,NA,NA,NA,NA,NA,cds_5y,3,36.795558822487465,24.240838344871147,48.956349116180284,17.258796079622474,59.493942199059966,TRUE,TRUE
IRF,NA,NA,NA,NA,NA,NA,NA,NA,NA,NA,NA,z_jk_bs_purif,NA,NA,NA,NA,NA,NA,NA,NA,NA,NA,NA,NA,NA,NA,NA,cds_5y,4,34.64307322321854,20.44722874517283,44.451602906470946,13.811622325494627,55.06742250274648,TRUE,TRUE
IRF,NA,NA,NA,NA,NA,NA,NA,NA,NA,NA,NA,z_jk_bs_purif,NA,NA,NA,NA,NA,NA,NA,NA,NA,NA,NA,NA,NA,NA,NA,cds_5y,5,30.81369989799248,16.648356039108574,40.16836671346137,8.239375058408127,49.527412873098676,TRUE,TRUE
IRF,NA,NA,NA,NA,NA,NA,NA,NA,NA,NA,NA,z_jk_bs_purif,NA,NA,NA,NA,NA,NA,NA,NA,NA,NA,NA,NA,NA,NA,NA,cds_5y,6,29.828585482433695,16.05799481397323,40.60972281832403,8.0432096318351185,50.834593061519904,TRUE,TRUE
IRF,NA,NA,NA,NA,NA,NA,NA,NA,NA,NA,NA,z_jk_bs_purif,NA,NA,NA,NA,NA,NA,NA,NA,NA,NA,NA,NA,NA,NA,NA,cds_5y,7,25.01396311895212,11.962628398085283,36.82920688605643,3.748360952753527,45.815696519938676,TRUE,TRUE
IRF,NA,NA,NA,NA,NA,NA,NA,NA,NA,NA,NA,z_jk_bs_purif,NA,NA,NA,NA,NA,NA,NA,NA,NA,NA,NA,NA,NA,NA,NA,cds_5y,8,21.040591627906696,8.358807249643915,33.682767013734974,-1.1684205212240495,42.73532047744271,TRUE,FALSE
IRF,NA,NA,NA,NA,NA,NA,NA,NA,NA,NA,NA,z_jk_bs_purif,NA,NA,NA,NA,NA,NA,NA,NA,NA,NA,NA,NA,NA,NA,NA,cds_5y,9,17.53737317954683,5.886478126703689,30.68830475614543,-3.7248981257535707,40.275437907807195,TRUE,FALSE
IRF,NA,NA,NA,NA,NA,NA,NA,NA,NA,NA,NA,z_jk_bs_purif,NA,NA,NA,NA,NA,NA,NA,NA,NA,NA,NA,NA,NA,NA,NA,cds_5y,10,13.633033356868369,3.010433307364672,27.78496632475673,-5.162060792978577,38.00993325969134,TRUE,FALSE
IRF,NA,NA,NA,NA,NA,NA,NA,NA,NA,NA,NA,z_jk_bs_purif,NA,NA,NA,NA,NA,NA,NA,NA,NA,NA,NA,NA,NA,NA,NA,cds_5y,11,10.76035724837783,1.0718781368054862,25.584727825093907,-7.013327833566414,36.2184237667417,TRUE,FALSE
IRF,NA,NA,NA,NA,NA,NA,NA,NA,NA,NA,NA,z_jk_bs_purif,NA,NA,NA,NA,NA,NA,NA,NA,NA,NA,NA,NA,NA,NA,NA,cds_5y,12,6.796056868487721,-1.6892898136677426,23.02772185213985,-9.991616222184625,33.82839789500616,FALSE,FALSE
IRF,NA,NA,NA,NA,NA,NA,NA,NA,NA,NA,NA,z_jk_bs_purif,NA,NA,NA,NA,NA,NA,NA,NA,NA,NA,NA,NA,NA,NA,NA,cds_5y,13,3.6038222752157334,-3.9325356020680116,20.83687400469347,-11.835968503909507,31.622746823765,FALSE,FALSE
IRF,NA,NA,NA,NA,NA,NA,NA,NA,NA,NA,NA,z_jk_bs_purif,NA,NA,NA,NA,NA,NA,NA,NA,NA,NA,NA,NA,NA,NA,NA,cds_5y,14,1.1988178554738338,-5.496453340015714,19.351735065750017,-13.299728403910393,28.940921049635843,FALSE,FALSE
IRF,NA,NA,NA,NA,NA,NA,NA,NA,NA,NA,NA,z_jk_bs_purif,NA,NA,NA,NA,NA,NA,NA,NA,NA,NA,NA,NA,NA,NA,NA,cds_5y,15,-1.1243255711680407,-6.8966150498565435,17.991404818586968,-15.234119897674088,26.8293185811057,FALSE,FALSE
IRF,NA,NA,NA,NA,NA,NA,NA,NA,NA,NA,NA,z_jk_bs_purif,NA,NA,NA,NA,NA,NA,NA,NA,NA,NA,NA,NA,NA,NA,NA,cds_5y,16,-2.910426450814165,-8.20823004349554,17.016185907152032,-17.322063569855462,25.636910832688105,FALSE,FALSE
IRF,NA,NA,NA,NA,NA,NA,NA,NA,NA,NA,NA,z_jk_bs_purif,NA,NA,NA,NA,NA,NA,NA,NA,NA,NA,NA,NA,NA,NA,NA,cds_5y,17,-4.838301883861229,-9.560337884588275,15.408450034672866,-19.062273838467025,23.879841006079317,FALSE,FALSE
IRF,NA,NA,NA,NA,NA,NA,NA,NA,NA,NA,NA,z_jk_bs_purif,NA,NA,NA,NA,NA,NA,NA,NA,NA,NA,NA,NA,NA,NA,NA,cds_5y,18,-6.483930353784659,-10.97971380944354,13.59504798127112,-20.27696777983874,22.620754884783597,FALSE,FALSE
IRF,NA,NA,NA,NA,NA,NA,NA,NA,NA,NA,NA,z_jk_bs_purif,NA,NA,NA,NA,NA,NA,NA,NA,NA,NA,NA,NA,NA,NA,NA,cds_5y,19,-7.843254086771084,-12.376083042248679,12.495507034029277,-22.35320491262226,20.902957468388696,FALSE,FALSE
IRF,NA,NA,NA,NA,NA,NA,NA,NA,NA,NA,NA,z_jk_bs_purif,NA,NA,NA,NA,NA,NA,NA,NA,NA,NA,NA,NA,NA,NA,NA,cds_5y,20,-9.18214472197037,-13.764538866588094,11.038144568481849,-23.808068809955703,19.216680698010027,FALSE,FALSE
IRF,NA,NA,NA,NA,NA,NA,NA,NA,NA,NA,NA,z_jk_bs_purif,NA,NA,NA,NA,NA,NA,NA,NA,NA,NA,NA,NA,NA,NA,NA,cds_5y,21,-10.22185270955631,-14.587985501475913,9.475219606028482,-24.63213626132828,18.56021510501917,FALSE,FALSE
IRF,NA,NA,NA,NA,NA,NA,NA,NA,NA,NA,NA,z_jk_bs_purif,NA,NA,NA,NA,NA,NA,NA,NA,NA,NA,NA,NA,NA,NA,NA,cds_5y,22,-11.195233270646447,-15.556446996769402,8.82529893335762,-26.1446199496332,17.696393698435905,FALSE,FALSE
IRF,NA,NA,NA,NA,NA,NA,NA,NA,NA,NA,NA,z_jk_bs_purif,NA,NA,NA,NA,NA,NA,NA,NA,NA,NA,NA,NA,NA,NA,NA,cds_5y,23,-12.141449993452397,-16.19913227882559,7.608989730078605,-27.199975603838613,16.591285874529728,FALSE,FALSE
IRF,NA,NA,NA,NA,NA,NA,NA,NA,NA,NA,NA,z_jk_bs_purif,NA,NA,NA,NA,NA,NA,NA,NA,NA,NA,NA,NA,NA,NA,NA,cds_5y,24,-12.928043220591594,-17.205949475800494,6.309025546520278,-28.12846869669357,16.01447763756994,FALSE,FALSE
IRF,NA,NA,NA,NA,NA,NA,NA,NA,NA,NA,NA,z_jk_bs_purif,NA,NA,NA,NA,NA,NA,NA,NA,NA,NA,NA,NA,NA,NA,NA,cds_5y,25,-13.607570804903224,-18.165307628408346,5.499960975901561,-28.927682980795595,15.238199896937926,FALSE,FALSE
IRF,NA,NA,NA,NA,NA,NA,NA,NA,NA,NA,NA,z_jk_bs_purif,NA,NA,NA,NA,NA,NA,NA,NA,NA,NA,NA,NA,NA,NA,NA,cds_5y,26,-14.157293832526717,-18.425707576191275,4.431368521414447,-29.81084214652635,13.84112658193238,FALSE,FALSE
IRF,NA,NA,NA,NA,NA,NA,NA,NA,NA,NA,NA,z_jk_bs_purif,NA,NA,NA,NA,NA,NA,NA,NA,NA,NA,NA,NA,NA,NA,NA,cds_5y,27,-14.60678655579117,-19.08708903848419,3.852258153446532,-30.956561852242622,13.619946402936748,FALSE,FALSE
IRF,NA,NA,NA,NA,NA,NA,NA,NA,NA,NA,NA,z_jk_bs_purif,NA,NA,NA,NA,NA,NA,NA,NA,NA,NA,NA,NA,NA,NA,NA,cds_5y,28,-14.962557072424842,-19.770396931948326,3.000881821997624,-30.91957647496765,12.382909535381506,FALSE,FALSE
IRF,NA,NA,NA,NA,NA,NA,NA,NA,NA,NA,NA,z_jk_bs_purif,NA,NA,NA,NA,NA,NA,NA,NA,NA,NA,NA,NA,NA,NA,NA,cds_5y,29,-15.196803557036983,-20.407750460340402,2.2588065365328105,-30.733008502523894,11.414040523958038,FALSE,FALSE
IRF,NA,NA,NA,NA,NA,NA,NA,NA,NA,NA,NA,z_jk_bs_purif,NA,NA,NA,NA,NA,NA,NA,NA,NA,NA,NA,NA,NA,NA,NA,cds_5y,30,-15.331360327376535,-20.991583934848506,1.8210919984465566,-30.45746513896552,10.851506393476571,FALSE,FALSE
IRF,NA,NA,NA,NA,NA,NA,NA,NA,NA,NA,NA,z_jk_bs_purif,NA,NA,NA,NA,NA,NA,NA,NA,NA,NA,NA,NA,NA,NA,NA,cds_5y,31,-15.352505125098356,-21.073287472179153,1.3932047574535593,-30.59734282738396,9.854720447934138,FALSE,FALSE
IRF,NA,NA,NA,NA,NA,NA,NA,NA,NA,NA,NA,z_jk_bs_purif,NA,NA,NA,NA,NA,NA,NA,NA,NA,NA,NA,NA,NA,NA,NA,cds_5y,32,-15.265239556261108,-21.187930600488283,0.9722374712888129,-31.021824438103888,8.815368159119375,FALSE,FALSE
IRF,NA,NA,NA,NA,NA,NA,NA,NA,NA,NA,NA,z_jk_bs_purif,NA,NA,NA,NA,NA,NA,NA,NA,NA,NA,NA,NA,NA,NA,NA,cds_5y,33,-15.086780240300145,-20.550188374467467,0.7383568328149789,-31.73225549088271,8.390002565309599,FALSE,FALSE
IRF,NA,NA,NA,NA,NA,NA,NA,NA,NA,NA,NA,z_jk_bs_purif,NA,NA,NA,NA,NA,NA,NA,NA,NA,NA,NA,NA,NA,NA,NA,cds_5y,34,-14.814210083670016,-20.589012797676048,0.7455083810514515,-32.29220983146878,7.90630361278478,FALSE,FALSE
IRF,NA,NA,NA,NA,NA,NA,NA,NA,NA,NA,NA,z_jk_bs_purif,NA,NA,NA,NA,NA,NA,NA,NA,NA,NA,NA,NA,NA,NA,NA,cds_5y,35,-14.456527073808166,-20.362496749754015,0.5137010244797817,-31.56944572640228,8.041668549327907,FALSE,FALSE
IRF,NA,NA,NA,NA,NA,NA,NA,NA,NA,NA,NA,z_jk_bs_purif,NA,NA,NA,NA,NA,NA,NA,NA,NA,NA,NA,NA,NA,NA,NA,cds_5y,36,-14.017131326220307,-20.01008814889882,0.46595430667463855,-31.343090500461646,7.299151285810091,FALSE,FALSE
IRF,NA,NA,NA,NA,NA,NA,NA,NA,NA,NA,NA,z_jk_bs_purif,NA,NA,NA,NA,NA,NA,NA,NA,NA,NA,NA,NA,NA,NA,NA,cds_5y,37,-13.503134748703564,-19.794211778431517,0.47155947309650575,-31.588516427103034,6.783942535658668,FALSE,FALSE
IRF,NA,NA,NA,NA,NA,NA,NA,NA,NA,NA,NA,z_jk_bs_purif,NA,NA,NA,NA,NA,NA,NA,NA,NA,NA,NA,NA,NA,NA,NA,cds_5y,38,-12.927538159547893,-19.53143911683354,0.6150669074250223,-30.640225732403124,6.77017474893368,FALSE,FALSE
IRF,NA,NA,NA,NA,NA,NA,NA,NA,NA,NA,NA,z_jk_bs_purif,NA,NA,NA,NA,NA,NA,NA,NA,NA,NA,NA,NA,NA,NA,NA,cds_5y,39,-12.295593629277176,-19.13045200602877,0.8842511897663028,-30.404432986031434,6.7147265283403765,FALSE,FALSE
IRF,NA,NA,NA,NA,NA,NA,NA,NA,NA,NA,NA,z_jk_bs_purif,NA,NA,NA,NA,NA,NA,NA,NA,NA,NA,NA,NA,NA,NA,NA,cds_5y,40,-11.615925288638616,-18.458757358271967,1.1201387939247054,-30.308396930414325,6.91997773005809,FALSE,FALSE
IRF,NA,NA,NA,NA,NA,NA,NA,NA,NA,NA,NA,z_jk_bs_purif,NA,NA,NA,NA,NA,NA,NA,NA,NA,NA,NA,NA,NA,NA,NA,cds_5y,41,-10.897212032656286,-17.7840030315227,1.489853585454624,-30.168087219960697,7.115354521513491,FALSE,FALSE
IRF,NA,NA,NA,NA,NA,NA,NA,NA,NA,NA,NA,z_jk_bs_purif,NA,NA,NA,NA,NA,NA,NA,NA,NA,NA,NA,NA,NA,NA,NA,cds_5y,42,-10.146485279511055,-17.474764398792985,1.9412165555188614,-29.515089205512542,7.559289529504726,FALSE,FALSE
IRF,NA,NA,NA,NA,NA,NA,NA,NA,NA,NA,NA,z_jk_bs_purif,NA,NA,NA,NA,NA,NA,NA,NA,NA,NA,NA,NA,NA,NA,NA,cds_5y,43,-9.372675677970966,-17.135158454790997,2.22283799085501,-29.045977295883855,8.79549966761795,FALSE,FALSE
IRF,NA,NA,NA,NA,NA,NA,NA,NA,NA,NA,NA,z_jk_bs_purif,NA,NA,NA,NA,NA,NA,NA,NA,NA,NA,NA,NA,NA,NA,NA,cds_5y,44,-8.583467527309237,-16.74751191407428,2.5990694015334737,-28.29709792734863,9.281507982570998,FALSE,FALSE
IRF,NA,NA,NA,NA,NA,NA,NA,NA,NA,NA,NA,z_jk_bs_purif,NA,NA,NA,NA,NA,NA,NA,NA,NA,NA,NA,NA,NA,NA,NA,cds_5y,45,-7.786336886778736,-16.24694665339644,2.9998376016966715,-27.913006190040452,9.920761683468731,FALSE,FALSE
IRF,NA,NA,NA,NA,NA,NA,NA,NA,NA,NA,NA,z_jk_bs_purif,NA,NA,NA,NA,NA,NA,NA,NA,NA,NA,NA,NA,NA,NA,NA,cds_5y,46,-6.988144712447816,-15.353265940447791,3.7920971398154624,-27.03522227445208,10.674402809262348,FALSE,FALSE
IRF,NA,NA,NA,NA,NA,NA,NA,NA,NA,NA,NA,z_jk_bs_purif,NA,NA,NA,NA,NA,NA,NA,NA,NA,NA,NA,NA,NA,NA,NA,cds_5y,47,-6.19498687550463,-14.855104367057557,4.188961102916733,-26.549972833316957,11.060410388320307,FALSE,FALSE
IRF,NA,NA,NA,NA,NA,NA,NA,NA,NA,NA,NA,z_jk_bs_purif,NA,NA,NA,NA,NA,NA,NA,NA,NA,NA,NA,NA,NA,NA,NA,cds_5y,48,-5.413315597964883,-14.294182619657962,4.702029427167906,-25.89412871728914,11.607862500363304,FALSE,FALSE
IRF,NA,NA,NA,NA,NA,NA,NA,NA,NA,NA,NA,z_jk_bs_purif,NA,NA,NA,NA,NA,NA,NA,NA,NA,NA,NA,NA,NA,NA,NA,asset_ibov,0,-1.7226766564462797,-5.042048896773932,-0.6326662923348048,-6.909569370161541,0.774686448958163,TRUE,FALSE
IRF,NA,NA,NA,NA,NA,NA,NA,NA,NA,NA,NA,z_jk_bs_purif,NA,NA,NA,NA,NA,NA,NA,NA,NA,NA,NA,NA,NA,NA,NA,asset_ibov,1,-3.227807155580595,-7.657068204324985,-0.9403490823726272,-10.78106746499438,1.5684295365907954,TRUE,FALSE
IRF,NA,NA,NA,NA,NA,NA,NA,NA,NA,NA,NA,z_jk_bs_purif,NA,NA,NA,NA,NA,NA,NA,NA,NA,NA,NA,NA,NA,NA,NA,asset_ibov,2,-2.3074304331649635,-8.122936966599394,1.4775087136144907,-12.647372491465989,4.733596722325477,FALSE,FALSE
IRF,NA,NA,NA,NA,NA,NA,NA,NA,NA,NA,NA,z_jk_bs_purif,NA,NA,NA,NA,NA,NA,NA,NA,NA,NA,NA,NA,NA,NA,NA,asset_ibov,3,-3.117787311015995,-10.075079322625351,2.642689700530458,-15.298569355921254,6.669833807929728,FALSE,FALSE
IRF,NA,NA,NA,NA,NA,NA,NA,NA,NA,NA,NA,z_jk_bs_purif,NA,NA,NA,NA,NA,NA,NA,NA,NA,NA,NA,NA,NA,NA,NA,asset_ibov,4,-3.257221145016935,-11.379498739198167,3.6513587914498444,-17.003036562829852,8.886572492926081,FALSE,FALSE
IRF,NA,NA,NA,NA,NA,NA,NA,NA,NA,NA,NA,z_jk_bs_purif,NA,NA,NA,NA,NA,NA,NA,NA,NA,NA,NA,NA,NA,NA,NA,asset_ibov,5,-2.0973391780154955,-11.081360141051292,5.701304909097885,-17.482415583473113,12.058195232864989,FALSE,FALSE
IRF,NA,NA,NA,NA,NA,NA,NA,NA,NA,NA,NA,z_jk_bs_purif,NA,NA,NA,NA,NA,NA,NA,NA,NA,NA,NA,NA,NA,NA,NA,asset_ibov,6,-0.9124523659370141,-11.561861982542045,8.313767117603005,-18.318295514478898,15.477833123986684,FALSE,FALSE
IRF,NA,NA,NA,NA,NA,NA,NA,NA,NA,NA,NA,z_jk_bs_purif,NA,NA,NA,NA,NA,NA,NA,NA,NA,NA,NA,NA,NA,NA,NA,asset_ibov,7,0.8449853337893088,-11.50227937377497,11.364995219954187,-19.31533406345175,19.86538482337316,FALSE,FALSE
IRF,NA,NA,NA,NA,NA,NA,NA,NA,NA,NA,NA,z_jk_bs_purif,NA,NA,NA,NA,NA,NA,NA,NA,NA,NA,NA,NA,NA,NA,NA,asset_ibov,8,2.8521980033178123,-10.419003980455045,14.435895083987473,-19.603515908467617,25.142705631000844,FALSE,FALSE
IRF,NA,NA,NA,NA,NA,NA,NA,NA,NA,NA,NA,z_jk_bs_purif,NA,NA,NA,NA,NA,NA,NA,NA,NA,NA,NA,NA,NA,NA,NA,asset_ibov,9,4.612485851245434,-10.120079824515184,17.6269809587495,-21.070339236749202,29.13954234330839,FALSE,FALSE
IRF,NA,NA,NA,NA,NA,NA,NA,NA,NA,NA,NA,z_jk_bs_purif,NA,NA,NA,NA,NA,NA,NA,NA,NA,NA,NA,NA,NA,NA,NA,asset_ibov,10,6.568678584804621,-9.668573366046646,20.756415306264667,-20.721626922987966,33.48029322994035,FALSE,FALSE
IRF,NA,NA,NA,NA,NA,NA,NA,NA,NA,NA,NA,z_jk_bs_purif,NA,NA,NA,NA,NA,NA,NA,NA,NA,NA,NA,NA,NA,NA,NA,asset_ibov,11,8.361694505642266,-9.540140144260107,24.221676715066113,-21.811423926602384,37.73214397471555,FALSE,FALSE
IRF,NA,NA,NA,NA,NA,NA,NA,NA,NA,NA,NA,z_jk_bs_purif,NA,NA,NA,NA,NA,NA,NA,NA,NA,NA,NA,NA,NA,NA,NA,asset_ibov,12,10.259005357010965,-9.164877741460668,27.213628683314777,-22.767951229142387,43.18756303372714,FALSE,FALSE
IRF,NA,NA,NA,NA,NA,NA,NA,NA,NA,NA,NA,z_jk_bs_purif,NA,NA,NA,NA,NA,NA,NA,NA,NA,NA,NA,NA,NA,NA,NA,asset_ibov,13,11.909736028489464,-8.829464789781548,30.40556978875963,-23.51555951200496,48.25478673138972,FALSE,FALSE
IRF,NA,NA,NA,NA,NA,NA,NA,NA,NA,NA,NA,z_jk_bs_purif,NA,NA,NA,NA,NA,NA,NA,NA,NA,NA,NA,NA,NA,NA,NA,asset_ibov,14,13.24588016331623,-8.990275094514052,33.214063409700984,-24.660231481377025,53.066541106002525,FALSE,FALSE
IRF,NA,NA,NA,NA,NA,NA,NA,NA,NA,NA,NA,z_jk_bs_purif,NA,NA,NA,NA,NA,NA,NA,NA,NA,NA,NA,NA,NA,NA,NA,asset_ibov,15,14.487562096758175,-9.421831653236453,36.19696623068651,-26.054488671537218,58.20482716118839,FALSE,FALSE
IRF,NA,NA,NA,NA,NA,NA,NA,NA,NA,NA,NA,z_jk_bs_purif,NA,NA,NA,NA,NA,NA,NA,NA,NA,NA,NA,NA,NA,NA,NA,asset_ibov,16,15.444884232870814,-9.890314509896754,39.7334335708091,-27.556983920443546,61.438759834348275,FALSE,FALSE
IRF,NA,NA,NA,NA,NA,NA,NA,NA,NA,NA,NA,z_jk_bs_purif,NA,NA,NA,NA,NA,NA,NA,NA,NA,NA,NA,NA,NA,NA,NA,asset_ibov,17,16.263682420599082,-10.40488569821941,42.72608365288127,-29.48435770724831,65.91573609075064,FALSE,FALSE
IRF,NA,NA,NA,NA,NA,NA,NA,NA,NA,NA,NA,z_jk_bs_purif,NA,NA,NA,NA,NA,NA,NA,NA,NA,NA,NA,NA,NA,NA,NA,asset_ibov,18,16.951247141972534,-10.599925384738919,45.33854108486745,-31.673627785308312,71.58605765163004,FALSE,FALSE
IRF,NA,NA,NA,NA,NA,NA,NA,NA,NA,NA,NA,z_jk_bs_purif,NA,NA,NA,NA,NA,NA,NA,NA,NA,NA,NA,NA,NA,NA,NA,asset_ibov,19,17.38120713574254,-11.95553731447767,47.97464625773467,-33.62932442246212,76.40044752346788,FALSE,FALSE
IRF,NA,NA,NA,NA,NA,NA,NA,NA,NA,NA,NA,z_jk_bs_purif,NA,NA,NA,NA,NA,NA,NA,NA,NA,NA,NA,NA,NA,NA,NA,asset_ibov,20,17.641725767117858,-11.940450821932073,50.54543946454032,-35.21427038150627,80.25837272080024,FALSE,FALSE
IRF,NA,NA,NA,NA,NA,NA,NA,NA,NA,NA,NA,z_jk_bs_purif,NA,NA,NA,NA,NA,NA,NA,NA,NA,NA,NA,NA,NA,NA,NA,asset_ibov,21,17.71061179736559,-12.810728199396785,54.05544038673023,-38.26097333645369,84.72706274228193,FALSE,FALSE
IRF,NA,NA,NA,NA,NA,NA,NA,NA,NA,NA,NA,z_jk_bs_purif,NA,NA,NA,NA,NA,NA,NA,NA,NA,NA,NA,NA,NA,NA,NA,asset_ibov,22,17.588122001710662,-14.450984053574093,57.04843433757735,-40.001739909733,88.5177576750195,FALSE,FALSE
IRF,NA,NA,NA,NA,NA,NA,NA,NA,NA,NA,NA,z_jk_bs_purif,NA,NA,NA,NA,NA,NA,NA,NA,NA,NA,NA,NA,NA,NA,NA,asset_ibov,23,17.30338001280273,-15.363428103484964,58.76082760787931,-41.52804136329615,93.14239743746853,FALSE,FALSE
IRF,NA,NA,NA,NA,NA,NA,NA,NA,NA,NA,NA,z_jk_bs_purif,NA,NA,NA,NA,NA,NA,NA,NA,NA,NA,NA,NA,NA,NA,NA,asset_ibov,24,16.834522850050533,-16.373341849406078,61.17579609526968,-44.075080615925046,97.19082841560044,FALSE,FALSE
IRF,NA,NA,NA,NA,NA,NA,NA,NA,NA,NA,NA,z_jk_bs_purif,NA,NA,NA,NA,NA,NA,NA,NA,NA,NA,NA,NA,NA,NA,NA,asset_ibov,25,16.18800243845135,-17.25859344987645,63.390717815705,-46.13352662399085,100.91673717678155,FALSE,FALSE
IRF,NA,NA,NA,NA,NA,NA,NA,NA,NA,NA,NA,z_jk_bs_purif,NA,NA,NA,NA,NA,NA,NA,NA,NA,NA,NA,NA,NA,NA,NA,asset_ibov,26,15.368916818950973,-19.15647082701578,66.07843603269393,-47.62020101912322,104.49977665574565,FALSE,FALSE
IRF,NA,NA,NA,NA,NA,NA,NA,NA,NA,NA,NA,z_jk_bs_purif,NA,NA,NA,NA,NA,NA,NA,NA,NA,NA,NA,NA,NA,NA,NA,asset_ibov,27,14.382739519842389,-20.631995372963516,68.41996321364674,-50.21539022620296,108.43897860650745,FALSE,FALSE
IRF,NA,NA,NA,NA,NA,NA,NA,NA,NA,NA,NA,z_jk_bs_purif,NA,NA,NA,NA,NA,NA,NA,NA,NA,NA,NA,NA,NA,NA,NA,asset_ibov,28,13.239094525510936,-21.961929147763364,71.14918652220443,-52.365931591762354,112.62931303951913,FALSE,FALSE
IRF,NA,NA,NA,NA,NA,NA,NA,NA,NA,NA,NA,z_jk_bs_purif,NA,NA,NA,NA,NA,NA,NA,NA,NA,NA,NA,NA,NA,NA,NA,asset_ibov,29,11.937356428308382,-24.072179654892818,73.3451086639277,-53.99741281372189,114.64157643893707,FALSE,FALSE
IRF,NA,NA,NA,NA,NA,NA,NA,NA,NA,NA,NA,z_jk_bs_purif,NA,NA,NA,NA,NA,NA,NA,NA,NA,NA,NA,NA,NA,NA,NA,asset_ibov,30,10.48694735827901,-25.16612335362134,75.3922240420803,-56.46284335112981,119.55585670737749,FALSE,FALSE
IRF,NA,NA,NA,NA,NA,NA,NA,NA,NA,NA,NA,z_jk_bs_purif,NA,NA,NA,NA,NA,NA,NA,NA,NA,NA,NA,NA,NA,NA,NA,asset_ibov,31,8.894020422097878,-27.448942795844886,76.42329638246102,-59.1365754549965,124.3052773598184,FALSE,FALSE
IRF,NA,NA,NA,NA,NA,NA,NA,NA,NA,NA,NA,z_jk_bs_purif,NA,NA,NA,NA,NA,NA,NA,NA,NA,NA,NA,NA,NA,NA,NA,asset_ibov,32,7.166794012747155,-28.26154049083752,77.49198931880665,-61.933689162679386,127.38423311754076,FALSE,FALSE
IRF,NA,NA,NA,NA,NA,NA,NA,NA,NA,NA,NA,z_jk_bs_purif,NA,NA,NA,NA,NA,NA,NA,NA,NA,NA,NA,NA,NA,NA,NA,asset_ibov,33,5.3188642593549575,-30.486869810332838,77.82649301581814,-63.53402145690207,130.10350899149697,FALSE,FALSE
IRF,NA,NA,NA,NA,NA,NA,NA,NA,NA,NA,NA,z_jk_bs_purif,NA,NA,NA,NA,NA,NA,NA,NA,NA,NA,NA,NA,NA,NA,NA,asset_ibov,34,3.3585297255770454,-32.2005106523704,78.20242441528887,-67.67139924469386,133.2455924744575,FALSE,FALSE
IRF,NA,NA,NA,NA,NA,NA,NA,NA,NA,NA,NA,z_jk_bs_purif,NA,NA,NA,NA,NA,NA,NA,NA,NA,NA,NA,NA,NA,NA,NA,asset_ibov,35,1.297127400744934,-34.51280029104814,78.9083843484403,-71.01794791419256,133.96966152797708,FALSE,FALSE
IRF,NA,NA,NA,NA,NA,NA,NA,NA,NA,NA,NA,z_jk_bs_purif,NA,NA,NA,NA,NA,NA,NA,NA,NA,NA,NA,NA,NA,NA,NA,asset_ibov,36,-0.8527195454539661,-36.48600682240377,80.08173207423745,-75.56933451774331,138.04729873561675,FALSE,FALSE
IRF,NA,NA,NA,NA,NA,NA,NA,NA,NA,NA,NA,z_jk_bs_purif,NA,NA,NA,NA,NA,NA,NA,NA,NA,NA,NA,NA,NA,NA,NA,asset_ibov,37,-3.0794745149627687,-38.703874962167184,80.23304049579059,-77.24360735323302,140.89214009580368,FALSE,FALSE
IRF,NA,NA,NA,NA,NA,NA,NA,NA,NA,NA,NA,z_jk_bs_purif,NA,NA,NA,NA,NA,NA,NA,NA,NA,NA,NA,NA,NA,NA,NA,asset_ibov,38,-5.369276632067337,-42.191764708610776,80.7978692973397,-81.29724573691657,142.5432312355755,FALSE,FALSE
IRF,NA,NA,NA,NA,NA,NA,NA,NA,NA,NA,NA,z_jk_bs_purif,NA,NA,NA,NA,NA,NA,NA,NA,NA,NA,NA,NA,NA,NA,NA,asset_ibov,39,-7.709028516561268,-44.17308343013762,82.00411967599808,-83.55527090680916,143.50906422422457,FALSE,FALSE
IRF,NA,NA,NA,NA,NA,NA,NA,NA,NA,NA,NA,z_jk_bs_purif,NA,NA,NA,NA,NA,NA,NA,NA,NA,NA,NA,NA,NA,NA,NA,asset_ibov,40,-10.085818550936038,-46.74448581173194,82.25788764039058,-85.93827579784002,144.94258520452928,FALSE,FALSE
IRF,NA,NA,NA,NA,NA,NA,NA,NA,NA,NA,NA,z_jk_bs_purif,NA,NA,NA,NA,NA,NA,NA,NA,NA,NA,NA,NA,NA,NA,NA,asset_ibov,41,-12.486282347428853,-48.59472341397958,82.74786260963444,-89.76711165657996,145.89605710195735,FALSE,FALSE
IRF,NA,NA,NA,NA,NA,NA,NA,NA,NA,NA,NA,z_jk_bs_purif,NA,NA,NA,NA,NA,NA,NA,NA,NA,NA,NA,NA,NA,NA,NA,asset_ibov,42,-14.897497732293067,-50.84208347308791,83.49870749777361,-93.70423298847508,146.3880554218302,FALSE,FALSE
IRF,NA,NA,NA,NA,NA,NA,NA,NA,NA,NA,NA,z_jk_bs_purif,NA,NA,NA,NA,NA,NA,NA,NA,NA,NA,NA,NA,NA,NA,NA,asset_ibov,43,-17.30646614506526,-52.49265527775876,83.68189801006653,-96.9602040316222,146.62233513885158,FALSE,FALSE
IRF,NA,NA,NA,NA,NA,NA,NA,NA,NA,NA,NA,z_jk_bs_purif,NA,NA,NA,NA,NA,NA,NA,NA,NA,NA,NA,NA,NA,NA,NA,asset_ibov,44,-19.70068339959034,-55.46804329301349,84.32179960195025,-100.02179614440482,148.03102627970816,FALSE,FALSE
IRF,NA,NA,NA,NA,NA,NA,NA,NA,NA,NA,NA,z_jk_bs_purif,NA,NA,NA,NA,NA,NA,NA,NA,NA,NA,NA,NA,NA,NA,NA,asset_ibov,45,-22.068206486910512,-57.88084881526008,84.47697319462833,-102.54172975324335,148.45856524555043,FALSE,FALSE
IRF,NA,NA,NA,NA,NA,NA,NA,NA,NA,NA,NA,z_jk_bs_purif,NA,NA,NA,NA,NA,NA,NA,NA,NA,NA,NA,NA,NA,NA,NA,asset_ibov,46,-24.397582117735368,-60.273493769677216,84.78514201993778,-104.92789125402413,149.55091065478675,FALSE,FALSE
IRF,NA,NA,NA,NA,NA,NA,NA,NA,NA,NA,NA,z_jk_bs_purif,NA,NA,NA,NA,NA,NA,NA,NA,NA,NA,NA,NA,NA,NA,NA,asset_ibov,47,-26.678103582138036,-62.263554284021694,84.99681111124637,-107.20610542697362,149.80808778163822,FALSE,FALSE
IRF,NA,NA,NA,NA,NA,NA,NA,NA,NA,NA,NA,z_jk_bs_purif,NA,NA,NA,NA,NA,NA,NA,NA,NA,NA,NA,NA,NA,NA,NA,asset_ibov,48,-28.899632073952837,-64.67399825892332,85.01814694527916,-109.72503224575912,150.51439466420524,FALSE,FALSE
IRF,NA,NA,NA,NA,NA,NA,NA,NA,NA,NA,NA,z_jk_bs_purif,NA,NA,NA,NA,NA,NA,NA,NA,NA,NA,NA,NA,NA,NA,NA,price_ipca,0,-0.0617903808815023,-0.1831081031255165,0.046842250963697284,-0.2758105606280707,0.11697805309339654,FALSE,FALSE
IRF,NA,NA,NA,NA,NA,NA,NA,NA,NA,NA,NA,z_jk_bs_purif,NA,NA,NA,NA,NA,NA,NA,NA,NA,NA,NA,NA,NA,NA,NA,price_ipca,1,-0.01493156457608533,-0.15733011860854898,0.05935513872838477,-0.23166049867989189,0.12680891932528005,FALSE,FALSE
IRF,NA,NA,NA,NA,NA,NA,NA,NA,NA,NA,NA,z_jk_bs_purif,NA,NA,NA,NA,NA,NA,NA,NA,NA,NA,NA,NA,NA,NA,NA,price_ipca,2,-0.024188880149557744,-0.16369787136936254,0.05993779859170836,-0.24585143560186096,0.14366131600354598,FALSE,FALSE
IRF,NA,NA,NA,NA,NA,NA,NA,NA,NA,NA,NA,z_jk_bs_purif,NA,NA,NA,NA,NA,NA,NA,NA,NA,NA,NA,NA,NA,NA,NA,price_ipca,3,0.009289454938586685,-0.13369581536874425,0.12078218721086022,-0.224898223373794,0.20357166842427266,FALSE,FALSE
IRF,NA,NA,NA,NA,NA,NA,NA,NA,NA,NA,NA,z_jk_bs_purif,NA,NA,NA,NA,NA,NA,NA,NA,NA,NA,NA,NA,NA,NA,NA,price_ipca,4,0.049629783555497485,-0.07664749126100802,0.181130171162693,-0.14585441164575438,0.26718633092995414,FALSE,FALSE
IRF,NA,NA,NA,NA,NA,NA,NA,NA,NA,NA,NA,z_jk_bs_purif,NA,NA,NA,NA,NA,NA,NA,NA,NA,NA,NA,NA,NA,NA,NA,price_ipca,5,0.10923624749507713,-0.023157292257426236,0.2274193064727031,-0.11160596272987795,0.3198382411158022,FALSE,FALSE
IRF,NA,NA,NA,NA,NA,NA,NA,NA,NA,NA,NA,z_jk_bs_purif,NA,NA,NA,NA,NA,NA,NA,NA,NA,NA,NA,NA,NA,NA,NA,price_ipca,6,0.08857198391334935,-0.04580216001444092,0.21768089415047556,-0.12568153519302147,0.3066531802762862,FALSE,FALSE
IRF,NA,NA,NA,NA,NA,NA,NA,NA,NA,NA,NA,z_jk_bs_purif,NA,NA,NA,NA,NA,NA,NA,NA,NA,NA,NA,NA,NA,NA,NA,price_ipca,7,0.11440717308668535,-0.01926804474957972,0.24718694986055056,-0.0873575585534304,0.3620965886820084,FALSE,FALSE
IRF,NA,NA,NA,NA,NA,NA,NA,NA,NA,NA,NA,z_jk_bs_purif,NA,NA,NA,NA,NA,NA,NA,NA,NA,NA,NA,NA,NA,NA,NA,price_ipca,8,0.11453067993087405,-0.018175843098653117,0.2533729679678917,-0.11000411381579438,0.3762998189763062,FALSE,FALSE
IRF,NA,NA,NA,NA,NA,NA,NA,NA,NA,NA,NA,z_jk_bs_purif,NA,NA,NA,NA,NA,NA,NA,NA,NA,NA,NA,NA,NA,NA,NA,price_ipca,9,0.07475128870725076,-0.0401262877699831,0.22834091695309128,-0.12618649861531103,0.345439849143807,FALSE,FALSE
IRF,NA,NA,NA,NA,NA,NA,NA,NA,NA,NA,NA,z_jk_bs_purif,NA,NA,NA,NA,NA,NA,NA,NA,NA,NA,NA,NA,NA,NA,NA,price_ipca,10,0.07771412205290464,-0.03936325877591657,0.24042379332136182,-0.12449883633662467,0.3572088008124786,FALSE,FALSE
IRF,NA,NA,NA,NA,NA,NA,NA,NA,NA,NA,NA,z_jk_bs_purif,NA,NA,NA,NA,NA,NA,NA,NA,NA,NA,NA,NA,NA,NA,NA,price_ipca,11,0.0578606084601794,-0.052218471261960324,0.22015345584330315,-0.1437083961951749,0.3418130780724082,FALSE,FALSE
IRF,NA,NA,NA,NA,NA,NA,NA,NA,NA,NA,NA,z_jk_bs_purif,NA,NA,NA,NA,NA,NA,NA,NA,NA,NA,NA,NA,NA,NA,NA,price_ipca,12,0.03091073030108685,-0.07356425062010241,0.20003982471072557,-0.15854196646783153,0.3436225178002767,FALSE,FALSE
IRF,NA,NA,NA,NA,NA,NA,NA,NA,NA,NA,NA,z_jk_bs_purif,NA,NA,NA,NA,NA,NA,NA,NA,NA,NA,NA,NA,NA,NA,NA,price_ipca,13,0.02590662218680706,-0.07753444908065134,0.20729541839303467,-0.15806980958266723,0.3363509862034652,FALSE,FALSE
IRF,NA,NA,NA,NA,NA,NA,NA,NA,NA,NA,NA,z_jk_bs_purif,NA,NA,NA,NA,NA,NA,NA,NA,NA,NA,NA,NA,NA,NA,NA,price_ipca,14,-0.0016820737420464788,-0.09431563726842189,0.19008437108852927,-0.180281844712398,0.3247933088333285,FALSE,FALSE
IRF,NA,NA,NA,NA,NA,NA,NA,NA,NA,NA,NA,z_jk_bs_purif,NA,NA,NA,NA,NA,NA,NA,NA,NA,NA,NA,NA,NA,NA,NA,price_ipca,15,-0.02582768664704753,-0.10591108815986519,0.17009807144056172,-0.20493928430586666,0.31850200983303706,FALSE,FALSE
IRF,NA,NA,NA,NA,NA,NA,NA,NA,NA,NA,NA,z_jk_bs_purif,NA,NA,NA,NA,NA,NA,NA,NA,NA,NA,NA,NA,NA,NA,NA,price_ipca,16,-0.044677460407700445,-0.11897162279501897,0.15952909067043733,-0.21699974072302358,0.30776445716962025,FALSE,FALSE
IRF,NA,NA,NA,NA,NA,NA,NA,NA,NA,NA,NA,z_jk_bs_purif,NA,NA,NA,NA,NA,NA,NA,NA,NA,NA,NA,NA,NA,NA,NA,price_ipca,17,-0.06814638177027352,-0.13432156506125728,0.14771578963256232,-0.23539374980054895,0.29232310314669796,FALSE,FALSE
IRF,NA,NA,NA,NA,NA,NA,NA,NA,NA,NA,NA,z_jk_bs_purif,NA,NA,NA,NA,NA,NA,NA,NA,NA,NA,NA,NA,NA,NA,NA,price_ipca,18,-0.0870607954356477,-0.15050428700131874,0.13395035301947,-0.251707299586222,0.2745420599836717,FALSE,FALSE
IRF,NA,NA,NA,NA,NA,NA,NA,NA,NA,NA,NA,z_jk_bs_purif,NA,NA,NA,NA,NA,NA,NA,NA,NA,NA,NA,NA,NA,NA,NA,price_ipca,19,-0.10425000179596816,-0.1608066165160832,0.12124006088308328,-0.2655525166954926,0.2611411426707152,FALSE,FALSE
IRF,NA,NA,NA,NA,NA,NA,NA,NA,NA,NA,NA,z_jk_bs_purif,NA,NA,NA,NA,NA,NA,NA,NA,NA,NA,NA,NA,NA,NA,NA,price_ipca,20,-0.12059436704015204,-0.17105135356287424,0.10959229464118017,-0.283165771682942,0.2574556178794798,FALSE,FALSE
IRF,NA,NA,NA,NA,NA,NA,NA,NA,NA,NA,NA,z_jk_bs_purif,NA,NA,NA,NA,NA,NA,NA,NA,NA,NA,NA,NA,NA,NA,NA,price_ipca,21,-0.1352014299310998,-0.18426178133128973,0.09547315084256239,-0.292584278033381,0.2429080252747387,FALSE,FALSE
IRF,NA,NA,NA,NA,NA,NA,NA,NA,NA,NA,NA,z_jk_bs_purif,NA,NA,NA,NA,NA,NA,NA,NA,NA,NA,NA,NA,NA,NA,NA,price_ipca,22,-0.14836410394061952,-0.1963485665160471,0.08679764072966459,-0.30418337829023084,0.23061704924109325,FALSE,FALSE
IRF,NA,NA,NA,NA,NA,NA,NA,NA,NA,NA,NA,z_jk_bs_purif,NA,NA,NA,NA,NA,NA,NA,NA,NA,NA,NA,NA,NA,NA,NA,price_ipca,23,-0.15908222540764164,-0.20356839927460837,0.07442305354675702,-0.3153183566324863,0.22158913554352969,FALSE,FALSE
IRF,NA,NA,NA,NA,NA,NA,NA,NA,NA,NA,NA,z_jk_bs_purif,NA,NA,NA,NA,NA,NA,NA,NA,NA,NA,NA,NA,NA,NA,NA,price_ipca,24,-0.16917543951757927,-0.2097348136977132,0.06473385241865892,-0.3240218961040228,0.20970317674483596,FALSE,FALSE
IRF,NA,NA,NA,NA,NA,NA,NA,NA,NA,NA,NA,z_jk_bs_purif,NA,NA,NA,NA,NA,NA,NA,NA,NA,NA,NA,NA,NA,NA,NA,price_ipca,25,-0.17758115594448456,-0.21323851962274498,0.05798625212434125,-0.33254433693741464,0.19407172399780367,FALSE,FALSE
IRF,NA,NA,NA,NA,NA,NA,NA,NA,NA,NA,NA,z_jk_bs_purif,NA,NA,NA,NA,NA,NA,NA,NA,NA,NA,NA,NA,NA,NA,NA,price_ipca,26,-0.18440756753015067,-0.2187494570618657,0.05124976138770408,-0.3401387184145156,0.1801742037522314,FALSE,FALSE
IRF,NA,NA,NA,NA,NA,NA,NA,NA,NA,NA,NA,z_jk_bs_purif,NA,NA,NA,NA,NA,NA,NA,NA,NA,NA,NA,NA,NA,NA,NA,price_ipca,27,-0.19044189680816748,-0.2212474668095312,0.043666883165433476,-0.343245977669254,0.1723829247189894,FALSE,FALSE
IRF,NA,NA,NA,NA,NA,NA,NA,NA,NA,NA,NA,z_jk_bs_purif,NA,NA,NA,NA,NA,NA,NA,NA,NA,NA,NA,NA,NA,NA,NA,price_ipca,28,-0.1946889594201935,-0.2275585310489308,0.034153222386275696,-0.3515669258702653,0.16242522791439837,FALSE,FALSE
IRF,NA,NA,NA,NA,NA,NA,NA,NA,NA,NA,NA,z_jk_bs_purif,NA,NA,NA,NA,NA,NA,NA,NA,NA,NA,NA,NA,NA,NA,NA,price_ipca,29,-0.19772729601438305,-0.22655877512795405,0.028276280265189774,-0.3509263562254447,0.1518537688114667,FALSE,FALSE
IRF,NA,NA,NA,NA,NA,NA,NA,NA,NA,NA,NA,z_jk_bs_purif,NA,NA,NA,NA,NA,NA,NA,NA,NA,NA,NA,NA,NA,NA,NA,price_ipca,30,-0.19975913212463184,-0.22958169697883643,0.02499781423916833,-0.3535664904340537,0.14449954268173384,FALSE,FALSE
IRF,NA,NA,NA,NA,NA,NA,NA,NA,NA,NA,NA,z_jk_bs_purif,NA,NA,NA,NA,NA,NA,NA,NA,NA,NA,NA,NA,NA,NA,NA,price_ipca,31,-0.2004148538253087,-0.2272610154543295,0.022356157367894716,-0.35942207420933664,0.14050040223683016,FALSE,FALSE
IRF,NA,NA,NA,NA,NA,NA,NA,NA,NA,NA,NA,z_jk_bs_purif,NA,NA,NA,NA,NA,NA,NA,NA,NA,NA,NA,NA,NA,NA,NA,price_ipca,32,-0.2001022636433268,-0.22543567552183344,0.016958412723867205,-0.35875797680508353,0.13137703313592558,FALSE,FALSE
IRF,NA,NA,NA,NA,NA,NA,NA,NA,NA,NA,NA,z_jk_bs_purif,NA,NA,NA,NA,NA,NA,NA,NA,NA,NA,NA,NA,NA,NA,NA,price_ipca,33,-0.19872732439574964,-0.2241766608099215,0.013077079694920179,-0.366630841306995,0.13414070625260263,FALSE,FALSE
IRF,NA,NA,NA,NA,NA,NA,NA,NA,NA,NA,NA,z_jk_bs_purif,NA,NA,NA,NA,NA,NA,NA,NA,NA,NA,NA,NA,NA,NA,NA,price_ipca,34,-0.1962737127402544,-0.2188303080713737,0.014210149595173286,-0.36256323882104147,0.12481650938368177,FALSE,FALSE
IRF,NA,NA,NA,NA,NA,NA,NA,NA,NA,NA,NA,z_jk_bs_purif,NA,NA,NA,NA,NA,NA,NA,NA,NA,NA,NA,NA,NA,NA,NA,price_ipca,35,-0.1929188445473881,-0.21906392362532856,0.01466732817042447,-0.35930491273015863,0.11547375287887066,FALSE,FALSE
IRF,NA,NA,NA,NA,NA,NA,NA,NA,NA,NA,NA,z_jk_bs_purif,NA,NA,NA,NA,NA,NA,NA,NA,NA,NA,NA,NA,NA,NA,NA,price_ipca,36,-0.18866094956089768,-0.21312423881069492,0.012182612567964197,-0.35777123573476455,0.10960047929658813,FALSE,FALSE
IRF,NA,NA,NA,NA,NA,NA,NA,NA,NA,NA,NA,z_jk_bs_purif,NA,NA,NA,NA,NA,NA,NA,NA,NA,NA,NA,NA,NA,NA,NA,price_ipca,37,-0.18358379148359247,-0.21040087368883048,0.014396840090939418,-0.3468675557145101,0.09917461297226382,FALSE,FALSE
IRF,NA,NA,NA,NA,NA,NA,NA,NA,NA,NA,NA,z_jk_bs_purif,NA,NA,NA,NA,NA,NA,NA,NA,NA,NA,NA,NA,NA,NA,NA,price_ipca,38,-0.17774292874716122,-0.2113670017394289,0.017389131629064206,-0.34783327407920894,0.10422779552755952,FALSE,FALSE
IRF,NA,NA,NA,NA,NA,NA,NA,NA,NA,NA,NA,z_jk_bs_purif,NA,NA,NA,NA,NA,NA,NA,NA,NA,NA,NA,NA,NA,NA,NA,price_ipca,39,-0.17120702740139923,-0.21217303714873853,0.020360571049224143,-0.34718783109129386,0.10333382834715049,FALSE,FALSE
IRF,NA,NA,NA,NA,NA,NA,NA,NA,NA,NA,NA,z_jk_bs_purif,NA,NA,NA,NA,NA,NA,NA,NA,NA,NA,NA,NA,NA,NA,NA,price_ipca,40,-0.1640657548895217,-0.20760478813379746,0.02040676065411257,-0.34318785183736683,0.10509711272160056,FALSE,FALSE
IRF,NA,NA,NA,NA,NA,NA,NA,NA,NA,NA,NA,z_jk_bs_purif,NA,NA,NA,NA,NA,NA,NA,NA,NA,NA,NA,NA,NA,NA,NA,price_ipca,41,-0.15637600594550313,-0.20110143917965678,0.022830048793628807,-0.3430711848173565,0.10998386285897312,FALSE,FALSE
IRF,NA,NA,NA,NA,NA,NA,NA,NA,NA,NA,NA,z_jk_bs_purif,NA,NA,NA,NA,NA,NA,NA,NA,NA,NA,NA,NA,NA,NA,NA,price_ipca,42,-0.1482355836071915,-0.19335829124700513,0.02653557926624691,-0.3393465328365713,0.11796026159083998,FALSE,FALSE
IRF,NA,NA,NA,NA,NA,NA,NA,NA,NA,NA,NA,z_jk_bs_purif,NA,NA,NA,NA,NA,NA,NA,NA,NA,NA,NA,NA,NA,NA,NA,price_ipca,43,-0.13971446023602052,-0.18754255766287287,0.028075520129965087,-0.3312958531481641,0.11786426261758924,FALSE,FALSE
IRF,NA,NA,NA,NA,NA,NA,NA,NA,NA,NA,NA,z_jk_bs_purif,NA,NA,NA,NA,NA,NA,NA,NA,NA,NA,NA,NA,NA,NA,NA,price_ipca,44,-0.1308804547874145,-0.18310710630656726,0.030158442302571507,-0.3215283242957234,0.12346213586571124,FALSE,FALSE
IRF,NA,NA,NA,NA,NA,NA,NA,NA,NA,NA,NA,z_jk_bs_purif,NA,NA,NA,NA,NA,NA,NA,NA,NA,NA,NA,NA,NA,NA,NA,price_ipca,45,-0.12182172387925697,-0.17671062910050409,0.03419399880892458,-0.3238694612665404,0.12450335901950021,FALSE,FALSE
IRF,NA,NA,NA,NA,NA,NA,NA,NA,NA,NA,NA,z_jk_bs_purif,NA,NA,NA,NA,NA,NA,NA,NA,NA,NA,NA,NA,NA,NA,NA,price_ipca,46,-0.11260474084411622,-0.17372937714546827,0.03995165873906403,-0.3136744240138136,0.12565806750856567,FALSE,FALSE
IRF,NA,NA,NA,NA,NA,NA,NA,NA,NA,NA,NA,z_jk_bs_purif,NA,NA,NA,NA,NA,NA,NA,NA,NA,NA,NA,NA,NA,NA,NA,price_ipca,47,-0.10330345344996367,-0.16627210637319328,0.04344529595236284,-0.3108775300534883,0.13315433383754832,FALSE,FALSE
IRF,NA,NA,NA,NA,NA,NA,NA,NA,NA,NA,NA,z_jk_bs_purif,NA,NA,NA,NA,NA,NA,NA,NA,NA,NA,NA,NA,NA,NA,NA,price_ipca,48,-0.09398961668964421,-0.16011140849334785,0.04851168668642582,-0.30264347096864,0.13834326469179106,FALSE,FALSE
IRF,NA,NA,NA,NA,NA,NA,NA,NA,NA,NA,NA,z_jk_bs_purif,NA,NA,NA,NA,NA,NA,NA,NA,NA,NA,NA,NA,NA,NA,NA,price_ipp,0,0.4676715170582459,0.30749842120750226,0.7039647831367998,0.18557686408849486,0.8838165012257784,TRUE,TRUE
IRF,NA,NA,NA,NA,NA,NA,NA,NA,NA,NA,NA,z_jk_bs_purif,NA,NA,NA,NA,NA,NA,NA,NA,NA,NA,NA,NA,NA,NA,NA,price_ipp,1,0.5724810836516837,0.33850972065814283,0.7825962865851853,0.19468746452920152,0.9497508701440305,TRUE,TRUE
IRF,NA,NA,NA,NA,NA,NA,NA,NA,NA,NA,NA,z_jk_bs_purif,NA,NA,NA,NA,NA,NA,NA,NA,NA,NA,NA,NA,NA,NA,NA,price_ipp,2,0.45846083501900425,0.19961608131388214,0.6647069922416026,0.05955353364383414,0.8614378072222016,TRUE,TRUE
IRF,NA,NA,NA,NA,NA,NA,NA,NA,NA,NA,NA,z_jk_bs_purif,NA,NA,NA,NA,NA,NA,NA,NA,NA,NA,NA,NA,NA,NA,NA,price_ipp,3,0.5244618015376574,0.22360399106892026,0.7242114774967189,0.0948381324533359,0.9347930592370193,TRUE,TRUE
IRF,NA,NA,NA,NA,NA,NA,NA,NA,NA,NA,NA,z_jk_bs_purif,NA,NA,NA,NA,NA,NA,NA,NA,NA,NA,NA,NA,NA,NA,NA,price_ipp,4,0.4355127221062744,0.13334841144590442,0.6381789410385829,-0.034932095093060576,0.8563212136208,TRUE,FALSE
IRF,NA,NA,NA,NA,NA,NA,NA,NA,NA,NA,NA,z_jk_bs_purif,NA,NA,NA,NA,NA,NA,NA,NA,NA,NA,NA,NA,NA,NA,NA,price_ipp,5,0.2712611445046258,-0.02059520229530288,0.5054609932450265,-0.19433280213531412,0.7192464476919612,FALSE,FALSE
IRF,NA,NA,NA,NA,NA,NA,NA,NA,NA,NA,NA,z_jk_bs_purif,NA,NA,NA,NA,NA,NA,NA,NA,NA,NA,NA,NA,NA,NA,NA,price_ipp,6,0.24933793685317315,-0.03642900763469115,0.5392938578866999,-0.1994108685702854,0.7531536951291291,FALSE,FALSE
IRF,NA,NA,NA,NA,NA,NA,NA,NA,NA,NA,NA,z_jk_bs_purif,NA,NA,NA,NA,NA,NA,NA,NA,NA,NA,NA,NA,NA,NA,NA,price_ipp,7,0.1649196156152456,-0.10685329700933442,0.4701415462301042,-0.28219064287810636,0.703060668114032,FALSE,FALSE
IRF,NA,NA,NA,NA,NA,NA,NA,NA,NA,NA,NA,z_jk_bs_purif,NA,NA,NA,NA,NA,NA,NA,NA,NA,NA,NA,NA,NA,NA,NA,price_ipp,8,0.0719861100506115,-0.19415048518854072,0.3972347097583217,-0.3901248977660979,0.6114157706612254,FALSE,FALSE
IRF,NA,NA,NA,NA,NA,NA,NA,NA,NA,NA,NA,z_jk_bs_purif,NA,NA,NA,NA,NA,NA,NA,NA,NA,NA,NA,NA,NA,NA,NA,price_ipp,9,0.031111130872463828,-0.22679921136064723,0.3847277760915565,-0.40807379877666294,0.5819869967191178,FALSE,FALSE
IRF,NA,NA,NA,NA,NA,NA,NA,NA,NA,NA,NA,z_jk_bs_purif,NA,NA,NA,NA,NA,NA,NA,NA,NA,NA,NA,NA,NA,NA,NA,price_ipp,10,-0.045118789364776826,-0.28105236654921456,0.3130802483299415,-0.49362629564721106,0.5278120308952966,FALSE,FALSE
IRF,NA,NA,NA,NA,NA,NA,NA,NA,NA,NA,NA,z_jk_bs_purif,NA,NA,NA,NA,NA,NA,NA,NA,NA,NA,NA,NA,NA,NA,NA,price_ipp,11,-0.10594748758633468,-0.3393077941716002,0.26275169355206185,-0.572625729442297,0.48216848829816233,FALSE,FALSE
IRF,NA,NA,NA,NA,NA,NA,NA,NA,NA,NA,NA,z_jk_bs_purif,NA,NA,NA,NA,NA,NA,NA,NA,NA,NA,NA,NA,NA,NA,NA,price_ipp,12,-0.17375490623862974,-0.3899328691946326,0.21385095330363416,-0.5999847434222287,0.4102132378250659,FALSE,FALSE
IRF,NA,NA,NA,NA,NA,NA,NA,NA,NA,NA,NA,z_jk_bs_purif,NA,NA,NA,NA,NA,NA,NA,NA,NA,NA,NA,NA,NA,NA,NA,price_ipp,13,-0.22590009785362875,-0.4296602772452868,0.16845671050497893,-0.654488439439801,0.379825905320055,FALSE,FALSE
IRF,NA,NA,NA,NA,NA,NA,NA,NA,NA,NA,NA,z_jk_bs_purif,NA,NA,NA,NA,NA,NA,NA,NA,NA,NA,NA,NA,NA,NA,NA,price_ipp,14,-0.2672644619955928,-0.4715575383420947,0.13801500654484106,-0.7089288644137279,0.342851512378747,FALSE,FALSE
IRF,NA,NA,NA,NA,NA,NA,NA,NA,NA,NA,NA,z_jk_bs_purif,NA,NA,NA,NA,NA,NA,NA,NA,NA,NA,NA,NA,NA,NA,NA,price_ipp,15,-0.30894367488489366,-0.50661031427742,0.08972322002463354,-0.7442815445458564,0.3027668561150019,FALSE,FALSE
IRF,NA,NA,NA,NA,NA,NA,NA,NA,NA,NA,NA,z_jk_bs_purif,NA,NA,NA,NA,NA,NA,NA,NA,NA,NA,NA,NA,NA,NA,NA,price_ipp,16,-0.3366188537723258,-0.5212048215811388,0.06887934655548757,-0.7717993806540792,0.27409728606604283,FALSE,FALSE
IRF,NA,NA,NA,NA,NA,NA,NA,NA,NA,NA,NA,z_jk_bs_purif,NA,NA,NA,NA,NA,NA,NA,NA,NA,NA,NA,NA,NA,NA,NA,price_ipp,17,-0.36653860095274454,-0.5527762810593709,0.03259022349280612,-0.8092171356179293,0.2415293183197311,FALSE,FALSE
IRF,NA,NA,NA,NA,NA,NA,NA,NA,NA,NA,NA,z_jk_bs_purif,NA,NA,NA,NA,NA,NA,NA,NA,NA,NA,NA,NA,NA,NA,NA,price_ipp,18,-0.3888378278119468,-0.5604898550693294,0.007473398626433042,-0.8243923014004908,0.19655859583597193,FALSE,FALSE
IRF,NA,NA,NA,NA,NA,NA,NA,NA,NA,NA,NA,z_jk_bs_purif,NA,NA,NA,NA,NA,NA,NA,NA,NA,NA,NA,NA,NA,NA,NA,price_ipp,19,-0.3993798390398897,-0.5663609501879469,-0.004907515505512019,-0.8347510376864863,0.17188092479838543,TRUE,FALSE
IRF,NA,NA,NA,NA,NA,NA,NA,NA,NA,NA,NA,z_jk_bs_purif,NA,NA,NA,NA,NA,NA,NA,NA,NA,NA,NA,NA,NA,NA,NA,price_ipp,20,-0.40872001959393744,-0.5726412470374511,-0.020613418926095677,-0.8537746299807633,0.14672435540546244,TRUE,FALSE
IRF,NA,NA,NA,NA,NA,NA,NA,NA,NA,NA,NA,z_jk_bs_purif,NA,NA,NA,NA,NA,NA,NA,NA,NA,NA,NA,NA,NA,NA,NA,price_ipp,21,-0.4102589413820462,-0.5762221238564237,-0.030692346492680114,-0.8647144532627971,0.14152996113072752,TRUE,FALSE
IRF,NA,NA,NA,NA,NA,NA,NA,NA,NA,NA,NA,z_jk_bs_purif,NA,NA,NA,NA,NA,NA,NA,NA,NA,NA,NA,NA,NA,NA,NA,price_ipp,22,-0.40754251164060346,-0.5751776427003404,-0.034808977317434264,-0.8632475239020325,0.1315542459245491,TRUE,FALSE
IRF,NA,NA,NA,NA,NA,NA,NA,NA,NA,NA,NA,z_jk_bs_purif,NA,NA,NA,NA,NA,NA,NA,NA,NA,NA,NA,NA,NA,NA,NA,price_ipp,23,-0.403398536327372,-0.5677462454173281,-0.04262471468055029,-0.8401165086155468,0.12014684882583848,TRUE,FALSE
IRF,NA,NA,NA,NA,NA,NA,NA,NA,NA,NA,NA,z_jk_bs_purif,NA,NA,NA,NA,NA,NA,NA,NA,NA,NA,NA,NA,NA,NA,NA,price_ipp,24,-0.39402873653747855,-0.55814121218276,-0.03678236004983837,-0.8216126904782028,0.12167186702901767,TRUE,FALSE
IRF,NA,NA,NA,NA,NA,NA,NA,NA,NA,NA,NA,z_jk_bs_purif,NA,NA,NA,NA,NA,NA,NA,NA,NA,NA,NA,NA,NA,NA,NA,price_ipp,25,-0.3814705703149116,-0.548916288574615,-0.037557182997388736,-0.8111868596268615,0.1260026430096932,TRUE,FALSE
IRF,NA,NA,NA,NA,NA,NA,NA,NA,NA,NA,NA,z_jk_bs_purif,NA,NA,NA,NA,NA,NA,NA,NA,NA,NA,NA,NA,NA,NA,NA,price_ipp,26,-0.3662470912536248,-0.540848636339102,-0.041102262499299914,-0.8011151748259725,0.13537290912284386,TRUE,FALSE
IRF,NA,NA,NA,NA,NA,NA,NA,NA,NA,NA,NA,z_jk_bs_purif,NA,NA,NA,NA,NA,NA,NA,NA,NA,NA,NA,NA,NA,NA,NA,price_ipp,27,-0.34826617779412306,-0.5209769848153758,-0.03311607535148921,-0.7762445157605751,0.1419123326661816,TRUE,FALSE
IRF,NA,NA,NA,NA,NA,NA,NA,NA,NA,NA,NA,z_jk_bs_purif,NA,NA,NA,NA,NA,NA,NA,NA,NA,NA,NA,NA,NA,NA,NA,price_ipp,28,-0.32834770425166765,-0.49726141306006827,-0.01976713636009667,-0.7644054475601793,0.15080199806978295,TRUE,FALSE
IRF,NA,NA,NA,NA,NA,NA,NA,NA,NA,NA,NA,z_jk_bs_purif,NA,NA,NA,NA,NA,NA,NA,NA,NA,NA,NA,NA,NA,NA,NA,price_ipp,29,-0.3062718579874505,-0.47789023779649215,-0.015807844060624493,-0.763136832651567,0.16934069148497952,TRUE,FALSE
IRF,NA,NA,NA,NA,NA,NA,NA,NA,NA,NA,NA,z_jk_bs_purif,NA,NA,NA,NA,NA,NA,NA,NA,NA,NA,NA,NA,NA,NA,NA,price_ipp,30,-0.2825663401131979,-0.4601626882958593,5.439802631105791e-4,-0.7286534305220167,0.1864306119587782,FALSE,FALSE
IRF,NA,NA,NA,NA,NA,NA,NA,NA,NA,NA,NA,z_jk_bs_purif,NA,NA,NA,NA,NA,NA,NA,NA,NA,NA,NA,NA,NA,NA,NA,price_ipp,31,-0.2573254471624693,-0.43720424927382173,0.02300888138023333,-0.7155953121665269,0.19633428045706056,FALSE,FALSE
IRF,NA,NA,NA,NA,NA,NA,NA,NA,NA,NA,NA,z_jk_bs_purif,NA,NA,NA,NA,NA,NA,NA,NA,NA,NA,NA,NA,NA,NA,NA,price_ipp,32,-0.23088391197904531,-0.4252920285534492,0.04515691687673448,-0.6769931090924787,0.21880712582427084,FALSE,FALSE
IRF,NA,NA,NA,NA,NA,NA,NA,NA,NA,NA,NA,z_jk_bs_purif,NA,NA,NA,NA,NA,NA,NA,NA,NA,NA,NA,NA,NA,NA,NA,price_ipp,33,-0.20376386374383582,-0.4028548556904793,0.06639222036370646,-0.6645875767053804,0.2347653665649981,FALSE,FALSE
IRF,NA,NA,NA,NA,NA,NA,NA,NA,NA,NA,NA,z_jk_bs_purif,NA,NA,NA,NA,NA,NA,NA,NA,NA,NA,NA,NA,NA,NA,NA,price_ipp,34,-0.17597510186782384,-0.3871224905917848,0.08699347724133136,-0.6385681138444513,0.2492303070503873,FALSE,FALSE
IRF,NA,NA,NA,NA,NA,NA,NA,NA,NA,NA,NA,z_jk_bs_purif,NA,NA,NA,NA,NA,NA,NA,NA,NA,NA,NA,NA,NA,NA,NA,price_ipp,35,-0.14788828398303105,-0.3697842871679897,0.10602120087235505,-0.6246956272867316,0.25086756150488426,FALSE,FALSE
IRF,NA,NA,NA,NA,NA,NA,NA,NA,NA,NA,NA,z_jk_bs_purif,NA,NA,NA,NA,NA,NA,NA,NA,NA,NA,NA,NA,NA,NA,NA,price_ipp,36,-0.11975984838495393,-0.33804032217832225,0.13164914093486263,-0.6006032750222131,0.27467398526107983,FALSE,FALSE
IRF,NA,NA,NA,NA,NA,NA,NA,NA,NA,NA,NA,z_jk_bs_purif,NA,NA,NA,NA,NA,NA,NA,NA,NA,NA,NA,NA,NA,NA,NA,price_ipp,37,-0.09177676025521724,-0.31346183570710373,0.15031388660567463,-0.5676856041524629,0.302235334763034,FALSE,FALSE
IRF,NA,NA,NA,NA,NA,NA,NA,NA,NA,NA,NA,z_jk_bs_purif,NA,NA,NA,NA,NA,NA,NA,NA,NA,NA,NA,NA,NA,NA,NA,price_ipp,38,-0.06431201030150979,-0.30389517013299366,0.1724104235962882,-0.5361095739578138,0.3170731200700097,FALSE,FALSE
IRF,NA,NA,NA,NA,NA,NA,NA,NA,NA,NA,NA,z_jk_bs_purif,NA,NA,NA,NA,NA,NA,NA,NA,NA,NA,NA,NA,NA,NA,NA,price_ipp,39,-0.037537478303876694,-0.2868838513893028,0.19091495387407328,-0.49888444524003706,0.35240250367906234,FALSE,FALSE
IRF,NA,NA,NA,NA,NA,NA,NA,NA,NA,NA,NA,z_jk_bs_purif,NA,NA,NA,NA,NA,NA,NA,NA,NA,NA,NA,NA,NA,NA,NA,price_ipp,40,-0.01165195507798799,-0.2711282082106432,0.20629319723204548,-0.471617762428936,0.37367795270646903,FALSE,FALSE
IRF,NA,NA,NA,NA,NA,NA,NA,NA,NA,NA,NA,z_jk_bs_purif,NA,NA,NA,NA,NA,NA,NA,NA,NA,NA,NA,NA,NA,NA,NA,price_ipp,41,0.013118663219936929,-0.24567378421267383,0.2217434617175879,-0.45781654343840195,0.3890591115680724,FALSE,FALSE
IRF,NA,NA,NA,NA,NA,NA,NA,NA,NA,NA,NA,z_jk_bs_purif,NA,NA,NA,NA,NA,NA,NA,NA,NA,NA,NA,NA,NA,NA,NA,price_ipp,42,0.03662945284111038,-0.2247906309837414,0.24185915579443792,-0.44290179657730927,0.4090843530784042,FALSE,FALSE
IRF,NA,NA,NA,NA,NA,NA,NA,NA,NA,NA,NA,z_jk_bs_purif,NA,NA,NA,NA,NA,NA,NA,NA,NA,NA,NA,NA,NA,NA,NA,price_ipp,43,0.05870976043965248,-0.203861393920856,0.25549400009514717,-0.4095435489889321,0.4297185841340795,FALSE,FALSE
IRF,NA,NA,NA,NA,NA,NA,NA,NA,NA,NA,NA,z_jk_bs_purif,NA,NA,NA,NA,NA,NA,NA,NA,NA,NA,NA,NA,NA,NA,NA,price_ipp,44,0.0792261256453427,-0.1932289795010621,0.27410758110690914,-0.38456713967329037,0.45378393752134544,FALSE,FALSE
IRF,NA,NA,NA,NA,NA,NA,NA,NA,NA,NA,NA,z_jk_bs_purif,NA,NA,NA,NA,NA,NA,NA,NA,NA,NA,NA,NA,NA,NA,NA,price_ipp,45,0.0980782797735943,-0.17209898334944207,0.29102628448058665,-0.35865379693678484,0.47598890957970885,FALSE,FALSE
IRF,NA,NA,NA,NA,NA,NA,NA,NA,NA,NA,NA,z_jk_bs_purif,NA,NA,NA,NA,NA,NA,NA,NA,NA,NA,NA,NA,NA,NA,NA,price_ipp,46,0.11517981720767427,-0.1591488239366523,0.30907826925909154,-0.34224277896145056,0.5055539282018506,FALSE,FALSE
IRF,NA,NA,NA,NA,NA,NA,NA,NA,NA,NA,NA,z_jk_bs_purif,NA,NA,NA,NA,NA,NA,NA,NA,NA,NA,NA,NA,NA,NA,NA,price_ipp,47,0.1304738884926402,-0.15218113222036392,0.31778911167062024,-0.32820129370313555,0.527939032290686,FALSE,FALSE
IRF,NA,NA,NA,NA,NA,NA,NA,NA,NA,NA,NA,z_jk_bs_purif,NA,NA,NA,NA,NA,NA,NA,NA,NA,NA,NA,NA,NA,NA,NA,price_ipp,48,0.14391261065365032,-0.13401402662894288,0.3229923696228888,-0.3095967971479223,0.5363539911145065,FALSE,FALSE
IRF,NA,NA,NA,NA,NA,NA,NA,NA,NA,NA,NA,z_jk_bs_norisk_cds,NA,NA,NA,NA,NA,NA,NA,NA,NA,NA,NA,NA,NA,NA,NA,yield_6m,0,0.005,0.005,0.005,0.005,0.005,TRUE,TRUE
IRF,NA,NA,NA,NA,NA,NA,NA,NA,NA,NA,NA,z_jk_bs_norisk_cds,NA,NA,NA,NA,NA,NA,NA,NA,NA,NA,NA,NA,NA,NA,NA,yield_6m,1,0.006485934954969577,0.005488139217002802,0.006963859394765084,0.00504245403755063,0.007539958391581876,TRUE,TRUE
IRF,NA,NA,NA,NA,NA,NA,NA,NA,NA,NA,NA,z_jk_bs_norisk_cds,NA,NA,NA,NA,NA,NA,NA,NA,NA,NA,NA,NA,NA,NA,NA,yield_6m,2,0.007831615766032005,0.006064096663473742,0.008365013748392753,0.005216439778410471,0.009118747535275721,TRUE,TRUE
IRF,NA,NA,NA,NA,NA,NA,NA,NA,NA,NA,NA,z_jk_bs_norisk_cds,NA,NA,NA,NA,NA,NA,NA,NA,NA,NA,NA,NA,NA,NA,NA,yield_6m,3,0.009054768341669269,0.006616297558035386,0.009744882757855882,0.00546404372393949,0.010936447201677153,TRUE,TRUE
IRF,NA,NA,NA,NA,NA,NA,NA,NA,NA,NA,NA,z_jk_bs_norisk_cds,NA,NA,NA,NA,NA,NA,NA,NA,NA,NA,NA,NA,NA,NA,NA,yield_6m,4,0.008896445403188229,0.005909706928809319,0.009863376103755109,0.0043662420104228486,0.011180880064605514,TRUE,TRUE
IRF,NA,NA,NA,NA,NA,NA,NA,NA,NA,NA,NA,z_jk_bs_norisk_cds,NA,NA,NA,NA,NA,NA,NA,NA,NA,NA,NA,NA,NA,NA,NA,yield_6m,5,0.009009021989891713,0.0056961521443394635,0.010264739329195955,0.0036758824326906412,0.011967948642236343,TRUE,TRUE
IRF,NA,NA,NA,NA,NA,NA,NA,NA,NA,NA,NA,z_jk_bs_norisk_cds,NA,NA,NA,NA,NA,NA,NA,NA,NA,NA,NA,NA,NA,NA,NA,yield_6m,6,0.008898849714208274,0.005493263032226835,0.010741912811888094,0.0034467805077464083,0.012605472635647349,TRUE,TRUE
IRF,NA,NA,NA,NA,NA,NA,NA,NA,NA,NA,NA,z_jk_bs_norisk_cds,NA,NA,NA,NA,NA,NA,NA,NA,NA,NA,NA,NA,NA,NA,NA,yield_6m,7,0.008490511796501371,0.004977922378954762,0.010913144440783678,0.0027466657640655896,0.01284694912304486,TRUE,TRUE
IRF,NA,NA,NA,NA,NA,NA,NA,NA,NA,NA,NA,z_jk_bs_norisk_cds,NA,NA,NA,NA,NA,NA,NA,NA,NA,NA,NA,NA,NA,NA,NA,yield_6m,8,0.008119574515512425,0.004534393683426561,0.011168534428452738,0.0024049899514943128,0.013510306130516134,TRUE,TRUE
IRF,NA,NA,NA,NA,NA,NA,NA,NA,NA,NA,NA,z_jk_bs_norisk_cds,NA,NA,NA,NA,NA,NA,NA,NA,NA,NA,NA,NA,NA,NA,NA,yield_6m,9,0.0075101038918583265,0.004054592954564353,0.011071126404031009,0.001779291380311942,0.013753017281868781,TRUE,TRUE
IRF,NA,NA,NA,NA,NA,NA,NA,NA,NA,NA,NA,z_jk_bs_norisk_cds,NA,NA,NA,NA,NA,NA,NA,NA,NA,NA,NA,NA,NA,NA,NA,yield_6m,10,0.007054423346967884,0.0036874188411887884,0.011216899369325978,0.001414468992676371,0.014158178005935634,TRUE,TRUE
IRF,NA,NA,NA,NA,NA,NA,NA,NA,NA,NA,NA,z_jk_bs_norisk_cds,NA,NA,NA,NA,NA,NA,NA,NA,NA,NA,NA,NA,NA,NA,NA,yield_6m,11,0.006498607383361127,0.003352853843516215,0.011337427611369874,9.834136320664667e-4,0.014395445740892299,TRUE,TRUE
IRF,NA,NA,NA,NA,NA,NA,NA,NA,NA,NA,NA,z_jk_bs_norisk_cds,NA,NA,NA,NA,NA,NA,NA,NA,NA,NA,NA,NA,NA,NA,NA,yield_6m,12,0.00589065253675028,0.003037973826428028,0.011141717343722681,4.2316187305814897e-4,0.014383160340695802,TRUE,TRUE
IRF,NA,NA,NA,NA,NA,NA,NA,NA,NA,NA,NA,z_jk_bs_norisk_cds,NA,NA,NA,NA,NA,NA,NA,NA,NA,NA,NA,NA,NA,NA,NA,yield_6m,13,0.0053608645702745,0.0026105093115456495,0.01114210718849796,-9.968332254114782e-5,0.014731813579063635,TRUE,FALSE
IRF,NA,NA,NA,NA,NA,NA,NA,NA,NA,NA,NA,z_jk_bs_norisk_cds,NA,NA,NA,NA,NA,NA,NA,NA,NA,NA,NA,NA,NA,NA,NA,yield_6m,14,0.004765821198936377,0.0021740368006716864,0.010915242524993343,-6.475556095480529e-4,0.014430202024491178,TRUE,FALSE
IRF,NA,NA,NA,NA,NA,NA,NA,NA,NA,NA,NA,z_jk_bs_norisk_cds,NA,NA,NA,NA,NA,NA,NA,NA,NA,NA,NA,NA,NA,NA,NA,yield_6m,15,0.004218850279656181,0.001823050575789913,0.010434976179668992,-9.167075040758372e-4,0.014261616702724134,TRUE,FALSE
IRF,NA,NA,NA,NA,NA,NA,NA,NA,NA,NA,NA,z_jk_bs_norisk_cds,NA,NA,NA,NA,NA,NA,NA,NA,NA,NA,NA,NA,NA,NA,NA,yield_6m,16,0.003661436732521751,0.001256406014511278,0.01023969420219847,-0.0013644862125508244,0.01403310569255829,TRUE,FALSE
IRF,NA,NA,NA,NA,NA,NA,NA,NA,NA,NA,NA,z_jk_bs_norisk_cds,NA,NA,NA,NA,NA,NA,NA,NA,NA,NA,NA,NA,NA,NA,NA,yield_6m,17,0.0030500310205155076,6.609097256897287e-4,0.010101633668623922,-0.0019457160380717282,0.013938552910817865,TRUE,FALSE
IRF,NA,NA,NA,NA,NA,NA,NA,NA,NA,NA,NA,z_jk_bs_norisk_cds,NA,NA,NA,NA,NA,NA,NA,NA,NA,NA,NA,NA,NA,NA,NA,yield_6m,18,0.0024612976314489303,5.0175098968822585e-5,0.009763278999798234,-0.002555393552077454,0.013859188461276276,TRUE,FALSE
IRF,NA,NA,NA,NA,NA,NA,NA,NA,NA,NA,NA,z_jk_bs_norisk_cds,NA,NA,NA,NA,NA,NA,NA,NA,NA,NA,NA,NA,NA,NA,NA,yield_6m,19,0.0018446736963382813,-5.289657595465739e-4,0.009318021931795737,-0.0032721245165754967,0.013581831513470146,FALSE,FALSE
IRF,NA,NA,NA,NA,NA,NA,NA,NA,NA,NA,NA,z_jk_bs_norisk_cds,NA,NA,NA,NA,NA,NA,NA,NA,NA,NA,NA,NA,NA,NA,NA,yield_6m,20,0.001227477554011291,-0.0010616870452504188,0.008904349970190576,-0.004157909726524787,0.013014546840731986,FALSE,FALSE
IRF,NA,NA,NA,NA,NA,NA,NA,NA,NA,NA,NA,z_jk_bs_norisk_cds,NA,NA,NA,NA,NA,NA,NA,NA,NA,NA,NA,NA,NA,NA,NA,yield_6m,21,6.232499812444881e-4,-0.0016296317716931552,0.008532696421140342,-0.004848476182141196,0.012933776326179296,FALSE,FALSE
IRF,NA,NA,NA,NA,NA,NA,NA,NA,NA,NA,NA,z_jk_bs_norisk_cds,NA,NA,NA,NA,NA,NA,NA,NA,NA,NA,NA,NA,NA,NA,NA,yield_6m,22,7.532619460880912e-6,-0.0021973307881711693,0.008005670000867932,-0.005580006898063702,0.012426525091722873,FALSE,FALSE
IRF,NA,NA,NA,NA,NA,NA,NA,NA,NA,NA,NA,z_jk_bs_norisk_cds,NA,NA,NA,NA,NA,NA,NA,NA,NA,NA,NA,NA,NA,NA,NA,yield_6m,23,-6.034515038026875e-4,-0.0027196060618134084,0.007557284503837944,-0.006335666823086681,0.0119755130849081,FALSE,FALSE
IRF,NA,NA,NA,NA,NA,NA,NA,NA,NA,NA,NA,z_jk_bs_norisk_cds,NA,NA,NA,NA,NA,NA,NA,NA,NA,NA,NA,NA,NA,NA,NA,yield_6m,24,-0.0012077280039849271,-0.0033916018020016406,0.007021885145093749,-0.007042822370582199,0.011301124029886617,FALSE,FALSE
IRF,NA,NA,NA,NA,NA,NA,NA,NA,NA,NA,NA,z_jk_bs_norisk_cds,NA,NA,NA,NA,NA,NA,NA,NA,NA,NA,NA,NA,NA,NA,NA,yield_6m,25,-0.0017985711448421909,-0.003925225357283955,0.006503942364676184,-0.0075473664576694004,0.0107664883495415,FALSE,FALSE
IRF,NA,NA,NA,NA,NA,NA,NA,NA,NA,NA,NA,z_jk_bs_norisk_cds,NA,NA,NA,NA,NA,NA,NA,NA,NA,NA,NA,NA,NA,NA,NA,yield_6m,26,-0.002367895297230194,-0.00454142734008222,0.005794573832825701,-0.008001227274585129,0.010044652068116762,FALSE,FALSE
IRF,NA,NA,NA,NA,NA,NA,NA,NA,NA,NA,NA,z_jk_bs_norisk_cds,NA,NA,NA,NA,NA,NA,NA,NA,NA,NA,NA,NA,NA,NA,NA,yield_6m,27,-0.0029166390637584767,-0.004995940137671026,0.005386489214415425,-0.008392525303126355,0.00928021135309862,FALSE,FALSE
IRF,NA,NA,NA,NA,NA,NA,NA,NA,NA,NA,NA,z_jk_bs_norisk_cds,NA,NA,NA,NA,NA,NA,NA,NA,NA,NA,NA,NA,NA,NA,NA,yield_6m,28,-0.003436892750439545,-0.005552153025018276,0.004879588238350871,-0.008963578172515916,0.008502041714101216,FALSE,FALSE
IRF,NA,NA,NA,NA,NA,NA,NA,NA,NA,NA,NA,z_jk_bs_norisk_cds,NA,NA,NA,NA,NA,NA,NA,NA,NA,NA,NA,NA,NA,NA,NA,yield_6m,29,-0.003926713209843772,-0.005955517652329207,0.004374837604928214,-0.009747989901946882,0.007996033194229448,FALSE,FALSE
IRF,NA,NA,NA,NA,NA,NA,NA,NA,NA,NA,NA,z_jk_bs_norisk_cds,NA,NA,NA,NA,NA,NA,NA,NA,NA,NA,NA,NA,NA,NA,NA,yield_6m,30,-0.004382500345492753,-0.00636175618787465,0.003771804825636733,-0.01040210183757009,0.00743544580419504,FALSE,FALSE
IRF,NA,NA,NA,NA,NA,NA,NA,NA,NA,NA,NA,z_jk_bs_norisk_cds,NA,NA,NA,NA,NA,NA,NA,NA,NA,NA,NA,NA,NA,NA,NA,yield_6m,31,-0.004798856421950492,-0.006756980419091921,0.003170314730877223,-0.011105334495210941,0.006893273566087618,FALSE,FALSE
IRF,NA,NA,NA,NA,NA,NA,NA,NA,NA,NA,NA,z_jk_bs_norisk_cds,NA,NA,NA,NA,NA,NA,NA,NA,NA,NA,NA,NA,NA,NA,NA,yield_6m,32,-0.005175247158744679,-0.0071062519556241,0.002738664150751222,-0.011522931474856097,0.006384340640837484,FALSE,FALSE
IRF,NA,NA,NA,NA,NA,NA,NA,NA,NA,NA,NA,z_jk_bs_norisk_cds,NA,NA,NA,NA,NA,NA,NA,NA,NA,NA,NA,NA,NA,NA,NA,yield_6m,33,-0.005509054865817019,-0.007523557848926249,0.002336881925719587,-0.011579966804672546,0.005718921725776753,FALSE,FALSE
IRF,NA,NA,NA,NA,NA,NA,NA,NA,NA,NA,NA,z_jk_bs_norisk_cds,NA,NA,NA,NA,NA,NA,NA,NA,NA,NA,NA,NA,NA,NA,NA,yield_6m,34,-0.005798908373675585,-0.0077383968838209485,0.0018017472637939596,-0.012059604694074464,0.005344299839398083,FALSE,FALSE
IRF,NA,NA,NA,NA,NA,NA,NA,NA,NA,NA,NA,z_jk_bs_norisk_cds,NA,NA,NA,NA,NA,NA,NA,NA,NA,NA,NA,NA,NA,NA,NA,yield_6m,35,-0.00604424714039725,-0.007970063639378131,0.0013887881889840365,-0.01230028689537019,0.005067497448635421,FALSE,FALSE
IRF,NA,NA,NA,NA,NA,NA,NA,NA,NA,NA,NA,z_jk_bs_norisk_cds,NA,NA,NA,NA,NA,NA,NA,NA,NA,NA,NA,NA,NA,NA,NA,yield_6m,36,-0.0062436196648887,-0.008288503864343932,0.0010556324633845516,-0.012259918335216403,0.00467609523495766,FALSE,FALSE
IRF,NA,NA,NA,NA,NA,NA,NA,NA,NA,NA,NA,z_jk_bs_norisk_cds,NA,NA,NA,NA,NA,NA,NA,NA,NA,NA,NA,NA,NA,NA,NA,yield_6m,37,-0.0063974681390367326,-0.008320505815070186,7.722662997423392e-4,-0.012640178775869485,0.004350458910755643,FALSE,FALSE
IRF,NA,NA,NA,NA,NA,NA,NA,NA,NA,NA,NA,z_jk_bs_norisk_cds,NA,NA,NA,NA,NA,NA,NA,NA,NA,NA,NA,NA,NA,NA,NA,yield_6m,38,-0.006506259960528883,-0.008573480502540958,5.464086063660562e-4,-0.012593544009028117,0.003991681468141916,FALSE,FALSE
IRF,NA,NA,NA,NA,NA,NA,NA,NA,NA,NA,NA,z_jk_bs_norisk_cds,NA,NA,NA,NA,NA,NA,NA,NA,NA,NA,NA,NA,NA,NA,NA,yield_6m,39,-0.00657067484325858,-0.008720029241353369,3.441674094164394e-4,-0.01270895181468429,0.0034998596218674704,FALSE,FALSE
IRF,NA,NA,NA,NA,NA,NA,NA,NA,NA,NA,NA,z_jk_bs_norisk_cds,NA,NA,NA,NA,NA,NA,NA,NA,NA,NA,NA,NA,NA,NA,NA,yield_6m,40,-0.006592138452883937,-0.008788166914541639,1.8102526628513925e-4,-0.013049968588325874,0.0032201681896966857,FALSE,FALSE
IRF,NA,NA,NA,NA,NA,NA,NA,NA,NA,NA,NA,z_jk_bs_norisk_cds,NA,NA,NA,NA,NA,NA,NA,NA,NA,NA,NA,NA,NA,NA,NA,yield_6m,41,-0.0065720311496901,-0.008690815888267778,-5.02661620653097e-5,-0.013091896380706788,0.0031759468037625,TRUE,FALSE
IRF,NA,NA,NA,NA,NA,NA,NA,NA,NA,NA,NA,z_jk_bs_norisk_cds,NA,NA,NA,NA,NA,NA,NA,NA,NA,NA,NA,NA,NA,NA,NA,yield_6m,42,-0.0065122267412870164,-0.008684750379410341,-1.1317200011629728e-4,-0.013202697614917358,0.0030258695335884205,TRUE,FALSE
IRF,NA,NA,NA,NA,NA,NA,NA,NA,NA,NA,NA,z_jk_bs_norisk_cds,NA,NA,NA,NA,NA,NA,NA,NA,NA,NA,NA,NA,NA,NA,NA,yield_6m,43,-0.006414882451097214,-0.008635215674845527,-2.116647605726104e-4,-0.01336711132926342,0.0029851387511352877,TRUE,FALSE
IRF,NA,NA,NA,NA,NA,NA,NA,NA,NA,NA,NA,z_jk_bs_norisk_cds,NA,NA,NA,NA,NA,NA,NA,NA,NA,NA,NA,NA,NA,NA,NA,yield_6m,44,-0.00628234744304208,-0.0084815372307027,-1.740037210534602e-4,-0.013405846063711577,0.0030933233852878618,TRUE,FALSE
IRF,NA,NA,NA,NA,NA,NA,NA,NA,NA,NA,NA,z_jk_bs_norisk_cds,NA,NA,NA,NA,NA,NA,NA,NA,NA,NA,NA,NA,NA,NA,NA,yield_6m,45,-0.0061172516343597225,-0.008324695972047609,-2.625916013598387e-4,-0.013035073079465581,0.0030692455435150506,TRUE,FALSE
IRF,NA,NA,NA,NA,NA,NA,NA,NA,NA,NA,NA,z_jk_bs_norisk_cds,NA,NA,NA,NA,NA,NA,NA,NA,NA,NA,NA,NA,NA,NA,NA,yield_6m,46,-0.00592225560661793,-0.008163941373379023,-2.4338217362092045e-4,-0.012887515178534693,0.003001728454951595,TRUE,FALSE
IRF,NA,NA,NA,NA,NA,NA,NA,NA,NA,NA,NA,z_jk_bs_norisk_cds,NA,NA,NA,NA,NA,NA,NA,NA,NA,NA,NA,NA,NA,NA,NA,yield_6m,47,-0.005700205316086792,-0.007929342183681347,-2.135977704482279e-4,-0.012980182890634928,0.0028213623674012028,TRUE,FALSE
IRF,NA,NA,NA,NA,NA,NA,NA,NA,NA,NA,NA,z_jk_bs_norisk_cds,NA,NA,NA,NA,NA,NA,NA,NA,NA,NA,NA,NA,NA,NA,NA,yield_6m,48,-0.005454063101787683,-0.008005063019021357,-9.738503436544342e-5,-0.012672653030036314,0.002925712484952604,TRUE,FALSE
IRF,NA,NA,NA,NA,NA,NA,NA,NA,NA,NA,NA,z_jk_bs_norisk_cds,NA,NA,NA,NA,NA,NA,NA,NA,NA,NA,NA,NA,NA,NA,NA,yield_2y,0,0.007223350969632293,0.006410488252550292,0.008332086393439544,0.005921925323802787,0.009082340884518175,TRUE,TRUE
IRF,NA,NA,NA,NA,NA,NA,NA,NA,NA,NA,NA,z_jk_bs_norisk_cds,NA,NA,NA,NA,NA,NA,NA,NA,NA,NA,NA,NA,NA,NA,NA,yield_2y,1,0.00906195627636214,0.007305316873151498,0.010209918982588478,0.006464063612565437,0.011472572110481654,TRUE,TRUE
IRF,NA,NA,NA,NA,NA,NA,NA,NA,NA,NA,NA,z_jk_bs_norisk_cds,NA,NA,NA,NA,NA,NA,NA,NA,NA,NA,NA,NA,NA,NA,NA,yield_2y,2,0.009843682370342123,0.0072958723614913405,0.010916017837095535,0.005963140360798944,0.01237629150286277,TRUE,TRUE
IRF,NA,NA,NA,NA,NA,NA,NA,NA,NA,NA,NA,z_jk_bs_norisk_cds,NA,NA,NA,NA,NA,NA,NA,NA,NA,NA,NA,NA,NA,NA,NA,yield_2y,3,0.011519565509720857,0.008193473442079834,0.012690471210817336,0.006795867911147287,0.014415719413380207,TRUE,TRUE
IRF,NA,NA,NA,NA,NA,NA,NA,NA,NA,NA,NA,z_jk_bs_norisk_cds,NA,NA,NA,NA,NA,NA,NA,NA,NA,NA,NA,NA,NA,NA,NA,yield_2y,4,0.01115036187651759,0.007265649099586036,0.012385939063498719,0.0057301841599347305,0.014274571474034912,TRUE,TRUE
IRF,NA,NA,NA,NA,NA,NA,NA,NA,NA,NA,NA,z_jk_bs_norisk_cds,NA,NA,NA,NA,NA,NA,NA,NA,NA,NA,NA,NA,NA,NA,NA,yield_2y,5,0.010808312102611182,0.0069026352768020655,0.012289002697614085,0.00489689968027393,0.014413456584679213,TRUE,TRUE
IRF,NA,NA,NA,NA,NA,NA,NA,NA,NA,NA,NA,z_jk_bs_norisk_cds,NA,NA,NA,NA,NA,NA,NA,NA,NA,NA,NA,NA,NA,NA,NA,yield_2y,6,0.010515528869526967,0.0066421283005121375,0.012699365956796799,0.00439790606910313,0.015003333609898254,TRUE,TRUE
IRF,NA,NA,NA,NA,NA,NA,NA,NA,NA,NA,NA,z_jk_bs_norisk_cds,NA,NA,NA,NA,NA,NA,NA,NA,NA,NA,NA,NA,NA,NA,NA,yield_2y,7,0.009752565706945935,0.005877435977806621,0.012542307225033687,0.003423076538339392,0.015302615463838971,TRUE,TRUE
IRF,NA,NA,NA,NA,NA,NA,NA,NA,NA,NA,NA,z_jk_bs_norisk_cds,NA,NA,NA,NA,NA,NA,NA,NA,NA,NA,NA,NA,NA,NA,NA,yield_2y,8,0.008999465212289526,0.005008580185728448,0.012462451383040076,0.0028248132634295466,0.015573989497107078,TRUE,TRUE
IRF,NA,NA,NA,NA,NA,NA,NA,NA,NA,NA,NA,z_jk_bs_norisk_cds,NA,NA,NA,NA,NA,NA,NA,NA,NA,NA,NA,NA,NA,NA,NA,yield_2y,9,0.00809032517178355,0.0043314429598893265,0.012163151637683571,0.001948930957259511,0.015376925902545482,TRUE,TRUE
IRF,NA,NA,NA,NA,NA,NA,NA,NA,NA,NA,NA,z_jk_bs_norisk_cds,NA,NA,NA,NA,NA,NA,NA,NA,NA,NA,NA,NA,NA,NA,NA,yield_2y,10,0.0072984892868563815,0.00370676532671664,0.01206043075866095,0.0013087809273378916,0.015321216907618873,TRUE,TRUE
IRF,NA,NA,NA,NA,NA,NA,NA,NA,NA,NA,NA,z_jk_bs_norisk_cds,NA,NA,NA,NA,NA,NA,NA,NA,NA,NA,NA,NA,NA,NA,NA,yield_2y,11,0.006441893316140776,0.0030008553056476888,0.011936360037075997,5.956340080012156e-4,0.015377371809918635,TRUE,TRUE
IRF,NA,NA,NA,NA,NA,NA,NA,NA,NA,NA,NA,z_jk_bs_norisk_cds,NA,NA,NA,NA,NA,NA,NA,NA,NA,NA,NA,NA,NA,NA,NA,yield_2y,12,0.005462036521874157,0.002346412658277838,0.011715110212815967,-3.3831759578668494e-4,0.015489106184532172,TRUE,FALSE
IRF,NA,NA,NA,NA,NA,NA,NA,NA,NA,NA,NA,z_jk_bs_norisk_cds,NA,NA,NA,NA,NA,NA,NA,NA,NA,NA,NA,NA,NA,NA,NA,yield_2y,13,0.004647741198808483,0.0018409246748822175,0.01112493921650351,-8.947219195765344e-4,0.015175040810868366,TRUE,FALSE
IRF,NA,NA,NA,NA,NA,NA,NA,NA,NA,NA,NA,z_jk_bs_norisk_cds,NA,NA,NA,NA,NA,NA,NA,NA,NA,NA,NA,NA,NA,NA,NA,yield_2y,14,0.003804798576304867,0.0012793921409288093,0.010703778209020048,-0.0018169482683469413,0.014866661465577045,TRUE,FALSE
IRF,NA,NA,NA,NA,NA,NA,NA,NA,NA,NA,NA,z_jk_bs_norisk_cds,NA,NA,NA,NA,NA,NA,NA,NA,NA,NA,NA,NA,NA,NA,NA,yield_2y,15,0.0030278519378317353,5.629116781171151e-4,0.01027718496365568,-0.0023655800002737445,0.014740066559358821,TRUE,FALSE
IRF,NA,NA,NA,NA,NA,NA,NA,NA,NA,NA,NA,z_jk_bs_norisk_cds,NA,NA,NA,NA,NA,NA,NA,NA,NA,NA,NA,NA,NA,NA,NA,yield_2y,16,0.0022975452700179995,-5.2323922108546224e-5,0.009923211362778772,-0.0029362441860526656,0.01431904424321452,FALSE,FALSE
IRF,NA,NA,NA,NA,NA,NA,NA,NA,NA,NA,NA,z_jk_bs_norisk_cds,NA,NA,NA,NA,NA,NA,NA,NA,NA,NA,NA,NA,NA,NA,NA,yield_2y,17,0.0015067694801344984,-7.065731388265846e-4,0.009442169499295515,-0.003545076007535337,0.013989530344120192,FALSE,FALSE
IRF,NA,NA,NA,NA,NA,NA,NA,NA,NA,NA,NA,z_jk_bs_norisk_cds,NA,NA,NA,NA,NA,NA,NA,NA,NA,NA,NA,NA,NA,NA,NA,yield_2y,18,7.819580539069928e-4,-0.0014357227434613309,0.008987295408892664,-0.004477795353273299,0.013463026494091543,FALSE,FALSE
IRF,NA,NA,NA,NA,NA,NA,NA,NA,NA,NA,NA,z_jk_bs_norisk_cds,NA,NA,NA,NA,NA,NA,NA,NA,NA,NA,NA,NA,NA,NA,NA,yield_2y,19,7.405509244248557e-5,-0.0019226844270802254,0.008472948793964727,-0.005169235822574666,0.013063592835255562,FALSE,FALSE
IRF,NA,NA,NA,NA,NA,NA,NA,NA,NA,NA,NA,z_jk_bs_norisk_cds,NA,NA,NA,NA,NA,NA,NA,NA,NA,NA,NA,NA,NA,NA,NA,yield_2y,20,-6.216586740211488e-4,-0.0025080401611955907,0.008077916728263133,-0.00577695988936497,0.012709104079038271,FALSE,FALSE
IRF,NA,NA,NA,NA,NA,NA,NA,NA,NA,NA,NA,z_jk_bs_norisk_cds,NA,NA,NA,NA,NA,NA,NA,NA,NA,NA,NA,NA,NA,NA,NA,yield_2y,21,-0.0012677690721732296,-0.003084289227143323,0.007673700211034247,-0.006657753785737632,0.012273258488641454,FALSE,FALSE
IRF,NA,NA,NA,NA,NA,NA,NA,NA,NA,NA,NA,z_jk_bs_norisk_cds,NA,NA,NA,NA,NA,NA,NA,NA,NA,NA,NA,NA,NA,NA,NA,yield_2y,22,-0.0019075914456179856,-0.0035685745197793156,0.007120729582237735,-0.007368273705734247,0.011826885634683829,FALSE,FALSE
IRF,NA,NA,NA,NA,NA,NA,NA,NA,NA,NA,NA,z_jk_bs_norisk_cds,NA,NA,NA,NA,NA,NA,NA,NA,NA,NA,NA,NA,NA,NA,NA,yield_2y,23,-0.0025313295041654,-0.004195354018883434,0.006697971912309359,-0.008144555013972574,0.011163688044028876,FALSE,FALSE
IRF,NA,NA,NA,NA,NA,NA,NA,NA,NA,NA,NA,z_jk_bs_norisk_cds,NA,NA,NA,NA,NA,NA,NA,NA,NA,NA,NA,NA,NA,NA,NA,yield_2y,24,-0.0031266030872649088,-0.004907391480564774,0.006129210589342284,-0.008691115899071062,0.010553200461035188,FALSE,FALSE
IRF,NA,NA,NA,NA,NA,NA,NA,NA,NA,NA,NA,z_jk_bs_norisk_cds,NA,NA,NA,NA,NA,NA,NA,NA,NA,NA,NA,NA,NA,NA,NA,yield_2y,25,-0.003691884970282584,-0.005518329212626933,0.0056014501851963956,-0.009495956061128635,0.009950339846776879,FALSE,FALSE
IRF,NA,NA,NA,NA,NA,NA,NA,NA,NA,NA,NA,z_jk_bs_norisk_cds,NA,NA,NA,NA,NA,NA,NA,NA,NA,NA,NA,NA,NA,NA,NA,yield_2y,26,-0.004220599403264264,-0.005925791039191185,0.005053873847855524,-0.009929894272975658,0.009217282454099735,FALSE,FALSE
IRF,NA,NA,NA,NA,NA,NA,NA,NA,NA,NA,NA,z_jk_bs_norisk_cds,NA,NA,NA,NA,NA,NA,NA,NA,NA,NA,NA,NA,NA,NA,NA,yield_2y,27,-0.0047165387153065156,-0.006508699701961732,0.0045246570704288004,-0.010526858747954199,0.00837831187202289,FALSE,FALSE
IRF,NA,NA,NA,NA,NA,NA,NA,NA,NA,NA,NA,z_jk_bs_norisk_cds,NA,NA,NA,NA,NA,NA,NA,NA,NA,NA,NA,NA,NA,NA,NA,yield_2y,28,-0.005173039109826353,-0.00678609138869502,0.003930916627664682,-0.011153524296821102,0.007822919068087032,FALSE,FALSE
IRF,NA,NA,NA,NA,NA,NA,NA,NA,NA,NA,NA,z_jk_bs_norisk_cds,NA,NA,NA,NA,NA,NA,NA,NA,NA,NA,NA,NA,NA,NA,NA,yield_2y,29,-0.005587734532499978,-0.0073394217555031675,0.003336486311161818,-0.01161968320698329,0.00726655287984947,FALSE,FALSE
IRF,NA,NA,NA,NA,NA,NA,NA,NA,NA,NA,NA,z_jk_bs_norisk_cds,NA,NA,NA,NA,NA,NA,NA,NA,NA,NA,NA,NA,NA,NA,NA,yield_2y,30,-0.005959610281958513,-0.007754630900380373,0.0029519340363675897,-0.011932169880581888,0.006611206391972144,FALSE,FALSE
IRF,NA,NA,NA,NA,NA,NA,NA,NA,NA,NA,NA,z_jk_bs_norisk_cds,NA,NA,NA,NA,NA,NA,NA,NA,NA,NA,NA,NA,NA,NA,NA,yield_2y,31,-0.0062830657032501985,-0.00797133359052635,0.002340937334685707,-0.012764103479320934,0.006042782755238859,FALSE,FALSE
IRF,NA,NA,NA,NA,NA,NA,NA,NA,NA,NA,NA,z_jk_bs_norisk_cds,NA,NA,NA,NA,NA,NA,NA,NA,NA,NA,NA,NA,NA,NA,NA,yield_2y,32,-0.006559345241652977,-0.00832881638218768,0.0018442777859129032,-0.012821272295336979,0.005599907083687448,FALSE,FALSE
IRF,NA,NA,NA,NA,NA,NA,NA,NA,NA,NA,NA,z_jk_bs_norisk_cds,NA,NA,NA,NA,NA,NA,NA,NA,NA,NA,NA,NA,NA,NA,NA,yield_2y,33,-0.006787804432164669,-0.008721002605229608,0.0014055388434697075,-0.01299463421587919,0.005117728692858125,FALSE,FALSE
IRF,NA,NA,NA,NA,NA,NA,NA,NA,NA,NA,NA,z_jk_bs_norisk_cds,NA,NA,NA,NA,NA,NA,NA,NA,NA,NA,NA,NA,NA,NA,NA,yield_2y,34,-0.006967381265265108,-0.008813076853198125,0.0010396214252670441,-0.01338599481166703,0.004857445404929615,FALSE,FALSE
IRF,NA,NA,NA,NA,NA,NA,NA,NA,NA,NA,NA,z_jk_bs_norisk_cds,NA,NA,NA,NA,NA,NA,NA,NA,NA,NA,NA,NA,NA,NA,NA,yield_2y,35,-0.00709905777941308,-0.009014456571214656,8.029790696900394e-4,-0.013628548294274777,0.004445554233739749,FALSE,FALSE
IRF,NA,NA,NA,NA,NA,NA,NA,NA,NA,NA,NA,z_jk_bs_norisk_cds,NA,NA,NA,NA,NA,NA,NA,NA,NA,NA,NA,NA,NA,NA,NA,yield_2y,36,-0.0071822730467000695,-0.009245234073292044,5.817292100175663e-4,-0.013695478101414436,0.004162025971537086,FALSE,FALSE
IRF,NA,NA,NA,NA,NA,NA,NA,NA,NA,NA,NA,z_jk_bs_norisk_cds,NA,NA,NA,NA,NA,NA,NA,NA,NA,NA,NA,NA,NA,NA,NA,yield_2y,37,-0.007218544309558651,-0.00916290968961914,4.300927867686495e-4,-0.013886576825760182,0.003910993143770381,FALSE,FALSE
IRF,NA,NA,NA,NA,NA,NA,NA,NA,NA,NA,NA,z_jk_bs_norisk_cds,NA,NA,NA,NA,NA,NA,NA,NA,NA,NA,NA,NA,NA,NA,NA,yield_2y,38,-0.007209898813748706,-0.009177425694059079,2.6772182201335447e-4,-0.013935353649624385,0.0036524808799421947,FALSE,FALSE
IRF,NA,NA,NA,NA,NA,NA,NA,NA,NA,NA,NA,z_jk_bs_norisk_cds,NA,NA,NA,NA,NA,NA,NA,NA,NA,NA,NA,NA,NA,NA,NA,yield_2y,39,-0.0071578216175155794,-0.008981220716581742,1.827335621910935e-5,-0.01408854531241302,0.0035069224544541835,FALSE,FALSE
IRF,NA,NA,NA,NA,NA,NA,NA,NA,NA,NA,NA,z_jk_bs_norisk_cds,NA,NA,NA,NA,NA,NA,NA,NA,NA,NA,NA,NA,NA,NA,NA,yield_2y,40,-0.007064726218220021,-0.008803265244717692,-5.231190027955084e-5,-0.014032277905310437,0.0032874280683481295,TRUE,FALSE
IRF,NA,NA,NA,NA,NA,NA,NA,NA,NA,NA,NA,z_jk_bs_norisk_cds,NA,NA,NA,NA,NA,NA,NA,NA,NA,NA,NA,NA,NA,NA,NA,yield_2y,41,-0.0069329701900009266,-0.008618329600181426,-2.736173608299586e-5,-0.01409014874488618,0.0033875083985168163,TRUE,FALSE
IRF,NA,NA,NA,NA,NA,NA,NA,NA,NA,NA,NA,z_jk_bs_norisk_cds,NA,NA,NA,NA,NA,NA,NA,NA,NA,NA,NA,NA,NA,NA,NA,yield_2y,42,-0.006765198609128708,-0.00851584107671756,-7.997036830842738e-5,-0.014120365640383123,0.0034614065034046524,TRUE,FALSE
IRF,NA,NA,NA,NA,NA,NA,NA,NA,NA,NA,NA,z_jk_bs_norisk_cds,NA,NA,NA,NA,NA,NA,NA,NA,NA,NA,NA,NA,NA,NA,NA,yield_2y,43,-0.00656439710731523,-0.00845587609333002,-1.1413795013434588e-4,-0.014114129465913925,0.003481190809058744,TRUE,FALSE
IRF,NA,NA,NA,NA,NA,NA,NA,NA,NA,NA,NA,z_jk_bs_norisk_cds,NA,NA,NA,NA,NA,NA,NA,NA,NA,NA,NA,NA,NA,NA,NA,yield_2y,44,-0.006333589133931192,-0.00842330737199409,-5.552075911376199e-5,-0.014158411237533914,0.0033045247800004046,TRUE,FALSE
IRF,NA,NA,NA,NA,NA,NA,NA,NA,NA,NA,NA,z_jk_bs_norisk_cds,NA,NA,NA,NA,NA,NA,NA,NA,NA,NA,NA,NA,NA,NA,NA,yield_2y,45,-0.006075992382278926,-0.008304792680489642,8.669395462934287e-5,-0.013761653730671095,0.003467274418915184,FALSE,FALSE
IRF,NA,NA,NA,NA,NA,NA,NA,NA,NA,NA,NA,z_jk_bs_norisk_cds,NA,NA,NA,NA,NA,NA,NA,NA,NA,NA,NA,NA,NA,NA,NA,yield_2y,46,-0.005794745156354601,-0.00826793114264831,1.2606031540412285e-4,-0.013261630506006806,0.0034165200747583936,FALSE,FALSE
IRF,NA,NA,NA,NA,NA,NA,NA,NA,NA,NA,NA,z_jk_bs_norisk_cds,NA,NA,NA,NA,NA,NA,NA,NA,NA,NA,NA,NA,NA,NA,NA,yield_2y,47,-0.005493068787490768,-0.007983318123868552,2.5138969539704683e-4,-0.012962696468039884,0.0037696511226264348,FALSE,FALSE
IRF,NA,NA,NA,NA,NA,NA,NA,NA,NA,NA,NA,z_jk_bs_norisk_cds,NA,NA,NA,NA,NA,NA,NA,NA,NA,NA,NA,NA,NA,NA,NA,yield_2y,48,-0.005174271680119873,-0.007772150358399765,3.351205564601605e-4,-0.013050458474341707,0.004114761900421811,FALSE,FALSE
IRF,NA,NA,NA,NA,NA,NA,NA,NA,NA,NA,NA,z_jk_bs_norisk_cds,NA,NA,NA,NA,NA,NA,NA,NA,NA,NA,NA,NA,NA,NA,NA,yield_5y,0,0.007345019896401362,0.006372022402171591,0.009206225439624455,0.005608462451495377,0.010481604480217016,TRUE,TRUE
IRF,NA,NA,NA,NA,NA,NA,NA,NA,NA,NA,NA,z_jk_bs_norisk_cds,NA,NA,NA,NA,NA,NA,NA,NA,NA,NA,NA,NA,NA,NA,NA,yield_5y,1,0.008776478443768663,0.006981128841717122,0.010758199870655,0.005816487279511965,0.0123586919241131,TRUE,TRUE
IRF,NA,NA,NA,NA,NA,NA,NA,NA,NA,NA,NA,z_jk_bs_norisk_cds,NA,NA,NA,NA,NA,NA,NA,NA,NA,NA,NA,NA,NA,NA,NA,yield_5y,2,0.008706967096953332,0.006230317449837911,0.01057530873231016,0.004947863275327747,0.012358860138861817,TRUE,TRUE
IRF,NA,NA,NA,NA,NA,NA,NA,NA,NA,NA,NA,z_jk_bs_norisk_cds,NA,NA,NA,NA,NA,NA,NA,NA,NA,NA,NA,NA,NA,NA,NA,yield_5y,3,0.010590664602231277,0.007391439135269224,0.012486871226441697,0.005807205649293445,0.014420196090010261,TRUE,TRUE
IRF,NA,NA,NA,NA,NA,NA,NA,NA,NA,NA,NA,z_jk_bs_norisk_cds,NA,NA,NA,NA,NA,NA,NA,NA,NA,NA,NA,NA,NA,NA,NA,yield_5y,4,0.010209612127408627,0.006533442999646838,0.011858686574719892,0.005031983654729122,0.013878680333151455,TRUE,TRUE
IRF,NA,NA,NA,NA,NA,NA,NA,NA,NA,NA,NA,z_jk_bs_norisk_cds,NA,NA,NA,NA,NA,NA,NA,NA,NA,NA,NA,NA,NA,NA,NA,yield_5y,5,0.00966605007594479,0.005943253453683219,0.01130999448401478,0.004052926997232706,0.013412756395105259,TRUE,TRUE
IRF,NA,NA,NA,NA,NA,NA,NA,NA,NA,NA,NA,z_jk_bs_norisk_cds,NA,NA,NA,NA,NA,NA,NA,NA,NA,NA,NA,NA,NA,NA,NA,yield_5y,6,0.009328846939178372,0.005749778705020725,0.01162254929619869,0.003787811306089787,0.013675237406320331,TRUE,TRUE
IRF,NA,NA,NA,NA,NA,NA,NA,NA,NA,NA,NA,z_jk_bs_norisk_cds,NA,NA,NA,NA,NA,NA,NA,NA,NA,NA,NA,NA,NA,NA,NA,yield_5y,7,0.008429435632470493,0.004847081536852744,0.011158260314109512,0.002945941687928159,0.013538681670650952,TRUE,TRUE
IRF,NA,NA,NA,NA,NA,NA,NA,NA,NA,NA,NA,z_jk_bs_norisk_cds,NA,NA,NA,NA,NA,NA,NA,NA,NA,NA,NA,NA,NA,NA,NA,yield_5y,8,0.00760482647376293,0.003959778557958017,0.010820446258152292,0.0021055999699984215,0.013182102987226545,TRUE,TRUE
IRF,NA,NA,NA,NA,NA,NA,NA,NA,NA,NA,NA,z_jk_bs_norisk_cds,NA,NA,NA,NA,NA,NA,NA,NA,NA,NA,NA,NA,NA,NA,NA,yield_5y,9,0.006701916949120051,0.0033764287319408876,0.01040382877083102,0.0014920800950293121,0.013093506427820272,TRUE,TRUE
IRF,NA,NA,NA,NA,NA,NA,NA,NA,NA,NA,NA,z_jk_bs_norisk_cds,NA,NA,NA,NA,NA,NA,NA,NA,NA,NA,NA,NA,NA,NA,NA,yield_5y,10,0.005846790164477041,0.0027202259640785246,0.010099069544913823,4.550768743332668e-4,0.012928797541673141,TRUE,TRUE
IRF,NA,NA,NA,NA,NA,NA,NA,NA,NA,NA,NA,z_jk_bs_norisk_cds,NA,NA,NA,NA,NA,NA,NA,NA,NA,NA,NA,NA,NA,NA,NA,yield_5y,11,0.005020922268685865,0.002062563749487574,0.00980460948627239,-2.610071524968275e-4,0.01274406678405366,TRUE,FALSE
IRF,NA,NA,NA,NA,NA,NA,NA,NA,NA,NA,NA,z_jk_bs_norisk_cds,NA,NA,NA,NA,NA,NA,NA,NA,NA,NA,NA,NA,NA,NA,NA,yield_5y,12,0.004006464361361759,0.001531403899775384,0.00930942379022504,-9.218759557430207e-4,0.012467547308871866,TRUE,FALSE
IRF,NA,NA,NA,NA,NA,NA,NA,NA,NA,NA,NA,z_jk_bs_norisk_cds,NA,NA,NA,NA,NA,NA,NA,NA,NA,NA,NA,NA,NA,NA,NA,yield_5y,13,0.0031958752449133157,9.41205216809277e-4,0.008906730158023969,-0.001714417553539998,0.012194881592082884,TRUE,FALSE
IRF,NA,NA,NA,NA,NA,NA,NA,NA,NA,NA,NA,z_jk_bs_norisk_cds,NA,NA,NA,NA,NA,NA,NA,NA,NA,NA,NA,NA,NA,NA,NA,yield_5y,14,0.002422291612280184,2.896604751627587e-4,0.008438194527107555,-0.0023445383588824482,0.012163204578393283,TRUE,FALSE
IRF,NA,NA,NA,NA,NA,NA,NA,NA,NA,NA,NA,z_jk_bs_norisk_cds,NA,NA,NA,NA,NA,NA,NA,NA,NA,NA,NA,NA,NA,NA,NA,yield_5y,15,0.0016958077882559155,-2.723118608026607e-4,0.00799689145889912,-0.0028212821613088582,0.011971356573308835,FALSE,FALSE
IRF,NA,NA,NA,NA,NA,NA,NA,NA,NA,NA,NA,z_jk_bs_norisk_cds,NA,NA,NA,NA,NA,NA,NA,NA,NA,NA,NA,NA,NA,NA,NA,yield_5y,16,0.001052371256439836,-7.827512080268017e-4,0.007658411797914183,-0.0033676012217647142,0.011737305740790021,FALSE,FALSE
IRF,NA,NA,NA,NA,NA,NA,NA,NA,NA,NA,NA,z_jk_bs_norisk_cds,NA,NA,NA,NA,NA,NA,NA,NA,NA,NA,NA,NA,NA,NA,NA,yield_5y,17,3.5033112205460455e-4,-0.0013049087072682937,0.007267183821479271,-0.004004556827360735,0.011270826407137693,FALSE,FALSE
IRF,NA,NA,NA,NA,NA,NA,NA,NA,NA,NA,NA,z_jk_bs_norisk_cds,NA,NA,NA,NA,NA,NA,NA,NA,NA,NA,NA,NA,NA,NA,NA,yield_5y,18,-2.761315615839188e-4,-0.0018616742258043457,0.006819251353996073,-0.004836669510148298,0.010757917984084821,FALSE,FALSE
IRF,NA,NA,NA,NA,NA,NA,NA,NA,NA,NA,NA,z_jk_bs_norisk_cds,NA,NA,NA,NA,NA,NA,NA,NA,NA,NA,NA,NA,NA,NA,NA,yield_5y,19,-8.571950164779506e-4,-0.0024266371190475684,0.006537910227971708,-0.005246032892556107,0.010399417537610013,FALSE,FALSE
IRF,NA,NA,NA,NA,NA,NA,NA,NA,NA,NA,NA,z_jk_bs_norisk_cds,NA,NA,NA,NA,NA,NA,NA,NA,NA,NA,NA,NA,NA,NA,NA,yield_5y,20,-0.001428300915487694,-0.0029017633605434158,0.006022894390594593,-0.00582879681084988,0.009966669041230215,FALSE,FALSE
IRF,NA,NA,NA,NA,NA,NA,NA,NA,NA,NA,NA,z_jk_bs_norisk_cds,NA,NA,NA,NA,NA,NA,NA,NA,NA,NA,NA,NA,NA,NA,NA,yield_5y,21,-0.0019375853334141807,-0.003478222212317881,0.005606631196333572,-0.006541331077805882,0.009567100879530537,FALSE,FALSE
IRF,NA,NA,NA,NA,NA,NA,NA,NA,NA,NA,NA,z_jk_bs_norisk_cds,NA,NA,NA,NA,NA,NA,NA,NA,NA,NA,NA,NA,NA,NA,NA,yield_5y,22,-0.0024346343017348834,-0.003960695440093505,0.0052436166553866456,-0.007148211085252458,0.008936457653488826,FALSE,FALSE
IRF,NA,NA,NA,NA,NA,NA,NA,NA,NA,NA,NA,z_jk_bs_norisk_cds,NA,NA,NA,NA,NA,NA,NA,NA,NA,NA,NA,NA,NA,NA,NA,yield_5y,23,-0.002916330648463832,-0.004339789408188136,0.004798054005460933,-0.007626572094708336,0.008618958643095129,FALSE,FALSE
IRF,NA,NA,NA,NA,NA,NA,NA,NA,NA,NA,NA,z_jk_bs_norisk_cds,NA,NA,NA,NA,NA,NA,NA,NA,NA,NA,NA,NA,NA,NA,NA,yield_5y,24,-0.0033627992560952423,-0.004766191489127335,0.004336166497053535,-0.00817510740717802,0.008120393412245259,FALSE,FALSE
IRF,NA,NA,NA,NA,NA,NA,NA,NA,NA,NA,NA,z_jk_bs_norisk_cds,NA,NA,NA,NA,NA,NA,NA,NA,NA,NA,NA,NA,NA,NA,NA,yield_5y,25,-0.0037779974987866977,-0.005107610024608828,0.003904888827122804,-0.008613033746872712,0.007574738942772909,FALSE,FALSE
IRF,NA,NA,NA,NA,NA,NA,NA,NA,NA,NA,NA,z_jk_bs_norisk_cds,NA,NA,NA,NA,NA,NA,NA,NA,NA,NA,NA,NA,NA,NA,NA,yield_5y,26,-0.004156486389941349,-0.0054258448951693666,0.0033862092053373698,-0.009034326930570765,0.006955507015775972,FALSE,FALSE
IRF,NA,NA,NA,NA,NA,NA,NA,NA,NA,NA,NA,z_jk_bs_norisk_cds,NA,NA,NA,NA,NA,NA,NA,NA,NA,NA,NA,NA,NA,NA,NA,yield_5y,27,-0.004504215090246832,-0.005860262959284518,0.002941513470959863,-0.00942694105018474,0.006430902660409491,FALSE,FALSE
IRF,NA,NA,NA,NA,NA,NA,NA,NA,NA,NA,NA,z_jk_bs_norisk_cds,NA,NA,NA,NA,NA,NA,NA,NA,NA,NA,NA,NA,NA,NA,NA,yield_5y,28,-0.0048168728728707885,-0.006175887138060029,0.002508019560592209,-0.00962288758473379,0.005784210646532421,FALSE,FALSE
IRF,NA,NA,NA,NA,NA,NA,NA,NA,NA,NA,NA,z_jk_bs_norisk_cds,NA,NA,NA,NA,NA,NA,NA,NA,NA,NA,NA,NA,NA,NA,NA,yield_5y,29,-0.005090621872122431,-0.006614144966900487,0.002152952444292175,-0.010125984526584189,0.005283924167420388,FALSE,FALSE
IRF,NA,NA,NA,NA,NA,NA,NA,NA,NA,NA,NA,z_jk_bs_norisk_cds,NA,NA,NA,NA,NA,NA,NA,NA,NA,NA,NA,NA,NA,NA,NA,yield_5y,30,-0.0053272829576026925,-0.006964191365980993,0.0017559895933209238,-0.01063638327657465,0.0048653922744376745,FALSE,FALSE
IRF,NA,NA,NA,NA,NA,NA,NA,NA,NA,NA,NA,z_jk_bs_norisk_cds,NA,NA,NA,NA,NA,NA,NA,NA,NA,NA,NA,NA,NA,NA,NA,yield_5y,31,-0.005521988353072986,-0.007229799804078203,0.0014251804675129156,-0.01086237124103866,0.004705624331050487,FALSE,FALSE
IRF,NA,NA,NA,NA,NA,NA,NA,NA,NA,NA,NA,z_jk_bs_norisk_cds,NA,NA,NA,NA,NA,NA,NA,NA,NA,NA,NA,NA,NA,NA,NA,yield_5y,32,-0.005676552050982493,-0.007183933240425121,0.0011626787219346456,-0.010797016422584755,0.004242605283870923,FALSE,FALSE
IRF,NA,NA,NA,NA,NA,NA,NA,NA,NA,NA,NA,z_jk_bs_norisk_cds,NA,NA,NA,NA,NA,NA,NA,NA,NA,NA,NA,NA,NA,NA,NA,yield_5y,33,-0.005792187170610434,-0.007296003926393506,8.504314437132231e-4,-0.011178328045553607,0.00386563445140323,FALSE,FALSE
IRF,NA,NA,NA,NA,NA,NA,NA,NA,NA,NA,NA,z_jk_bs_norisk_cds,NA,NA,NA,NA,NA,NA,NA,NA,NA,NA,NA,NA,NA,NA,NA,yield_5y,34,-0.005867855998329277,-0.007502209892867106,5.349708040211783e-4,-0.011471646264192698,0.0036215182164001437,FALSE,FALSE
IRF,NA,NA,NA,NA,NA,NA,NA,NA,NA,NA,NA,z_jk_bs_norisk_cds,NA,NA,NA,NA,NA,NA,NA,NA,NA,NA,NA,NA,NA,NA,NA,yield_5y,35,-0.005905267594077871,-0.007607168760106454,3.4419769513854555e-4,-0.011491545367592422,0.0033075586617910256,FALSE,FALSE
IRF,NA,NA,NA,NA,NA,NA,NA,NA,NA,NA,NA,z_jk_bs_norisk_cds,NA,NA,NA,NA,NA,NA,NA,NA,NA,NA,NA,NA,NA,NA,NA,yield_5y,36,-0.005904471736127855,-0.007425157145986096,1.742706001986502e-4,-0.01161838459385766,0.003209024737887691,FALSE,FALSE
IRF,NA,NA,NA,NA,NA,NA,NA,NA,NA,NA,NA,z_jk_bs_norisk_cds,NA,NA,NA,NA,NA,NA,NA,NA,NA,NA,NA,NA,NA,NA,NA,yield_5y,37,-0.0058672097807199045,-0.007260063781032311,9.341946114984553e-5,-0.011829801711979778,0.0030894804850312833,FALSE,FALSE
IRF,NA,NA,NA,NA,NA,NA,NA,NA,NA,NA,NA,z_jk_bs_norisk_cds,NA,NA,NA,NA,NA,NA,NA,NA,NA,NA,NA,NA,NA,NA,NA,yield_5y,38,-0.005796114559860511,-0.007047167660620109,5.734031607517253e-6,-0.011854125935021654,0.002961326719152834,FALSE,FALSE
IRF,NA,NA,NA,NA,NA,NA,NA,NA,NA,NA,NA,z_jk_bs_norisk_cds,NA,NA,NA,NA,NA,NA,NA,NA,NA,NA,NA,NA,NA,NA,NA,yield_5y,39,-0.005692663188052767,-0.007049208644934733,9.248807937540859e-5,-0.011744517650274913,0.002815714142760782,FALSE,FALSE
IRF,NA,NA,NA,NA,NA,NA,NA,NA,NA,NA,NA,z_jk_bs_norisk_cds,NA,NA,NA,NA,NA,NA,NA,NA,NA,NA,NA,NA,NA,NA,NA,yield_5y,40,-0.0055592543201476,-0.007024493336110163,-9.62374138884707e-6,-0.011883017219375314,0.002724692679598285,TRUE,FALSE
IRF,NA,NA,NA,NA,NA,NA,NA,NA,NA,NA,NA,z_jk_bs_norisk_cds,NA,NA,NA,NA,NA,NA,NA,NA,NA,NA,NA,NA,NA,NA,NA,yield_5y,41,-0.005398261548078753,-0.006842568496252432,-3.4054227336042714e-5,-0.011757875516331872,0.0026778566396004704,TRUE,FALSE
IRF,NA,NA,NA,NA,NA,NA,NA,NA,NA,NA,NA,z_jk_bs_norisk_cds,NA,NA,NA,NA,NA,NA,NA,NA,NA,NA,NA,NA,NA,NA,NA,yield_5y,42,-0.005212102225618276,-0.00690513611865673,6.669216793876332e-5,-0.011612397341367502,0.002737932147970505,FALSE,FALSE
IRF,NA,NA,NA,NA,NA,NA,NA,NA,NA,NA,NA,z_jk_bs_norisk_cds,NA,NA,NA,NA,NA,NA,NA,NA,NA,NA,NA,NA,NA,NA,NA,yield_5y,43,-0.005003557373214078,-0.006842641679060452,1.0153452023865983e-4,-0.011333262574137663,0.0029418748555936876,FALSE,FALSE
IRF,NA,NA,NA,NA,NA,NA,NA,NA,NA,NA,NA,z_jk_bs_norisk_cds,NA,NA,NA,NA,NA,NA,NA,NA,NA,NA,NA,NA,NA,NA,NA,yield_5y,44,-0.0047752908785444696,-0.0067141660788462764,1.6642323975313565e-4,-0.011103182113092675,0.003222587842829816,FALSE,FALSE
IRF,NA,NA,NA,NA,NA,NA,NA,NA,NA,NA,NA,z_jk_bs_norisk_cds,NA,NA,NA,NA,NA,NA,NA,NA,NA,NA,NA,NA,NA,NA,NA,yield_5y,45,-0.0045300757496930175,-0.006658741079257325,2.099068658734887e-4,-0.010861755937129475,0.0032186527677072804,FALSE,FALSE
IRF,NA,NA,NA,NA,NA,NA,NA,NA,NA,NA,NA,z_jk_bs_norisk_cds,NA,NA,NA,NA,NA,NA,NA,NA,NA,NA,NA,NA,NA,NA,NA,yield_5y,46,-0.004270560645258474,-0.006459752321496562,2.694750056266679e-4,-0.010710445868606385,0.0033487537013216617,FALSE,FALSE
IRF,NA,NA,NA,NA,NA,NA,NA,NA,NA,NA,NA,z_jk_bs_norisk_cds,NA,NA,NA,NA,NA,NA,NA,NA,NA,NA,NA,NA,NA,NA,NA,yield_5y,47,-0.003999375682211292,-0.006389101173524152,4.207855017113937e-4,-0.010659764044011692,0.0035796889291717336,FALSE,FALSE
IRF,NA,NA,NA,NA,NA,NA,NA,NA,NA,NA,NA,z_jk_bs_norisk_cds,NA,NA,NA,NA,NA,NA,NA,NA,NA,NA,NA,NA,NA,NA,NA,yield_5y,48,-0.00371923505316712,-0.006246517468557499,5.149701067737333e-4,-0.01026282120158208,0.0036554695655149666,FALSE,FALSE
IRF,NA,NA,NA,NA,NA,NA,NA,NA,NA,NA,NA,z_jk_bs_norisk_cds,NA,NA,NA,NA,NA,NA,NA,NA,NA,NA,NA,NA,NA,NA,NA,cambio_usd,0,0.15541546593729705,0.11305984278312117,0.19457792315301373,0.09194822636652972,0.2345690504935443,TRUE,TRUE
IRF,NA,NA,NA,NA,NA,NA,NA,NA,NA,NA,NA,z_jk_bs_norisk_cds,NA,NA,NA,NA,NA,NA,NA,NA,NA,NA,NA,NA,NA,NA,NA,cambio_usd,1,0.1626669749940556,0.11417008170198432,0.22849961158792473,0.08259024830499552,0.2763768069569011,TRUE,TRUE
IRF,NA,NA,NA,NA,NA,NA,NA,NA,NA,NA,NA,z_jk_bs_norisk_cds,NA,NA,NA,NA,NA,NA,NA,NA,NA,NA,NA,NA,NA,NA,NA,cambio_usd,2,0.14528310951012283,0.0912423661765046,0.21429025071744665,0.05340166798780814,0.26675052547428674,TRUE,TRUE
IRF,NA,NA,NA,NA,NA,NA,NA,NA,NA,NA,NA,z_jk_bs_norisk_cds,NA,NA,NA,NA,NA,NA,NA,NA,NA,NA,NA,NA,NA,NA,NA,cambio_usd,3,0.15239956283541173,0.08991077425076255,0.22738135178838273,0.047944091182140866,0.2813617119241403,TRUE,TRUE
IRF,NA,NA,NA,NA,NA,NA,NA,NA,NA,NA,NA,z_jk_bs_norisk_cds,NA,NA,NA,NA,NA,NA,NA,NA,NA,NA,NA,NA,NA,NA,NA,cambio_usd,4,0.13925079278271374,0.0628126882994602,0.21165078848964153,0.02962562306570681,0.2636116946940234,TRUE,TRUE
IRF,NA,NA,NA,NA,NA,NA,NA,NA,NA,NA,NA,z_jk_bs_norisk_cds,NA,NA,NA,NA,NA,NA,NA,NA,NA,NA,NA,NA,NA,NA,NA,cambio_usd,5,0.11088695028891404,0.037560736220472894,0.18582767834037245,-0.0035850910651374157,0.23850175855344424,TRUE,FALSE
IRF,NA,NA,NA,NA,NA,NA,NA,NA,NA,NA,NA,z_jk_bs_norisk_cds,NA,NA,NA,NA,NA,NA,NA,NA,NA,NA,NA,NA,NA,NA,NA,cambio_usd,6,0.10472569290284575,0.030260269967307178,0.18596871311632085,-0.010401190640104875,0.23709093822967897,TRUE,FALSE
IRF,NA,NA,NA,NA,NA,NA,NA,NA,NA,NA,NA,z_jk_bs_norisk_cds,NA,NA,NA,NA,NA,NA,NA,NA,NA,NA,NA,NA,NA,NA,NA,cambio_usd,7,0.081981855865523,0.007830183676670422,0.17041520310371533,-0.038527652987276555,0.22266368434436984,TRUE,FALSE
IRF,NA,NA,NA,NA,NA,NA,NA,NA,NA,NA,NA,z_jk_bs_norisk_cds,NA,NA,NA,NA,NA,NA,NA,NA,NA,NA,NA,NA,NA,NA,NA,cambio_usd,8,0.05887761721407166,-0.01546395072299144,0.15059104552534527,-0.061411577895192006,0.20772415248512308,FALSE,FALSE
IRF,NA,NA,NA,NA,NA,NA,NA,NA,NA,NA,NA,z_jk_bs_norisk_cds,NA,NA,NA,NA,NA,NA,NA,NA,NA,NA,NA,NA,NA,NA,NA,cambio_usd,9,0.04338456320340232,-0.028910863220074825,0.13996488194276838,-0.07829162657844621,0.19210018330367803,FALSE,FALSE
IRF,NA,NA,NA,NA,NA,NA,NA,NA,NA,NA,NA,z_jk_bs_norisk_cds,NA,NA,NA,NA,NA,NA,NA,NA,NA,NA,NA,NA,NA,NA,NA,cambio_usd,10,0.02270993256792955,-0.047651047105523835,0.11820143741475245,-0.09590069788947046,0.17871933865721698,FALSE,FALSE
IRF,NA,NA,NA,NA,NA,NA,NA,NA,NA,NA,NA,z_jk_bs_norisk_cds,NA,NA,NA,NA,NA,NA,NA,NA,NA,NA,NA,NA,NA,NA,NA,cambio_usd,11,0.004514564961759126,-0.06275516855883732,0.10218541717990262,-0.10880971734392114,0.15938088978396275,FALSE,FALSE
IRF,NA,NA,NA,NA,NA,NA,NA,NA,NA,NA,NA,z_jk_bs_norisk_cds,NA,NA,NA,NA,NA,NA,NA,NA,NA,NA,NA,NA,NA,NA,NA,cambio_usd,12,-0.014971635915118894,-0.07385657014379655,0.08458398726410737,-0.12494702174975639,0.14766871751328514,FALSE,FALSE
IRF,NA,NA,NA,NA,NA,NA,NA,NA,NA,NA,NA,z_jk_bs_norisk_cds,NA,NA,NA,NA,NA,NA,NA,NA,NA,NA,NA,NA,NA,NA,NA,cambio_usd,13,-0.035533810317569026,-0.08562568013472165,0.06583919350884947,-0.14284541462038594,0.12973372187912294,FALSE,FALSE
IRF,NA,NA,NA,NA,NA,NA,NA,NA,NA,NA,NA,z_jk_bs_norisk_cds,NA,NA,NA,NA,NA,NA,NA,NA,NA,NA,NA,NA,NA,NA,NA,cambio_usd,14,-0.05021799883006176,-0.0977808235251453,0.05770650449876074,-0.15373542466767912,0.11653764242989087,FALSE,FALSE
IRF,NA,NA,NA,NA,NA,NA,NA,NA,NA,NA,NA,z_jk_bs_norisk_cds,NA,NA,NA,NA,NA,NA,NA,NA,NA,NA,NA,NA,NA,NA,NA,cambio_usd,15,-0.062241851905843894,-0.10366172034097124,0.047788595409644925,-0.16774502558948798,0.10287876671744053,FALSE,FALSE
IRF,NA,NA,NA,NA,NA,NA,NA,NA,NA,NA,NA,z_jk_bs_norisk_cds,NA,NA,NA,NA,NA,NA,NA,NA,NA,NA,NA,NA,NA,NA,NA,cambio_usd,16,-0.07290178940809494,-0.10992503512761943,0.03665451554651956,-0.17643441583491976,0.09154062335357482,FALSE,FALSE
IRF,NA,NA,NA,NA,NA,NA,NA,NA,NA,NA,NA,z_jk_bs_norisk_cds,NA,NA,NA,NA,NA,NA,NA,NA,NA,NA,NA,NA,NA,NA,NA,cambio_usd,17,-0.08209213295249697,-0.11736277792817719,0.02900925735784232,-0.17800122898014428,0.07979145690596295,FALSE,FALSE
IRF,NA,NA,NA,NA,NA,NA,NA,NA,NA,NA,NA,z_jk_bs_norisk_cds,NA,NA,NA,NA,NA,NA,NA,NA,NA,NA,NA,NA,NA,NA,NA,cambio_usd,18,-0.08920031624671242,-0.12502174245177322,0.022680029173451993,-0.18553178875329931,0.07033711916697387,FALSE,FALSE
IRF,NA,NA,NA,NA,NA,NA,NA,NA,NA,NA,NA,z_jk_bs_norisk_cds,NA,NA,NA,NA,NA,NA,NA,NA,NA,NA,NA,NA,NA,NA,NA,cambio_usd,19,-0.0947392327076635,-0.12822702404760897,0.016408147911004995,-0.19050774290836747,0.06496056035508736,FALSE,FALSE
IRF,NA,NA,NA,NA,NA,NA,NA,NA,NA,NA,NA,z_jk_bs_norisk_cds,NA,NA,NA,NA,NA,NA,NA,NA,NA,NA,NA,NA,NA,NA,NA,cambio_usd,20,-0.0987935761118786,-0.13173866931703235,0.00927546193798318,-0.19539162541227595,0.058116423577476976,FALSE,FALSE
IRF,NA,NA,NA,NA,NA,NA,NA,NA,NA,NA,NA,z_jk_bs_norisk_cds,NA,NA,NA,NA,NA,NA,NA,NA,NA,NA,NA,NA,NA,NA,NA,cambio_usd,21,-0.10091331262495842,-0.13214706089039274,0.003986643813835172,-0.19372567282706682,0.04944170087746248,FALSE,FALSE
IRF,NA,NA,NA,NA,NA,NA,NA,NA,NA,NA,NA,z_jk_bs_norisk_cds,NA,NA,NA,NA,NA,NA,NA,NA,NA,NA,NA,NA,NA,NA,NA,cambio_usd,22,-0.10206404158398914,-0.1336119508557125,0.0018889236759383145,-0.19744794559507448,0.048284262468370184,FALSE,FALSE
IRF,NA,NA,NA,NA,NA,NA,NA,NA,NA,NA,NA,z_jk_bs_norisk_cds,NA,NA,NA,NA,NA,NA,NA,NA,NA,NA,NA,NA,NA,NA,NA,cambio_usd,23,-0.10266556823592085,-0.1338240340411808,0.0016729443556846154,-0.1932113246205445,0.04625509967401571,FALSE,FALSE
IRF,NA,NA,NA,NA,NA,NA,NA,NA,NA,NA,NA,z_jk_bs_norisk_cds,NA,NA,NA,NA,NA,NA,NA,NA,NA,NA,NA,NA,NA,NA,NA,cambio_usd,24,-0.10213496028336294,-0.13375212618629617,5.538847702314937e-4,-0.1901748295856449,0.042873849662233524,FALSE,FALSE
IRF,NA,NA,NA,NA,NA,NA,NA,NA,NA,NA,NA,z_jk_bs_norisk_cds,NA,NA,NA,NA,NA,NA,NA,NA,NA,NA,NA,NA,NA,NA,NA,cambio_usd,25,-0.10071367691860307,-0.1354689837944098,-0.0011767515926791002,-0.18721502392280434,0.03934670305438826,TRUE,FALSE
IRF,NA,NA,NA,NA,NA,NA,NA,NA,NA,NA,NA,z_jk_bs_norisk_cds,NA,NA,NA,NA,NA,NA,NA,NA,NA,NA,NA,NA,NA,NA,NA,cambio_usd,26,-0.09851170647301073,-0.13534106569396206,-0.001667678578941319,-0.1885691959280291,0.0418935816557319,TRUE,FALSE
IRF,NA,NA,NA,NA,NA,NA,NA,NA,NA,NA,NA,z_jk_bs_norisk_cds,NA,NA,NA,NA,NA,NA,NA,NA,NA,NA,NA,NA,NA,NA,NA,cambio_usd,27,-0.09559164644405238,-0.1341102323529787,-0.0021332032769844534,-0.18901964730777163,0.04423921378261027,TRUE,FALSE
IRF,NA,NA,NA,NA,NA,NA,NA,NA,NA,NA,NA,z_jk_bs_norisk_cds,NA,NA,NA,NA,NA,NA,NA,NA,NA,NA,NA,NA,NA,NA,NA,cambio_usd,28,-0.09216216993519996,-0.1306258846617666,-6.986286103435424e-4,-0.187634066881223,0.04297694163967353,TRUE,FALSE
IRF,NA,NA,NA,NA,NA,NA,NA,NA,NA,NA,NA,z_jk_bs_norisk_cds,NA,NA,NA,NA,NA,NA,NA,NA,NA,NA,NA,NA,NA,NA,NA,cambio_usd,29,-0.08819064283894353,-0.12632023195871472,0.0010726477806270727,-0.18406132193205552,0.043634284026970886,FALSE,FALSE
IRF,NA,NA,NA,NA,NA,NA,NA,NA,NA,NA,NA,z_jk_bs_norisk_cds,NA,NA,NA,NA,NA,NA,NA,NA,NA,NA,NA,NA,NA,NA,NA,cambio_usd,30,-0.08371809887032174,-0.12384353798842222,0.003149759224523617,-0.17965373474272447,0.04024750875323326,FALSE,FALSE
IRF,NA,NA,NA,NA,NA,NA,NA,NA,NA,NA,NA,z_jk_bs_norisk_cds,NA,NA,NA,NA,NA,NA,NA,NA,NA,NA,NA,NA,NA,NA,NA,cambio_usd,31,-0.07881596880476895,-0.12218208643752484,0.00577334110716604,-0.1808261627277849,0.043820064460540244,FALSE,FALSE
IRF,NA,NA,NA,NA,NA,NA,NA,NA,NA,NA,NA,z_jk_bs_norisk_cds,NA,NA,NA,NA,NA,NA,NA,NA,NA,NA,NA,NA,NA,NA,NA,cambio_usd,32,-0.0735155848212884,-0.11794587647436136,0.00641534537547831,-0.17962845849474635,0.04614520799728278,FALSE,FALSE
IRF,NA,NA,NA,NA,NA,NA,NA,NA,NA,NA,NA,z_jk_bs_norisk_cds,NA,NA,NA,NA,NA,NA,NA,NA,NA,NA,NA,NA,NA,NA,NA,cambio_usd,33,-0.06792030082164904,-0.1137524109623457,0.01129861348664247,-0.17614908484400077,0.05210908861314204,FALSE,FALSE
IRF,NA,NA,NA,NA,NA,NA,NA,NA,NA,NA,NA,z_jk_bs_norisk_cds,NA,NA,NA,NA,NA,NA,NA,NA,NA,NA,NA,NA,NA,NA,NA,cambio_usd,34,-0.06209901181774472,-0.10984910089275074,0.014817115219057198,-0.16815392892168274,0.05513261738471711,FALSE,FALSE
IRF,NA,NA,NA,NA,NA,NA,NA,NA,NA,NA,NA,z_jk_bs_norisk_cds,NA,NA,NA,NA,NA,NA,NA,NA,NA,NA,NA,NA,NA,NA,NA,cambio_usd,35,-0.05609634616081456,-0.10211454712030227,0.018283656286559074,-0.16669255973513086,0.05740593220629515,FALSE,FALSE
IRF,NA,NA,NA,NA,NA,NA,NA,NA,NA,NA,NA,z_jk_bs_norisk_cds,NA,NA,NA,NA,NA,NA,NA,NA,NA,NA,NA,NA,NA,NA,NA,cambio_usd,36,-0.04995920255043095,-0.09768871831494363,0.022350477732637226,-0.15918348586620265,0.06185600114177132,FALSE,FALSE
IRF,NA,NA,NA,NA,NA,NA,NA,NA,NA,NA,NA,z_jk_bs_norisk_cds,NA,NA,NA,NA,NA,NA,NA,NA,NA,NA,NA,NA,NA,NA,NA,cambio_usd,37,-0.04375331694044385,-0.09254354820284241,0.027090830240272493,-0.15042807573181416,0.06812207865205497,FALSE,FALSE
IRF,NA,NA,NA,NA,NA,NA,NA,NA,NA,NA,NA,z_jk_bs_norisk_cds,NA,NA,NA,NA,NA,NA,NA,NA,NA,NA,NA,NA,NA,NA,NA,cambio_usd,38,-0.03755345643720721,-0.08787437723913881,0.030225707635864588,-0.1443169637926948,0.07576469100164385,FALSE,FALSE
IRF,NA,NA,NA,NA,NA,NA,NA,NA,NA,NA,NA,z_jk_bs_norisk_cds,NA,NA,NA,NA,NA,NA,NA,NA,NA,NA,NA,NA,NA,NA,NA,cambio_usd,39,-0.031409083544849656,-0.0839541229928225,0.03266596999897609,-0.13960262216104666,0.08320602070955548,FALSE,FALSE
IRF,NA,NA,NA,NA,NA,NA,NA,NA,NA,NA,NA,z_jk_bs_norisk_cds,NA,NA,NA,NA,NA,NA,NA,NA,NA,NA,NA,NA,NA,NA,NA,cambio_usd,40,-0.025371548504892427,-0.07921474662123151,0.03689287735793968,-0.1362169190443374,0.09243609561105692,FALSE,FALSE
IRF,NA,NA,NA,NA,NA,NA,NA,NA,NA,NA,NA,z_jk_bs_norisk_cds,NA,NA,NA,NA,NA,NA,NA,NA,NA,NA,NA,NA,NA,NA,NA,cambio_usd,41,-0.019492274415914047,-0.07417317244838897,0.04190364350671322,-0.13201382286969535,0.1012315483518799,FALSE,FALSE
IRF,NA,NA,NA,NA,NA,NA,NA,NA,NA,NA,NA,z_jk_bs_norisk_cds,NA,NA,NA,NA,NA,NA,NA,NA,NA,NA,NA,NA,NA,NA,NA,cambio_usd,42,-0.013810086870943242,-0.06955205914776313,0.04505319002731076,-0.12627346591326005,0.10253843731565256,FALSE,FALSE
IRF,NA,NA,NA,NA,NA,NA,NA,NA,NA,NA,NA,z_jk_bs_norisk_cds,NA,NA,NA,NA,NA,NA,NA,NA,NA,NA,NA,NA,NA,NA,NA,cambio_usd,43,-0.008367820554689709,-0.06633954051956722,0.05028814268038674,-0.12235895407086936,0.1047215655709556,FALSE,FALSE
IRF,NA,NA,NA,NA,NA,NA,NA,NA,NA,NA,NA,z_jk_bs_norisk_cds,NA,NA,NA,NA,NA,NA,NA,NA,NA,NA,NA,NA,NA,NA,NA,cambio_usd,44,-0.0032039651860155784,-0.062079678860460036,0.05459657420674182,-0.11714706150642344,0.10843417195035945,FALSE,FALSE
IRF,NA,NA,NA,NA,NA,NA,NA,NA,NA,NA,NA,z_jk_bs_norisk_cds,NA,NA,NA,NA,NA,NA,NA,NA,NA,NA,NA,NA,NA,NA,NA,cambio_usd,45,0.001651731884017519,-0.05980131904748004,0.058182900216314615,-0.11250444738669454,0.11144520700640102,FALSE,FALSE
IRF,NA,NA,NA,NA,NA,NA,NA,NA,NA,NA,NA,z_jk_bs_norisk_cds,NA,NA,NA,NA,NA,NA,NA,NA,NA,NA,NA,NA,NA,NA,NA,cambio_usd,46,0.006174075491879123,-0.057521554282445944,0.06453281569246808,-0.10425726176395816,0.12140245049629152,FALSE,FALSE
IRF,NA,NA,NA,NA,NA,NA,NA,NA,NA,NA,NA,z_jk_bs_norisk_cds,NA,NA,NA,NA,NA,NA,NA,NA,NA,NA,NA,NA,NA,NA,NA,cambio_usd,47,0.0103435465398491,-0.055392395234126444,0.06786040354542268,-0.09877635341712804,0.12388723228340492,FALSE,FALSE
IRF,NA,NA,NA,NA,NA,NA,NA,NA,NA,NA,NA,z_jk_bs_norisk_cds,NA,NA,NA,NA,NA,NA,NA,NA,NA,NA,NA,NA,NA,NA,NA,cambio_usd,48,0.014143608572361282,-0.053062368171832505,0.07298600073288256,-0.09231067375133395,0.12448117471638445,FALSE,FALSE
IRF,NA,NA,NA,NA,NA,NA,NA,NA,NA,NA,NA,z_jk_bs_norisk_cds,NA,NA,NA,NA,NA,NA,NA,NA,NA,NA,NA,NA,NA,NA,NA,embi_perc,0,0.23257797408232236,0.18694024841766643,0.3503865509565618,0.15081684173454715,0.4234094754025402,TRUE,TRUE
IRF,NA,NA,NA,NA,NA,NA,NA,NA,NA,NA,NA,z_jk_bs_norisk_cds,NA,NA,NA,NA,NA,NA,NA,NA,NA,NA,NA,NA,NA,NA,NA,embi_perc,1,0.23698094908707926,0.1763458584004194,0.35965989014898647,0.12450207833291849,0.44119986285966084,TRUE,TRUE
IRF,NA,NA,NA,NA,NA,NA,NA,NA,NA,NA,NA,z_jk_bs_norisk_cds,NA,NA,NA,NA,NA,NA,NA,NA,NA,NA,NA,NA,NA,NA,NA,embi_perc,2,0.1728219065796856,0.10223299221872796,0.2937264116062933,0.0523044867180459,0.38117166597500485,TRUE,TRUE
IRF,NA,NA,NA,NA,NA,NA,NA,NA,NA,NA,NA,z_jk_bs_norisk_cds,NA,NA,NA,NA,NA,NA,NA,NA,NA,NA,NA,NA,NA,NA,NA,embi_perc,3,0.2525211642273656,0.1586790247126038,0.3622843158163231,0.10389661606381388,0.4521432548232529,TRUE,TRUE
IRF,NA,NA,NA,NA,NA,NA,NA,NA,NA,NA,NA,z_jk_bs_norisk_cds,NA,NA,NA,NA,NA,NA,NA,NA,NA,NA,NA,NA,NA,NA,NA,embi_perc,4,0.24680224029846526,0.1332399831146558,0.34077810216662113,0.08472284102687475,0.42949806046689987,TRUE,TRUE
IRF,NA,NA,NA,NA,NA,NA,NA,NA,NA,NA,NA,z_jk_bs_norisk_cds,NA,NA,NA,NA,NA,NA,NA,NA,NA,NA,NA,NA,NA,NA,NA,embi_perc,5,0.2263855750205745,0.11329933499343085,0.31520113278267964,0.048459505535876884,0.3933975103232201,TRUE,TRUE
IRF,NA,NA,NA,NA,NA,NA,NA,NA,NA,NA,NA,z_jk_bs_norisk_cds,NA,NA,NA,NA,NA,NA,NA,NA,NA,NA,NA,NA,NA,NA,NA,embi_perc,6,0.21467584517948438,0.10520962845762605,0.3167594035434746,0.04708031697779763,0.3934810060410964,TRUE,TRUE
IRF,NA,NA,NA,NA,NA,NA,NA,NA,NA,NA,NA,z_jk_bs_norisk_cds,NA,NA,NA,NA,NA,NA,NA,NA,NA,NA,NA,NA,NA,NA,NA,embi_perc,7,0.17845658717400487,0.07414149708279393,0.2878901335226553,0.010174047037655046,0.35366139959851833,TRUE,TRUE
IRF,NA,NA,NA,NA,NA,NA,NA,NA,NA,NA,NA,z_jk_bs_norisk_cds,NA,NA,NA,NA,NA,NA,NA,NA,NA,NA,NA,NA,NA,NA,NA,embi_perc,8,0.15167337927887195,0.04650079707174063,0.2623794062680068,-0.02632116789178971,0.33014977128259004,TRUE,FALSE
IRF,NA,NA,NA,NA,NA,NA,NA,NA,NA,NA,NA,z_jk_bs_norisk_cds,NA,NA,NA,NA,NA,NA,NA,NA,NA,NA,NA,NA,NA,NA,NA,embi_perc,9,0.12396888888296508,0.027058779179761405,0.23583241004980854,-0.04562830718674638,0.3122743847787256,TRUE,FALSE
IRF,NA,NA,NA,NA,NA,NA,NA,NA,NA,NA,NA,z_jk_bs_norisk_cds,NA,NA,NA,NA,NA,NA,NA,NA,NA,NA,NA,NA,NA,NA,NA,embi_perc,10,0.09505649240695668,0.007599279025414789,0.2126027352690924,-0.06680133949767043,0.2919782399159958,TRUE,FALSE
IRF,NA,NA,NA,NA,NA,NA,NA,NA,NA,NA,NA,z_jk_bs_norisk_cds,NA,NA,NA,NA,NA,NA,NA,NA,NA,NA,NA,NA,NA,NA,NA,embi_perc,11,0.07420089396527751,-0.0062471874486233455,0.1967008772063201,-0.08069270769285643,0.27881438773545036,FALSE,FALSE
IRF,NA,NA,NA,NA,NA,NA,NA,NA,NA,NA,NA,z_jk_bs_norisk_cds,NA,NA,NA,NA,NA,NA,NA,NA,NA,NA,NA,NA,NA,NA,NA,embi_perc,12,0.04175617845171223,-0.027691153714448438,0.1731287822414376,-0.0955531180993179,0.264997143415943,FALSE,FALSE
IRF,NA,NA,NA,NA,NA,NA,NA,NA,NA,NA,NA,z_jk_bs_norisk_cds,NA,NA,NA,NA,NA,NA,NA,NA,NA,NA,NA,NA,NA,NA,NA,embi_perc,13,0.018026683972596505,-0.04232914725864706,0.1569991932514004,-0.10983173860508179,0.2422563305815763,FALSE,FALSE
IRF,NA,NA,NA,NA,NA,NA,NA,NA,NA,NA,NA,z_jk_bs_norisk_cds,NA,NA,NA,NA,NA,NA,NA,NA,NA,NA,NA,NA,NA,NA,NA,embi_perc,14,5.380505914529577e-4,-0.05438677651009718,0.14364074521694772,-0.12186586560284621,0.22459083369205535,FALSE,FALSE
IRF,NA,NA,NA,NA,NA,NA,NA,NA,NA,NA,NA,z_jk_bs_norisk_cds,NA,NA,NA,NA,NA,NA,NA,NA,NA,NA,NA,NA,NA,NA,NA,embi_perc,15,-0.016841011266865723,-0.06509966634515674,0.13221674793205815,-0.13576762794125355,0.2043144281620505,FALSE,FALSE
IRF,NA,NA,NA,NA,NA,NA,NA,NA,NA,NA,NA,z_jk_bs_norisk_cds,NA,NA,NA,NA,NA,NA,NA,NA,NA,NA,NA,NA,NA,NA,NA,embi_perc,16,-0.02952038315326177,-0.07350066130318608,0.12835975854781445,-0.14513173718851274,0.1998823190258004,FALSE,FALSE
IRF,NA,NA,NA,NA,NA,NA,NA,NA,NA,NA,NA,z_jk_bs_norisk_cds,NA,NA,NA,NA,NA,NA,NA,NA,NA,NA,NA,NA,NA,NA,NA,embi_perc,17,-0.04394739836654999,-0.08971613240389414,0.11143507392359579,-0.1556772084773575,0.18495556551397616,FALSE,FALSE
IRF,NA,NA,NA,NA,NA,NA,NA,NA,NA,NA,NA,z_jk_bs_norisk_cds,NA,NA,NA,NA,NA,NA,NA,NA,NA,NA,NA,NA,NA,NA,NA,embi_perc,18,-0.05573805138470173,-0.09722049058964734,0.10122186633216476,-0.17295358568981772,0.1755427271048838,FALSE,FALSE
IRF,NA,NA,NA,NA,NA,NA,NA,NA,NA,NA,NA,z_jk_bs_norisk_cds,NA,NA,NA,NA,NA,NA,NA,NA,NA,NA,NA,NA,NA,NA,NA,embi_perc,19,-0.06472051751138282,-0.10439290036083726,0.09275465305166251,-0.1889072244350163,0.16324527400359354,FALSE,FALSE
IRF,NA,NA,NA,NA,NA,NA,NA,NA,NA,NA,NA,z_jk_bs_norisk_cds,NA,NA,NA,NA,NA,NA,NA,NA,NA,NA,NA,NA,NA,NA,NA,embi_perc,20,-0.0737229157353506,-0.11428387616275339,0.07886581546183041,-0.195786089151119,0.15155071577890683,FALSE,FALSE
IRF,NA,NA,NA,NA,NA,NA,NA,NA,NA,NA,NA,z_jk_bs_norisk_cds,NA,NA,NA,NA,NA,NA,NA,NA,NA,NA,NA,NA,NA,NA,NA,embi_perc,21,-0.08027376212246204,-0.12081021407344683,0.06893973179475925,-0.20413083339353136,0.14447341914309805,FALSE,FALSE
IRF,NA,NA,NA,NA,NA,NA,NA,NA,NA,NA,NA,z_jk_bs_norisk_cds,NA,NA,NA,NA,NA,NA,NA,NA,NA,NA,NA,NA,NA,NA,NA,embi_perc,22,-0.08633953434689982,-0.13109592704409753,0.062367652675611056,-0.20779639942629977,0.1355016231950457,FALSE,FALSE
IRF,NA,NA,NA,NA,NA,NA,NA,NA,NA,NA,NA,z_jk_bs_norisk_cds,NA,NA,NA,NA,NA,NA,NA,NA,NA,NA,NA,NA,NA,NA,NA,embi_perc,23,-0.09213281264404538,-0.1380751040283139,0.0537457062865289,-0.21305083193027544,0.12605883126158657,FALSE,FALSE
IRF,NA,NA,NA,NA,NA,NA,NA,NA,NA,NA,NA,z_jk_bs_norisk_cds,NA,NA,NA,NA,NA,NA,NA,NA,NA,NA,NA,NA,NA,NA,NA,embi_perc,24,-0.09663331375688017,-0.14170649147457753,0.046543611884529115,-0.22363296076058567,0.12144405435913302,FALSE,FALSE
IRF,NA,NA,NA,NA,NA,NA,NA,NA,NA,NA,NA,z_jk_bs_norisk_cds,NA,NA,NA,NA,NA,NA,NA,NA,NA,NA,NA,NA,NA,NA,NA,embi_perc,25,-0.10025649035617976,-0.14523090755741577,0.041656960454961,-0.23255060305942818,0.11529662526918977,FALSE,FALSE
IRF,NA,NA,NA,NA,NA,NA,NA,NA,NA,NA,NA,z_jk_bs_norisk_cds,NA,NA,NA,NA,NA,NA,NA,NA,NA,NA,NA,NA,NA,NA,NA,embi_perc,26,-0.10283754219380913,-0.14981278339596416,0.033175914411766524,-0.23947854063342702,0.11115030972266346,FALSE,FALSE
IRF,NA,NA,NA,NA,NA,NA,NA,NA,NA,NA,NA,z_jk_bs_norisk_cds,NA,NA,NA,NA,NA,NA,NA,NA,NA,NA,NA,NA,NA,NA,NA,embi_perc,27,-0.10476827860710188,-0.1507310247379973,0.027170241418608018,-0.23553487609928114,0.10699199564861178,FALSE,FALSE
IRF,NA,NA,NA,NA,NA,NA,NA,NA,NA,NA,NA,z_jk_bs_norisk_cds,NA,NA,NA,NA,NA,NA,NA,NA,NA,NA,NA,NA,NA,NA,NA,embi_perc,28,-0.10602485996397416,-0.15507437958955647,0.02016865525070415,-0.23929372354958087,0.09940220670419007,FALSE,FALSE
IRF,NA,NA,NA,NA,NA,NA,NA,NA,NA,NA,NA,z_jk_bs_norisk_cds,NA,NA,NA,NA,NA,NA,NA,NA,NA,NA,NA,NA,NA,NA,NA,embi_perc,29,-0.10635382968592168,-0.1587778081287065,0.016941293869081192,-0.23630068207458244,0.0928556565675981,FALSE,FALSE
IRF,NA,NA,NA,NA,NA,NA,NA,NA,NA,NA,NA,z_jk_bs_norisk_cds,NA,NA,NA,NA,NA,NA,NA,NA,NA,NA,NA,NA,NA,NA,NA,embi_perc,30,-0.10600327562402435,-0.1615990560162823,0.012940195859934491,-0.23488136564273715,0.09199183956663318,FALSE,FALSE
IRF,NA,NA,NA,NA,NA,NA,NA,NA,NA,NA,NA,z_jk_bs_norisk_cds,NA,NA,NA,NA,NA,NA,NA,NA,NA,NA,NA,NA,NA,NA,NA,embi_perc,31,-0.10484966317117934,-0.1637381828238635,0.011862773989220452,-0.2352526725326558,0.08427672628099217,FALSE,FALSE
IRF,NA,NA,NA,NA,NA,NA,NA,NA,NA,NA,NA,z_jk_bs_norisk_cds,NA,NA,NA,NA,NA,NA,NA,NA,NA,NA,NA,NA,NA,NA,NA,embi_perc,32,-0.10296499822112475,-0.16340491705643376,0.009646685095771322,-0.22988925047997671,0.07881958316765247,FALSE,FALSE
IRF,NA,NA,NA,NA,NA,NA,NA,NA,NA,NA,NA,z_jk_bs_norisk_cds,NA,NA,NA,NA,NA,NA,NA,NA,NA,NA,NA,NA,NA,NA,NA,embi_perc,33,-0.10050088444946892,-0.16102436990171265,0.008497415316731616,-0.23136462624081822,0.07351134180401375,FALSE,FALSE
IRF,NA,NA,NA,NA,NA,NA,NA,NA,NA,NA,NA,z_jk_bs_norisk_cds,NA,NA,NA,NA,NA,NA,NA,NA,NA,NA,NA,NA,NA,NA,NA,embi_perc,34,-0.09741986891709756,-0.15578092483946282,0.008152745256188549,-0.23256014196666197,0.06956580935544507,FALSE,FALSE
IRF,NA,NA,NA,NA,NA,NA,NA,NA,NA,NA,NA,z_jk_bs_norisk_cds,NA,NA,NA,NA,NA,NA,NA,NA,NA,NA,NA,NA,NA,NA,NA,embi_perc,35,-0.09380577549536255,-0.15320999059531432,0.008053014250526774,-0.23705651928989407,0.06609692655899391,FALSE,FALSE
IRF,NA,NA,NA,NA,NA,NA,NA,NA,NA,NA,NA,z_jk_bs_norisk_cds,NA,NA,NA,NA,NA,NA,NA,NA,NA,NA,NA,NA,NA,NA,NA,embi_perc,36,-0.08968549382596967,-0.1524820545929637,0.00826168080894077,-0.2403669255582603,0.06032968658477203,FALSE,FALSE
IRF,NA,NA,NA,NA,NA,NA,NA,NA,NA,NA,NA,z_jk_bs_norisk_cds,NA,NA,NA,NA,NA,NA,NA,NA,NA,NA,NA,NA,NA,NA,NA,embi_perc,37,-0.0851197222529767,-0.14782546236389268,0.009829644720928475,-0.2369565788377511,0.058143117650555756,FALSE,FALSE
IRF,NA,NA,NA,NA,NA,NA,NA,NA,NA,NA,NA,z_jk_bs_norisk_cds,NA,NA,NA,NA,NA,NA,NA,NA,NA,NA,NA,NA,NA,NA,NA,embi_perc,38,-0.08021723780866902,-0.14560368557611927,0.010874123738529185,-0.22694037252683436,0.05836601010168201,FALSE,FALSE
IRF,NA,NA,NA,NA,NA,NA,NA,NA,NA,NA,NA,z_jk_bs_norisk_cds,NA,NA,NA,NA,NA,NA,NA,NA,NA,NA,NA,NA,NA,NA,NA,embi_perc,39,-0.07501262517263549,-0.14357904126378845,0.015557658662922318,-0.22701630282824742,0.06271815490186058,FALSE,FALSE
IRF,NA,NA,NA,NA,NA,NA,NA,NA,NA,NA,NA,z_jk_bs_norisk_cds,NA,NA,NA,NA,NA,NA,NA,NA,NA,NA,NA,NA,NA,NA,NA,embi_perc,40,-0.06957020623197335,-0.13992265300595536,0.01918709100812806,-0.2269504548603306,0.0631840862767921,FALSE,FALSE
IRF,NA,NA,NA,NA,NA,NA,NA,NA,NA,NA,NA,z_jk_bs_norisk_cds,NA,NA,NA,NA,NA,NA,NA,NA,NA,NA,NA,NA,NA,NA,NA,embi_perc,41,-0.06395394574730018,-0.13261302883530707,0.020344098339364156,-0.21905368733663236,0.06688701317204496,FALSE,FALSE
IRF,NA,NA,NA,NA,NA,NA,NA,NA,NA,NA,NA,z_jk_bs_norisk_cds,NA,NA,NA,NA,NA,NA,NA,NA,NA,NA,NA,NA,NA,NA,NA,embi_perc,42,-0.05821600613769944,-0.12831746339207833,0.02298522032712381,-0.2138544295801618,0.07384355202605496,FALSE,FALSE
IRF,NA,NA,NA,NA,NA,NA,NA,NA,NA,NA,NA,z_jk_bs_norisk_cds,NA,NA,NA,NA,NA,NA,NA,NA,NA,NA,NA,NA,NA,NA,NA,embi_perc,43,-0.05242186259180343,-0.1253601048305194,0.027390125941943684,-0.20813836736686428,0.08226369511741145,FALSE,FALSE
IRF,NA,NA,NA,NA,NA,NA,NA,NA,NA,NA,NA,z_jk_bs_norisk_cds,NA,NA,NA,NA,NA,NA,NA,NA,NA,NA,NA,NA,NA,NA,NA,embi_perc,44,-0.04662352392230617,-0.12306154729032683,0.031100447480429907,-0.20208850503217882,0.08692057298921983,FALSE,FALSE
IRF,NA,NA,NA,NA,NA,NA,NA,NA,NA,NA,NA,z_jk_bs_norisk_cds,NA,NA,NA,NA,NA,NA,NA,NA,NA,NA,NA,NA,NA,NA,NA,embi_perc,45,-0.04087281720104094,-0.12119775999717308,0.03363935123009623,-0.19788392385102124,0.09371518420565025,FALSE,FALSE
IRF,NA,NA,NA,NA,NA,NA,NA,NA,NA,NA,NA,z_jk_bs_norisk_cds,NA,NA,NA,NA,NA,NA,NA,NA,NA,NA,NA,NA,NA,NA,NA,embi_perc,46,-0.0352149603967875,-0.11252756665019252,0.036080196025233185,-0.19449698969137988,0.09611757966606999,FALSE,FALSE
IRF,NA,NA,NA,NA,NA,NA,NA,NA,NA,NA,NA,z_jk_bs_norisk_cds,NA,NA,NA,NA,NA,NA,NA,NA,NA,NA,NA,NA,NA,NA,NA,embi_perc,47,-0.029688695306407872,-0.10850456280314213,0.039995689178604105,-0.18973849850042193,0.10427113789786065,FALSE,FALSE
IRF,NA,NA,NA,NA,NA,NA,NA,NA,NA,NA,NA,z_jk_bs_norisk_cds,NA,NA,NA,NA,NA,NA,NA,NA,NA,NA,NA,NA,NA,NA,NA,embi_perc,48,-0.0243366049724499,-0.10233776851497353,0.043112078659606284,-0.18520115755191735,0.1073242206365181,FALSE,FALSE
IRF,NA,NA,NA,NA,NA,NA,NA,NA,NA,NA,NA,z_jk_bs_norisk_cds,NA,NA,NA,NA,NA,NA,NA,NA,NA,NA,NA,NA,NA,NA,NA,cds_5y,0,29.70196754890335,24.22609414698532,41.18776097315793,20.314379816965456,48.23827264839101,TRUE,TRUE
IRF,NA,NA,NA,NA,NA,NA,NA,NA,NA,NA,NA,z_jk_bs_norisk_cds,NA,NA,NA,NA,NA,NA,NA,NA,NA,NA,NA,NA,NA,NA,NA,cds_5y,1,30.968586092834247,23.414896197097264,44.47396229674224,17.819191288010245,52.33476409766154,TRUE,TRUE
IRF,NA,NA,NA,NA,NA,NA,NA,NA,NA,NA,NA,z_jk_bs_norisk_cds,NA,NA,NA,NA,NA,NA,NA,NA,NA,NA,NA,NA,NA,NA,NA,cds_5y,2,25.095805333031365,16.460212940358204,38.147151273567424,10.341498547421708,47.27297268126768,TRUE,TRUE
IRF,NA,NA,NA,NA,NA,NA,NA,NA,NA,NA,NA,z_jk_bs_norisk_cds,NA,NA,NA,NA,NA,NA,NA,NA,NA,NA,NA,NA,NA,NA,NA,cds_5y,3,33.54562718775105,22.188250969587862,45.30675567006348,15.57220471342859,55.29528715234021,TRUE,TRUE
IRF,NA,NA,NA,NA,NA,NA,NA,NA,NA,NA,NA,z_jk_bs_norisk_cds,NA,NA,NA,NA,NA,NA,NA,NA,NA,NA,NA,NA,NA,NA,NA,cds_5y,4,32.28721991771822,18.396653052619143,42.000009280289866,12.461247361081666,51.827326196953045,TRUE,TRUE
IRF,NA,NA,NA,NA,NA,NA,NA,NA,NA,NA,NA,z_jk_bs_norisk_cds,NA,NA,NA,NA,NA,NA,NA,NA,NA,NA,NA,NA,NA,NA,NA,cds_5y,5,29.205092211810403,15.330570350017766,38.933856320115005,8.111146568052963,47.46487266279729,TRUE,TRUE
IRF,NA,NA,NA,NA,NA,NA,NA,NA,NA,NA,NA,z_jk_bs_norisk_cds,NA,NA,NA,NA,NA,NA,NA,NA,NA,NA,NA,NA,NA,NA,NA,cds_5y,6,27.94770095100281,15.01275101881767,39.038037573226724,7.352955728284803,47.644071465420865,TRUE,TRUE
IRF,NA,NA,NA,NA,NA,NA,NA,NA,NA,NA,NA,z_jk_bs_norisk_cds,NA,NA,NA,NA,NA,NA,NA,NA,NA,NA,NA,NA,NA,NA,NA,cds_5y,7,23.488091458966746,11.192071971962706,35.688286495562316,3.1832859294436124,43.67575371908546,TRUE,TRUE
IRF,NA,NA,NA,NA,NA,NA,NA,NA,NA,NA,NA,z_jk_bs_norisk_cds,NA,NA,NA,NA,NA,NA,NA,NA,NA,NA,NA,NA,NA,NA,NA,cds_5y,8,20.08306085666161,8.195196286268242,32.88728722317539,-1.1415363380611743,41.058715435894655,TRUE,FALSE
IRF,NA,NA,NA,NA,NA,NA,NA,NA,NA,NA,NA,z_jk_bs_norisk_cds,NA,NA,NA,NA,NA,NA,NA,NA,NA,NA,NA,NA,NA,NA,NA,cds_5y,9,16.888168478660134,6.073248352394427,30.07129917645067,-3.159049334218473,39.25303700288775,TRUE,FALSE
IRF,NA,NA,NA,NA,NA,NA,NA,NA,NA,NA,NA,z_jk_bs_norisk_cds,NA,NA,NA,NA,NA,NA,NA,NA,NA,NA,NA,NA,NA,NA,NA,cds_5y,10,13.279232677362383,2.945482718450749,27.548270173635927,-4.783695270623941,36.92923329357688,TRUE,FALSE
IRF,NA,NA,NA,NA,NA,NA,NA,NA,NA,NA,NA,z_jk_bs_norisk_cds,NA,NA,NA,NA,NA,NA,NA,NA,NA,NA,NA,NA,NA,NA,NA,cds_5y,11,10.570935344457673,1.6500243734314142,25.599463364116644,-6.940993872854804,35.859836912814345,TRUE,FALSE
IRF,NA,NA,NA,NA,NA,NA,NA,NA,NA,NA,NA,z_jk_bs_norisk_cds,NA,NA,NA,NA,NA,NA,NA,NA,NA,NA,NA,NA,NA,NA,NA,cds_5y,12,6.717078837046907,-0.7688310484583065,22.68654661849316,-8.551794545606304,32.89737893936283,FALSE,FALSE
IRF,NA,NA,NA,NA,NA,NA,NA,NA,NA,NA,NA,z_jk_bs_norisk_cds,NA,NA,NA,NA,NA,NA,NA,NA,NA,NA,NA,NA,NA,NA,NA,cds_5y,13,3.6421068660810403,-3.169476131102892,20.782811807720357,-10.538195788922629,31.11070770269403,FALSE,FALSE
IRF,NA,NA,NA,NA,NA,NA,NA,NA,NA,NA,NA,z_jk_bs_norisk_cds,NA,NA,NA,NA,NA,NA,NA,NA,NA,NA,NA,NA,NA,NA,NA,cds_5y,14,1.389705700835177,-5.2510185895764305,19.28324215257658,-12.476782445492164,29.43415619376824,FALSE,FALSE
IRF,NA,NA,NA,NA,NA,NA,NA,NA,NA,NA,NA,z_jk_bs_norisk_cds,NA,NA,NA,NA,NA,NA,NA,NA,NA,NA,NA,NA,NA,NA,NA,cds_5y,15,-0.7924158801538473,-6.671640345554663,17.700758590854893,-13.945190226961426,27.86440054783455,FALSE,FALSE
IRF,NA,NA,NA,NA,NA,NA,NA,NA,NA,NA,NA,z_jk_bs_norisk_cds,NA,NA,NA,NA,NA,NA,NA,NA,NA,NA,NA,NA,NA,NA,NA,cds_5y,16,-2.5047205564015425,-7.84462883373736,17.233864215409557,-16.035167873659802,26.819764055793367,FALSE,FALSE
IRF,NA,NA,NA,NA,NA,NA,NA,NA,NA,NA,NA,z_jk_bs_norisk_cds,NA,NA,NA,NA,NA,NA,NA,NA,NA,NA,NA,NA,NA,NA,NA,cds_5y,17,-4.369461400658161,-9.197336644154346,15.846999365262516,-17.950505759871813,24.814956568783742,FALSE,FALSE
IRF,NA,NA,NA,NA,NA,NA,NA,NA,NA,NA,NA,z_jk_bs_norisk_cds,NA,NA,NA,NA,NA,NA,NA,NA,NA,NA,NA,NA,NA,NA,NA,cds_5y,18,-5.9365403475249,-10.319432567712406,14.076102885974336,-19.737880694254933,23.504749680260062,FALSE,FALSE
IRF,NA,NA,NA,NA,NA,NA,NA,NA,NA,NA,NA,z_jk_bs_norisk_cds,NA,NA,NA,NA,NA,NA,NA,NA,NA,NA,NA,NA,NA,NA,NA,cds_5y,19,-7.206140224719012,-11.555489244511545,12.920456229999834,-20.847603969011917,22.137736435317546,FALSE,FALSE
IRF,NA,NA,NA,NA,NA,NA,NA,NA,NA,NA,NA,z_jk_bs_norisk_cds,NA,NA,NA,NA,NA,NA,NA,NA,NA,NA,NA,NA,NA,NA,NA,cds_5y,20,-8.451407621846036,-12.65000484363959,11.426265846257174,-22.56366942147893,20.76511742166428,FALSE,FALSE
IRF,NA,NA,NA,NA,NA,NA,NA,NA,NA,NA,NA,z_jk_bs_norisk_cds,NA,NA,NA,NA,NA,NA,NA,NA,NA,NA,NA,NA,NA,NA,NA,cds_5y,21,-9.411090158679652,-13.514526670331772,10.268747193965932,-23.342836009122273,19.117693601920088,FALSE,FALSE
IRF,NA,NA,NA,NA,NA,NA,NA,NA,NA,NA,NA,z_jk_bs_norisk_cds,NA,NA,NA,NA,NA,NA,NA,NA,NA,NA,NA,NA,NA,NA,NA,cds_5y,22,-10.311947974285342,-14.334515143322657,9.334904780912218,-24.792181398937277,18.442604014967326,FALSE,FALSE
IRF,NA,NA,NA,NA,NA,NA,NA,NA,NA,NA,NA,z_jk_bs_norisk_cds,NA,NA,NA,NA,NA,NA,NA,NA,NA,NA,NA,NA,NA,NA,NA,cds_5y,23,-11.183796288948516,-15.373880272909862,8.27575479119803,-25.80272548594436,17.707244482690726,FALSE,FALSE
IRF,NA,NA,NA,NA,NA,NA,NA,NA,NA,NA,NA,z_jk_bs_norisk_cds,NA,NA,NA,NA,NA,NA,NA,NA,NA,NA,NA,NA,NA,NA,NA,cds_5y,24,-11.898819619553583,-16.229437062934284,7.783249108842135,-26.4178822336571,16.256557482537335,FALSE,FALSE
IRF,NA,NA,NA,NA,NA,NA,NA,NA,NA,NA,NA,z_jk_bs_norisk_cds,NA,NA,NA,NA,NA,NA,NA,NA,NA,NA,NA,NA,NA,NA,NA,cds_5y,25,-12.507057184322067,-17.171294678359423,6.445702350825432,-27.834795972313852,15.101829657196413,FALSE,FALSE
IRF,NA,NA,NA,NA,NA,NA,NA,NA,NA,NA,NA,z_jk_bs_norisk_cds,NA,NA,NA,NA,NA,NA,NA,NA,NA,NA,NA,NA,NA,NA,NA,cds_5y,26,-12.990714202463336,-17.76492633002308,5.539324329064025,-28.893760949596548,14.33558483309157,FALSE,FALSE
IRF,NA,NA,NA,NA,NA,NA,NA,NA,NA,NA,NA,z_jk_bs_norisk_cds,NA,NA,NA,NA,NA,NA,NA,NA,NA,NA,NA,NA,NA,NA,NA,cds_5y,27,-13.38505328361045,-18.18796074015412,4.600605032645738,-29.511636888140615,13.794124502691345,FALSE,FALSE
IRF,NA,NA,NA,NA,NA,NA,NA,NA,NA,NA,NA,z_jk_bs_norisk_cds,NA,NA,NA,NA,NA,NA,NA,NA,NA,NA,NA,NA,NA,NA,NA,cds_5y,28,-13.693703396539334,-18.791951797392628,3.5205094199723055,-29.343345083131496,13.08037566771897,FALSE,FALSE
IRF,NA,NA,NA,NA,NA,NA,NA,NA,NA,NA,NA,z_jk_bs_norisk_cds,NA,NA,NA,NA,NA,NA,NA,NA,NA,NA,NA,NA,NA,NA,NA,cds_5y,29,-13.886848882875066,-19.20982974149577,2.6584045828272007,-29.808182879463885,12.86644580445656,FALSE,FALSE
IRF,NA,NA,NA,NA,NA,NA,NA,NA,NA,NA,NA,z_jk_bs_norisk_cds,NA,NA,NA,NA,NA,NA,NA,NA,NA,NA,NA,NA,NA,NA,NA,cds_5y,30,-13.986848527242996,-19.03366685156305,2.4364037350748062,-29.54943774185404,11.802878376083036,FALSE,FALSE
IRF,NA,NA,NA,NA,NA,NA,NA,NA,NA,NA,NA,z_jk_bs_norisk_cds,NA,NA,NA,NA,NA,NA,NA,NA,NA,NA,NA,NA,NA,NA,NA,cds_5y,31,-13.982130565319437,-19.388068682578883,2.0473470231261137,-29.033056165928205,11.159553247392939,FALSE,FALSE
IRF,NA,NA,NA,NA,NA,NA,NA,NA,NA,NA,NA,z_jk_bs_norisk_cds,NA,NA,NA,NA,NA,NA,NA,NA,NA,NA,NA,NA,NA,NA,NA,cds_5y,32,-13.878304275394887,-19.220107774000454,1.6448769464952688,-28.712015035357542,10.458367020125982,FALSE,FALSE
IRF,NA,NA,NA,NA,NA,NA,NA,NA,NA,NA,NA,z_jk_bs_norisk_cds,NA,NA,NA,NA,NA,NA,NA,NA,NA,NA,NA,NA,NA,NA,NA,cds_5y,33,-13.69185072409083,-19.205633110247014,1.0523260105356842,-28.606867054403427,9.960565765118874,FALSE,FALSE
IRF,NA,NA,NA,NA,NA,NA,NA,NA,NA,NA,NA,z_jk_bs_norisk_cds,NA,NA,NA,NA,NA,NA,NA,NA,NA,NA,NA,NA,NA,NA,NA,cds_5y,34,-13.419706736821336,-19.28181108408646,1.1167104814712685,-28.873433846802353,9.089442239569713,FALSE,FALSE
IRF,NA,NA,NA,NA,NA,NA,NA,NA,NA,NA,NA,z_jk_bs_norisk_cds,NA,NA,NA,NA,NA,NA,NA,NA,NA,NA,NA,NA,NA,NA,NA,cds_5y,35,-13.070139839083714,-19.064819364784114,0.795517596787228,-29.429961675524435,8.266312994118383,FALSE,FALSE
IRF,NA,NA,NA,NA,NA,NA,NA,NA,NA,NA,NA,z_jk_bs_norisk_cds,NA,NA,NA,NA,NA,NA,NA,NA,NA,NA,NA,NA,NA,NA,NA,cds_5y,36,-12.646244139487278,-18.890982292755602,1.063592969970403,-29.02683585339846,7.745403289966589,FALSE,FALSE
IRF,NA,NA,NA,NA,NA,NA,NA,NA,NA,NA,NA,z_jk_bs_norisk_cds,NA,NA,NA,NA,NA,NA,NA,NA,NA,NA,NA,NA,NA,NA,NA,cds_5y,37,-12.15527888082859,-18.653651929043722,1.1101911520125702,-29.671270036478184,7.553812259937985,FALSE,FALSE
IRF,NA,NA,NA,NA,NA,NA,NA,NA,NA,NA,NA,z_jk_bs_norisk_cds,NA,NA,NA,NA,NA,NA,NA,NA,NA,NA,NA,NA,NA,NA,NA,cds_5y,38,-11.609813728039764,-18.34199622584528,1.195916480949303,-30.095649861329303,6.915360122931575,FALSE,FALSE
IRF,NA,NA,NA,NA,NA,NA,NA,NA,NA,NA,NA,z_jk_bs_norisk_cds,NA,NA,NA,NA,NA,NA,NA,NA,NA,NA,NA,NA,NA,NA,NA,cds_5y,39,-11.014465967461003,-17.96684648549296,1.1405466353452982,-29.32431924251697,8.087907736969102,FALSE,FALSE
IRF,NA,NA,NA,NA,NA,NA,NA,NA,NA,NA,NA,z_jk_bs_norisk_cds,NA,NA,NA,NA,NA,NA,NA,NA,NA,NA,NA,NA,NA,NA,NA,cds_5y,40,-10.3771284789196,-17.264707735492124,1.6826126138357524,-30.018100359317867,7.76262182201775,FALSE,FALSE
IRF,NA,NA,NA,NA,NA,NA,NA,NA,NA,NA,NA,z_jk_bs_norisk_cds,NA,NA,NA,NA,NA,NA,NA,NA,NA,NA,NA,NA,NA,NA,NA,cds_5y,41,-9.705883940835715,-16.942949644705923,2.176450542065359,-28.764817112309355,8.269358226932349,FALSE,FALSE
IRF,NA,NA,NA,NA,NA,NA,NA,NA,NA,NA,NA,z_jk_bs_norisk_cds,NA,NA,NA,NA,NA,NA,NA,NA,NA,NA,NA,NA,NA,NA,NA,cds_5y,42,-9.007368862350573,-16.738948825268075,2.4906343839853275,-28.784894962524223,8.7483344107305,FALSE,FALSE
IRF,NA,NA,NA,NA,NA,NA,NA,NA,NA,NA,NA,z_jk_bs_norisk_cds,NA,NA,NA,NA,NA,NA,NA,NA,NA,NA,NA,NA,NA,NA,NA,cds_5y,43,-8.289945124392837,-16.5233220782516,2.9211284049016273,-27.814888256988397,9.480727453248072,FALSE,FALSE
IRF,NA,NA,NA,NA,NA,NA,NA,NA,NA,NA,NA,z_jk_bs_norisk_cds,NA,NA,NA,NA,NA,NA,NA,NA,NA,NA,NA,NA,NA,NA,NA,cds_5y,44,-7.560655243780356,-15.9077730718146,3.1026612509775635,-26.625916124401222,9.748429022470008,FALSE,FALSE
IRF,NA,NA,NA,NA,NA,NA,NA,NA,NA,NA,NA,z_jk_bs_norisk_cds,NA,NA,NA,NA,NA,NA,NA,NA,NA,NA,NA,NA,NA,NA,NA,cds_5y,45,-6.826354427165486,-15.175780349619517,3.644538819915279,-25.49754019941657,10.684394007883451,FALSE,FALSE
IRF,NA,NA,NA,NA,NA,NA,NA,NA,NA,NA,NA,z_jk_bs_norisk_cds,NA,NA,NA,NA,NA,NA,NA,NA,NA,NA,NA,NA,NA,NA,NA,cds_5y,46,-6.093286171434203,-14.684299836946654,4.098394490416947,-24.47349463638013,10.994579672148424,FALSE,FALSE
IRF,NA,NA,NA,NA,NA,NA,NA,NA,NA,NA,NA,z_jk_bs_norisk_cds,NA,NA,NA,NA,NA,NA,NA,NA,NA,NA,NA,NA,NA,NA,NA,cds_5y,47,-5.366982636200261,-14.342376239364029,4.479039505700382,-24.371467916884217,11.750689487253409,FALSE,FALSE
IRF,NA,NA,NA,NA,NA,NA,NA,NA,NA,NA,NA,z_jk_bs_norisk_cds,NA,NA,NA,NA,NA,NA,NA,NA,NA,NA,NA,NA,NA,NA,NA,cds_5y,48,-4.653357109992583,-14.055055047482195,5.108093258501573,-23.78093096666021,12.31629841580031,FALSE,FALSE
IRF,NA,NA,NA,NA,NA,NA,NA,NA,NA,NA,NA,z_jk_bs_norisk_cds,NA,NA,NA,NA,NA,NA,NA,NA,NA,NA,NA,NA,NA,NA,NA,asset_ibov,0,-0.8055769918910274,-4.087912529570924,0.009612346964949066,-5.9252287995381785,1.3699227315940916,FALSE,FALSE
IRF,NA,NA,NA,NA,NA,NA,NA,NA,NA,NA,NA,z_jk_bs_norisk_cds,NA,NA,NA,NA,NA,NA,NA,NA,NA,NA,NA,NA,NA,NA,NA,asset_ibov,1,-1.9274718253169274,-6.473952203134139,0.1386713650336843,-9.4002913908818,2.4658133956809634,FALSE,FALSE
IRF,NA,NA,NA,NA,NA,NA,NA,NA,NA,NA,NA,z_jk_bs_norisk_cds,NA,NA,NA,NA,NA,NA,NA,NA,NA,NA,NA,NA,NA,NA,NA,asset_ibov,2,-0.8774903697979114,-6.648621753692883,2.4617670276652754,-10.729230467352464,6.026452830379046,FALSE,FALSE
IRF,NA,NA,NA,NA,NA,NA,NA,NA,NA,NA,NA,z_jk_bs_norisk_cds,NA,NA,NA,NA,NA,NA,NA,NA,NA,NA,NA,NA,NA,NA,NA,asset_ibov,3,-1.6857463451529027,-8.30961426799793,3.656065881320801,-12.78646957268564,7.679533714851941,FALSE,FALSE
IRF,NA,NA,NA,NA,NA,NA,NA,NA,NA,NA,NA,z_jk_bs_norisk_cds,NA,NA,NA,NA,NA,NA,NA,NA,NA,NA,NA,NA,NA,NA,NA,asset_ibov,4,-1.8188970367250998,-9.68660346982928,4.774686891883359,-15.051638900567509,10.766403351000324,FALSE,FALSE
IRF,NA,NA,NA,NA,NA,NA,NA,NA,NA,NA,NA,z_jk_bs_norisk_cds,NA,NA,NA,NA,NA,NA,NA,NA,NA,NA,NA,NA,NA,NA,NA,asset_ibov,5,-0.7097512834601645,-9.214670414751609,6.957317764987833,-15.347190302211088,13.943842711622581,FALSE,FALSE
IRF,NA,NA,NA,NA,NA,NA,NA,NA,NA,NA,NA,z_jk_bs_norisk_cds,NA,NA,NA,NA,NA,NA,NA,NA,NA,NA,NA,NA,NA,NA,NA,asset_ibov,6,0.6202225466849856,-9.264302631381426,9.931035318319857,-16.113525804814444,17.507407356105436,FALSE,FALSE
IRF,NA,NA,NA,NA,NA,NA,NA,NA,NA,NA,NA,z_jk_bs_norisk_cds,NA,NA,NA,NA,NA,NA,NA,NA,NA,NA,NA,NA,NA,NA,NA,asset_ibov,7,2.50212899939787,-8.762933607052211,13.116274206187397,-17.35214645187703,21.675793873394916,FALSE,FALSE
IRF,NA,NA,NA,NA,NA,NA,NA,NA,NA,NA,NA,z_jk_bs_norisk_cds,NA,NA,NA,NA,NA,NA,NA,NA,NA,NA,NA,NA,NA,NA,NA,asset_ibov,8,4.59727847676091,-7.803409453222106,16.66448999479401,-17.011629053818716,26.86712733888146,FALSE,FALSE
IRF,NA,NA,NA,NA,NA,NA,NA,NA,NA,NA,NA,z_jk_bs_norisk_cds,NA,NA,NA,NA,NA,NA,NA,NA,NA,NA,NA,NA,NA,NA,NA,asset_ibov,9,6.481946567707417,-7.394839038247233,19.7320804600243,-18.041706623419234,30.84587256271166,FALSE,FALSE
IRF,NA,NA,NA,NA,NA,NA,NA,NA,NA,NA,NA,z_jk_bs_norisk_cds,NA,NA,NA,NA,NA,NA,NA,NA,NA,NA,NA,NA,NA,NA,NA,asset_ibov,10,8.600914649499673,-7.028538012004631,23.330858453407156,-18.10621904148607,36.185724944786394,FALSE,FALSE
IRF,NA,NA,NA,NA,NA,NA,NA,NA,NA,NA,NA,z_jk_bs_norisk_cds,NA,NA,NA,NA,NA,NA,NA,NA,NA,NA,NA,NA,NA,NA,NA,asset_ibov,11,10.581341235498686,-6.682188719052839,26.794477799571077,-18.91950324927693,40.126926159886004,FALSE,FALSE
IRF,NA,NA,NA,NA,NA,NA,NA,NA,NA,NA,NA,z_jk_bs_norisk_cds,NA,NA,NA,NA,NA,NA,NA,NA,NA,NA,NA,NA,NA,NA,NA,asset_ibov,12,12.674796416557257,-5.801777105953196,30.48281488418383,-19.098189402178257,45.37155154862313,FALSE,FALSE
IRF,NA,NA,NA,NA,NA,NA,NA,NA,NA,NA,NA,z_jk_bs_norisk_cds,NA,NA,NA,NA,NA,NA,NA,NA,NA,NA,NA,NA,NA,NA,NA,asset_ibov,13,14.522260223124709,-5.038054554718219,33.48011166254838,-19.275432535250292,50.60879087733186,FALSE,FALSE
IRF,NA,NA,NA,NA,NA,NA,NA,NA,NA,NA,NA,z_jk_bs_norisk_cds,NA,NA,NA,NA,NA,NA,NA,NA,NA,NA,NA,NA,NA,NA,NA,asset_ibov,14,16.058813101167203,-5.059950842935902,36.766340139200544,-19.968997142148073,54.697580547206364,FALSE,FALSE
IRF,NA,NA,NA,NA,NA,NA,NA,NA,NA,NA,NA,z_jk_bs_norisk_cds,NA,NA,NA,NA,NA,NA,NA,NA,NA,NA,NA,NA,NA,NA,NA,asset_ibov,15,17.507208852242425,-4.723906136231168,40.07147465503385,-21.277725013088183,59.88383573128718,FALSE,FALSE
IRF,NA,NA,NA,NA,NA,NA,NA,NA,NA,NA,NA,z_jk_bs_norisk_cds,NA,NA,NA,NA,NA,NA,NA,NA,NA,NA,NA,NA,NA,NA,NA,asset_ibov,16,18.6934920614618,-5.0382448260010175,43.31830260440197,-22.850856930657287,65.26594582829883,FALSE,FALSE
IRF,NA,NA,NA,NA,NA,NA,NA,NA,NA,NA,NA,z_jk_bs_norisk_cds,NA,NA,NA,NA,NA,NA,NA,NA,NA,NA,NA,NA,NA,NA,NA,asset_ibov,17,19.746208660940965,-5.021136193454239,46.58921543710719,-24.26841184333451,69.95317178149024,FALSE,FALSE
IRF,NA,NA,NA,NA,NA,NA,NA,NA,NA,NA,NA,z_jk_bs_norisk_cds,NA,NA,NA,NA,NA,NA,NA,NA,NA,NA,NA,NA,NA,NA,NA,asset_ibov,18,20.664107848582923,-6.16421430884894,49.76341591753187,-25.891844160163174,75.43822388787144,FALSE,FALSE
IRF,NA,NA,NA,NA,NA,NA,NA,NA,NA,NA,NA,z_jk_bs_norisk_cds,NA,NA,NA,NA,NA,NA,NA,NA,NA,NA,NA,NA,NA,NA,NA,asset_ibov,19,21.324771235635275,-6.865316778748559,53.41587412117232,-27.372967800761938,79.95694700799909,FALSE,FALSE
IRF,NA,NA,NA,NA,NA,NA,NA,NA,NA,NA,NA,z_jk_bs_norisk_cds,NA,NA,NA,NA,NA,NA,NA,NA,NA,NA,NA,NA,NA,NA,NA,asset_ibov,20,21.814421304045464,-6.411921066415156,57.083567650477136,-27.907453702520904,84.30196132433439,FALSE,FALSE
IRF,NA,NA,NA,NA,NA,NA,NA,NA,NA,NA,NA,z_jk_bs_norisk_cds,NA,NA,NA,NA,NA,NA,NA,NA,NA,NA,NA,NA,NA,NA,NA,asset_ibov,21,22.112477552785723,-6.636263592564667,60.7374108109542,-29.269770333002192,88.85162435279692,FALSE,FALSE
IRF,NA,NA,NA,NA,NA,NA,NA,NA,NA,NA,NA,z_jk_bs_norisk_cds,NA,NA,NA,NA,NA,NA,NA,NA,NA,NA,NA,NA,NA,NA,NA,asset_ibov,22,22.222132706462176,-7.570436263461259,63.730533960449584,-32.15673298791106,92.33292533546218,FALSE,FALSE
IRF,NA,NA,NA,NA,NA,NA,NA,NA,NA,NA,NA,z_jk_bs_norisk_cds,NA,NA,NA,NA,NA,NA,NA,NA,NA,NA,NA,NA,NA,NA,NA,asset_ibov,23,22.168142683646096,-9.117769178370226,66.64314893439042,-35.22347009913161,98.25025698623351,FALSE,FALSE
IRF,NA,NA,NA,NA,NA,NA,NA,NA,NA,NA,NA,z_jk_bs_norisk_cds,NA,NA,NA,NA,NA,NA,NA,NA,NA,NA,NA,NA,NA,NA,NA,asset_ibov,24,21.928644845299953,-9.759401275856579,69.39709586161962,-37.37264848698453,102.56238273513881,FALSE,FALSE
IRF,NA,NA,NA,NA,NA,NA,NA,NA,NA,NA,NA,z_jk_bs_norisk_cds,NA,NA,NA,NA,NA,NA,NA,NA,NA,NA,NA,NA,NA,NA,NA,asset_ibov,25,21.51164217751576,-10.606340734922082,71.7312718265176,-39.3823581287922,104.94375757423119,FALSE,FALSE
IRF,NA,NA,NA,NA,NA,NA,NA,NA,NA,NA,NA,z_jk_bs_norisk_cds,NA,NA,NA,NA,NA,NA,NA,NA,NA,NA,NA,NA,NA,NA,NA,asset_ibov,26,20.9227801114021,-11.219805675206725,74.31072757301477,-40.69350147917097,108.86318682558243,FALSE,FALSE
IRF,NA,NA,NA,NA,NA,NA,NA,NA,NA,NA,NA,z_jk_bs_norisk_cds,NA,NA,NA,NA,NA,NA,NA,NA,NA,NA,NA,NA,NA,NA,NA,asset_ibov,27,20.168103153509353,-13.545165365761466,75.63626887694855,-41.620785483624914,111.06533833933184,FALSE,FALSE
IRF,NA,NA,NA,NA,NA,NA,NA,NA,NA,NA,NA,z_jk_bs_norisk_cds,NA,NA,NA,NA,NA,NA,NA,NA,NA,NA,NA,NA,NA,NA,NA,asset_ibov,28,19.257225906933506,-14.706567852695201,77.43925500971866,-42.38140751263506,114.64683262329036,FALSE,FALSE
IRF,NA,NA,NA,NA,NA,NA,NA,NA,NA,NA,NA,z_jk_bs_norisk_cds,NA,NA,NA,NA,NA,NA,NA,NA,NA,NA,NA,NA,NA,NA,NA,asset_ibov,29,18.189216746693486,-15.885547312217565,79.94212258680912,-43.83946319738805,119.13870191388459,FALSE,FALSE
IRF,NA,NA,NA,NA,NA,NA,NA,NA,NA,NA,NA,z_jk_bs_norisk_cds,NA,NA,NA,NA,NA,NA,NA,NA,NA,NA,NA,NA,NA,NA,NA,asset_ibov,30,16.97357748029923,-17.895278367492516,81.46947619828715,-44.91491400678896,121.9561345426083,FALSE,FALSE
IRF,NA,NA,NA,NA,NA,NA,NA,NA,NA,NA,NA,z_jk_bs_norisk_cds,NA,NA,NA,NA,NA,NA,NA,NA,NA,NA,NA,NA,NA,NA,NA,asset_ibov,31,15.617019780023577,-18.479335725827724,83.32905229215145,-48.10228138154332,124.28273120183398,FALSE,FALSE
IRF,NA,NA,NA,NA,NA,NA,NA,NA,NA,NA,NA,z_jk_bs_norisk_cds,NA,NA,NA,NA,NA,NA,NA,NA,NA,NA,NA,NA,NA,NA,NA,asset_ibov,32,14.128079030516478,-20.466800480747068,83.74120398253456,-50.84343937627508,128.88477846917465,FALSE,FALSE
IRF,NA,NA,NA,NA,NA,NA,NA,NA,NA,NA,NA,z_jk_bs_norisk_cds,NA,NA,NA,NA,NA,NA,NA,NA,NA,NA,NA,NA,NA,NA,NA,asset_ibov,33,12.520135310925435,-22.547917845566197,84.94855831085208,-52.98121197353734,133.3562163218115,FALSE,FALSE
IRF,NA,NA,NA,NA,NA,NA,NA,NA,NA,NA,NA,z_jk_bs_norisk_cds,NA,NA,NA,NA,NA,NA,NA,NA,NA,NA,NA,NA,NA,NA,NA,asset_ibov,34,10.801380089870557,-23.72888492834455,87.47700741154615,-55.57821557940564,137.71213595132897,FALSE,FALSE
IRF,NA,NA,NA,NA,NA,NA,NA,NA,NA,NA,NA,z_jk_bs_norisk_cds,NA,NA,NA,NA,NA,NA,NA,NA,NA,NA,NA,NA,NA,NA,NA,asset_ibov,35,8.98290219431055,-25.52857275590152,87.74654563261795,-60.36466761218068,141.801044054384,FALSE,FALSE
IRF,NA,NA,NA,NA,NA,NA,NA,NA,NA,NA,NA,z_jk_bs_norisk_cds,NA,NA,NA,NA,NA,NA,NA,NA,NA,NA,NA,NA,NA,NA,NA,asset_ibov,36,7.077056459220065,-26.799143020788897,89.15096810120498,-62.71920215916344,145.1191232245006,FALSE,FALSE
IRF,NA,NA,NA,NA,NA,NA,NA,NA,NA,NA,NA,z_jk_bs_norisk_cds,NA,NA,NA,NA,NA,NA,NA,NA,NA,NA,NA,NA,NA,NA,NA,asset_ibov,37,5.095210525458279,-28.911043365125494,90.33484105485446,-65.22090594217512,147.4152372532876,FALSE,FALSE
IRF,NA,NA,NA,NA,NA,NA,NA,NA,NA,NA,NA,z_jk_bs_norisk_cds,NA,NA,NA,NA,NA,NA,NA,NA,NA,NA,NA,NA,NA,NA,NA,asset_ibov,38,3.0508387367632688,-31.29017764307925,91.59953734374122,-68.12830865057643,149.04886388695687,FALSE,FALSE
IRF,NA,NA,NA,NA,NA,NA,NA,NA,NA,NA,NA,z_jk_bs_norisk_cds,NA,NA,NA,NA,NA,NA,NA,NA,NA,NA,NA,NA,NA,NA,NA,asset_ibov,39,0.9565359028451341,-33.92695945943143,91.69361014527794,-69.97380139074512,149.96495870961667,FALSE,FALSE
IRF,NA,NA,NA,NA,NA,NA,NA,NA,NA,NA,NA,z_jk_bs_norisk_cds,NA,NA,NA,NA,NA,NA,NA,NA,NA,NA,NA,NA,NA,NA,NA,asset_ibov,40,-1.1752795886939744,-35.95800585405868,91.7293831417871,-71.91744863703744,150.69185457415318,FALSE,FALSE
IRF,NA,NA,NA,NA,NA,NA,NA,NA,NA,NA,NA,z_jk_bs_norisk_cds,NA,NA,NA,NA,NA,NA,NA,NA,NA,NA,NA,NA,NA,NA,NA,asset_ibov,41,-3.331786878582216,-38.79645631203675,92.9302544071833,-74.6107219118209,151.50376656452812,FALSE,FALSE
IRF,NA,NA,NA,NA,NA,NA,NA,NA,NA,NA,NA,z_jk_bs_norisk_cds,NA,NA,NA,NA,NA,NA,NA,NA,NA,NA,NA,NA,NA,NA,NA,asset_ibov,42,-5.5006120103865515,-41.28094588603287,93.42257284237238,-79.67376564122218,152.20685227838052,FALSE,FALSE
IRF,NA,NA,NA,NA,NA,NA,NA,NA,NA,NA,NA,z_jk_bs_norisk_cds,NA,NA,NA,NA,NA,NA,NA,NA,NA,NA,NA,NA,NA,NA,NA,asset_ibov,43,-7.669334648487516,-43.32540392216074,94.31983342617525,-82.79129473329503,152.32359223510753,FALSE,FALSE
IRF,NA,NA,NA,NA,NA,NA,NA,NA,NA,NA,NA,z_jk_bs_norisk_cds,NA,NA,NA,NA,NA,NA,NA,NA,NA,NA,NA,NA,NA,NA,NA,asset_ibov,44,-9.826077651188664,-44.67551489379468,95.50324670671033,-86.88670266539953,152.81973243095214,FALSE,FALSE
IRF,NA,NA,NA,NA,NA,NA,NA,NA,NA,NA,NA,z_jk_bs_norisk_cds,NA,NA,NA,NA,NA,NA,NA,NA,NA,NA,NA,NA,NA,NA,NA,asset_ibov,45,-11.959542580230854,-48.05026979465976,96.56197184379755,-88.94304683817587,154.94613269074074,FALSE,FALSE
IRF,NA,NA,NA,NA,NA,NA,NA,NA,NA,NA,NA,z_jk_bs_norisk_cds,NA,NA,NA,NA,NA,NA,NA,NA,NA,NA,NA,NA,NA,NA,NA,asset_ibov,46,-14.058916275792054,-49.401863202288276,97.18600048321662,-91.85406253995272,157.8978786382749,FALSE,FALSE
IRF,NA,NA,NA,NA,NA,NA,NA,NA,NA,NA,NA,z_jk_bs_norisk_cds,NA,NA,NA,NA,NA,NA,NA,NA,NA,NA,NA,NA,NA,NA,NA,asset_ibov,47,-16.114117846992126,-51.29429270693677,97.69657739031445,-93.10356392062883,160.83741084299672,FALSE,FALSE
IRF,NA,NA,NA,NA,NA,NA,NA,NA,NA,NA,NA,z_jk_bs_norisk_cds,NA,NA,NA,NA,NA,NA,NA,NA,NA,NA,NA,NA,NA,NA,NA,asset_ibov,48,-18.115625954570714,-53.69302103795328,98.40776636541233,-95.74427443249861,163.76592959062074,FALSE,FALSE
IRF,NA,NA,NA,NA,NA,NA,NA,NA,NA,NA,NA,z_jk_bs_norisk_cds,NA,NA,NA,NA,NA,NA,NA,NA,NA,NA,NA,NA,NA,NA,NA,price_ipca,0,-0.0783593096298327,-0.1814082593432006,0.03136293996583308,-0.28510092998334585,0.09384466833573438,FALSE,FALSE
IRF,NA,NA,NA,NA,NA,NA,NA,NA,NA,NA,NA,z_jk_bs_norisk_cds,NA,NA,NA,NA,NA,NA,NA,NA,NA,NA,NA,NA,NA,NA,NA,price_ipca,1,-0.009484720145964878,-0.13991166294701418,0.06377950461002216,-0.2178190457311035,0.13394178653756697,FALSE,FALSE
IRF,NA,NA,NA,NA,NA,NA,NA,NA,NA,NA,NA,z_jk_bs_norisk_cds,NA,NA,NA,NA,NA,NA,NA,NA,NA,NA,NA,NA,NA,NA,NA,price_ipca,2,-0.0122742447178047,-0.1526769196732761,0.0713324068680686,-0.22667638704201057,0.14582336140837956,FALSE,FALSE
IRF,NA,NA,NA,NA,NA,NA,NA,NA,NA,NA,NA,z_jk_bs_norisk_cds,NA,NA,NA,NA,NA,NA,NA,NA,NA,NA,NA,NA,NA,NA,NA,price_ipca,3,0.02396614317662934,-0.11352894924387781,0.12562787979591883,-0.21348290724934998,0.21302925739069986,FALSE,FALSE
IRF,NA,NA,NA,NA,NA,NA,NA,NA,NA,NA,NA,z_jk_bs_norisk_cds,NA,NA,NA,NA,NA,NA,NA,NA,NA,NA,NA,NA,NA,NA,NA,price_ipca,4,0.05717993411049687,-0.0711196524796501,0.18200311287140658,-0.13936453923725164,0.26259852969653014,FALSE,FALSE
IRF,NA,NA,NA,NA,NA,NA,NA,NA,NA,NA,NA,z_jk_bs_norisk_cds,NA,NA,NA,NA,NA,NA,NA,NA,NA,NA,NA,NA,NA,NA,NA,price_ipca,5,0.11529089622589339,-0.0185618803167449,0.22802669645946294,-0.1025284367191196,0.3222477258206376,FALSE,FALSE
IRF,NA,NA,NA,NA,NA,NA,NA,NA,NA,NA,NA,z_jk_bs_norisk_cds,NA,NA,NA,NA,NA,NA,NA,NA,NA,NA,NA,NA,NA,NA,NA,price_ipca,6,0.0936883180808427,-0.04080685935094177,0.21602259380529756,-0.12237822406824708,0.3161161255382817,FALSE,FALSE
IRF,NA,NA,NA,NA,NA,NA,NA,NA,NA,NA,NA,z_jk_bs_norisk_cds,NA,NA,NA,NA,NA,NA,NA,NA,NA,NA,NA,NA,NA,NA,NA,price_ipca,7,0.11712830950236908,-0.013754372691324174,0.24934922283473798,-0.0851720638376964,0.3514604049243064,FALSE,FALSE
IRF,NA,NA,NA,NA,NA,NA,NA,NA,NA,NA,NA,z_jk_bs_norisk_cds,NA,NA,NA,NA,NA,NA,NA,NA,NA,NA,NA,NA,NA,NA,NA,price_ipca,8,0.11587781149494075,-0.011271068176414866,0.24812423343472445,-0.09998739604385276,0.35531164068281695,FALSE,FALSE
IRF,NA,NA,NA,NA,NA,NA,NA,NA,NA,NA,NA,z_jk_bs_norisk_cds,NA,NA,NA,NA,NA,NA,NA,NA,NA,NA,NA,NA,NA,NA,NA,price_ipca,9,0.07896399759863534,-0.04304351482004294,0.2270611072843151,-0.1161337570297263,0.3504393576913635,FALSE,FALSE
IRF,NA,NA,NA,NA,NA,NA,NA,NA,NA,NA,NA,z_jk_bs_norisk_cds,NA,NA,NA,NA,NA,NA,NA,NA,NA,NA,NA,NA,NA,NA,NA,price_ipca,10,0.08162471552036796,-0.0342787525550326,0.23672548290338583,-0.1259764419569149,0.36947670654572357,FALSE,FALSE
IRF,NA,NA,NA,NA,NA,NA,NA,NA,NA,NA,NA,z_jk_bs_norisk_cds,NA,NA,NA,NA,NA,NA,NA,NA,NA,NA,NA,NA,NA,NA,NA,price_ipca,11,0.06456389219856419,-0.04582134518548521,0.22297080683891457,-0.13589941140530382,0.35405983697825594,FALSE,FALSE
IRF,NA,NA,NA,NA,NA,NA,NA,NA,NA,NA,NA,z_jk_bs_norisk_cds,NA,NA,NA,NA,NA,NA,NA,NA,NA,NA,NA,NA,NA,NA,NA,price_ipca,12,0.04056540074384576,-0.06501965311521488,0.20615200745814866,-0.15420227664637765,0.3450397066338179,FALSE,FALSE
IRF,NA,NA,NA,NA,NA,NA,NA,NA,NA,NA,NA,z_jk_bs_norisk_cds,NA,NA,NA,NA,NA,NA,NA,NA,NA,NA,NA,NA,NA,NA,NA,price_ipca,13,0.03642848335746073,-0.06453920081919316,0.21137998406151612,-0.15641381322613668,0.3512662343010235,FALSE,FALSE
IRF,NA,NA,NA,NA,NA,NA,NA,NA,NA,NA,NA,z_jk_bs_norisk_cds,NA,NA,NA,NA,NA,NA,NA,NA,NA,NA,NA,NA,NA,NA,NA,price_ipca,14,0.010117249952642475,-0.08456530286521753,0.19153424157751517,-0.18034569514015397,0.33758083819383355,FALSE,FALSE
IRF,NA,NA,NA,NA,NA,NA,NA,NA,NA,NA,NA,z_jk_bs_norisk_cds,NA,NA,NA,NA,NA,NA,NA,NA,NA,NA,NA,NA,NA,NA,NA,price_ipca,15,-0.012695977994156352,-0.10028757109596903,0.17535235311210468,-0.19934437521377132,0.3410110085421403,FALSE,FALSE
IRF,NA,NA,NA,NA,NA,NA,NA,NA,NA,NA,NA,z_jk_bs_norisk_cds,NA,NA,NA,NA,NA,NA,NA,NA,NA,NA,NA,NA,NA,NA,NA,price_ipca,16,-0.031010037218954085,-0.10800035158873136,0.16523188615273626,-0.20750033445736393,0.3327565691696684,FALSE,FALSE
IRF,NA,NA,NA,NA,NA,NA,NA,NA,NA,NA,NA,z_jk_bs_norisk_cds,NA,NA,NA,NA,NA,NA,NA,NA,NA,NA,NA,NA,NA,NA,NA,price_ipca,17,-0.05325145180035204,-0.119655815195409,0.15259939922729196,-0.2279628102232161,0.3192571713811012,FALSE,FALSE
IRF,NA,NA,NA,NA,NA,NA,NA,NA,NA,NA,NA,z_jk_bs_norisk_cds,NA,NA,NA,NA,NA,NA,NA,NA,NA,NA,NA,NA,NA,NA,NA,price_ipca,18,-0.0711355265499919,-0.13085926147884178,0.13803335034798508,-0.2450385514412802,0.31110773655872387,FALSE,FALSE
IRF,NA,NA,NA,NA,NA,NA,NA,NA,NA,NA,NA,z_jk_bs_norisk_cds,NA,NA,NA,NA,NA,NA,NA,NA,NA,NA,NA,NA,NA,NA,NA,price_ipca,19,-0.08766659844456666,-0.14085759498825437,0.12929925973164794,-0.25960132870024305,0.2939344700111536,FALSE,FALSE
IRF,NA,NA,NA,NA,NA,NA,NA,NA,NA,NA,NA,z_jk_bs_norisk_cds,NA,NA,NA,NA,NA,NA,NA,NA,NA,NA,NA,NA,NA,NA,NA,price_ipca,20,-0.10327524530279188,-0.1520775108051599,0.12302920939147102,-0.272152049221622,0.2828039673815053,FALSE,FALSE
IRF,NA,NA,NA,NA,NA,NA,NA,NA,NA,NA,NA,z_jk_bs_norisk_cds,NA,NA,NA,NA,NA,NA,NA,NA,NA,NA,NA,NA,NA,NA,NA,price_ipca,21,-0.11717825211864219,-0.16283008874449972,0.11102714518817106,-0.2752805604674262,0.262921851474237,FALSE,FALSE
IRF,NA,NA,NA,NA,NA,NA,NA,NA,NA,NA,NA,z_jk_bs_norisk_cds,NA,NA,NA,NA,NA,NA,NA,NA,NA,NA,NA,NA,NA,NA,NA,price_ipca,22,-0.12980924056445228,-0.17512473519852215,0.10341576759004403,-0.2877879822746519,0.24114333368450883,FALSE,FALSE
IRF,NA,NA,NA,NA,NA,NA,NA,NA,NA,NA,NA,z_jk_bs_norisk_cds,NA,NA,NA,NA,NA,NA,NA,NA,NA,NA,NA,NA,NA,NA,NA,price_ipca,23,-0.14003189461899368,-0.18312925260728766,0.08538800955847846,-0.2915512905834232,0.2265027543636282,FALSE,FALSE
IRF,NA,NA,NA,NA,NA,NA,NA,NA,NA,NA,NA,z_jk_bs_norisk_cds,NA,NA,NA,NA,NA,NA,NA,NA,NA,NA,NA,NA,NA,NA,NA,price_ipca,24,-0.1496949936021748,-0.19033603993701764,0.07488718935361054,-0.30071610087175843,0.215227001780675,FALSE,FALSE
IRF,NA,NA,NA,NA,NA,NA,NA,NA,NA,NA,NA,z_jk_bs_norisk_cds,NA,NA,NA,NA,NA,NA,NA,NA,NA,NA,NA,NA,NA,NA,NA,price_ipca,25,-0.15779487884081086,-0.1971412249370606,0.06693567814681263,-0.2982871162040171,0.20311656719771357,FALSE,FALSE
IRF,NA,NA,NA,NA,NA,NA,NA,NA,NA,NA,NA,z_jk_bs_norisk_cds,NA,NA,NA,NA,NA,NA,NA,NA,NA,NA,NA,NA,NA,NA,NA,price_ipca,26,-0.16437031822809586,-0.2029237616622202,0.06049898402306235,-0.31188463092982927,0.1968105330156335,FALSE,FALSE
IRF,NA,NA,NA,NA,NA,NA,NA,NA,NA,NA,NA,z_jk_bs_norisk_cds,NA,NA,NA,NA,NA,NA,NA,NA,NA,NA,NA,NA,NA,NA,NA,price_ipca,27,-0.17015160365571724,-0.20668015966544886,0.05514577363711721,-0.3219329197383386,0.179237117620865,FALSE,FALSE
IRF,NA,NA,NA,NA,NA,NA,NA,NA,NA,NA,NA,z_jk_bs_norisk_cds,NA,NA,NA,NA,NA,NA,NA,NA,NA,NA,NA,NA,NA,NA,NA,price_ipca,28,-0.17422871292906048,-0.2104348670647059,0.047965706639026925,-0.32614962439261197,0.17438246102853552,FALSE,FALSE
IRF,NA,NA,NA,NA,NA,NA,NA,NA,NA,NA,NA,z_jk_bs_norisk_cds,NA,NA,NA,NA,NA,NA,NA,NA,NA,NA,NA,NA,NA,NA,NA,price_ipca,29,-0.1771604526998041,-0.21104875846407326,0.040717437114020184,-0.32943921641591634,0.1629964559555899,FALSE,FALSE
IRF,NA,NA,NA,NA,NA,NA,NA,NA,NA,NA,NA,z_jk_bs_norisk_cds,NA,NA,NA,NA,NA,NA,NA,NA,NA,NA,NA,NA,NA,NA,NA,price_ipca,30,-0.1791402202110271,-0.21528326425270755,0.03661059272876988,-0.3363974482401191,0.14678988352227332,FALSE,FALSE
IRF,NA,NA,NA,NA,NA,NA,NA,NA,NA,NA,NA,z_jk_bs_norisk_cds,NA,NA,NA,NA,NA,NA,NA,NA,NA,NA,NA,NA,NA,NA,NA,price_ipca,31,-0.17982815737105426,-0.20954600225901063,0.0313996783368954,-0.3367061501949144,0.14385726692384257,FALSE,FALSE
IRF,NA,NA,NA,NA,NA,NA,NA,NA,NA,NA,NA,z_jk_bs_norisk_cds,NA,NA,NA,NA,NA,NA,NA,NA,NA,NA,NA,NA,NA,NA,NA,price_ipca,32,-0.17960916091835935,-0.20920897235016606,0.027289779778735507,-0.3279409506140722,0.13233655509503195,FALSE,FALSE
IRF,NA,NA,NA,NA,NA,NA,NA,NA,NA,NA,NA,z_jk_bs_norisk_cds,NA,NA,NA,NA,NA,NA,NA,NA,NA,NA,NA,NA,NA,NA,NA,price_ipca,33,-0.1783861432524913,-0.20853765939360733,0.02380640646564379,-0.3247822531573973,0.1269491442168563,FALSE,FALSE
IRF,NA,NA,NA,NA,NA,NA,NA,NA,NA,NA,NA,z_jk_bs_norisk_cds,NA,NA,NA,NA,NA,NA,NA,NA,NA,NA,NA,NA,NA,NA,NA,price_ipca,34,-0.17615868635059015,-0.20703476043367447,0.02186249532044841,-0.32926858095687545,0.11568386179632305,FALSE,FALSE
IRF,NA,NA,NA,NA,NA,NA,NA,NA,NA,NA,NA,z_jk_bs_norisk_cds,NA,NA,NA,NA,NA,NA,NA,NA,NA,NA,NA,NA,NA,NA,NA,price_ipca,35,-0.1730948600181943,-0.20448543678635223,0.021985055282615285,-0.33178293629943706,0.10787717016217233,FALSE,FALSE
IRF,NA,NA,NA,NA,NA,NA,NA,NA,NA,NA,NA,z_jk_bs_norisk_cds,NA,NA,NA,NA,NA,NA,NA,NA,NA,NA,NA,NA,NA,NA,NA,price_ipca,36,-0.16919230009510916,-0.20119143064974948,0.023473193571442435,-0.33601151693272613,0.1090844505458139,FALSE,FALSE
IRF,NA,NA,NA,NA,NA,NA,NA,NA,NA,NA,NA,z_jk_bs_norisk_cds,NA,NA,NA,NA,NA,NA,NA,NA,NA,NA,NA,NA,NA,NA,NA,price_ipca,37,-0.16453442273820762,-0.20026436306023387,0.021440138547450294,-0.3345891798194448,0.11021211762688632,FALSE,FALSE
IRF,NA,NA,NA,NA,NA,NA,NA,NA,NA,NA,NA,z_jk_bs_norisk_cds,NA,NA,NA,NA,NA,NA,NA,NA,NA,NA,NA,NA,NA,NA,NA,price_ipca,38,-0.1591711476002344,-0.19429372239671985,0.022629448820600747,-0.33449793135457295,0.11630929920928615,FALSE,FALSE
IRF,NA,NA,NA,NA,NA,NA,NA,NA,NA,NA,NA,z_jk_bs_norisk_cds,NA,NA,NA,NA,NA,NA,NA,NA,NA,NA,NA,NA,NA,NA,NA,price_ipca,39,-0.15316889220908478,-0.19024187719801192,0.022252937983438206,-0.32939156673815784,0.11783131700999852,FALSE,FALSE
IRF,NA,NA,NA,NA,NA,NA,NA,NA,NA,NA,NA,z_jk_bs_norisk_cds,NA,NA,NA,NA,NA,NA,NA,NA,NA,NA,NA,NA,NA,NA,NA,price_ipca,40,-0.146615914624108,-0.18782630608552067,0.024258552725990562,-0.3305102887843233,0.12142406785420622,FALSE,FALSE
IRF,NA,NA,NA,NA,NA,NA,NA,NA,NA,NA,NA,z_jk_bs_norisk_cds,NA,NA,NA,NA,NA,NA,NA,NA,NA,NA,NA,NA,NA,NA,NA,price_ipca,41,-0.13956491336144083,-0.182553685339696,0.025132958794274952,-0.33166535640209893,0.11861055371546923,FALSE,FALSE
IRF,NA,NA,NA,NA,NA,NA,NA,NA,NA,NA,NA,z_jk_bs_norisk_cds,NA,NA,NA,NA,NA,NA,NA,NA,NA,NA,NA,NA,NA,NA,NA,price_ipca,42,-0.1321079004868936,-0.1748921049894714,0.02600335289821008,-0.3286205525145901,0.11967476279278388,FALSE,FALSE
IRF,NA,NA,NA,NA,NA,NA,NA,NA,NA,NA,NA,z_jk_bs_norisk_cds,NA,NA,NA,NA,NA,NA,NA,NA,NA,NA,NA,NA,NA,NA,NA,price_ipca,43,-0.12431030701516156,-0.17196830248985503,0.03096060053499116,-0.32503888018713273,0.11662575446234452,FALSE,FALSE
IRF,NA,NA,NA,NA,NA,NA,NA,NA,NA,NA,NA,z_jk_bs_norisk_cds,NA,NA,NA,NA,NA,NA,NA,NA,NA,NA,NA,NA,NA,NA,NA,price_ipca,44,-0.11623526197197409,-0.1692317660297422,0.03311534387950271,-0.32021554872699154,0.11597026451812176,FALSE,FALSE
IRF,NA,NA,NA,NA,NA,NA,NA,NA,NA,NA,NA,z_jk_bs_norisk_cds,NA,NA,NA,NA,NA,NA,NA,NA,NA,NA,NA,NA,NA,NA,NA,price_ipca,45,-0.1079652424467264,-0.16261317864815417,0.03855338238215281,-0.30834045790314396,0.11928257072505082,FALSE,FALSE
IRF,NA,NA,NA,NA,NA,NA,NA,NA,NA,NA,NA,z_jk_bs_norisk_cds,NA,NA,NA,NA,NA,NA,NA,NA,NA,NA,NA,NA,NA,NA,NA,price_ipca,46,-0.0995621355646567,-0.15643942083821005,0.04002494862238319,-0.3036484061732435,0.1244160612011713,FALSE,FALSE
IRF,NA,NA,NA,NA,NA,NA,NA,NA,NA,NA,NA,z_jk_bs_norisk_cds,NA,NA,NA,NA,NA,NA,NA,NA,NA,NA,NA,NA,NA,NA,NA,price_ipca,47,-0.09109458235653628,-0.15587440877183723,0.04680859572434743,-0.29645360414693883,0.13424643465384878,FALSE,FALSE
IRF,NA,NA,NA,NA,NA,NA,NA,NA,NA,NA,NA,z_jk_bs_norisk_cds,NA,NA,NA,NA,NA,NA,NA,NA,NA,NA,NA,NA,NA,NA,NA,price_ipca,48,-0.08262856239724146,-0.14882372524610293,0.05204604464273815,-0.28872803430458743,0.14049021063716816,FALSE,FALSE
IRF,NA,NA,NA,NA,NA,NA,NA,NA,NA,NA,NA,z_jk_bs_norisk_cds,NA,NA,NA,NA,NA,NA,NA,NA,NA,NA,NA,NA,NA,NA,NA,price_ipp,0,0.43135450948162274,0.2781064617249947,0.6552791684764745,0.16711382968953553,0.8225811151683392,TRUE,TRUE
IRF,NA,NA,NA,NA,NA,NA,NA,NA,NA,NA,NA,z_jk_bs_norisk_cds,NA,NA,NA,NA,NA,NA,NA,NA,NA,NA,NA,NA,NA,NA,NA,price_ipp,1,0.5287492722900577,0.30864796141205003,0.7385704180706963,0.16271362657935848,0.8892654815550782,TRUE,TRUE
IRF,NA,NA,NA,NA,NA,NA,NA,NA,NA,NA,NA,z_jk_bs_norisk_cds,NA,NA,NA,NA,NA,NA,NA,NA,NA,NA,NA,NA,NA,NA,NA,price_ipp,2,0.41510838612378076,0.16574196603726904,0.6221854858225411,0.02581271995870008,0.8062218368801639,TRUE,TRUE
IRF,NA,NA,NA,NA,NA,NA,NA,NA,NA,NA,NA,z_jk_bs_norisk_cds,NA,NA,NA,NA,NA,NA,NA,NA,NA,NA,NA,NA,NA,NA,NA,price_ipp,3,0.48315728781616124,0.20735671232025135,0.677436499663396,0.07875911693299545,0.8872248378640064,TRUE,TRUE
IRF,NA,NA,NA,NA,NA,NA,NA,NA,NA,NA,NA,z_jk_bs_norisk_cds,NA,NA,NA,NA,NA,NA,NA,NA,NA,NA,NA,NA,NA,NA,NA,price_ipp,4,0.396959251399066,0.11160797655511087,0.6146250321496931,-0.04121351814509441,0.8064460813529211,TRUE,FALSE
IRF,NA,NA,NA,NA,NA,NA,NA,NA,NA,NA,NA,z_jk_bs_norisk_cds,NA,NA,NA,NA,NA,NA,NA,NA,NA,NA,NA,NA,NA,NA,NA,price_ipp,5,0.23891433984132537,-0.03920562705691702,0.4692316665233105,-0.2150016061651186,0.669108818695979,FALSE,FALSE
IRF,NA,NA,NA,NA,NA,NA,NA,NA,NA,NA,NA,z_jk_bs_norisk_cds,NA,NA,NA,NA,NA,NA,NA,NA,NA,NA,NA,NA,NA,NA,NA,price_ipp,6,0.20306712412137273,-0.05166722295932036,0.49888270915692023,-0.2213540224780211,0.7132363426994097,FALSE,FALSE
IRF,NA,NA,NA,NA,NA,NA,NA,NA,NA,NA,NA,z_jk_bs_norisk_cds,NA,NA,NA,NA,NA,NA,NA,NA,NA,NA,NA,NA,NA,NA,NA,price_ipp,7,0.12238703118815618,-0.13169461002394606,0.4314987468320045,-0.3213039254573759,0.6506599766431913,FALSE,FALSE
IRF,NA,NA,NA,NA,NA,NA,NA,NA,NA,NA,NA,z_jk_bs_norisk_cds,NA,NA,NA,NA,NA,NA,NA,NA,NA,NA,NA,NA,NA,NA,NA,price_ipp,8,0.03870826407834505,-0.21487057737131748,0.3745567922796676,-0.4162319259767171,0.5691181653686227,FALSE,FALSE
IRF,NA,NA,NA,NA,NA,NA,NA,NA,NA,NA,NA,z_jk_bs_norisk_cds,NA,NA,NA,NA,NA,NA,NA,NA,NA,NA,NA,NA,NA,NA,NA,price_ipp,9,0.0025501314395926593,-0.23892417991069284,0.35765160505438326,-0.41462543005680097,0.5378987487286894,FALSE,FALSE
IRF,NA,NA,NA,NA,NA,NA,NA,NA,NA,NA,NA,z_jk_bs_norisk_cds,NA,NA,NA,NA,NA,NA,NA,NA,NA,NA,NA,NA,NA,NA,NA,price_ipp,10,-0.067537438480582,-0.2909693119159742,0.2812206552026058,-0.5065711707846712,0.5024336157888152,FALSE,FALSE
IRF,NA,NA,NA,NA,NA,NA,NA,NA,NA,NA,NA,z_jk_bs_norisk_cds,NA,NA,NA,NA,NA,NA,NA,NA,NA,NA,NA,NA,NA,NA,NA,price_ipp,11,-0.1227138056920664,-0.3531732422645512,0.2479703236639907,-0.578076014625038,0.4551553903775248,FALSE,FALSE
IRF,NA,NA,NA,NA,NA,NA,NA,NA,NA,NA,NA,z_jk_bs_norisk_cds,NA,NA,NA,NA,NA,NA,NA,NA,NA,NA,NA,NA,NA,NA,NA,price_ipp,12,-0.18672491467368496,-0.40121080323052105,0.204371654282845,-0.6118052127038601,0.39176782162431145,FALSE,FALSE
IRF,NA,NA,NA,NA,NA,NA,NA,NA,NA,NA,NA,z_jk_bs_norisk_cds,NA,NA,NA,NA,NA,NA,NA,NA,NA,NA,NA,NA,NA,NA,NA,price_ipp,13,-0.23477081229067082,-0.43658089303907577,0.1610358349921932,-0.6570829834978021,0.36412785592079205,FALSE,FALSE
IRF,NA,NA,NA,NA,NA,NA,NA,NA,NA,NA,NA,z_jk_bs_norisk_cds,NA,NA,NA,NA,NA,NA,NA,NA,NA,NA,NA,NA,NA,NA,NA,price_ipp,14,-0.27162540794830503,-0.48219349587211857,0.12412925708282091,-0.7015987801157383,0.3324134615034277,FALSE,FALSE
IRF,NA,NA,NA,NA,NA,NA,NA,NA,NA,NA,NA,z_jk_bs_norisk_cds,NA,NA,NA,NA,NA,NA,NA,NA,NA,NA,NA,NA,NA,NA,NA,price_ipp,15,-0.30993711722724726,-0.502945020640995,0.08055305022386555,-0.7327185190939208,0.2834700364392848,FALSE,FALSE
IRF,NA,NA,NA,NA,NA,NA,NA,NA,NA,NA,NA,z_jk_bs_norisk_cds,NA,NA,NA,NA,NA,NA,NA,NA,NA,NA,NA,NA,NA,NA,NA,price_ipp,16,-0.335471644688083,-0.5160815018660583,0.05381876588676726,-0.7726556816508109,0.24560724991019361,FALSE,FALSE
IRF,NA,NA,NA,NA,NA,NA,NA,NA,NA,NA,NA,z_jk_bs_norisk_cds,NA,NA,NA,NA,NA,NA,NA,NA,NA,NA,NA,NA,NA,NA,NA,price_ipp,17,-0.3629041247972261,-0.5403002921265345,0.031756901760517764,-0.7941820883538528,0.22647967702936544,FALSE,FALSE
IRF,NA,NA,NA,NA,NA,NA,NA,NA,NA,NA,NA,z_jk_bs_norisk_cds,NA,NA,NA,NA,NA,NA,NA,NA,NA,NA,NA,NA,NA,NA,NA,price_ipp,18,-0.38272265349840406,-0.5554315181593752,0.010889120539543282,-0.8187893521240278,0.19419623649090598,FALSE,FALSE
IRF,NA,NA,NA,NA,NA,NA,NA,NA,NA,NA,NA,z_jk_bs_norisk_cds,NA,NA,NA,NA,NA,NA,NA,NA,NA,NA,NA,NA,NA,NA,NA,price_ipp,19,-0.39101706345499637,-0.5525426742502669,-0.008905301276932726,-0.8163815135764241,0.18150551790402467,TRUE,FALSE
IRF,NA,NA,NA,NA,NA,NA,NA,NA,NA,NA,NA,z_jk_bs_norisk_cds,NA,NA,NA,NA,NA,NA,NA,NA,NA,NA,NA,NA,NA,NA,NA,price_ipp,20,-0.39813098071652214,-0.5644316525405108,-0.014230803498224656,-0.8178339077829155,0.14659047097046446,TRUE,FALSE
IRF,NA,NA,NA,NA,NA,NA,NA,NA,NA,NA,NA,z_jk_bs_norisk_cds,NA,NA,NA,NA,NA,NA,NA,NA,NA,NA,NA,NA,NA,NA,NA,price_ipp,21,-0.39792688564766227,-0.56420976188589,-0.016138129927230883,-0.8221206983569328,0.13049952394529954,TRUE,FALSE
IRF,NA,NA,NA,NA,NA,NA,NA,NA,NA,NA,NA,z_jk_bs_norisk_cds,NA,NA,NA,NA,NA,NA,NA,NA,NA,NA,NA,NA,NA,NA,NA,price_ipp,22,-0.39388212538459194,-0.5575572195741542,-0.02675080781637483,-0.8392310642692482,0.12184723816060687,TRUE,FALSE
IRF,NA,NA,NA,NA,NA,NA,NA,NA,NA,NA,NA,z_jk_bs_norisk_cds,NA,NA,NA,NA,NA,NA,NA,NA,NA,NA,NA,NA,NA,NA,NA,price_ipp,23,-0.38839102246635526,-0.5616238964105871,-0.030054171743479487,-0.8148642215856997,0.13133762535431998,TRUE,FALSE
IRF,NA,NA,NA,NA,NA,NA,NA,NA,NA,NA,NA,z_jk_bs_norisk_cds,NA,NA,NA,NA,NA,NA,NA,NA,NA,NA,NA,NA,NA,NA,NA,price_ipp,24,-0.37790539934926615,-0.5526925493514647,-0.029726812386381044,-0.7982803568434588,0.12059709135127528,TRUE,FALSE
IRF,NA,NA,NA,NA,NA,NA,NA,NA,NA,NA,NA,z_jk_bs_norisk_cds,NA,NA,NA,NA,NA,NA,NA,NA,NA,NA,NA,NA,NA,NA,NA,price_ipp,25,-0.3644443755550268,-0.5349043847694571,-0.02910895290930561,-0.7726966395813809,0.13276743686655226,TRUE,FALSE
IRF,NA,NA,NA,NA,NA,NA,NA,NA,NA,NA,NA,z_jk_bs_norisk_cds,NA,NA,NA,NA,NA,NA,NA,NA,NA,NA,NA,NA,NA,NA,NA,price_ipp,26,-0.3485182343873273,-0.5187246553648276,-0.03286750329454022,-0.7700283624275641,0.13595881617317196,TRUE,FALSE
IRF,NA,NA,NA,NA,NA,NA,NA,NA,NA,NA,NA,z_jk_bs_norisk_cds,NA,NA,NA,NA,NA,NA,NA,NA,NA,NA,NA,NA,NA,NA,NA,price_ipp,27,-0.33014720067739406,-0.50920583975423,-0.02917039304414051,-0.7698701267808695,0.14752127505984095,TRUE,FALSE
IRF,NA,NA,NA,NA,NA,NA,NA,NA,NA,NA,NA,z_jk_bs_norisk_cds,NA,NA,NA,NA,NA,NA,NA,NA,NA,NA,NA,NA,NA,NA,NA,price_ipp,28,-0.3100797516082472,-0.4895547311427597,-0.01742338759977812,-0.7402963451005246,0.15324493879802936,TRUE,FALSE
IRF,NA,NA,NA,NA,NA,NA,NA,NA,NA,NA,NA,z_jk_bs_norisk_cds,NA,NA,NA,NA,NA,NA,NA,NA,NA,NA,NA,NA,NA,NA,NA,price_ipp,29,-0.2880441723028528,-0.46747237306232076,-0.0105213631935593,-0.7393870568925397,0.1665905205257967,TRUE,FALSE
IRF,NA,NA,NA,NA,NA,NA,NA,NA,NA,NA,NA,z_jk_bs_norisk_cds,NA,NA,NA,NA,NA,NA,NA,NA,NA,NA,NA,NA,NA,NA,NA,price_ipp,30,-0.2646019222704812,-0.44695601529024614,0.007692518626126917,-0.7177429890977016,0.16677050429621765,FALSE,FALSE
IRF,NA,NA,NA,NA,NA,NA,NA,NA,NA,NA,NA,z_jk_bs_norisk_cds,NA,NA,NA,NA,NA,NA,NA,NA,NA,NA,NA,NA,NA,NA,NA,price_ipp,31,-0.2398636384538461,-0.427379676979071,0.03122577719935808,-0.6792731209856243,0.1783861208735965,FALSE,FALSE
IRF,NA,NA,NA,NA,NA,NA,NA,NA,NA,NA,NA,z_jk_bs_norisk_cds,NA,NA,NA,NA,NA,NA,NA,NA,NA,NA,NA,NA,NA,NA,NA,price_ipp,32,-0.21414480385724652,-0.4109870695831329,0.04468228595329586,-0.6570043266644878,0.19734605238074152,FALSE,FALSE
IRF,NA,NA,NA,NA,NA,NA,NA,NA,NA,NA,NA,z_jk_bs_norisk_cds,NA,NA,NA,NA,NA,NA,NA,NA,NA,NA,NA,NA,NA,NA,NA,price_ipp,33,-0.18794172580889726,-0.39663365266120615,0.06527286242963544,-0.6410481390917784,0.22611169760827143,FALSE,FALSE
IRF,NA,NA,NA,NA,NA,NA,NA,NA,NA,NA,NA,z_jk_bs_norisk_cds,NA,NA,NA,NA,NA,NA,NA,NA,NA,NA,NA,NA,NA,NA,NA,price_ipp,34,-0.16124774854592777,-0.3802901511993793,0.08277448615023168,-0.6334754732775865,0.23966263295454157,FALSE,FALSE
IRF,NA,NA,NA,NA,NA,NA,NA,NA,NA,NA,NA,z_jk_bs_norisk_cds,NA,NA,NA,NA,NA,NA,NA,NA,NA,NA,NA,NA,NA,NA,NA,price_ipp,35,-0.13440216691418033,-0.35616640878762995,0.1032374991176111,-0.604669256405797,0.24270908039635447,FALSE,FALSE
IRF,NA,NA,NA,NA,NA,NA,NA,NA,NA,NA,NA,z_jk_bs_norisk_cds,NA,NA,NA,NA,NA,NA,NA,NA,NA,NA,NA,NA,NA,NA,NA,price_ipp,36,-0.10764572632502616,-0.3324672886497914,0.12149207654057174,-0.5673260300041142,0.25793308736180015,FALSE,FALSE
IRF,NA,NA,NA,NA,NA,NA,NA,NA,NA,NA,NA,z_jk_bs_norisk_cds,NA,NA,NA,NA,NA,NA,NA,NA,NA,NA,NA,NA,NA,NA,NA,price_ipp,37,-0.0811557678030436,-0.3025238276953281,0.14153427426433085,-0.5495700259406769,0.28084628989174737,FALSE,FALSE
IRF,NA,NA,NA,NA,NA,NA,NA,NA,NA,NA,NA,z_jk_bs_norisk_cds,NA,NA,NA,NA,NA,NA,NA,NA,NA,NA,NA,NA,NA,NA,NA,price_ipp,38,-0.05527737932367713,-0.2847471383546616,0.16072063933423797,-0.5160762346904484,0.3090817241227503,FALSE,FALSE
IRF,NA,NA,NA,NA,NA,NA,NA,NA,NA,NA,NA,z_jk_bs_norisk_cds,NA,NA,NA,NA,NA,NA,NA,NA,NA,NA,NA,NA,NA,NA,NA,price_ipp,39,-0.030158088983040652,-0.27366667782376614,0.18154303253047893,-0.48881876782648476,0.3379937092951808,FALSE,FALSE
IRF,NA,NA,NA,NA,NA,NA,NA,NA,NA,NA,NA,z_jk_bs_norisk_cds,NA,NA,NA,NA,NA,NA,NA,NA,NA,NA,NA,NA,NA,NA,NA,price_ipp,40,-0.005975346847267026,-0.25203831344853483,0.19756823450717262,-0.46545643809981985,0.36421463823196304,FALSE,FALSE
IRF,NA,NA,NA,NA,NA,NA,NA,NA,NA,NA,NA,z_jk_bs_norisk_cds,NA,NA,NA,NA,NA,NA,NA,NA,NA,NA,NA,NA,NA,NA,NA,price_ipp,41,0.01706784399450582,-0.2269104395431499,0.20939377683123095,-0.4474473713786797,0.37591942290301905,FALSE,FALSE
IRF,NA,NA,NA,NA,NA,NA,NA,NA,NA,NA,NA,z_jk_bs_norisk_cds,NA,NA,NA,NA,NA,NA,NA,NA,NA,NA,NA,NA,NA,NA,NA,price_ipp,42,0.0388435780609874,-0.2057886700772347,0.22672780466796505,-0.4263564047696144,0.3969641250347462,FALSE,FALSE
IRF,NA,NA,NA,NA,NA,NA,NA,NA,NA,NA,NA,z_jk_bs_norisk_cds,NA,NA,NA,NA,NA,NA,NA,NA,NA,NA,NA,NA,NA,NA,NA,price_ipp,43,0.05919985633618964,-0.19640157852010798,0.24421070277642568,-0.4046412678022516,0.4157099089454379,FALSE,FALSE
IRF,NA,NA,NA,NA,NA,NA,NA,NA,NA,NA,NA,z_jk_bs_norisk_cds,NA,NA,NA,NA,NA,NA,NA,NA,NA,NA,NA,NA,NA,NA,NA,price_ipp,44,0.0780230011680411,-0.1799328458886139,0.2645341697878994,-0.38446390565386346,0.42664919090868525,FALSE,FALSE
IRF,NA,NA,NA,NA,NA,NA,NA,NA,NA,NA,NA,z_jk_bs_norisk_cds,NA,NA,NA,NA,NA,NA,NA,NA,NA,NA,NA,NA,NA,NA,NA,price_ipp,45,0.0952295686062293,-0.16771111970200112,0.27911694227826556,-0.3641301905038932,0.4493125881406837,FALSE,FALSE
IRF,NA,NA,NA,NA,NA,NA,NA,NA,NA,NA,NA,z_jk_bs_norisk_cds,NA,NA,NA,NA,NA,NA,NA,NA,NA,NA,NA,NA,NA,NA,NA,price_ipp,46,0.11074839531051119,-0.1608964949613394,0.2987568620398705,-0.3525158381865089,0.4723893680773111,FALSE,FALSE
IRF,NA,NA,NA,NA,NA,NA,NA,NA,NA,NA,NA,z_jk_bs_norisk_cds,NA,NA,NA,NA,NA,NA,NA,NA,NA,NA,NA,NA,NA,NA,NA,price_ipp,47,0.12453601251799457,-0.15241734428423798,0.30518618269386877,-0.3369642318006944,0.49054939511318457,FALSE,FALSE
IRF,NA,NA,NA,NA,NA,NA,NA,NA,NA,NA,NA,z_jk_bs_norisk_cds,NA,NA,NA,NA,NA,NA,NA,NA,NA,NA,NA,NA,NA,NA,NA,price_ipp,48,0.13655621725548003,-0.14234023485973463,0.31266940381201874,-0.3131917541761619,0.5116478655621183,FALSE,FALSE
IRF,NA,NA,NA,NA,NA,NA,NA,NA,NA,NA,NA,z_jk_bs_norisk_mask,NA,NA,NA,NA,NA,NA,NA,NA,NA,NA,NA,NA,NA,NA,NA,yield_6m,0,0.005,0.005,0.005,0.005,0.005,TRUE,TRUE
IRF,NA,NA,NA,NA,NA,NA,NA,NA,NA,NA,NA,z_jk_bs_norisk_mask,NA,NA,NA,NA,NA,NA,NA,NA,NA,NA,NA,NA,NA,NA,NA,yield_6m,1,0.007094636242310597,0.005555747830932081,0.00839975040197881,0.00474766947227976,0.009849971778499606,TRUE,TRUE
IRF,NA,NA,NA,NA,NA,NA,NA,NA,NA,NA,NA,z_jk_bs_norisk_mask,NA,NA,NA,NA,NA,NA,NA,NA,NA,NA,NA,NA,NA,NA,NA,yield_6m,2,0.007332040618232103,0.0044865773355393206,0.008926538070793324,0.002891837306246602,0.010711740770622404,TRUE,TRUE
IRF,NA,NA,NA,NA,NA,NA,NA,NA,NA,NA,NA,z_jk_bs_norisk_mask,NA,NA,NA,NA,NA,NA,NA,NA,NA,NA,NA,NA,NA,NA,NA,yield_6m,3,0.007713359400389197,0.0040837339466744515,0.009594051138350355,0.001655961891183768,0.01155271811785674,TRUE,TRUE
IRF,NA,NA,NA,NA,NA,NA,NA,NA,NA,NA,NA,z_jk_bs_norisk_mask,NA,NA,NA,NA,NA,NA,NA,NA,NA,NA,NA,NA,NA,NA,NA,yield_6m,4,0.00617349875630807,0.0015474536669369448,0.008050232259066838,-0.0016788547002280455,0.01044618178037343,TRUE,FALSE
IRF,NA,NA,NA,NA,NA,NA,NA,NA,NA,NA,NA,z_jk_bs_norisk_mask,NA,NA,NA,NA,NA,NA,NA,NA,NA,NA,NA,NA,NA,NA,NA,yield_6m,5,0.005730579550993543,6.671065696890693e-4,0.00807393783595885,-0.0027272289022499435,0.010339156322597654,TRUE,FALSE
IRF,NA,NA,NA,NA,NA,NA,NA,NA,NA,NA,NA,z_jk_bs_norisk_mask,NA,NA,NA,NA,NA,NA,NA,NA,NA,NA,NA,NA,NA,NA,NA,yield_6m,6,0.006120737084173325,9.443916558101661e-4,0.009002114389102074,-0.0024761283267952083,0.011973695511338367,TRUE,FALSE
IRF,NA,NA,NA,NA,NA,NA,NA,NA,NA,NA,NA,z_jk_bs_norisk_mask,NA,NA,NA,NA,NA,NA,NA,NA,NA,NA,NA,NA,NA,NA,NA,yield_6m,7,0.006023794804617003,7.470306738866235e-4,0.009554022324785725,-0.002943933395952387,0.012754099324142464,TRUE,FALSE
IRF,NA,NA,NA,NA,NA,NA,NA,NA,NA,NA,NA,z_jk_bs_norisk_mask,NA,NA,NA,NA,NA,NA,NA,NA,NA,NA,NA,NA,NA,NA,NA,yield_6m,8,0.005858288523608823,5.869790225292624e-4,0.010204894155830719,-0.0034596692073314973,0.01378665127513591,TRUE,FALSE
IRF,NA,NA,NA,NA,NA,NA,NA,NA,NA,NA,NA,z_jk_bs_norisk_mask,NA,NA,NA,NA,NA,NA,NA,NA,NA,NA,NA,NA,NA,NA,NA,yield_6m,9,0.0056097635138361536,5.077085960112169e-4,0.010661342114150731,-0.0035347264247645093,0.014991438095944236,TRUE,FALSE
IRF,NA,NA,NA,NA,NA,NA,NA,NA,NA,NA,NA,z_jk_bs_norisk_mask,NA,NA,NA,NA,NA,NA,NA,NA,NA,NA,NA,NA,NA,NA,NA,yield_6m,10,0.005487224696257126,4.887791064833474e-4,0.011367987006650548,-0.0034631701278166867,0.015643876928933424,TRUE,FALSE
IRF,NA,NA,NA,NA,NA,NA,NA,NA,NA,NA,NA,z_jk_bs_norisk_mask,NA,NA,NA,NA,NA,NA,NA,NA,NA,NA,NA,NA,NA,NA,NA,yield_6m,11,0.005554096325382952,6.250667448046868e-4,0.012038078289460071,-0.0037762605658016968,0.01658906991482556,TRUE,FALSE
IRF,NA,NA,NA,NA,NA,NA,NA,NA,NA,NA,NA,z_jk_bs_norisk_mask,NA,NA,NA,NA,NA,NA,NA,NA,NA,NA,NA,NA,NA,NA,NA,yield_6m,12,0.005622411248018584,0.0010175992068913982,0.012804234964818719,-0.0033745167196615245,0.018341764656285026,TRUE,FALSE
IRF,NA,NA,NA,NA,NA,NA,NA,NA,NA,NA,NA,z_jk_bs_norisk_mask,NA,NA,NA,NA,NA,NA,NA,NA,NA,NA,NA,NA,NA,NA,NA,yield_6m,13,0.005697437169587004,0.00121620379375746,0.013672329469876768,-0.0031248359612759376,0.01905067200137267,TRUE,FALSE
IRF,NA,NA,NA,NA,NA,NA,NA,NA,NA,NA,NA,z_jk_bs_norisk_mask,NA,NA,NA,NA,NA,NA,NA,NA,NA,NA,NA,NA,NA,NA,NA,yield_6m,14,0.0056346951675288115,0.0011799944260870437,0.014164435015631397,-0.0034321928580288547,0.019976827208992683,TRUE,FALSE
IRF,NA,NA,NA,NA,NA,NA,NA,NA,NA,NA,NA,z_jk_bs_norisk_mask,NA,NA,NA,NA,NA,NA,NA,NA,NA,NA,NA,NA,NA,NA,NA,yield_6m,15,0.005605369410777085,0.0010967660424671848,0.014714639286249494,-0.0033778000078748737,0.02034932578426167,TRUE,FALSE
IRF,NA,NA,NA,NA,NA,NA,NA,NA,NA,NA,NA,z_jk_bs_norisk_mask,NA,NA,NA,NA,NA,NA,NA,NA,NA,NA,NA,NA,NA,NA,NA,yield_6m,16,0.0055667066427841595,9.234353231490124e-4,0.015167899248767835,-0.0035029322381406602,0.021295558578158687,TRUE,FALSE
IRF,NA,NA,NA,NA,NA,NA,NA,NA,NA,NA,NA,z_jk_bs_norisk_mask,NA,NA,NA,NA,NA,NA,NA,NA,NA,NA,NA,NA,NA,NA,NA,yield_6m,17,0.005439915694040169,7.21705500399771e-4,0.015084245026711528,-0.004076806532881326,0.021239547396269504,TRUE,FALSE
IRF,NA,NA,NA,NA,NA,NA,NA,NA,NA,NA,NA,z_jk_bs_norisk_mask,NA,NA,NA,NA,NA,NA,NA,NA,NA,NA,NA,NA,NA,NA,NA,yield_6m,18,0.005278482336414059,7.34676639805044e-4,0.01507907242304669,-0.004336800674727171,0.022226902440252452,TRUE,FALSE
IRF,NA,NA,NA,NA,NA,NA,NA,NA,NA,NA,NA,z_jk_bs_norisk_mask,NA,NA,NA,NA,NA,NA,NA,NA,NA,NA,NA,NA,NA,NA,NA,yield_6m,19,0.005004288465832041,3.1994985228381897e-4,0.014960166797393313,-0.004319438029303187,0.022406447392997873,TRUE,FALSE
IRF,NA,NA,NA,NA,NA,NA,NA,NA,NA,NA,NA,z_jk_bs_norisk_mask,NA,NA,NA,NA,NA,NA,NA,NA,NA,NA,NA,NA,NA,NA,NA,yield_6m,20,0.0046406466004000205,-2.2601787653594876e-4,0.014773191099595582,-0.005328945459504766,0.02216730160866989,FALSE,FALSE
IRF,NA,NA,NA,NA,NA,NA,NA,NA,NA,NA,NA,z_jk_bs_norisk_mask,NA,NA,NA,NA,NA,NA,NA,NA,NA,NA,NA,NA,NA,NA,NA,yield_6m,21,0.004243954195925322,-7.482187567471231e-4,0.014560361264638923,-0.005503686702164574,0.022377860828330758,FALSE,FALSE
IRF,NA,NA,NA,NA,NA,NA,NA,NA,NA,NA,NA,z_jk_bs_norisk_mask,NA,NA,NA,NA,NA,NA,NA,NA,NA,NA,NA,NA,NA,NA,NA,yield_6m,22,0.0037790289539410995,-0.001504374383567735,0.014163793579311298,-0.006757218947493298,0.02147884521103941,FALSE,FALSE
IRF,NA,NA,NA,NA,NA,NA,NA,NA,NA,NA,NA,z_jk_bs_norisk_mask,NA,NA,NA,NA,NA,NA,NA,NA,NA,NA,NA,NA,NA,NA,NA,yield_6m,23,0.003253390005521257,-0.0020455253756481964,0.01356007599806142,-0.007505574492598247,0.020665596745270527,FALSE,FALSE
IRF,NA,NA,NA,NA,NA,NA,NA,NA,NA,NA,NA,z_jk_bs_norisk_mask,NA,NA,NA,NA,NA,NA,NA,NA,NA,NA,NA,NA,NA,NA,NA,yield_6m,24,0.002673106470404751,-0.0028267675772391315,0.012945113427546279,-0.008410837375981547,0.019886008805081998,FALSE,FALSE
IRF,NA,NA,NA,NA,NA,NA,NA,NA,NA,NA,NA,z_jk_bs_norisk_mask,NA,NA,NA,NA,NA,NA,NA,NA,NA,NA,NA,NA,NA,NA,NA,yield_6m,25,0.002040938652666482,-0.0034715441680658495,0.012311854531274036,-0.00947971150067018,0.019084168590179397,FALSE,FALSE
IRF,NA,NA,NA,NA,NA,NA,NA,NA,NA,NA,NA,z_jk_bs_norisk_mask,NA,NA,NA,NA,NA,NA,NA,NA,NA,NA,NA,NA,NA,NA,NA,yield_6m,26,0.001375308978650011,-0.004181067359446756,0.011518098332542762,-0.010305207183783402,0.018499460535298867,FALSE,FALSE
IRF,NA,NA,NA,NA,NA,NA,NA,NA,NA,NA,NA,z_jk_bs_norisk_mask,NA,NA,NA,NA,NA,NA,NA,NA,NA,NA,NA,NA,NA,NA,NA,yield_6m,27,6.848035226635237e-4,-0.004815329213369895,0.010654920650948774,-0.010492930252861438,0.01730218255609642,FALSE,FALSE
IRF,NA,NA,NA,NA,NA,NA,NA,NA,NA,NA,NA,z_jk_bs_norisk_mask,NA,NA,NA,NA,NA,NA,NA,NA,NA,NA,NA,NA,NA,NA,NA,yield_6m,28,-2.2633353838963976e-5,-0.005543447754087994,0.009694455528414242,-0.010858928410141081,0.01631650062087593,FALSE,FALSE
IRF,NA,NA,NA,NA,NA,NA,NA,NA,NA,NA,NA,z_jk_bs_norisk_mask,NA,NA,NA,NA,NA,NA,NA,NA,NA,NA,NA,NA,NA,NA,NA,yield_6m,29,-7.417793010591169e-4,-0.00611297189095217,0.008755024151865364,-0.011788357128420052,0.015625060406236613,FALSE,FALSE
IRF,NA,NA,NA,NA,NA,NA,NA,NA,NA,NA,NA,z_jk_bs_norisk_mask,NA,NA,NA,NA,NA,NA,NA,NA,NA,NA,NA,NA,NA,NA,NA,yield_6m,30,-0.0014654099852092614,-0.006858632783856167,0.007913069062111314,-0.012758191806669171,0.014533317537492008,FALSE,FALSE
IRF,NA,NA,NA,NA,NA,NA,NA,NA,NA,NA,NA,z_jk_bs_norisk_mask,NA,NA,NA,NA,NA,NA,NA,NA,NA,NA,NA,NA,NA,NA,NA,yield_6m,31,-0.0021819907222201526,-0.00789651817051066,0.007106044089656826,-0.013624123866693974,0.013463167230741091,FALSE,FALSE
IRF,NA,NA,NA,NA,NA,NA,NA,NA,NA,NA,NA,z_jk_bs_norisk_mask,NA,NA,NA,NA,NA,NA,NA,NA,NA,NA,NA,NA,NA,NA,NA,yield_6m,32,-0.002884493738166098,-0.008647534176872355,0.0062210143555630005,-0.014871859395966833,0.012042313529853984,FALSE,FALSE
IRF,NA,NA,NA,NA,NA,NA,NA,NA,NA,NA,NA,z_jk_bs_norisk_mask,NA,NA,NA,NA,NA,NA,NA,NA,NA,NA,NA,NA,NA,NA,NA,yield_6m,33,-0.0035652463396928236,-0.00929114890921036,0.005446221489039114,-0.015677185322657758,0.01084143610323784,FALSE,FALSE
IRF,NA,NA,NA,NA,NA,NA,NA,NA,NA,NA,NA,z_jk_bs_norisk_mask,NA,NA,NA,NA,NA,NA,NA,NA,NA,NA,NA,NA,NA,NA,NA,yield_6m,34,-0.004218557568076622,-0.009696112245433888,0.0044612517531030845,-0.016395485144143004,0.0098785748779964,FALSE,FALSE
IRF,NA,NA,NA,NA,NA,NA,NA,NA,NA,NA,NA,z_jk_bs_norisk_mask,NA,NA,NA,NA,NA,NA,NA,NA,NA,NA,NA,NA,NA,NA,NA,yield_6m,35,-0.004839997156363433,-0.010110287826707457,0.003579981412115325,-0.016958434713458367,0.009193556764757603,FALSE,FALSE
IRF,NA,NA,NA,NA,NA,NA,NA,NA,NA,NA,NA,z_jk_bs_norisk_mask,NA,NA,NA,NA,NA,NA,NA,NA,NA,NA,NA,NA,NA,NA,NA,yield_6m,36,-0.005423149407374441,-0.010590465508587284,0.002856253851652656,-0.01789232059968829,0.008211906111565862,FALSE,FALSE
IRF,NA,NA,NA,NA,NA,NA,NA,NA,NA,NA,NA,z_jk_bs_norisk_mask,NA,NA,NA,NA,NA,NA,NA,NA,NA,NA,NA,NA,NA,NA,NA,yield_6m,37,-0.0059634194409786115,-0.011099252834644052,0.0020462860004723453,-0.018302821286212308,0.0074138530208568655,FALSE,FALSE
IRF,NA,NA,NA,NA,NA,NA,NA,NA,NA,NA,NA,z_jk_bs_norisk_mask,NA,NA,NA,NA,NA,NA,NA,NA,NA,NA,NA,NA,NA,NA,NA,yield_6m,38,-0.00645702575607561,-0.01168229660763881,0.0015927074165621496,-0.019254581714265844,0.006554888156995467,FALSE,FALSE
IRF,NA,NA,NA,NA,NA,NA,NA,NA,NA,NA,NA,z_jk_bs_norisk_mask,NA,NA,NA,NA,NA,NA,NA,NA,NA,NA,NA,NA,NA,NA,NA,yield_6m,39,-0.006900520092777727,-0.011724537971594014,0.0010904460702734064,-0.019894291070410765,0.00607277695295057,FALSE,FALSE
IRF,NA,NA,NA,NA,NA,NA,NA,NA,NA,NA,NA,z_jk_bs_norisk_mask,NA,NA,NA,NA,NA,NA,NA,NA,NA,NA,NA,NA,NA,NA,NA,yield_6m,40,-0.007291833901229274,-0.01219030332190544,5.966544782087447e-4,-0.02009339166738478,0.005805951647397192,FALSE,FALSE
IRF,NA,NA,NA,NA,NA,NA,NA,NA,NA,NA,NA,z_jk_bs_norisk_mask,NA,NA,NA,NA,NA,NA,NA,NA,NA,NA,NA,NA,NA,NA,NA,yield_6m,41,-0.007629014450696789,-0.01247698348333712,3.3283959691560796e-4,-0.0202708274001142,0.004983319628201893,FALSE,FALSE
IRF,NA,NA,NA,NA,NA,NA,NA,NA,NA,NA,NA,z_jk_bs_norisk_mask,NA,NA,NA,NA,NA,NA,NA,NA,NA,NA,NA,NA,NA,NA,NA,yield_6m,42,-0.007910559849639844,-0.012869552440360019,-1.1885531528095514e-4,-0.020393677755855544,0.004831640495106284,TRUE,FALSE
IRF,NA,NA,NA,NA,NA,NA,NA,NA,NA,NA,NA,z_jk_bs_norisk_mask,NA,NA,NA,NA,NA,NA,NA,NA,NA,NA,NA,NA,NA,NA,NA,yield_6m,43,-0.008135731375313943,-0.013356759890681311,-3.537207204646266e-4,-0.02050269980601187,0.004189058080639377,TRUE,FALSE
IRF,NA,NA,NA,NA,NA,NA,NA,NA,NA,NA,NA,z_jk_bs_norisk_mask,NA,NA,NA,NA,NA,NA,NA,NA,NA,NA,NA,NA,NA,NA,NA,yield_6m,44,-0.008304390983212432,-0.013445275114157997,-4.891555481276821e-4,-0.02024403895117459,0.0034941417770822255,TRUE,FALSE
IRF,NA,NA,NA,NA,NA,NA,NA,NA,NA,NA,NA,z_jk_bs_norisk_mask,NA,NA,NA,NA,NA,NA,NA,NA,NA,NA,NA,NA,NA,NA,NA,yield_6m,45,-0.008417074082820677,-0.013763075752921145,-6.923143730976495e-4,-0.02002370487290573,0.0029813286132804287,TRUE,FALSE
IRF,NA,NA,NA,NA,NA,NA,NA,NA,NA,NA,NA,z_jk_bs_norisk_mask,NA,NA,NA,NA,NA,NA,NA,NA,NA,NA,NA,NA,NA,NA,NA,yield_6m,46,-0.008474718257422239,-0.013717371733581916,-9.870004539900255e-4,-0.02034883286649506,0.0029839717696727506,TRUE,FALSE
IRF,NA,NA,NA,NA,NA,NA,NA,NA,NA,NA,NA,z_jk_bs_norisk_mask,NA,NA,NA,NA,NA,NA,NA,NA,NA,NA,NA,NA,NA,NA,NA,yield_6m,47,-0.00847871022661731,-0.013914324795949357,-9.501936679733857e-4,-0.0211938474122622,0.0027449301454675603,TRUE,FALSE
IRF,NA,NA,NA,NA,NA,NA,NA,NA,NA,NA,NA,z_jk_bs_norisk_mask,NA,NA,NA,NA,NA,NA,NA,NA,NA,NA,NA,NA,NA,NA,NA,yield_6m,48,-0.00843089124443884,-0.014020674934303055,-0.0011376653883481214,-0.02045031467261191,0.002857450162820151,TRUE,FALSE
IRF,NA,NA,NA,NA,NA,NA,NA,NA,NA,NA,NA,z_jk_bs_norisk_mask,NA,NA,NA,NA,NA,NA,NA,NA,NA,NA,NA,NA,NA,NA,NA,yield_2y,0,0.010818864375381872,0.009554981348812018,0.013644982975686807,0.00876155501867519,0.01745734599674971,TRUE,TRUE
IRF,NA,NA,NA,NA,NA,NA,NA,NA,NA,NA,NA,z_jk_bs_norisk_mask,NA,NA,NA,NA,NA,NA,NA,NA,NA,NA,NA,NA,NA,NA,NA,yield_2y,1,0.01347686834595018,0.010814611525168775,0.016991694581885264,0.009567589179015606,0.02309764812019931,TRUE,TRUE
IRF,NA,NA,NA,NA,NA,NA,NA,NA,NA,NA,NA,z_jk_bs_norisk_mask,NA,NA,NA,NA,NA,NA,NA,NA,NA,NA,NA,NA,NA,NA,NA,yield_2y,2,0.01296334107278305,0.009125689301024873,0.015983450096127103,0.007735349883528312,0.02080993824271039,TRUE,TRUE
IRF,NA,NA,NA,NA,NA,NA,NA,NA,NA,NA,NA,z_jk_bs_norisk_mask,NA,NA,NA,NA,NA,NA,NA,NA,NA,NA,NA,NA,NA,NA,NA,yield_2y,3,0.013685298197925777,0.009150029108658173,0.01665075600480244,0.007029050967768749,0.022278655519355418,TRUE,TRUE
IRF,NA,NA,NA,NA,NA,NA,NA,NA,NA,NA,NA,z_jk_bs_norisk_mask,NA,NA,NA,NA,NA,NA,NA,NA,NA,NA,NA,NA,NA,NA,NA,yield_2y,4,0.011785138055389664,0.006520320435583534,0.014160875149894397,0.003963620952836804,0.018954592618027278,TRUE,TRUE
IRF,NA,NA,NA,NA,NA,NA,NA,NA,NA,NA,NA,z_jk_bs_norisk_mask,NA,NA,NA,NA,NA,NA,NA,NA,NA,NA,NA,NA,NA,NA,NA,yield_2y,5,0.010791944071458082,0.0051422829128390255,0.01360811127712668,0.0024012498939434365,0.017892759833791873,TRUE,TRUE
IRF,NA,NA,NA,NA,NA,NA,NA,NA,NA,NA,NA,z_jk_bs_norisk_mask,NA,NA,NA,NA,NA,NA,NA,NA,NA,NA,NA,NA,NA,NA,NA,yield_2y,6,0.011488057201666069,0.005827746397490947,0.015041787558455021,0.0029207901599491255,0.020177725428788734,TRUE,TRUE
IRF,NA,NA,NA,NA,NA,NA,NA,NA,NA,NA,NA,z_jk_bs_norisk_mask,NA,NA,NA,NA,NA,NA,NA,NA,NA,NA,NA,NA,NA,NA,NA,yield_2y,7,0.010895747560004712,0.005076948056903243,0.014985888901656703,0.0018226849413563212,0.020620109876250743,TRUE,TRUE
IRF,NA,NA,NA,NA,NA,NA,NA,NA,NA,NA,NA,z_jk_bs_norisk_mask,NA,NA,NA,NA,NA,NA,NA,NA,NA,NA,NA,NA,NA,NA,NA,yield_2y,8,0.009787954884760548,0.003968878124257797,0.014632804413946399,2.842106341624377e-4,0.01979616836155686,TRUE,TRUE
IRF,NA,NA,NA,NA,NA,NA,NA,NA,NA,NA,NA,z_jk_bs_norisk_mask,NA,NA,NA,NA,NA,NA,NA,NA,NA,NA,NA,NA,NA,NA,NA,yield_2y,9,0.008956719347203395,0.0032577565701804095,0.01472349138656865,-2.26292553633891e-4,0.020113574871677937,TRUE,FALSE
IRF,NA,NA,NA,NA,NA,NA,NA,NA,NA,NA,NA,z_jk_bs_norisk_mask,NA,NA,NA,NA,NA,NA,NA,NA,NA,NA,NA,NA,NA,NA,NA,yield_2y,10,0.00826545599010253,0.0026340241222775696,0.014643759003415854,-0.0014060613403037421,0.021091324255698724,TRUE,FALSE
IRF,NA,NA,NA,NA,NA,NA,NA,NA,NA,NA,NA,z_jk_bs_norisk_mask,NA,NA,NA,NA,NA,NA,NA,NA,NA,NA,NA,NA,NA,NA,NA,yield_2y,11,0.007836985070552548,0.0024234246045963487,0.014927432380771065,-0.0014680641929388488,0.021909731914458233,TRUE,FALSE
IRF,NA,NA,NA,NA,NA,NA,NA,NA,NA,NA,NA,z_jk_bs_norisk_mask,NA,NA,NA,NA,NA,NA,NA,NA,NA,NA,NA,NA,NA,NA,NA,yield_2y,12,0.007417701042854871,0.002294177315914569,0.015486193330016051,-0.002090511854208268,0.022641786244595202,TRUE,FALSE
IRF,NA,NA,NA,NA,NA,NA,NA,NA,NA,NA,NA,z_jk_bs_norisk_mask,NA,NA,NA,NA,NA,NA,NA,NA,NA,NA,NA,NA,NA,NA,NA,yield_2y,13,0.006978560981717244,0.0020738825727581248,0.015639780313851742,-0.0025924763155005448,0.022607078982212817,TRUE,FALSE
IRF,NA,NA,NA,NA,NA,NA,NA,NA,NA,NA,NA,z_jk_bs_norisk_mask,NA,NA,NA,NA,NA,NA,NA,NA,NA,NA,NA,NA,NA,NA,NA,yield_2y,14,0.006424044388661854,0.0013515907453980484,0.015555730725483264,-0.003544771847502303,0.022400129170413872,TRUE,FALSE
IRF,NA,NA,NA,NA,NA,NA,NA,NA,NA,NA,NA,z_jk_bs_norisk_mask,NA,NA,NA,NA,NA,NA,NA,NA,NA,NA,NA,NA,NA,NA,NA,yield_2y,15,0.0059865057115984725,0.00104668224157015,0.015556307947255975,-0.0043632055733153815,0.022763983052065853,TRUE,FALSE
IRF,NA,NA,NA,NA,NA,NA,NA,NA,NA,NA,NA,z_jk_bs_norisk_mask,NA,NA,NA,NA,NA,NA,NA,NA,NA,NA,NA,NA,NA,NA,NA,yield_2y,16,0.005636342434432901,6.379333038800381e-4,0.015873888231608138,-0.004662620883251876,0.022733681785134897,TRUE,FALSE
IRF,NA,NA,NA,NA,NA,NA,NA,NA,NA,NA,NA,z_jk_bs_norisk_mask,NA,NA,NA,NA,NA,NA,NA,NA,NA,NA,NA,NA,NA,NA,NA,yield_2y,17,0.005172485233222004,1.006671201444156e-4,0.01572881669371889,-0.004811256156854026,0.022811864897143874,TRUE,FALSE
IRF,NA,NA,NA,NA,NA,NA,NA,NA,NA,NA,NA,z_jk_bs_norisk_mask,NA,NA,NA,NA,NA,NA,NA,NA,NA,NA,NA,NA,NA,NA,NA,yield_2y,18,0.004701109493897256,-3.9122942922652633e-4,0.01535541755832145,-0.00501699266555093,0.022061237574719027,FALSE,FALSE
IRF,NA,NA,NA,NA,NA,NA,NA,NA,NA,NA,NA,z_jk_bs_norisk_mask,NA,NA,NA,NA,NA,NA,NA,NA,NA,NA,NA,NA,NA,NA,NA,yield_2y,19,0.004146427176112985,-0.0011897965104209582,0.014867226835391002,-0.005981632452199185,0.021774468144213313,FALSE,FALSE
IRF,NA,NA,NA,NA,NA,NA,NA,NA,NA,NA,NA,z_jk_bs_norisk_mask,NA,NA,NA,NA,NA,NA,NA,NA,NA,NA,NA,NA,NA,NA,NA,yield_2y,20,0.0035064932331389997,-0.0017910724351093304,0.014541992669662636,-0.00687190403053937,0.021598374268858935,FALSE,FALSE
IRF,NA,NA,NA,NA,NA,NA,NA,NA,NA,NA,NA,z_jk_bs_norisk_mask,NA,NA,NA,NA,NA,NA,NA,NA,NA,NA,NA,NA,NA,NA,NA,yield_2y,21,0.00288658882256857,-0.0026921569230621122,0.014065220237873315,-0.007518700496321734,0.02090666090143101,FALSE,FALSE
IRF,NA,NA,NA,NA,NA,NA,NA,NA,NA,NA,NA,z_jk_bs_norisk_mask,NA,NA,NA,NA,NA,NA,NA,NA,NA,NA,NA,NA,NA,NA,NA,yield_2y,22,0.002229063106356891,-0.003249661603132142,0.013258080505134582,-0.008581807924887247,0.019902634371389123,FALSE,FALSE
IRF,NA,NA,NA,NA,NA,NA,NA,NA,NA,NA,NA,z_jk_bs_norisk_mask,NA,NA,NA,NA,NA,NA,NA,NA,NA,NA,NA,NA,NA,NA,NA,yield_2y,23,0.0015130819108413827,-0.0038654733360524223,0.012178950098042714,-0.0097333487024156215,0.019242701736041444,FALSE,FALSE
IRF,NA,NA,NA,NA,NA,NA,NA,NA,NA,NA,NA,z_jk_bs_norisk_mask,NA,NA,NA,NA,NA,NA,NA,NA,NA,NA,NA,NA,NA,NA,NA,yield_2y,24,7.660195663238914e-4,-0.004823600062102116,0.011274458715601014,-0.010959921763295357,0.018254639629567828,FALSE,FALSE
IRF,NA,NA,NA,NA,NA,NA,NA,NA,NA,NA,NA,z_jk_bs_norisk_mask,NA,NA,NA,NA,NA,NA,NA,NA,NA,NA,NA,NA,NA,NA,NA,yield_2y,25,-8.737158681272853e-6,-0.005243390638361034,0.010398681426900749,-0.011287809949146466,0.01747948201948581,FALSE,FALSE
IRF,NA,NA,NA,NA,NA,NA,NA,NA,NA,NA,NA,z_jk_bs_norisk_mask,NA,NA,NA,NA,NA,NA,NA,NA,NA,NA,NA,NA,NA,NA,NA,yield_2y,26,-7.93180006689925e-4,-0.006005139250436575,0.009425059622005823,-0.012488253082765858,0.016456676477920935,FALSE,FALSE
IRF,NA,NA,NA,NA,NA,NA,NA,NA,NA,NA,NA,z_jk_bs_norisk_mask,NA,NA,NA,NA,NA,NA,NA,NA,NA,NA,NA,NA,NA,NA,NA,yield_2y,27,-0.0015756366496679627,-0.0065818805377877545,0.00848849815535255,-0.013005252357709277,0.015657415935167902,FALSE,FALSE
IRF,NA,NA,NA,NA,NA,NA,NA,NA,NA,NA,NA,z_jk_bs_norisk_mask,NA,NA,NA,NA,NA,NA,NA,NA,NA,NA,NA,NA,NA,NA,NA,yield_2y,28,-0.002352282365914264,-0.007335570488235107,0.007418684726133184,-0.014008801660966973,0.014333868979010341,FALSE,FALSE
IRF,NA,NA,NA,NA,NA,NA,NA,NA,NA,NA,NA,z_jk_bs_norisk_mask,NA,NA,NA,NA,NA,NA,NA,NA,NA,NA,NA,NA,NA,NA,NA,yield_2y,29,-0.0031195686560755538,-0.008088716104168867,0.006510422944817244,-0.015063260192422321,0.013578649902502503,FALSE,FALSE
IRF,NA,NA,NA,NA,NA,NA,NA,NA,NA,NA,NA,z_jk_bs_norisk_mask,NA,NA,NA,NA,NA,NA,NA,NA,NA,NA,NA,NA,NA,NA,NA,yield_2y,30,-0.0038696852876541166,-0.00878151975809625,0.005716849496919913,-0.015559129003401229,0.012460322432183705,FALSE,FALSE
IRF,NA,NA,NA,NA,NA,NA,NA,NA,NA,NA,NA,z_jk_bs_norisk_mask,NA,NA,NA,NA,NA,NA,NA,NA,NA,NA,NA,NA,NA,NA,NA,yield_2y,31,-0.004589272570830918,-0.009542615415423537,0.004924133984479128,-0.01646898433595222,0.011156275142809858,FALSE,FALSE
IRF,NA,NA,NA,NA,NA,NA,NA,NA,NA,NA,NA,z_jk_bs_norisk_mask,NA,NA,NA,NA,NA,NA,NA,NA,NA,NA,NA,NA,NA,NA,NA,yield_2y,32,-0.00527238741475882,-0.010172855615414167,0.004299091695089775,-0.017340831658972346,0.00994287482639193,FALSE,FALSE
IRF,NA,NA,NA,NA,NA,NA,NA,NA,NA,NA,NA,z_jk_bs_norisk_mask,NA,NA,NA,NA,NA,NA,NA,NA,NA,NA,NA,NA,NA,NA,NA,yield_2y,33,-0.005913781677373425,-0.010869928732794725,0.0033424308681887964,-0.018286048525225338,0.008923404325093151,FALSE,FALSE
IRF,NA,NA,NA,NA,NA,NA,NA,NA,NA,NA,NA,z_jk_bs_norisk_mask,NA,NA,NA,NA,NA,NA,NA,NA,NA,NA,NA,NA,NA,NA,NA,yield_2y,34,-0.006508947736960333,-0.011484022853834652,0.0024850852313964655,-0.0191188265339076,0.007802307492774155,FALSE,FALSE
IRF,NA,NA,NA,NA,NA,NA,NA,NA,NA,NA,NA,z_jk_bs_norisk_mask,NA,NA,NA,NA,NA,NA,NA,NA,NA,NA,NA,NA,NA,NA,NA,yield_2y,35,-0.007055596034346745,-0.011900793855720614,0.0019615008428684345,-0.019987829302307605,0.007598172161187506,FALSE,FALSE
IRF,NA,NA,NA,NA,NA,NA,NA,NA,NA,NA,NA,z_jk_bs_norisk_mask,NA,NA,NA,NA,NA,NA,NA,NA,NA,NA,NA,NA,NA,NA,NA,yield_2y,36,-0.007548148269313832,-0.012372653547996292,0.0012200417332247481,-0.02133576760263078,0.00640087658117783,FALSE,FALSE
IRF,NA,NA,NA,NA,NA,NA,NA,NA,NA,NA,NA,z_jk_bs_norisk_mask,NA,NA,NA,NA,NA,NA,NA,NA,NA,NA,NA,NA,NA,NA,NA,yield_2y,37,-0.007983108631719095,-0.012630939780069843,5.473396304039177e-4,-0.021427741089932846,0.005936583914936605,FALSE,FALSE
IRF,NA,NA,NA,NA,NA,NA,NA,NA,NA,NA,NA,z_jk_bs_norisk_mask,NA,NA,NA,NA,NA,NA,NA,NA,NA,NA,NA,NA,NA,NA,NA,yield_2y,38,-0.008359176709918708,-0.012832770300021383,2.2838366592048824e-4,-0.022097063272071376,0.00569157707004238,FALSE,FALSE
IRF,NA,NA,NA,NA,NA,NA,NA,NA,NA,NA,NA,z_jk_bs_norisk_mask,NA,NA,NA,NA,NA,NA,NA,NA,NA,NA,NA,NA,NA,NA,NA,yield_2y,39,-0.008674679337736598,-0.01320455952805016,8.891409535266405e-6,-0.022172431571738704,0.005586097290711353,FALSE,FALSE
IRF,NA,NA,NA,NA,NA,NA,NA,NA,NA,NA,NA,z_jk_bs_norisk_mask,NA,NA,NA,NA,NA,NA,NA,NA,NA,NA,NA,NA,NA,NA,NA,yield_2y,40,-0.008929365281007332,-0.01415468892754473,-2.208595043953603e-4,-0.021900119701496433,0.004816523603324251,TRUE,FALSE
IRF,NA,NA,NA,NA,NA,NA,NA,NA,NA,NA,NA,z_jk_bs_norisk_mask,NA,NA,NA,NA,NA,NA,NA,NA,NA,NA,NA,NA,NA,NA,NA,yield_2y,41,-0.009123200284374636,-0.014573835477502961,-4.6800294870985663e-4,-0.02164268678058387,0.0041265420057997855,TRUE,FALSE
IRF,NA,NA,NA,NA,NA,NA,NA,NA,NA,NA,NA,z_jk_bs_norisk_mask,NA,NA,NA,NA,NA,NA,NA,NA,NA,NA,NA,NA,NA,NA,NA,yield_2y,42,-0.009256192998030209,-0.014761078981052377,-6.726940784870902e-4,-0.021261881022954746,0.0038060361575448284,TRUE,FALSE
IRF,NA,NA,NA,NA,NA,NA,NA,NA,NA,NA,NA,z_jk_bs_norisk_mask,NA,NA,NA,NA,NA,NA,NA,NA,NA,NA,NA,NA,NA,NA,NA,yield_2y,43,-0.009329307110698428,-0.014764763756146887,-8.955450380135651e-4,-0.02166973722349261,0.0033743701155573612,TRUE,FALSE
IRF,NA,NA,NA,NA,NA,NA,NA,NA,NA,NA,NA,z_jk_bs_norisk_mask,NA,NA,NA,NA,NA,NA,NA,NA,NA,NA,NA,NA,NA,NA,NA,yield_2y,44,-0.009344163133936014,-0.014942819310230908,-9.354124110880738e-4,-0.02217784152371637,0.0032541001271676156,TRUE,FALSE
IRF,NA,NA,NA,NA,NA,NA,NA,NA,NA,NA,NA,z_jk_bs_norisk_mask,NA,NA,NA,NA,NA,NA,NA,NA,NA,NA,NA,NA,NA,NA,NA,yield_2y,45,-0.009302895973735383,-0.01487726659465292,-9.679731726272984e-4,-0.022180529318826248,0.0030890573394156324,TRUE,FALSE
IRF,NA,NA,NA,NA,NA,NA,NA,NA,NA,NA,NA,z_jk_bs_norisk_mask,NA,NA,NA,NA,NA,NA,NA,NA,NA,NA,NA,NA,NA,NA,NA,yield_2y,46,-0.009207886429447348,-0.014949074166691492,-0.0010144588447321657,-0.022058189491292325,0.0032514962515044947,TRUE,FALSE
IRF,NA,NA,NA,NA,NA,NA,NA,NA,NA,NA,NA,z_jk_bs_norisk_mask,NA,NA,NA,NA,NA,NA,NA,NA,NA,NA,NA,NA,NA,NA,NA,yield_2y,47,-0.009061824210108293,-0.014745707881541734,-0.0010037957097245817,-0.02252844833585437,0.003348273847011387,TRUE,FALSE
IRF,NA,NA,NA,NA,NA,NA,NA,NA,NA,NA,NA,z_jk_bs_norisk_mask,NA,NA,NA,NA,NA,NA,NA,NA,NA,NA,NA,NA,NA,NA,NA,yield_2y,48,-0.00886779559859268,-0.014392455645923157,-0.001087812811079267,-0.021982110410871492,0.003074035609248163,TRUE,FALSE
IRF,NA,NA,NA,NA,NA,NA,NA,NA,NA,NA,NA,z_jk_bs_norisk_mask,NA,NA,NA,NA,NA,NA,NA,NA,NA,NA,NA,NA,NA,NA,NA,yield_5y,0,0.013595247155980475,0.011771919569044931,0.01844753591723104,0.01044700439673003,0.026468975010505304,TRUE,TRUE
IRF,NA,NA,NA,NA,NA,NA,NA,NA,NA,NA,NA,z_jk_bs_norisk_mask,NA,NA,NA,NA,NA,NA,NA,NA,NA,NA,NA,NA,NA,NA,NA,yield_5y,1,0.015596365843269627,0.012487917149118507,0.021308044455734275,0.010916377170734914,0.029684035703995457,TRUE,TRUE
IRF,NA,NA,NA,NA,NA,NA,NA,NA,NA,NA,NA,z_jk_bs_norisk_mask,NA,NA,NA,NA,NA,NA,NA,NA,NA,NA,NA,NA,NA,NA,NA,yield_5y,2,0.01394453753190633,0.010070795888908959,0.018537275379851007,0.008680029250991388,0.025563377550606795,TRUE,TRUE
IRF,NA,NA,NA,NA,NA,NA,NA,NA,NA,NA,NA,z_jk_bs_norisk_mask,NA,NA,NA,NA,NA,NA,NA,NA,NA,NA,NA,NA,NA,NA,NA,yield_5y,3,0.014804364618008504,0.010201008035397585,0.01889827999266336,0.008344586709304751,0.025924053177104698,TRUE,TRUE
IRF,NA,NA,NA,NA,NA,NA,NA,NA,NA,NA,NA,z_jk_bs_norisk_mask,NA,NA,NA,NA,NA,NA,NA,NA,NA,NA,NA,NA,NA,NA,NA,yield_5y,4,0.012900957358194368,0.007865735900885112,0.01645953796992323,0.0057616380443749875,0.022143040401895353,TRUE,TRUE
IRF,NA,NA,NA,NA,NA,NA,NA,NA,NA,NA,NA,z_jk_bs_norisk_mask,NA,NA,NA,NA,NA,NA,NA,NA,NA,NA,NA,NA,NA,NA,NA,yield_5y,5,0.011682795727074318,0.006283961151029458,0.015191619222886803,0.004028650860011802,0.020599486573364734,TRUE,TRUE
IRF,NA,NA,NA,NA,NA,NA,NA,NA,NA,NA,NA,z_jk_bs_norisk_mask,NA,NA,NA,NA,NA,NA,NA,NA,NA,NA,NA,NA,NA,NA,NA,yield_5y,6,0.012417593768769487,0.007172995220190583,0.01660803666184354,0.004697353061733279,0.022412792745224876,TRUE,TRUE
IRF,NA,NA,NA,NA,NA,NA,NA,NA,NA,NA,NA,z_jk_bs_norisk_mask,NA,NA,NA,NA,NA,NA,NA,NA,NA,NA,NA,NA,NA,NA,NA,yield_5y,7,0.01148758938111745,0.006017593130489412,0.016037977890844747,0.0036615929774538266,0.021113219585432143,TRUE,TRUE
IRF,NA,NA,NA,NA,NA,NA,NA,NA,NA,NA,NA,z_jk_bs_norisk_mask,NA,NA,NA,NA,NA,NA,NA,NA,NA,NA,NA,NA,NA,NA,NA,yield_5y,8,0.009904236715622074,0.0044915280497503755,0.014739278368699881,0.001599202428268962,0.019816172301202643,TRUE,TRUE
IRF,NA,NA,NA,NA,NA,NA,NA,NA,NA,NA,NA,z_jk_bs_norisk_mask,NA,NA,NA,NA,NA,NA,NA,NA,NA,NA,NA,NA,NA,NA,NA,yield_5y,9,0.008861801573726114,0.004005004433455942,0.014279191278872396,7.029453434886884e-4,0.019301108846085577,TRUE,TRUE
IRF,NA,NA,NA,NA,NA,NA,NA,NA,NA,NA,NA,z_jk_bs_norisk_mask,NA,NA,NA,NA,NA,NA,NA,NA,NA,NA,NA,NA,NA,NA,NA,yield_5y,10,0.007982401863667072,0.003265055880923859,0.013928764961685294,-4.345676672532851e-4,0.01908519704166273,TRUE,FALSE
IRF,NA,NA,NA,NA,NA,NA,NA,NA,NA,NA,NA,z_jk_bs_norisk_mask,NA,NA,NA,NA,NA,NA,NA,NA,NA,NA,NA,NA,NA,NA,NA,yield_5y,11,0.007434829721928441,0.00269238183436462,0.013788916121422598,-8.852000514282622e-4,0.019234195817224298,TRUE,FALSE
IRF,NA,NA,NA,NA,NA,NA,NA,NA,NA,NA,NA,z_jk_bs_norisk_mask,NA,NA,NA,NA,NA,NA,NA,NA,NA,NA,NA,NA,NA,NA,NA,yield_5y,12,0.006831676779353225,0.002449607799363418,0.01375641807604968,-0.0014330943901290005,0.019169862174197517,TRUE,FALSE
IRF,NA,NA,NA,NA,NA,NA,NA,NA,NA,NA,NA,z_jk_bs_norisk_mask,NA,NA,NA,NA,NA,NA,NA,NA,NA,NA,NA,NA,NA,NA,NA,yield_5y,13,0.006167201995869976,0.0018386188422883738,0.013709741272472837,-0.0019438816105408427,0.019530825964567327,TRUE,FALSE
IRF,NA,NA,NA,NA,NA,NA,NA,NA,NA,NA,NA,z_jk_bs_norisk_mask,NA,NA,NA,NA,NA,NA,NA,NA,NA,NA,NA,NA,NA,NA,NA,yield_5y,14,0.005472027701643542,0.001219476329662236,0.013319777460720933,-0.0032072389753832636,0.01918919023112782,TRUE,FALSE
IRF,NA,NA,NA,NA,NA,NA,NA,NA,NA,NA,NA,z_jk_bs_norisk_mask,NA,NA,NA,NA,NA,NA,NA,NA,NA,NA,NA,NA,NA,NA,NA,yield_5y,15,0.00490829030745801,8.268543137908045e-4,0.013236532687637194,-0.0035028999582336837,0.019003162993142263,TRUE,FALSE
IRF,NA,NA,NA,NA,NA,NA,NA,NA,NA,NA,NA,z_jk_bs_norisk_mask,NA,NA,NA,NA,NA,NA,NA,NA,NA,NA,NA,NA,NA,NA,NA,yield_5y,16,0.004493112434914149,2.474708923875577e-4,0.013143387876673478,-0.00387861600061079,0.018651989550085846,TRUE,FALSE
IRF,NA,NA,NA,NA,NA,NA,NA,NA,NA,NA,NA,z_jk_bs_norisk_mask,NA,NA,NA,NA,NA,NA,NA,NA,NA,NA,NA,NA,NA,NA,NA,yield_5y,17,0.0039649934382089665,-3.500763689723596e-4,0.01296087197381832,-0.004557116652822208,0.018750892713555487,FALSE,FALSE
IRF,NA,NA,NA,NA,NA,NA,NA,NA,NA,NA,NA,z_jk_bs_norisk_mask,NA,NA,NA,NA,NA,NA,NA,NA,NA,NA,NA,NA,NA,NA,NA,yield_5y,18,0.0034287844769148135,-9.258871728885457e-4,0.012433210509624747,-0.005368807064179421,0.01836534617560158,FALSE,FALSE
IRF,NA,NA,NA,NA,NA,NA,NA,NA,NA,NA,NA,z_jk_bs_norisk_mask,NA,NA,NA,NA,NA,NA,NA,NA,NA,NA,NA,NA,NA,NA,NA,yield_5y,19,0.0028486687651734367,-0.0014524866986817756,0.01181653698427571,-0.006056245556030401,0.018204909479484815,FALSE,FALSE
IRF,NA,NA,NA,NA,NA,NA,NA,NA,NA,NA,NA,z_jk_bs_norisk_mask,NA,NA,NA,NA,NA,NA,NA,NA,NA,NA,NA,NA,NA,NA,NA,yield_5y,20,0.002200944055478004,-0.00220007489202444,0.011200508811534381,-0.006944643244208955,0.017223861013277643,FALSE,FALSE
IRF,NA,NA,NA,NA,NA,NA,NA,NA,NA,NA,NA,z_jk_bs_norisk_mask,NA,NA,NA,NA,NA,NA,NA,NA,NA,NA,NA,NA,NA,NA,NA,yield_5y,21,0.0016045254745333643,-0.0026933744933130637,0.010631898096581422,-0.007406574825050989,0.016828336311055906,FALSE,FALSE
IRF,NA,NA,NA,NA,NA,NA,NA,NA,NA,NA,NA,z_jk_bs_norisk_mask,NA,NA,NA,NA,NA,NA,NA,NA,NA,NA,NA,NA,NA,NA,NA,yield_5y,22,9.97842887357836e-4,-0.003353160494329299,0.00983668244414339,-0.008148924271707155,0.016128734368297013,FALSE,FALSE
IRF,NA,NA,NA,NA,NA,NA,NA,NA,NA,NA,NA,z_jk_bs_norisk_mask,NA,NA,NA,NA,NA,NA,NA,NA,NA,NA,NA,NA,NA,NA,NA,yield_5y,23,3.4024981985720555e-4,-0.004116968587518202,0.008958917131196058,-0.008649766935907464,0.015446959191964347,FALSE,FALSE
IRF,NA,NA,NA,NA,NA,NA,NA,NA,NA,NA,NA,z_jk_bs_norisk_mask,NA,NA,NA,NA,NA,NA,NA,NA,NA,NA,NA,NA,NA,NA,NA,yield_5y,24,-3.294992887590424e-4,-0.004707946489697055,0.007962184448547793,-0.009626963593761877,0.014229826979829479,FALSE,FALSE
IRF,NA,NA,NA,NA,NA,NA,NA,NA,NA,NA,NA,z_jk_bs_norisk_mask,NA,NA,NA,NA,NA,NA,NA,NA,NA,NA,NA,NA,NA,NA,NA,yield_5y,25,-0.001006363940691121,-0.0050973066838555185,0.007252928746606794,-0.010284578082101396,0.013730145979612167,FALSE,FALSE
IRF,NA,NA,NA,NA,NA,NA,NA,NA,NA,NA,NA,z_jk_bs_norisk_mask,NA,NA,NA,NA,NA,NA,NA,NA,NA,NA,NA,NA,NA,NA,NA,yield_5y,26,-0.001675034826037654,-0.005724495599198772,0.006535683782726015,-0.011026809625547617,0.01254679359943759,FALSE,FALSE
IRF,NA,NA,NA,NA,NA,NA,NA,NA,NA,NA,NA,z_jk_bs_norisk_mask,NA,NA,NA,NA,NA,NA,NA,NA,NA,NA,NA,NA,NA,NA,NA,yield_5y,27,-0.002326186364892225,-0.006353872192492163,0.005659439150919076,-0.011475375035942413,0.012016344776490167,FALSE,FALSE
IRF,NA,NA,NA,NA,NA,NA,NA,NA,NA,NA,NA,z_jk_bs_norisk_mask,NA,NA,NA,NA,NA,NA,NA,NA,NA,NA,NA,NA,NA,NA,NA,yield_5y,28,-0.0029608989472931562,-0.006970455679970539,0.0048843487058905745,-0.012218982335115113,0.010941607087269552,FALSE,FALSE
IRF,NA,NA,NA,NA,NA,NA,NA,NA,NA,NA,NA,z_jk_bs_norisk_mask,NA,NA,NA,NA,NA,NA,NA,NA,NA,NA,NA,NA,NA,NA,NA,yield_5y,29,-0.0035762711069375463,-0.0075324733145835055,0.0042689638401403026,-0.013158555417200454,0.009594526244503259,FALSE,FALSE
IRF,NA,NA,NA,NA,NA,NA,NA,NA,NA,NA,NA,z_jk_bs_norisk_mask,NA,NA,NA,NA,NA,NA,NA,NA,NA,NA,NA,NA,NA,NA,NA,yield_5y,30,-0.004166577210754304,-0.008042077623712387,0.003733154349340839,-0.01404382689967117,0.008444413509446814,FALSE,FALSE
IRF,NA,NA,NA,NA,NA,NA,NA,NA,NA,NA,NA,z_jk_bs_norisk_mask,NA,NA,NA,NA,NA,NA,NA,NA,NA,NA,NA,NA,NA,NA,NA,yield_5y,31,-0.004719641944959868,-0.00865876026792936,0.0029059899722047203,-0.01467462610705237,0.007738329034318868,FALSE,FALSE
IRF,NA,NA,NA,NA,NA,NA,NA,NA,NA,NA,NA,z_jk_bs_norisk_mask,NA,NA,NA,NA,NA,NA,NA,NA,NA,NA,NA,NA,NA,NA,NA,yield_5y,32,-0.0052310072534408406,-0.009196356056076644,0.0023635708169467405,-0.015751347423572006,0.006862186399218677,FALSE,FALSE
IRF,NA,NA,NA,NA,NA,NA,NA,NA,NA,NA,NA,z_jk_bs_norisk_mask,NA,NA,NA,NA,NA,NA,NA,NA,NA,NA,NA,NA,NA,NA,NA,yield_5y,33,-0.005699259796341006,-0.009648804462596285,0.0016924323384499415,-0.016717668129872736,0.00634372731440612,FALSE,FALSE
IRF,NA,NA,NA,NA,NA,NA,NA,NA,NA,NA,NA,z_jk_bs_norisk_mask,NA,NA,NA,NA,NA,NA,NA,NA,NA,NA,NA,NA,NA,NA,NA,yield_5y,34,-0.006121597928165113,-0.010099421415347871,0.001083780201243195,-0.017397250209896072,0.005798295479559139,FALSE,FALSE
IRF,NA,NA,NA,NA,NA,NA,NA,NA,NA,NA,NA,z_jk_bs_norisk_mask,NA,NA,NA,NA,NA,NA,NA,NA,NA,NA,NA,NA,NA,NA,NA,yield_5y,35,-0.006497491804932467,-0.010425295262015797,6.304617518528016e-4,-0.017855481389099342,0.005470930418406237,FALSE,FALSE
IRF,NA,NA,NA,NA,NA,NA,NA,NA,NA,NA,NA,z_jk_bs_norisk_mask,NA,NA,NA,NA,NA,NA,NA,NA,NA,NA,NA,NA,NA,NA,NA,yield_5y,36,-0.0068230914270886595,-0.010608316440295114,1.4601769339679004e-4,-0.01813536035547115,0.004973854264516357,FALSE,FALSE
IRF,NA,NA,NA,NA,NA,NA,NA,NA,NA,NA,NA,z_jk_bs_norisk_mask,NA,NA,NA,NA,NA,NA,NA,NA,NA,NA,NA,NA,NA,NA,NA,yield_5y,37,-0.007096166872152172,-0.010992663313795304,-1.4850180131038224e-4,-0.018517533570411384,0.0044804723876977065,TRUE,FALSE
IRF,NA,NA,NA,NA,NA,NA,NA,NA,NA,NA,NA,z_jk_bs_norisk_mask,NA,NA,NA,NA,NA,NA,NA,NA,NA,NA,NA,NA,NA,NA,NA,yield_5y,38,-0.007317459106794302,-0.01143881879300107,-3.762336047544431e-4,-0.018028034746445917,0.003958409796359334,TRUE,FALSE
IRF,NA,NA,NA,NA,NA,NA,NA,NA,NA,NA,NA,z_jk_bs_norisk_mask,NA,NA,NA,NA,NA,NA,NA,NA,NA,NA,NA,NA,NA,NA,NA,yield_5y,39,-0.007486805174692654,-0.011803880922921093,-5.496452064935144e-4,-0.01826213856498627,0.003869566832927987,TRUE,FALSE
IRF,NA,NA,NA,NA,NA,NA,NA,NA,NA,NA,NA,z_jk_bs_norisk_mask,NA,NA,NA,NA,NA,NA,NA,NA,NA,NA,NA,NA,NA,NA,NA,yield_5y,40,-0.007605072367985335,-0.01201782666982783,-6.37909749131222e-4,-0.018257538693794477,0.003552749805061393,TRUE,FALSE
IRF,NA,NA,NA,NA,NA,NA,NA,NA,NA,NA,NA,z_jk_bs_norisk_mask,NA,NA,NA,NA,NA,NA,NA,NA,NA,NA,NA,NA,NA,NA,NA,yield_5y,41,-0.0076733659007811,-0.01217424409884741,-7.183378586403337e-4,-0.018534987638705473,0.0029872948886089695,TRUE,FALSE
IRF,NA,NA,NA,NA,NA,NA,NA,NA,NA,NA,NA,z_jk_bs_norisk_mask,NA,NA,NA,NA,NA,NA,NA,NA,NA,NA,NA,NA,NA,NA,NA,yield_5y,42,-0.007692492904373943,-0.012160801562085885,-8.370508245625528e-4,-0.01848859308097807,0.002524102254103938,TRUE,FALSE
IRF,NA,NA,NA,NA,NA,NA,NA,NA,NA,NA,NA,z_jk_bs_norisk_mask,NA,NA,NA,NA,NA,NA,NA,NA,NA,NA,NA,NA,NA,NA,NA,yield_5y,43,-0.007664199404089208,-0.012454125007199729,-6.743412574744904e-4,-0.018690227671942155,0.0025452383109215372,TRUE,FALSE
IRF,NA,NA,NA,NA,NA,NA,NA,NA,NA,NA,NA,z_jk_bs_norisk_mask,NA,NA,NA,NA,NA,NA,NA,NA,NA,NA,NA,NA,NA,NA,NA,yield_5y,44,-0.007590769464276447,-0.012428487806205814,-5.808232913898536e-4,-0.018725145248204757,0.002431687904582417,TRUE,FALSE
IRF,NA,NA,NA,NA,NA,NA,NA,NA,NA,NA,NA,z_jk_bs_norisk_mask,NA,NA,NA,NA,NA,NA,NA,NA,NA,NA,NA,NA,NA,NA,NA,yield_5y,45,-0.0074747727346655395,-0.012143895327275021,-6.929381673066652e-4,-0.01879834862541846,0.0026584523751931946,TRUE,FALSE
IRF,NA,NA,NA,NA,NA,NA,NA,NA,NA,NA,NA,z_jk_bs_norisk_mask,NA,NA,NA,NA,NA,NA,NA,NA,NA,NA,NA,NA,NA,NA,NA,yield_5y,46,-0.0073188497607015734,-0.012245144937135476,-8.170043106610862e-4,-0.01861946046044777,0.0027762261032296008,TRUE,FALSE
IRF,NA,NA,NA,NA,NA,NA,NA,NA,NA,NA,NA,z_jk_bs_norisk_mask,NA,NA,NA,NA,NA,NA,NA,NA,NA,NA,NA,NA,NA,NA,NA,yield_5y,47,-0.00712575199084394,-0.011995959462444972,-7.743835139424029e-4,-0.0185808581736955,0.002863431384939237,TRUE,FALSE
IRF,NA,NA,NA,NA,NA,NA,NA,NA,NA,NA,NA,z_jk_bs_norisk_mask,NA,NA,NA,NA,NA,NA,NA,NA,NA,NA,NA,NA,NA,NA,NA,yield_5y,48,-0.0068985406887165195,-0.011683633769506188,-7.74389441408551e-4,-0.01864702133904121,0.002953544724834351,TRUE,FALSE
IRF,NA,NA,NA,NA,NA,NA,NA,NA,NA,NA,NA,z_jk_bs_norisk_mask,NA,NA,NA,NA,NA,NA,NA,NA,NA,NA,NA,NA,NA,NA,NA,cambio_usd,0,0.26457792629275095,0.19553246368254001,0.3800603452670352,0.16896909478124925,0.5796211033323979,TRUE,TRUE
IRF,NA,NA,NA,NA,NA,NA,NA,NA,NA,NA,NA,z_jk_bs_norisk_mask,NA,NA,NA,NA,NA,NA,NA,NA,NA,NA,NA,NA,NA,NA,NA,cambio_usd,1,0.3913487946649925,0.29313225207921406,0.5770581335467787,0.24742339492609103,0.8644185983038813,TRUE,TRUE
IRF,NA,NA,NA,NA,NA,NA,NA,NA,NA,NA,NA,z_jk_bs_norisk_mask,NA,NA,NA,NA,NA,NA,NA,NA,NA,NA,NA,NA,NA,NA,NA,cambio_usd,2,0.3935904215111299,0.2796297102702338,0.5604958838043642,0.2297002285196183,0.8462079403129036,TRUE,TRUE
IRF,NA,NA,NA,NA,NA,NA,NA,NA,NA,NA,NA,z_jk_bs_norisk_mask,NA,NA,NA,NA,NA,NA,NA,NA,NA,NA,NA,NA,NA,NA,NA,cambio_usd,3,0.39157016900488517,0.2634065523366511,0.5582255347677385,0.210016322570569,0.8400478688075346,TRUE,TRUE
IRF,NA,NA,NA,NA,NA,NA,NA,NA,NA,NA,NA,z_jk_bs_norisk_mask,NA,NA,NA,NA,NA,NA,NA,NA,NA,NA,NA,NA,NA,NA,NA,cambio_usd,4,0.34438589521384416,0.20068301127607957,0.4989125722915398,0.14902194486947157,0.7281182878391839,TRUE,TRUE
IRF,NA,NA,NA,NA,NA,NA,NA,NA,NA,NA,NA,z_jk_bs_norisk_mask,NA,NA,NA,NA,NA,NA,NA,NA,NA,NA,NA,NA,NA,NA,NA,cambio_usd,5,0.3157624522160807,0.1668900218386999,0.4634790524730522,0.11013097086330073,0.6624784572091041,TRUE,TRUE
IRF,NA,NA,NA,NA,NA,NA,NA,NA,NA,NA,NA,z_jk_bs_norisk_mask,NA,NA,NA,NA,NA,NA,NA,NA,NA,NA,NA,NA,NA,NA,NA,cambio_usd,6,0.32385089094979835,0.1658139090978219,0.47329702095453885,0.10816223610711626,0.6808099262666139,TRUE,TRUE
IRF,NA,NA,NA,NA,NA,NA,NA,NA,NA,NA,NA,z_jk_bs_norisk_mask,NA,NA,NA,NA,NA,NA,NA,NA,NA,NA,NA,NA,NA,NA,NA,cambio_usd,7,0.29380612499566794,0.13286903169939243,0.43911657921445724,0.07595441616901404,0.6255570233726582,TRUE,TRUE
IRF,NA,NA,NA,NA,NA,NA,NA,NA,NA,NA,NA,z_jk_bs_norisk_mask,NA,NA,NA,NA,NA,NA,NA,NA,NA,NA,NA,NA,NA,NA,NA,cambio_usd,8,0.24034350776241906,0.08396346745373938,0.3792028302469357,0.027805104782291767,0.5652504063433436,TRUE,TRUE
IRF,NA,NA,NA,NA,NA,NA,NA,NA,NA,NA,NA,z_jk_bs_norisk_mask,NA,NA,NA,NA,NA,NA,NA,NA,NA,NA,NA,NA,NA,NA,NA,cambio_usd,9,0.20008357155059614,0.056037300104161775,0.32792716521179255,-0.004603484356891138,0.4925387509267721,TRUE,FALSE
IRF,NA,NA,NA,NA,NA,NA,NA,NA,NA,NA,NA,z_jk_bs_norisk_mask,NA,NA,NA,NA,NA,NA,NA,NA,NA,NA,NA,NA,NA,NA,NA,cambio_usd,10,0.1559488331382659,0.012415287434404985,0.2859742962733552,-0.03953743599263766,0.4236037513128935,TRUE,FALSE
IRF,NA,NA,NA,NA,NA,NA,NA,NA,NA,NA,NA,z_jk_bs_norisk_mask,NA,NA,NA,NA,NA,NA,NA,NA,NA,NA,NA,NA,NA,NA,NA,cambio_usd,11,0.12990313563152317,-0.008424485612119609,0.25950406862376696,-0.06104164558600922,0.3911557033635521,FALSE,FALSE
IRF,NA,NA,NA,NA,NA,NA,NA,NA,NA,NA,NA,z_jk_bs_norisk_mask,NA,NA,NA,NA,NA,NA,NA,NA,NA,NA,NA,NA,NA,NA,NA,cambio_usd,12,0.1061442002425515,-0.023694615131494352,0.22969604825138962,-0.08442255780859224,0.36205965056523776,FALSE,FALSE
IRF,NA,NA,NA,NA,NA,NA,NA,NA,NA,NA,NA,z_jk_bs_norisk_mask,NA,NA,NA,NA,NA,NA,NA,NA,NA,NA,NA,NA,NA,NA,NA,cambio_usd,13,0.0736182197675437,-0.04805725097441722,0.19138408701641252,-0.12123802765757881,0.31822643924084093,FALSE,FALSE
IRF,NA,NA,NA,NA,NA,NA,NA,NA,NA,NA,NA,z_jk_bs_norisk_mask,NA,NA,NA,NA,NA,NA,NA,NA,NA,NA,NA,NA,NA,NA,NA,cambio_usd,14,0.04539964955729754,-0.0708933929003701,0.158555999783956,-0.15381050704292118,0.28207594860003987,FALSE,FALSE
IRF,NA,NA,NA,NA,NA,NA,NA,NA,NA,NA,NA,z_jk_bs_norisk_mask,NA,NA,NA,NA,NA,NA,NA,NA,NA,NA,NA,NA,NA,NA,NA,cambio_usd,15,0.022920029414151975,-0.09205159539052085,0.1338735787742723,-0.16735972778013092,0.24274710360138843,FALSE,FALSE
IRF,NA,NA,NA,NA,NA,NA,NA,NA,NA,NA,NA,z_jk_bs_norisk_mask,NA,NA,NA,NA,NA,NA,NA,NA,NA,NA,NA,NA,NA,NA,NA,cambio_usd,16,0.0026098481348566594,-0.10936264902130793,0.10744681448782306,-0.18515083620696723,0.20432012025201265,FALSE,FALSE
IRF,NA,NA,NA,NA,NA,NA,NA,NA,NA,NA,NA,z_jk_bs_norisk_mask,NA,NA,NA,NA,NA,NA,NA,NA,NA,NA,NA,NA,NA,NA,NA,cambio_usd,17,-0.01416412699540252,-0.12332301435587195,0.08716628628523732,-0.2061135960664223,0.17884543547263246,FALSE,FALSE
IRF,NA,NA,NA,NA,NA,NA,NA,NA,NA,NA,NA,z_jk_bs_norisk_mask,NA,NA,NA,NA,NA,NA,NA,NA,NA,NA,NA,NA,NA,NA,NA,cambio_usd,18,-0.02955905322831458,-0.13681104275801104,0.06604391190043934,-0.224150583530405,0.1607747776905641,FALSE,FALSE
IRF,NA,NA,NA,NA,NA,NA,NA,NA,NA,NA,NA,z_jk_bs_norisk_mask,NA,NA,NA,NA,NA,NA,NA,NA,NA,NA,NA,NA,NA,NA,NA,cambio_usd,19,-0.04570008848558372,-0.1522009419986344,0.04667947487741052,-0.24515614731907248,0.12787418425381397,FALSE,FALSE
IRF,NA,NA,NA,NA,NA,NA,NA,NA,NA,NA,NA,z_jk_bs_norisk_mask,NA,NA,NA,NA,NA,NA,NA,NA,NA,NA,NA,NA,NA,NA,NA,cambio_usd,20,-0.060592357159505054,-0.16142487500788047,0.030883282519576432,-0.2618004861050307,0.11175668751204465,FALSE,FALSE
IRF,NA,NA,NA,NA,NA,NA,NA,NA,NA,NA,NA,z_jk_bs_norisk_mask,NA,NA,NA,NA,NA,NA,NA,NA,NA,NA,NA,NA,NA,NA,NA,cambio_usd,21,-0.07251631968565427,-0.1746809142211999,0.016582719733011467,-0.27045369075112113,0.0946541768627957,FALSE,FALSE
IRF,NA,NA,NA,NA,NA,NA,NA,NA,NA,NA,NA,z_jk_bs_norisk_mask,NA,NA,NA,NA,NA,NA,NA,NA,NA,NA,NA,NA,NA,NA,NA,cambio_usd,22,-0.08299979359277382,-0.17919318595411882,0.0048854173836973816,-0.2740530774675876,0.0797569200169676,FALSE,FALSE
IRF,NA,NA,NA,NA,NA,NA,NA,NA,NA,NA,NA,z_jk_bs_norisk_mask,NA,NA,NA,NA,NA,NA,NA,NA,NA,NA,NA,NA,NA,NA,NA,cambio_usd,23,-0.09282960149097645,-0.1848638055396656,2.596901602914557e-4,-0.2839567275741659,0.06714732612918926,FALSE,FALSE
IRF,NA,NA,NA,NA,NA,NA,NA,NA,NA,NA,NA,z_jk_bs_norisk_mask,NA,NA,NA,NA,NA,NA,NA,NA,NA,NA,NA,NA,NA,NA,NA,cambio_usd,24,-0.10162588752589521,-0.1938213733793125,-0.004584813128105506,-0.29549299294829307,0.06056410856741328,TRUE,FALSE
IRF,NA,NA,NA,NA,NA,NA,NA,NA,NA,NA,NA,z_jk_bs_norisk_mask,NA,NA,NA,NA,NA,NA,NA,NA,NA,NA,NA,NA,NA,NA,NA,cambio_usd,25,-0.10948371247439846,-0.20274262255428988,-0.010317795863089544,-0.31081129439857547,0.05720000351320309,TRUE,FALSE
IRF,NA,NA,NA,NA,NA,NA,NA,NA,NA,NA,NA,z_jk_bs_norisk_mask,NA,NA,NA,NA,NA,NA,NA,NA,NA,NA,NA,NA,NA,NA,NA,cambio_usd,26,-0.1160056644573751,-0.21277009550936074,-0.014215924309267935,-0.3243598544213693,0.049251449638983896,TRUE,FALSE
IRF,NA,NA,NA,NA,NA,NA,NA,NA,NA,NA,NA,z_jk_bs_norisk_mask,NA,NA,NA,NA,NA,NA,NA,NA,NA,NA,NA,NA,NA,NA,NA,cambio_usd,27,-0.1209065179772736,-0.21838823975516036,-0.015156550670594411,-0.3308566008527981,0.0445787418299271,TRUE,FALSE
IRF,NA,NA,NA,NA,NA,NA,NA,NA,NA,NA,NA,z_jk_bs_norisk_mask,NA,NA,NA,NA,NA,NA,NA,NA,NA,NA,NA,NA,NA,NA,NA,cambio_usd,28,-0.12462074545862299,-0.22804378348753038,-0.015338440453440768,-0.33772645975130405,0.045241701166630593,TRUE,FALSE
IRF,NA,NA,NA,NA,NA,NA,NA,NA,NA,NA,NA,z_jk_bs_norisk_mask,NA,NA,NA,NA,NA,NA,NA,NA,NA,NA,NA,NA,NA,NA,NA,cambio_usd,29,-0.12719484140166348,-0.23413199394092268,-0.014966615829693235,-0.35734308727060493,0.045915691412512796,TRUE,FALSE
IRF,NA,NA,NA,NA,NA,NA,NA,NA,NA,NA,NA,z_jk_bs_norisk_mask,NA,NA,NA,NA,NA,NA,NA,NA,NA,NA,NA,NA,NA,NA,NA,cambio_usd,30,-0.1286017271547169,-0.23615365473965017,-0.012841467744787366,-0.37090182678884065,0.04354378318041381,TRUE,FALSE
IRF,NA,NA,NA,NA,NA,NA,NA,NA,NA,NA,NA,z_jk_bs_norisk_mask,NA,NA,NA,NA,NA,NA,NA,NA,NA,NA,NA,NA,NA,NA,NA,cambio_usd,31,-0.1288560980185063,-0.23567905270818432,-0.012007857838147782,-0.36945274575238884,0.04353572602431214,TRUE,FALSE
IRF,NA,NA,NA,NA,NA,NA,NA,NA,NA,NA,NA,z_jk_bs_norisk_mask,NA,NA,NA,NA,NA,NA,NA,NA,NA,NA,NA,NA,NA,NA,NA,cambio_usd,32,-0.12786985943975476,-0.2366149561213172,-0.01110865795561454,-0.3715281636650629,0.04219000713560889,TRUE,FALSE
IRF,NA,NA,NA,NA,NA,NA,NA,NA,NA,NA,NA,z_jk_bs_norisk_mask,NA,NA,NA,NA,NA,NA,NA,NA,NA,NA,NA,NA,NA,NA,NA,cambio_usd,33,-0.12573718192935313,-0.23450155388234317,-0.009979688573443649,-0.3673256992670069,0.04314087183776548,TRUE,FALSE
IRF,NA,NA,NA,NA,NA,NA,NA,NA,NA,NA,NA,z_jk_bs_norisk_mask,NA,NA,NA,NA,NA,NA,NA,NA,NA,NA,NA,NA,NA,NA,NA,cambio_usd,34,-0.1226342277799037,-0.23217229086507496,-0.0076444228960653,-0.35994096772836837,0.04514205582756629,TRUE,FALSE
IRF,NA,NA,NA,NA,NA,NA,NA,NA,NA,NA,NA,z_jk_bs_norisk_mask,NA,NA,NA,NA,NA,NA,NA,NA,NA,NA,NA,NA,NA,NA,NA,cambio_usd,35,-0.11863841303453285,-0.23147644547787538,-0.005569268808573844,-0.34634001890169885,0.05012806010328966,TRUE,FALSE
IRF,NA,NA,NA,NA,NA,NA,NA,NA,NA,NA,NA,z_jk_bs_norisk_mask,NA,NA,NA,NA,NA,NA,NA,NA,NA,NA,NA,NA,NA,NA,NA,cambio_usd,36,-0.11379518054674918,-0.22809260763095404,-0.003709800393750975,-0.336395109308104,0.052814430264770985,TRUE,FALSE
IRF,NA,NA,NA,NA,NA,NA,NA,NA,NA,NA,NA,z_jk_bs_norisk_mask,NA,NA,NA,NA,NA,NA,NA,NA,NA,NA,NA,NA,NA,NA,NA,cambio_usd,37,-0.10818261090576016,-0.22039537365012357,-3.830754531820867e-4,-0.33020539311766484,0.056524821839696246,TRUE,FALSE
IRF,NA,NA,NA,NA,NA,NA,NA,NA,NA,NA,NA,z_jk_bs_norisk_mask,NA,NA,NA,NA,NA,NA,NA,NA,NA,NA,NA,NA,NA,NA,NA,cambio_usd,38,-0.1019033662829179,-0.21116419329068264,0.0034758048141653886,-0.3199085854749874,0.06028611629255668,FALSE,FALSE
IRF,NA,NA,NA,NA,NA,NA,NA,NA,NA,NA,NA,z_jk_bs_norisk_mask,NA,NA,NA,NA,NA,NA,NA,NA,NA,NA,NA,NA,NA,NA,NA,cambio_usd,39,-0.09505946696045298,-0.2000361441437576,0.009477611480432744,-0.31602866609623337,0.06401562986785303,FALSE,FALSE
IRF,NA,NA,NA,NA,NA,NA,NA,NA,NA,NA,NA,z_jk_bs_norisk_mask,NA,NA,NA,NA,NA,NA,NA,NA,NA,NA,NA,NA,NA,NA,NA,cambio_usd,40,-0.08776544363238735,-0.19163972109231675,0.013960580687226498,-0.3139171593181781,0.07242622466300795,FALSE,FALSE
IRF,NA,NA,NA,NA,NA,NA,NA,NA,NA,NA,NA,z_jk_bs_norisk_mask,NA,NA,NA,NA,NA,NA,NA,NA,NA,NA,NA,NA,NA,NA,NA,cambio_usd,41,-0.08012293724699601,-0.1751238737427484,0.0205846363800106,-0.30416218183453964,0.08058848461588908,FALSE,FALSE
IRF,NA,NA,NA,NA,NA,NA,NA,NA,NA,NA,NA,z_jk_bs_norisk_mask,NA,NA,NA,NA,NA,NA,NA,NA,NA,NA,NA,NA,NA,NA,NA,cambio_usd,42,-0.07221036942653056,-0.16405254018670143,0.028382822911183943,-0.2944127734810224,0.09198864580360976,FALSE,FALSE
IRF,NA,NA,NA,NA,NA,NA,NA,NA,NA,NA,NA,z_jk_bs_norisk_mask,NA,NA,NA,NA,NA,NA,NA,NA,NA,NA,NA,NA,NA,NA,NA,cambio_usd,43,-0.06411677971398738,-0.1564846451713487,0.03217597488133662,-0.2790364731416659,0.09644805509405746,FALSE,FALSE
IRF,NA,NA,NA,NA,NA,NA,NA,NA,NA,NA,NA,z_jk_bs_norisk_mask,NA,NA,NA,NA,NA,NA,NA,NA,NA,NA,NA,NA,NA,NA,NA,cambio_usd,44,-0.05593599172253697,-0.14241087866586194,0.038771743267354,-0.26750501661713777,0.10648990212859547,FALSE,FALSE
IRF,NA,NA,NA,NA,NA,NA,NA,NA,NA,NA,NA,z_jk_bs_norisk_mask,NA,NA,NA,NA,NA,NA,NA,NA,NA,NA,NA,NA,NA,NA,NA,cambio_usd,45,-0.04775384925162669,-0.13214549801298087,0.04291042332679654,-0.2432692204208833,0.11886025546537952,FALSE,FALSE
IRF,NA,NA,NA,NA,NA,NA,NA,NA,NA,NA,NA,z_jk_bs_norisk_mask,NA,NA,NA,NA,NA,NA,NA,NA,NA,NA,NA,NA,NA,NA,NA,cambio_usd,46,-0.039650296593046835,-0.12076834801823626,0.046916510631149905,-0.23085048184971563,0.12590371977240347,FALSE,FALSE
IRF,NA,NA,NA,NA,NA,NA,NA,NA,NA,NA,NA,z_jk_bs_norisk_mask,NA,NA,NA,NA,NA,NA,NA,NA,NA,NA,NA,NA,NA,NA,NA,cambio_usd,47,-0.031694513530975306,-0.11080653263573748,0.05352564136421081,-0.21535441871665295,0.13631276975251252,FALSE,FALSE
IRF,NA,NA,NA,NA,NA,NA,NA,NA,NA,NA,NA,z_jk_bs_norisk_mask,NA,NA,NA,NA,NA,NA,NA,NA,NA,NA,NA,NA,NA,NA,NA,cambio_usd,48,-0.023949674642728503,-0.10399808535522903,0.06061791265843204,-0.1972467923841601,0.1434842250347063,FALSE,FALSE
IRF,NA,NA,NA,NA,NA,NA,NA,NA,NA,NA,NA,z_jk_bs_norisk_mask,NA,NA,NA,NA,NA,NA,NA,NA,NA,NA,NA,NA,NA,NA,NA,embi_perc,0,0.6074508227084391,0.48262435761937894,0.9497874094175038,0.40903649389737934,1.4903085313434872,TRUE,TRUE
IRF,NA,NA,NA,NA,NA,NA,NA,NA,NA,NA,NA,z_jk_bs_norisk_mask,NA,NA,NA,NA,NA,NA,NA,NA,NA,NA,NA,NA,NA,NA,NA,embi_perc,1,0.6243541304783932,0.47505069758839036,0.9839503503100537,0.39386387557266406,1.4765301381515634,TRUE,TRUE
IRF,NA,NA,NA,NA,NA,NA,NA,NA,NA,NA,NA,z_jk_bs_norisk_mask,NA,NA,NA,NA,NA,NA,NA,NA,NA,NA,NA,NA,NA,NA,NA,embi_perc,2,0.4804757558235117,0.33792198616725283,0.7774045328153586,0.2732921654096148,1.1891756688547173,TRUE,TRUE
IRF,NA,NA,NA,NA,NA,NA,NA,NA,NA,NA,NA,z_jk_bs_norisk_mask,NA,NA,NA,NA,NA,NA,NA,NA,NA,NA,NA,NA,NA,NA,NA,embi_perc,3,0.5170174326463216,0.3514688044848645,0.7860969201806388,0.27816077695113833,1.1584687930838966,TRUE,TRUE
IRF,NA,NA,NA,NA,NA,NA,NA,NA,NA,NA,NA,z_jk_bs_norisk_mask,NA,NA,NA,NA,NA,NA,NA,NA,NA,NA,NA,NA,NA,NA,NA,embi_perc,4,0.4540746260023177,0.28285931544168635,0.6767404128042446,0.2033394713416317,0.9609653617022564,TRUE,TRUE
IRF,NA,NA,NA,NA,NA,NA,NA,NA,NA,NA,NA,z_jk_bs_norisk_mask,NA,NA,NA,NA,NA,NA,NA,NA,NA,NA,NA,NA,NA,NA,NA,embi_perc,5,0.40329127035380785,0.22559230218500093,0.598661124453846,0.12976003278341103,0.8373922061026624,TRUE,TRUE
IRF,NA,NA,NA,NA,NA,NA,NA,NA,NA,NA,NA,z_jk_bs_norisk_mask,NA,NA,NA,NA,NA,NA,NA,NA,NA,NA,NA,NA,NA,NA,NA,embi_perc,6,0.422670888176158,0.23481011802064572,0.6354191465741148,0.15830714021168985,0.9193759169463063,TRUE,TRUE
IRF,NA,NA,NA,NA,NA,NA,NA,NA,NA,NA,NA,z_jk_bs_norisk_mask,NA,NA,NA,NA,NA,NA,NA,NA,NA,NA,NA,NA,NA,NA,NA,embi_perc,7,0.3715533261247906,0.19019776746418407,0.5703230579519363,0.10968002667710909,0.7842296745239276,TRUE,TRUE
IRF,NA,NA,NA,NA,NA,NA,NA,NA,NA,NA,NA,z_jk_bs_norisk_mask,NA,NA,NA,NA,NA,NA,NA,NA,NA,NA,NA,NA,NA,NA,NA,embi_perc,8,0.295202748800138,0.12516384562197602,0.48701802255584253,0.05418013525268405,0.6526237106920525,TRUE,TRUE
IRF,NA,NA,NA,NA,NA,NA,NA,NA,NA,NA,NA,z_jk_bs_norisk_mask,NA,NA,NA,NA,NA,NA,NA,NA,NA,NA,NA,NA,NA,NA,NA,embi_perc,9,0.2478788558506674,0.09079079262359661,0.43307235057272997,0.011786666310362647,0.6051481850640991,TRUE,TRUE
IRF,NA,NA,NA,NA,NA,NA,NA,NA,NA,NA,NA,z_jk_bs_norisk_mask,NA,NA,NA,NA,NA,NA,NA,NA,NA,NA,NA,NA,NA,NA,NA,embi_perc,10,0.21198213309714,0.062576059437432,0.39701553855537186,-0.005079443681629108,0.5465328634932676,TRUE,FALSE
IRF,NA,NA,NA,NA,NA,NA,NA,NA,NA,NA,NA,z_jk_bs_norisk_mask,NA,NA,NA,NA,NA,NA,NA,NA,NA,NA,NA,NA,NA,NA,NA,embi_perc,11,0.19428082116806367,0.0493430522427619,0.3785208735361552,-0.01475301944741844,0.5324051422028625,TRUE,FALSE
IRF,NA,NA,NA,NA,NA,NA,NA,NA,NA,NA,NA,z_jk_bs_norisk_mask,NA,NA,NA,NA,NA,NA,NA,NA,NA,NA,NA,NA,NA,NA,NA,embi_perc,12,0.16753583105560932,0.03385508922733353,0.35280752860890136,-0.034817883183872,0.5101418143181856,TRUE,FALSE
IRF,NA,NA,NA,NA,NA,NA,NA,NA,NA,NA,NA,z_jk_bs_norisk_mask,NA,NA,NA,NA,NA,NA,NA,NA,NA,NA,NA,NA,NA,NA,NA,embi_perc,13,0.13586867330939506,0.009859307353129888,0.32171807426525356,-0.06974816775923186,0.480854670496945,TRUE,FALSE
IRF,NA,NA,NA,NA,NA,NA,NA,NA,NA,NA,NA,z_jk_bs_norisk_mask,NA,NA,NA,NA,NA,NA,NA,NA,NA,NA,NA,NA,NA,NA,NA,embi_perc,14,0.10955312457808973,-0.007609793074089996,0.29677954577287674,-0.0895616618585931,0.4486094789187016,FALSE,FALSE
IRF,NA,NA,NA,NA,NA,NA,NA,NA,NA,NA,NA,z_jk_bs_norisk_mask,NA,NA,NA,NA,NA,NA,NA,NA,NA,NA,NA,NA,NA,NA,NA,embi_perc,15,0.08712847838180833,-0.02421096957288813,0.26995802332643465,-0.1198856103339382,0.40748451395953644,FALSE,FALSE
IRF,NA,NA,NA,NA,NA,NA,NA,NA,NA,NA,NA,z_jk_bs_norisk_mask,NA,NA,NA,NA,NA,NA,NA,NA,NA,NA,NA,NA,NA,NA,NA,embi_perc,16,0.07332884075783153,-0.032482824802817015,0.2550544384784195,-0.1355552774564657,0.3972738909258697,FALSE,FALSE
IRF,NA,NA,NA,NA,NA,NA,NA,NA,NA,NA,NA,z_jk_bs_norisk_mask,NA,NA,NA,NA,NA,NA,NA,NA,NA,NA,NA,NA,NA,NA,NA,embi_perc,17,0.056464211001715774,-0.04661375284571137,0.2390255238323737,-0.15855155834943163,0.36660192877043146,FALSE,FALSE
IRF,NA,NA,NA,NA,NA,NA,NA,NA,NA,NA,NA,z_jk_bs_norisk_mask,NA,NA,NA,NA,NA,NA,NA,NA,NA,NA,NA,NA,NA,NA,NA,embi_perc,18,0.038527828743025364,-0.06045663726691857,0.21410611030324184,-0.17965154643184975,0.33907311634592185,FALSE,FALSE
IRF,NA,NA,NA,NA,NA,NA,NA,NA,NA,NA,NA,z_jk_bs_norisk_mask,NA,NA,NA,NA,NA,NA,NA,NA,NA,NA,NA,NA,NA,NA,NA,embi_perc,19,0.021303254447622325,-0.07394179946365369,0.1999346716245461,-0.19061459594838778,0.3163628254384574,FALSE,FALSE
IRF,NA,NA,NA,NA,NA,NA,NA,NA,NA,NA,NA,z_jk_bs_norisk_mask,NA,NA,NA,NA,NA,NA,NA,NA,NA,NA,NA,NA,NA,NA,NA,embi_perc,20,0.002996914450031831,-0.08879310178848333,0.17783325996507507,-0.2123429019822429,0.2933467294477477,FALSE,FALSE
IRF,NA,NA,NA,NA,NA,NA,NA,NA,NA,NA,NA,z_jk_bs_norisk_mask,NA,NA,NA,NA,NA,NA,NA,NA,NA,NA,NA,NA,NA,NA,NA,embi_perc,21,-0.012043110333812654,-0.10624107423574904,0.1512317477860909,-0.23065704812288979,0.273991612894981,FALSE,FALSE
IRF,NA,NA,NA,NA,NA,NA,NA,NA,NA,NA,NA,z_jk_bs_norisk_mask,NA,NA,NA,NA,NA,NA,NA,NA,NA,NA,NA,NA,NA,NA,NA,embi_perc,22,-0.025870474422158833,-0.1159613033473888,0.13539430179681466,-0.23400207485559127,0.2479113048804329,FALSE,FALSE
IRF,NA,NA,NA,NA,NA,NA,NA,NA,NA,NA,NA,z_jk_bs_norisk_mask,NA,NA,NA,NA,NA,NA,NA,NA,NA,NA,NA,NA,NA,NA,NA,embi_perc,23,-0.04089350302881495,-0.13539332264936332,0.11578222132559739,-0.256261981288858,0.22247535369464377,FALSE,FALSE
IRF,NA,NA,NA,NA,NA,NA,NA,NA,NA,NA,NA,z_jk_bs_norisk_mask,NA,NA,NA,NA,NA,NA,NA,NA,NA,NA,NA,NA,NA,NA,NA,embi_perc,24,-0.05545464677949358,-0.15127267528088037,0.09536990126205656,-0.26995829330055926,0.20359957775394016,FALSE,FALSE
IRF,NA,NA,NA,NA,NA,NA,NA,NA,NA,NA,NA,z_jk_bs_norisk_mask,NA,NA,NA,NA,NA,NA,NA,NA,NA,NA,NA,NA,NA,NA,NA,embi_perc,25,-0.06917047418784045,-0.16838117987488355,0.07870270140657792,-0.2895509363490946,0.18810737403804184,FALSE,FALSE
IRF,NA,NA,NA,NA,NA,NA,NA,NA,NA,NA,NA,z_jk_bs_norisk_mask,NA,NA,NA,NA,NA,NA,NA,NA,NA,NA,NA,NA,NA,NA,NA,embi_perc,26,-0.08159307628224927,-0.18483064724655898,0.06222633270819366,-0.30995777345788433,0.1772964929312597,FALSE,FALSE
IRF,NA,NA,NA,NA,NA,NA,NA,NA,NA,NA,NA,z_jk_bs_norisk_mask,NA,NA,NA,NA,NA,NA,NA,NA,NA,NA,NA,NA,NA,NA,NA,embi_perc,27,-0.09272730753232987,-0.19699947807525758,0.04254280017314216,-0.3207910005039514,0.16009397888148652,FALSE,FALSE
IRF,NA,NA,NA,NA,NA,NA,NA,NA,NA,NA,NA,z_jk_bs_norisk_mask,NA,NA,NA,NA,NA,NA,NA,NA,NA,NA,NA,NA,NA,NA,NA,embi_perc,28,-0.10288995241705921,-0.20996996770198548,0.03378066691690153,-0.33520431122566613,0.13997429311746137,FALSE,FALSE
IRF,NA,NA,NA,NA,NA,NA,NA,NA,NA,NA,NA,z_jk_bs_norisk_mask,NA,NA,NA,NA,NA,NA,NA,NA,NA,NA,NA,NA,NA,NA,NA,embi_perc,29,-0.11198905041542194,-0.22405261237198643,0.025383458390455183,-0.3439695355597676,0.12166588158413033,FALSE,FALSE
IRF,NA,NA,NA,NA,NA,NA,NA,NA,NA,NA,NA,z_jk_bs_norisk_mask,NA,NA,NA,NA,NA,NA,NA,NA,NA,NA,NA,NA,NA,NA,NA,embi_perc,30,-0.12004450459478572,-0.23368981398034225,0.013134697152025917,-0.362238434034391,0.11738082864276017,FALSE,FALSE
IRF,NA,NA,NA,NA,NA,NA,NA,NA,NA,NA,NA,z_jk_bs_norisk_mask,NA,NA,NA,NA,NA,NA,NA,NA,NA,NA,NA,NA,NA,NA,NA,embi_perc,31,-0.12672782830699725,-0.24338409766037908,0.006780416567951007,-0.3698365086971668,0.10956208044490184,FALSE,FALSE
IRF,NA,NA,NA,NA,NA,NA,NA,NA,NA,NA,NA,z_jk_bs_norisk_mask,NA,NA,NA,NA,NA,NA,NA,NA,NA,NA,NA,NA,NA,NA,NA,embi_perc,32,-0.13195563264083224,-0.24848851247466755,-0.0018329477497483477,-0.38584575530986975,0.1002083369728568,TRUE,FALSE
IRF,NA,NA,NA,NA,NA,NA,NA,NA,NA,NA,NA,z_jk_bs_norisk_mask,NA,NA,NA,NA,NA,NA,NA,NA,NA,NA,NA,NA,NA,NA,NA,embi_perc,33,-0.13594245440094338,-0.25923488347013757,-0.0034784520519445606,-0.3960303127059829,0.0880371383890248,TRUE,FALSE
IRF,NA,NA,NA,NA,NA,NA,NA,NA,NA,NA,NA,z_jk_bs_norisk_mask,NA,NA,NA,NA,NA,NA,NA,NA,NA,NA,NA,NA,NA,NA,NA,embi_perc,34,-0.1387076209817121,-0.2659361728323386,-0.0040913794119906005,-0.41257417912933614,0.0842418534927634,TRUE,FALSE
IRF,NA,NA,NA,NA,NA,NA,NA,NA,NA,NA,NA,z_jk_bs_norisk_mask,NA,NA,NA,NA,NA,NA,NA,NA,NA,NA,NA,NA,NA,NA,NA,embi_perc,35,-0.1403274138822659,-0.2650904958235726,-0.002702179806199637,-0.4124623519696254,0.08001001044351741,TRUE,FALSE
IRF,NA,NA,NA,NA,NA,NA,NA,NA,NA,NA,NA,z_jk_bs_norisk_mask,NA,NA,NA,NA,NA,NA,NA,NA,NA,NA,NA,NA,NA,NA,NA,embi_perc,36,-0.14078136050460108,-0.26824448503110465,-0.006590045426560158,-0.4241541944039086,0.07462434824640744,TRUE,FALSE
IRF,NA,NA,NA,NA,NA,NA,NA,NA,NA,NA,NA,z_jk_bs_norisk_mask,NA,NA,NA,NA,NA,NA,NA,NA,NA,NA,NA,NA,NA,NA,NA,embi_perc,37,-0.14006656582535498,-0.265242866894064,-0.0072884025097899865,-0.4156903790276837,0.06503088570244217,TRUE,FALSE
IRF,NA,NA,NA,NA,NA,NA,NA,NA,NA,NA,NA,z_jk_bs_norisk_mask,NA,NA,NA,NA,NA,NA,NA,NA,NA,NA,NA,NA,NA,NA,NA,embi_perc,38,-0.13831719593300898,-0.27094208932016406,-0.0091548117619933,-0.41920893273889237,0.06181071473071689,TRUE,FALSE
IRF,NA,NA,NA,NA,NA,NA,NA,NA,NA,NA,NA,z_jk_bs_norisk_mask,NA,NA,NA,NA,NA,NA,NA,NA,NA,NA,NA,NA,NA,NA,NA,embi_perc,39,-0.13561145693922202,-0.27154252496929593,-0.004742968572049158,-0.4141168908345223,0.057536061421232056,TRUE,FALSE
IRF,NA,NA,NA,NA,NA,NA,NA,NA,NA,NA,NA,z_jk_bs_norisk_mask,NA,NA,NA,NA,NA,NA,NA,NA,NA,NA,NA,NA,NA,NA,NA,embi_perc,40,-0.1320337473823166,-0.2676252382135914,-0.0014648001189853906,-0.41052131300779787,0.05822864112817938,TRUE,FALSE
IRF,NA,NA,NA,NA,NA,NA,NA,NA,NA,NA,NA,z_jk_bs_norisk_mask,NA,NA,NA,NA,NA,NA,NA,NA,NA,NA,NA,NA,NA,NA,NA,embi_perc,41,-0.127672241274447,-0.2615634010806126,-2.1877705906961912e-4,-0.4111460989110861,0.05853692893244386,TRUE,FALSE
IRF,NA,NA,NA,NA,NA,NA,NA,NA,NA,NA,NA,z_jk_bs_norisk_mask,NA,NA,NA,NA,NA,NA,NA,NA,NA,NA,NA,NA,NA,NA,NA,embi_perc,42,-0.12258688268364745,-0.2557741480946583,-6.631223657224708e-4,-0.4183650112697294,0.0617900695019844,TRUE,FALSE
IRF,NA,NA,NA,NA,NA,NA,NA,NA,NA,NA,NA,z_jk_bs_norisk_mask,NA,NA,NA,NA,NA,NA,NA,NA,NA,NA,NA,NA,NA,NA,NA,embi_perc,43,-0.11686542102455492,-0.24792717330626585,0.0017002618703869817,-0.41097261829926773,0.07096313405902453,FALSE,FALSE
IRF,NA,NA,NA,NA,NA,NA,NA,NA,NA,NA,NA,z_jk_bs_norisk_mask,NA,NA,NA,NA,NA,NA,NA,NA,NA,NA,NA,NA,NA,NA,NA,embi_perc,44,-0.1106041069341155,-0.24418171758904358,0.0036118434034262837,-0.40357815179138484,0.07431728961224511,FALSE,FALSE
IRF,NA,NA,NA,NA,NA,NA,NA,NA,NA,NA,NA,z_jk_bs_norisk_mask,NA,NA,NA,NA,NA,NA,NA,NA,NA,NA,NA,NA,NA,NA,NA,embi_perc,45,-0.10389662199534247,-0.23632321282974256,0.008835435074665448,-0.39060808886444376,0.08181828023727863,FALSE,FALSE
IRF,NA,NA,NA,NA,NA,NA,NA,NA,NA,NA,NA,z_jk_bs_norisk_mask,NA,NA,NA,NA,NA,NA,NA,NA,NA,NA,NA,NA,NA,NA,NA,embi_perc,46,-0.09682733772854439,-0.22967601891489992,0.015582056768191924,-0.3783769454913485,0.08281282086970303,FALSE,FALSE
IRF,NA,NA,NA,NA,NA,NA,NA,NA,NA,NA,NA,z_jk_bs_norisk_mask,NA,NA,NA,NA,NA,NA,NA,NA,NA,NA,NA,NA,NA,NA,NA,embi_perc,47,-0.08947096174438485,-0.21954654179481903,0.018363682841760005,-0.36061630824918267,0.09829614879785022,FALSE,FALSE
IRF,NA,NA,NA,NA,NA,NA,NA,NA,NA,NA,NA,z_jk_bs_norisk_mask,NA,NA,NA,NA,NA,NA,NA,NA,NA,NA,NA,NA,NA,NA,NA,embi_perc,48,-0.0819082652255272,-0.21302204026392754,0.02374614872865327,-0.3500038141066895,0.10253651802003111,FALSE,FALSE
IRF,NA,NA,NA,NA,NA,NA,NA,NA,NA,NA,NA,z_jk_bs_norisk_mask,NA,NA,NA,NA,NA,NA,NA,NA,NA,NA,NA,NA,NA,NA,NA,cds_5y,0,68.28973551016551,55.70447878870917,103.36137599944921,47.98673467660266,152.30186600798743,TRUE,TRUE
IRF,NA,NA,NA,NA,NA,NA,NA,NA,NA,NA,NA,z_jk_bs_norisk_mask,NA,NA,NA,NA,NA,NA,NA,NA,NA,NA,NA,NA,NA,NA,NA,cds_5y,1,74.1104715213188,56.816950884613156,110.68718912514493,48.419799494768995,165.59756384144436,TRUE,TRUE
IRF,NA,NA,NA,NA,NA,NA,NA,NA,NA,NA,NA,z_jk_bs_norisk_mask,NA,NA,NA,NA,NA,NA,NA,NA,NA,NA,NA,NA,NA,NA,NA,cds_5y,2,60.24572031841623,42.943176175117515,91.1207185482609,34.96609407580035,137.89981434816298,TRUE,TRUE
IRF,NA,NA,NA,NA,NA,NA,NA,NA,NA,NA,NA,z_jk_bs_norisk_mask,NA,NA,NA,NA,NA,NA,NA,NA,NA,NA,NA,NA,NA,NA,NA,cds_5y,3,63.581469672092936,43.60190818416662,91.03035385622181,35.36037589522367,139.73413701312475,TRUE,TRUE
IRF,NA,NA,NA,NA,NA,NA,NA,NA,NA,NA,NA,z_jk_bs_norisk_mask,NA,NA,NA,NA,NA,NA,NA,NA,NA,NA,NA,NA,NA,NA,NA,cds_5y,4,54.75001891508323,34.162339072465514,76.63874832402996,24.687684687562072,114.53810373032115,TRUE,TRUE
IRF,NA,NA,NA,NA,NA,NA,NA,NA,NA,NA,NA,z_jk_bs_norisk_mask,NA,NA,NA,NA,NA,NA,NA,NA,NA,NA,NA,NA,NA,NA,NA,cds_5y,5,48.796968783863605,26.325036833648973,67.52861790300607,16.468095031488456,96.37003501938861,TRUE,TRUE
IRF,NA,NA,NA,NA,NA,NA,NA,NA,NA,NA,NA,z_jk_bs_norisk_mask,NA,NA,NA,NA,NA,NA,NA,NA,NA,NA,NA,NA,NA,NA,NA,cds_5y,6,51.210757409806,28.27859006625353,73.35470309435105,19.832278841764797,103.10153821757311,TRUE,TRUE
IRF,NA,NA,NA,NA,NA,NA,NA,NA,NA,NA,NA,z_jk_bs_norisk_mask,NA,NA,NA,NA,NA,NA,NA,NA,NA,NA,NA,NA,NA,NA,NA,cds_5y,7,45.20974230739226,23.406746679626977,66.86182413809655,14.504543090197854,92.18882988359547,TRUE,TRUE
IRF,NA,NA,NA,NA,NA,NA,NA,NA,NA,NA,NA,z_jk_bs_norisk_mask,NA,NA,NA,NA,NA,NA,NA,NA,NA,NA,NA,NA,NA,NA,NA,cds_5y,8,36.290172793282295,15.171697835483968,57.506709338272856,7.321613639904298,78.24814842882503,TRUE,TRUE
IRF,NA,NA,NA,NA,NA,NA,NA,NA,NA,NA,NA,z_jk_bs_norisk_mask,NA,NA,NA,NA,NA,NA,NA,NA,NA,NA,NA,NA,NA,NA,NA,cds_5y,9,30.86356090463269,12.399315506553467,50.81791403161759,2.5537886696405017,70.89030574979537,TRUE,TRUE
IRF,NA,NA,NA,NA,NA,NA,NA,NA,NA,NA,NA,z_jk_bs_norisk_mask,NA,NA,NA,NA,NA,NA,NA,NA,NA,NA,NA,NA,NA,NA,NA,cds_5y,10,26.199595812734483,8.337315796870122,45.52974361409963,-0.668396451643378,65.12272834887125,TRUE,FALSE
IRF,NA,NA,NA,NA,NA,NA,NA,NA,NA,NA,NA,z_jk_bs_norisk_mask,NA,NA,NA,NA,NA,NA,NA,NA,NA,NA,NA,NA,NA,NA,NA,cds_5y,11,24.07630765090984,6.823356916698891,45.42532413427042,-2.1463789514566534,65.2318826259069,TRUE,FALSE
IRF,NA,NA,NA,NA,NA,NA,NA,NA,NA,NA,NA,z_jk_bs_norisk_mask,NA,NA,NA,NA,NA,NA,NA,NA,NA,NA,NA,NA,NA,NA,NA,cds_5y,12,21.158302331309013,5.266314287658172,43.14904902958797,-4.166590249879919,63.69739468495096,TRUE,FALSE
IRF,NA,NA,NA,NA,NA,NA,NA,NA,NA,NA,NA,z_jk_bs_norisk_mask,NA,NA,NA,NA,NA,NA,NA,NA,NA,NA,NA,NA,NA,NA,NA,cds_5y,13,17.357287003687794,2.4485272944532865,39.74490343602453,-7.133958329629637,59.53756505235304,TRUE,FALSE
IRF,NA,NA,NA,NA,NA,NA,NA,NA,NA,NA,NA,z_jk_bs_norisk_mask,NA,NA,NA,NA,NA,NA,NA,NA,NA,NA,NA,NA,NA,NA,NA,cds_5y,14,14.24430121027232,0.19903211520122316,37.05834246592297,-9.765369786185317,55.312270509907684,TRUE,FALSE
IRF,NA,NA,NA,NA,NA,NA,NA,NA,NA,NA,NA,z_jk_bs_norisk_mask,NA,NA,NA,NA,NA,NA,NA,NA,NA,NA,NA,NA,NA,NA,NA,cds_5y,15,11.671960219390847,-0.9628572072852551,34.11286554333479,-13.452522489195701,51.22279946103399,FALSE,FALSE
IRF,NA,NA,NA,NA,NA,NA,NA,NA,NA,NA,NA,z_jk_bs_norisk_mask,NA,NA,NA,NA,NA,NA,NA,NA,NA,NA,NA,NA,NA,NA,NA,cds_5y,16,9.926363549863353,-2.638470766270604,32.56249112431248,-14.399635067133442,49.1134552179292,FALSE,FALSE
IRF,NA,NA,NA,NA,NA,NA,NA,NA,NA,NA,NA,z_jk_bs_norisk_mask,NA,NA,NA,NA,NA,NA,NA,NA,NA,NA,NA,NA,NA,NA,NA,cds_5y,17,7.9608539388763475,-3.73978050665458,31.243917502497723,-15.903916914420542,45.99196266142846,FALSE,FALSE
IRF,NA,NA,NA,NA,NA,NA,NA,NA,NA,NA,NA,z_jk_bs_norisk_mask,NA,NA,NA,NA,NA,NA,NA,NA,NA,NA,NA,NA,NA,NA,NA,cds_5y,18,5.872815681871096,-5.9203870419615825,28.716735738995034,-19.579608296888388,43.02276880516814,FALSE,FALSE
IRF,NA,NA,NA,NA,NA,NA,NA,NA,NA,NA,NA,z_jk_bs_norisk_mask,NA,NA,NA,NA,NA,NA,NA,NA,NA,NA,NA,NA,NA,NA,NA,cds_5y,19,3.754518529073566,-8.106432996404347,25.960191283269165,-22.340040416440704,39.114540365072855,FALSE,FALSE
IRF,NA,NA,NA,NA,NA,NA,NA,NA,NA,NA,NA,z_jk_bs_norisk_mask,NA,NA,NA,NA,NA,NA,NA,NA,NA,NA,NA,NA,NA,NA,NA,cds_5y,20,1.5200438331325021,-9.481727137951802,23.538835653104595,-25.002125762949678,36.757751260432876,FALSE,FALSE
IRF,NA,NA,NA,NA,NA,NA,NA,NA,NA,NA,NA,z_jk_bs_norisk_mask,NA,NA,NA,NA,NA,NA,NA,NA,NA,NA,NA,NA,NA,NA,NA,cds_5y,21,-0.3454147291292181,-11.588687810495962,21.140739070321697,-26.733463208564096,34.92769825788747,FALSE,FALSE
IRF,NA,NA,NA,NA,NA,NA,NA,NA,NA,NA,NA,z_jk_bs_norisk_mask,NA,NA,NA,NA,NA,NA,NA,NA,NA,NA,NA,NA,NA,NA,NA,cds_5y,22,-2.1062445877646137,-13.184147217112974,18.807004561030368,-28.573211004692013,32.78583220450774,FALSE,FALSE
IRF,NA,NA,NA,NA,NA,NA,NA,NA,NA,NA,NA,z_jk_bs_norisk_mask,NA,NA,NA,NA,NA,NA,NA,NA,NA,NA,NA,NA,NA,NA,NA,cds_5y,23,-4.01255048355658,-14.925064924576255,15.705511084535157,-29.924693560223425,29.548867452021124,FALSE,FALSE
IRF,NA,NA,NA,NA,NA,NA,NA,NA,NA,NA,NA,z_jk_bs_norisk_mask,NA,NA,NA,NA,NA,NA,NA,NA,NA,NA,NA,NA,NA,NA,NA,cds_5y,24,-5.881770851364414,-17.291735736696857,13.171965510471338,-32.24685280641798,27.89344196988482,FALSE,FALSE
IRF,NA,NA,NA,NA,NA,NA,NA,NA,NA,NA,NA,z_jk_bs_norisk_mask,NA,NA,NA,NA,NA,NA,NA,NA,NA,NA,NA,NA,NA,NA,NA,cds_5y,25,-7.682420387222305,-19.2654196460622,11.162852108267545,-34.48853100380689,26.52306597377411,FALSE,FALSE
IRF,NA,NA,NA,NA,NA,NA,NA,NA,NA,NA,NA,z_jk_bs_norisk_mask,NA,NA,NA,NA,NA,NA,NA,NA,NA,NA,NA,NA,NA,NA,NA,cds_5y,26,-9.349098105251114,-21.38444968592435,9.171495547399248,-35.91389178083794,23.766241989725195,FALSE,FALSE
IRF,NA,NA,NA,NA,NA,NA,NA,NA,NA,NA,NA,z_jk_bs_norisk_mask,NA,NA,NA,NA,NA,NA,NA,NA,NA,NA,NA,NA,NA,NA,NA,cds_5y,27,-10.865309135282056,-23.177749622293717,7.10881845797037,-37.169606405476934,22.646293322375612,FALSE,FALSE
IRF,NA,NA,NA,NA,NA,NA,NA,NA,NA,NA,NA,z_jk_bs_norisk_mask,NA,NA,NA,NA,NA,NA,NA,NA,NA,NA,NA,NA,NA,NA,NA,cds_5y,28,-12.276902562766498,-24.575704784959168,6.115957860706235,-39.530762029840545,18.962994372569657,FALSE,FALSE
IRF,NA,NA,NA,NA,NA,NA,NA,NA,NA,NA,NA,z_jk_bs_norisk_mask,NA,NA,NA,NA,NA,NA,NA,NA,NA,NA,NA,NA,NA,NA,NA,cds_5y,29,-13.569998606361482,-25.91358911035379,4.821336220609061,-40.46910063994737,16.619127399174282,FALSE,FALSE
IRF,NA,NA,NA,NA,NA,NA,NA,NA,NA,NA,NA,z_jk_bs_norisk_mask,NA,NA,NA,NA,NA,NA,NA,NA,NA,NA,NA,NA,NA,NA,NA,cds_5y,30,-14.739768337258663,-27.869238578278292,3.736082834040512,-42.238177979901316,15.067401244970835,FALSE,FALSE
IRF,NA,NA,NA,NA,NA,NA,NA,NA,NA,NA,NA,z_jk_bs_norisk_mask,NA,NA,NA,NA,NA,NA,NA,NA,NA,NA,NA,NA,NA,NA,NA,cds_5y,31,-15.751263885973419,-29.483084404704243,2.0507657534343644,-43.05348752888805,13.955545857009215,FALSE,FALSE
IRF,NA,NA,NA,NA,NA,NA,NA,NA,NA,NA,NA,z_jk_bs_norisk_mask,NA,NA,NA,NA,NA,NA,NA,NA,NA,NA,NA,NA,NA,NA,NA,cds_5y,32,-16.588135380527923,-30.016272124471023,0.8193966992755657,-45.38045768127782,12.31485823366125,FALSE,FALSE
IRF,NA,NA,NA,NA,NA,NA,NA,NA,NA,NA,NA,z_jk_bs_norisk_mask,NA,NA,NA,NA,NA,NA,NA,NA,NA,NA,NA,NA,NA,NA,NA,cds_5y,33,-17.27009123884189,-30.847984140248126,-0.1737716997058224,-48.433489494781384,11.515760767930116,TRUE,FALSE
IRF,NA,NA,NA,NA,NA,NA,NA,NA,NA,NA,NA,z_jk_bs_norisk_mask,NA,NA,NA,NA,NA,NA,NA,NA,NA,NA,NA,NA,NA,NA,NA,cds_5y,34,-17.801279638068376,-31.239850023833714,0.004302321190729039,-50.25909231196237,10.368560211229612,FALSE,FALSE
IRF,NA,NA,NA,NA,NA,NA,NA,NA,NA,NA,NA,z_jk_bs_norisk_mask,NA,NA,NA,NA,NA,NA,NA,NA,NA,NA,NA,NA,NA,NA,NA,cds_5y,35,-18.18747164279234,-31.56431635277422,-0.3594032274035993,-51.66401709466168,10.00160863491693,TRUE,FALSE
IRF,NA,NA,NA,NA,NA,NA,NA,NA,NA,NA,NA,z_jk_bs_norisk_mask,NA,NA,NA,NA,NA,NA,NA,NA,NA,NA,NA,NA,NA,NA,NA,cds_5y,36,-18.424348564739915,-31.835422672245247,-0.32066650824707676,-53.58864460857344,9.267505041625943,TRUE,FALSE
IRF,NA,NA,NA,NA,NA,NA,NA,NA,NA,NA,NA,z_jk_bs_norisk_mask,NA,NA,NA,NA,NA,NA,NA,NA,NA,NA,NA,NA,NA,NA,NA,cds_5y,37,-18.510869745849845,-32.02002226172419,-0.8711103228897106,-52.83495931434337,8.189486164044935,TRUE,FALSE
IRF,NA,NA,NA,NA,NA,NA,NA,NA,NA,NA,NA,z_jk_bs_norisk_mask,NA,NA,NA,NA,NA,NA,NA,NA,NA,NA,NA,NA,NA,NA,NA,cds_5y,38,-18.46036943119191,-32.536702187517115,-0.8454232558163219,-52.29844332831836,7.3499389104649175,TRUE,FALSE
IRF,NA,NA,NA,NA,NA,NA,NA,NA,NA,NA,NA,z_jk_bs_norisk_mask,NA,NA,NA,NA,NA,NA,NA,NA,NA,NA,NA,NA,NA,NA,NA,cds_5y,39,-18.28094858337784,-32.62451264654108,-0.9621215215311405,-50.56880997177067,6.876984000781441,TRUE,FALSE
IRF,NA,NA,NA,NA,NA,NA,NA,NA,NA,NA,NA,z_jk_bs_norisk_mask,NA,NA,NA,NA,NA,NA,NA,NA,NA,NA,NA,NA,NA,NA,NA,cds_5y,40,-17.982202772150362,-32.99755523343714,-0.8667489619362297,-50.8351795828772,7.368140034603918,TRUE,FALSE
IRF,NA,NA,NA,NA,NA,NA,NA,NA,NA,NA,NA,z_jk_bs_norisk_mask,NA,NA,NA,NA,NA,NA,NA,NA,NA,NA,NA,NA,NA,NA,NA,cds_5y,41,-17.573876147763503,-32.837574515276046,-0.41466013356041104,-51.03529778956887,6.549381434565641,TRUE,FALSE
IRF,NA,NA,NA,NA,NA,NA,NA,NA,NA,NA,NA,z_jk_bs_norisk_mask,NA,NA,NA,NA,NA,NA,NA,NA,NA,NA,NA,NA,NA,NA,NA,cds_5y,42,-17.06241627193356,-32.388539701138725,-0.21541246823205593,-50.346838994770486,6.851700269329401,TRUE,FALSE
IRF,NA,NA,NA,NA,NA,NA,NA,NA,NA,NA,NA,z_jk_bs_norisk_mask,NA,NA,NA,NA,NA,NA,NA,NA,NA,NA,NA,NA,NA,NA,NA,cds_5y,43,-16.457841844504827,-31.252137747506616,-0.08922596264336195,-50.74919501553269,7.305918717716845,TRUE,FALSE
IRF,NA,NA,NA,NA,NA,NA,NA,NA,NA,NA,NA,z_jk_bs_norisk_mask,NA,NA,NA,NA,NA,NA,NA,NA,NA,NA,NA,NA,NA,NA,NA,cds_5y,44,-15.771459758065008,-30.329920360037747,-0.0715273332179257,-50.58554092876329,8.41229676819678,TRUE,FALSE
IRF,NA,NA,NA,NA,NA,NA,NA,NA,NA,NA,NA,z_jk_bs_norisk_mask,NA,NA,NA,NA,NA,NA,NA,NA,NA,NA,NA,NA,NA,NA,NA,cds_5y,45,-15.014319878826425,-29.713503994144666,0.29769826325682064,-51.57362752747802,9.34879874649424,FALSE,FALSE
IRF,NA,NA,NA,NA,NA,NA,NA,NA,NA,NA,NA,z_jk_bs_norisk_mask,NA,NA,NA,NA,NA,NA,NA,NA,NA,NA,NA,NA,NA,NA,NA,cds_5y,46,-14.196754692585165,-29.213990294006848,0.9985697573148825,-49.8135648401225,9.928650920031359,FALSE,FALSE
IRF,NA,NA,NA,NA,NA,NA,NA,NA,NA,NA,NA,z_jk_bs_norisk_mask,NA,NA,NA,NA,NA,NA,NA,NA,NA,NA,NA,NA,NA,NA,NA,cds_5y,47,-13.328073401063566,-28.389955457180566,1.5769173265627785,-47.519330871614194,9.859679639454663,FALSE,FALSE
IRF,NA,NA,NA,NA,NA,NA,NA,NA,NA,NA,NA,z_jk_bs_norisk_mask,NA,NA,NA,NA,NA,NA,NA,NA,NA,NA,NA,NA,NA,NA,NA,cds_5y,48,-12.418258695718821,-27.452535035883287,2.1152068459955284,-45.552415055216585,10.642871736486716,FALSE,FALSE
IRF,NA,NA,NA,NA,NA,NA,NA,NA,NA,NA,NA,z_jk_bs_norisk_mask,NA,NA,NA,NA,NA,NA,NA,NA,NA,NA,NA,NA,NA,NA,NA,asset_ibov,0,-11.800950858002725,-19.451533485145404,-10.02458190978508,-30.121468027536867,-8.286287090680233,TRUE,TRUE
IRF,NA,NA,NA,NA,NA,NA,NA,NA,NA,NA,NA,z_jk_bs_norisk_mask,NA,NA,NA,NA,NA,NA,NA,NA,NA,NA,NA,NA,NA,NA,NA,asset_ibov,1,-15.53745715096722,-26.56747451221106,-12.83962719776897,-41.440795720444285,-10.000965116646494,TRUE,TRUE
IRF,NA,NA,NA,NA,NA,NA,NA,NA,NA,NA,NA,z_jk_bs_norisk_mask,NA,NA,NA,NA,NA,NA,NA,NA,NA,NA,NA,NA,NA,NA,NA,asset_ibov,2,-13.618568471067032,-27.459413410923908,-10.494771666355238,-38.71952851257786,-6.880935992560945,TRUE,TRUE
IRF,NA,NA,NA,NA,NA,NA,NA,NA,NA,NA,NA,z_jk_bs_norisk_mask,NA,NA,NA,NA,NA,NA,NA,NA,NA,NA,NA,NA,NA,NA,NA,asset_ibov,3,-12.826292750011026,-28.025835358406606,-8.627014427938029,-39.43736145985352,-3.1868162657514207,TRUE,TRUE
IRF,NA,NA,NA,NA,NA,NA,NA,NA,NA,NA,NA,z_jk_bs_norisk_mask,NA,NA,NA,NA,NA,NA,NA,NA,NA,NA,NA,NA,NA,NA,NA,asset_ibov,4,-11.920687372935799,-29.587969503710248,-7.016681988209497,-41.595774001809446,-0.006388783944645689,TRUE,TRUE
IRF,NA,NA,NA,NA,NA,NA,NA,NA,NA,NA,NA,z_jk_bs_norisk_mask,NA,NA,NA,NA,NA,NA,NA,NA,NA,NA,NA,NA,NA,NA,NA,asset_ibov,5,-10.08833756662974,-29.51562774945602,-4.371979194445626,-43.315869913769426,5.143609938084566,TRUE,FALSE
IRF,NA,NA,NA,NA,NA,NA,NA,NA,NA,NA,NA,z_jk_bs_norisk_mask,NA,NA,NA,NA,NA,NA,NA,NA,NA,NA,NA,NA,NA,NA,NA,asset_ibov,6,-9.441267467866261,-31.972871064185004,-3.0167196106129137,-47.23368080970546,7.129560346784506,TRUE,FALSE
IRF,NA,NA,NA,NA,NA,NA,NA,NA,NA,NA,NA,z_jk_bs_norisk_mask,NA,NA,NA,NA,NA,NA,NA,NA,NA,NA,NA,NA,NA,NA,NA,asset_ibov,7,-7.709227128273197,-33.59283589191479,-1.3527838867871775,-51.6139613161778,9.312669468897015,TRUE,FALSE
IRF,NA,NA,NA,NA,NA,NA,NA,NA,NA,NA,NA,z_jk_bs_norisk_mask,NA,NA,NA,NA,NA,NA,NA,NA,NA,NA,NA,NA,NA,NA,NA,asset_ibov,8,-4.811948278919343,-34.61286648622888,0.988896717052331,-52.30263777207939,14.299836387340738,FALSE,FALSE
IRF,NA,NA,NA,NA,NA,NA,NA,NA,NA,NA,NA,z_jk_bs_norisk_mask,NA,NA,NA,NA,NA,NA,NA,NA,NA,NA,NA,NA,NA,NA,NA,asset_ibov,9,-2.7032356534444317,-36.112403807235005,3.678326143741539,-55.037628530702946,18.76958153672807,FALSE,FALSE
IRF,NA,NA,NA,NA,NA,NA,NA,NA,NA,NA,NA,z_jk_bs_norisk_mask,NA,NA,NA,NA,NA,NA,NA,NA,NA,NA,NA,NA,NA,NA,NA,asset_ibov,10,-1.0603694652494693,-37.53031721510534,5.8202522293236685,-57.49821424706328,21.793909771237445,FALSE,FALSE
IRF,NA,NA,NA,NA,NA,NA,NA,NA,NA,NA,NA,z_jk_bs_norisk_mask,NA,NA,NA,NA,NA,NA,NA,NA,NA,NA,NA,NA,NA,NA,NA,asset_ibov,11,0.4681553654208365,-39.46643293140859,7.352217802640769,-60.14449695466681,25.346926648482857,FALSE,FALSE
IRF,NA,NA,NA,NA,NA,NA,NA,NA,NA,NA,NA,z_jk_bs_norisk_mask,NA,NA,NA,NA,NA,NA,NA,NA,NA,NA,NA,NA,NA,NA,NA,asset_ibov,12,2.079923028041623,-41.9362980237511,9.86865376836533,-64.72517935108876,28.21261576387802,FALSE,FALSE
IRF,NA,NA,NA,NA,NA,NA,NA,NA,NA,NA,NA,z_jk_bs_norisk_mask,NA,NA,NA,NA,NA,NA,NA,NA,NA,NA,NA,NA,NA,NA,NA,asset_ibov,13,3.749885208269345,-44.24365529478384,12.236674769165452,-70.72992849574275,32.851801814164766,FALSE,FALSE
IRF,NA,NA,NA,NA,NA,NA,NA,NA,NA,NA,NA,z_jk_bs_norisk_mask,NA,NA,NA,NA,NA,NA,NA,NA,NA,NA,NA,NA,NA,NA,NA,asset_ibov,14,5.269682470506269,-46.506318954385016,15.01349563515927,-74.20229912443361,36.33819877735693,FALSE,FALSE
IRF,NA,NA,NA,NA,NA,NA,NA,NA,NA,NA,NA,z_jk_bs_norisk_mask,NA,NA,NA,NA,NA,NA,NA,NA,NA,NA,NA,NA,NA,NA,NA,asset_ibov,15,6.67098115401161,-48.59289600004982,17.190123706735754,-77.11482897807217,40.24732396684293,FALSE,FALSE
IRF,NA,NA,NA,NA,NA,NA,NA,NA,NA,NA,NA,z_jk_bs_norisk_mask,NA,NA,NA,NA,NA,NA,NA,NA,NA,NA,NA,NA,NA,NA,NA,asset_ibov,16,7.728965379461447,-49.99978020667955,19.77228103641316,-82.6273498511754,43.29199815149519,FALSE,FALSE
IRF,NA,NA,NA,NA,NA,NA,NA,NA,NA,NA,NA,z_jk_bs_norisk_mask,NA,NA,NA,NA,NA,NA,NA,NA,NA,NA,NA,NA,NA,NA,NA,asset_ibov,17,8.759346352872175,-51.61309230136686,22.150956223269155,-88.38499326697115,48.1098268858388,FALSE,FALSE
IRF,NA,NA,NA,NA,NA,NA,NA,NA,NA,NA,NA,z_jk_bs_norisk_mask,NA,NA,NA,NA,NA,NA,NA,NA,NA,NA,NA,NA,NA,NA,NA,asset_ibov,18,9.840424649552814,-53.43304481102171,25.183087806310294,-92.74460332396215,51.32316215255676,FALSE,FALSE
IRF,NA,NA,NA,NA,NA,NA,NA,NA,NA,NA,NA,z_jk_bs_norisk_mask,NA,NA,NA,NA,NA,NA,NA,NA,NA,NA,NA,NA,NA,NA,NA,asset_ibov,19,10.793489795727716,-54.43270470520069,28.251990266952042,-96.42372700989793,55.400409396063026,FALSE,FALSE
IRF,NA,NA,NA,NA,NA,NA,NA,NA,NA,NA,NA,z_jk_bs_norisk_mask,NA,NA,NA,NA,NA,NA,NA,NA,NA,NA,NA,NA,NA,NA,NA,asset_ibov,20,11.673613951183235,-55.85799119504584,30.65058875398787,-100.4709630912121,60.50037426374443,FALSE,FALSE
IRF,NA,NA,NA,NA,NA,NA,NA,NA,NA,NA,NA,z_jk_bs_norisk_mask,NA,NA,NA,NA,NA,NA,NA,NA,NA,NA,NA,NA,NA,NA,NA,asset_ibov,21,12.436930364683192,-57.14551963315346,34.125012373663026,-102.96616708639475,64.57396141977839,FALSE,FALSE
IRF,NA,NA,NA,NA,NA,NA,NA,NA,NA,NA,NA,z_jk_bs_norisk_mask,NA,NA,NA,NA,NA,NA,NA,NA,NA,NA,NA,NA,NA,NA,NA,asset_ibov,22,13.05727169686267,-59.41497158666499,37.942573578588444,-106.14002025161946,70.03907757316863,FALSE,FALSE
IRF,NA,NA,NA,NA,NA,NA,NA,NA,NA,NA,NA,z_jk_bs_norisk_mask,NA,NA,NA,NA,NA,NA,NA,NA,NA,NA,NA,NA,NA,NA,NA,asset_ibov,23,13.608300318578445,-61.60887133483847,40.493664310868624,-109.17122677640513,75.55155796475547,FALSE,FALSE
IRF,NA,NA,NA,NA,NA,NA,NA,NA,NA,NA,NA,z_jk_bs_norisk_mask,NA,NA,NA,NA,NA,NA,NA,NA,NA,NA,NA,NA,NA,NA,NA,asset_ibov,24,14.055926080847115,-64.36575773236797,44.03993153360323,-112.1892595708181,81.6659825152579,FALSE,FALSE
IRF,NA,NA,NA,NA,NA,NA,NA,NA,NA,NA,NA,z_jk_bs_norisk_mask,NA,NA,NA,NA,NA,NA,NA,NA,NA,NA,NA,NA,NA,NA,NA,asset_ibov,25,14.363845282329752,-66.8197357278736,47.530750752224975,-116.70674001434642,88.52623056347541,FALSE,FALSE
IRF,NA,NA,NA,NA,NA,NA,NA,NA,NA,NA,NA,z_jk_bs_norisk_mask,NA,NA,NA,NA,NA,NA,NA,NA,NA,NA,NA,NA,NA,NA,NA,asset_ibov,26,14.5226882606599,-69.29327218537811,50.278893728048516,-121.13230482137998,94.95808220998437,FALSE,FALSE
IRF,NA,NA,NA,NA,NA,NA,NA,NA,NA,NA,NA,z_jk_bs_norisk_mask,NA,NA,NA,NA,NA,NA,NA,NA,NA,NA,NA,NA,NA,NA,NA,asset_ibov,27,14.52080207086082,-71.19370189627834,53.5310707564971,-124.69279729234192,98.78196841144232,FALSE,FALSE
IRF,NA,NA,NA,NA,NA,NA,NA,NA,NA,NA,NA,z_jk_bs_norisk_mask,NA,NA,NA,NA,NA,NA,NA,NA,NA,NA,NA,NA,NA,NA,NA,asset_ibov,28,14.358543354581476,-73.3535985825618,56.41506942561044,-130.1642979707736,103.44725369495043,FALSE,FALSE
IRF,NA,NA,NA,NA,NA,NA,NA,NA,NA,NA,NA,z_jk_bs_norisk_mask,NA,NA,NA,NA,NA,NA,NA,NA,NA,NA,NA,NA,NA,NA,NA,asset_ibov,29,14.031948944376532,-76.31835146574824,59.18263191183453,-134.86037092784773,108.4777193180981,FALSE,FALSE
IRF,NA,NA,NA,NA,NA,NA,NA,NA,NA,NA,NA,z_jk_bs_norisk_mask,NA,NA,NA,NA,NA,NA,NA,NA,NA,NA,NA,NA,NA,NA,NA,asset_ibov,30,13.533162495570977,-79.4174658095502,60.24963497496187,-139.60377968516357,113.19969244853941,FALSE,FALSE
IRF,NA,NA,NA,NA,NA,NA,NA,NA,NA,NA,NA,z_jk_bs_norisk_mask,NA,NA,NA,NA,NA,NA,NA,NA,NA,NA,NA,NA,NA,NA,NA,asset_ibov,31,12.85085261951447,-81.85939879312095,61.952660308075124,-145.20997812161372,116.6230052096581,FALSE,FALSE
IRF,NA,NA,NA,NA,NA,NA,NA,NA,NA,NA,NA,z_jk_bs_norisk_mask,NA,NA,NA,NA,NA,NA,NA,NA,NA,NA,NA,NA,NA,NA,NA,asset_ibov,32,11.980502703321157,-84.22248063804251,63.319363527870024,-150.65262372900162,121.21479204245759,FALSE,FALSE
IRF,NA,NA,NA,NA,NA,NA,NA,NA,NA,NA,NA,z_jk_bs_norisk_mask,NA,NA,NA,NA,NA,NA,NA,NA,NA,NA,NA,NA,NA,NA,NA,asset_ibov,33,10.927495349621443,-87.43683471368068,64.84597042091443,-158.1000395718243,125.97704986005884,FALSE,FALSE
IRF,NA,NA,NA,NA,NA,NA,NA,NA,NA,NA,NA,z_jk_bs_norisk_mask,NA,NA,NA,NA,NA,NA,NA,NA,NA,NA,NA,NA,NA,NA,NA,asset_ibov,34,9.692776408458096,-91.78383365445333,65.29555789461803,-164.00636504749411,129.928859580206,FALSE,FALSE
IRF,NA,NA,NA,NA,NA,NA,NA,NA,NA,NA,NA,z_jk_bs_norisk_mask,NA,NA,NA,NA,NA,NA,NA,NA,NA,NA,NA,NA,NA,NA,NA,asset_ibov,35,8.279946470500546,-93.44177464580663,67.28121621193874,-167.19947687935084,133.25329830506158,FALSE,FALSE
IRF,NA,NA,NA,NA,NA,NA,NA,NA,NA,NA,NA,z_jk_bs_norisk_mask,NA,NA,NA,NA,NA,NA,NA,NA,NA,NA,NA,NA,NA,NA,NA,asset_ibov,36,6.694176748421136,-95.76546246276061,67.98410999901736,-170.54626368596746,135.77230605551597,FALSE,FALSE
IRF,NA,NA,NA,NA,NA,NA,NA,NA,NA,NA,NA,z_jk_bs_norisk_mask,NA,NA,NA,NA,NA,NA,NA,NA,NA,NA,NA,NA,NA,NA,NA,asset_ibov,37,4.939996434169613,-98.96638414654049,68.1765188991559,-175.81760965985916,137.13457312055075,FALSE,FALSE
IRF,NA,NA,NA,NA,NA,NA,NA,NA,NA,NA,NA,z_jk_bs_norisk_mask,NA,NA,NA,NA,NA,NA,NA,NA,NA,NA,NA,NA,NA,NA,NA,asset_ibov,38,3.0271408247468936,-101.06170116818004,68.09718353251986,-182.69603153451553,140.32183851060262,FALSE,FALSE
IRF,NA,NA,NA,NA,NA,NA,NA,NA,NA,NA,NA,z_jk_bs_norisk_mask,NA,NA,NA,NA,NA,NA,NA,NA,NA,NA,NA,NA,NA,NA,NA,asset_ibov,39,0.9667241099264463,-103.48697376202725,68.41448515830416,-185.8854941151881,144.734884559034,FALSE,FALSE
IRF,NA,NA,NA,NA,NA,NA,NA,NA,NA,NA,NA,z_jk_bs_norisk_mask,NA,NA,NA,NA,NA,NA,NA,NA,NA,NA,NA,NA,NA,NA,NA,asset_ibov,40,-1.2302473562773923,-105.65310973787483,68.89258243213956,-190.35614189997239,146.89735902121782,FALSE,FALSE
IRF,NA,NA,NA,NA,NA,NA,NA,NA,NA,NA,NA,z_jk_bs_norisk_mask,NA,NA,NA,NA,NA,NA,NA,NA,NA,NA,NA,NA,NA,NA,NA,asset_ibov,41,-3.5512853946502854,-108.61822000691592,69.81239683800284,-192.68958163351544,147.1243888723598,FALSE,FALSE
IRF,NA,NA,NA,NA,NA,NA,NA,NA,NA,NA,NA,z_jk_bs_norisk_mask,NA,NA,NA,NA,NA,NA,NA,NA,NA,NA,NA,NA,NA,NA,NA,asset_ibov,42,-5.983456472155586,-110.69150695545088,70.6456415472936,-194.6949294953011,149.16469938322285,FALSE,FALSE
IRF,NA,NA,NA,NA,NA,NA,NA,NA,NA,NA,NA,z_jk_bs_norisk_mask,NA,NA,NA,NA,NA,NA,NA,NA,NA,NA,NA,NA,NA,NA,NA,asset_ibov,43,-8.512705249490017,-113.01039661834709,71.16468072974119,-197.8070071949789,149.84465387675573,FALSE,FALSE
IRF,NA,NA,NA,NA,NA,NA,NA,NA,NA,NA,NA,z_jk_bs_norisk_mask,NA,NA,NA,NA,NA,NA,NA,NA,NA,NA,NA,NA,NA,NA,NA,asset_ibov,44,-11.123977218664058,-117.60559051774581,70.87227913315725,-200.1845994950626,150.00736593455446,FALSE,FALSE
IRF,NA,NA,NA,NA,NA,NA,NA,NA,NA,NA,NA,z_jk_bs_norisk_mask,NA,NA,NA,NA,NA,NA,NA,NA,NA,NA,NA,NA,NA,NA,NA,asset_ibov,45,-13.801946038113117,-120.6674685061972,71.34120484081531,-205.60617639790328,150.08732671170316,FALSE,FALSE
IRF,NA,NA,NA,NA,NA,NA,NA,NA,NA,NA,NA,z_jk_bs_norisk_mask,NA,NA,NA,NA,NA,NA,NA,NA,NA,NA,NA,NA,NA,NA,NA,asset_ibov,46,-16.531178438882105,-124.56898028393465,71.18142013121637,-209.29766465949902,150.03237273658075,FALSE,FALSE
IRF,NA,NA,NA,NA,NA,NA,NA,NA,NA,NA,NA,z_jk_bs_norisk_mask,NA,NA,NA,NA,NA,NA,NA,NA,NA,NA,NA,NA,NA,NA,NA,asset_ibov,47,-19.296305167144723,-127.19934994443318,70.41772259733946,-215.83618046625412,149.22966603507595,FALSE,FALSE
IRF,NA,NA,NA,NA,NA,NA,NA,NA,NA,NA,NA,z_jk_bs_norisk_mask,NA,NA,NA,NA,NA,NA,NA,NA,NA,NA,NA,NA,NA,NA,NA,asset_ibov,48,-22.081875040601084,-129.35924448230244,69.71475328515538,-221.98961367453938,149.6799452128292,FALSE,FALSE
IRF,NA,NA,NA,NA,NA,NA,NA,NA,NA,NA,NA,z_jk_bs_norisk_mask,NA,NA,NA,NA,NA,NA,NA,NA,NA,NA,NA,NA,NA,NA,NA,price_ipca,0,0.08462011847905915,-0.05508183052538777,0.23705693703601807,-0.1666194193963758,0.35464982778596915,FALSE,FALSE
IRF,NA,NA,NA,NA,NA,NA,NA,NA,NA,NA,NA,z_jk_bs_norisk_mask,NA,NA,NA,NA,NA,NA,NA,NA,NA,NA,NA,NA,NA,NA,NA,price_ipca,1,0.010059111986055828,-0.1825588623048342,0.12307719096846953,-0.333405026966934,0.23134559201387514,FALSE,FALSE
IRF,NA,NA,NA,NA,NA,NA,NA,NA,NA,NA,NA,z_jk_bs_norisk_mask,NA,NA,NA,NA,NA,NA,NA,NA,NA,NA,NA,NA,NA,NA,NA,price_ipca,2,0.0044715883863794895,-0.18993973068496975,0.13715906204033218,-0.34243417414375843,0.2545638282432453,FALSE,FALSE
IRF,NA,NA,NA,NA,NA,NA,NA,NA,NA,NA,NA,z_jk_bs_norisk_mask,NA,NA,NA,NA,NA,NA,NA,NA,NA,NA,NA,NA,NA,NA,NA,price_ipca,3,0.08470386973488793,-0.10342859486792841,0.22795798999850353,-0.26199142856024493,0.3710320346273722,FALSE,FALSE
IRF,NA,NA,NA,NA,NA,NA,NA,NA,NA,NA,NA,z_jk_bs_norisk_mask,NA,NA,NA,NA,NA,NA,NA,NA,NA,NA,NA,NA,NA,NA,NA,price_ipca,4,0.21722711791525398,0.03839193138939582,0.41952481961556215,-0.05679864812735569,0.5865399930376598,TRUE,FALSE
IRF,NA,NA,NA,NA,NA,NA,NA,NA,NA,NA,NA,z_jk_bs_norisk_mask,NA,NA,NA,NA,NA,NA,NA,NA,NA,NA,NA,NA,NA,NA,NA,price_ipca,5,0.22044800400786302,0.02729475079629851,0.40556362602625345,-0.0667968517480203,0.5833103197367916,TRUE,FALSE
IRF,NA,NA,NA,NA,NA,NA,NA,NA,NA,NA,NA,z_jk_bs_norisk_mask,NA,NA,NA,NA,NA,NA,NA,NA,NA,NA,NA,NA,NA,NA,NA,price_ipca,6,0.22484370403547935,0.04542598936946381,0.4278025341892123,-0.05611193959190084,0.6203885770145118,TRUE,FALSE
IRF,NA,NA,NA,NA,NA,NA,NA,NA,NA,NA,NA,z_jk_bs_norisk_mask,NA,NA,NA,NA,NA,NA,NA,NA,NA,NA,NA,NA,NA,NA,NA,price_ipca,7,0.2640477153550472,0.07431734986645876,0.47639794521596035,-0.026939157737909173,0.6607881723861029,TRUE,FALSE
IRF,NA,NA,NA,NA,NA,NA,NA,NA,NA,NA,NA,z_jk_bs_norisk_mask,NA,NA,NA,NA,NA,NA,NA,NA,NA,NA,NA,NA,NA,NA,NA,price_ipca,8,0.27286846088670696,0.06993323056974059,0.4837495142409325,-0.045949957640412445,0.6995297578413474,TRUE,FALSE
IRF,NA,NA,NA,NA,NA,NA,NA,NA,NA,NA,NA,z_jk_bs_norisk_mask,NA,NA,NA,NA,NA,NA,NA,NA,NA,NA,NA,NA,NA,NA,NA,price_ipca,9,0.2375603491725535,0.028223778860328425,0.45018324204253357,-0.07242190955611755,0.6631471774868947,TRUE,FALSE
IRF,NA,NA,NA,NA,NA,NA,NA,NA,NA,NA,NA,z_jk_bs_norisk_mask,NA,NA,NA,NA,NA,NA,NA,NA,NA,NA,NA,NA,NA,NA,NA,price_ipca,10,0.2484628991728477,0.04674478141217529,0.47400968358077344,-0.04976613115150038,0.6888402335589443,TRUE,FALSE
IRF,NA,NA,NA,NA,NA,NA,NA,NA,NA,NA,NA,z_jk_bs_norisk_mask,NA,NA,NA,NA,NA,NA,NA,NA,NA,NA,NA,NA,NA,NA,NA,price_ipca,11,0.20590013725597192,0.010033697192484791,0.4223114885956747,-0.09631783672948087,0.6141534513049817,TRUE,FALSE
IRF,NA,NA,NA,NA,NA,NA,NA,NA,NA,NA,NA,z_jk_bs_norisk_mask,NA,NA,NA,NA,NA,NA,NA,NA,NA,NA,NA,NA,NA,NA,NA,price_ipca,12,0.1623458301394344,-0.02314171849154814,0.3801827243713748,-0.14381352808646974,0.5638996553265048,FALSE,FALSE
IRF,NA,NA,NA,NA,NA,NA,NA,NA,NA,NA,NA,z_jk_bs_norisk_mask,NA,NA,NA,NA,NA,NA,NA,NA,NA,NA,NA,NA,NA,NA,NA,price_ipca,13,0.1563707299538711,-0.023890646370109122,0.3808447224810531,-0.15040678438667857,0.5666407348858595,FALSE,FALSE
IRF,NA,NA,NA,NA,NA,NA,NA,NA,NA,NA,NA,z_jk_bs_norisk_mask,NA,NA,NA,NA,NA,NA,NA,NA,NA,NA,NA,NA,NA,NA,NA,price_ipca,14,0.1241084540348316,-0.05994530877823873,0.3510913682993772,-0.1842412604443819,0.5378739830185761,FALSE,FALSE
IRF,NA,NA,NA,NA,NA,NA,NA,NA,NA,NA,NA,z_jk_bs_norisk_mask,NA,NA,NA,NA,NA,NA,NA,NA,NA,NA,NA,NA,NA,NA,NA,price_ipca,15,0.09219936381764754,-0.09324131522760748,0.3155507332124137,-0.2322828005390663,0.5071492681122648,FALSE,FALSE
IRF,NA,NA,NA,NA,NA,NA,NA,NA,NA,NA,NA,z_jk_bs_norisk_mask,NA,NA,NA,NA,NA,NA,NA,NA,NA,NA,NA,NA,NA,NA,NA,price_ipca,16,0.07259325905419987,-0.10013807593022318,0.3024258440907785,-0.24549513810168924,0.49249178879975225,FALSE,FALSE
IRF,NA,NA,NA,NA,NA,NA,NA,NA,NA,NA,NA,z_jk_bs_norisk_mask,NA,NA,NA,NA,NA,NA,NA,NA,NA,NA,NA,NA,NA,NA,NA,price_ipca,17,0.04039238196307623,-0.1272529745418501,0.27796286520544855,-0.2907942061305326,0.45928217615676264,FALSE,FALSE
IRF,NA,NA,NA,NA,NA,NA,NA,NA,NA,NA,NA,z_jk_bs_norisk_mask,NA,NA,NA,NA,NA,NA,NA,NA,NA,NA,NA,NA,NA,NA,NA,price_ipca,18,0.014369482754215014,-0.14763626362764648,0.25537765539112717,-0.30239238272901103,0.42762962851218755,FALSE,FALSE
IRF,NA,NA,NA,NA,NA,NA,NA,NA,NA,NA,NA,z_jk_bs_norisk_mask,NA,NA,NA,NA,NA,NA,NA,NA,NA,NA,NA,NA,NA,NA,NA,price_ipca,19,-0.006104288177962427,-0.15785329864983275,0.23612090374413724,-0.3073648126460962,0.41755449367938735,FALSE,FALSE
IRF,NA,NA,NA,NA,NA,NA,NA,NA,NA,NA,NA,z_jk_bs_norisk_mask,NA,NA,NA,NA,NA,NA,NA,NA,NA,NA,NA,NA,NA,NA,NA,price_ipca,20,-0.02918148127349039,-0.17269606472430962,0.21654102496678054,-0.33130548247112745,0.3961720680805859,FALSE,FALSE
IRF,NA,NA,NA,NA,NA,NA,NA,NA,NA,NA,NA,z_jk_bs_norisk_mask,NA,NA,NA,NA,NA,NA,NA,NA,NA,NA,NA,NA,NA,NA,NA,price_ipca,21,-0.05145438034026797,-0.1949474691756145,0.1899142410286438,-0.3410737726148138,0.3714254817560323,FALSE,FALSE
IRF,NA,NA,NA,NA,NA,NA,NA,NA,NA,NA,NA,z_jk_bs_norisk_mask,NA,NA,NA,NA,NA,NA,NA,NA,NA,NA,NA,NA,NA,NA,NA,price_ipca,22,-0.071825955688416,-0.20803470948528618,0.1712928235111656,-0.35565188685220583,0.3609037243075459,FALSE,FALSE
IRF,NA,NA,NA,NA,NA,NA,NA,NA,NA,NA,NA,z_jk_bs_norisk_mask,NA,NA,NA,NA,NA,NA,NA,NA,NA,NA,NA,NA,NA,NA,NA,price_ipca,23,-0.09120462983503223,-0.22372235555466308,0.14982932188511114,-0.36835611696193993,0.33741305595917775,FALSE,FALSE
IRF,NA,NA,NA,NA,NA,NA,NA,NA,NA,NA,NA,z_jk_bs_norisk_mask,NA,NA,NA,NA,NA,NA,NA,NA,NA,NA,NA,NA,NA,NA,NA,price_ipca,24,-0.10952821619796015,-0.23289699113085127,0.13055237771809153,-0.40561388945568755,0.3138147007374372,FALSE,FALSE
IRF,NA,NA,NA,NA,NA,NA,NA,NA,NA,NA,NA,z_jk_bs_norisk_mask,NA,NA,NA,NA,NA,NA,NA,NA,NA,NA,NA,NA,NA,NA,NA,price_ipca,25,-0.12608904450149166,-0.24467444265591834,0.11182286602475157,-0.42039326791035014,0.2983834976341438,FALSE,FALSE
IRF,NA,NA,NA,NA,NA,NA,NA,NA,NA,NA,NA,z_jk_bs_norisk_mask,NA,NA,NA,NA,NA,NA,NA,NA,NA,NA,NA,NA,NA,NA,NA,price_ipca,26,-0.1417723997787494,-0.260510960398717,0.10084542242601591,-0.4434688559671726,0.2799404532814169,FALSE,FALSE
IRF,NA,NA,NA,NA,NA,NA,NA,NA,NA,NA,NA,z_jk_bs_norisk_mask,NA,NA,NA,NA,NA,NA,NA,NA,NA,NA,NA,NA,NA,NA,NA,price_ipca,27,-0.15720184018636782,-0.2703619316706464,0.0843671152394271,-0.45510255869521266,0.2510851038155001,FALSE,FALSE
IRF,NA,NA,NA,NA,NA,NA,NA,NA,NA,NA,NA,z_jk_bs_norisk_mask,NA,NA,NA,NA,NA,NA,NA,NA,NA,NA,NA,NA,NA,NA,NA,price_ipca,28,-0.17084193847567375,-0.2792414016492397,0.06865945666783763,-0.4872950646906519,0.2385430047810922,FALSE,FALSE
IRF,NA,NA,NA,NA,NA,NA,NA,NA,NA,NA,NA,z_jk_bs_norisk_mask,NA,NA,NA,NA,NA,NA,NA,NA,NA,NA,NA,NA,NA,NA,NA,price_ipca,29,-0.1832640265390187,-0.2942173037127336,0.05088413750842722,-0.49909501066181083,0.22310773218396893,FALSE,FALSE
IRF,NA,NA,NA,NA,NA,NA,NA,NA,NA,NA,NA,z_jk_bs_norisk_mask,NA,NA,NA,NA,NA,NA,NA,NA,NA,NA,NA,NA,NA,NA,NA,price_ipca,30,-0.19463213880485736,-0.2968540241089978,0.04035992965948627,-0.5093875963527359,0.20988159122504177,FALSE,FALSE
IRF,NA,NA,NA,NA,NA,NA,NA,NA,NA,NA,NA,z_jk_bs_norisk_mask,NA,NA,NA,NA,NA,NA,NA,NA,NA,NA,NA,NA,NA,NA,NA,price_ipca,31,-0.20434661546711785,-0.2994056461274354,0.033686486329158195,-0.5078943623469628,0.19475849047726154,FALSE,FALSE
IRF,NA,NA,NA,NA,NA,NA,NA,NA,NA,NA,NA,z_jk_bs_norisk_mask,NA,NA,NA,NA,NA,NA,NA,NA,NA,NA,NA,NA,NA,NA,NA,price_ipca,32,-0.21292617623074972,-0.3030272893828202,0.025634711591326582,-0.531242987215521,0.1870942873460594,FALSE,FALSE
IRF,NA,NA,NA,NA,NA,NA,NA,NA,NA,NA,NA,z_jk_bs_norisk_mask,NA,NA,NA,NA,NA,NA,NA,NA,NA,NA,NA,NA,NA,NA,NA,price_ipca,33,-0.2202347849230705,-0.30969071097955886,0.022286160089678222,-0.5491764314123028,0.1776578682205968,FALSE,FALSE
IRF,NA,NA,NA,NA,NA,NA,NA,NA,NA,NA,NA,z_jk_bs_norisk_mask,NA,NA,NA,NA,NA,NA,NA,NA,NA,NA,NA,NA,NA,NA,NA,price_ipca,34,-0.22596023690536285,-0.3206769769964519,0.016633044699336668,-0.5446110114036592,0.1573168285193834,FALSE,FALSE
IRF,NA,NA,NA,NA,NA,NA,NA,NA,NA,NA,NA,z_jk_bs_norisk_mask,NA,NA,NA,NA,NA,NA,NA,NA,NA,NA,NA,NA,NA,NA,NA,price_ipca,35,-0.23032050271557303,-0.32144386690941085,0.006893137425296661,-0.5424053688352611,0.15175665725135612,FALSE,FALSE
IRF,NA,NA,NA,NA,NA,NA,NA,NA,NA,NA,NA,z_jk_bs_norisk_mask,NA,NA,NA,NA,NA,NA,NA,NA,NA,NA,NA,NA,NA,NA,NA,price_ipca,36,-0.23328449602163484,-0.31951731681882245,0.005717891587563954,-0.5531061566942942,0.1404682631863273,FALSE,FALSE
IRF,NA,NA,NA,NA,NA,NA,NA,NA,NA,NA,NA,z_jk_bs_norisk_mask,NA,NA,NA,NA,NA,NA,NA,NA,NA,NA,NA,NA,NA,NA,NA,price_ipca,37,-0.23485219127384557,-0.32989952254351995,-4.607964994134051e-4,-0.5459034155103902,0.12761358281607152,TRUE,FALSE
IRF,NA,NA,NA,NA,NA,NA,NA,NA,NA,NA,NA,z_jk_bs_norisk_mask,NA,NA,NA,NA,NA,NA,NA,NA,NA,NA,NA,NA,NA,NA,NA,price_ipca,38,-0.2350941940883744,-0.327447692047855,0.0024371019108421037,-0.5381555654674436,0.12376763421069245,FALSE,FALSE
IRF,NA,NA,NA,NA,NA,NA,NA,NA,NA,NA,NA,z_jk_bs_norisk_mask,NA,NA,NA,NA,NA,NA,NA,NA,NA,NA,NA,NA,NA,NA,NA,price_ipca,39,-0.23402456764869242,-0.3253102891594834,0.001344763267454808,-0.5274007964189971,0.1206869552715575,FALSE,FALSE
IRF,NA,NA,NA,NA,NA,NA,NA,NA,NA,NA,NA,z_jk_bs_norisk_mask,NA,NA,NA,NA,NA,NA,NA,NA,NA,NA,NA,NA,NA,NA,NA,price_ipca,40,-0.2316815972196348,-0.32636955534472484,-0.0014635809655146892,-0.5216751957771292,0.10839503799639379,TRUE,FALSE
IRF,NA,NA,NA,NA,NA,NA,NA,NA,NA,NA,NA,z_jk_bs_norisk_mask,NA,NA,NA,NA,NA,NA,NA,NA,NA,NA,NA,NA,NA,NA,NA,price_ipca,41,-0.22812765600819396,-0.33436829229838805,0.0017715867483575594,-0.5204052466690786,0.10928467070167967,FALSE,FALSE
IRF,NA,NA,NA,NA,NA,NA,NA,NA,NA,NA,NA,z_jk_bs_norisk_mask,NA,NA,NA,NA,NA,NA,NA,NA,NA,NA,NA,NA,NA,NA,NA,price_ipca,42,-0.22345820245217454,-0.32856883204326925,0.0027791685942711204,-0.5270816621358099,0.10503945784226826,FALSE,FALSE
IRF,NA,NA,NA,NA,NA,NA,NA,NA,NA,NA,NA,z_jk_bs_norisk_mask,NA,NA,NA,NA,NA,NA,NA,NA,NA,NA,NA,NA,NA,NA,NA,price_ipca,43,-0.21774576769138082,-0.3259463679647988,0.0017377540346155366,-0.5225854153553549,0.10764108641397933,FALSE,FALSE
IRF,NA,NA,NA,NA,NA,NA,NA,NA,NA,NA,NA,z_jk_bs_norisk_mask,NA,NA,NA,NA,NA,NA,NA,NA,NA,NA,NA,NA,NA,NA,NA,price_ipca,44,-0.21106355896745574,-0.31253075421218335,0.0031516885835854718,-0.5256620490108427,0.11942772547976419,FALSE,FALSE
IRF,NA,NA,NA,NA,NA,NA,NA,NA,NA,NA,NA,z_jk_bs_norisk_mask,NA,NA,NA,NA,NA,NA,NA,NA,NA,NA,NA,NA,NA,NA,NA,price_ipca,45,-0.2035098541464059,-0.30688050797798083,0.007612917928962015,-0.514037596693595,0.12498691781593546,FALSE,FALSE
IRF,NA,NA,NA,NA,NA,NA,NA,NA,NA,NA,NA,z_jk_bs_norisk_mask,NA,NA,NA,NA,NA,NA,NA,NA,NA,NA,NA,NA,NA,NA,NA,price_ipca,46,-0.19516608623485968,-0.3005465128403163,0.01130880991160966,-0.4970818238066062,0.13105934435924407,FALSE,FALSE
IRF,NA,NA,NA,NA,NA,NA,NA,NA,NA,NA,NA,z_jk_bs_norisk_mask,NA,NA,NA,NA,NA,NA,NA,NA,NA,NA,NA,NA,NA,NA,NA,price_ipca,47,-0.18613032807996674,-0.28993290825430174,0.01453791579205779,-0.46927002644546256,0.1269982042241338,FALSE,FALSE
IRF,NA,NA,NA,NA,NA,NA,NA,NA,NA,NA,NA,z_jk_bs_norisk_mask,NA,NA,NA,NA,NA,NA,NA,NA,NA,NA,NA,NA,NA,NA,NA,price_ipca,48,-0.17650597410412808,-0.28386072856741595,0.02031796158896216,-0.45462488688097424,0.12329159301411471,FALSE,FALSE
IRF,NA,NA,NA,NA,NA,NA,NA,NA,NA,NA,NA,z_jk_bs_norisk_mask,NA,NA,NA,NA,NA,NA,NA,NA,NA,NA,NA,NA,NA,NA,NA,price_ipp,0,1.1773172515413808,0.9070065452085005,1.7460540369586814,0.7375657201827679,2.5596405086033767,TRUE,TRUE
IRF,NA,NA,NA,NA,NA,NA,NA,NA,NA,NA,NA,z_jk_bs_norisk_mask,NA,NA,NA,NA,NA,NA,NA,NA,NA,NA,NA,NA,NA,NA,NA,price_ipp,1,1.1616980418152136,0.8090483526878728,1.6645151951716768,0.5946578570970246,2.3329761946566006,TRUE,TRUE
IRF,NA,NA,NA,NA,NA,NA,NA,NA,NA,NA,NA,z_jk_bs_norisk_mask,NA,NA,NA,NA,NA,NA,NA,NA,NA,NA,NA,NA,NA,NA,NA,price_ipp,2,1.0045530626843178,0.6117953081625265,1.4642789022650138,0.42648441253282465,1.9985439710537403,TRUE,TRUE
IRF,NA,NA,NA,NA,NA,NA,NA,NA,NA,NA,NA,z_jk_bs_norisk_mask,NA,NA,NA,NA,NA,NA,NA,NA,NA,NA,NA,NA,NA,NA,NA,price_ipp,3,1.0557784375533896,0.6451921266264735,1.5182512994674568,0.4131748666475199,2.08311474114759,TRUE,TRUE
IRF,NA,NA,NA,NA,NA,NA,NA,NA,NA,NA,NA,z_jk_bs_norisk_mask,NA,NA,NA,NA,NA,NA,NA,NA,NA,NA,NA,NA,NA,NA,NA,price_ipp,4,0.9682981800870473,0.5154826432386365,1.4831885178407835,0.3031329093249087,2.0475279593450537,TRUE,TRUE
IRF,NA,NA,NA,NA,NA,NA,NA,NA,NA,NA,NA,z_jk_bs_norisk_mask,NA,NA,NA,NA,NA,NA,NA,NA,NA,NA,NA,NA,NA,NA,NA,price_ipp,5,0.8483828277864776,0.3734743146905031,1.3960850741503321,0.12490497368635212,2.0292361648881085,TRUE,TRUE
IRF,NA,NA,NA,NA,NA,NA,NA,NA,NA,NA,NA,z_jk_bs_norisk_mask,NA,NA,NA,NA,NA,NA,NA,NA,NA,NA,NA,NA,NA,NA,NA,price_ipp,6,0.9446935717418313,0.4680908370263427,1.5020207391617122,0.24151223191049467,2.255433298002325,TRUE,TRUE
IRF,NA,NA,NA,NA,NA,NA,NA,NA,NA,NA,NA,z_jk_bs_norisk_mask,NA,NA,NA,NA,NA,NA,NA,NA,NA,NA,NA,NA,NA,NA,NA,price_ipp,7,0.8277096396376615,0.34460788608517445,1.3676329052084362,0.1390306448021139,2.047358547183938,TRUE,TRUE
IRF,NA,NA,NA,NA,NA,NA,NA,NA,NA,NA,NA,z_jk_bs_norisk_mask,NA,NA,NA,NA,NA,NA,NA,NA,NA,NA,NA,NA,NA,NA,NA,price_ipp,8,0.6239034087852806,0.18280291942272306,1.1666758782332536,-0.02502519626730859,1.7601460486798288,TRUE,FALSE
IRF,NA,NA,NA,NA,NA,NA,NA,NA,NA,NA,NA,z_jk_bs_norisk_mask,NA,NA,NA,NA,NA,NA,NA,NA,NA,NA,NA,NA,NA,NA,NA,price_ipp,9,0.5513089484607854,0.1342880265594288,1.1007322283960472,-0.06017504892538465,1.697646709475833,TRUE,FALSE
IRF,NA,NA,NA,NA,NA,NA,NA,NA,NA,NA,NA,z_jk_bs_norisk_mask,NA,NA,NA,NA,NA,NA,NA,NA,NA,NA,NA,NA,NA,NA,NA,price_ipp,10,0.44179555884709865,0.0473589608990388,0.9712643312943058,-0.15267262692208955,1.578681429064652,TRUE,FALSE
IRF,NA,NA,NA,NA,NA,NA,NA,NA,NA,NA,NA,z_jk_bs_norisk_mask,NA,NA,NA,NA,NA,NA,NA,NA,NA,NA,NA,NA,NA,NA,NA,price_ipp,11,0.34118113011750245,-0.05624830728568243,0.8487781415830769,-0.2695085158583621,1.4302440769608515,FALSE,FALSE
IRF,NA,NA,NA,NA,NA,NA,NA,NA,NA,NA,NA,z_jk_bs_norisk_mask,NA,NA,NA,NA,NA,NA,NA,NA,NA,NA,NA,NA,NA,NA,NA,price_ipp,12,0.25111417314748186,-0.12625481558188834,0.7701787566580384,-0.35102245905696067,1.2190633794446426,FALSE,FALSE
IRF,NA,NA,NA,NA,NA,NA,NA,NA,NA,NA,NA,z_jk_bs_norisk_mask,NA,NA,NA,NA,NA,NA,NA,NA,NA,NA,NA,NA,NA,NA,NA,price_ipp,13,0.14669393172505368,-0.2093660961507007,0.638431016919769,-0.4531439585955065,1.102879846565452,FALSE,FALSE
IRF,NA,NA,NA,NA,NA,NA,NA,NA,NA,NA,NA,z_jk_bs_norisk_mask,NA,NA,NA,NA,NA,NA,NA,NA,NA,NA,NA,NA,NA,NA,NA,price_ipp,14,0.055009048875145024,-0.30495444903043895,0.5403643769917976,-0.5759953868764303,0.9425576689699117,FALSE,FALSE
IRF,NA,NA,NA,NA,NA,NA,NA,NA,NA,NA,NA,z_jk_bs_norisk_mask,NA,NA,NA,NA,NA,NA,NA,NA,NA,NA,NA,NA,NA,NA,NA,price_ipp,15,-0.01819239011321305,-0.3891781601304183,0.45587092161231196,-0.6720650033938037,0.811050503957584,FALSE,FALSE
IRF,NA,NA,NA,NA,NA,NA,NA,NA,NA,NA,NA,z_jk_bs_norisk_mask,NA,NA,NA,NA,NA,NA,NA,NA,NA,NA,NA,NA,NA,NA,NA,price_ipp,16,-0.07421591924844058,-0.43127506252032716,0.3569980859128412,-0.7262496205484383,0.737636721324288,FALSE,FALSE
IRF,NA,NA,NA,NA,NA,NA,NA,NA,NA,NA,NA,z_jk_bs_norisk_mask,NA,NA,NA,NA,NA,NA,NA,NA,NA,NA,NA,NA,NA,NA,NA,price_ipp,17,-0.1378640857231682,-0.5169978395188375,0.27942060959555637,-0.7896539075197929,0.6171802928969587,FALSE,FALSE
IRF,NA,NA,NA,NA,NA,NA,NA,NA,NA,NA,NA,z_jk_bs_norisk_mask,NA,NA,NA,NA,NA,NA,NA,NA,NA,NA,NA,NA,NA,NA,NA,price_ipp,18,-0.1967825232730048,-0.5779501875390721,0.20049514021349107,-0.8900663672234533,0.5166954202977208,FALSE,FALSE
IRF,NA,NA,NA,NA,NA,NA,NA,NA,NA,NA,NA,z_jk_bs_norisk_mask,NA,NA,NA,NA,NA,NA,NA,NA,NA,NA,NA,NA,NA,NA,NA,price_ipp,19,-0.24682349626980857,-0.6180459729223134,0.13959351663036723,-0.9643437615789079,0.42233752950175707,FALSE,FALSE
IRF,NA,NA,NA,NA,NA,NA,NA,NA,NA,NA,NA,z_jk_bs_norisk_mask,NA,NA,NA,NA,NA,NA,NA,NA,NA,NA,NA,NA,NA,NA,NA,price_ipp,20,-0.2955789583183944,-0.6719401597335286,0.09135809520222274,-1.0370050030761315,0.3589231035087421,FALSE,FALSE
IRF,NA,NA,NA,NA,NA,NA,NA,NA,NA,NA,NA,z_jk_bs_norisk_mask,NA,NA,NA,NA,NA,NA,NA,NA,NA,NA,NA,NA,NA,NA,NA,price_ipp,21,-0.3329333245810815,-0.7371507439574543,0.05013431064936101,-1.0997707904352174,0.28476404634382013,FALSE,FALSE
IRF,NA,NA,NA,NA,NA,NA,NA,NA,NA,NA,NA,z_jk_bs_norisk_mask,NA,NA,NA,NA,NA,NA,NA,NA,NA,NA,NA,NA,NA,NA,NA,price_ipp,22,-0.36385703629966215,-0.740170417840365,0.030153633232655467,-1.1265729735142544,0.26268844564183674,FALSE,FALSE
IRF,NA,NA,NA,NA,NA,NA,NA,NA,NA,NA,NA,z_jk_bs_norisk_mask,NA,NA,NA,NA,NA,NA,NA,NA,NA,NA,NA,NA,NA,NA,NA,price_ipp,23,-0.39541954845076116,-0.7605133371270716,0.005916400610594863,-1.167383100982149,0.227515053976454,FALSE,FALSE
IRF,NA,NA,NA,NA,NA,NA,NA,NA,NA,NA,NA,z_jk_bs_norisk_mask,NA,NA,NA,NA,NA,NA,NA,NA,NA,NA,NA,NA,NA,NA,NA,price_ipp,24,-0.4208570090264947,-0.7820590885462843,-0.01711290010562916,-1.240305243266902,0.2115418602084521,TRUE,FALSE
IRF,NA,NA,NA,NA,NA,NA,NA,NA,NA,NA,NA,z_jk_bs_norisk_mask,NA,NA,NA,NA,NA,NA,NA,NA,NA,NA,NA,NA,NA,NA,NA,price_ipp,25,-0.44071652474705575,-0.8141197259692663,-0.03512248709214353,-1.2454849696671788,0.20015649093148746,TRUE,FALSE
IRF,NA,NA,NA,NA,NA,NA,NA,NA,NA,NA,NA,z_jk_bs_norisk_mask,NA,NA,NA,NA,NA,NA,NA,NA,NA,NA,NA,NA,NA,NA,NA,price_ipp,26,-0.455912892647571,-0.8301223654484269,-0.036582925520301984,-1.2405802032253428,0.18660794680489168,TRUE,FALSE
IRF,NA,NA,NA,NA,NA,NA,NA,NA,NA,NA,NA,z_jk_bs_norisk_mask,NA,NA,NA,NA,NA,NA,NA,NA,NA,NA,NA,NA,NA,NA,NA,price_ipp,27,-0.4651285130357598,-0.8509340292200466,-0.047927992444777724,-1.2599523726110204,0.19061540213873882,TRUE,FALSE
IRF,NA,NA,NA,NA,NA,NA,NA,NA,NA,NA,NA,z_jk_bs_norisk_mask,NA,NA,NA,NA,NA,NA,NA,NA,NA,NA,NA,NA,NA,NA,NA,price_ipp,28,-0.4699278760218827,-0.848890631116007,-0.03939603392625775,-1.2777605854001488,0.19470856436476502,TRUE,FALSE
IRF,NA,NA,NA,NA,NA,NA,NA,NA,NA,NA,NA,z_jk_bs_norisk_mask,NA,NA,NA,NA,NA,NA,NA,NA,NA,NA,NA,NA,NA,NA,NA,price_ipp,29,-0.4705441850000268,-0.8538795695906602,-0.037891601024573514,-1.2823723165420664,0.19988001038030823,TRUE,FALSE
IRF,NA,NA,NA,NA,NA,NA,NA,NA,NA,NA,NA,z_jk_bs_norisk_mask,NA,NA,NA,NA,NA,NA,NA,NA,NA,NA,NA,NA,NA,NA,NA,price_ipp,30,-0.4665254244131019,-0.8417900304992187,-0.03309649244839089,-1.279249837238066,0.21112938358936068,TRUE,FALSE
IRF,NA,NA,NA,NA,NA,NA,NA,NA,NA,NA,NA,z_jk_bs_norisk_mask,NA,NA,NA,NA,NA,NA,NA,NA,NA,NA,NA,NA,NA,NA,NA,price_ipp,31,-0.4578071576688173,-0.84686833708047,-0.019595382746674044,-1.2923705333965367,0.22008965592161014,TRUE,FALSE
IRF,NA,NA,NA,NA,NA,NA,NA,NA,NA,NA,NA,z_jk_bs_norisk_mask,NA,NA,NA,NA,NA,NA,NA,NA,NA,NA,NA,NA,NA,NA,NA,price_ipp,32,-0.44472614978524216,-0.8281692688114101,-0.0063774298322570875,-1.269232011651535,0.23260608012152106,TRUE,FALSE
IRF,NA,NA,NA,NA,NA,NA,NA,NA,NA,NA,NA,z_jk_bs_norisk_mask,NA,NA,NA,NA,NA,NA,NA,NA,NA,NA,NA,NA,NA,NA,NA,price_ipp,33,-0.42790802221836194,-0.8125258827501163,0.003965666836389442,-1.2422742019643047,0.2468061154777275,FALSE,FALSE
IRF,NA,NA,NA,NA,NA,NA,NA,NA,NA,NA,NA,z_jk_bs_norisk_mask,NA,NA,NA,NA,NA,NA,NA,NA,NA,NA,NA,NA,NA,NA,NA,price_ipp,34,-0.40760944352876616,-0.7978752556141577,0.023034162222458337,-1.2393069138758142,0.27409088988741415,FALSE,FALSE
IRF,NA,NA,NA,NA,NA,NA,NA,NA,NA,NA,NA,z_jk_bs_norisk_mask,NA,NA,NA,NA,NA,NA,NA,NA,NA,NA,NA,NA,NA,NA,NA,price_ipp,35,-0.3842855889681545,-0.7723586177446423,0.03986715844820934,-1.231340243240385,0.28519749028591723,FALSE,FALSE
IRF,NA,NA,NA,NA,NA,NA,NA,NA,NA,NA,NA,z_jk_bs_norisk_mask,NA,NA,NA,NA,NA,NA,NA,NA,NA,NA,NA,NA,NA,NA,NA,price_ipp,36,-0.35818958239720244,-0.7432780260211921,0.06510189355650352,-1.2257583981626987,0.29700824872475257,FALSE,FALSE
IRF,NA,NA,NA,NA,NA,NA,NA,NA,NA,NA,NA,z_jk_bs_norisk_mask,NA,NA,NA,NA,NA,NA,NA,NA,NA,NA,NA,NA,NA,NA,NA,price_ipp,37,-0.32957839166660013,-0.7157008054774063,0.08510241061978394,-1.215075666998843,0.30654459804221695,FALSE,FALSE
IRF,NA,NA,NA,NA,NA,NA,NA,NA,NA,NA,NA,z_jk_bs_norisk_mask,NA,NA,NA,NA,NA,NA,NA,NA,NA,NA,NA,NA,NA,NA,NA,price_ipp,38,-0.29905489421416837,-0.6822820152253957,0.10426219208664333,-1.1848519813230458,0.32835368004441845,FALSE,FALSE
IRF,NA,NA,NA,NA,NA,NA,NA,NA,NA,NA,NA,z_jk_bs_norisk_mask,NA,NA,NA,NA,NA,NA,NA,NA,NA,NA,NA,NA,NA,NA,NA,price_ipp,39,-0.267019769628585,-0.6367546899703952,0.12996593278540017,-1.1564631041902873,0.3530433781014981,FALSE,FALSE
IRF,NA,NA,NA,NA,NA,NA,NA,NA,NA,NA,NA,z_jk_bs_norisk_mask,NA,NA,NA,NA,NA,NA,NA,NA,NA,NA,NA,NA,NA,NA,NA,price_ipp,40,-0.23384553807619296,-0.5917766673799747,0.1528900156043153,-1.0969388330117735,0.36756233331355337,FALSE,FALSE
IRF,NA,NA,NA,NA,NA,NA,NA,NA,NA,NA,NA,z_jk_bs_norisk_mask,NA,NA,NA,NA,NA,NA,NA,NA,NA,NA,NA,NA,NA,NA,NA,price_ipp,41,-0.19996288321100916,-0.5672999728565319,0.17403140817513493,-1.0324839330976716,0.4241294545615069,FALSE,FALSE
IRF,NA,NA,NA,NA,NA,NA,NA,NA,NA,NA,NA,z_jk_bs_norisk_mask,NA,NA,NA,NA,NA,NA,NA,NA,NA,NA,NA,NA,NA,NA,NA,price_ipp,42,-0.16568844445255837,-0.5275450839119299,0.19714275289040237,-0.9368268859110016,0.44106695988917854,FALSE,FALSE
IRF,NA,NA,NA,NA,NA,NA,NA,NA,NA,NA,NA,z_jk_bs_norisk_mask,NA,NA,NA,NA,NA,NA,NA,NA,NA,NA,NA,NA,NA,NA,NA,price_ipp,43,-0.13139093065166496,-0.48666294326602955,0.2285023532027772,-0.8814644352572157,0.47808837292400874,FALSE,FALSE
IRF,NA,NA,NA,NA,NA,NA,NA,NA,NA,NA,NA,z_jk_bs_norisk_mask,NA,NA,NA,NA,NA,NA,NA,NA,NA,NA,NA,NA,NA,NA,NA,price_ipp,44,-0.09744705319286358,-0.4389736890722047,0.24876063680580518,-0.8071563607351931,0.5248939616733082,FALSE,FALSE
IRF,NA,NA,NA,NA,NA,NA,NA,NA,NA,NA,NA,z_jk_bs_norisk_mask,NA,NA,NA,NA,NA,NA,NA,NA,NA,NA,NA,NA,NA,NA,NA,price_ipp,45,-0.06416972426688144,-0.40673983444322254,0.277121205366385,-0.7306871845820636,0.575592985919488,FALSE,FALSE
IRF,NA,NA,NA,NA,NA,NA,NA,NA,NA,NA,NA,z_jk_bs_norisk_mask,NA,NA,NA,NA,NA,NA,NA,NA,NA,NA,NA,NA,NA,NA,NA,price_ipp,46,-0.03184606764539911,-0.36957388119619733,0.3093165471615415,-0.6909346035763619,0.6042558408385345,FALSE,FALSE
IRF,NA,NA,NA,NA,NA,NA,NA,NA,NA,NA,NA,z_jk_bs_norisk_mask,NA,NA,NA,NA,NA,NA,NA,NA,NA,NA,NA,NA,NA,NA,NA,price_ipp,47,-7.30286572015516e-4,-0.33425327407822114,0.3294720250686841,-0.6539188799721197,0.6245871368263978,FALSE,FALSE
IRF,NA,NA,NA,NA,NA,NA,NA,NA,NA,NA,NA,z_jk_bs_norisk_mask,NA,NA,NA,NA,NA,NA,NA,NA,NA,NA,NA,NA,NA,NA,NA,price_ipp,48,0.028942058246707848,-0.28802934464929797,0.34093224668481564,-0.5934743059374339,0.6451497735738089,FALSE,FALSE
