variant,r,q,variable,h,point_pre_covid
baseline,4,3,yield_6m,0,0.005
baseline,4,3,yield_6m,1,0.005322537177737519
baseline,4,3,yield_6m,2,0.0039861730085398814
baseline,4,3,yield_6m,3,0.004947354405801264
baseline,4,3,yield_6m,4,0.0034871891004580454
baseline,4,3,yield_6m,5,0.0017947673273921584
baseline,4,3,yield_6m,6,0.0018350726968774911
baseline,4,3,yield_2y,0,0.010519230257512245
baseline,4,3,yield_2y,1,0.011498886758673516
baseline,4,3,yield_2y,2,0.007683998626047318
baseline,4,3,yield_2y,3,0.009850130868264601
baseline,4,3,yield_2y,4,0.007712903714508559
baseline,4,3,yield_2y,5,0.003974222649298347
baseline,4,3,yield_2y,6,0.004112105304640943
baseline,4,3,yield_5y,0,0.013817768079998386
baseline,4,3,yield_5y,1,0.01478936643145951
baseline,4,3,yield_5y,2,0.009572632147146914
baseline,4,3,yield_5y,3,0.012461992881687818
baseline,4,3,yield_5y,4,0.010106050060714524
baseline,4,3,yield_5y,5,0.0053472718787414865
baseline,4,3,yield_5y,6,0.005608739879793944
baseline,4,3,asset_ibov,0,-12.003998701486301
baseline,4,3,asset_ibov,1,-25.10963148116715
baseline,4,3,asset_ibov,2,-31.537646532795172
baseline,4,3,asset_ibov,3,-40.84236797349346
baseline,4,3,asset_ibov,4,-50.17023813403896
baseline,4,3,asset_ibov,5,-55.24623501937541
baseline,4,3,asset_ibov,6,-60.968304120557725
baseline,4,3,cambio_usd,0,0.22781930974482886
baseline,4,3,cambio_usd,1,0.2569181769440727
baseline,4,3,cambio_usd,2,0.16082563301150532
baseline,4,3,cambio_usd,3,0.21103263000930056
baseline,4,3,cambio_usd,4,0.16793740793664352
baseline,4,3,cambio_usd,5,0.08504658431274185
baseline,4,3,cambio_usd,6,0.09608342695369267
conjunto_completo_sem_duplicatas,4,3,yield_6m,0,0.005
conjunto_completo_sem_duplicatas,4,3,yield_6m,1,0.00512968003797894
conjunto_completo_sem_duplicatas,4,3,yield_6m,2,0.005445862138366154
conjunto_completo_sem_duplicatas,4,3,yield_6m,3,0.006742786726917095
conjunto_completo_sem_duplicatas,4,3,yield_6m,4,0.005771764386008622
conjunto_completo_sem_duplicatas,4,3,yield_6m,5,0.005613346121589068
conjunto_completo_sem_duplicatas,4,3,yield_6m,6,0.00637686397835028
conjunto_completo_sem_duplicatas,4,3,yield_2y,0,0.007346618540888682
conjunto_completo_sem_duplicatas,4,3,yield_2y,1,0.007985639763784603
conjunto_completo_sem_duplicatas,4,3,yield_2y,2,0.0072770427153753215
conjunto_completo_sem_duplicatas,4,3,yield_2y,3,0.008650861215190745
conjunto_completo_sem_duplicatas,4,3,yield_2y,4,0.007049523271672691
conjunto_completo_sem_duplicatas,4,3,yield_2y,5,0.0064002523126632065
conjunto_completo_sem_duplicatas,4,3,yield_2y,6,0.0071119055234868875
conjunto_completo_sem_duplicatas,4,3,yield_5y,0,0.00794980754549241
conjunto_completo_sem_duplicatas,4,3,yield_5y,1,0.008658599586661821
conjunto_completo_sem_duplicatas,4,3,yield_5y,2,0.0072230696319579134
conjunto_completo_sem_duplicatas,4,3,yield_5y,3,0.008303002976150213
conjunto_completo_sem_duplicatas,4,3,yield_5y,4,0.006608569715746214
conjunto_completo_sem_duplicatas,4,3,yield_5y,5,0.005770644898930365
conjunto_completo_sem_duplicatas,4,3,yield_5y,6,0.006219894252391216
conjunto_completo_sem_duplicatas,4,3,asset_ibov,0,-5.2162891378469665
conjunto_completo_sem_duplicatas,4,3,asset_ibov,1,-12.008082478722804
conjunto_completo_sem_duplicatas,4,3,asset_ibov,2,-15.885051217247337
conjunto_completo_sem_duplicatas,4,3,asset_ibov,3,-21.597294551757873
conjunto_completo_sem_duplicatas,4,3,asset_ibov,4,-27.61076723700854
conjunto_completo_sem_duplicatas,4,3,asset_ibov,5,-33.614733837421966
conjunto_completo_sem_duplicatas,4,3,asset_ibov,6,-41.02414920669123
conjunto_completo_sem_duplicatas,4,3,cambio_usd,0,0.09380794836517219
conjunto_completo_sem_duplicatas,4,3,cambio_usd,1,0.11326180637118002
conjunto_completo_sem_duplicatas,4,3,cambio_usd,2,0.07040474729197245
conjunto_completo_sem_duplicatas,4,3,cambio_usd,3,0.068824341346269
conjunto_completo_sem_duplicatas,4,3,cambio_usd,4,0.04112273418810482
conjunto_completo_sem_duplicatas,4,3,cambio_usd,5,0.019221196404405626
conjunto_completo_sem_duplicatas,4,3,cambio_usd,6,0.01312664681828285
drop_credito,4,1,yield_6m,0,0.005
drop_credito,4,1,yield_6m,1,0.005157718552514765
drop_credito,4,1,yield_6m,2,0.0035644256581686684
drop_credito,4,1,yield_6m,3,0.004830804857817657
drop_credito,4,1,yield_6m,4,0.0021679443933836627
drop_credito,4,1,yield_6m,5,2.0123305062341354e-4
drop_credito,4,1,yield_6m,6,8.587932561225958e-4
drop_credito,4,1,yield_2y,0,0.010408193570334012
drop_credito,4,1,yield_2y,1,0.01111909445544101
drop_credito,4,1,yield_2y,2,0.006788996797298825
drop_credito,4,1,yield_2y,3,0.008693857450829583
drop_credito,4,1,yield_2y,4,0.005268083506434282
drop_credito,4,1,yield_2y,5,0.0010961629376830732
drop_credito,4,1,yield_2y,6,0.0017538955315008085
drop_credito,4,1,yield_5y,0,0.01368860876413111
drop_credito,4,1,yield_5y,1,0.014337879477162047
drop_credito,4,1,yield_5y,2,0.00836433505571476
drop_credito,4,1,yield_5y,3,0.010465567922023194
drop_credito,4,1,yield_5y,4,0.00734761783751078
drop_credito,4,1,yield_5y,5,0.002150227847667421
drop_credito,4,1,yield_5y,6,0.0025137598069014467
drop_credito,4,1,asset_ibov,0,-12.643333901814922
drop_credito,4,1,asset_ibov,1,-24.64797855760223
drop_credito,4,1,asset_ibov,2,-28.84408645653245
drop_credito,4,1,asset_ibov,3,-35.91933028490255
drop_credito,4,1,asset_ibov,4,-42.69376608597186
drop_credito,4,1,asset_ibov,5,-45.311906903120544
drop_credito,4,1,asset_ibov,6,-49.925306465193344
drop_credito,4,1,cambio_usd,0,0.22291912484381893
drop_credito,4,1,cambio_usd,1,0.25159002717934426
drop_credito,4,1,cambio_usd,2,0.14056321438583708
drop_credito,4,1,cambio_usd,3,0.15711823316074855
drop_credito,4,1,cambio_usd,4,0.13412187784336915
drop_credito,4,1,cambio_usd,5,0.04150227023640236
drop_credito,4,1,cambio_usd,6,0.028613201045839698
drop_credito__imoveis,4,1,yield_6m,0,0.005
drop_credito__imoveis,4,1,yield_6m,1,0.0051467415676536635
drop_credito__imoveis,4,1,yield_6m,2,0.003757867029150584
drop_credito__imoveis,4,1,yield_6m,3,0.004881013779271925
drop_credito__imoveis,4,1,yield_6m,4,0.0025674858524226385
drop_credito__imoveis,4,1,yield_6m,5,7.409785877407492e-4
drop_credito__imoveis,4,1,yield_6m,6,0.0012097174781433456
drop_credito__imoveis,4,1,yield_2y,0,0.009926916717793948
drop_credito__imoveis,4,1,yield_2y,1,0.010625938673092996
drop_credito__imoveis,4,1,yield_2y,2,0.006851239133722642
drop_credito__imoveis,4,1,yield_2y,3,0.008731656775386475
drop_credito__imoveis,4,1,yield_2y,4,0.00558462286191928
drop_credito__imoveis,4,1,yield_2y,5,0.0018098398872725455
drop_credito__imoveis,4,1,yield_2y,6,0.0023508635199960496
drop_credito__imoveis,4,1,yield_5y,0,0.012818947280779994
drop_credito__imoveis,4,1,yield_5y,1,0.013460819865689333
drop_credito__imoveis,4,1,yield_5y,2,0.008271500174458723
drop_credito__imoveis,4,1,yield_5y,3,0.010475662085464363
drop_credito__imoveis,4,1,yield_5y,4,0.007508411636964822
drop_credito__imoveis,4,1,yield_5y,5,0.0028834345603984835
drop_credito__imoveis,4,1,yield_5y,6,0.003259614484922437
drop_credito__imoveis,4,1,asset_ibov,0,-11.35537014107986
drop_credito__imoveis,4,1,asset_ibov,1,-22.617749778625182
drop_credito__imoveis,4,1,asset_ibov,2,-26.92154099061131
drop_credito__imoveis,4,1,asset_ibov,3,-34.307212852812036
drop_credito__imoveis,4,1,asset_ibov,4,-41.371683506144876
drop_credito__imoveis,4,1,asset_ibov,5,-44.84638339725115
drop_credito__imoveis,4,1,asset_ibov,6,-50.25883798619593
drop_credito__imoveis,4,1,cambio_usd,0,0.20036047162529005
drop_credito__imoveis,4,1,cambio_usd,1,0.2268887796967898
drop_credito__imoveis,4,1,cambio_usd,2,0.12957673524831395
drop_credito__imoveis,4,1,cambio_usd,3,0.1513738861966634
drop_credito__imoveis,4,1,cambio_usd,4,0.1268563518130737
drop_credito__imoveis,4,1,cambio_usd,5,0.0461312157047031
drop_credito__imoveis,4,1,cambio_usd,6,0.03708646883739351
drop_eua,4,3,yield_6m,0,0.005
drop_eua,4,3,yield_6m,1,0.005251921052129769
drop_eua,4,3,yield_6m,2,0.005916713507597284
drop_eua,4,3,yield_6m,3,0.007414588440331743
drop_eua,4,3,yield_6m,4,0.0067818948543007995
drop_eua,4,3,yield_6m,5,0.0069907289137792214
drop_eua,4,3,yield_6m,6,0.008054443474354836
drop_eua,4,3,yield_2y,0,0.007221685803395558
drop_eua,4,3,yield_2y,1,0.007973969490693532
drop_eua,4,3,yield_2y,2,0.007618315236103178
drop_eua,4,3,yield_2y,3,0.009182649684768656
drop_eua,4,3,yield_2y,4,0.007958023813063068
drop_eua,4,3,yield_2y,5,0.0077596562109973205
drop_eua,4,3,yield_2y,6,0.008742105531651926
drop_eua,4,3,yield_5y,0,0.00763182172240871
drop_eua,4,3,yield_5y,1,0.008393378881973222
drop_eua,4,3,yield_5y,2,0.007243078705862325
drop_eua,4,3,yield_5y,3,0.00836690768554496
drop_eua,4,3,yield_5y,4,0.006961200772708761
drop_eua,4,3,yield_5y,5,0.006501151754968194
drop_eua,4,3,yield_5y,6,0.007084513082947746
drop_eua,4,3,asset_ibov,0,-4.476643964950416
drop_eua,4,3,asset_ibov,1,-10.410084771077827
drop_eua,4,3,asset_ibov,2,-13.587259456197243
drop_eua,4,3,asset_ibov,3,-18.33503744979224
drop_eua,4,3,asset_ibov,4,-23.363260188465034
drop_eua,4,3,asset_ibov,5,-28.54350344095543
drop_eua,4,3,asset_ibov,6,-34.85542227231675
drop_eua,4,3,cambio_usd,0,0.09468881714012607
drop_eua,4,3,cambio_usd,1,0.11413442685651076
drop_eua,4,3,cambio_usd,2,0.07443465427975009
drop_eua,4,3,cambio_usd,3,0.07586411902707747
drop_eua,4,3,cambio_usd,4,0.048937853528163586
drop_eua,4,3,cambio_usd,5,0.031049200463775916
drop_eua,4,3,cambio_usd,6,0.026390342361650006
drop_eua__credito,4,3,yield_6m,0,0.005
drop_eua__credito,4,3,yield_6m,1,0.0046705616856997706
drop_eua__credito,4,3,yield_6m,2,0.0039696978551750665
drop_eua__credito,4,3,yield_6m,3,0.0043646981973809165
drop_eua__credito,4,3,yield_6m,4,0.002092405107845935
drop_eua__credito,4,3,yield_6m,5,4.0640132875549367e-4
drop_eua__credito,4,3,yield_6m,6,2.7645612748245353e-4
drop_eua__credito,4,3,yield_2y,0,0.008305194225083698
drop_eua__credito,4,3,yield_2y,1,0.008563153766095939
drop_eua__credito,4,3,yield_2y,2,0.006317378205049155
drop_eua__credito,4,3,yield_2y,3,0.007205056191032585
drop_eua__credito,4,3,yield_2y,4,0.004349984560751074
drop_eua__credito,4,3,yield_2y,5,0.0014951957340353153
drop_eua__credito,4,3,yield_2y,6,9.635974487398564e-4
drop_eua__credito,4,3,yield_5y,0,0.009774173553456765
drop_eua__credito,4,3,yield_5y,1,0.010188317096028165
drop_eua__credito,4,3,yield_5y,2,0.0071815134762325565
drop_eua__credito,4,3,yield_5y,3,0.00832877027361286
drop_eua__credito,4,3,yield_5y,4,0.005800339896090433
drop_eua__credito,4,3,yield_5y,5,0.0026812596849436487
drop_eua__credito,4,3,yield_5y,6,0.0017899881254985087
drop_eua__credito,4,3,asset_ibov,0,-7.7311783919871955
drop_eua__credito,4,3,asset_ibov,1,-17.09589464965883
drop_eua__credito,4,3,asset_ibov,2,-21.97037413131622
drop_eua__credito,4,3,asset_ibov,3,-29.579418306483074
drop_eua__credito,4,3,asset_ibov,4,-36.957107347089014
drop_eua__credito,4,3,asset_ibov,5,-42.303908985749395
drop_eua__credito,4,3,asset_ibov,6,-48.19237051263115
drop_eua__credito,4,3,cambio_usd,0,0.13009008694568572
drop_eua__credito,4,3,cambio_usd,1,0.1536706663818267
drop_eua__credito,4,3,cambio_usd,2,0.09343070470383279
drop_eua__credito,4,3,cambio_usd,3,0.10851399200620622
drop_eua__credito,4,3,cambio_usd,4,0.08493182778503883
drop_eua__credito,4,3,cambio_usd,5,0.03719077400865894
drop_eua__credito,4,3,cambio_usd,6,0.01596366281000973
drop_eua__credito__imoveis,4,3,yield_6m,0,0.005
drop_eua__credito__imoveis,4,3,yield_6m,1,0.004603228028559877
drop_eua__credito__imoveis,4,3,yield_6m,2,0.003527665146906271
drop_eua__credito__imoveis,4,3,yield_6m,3,0.003927401819320833
drop_eua__credito__imoveis,4,3,yield_6m,4,0.00166324690878733
drop_eua__credito__imoveis,4,3,yield_6m,5,-8.138392010712722e-5
drop_eua__credito__imoveis,4,3,yield_6m,6,-1.4345185383876684e-4
drop_eua__credito__imoveis,4,3,yield_2y,0,0.008863182473506112
drop_eua__credito__imoveis,4,3,yield_2y,1,0.00906950548726181
drop_eua__credito__imoveis,4,3,yield_2y,2,0.006219462430612598
drop_eua__credito__imoveis,4,3,yield_2y,3,0.007195899936329936
drop_eua__credito__imoveis,4,3,yield_2y,4,0.004229614998645715
drop_eua__credito__imoveis,4,3,yield_2y,5,9.85056597830817e-4
drop_eua__credito__imoveis,4,3,yield_2y,6,4.509897213207029e-4
drop_eua__credito__imoveis,4,3,yield_5y,0,0.010779157169512634
drop_eua__credito__imoveis,4,3,yield_5y,1,0.01117062452454748
drop_eua__credito__imoveis,4,3,yield_5y,2,0.007460487894457058
drop_eua__credito__imoveis,4,3,yield_5y,3,0.008755350197446684
drop_eua__credito__imoveis,4,3,yield_5y,4,0.006039577837293112
drop_eua__credito__imoveis,4,3,yield_5y,5,0.00228428434948246
drop_eua__credito__imoveis,4,3,yield_5y,6,0.0012962287728271254
drop_eua__credito__imoveis,4,3,asset_ibov,0,-8.725197441747817
drop_eua__credito__imoveis,4,3,asset_ibov,1,-19.09993216750079
drop_eua__credito__imoveis,4,3,asset_ibov,2,-24.433544697922912
drop_eua__credito__imoveis,4,3,asset_ibov,3,-32.50788089313254
drop_eua__credito__imoveis,4,3,asset_ibov,4,-40.25935075136719
drop_eua__credito__imoveis,4,3,asset_ibov,5,-45.13617908488552
drop_eua__credito__imoveis,4,3,asset_ibov,6,-50.1861959620087
drop_eua__credito__imoveis,4,3,cambio_usd,0,0.1530892128703308
drop_eua__credito__imoveis,4,3,cambio_usd,1,0.17802963815335002
drop_eua__credito__imoveis,4,3,cambio_usd,2,0.10849020049807459
drop_eua__credito__imoveis,4,3,cambio_usd,3,0.12788501476258682
drop_eua__credito__imoveis,4,3,cambio_usd,4,0.1007096984667501
drop_eua__credito__imoveis,4,3,cambio_usd,5,0.04009378868715971
drop_eua__credito__imoveis,4,3,cambio_usd,6,0.016070213741617906
drop_eua__imoveis,4,2,yield_6m,0,0.005
drop_eua__imoveis,4,2,yield_6m,1,0.00557308132023489
drop_eua__imoveis,4,2,yield_6m,2,0.005150662129440038
drop_eua__imoveis,4,2,yield_6m,3,0.006171128871067179
drop_eua__imoveis,4,2,yield_6m,4,0.004102242698240151
drop_eua__imoveis,4,2,yield_6m,5,0.002299061132217498
drop_eua__imoveis,4,2,yield_6m,6,0.002910057557841646
drop_eua__imoveis,4,2,yield_2y,0,0.008999464883205301
drop_eua__imoveis,4,2,yield_2y,1,0.01052947148371547
drop_eua__imoveis,4,2,yield_2y,2,0.008163127954866603
drop_eua__imoveis,4,2,yield_2y,3,0.009898145373843127
drop_eua__imoveis,4,2,yield_2y,4,0.007314734844188964
drop_eua__imoveis,4,2,yield_2y,5,0.0038237381149319617
drop_eua__imoveis,4,2,yield_2y,6,0.0044777806449001626
drop_eua__imoveis,4,2,yield_5y,0,0.01129336410298537
drop_eua__imoveis,4,2,yield_5y,1,0.012737172959229078
drop_eua__imoveis,4,2,yield_5y,2,0.009115038287292801
drop_eua__imoveis,4,2,yield_5y,3,0.011160137577747493
drop_eua__imoveis,4,2,yield_5y,4,0.00893054540979097
drop_eua__imoveis,4,2,yield_5y,5,0.004787188254301867
drop_eua__imoveis,4,2,yield_5y,6,0.005251494170780027
drop_eua__imoveis,4,2,asset_ibov,0,-8.062171783820977
drop_eua__imoveis,4,2,asset_ibov,1,-19.345400194936825
drop_eua__imoveis,4,2,asset_ibov,2,-25.46052725812978
drop_eua__imoveis,4,2,asset_ibov,3,-34.25528114489978
drop_eua__imoveis,4,2,asset_ibov,4,-44.03683682889653
drop_eua__imoveis,4,2,asset_ibov,5,-51.05744902036464
drop_eua__imoveis,4,2,asset_ibov,6,-59.19829191090366
drop_eua__imoveis,4,2,cambio_usd,0,0.16663518461477972
drop_eua__imoveis,4,2,cambio_usd,1,0.20228289462550617
drop_eua__imoveis,4,2,cambio_usd,2,0.1236392755192745
drop_eua__imoveis,4,2,cambio_usd,3,0.15089467818804014
drop_eua__imoveis,4,2,cambio_usd,4,0.12718637865898202
drop_eua__imoveis,4,2,cambio_usd,5,0.05660713216023754
drop_eua__imoveis,4,2,cambio_usd,6,0.05604598218032371
drop_expectativas,3,2,yield_6m,0,0.005
drop_expectativas,3,2,yield_6m,1,0.004788494985796001
drop_expectativas,3,2,yield_6m,2,0.00335378525396586
drop_expectativas,3,2,yield_6m,3,0.004266375408821821
drop_expectativas,3,2,yield_6m,4,0.00274958095399058
drop_expectativas,3,2,yield_6m,5,0.0010153239600071222
drop_expectativas,3,2,yield_6m,6,0.0013908589413492599
drop_expectativas,3,2,yield_2y,0,0.009567819954374602
drop_expectativas,3,2,yield_2y,1,0.009814280263609703
drop_expectativas,3,2,yield_2y,2,0.006060769731011352
drop_expectativas,3,2,yield_2y,3,0.00786531140266086
drop_expectativas,3,2,yield_2y,4,0.005710516172602994
drop_expectativas,3,2,yield_2y,5,0.002080924014061883
drop_expectativas,3,2,yield_2y,6,0.0028167505010849147
drop_expectativas,3,2,yield_5y,0,0.012413048434117604
drop_expectativas,3,2,yield_5y,1,0.012561455955532912
drop_expectativas,3,2,yield_5y,2,0.007542271086633292
drop_expectativas,3,2,yield_5y,3,0.00993309953422183
drop_expectativas,3,2,yield_5y,4,0.007590322101274721
drop_expectativas,3,2,yield_5y,5,0.003041574651829908
drop_expectativas,3,2,yield_5y,6,0.004023007282395413
drop_expectativas,3,2,asset_ibov,0,-10.160836284017265
drop_expectativas,3,2,asset_ibov,1,-21.36856816103582
drop_expectativas,3,2,asset_ibov,2,-25.840575193173905
drop_expectativas,3,2,asset_ibov,3,-32.5395757620017
drop_expectativas,3,2,asset_ibov,4,-40.25433273464282
drop_expectativas,3,2,asset_ibov,5,-44.02945137860974
drop_expectativas,3,2,asset_ibov,6,-48.72261218482156
drop_expectativas,3,2,cambio_usd,0,0.1908373730522772
drop_expectativas,3,2,cambio_usd,1,0.20840091162288615
drop_expectativas,3,2,cambio_usd,2,0.11654252254212917
drop_expectativas,3,2,cambio_usd,3,0.15326113514983206
drop_expectativas,3,2,cambio_usd,4,0.12075079683352236
drop_expectativas,3,2,cambio_usd,5,0.041826801597169914
drop_expectativas,3,2,cambio_usd,6,0.05664235233629681
drop_expectativas__credito,3,2,yield_6m,0,0.005
drop_expectativas__credito,3,2,yield_6m,1,0.004768533242362003
drop_expectativas__credito,3,2,yield_6m,2,0.0035224729020448824
drop_expectativas__credito,3,2,yield_6m,3,0.004540061499597484
drop_expectativas__credito,3,2,yield_6m,4,0.0029226894411377956
drop_expectativas__credito,3,2,yield_6m,5,9.892131509640746e-4
drop_expectativas__credito,3,2,yield_6m,6,0.0012564766323276899
drop_expectativas__credito,3,2,yield_2y,0,0.00973447762893948
drop_expectativas__credito,3,2,yield_2y,1,0.010080097385867497
drop_expectativas__credito,3,2,yield_2y,2,0.0063942329798759336
drop_expectativas__credito,3,2,yield_2y,3,0.008530299259364969
drop_expectativas__credito,3,2,yield_2y,4,0.006271411451959418
drop_expectativas__credito,3,2,yield_2y,5,0.002224489978518041
drop_expectativas__credito,3,2,yield_2y,6,0.0027567637477669653
drop_expectativas__credito,3,2,yield_5y,0,0.012845094122488916
drop_expectativas__credito,3,2,yield_5y,1,0.013063229279038649
drop_expectativas__credito,3,2,yield_5y,2,0.007983305924765888
drop_expectativas__credito,3,2,yield_5y,3,0.01082287503731886
drop_expectativas__credito,3,2,yield_5y,4,0.008383549343440969
drop_expectativas__credito,3,2,yield_5y,5,0.00332728672866064
drop_expectativas__credito,3,2,yield_5y,6,0.004072514639184519
drop_expectativas__credito,3,2,asset_ibov,0,-10.594846341530367
drop_expectativas__credito,3,2,asset_ibov,1,-22.749259670968037
drop_expectativas__credito,3,2,asset_ibov,2,-27.492718639003144
drop_expectativas__credito,3,2,asset_ibov,3,-34.96445672424306
drop_expectativas__credito,3,2,asset_ibov,4,-43.37992779103528
drop_expectativas__credito,3,2,asset_ibov,5,-47.48433389013518
drop_expectativas__credito,3,2,asset_ibov,6,-52.30541997950945
drop_expectativas__credito,3,2,cambio_usd,0,0.1948476358179462
drop_expectativas__credito,3,2,cambio_usd,1,0.21754160688822624
drop_expectativas__credito,3,2,cambio_usd,2,0.12265623517477549
drop_expectativas__credito,3,2,cambio_usd,3,0.16804466879260396
drop_expectativas__credito,3,2,cambio_usd,4,0.1352135995857483
drop_expectativas__credito,3,2,cambio_usd,5,0.047313142185417226
drop_expectativas__credito,3,2,cambio_usd,6,0.05790189127715324
drop_expectativas__credito__imoveis,4,3,yield_6m,0,0.005
drop_expectativas__credito__imoveis,4,3,yield_6m,1,0.00471650868477336
drop_expectativas__credito__imoveis,4,3,yield_6m,2,0.003197309700098128
drop_expectativas__credito__imoveis,4,3,yield_6m,3,0.003855287077918153
drop_expectativas__credito__imoveis,4,3,yield_6m,4,0.0019777321213848716
drop_expectativas__credito__imoveis,4,3,yield_6m,5,3.08768089319974e-4
drop_expectativas__credito__imoveis,4,3,yield_6m,6,6.420353364492333e-4
drop_expectativas__credito__imoveis,4,3,yield_2y,0,0.009580530860742174
drop_expectativas__credito__imoveis,4,3,yield_2y,1,0.009723627629527281
drop_expectativas__credito__imoveis,4,3,yield_2y,2,0.005882998106892111
drop_expectativas__credito__imoveis,4,3,yield_2y,3,0.007338071972571473
drop_expectativas__credito__imoveis,4,3,yield_2y,4,0.004722031197859432
drop_expectativas__credito__imoveis,4,3,yield_2y,5,0.0012234292422162855
drop_expectativas__credito__imoveis,4,3,yield_2y,6,0.001549653297549419
drop_expectativas__credito__imoveis,4,3,yield_5y,0,0.012333333508237192
drop_expectativas__credito__imoveis,4,3,yield_5y,1,0.012395375850350174
drop_expectativas__credito__imoveis,4,3,yield_5y,2,0.0072948540907752015
drop_expectativas__credito__imoveis,4,3,yield_5y,3,0.00924229344695543
drop_expectativas__credito__imoveis,4,3,yield_5y,4,0.006500182291859108
drop_expectativas__credito__imoveis,4,3,yield_5y,5,0.0021472186022279145
drop_expectativas__credito__imoveis,4,3,yield_5y,6,0.0023610065159975287
drop_expectativas__credito__imoveis,4,3,asset_ibov,0,-10.813623777637545
drop_expectativas__credito__imoveis,4,3,asset_ibov,1,-22.815800331240656
drop_expectativas__credito__imoveis,4,3,asset_ibov,2,-28.404041760018632
drop_expectativas__credito__imoveis,4,3,asset_ibov,3,-36.669702643221456
drop_expectativas__credito__imoveis,4,3,asset_ibov,4,-44.80561505983937
drop_expectativas__credito__imoveis,4,3,asset_ibov,5,-49.081081495726515
drop_expectativas__credito__imoveis,4,3,asset_ibov,6,-54.01711451152485
drop_expectativas__credito__imoveis,4,3,cambio_usd,0,0.1911501436582577
drop_expectativas__credito__imoveis,4,3,cambio_usd,1,0.207233760889627
drop_expectativas__credito__imoveis,4,3,cambio_usd,2,0.11496024558845708
drop_expectativas__credito__imoveis,4,3,cambio_usd,3,0.14709462430633427
drop_expectativas__credito__imoveis,4,3,cambio_usd,4,0.10807552505513787
drop_expectativas__credito__imoveis,4,3,cambio_usd,5,0.031869389537693034
drop_expectativas__credito__imoveis,4,3,cambio_usd,6,0.03453377286072776
drop_expectativas__eua,3,3,yield_6m,0,0.005
drop_expectativas__eua,3,3,yield_6m,1,0.004979825271935627
drop_expectativas__eua,3,3,yield_6m,2,0.0040667354276664545
drop_expectativas__eua,3,3,yield_6m,3,0.004822168970796974
drop_expectativas__eua,3,3,yield_6m,4,0.0037937322118565217
drop_expectativas__eua,3,3,yield_6m,5,0.00268311617147973
drop_expectativas__eua,3,3,yield_6m,6,0.0030418105957222153
drop_expectativas__eua,3,3,yield_2y,0,0.00914558734185075
drop_expectativas__eua,3,3,yield_2y,1,0.009933997127248023
drop_expectativas__eua,3,3,yield_2y,2,0.006965218891532243
drop_expectativas__eua,3,3,yield_2y,3,0.00884556733268986
drop_expectativas__eua,3,3,yield_2y,4,0.00738068039946271
drop_expectativas__eua,3,3,yield_2y,5,0.005023772035156983
drop_expectativas__eua,3,3,yield_2y,6,0.005716734111167933
drop_expectativas__eua,3,3,yield_5y,0,0.011573979768448832
drop_expectativas__eua,3,3,yield_5y,1,0.01250778764243267
drop_expectativas__eua,3,3,yield_5y,2,0.008468949295163125
drop_expectativas__eua,3,3,yield_5y,3,0.01103314059614136
drop_expectativas__eua,3,3,yield_5y,4,0.00949042446883218
drop_expectativas__eua,3,3,yield_5y,5,0.006552544724564893
drop_expectativas__eua,3,3,yield_5y,6,0.007468066923945321
drop_expectativas__eua,3,3,asset_ibov,0,-7.348174134676282
drop_expectativas__eua,3,3,asset_ibov,1,-16.918679898648442
drop_expectativas__eua,3,3,asset_ibov,2,-20.502808284580276
drop_expectativas__eua,3,3,asset_ibov,3,-27.200179893809107
drop_expectativas__eua,3,3,asset_ibov,4,-34.51058419802296
drop_expectativas__eua,3,3,asset_ibov,5,-39.357247024112354
drop_expectativas__eua,3,3,asset_ibov,6,-44.9509064171025
drop_expectativas__eua,3,3,cambio_usd,0,0.17629645942779743
drop_expectativas__eua,3,3,cambio_usd,1,0.20718985216234337
drop_expectativas__eua,3,3,cambio_usd,2,0.12859528990086733
drop_expectativas__eua,3,3,cambio_usd,3,0.1723799018972774
drop_expectativas__eua,3,3,cambio_usd,4,0.14906699009301771
drop_expectativas__eua,3,3,cambio_usd,5,0.09727315406892469
drop_expectativas__eua,3,3,cambio_usd,6,0.11097156776501688
drop_expectativas__eua__credito,3,3,yield_6m,0,0.005
drop_expectativas__eua__credito,3,3,yield_6m,1,0.004953075858345415
drop_expectativas__eua__credito,3,3,yield_6m,2,0.004238990191524967
drop_expectativas__eua__credito,3,3,yield_6m,3,0.005067855534087033
drop_expectativas__eua__credito,3,3,yield_6m,4,0.003912988200361634
drop_expectativas__eua__credito,3,3,yield_6m,5,0.0026210323641498723
drop_expectativas__eua__credito,3,3,yield_6m,6,0.002951190222740332
drop_expectativas__eua__credito,3,3,yield_2y,0,0.009230102097312336
drop_expectativas__eua__credito,3,3,yield_2y,1,0.010071101693393203
drop_expectativas__eua__credito,3,3,yield_2y,2,0.0072224529797320774
drop_expectativas__eua__credito,3,3,yield_2y,3,0.009349643924895406
drop_expectativas__eua__credito,3,3,yield_2y,4,0.007723600842118502
drop_expectativas__eua__credito,3,3,yield_2y,5,0.004991483349440496
drop_expectativas__eua__credito,3,3,yield_2y,6,0.005599641357284777
drop_expectativas__eua__credito,3,3,yield_5y,0,0.011838263279904336
drop_expectativas__eua__credito,3,3,yield_5y,1,0.012784546726372734
drop_expectativas__eua__credito,3,3,yield_5y,2,0.008747744022019345
drop_expectativas__eua__credito,3,3,yield_5y,3,0.011661366777689046
drop_expectativas__eua__credito,3,3,yield_5y,4,0.009948995023596365
drop_expectativas__eua__credito,3,3,yield_5y,5,0.006542752275202344
drop_expectativas__eua__credito,3,3,yield_5y,6,0.007358392900075048
drop_expectativas__eua__credito,3,3,asset_ibov,0,-7.540973270406613
drop_expectativas__eua__credito,3,3,asset_ibov,1,-17.594070054860424
drop_expectativas__eua__credito,3,3,asset_ibov,2,-21.200552807262678
drop_expectativas__eua__credito,3,3,asset_ibov,3,-28.218086820676184
drop_expectativas__eua__credito,3,3,asset_ibov,4,-35.72280187360045
drop_expectativas__eua__credito,3,3,asset_ibov,5,-40.4015018981996
drop_expectativas__eua__credito,3,3,asset_ibov,6,-45.63976962325819
drop_expectativas__eua__credito,3,3,cambio_usd,0,0.17732379119410702
drop_expectativas__eua__credito,3,3,cambio_usd,1,0.21184606545151607
drop_expectativas__eua__credito,3,3,cambio_usd,2,0.13191299380200638
drop_expectativas__eua__credito,3,3,cambio_usd,3,0.18231006265501315
drop_expectativas__eua__credito,3,3,cambio_usd,4,0.15731602680888038
drop_expectativas__eua__credito,3,3,cambio_usd,5,0.09754573356484438
drop_expectativas__eua__credito,3,3,cambio_usd,6,0.10890306917854302
drop_expectativas__eua__credito__imoveis,3,3,yield_6m,0,0.005
drop_expectativas__eua__credito__imoveis,3,3,yield_6m,1,0.0049534835341271495
drop_expectativas__eua__credito__imoveis,3,3,yield_6m,2,0.004042144886502585
drop_expectativas__eua__credito__imoveis,3,3,yield_6m,3,0.004938816015067296
drop_expectativas__eua__credito__imoveis,3,3,yield_6m,4,0.003807643705936992
drop_expectativas__eua__credito__imoveis,3,3,yield_6m,5,0.0024048196534961984
drop_expectativas__eua__credito__imoveis,3,3,yield_6m,6,0.002700918420351789
drop_expectativas__eua__credito__imoveis,3,3,yield_2y,0,0.00935760789283586
drop_expectativas__eua__credito__imoveis,3,3,yield_2y,1,0.010184733905693312
drop_expectativas__eua__credito__imoveis,3,3,yield_2y,2,0.007170852387842883
drop_expectativas__eua__credito__imoveis,3,3,yield_2y,3,0.009348354906986897
drop_expectativas__eua__credito__imoveis,3,3,yield_2y,4,0.007740062759124913
drop_expectativas__eua__credito__imoveis,3,3,yield_2y,5,0.004806003775740431
drop_expectativas__eua__credito__imoveis,3,3,yield_2y,6,0.005387336051873997
drop_expectativas__eua__credito__imoveis,3,3,yield_5y,0,0.01205595128881214
drop_expectativas__eua__credito__imoveis,3,3,yield_5y,1,0.01299969403702399
drop_expectativas__eua__credito__imoveis,3,3,yield_5y,2,0.00885063727048392
drop_expectativas__eua__credito__imoveis,3,3,yield_5y,3,0.011808597446014313
drop_expectativas__eua__credito__imoveis,3,3,yield_5y,4,0.010103484274082775
drop_expectativas__eua__credito__imoveis,3,3,yield_5y,5,0.006459490558958018
drop_expectativas__eua__credito__imoveis,3,3,yield_5y,6,0.007257988702438171
drop_expectativas__eua__credito__imoveis,3,3,asset_ibov,0,-7.917867740592986
drop_expectativas__eua__credito__imoveis,3,3,asset_ibov,1,-18.404162720397103
drop_expectativas__eua__credito__imoveis,3,3,asset_ibov,2,-22.541745233107857
drop_expectativas__eua__credito__imoveis,3,3,asset_ibov,3,-30.10181998286292
drop_expectativas__eua__credito__imoveis,3,3,asset_ibov,4,-38.45058015920637
drop_expectativas__eua__credito__imoveis,3,3,asset_ibov,5,-43.92826008766882
drop_expectativas__eua__credito__imoveis,3,3,asset_ibov,6,-50.08905864072045
drop_expectativas__eua__credito__imoveis,3,3,cambio_usd,0,0.1813707819879426
drop_expectativas__eua__credito__imoveis,3,3,cambio_usd,1,0.21518885577594563
drop_expectativas__eua__credito__imoveis,3,3,cambio_usd,2,0.13547994334822222
drop_expectativas__eua__credito__imoveis,3,3,cambio_usd,3,0.18533052468327724
drop_expectativas__eua__credito__imoveis,3,3,cambio_usd,4,0.15994946501178609
drop_expectativas__eua__credito__imoveis,3,3,cambio_usd,5,0.09617890702329815
drop_expectativas__eua__credito__imoveis,3,3,cambio_usd,6,0.10747305138053115
drop_expectativas__eua__imoveis,3,3,yield_6m,0,0.005
drop_expectativas__eua__imoveis,3,3,yield_6m,1,0.004976898511967442
drop_expectativas__eua__imoveis,3,3,yield_6m,2,0.003882552504567003
drop_expectativas__eua__imoveis,3,3,yield_6m,3,0.004683589950211389
drop_expectativas__eua__imoveis,3,3,yield_6m,4,0.0036697728428095513
drop_expectativas__eua__imoveis,3,3,yield_6m,5,0.0024549593919665565
drop_expectativas__eua__imoveis,3,3,yield_6m,6,0.0027895246631806222
drop_expectativas__eua__imoveis,3,3,yield_2y,0,0.009277415371168218
drop_expectativas__eua__imoveis,3,3,yield_2y,1,0.010050586792249466
drop_expectativas__eua__imoveis,3,3,yield_2y,2,0.0069114471288981285
drop_expectativas__eua__imoveis,3,3,yield_2y,3,0.008809343583272778
drop_expectativas__eua__imoveis,3,3,yield_2y,4,0.007330696618283607
drop_expectativas__eua__imoveis,3,3,yield_2y,5,0.004780600327270149
drop_expectativas__eua__imoveis,3,3,yield_2y,6,0.005435148913344544
drop_expectativas__eua__imoveis,3,3,yield_5y,0,0.011800143997358063
drop_expectativas__eua__imoveis,3,3,yield_5y,1,0.012721573285471653
drop_expectativas__eua__imoveis,3,3,yield_5y,2,0.008546498102804776
drop_expectativas__eua__imoveis,3,3,yield_5y,3,0.011113449772553652
drop_expectativas__eua__imoveis,3,3,yield_5y,4,0.00952846409162304
drop_expectativas__eua__imoveis,3,3,yield_5y,5,0.006357402533879816
drop_expectativas__eua__imoveis,3,3,yield_5y,6,0.00722915976757462
drop_expectativas__eua__imoveis,3,3,asset_ibov,0,-7.652609011504566
drop_expectativas__eua__imoveis,3,3,asset_ibov,1,-17.615417382781207
drop_expectativas__eua__imoveis,3,3,asset_ibov,2,-21.735951819964743
drop_expectativas__eua__imoveis,3,3,asset_ibov,3,-28.943521709053016
drop_expectativas__eua__imoveis,3,3,asset_ibov,4,-36.957074322099736
drop_expectativas__eua__imoveis,3,3,asset_ibov,5,-42.44434634812127
drop_expectativas__eua__imoveis,3,3,asset_ibov,6,-48.694517894962516
drop_expectativas__eua__imoveis,3,3,cambio_usd,0,0.18060671340325762
drop_expectativas__eua__imoveis,3,3,cambio_usd,1,0.21092634021854617
drop_expectativas__eua__imoveis,3,3,cambio_usd,2,0.1315801050584469
drop_expectativas__eua__imoveis,3,3,cambio_usd,3,0.1744954136429777
drop_expectativas__eua__imoveis,3,3,cambio_usd,4,0.15017196616616663
drop_expectativas__eua__imoveis,3,3,cambio_usd,5,0.09451968287268527
drop_expectativas__eua__imoveis,3,3,cambio_usd,6,0.10750087270039363
drop_expectativas__imoveis,4,3,yield_6m,0,0.005
drop_expectativas__imoveis,4,3,yield_6m,1,0.004834312299805547
drop_expectativas__imoveis,4,3,yield_6m,2,0.0035991624203960473
drop_expectativas__imoveis,4,3,yield_6m,3,0.004082424907220679
drop_expectativas__imoveis,4,3,yield_6m,4,0.0021881289563983404
drop_expectativas__imoveis,4,3,yield_6m,5,8.421141850892257e-4
drop_expectativas__imoveis,4,3,yield_6m,6,0.0014754329943490706
drop_expectativas__imoveis,4,3,yield_2y,0,0.008909697553314456
drop_expectativas__imoveis,4,3,yield_2y,1,0.009090030896600864
drop_expectativas__imoveis,4,3,yield_2y,2,0.005730901382755265
drop_expectativas__imoveis,4,3,yield_2y,3,0.0067644297693140575
drop_expectativas__imoveis,4,3,yield_2y,4,0.004381026730834666
drop_expectativas__imoveis,4,3,yield_2y,5,0.0017478580461929322
drop_expectativas__imoveis,4,3,yield_2y,6,0.0025450205559176247
drop_expectativas__imoveis,4,3,yield_5y,0,0.011083916176235577
drop_expectativas__imoveis,4,3,yield_5y,1,0.01115936182861815
drop_expectativas__imoveis,4,3,yield_5y,2,0.006643816176803095
drop_expectativas__imoveis,4,3,yield_5y,3,0.008066585099346837
drop_expectativas__imoveis,4,3,yield_5y,4,0.005828613374121552
drop_expectativas__imoveis,4,3,yield_5y,5,0.002632511076359599
drop_expectativas__imoveis,4,3,yield_5y,6,0.0033176607082774762
drop_expectativas__imoveis,4,3,asset_ibov,0,-8.568493258894646
drop_expectativas__imoveis,4,3,asset_ibov,1,-18.641538849499607
drop_expectativas__imoveis,4,3,asset_ibov,2,-23.353566690273674
drop_expectativas__imoveis,4,3,asset_ibov,3,-30.30049726832953
drop_expectativas__imoveis,4,3,asset_ibov,4,-38.202310473649355
drop_expectativas__imoveis,4,3,asset_ibov,5,-43.6522300791168
drop_expectativas__imoveis,4,3,asset_ibov,6,-49.83830953453673
drop_expectativas__imoveis,4,3,cambio_usd,0,0.1702226454788255
drop_expectativas__imoveis,4,3,cambio_usd,1,0.1841130114193454
drop_expectativas__imoveis,4,3,cambio_usd,2,0.10107388741071384
drop_expectativas__imoveis,4,3,cambio_usd,3,0.12335938564212336
drop_expectativas__imoveis,4,3,cambio_usd,4,0.09095344706360742
drop_expectativas__imoveis,4,3,cambio_usd,5,0.0358207331681969
drop_expectativas__imoveis,4,3,cambio_usd,6,0.04775721187873986
drop_fiscal,4,3,yield_6m,0,0.005
drop_fiscal,4,3,yield_6m,1,0.005286476146979901
drop_fiscal,4,3,yield_6m,2,0.00571446685827182
drop_fiscal,4,3,yield_6m,3,0.0071992146050030605
drop_fiscal,4,3,yield_6m,4,0.006647678256810782
drop_fiscal,4,3,yield_6m,5,0.006890848335021195
drop_fiscal,4,3,yield_6m,6,0.007876417419484116
drop_fiscal,4,3,yield_2y,0,0.007286911455727547
drop_fiscal,4,3,yield_2y,1,0.008144974882441388
drop_fiscal,4,3,yield_2y,2,0.007636071954429681
drop_fiscal,4,3,yield_2y,3,0.009409098171502572
drop_fiscal,4,3,yield_2y,4,0.008412074017053725
drop_fiscal,4,3,yield_2y,5,0.00842378355318859
drop_fiscal,4,3,yield_2y,6,0.009493785319014365
drop_fiscal,4,3,yield_5y,0,0.007813252472383273
drop_fiscal,4,3,yield_5y,1,0.008758096304914286
drop_fiscal,4,3,yield_5y,2,0.00753979075824042
drop_fiscal,4,3,yield_5y,3,0.00911357556157608
drop_fiscal,4,3,yield_5y,4,0.008048256153341215
drop_fiscal,4,3,yield_5y,5,0.007915725104794517
drop_fiscal,4,3,yield_5y,6,0.008788066609790625
drop_fiscal,4,3,asset_ibov,0,-4.561925096849572
drop_fiscal,4,3,asset_ibov,1,-10.846523096864386
drop_fiscal,4,3,asset_ibov,2,-14.254043059887328
drop_fiscal,4,3,asset_ibov,3,-19.84602568218781
drop_fiscal,4,3,asset_ibov,4,-25.916532013344113
drop_fiscal,4,3,asset_ibov,5,-32.549230406195804
drop_fiscal,4,3,asset_ibov,6,-40.51847490557584
drop_fiscal,4,3,cambio_usd,0,0.09221801750920616
drop_fiscal,4,3,cambio_usd,1,0.11405126816249837
drop_fiscal,4,3,cambio_usd,2,0.07587205498136183
drop_fiscal,4,3,cambio_usd,3,0.0839738176554755
drop_fiscal,4,3,cambio_usd,4,0.06416496958784831
drop_fiscal,4,3,cambio_usd,5,0.05297573076170689
drop_fiscal,4,3,cambio_usd,6,0.05373709390952243
drop_fiscal__credito,4,1,yield_6m,0,0.005
drop_fiscal__credito,4,1,yield_6m,1,0.005579270864496101
drop_fiscal__credito,4,1,yield_6m,2,0.0037482588811504312
drop_fiscal__credito,4,1,yield_6m,3,0.004884331017519334
drop_fiscal__credito,4,1,yield_6m,4,0.002409332661068347
drop_fiscal__credito,4,1,yield_6m,5,4.825135360284372e-4
drop_fiscal__credito,4,1,yield_6m,6,9.084752987874146e-4
drop_fiscal__credito,4,1,yield_2y,0,0.010948424691506864
drop_fiscal__credito,4,1,yield_2y,1,0.011782930062840756
drop_fiscal__credito,4,1,yield_2y,2,0.006971681970360262
drop_fiscal__credito,4,1,yield_2y,3,0.008902789244733308
drop_fiscal__credito,4,1,yield_2y,4,0.005525436276112164
drop_fiscal__credito,4,1,yield_2y,5,0.0013661687706141715
drop_fiscal__credito,4,1,yield_2y,6,0.001990459200707647
drop_fiscal__credito,4,1,yield_5y,0,0.014515626067047012
drop_fiscal__credito,4,1,yield_5y,1,0.014942283776007391
drop_fiscal__credito,4,1,yield_5y,2,0.008245924061600048
drop_fiscal__credito,4,1,yield_5y,3,0.010641864943845463
drop_fiscal__credito,4,1,yield_5y,4,0.00736849692065784
drop_fiscal__credito,4,1,yield_5y,5,0.002143572949386095
drop_fiscal__credito,4,1,yield_5y,6,0.002819509025634803
drop_fiscal__credito,4,1,asset_ibov,0,-14.389625405447271
drop_fiscal__credito,4,1,asset_ibov,1,-26.087612983081538
drop_fiscal__credito,4,1,asset_ibov,2,-28.82383172872256
drop_fiscal__credito,4,1,asset_ibov,3,-34.66235841132376
drop_fiscal__credito,4,1,asset_ibov,4,-39.8509334316468
drop_fiscal__credito,4,1,asset_ibov,5,-40.86785060559455
drop_fiscal__credito,4,1,asset_ibov,6,-44.44632681647959
drop_fiscal__credito,4,1,cambio_usd,0,0.2382129182442519
drop_fiscal__credito,4,1,cambio_usd,1,0.26067981951264846
drop_fiscal__credito,4,1,cambio_usd,2,0.14657130045773495
drop_fiscal__credito,4,1,cambio_usd,3,0.16799624412604997
drop_fiscal__credito,4,1,cambio_usd,4,0.14025266658852922
drop_fiscal__credito,4,1,cambio_usd,5,0.04637328186278879
drop_fiscal__credito,4,1,cambio_usd,6,0.039244604771239026
drop_fiscal__credito__imoveis,4,1,yield_6m,0,0.005
drop_fiscal__credito__imoveis,4,1,yield_6m,1,0.005297092384607635
drop_fiscal__credito__imoveis,4,1,yield_6m,2,0.003667550270901669
drop_fiscal__credito__imoveis,4,1,yield_6m,3,0.004714710828635216
drop_fiscal__credito__imoveis,4,1,yield_6m,4,0.0024968931442760187
drop_fiscal__credito__imoveis,4,1,yield_6m,5,6.848427929089502e-4
drop_fiscal__credito__imoveis,4,1,yield_6m,6,0.0011201186459856023
drop_fiscal__credito__imoveis,4,1,yield_2y,0,0.010279668386928073
drop_fiscal__credito__imoveis,4,1,yield_2y,1,0.010916701416456303
drop_fiscal__credito__imoveis,4,1,yield_2y,2,0.006626955439453133
drop_fiscal__credito__imoveis,4,1,yield_2y,3,0.008506924365514422
drop_fiscal__credito__imoveis,4,1,yield_2y,4,0.005369000656037263
drop_fiscal__credito__imoveis,4,1,yield_2y,5,0.0015765687150985142
drop_fiscal__credito__imoveis,4,1,yield_2y,6,0.00226502966206183
drop_fiscal__credito__imoveis,4,1,yield_5y,0,0.013398244358081204
drop_fiscal__credito__imoveis,4,1,yield_5y,1,0.013732869241548117
drop_fiscal__credito__imoveis,4,1,yield_5y,2,0.007793226654068558
drop_fiscal__credito__imoveis,4,1,yield_5y,3,0.01017880172747254
drop_fiscal__credito__imoveis,4,1,yield_5y,4,0.007084002827662188
drop_fiscal__credito__imoveis,4,1,yield_5y,5,0.0023987519181690974
drop_fiscal__credito__imoveis,4,1,yield_5y,6,0.0031898642052967086
drop_fiscal__credito__imoveis,4,1,asset_ibov,0,-12.37585948656525
drop_fiscal__credito__imoveis,4,1,asset_ibov,1,-22.94664502658501
drop_fiscal__credito__imoveis,4,1,asset_ibov,2,-25.338600145204193
drop_fiscal__credito__imoveis,4,1,asset_ibov,3,-31.115441358136785
drop_fiscal__credito__imoveis,4,1,asset_ibov,4,-36.3554009331407
drop_fiscal__credito__imoveis,4,1,asset_ibov,5,-38.12468711359129
drop_fiscal__credito__imoveis,4,1,asset_ibov,6,-42.564768611384686
drop_fiscal__credito__imoveis,4,1,cambio_usd,0,0.21073404034620613
drop_fiscal__credito__imoveis,4,1,cambio_usd,1,0.23305501678253204
drop_fiscal__credito__imoveis,4,1,cambio_usd,2,0.12993603045636373
drop_fiscal__credito__imoveis,4,1,cambio_usd,3,0.15315613258435162
drop_fiscal__credito__imoveis,4,1,cambio_usd,4,0.12511912787118593
drop_fiscal__credito__imoveis,4,1,cambio_usd,5,0.042346467224418705
drop_fiscal__credito__imoveis,4,1,cambio_usd,6,0.038508464420371306
drop_fiscal__eua,4,2,yield_6m,0,0.005
drop_fiscal__eua,4,2,yield_6m,1,0.006374452985005097
drop_fiscal__eua,4,2,yield_6m,2,0.006051705144747319
drop_fiscal__eua,4,2,yield_6m,3,0.007608921314723012
drop_fiscal__eua,4,2,yield_6m,4,0.005926944278989867
drop_fiscal__eua,4,2,yield_6m,5,0.004523218749383395
drop_fiscal__eua,4,2,yield_6m,6,0.005666012631369553
drop_fiscal__eua,4,2,yield_2y,0,0.010482825803496932
drop_fiscal__eua,4,2,yield_2y,1,0.012818744215880884
drop_fiscal__eua,4,2,yield_2y,2,0.009478696578952325
drop_fiscal__eua,4,2,yield_2y,3,0.011874203618744878
drop_fiscal__eua,4,2,yield_2y,4,0.00970160736954849
drop_fiscal__eua,4,2,yield_2y,5,0.006032342973238618
drop_fiscal__eua,4,2,yield_2y,6,0.007109329623673352
drop_fiscal__eua,4,2,yield_5y,0,0.014091796612153526
drop_fiscal__eua,4,2,yield_5y,1,0.01595230995183703
drop_fiscal__eua,4,2,yield_5y,2,0.010434218637488593
drop_fiscal__eua,4,2,yield_5y,3,0.013084492370213576
drop_fiscal__eua,4,2,yield_5y,4,0.011070621442553523
drop_fiscal__eua,4,2,yield_5y,5,0.006080355634633219
drop_fiscal__eua,4,2,yield_5y,6,0.006816042823688704
drop_fiscal__eua,4,2,asset_ibov,0,-10.112545702704013
drop_fiscal__eua,4,2,asset_ibov,1,-23.349938283761595
drop_fiscal__eua,4,2,asset_ibov,2,-28.640149332395104
drop_fiscal__eua,4,2,asset_ibov,3,-36.24609819500218
drop_fiscal__eua,4,2,asset_ibov,4,-45.330528734537445
drop_fiscal__eua,4,2,asset_ibov,5,-50.681881235998105
drop_fiscal__eua,4,2,asset_ibov,6,-56.20663706186101
drop_fiscal__eua,4,2,cambio_usd,0,0.2263971901683224
drop_fiscal__eua,4,2,cambio_usd,1,0.264640822540714
drop_fiscal__eua,4,2,cambio_usd,2,0.14690655486237472
drop_fiscal__eua,4,2,cambio_usd,3,0.1816528734923291
drop_fiscal__eua,4,2,cambio_usd,4,0.15656695178366326
drop_fiscal__eua,4,2,cambio_usd,5,0.06357271394158891
drop_fiscal__eua,4,2,cambio_usd,6,0.062252653949113314
drop_fiscal__eua__credito,4,3,yield_6m,0,0.005
drop_fiscal__eua__credito,4,3,yield_6m,1,0.005031278317285716
drop_fiscal__eua__credito,4,3,yield_6m,2,0.0038409174152136713
drop_fiscal__eua__credito,4,3,yield_6m,3,0.004347973941055602
drop_fiscal__eua__credito,4,3,yield_6m,4,0.0024442306379475922
drop_fiscal__eua__credito,4,3,yield_6m,5,8.540910573770437e-4
drop_fiscal__eua__credito,4,3,yield_6m,6,5.541730993359424e-4
drop_fiscal__eua__credito,4,3,yield_2y,0,0.010040222289353742
drop_fiscal__eua__credito,4,3,yield_2y,1,0.010822326620712362
drop_fiscal__eua__credito,4,3,yield_2y,2,0.007240742029309136
drop_fiscal__eua__credito,4,3,yield_2y,3,0.008538781912169164
drop_fiscal__eua__credito,4,3,yield_2y,4,0.005893174061481274
drop_fiscal__eua__credito,4,3,yield_2y,5,0.0025701817179672156
drop_fiscal__eua__credito,4,3,yield_2y,6,0.001734868093060325
drop_fiscal__eua__credito,4,3,yield_5y,0,0.012821666532697697
drop_fiscal__eua__credito,4,3,yield_5y,1,0.013742618907938221
drop_fiscal__eua__credito,4,3,yield_5y,2,0.008751923538554772
drop_fiscal__eua__credito,4,3,yield_5y,3,0.010517103416883063
drop_fiscal__eua__credito,4,3,yield_5y,4,0.007933991258041211
drop_fiscal__eua__credito,4,3,yield_5y,5,0.003831211813221006
drop_fiscal__eua__credito,4,3,yield_5y,6,0.00266377260385249
drop_fiscal__eua__credito,4,3,asset_ibov,0,-11.380948206925524
drop_fiscal__eua__credito,4,3,asset_ibov,1,-23.81368222362658
drop_fiscal__eua__credito,4,3,asset_ibov,2,-29.063085481449
drop_fiscal__eua__credito,4,3,asset_ibov,3,-36.81508916440471
drop_fiscal__eua__credito,4,3,asset_ibov,4,-43.77486542698768
drop_fiscal__eua__credito,4,3,asset_ibov,5,-47.350945868408616
drop_fiscal__eua__credito,4,3,asset_ibov,6,-50.91890515456201
drop_fiscal__eua__credito,4,3,cambio_usd,0,0.2016756209321657
drop_fiscal__eua__credito,4,3,cambio_usd,1,0.2335574237411759
drop_fiscal__eua__credito,4,3,cambio_usd,2,0.14180395470188015
drop_fiscal__eua__credito,4,3,cambio_usd,3,0.17175823268154067
drop_fiscal__eua__credito,4,3,cambio_usd,4,0.14087202225272186
drop_fiscal__eua__credito,4,3,cambio_usd,5,0.07023807291724672
drop_fiscal__eua__credito,4,3,cambio_usd,6,0.04549036644907832
drop_fiscal__eua__credito__imoveis,4,2,yield_6m,0,0.005
drop_fiscal__eua__credito__imoveis,4,2,yield_6m,1,0.005599925598535428
drop_fiscal__eua__credito__imoveis,4,2,yield_6m,2,0.004160848017973917
drop_fiscal__eua__credito__imoveis,4,2,yield_6m,3,0.005145331783483202
drop_fiscal__eua__credito__imoveis,4,2,yield_6m,4,0.0029638449493383304
drop_fiscal__eua__credito__imoveis,4,2,yield_6m,5,0.0010308764112790224
drop_fiscal__eua__credito__imoveis,4,2,yield_6m,6,0.0015020325004129612
drop_fiscal__eua__credito__imoveis,4,2,yield_2y,0,0.010584519575375706
drop_fiscal__eua__credito__imoveis,4,2,yield_2y,1,0.011926911383853636
drop_fiscal__eua__credito__imoveis,4,2,yield_2y,2,0.0077001334579984305
drop_fiscal__eua__credito__imoveis,4,2,yield_2y,3,0.00962467052855948
drop_fiscal__eua__credito__imoveis,4,2,yield_2y,4,0.006714654696425293
drop_fiscal__eua__credito__imoveis,4,2,yield_2y,5,0.002467429678298931
drop_fiscal__eua__credito__imoveis,4,2,yield_2y,6,0.0031553598962701063
drop_fiscal__eua__credito__imoveis,4,2,yield_5y,0,0.014006704622184474
drop_fiscal__eua__credito__imoveis,4,2,yield_5y,1,0.015182991539764837
drop_fiscal__eua__credito__imoveis,4,2,yield_5y,2,0.009223418816353631
drop_fiscal__eua__credito__imoveis,4,2,yield_5y,3,0.011696749943304255
drop_fiscal__eua__credito__imoveis,4,2,yield_5y,4,0.00896386863767635
drop_fiscal__eua__credito__imoveis,4,2,yield_5y,5,0.0035834140145511884
drop_fiscal__eua__credito__imoveis,4,2,yield_5y,6,0.004315901880635449
drop_fiscal__eua__credito__imoveis,4,2,asset_ibov,0,-12.370569096080086
drop_fiscal__eua__credito__imoveis,4,2,asset_ibov,1,-25.31341031329698
drop_fiscal__eua__credito__imoveis,4,2,asset_ibov,2,-30.460364186119506
drop_fiscal__eua__credito__imoveis,4,2,asset_ibov,3,-38.33916256168671
drop_fiscal__eua__credito__imoveis,4,2,asset_ibov,4,-46.18203446880703
drop_fiscal__eua__credito__imoveis,4,2,asset_ibov,5,-49.572205656629045
drop_fiscal__eua__credito__imoveis,4,2,asset_ibov,6,-54.89532072282841
drop_fiscal__eua__credito__imoveis,4,2,cambio_usd,0,0.22483455101502373
drop_fiscal__eua__credito__imoveis,4,2,cambio_usd,1,0.25639064145153795
drop_fiscal__eua__credito__imoveis,4,2,cambio_usd,2,0.14699470816937216
drop_fiscal__eua__credito__imoveis,4,2,cambio_usd,3,0.18282731865446505
drop_fiscal__eua__credito__imoveis,4,2,cambio_usd,4,0.15271775403592155
drop_fiscal__eua__credito__imoveis,4,2,cambio_usd,5,0.05813650998035966
drop_fiscal__eua__credito__imoveis,4,2,cambio_usd,6,0.062360009932867125
drop_fiscal__eua__imoveis,4,2,yield_6m,0,0.005
drop_fiscal__eua__imoveis,4,2,yield_6m,1,0.0054223319044542145
drop_fiscal__eua__imoveis,4,2,yield_6m,2,0.00434865093795997
drop_fiscal__eua__imoveis,4,2,yield_6m,3,0.005266741134025404
drop_fiscal__eua__imoveis,4,2,yield_6m,4,0.003175770728801938
drop_fiscal__eua__imoveis,4,2,yield_6m,5,0.0013955595643874216
drop_fiscal__eua__imoveis,4,2,yield_6m,6,0.0020745583603171
drop_fiscal__eua__imoveis,4,2,yield_2y,0,0.009556265391667648
drop_fiscal__eua__imoveis,4,2,yield_2y,1,0.010772596813726816
drop_fiscal__eua__imoveis,4,2,yield_2y,2,0.007331916469563716
drop_fiscal__eua__imoveis,4,2,yield_2y,3,0.008958709774525264
drop_fiscal__eua__imoveis,4,2,yield_2y,4,0.006347454633328363
drop_fiscal__eua__imoveis,4,2,yield_2y,5,0.0027659569638221943
drop_fiscal__eua__imoveis,4,2,yield_2y,6,0.0035684514734596936
drop_fiscal__eua__imoveis,4,2,yield_5y,0,0.01216070337457144
drop_fiscal__eua__imoveis,4,2,yield_5y,1,0.013305279955590723
drop_fiscal__eua__imoveis,4,2,yield_5y,2,0.008430170191051842
drop_fiscal__eua__imoveis,4,2,yield_5y,3,0.010422390281088958
drop_fiscal__eua__imoveis,4,2,yield_5y,4,0.008155432074373876
drop_fiscal__eua__imoveis,4,2,yield_5y,5,0.0037726576845207
drop_fiscal__eua__imoveis,4,2,yield_5y,6,0.0044290305620387355
drop_fiscal__eua__imoveis,4,2,asset_ibov,0,-9.320408908839852
drop_fiscal__eua__imoveis,4,2,asset_ibov,1,-20.809019871983292
drop_fiscal__eua__imoveis,4,2,asset_ibov,2,-26.210816293082708
drop_fiscal__eua__imoveis,4,2,asset_ibov,3,-33.96152773894867
drop_fiscal__eua__imoveis,4,2,asset_ibov,4,-42.644853232488565
drop_fiscal__eua__imoveis,4,2,asset_ibov,5,-48.21222203560646
drop_fiscal__eua__imoveis,4,2,asset_ibov,6,-54.78209437735136
drop_fiscal__eua__imoveis,4,2,cambio_usd,0,0.18733888931434078
drop_fiscal__eua__imoveis,4,2,cambio_usd,1,0.2179929809230502
drop_fiscal__eua__imoveis,4,2,cambio_usd,2,0.1235438052210705
drop_fiscal__eua__imoveis,4,2,cambio_usd,3,0.15139222068413413
drop_fiscal__eua__imoveis,4,2,cambio_usd,4,0.12691262985188123
drop_fiscal__eua__imoveis,4,2,cambio_usd,5,0.052521793709074595
drop_fiscal__eua__imoveis,4,2,cambio_usd,6,0.05655185367121119
drop_fiscal__expectativas,3,2,yield_6m,0,0.005
drop_fiscal__expectativas,3,2,yield_6m,1,0.004854131620297435
drop_fiscal__expectativas,3,2,yield_6m,2,0.00341101648900417
drop_fiscal__expectativas,3,2,yield_6m,3,0.004353156065957098
drop_fiscal__expectativas,3,2,yield_6m,4,0.0026922253618665913
drop_fiscal__expectativas,3,2,yield_6m,5,8.861837411253017e-4
drop_fiscal__expectativas,3,2,yield_6m,6,0.0013766924061007586
drop_fiscal__expectativas,3,2,yield_2y,0,0.00966208722112705
drop_fiscal__expectativas,3,2,yield_2y,1,0.009947360801252043
drop_fiscal__expectativas,3,2,yield_2y,2,0.005992917036191207
drop_fiscal__expectativas,3,2,yield_2y,3,0.007838890747587465
drop_fiscal__expectativas,3,2,yield_2y,4,0.005604041072381017
drop_fiscal__expectativas,3,2,yield_2y,5,0.0018545421323557685
drop_fiscal__expectativas,3,2,yield_2y,6,0.002746714300632823
drop_fiscal__expectativas,3,2,yield_5y,0,0.012581551141714489
drop_fiscal__expectativas,3,2,yield_5y,1,0.012709863921777184
drop_fiscal__expectativas,3,2,yield_5y,2,0.007330850610686921
drop_fiscal__expectativas,3,2,yield_5y,3,0.009792556204917207
drop_fiscal__expectativas,3,2,yield_5y,4,0.007470777476304004
drop_fiscal__expectativas,3,2,yield_5y,5,0.0027843681067100455
drop_fiscal__expectativas,3,2,yield_5y,6,0.0039381511088809355
drop_fiscal__expectativas,3,2,asset_ibov,0,-10.329933587078928
drop_fiscal__expectativas,3,2,asset_ibov,1,-21.38945870431567
drop_fiscal__expectativas,3,2,asset_ibov,2,-25.191782639823824
drop_fiscal__expectativas,3,2,asset_ibov,3,-31.190165746366084
drop_fiscal__expectativas,3,2,asset_ibov,4,-38.50387218876912
drop_fiscal__expectativas,3,2,asset_ibov,5,-41.865302116200354
drop_fiscal__expectativas,3,2,asset_ibov,6,-46.04473355341592
drop_fiscal__expectativas,3,2,cambio_usd,0,0.19114096103161418
drop_fiscal__expectativas,3,2,cambio_usd,1,0.20844216001666105
drop_fiscal__expectativas,3,2,cambio_usd,2,0.11126183975518622
drop_fiscal__expectativas,3,2,cambio_usd,3,0.14782858571689667
drop_fiscal__expectativas,3,2,cambio_usd,4,0.1167422852302467
drop_fiscal__expectativas,3,2,cambio_usd,5,0.036651808397755996
drop_fiscal__expectativas,3,2,cambio_usd,6,0.05337517120732605
drop_fiscal__expectativas__credito,3,2,yield_6m,0,0.005
drop_fiscal__expectativas__credito,3,2,yield_6m,1,0.004884650274400096
drop_fiscal__expectativas__credito,3,2,yield_6m,2,0.0036664109449585066
drop_fiscal__expectativas__credito,3,2,yield_6m,3,0.004722476144627727
drop_fiscal__expectativas__credito,3,2,yield_6m,4,0.0029127568320705772
drop_fiscal__expectativas__credito,3,2,yield_6m,5,8.627457995078949e-4
drop_fiscal__expectativas__credito,3,2,yield_6m,6,0.0012627242230145894
drop_fiscal__expectativas__credito,3,2,yield_2y,0,0.009901798207746395
drop_fiscal__expectativas__credito,3,2,yield_2y,1,0.010338369293186427
drop_fiscal__expectativas__credito,3,2,yield_2y,2,0.006437963649666633
drop_fiscal__expectativas__credito,3,2,yield_2y,3,0.00862697677142076
drop_fiscal__expectativas__credito,3,2,yield_2y,4,0.006246364887709486
drop_fiscal__expectativas__credito,3,2,yield_2y,5,0.001977472806865074
drop_fiscal__expectativas__credito,3,2,yield_2y,6,0.002688366440644205
drop_fiscal__expectativas__credito,3,2,yield_5y,0,0.013165257979220111
drop_fiscal__expectativas__credito,3,2,yield_5y,1,0.01338078946770231
drop_fiscal__expectativas__credito,3,2,yield_5y,2,0.007867748293179272
drop_fiscal__expectativas__credito,3,2,yield_5y,3,0.01079451726145989
drop_fiscal__expectativas__credito,3,2,yield_5y,4,0.00835135427116884
drop_fiscal__expectativas__credito,3,2,yield_5y,5,0.00302946839677555
drop_fiscal__expectativas__credito,3,2,yield_5y,6,0.003971133022364499
drop_fiscal__expectativas__credito,3,2,asset_ibov,0,-10.925099918877358
drop_fiscal__expectativas__credito,3,2,asset_ibov,1,-23.007361571337597
drop_fiscal__expectativas__credito,3,2,asset_ibov,2,-27.04870122256794
drop_fiscal__expectativas__credito,3,2,asset_ibov,3,-33.74044369748661
drop_fiscal__expectativas__credito,3,2,asset_ibov,4,-41.718717840495394
drop_fiscal__expectativas__credito,3,2,asset_ibov,5,-45.24012885242008
drop_fiscal__expectativas__credito,3,2,asset_ibov,6,-49.36980148160153
drop_fiscal__expectativas__credito,3,2,cambio_usd,0,0.19759481025045347
drop_fiscal__expectativas__credito,3,2,cambio_usd,1,0.22047502091493354
drop_fiscal__expectativas__credito,3,2,cambio_usd,2,0.11870426927794883
drop_fiscal__expectativas__credito,3,2,cambio_usd,3,0.1639926599883408
drop_fiscal__expectativas__credito,3,2,cambio_usd,4,0.1327391912325675
drop_fiscal__expectativas__credito,3,2,cambio_usd,5,0.04147215693440133
drop_fiscal__expectativas__credito,3,2,cambio_usd,6,0.054254641101422606
drop_fiscal__expectativas__credito__imoveis,4,3,yield_6m,0,0.005
drop_fiscal__expectativas__credito__imoveis,4,3,yield_6m,1,0.005028702853490849
drop_fiscal__expectativas__credito__imoveis,4,3,yield_6m,2,0.0033369749411433893
drop_fiscal__expectativas__credito__imoveis,4,3,yield_6m,3,0.003999231212875696
drop_fiscal__expectativas__credito__imoveis,4,3,yield_6m,4,0.002294704586075063
drop_fiscal__expectativas__credito__imoveis,4,3,yield_6m,5,5.395153399572063e-4
drop_fiscal__expectativas__credito__imoveis,4,3,yield_6m,6,6.254171042733044e-4
drop_fiscal__expectativas__credito__imoveis,4,3,yield_2y,0,0.010079300726393948
drop_fiscal__expectativas__credito__imoveis,4,3,yield_2y,1,0.010504913083296229
drop_fiscal__expectativas__credito__imoveis,4,3,yield_2y,2,0.006236733657679666
drop_fiscal__expectativas__credito__imoveis,4,3,yield_2y,3,0.007727470442151251
drop_fiscal__expectativas__credito__imoveis,4,3,yield_2y,4,0.00518560964477661
drop_fiscal__expectativas__credito__imoveis,4,3,yield_2y,5,0.0015238307029750231
drop_fiscal__expectativas__credito__imoveis,4,3,yield_2y,6,0.001678878923244199
drop_fiscal__expectativas__credito__imoveis,4,3,yield_5y,0,0.013160352129158032
drop_fiscal__expectativas__credito__imoveis,4,3,yield_5y,1,0.013426881771098409
drop_fiscal__expectativas__credito__imoveis,4,3,yield_5y,2,0.007672013418332854
drop_fiscal__expectativas__credito__imoveis,4,3,yield_5y,3,0.009742957112912653
drop_fiscal__expectativas__credito__imoveis,4,3,yield_5y,4,0.006930323311385126
drop_fiscal__expectativas__credito__imoveis,4,3,yield_5y,5,0.002371050417349123
drop_fiscal__expectativas__credito__imoveis,4,3,yield_5y,6,0.0026277879191653492
drop_fiscal__expectativas__credito__imoveis,4,3,asset_ibov,0,-12.072674688836944
drop_fiscal__expectativas__credito__imoveis,4,3,asset_ibov,1,-24.396347728418295
drop_fiscal__expectativas__credito__imoveis,4,3,asset_ibov,2,-29.329713384082456
drop_fiscal__expectativas__credito__imoveis,4,3,asset_ibov,3,-36.94185411769795
drop_fiscal__expectativas__credito__imoveis,4,3,asset_ibov,4,-44.31871525712563
drop_fiscal__expectativas__credito__imoveis,4,3,asset_ibov,5,-47.929775221109225
drop_fiscal__expectativas__credito__imoveis,4,3,asset_ibov,6,-52.53463060198591
drop_fiscal__expectativas__credito__imoveis,4,3,cambio_usd,0,0.2075430987749662
drop_fiscal__expectativas__credito__imoveis,4,3,cambio_usd,1,0.22407863049351878
drop_fiscal__expectativas__credito__imoveis,4,3,cambio_usd,2,0.12296840082282204
drop_fiscal__expectativas__credito__imoveis,4,3,cambio_usd,3,0.15596042849153144
drop_fiscal__expectativas__credito__imoveis,4,3,cambio_usd,4,0.11405402827546558
drop_fiscal__expectativas__credito__imoveis,4,3,cambio_usd,5,0.03560670694010482
drop_fiscal__expectativas__credito__imoveis,4,3,cambio_usd,6,0.03979982622036002
drop_fiscal__expectativas__eua,3,3,yield_6m,0,0.005
drop_fiscal__expectativas__eua,3,3,yield_6m,1,0.005048015429306151
drop_fiscal__expectativas__eua,3,3,yield_6m,2,0.004614463324729236
drop_fiscal__expectativas__eua,3,3,yield_6m,3,0.005207915611323586
drop_fiscal__expectativas__eua,3,3,yield_6m,4,0.004518987405056318
drop_fiscal__expectativas__eua,3,3,yield_6m,5,0.003967645920394414
drop_fiscal__expectativas__eua,3,3,yield_6m,6,0.004436659956877589
drop_fiscal__expectativas__eua,3,3,yield_2y,0,0.008606138652064662
drop_fiscal__expectativas__eua,3,3,yield_2y,1,0.009576926296168176
drop_fiscal__expectativas__eua,3,3,yield_2y,2,0.007218795750790168
drop_fiscal__expectativas__eua,3,3,yield_2y,3,0.008987693785306474
drop_fiscal__expectativas__eua,3,3,yield_2y,4,0.008065840177323829
drop_fiscal__expectativas__eua,3,3,yield_2y,5,0.006917961068604117
drop_fiscal__expectativas__eua,3,3,yield_2y,6,0.007795125896281922
drop_fiscal__expectativas__eua,3,3,yield_5y,0,0.010543365230673198
drop_fiscal__expectativas__eua,3,3,yield_5y,1,0.011752058796523126
drop_fiscal__expectativas__eua,3,3,yield_5y,2,0.008377429450352483
drop_fiscal__expectativas__eua,3,3,yield_5y,3,0.010857001349536223
drop_fiscal__expectativas__eua,3,3,yield_5y,4,0.009994096588326713
drop_fiscal__expectativas__eua,3,3,yield_5y,5,0.008625464461539835
drop_fiscal__expectativas__eua,3,3,yield_5y,6,0.009733410373945225
drop_fiscal__expectativas__eua,3,3,asset_ibov,0,-5.042332123670095
drop_fiscal__expectativas__eua,3,3,asset_ibov,1,-12.590814559495152
drop_fiscal__expectativas__eua,3,3,asset_ibov,2,-14.291296887204707
drop_fiscal__expectativas__eua,3,3,asset_ibov,3,-19.28333729815274
drop_fiscal__expectativas__eua,3,3,asset_ibov,4,-24.86091344457335
drop_fiscal__expectativas__eua,3,3,asset_ibov,5,-29.420617966812358
drop_fiscal__expectativas__eua,3,3,asset_ibov,6,-34.71378867587923
drop_fiscal__expectativas__eua,3,3,cambio_usd,0,0.15653847312873131
drop_fiscal__expectativas__eua,3,3,cambio_usd,1,0.19139877506735115
drop_fiscal__expectativas__eua,3,3,cambio_usd,2,0.12122216134551658
drop_fiscal__expectativas__eua,3,3,cambio_usd,3,0.16528589119149673
drop_fiscal__expectativas__eua,3,3,cambio_usd,4,0.1513525987170666
drop_fiscal__expectativas__eua,3,3,cambio_usd,5,0.1262544615106558
drop_fiscal__expectativas__eua,3,3,cambio_usd,6,0.14328502349595057
drop_fiscal__expectativas__eua__credito,3,3,yield_6m,0,0.005
drop_fiscal__expectativas__eua__credito,3,3,yield_6m,1,0.005081980550168901
drop_fiscal__expectativas__eua__credito,3,3,yield_6m,2,0.004908035882317728
drop_fiscal__expectativas__eua__credito,3,3,yield_6m,3,0.005524148806851294
drop_fiscal__expectativas__eua__credito,3,3,yield_6m,4,0.004770127345972328
drop_fiscal__expectativas__eua__credito,3,3,yield_6m,5,0.004143435998794646
drop_fiscal__expectativas__eua__credito,3,3,yield_6m,6,0.004658024549844338
drop_fiscal__expectativas__eua__credito,3,3,yield_2y,0,0.008512925069955391
drop_fiscal__expectativas__eua__credito,3,3,yield_2y,1,0.009549527352841581
drop_fiscal__expectativas__eua__credito,3,3,yield_2y,2,0.007456634049108374
drop_fiscal__expectativas__eua__credito,3,3,yield_2y,3,0.009317541373552096
drop_fiscal__expectativas__eua__credito,3,3,yield_2y,4,0.008282476858403718
drop_fiscal__expectativas__eua__credito,3,3,yield_2y,5,0.0070135666944308285
drop_fiscal__expectativas__eua__credito,3,3,yield_2y,6,0.007903963007341159
drop_fiscal__expectativas__eua__credito,3,3,yield_5y,0,0.010440696618966
drop_fiscal__expectativas__eua__credito,3,3,yield_5y,1,0.01165390911787644
drop_fiscal__expectativas__eua__credito,3,3,yield_5y,2,0.00845520976146022
drop_fiscal__expectativas__eua__credito,3,3,yield_5y,3,0.011067075059464797
drop_fiscal__expectativas__eua__credito,3,3,yield_5y,4,0.01006795933915812
drop_fiscal__expectativas__eua__credito,3,3,yield_5y,5,0.008562031028693108
drop_fiscal__expectativas__eua__credito,3,3,yield_5y,6,0.009662886929957462
drop_fiscal__expectativas__eua__credito,3,3,asset_ibov,0,-4.713984132406605
drop_fiscal__expectativas__eua__credito,3,3,asset_ibov,1,-11.972772037995638
drop_fiscal__expectativas__eua__credito,3,3,asset_ibov,2,-13.214284870404066
drop_fiscal__expectativas__eua__credito,3,3,asset_ibov,3,-17.735270811083414
drop_fiscal__expectativas__eua__credito,3,3,asset_ibov,4,-22.57823103844549
drop_fiscal__expectativas__eua__credito,3,3,asset_ibov,5,-26.32026070684236
drop_fiscal__expectativas__eua__credito,3,3,asset_ibov,6,-30.598554318271198
drop_fiscal__expectativas__eua__credito,3,3,cambio_usd,0,0.15171500318915837
drop_fiscal__expectativas__eua__credito,3,3,cambio_usd,1,0.1888169618556596
drop_fiscal__expectativas__eua__credito,3,3,cambio_usd,2,0.12030926371109488
drop_fiscal__expectativas__eua__credito,3,3,cambio_usd,3,0.16721765347941964
drop_fiscal__expectativas__eua__credito,3,3,cambio_usd,4,0.1515997497918776
drop_fiscal__expectativas__eua__credito,3,3,cambio_usd,5,0.12448878542818814
drop_fiscal__expectativas__eua__credito,3,3,cambio_usd,6,0.14057389361136838
drop_fiscal__expectativas__eua__credito__imoveis,3,3,yield_6m,0,0.005
drop_fiscal__expectativas__eua__credito__imoveis,3,3,yield_6m,1,0.005098052026602673
drop_fiscal__expectativas__eua__credito__imoveis,3,3,yield_6m,2,0.004620777683842691
drop_fiscal__expectativas__eua__credito__imoveis,3,3,yield_6m,3,0.005322322068935422
drop_fiscal__expectativas__eua__credito__imoveis,3,3,yield_6m,4,0.004534065488068628
drop_fiscal__expectativas__eua__credito__imoveis,3,3,yield_6m,5,0.0037054490346850977
drop_fiscal__expectativas__eua__credito__imoveis,3,3,yield_6m,6,0.004128108029157032
drop_fiscal__expectativas__eua__credito__imoveis,3,3,yield_2y,0,0.008810005241038973
drop_fiscal__expectativas__eua__credito__imoveis,3,3,yield_2y,1,0.009912689316095938
drop_fiscal__expectativas__eua__credito__imoveis,3,3,yield_2y,2,0.007528509558859456
drop_fiscal__expectativas__eua__credito__imoveis,3,3,yield_2y,3,0.009484370308952285
drop_fiscal__expectativas__eua__credito__imoveis,3,3,yield_2y,4,0.008461030734185892
drop_fiscal__expectativas__eua__credito__imoveis,3,3,yield_2y,5,0.006840839908715054
drop_fiscal__expectativas__eua__credito__imoveis,3,3,yield_2y,6,0.007604288446677471
drop_fiscal__expectativas__eua__credito__imoveis,3,3,yield_5y,0,0.010952591931064138
drop_fiscal__expectativas__eua__credito__imoveis,3,3,yield_5y,1,0.012283320192509457
drop_fiscal__expectativas__eua__credito__imoveis,3,3,yield_5y,2,0.008840112565627879
drop_fiscal__expectativas__eua__credito__imoveis,3,3,yield_5y,3,0.01156384930926984
drop_fiscal__expectativas__eua__credito__imoveis,3,3,yield_5y,4,0.010615004546727069
drop_fiscal__expectativas__eua__credito__imoveis,3,3,yield_5y,5,0.008700799988599843
drop_fiscal__expectativas__eua__credito__imoveis,3,3,yield_5y,6,0.009671563533865384
drop_fiscal__expectativas__eua__credito__imoveis,3,3,asset_ibov,0,-5.339952906924483
drop_fiscal__expectativas__eua__credito__imoveis,3,3,asset_ibov,1,-13.461428501415163
drop_fiscal__expectativas__eua__credito__imoveis,3,3,asset_ibov,2,-15.585910384320457
drop_fiscal__expectativas__eua__credito__imoveis,3,3,asset_ibov,3,-21.150408164310985
drop_fiscal__expectativas__eua__credito__imoveis,3,3,asset_ibov,4,-27.574732672309498
drop_fiscal__expectativas__eua__credito__imoveis,3,3,asset_ibov,5,-32.83132126835072
drop_fiscal__expectativas__eua__credito__imoveis,3,3,asset_ibov,6,-38.636191503951885
drop_fiscal__expectativas__eua__credito__imoveis,3,3,cambio_usd,0,0.16189632309694685
drop_fiscal__expectativas__eua__credito__imoveis,3,3,cambio_usd,1,0.2005973336055083
drop_fiscal__expectativas__eua__credito__imoveis,3,3,cambio_usd,2,0.13131014361298468
drop_fiscal__expectativas__eua__credito__imoveis,3,3,cambio_usd,3,0.17848776784473802
drop_fiscal__expectativas__eua__credito__imoveis,3,3,cambio_usd,4,0.16374716509279555
drop_fiscal__expectativas__eua__credito__imoveis,3,3,cambio_usd,5,0.12992423568207792
drop_fiscal__expectativas__eua__credito__imoveis,3,3,cambio_usd,6,0.14411414614492782
drop_fiscal__expectativas__eua__imoveis,3,3,yield_6m,0,0.005
drop_fiscal__expectativas__eua__imoveis,3,3,yield_6m,1,0.005062412758106974
drop_fiscal__expectativas__eua__imoveis,3,3,yield_6m,2,0.004322359048710721
drop_fiscal__expectativas__eua__imoveis,3,3,yield_6m,3,0.00498687676560487
drop_fiscal__expectativas__eua__imoveis,3,3,yield_6m,4,0.004269509167562531
drop_fiscal__expectativas__eua__imoveis,3,3,yield_6m,5,0.0035300233032911446
drop_fiscal__expectativas__eua__imoveis,3,3,yield_6m,6,0.003927509831543178
drop_fiscal__expectativas__eua__imoveis,3,3,yield_2y,0,0.008887404263630466
drop_fiscal__expectativas__eua__imoveis,3,3,yield_2y,1,0.009898672229962564
drop_fiscal__expectativas__eua__imoveis,3,3,yield_2y,2,0.007219413213309417
drop_fiscal__expectativas__eua__imoveis,3,3,yield_2y,3,0.009036008210178813
drop_fiscal__expectativas__eua__imoveis,3,3,yield_2y,4,0.008086767783522731
drop_fiscal__expectativas__eua__imoveis,3,3,yield_2y,5,0.00659502416108929
drop_fiscal__expectativas__eua__imoveis,3,3,yield_2y,6,0.007345750866545927
drop_fiscal__expectativas__eua__imoveis,3,3,yield_5y,0,0.011027503092208537
drop_fiscal__expectativas__eua__imoveis,3,3,yield_5y,1,0.012302333371960633
drop_fiscal__expectativas__eua__imoveis,3,3,yield_5y,2,0.008637622696423921
drop_fiscal__expectativas__eua__imoveis,3,3,yield_5y,3,0.011153378524770921
drop_fiscal__expectativas__eua__imoveis,3,3,yield_5y,4,0.010260837292824912
drop_fiscal__expectativas__eua__imoveis,3,3,yield_5y,5,0.008476899763480018
drop_fiscal__expectativas__eua__imoveis,3,3,yield_5y,6,0.009437198927207676
drop_fiscal__expectativas__eua__imoveis,3,3,asset_ibov,0,-5.6556326844307625
drop_fiscal__expectativas__eua__imoveis,3,3,asset_ibov,1,-14.034430472885479
drop_fiscal__expectativas__eua__imoveis,3,3,asset_ibov,2,-16.65169291117713
drop_fiscal__expectativas__eua__imoveis,3,3,asset_ibov,3,-22.616716219669485
drop_fiscal__expectativas__eua__imoveis,3,3,asset_ibov,4,-29.5434227493664
drop_fiscal__expectativas__eua__imoveis,3,3,asset_ibov,5,-35.31878830293738
drop_fiscal__expectativas__eua__imoveis,3,3,asset_ibov,6,-41.75532383741912
drop_fiscal__expectativas__eua__imoveis,3,3,cambio_usd,0,0.16597300270672505
drop_fiscal__expectativas__eua__imoveis,3,3,cambio_usd,1,0.20164696426939402
drop_fiscal__expectativas__eua__imoveis,3,3,cambio_usd,2,0.1291663642556334
drop_fiscal__expectativas__eua__imoveis,3,3,cambio_usd,3,0.17255483585728876
drop_fiscal__expectativas__eua__imoveis,3,3,cambio_usd,4,0.15822535793908488
drop_fiscal__expectativas__eua__imoveis,3,3,cambio_usd,5,0.12637662118269602
drop_fiscal__expectativas__eua__imoveis,3,3,cambio_usd,6,0.1409527644061076
drop_fiscal__expectativas__imoveis,4,1,yield_6m,0,0.005
drop_fiscal__expectativas__imoveis,4,1,yield_6m,1,0.00511130570468905
drop_fiscal__expectativas__imoveis,4,1,yield_6m,2,0.0034903041779483605
drop_fiscal__expectativas__imoveis,4,1,yield_6m,3,0.004212121236553381
drop_fiscal__expectativas__imoveis,4,1,yield_6m,4,0.0023425002575838154
drop_fiscal__expectativas__imoveis,4,1,yield_6m,5,6.587479892040521e-4
drop_fiscal__expectativas__imoveis,4,1,yield_6m,6,0.0014095952511380503
drop_fiscal__expectativas__imoveis,4,1,yield_2y,0,0.009693183204262714
drop_fiscal__expectativas__imoveis,4,1,yield_2y,1,0.0102445084983644
drop_fiscal__expectativas__imoveis,4,1,yield_2y,2,0.0061374141894905854
drop_fiscal__expectativas__imoveis,4,1,yield_2y,3,0.007547699851298486
drop_fiscal__expectativas__imoveis,4,1,yield_2y,4,0.004955515734081034
drop_fiscal__expectativas__imoveis,4,1,yield_2y,5,0.0014923350523467552
drop_fiscal__expectativas__imoveis,4,1,yield_2y,6,0.0026344847576502306
drop_fiscal__expectativas__imoveis,4,1,yield_5y,0,0.012459735143619755
drop_fiscal__expectativas__imoveis,4,1,yield_5y,1,0.012902115570591649
drop_fiscal__expectativas__imoveis,4,1,yield_5y,2,0.007401044631519879
drop_fiscal__expectativas__imoveis,4,1,yield_5y,3,0.009304286406123134
drop_fiscal__expectativas__imoveis,4,1,yield_5y,4,0.00663390101302677
drop_fiscal__expectativas__imoveis,4,1,yield_5y,5,0.00230272471192831
drop_fiscal__expectativas__imoveis,4,1,yield_5y,6,0.0035668762899274
drop_fiscal__expectativas__imoveis,4,1,asset_ibov,0,-10.564241064049044
drop_fiscal__expectativas__imoveis,4,1,asset_ibov,1,-22.088133182852793
drop_fiscal__expectativas__imoveis,4,1,asset_ibov,2,-27.09116109300263
drop_fiscal__expectativas__imoveis,4,1,asset_ibov,3,-34.30793126061985
drop_fiscal__expectativas__imoveis,4,1,asset_ibov,4,-42.11149086948271
drop_fiscal__expectativas__imoveis,4,1,asset_ibov,5,-46.65327158172505
drop_fiscal__expectativas__imoveis,4,1,asset_ibov,6,-52.497711906502175
drop_fiscal__expectativas__imoveis,4,1,cambio_usd,0,0.19412569460348217
drop_fiscal__expectativas__imoveis,4,1,cambio_usd,1,0.2138708743915479
drop_fiscal__expectativas__imoveis,4,1,cambio_usd,2,0.1175263430186091
drop_fiscal__expectativas__imoveis,4,1,cambio_usd,3,0.14578007752389094
drop_fiscal__expectativas__imoveis,4,1,cambio_usd,4,0.10540321430630117
drop_fiscal__expectativas__imoveis,4,1,cambio_usd,5,0.032415662133330504
drop_fiscal__expectativas__imoveis,4,1,cambio_usd,6,0.05342382908280854
drop_fiscal__imoveis,4,2,yield_6m,0,0.005
drop_fiscal__imoveis,4,2,yield_6m,1,0.0050767281476924745
drop_fiscal__imoveis,4,2,yield_6m,2,0.0037228900681227062
drop_fiscal__imoveis,4,2,yield_6m,3,0.004851409421228539
drop_fiscal__imoveis,4,2,yield_6m,4,0.002707266169319319
drop_fiscal__imoveis,4,2,yield_6m,5,9.562769209942543e-4
drop_fiscal__imoveis,4,2,yield_6m,6,0.001691713461088302
drop_fiscal__imoveis,4,2,yield_2y,0,0.009582507728221926
drop_fiscal__imoveis,4,2,yield_2y,1,0.010212300763530975
drop_fiscal__imoveis,4,2,yield_2y,2,0.00650076546913781
drop_fiscal__imoveis,4,2,yield_2y,3,0.008399788025422128
drop_fiscal__imoveis,4,2,yield_2y,4,0.0055104648861826555
drop_fiscal__imoveis,4,2,yield_2y,5,0.0019535496131313475
drop_fiscal__imoveis,4,2,yield_2y,6,0.002916600950103269
drop_fiscal__imoveis,4,2,yield_5y,0,0.012283653291955781
drop_fiscal__imoveis,4,2,yield_5y,1,0.012815992722735306
drop_fiscal__imoveis,4,2,yield_5y,2,0.007707959875545784
drop_fiscal__imoveis,4,2,yield_5y,3,0.010022688767654473
drop_fiscal__imoveis,4,2,yield_5y,4,0.007291788377739687
drop_fiscal__imoveis,4,2,yield_5y,5,0.002934506633983823
drop_fiscal__imoveis,4,2,yield_5y,6,0.0038629075042977924
drop_fiscal__imoveis,4,2,asset_ibov,0,-10.086949274213397
drop_fiscal__imoveis,4,2,asset_ibov,1,-20.880019852302738
drop_fiscal__imoveis,4,2,asset_ibov,2,-24.872905627017833
drop_fiscal__imoveis,4,2,asset_ibov,3,-32.02456780451028
drop_fiscal__imoveis,4,2,asset_ibov,4,-39.37477541893788
drop_fiscal__imoveis,4,2,asset_ibov,5,-43.59244500738737
drop_fiscal__imoveis,4,2,asset_ibov,6,-49.811527877906556
drop_fiscal__imoveis,4,2,cambio_usd,0,0.18708898201278826
drop_fiscal__imoveis,4,2,cambio_usd,1,0.20902135926558185
drop_fiscal__imoveis,4,2,cambio_usd,2,0.11345768694147068
drop_fiscal__imoveis,4,2,cambio_usd,3,0.13765162090796781
drop_fiscal__imoveis,4,2,cambio_usd,4,0.11299763271659416
drop_fiscal__imoveis,4,2,cambio_usd,5,0.038160578716904224
drop_fiscal__imoveis,4,2,cambio_usd,6,0.0376649516696541
drop_fiscal__setor_externo,5,2,yield_6m,0,0.005
drop_fiscal__setor_externo,5,2,yield_6m,1,0.007373077359618741
drop_fiscal__setor_externo,5,2,yield_6m,2,0.0062398091099967155
drop_fiscal__setor_externo,5,2,yield_6m,3,0.007360985954464643
drop_fiscal__setor_externo,5,2,yield_6m,4,0.005314978893089762
drop_fiscal__setor_externo,5,2,yield_6m,5,0.002245541248095666
drop_fiscal__setor_externo,5,2,yield_6m,6,0.0029300444628739494
drop_fiscal__setor_externo,5,2,yield_2y,0,0.012772951872600349
drop_fiscal__setor_externo,5,2,yield_2y,1,0.015762547566082516
drop_fiscal__setor_externo,5,2,yield_2y,2,0.010918378542808747
drop_fiscal__setor_externo,5,2,yield_2y,3,0.013628563760149589
drop_fiscal__setor_externo,5,2,yield_2y,4,0.01044359823634172
drop_fiscal__setor_externo,5,2,yield_2y,5,0.003995955330991323
drop_fiscal__setor_externo,5,2,yield_2y,6,0.005122285323187004
drop_fiscal__setor_externo,5,2,yield_5y,0,0.018607112514215773
drop_fiscal__setor_externo,5,2,yield_5y,1,0.020370840277811143
drop_fiscal__setor_externo,5,2,yield_5y,2,0.012907677204836154
drop_fiscal__setor_externo,5,2,yield_5y,3,0.016873222048767816
drop_fiscal__setor_externo,5,2,yield_5y,4,0.013224966354326292
drop_fiscal__setor_externo,5,2,yield_5y,5,0.005080627872400031
drop_fiscal__setor_externo,5,2,yield_5y,6,0.006513747418644557
drop_fiscal__setor_externo,5,2,asset_ibov,0,-16.360083266742024
drop_fiscal__setor_externo,5,2,asset_ibov,1,-33.3251529956009
drop_fiscal__setor_externo,5,2,asset_ibov,2,-38.51557749108079
drop_fiscal__setor_externo,5,2,asset_ibov,3,-49.526811705688154
drop_fiscal__setor_externo,5,2,asset_ibov,4,-58.89444119707795
drop_fiscal__setor_externo,5,2,asset_ibov,5,-61.6516842496443
drop_fiscal__setor_externo,5,2,asset_ibov,6,-68.94087354370477
drop_fiscal__setor_externo,5,2,cambio_usd,0,0.3020494203627836
drop_fiscal__setor_externo,5,2,cambio_usd,1,0.34970209020341947
drop_fiscal__setor_externo,5,2,cambio_usd,2,0.20998637050298094
drop_fiscal__setor_externo,5,2,cambio_usd,3,0.2562049878015464
drop_fiscal__setor_externo,5,2,cambio_usd,4,0.23424083332139603
drop_fiscal__setor_externo,5,2,cambio_usd,5,0.09598146054502386
drop_fiscal__setor_externo,5,2,cambio_usd,6,0.08879516520650946
drop_fiscal__setor_externo__credito,4,3,yield_6m,0,0.005
drop_fiscal__setor_externo__credito,4,3,yield_6m,1,0.005039265730113738
drop_fiscal__setor_externo__credito,4,3,yield_6m,2,0.004252757153117245
drop_fiscal__setor_externo__credito,4,3,yield_6m,3,0.004636606602008499
drop_fiscal__setor_externo__credito,4,3,yield_6m,4,0.002815346595891348
drop_fiscal__setor_externo__credito,4,3,yield_6m,5,0.0010953196252771657
drop_fiscal__setor_externo__credito,4,3,yield_6m,6,5.902588756845696e-4
drop_fiscal__setor_externo__credito,4,3,yield_2y,0,0.00927579260649072
drop_fiscal__setor_externo__credito,4,3,yield_2y,1,0.010199627504658866
drop_fiscal__setor_externo__credito,4,3,yield_2y,2,0.00763676970368102
drop_fiscal__setor_externo__credito,4,3,yield_2y,3,0.00874626106342061
drop_fiscal__setor_externo__credito,4,3,yield_2y,4,0.005988871167690197
drop_fiscal__setor_externo__credito,4,3,yield_2y,5,0.002788290723940759
drop_fiscal__setor_externo__credito,4,3,yield_2y,6,0.0016832640070588898
drop_fiscal__setor_externo__credito,4,3,yield_5y,0,0.011624568990825961
drop_fiscal__setor_externo__credito,4,3,yield_5y,1,0.012804976469847643
drop_fiscal__setor_externo__credito,4,3,yield_5y,2,0.00906196752032879
drop_fiscal__setor_externo__credito,4,3,yield_5y,3,0.010698155096634522
drop_fiscal__setor_externo__credito,4,3,yield_5y,4,0.007745133036904941
drop_fiscal__setor_externo__credito,4,3,yield_5y,5,0.003965266616681646
drop_fiscal__setor_externo__credito,4,3,yield_5y,6,0.002618566886055143
drop_fiscal__setor_externo__credito,4,3,asset_ibov,0,-10.950769629656053
drop_fiscal__setor_externo__credito,4,3,asset_ibov,1,-22.37596361470909
drop_fiscal__setor_externo__credito,4,3,asset_ibov,2,-26.465352322319585
drop_fiscal__setor_externo__credito,4,3,asset_ibov,3,-33.80569387679818
drop_fiscal__setor_externo__credito,4,3,asset_ibov,4,-38.909140552275765
drop_fiscal__setor_externo__credito,4,3,asset_ibov,5,-41.279818553166514
drop_fiscal__setor_externo__credito,4,3,asset_ibov,6,-44.538035659770934
drop_fiscal__setor_externo__credito,4,3,cambio_usd,0,0.15407488694853264
drop_fiscal__setor_externo__credito,4,3,cambio_usd,1,0.2027187828854241
drop_fiscal__setor_externo__credito,4,3,cambio_usd,2,0.14476528434708275
drop_fiscal__setor_externo__credito,4,3,cambio_usd,3,0.16673030525484295
drop_fiscal__setor_externo__credito,4,3,cambio_usd,4,0.13968911171445142
drop_fiscal__setor_externo__credito,4,3,cambio_usd,5,0.08141820849018547
drop_fiscal__setor_externo__credito,4,3,cambio_usd,6,0.04407318601355776
drop_fiscal__setor_externo__credito__imoveis,4,1,yield_6m,0,0.005
drop_fiscal__setor_externo__credito__imoveis,4,1,yield_6m,1,0.005475764551917554
drop_fiscal__setor_externo__credito__imoveis,4,1,yield_6m,2,0.0038381609057145916
drop_fiscal__setor_externo__credito__imoveis,4,1,yield_6m,3,0.0051742957073316765
drop_fiscal__setor_externo__credito__imoveis,4,1,yield_6m,4,0.0029900753672418875
drop_fiscal__setor_externo__credito__imoveis,4,1,yield_6m,5,0.0013151635147328716
drop_fiscal__setor_externo__credito__imoveis,4,1,yield_6m,6,0.0018165159860899214
drop_fiscal__setor_externo__credito__imoveis,4,1,yield_2y,0,0.010523395531915478
drop_fiscal__setor_externo__credito__imoveis,4,1,yield_2y,1,0.011306175604618447
drop_fiscal__setor_externo__credito__imoveis,4,1,yield_2y,2,0.007077797051661406
drop_fiscal__setor_externo__credito__imoveis,4,1,yield_2y,3,0.009390081131883967
drop_fiscal__setor_externo__credito__imoveis,4,1,yield_2y,4,0.0063183927760703485
drop_fiscal__setor_externo__credito__imoveis,4,1,yield_2y,5,0.002625177538068673
drop_fiscal__setor_externo__credito__imoveis,4,1,yield_2y,6,0.003389616224696481
drop_fiscal__setor_externo__credito__imoveis,4,1,yield_5y,0,0.013752696606727855
drop_fiscal__setor_externo__credito__imoveis,4,1,yield_5y,1,0.014160789032435107
drop_fiscal__setor_externo__credito__imoveis,4,1,yield_5y,2,0.008319620754483226
drop_fiscal__setor_externo__credito__imoveis,4,1,yield_5y,3,0.011192546314342003
drop_fiscal__setor_externo__credito__imoveis,4,1,yield_5y,4,0.0081272106253876715
drop_fiscal__setor_externo__credito__imoveis,4,1,yield_5y,5,0.0034746560902025503
drop_fiscal__setor_externo__credito__imoveis,4,1,yield_5y,6,0.0043559012405238896
drop_fiscal__setor_externo__credito__imoveis,4,1,asset_ibov,0,-12.785429066178015
drop_fiscal__setor_externo__credito__imoveis,4,1,asset_ibov,1,-22.32374718864169
drop_fiscal__setor_externo__credito__imoveis,4,1,asset_ibov,2,-23.566281732876845
drop_fiscal__setor_externo__credito__imoveis,4,1,asset_ibov,3,-28.579347623642626
drop_fiscal__setor_externo__credito__imoveis,4,1,asset_ibov,4,-32.63893864833707
drop_fiscal__setor_externo__credito__imoveis,4,1,asset_ibov,5,-33.025781492796455
drop_fiscal__setor_externo__credito__imoveis,4,1,asset_ibov,6,-36.572995726208674
drop_fiscal__setor_externo__credito__imoveis,4,1,cambio_usd,0,0.2221372305316512
drop_fiscal__setor_externo__credito__imoveis,4,1,cambio_usd,1,0.2478029133200244
drop_fiscal__setor_externo__credito__imoveis,4,1,cambio_usd,2,0.1488168949685289
drop_fiscal__setor_externo__credito__imoveis,4,1,cambio_usd,3,0.17657870191102024
drop_fiscal__setor_externo__credito__imoveis,4,1,cambio_usd,4,0.1514496936293051
drop_fiscal__setor_externo__credito__imoveis,4,1,cambio_usd,5,0.066098964839051
drop_fiscal__setor_externo__credito__imoveis,4,1,cambio_usd,6,0.06107340506380637
drop_fiscal__setor_externo__eua,4,3,yield_6m,0,0.005
drop_fiscal__setor_externo__eua,4,3,yield_6m,1,0.006286051912098256
drop_fiscal__setor_externo__eua,4,3,yield_6m,2,0.00709266516263488
drop_fiscal__setor_externo__eua,4,3,yield_6m,3,0.008434717867991732
drop_fiscal__setor_externo__eua,4,3,yield_6m,4,0.008144564183958033
drop_fiscal__setor_externo__eua,4,3,yield_6m,5,0.008102047559281395
drop_fiscal__setor_externo__eua,4,3,yield_6m,6,0.008705555093308939
drop_fiscal__setor_externo__eua,4,3,yield_2y,0,0.00903662080750927
drop_fiscal__setor_externo__eua,4,3,yield_2y,1,0.011838959311964612
drop_fiscal__setor_externo__eua,4,3,yield_2y,2,0.011074738016175185
drop_fiscal__setor_externo__eua,4,3,yield_2y,3,0.01334679042160497
drop_fiscal__setor_externo__eua,4,3,yield_2y,4,0.012928087055252948
drop_fiscal__setor_externo__eua,4,3,yield_2y,5,0.012558896504975672
drop_fiscal__setor_externo__eua,4,3,yield_2y,6,0.012713503589819373
drop_fiscal__setor_externo__eua,4,3,yield_5y,0,0.01109328708618536
drop_fiscal__setor_externo__eua,4,3,yield_5y,1,0.014124576763126413
drop_fiscal__setor_externo__eua,4,3,yield_5y,2,0.012150863809072905
drop_fiscal__setor_externo__eua,4,3,yield_5y,3,0.014536003424315973
drop_fiscal__setor_externo__eua,4,3,yield_5y,4,0.01420038987302453
drop_fiscal__setor_externo__eua,4,3,yield_5y,5,0.013597069286725437
drop_fiscal__setor_externo__eua,4,3,yield_5y,6,0.01323645969384147
drop_fiscal__setor_externo__eua,4,3,asset_ibov,0,-3.795163248224735
drop_fiscal__setor_externo__eua,4,3,asset_ibov,1,-12.526181620256727
drop_fiscal__setor_externo__eua,4,3,asset_ibov,2,-16.375043251703882
drop_fiscal__setor_externo__eua,4,3,asset_ibov,3,-23.16556057634022
drop_fiscal__setor_externo__eua,4,3,asset_ibov,4,-30.543011834876825
drop_fiscal__setor_externo__eua,4,3,asset_ibov,5,-38.07570980214815
drop_fiscal__setor_externo__eua,4,3,asset_ibov,6,-44.513931230141516
drop_fiscal__setor_externo__eua,4,3,cambio_usd,0,0.17141609696122448
drop_fiscal__setor_externo__eua,4,3,cambio_usd,1,0.232423127758377
drop_fiscal__setor_externo__eua,4,3,cambio_usd,2,0.17344080223687958
drop_fiscal__setor_externo__eua,4,3,cambio_usd,3,0.21173524066752245
drop_fiscal__setor_externo__eua,4,3,cambio_usd,4,0.20516630174717967
drop_fiscal__setor_externo__eua,4,3,cambio_usd,5,0.191437617274147
drop_fiscal__setor_externo__eua,4,3,cambio_usd,6,0.1750620784159843
drop_fiscal__setor_externo__eua__credito,5,2,yield_6m,0,0.005
drop_fiscal__setor_externo__eua__credito,5,2,yield_6m,1,0.0052049973385024165
drop_fiscal__setor_externo__eua__credito,5,2,yield_6m,2,0.0027672042861493526
drop_fiscal__setor_externo__eua__credito,5,2,yield_6m,3,0.005315793194085442
drop_fiscal__setor_externo__eua__credito,5,2,yield_6m,4,0.0026411054284856544
drop_fiscal__setor_externo__eua__credito,5,2,yield_6m,5,-7.823560422733253e-5
drop_fiscal__setor_externo__eua__credito,5,2,yield_6m,6,0.001076820060170535
drop_fiscal__setor_externo__eua__credito,5,2,yield_2y,0,0.012232170909005283
drop_fiscal__setor_externo__eua__credito,5,2,yield_2y,1,0.013971720222041168
drop_fiscal__setor_externo__eua__credito,5,2,yield_2y,2,0.008643876368987915
drop_fiscal__setor_externo__eua__credito,5,2,yield_2y,3,0.012646054734170926
drop_fiscal__setor_externo__eua__credito,5,2,yield_2y,4,0.008924803513432613
drop_fiscal__setor_externo__eua__credito,5,2,yield_2y,5,0.0026502390161282736
drop_fiscal__setor_externo__eua__credito,5,2,yield_2y,6,0.004039823494611908
drop_fiscal__setor_externo__eua__credito,5,2,yield_5y,0,0.01741096377802018
drop_fiscal__setor_externo__eua__credito,5,2,yield_5y,1,0.01938370249616334
drop_fiscal__setor_externo__eua__credito,5,2,yield_5y,2,0.01257138857472207
drop_fiscal__setor_externo__eua__credito,5,2,yield_5y,3,0.017175686617110865
drop_fiscal__setor_externo__eua__credito,5,2,yield_5y,4,0.01335922647491717
drop_fiscal__setor_externo__eua__credito,5,2,yield_5y,5,0.0052736511093035565
drop_fiscal__setor_externo__eua__credito,5,2,yield_5y,6,0.006603571274747473
drop_fiscal__setor_externo__eua__credito,5,2,asset_ibov,0,-14.475789391208775
drop_fiscal__setor_externo__eua__credito,5,2,asset_ibov,1,-30.391058484897858
drop_fiscal__setor_externo__eua__credito,5,2,asset_ibov,2,-35.458734435681315
drop_fiscal__setor_externo__eua__credito,5,2,asset_ibov,3,-46.35709959820846
drop_fiscal__setor_externo__eua__credito,5,2,asset_ibov,4,-56.2954576062012
drop_fiscal__setor_externo__eua__credito,5,2,asset_ibov,5,-59.12264750595626
drop_fiscal__setor_externo__eua__credito,5,2,asset_ibov,6,-66.76738682931592
drop_fiscal__setor_externo__eua__credito,5,2,cambio_usd,0,0.29861567918268356
drop_fiscal__setor_externo__eua__credito,5,2,cambio_usd,1,0.37216766418597735
drop_fiscal__setor_externo__eua__credito,5,2,cambio_usd,2,0.27772010758713844
drop_fiscal__setor_externo__eua__credito,5,2,cambio_usd,3,0.3210949678762692
drop_fiscal__setor_externo__eua__credito,5,2,cambio_usd,4,0.2757441870024768
drop_fiscal__setor_externo__eua__credito,5,2,cambio_usd,5,0.130529929079261
drop_fiscal__setor_externo__eua__credito,5,2,cambio_usd,6,0.12128593431349688
drop_fiscal__setor_externo__eua__credito__imoveis,5,2,yield_6m,0,0.005
drop_fiscal__setor_externo__eua__credito__imoveis,5,2,yield_6m,1,0.0041701171786135
drop_fiscal__setor_externo__eua__credito__imoveis,5,2,yield_6m,2,0.001987383933958962
drop_fiscal__setor_externo__eua__credito__imoveis,5,2,yield_6m,3,0.0044468318092919295
drop_fiscal__setor_externo__eua__credito__imoveis,5,2,yield_6m,4,0.0014644406798732465
drop_fiscal__setor_externo__eua__credito__imoveis,5,2,yield_6m,5,-3.122967380348182e-4
drop_fiscal__setor_externo__eua__credito__imoveis,5,2,yield_6m,6,6.638531992189746e-4
drop_fiscal__setor_externo__eua__credito__imoveis,5,2,yield_2y,0,0.011667789195236596
drop_fiscal__setor_externo__eua__credito__imoveis,5,2,yield_2y,1,0.012002383519383947
drop_fiscal__setor_externo__eua__credito__imoveis,5,2,yield_2y,2,0.007168586636622264
drop_fiscal__setor_externo__eua__credito__imoveis,5,2,yield_2y,3,0.010805534111051332
drop_fiscal__setor_externo__eua__credito__imoveis,5,2,yield_2y,4,0.007176465474537413
drop_fiscal__setor_externo__eua__credito__imoveis,5,2,yield_2y,5,0.0027960609860803315
drop_fiscal__setor_externo__eua__credito__imoveis,5,2,yield_2y,6,0.004052168731519132
drop_fiscal__setor_externo__eua__credito__imoveis,5,2,yield_5y,0,0.015894518084573272
drop_fiscal__setor_externo__eua__credito__imoveis,5,2,yield_5y,1,0.016207695215799477
drop_fiscal__setor_externo__eua__credito__imoveis,5,2,yield_5y,2,0.009750611487052729
drop_fiscal__setor_externo__eua__credito__imoveis,5,2,yield_5y,3,0.014057851337288001
drop_fiscal__setor_externo__eua__credito__imoveis,5,2,yield_5y,4,0.010681690848935457
drop_fiscal__setor_externo__eua__credito__imoveis,5,2,yield_5y,5,0.004902811268652379
drop_fiscal__setor_externo__eua__credito__imoveis,5,2,yield_5y,6,0.006291515322728133
drop_fiscal__setor_externo__eua__credito__imoveis,5,2,asset_ibov,0,-11.647021268615324
drop_fiscal__setor_externo__eua__credito__imoveis,5,2,asset_ibov,1,-18.242478219183543
drop_fiscal__setor_externo__eua__credito__imoveis,5,2,asset_ibov,2,-14.372538095736243
drop_fiscal__setor_externo__eua__credito__imoveis,5,2,asset_ibov,3,-17.881760433369873
drop_fiscal__setor_externo__eua__credito__imoveis,5,2,asset_ibov,4,-20.30897469875254
drop_fiscal__setor_externo__eua__credito__imoveis,5,2,asset_ibov,5,-17.020429428825793
drop_fiscal__setor_externo__eua__credito__imoveis,5,2,asset_ibov,6,-19.471859047804095
drop_fiscal__setor_externo__eua__credito__imoveis,5,2,cambio_usd,0,0.2939642300633069
drop_fiscal__setor_externo__eua__credito__imoveis,5,2,cambio_usd,1,0.40038337638829485
drop_fiscal__setor_externo__eua__credito__imoveis,5,2,cambio_usd,2,0.3232895528354428
drop_fiscal__setor_externo__eua__credito__imoveis,5,2,cambio_usd,3,0.3322923342446837
drop_fiscal__setor_externo__eua__credito__imoveis,5,2,cambio_usd,4,0.31644130736899395
drop_fiscal__setor_externo__eua__credito__imoveis,5,2,cambio_usd,5,0.21299730108457798
drop_fiscal__setor_externo__eua__credito__imoveis,5,2,cambio_usd,6,0.19485078070604833
drop_fiscal__setor_externo__eua__imoveis,5,2,yield_6m,0,0.005
drop_fiscal__setor_externo__eua__imoveis,5,2,yield_6m,1,0.008619283488710858
drop_fiscal__setor_externo__eua__imoveis,5,2,yield_6m,2,0.008072030773277986
drop_fiscal__setor_externo__eua__imoveis,5,2,yield_6m,3,0.008869280920138447
drop_fiscal__setor_externo__eua__imoveis,5,2,yield_6m,4,0.0070616534983667266
drop_fiscal__setor_externo__eua__imoveis,5,2,yield_6m,5,0.004449549297607246
drop_fiscal__setor_externo__eua__imoveis,5,2,yield_6m,6,0.005442523779245512
drop_fiscal__setor_externo__eua__imoveis,5,2,yield_2y,0,0.012218852379532137
drop_fiscal__setor_externo__eua__imoveis,5,2,yield_2y,1,0.016518425769008586
drop_fiscal__setor_externo__eua__imoveis,5,2,yield_2y,2,0.012135979519937293
drop_fiscal__setor_externo__eua__imoveis,5,2,yield_2y,3,0.014099356096628188
drop_fiscal__setor_externo__eua__imoveis,5,2,yield_2y,4,0.011602653279656408
drop_fiscal__setor_externo__eua__imoveis,5,2,yield_2y,5,0.005646828413677969
drop_fiscal__setor_externo__eua__imoveis,5,2,yield_2y,6,0.007490313911766835
drop_fiscal__setor_externo__eua__imoveis,5,2,yield_5y,0,0.01760360732940513
drop_fiscal__setor_externo__eua__imoveis,5,2,yield_5y,1,0.019762261270563772
drop_fiscal__setor_externo__eua__imoveis,5,2,yield_5y,2,0.01223456913188898
drop_fiscal__setor_externo__eua__imoveis,5,2,yield_5y,3,0.015329475834251654
drop_fiscal__setor_externo__eua__imoveis,5,2,yield_5y,4,0.012652899663603586
drop_fiscal__setor_externo__eua__imoveis,5,2,yield_5y,5,0.00488162985698971
drop_fiscal__setor_externo__eua__imoveis,5,2,yield_5y,6,0.007388175408386131
drop_fiscal__setor_externo__eua__imoveis,5,2,asset_ibov,0,-17.174786221144604
drop_fiscal__setor_externo__eua__imoveis,5,2,asset_ibov,1,-31.947646509539073
drop_fiscal__setor_externo__eua__imoveis,5,2,asset_ibov,2,-34.925787646162085
drop_fiscal__setor_externo__eua__imoveis,5,2,asset_ibov,3,-42.58424203809651
drop_fiscal__setor_externo__eua__imoveis,5,2,asset_ibov,4,-49.311654823937864
drop_fiscal__setor_externo__eua__imoveis,5,2,asset_ibov,5,-49.26842637321445
drop_fiscal__setor_externo__eua__imoveis,5,2,asset_ibov,6,-54.16041654148414
drop_fiscal__setor_externo__eua__imoveis,5,2,cambio_usd,0,0.2819884636789139
drop_fiscal__setor_externo__eua__imoveis,5,2,cambio_usd,1,0.3322644280024752
drop_fiscal__setor_externo__eua__imoveis,5,2,cambio_usd,2,0.18964850914201314
drop_fiscal__setor_externo__eua__imoveis,5,2,cambio_usd,3,0.22772007565080887
drop_fiscal__setor_externo__eua__imoveis,5,2,cambio_usd,4,0.20588288142336544
drop_fiscal__setor_externo__eua__imoveis,5,2,cambio_usd,5,0.07104713240155258
drop_fiscal__setor_externo__eua__imoveis,5,2,cambio_usd,6,0.09408816184990546
drop_fiscal__setor_externo__expectativas,4,3,yield_6m,0,0.005
drop_fiscal__setor_externo__expectativas,4,3,yield_6m,1,0.007673114103939369
drop_fiscal__setor_externo__expectativas,4,3,yield_6m,2,0.0064443662620960645
drop_fiscal__setor_externo__expectativas,4,3,yield_6m,3,0.007058378397072438
drop_fiscal__setor_externo__expectativas,4,3,yield_6m,4,0.0061723231976138215
drop_fiscal__setor_externo__expectativas,4,3,yield_6m,5,0.0039459471398459985
drop_fiscal__setor_externo__expectativas,4,3,yield_6m,6,0.004631943738766021
drop_fiscal__setor_externo__expectativas,4,3,yield_2y,0,0.013745698459698806
drop_fiscal__setor_externo__expectativas,4,3,yield_2y,1,0.016921565181599898
drop_fiscal__setor_externo__expectativas,4,3,yield_2y,2,0.011103867660028209
drop_fiscal__setor_externo__expectativas,4,3,yield_2y,3,0.013158785576562389
drop_fiscal__setor_externo__expectativas,4,3,yield_2y,4,0.01187310768906453
drop_fiscal__setor_externo__expectativas,4,3,yield_2y,5,0.007176251591675759
drop_fiscal__setor_externo__expectativas,4,3,yield_2y,6,0.008167079536481195
drop_fiscal__setor_externo__expectativas,4,3,yield_5y,0,0.01984368710134414
drop_fiscal__setor_externo__expectativas,4,3,yield_5y,1,0.022132786795784593
drop_fiscal__setor_externo__expectativas,4,3,yield_5y,2,0.013206648737122514
drop_fiscal__setor_externo__expectativas,4,3,yield_5y,3,0.016322665496197666
drop_fiscal__setor_externo__expectativas,4,3,yield_5y,4,0.014905727747218924
drop_fiscal__setor_externo__expectativas,4,3,yield_5y,5,0.008856188648830763
drop_fiscal__setor_externo__expectativas,4,3,yield_5y,6,0.009988711925919071
drop_fiscal__setor_externo__expectativas,4,3,asset_ibov,0,-16.314209173907134
drop_fiscal__setor_externo__expectativas,4,3,asset_ibov,1,-34.276717974941135
drop_fiscal__setor_externo__expectativas,4,3,asset_ibov,2,-40.01908099549254
drop_fiscal__setor_externo__expectativas,4,3,asset_ibov,3,-49.4621540706221
drop_fiscal__setor_externo__expectativas,4,3,asset_ibov,4,-61.46249097001284
drop_fiscal__setor_externo__expectativas,4,3,asset_ibov,5,-69.06902300831749
drop_fiscal__setor_externo__expectativas,4,3,asset_ibov,6,-76.8999145507314
drop_fiscal__setor_externo__expectativas,4,3,cambio_usd,0,0.33142338401991195
drop_fiscal__setor_externo__expectativas,4,3,cambio_usd,1,0.3713969625191556
drop_fiscal__setor_externo__expectativas,4,3,cambio_usd,2,0.20402171300860905
drop_fiscal__setor_externo__expectativas,4,3,cambio_usd,3,0.2568929101493348
drop_fiscal__setor_externo__expectativas,4,3,cambio_usd,4,0.23652989824141624
drop_fiscal__setor_externo__expectativas,4,3,cambio_usd,5,0.13607511479790987
drop_fiscal__setor_externo__expectativas,4,3,cambio_usd,6,0.15059933624951813
drop_fiscal__setor_externo__expectativas__credito,4,3,yield_6m,0,0.005
drop_fiscal__setor_externo__expectativas__credito,4,3,yield_6m,1,0.0059767790442238145
drop_fiscal__setor_externo__expectativas__credito,4,3,yield_6m,2,0.004687876172197265
drop_fiscal__setor_externo__expectativas__credito,4,3,yield_6m,3,0.005445711199384707
drop_fiscal__setor_externo__expectativas__credito,4,3,yield_6m,4,0.004528321778229826
drop_fiscal__setor_externo__expectativas__credito,4,3,yield_6m,5,0.002524880408046649
drop_fiscal__setor_externo__expectativas__credito,4,3,yield_6m,6,0.0022922333638157886
drop_fiscal__setor_externo__expectativas__credito,4,3,yield_2y,0,0.01206952197307762
drop_fiscal__setor_externo__expectativas__credito,4,3,yield_2y,1,0.013687575153841
drop_fiscal__setor_externo__expectativas__credito,4,3,yield_2y,2,0.00919445599002057
drop_fiscal__setor_externo__expectativas__credito,4,3,yield_2y,3,0.011514017711988456
drop_fiscal__setor_externo__expectativas__credito,4,3,yield_2y,4,0.009705131783499379
drop_fiscal__setor_externo__expectativas__credito,4,3,yield_2y,5,0.005369091782177399
drop_fiscal__setor_externo__expectativas__credito,4,3,yield_2y,6,0.00540008632152983
drop_fiscal__setor_externo__expectativas__credito,4,3,yield_5y,0,0.01677719881391826
drop_fiscal__setor_externo__expectativas__credito,4,3,yield_5y,1,0.018168707478490146
drop_fiscal__setor_externo__expectativas__credito,4,3,yield_5y,2,0.011615361107733225
drop_fiscal__setor_externo__expectativas__credito,4,3,yield_5y,3,0.015095932021615684
drop_fiscal__setor_externo__expectativas__credito,4,3,yield_5y,4,0.012669211753571573
drop_fiscal__setor_externo__expectativas__credito,4,3,yield_5y,5,0.007125825775401799
drop_fiscal__setor_externo__expectativas__credito,4,3,yield_5y,6,0.007529633192608588
drop_fiscal__setor_externo__expectativas__credito,4,3,asset_ibov,0,-15.410783955652766
drop_fiscal__setor_externo__expectativas__credito,4,3,asset_ibov,1,-31.398933038490078
drop_fiscal__setor_externo__expectativas__credito,4,3,asset_ibov,2,-38.48575121267072
drop_fiscal__setor_externo__expectativas__credito,4,3,asset_ibov,3,-49.16495518206265
drop_fiscal__setor_externo__expectativas__credito,4,3,asset_ibov,4,-60.41158406597737
drop_fiscal__setor_externo__expectativas__credito,4,3,asset_ibov,5,-66.9640723420114
drop_fiscal__setor_externo__expectativas__credito,4,3,asset_ibov,6,-74.03688689010869
drop_fiscal__setor_externo__expectativas__credito,4,3,cambio_usd,0,0.2834910829597241
drop_fiscal__setor_externo__expectativas__credito,4,3,cambio_usd,1,0.31390404879019995
drop_fiscal__setor_externo__expectativas__credito,4,3,cambio_usd,2,0.1907832185574047
drop_fiscal__setor_externo__expectativas__credito,4,3,cambio_usd,3,0.25262528420628194
drop_fiscal__setor_externo__expectativas__credito,4,3,cambio_usd,4,0.20875499589107754
drop_fiscal__setor_externo__expectativas__credito,4,3,cambio_usd,5,0.11294071340254272
drop_fiscal__setor_externo__expectativas__credito,4,3,cambio_usd,6,0.12332790429011485
drop_fiscal__setor_externo__expectativas__credito__imoveis,5,1,yield_6m,0,0.005
drop_fiscal__setor_externo__expectativas__credito__imoveis,5,1,yield_6m,1,0.005208662815152042
drop_fiscal__setor_externo__expectativas__credito__imoveis,5,1,yield_6m,2,0.0040851405204840275
drop_fiscal__setor_externo__expectativas__credito__imoveis,5,1,yield_6m,3,0.0046741939588698135
drop_fiscal__setor_externo__expectativas__credito__imoveis,5,1,yield_6m,4,0.003264405034520057
drop_fiscal__setor_externo__expectativas__credito__imoveis,5,1,yield_6m,5,0.0018681416384060399
drop_fiscal__setor_externo__expectativas__credito__imoveis,5,1,yield_6m,6,0.002078290365440689
drop_fiscal__setor_externo__expectativas__credito__imoveis,5,1,yield_2y,0,0.009935910658017947
drop_fiscal__setor_externo__expectativas__credito__imoveis,5,1,yield_2y,1,0.010559271534381654
drop_fiscal__setor_externo__expectativas__credito__imoveis,5,1,yield_2y,2,0.007204262877677543
drop_fiscal__setor_externo__expectativas__credito__imoveis,5,1,yield_2y,3,0.00878169016471859
drop_fiscal__setor_externo__expectativas__credito__imoveis,5,1,yield_2y,4,0.00687802205411004
drop_fiscal__setor_externo__expectativas__credito__imoveis,5,1,yield_2y,5,0.0038393686567716905
drop_fiscal__setor_externo__expectativas__credito__imoveis,5,1,yield_2y,6,0.004335027442426283
drop_fiscal__setor_externo__expectativas__credito__imoveis,5,1,yield_5y,0,0.012669373763807692
drop_fiscal__setor_externo__expectativas__credito__imoveis,5,1,yield_5y,1,0.012290520558790628
drop_fiscal__setor_externo__expectativas__credito__imoveis,5,1,yield_5y,2,0.007364302353355069
drop_fiscal__setor_externo__expectativas__credito__imoveis,5,1,yield_5y,3,0.010168968705652029
drop_fiscal__setor_externo__expectativas__credito__imoveis,5,1,yield_5y,4,0.008018320983111645
drop_fiscal__setor_externo__expectativas__credito__imoveis,5,1,yield_5y,5,0.004164411157926912
drop_fiscal__setor_externo__expectativas__credito__imoveis,5,1,yield_5y,6,0.005067252104011153
drop_fiscal__setor_externo__expectativas__credito__imoveis,5,1,asset_ibov,0,-9.392891091612825
drop_fiscal__setor_externo__expectativas__credito__imoveis,5,1,asset_ibov,1,-13.753676033495946
drop_fiscal__setor_externo__expectativas__credito__imoveis,5,1,asset_ibov,2,-9.472867594616769
drop_fiscal__setor_externo__expectativas__credito__imoveis,5,1,asset_ibov,3,-12.010451314238235
drop_fiscal__setor_externo__expectativas__credito__imoveis,5,1,asset_ibov,4,-14.387555915366287
drop_fiscal__setor_externo__expectativas__credito__imoveis,5,1,asset_ibov,5,-13.240721095964389
drop_fiscal__setor_externo__expectativas__credito__imoveis,5,1,asset_ibov,6,-14.883130938872496
drop_fiscal__setor_externo__expectativas__credito__imoveis,5,1,cambio_usd,0,0.21697398211985486
drop_fiscal__setor_externo__expectativas__credito__imoveis,5,1,cambio_usd,1,0.28562308654656643
drop_fiscal__setor_externo__expectativas__credito__imoveis,5,1,cambio_usd,2,0.21892749186882757
drop_fiscal__setor_externo__expectativas__credito__imoveis,5,1,cambio_usd,3,0.22468068824741338
drop_fiscal__setor_externo__expectativas__credito__imoveis,5,1,cambio_usd,4,0.2019688846465639
drop_fiscal__setor_externo__expectativas__credito__imoveis,5,1,cambio_usd,5,0.1361242305823541
drop_fiscal__setor_externo__expectativas__credito__imoveis,5,1,cambio_usd,6,0.13895739990814557
drop_fiscal__setor_externo__expectativas__eua,5,1,yield_6m,0,0.005
drop_fiscal__setor_externo__expectativas__eua,5,1,yield_6m,1,0.007856096601837175
drop_fiscal__setor_externo__expectativas__eua,5,1,yield_6m,2,0.006175154074185657
drop_fiscal__setor_externo__expectativas__eua,5,1,yield_6m,3,0.00708709127650112
drop_fiscal__setor_externo__expectativas__eua,5,1,yield_6m,4,0.005296386346733389
drop_fiscal__setor_externo__expectativas__eua,5,1,yield_6m,5,0.002380879044234791
drop_fiscal__setor_externo__expectativas__eua,5,1,yield_6m,6,0.0032353499524637903
drop_fiscal__setor_externo__expectativas__eua,5,1,yield_2y,0,0.014496962422112361
drop_fiscal__setor_externo__expectativas__eua,5,1,yield_2y,1,0.017726274859283277
drop_fiscal__setor_externo__expectativas__eua,5,1,yield_2y,2,0.0111089522542797
drop_fiscal__setor_externo__expectativas__eua,5,1,yield_2y,3,0.013429326083843006
drop_fiscal__setor_externo__expectativas__eua,5,1,yield_2y,4,0.010819807826528787
drop_fiscal__setor_externo__expectativas__eua,5,1,yield_2y,5,0.004505523867534993
drop_fiscal__setor_externo__expectativas__eua,5,1,yield_2y,6,0.006071091502133269
drop_fiscal__setor_externo__expectativas__eua,5,1,yield_5y,0,0.02100543796075432
drop_fiscal__setor_externo__expectativas__eua,5,1,yield_5y,1,0.023269535884446114
drop_fiscal__setor_externo__expectativas__eua,5,1,yield_5y,2,0.013323260465730551
drop_fiscal__setor_externo__expectativas__eua,5,1,yield_5y,3,0.016717611560544077
drop_fiscal__setor_externo__expectativas__eua,5,1,yield_5y,4,0.013888248858745511
drop_fiscal__setor_externo__expectativas__eua,5,1,yield_5y,5,0.0057268241905036104
drop_fiscal__setor_externo__expectativas__eua,5,1,yield_5y,6,0.007694572385169469
drop_fiscal__setor_externo__expectativas__eua,5,1,asset_ibov,0,-19.79440541409587
drop_fiscal__setor_externo__expectativas__eua,5,1,asset_ibov,1,-40.15220068113603
drop_fiscal__setor_externo__expectativas__eua,5,1,asset_ibov,2,-49.31190411027002
drop_fiscal__setor_externo__expectativas__eua,5,1,asset_ibov,3,-61.535653108904164
drop_fiscal__setor_externo__expectativas__eua,5,1,asset_ibov,4,-74.80465458532925
drop_fiscal__setor_externo__expectativas__eua,5,1,asset_ibov,5,-81.7123352913244
drop_fiscal__setor_externo__expectativas__eua,5,1,asset_ibov,6,-90.152503755261435
drop_fiscal__setor_externo__expectativas__eua,5,1,cambio_usd,0,0.3723373661375257
drop_fiscal__setor_externo__expectativas__eua,5,1,cambio_usd,1,0.4035996145077948
drop_fiscal__setor_externo__expectativas__eua,5,1,cambio_usd,2,0.22322368682742114
drop_fiscal__setor_externo__expectativas__eua,5,1,cambio_usd,3,0.28320830968292204
drop_fiscal__setor_externo__expectativas__eua,5,1,cambio_usd,4,0.22238346352840016
drop_fiscal__setor_externo__expectativas__eua,5,1,cambio_usd,5,0.09143065346026596
drop_fiscal__setor_externo__expectativas__eua,5,1,cambio_usd,6,0.13485279547621806
drop_fiscal__setor_externo__expectativas__eua__credito,5,4,yield_6m,0,0.005
drop_fiscal__setor_externo__expectativas__eua__credito,5,4,yield_6m,1,0.005203287990250423
drop_fiscal__setor_externo__expectativas__eua__credito,5,4,yield_6m,2,0.004683646578340448
drop_fiscal__setor_externo__expectativas__eua__credito,5,4,yield_6m,3,0.006078784327255826
drop_fiscal__setor_externo__expectativas__eua__credito,5,4,yield_6m,4,0.004474992768608631
drop_fiscal__setor_externo__expectativas__eua__credito,5,4,yield_6m,5,0.002991785049210188
drop_fiscal__setor_externo__expectativas__eua__credito,5,4,yield_6m,6,0.0037550768462228
drop_fiscal__setor_externo__expectativas__eua__credito,5,4,yield_2y,0,0.009227970268554634
drop_fiscal__setor_externo__expectativas__eua__credito,5,4,yield_2y,1,0.00944594334069254
drop_fiscal__setor_externo__expectativas__eua__credito,5,4,yield_2y,2,0.006482751488780594
drop_fiscal__setor_externo__expectativas__eua__credito,5,4,yield_2y,3,0.008160319833698745
drop_fiscal__setor_externo__expectativas__eua__credito,5,4,yield_2y,4,0.005437635532475576
drop_fiscal__setor_externo__expectativas__eua__credito,5,4,yield_2y,5,0.0017169283562796492
drop_fiscal__setor_externo__expectativas__eua__credito,5,4,yield_2y,6,0.0028982866954935117
drop_fiscal__setor_externo__expectativas__eua__credito,5,4,yield_5y,0,0.011391704524919426
drop_fiscal__setor_externo__expectativas__eua__credito,5,4,yield_5y,1,0.011239131155206788
drop_fiscal__setor_externo__expectativas__eua__credito,5,4,yield_5y,2,0.006740495693801571
drop_fiscal__setor_externo__expectativas__eua__credito,5,4,yield_5y,3,0.008401794563043335
drop_fiscal__setor_externo__expectativas__eua__credito,5,4,yield_5y,4,0.005156378748278563
drop_fiscal__setor_externo__expectativas__eua__credito,5,4,yield_5y,5,2.766487861069699e-4
drop_fiscal__setor_externo__expectativas__eua__credito,5,4,yield_5y,6,0.00153576053724162
drop_fiscal__setor_externo__expectativas__eua__credito,5,4,asset_ibov,0,-11.747779646162106
drop_fiscal__setor_externo__expectativas__eua__credito,5,4,asset_ibov,1,-22.804263710396743
drop_fiscal__setor_externo__expectativas__eua__credito,5,4,asset_ibov,2,-28.26294253148159
drop_fiscal__setor_externo__expectativas__eua__credito,5,4,asset_ibov,3,-35.37427524454078
drop_fiscal__setor_externo__expectativas__eua__credito,5,4,asset_ibov,4,-42.571465352811565
drop_fiscal__setor_externo__expectativas__eua__credito,5,4,asset_ibov,5,-45.548508249305044
drop_fiscal__setor_externo__expectativas__eua__credito,5,4,asset_ibov,6,-50.97733057084382
drop_fiscal__setor_externo__expectativas__eua__credito,5,4,cambio_usd,0,0.16595945281141308
drop_fiscal__setor_externo__expectativas__eua__credito,5,4,cambio_usd,1,0.17057527728289942
drop_fiscal__setor_externo__expectativas__eua__credito,5,4,cambio_usd,2,0.0696962045033766
drop_fiscal__setor_externo__expectativas__eua__credito,5,4,cambio_usd,3,0.08546345286001071
drop_fiscal__setor_externo__expectativas__eua__credito,5,4,cambio_usd,4,0.019193486018383183
drop_fiscal__setor_externo__expectativas__eua__credito,5,4,cambio_usd,5,-0.07584433919083941
drop_fiscal__setor_externo__expectativas__eua__credito,5,4,cambio_usd,6,-0.04839672767489057
drop_fiscal__setor_externo__expectativas__eua__imoveis,5,2,yield_6m,0,0.005
drop_fiscal__setor_externo__expectativas__eua__imoveis,5,2,yield_6m,1,0.008915228899820982
drop_fiscal__setor_externo__expectativas__eua__imoveis,5,2,yield_6m,2,0.00790400398521957
drop_fiscal__setor_externo__expectativas__eua__imoveis,5,2,yield_6m,3,0.00827366730893855
drop_fiscal__setor_externo__expectativas__eua__imoveis,5,2,yield_6m,4,0.007099699343770181
drop_fiscal__setor_externo__expectativas__eua__imoveis,5,2,yield_6m,5,0.004215750186952852
drop_fiscal__setor_externo__expectativas__eua__imoveis,5,2,yield_6m,6,0.005412877161770852
drop_fiscal__setor_externo__expectativas__eua__imoveis,5,2,yield_2y,0,0.012688442977651522
drop_fiscal__setor_externo__expectativas__eua__imoveis,5,2,yield_2y,1,0.017177844262710865
drop_fiscal__setor_externo__expectativas__eua__imoveis,5,2,yield_2y,2,0.01206187862300909
drop_fiscal__setor_externo__expectativas__eua__imoveis,5,2,yield_2y,3,0.013560396153014733
drop_fiscal__setor_externo__expectativas__eua__imoveis,5,2,yield_2y,4,0.011788625835381822
drop_fiscal__setor_externo__expectativas__eua__imoveis,5,2,yield_2y,5,0.005822321390297721
drop_fiscal__setor_externo__expectativas__eua__imoveis,5,2,yield_2y,6,0.008063779603405019
drop_fiscal__setor_externo__expectativas__eua__imoveis,5,2,yield_5y,0,0.01829579615739622
drop_fiscal__setor_externo__expectativas__eua__imoveis,5,2,yield_5y,1,0.02089969634630779
drop_fiscal__setor_externo__expectativas__eua__imoveis,5,2,yield_5y,2,0.01273214178145413
drop_fiscal__setor_externo__expectativas__eua__imoveis,5,2,yield_5y,3,0.015338626475964621
drop_fiscal__setor_externo__expectativas__eua__imoveis,5,2,yield_5y,4,0.013277025760611608
drop_fiscal__setor_externo__expectativas__eua__imoveis,5,2,yield_5y,5,0.005710859262353299
drop_fiscal__setor_externo__expectativas__eua__imoveis,5,2,yield_5y,6,0.008667052444712463
drop_fiscal__setor_externo__expectativas__eua__imoveis,5,2,asset_ibov,0,-18.03050220364514
drop_fiscal__setor_externo__expectativas__eua__imoveis,5,2,asset_ibov,1,-34.89921861101369
drop_fiscal__setor_externo__expectativas__eua__imoveis,5,2,asset_ibov,2,-40.52195282543253
drop_fiscal__setor_externo__expectativas__eua__imoveis,5,2,asset_ibov,3,-49.44575411359632
drop_fiscal__setor_externo__expectativas__eua__imoveis,5,2,asset_ibov,4,-59.066664862688015
drop_fiscal__setor_externo__expectativas__eua__imoveis,5,2,asset_ibov,5,-63.046793351093754
drop_fiscal__setor_externo__expectativas__eua__imoveis,5,2,asset_ibov,6,-69.46812418506079
drop_fiscal__setor_externo__expectativas__eua__imoveis,5,2,cambio_usd,0,0.297826940241134
drop_fiscal__setor_externo__expectativas__eua__imoveis,5,2,cambio_usd,1,0.35004869798384425
drop_fiscal__setor_externo__expectativas__eua__imoveis,5,2,cambio_usd,2,0.2066692372206572
drop_fiscal__setor_externo__expectativas__eua__imoveis,5,2,cambio_usd,3,0.25071351571163986
drop_fiscal__setor_externo__expectativas__eua__imoveis,5,2,cambio_usd,4,0.20701408898118778
drop_fiscal__setor_externo__expectativas__eua__imoveis,5,2,cambio_usd,5,0.08413140864119546
drop_fiscal__setor_externo__expectativas__eua__imoveis,5,2,cambio_usd,6,0.13937677770098975
drop_fiscal__setor_externo__expectativas__imoveis,4,3,yield_6m,0,0.005
drop_fiscal__setor_externo__expectativas__imoveis,4,3,yield_6m,1,0.0049288393780161375
drop_fiscal__setor_externo__expectativas__imoveis,4,3,yield_6m,2,0.0033160944461828774
drop_fiscal__setor_externo__expectativas__imoveis,4,3,yield_6m,3,0.004153048979426597
drop_fiscal__setor_externo__expectativas__imoveis,4,3,yield_6m,4,0.002546124989359214
drop_fiscal__setor_externo__expectativas__imoveis,4,3,yield_6m,5,0.0010968326992263511
drop_fiscal__setor_externo__expectativas__imoveis,4,3,yield_6m,6,0.0013682543501900874
drop_fiscal__setor_externo__expectativas__imoveis,4,3,yield_2y,0,0.009612389604071212
drop_fiscal__setor_externo__expectativas__imoveis,4,3,yield_2y,1,0.009917736883123694
drop_fiscal__setor_externo__expectativas__imoveis,4,3,yield_2y,2,0.006092455307112015
drop_fiscal__setor_externo__expectativas__imoveis,4,3,yield_2y,3,0.00774178160650775
drop_fiscal__setor_externo__expectativas__imoveis,4,3,yield_2y,4,0.005431444033425762
drop_fiscal__setor_externo__expectativas__imoveis,4,3,yield_2y,5,0.002362240672370791
drop_fiscal__setor_externo__expectativas__imoveis,4,3,yield_2y,6,0.0026820367397802163
drop_fiscal__setor_externo__expectativas__imoveis,4,3,yield_5y,0,0.012247901277602684
drop_fiscal__setor_externo__expectativas__imoveis,4,3,yield_5y,1,0.012517207377078985
drop_fiscal__setor_externo__expectativas__imoveis,4,3,yield_5y,2,0.007529729437081345
drop_fiscal__setor_externo__expectativas__imoveis,4,3,yield_5y,3,0.00970255061794719
drop_fiscal__setor_externo__expectativas__imoveis,4,3,yield_5y,4,0.007170283004328837
drop_fiscal__setor_externo__expectativas__imoveis,4,3,yield_5y,5,0.003318295281187043
drop_fiscal__setor_externo__expectativas__imoveis,4,3,yield_5y,6,0.003660756585227011
drop_fiscal__setor_externo__expectativas__imoveis,4,3,asset_ibov,0,-10.703365534671658
drop_fiscal__setor_externo__expectativas__imoveis,4,3,asset_ibov,1,-21.740430671751387
drop_fiscal__setor_externo__expectativas__imoveis,4,3,asset_ibov,2,-26.683999205498594
drop_fiscal__setor_externo__expectativas__imoveis,4,3,asset_ibov,3,-34.25059966879122
drop_fiscal__setor_externo__expectativas__imoveis,4,3,asset_ibov,4,-41.49033829100352
drop_fiscal__setor_externo__expectativas__imoveis,4,3,asset_ibov,5,-45.46579201291984
drop_fiscal__setor_externo__expectativas__imoveis,4,3,asset_ibov,6,-50.541432590548375
drop_fiscal__setor_externo__expectativas__imoveis,4,3,cambio_usd,0,0.19202917939837857
drop_fiscal__setor_externo__expectativas__imoveis,4,3,cambio_usd,1,0.20690576814263378
drop_fiscal__setor_externo__expectativas__imoveis,4,3,cambio_usd,2,0.11819825518232327
drop_fiscal__setor_externo__expectativas__imoveis,4,3,cambio_usd,3,0.1518822767290395
drop_fiscal__setor_externo__expectativas__imoveis,4,3,cambio_usd,4,0.11457374380875272
drop_fiscal__setor_externo__expectativas__imoveis,4,3,cambio_usd,5,0.048187222419878044
drop_fiscal__setor_externo__expectativas__imoveis,4,3,cambio_usd,6,0.05378201960229731
drop_fiscal__setor_externo__imoveis,4,2,yield_6m,0,0.005
drop_fiscal__setor_externo__imoveis,4,2,yield_6m,1,0.00508134614080725
drop_fiscal__setor_externo__imoveis,4,2,yield_6m,2,0.0039232932386905365
drop_fiscal__setor_externo__imoveis,4,2,yield_6m,3,0.005387200395495247
drop_fiscal__setor_externo__imoveis,4,2,yield_6m,4,0.00331196776745029
drop_fiscal__setor_externo__imoveis,4,2,yield_6m,5,0.001675582768473424
drop_fiscal__setor_externo__imoveis,4,2,yield_6m,6,0.0025396008698159245
drop_fiscal__setor_externo__imoveis,4,2,yield_2y,0,0.00963495346607359
drop_fiscal__setor_externo__imoveis,4,2,yield_2y,1,0.01032103392345694
drop_fiscal__setor_externo__imoveis,4,2,yield_2y,2,0.007006903309952172
drop_fiscal__setor_externo__imoveis,4,2,yield_2y,3,0.009585786137718566
drop_fiscal__setor_externo__imoveis,4,2,yield_2y,4,0.00682288727255514
drop_fiscal__setor_externo__imoveis,4,2,yield_2y,5,0.0033063100394447728
drop_fiscal__setor_externo__imoveis,4,2,yield_2y,6,0.004450776816802136
drop_fiscal__setor_externo__imoveis,4,2,yield_5y,0,0.012434924849281206
drop_fiscal__setor_externo__imoveis,4,2,yield_5y,1,0.013032697975974419
drop_fiscal__setor_externo__imoveis,4,2,yield_5y,2,0.00844558967486954
drop_fiscal__setor_externo__imoveis,4,2,yield_5y,3,0.011627976958831606
drop_fiscal__setor_externo__imoveis,4,2,yield_5y,4,0.008962470019791795
drop_fiscal__setor_externo__imoveis,4,2,yield_5y,5,0.004561479589925812
drop_fiscal__setor_externo__imoveis,4,2,yield_5y,6,0.005724503977911671
drop_fiscal__setor_externo__imoveis,4,2,asset_ibov,0,-9.868879527989039
drop_fiscal__setor_externo__imoveis,4,2,asset_ibov,1,-20.169603479546222
drop_fiscal__setor_externo__imoveis,4,2,asset_ibov,2,-23.607291443686155
drop_fiscal__setor_externo__imoveis,4,2,asset_ibov,3,-30.98836287691109
drop_fiscal__setor_externo__imoveis,4,2,asset_ibov,4,-37.96350648996882
drop_fiscal__setor_externo__imoveis,4,2,asset_ibov,5,-41.28761248744739
drop_fiscal__setor_externo__imoveis,4,2,asset_ibov,6,-47.42144179378543
drop_fiscal__setor_externo__imoveis,4,2,cambio_usd,0,0.19029253194823434
drop_fiscal__setor_externo__imoveis,4,2,cambio_usd,1,0.21650646954776329
drop_fiscal__setor_externo__imoveis,4,2,cambio_usd,2,0.13085854972225275
drop_fiscal__setor_externo__imoveis,4,2,cambio_usd,3,0.16833954450741204
drop_fiscal__setor_externo__imoveis,4,2,cambio_usd,4,0.14886478288441315
drop_fiscal__setor_externo__imoveis,4,2,cambio_usd,5,0.07097139119501403
drop_fiscal__setor_externo__imoveis,4,2,cambio_usd,6,0.06916932271082038
drop_imoveis,4,3,yield_6m,0,0.005
drop_imoveis,4,3,yield_6m,1,0.0048246797967883516
drop_imoveis,4,3,yield_6m,2,0.004130047741534112
drop_imoveis,4,3,yield_6m,3,0.00475829658458171
drop_imoveis,4,3,yield_6m,4,0.0027435845882424676
drop_imoveis,4,3,yield_6m,5,0.001312753924641973
drop_imoveis,4,3,yield_6m,6,0.0012394527134477788
drop_imoveis,4,3,yield_2y,0,0.008291588734234768
drop_imoveis,4,3,yield_2y,1,0.008659848724568606
drop_imoveis,4,3,yield_2y,2,0.00658830009027736
drop_imoveis,4,3,yield_2y,3,0.007541907144261502
drop_imoveis,4,3,yield_2y,4,0.004730468155396499
drop_imoveis,4,3,yield_2y,5,0.002181502675113633
drop_imoveis,4,3,yield_2y,6,0.0017660575029479078
drop_imoveis,4,3,yield_5y,0,0.009701212389654459
drop_imoveis,4,3,yield_5y,1,0.010252281374041728
drop_imoveis,4,3,yield_5y,2,0.007466493752424869
drop_imoveis,4,3,yield_5y,3,0.008554863123616667
drop_imoveis,4,3,yield_5y,4,0.005876961360168527
drop_imoveis,4,3,yield_5y,5,0.003028576197110305
drop_imoveis,4,3,yield_5y,6,0.002314345476336836
drop_imoveis,4,3,asset_ibov,0,-7.398055699607177
drop_imoveis,4,3,asset_ibov,1,-16.45953666292372
drop_imoveis,4,3,asset_ibov,2,-21.725905574463148
drop_imoveis,4,3,asset_ibov,3,-29.406050511699313
drop_imoveis,4,3,asset_ibov,4,-37.08150271036727
drop_imoveis,4,3,asset_ibov,5,-43.195162743864415
drop_imoveis,4,3,asset_ibov,6,-49.95654801241913
drop_imoveis,4,3,cambio_usd,0,0.12740028136162818
drop_imoveis,4,3,cambio_usd,1,0.14971033914596307
drop_imoveis,4,3,cambio_usd,2,0.09297003396227796
drop_imoveis,4,3,cambio_usd,3,0.10066171121850107
drop_imoveis,4,3,cambio_usd,4,0.07207394525841354
drop_imoveis,4,3,cambio_usd,5,0.02724016658046219
drop_imoveis,4,3,cambio_usd,6,0.007445616279285543
drop_setor_externo,4,1,yield_6m,0,0.005
drop_setor_externo,4,1,yield_6m,1,0.005450682386406823
drop_setor_externo,4,1,yield_6m,2,0.004361582088145778
drop_setor_externo,4,1,yield_6m,3,0.006316628706748467
drop_setor_externo,4,1,yield_6m,4,0.003592976075616209
drop_setor_externo,4,1,yield_6m,5,0.0021228708374193684
drop_setor_externo,4,1,yield_6m,6,0.003427694594256665
drop_setor_externo,4,1,yield_2y,0,0.011165512981624185
drop_setor_externo,4,1,yield_2y,1,0.012365217217703391
drop_setor_externo,4,1,yield_2y,2,0.008272582182602399
drop_setor_externo,4,1,yield_2y,3,0.010998389656023769
drop_setor_externo,4,1,yield_2y,4,0.007775787802316071
drop_setor_externo,4,1,yield_2y,5,0.0040326061876968635
drop_setor_externo,4,1,yield_2y,6,0.005339648815793942
drop_setor_externo,4,1,yield_5y,0,0.015170880138670904
drop_setor_externo,4,1,yield_5y,1,0.016339096896741633
drop_setor_externo,4,1,yield_5y,2,0.010238338102755188
drop_setor_externo,4,1,yield_5y,3,0.013087527346400665
drop_setor_externo,4,1,yield_5y,4,0.01037138928521125
drop_setor_externo,4,1,yield_5y,5,0.005303888034022348
drop_setor_externo,4,1,yield_5y,6,0.006139360481589027
drop_setor_externo,4,1,asset_ibov,0,-12.493966289952834
drop_setor_externo,4,1,asset_ibov,1,-25.600478541672416
drop_setor_externo,4,1,asset_ibov,2,-31.05311614698901
drop_setor_externo,4,1,asset_ibov,3,-38.9438199920151
drop_setor_externo,4,1,asset_ibov,4,-47.67546273859778
drop_setor_externo,4,1,asset_ibov,5,-52.42567316415625
drop_setor_externo,4,1,asset_ibov,6,-58.39645843212112
drop_setor_externo,4,1,cambio_usd,0,0.26093393287765987
drop_setor_externo,4,1,cambio_usd,1,0.29200267048543344
drop_setor_externo,4,1,cambio_usd,2,0.16628817144648897
drop_setor_externo,4,1,cambio_usd,3,0.19656818622582875
drop_setor_externo,4,1,cambio_usd,4,0.1763257255309041
drop_setor_externo,4,1,cambio_usd,5,0.079873402722079
drop_setor_externo,4,1,cambio_usd,6,0.07694695737673322
drop_setor_externo__credito,4,3,yield_6m,0,0.005
drop_setor_externo__credito,4,3,yield_6m,1,0.004650656750769377
drop_setor_externo__credito,4,3,yield_6m,2,0.004060235812899554
drop_setor_externo__credito,4,3,yield_6m,3,0.004710917577659483
drop_setor_externo__credito,4,3,yield_6m,4,0.0027100500849529265
drop_setor_externo__credito,4,3,yield_6m,5,0.0013123104816790336
drop_setor_externo__credito,4,3,yield_6m,6,0.0012611213787847293
drop_setor_externo__credito,4,3,yield_2y,0,0.008186499936096707
drop_setor_externo__credito,4,3,yield_2y,1,0.008531542385588165
drop_setor_externo__credito,4,3,yield_2y,2,0.006711515840756209
drop_setor_externo__credito,4,3,yield_2y,3,0.00793135242798725
drop_setor_externo__credito,4,3,yield_2y,4,0.005258189865629317
drop_setor_externo__credito,4,3,yield_2y,5,0.0028144030715405405
drop_setor_externo__credito,4,3,yield_2y,6,0.002352142066948757
drop_setor_externo__credito,4,3,yield_5y,0,0.009644432735843905
drop_setor_externo__credito,4,3,yield_5y,1,0.010296964017213148
drop_setor_externo__credito,4,3,yield_5y,2,0.007860601584956321
drop_setor_externo__credito,4,3,yield_5y,3,0.009402966580616637
drop_setor_externo__credito,4,3,yield_5y,4,0.006853166370090698
drop_setor_externo__credito,4,3,yield_5y,5,0.004130888957459345
drop_setor_externo__credito,4,3,yield_5y,6,0.0033362247750926975
drop_setor_externo__credito,4,3,asset_ibov,0,-8.170608070763324
drop_setor_externo__credito,4,3,asset_ibov,1,-17.732229678439253
drop_setor_externo__credito,4,3,asset_ibov,2,-22.658239185620687
drop_setor_externo__credito,4,3,asset_ibov,3,-30.690077735740662
drop_setor_externo__credito,4,3,asset_ibov,4,-37.55139155657436
drop_setor_externo__credito,4,3,asset_ibov,5,-42.43643274355784
drop_setor_externo__credito,4,3,asset_ibov,6,-48.29901509368748
drop_setor_externo__credito,4,3,cambio_usd,0,0.11660871776265537
drop_setor_externo__credito,4,3,cambio_usd,1,0.14964335914844631
drop_setor_externo__credito,4,3,cambio_usd,2,0.10375662345307753
drop_setor_externo__credito,4,3,cambio_usd,3,0.1201403527772983
drop_setor_externo__credito,4,3,cambio_usd,4,0.100088111203619
drop_setor_externo__credito,4,3,cambio_usd,5,0.05933820695959872
drop_setor_externo__credito,4,3,cambio_usd,6,0.03368560299369596
drop_setor_externo__credito__imoveis,4,3,yield_6m,0,0.005
drop_setor_externo__credito__imoveis,4,3,yield_6m,1,0.004671497466555279
drop_setor_externo__credito__imoveis,4,3,yield_6m,2,0.0038874762424245335
drop_setor_externo__credito__imoveis,4,3,yield_6m,3,0.004545663584498805
drop_setor_externo__credito__imoveis,4,3,yield_6m,4,0.0025490404910336836
drop_setor_externo__credito__imoveis,4,3,yield_6m,5,0.001046795664691497
drop_setor_externo__credito__imoveis,4,3,yield_6m,6,9.122561155627262e-4
drop_setor_externo__credito__imoveis,4,3,yield_2y,0,0.008575939204685351
drop_setor_externo__credito__imoveis,4,3,yield_2y,1,0.008953598601073743
drop_setor_externo__credito__imoveis,4,3,yield_2y,2,0.006837076000232978
drop_setor_externo__credito__imoveis,4,3,yield_2y,3,0.008152678971975733
drop_setor_externo__credito__imoveis,4,3,yield_2y,4,0.005371052103456421
drop_setor_externo__credito__imoveis,4,3,yield_2y,5,0.0026121455705262714
drop_setor_externo__credito__imoveis,4,3,yield_2y,6,0.002000420213140564
drop_setor_externo__credito__imoveis,4,3,yield_5y,0,0.010329073758945047
drop_setor_externo__credito__imoveis,4,3,yield_5y,1,0.011026094584089189
drop_setor_externo__credito__imoveis,4,3,yield_5y,2,0.008246754519102987
drop_setor_externo__credito__imoveis,4,3,yield_5y,3,0.009948476675120789
drop_setor_externo__credito__imoveis,4,3,yield_5y,4,0.007222376575746675
drop_setor_externo__credito__imoveis,4,3,yield_5y,5,0.0040548023528404
drop_setor_externo__credito__imoveis,4,3,yield_5y,6,0.0030770982667410436
drop_setor_externo__credito__imoveis,4,3,asset_ibov,0,-8.712492372298826
drop_setor_externo__credito__imoveis,4,3,asset_ibov,1,-18.873759472318234
drop_setor_externo__credito__imoveis,4,3,asset_ibov,2,-24.151513611937283
drop_setor_externo__credito__imoveis,4,3,asset_ibov,3,-32.65713265973734
drop_setor_externo__credito__imoveis,4,3,asset_ibov,4,-39.90532145550665
drop_setor_externo__credito__imoveis,4,3,asset_ibov,5,-44.76689946191234
drop_setor_externo__credito__imoveis,4,3,asset_ibov,6,-50.423855771882046
drop_setor_externo__credito__imoveis,4,3,cambio_usd,0,0.13202172677091997
drop_setor_externo__credito__imoveis,4,3,cambio_usd,1,0.16692429385662422
drop_setor_externo__credito__imoveis,4,3,cambio_usd,2,0.11701336470063584
drop_setor_externo__credito__imoveis,4,3,cambio_usd,3,0.13749076837373672
drop_setor_externo__credito__imoveis,4,3,cambio_usd,4,0.11541901610283338
drop_setor_externo__credito__imoveis,4,3,cambio_usd,5,0.06677905386908513
drop_setor_externo__credito__imoveis,4,3,cambio_usd,6,0.03760068963941159
drop_setor_externo__eua,4,3,yield_6m,0,0.005
drop_setor_externo__eua,4,3,yield_6m,1,0.005243307196893368
drop_setor_externo__eua,4,3,yield_6m,2,0.006031696798849412
drop_setor_externo__eua,4,3,yield_6m,3,0.007617650232835923
drop_setor_externo__eua,4,3,yield_6m,4,0.007137520897333809
drop_setor_externo__eua,4,3,yield_6m,5,0.007537271547690187
drop_setor_externo__eua,4,3,yield_6m,6,0.008649473989113731
drop_setor_externo__eua,4,3,yield_2y,0,0.0070918189118419905
drop_setor_externo__eua,4,3,yield_2y,1,0.00787736493003388
drop_setor_externo__eua,4,3,yield_2y,2,0.007765770281425118
drop_setor_externo__eua,4,3,yield_2y,3,0.009424498106110265
drop_setor_externo__eua,4,3,yield_2y,4,0.008373495641828113
drop_setor_externo__eua,4,3,yield_2y,5,0.008548194315950707
drop_setor_externo__eua,4,3,yield_2y,6,0.009680815639637453
drop_setor_externo__eua,4,3,yield_5y,0,0.007388596778393822
drop_setor_externo__eua,4,3,yield_5y,1,0.008225785473903216
drop_setor_externo__eua,4,3,yield_5y,2,0.0073993550801261035
drop_setor_externo__eua,4,3,yield_5y,3,0.008589920886806579
drop_setor_externo__eua,4,3,yield_5y,4,0.007307299505030868
drop_setor_externo__eua,4,3,yield_5y,5,0.007290139701110766
drop_setor_externo__eua,4,3,yield_5y,6,0.008083726689414521
drop_setor_externo__eua,4,3,asset_ibov,0,-4.1323974409027695
drop_setor_externo__eua,4,3,asset_ibov,1,-9.853058218708865
drop_setor_externo__eua,4,3,asset_ibov,2,-13.040644415687867
drop_setor_externo__eua,4,3,asset_ibov,3,-17.753100165300083
drop_setor_externo__eua,4,3,asset_ibov,4,-22.541901246748218
drop_setor_externo__eua,4,3,asset_ibov,5,-27.629317090861615
drop_setor_externo__eua,4,3,asset_ibov,6,-33.88484113368104
drop_setor_externo__eua,4,3,cambio_usd,0,0.08948273198131554
drop_setor_externo__eua,4,3,cambio_usd,1,0.11111138586132135
drop_setor_externo__eua,4,3,cambio_usd,2,0.07621626533338571
drop_setor_externo__eua,4,3,cambio_usd,3,0.07846247058820832
drop_setor_externo__eua,4,3,cambio_usd,4,0.05291166793378317
drop_setor_externo__eua,4,3,cambio_usd,5,0.04290733360174356
drop_setor_externo__eua,4,3,cambio_usd,6,0.04298493569851259
drop_setor_externo__eua__credito,4,3,yield_6m,0,0.005
drop_setor_externo__eua__credito,4,3,yield_6m,1,0.004597020951742824
drop_setor_externo__eua__credito,4,3,yield_6m,2,0.0038024844872038056
drop_setor_externo__eua__credito,4,3,yield_6m,3,0.004319700744105724
drop_setor_externo__eua__credito,4,3,yield_6m,4,0.0020221452914956552
drop_setor_externo__eua__credito,4,3,yield_6m,5,4.5288620668317464e-4
drop_setor_externo__eua__credito,4,3,yield_6m,6,5.750945126747497e-4
drop_setor_externo__eua__credito,4,3,yield_2y,0,0.00849409159106868
drop_setor_externo__eua__credito,4,3,yield_2y,1,0.008722589021658326
drop_setor_externo__eua__credito,4,3,yield_2y,2,0.006436483193510421
drop_setor_externo__eua__credito,4,3,yield_2y,3,0.007655999641743813
drop_setor_externo__eua__credito,4,3,yield_2y,4,0.0048419634678277005
drop_setor_externo__eua__credito,4,3,yield_2y,5,0.002046474023486041
drop_setor_externo__eua__credito,4,3,yield_2y,6,0.0017622587073766833
drop_setor_externo__eua__credito,4,3,yield_5y,0,0.010155581440509065
drop_setor_externo__eua__credito,4,3,yield_5y,1,0.010595645616187071
drop_setor_externo__eua__credito,4,3,yield_5y,2,0.007638038013816596
drop_setor_externo__eua__credito,4,3,yield_5y,3,0.00924320419519143
drop_setor_externo__eua__credito,4,3,yield_5y,4,0.006763066186201229
drop_setor_externo__eua__credito,4,3,yield_5y,5,0.0035926607195830356
drop_setor_externo__eua__credito,4,3,yield_5y,6,0.002856347857958013
drop_setor_externo__eua__credito,4,3,asset_ibov,0,-8.385747558196222
drop_setor_externo__eua__credito,4,3,asset_ibov,1,-18.31236007452406
drop_setor_externo__eua__credito,4,3,asset_ibov,2,-23.501626712183405
drop_setor_externo__eua__credito,4,3,asset_ibov,3,-31.836258984462802
drop_setor_externo__eua__credito,4,3,asset_ibov,4,-39.46682519078745
drop_setor_externo__eua__credito,4,3,asset_ibov,5,-44.49756167140922
drop_setor_externo__eua__credito,4,3,asset_ibov,6,-50.22575559414362
drop_setor_externo__eua__credito,4,3,cambio_usd,0,0.13645289530662727
drop_setor_externo__eua__credito,4,3,cambio_usd,1,0.1633605942790672
drop_setor_externo__eua__credito,4,3,cambio_usd,2,0.10621697839092736
drop_setor_externo__eua__credito,4,3,cambio_usd,3,0.13010564877638264
drop_setor_externo__eua__credito,4,3,cambio_usd,4,0.11085150196794788
drop_setor_externo__eua__credito,4,3,cambio_usd,5,0.06153497309728792
drop_setor_externo__eua__credito,4,3,cambio_usd,6,0.039511800572517915
drop_setor_externo__eua__credito__imoveis,5,1,yield_6m,0,0.005
drop_setor_externo__eua__credito__imoveis,5,1,yield_6m,1,0.0038870324611325227
drop_setor_externo__eua__credito__imoveis,5,1,yield_6m,2,0.001622669013487513
drop_setor_externo__eua__credito__imoveis,5,1,yield_6m,3,0.004520666421246571
drop_setor_externo__eua__credito__imoveis,5,1,yield_6m,4,0.001169180092491336
drop_setor_externo__eua__credito__imoveis,5,1,yield_6m,5,-5.131202111847736e-4
drop_setor_externo__eua__credito__imoveis,5,1,yield_6m,6,5.559083551679742e-4
drop_setor_externo__eua__credito__imoveis,5,1,yield_2y,0,0.012234565079318032
drop_setor_externo__eua__credito__imoveis,5,1,yield_2y,1,0.012345024096071711
drop_setor_externo__eua__credito__imoveis,5,1,yield_2y,2,0.0073141349734383914
drop_setor_externo__eua__credito__imoveis,5,1,yield_2y,3,0.011238781718871297
drop_setor_externo__eua__credito__imoveis,5,1,yield_2y,4,0.007232847773941391
drop_setor_externo__eua__credito__imoveis,5,1,yield_2y,5,0.0029670854490347755
drop_setor_externo__eua__credito__imoveis,5,1,yield_2y,6,0.004167590766046009
drop_setor_externo__eua__credito__imoveis,5,1,yield_5y,0,0.01680660462295663
drop_setor_externo__eua__credito__imoveis,5,1,yield_5y,1,0.017524797022569864
drop_setor_externo__eua__credito__imoveis,5,1,yield_5y,2,0.01100252905179643
drop_setor_externo__eua__credito__imoveis,5,1,yield_5y,3,0.01504176889648997
drop_setor_externo__eua__credito__imoveis,5,1,yield_5y,4,0.011624123570383942
drop_setor_externo__eua__credito__imoveis,5,1,yield_5y,5,0.00593439817354275
drop_setor_externo__eua__credito__imoveis,5,1,yield_5y,6,0.006759641224138723
drop_setor_externo__eua__credito__imoveis,5,1,asset_ibov,0,-12.63488570710107
drop_setor_externo__eua__credito__imoveis,5,1,asset_ibov,1,-21.86233790824812
drop_setor_externo__eua__credito__imoveis,5,1,asset_ibov,2,-22.426116003840914
drop_setor_externo__eua__credito__imoveis,5,1,asset_ibov,3,-28.64735915343256
drop_setor_externo__eua__credito__imoveis,5,1,asset_ibov,4,-34.463609819806464
drop_setor_externo__eua__credito__imoveis,5,1,asset_ibov,5,-34.623488776988864
drop_setor_externo__eua__credito__imoveis,5,1,asset_ibov,6,-38.17399503038112
drop_setor_externo__eua__credito__imoveis,5,1,cambio_usd,0,0.32774226954191255
drop_setor_externo__eua__credito__imoveis,5,1,cambio_usd,1,0.42755799965259983
drop_setor_externo__eua__credito__imoveis,5,1,cambio_usd,2,0.33174020606076765
drop_setor_externo__eua__credito__imoveis,5,1,cambio_usd,3,0.34157649810645596
drop_setor_externo__eua__credito__imoveis,5,1,cambio_usd,4,0.3212705585153289
drop_setor_externo__eua__credito__imoveis,5,1,cambio_usd,5,0.2166652377663457
drop_setor_externo__eua__credito__imoveis,5,1,cambio_usd,6,0.20443986351156254
drop_setor_externo__eua__imoveis,4,3,yield_6m,0,0.005
drop_setor_externo__eua__imoveis,4,3,yield_6m,1,0.004892913366412395
drop_setor_externo__eua__imoveis,4,3,yield_6m,2,0.004431299971474191
drop_setor_externo__eua__imoveis,4,3,yield_6m,3,0.005171845145877052
drop_setor_externo__eua__imoveis,4,3,yield_6m,4,0.003311513580562313
drop_setor_externo__eua__imoveis,4,3,yield_6m,5,0.002151507906515349
drop_setor_externo__eua__imoveis,4,3,yield_6m,6,0.002520250761670403
drop_setor_externo__eua__imoveis,4,3,yield_2y,0,0.008113974463120925
drop_setor_externo__eua__imoveis,4,3,yield_2y,1,0.008561421927230002
drop_setor_externo__eua__imoveis,4,3,yield_2y,2,0.006775770842015664
drop_setor_externo__eua__imoveis,4,3,yield_2y,3,0.008032124520465526
drop_setor_externo__eua__imoveis,4,3,yield_2y,4,0.005707687634614877
drop_setor_externo__eua__imoveis,4,3,yield_2y,5,0.003700971679313852
drop_setor_externo__eua__imoveis,4,3,yield_2y,6,0.003988453660074283
drop_setor_externo__eua__imoveis,4,3,yield_5y,0,0.00936408463096407
drop_setor_externo__eua__imoveis,4,3,yield_5y,1,0.009925466731042684
drop_setor_externo__eua__imoveis,4,3,yield_5y,2,0.0074892781961533395
drop_setor_externo__eua__imoveis,4,3,yield_5y,3,0.008942656858543863
drop_setor_externo__eua__imoveis,4,3,yield_5y,4,0.006933822137341315
drop_setor_externo__eua__imoveis,4,3,yield_5y,5,0.00472906808033954
drop_setor_externo__eua__imoveis,4,3,yield_5y,6,0.004748236078635105
drop_setor_externo__eua__imoveis,4,3,asset_ibov,0,-6.514030408467299
drop_setor_externo__eua__imoveis,4,3,asset_ibov,1,-15.023736739646976
drop_setor_externo__eua__imoveis,4,3,asset_ibov,2,-19.995244162647907
drop_setor_externo__eua__imoveis,4,3,asset_ibov,3,-27.515036264747827
drop_setor_externo__eua__imoveis,4,3,asset_ibov,4,-35.39610410924534
drop_setor_externo__eua__imoveis,4,3,asset_ibov,5,-41.88722216382952
drop_setor_externo__eua__imoveis,4,3,asset_ibov,6,-49.19878560484971
drop_setor_externo__eua__imoveis,4,3,cambio_usd,0,0.1272952525624456
drop_setor_externo__eua__imoveis,4,3,cambio_usd,1,0.14869687237283255
drop_setor_externo__eua__imoveis,4,3,cambio_usd,2,0.09521053376517223
drop_setor_externo__eua__imoveis,4,3,cambio_usd,3,0.11374101337543216
drop_setor_externo__eua__imoveis,4,3,cambio_usd,4,0.09344491314991414
drop_setor_externo__eua__imoveis,4,3,cambio_usd,5,0.05827805065545227
drop_setor_externo__eua__imoveis,4,3,cambio_usd,6,0.05275769894562155
drop_setor_externo__expectativas,4,3,yield_6m,0,0.005
drop_setor_externo__expectativas,4,3,yield_6m,1,0.006107828604762451
drop_setor_externo__expectativas,4,3,yield_6m,2,0.0058658960160176445
drop_setor_externo__expectativas,4,3,yield_6m,3,0.006869029434551972
drop_setor_externo__expectativas,4,3,yield_6m,4,0.005218960730678048
drop_setor_externo__expectativas,4,3,yield_6m,5,0.0038883184966439937
drop_setor_externo__expectativas,4,3,yield_6m,6,0.004427391676403437
drop_setor_externo__expectativas,4,3,yield_2y,0,0.010952122333881962
drop_setor_externo__expectativas,4,3,yield_2y,1,0.01133974341269406
drop_setor_externo__expectativas,4,3,yield_2y,2,0.007491140278755643
drop_setor_externo__expectativas,4,3,yield_2y,3,0.008955270049385731
drop_setor_externo__expectativas,4,3,yield_2y,4,0.006563590261960967
drop_setor_externo__expectativas,4,3,yield_2y,5,0.002696963559670581
drop_setor_externo__expectativas,4,3,yield_2y,6,0.003923487890227079
drop_setor_externo__expectativas,4,3,yield_5y,0,0.014690266403264698
drop_setor_externo__expectativas,4,3,yield_5y,1,0.013894376330293981
drop_setor_externo__expectativas,4,3,yield_5y,2,0.007392858110174863
drop_setor_externo__expectativas,4,3,yield_5y,3,0.009229305525865428
drop_setor_externo__expectativas,4,3,yield_5y,4,0.006561632199911885
drop_setor_externo__expectativas,4,3,yield_5y,5,0.0011668183787699373
drop_setor_externo__expectativas,4,3,yield_5y,6,0.002767370178879518
drop_setor_externo__expectativas,4,3,asset_ibov,0,-15.07482490703441
drop_setor_externo__expectativas,4,3,asset_ibov,1,-27.168978560617557
drop_setor_externo__expectativas,4,3,asset_ibov,2,-31.016496303633716
drop_setor_externo__expectativas,4,3,asset_ibov,3,-35.198227185076846
drop_setor_externo__expectativas,4,3,asset_ibov,4,-41.37235629611224
drop_setor_externo__expectativas,4,3,asset_ibov,5,-42.18388986696024
drop_setor_externo__expectativas,4,3,asset_ibov,6,-44.799155781856705
drop_setor_externo__expectativas,4,3,cambio_usd,0,0.2390601287570747
drop_setor_externo__expectativas,4,3,cambio_usd,1,0.2239959229533275
drop_setor_externo__expectativas,4,3,cambio_usd,2,0.09482298295460723
drop_setor_externo__expectativas,4,3,cambio_usd,3,0.11570336571117353
drop_setor_externo__expectativas,4,3,cambio_usd,4,0.07887519841004755
drop_setor_externo__expectativas,4,3,cambio_usd,5,-0.020029359843191537
drop_setor_externo__expectativas,4,3,cambio_usd,6,0.00784327517618317
drop_setor_externo__expectativas__credito,4,3,yield_6m,0,0.005
drop_setor_externo__expectativas__credito,4,3,yield_6m,1,0.004617045013878036
drop_setor_externo__expectativas__credito,4,3,yield_6m,2,0.0036913300544315786
drop_setor_externo__expectativas__credito,4,3,yield_6m,3,0.0044643426824518585
drop_setor_externo__expectativas__credito,4,3,yield_6m,4,0.0026062170130797097
drop_setor_externo__expectativas__credito,4,3,yield_6m,5,0.0015567042328727802
drop_setor_externo__expectativas__credito,4,3,yield_6m,6,0.0023926099246491116
drop_setor_externo__expectativas__credito,4,3,yield_2y,0,0.008570252243094155
drop_setor_externo__expectativas__credito,4,3,yield_2y,1,0.008610168885243597
drop_setor_externo__expectativas__credito,4,3,yield_2y,2,0.005803953629816039
drop_setor_externo__expectativas__credito,4,3,yield_2y,3,0.007432314006720459
drop_setor_externo__expectativas__credito,4,3,yield_2y,4,0.005455494445505727
drop_setor_externo__expectativas__credito,4,3,yield_2y,5,0.003388701132075356
drop_setor_externo__expectativas__credito,4,3,yield_2y,6,0.0042574391673981535
drop_setor_externo__expectativas__credito,4,3,yield_5y,0,0.010585596233396055
drop_setor_externo__expectativas__credito,4,3,yield_5y,1,0.010610676198802838
drop_setor_externo__expectativas__credito,4,3,yield_5y,2,0.006843717486115395
drop_setor_externo__expectativas__credito,4,3,yield_5y,3,0.008984111555850098
drop_setor_externo__expectativas__credito,4,3,yield_5y,4,0.007310897524441406
drop_setor_externo__expectativas__credito,4,3,yield_5y,5,0.004820460154217584
drop_setor_externo__expectativas__credito,4,3,yield_5y,6,0.005446434208289599
drop_setor_externo__expectativas__credito,4,3,asset_ibov,0,-8.689771302561455
drop_setor_externo__expectativas__credito,4,3,asset_ibov,1,-18.83586364680937
drop_setor_externo__expectativas__credito,4,3,asset_ibov,2,-23.623455003703924
drop_setor_externo__expectativas__credito,4,3,asset_ibov,3,-31.51652479628016
drop_setor_externo__expectativas__credito,4,3,asset_ibov,4,-39.713889807994676
drop_setor_externo__expectativas__credito,4,3,asset_ibov,5,-45.70129417703468
drop_setor_externo__expectativas__credito,4,3,asset_ibov,6,-53.019162323968196
drop_setor_externo__expectativas__credito,4,3,cambio_usd,0,0.15187917318529853
drop_setor_externo__expectativas__credito,4,3,cambio_usd,1,0.16810131167907966
drop_setor_externo__expectativas__credito,4,3,cambio_usd,2,0.0938825779656971
drop_setor_externo__expectativas__credito,4,3,cambio_usd,3,0.12795205564827755
drop_setor_externo__expectativas__credito,4,3,cambio_usd,4,0.11362633236059623
drop_setor_externo__expectativas__credito,4,3,cambio_usd,5,0.07038096503306651
drop_setor_externo__expectativas__credito,4,3,cambio_usd,6,0.0759496467614771
drop_setor_externo__expectativas__credito__imoveis,4,3,yield_6m,0,0.005
drop_setor_externo__expectativas__credito__imoveis,4,3,yield_6m,1,0.004722702538023491
drop_setor_externo__expectativas__credito__imoveis,4,3,yield_6m,2,0.0034229500993624307
drop_setor_externo__expectativas__credito__imoveis,4,3,yield_6m,3,0.004356586508335304
drop_setor_externo__expectativas__credito__imoveis,4,3,yield_6m,4,0.0026543408278718174
drop_setor_externo__expectativas__credito__imoveis,4,3,yield_6m,5,0.001194121290766625
drop_setor_externo__expectativas__credito__imoveis,4,3,yield_6m,6,0.0015819608078272457
drop_setor_externo__expectativas__credito__imoveis,4,3,yield_2y,0,0.009526411491580346
drop_setor_externo__expectativas__credito__imoveis,4,3,yield_2y,1,0.009710649367788817
drop_setor_externo__expectativas__credito__imoveis,4,3,yield_2y,2,0.00630698915247801
drop_setor_externo__expectativas__credito__imoveis,4,3,yield_2y,3,0.008251711171612018
drop_setor_externo__expectativas__credito__imoveis,4,3,yield_2y,4,0.005915123510964737
drop_setor_externo__expectativas__credito__imoveis,4,3,yield_2y,5,0.002746904627037813
drop_setor_externo__expectativas__credito__imoveis,4,3,yield_2y,6,0.0031032011717854807
drop_setor_externo__expectativas__credito__imoveis,4,3,yield_5y,0,0.012239557368323654
drop_setor_externo__expectativas__credito__imoveis,4,3,yield_5y,1,0.012396209855682962
drop_setor_externo__expectativas__credito__imoveis,4,3,yield_5y,2,0.007879875475611092
drop_setor_externo__expectativas__credito__imoveis,4,3,yield_5y,3,0.010409580434307788
drop_setor_externo__expectativas__credito__imoveis,4,3,yield_5y,4,0.00792491868193713
drop_setor_externo__expectativas__credito__imoveis,4,3,yield_5y,5,0.003940069498221695
drop_setor_externo__expectativas__credito__imoveis,4,3,yield_5y,6,0.00419135729598078
drop_setor_externo__expectativas__credito__imoveis,4,3,asset_ibov,0,-10.659656447277321
drop_setor_externo__expectativas__credito__imoveis,4,3,asset_ibov,1,-22.40159330318701
drop_setor_externo__expectativas__credito__imoveis,4,3,asset_ibov,2,-28.123333175038844
drop_setor_externo__expectativas__credito__imoveis,4,3,asset_ibov,3,-36.97794576732408
drop_setor_externo__expectativas__credito__imoveis,4,3,asset_ibov,4,-45.2795114876224
drop_setor_externo__expectativas__credito__imoveis,4,3,asset_ibov,5,-49.88552458972062
drop_setor_externo__expectativas__credito__imoveis,4,3,asset_ibov,6,-55.51204925293786
drop_setor_externo__expectativas__credito__imoveis,4,3,cambio_usd,0,0.18788933846135464
drop_setor_externo__expectativas__credito__imoveis,4,3,cambio_usd,1,0.20601847186154637
drop_setor_externo__expectativas__credito__imoveis,4,3,cambio_usd,2,0.12231908251827876
drop_setor_externo__expectativas__credito__imoveis,4,3,cambio_usd,3,0.16376997946161403
drop_setor_externo__expectativas__credito__imoveis,4,3,cambio_usd,4,0.12980249015573955
drop_setor_externo__expectativas__credito__imoveis,4,3,cambio_usd,5,0.05911732466886484
drop_setor_externo__expectativas__credito__imoveis,4,3,cambio_usd,6,0.061408293983290244
drop_setor_externo__expectativas__eua,4,3,yield_6m,0,0.005
drop_setor_externo__expectativas__eua,4,3,yield_6m,1,0.006634787523833844
drop_setor_externo__expectativas__eua,4,3,yield_6m,2,0.006455803914808551
drop_setor_externo__expectativas__eua,4,3,yield_6m,3,0.007738021902961284
drop_setor_externo__expectativas__eua,4,3,yield_6m,4,0.00613636335680212
drop_setor_externo__expectativas__eua,4,3,yield_6m,5,0.004523231973555818
drop_setor_externo__expectativas__eua,4,3,yield_6m,6,0.005117624549192029
drop_setor_externo__expectativas__eua,4,3,yield_2y,0,0.012099804053716981
drop_setor_externo__expectativas__eua,4,3,yield_2y,1,0.013672058947796438
drop_setor_externo__expectativas__eua,4,3,yield_2y,2,0.009731492518564451
drop_setor_externo__expectativas__eua,4,3,yield_2y,3,0.011489516360510243
drop_setor_externo__expectativas__eua,4,3,yield_2y,4,0.008953997372049962
drop_setor_externo__expectativas__eua,4,3,yield_2y,5,0.004290500362571315
drop_setor_externo__expectativas__eua,4,3,yield_2y,6,0.005143450094610132
drop_setor_externo__expectativas__eua,4,3,yield_5y,0,0.016636570238278678
drop_setor_externo__expectativas__eua,4,3,yield_5y,1,0.01737183294316602
drop_setor_externo__expectativas__eua,4,3,yield_5y,2,0.010639060700339088
drop_setor_externo__expectativas__eua,4,3,yield_5y,3,0.012658439472290204
drop_setor_externo__expectativas__eua,4,3,yield_5y,4,0.009716561470278056
drop_setor_externo__expectativas__eua,4,3,yield_5y,5,0.003184591739824132
drop_setor_externo__expectativas__eua,4,3,yield_5y,6,0.004118569310719196
drop_setor_externo__expectativas__eua,4,3,asset_ibov,0,-16.07039946164552
drop_setor_externo__expectativas__eua,4,3,asset_ibov,1,-30.91841281737665
drop_setor_externo__expectativas__eua,4,3,asset_ibov,2,-37.24519067277047
drop_setor_externo__expectativas__eua,4,3,asset_ibov,3,-44.153307381336035
drop_setor_externo__expectativas__eua,4,3,asset_ibov,4,-52.3432746765968
drop_setor_externo__expectativas__eua,4,3,asset_ibov,5,-54.42560311082787
drop_setor_externo__expectativas__eua,4,3,asset_ibov,6,-57.23728350055131
drop_setor_externo__expectativas__eua,4,3,cambio_usd,0,0.2797704920217291
drop_setor_externo__expectativas__eua,4,3,cambio_usd,1,0.2897675537573704
drop_setor_externo__expectativas__eua,4,3,cambio_usd,2,0.1517528179800338
drop_setor_externo__expectativas__eua,4,3,cambio_usd,3,0.17458323459179612
drop_setor_externo__expectativas__eua,4,3,cambio_usd,4,0.12752591343026562
drop_setor_externo__expectativas__eua,4,3,cambio_usd,5,0.006996243075628853
drop_setor_externo__expectativas__eua,4,3,cambio_usd,6,0.018759727547739986
drop_setor_externo__expectativas__eua__credito,5,1,yield_6m,0,0.005
drop_setor_externo__expectativas__eua__credito,5,1,yield_6m,1,0.006682362829064231
drop_setor_externo__expectativas__eua__credito,5,1,yield_6m,2,0.005092556474308006
drop_setor_externo__expectativas__eua__credito,5,1,yield_6m,3,0.00686057578015019
drop_setor_externo__expectativas__eua__credito,5,1,yield_6m,4,0.004607637004037456
drop_setor_externo__expectativas__eua__credito,5,1,yield_6m,5,0.0022876134045267484
drop_setor_externo__expectativas__eua__credito,5,1,yield_6m,6,0.0029512674170132855
drop_setor_externo__expectativas__eua__credito,5,1,yield_2y,0,0.014323597115133048
drop_setor_externo__expectativas__eua__credito,5,1,yield_2y,1,0.016781920763499877
drop_setor_externo__expectativas__eua__credito,5,1,yield_2y,2,0.010901360561687444
drop_setor_externo__expectativas__eua__credito,5,1,yield_2y,3,0.01406383892326041
drop_setor_externo__expectativas__eua__credito,5,1,yield_2y,4,0.011038032970597286
drop_setor_externo__expectativas__eua__credito,5,1,yield_2y,5,0.005333881961487887
drop_setor_externo__expectativas__eua__credito,5,1,yield_2y,6,0.006177906805578282
drop_setor_externo__expectativas__eua__credito,5,1,yield_5y,0,0.020665274158184057
drop_setor_externo__expectativas__eua__credito,5,1,yield_5y,1,0.022954595149289148
drop_setor_externo__expectativas__eua__credito,5,1,yield_5y,2,0.014251572776176372
drop_setor_externo__expectativas__eua__credito,5,1,yield_5y,3,0.018159225692267827
drop_setor_externo__expectativas__eua__credito,5,1,yield_5y,4,0.015154403511050511
drop_setor_externo__expectativas__eua__credito,5,1,yield_5y,5,0.007499929321450026
drop_setor_externo__expectativas__eua__credito,5,1,yield_5y,6,0.008287529238222305
drop_setor_externo__expectativas__eua__credito,5,1,asset_ibov,0,-19.171998117912025
drop_setor_externo__expectativas__eua__credito,5,1,asset_ibov,1,-39.00096940708564
drop_setor_externo__expectativas__eua__credito,5,1,asset_ibov,2,-49.50265508065591
drop_setor_externo__expectativas__eua__credito,5,1,asset_ibov,3,-63.55702872084835
drop_setor_externo__expectativas__eua__credito,5,1,asset_ibov,4,-77.9849801232322
drop_setor_externo__expectativas__eua__credito,5,1,asset_ibov,5,-86.38887643736936
drop_setor_externo__expectativas__eua__credito,5,1,asset_ibov,6,-96.40288157090944
drop_setor_externo__expectativas__eua__credito,5,1,cambio_usd,0,0.3857972199686924
drop_setor_externo__expectativas__eua__credito,5,1,cambio_usd,1,0.4203725857415583
drop_setor_externo__expectativas__eua__credito,5,1,cambio_usd,2,0.250714955815312
drop_setor_externo__expectativas__eua__credito,5,1,cambio_usd,3,0.3134950208120736
drop_setor_externo__expectativas__eua__credito,5,1,cambio_usd,4,0.25287322864563544
drop_setor_externo__expectativas__eua__credito,5,1,cambio_usd,5,0.11815035314802418
drop_setor_externo__expectativas__eua__credito,5,1,cambio_usd,6,0.13690741933311462
drop_setor_externo__expectativas__eua__credito__imoveis,5,1,yield_6m,0,0.005
drop_setor_externo__expectativas__eua__credito__imoveis,5,1,yield_6m,1,0.00656865726738161
drop_setor_externo__expectativas__eua__credito__imoveis,5,1,yield_6m,2,0.004966136242922224
drop_setor_externo__expectativas__eua__credito__imoveis,5,1,yield_6m,3,0.006965068169817431
drop_setor_externo__expectativas__eua__credito__imoveis,5,1,yield_6m,4,0.004536202363302939
drop_setor_externo__expectativas__eua__credito__imoveis,5,1,yield_6m,5,0.0023018433387981705
drop_setor_externo__expectativas__eua__credito__imoveis,5,1,yield_6m,6,0.00305397099386404
drop_setor_externo__expectativas__eua__credito__imoveis,5,1,yield_2y,0,0.014018362306342997
drop_setor_externo__expectativas__eua__credito__imoveis,5,1,yield_2y,1,0.016360431208220064
drop_setor_externo__expectativas__eua__credito__imoveis,5,1,yield_2y,2,0.010621370039746407
drop_setor_externo__expectativas__eua__credito__imoveis,5,1,yield_2y,3,0.01394391256764417
drop_setor_externo__expectativas__eua__credito__imoveis,5,1,yield_2y,4,0.010765594682801069
drop_setor_externo__expectativas__eua__credito__imoveis,5,1,yield_2y,5,0.005205595509051985
drop_setor_externo__expectativas__eua__credito__imoveis,5,1,yield_2y,6,0.006160857879684028
drop_setor_externo__expectativas__eua__credito__imoveis,5,1,yield_5y,0,0.020323156961565465
drop_setor_externo__expectativas__eua__credito__imoveis,5,1,yield_5y,1,0.02246345347167252
drop_setor_externo__expectativas__eua__credito__imoveis,5,1,yield_5y,2,0.013908696356816647
drop_setor_externo__expectativas__eua__credito__imoveis,5,1,yield_5y,3,0.017813260519644852
drop_setor_externo__expectativas__eua__credito__imoveis,5,1,yield_5y,4,0.014764934983911833
drop_setor_externo__expectativas__eua__credito__imoveis,5,1,yield_5y,5,0.007247612185714889
drop_setor_externo__expectativas__eua__credito__imoveis,5,1,yield_5y,6,0.00813592378591435
drop_setor_externo__expectativas__eua__credito__imoveis,5,1,asset_ibov,0,-18.73443578687254
drop_setor_externo__expectativas__eua__credito__imoveis,5,1,asset_ibov,1,-37.837764339344545
drop_setor_externo__expectativas__eua__credito__imoveis,5,1,asset_ibov,2,-47.77579097126135
drop_setor_externo__expectativas__eua__credito__imoveis,5,1,asset_ibov,3,-61.05835854293961
drop_setor_externo__expectativas__eua__credito__imoveis,5,1,asset_ibov,4,-74.73534666899685
drop_setor_externo__expectativas__eua__credito__imoveis,5,1,asset_ibov,5,-82.4397234945974
drop_setor_externo__expectativas__eua__credito__imoveis,5,1,asset_ibov,6,-91.73732074949733
drop_setor_externo__expectativas__eua__credito__imoveis,5,1,cambio_usd,0,0.3870856926403944
drop_setor_externo__expectativas__eua__credito__imoveis,5,1,cambio_usd,1,0.41793009696320893
drop_setor_externo__expectativas__eua__credito__imoveis,5,1,cambio_usd,2,0.2487741700897874
drop_setor_externo__expectativas__eua__credito__imoveis,5,1,cambio_usd,3,0.30700823843439484
drop_setor_externo__expectativas__eua__credito__imoveis,5,1,cambio_usd,4,0.2498659971299478
drop_setor_externo__expectativas__eua__credito__imoveis,5,1,cambio_usd,5,0.11602776216923538
drop_setor_externo__expectativas__eua__credito__imoveis,5,1,cambio_usd,6,0.13474806037438938
drop_setor_externo__expectativas__eua__imoveis,5,1,yield_6m,0,0.005
drop_setor_externo__expectativas__eua__imoveis,5,1,yield_6m,1,0.008886046437825115
drop_setor_externo__expectativas__eua__imoveis,5,1,yield_6m,2,0.00796401208231859
drop_setor_externo__expectativas__eua__imoveis,5,1,yield_6m,3,0.008563219828653384
drop_setor_externo__expectativas__eua__imoveis,5,1,yield_6m,4,0.007160104186948829
drop_setor_externo__expectativas__eua__imoveis,5,1,yield_6m,5,0.0042665642487951325
drop_setor_externo__expectativas__eua__imoveis,5,1,yield_6m,6,0.005262220024678925
drop_setor_externo__expectativas__eua__imoveis,5,1,yield_2y,0,0.01386045098747586
drop_setor_externo__expectativas__eua__imoveis,5,1,yield_2y,1,0.018083938862008344
drop_setor_externo__expectativas__eua__imoveis,5,1,yield_2y,2,0.01271906213039013
drop_setor_externo__expectativas__eua__imoveis,5,1,yield_2y,3,0.01441868789426889
drop_setor_externo__expectativas__eua__imoveis,5,1,yield_2y,4,0.012404511380991896
drop_setor_externo__expectativas__eua__imoveis,5,1,yield_2y,5,0.006274474127899805
drop_setor_externo__expectativas__eua__imoveis,5,1,yield_2y,6,0.007980854239162954
drop_setor_externo__expectativas__eua__imoveis,5,1,yield_5y,0,0.02024524586598104
drop_setor_externo__expectativas__eua__imoveis,5,1,yield_5y,1,0.02286906993473517
drop_setor_externo__expectativas__eua__imoveis,5,1,yield_5y,2,0.01402384598334348
drop_setor_externo__expectativas__eua__imoveis,5,1,yield_5y,3,0.016728710138777535
drop_setor_externo__expectativas__eua__imoveis,5,1,yield_5y,4,0.014544309013098715
drop_setor_externo__expectativas__eua__imoveis,5,1,yield_5y,5,0.006703313432378103
drop_setor_externo__expectativas__eua__imoveis,5,1,yield_5y,6,0.008845928765164813
drop_setor_externo__expectativas__eua__imoveis,5,1,asset_ibov,0,-20.88778558058725
drop_setor_externo__expectativas__eua__imoveis,5,1,asset_ibov,1,-39.489621969859186
drop_setor_externo__expectativas__eua__imoveis,5,1,asset_ibov,2,-46.77892458867049
drop_setor_externo__expectativas__eua__imoveis,5,1,asset_ibov,3,-57.27929740175933
drop_setor_externo__expectativas__eua__imoveis,5,1,asset_ibov,4,-68.20701109836459
drop_setor_externo__expectativas__eua__imoveis,5,1,asset_ibov,5,-73.21399805800802
drop_setor_externo__expectativas__eua__imoveis,5,1,asset_ibov,6,-80.54789601727308
drop_setor_externo__expectativas__eua__imoveis,5,1,cambio_usd,0,0.3522777976870567
drop_setor_externo__expectativas__eua__imoveis,5,1,cambio_usd,1,0.3832423752468365
drop_setor_externo__expectativas__eua__imoveis,5,1,cambio_usd,2,0.21939103271972932
drop_setor_externo__expectativas__eua__imoveis,5,1,cambio_usd,3,0.26735082552467787
drop_setor_externo__expectativas__eua__imoveis,5,1,cambio_usd,4,0.2194933140567275
drop_setor_externo__expectativas__eua__imoveis,5,1,cambio_usd,5,0.09068207346011878
drop_setor_externo__expectativas__eua__imoveis,5,1,cambio_usd,6,0.13211048098064165
drop_setor_externo__expectativas__imoveis,4,3,yield_6m,0,0.005
drop_setor_externo__expectativas__imoveis,4,3,yield_6m,1,0.004950166927519572
drop_setor_externo__expectativas__imoveis,4,3,yield_6m,2,0.00413494167188588
drop_setor_externo__expectativas__imoveis,4,3,yield_6m,3,0.004975088201827423
drop_setor_externo__expectativas__imoveis,4,3,yield_6m,4,0.0034718899959792445
drop_setor_externo__expectativas__imoveis,4,3,yield_6m,5,0.0025840590205428783
drop_setor_externo__expectativas__imoveis,4,3,yield_6m,6,0.003379554179522201
drop_setor_externo__expectativas__imoveis,4,3,yield_2y,0,0.008762082692057247
drop_setor_externo__expectativas__imoveis,4,3,yield_2y,1,0.009172840947714742
drop_setor_externo__expectativas__imoveis,4,3,yield_2y,2,0.006516040214145289
drop_setor_externo__expectativas__imoveis,4,3,yield_2y,3,0.008178802608698582
drop_setor_externo__expectativas__imoveis,4,3,yield_2y,4,0.0064305298066021374
drop_setor_externo__expectativas__imoveis,4,3,yield_2y,5,0.004582390775079114
drop_setor_externo__expectativas__imoveis,4,3,yield_2y,6,0.005626188410009752
drop_setor_externo__expectativas__imoveis,4,3,yield_5y,0,0.01084273030225354
drop_setor_externo__expectativas__imoveis,4,3,yield_5y,1,0.011224200684237483
drop_setor_externo__expectativas__imoveis,4,3,yield_5y,2,0.007562400579205692
drop_setor_externo__expectativas__imoveis,4,3,yield_5y,3,0.00971230678218158
drop_setor_externo__expectativas__imoveis,4,3,yield_5y,4,0.008159378486742742
drop_setor_externo__expectativas__imoveis,4,3,yield_5y,5,0.005874516675777172
drop_setor_externo__expectativas__imoveis,4,3,yield_5y,6,0.006860111269353843
drop_setor_externo__expectativas__imoveis,4,3,asset_ibov,0,-7.91763677354427
drop_setor_externo__expectativas__imoveis,4,3,asset_ibov,1,-17.789518563100497
drop_setor_externo__expectativas__imoveis,4,3,asset_ibov,2,-22.85075363142149
drop_setor_externo__expectativas__imoveis,4,3,asset_ibov,3,-30.561087303880218
drop_setor_externo__expectativas__imoveis,4,3,asset_ibov,4,-39.1820678069781
drop_setor_externo__expectativas__imoveis,4,3,asset_ibov,5,-45.94815172898399
drop_setor_externo__expectativas__imoveis,4,3,asset_ibov,6,-53.84329292997202
drop_setor_externo__expectativas__imoveis,4,3,cambio_usd,0,0.164000970204346
drop_setor_externo__expectativas__imoveis,4,3,cambio_usd,1,0.18366685257127024
drop_setor_externo__expectativas__imoveis,4,3,cambio_usd,2,0.11308582369073322
drop_setor_externo__expectativas__imoveis,4,3,cambio_usd,3,0.14748490871875883
drop_setor_externo__expectativas__imoveis,4,3,cambio_usd,4,0.1263385490912648
drop_setor_externo__expectativas__imoveis,4,3,cambio_usd,5,0.08596140437251075
drop_setor_externo__expectativas__imoveis,4,3,cambio_usd,6,0.10231853530085429
drop_setor_externo__imoveis,4,1,yield_6m,0,0.005
drop_setor_externo__imoveis,4,1,yield_6m,1,0.00515577751520302
drop_setor_externo__imoveis,4,1,yield_6m,2,0.0038273825131008394
drop_setor_externo__imoveis,4,1,yield_6m,3,0.0053661749110571885
drop_setor_externo__imoveis,4,1,yield_6m,4,0.0030070935037940024
drop_setor_externo__imoveis,4,1,yield_6m,5,0.001574650038186563
drop_setor_externo__imoveis,4,1,yield_6m,6,0.002569272612254865
drop_setor_externo__imoveis,4,1,yield_2y,0,0.01007354617833042
drop_setor_externo__imoveis,4,1,yield_2y,1,0.010761603368447024
drop_setor_externo__imoveis,4,1,yield_2y,2,0.007112354822501671
drop_setor_externo__imoveis,4,1,yield_2y,3,0.0094148838652365
drop_setor_externo__imoveis,4,1,yield_2y,4,0.006353986358714287
drop_setor_externo__imoveis,4,1,yield_2y,5,0.003087235038044325
drop_setor_externo__imoveis,4,1,yield_2y,6,0.004272989760828059
drop_setor_externo__imoveis,4,1,yield_5y,0,0.01301046235494593
drop_setor_externo__imoveis,4,1,yield_5y,1,0.013706959085090287
drop_setor_externo__imoveis,4,1,yield_5y,2,0.008688547633459148
drop_setor_externo__imoveis,4,1,yield_5y,3,0.011217907071296005
drop_setor_externo__imoveis,4,1,yield_5y,4,0.00844529418465956
drop_setor_externo__imoveis,4,1,yield_5y,5,0.004247005490278628
drop_setor_externo__imoveis,4,1,yield_5y,6,0.005178016344561014
drop_setor_externo__imoveis,4,1,asset_ibov,0,-10.981648364944368
drop_setor_externo__imoveis,4,1,asset_ibov,1,-21.598537739161845
drop_setor_externo__imoveis,4,1,asset_ibov,2,-25.96681535902421
drop_setor_externo__imoveis,4,1,asset_ibov,3,-33.10431275802426
drop_setor_externo__imoveis,4,1,asset_ibov,4,-40.164222413130126
drop_setor_externo__imoveis,4,1,asset_ibov,5,-43.811198475582046
drop_setor_externo__imoveis,4,1,asset_ibov,6,-49.525852800575734
drop_setor_externo__imoveis,4,1,cambio_usd,0,0.21248388721862418
drop_setor_externo__imoveis,4,1,cambio_usd,1,0.23691719617898088
drop_setor_externo__imoveis,4,1,cambio_usd,2,0.13921246935933104
drop_setor_externo__imoveis,4,1,cambio_usd,3,0.16429043921129477
drop_setor_externo__imoveis,4,1,cambio_usd,4,0.1428294673534099
drop_setor_externo__imoveis,4,1,cambio_usd,5,0.06461627094823146
drop_setor_externo__imoveis,4,1,cambio_usd,6,0.0631517250963184
