var,grupo,tcode,h,point,lo68,hi68,lo90,hi90,sign,sig68,sig90
cambio_eur,cambio,1,0,0.13537093330805605,0.09470155317342609,0.16963772827401893,0.07319414724651821,0.2050016549662192,1,TRUE,TRUE
cambio_eur,cambio,1,1,0.14401239045830683,0.09607465902433443,0.2029438095256746,0.05905772021968635,0.2388731564756997,1,TRUE,TRUE
cambio_eur,cambio,1,2,0.1039875570586645,0.05452657937268486,0.17155376616832574,0.01732133892469476,0.2186221223480659,1,TRUE,TRUE
cambio_eur,cambio,1,3,0.10431342989369258,0.04863312494774902,0.1726172979024637,0.005294962621939871,0.21852903174250132,1,TRUE,TRUE
cambio_eur,cambio,1,4,0.09010503577517963,0.026999279037121574,0.1642109560638087,-0.012793404421464668,0.21216410211397302,1,TRUE,FALSE
cambio_eur,cambio,1,5,0.05130561419280837,-0.011748192809433376,0.13090933921857217,-0.05723406468030058,0.1831294077252917,1,FALSE,FALSE
cambio_eur,cambio,1,6,0.03140944011871581,-0.027813615628112638,0.11602670829548917,-0.07201393283173295,0.1728534590318472,1,FALSE,FALSE
cambio_eur,cambio,1,7,0.012379969499068298,-0.04669201885865137,0.10127007495577448,-0.09240428719159627,0.15862164991347175,1,FALSE,FALSE
cambio_eur,cambio,1,8,-0.015611283192939543,-0.0719987177104718,0.082463458331851,-0.11420103042405752,0.1386492758421585,-1,FALSE,FALSE
cambio_eur,cambio,1,9,-0.036502779950127656,-0.0894519617701421,0.0661485349700745,-0.13679771001793165,0.11823446271590014,-1,FALSE,FALSE
cambio_eur,cambio,1,10,-0.05339800175519692,-0.10325567639789283,0.054981240659261695,-0.15222828140970965,0.10237056233400309,-1,FALSE,FALSE
cambio_eur,cambio,1,11,-0.07098558470837578,-0.11803110046958551,0.039264127753990116,-0.16980240262849278,0.0867154495159621,-1,FALSE,FALSE
cambio_eur,cambio,1,12,-0.08451971597606175,-0.13131543605738422,0.02742495832877804,-0.18224005046834815,0.07058828137136863,-1,FALSE,FALSE
cambio_eur,cambio,1,13,-0.09475113895334172,-0.14323524179853192,0.01613088123640849,-0.19522845814852724,0.05881230296441018,-1,FALSE,FALSE
cambio_eur,cambio,1,14,-0.10339588904399402,-0.15298468557863273,0.006228203458007963,-0.20967299952953386,0.05064255008689361,-1,FALSE,FALSE
cambio_eur,cambio,1,15,-0.10954264551580854,-0.15772010602168368,-0.0036791692639466184,-0.21888254705497998,0.044675058652583886,-1,TRUE,FALSE
cambio_eur,cambio,1,16,-0.11339728337602718,-0.1657858736184283,-0.010974246411151838,-0.22602310822845215,0.040013941122391275,-1,TRUE,FALSE
cambio_eur,cambio,1,17,-0.11562100698481337,-0.17258481335903886,-0.017605881212264942,-0.23286630462363508,0.029977437199736175,-1,TRUE,FALSE
cambio_eur,cambio,1,18,-0.11622725099625207,-0.17418366865033133,-0.02591786825645462,-0.23704987876863168,0.024755623240325236,-1,TRUE,FALSE
cambio_eur,cambio,1,19,-0.11534587573716414,-0.17767193299678907,-0.029275194198000863,-0.23549576081715698,0.019807436655946406,-1,TRUE,FALSE
cambio_eur,cambio,1,20,-0.11326682711309272,-0.1773346503020465,-0.028432185996673836,-0.24118849992100136,0.0183062483855885,-1,TRUE,FALSE
cambio_eur,cambio,1,21,-0.11015176305890335,-0.17369933249052283,-0.027766649060297136,-0.23762007093434842,0.017459880692432747,-1,TRUE,FALSE
cambio_eur,cambio,1,22,-0.10611679121389771,-0.1726652435439155,-0.026743233401913286,-0.2403946441310618,0.012655506243226654,-1,TRUE,FALSE
cambio_eur,cambio,1,23,-0.10130811159353506,-0.16968050267876383,-0.024871383995240588,-0.2404704069863617,0.014600909245041939,-1,TRUE,FALSE
cambio_eur,cambio,1,24,-0.09586486537590433,-0.16556834878269436,-0.02461717903835061,-0.232931445379242,0.01564023531820802,-1,TRUE,FALSE
cambio_eur,cambio,1,25,-0.08988819644330238,-0.16031980731523998,-0.022637017134009025,-0.22667338954618707,0.017264978040869603,-1,TRUE,FALSE
cambio_eur,cambio,1,26,-0.08347395957077666,-0.1540047736714793,-0.020751225833314627,-0.2229192268400138,0.01853333799650383,-1,TRUE,FALSE
cambio_eur,cambio,1,27,-0.07672577369773677,-0.14869805369458364,-0.02021967015915162,-0.21594854643209782,0.01973136632743346,-1,TRUE,FALSE
cambio_eur,cambio,1,28,-0.06973011332650067,-0.14182424288487996,-0.012156517974119048,-0.21272887757524356,0.01963533693288907,-1,TRUE,FALSE
cambio_eur,cambio,1,29,-0.06256378758362868,-0.13666305908585233,-0.00960714918517136,-0.2023039371348512,0.023758950232625087,-1,TRUE,FALSE
cambio_eur,cambio,1,30,-0.05530600278006386,-0.13213025557891697,-0.00611093411568604,-0.19499166543494392,0.029157319193463992,-1,TRUE,FALSE
cambio_eur,cambio,1,31,-0.04802826960894443,-0.1240203420986218,-0.0014337106831374936,-0.18368735720580043,0.03488962790723775,-1,TRUE,FALSE
cambio_eur,cambio,1,32,-0.04079416843224253,-0.11744740182748743,0.0034092305012049995,-0.17473581138717467,0.04121100953601617,-1,FALSE,FALSE
cambio_eur,cambio,1,33,-0.033664850965383956,-0.11133284110547814,0.010513702476191275,-0.162732932556305,0.04851977830735204,-1,FALSE,FALSE
cambio_eur,cambio,1,34,-0.026696039533817523,-0.10532095847844984,0.015839376312991437,-0.15905500091493355,0.055315707938306875,-1,FALSE,FALSE
cambio_eur,cambio,1,35,-0.01993693319110671,-0.1004180908863006,0.02244442258735675,-0.14933899308458767,0.05840511774900575,-1,FALSE,FALSE
cambio_eur,cambio,1,36,-0.013432070598739583,-0.09404343953945252,0.027753788927963166,-0.14269382608065626,0.06490166322078539,-1,FALSE,FALSE
cambio_eur,cambio,1,37,-0.007220715140996731,-0.08730779677218432,0.03388715124170164,-0.1350730708570619,0.06900956328622931,-1,FALSE,FALSE
cambio_eur,cambio,1,38,-0.001336326350778547,-0.08038600588158543,0.04095095949064024,-0.1278644151560054,0.07456655451036584,-1,FALSE,FALSE
cambio_eur,cambio,1,39,0.00419284502601582,-0.0774866693005487,0.04598212331731472,-0.12298500825562031,0.08114864930216005,1,FALSE,FALSE
cambio_eur,cambio,1,40,0.009343681943620454,-0.07025903179775297,0.0507652432313046,-0.11408814803702673,0.08620319633141872,1,FALSE,FALSE
cambio_eur,cambio,1,41,0.014098238939365931,-0.06501362770305284,0.05479606163431455,-0.10918152259586975,0.09530812195765952,1,FALSE,FALSE
cambio_eur,cambio,1,42,0.018443428477326992,-0.06114237154591284,0.056479514526245084,-0.10492556020208366,0.10158085019225165,1,FALSE,FALSE
cambio_eur,cambio,1,43,0.02237074737200969,-0.058318661920661645,0.059636852625237956,-0.09968618710609096,0.10631602084313103,1,FALSE,FALSE
cambio_eur,cambio,1,44,0.025876061917348047,-0.054295733189843584,0.0641095142765781,-0.09692810697039915,0.11107844968288916,1,FALSE,FALSE
cambio_eur,cambio,1,45,0.028959303766138013,-0.04667825561680961,0.06744933224977495,-0.09358552940991291,0.11854960593958738,1,FALSE,FALSE
cambio_eur,cambio,1,46,0.03162413723492316,-0.04316491835526756,0.07147070968630759,-0.0881893272436758,0.11857784722654197,1,FALSE,FALSE
cambio_eur,cambio,1,47,0.03387764624243177,-0.04108064983048336,0.07615876233787028,-0.08400220518348939,0.12087576777343981,1,FALSE,FALSE
cambio_eur,cambio,1,48,0.035730009327415956,-0.037225516668346795,0.07964184473701047,-0.07976740779652042,0.1258650913491639,1,FALSE,FALSE
cambio_cny,cambio,1,0,0.021831601427607074,0.01630073179153581,0.026465461901788744,0.013999348197684986,0.030904518139417993,1,TRUE,TRUE
cambio_cny,cambio,1,1,0.023808329063098863,0.017440397964228447,0.031585732119482283,0.012927106752062732,0.03750438751894686,1,TRUE,TRUE
cambio_cny,cambio,1,2,0.01944497684254679,0.013059189419200644,0.028489216105799985,0.007631163340366072,0.03501479347913274,1,TRUE,TRUE
cambio_cny,cambio,1,3,0.020340464677044784,0.01305270431322479,0.029282224741093325,0.006919600455588919,0.035548337343349945,1,TRUE,TRUE
cambio_cny,cambio,1,4,0.018849197572452396,0.010952484397710143,0.028516186388049466,0.005043780750079504,0.035335221374245745,1,TRUE,TRUE
cambio_cny,cambio,1,5,0.013966521855157404,0.006039296562800613,0.02464739742887164,-2.1151846304326384e-4,0.03216702541554174,1,TRUE,FALSE
cambio_cny,cambio,1,6,0.011476876351492629,0.003470572670301655,0.023821343931847833,-0.002980375916226047,0.03091672116415211,1,TRUE,FALSE
cambio_cny,cambio,1,7,0.008829530370010245,0.0011168847979184996,0.022475351686188715,-0.005470655395530852,0.02913089133770924,1,TRUE,FALSE
cambio_cny,cambio,1,8,0.0049099692243108,-0.001723403027087705,0.019964886345284483,-0.008817181809944914,0.02783119291546495,1,FALSE,FALSE
cambio_cny,cambio,1,9,0.0018194712475253993,-0.003925195102423395,0.01791502450621235,-0.011401041320783413,0.026315773176136883,1,FALSE,FALSE
cambio_cny,cambio,1,10,-8.67369700783701e-4,-0.006231985291693257,0.01619320443165712,-0.013731683063063686,0.0242191982673785,-1,FALSE,FALSE
cambio_cny,cambio,1,11,-0.003685786731836237,-0.008414142830955576,0.014120672333349397,-0.015780798675519694,0.022028496170868515,-1,FALSE,FALSE
cambio_cny,cambio,1,12,-0.006021353209939747,-0.010427019178836766,0.01214483850025432,-0.018195278204653314,0.019905394743107884,-1,FALSE,FALSE
cambio_cny,cambio,1,13,-0.007966417589560364,-0.012021880923443598,0.01058969095137708,-0.020322083832704223,0.018172044369388234,-1,FALSE,FALSE
cambio_cny,cambio,1,14,-0.009717521627559482,-0.01403996261577624,0.009009402067650373,-0.021931843390734687,0.016618614436479193,-1,FALSE,FALSE
cambio_cny,cambio,1,15,-0.01115445828158365,-0.01532105394950976,0.007433861265338656,-0.02328985204026974,0.015010190608487418,-1,FALSE,FALSE
cambio_cny,cambio,1,16,-0.012297399311801271,-0.016605777083710943,0.005895173176642185,-0.024823354199676836,0.01321764672323795,-1,FALSE,FALSE
cambio_cny,cambio,1,17,-0.013221593354667634,-0.017852748923817843,0.004378005612989706,-0.025817272467625427,0.011406176177580482,-1,FALSE,FALSE
cambio_cny,cambio,1,18,-0.01392545291677861,-0.018663788571461816,0.002867930934606448,-0.026917820847256607,0.00962422201429715,-1,FALSE,FALSE
cambio_cny,cambio,1,19,-0.014420754292344138,-0.019294863420275015,0.0016738341715705728,-0.027886653438547376,0.008534005678546031,-1,FALSE,FALSE
cambio_cny,cambio,1,20,-0.01473984637899171,-0.020086355319598785,9.796930922829337e-4,-0.029143620612508688,0.008058383445284704,-1,FALSE,FALSE
cambio_cny,cambio,1,21,-0.014900731543212357,-0.02041069927703329,3.323964865351811e-5,-0.02936746397435337,0.007842694861190897,-1,FALSE,FALSE
cambio_cny,cambio,1,22,-0.014914881304910388,-0.020672629871543054,-5.552684772121408e-4,-0.02952601909692055,0.006984108880750372,-1,TRUE,FALSE
cambio_cny,cambio,1,23,-0.01479812597087803,-0.02060252096447144,-8.431695596163079e-4,-0.03000616126954852,0.006568048599943644,-1,TRUE,FALSE
cambio_cny,cambio,1,24,-0.014566294984043236,-0.020851001433247977,-0.0010454647297080022,-0.02986064583992224,0.005973898729700772,-1,TRUE,FALSE
cambio_cny,cambio,1,25,-0.014230310798728923,-0.020928943979096653,-0.0014090447778013623,-0.029242377036640958,0.005661608953199517,-1,TRUE,FALSE
cambio_cny,cambio,1,26,-0.01380089374817267,-0.020656910688947625,-0.0012979071626692887,-0.029156759336521922,0.005411168379600932,-1,TRUE,FALSE
cambio_cny,cambio,1,27,-0.013290318929638681,-0.02018460257652814,-0.0013859677101017516,-0.028866859483693004,0.005150549541569908,-1,TRUE,FALSE
cambio_cny,cambio,1,28,-0.012708925592680697,-0.019769036843149863,-0.0014508094060670198,-0.02896813040666989,0.005196569737063558,-1,TRUE,FALSE
cambio_cny,cambio,1,29,-0.012066224199103377,-0.019344883132271225,-0.0014317168544426644,-0.028156092295934493,0.005031691318393671,-1,TRUE,FALSE
cambio_cny,cambio,1,30,-0.01137244558003162,-0.018536148291520924,-0.0010323142050304884,-0.02736515105293492,0.005441222885406586,-1,TRUE,FALSE
cambio_cny,cambio,1,31,-0.010637148392236416,-0.018281238111840147,-5.114564318730794e-4,-0.02673520309576886,0.005117649196661224,-1,TRUE,FALSE
cambio_cny,cambio,1,32,-0.009869206501658918,-0.018066544696528266,-1.89337055413865e-4,-0.025810389301287817,0.005383004944975448,-1,TRUE,FALSE
cambio_cny,cambio,1,33,-0.0090774876309473,-0.01756962135428739,2.0074051430118216e-4,-0.02540543537001916,0.005864361270098536,-1,FALSE,FALSE
cambio_cny,cambio,1,34,-0.008270421857727358,-0.01687531365709572,6.83200392837351e-4,-0.024008844610429608,0.006128990859514373,-1,FALSE,FALSE
cambio_cny,cambio,1,35,-0.007455840318802385,-0.01605885214654546,0.0013513638001623632,-0.023439405227964834,0.006484465175176387,-1,FALSE,FALSE
cambio_cny,cambio,1,36,-0.006641180135974088,-0.015474889983317936,0.001975085978694522,-0.022415027113779063,0.007507136988808981,-1,FALSE,FALSE
cambio_cny,cambio,1,37,-0.005833371310525151,-0.014773810003232555,0.0024257526042279843,-0.022280474660763296,0.007955571749609902,-1,FALSE,FALSE
cambio_cny,cambio,1,38,-0.005038740305509159,-0.014077540730273036,0.0030717754354407617,-0.021511489330190012,0.00821183129391053,-1,FALSE,FALSE
cambio_cny,cambio,1,39,-0.004263054971861724,-0.013223579729517064,0.0037864074907497584,-0.02099854660337299,0.008411929931560936,-1,FALSE,FALSE
cambio_cny,cambio,1,40,-0.0035115056083045875,-0.012578587908879892,0.004263429295245092,-0.02000041105051569,0.008874419957834546,-1,FALSE,FALSE
cambio_cny,cambio,1,41,-0.002788673725759553,-0.011738422197669717,0.004833102362720113,-0.018891973543143408,0.010038748850956394,-1,FALSE,FALSE
cambio_cny,cambio,1,42,-0.002098546497439472,-0.011190828697973875,0.005640284685976307,-0.018141921877983882,0.010542081780995504,-1,FALSE,FALSE
cambio_cny,cambio,1,43,-0.0014445287910176774,-0.010595935223649452,0.006257121774687574,-0.017790367397014253,0.011315502166598766,-1,FALSE,FALSE
cambio_cny,cambio,1,44,-8.294495093561524e-4,-0.009892874445852379,0.0068300296102857695,-0.017147421014641756,0.012309781576192825,-1,FALSE,FALSE
cambio_cny,cambio,1,45,-2.555809677282252e-4,-0.009530904919061913,0.007247483083369801,-0.01605493327230753,0.013218426961705856,-1,FALSE,FALSE
cambio_cny,cambio,1,46,2.753357583966435e-4,-0.009074251140815328,0.007583584390812309,-0.015625172194388616,0.013956668036608322,1,FALSE,FALSE
cambio_cny,cambio,1,47,7.620661826125318e-4,-0.008371613630932475,0.008130299980279967,-0.015050196747662767,0.014719199255412166,1,FALSE,FALSE
cambio_cny,cambio,1,48,0.0012038544616792188,-0.00784696531278908,0.008664238342929273,-0.014484893015256127,0.015581153106181961,1,FALSE,FALSE
cambio_ars,cambio,1,0,0.006478784258626647,0.00394623894836605,0.008478717908671937,0.0027350487692110914,0.010105911991713028,1,TRUE,TRUE
cambio_ars,cambio,1,1,0.00721644491092869,0.004375536344259738,0.009568880746168958,0.0031612515561150155,0.011796847537153864,1,TRUE,TRUE
cambio_ars,cambio,1,2,0.006664491236072407,0.003533315497220654,0.00906010067788,0.0021847130588227154,0.011579615315117172,1,TRUE,TRUE
cambio_ars,cambio,1,3,0.007443377454837235,0.003826773545829445,0.009683743104863014,0.0024424159051509475,0.011991774205214424,1,TRUE,TRUE
cambio_ars,cambio,1,4,0.007357886859802704,0.003651005344959289,0.009849116506012338,0.0021439844803032744,0.012153253934838187,1,TRUE,TRUE
cambio_ars,cambio,1,5,0.006486907294858203,0.002835420992894856,0.009341555548684616,0.0011336940615451982,0.01162249579049689,1,TRUE,TRUE
cambio_ars,cambio,1,6,0.006184742738857316,0.002822578404472106,0.009364060442453935,8.742459605155067e-4,0.011932865435354031,1,TRUE,TRUE
cambio_ars,cambio,1,7,0.005681030520214241,0.0025499665034830876,0.009339156744805404,5.958404602926143e-4,0.01195789052786866,1,TRUE,TRUE
cambio_ars,cambio,1,8,0.004844745930562692,0.002077445842154956,0.008954160323336003,1.3719067129617293e-4,0.012066422446423392,1,TRUE,TRUE
cambio_ars,cambio,1,9,0.004162329994290899,0.001711428029615064,0.00860657348171628,-3.1689053355561604e-4,0.011946969677758504,1,TRUE,FALSE
cambio_ars,cambio,1,10,0.003498927975445975,0.001326724992908684,0.008305214326465107,-6.922588013902591e-4,0.011653698118007677,1,TRUE,FALSE
cambio_ars,cambio,1,11,0.0027656850617570174,8.090689557583493e-4,0.007808494988918047,-0.0011014639739468156,0.011206027217674263,1,TRUE,FALSE
cambio_ars,cambio,1,12,0.0021046141977119283,3.8548249569558287e-4,0.0074182317334492,-0.0014219287634995032,0.011023011058731016,1,TRUE,FALSE
cambio_ars,cambio,1,13,0.0014912474692744765,2.179521823420346e-5,0.0068968324170190064,-0.001780757096961249,0.010713459624434344,1,TRUE,FALSE
cambio_ars,cambio,1,14,8.920063991331785e-4,-4.3198043301775847e-4,0.006309090882272121,-0.002094665078054829,0.010241675691276606,1,FALSE,FALSE
cambio_ars,cambio,1,15,3.366543368285659e-4,-8.476066826590036e-4,0.005724891021452512,-0.0025024338515865995,0.009703002298299804,1,FALSE,FALSE
cambio_ars,cambio,1,16,-1.7562751630857237e-4,-0.001258781937835643,0.005129371158907466,-0.002930642084309925,0.00924262393330123,-1,FALSE,FALSE
cambio_ars,cambio,1,17,-6.55608178388258e-4,-0.0017010033433032105,0.004606371535122143,-0.00327628295352288,0.00898505385147427,-1,FALSE,FALSE
cambio_ars,cambio,1,18,-0.0010997044773339894,-0.00209444796717615,0.003962101561671258,-0.003681030798949193,0.008437852534662237,-1,FALSE,FALSE
cambio_ars,cambio,1,19,-0.0015063323190620964,-0.0025223922572712265,0.0035336606353763454,-0.004171391035896792,0.007899573633194589,-1,FALSE,FALSE
cambio_ars,cambio,1,20,-0.0018785082221207353,-0.0028770286343185,0.003141731521201409,-0.004585941922758488,0.007384702357339284,-1,FALSE,FALSE
cambio_ars,cambio,1,21,-0.002217125014259275,-0.003174592321042747,0.002816531614679694,-0.004957235870156053,0.006659235355742206,-1,FALSE,FALSE
cambio_ars,cambio,1,22,-0.002521308120165076,-0.0034953514918217477,0.002424645845356629,-0.0054013033771510306,0.005992838682479183,-1,FALSE,FALSE
cambio_ars,cambio,1,23,-0.002791530788398742,-0.0037598314177006175,0.00201358180322505,-0.005880106264096323,0.005389383910142928,-1,FALSE,FALSE
cambio_ars,cambio,1,24,-0.0030287898412214294,-0.003969024481444593,0.0015947834297126303,-0.00628786494003346,0.004886052636963586,-1,FALSE,FALSE
cambio_ars,cambio,1,25,-0.0032330536623389754,-0.004285722283250166,0.00125640769037262,-0.006603372797385673,0.004403050853071161,-1,FALSE,FALSE
cambio_ars,cambio,1,26,-0.0034046135341314803,-0.004549832461193331,0.0011335206566128134,-0.006887550168218353,0.00393030144632594,-1,FALSE,FALSE
cambio_ars,cambio,1,27,-0.0035444663777367885,-0.0047203144804394285,8.768734186504362e-4,-0.007073167523522018,0.0036457081776286805,-1,FALSE,FALSE
cambio_ars,cambio,1,28,-0.003653374418198504,-0.0048693731424320295,6.513137488933387e-4,-0.007143972114343074,0.00327565423553498,-1,FALSE,FALSE
cambio_ars,cambio,1,29,-0.003732215684587389,-0.004904584655343404,5.344726839252696e-4,-0.007419936973127175,0.002930130017787221,-1,FALSE,FALSE
cambio_ars,cambio,1,30,-0.003782309431108619,-0.0050106533764458,3.864690370875705e-4,-0.007521657689121883,0.0027834723813355035,-1,FALSE,FALSE
cambio_ars,cambio,1,31,-0.0038050422169316174,-0.0050635056199261445,2.7847690351030764e-4,-0.007769413022008958,0.0025851147543898066,-1,FALSE,FALSE
cambio_ars,cambio,1,32,-0.0038018863204476215,-0.005011469040903395,2.3806835019814983e-4,-0.007738221354838526,0.002374012718742136,-1,FALSE,FALSE
cambio_ars,cambio,1,33,-0.003774533907871148,-0.0049304393937126345,1.462510769739512e-4,-0.007708966874683276,0.0021503290218113638,-1,FALSE,FALSE
cambio_ars,cambio,1,34,-0.0037247709645995097,-0.004827486132705022,1.4191181359843983e-4,-0.007685538619391915,0.002033083814545576,-1,FALSE,FALSE
cambio_ars,cambio,1,35,-0.003654434394156451,-0.004788472514547027,1.6924675745446456e-4,-0.007727651694252382,0.002084461951485052,-1,FALSE,FALSE
cambio_ars,cambio,1,36,-0.003565441306283568,-0.004881841369251808,1.9215395285265653e-4,-0.00767995774334916,0.0019317432523509094,-1,FALSE,FALSE
cambio_ars,cambio,1,37,-0.0034597445834190876,-0.0047613330469836535,2.561763760424164e-4,-0.007496000596133134,0.0018799347191431682,-1,FALSE,FALSE
cambio_ars,cambio,1,38,-0.0033392972333755534,-0.004771408794737602,2.807750741156717e-4,-0.007430881917398762,0.0018105367372550473,-1,FALSE,FALSE
cambio_ars,cambio,1,39,-0.0032060465108403836,-0.004615350154041421,3.3350875197400123e-4,-0.0073753793841468745,0.0018091080564334697,-1,FALSE,FALSE
cambio_ars,cambio,1,40,-0.0030619139021726255,-0.004536368480567303,3.564734776045042e-4,-0.00749461419835643,0.0019265074300549162,-1,FALSE,FALSE
cambio_ars,cambio,1,41,-0.0029087734192337574,-0.004497748160837303,4.5721631856080136e-4,-0.007521637432365737,0.0019667395074352135,-1,FALSE,FALSE
cambio_ars,cambio,1,42,-0.002748440151475986,-0.0044399120244803785,6.103909778476908e-4,-0.0072834848956453225,0.0020826991017403322,-1,FALSE,FALSE
cambio_ars,cambio,1,43,-0.0025826590392441767,-0.004335598425546794,7.206817712700368e-4,-0.007097695931737801,0.0020743157027676737,-1,FALSE,FALSE
cambio_ars,cambio,1,44,-0.0024130929288278093,-0.004231928499944009,7.953248557374373e-4,-0.006848419610661323,0.002100508039195711,-1,FALSE,FALSE
cambio_ars,cambio,1,45,-0.0022413141045836173,-0.004096052702798673,9.396120403105692e-4,-0.006799197792785704,0.0023268186339682794,-1,FALSE,FALSE
cambio_ars,cambio,1,46,-0.0020687980229393698,-0.00397153679665717,0.0010687794540033344,-0.006507528126836689,0.0023732114705865923,-1,FALSE,FALSE
cambio_ars,cambio,1,47,-0.0018969175663591765,-0.0038138140055067674,0.0012165590662213297,-0.006410470423771693,0.002497259805642756,-1,FALSE,FALSE
cambio_ars,cambio,1,48,-0.0017269387946555776,-0.0037142491229947396,0.0013749315669186089,-0.006315828023677841,0.002761275520301948,-1,FALSE,FALSE
cambio_inr,cambio,1,0,0.0017967912478520107,0.0013140520466120064,0.0022471392638475918,0.0010841153450964094,0.002620457262266431,1,TRUE,TRUE
cambio_inr,cambio,1,1,0.001946934149503978,0.0014008982710074687,0.0026471147801994726,9.879206881681613e-4,0.0031257939922892863,1,TRUE,TRUE
cambio_inr,cambio,1,2,0.0015461450259993234,0.0010152585500589509,0.00234029112563402,5.38446436878983e-4,0.0029852945208114776,1,TRUE,TRUE
cambio_inr,cambio,1,3,0.0015838998974635416,9.98083551395746e-4,0.0023538864347379105,4.7924096119368516e-4,0.0029099514727626286,1,TRUE,TRUE
cambio_inr,cambio,1,4,0.0014388122789552166,8.098502946010556e-4,0.002286456729864655,2.8450348602576485e-4,0.0028928603218147057,1,TRUE,TRUE
cambio_inr,cambio,1,5,0.0010024412084021575,4.1078762196042497e-4,0.0019412550253675108,-1.504001989691513e-4,0.002586232119434404,1,TRUE,FALSE
cambio_inr,cambio,1,6,7.81939227587125e-4,1.7270341287463486e-4,0.001872638818441805,-3.7532839478827485e-4,0.002502284530486312,1,TRUE,FALSE
cambio_inr,cambio,1,7,5.585408699372634e-4,-2.4471207581528535e-5,0.0017140249848794189,-5.762809581548071e-4,0.002335086627689449,1,FALSE,FALSE
cambio_inr,cambio,1,8,2.2500027145577306e-4,-2.60539299807608e-4,0.0015465210202459609,-8.84932821024348e-4,0.0021281143875574553,1,FALSE,FALSE
cambio_inr,cambio,1,9,-3.024228916132001e-5,-4.649317932283824e-4,0.0013549340876111006,-0.0011302392267978339,0.0019787977936377575,-1,FALSE,FALSE
cambio_inr,cambio,1,10,-2.448691973763297e-4,-6.707012821047486e-4,0.001201025129576818,-0.001279400418431401,0.001796943341350171,-1,FALSE,FALSE
cambio_inr,cambio,1,11,-4.713764985927382e-4,-8.47357650872328e-4,0.0010788231217619217,-0.0014802465096462765,0.0016578449051417056,-1,FALSE,FALSE
cambio_inr,cambio,1,12,-6.534280709583019e-4,-0.001026601868141375,9.411425295280094e-4,-0.0016553735637208082,0.0014651069114868433,-1,FALSE,FALSE
cambio_inr,cambio,1,13,-7.998715411062533e-4,-0.001125034665039933,7.931094745124154e-4,-0.0018045970437333579,0.0013202155204850206,-1,FALSE,FALSE
cambio_inr,cambio,1,14,-9.300408561955868e-4,-0.001261418550034555,6.24865456185005e-4,-0.0019360716000353536,0.0011831766897308367,-1,FALSE,FALSE
cambio_inr,cambio,1,15,-0.0010327197035286232,-0.001360745787564375,4.7681194384865543e-4,-0.0020773153461873164,0.0011097298244202155,-1,FALSE,FALSE
cambio_inr,cambio,1,16,-0.0011099771819255084,-0.0014595642091499738,3.7396210629649844e-4,-0.002131569505159408,9.75326351682546e-4,-1,FALSE,FALSE
cambio_inr,cambio,1,17,-0.0011690865888459255,-0.0015575252000922103,2.828514120618213e-4,-0.002226784053497314,8.947890235228046e-4,-1,FALSE,FALSE
cambio_inr,cambio,1,18,-0.0012097872202009963,-0.0016012415939922987,1.7942252459723966e-4,-0.0023135668086590607,7.221012889262921e-4,-1,FALSE,FALSE
cambio_inr,cambio,1,19,-0.0012332405523490123,-0.0016476955194788651,8.720285452398702e-5,-0.0023480044939747447,6.583928219045083e-4,-1,FALSE,FALSE
cambio_inr,cambio,1,20,-0.001242493894204145,-0.0016872599236773145,2.0143598300731713e-6,-0.0024040819326976853,6.077954666904451e-4,-1,FALSE,FALSE
cambio_inr,cambio,1,21,-0.001239118691819632,-0.001712415007683365,-5.693618481825711e-5,-0.0024519959710381533,5.618181089405696e-4,-1,TRUE,FALSE
cambio_inr,cambio,1,22,-0.0012241817844165612,-0.0017145915680836185,-8.83089358811142e-5,-0.002448414051444177,5.333370294326546e-4,-1,TRUE,FALSE
cambio_inr,cambio,1,23,-0.0011991358239996106,-0.0017153291191428673,-9.897759642873765e-5,-0.002443568763128143,4.995508194087698e-4,-1,TRUE,FALSE
cambio_inr,cambio,1,24,-0.001165375603643956,-0.0017260628780948243,-1.1001046481915617e-4,-0.0024373663552070984,4.615888459973236e-4,-1,TRUE,FALSE
cambio_inr,cambio,1,25,-0.001123878124912775,-0.0017136479375897047,-1.05016039833144e-4,-0.0023922094828820284,4.2228063055229053e-4,-1,TRUE,FALSE
cambio_inr,cambio,1,26,-0.001075593459072854,-0.0016610907237182297,-1.0723270664242159e-4,-0.0023675586506432334,4.2856545659182376e-4,-1,TRUE,FALSE
cambio_inr,cambio,1,27,-0.0010215899851702187,-0.0016140007244178035,-1.1581524696291109e-4,-0.0023528006906672625,3.994186833539003e-4,-1,TRUE,FALSE
cambio_inr,cambio,1,28,-9.6276167256536e-4,-0.0015797809348202171,-1.0878359041620916e-4,-0.0023019720893468505,4.33150400492143e-4,-1,TRUE,FALSE
cambio_inr,cambio,1,29,-8.999193825257427e-4,-0.0015262300830172254,-7.579649786223579e-5,-0.002282704236458624,4.048570817168036e-4,-1,TRUE,FALSE
cambio_inr,cambio,1,30,-8.33927880476677e-4,-0.0014747947231983048,-4.1732056564309056e-5,-0.0022441193327744162,4.079222605421178e-4,-1,TRUE,FALSE
cambio_inr,cambio,1,31,-7.65585259593956e-4,-0.0014411070196536952,-7.5521084431225025e-6,-0.002168781488723209,4.302269085881803e-4,-1,TRUE,FALSE
cambio_inr,cambio,1,32,-6.956206188289523e-4,-0.0013970265181382656,3.070764486485028e-5,-0.0020951864952828436,5.03102379771974e-4,-1,FALSE,FALSE
cambio_inr,cambio,1,33,-6.247559764841771e-4,-0.0013327764781325788,7.132268895955547e-5,-0.0020294242184605636,5.279577430396632e-4,-1,FALSE,FALSE
cambio_inr,cambio,1,34,-5.536687506378845e-4,-0.0013032788620792083,1.278822230574181e-4,-0.0019186009856106082,5.99363555242471e-4,-1,FALSE,FALSE
cambio_inr,cambio,1,35,-4.829777652545947e-4,-0.001244693336953605,1.7869938032234967e-4,-0.0018555129171538443,6.213322472109711e-4,-1,FALSE,FALSE
cambio_inr,cambio,1,36,-4.1326310764543004e-4,-0.001206014535043253,2.3360552659545473e-4,-0.0018080365535424032,6.355243198571565e-4,-1,FALSE,FALSE
cambio_inr,cambio,1,37,-3.4505686411121325e-4,-0.0011282064111419181,2.986420375168344e-4,-0.001743595467779791,6.771717482105823e-4,-1,FALSE,FALSE
cambio_inr,cambio,1,38,-2.7883528428364487e-4,-0.0010678477635680922,3.3147607173839445e-4,-0.0016859004810077336,7.010449706602529e-4,-1,FALSE,FALSE
cambio_inr,cambio,1,39,-2.1502400947828894e-4,-0.0010201090735115687,3.9571069437854757e-4,-0.0016059732142962636,7.811088710904938e-4,-1,FALSE,FALSE
cambio_inr,cambio,1,40,-1.5399719188903622e-4,-9.658266912851869e-4,4.5127342591708326e-4,-0.0015085680219165355,8.223511035287094e-4,-1,FALSE,FALSE
cambio_inr,cambio,1,41,-9.607544888047328e-5,-8.93997560639072e-4,4.943671745236514e-4,-0.0014499669697145812,8.993193341297753e-4,-1,FALSE,FALSE
cambio_inr,cambio,1,42,-4.152800028454936e-5,-8.400655113011375e-4,5.406962575440709e-4,-0.0014199795812962158,9.469565403421652e-4,-1,FALSE,FALSE
cambio_inr,cambio,1,43,9.425609713863774e-6,-7.893908465963212e-4,5.837724899231151e-4,-0.0013425055342180042,0.0010440386141558373,1,FALSE,FALSE
cambio_inr,cambio,1,44,5.66143790733455e-5,-7.449042202593603e-4,6.167104430812357e-4,-0.0012975471581399274,0.0010816979336531747,1,FALSE,FALSE
cambio_inr,cambio,1,45,9.991357281535357e-5,-7.266643238637902e-4,6.691617077337639e-4,-0.0012403903640527366,0.001157132290490895,1,FALSE,FALSE
cambio_inr,cambio,1,46,1.3924202702504613e-4,-6.688150222379362e-4,6.947841865175245e-4,-0.0012082501471982596,0.001235930035140707,1,FALSE,FALSE
cambio_inr,cambio,1,47,1.7455958914839095e-4,-6.309292715544296e-4,7.330943946771094e-4,-0.0011489651649447226,0.0012786970046029487,1,FALSE,FALSE
cambio_inr,cambio,1,48,2.0586431849389905e-4,-5.76746419414703e-4,7.928616440289098e-4,-0.0011197264068444996,0.0013158119858742209,1,FALSE,FALSE
cambio_usd,cambio,1,0,0.15385505120831833,0.11342947845549267,0.1877512434952768,0.09490752244322509,0.2166332331650578,1,TRUE,TRUE
cambio_usd,cambio,1,1,0.16310072804933617,0.11850977560105788,0.21847252821047,0.08512711676558778,0.2573779334587863,1,TRUE,TRUE
cambio_usd,cambio,1,2,0.13194898839500258,0.0844769181218616,0.1969616089844254,0.04551857723736264,0.238193718266346,1,TRUE,TRUE
cambio_usd,cambio,1,3,0.13763004744550292,0.08700851634218273,0.19692510509605876,0.041743006397827964,0.24067212163395107,1,TRUE,TRUE
cambio_usd,cambio,1,4,0.1265521149429126,0.07096346882670018,0.1945990243764661,0.024980232510246392,0.23827759904548484,1,TRUE,TRUE
cambio_usd,cambio,1,5,0.09235065681310324,0.03791870019430703,0.1643227835392559,-0.00993289584243237,0.21289573785270433,1,TRUE,FALSE
cambio_usd,cambio,1,6,0.07625946770078883,0.020433378638773037,0.15774835738956222,-0.023755098325351054,0.2027287565375148,1,TRUE,FALSE
cambio_usd,cambio,1,7,0.05842612242633994,0.005474403330589055,0.14727870658261677,-0.04139856202008578,0.19052975801323263,1,TRUE,FALSE
cambio_usd,cambio,1,8,0.031900773375332946,-0.016662405404388195,0.13069024543480973,-0.06140963336033124,0.1801666794158518,1,FALSE,FALSE
cambio_usd,cambio,1,9,0.01166815591747475,-0.029948018206005924,0.11433122063465423,-0.078239407176105,0.16566461505919852,1,FALSE,FALSE
cambio_usd,cambio,1,10,-0.005985599792726855,-0.04603777596517297,0.10097574029304787,-0.092787940406292,0.1523151974231965,-1,FALSE,FALSE
cambio_usd,cambio,1,11,-0.024601960743082713,-0.05813041328913802,0.09054481692203094,-0.11057419248071763,0.13551412855166556,-1,FALSE,FALSE
cambio_usd,cambio,1,12,-0.03972559888860237,-0.07166877937157483,0.079472419423408,-0.1252420701721443,0.12423774566768483,-1,FALSE,FALSE
cambio_usd,cambio,1,13,-0.052247091919894365,-0.08299293009575556,0.06652332655334285,-0.13705688371971836,0.11327120713165355,-1,FALSE,FALSE
cambio_usd,cambio,1,14,-0.06354360298729732,-0.09427730717781405,0.05489613564241025,-0.14877915895429072,0.10053959947285501,-1,FALSE,FALSE
cambio_usd,cambio,1,15,-0.07269513775338311,-0.1008027484463691,0.044051891316862844,-0.15563696162350654,0.08927700890901039,-1,FALSE,FALSE
cambio_usd,cambio,1,16,-0.07990690686853183,-0.10924769962050103,0.03466403475008778,-0.16471379139354225,0.07958584214535634,-1,FALSE,FALSE
cambio_usd,cambio,1,17,-0.08571608308404459,-0.11916396381935584,0.026541154742396413,-0.170495826177954,0.07097884822410924,-1,FALSE,FALSE
cambio_usd,cambio,1,18,-0.090080490733415,-0.12300287239252478,0.01985104442065156,-0.17722618718487163,0.05939478417164079,-1,FALSE,FALSE
cambio_usd,cambio,1,19,-0.09308781181095764,-0.12930402982737071,0.011885935545973482,-0.1835330887001072,0.05416707142059407,-1,FALSE,FALSE
cambio_usd,cambio,1,20,-0.0949655819537851,-0.13093507318287942,0.007125093546466666,-0.18623419708189434,0.049804881559343844,-1,FALSE,FALSE
cambio_usd,cambio,1,21,-0.0958271815886579,-0.13290914925572148,0.0018951022176875772,-0.19263038371490004,0.042616425716244286,-1,FALSE,FALSE
cambio_usd,cambio,1,22,-0.09574595753668277,-0.1335943528829601,-0.0028970149855477327,-0.19052534849228545,0.0409458001007758,-1,TRUE,FALSE
cambio_usd,cambio,1,23,-0.09482868487126309,-0.1350456304928953,-0.006243443903761538,-0.19099067039084724,0.037241156213537054,-1,TRUE,FALSE
cambio_usd,cambio,1,24,-0.09317888890086129,-0.13504681734477803,-0.007355114621683966,-0.1906765480169048,0.033049142663190666,-1,TRUE,FALSE
cambio_usd,cambio,1,25,-0.09086573977458186,-0.13569861924050564,-0.009206245888198916,-0.19143867411235377,0.03159193818040934,-1,TRUE,FALSE
cambio_usd,cambio,1,26,-0.08795884309961295,-0.1351291983499205,-0.009515705879647715,-0.19051935706198697,0.031041881700775292,-1,TRUE,FALSE
cambio_usd,cambio,1,27,-0.08453847999292087,-0.13320754752226385,-0.009071311282310156,-0.18700207848711778,0.03135408529407389,-1,TRUE,FALSE
cambio_usd,cambio,1,28,-0.08067093931075542,-0.1301003091144028,-0.009940065158678598,-0.186478535554774,0.031588916645728465,-1,TRUE,FALSE
cambio_usd,cambio,1,29,-0.07641744881614104,-0.12631802578449874,-0.007443684615672546,-0.1819244252325977,0.031031952370114774,-1,TRUE,FALSE
cambio_usd,cambio,1,30,-0.07184457976201496,-0.12266358729916045,-0.0071929079144713096,-0.17862060483650202,0.03143050094234412,-1,TRUE,FALSE
cambio_usd,cambio,1,31,-0.06701402032881855,-0.11882902199865449,-0.004743718279320632,-0.17277970903474435,0.03501584799679917,-1,TRUE,FALSE
cambio_usd,cambio,1,32,-0.061982957986518726,-0.11727099301943315,-0.001025914888505872,-0.16706909677778378,0.036721452293910974,-1,TRUE,FALSE
cambio_usd,cambio,1,33,-0.05680882203112719,-0.11354657385737062,0.0024674255896429626,-0.16373054213195568,0.03877317519365777,-1,FALSE,FALSE
cambio_usd,cambio,1,34,-0.05154602560357203,-0.10931597379836294,0.00464509050478889,-0.15617960451973348,0.04240467101315238,-1,FALSE,FALSE
cambio_usd,cambio,1,35,-0.04624498725436509,-0.10678137071380678,0.008697790073779311,-0.15342551196073456,0.04405226710347669,-1,FALSE,FALSE
cambio_usd,cambio,1,36,-0.040953624578522134,-0.10228606405436165,0.011545997184506942,-0.14845211962769841,0.04906127238887232,-1,FALSE,FALSE
cambio_usd,cambio,1,37,-0.03571648568753217,-0.09861454966451134,0.01619311508843116,-0.14515772908000585,0.051342078647099346,-1,FALSE,FALSE
cambio_usd,cambio,1,38,-0.03057411722245814,-0.09360381322857772,0.022406307165440367,-0.14000893938448938,0.052285743949368545,-1,FALSE,FALSE
cambio_usd,cambio,1,39,-0.025563421200786456,-0.08828855285302167,0.026206671689473507,-0.13443118327835402,0.05719306670175442,-1,FALSE,FALSE
cambio_usd,cambio,1,40,-0.020717507430153215,-0.0828522333193115,0.02921633726952944,-0.1280029657217253,0.060483681804390975,-1,FALSE,FALSE
cambio_usd,cambio,1,41,-0.0160654855584658,-0.07946254795223341,0.03372555554700751,-0.12446838762790369,0.06716158467973722,-1,FALSE,FALSE
cambio_usd,cambio,1,42,-0.01163258453113383,-0.07540796496125549,0.03832321715756751,-0.12296720628382106,0.07343640835636327,-1,FALSE,FALSE
cambio_usd,cambio,1,43,-0.007440234972729189,-0.07258092972961036,0.04214049248971797,-0.11964742766728338,0.0777477995941134,-1,FALSE,FALSE
cambio_usd,cambio,1,44,-0.0035061124618585705,-0.07015792708240949,0.044313107989216664,-0.1172981320476448,0.08221977653234581,-1,FALSE,FALSE
cambio_usd,cambio,1,45,1.5572506976401382e-4,-0.06754035248718315,0.04781885426991036,-0.10988095863499077,0.08467689597199404,1,FALSE,FALSE
cambio_usd,cambio,1,46,0.0035346646443164425,-0.06311922621904177,0.05142849922688024,-0.10415179336312677,0.08888964609356714,1,FALSE,FALSE
cambio_usd,cambio,1,47,0.006623373488523188,-0.05787357571205558,0.05521783631637145,-0.10216525219537921,0.09701804196841284,1,FALSE,FALSE
cambio_usd,cambio,1,48,0.009417611284939831,-0.05403761262786977,0.059010981086103406,-0.09952563390804946,0.1025990704500626,1,FALSE,FALSE
juros_selic,juros,1,0,0.24080967160794522,0.20992804746193533,0.3108656267767362,0.17609540282559996,0.34439962664676327,1,TRUE,TRUE
juros_selic,juros,1,1,0.2862776120282397,0.23801119326015785,0.3766679145761651,0.18402244305235682,0.4182838099672357,1,TRUE,TRUE
juros_selic,juros,1,2,0.38351265704253196,0.2988457248852468,0.48353981819896663,0.22441570199947247,0.5358981555204606,1,TRUE,TRUE
juros_selic,juros,1,3,0.45668362981943866,0.34197891420628435,0.5754642647539716,0.2600128755036216,0.6406439006375058,1,TRUE,TRUE
juros_selic,juros,1,4,0.4966357046132467,0.3446898747511339,0.6355398259260117,0.2490489287769503,0.7262647821214732,1,TRUE,TRUE
juros_selic,juros,1,5,0.5425228071650612,0.36533227184194594,0.7121440280314577,0.2539473630698891,0.8262317850877534,1,TRUE,TRUE
juros_selic,juros,1,6,0.576624781333618,0.38816641294317245,0.7839359109484498,0.25046373716264086,0.9116117909894729,1,TRUE,TRUE
juros_selic,juros,1,7,0.5846442936288864,0.39791250450009624,0.8388734695774267,0.24001553762925498,0.9849799189855644,1,TRUE,TRUE
juros_selic,juros,1,8,0.5908987044299703,0.4006916796027472,0.8878589960064189,0.2258078900886478,1.0547815465171722,1,TRUE,TRUE
juros_selic,juros,1,9,0.5866172982364537,0.39881305452382043,0.9266643180281622,0.2219294798461187,1.1007159090217407,1,TRUE,TRUE
juros_selic,juros,1,10,0.5686959650655036,0.38698374333298546,0.9405577517496456,0.20102677468326802,1.1360767015985327,1,TRUE,TRUE
juros_selic,juros,1,11,0.5468422616351196,0.37327004090743193,0.9537207750264934,0.19073977962538777,1.1666294750007395,1,TRUE,TRUE
juros_selic,juros,1,12,0.5183500577108417,0.3521926650467623,0.9524311594909414,0.17566980363604923,1.1990644713962728,1,TRUE,TRUE
juros_selic,juros,1,13,0.4831255858911368,0.32316836538936916,0.9499573401737315,0.1593230591280768,1.217332706261725,1,TRUE,TRUE
juros_selic,juros,1,14,0.4443932993735238,0.29384443329138377,0.9297305034855559,0.1306507668869272,1.2131802280893278,1,TRUE,TRUE
juros_selic,juros,1,15,0.4020294503560117,0.26638942410342503,0.9039961426967095,0.09284963440311234,1.1947653765016641,1,TRUE,TRUE
juros_selic,juros,1,16,0.35652943711924445,0.22780527300740847,0.8791121731859819,0.04273066148328031,1.164322392754227,1,TRUE,TRUE
juros_selic,juros,1,17,0.30922113172536003,0.18113760967487735,0.8258435512279793,0.01716169144224896,1.1384581831161702,1,TRUE,TRUE
juros_selic,juros,1,18,0.26056563228195356,0.1492401853596997,0.7921503106525487,-0.016668934423481732,1.1012616367402939,1,TRUE,FALSE
juros_selic,juros,1,19,0.21112576203803232,0.10525752057739557,0.760100177815173,-0.048419937929293895,1.0737759371585733,1,TRUE,FALSE
juros_selic,juros,1,20,0.1616018910299332,0.05466153357416832,0.7221201586150636,-0.10792117928847132,1.0137445113088268,1,TRUE,FALSE
juros_selic,juros,1,21,0.11246753588464119,0.005778705661222833,0.673429560499044,-0.15043495949638472,0.9744251441138486,1,TRUE,FALSE
juros_selic,juros,1,22,0.06419218931549406,-0.043234362277212154,0.6255029447525587,-0.19359469494636722,0.9218316133312722,1,FALSE,FALSE
juros_selic,juros,1,23,0.017213520913707894,-0.08549502255366404,0.574001252647399,-0.2386106186490241,0.8761280300662807,1,FALSE,FALSE
juros_selic,juros,1,24,-0.028101656712050917,-0.1223494176376515,0.5283011073748858,-0.29342665593868666,0.8240547945710921,-1,FALSE,FALSE
juros_selic,juros,1,25,-0.07141934877282538,-0.1668947073833384,0.4698140685879094,-0.3331028169809396,0.7870061786417203,-1,FALSE,FALSE
juros_selic,juros,1,26,-0.11246066365923449,-0.2144789604900067,0.4182354042262456,-0.3767651842794647,0.7409339742171975,-1,FALSE,FALSE
juros_selic,juros,1,27,-0.15098882640268316,-0.2528087094668429,0.3640080415802768,-0.4228122728812092,0.6901881038776411,-1,FALSE,FALSE
juros_selic,juros,1,28,-0.18680446447904195,-0.2909267645396405,0.3203975100927039,-0.4710391858967144,0.6238651877399302,-1,FALSE,FALSE
juros_selic,juros,1,29,-0.2197564405912821,-0.32086968993725545,0.27103120677060066,-0.5012551948411456,0.5729470750691694,-1,FALSE,FALSE
juros_selic,juros,1,30,-0.24972986155373178,-0.34174112860090367,0.23518896187867605,-0.5434965495020764,0.518281214027572,-1,FALSE,FALSE
juros_selic,juros,1,31,-0.27664417729480695,-0.3770707990388014,0.20118360068543464,-0.5793064147427296,0.4735829910412309,-1,FALSE,FALSE
juros_selic,juros,1,32,-0.3004567481515374,-0.39369974442468053,0.17074005309585558,-0.6170652822846117,0.4401439300104835,-1,FALSE,FALSE
juros_selic,juros,1,33,-0.3211559697129602,-0.42482823454191065,0.1526525133685642,-0.6515231010238215,0.4167925556885656,-1,FALSE,FALSE
juros_selic,juros,1,34,-0.3387588129116817,-0.4469529392461632,0.11945191387698526,-0.6742806655125304,0.37640122573902063,-1,FALSE,FALSE
juros_selic,juros,1,35,-0.35331056853213766,-0.45736946717669114,0.096612545951102,-0.6732674951517277,0.34093867736189376,-1,FALSE,FALSE
juros_selic,juros,1,36,-0.3648807422870911,-0.47028481300094344,0.07458116473533133,-0.6798435624255826,0.3016002397597326,-1,FALSE,FALSE
juros_selic,juros,1,37,-0.3735603670346486,-0.49301003829797535,0.058481726364291005,-0.6899347543153972,0.2759649630112188,-1,FALSE,FALSE
juros_selic,juros,1,38,-0.37946018877394716,-0.4998119852167693,0.0379070163014156,-0.7219947986831927,0.25615658478355174,-1,FALSE,FALSE
juros_selic,juros,1,39,-0.3827077142668921,-0.5081896693414678,0.02313940993331956,-0.7236342335079973,0.22391943293748204,-1,FALSE,FALSE
juros_selic,juros,1,40,-0.3834446624335185,-0.5127485090326991,0.007381885281781565,-0.7256044358636655,0.2176989113772282,-1,FALSE,FALSE
juros_selic,juros,1,41,-0.3818247723264099,-0.515253530325619,0.004184753925655154,-0.7296801648427609,0.1982539963813327,-1,FALSE,FALSE
juros_selic,juros,1,42,-0.37801139873962913,-0.5104355023787845,0.0033275099136035676,-0.7109224773962375,0.18462849842907547,-1,FALSE,FALSE
juros_selic,juros,1,43,-0.3721752715195326,-0.5035901609926142,0.0025949786517777567,-0.6982110295154901,0.17575346784398835,-1,FALSE,FALSE
juros_selic,juros,1,44,-0.36449244322782276,-0.5028778101429671,0.0072464996396472995,-0.6858006556272958,0.17754466077639144,-1,FALSE,FALSE
juros_selic,juros,1,45,-0.35514229924050356,-0.5010865893235849,0.014613754286842945,-0.6816447328658375,0.17086745518080457,-1,FALSE,FALSE
juros_selic,juros,1,46,-0.34430570198966043,-0.48939873117663274,0.01821737051511131,-0.6798403866436917,0.17433743707387228,-1,FALSE,FALSE
juros_selic,juros,1,47,-0.3321632831210933,-0.4870005793991504,0.025938028472174073,-0.6598037099864282,0.17610530059989202,-1,FALSE,FALSE
juros_selic,juros,1,48,-0.318893868367825,-0.4776586969642796,0.0373738414790185,-0.6379395891118504,0.17851546724038775,-1,FALSE,FALSE
yield_3m,juros,1,0,0.0038861315035359054,0.0037106013658489726,0.004193465670903045,0.003547756305431939,0.004384099874694094,1,TRUE,TRUE
yield_3m,juros,1,1,0.004697686435338788,0.004145709364662204,0.0052885476240403335,0.0036687972299731075,0.005660310762419033,1,TRUE,TRUE
yield_3m,juros,1,2,0.005756454046813674,0.0047166584798155,0.006510120438647442,0.00404581372725467,0.00706399931605126,1,TRUE,TRUE
yield_3m,juros,1,3,0.006679308037585802,0.005251207869955109,0.0077233440035482746,0.004323923947043257,0.008455398784262552,1,TRUE,TRUE
yield_3m,juros,1,4,0.007122805860897233,0.005147024656649226,0.008553258802493507,0.003948670390123773,0.009480263236235876,1,TRUE,TRUE
yield_3m,juros,1,5,0.007476630620097355,0.005274564748936898,0.009463365342483994,0.0037130763236059095,0.010665484536771673,1,TRUE,TRUE
yield_3m,juros,1,6,0.007736966905354449,0.005418185177112907,0.010230339488693403,0.0036450975524090845,0.011652996980808596,1,TRUE,TRUE
yield_3m,juros,1,7,0.007697000553576932,0.005369177304795475,0.010760813317881167,0.0033985526151641176,0.012600282499442594,1,TRUE,TRUE
yield_3m,juros,1,8,0.007573176965285078,0.00530424880437565,0.011275699259283378,0.0033155232807143375,0.013360612802594186,1,TRUE,TRUE
yield_3m,juros,1,9,0.0073394181618132905,0.005172996758437991,0.011667853719443655,0.0029703677847973094,0.014042824711108534,1,TRUE,TRUE
yield_3m,juros,1,10,0.006965525262705376,0.004993475957191449,0.01185125090759297,0.0027998955890973366,0.01439206861183916,1,TRUE,TRUE
yield_3m,juros,1,11,0.006538053100063661,0.00469257365934824,0.01203053938611619,0.0023775107974049994,0.014733592663187498,1,TRUE,TRUE
yield_3m,juros,1,12,0.006046650608816864,0.00418940132198422,0.011888194671238583,0.0021132699233116473,0.014822911500269348,1,TRUE,TRUE
yield_3m,juros,1,13,0.005494170539591018,0.003959605411895224,0.0115710845660596,0.001838631927086094,0.014904386855438679,1,TRUE,TRUE
yield_3m,juros,1,14,0.004910676796592702,0.0033902813565400663,0.011203800260808527,0.0013236334349389183,0.014774819628614287,1,TRUE,TRUE
yield_3m,juros,1,15,0.004297907496937608,0.0029913195724784337,0.010873055150352303,8.029986985082173e-4,0.014505994336657915,1,TRUE,TRUE
yield_3m,juros,1,16,0.003663119511141278,0.002403398589926866,0.01041106495396072,3.50784686940683e-4,0.014270023852397767,1,TRUE,TRUE
yield_3m,juros,1,17,0.0030194009486952116,0.001957986860600826,0.010074393562365237,-1.7107745288826192e-4,0.013921081166117795,1,TRUE,FALSE
yield_3m,juros,1,18,0.002371718550572901,0.0014978057468225847,0.009525647336221759,-6.264259140124184e-4,0.01343688406808209,1,TRUE,FALSE
yield_3m,juros,1,19,0.0017266365667815678,8.408882493927406e-4,0.008981002125251611,-0.0011431322814492936,0.013193391790362777,1,TRUE,FALSE
yield_3m,juros,1,20,0.0010913357794083815,1.0137960330365467e-4,0.008385964570526686,-0.001716752354239646,0.01247919570216398,1,TRUE,FALSE
yield_3m,juros,1,21,4.7055021507867647e-4,-4.953976177621233e-4,0.007752227211849788,-0.0023152294388898726,0.0121327054432624,1,FALSE,FALSE
yield_3m,juros,1,22,-1.3066532818476763e-4,-0.001048574299031315,0.00714190397285007,-0.0029165287803339527,0.011534444186441516,-1,FALSE,FALSE
yield_3m,juros,1,23,-7.07743800066212e-4,-0.0015558959165914085,0.006646572898849742,-0.0035784087619123175,0.010747220847120343,-1,FALSE,FALSE
yield_3m,juros,1,24,-0.0012570472862733783,-0.0020809546876445497,0.005942730744909847,-0.0039661892415070845,0.010122305862769689,-1,FALSE,FALSE
yield_3m,juros,1,25,-0.0017751641728392207,-0.0026271280696083684,0.005332652671284402,-0.0045553045327040975,0.009287764437800649,-1,FALSE,FALSE
yield_3m,juros,1,26,-0.002259292774204088,-0.0031477751920247544,0.004580000632531486,-0.005147544376232456,0.008662576684787603,-1,FALSE,FALSE
yield_3m,juros,1,27,-0.0027072122490751165,-0.003667420583084888,0.003977489915317305,-0.005585793484553904,0.008085546739885674,-1,FALSE,FALSE
yield_3m,juros,1,28,-0.0031171037269249312,-0.00401126276184276,0.0035638169902791764,-0.006061019694466791,0.00739704277323114,-1,FALSE,FALSE
yield_3m,juros,1,29,-0.0034876834789833245,-0.004336293512311094,0.003038403222001749,-0.006535256639875821,0.006867300721560972,-1,FALSE,FALSE
yield_3m,juros,1,30,-0.0038181338309641656,-0.0046441937912254155,0.002688292863411013,-0.007004107050040776,0.006220524103379349,-1,FALSE,FALSE
yield_3m,juros,1,31,-0.004108039884599619,-0.005017574744766128,0.002449843497790488,-0.007391297961619284,0.005838497386021613,-1,FALSE,FALSE
yield_3m,juros,1,32,-0.004357415175692426,-0.005310031255601606,0.0020077257598593435,-0.007823791111183427,0.005483944818238328,-1,FALSE,FALSE
yield_3m,juros,1,33,-0.004566646413540608,-0.00561017967332882,0.0016606120628406642,-0.008263106998038795,0.0050366847724778955,-1,FALSE,FALSE
yield_3m,juros,1,34,-0.004736452788995655,-0.005685339891015562,0.001403747273296613,-0.00840928213635238,0.0045943241272758135,-1,FALSE,FALSE
yield_3m,juros,1,35,-0.004867870307489445,-0.005882557839343558,0.0010801064425618617,-0.008589767056255209,0.004193670879559314,-1,FALSE,FALSE
yield_3m,juros,1,36,-0.004962208405494807,-0.005936328080404449,7.339659353389489e-4,-0.008674831662872659,0.0039287680190618025,-1,FALSE,FALSE
yield_3m,juros,1,37,-0.005021014347480381,-0.006103176787526173,5.235054333470138e-4,-0.008808274636444492,0.0036468201649353152,-1,FALSE,FALSE
yield_3m,juros,1,38,-0.005046045111847465,-0.006209926161755889,4.4856575135323803e-4,-0.008802651164759987,0.003488289507468426,-1,FALSE,FALSE
yield_3m,juros,1,39,-0.00503923175977108,-0.00613322915270904,2.0328995332432936e-4,-0.008784549188986794,0.0032767592204151863,-1,FALSE,FALSE
yield_3m,juros,1,40,-0.005002647625267441,-0.006080348056379502,1.0601061038491397e-4,-0.00880910288864646,0.0030614683103275062,-1,FALSE,FALSE
yield_3m,juros,1,41,-0.00493847954471547,-0.006096054966498637,1.292436118927096e-4,-0.008742727473489665,0.002942889682508702,-1,FALSE,FALSE
yield_3m,juros,1,42,-0.004848998340274488,-0.006027856410552827,1.85978700884277e-4,-0.008634594570336161,0.0028559099458462037,-1,FALSE,FALSE
yield_3m,juros,1,43,-0.004736531760079785,-0.005982339683543428,1.6960150533714037e-4,-0.008463579244377992,0.002760666260966243,-1,FALSE,FALSE
yield_3m,juros,1,44,-0.004603439477472667,-0.005948472893846253,2.6969739898292656e-4,-0.00825117539796773,0.002721792620439488,-1,FALSE,FALSE
yield_3m,juros,1,45,-0.004452089375582841,-0.005898699204691897,3.971061671712012e-4,-0.008003290503974744,0.0026825415289277905,-1,FALSE,FALSE
yield_3m,juros,1,46,-0.00428483591422604,-0.0057527039880113755,4.5501141838831955e-4,-0.007843979190893701,0.002645159465566023,-1,FALSE,FALSE
yield_3m,juros,1,47,-0.004104000390170179,-0.00561728862139332,5.957326480461783e-4,-0.007869414622556,0.002591693015660651,-1,FALSE,FALSE
yield_3m,juros,1,48,-0.003911852989661889,-0.005525420809921025,6.901476848499166e-4,-0.007530398400273596,0.0026298507927655945,-1,FALSE,FALSE
yield_6m,juros,1,0,0.005,0.005,0.005,0.005,0.005,1,TRUE,TRUE
yield_6m,juros,1,1,0.006106291484822624,0.005325850433028682,0.006679902374653181,0.004891498909109532,0.007047518385557234,1,TRUE,TRUE
yield_6m,juros,1,2,0.007131819726487489,0.00575013543550387,0.007960660927063863,0.004963760716863515,0.008716432721298751,1,TRUE,TRUE
yield_6m,juros,1,3,0.008215131114005793,0.006390119483952699,0.009306723024056322,0.005292185592570423,0.010154923939802187,1,TRUE,TRUE
yield_6m,juros,1,4,0.008676323309549615,0.006341922676436339,0.010293928465708771,0.004947922053136752,0.011315604495512782,1,TRUE,TRUE
yield_6m,juros,1,5,0.008900104790380841,0.0062241125715320495,0.011127707006661797,0.0046169230055718965,0.012512257940039554,1,TRUE,TRUE
yield_6m,juros,1,6,0.009067284580169267,0.006466504035191797,0.011900955774849212,0.004531288611270753,0.013681249176982069,1,TRUE,TRUE
yield_6m,juros,1,7,0.008915967995547544,0.006232822721322758,0.012724107117283332,0.004289666827474578,0.014699191461046085,1,TRUE,TRUE
yield_6m,juros,1,8,0.008619809267568185,0.006106297363620532,0.013056075354127755,0.003989025113471495,0.015485011033369744,1,TRUE,TRUE
yield_6m,juros,1,9,0.00821714459465224,0.005923286013487777,0.01327869057327788,0.0034952683542987025,0.016104274441339227,1,TRUE,TRUE
yield_6m,juros,1,10,0.007681540836704695,0.005458451628332003,0.013444056782168937,0.0032044968174974355,0.016632934154528357,1,TRUE,TRUE
yield_6m,juros,1,11,0.007082454222257943,0.00490375919542171,0.013373924546731678,0.00279735896289042,0.016966728678064057,1,TRUE,TRUE
yield_6m,juros,1,12,0.006425628144666768,0.004576410705854065,0.013182765947917272,0.0023974647651952194,0.017327686165207995,1,TRUE,TRUE
yield_6m,juros,1,13,0.005718535440086314,0.004000480798158872,0.012792520357843739,0.0017666751228135832,0.01709576056211205,1,TRUE,TRUE
yield_6m,juros,1,14,0.004987284689523274,0.0035340603205291634,0.012400021147632332,0.0012403712039468703,0.01695891210349727,1,TRUE,TRUE
yield_6m,juros,1,15,0.004235552937459796,0.0029593684223405015,0.011956669457966529,5.675545089660461e-4,0.01661525014409667,1,TRUE,TRUE
yield_6m,juros,1,16,0.003472755585871563,0.0023183879662505057,0.011485358429676566,-1.8591974702491454e-5,0.01600116528699258,1,TRUE,FALSE
yield_6m,juros,1,17,0.0027110492882495125,0.001702326953277492,0.010984595384170553,-6.1492177928935e-4,0.015603779520764178,1,TRUE,FALSE
yield_6m,juros,1,18,0.0019550003762546036,0.001048127120477029,0.01048337147475829,-0.0012185256639373804,0.015111109733351375,1,TRUE,FALSE
yield_6m,juros,1,19,0.0012116983440297764,2.7961494572392855e-4,0.009825032018359213,-0.0017718629799351882,0.01448346285305436,1,TRUE,FALSE
yield_6m,juros,1,20,4.8803579125737136e-4,-3.7196524341142945e-4,0.008984012634895564,-0.002452158131043084,0.013979745712710006,1,FALSE,FALSE
yield_6m,juros,1,21,-2.1174913678825247e-4,-9.294819644134971e-4,0.008314290203536452,-0.0031163780140369304,0.013133726111208187,-1,FALSE,FALSE
yield_6m,juros,1,22,-8.826276736229104e-4,-0.0015572053621863825,0.007530080692827934,-0.003784141840535652,0.012467801390706947,-1,FALSE,FALSE
yield_6m,juros,1,23,-0.0015201779038827073,-0.002043540911363273,0.006981965205767512,-0.0044456605323104845,0.011836625494112477,-1,FALSE,FALSE
yield_6m,juros,1,24,-0.002121120177125247,-0.002730844534442387,0.006323176385295514,-0.0052427830977436534,0.010956998570837694,-1,FALSE,FALSE
yield_6m,juros,1,25,-0.002682246003724553,-0.003343923757813591,0.0055569319230302375,-0.005697601065000841,0.010272478093775576,-1,FALSE,FALSE
yield_6m,juros,1,26,-0.003200958344787604,-0.0038718285134110965,0.004922994695246261,-0.00641870092614431,0.00960912380176622,-1,FALSE,FALSE
yield_6m,juros,1,27,-0.0036753700139564383,-0.004427276677560407,0.004304634998739412,-0.006894326041979004,0.008995624667258577,-1,FALSE,FALSE
yield_6m,juros,1,28,-0.004103983269709989,-0.0048908749888951115,0.003682776092155877,-0.007412904759215948,0.008291779137256221,-1,FALSE,FALSE
yield_6m,juros,1,29,-0.004485841033941588,-0.005340783201473751,0.0032129720081265157,-0.008096504296932238,0.007764347124255673,-1,FALSE,FALSE
yield_6m,juros,1,30,-0.0048205206770071405,-0.005671344379102385,0.0028044908223775426,-0.008260062608331922,0.007142093023237215,-1,FALSE,FALSE
yield_6m,juros,1,31,-0.0051080279122749294,-0.006005149364972968,0.0023986747297240073,-0.008694463614181386,0.006627098203825481,-1,FALSE,FALSE
yield_6m,juros,1,32,-0.005348810207689085,-0.006353820178693214,0.0019926634256830474,-0.009105404357578057,0.006270319008622243,-1,FALSE,FALSE
yield_6m,juros,1,33,-0.0055437206340849575,-0.006545263162487851,0.0016947614784196586,-0.009527781351834472,0.005661887440036216,-1,FALSE,FALSE
yield_6m,juros,1,34,-0.005693964714953516,-0.00675289695994255,0.001382380050034616,-0.009671926488903467,0.005321572990516419,-1,FALSE,FALSE
yield_6m,juros,1,35,-0.005801072655808698,-0.006815171938450501,0.0011042091581963084,-0.009564527549321071,0.004971033650105302,-1,FALSE,FALSE
yield_6m,juros,1,36,-0.005866857048537237,-0.0069322904187859476,7.646853680988942e-4,-0.009678961247818287,0.004609477830149552,-1,FALSE,FALSE
yield_6m,juros,1,37,-0.005893371963844844,-0.006987459554718561,4.6718330794654275e-4,-0.009871181257901993,0.004359759325353405,-1,FALSE,FALSE
yield_6m,juros,1,38,-0.005882877103792462,-0.006941120275394463,3.0392330797585304e-4,-0.009881725513050495,0.004075242584671436,-1,FALSE,FALSE
yield_6m,juros,1,39,-0.005837798749006409,-0.006920067556271798,2.1769302117669454e-4,-0.00970641933141477,0.003843201737239992,-1,FALSE,FALSE
yield_6m,juros,1,40,-0.005760694445743277,-0.006894120377418001,1.81947091674312e-4,-0.009755463770413293,0.0036663975422649483,-1,FALSE,FALSE
yield_6m,juros,1,41,-0.0056542197413057835,-0.006791766487354658,2.396310462387963e-4,-0.009879794869720338,0.0036262878515069047,-1,FALSE,FALSE
yield_6m,juros,1,42,-0.005521095471009107,-0.006646107367985592,2.4756811853371397e-4,-0.009623143857409821,0.0034624154162214106,-1,FALSE,FALSE
yield_6m,juros,1,43,-0.0053640783080004676,-0.006619567259386558,3.151026377890985e-4,-0.009427877181319056,0.0034415172975697287,-1,FALSE,FALSE
yield_6m,juros,1,44,-0.005185933326269035,-0.006545799976741783,4.6573631965512107e-4,-0.009185841404994661,0.0033597436081188492,-1,FALSE,FALSE
yield_6m,juros,1,45,-0.004989408337784516,-0.006477377688709058,6.658842449855046e-4,-0.009033708914522242,0.0032326196407818247,-1,FALSE,FALSE
yield_6m,juros,1,46,-0.004777210943358084,-0.006372856558526579,7.685065064994516e-4,-0.008718237233155193,0.0031836862643686193,-1,FALSE,FALSE
yield_6m,juros,1,47,-0.004551987730169766,-0.006243916244713725,8.855986262508715e-4,-0.00854895091757851,0.0033729272024894934,-1,FALSE,FALSE
yield_6m,juros,1,48,-0.00431630555612455,-0.005971241180072594,9.600878323878106e-4,-0.008428333868643062,0.0034188615809897746,-1,FALSE,FALSE
yield_1y,juros,1,0,0.006287527107151404,0.005859439699855753,0.006609608721810206,0.005588276137634041,0.00686059390197033,1,TRUE,TRUE
yield_1y,juros,1,1,0.007708940647204405,0.006470782710696129,0.0083626918650798,0.0057850206167406664,0.009174110581726678,1,TRUE,TRUE
yield_1y,juros,1,2,0.00847854945686531,0.006565215605897713,0.009554705360635591,0.005712577786165096,0.01057121027499946,1,TRUE,TRUE
yield_1y,juros,1,3,0.009794147130273486,0.007469838995211064,0.011131474932679629,0.006397461176419009,0.012219935887245632,1,TRUE,TRUE
yield_1y,juros,1,4,0.010240692082840156,0.007360447678706757,0.012218436665878657,0.005937373350336202,0.013489208794972469,1,TRUE,TRUE
yield_1y,juros,1,5,0.010217420217402556,0.0069788548632077705,0.012822055690502203,0.005481669266019168,0.014625661770138555,1,TRUE,TRUE
yield_1y,juros,1,6,0.010242682578001773,0.007108301640397496,0.013495137048387089,0.005315498057761489,0.01575352478474078,1,TRUE,TRUE
yield_1y,juros,1,7,0.009937698746754653,0.00685817069725563,0.014155685305833169,0.004733918641962135,0.01684191146478898,1,TRUE,TRUE
yield_1y,juros,1,8,0.009398314780951038,0.0065628213555990016,0.014513744178100758,0.004285072321243221,0.017662252804286932,1,TRUE,TRUE
yield_1y,juros,1,9,0.008777756302816617,0.006147725412812718,0.014648869817867182,0.003773044406875584,0.018378465625709516,1,TRUE,TRUE
yield_1y,juros,1,10,0.008047355055586134,0.005670410850799218,0.014635816356344764,0.0034140526565198193,0.018513328526436213,1,TRUE,TRUE
yield_1y,juros,1,11,0.007242675835300524,0.005051508057099257,0.014337985539312193,0.002707298436025312,0.018873286632173795,1,TRUE,TRUE
yield_1y,juros,1,12,0.006396934199640979,0.004442224087233355,0.014104675614838424,0.0021673205187277564,0.01897108919834738,1,TRUE,TRUE
yield_1y,juros,1,13,0.005522673687953554,0.003928691324138207,0.013685482370188212,0.0014764891462558992,0.019112822274213702,1,TRUE,TRUE
yield_1y,juros,1,14,0.0046372297308997145,0.003207855668039141,0.013200606821374871,7.134242149950155e-4,0.01858284371084068,1,TRUE,TRUE
yield_1y,juros,1,15,0.003746866949877356,0.0025276426494135608,0.012614925628111331,1.368275462358433e-4,0.018139885314247976,1,TRUE,TRUE
yield_1y,juros,1,16,0.0028634597423024774,0.001785575739350493,0.011999162706537775,-5.451511180154269e-4,0.01757626267535844,1,TRUE,FALSE
yield_1y,juros,1,17,0.0019965504521861645,0.0010151236416470527,0.011273279790695794,-0.0011252901072110347,0.017019053180867223,1,TRUE,FALSE
yield_1y,juros,1,18,0.0011493176287848761,3.633194619174011e-4,0.01057032330573222,-0.0020214126571400214,0.016320508971296423,1,TRUE,FALSE
yield_1y,juros,1,19,3.2910072545842405e-4,-3.4261754077292403e-4,0.009802510789894412,-0.0026395951149868887,0.015709398624267772,1,FALSE,FALSE
yield_1y,juros,1,20,-4.583029789438444e-4,-0.001061551053037272,0.008949156720284152,-0.003433849386170614,0.014967242576081974,-1,FALSE,FALSE
yield_1y,juros,1,21,-0.0012100133700976752,-0.0017147725629925261,0.008207747010786996,-0.00406082423379728,0.014048125342541197,-1,FALSE,FALSE
yield_1y,juros,1,22,-0.0019214599344972252,-0.00240976965510766,0.007396529005369675,-0.004949989868153271,0.013088428177112171,-1,FALSE,FALSE
yield_1y,juros,1,23,-0.0025888470840635396,-0.0030397969554317025,0.0068139778180921085,-0.00574307052636701,0.01228370990925276,-1,FALSE,FALSE
yield_1y,juros,1,24,-0.00320983964315307,-0.003768136944161562,0.006065272253414943,-0.006460063933803958,0.011726879130907666,-1,FALSE,FALSE
yield_1y,juros,1,25,-0.003781824249800532,-0.0044132806462020505,0.005344684589968121,-0.007111809568142208,0.010965589157213232,-1,FALSE,FALSE
yield_1y,juros,1,26,-0.004302747005646831,-0.004932401151072343,0.004733137974491442,-0.007702033922189202,0.010421233050562657,-1,FALSE,FALSE
yield_1y,juros,1,27,-0.004771436459267007,-0.0054977417805031955,0.004056060446947675,-0.00811037757355765,0.009504621435144314,-1,FALSE,FALSE
yield_1y,juros,1,28,-0.00518702008607921,-0.005959186740189751,0.003546821295462353,-0.008508432674558825,0.00868454939026243,-1,FALSE,FALSE
yield_1y,juros,1,29,-0.005549117921561803,-0.0063591148979797,0.0030089486606596255,-0.009053167217148446,0.008007906302726029,-1,FALSE,FALSE
yield_1y,juros,1,30,-0.005857952614202244,-0.006699085803822819,0.002634720514787703,-0.009800959020014205,0.007449482673881196,-1,FALSE,FALSE
yield_1y,juros,1,31,-0.006114164850108581,-0.006973954908359235,0.0022372285607562855,-0.010263357898559422,0.006920779955787425,-1,FALSE,FALSE
yield_1y,juros,1,32,-0.006318811557981727,-0.007186857369739076,0.001814504329306688,-0.01060926419511943,0.00637182502770204,-1,FALSE,FALSE
yield_1y,juros,1,33,-0.006473369710281169,-0.007379168107095388,0.0013895499902365715,-0.010668680260462773,0.005882390284436352,-1,FALSE,FALSE
yield_1y,juros,1,34,-0.006579664022141451,-0.00758893095203776,0.0011237557848594907,-0.01089897337718735,0.005434099618632289,-1,FALSE,FALSE
yield_1y,juros,1,35,-0.006639823268953873,-0.007699025139758996,8.649856815154083e-4,-0.010917124647426009,0.005124120719455688,-1,FALSE,FALSE
yield_1y,juros,1,36,-0.006656245729417758,-0.007801690208831287,5.858409845829211e-4,-0.010939106693357587,0.004914327580310617,-1,FALSE,FALSE
yield_1y,juros,1,37,-0.006631553470938426,-0.0077981756220287385,2.902929987753958e-4,-0.010937503189550165,0.004596267084743703,-1,FALSE,FALSE
yield_1y,juros,1,38,-0.006568547784983122,-0.007698970875565075,2.2312075324709053e-4,-0.01097474733165164,0.004403738576437001,-1,FALSE,FALSE
yield_1y,juros,1,39,-0.006470169047505954,-0.007618673633327447,1.9576391758174445e-4,-0.010739258676283496,0.0042884715262659035,-1,FALSE,FALSE
yield_1y,juros,1,40,-0.0063394596075141176,-0.007532681526067474,3.1154988905182375e-4,-0.010680303642782234,0.004347990821383349,-1,FALSE,FALSE
yield_1y,juros,1,41,-0.006179526753578876,-0.007382918798535133,3.672540759329843e-4,-0.010597478047625656,0.004255605344905174,-1,FALSE,FALSE
yield_1y,juros,1,42,-0.005993508304627307,-0.007179195891842137,4.894307833882255e-4,-0.010271547954679806,0.004119635497691007,-1,FALSE,FALSE
yield_1y,juros,1,43,-0.005784542508862816,-0.007134208341838291,6.53665067017465e-4,-0.010192825646812197,0.003948377879620319,-1,FALSE,FALSE
yield_1y,juros,1,44,-0.005555739540990225,-0.007122365517963137,8.761102545625319e-4,-0.009704858707865544,0.003849141275599497,-1,FALSE,FALSE
yield_1y,juros,1,45,-0.00531015533897849,-0.007231606554299735,9.475225382871101e-4,-0.009541726598132062,0.003861700249721202,-1,FALSE,FALSE
yield_1y,juros,1,46,-0.005050768947823554,-0.006876308741658385,0.0010806955091910424,-0.009295900258230875,0.003930987473361901,-1,FALSE,FALSE
yield_1y,juros,1,47,-0.004780462133457688,-0.00668186041019401,0.0011083880887293282,-0.009120200387229233,0.00394371772427805,-1,FALSE,FALSE
yield_1y,juros,1,48,-0.004502001304328131,-0.006448487097142831,0.0013643661231793438,-0.009004346602805044,0.004194673880095776,-1,FALSE,FALSE
yield_2y,juros,1,0,0.0072818768605230405,0.006360500551341575,0.008073306628978105,0.0057899870322121565,0.008697465927125524,1,TRUE,TRUE
yield_2y,juros,1,1,0.00880090748602107,0.007025391720466557,0.009869490762463861,0.006212874580591792,0.010879956156759454,1,TRUE,TRUE
yield_2y,juros,1,2,0.00893956547244175,0.0066614772723909395,0.010176095898502692,0.005460403996499266,0.011670568220630352,1,TRUE,TRUE
yield_2y,juros,1,3,0.010512101426715745,0.00778882487446245,0.011815048237046466,0.006426440833996708,0.013402343780761989,1,TRUE,TRUE
yield_2y,juros,1,4,0.010867167282974113,0.00770206785672399,0.012808990587434364,0.0060609586889813745,0.014686101265148972,1,TRUE,TRUE
yield_2y,juros,1,5,0.010467949166188687,0.007069084119523672,0.013150691133601032,0.0055606888413343184,0.015272582364978695,1,TRUE,TRUE
yield_2y,juros,1,6,0.010358008158253234,0.007042915900722392,0.01383223546200887,0.005472648574871643,0.016429802957783107,1,TRUE,TRUE
yield_2y,juros,1,7,0.009914949081293103,0.006765897320971751,0.014290382208044594,0.0049264123478164395,0.0174669707225889,1,TRUE,TRUE
yield_2y,juros,1,8,0.009132971018330613,0.006287116556778532,0.01432516129902975,0.004133621160606758,0.018175543085312582,1,TRUE,TRUE
yield_2y,juros,1,9,0.00834525720672251,0.005903238227250841,0.01421322219927272,0.00370803127822232,0.018600215337966065,1,TRUE,TRUE
yield_2y,juros,1,10,0.007490703043753512,0.005368991622886704,0.013977735322914568,0.0031592705661084046,0.019075408808588903,1,TRUE,TRUE
yield_2y,juros,1,11,0.006550762650302041,0.004624189791416702,0.013677038893648116,0.0025468041671447045,0.01908215115438172,1,TRUE,TRUE
yield_2y,juros,1,12,0.005603472124477015,0.003943024061507622,0.013285841545884967,0.001830120735373737,0.01904687344226953,1,TRUE,TRUE
yield_2y,juros,1,13,0.004658880860871214,0.0033625735219526393,0.012962665263060181,0.0010459824332432698,0.018417967076511443,1,TRUE,TRUE
yield_2y,juros,1,14,0.0037176165160065656,0.0026140269997893375,0.012381549640382579,4.293250708195577e-4,0.018295234930433998,1,TRUE,TRUE
yield_2y,juros,1,15,0.0027911051577494965,0.001926546809514398,0.01180593972512033,-3.8288301017632483e-4,0.018011003985657005,1,TRUE,FALSE
yield_2y,juros,1,16,0.0018917288333745934,0.0011866298704467056,0.011095107726191067,-0.0010386240946965702,0.017534885948689252,1,TRUE,FALSE
yield_2y,juros,1,17,0.0010234477457525192,3.1710562148219175e-4,0.010505812616707182,-0.0018240830976692097,0.016695226403666046,1,TRUE,FALSE
yield_2y,juros,1,18,1.875048255166811e-4,-4.120643658795686e-4,0.009615563987915793,-0.002667703621091218,0.015909146819446218,1,FALSE,FALSE
yield_2y,juros,1,19,-6.092190280441497e-4,-0.001130756471215841,0.00894662713622066,-0.003567585844470558,0.014974384832154124,-1,FALSE,FALSE
yield_2y,juros,1,20,-0.0013632350028718663,-0.001823885909177002,0.008164001411455029,-0.0042944072880514664,0.013792398705133994,-1,FALSE,FALSE
yield_2y,juros,1,21,-0.0020737885285631334,-0.002515998428988006,0.0074102680888025445,-0.005073440366893875,0.013161732302602005,-1,FALSE,FALSE
yield_2y,juros,1,22,-0.0027371969187933677,-0.0031275501142529077,0.006594898241959336,-0.005873915055543191,0.012608357925603235,-1,FALSE,FALSE
yield_2y,juros,1,23,-0.0033508297490203853,-0.003787859300005419,0.006005737328793714,-0.006583496504874293,0.011652826008221644,-1,FALSE,FALSE
yield_2y,juros,1,24,-0.003913815175503986,-0.00439626672586369,0.005307377600765446,-0.00708895006341061,0.01107521656768685,-1,FALSE,FALSE
yield_2y,juros,1,25,-0.004424414989484835,-0.004998373439517182,0.004602244653358151,-0.007705754858551408,0.010306734143182936,-1,FALSE,FALSE
yield_2y,juros,1,26,-0.004881355900482528,-0.0055551895004424,0.003984886784329843,-0.008250572084142014,0.009442652051939168,-1,FALSE,FALSE
yield_2y,juros,1,27,-0.005284428282493733,-0.006009846968694856,0.0033902189475083053,-0.008637165647166177,0.008477367970279077,-1,FALSE,FALSE
yield_2y,juros,1,28,-0.0056335011079014065,-0.00644745492707348,0.003002889762529301,-0.009105536631370453,0.008013660367951475,-1,FALSE,FALSE
yield_2y,juros,1,29,-0.005928815097172242,-0.0067911749148166145,0.0026295275896791818,-0.009515879882088487,0.007406445427205308,-1,FALSE,FALSE
yield_2y,juros,1,30,-0.006171260120399757,-0.0070839796738847,0.0022996116176132743,-0.009855112642209816,0.0067495727202842104,-1,FALSE,FALSE
yield_2y,juros,1,31,-0.006362060536246509,-0.00724221949980329,0.001914556231723443,-0.010205598347812586,0.006124058966343717,-1,FALSE,FALSE
yield_2y,juros,1,32,-0.006502768960836879,-0.00739098671415796,0.0013344558598672807,-0.010379585576280466,0.005708866624753639,-1,FALSE,FALSE
yield_2y,juros,1,33,-0.006595337567307818,-0.007472482507614404,0.001091895864755639,-0.010790155189718476,0.005299454359318403,-1,FALSE,FALSE
yield_2y,juros,1,34,-0.006642015211200024,-0.007636862648181289,8.068785662900295e-4,-0.010831616252116821,0.005154746551321946,-1,FALSE,FALSE
yield_2y,juros,1,35,-0.006645290298980663,-0.007659813858616056,5.205222962077246e-4,-0.010981995846678607,0.004880624537064929,-1,FALSE,FALSE
yield_2y,juros,1,36,-0.00660787712607807,-0.007639130799396884,3.0451405147707703e-4,-0.010875416988448572,0.004616855554048868,-1,FALSE,FALSE
yield_2y,juros,1,37,-0.006532666953358165,-0.007570004663283794,2.2792875958104196e-4,-0.010873959671159504,0.004346694129720838,-1,FALSE,FALSE
yield_2y,juros,1,38,-0.006422677688926667,-0.0074501397159334,2.0081349911330344e-4,-0.010865101450248521,0.0043754569005277685,-1,FALSE,FALSE
yield_2y,juros,1,39,-0.006281019724130899,-0.007410907452873486,2.831107137542427e-4,-0.01086946569359643,0.0043905443316218686,-1,FALSE,FALSE
yield_2y,juros,1,40,-0.006110861352573212,-0.007316155964073657,3.7289227007119934e-4,-0.010682042892344916,0.00428506579446315,-1,FALSE,FALSE
yield_2y,juros,1,41,-0.005915391591203815,-0.007161803065868986,5.261257760958659e-4,-0.010566794957586782,0.0041924258162853965,-1,FALSE,FALSE
yield_2y,juros,1,42,-0.005697788705352178,-0.007161890396372917,6.170253473912775e-4,-0.010422917040997116,0.004053957809468604,-1,FALSE,FALSE
yield_2y,juros,1,43,-0.00546119350895784,-0.006911598178025384,8.289245165106076e-4,-0.009957339052470988,0.0039807789853665764,-1,FALSE,FALSE
yield_2y,juros,1,44,-0.005208683179177829,-0.006895598086167199,9.899991571844784e-4,-0.009857042541531925,0.0038546901791398805,-1,FALSE,FALSE
yield_2y,juros,1,45,-0.004943247940389028,-0.006771837621437566,0.001087670168260324,-0.009640366251861014,0.003945788607738975,-1,FALSE,FALSE
yield_2y,juros,1,46,-0.004667771813507382,-0.006599859541476579,0.0011629286733570669,-0.009396507114172808,0.004079463910137991,-1,FALSE,FALSE
yield_2y,juros,1,47,-0.004385015299214144,-0.006433873353959747,0.0013507649820506005,-0.009309494214195226,0.003980497537647127,-1,FALSE,FALSE
yield_2y,juros,1,48,-0.00409760029951163,-0.006222439962935803,0.0015222884051788559,-0.009036781580995567,0.004350956455416281,-1,FALSE,FALSE
yield_5y,juros,1,0,0.007483092668287027,0.006081364555642693,0.008795120184003965,0.005350075694507213,0.009911951135463719,1,TRUE,TRUE
yield_5y,juros,1,1,0.00870836214705881,0.006495543804486304,0.010157918200280405,0.005501401823981536,0.011457774070816334,1,TRUE,TRUE
yield_5y,juros,1,2,0.0079040526884599609,0.00548490752079419,0.009466369027399313,0.004277796553768048,0.011125573165591878,1,TRUE,TRUE
yield_5y,juros,1,3,0.009681211070190822,0.006793025640477434,0.010962735657054863,0.005519309155282781,0.01283085925705409,1,TRUE,TRUE
yield_5y,juros,1,4,0.00986649548728772,0.006748988391337593,0.011491239309058212,0.0051670413850826635,0.01379450861232191,1,TRUE,TRUE
yield_5y,juros,1,5,0.009050896852285484,0.005938527131534775,0.011323848007235593,0.004339609275088533,0.01374856639393979,1,TRUE,TRUE
yield_5y,juros,1,6,0.008867746196993166,0.005792904600286288,0.011804712428707904,0.004438987572232311,0.014076948131246117,1,TRUE,TRUE
yield_5y,juros,1,7,0.008353483057261727,0.0055389936236849135,0.012079376332222535,0.004206552887802067,0.014810017175460507,1,TRUE,TRUE
yield_5y,juros,1,8,0.007420172981632551,0.005001677432841382,0.011883346227846104,0.0034441665353418124,0.01511105032972005,1,TRUE,TRUE
yield_5y,juros,1,9,0.006597850857850561,0.004507847464005578,0.011702985633974356,0.002791999462713265,0.015217581016552765,1,TRUE,TRUE
yield_5y,juros,1,10,0.005758918676714615,0.003912608109237731,0.011484130708283214,0.0022244973629629928,0.015533187303696148,1,TRUE,TRUE
yield_5y,juros,1,11,0.0048310179224204585,0.00332384288812087,0.011100208367580803,0.0015219192435023511,0.015433231422607526,1,TRUE,TRUE
yield_5y,juros,1,12,0.003941215995882179,0.0026689539514231377,0.010757978790379543,0.0010217669315429954,0.015151766094895106,1,TRUE,TRUE
yield_5y,juros,1,13,0.0030863310122097205,0.0020284977978909423,0.010140670002001459,3.783342457755531e-4,0.014732201790144268,1,TRUE,TRUE
yield_5y,juros,1,14,0.0022478886284818035,0.0014618307030277583,0.009500428745939246,-4.40975300200494e-4,0.014536065726258984,1,TRUE,FALSE
yield_5y,juros,1,15,0.0014434546356959959,6.662924530002632e-4,0.009028404659945666,-0.0010804392866452697,0.014222030823525328,1,TRUE,FALSE
yield_5y,juros,1,16,6.824782627796802e-4,8.989951030362937e-6,0.008499693435593992,-0.0017566230860712533,0.013405899713926556,1,TRUE,FALSE
yield_5y,juros,1,17,-3.82537418824598e-5,-5.584834731278155e-4,0.007915152936841374,-0.0025297831626352107,0.012881961492499249,-1,FALSE,FALSE
yield_5y,juros,1,18,-7.196691330371741e-4,-0.0012654194907624507,0.007277889025625818,-0.0032896769753069212,0.012360604126819793,-1,FALSE,FALSE
yield_5y,juros,1,19,-0.0013563759014463966,-0.0017784521018994297,0.006639187842292222,-0.0039497645620310395,0.011535773319640872,-1,FALSE,FALSE
yield_5y,juros,1,20,-0.0019480461639689076,-0.0023074809488376666,0.006015576185895108,-0.004577933168304294,0.010785793177638033,-1,FALSE,FALSE
yield_5y,juros,1,21,-0.002496476997226036,-0.0028740781865514648,0.005304663188304764,-0.005124947769451936,0.01034430034408192,-1,FALSE,FALSE
yield_5y,juros,1,22,-0.0029992608090180168,-0.003460451486000462,0.004702295306191507,-0.0055389726538344,0.009496739608736048,-1,FALSE,FALSE
yield_5y,juros,1,23,-0.003455355693036844,-0.003971383910654356,0.004107686708681066,-0.005981528047917623,0.008553987144059479,-1,FALSE,FALSE
yield_5y,juros,1,24,-0.003865651409128897,-0.0045043531365826376,0.003634398629462565,-0.006551036107790212,0.008020497293501858,-1,FALSE,FALSE
yield_5y,juros,1,25,-0.0042294422780677285,-0.00487983027312058,0.003038936284127207,-0.006957524872186328,0.007437959735526814,-1,FALSE,FALSE
yield_5y,juros,1,26,-0.004546368704904275,-0.005252570513695913,0.002615441752509377,-0.007384860414299325,0.006730547458733895,-1,FALSE,FALSE
yield_5y,juros,1,27,-0.004817253299375912,-0.005600238851623893,0.0023390512134852767,-0.007709938560306412,0.006218172297621984,-1,FALSE,FALSE
yield_5y,juros,1,28,-0.0050426616684420686,-0.005799896393427067,0.0019481892621960584,-0.008057046505382697,0.0056958693096992846,-1,FALSE,FALSE
yield_5y,juros,1,29,-0.005223350245030373,-0.005944898833157441,0.0014553876554871316,-0.00841059093170694,0.005207488875514177,-1,FALSE,FALSE
yield_5y,juros,1,30,-0.005360714563574044,-0.006128335293422919,0.0011225210883923189,-0.008676546002527775,0.005059173246618507,-1,FALSE,FALSE
yield_5y,juros,1,31,-0.0054563196397308675,-0.006264198213794605,8.089425095462441e-4,-0.008884591660382708,0.004752887653891093,-1,FALSE,FALSE
yield_5y,juros,1,32,-0.005511911410796809,-0.006356891932645639,5.76863754860124e-4,-0.009140644831196271,0.004473991662114909,-1,FALSE,FALSE
yield_5y,juros,1,33,-0.005529566309088134,-0.006360366575755279,4.154098668182995e-4,-0.00916877050365375,0.003963916653065149,-1,FALSE,FALSE
yield_5y,juros,1,34,-0.0055115533539385475,-0.006388080690939688,2.760501256103037e-4,-0.009253296041040401,0.0038015867416357,-1,FALSE,FALSE
yield_5y,juros,1,35,-0.005460274400253031,-0.0063604969464193094,1.480079719452362e-4,-0.009398907289477527,0.0034896204815681765,-1,FALSE,FALSE
yield_5y,juros,1,36,-0.005378281193975446,-0.006363730416053014,1.0972557348397978e-4,-0.00956451361011175,0.003166088184436132,-1,FALSE,FALSE
yield_5y,juros,1,37,-0.005268226876008099,-0.006305496352247622,0.00018314449623291866,-0.00955667732536233,0.0030644184667192697,-1,FALSE,FALSE
yield_5y,juros,1,38,-0.0051328172447986644,-0.006224585224457058,1.7132029827673716e-4,-0.009547264221427149,0.0031567567208022887,-1,FALSE,FALSE
yield_5y,juros,1,39,-0.004974790223941529,-0.0061994459866633565,2.617688562678627e-4,-0.009502522558709404,0.0029301930084214226,-1,FALSE,FALSE
yield_5y,juros,1,40,-0.004796889163936429,-0.006180578097709015,3.1752207002470775e-4,-0.009452683445966413,0.0030255700891964605,-1,FALSE,FALSE
yield_5y,juros,1,41,-0.004601831172453155,-0.006073921387648054,4.296625976469209e-4,-0.00905152241129377,0.003089669983005326,-1,FALSE,FALSE
yield_5y,juros,1,42,-0.004392284220062144,-0.0059931550332906,6.280348145533538e-4,-0.008883241964248627,0.003140604481365723,-1,FALSE,FALSE
yield_5y,juros,1,43,-0.004170848536776768,-0.005773050054806627,7.697430239212695e-4,-0.008900944858157267,0.002973215813107383,-1,FALSE,FALSE
yield_5y,juros,1,44,-0.003940036985139835,-0.005635925879792168,9.243591511035559e-4,-0.008649730169603527,0.0030980058236416788,-1,FALSE,FALSE
yield_5y,juros,1,45,-0.003702258532955869,-0.0054944979408974755,9.934753120044327e-4,-0.008552044310068056,0.0031092684049106433,-1,FALSE,FALSE
yield_5y,juros,1,46,-0.003459805808889499,-0.005314767231734513,0.0011514571773549537,-0.008522190859431351,0.00322109116879734,-1,FALSE,FALSE
yield_5y,juros,1,47,-0.003214843745265653,-0.005157063213649428,0.0013280653236080102,-0.008309940487775136,0.003325472776282156,-1,FALSE,FALSE
yield_5y,juros,1,48,-0.002969399997748486,-0.005049525397720477,0.0015304329066286385,-0.008040328717156835,0.003448676065120399,-1,FALSE,FALSE
yield_10y,juros,1,0,0.006763859651362868,0.005363696605644665,0.00801518905228538,0.004730204126482967,0.009260845600228985,1,TRUE,TRUE
yield_10y,juros,1,1,0.00778630194737817,0.005702789588194134,0.009286231344914565,0.004810535809698521,0.010555201722723598,1,TRUE,TRUE
yield_10y,juros,1,2,0.006874685555222207,0.004663262577028829,0.00846555507345653,0.0034883322994879017,0.009910406689368849,1,TRUE,TRUE
yield_10y,juros,1,3,0.008533332951794152,0.005835710670868118,0.009908897989228426,0.004708701979244087,0.011526450082094655,1,TRUE,TRUE
yield_10y,juros,1,4,0.008671464010286213,0.005817958228316005,0.010237879404677262,0.0044986266165737195,0.012293814072973967,1,TRUE,TRUE
yield_10y,juros,1,5,0.007865892303225257,0.005079823122509262,0.009793291280252444,0.0035763464359341657,0.012169524291274205,1,TRUE,TRUE
yield_10y,juros,1,6,0.007691341827392913,0.004975853826119093,0.01029610751966399,0.00366744464318819,0.012479773392498745,1,TRUE,TRUE
yield_10y,juros,1,7,0.007211335056221789,0.004731506457029448,0.010531073162717126,0.0033895688991265036,0.012966948445223432,1,TRUE,TRUE
yield_10y,juros,1,8,0.006343778460251217,0.004196433738675565,0.010184588627764429,0.002692188184110092,0.01305909886549752,1,TRUE,TRUE
yield_10y,juros,1,9,0.005594935171115687,0.003703857081361386,0.01005596866382137,0.0020689010219700167,0.013057511358126871,1,TRUE,TRUE
yield_10y,juros,1,10,0.004836159531854718,0.003201425820490554,0.009822903946587917,0.00143085190782182,0.013460247745285153,1,TRUE,TRUE
yield_10y,juros,1,11,0.0039994168000417165,0.002578868382167792,0.009530842292507443,9.314388551441485e-4,0.01324994914864238,1,TRUE,TRUE
yield_10y,juros,1,12,0.0032045876440486244,0.001946826688302925,0.00905176301973713,5.554395253337813e-4,0.012877237282614504,1,TRUE,TRUE
yield_10y,juros,1,13,0.0024462400235555105,0.001443433862547189,0.008691088044193737,9.072856486861442e-6,0.012511779985308025,1,TRUE,TRUE
yield_10y,juros,1,14,0.0017065500009378527,8.908725349232808e-4,0.008064987947199734,-5.605783671491114e-4,0.012246864560909471,1,TRUE,FALSE
yield_10y,juros,1,15,0.001001557853842024,2.951538414361168e-4,0.007593089485076993,-0.001276697329563347,0.011781700029678512,1,TRUE,FALSE
yield_10y,juros,1,16,3.39079424177091e-4,-2.6325323028381764e-4,0.007132645675003607,-0.0018693662497075558,0.011266377210795564,1,FALSE,FALSE
yield_10y,juros,1,17,-2.845313193980062e-4,-8.535624214750225e-4,0.006606271691055675,-0.0025719392231593656,0.010822468125965408,-1,FALSE,FALSE
yield_10y,juros,1,18,-8.707492821607073e-4,-0.001364311206369533,0.0060719652124497925,-0.0032629404490834447,0.010404820341820217,-1,FALSE,FALSE
yield_10y,juros,1,19,-0.0014150794936992836,-0.0018437463594352876,0.005610730864329842,-0.003771373478638236,0.009626841431879175,-1,FALSE,FALSE
yield_10y,juros,1,20,-0.0019177370697369839,-0.002324239529474894,0.005117902887314364,-0.004335490261453843,0.009120027202779353,-1,FALSE,FALSE
yield_10y,juros,1,21,-0.002380926798733983,-0.0027946315629411153,0.0044311740996445925,-0.004827191166940205,0.008639502939096957,-1,FALSE,FALSE
yield_10y,juros,1,22,-0.0028027785257599743,-0.003389927850329927,0.0038876564534011783,-0.005169088867797344,0.007811155047060788,-1,FALSE,FALSE
yield_10y,juros,1,23,-0.0031826920851680514,-0.003856903283162981,0.0033120481993553176,-0.005533693730097208,0.007104719564847271,-1,FALSE,FALSE
yield_10y,juros,1,24,-0.003521872868510644,-0.004159359882571471,0.002985918105141392,-0.006177175330508397,0.0066357598706071165,-1,FALSE,FALSE
yield_10y,juros,1,25,-0.003819933259126573,-0.004586276542621868,0.002454266836855596,-0.006362360696048233,0.006120494390657864,-1,FALSE,FALSE
yield_10y,juros,1,26,-0.004076774219460863,-0.004851198804141266,0.0021113648997101984,-0.006706728291943514,0.00563006932156955,-1,FALSE,FALSE
yield_10y,juros,1,27,-0.004293383229119335,-0.005042896169089359,0.0017804097703862476,-0.006913604332746287,0.005287995003946044,-1,FALSE,FALSE
yield_10y,juros,1,28,-0.004470445191652413,-0.00521650686072624,0.0014518810056253326,-0.007227520947302583,0.004955868971874455,-1,FALSE,FALSE
yield_10y,juros,1,29,-0.004608782398194217,-0.005364446696682307,0.0010945045177975694,-0.007535203884165688,0.004543827123941301,-1,FALSE,FALSE
yield_10y,juros,1,30,-0.004709785977199639,-0.005513247373218876,7.800579879293033e-4,-0.007756598432738864,0.004346442939759634,-1,FALSE,FALSE
yield_10y,juros,1,31,-0.004774964281984513,-0.005595227256707103,5.368677551727143e-4,-0.008005436037687821,0.004049991691618258,-1,FALSE,FALSE
yield_10y,juros,1,32,-0.004805959882419267,-0.005598130715314627,4.034607457054947e-4,-0.008312525761097533,0.0037561233587142993,-1,FALSE,FALSE
yield_10y,juros,1,33,-0.0048046961450287275,-0.005602117173743881,2.495268255620713e-4,-0.00844013474006504,0.003387389236801598,-1,FALSE,FALSE
yield_10y,juros,1,34,-0.004773247218729064,-0.00564298223755166,1.6223305408788924e-4,-0.00851062166291782,0.002960197513443806,-1,FALSE,FALSE
yield_10y,juros,1,35,-0.004713785268948689,-0.005609523988405969,1.4653409839170866e-4,-0.00841298555446911,0.0027357221286542577,-1,FALSE,FALSE
yield_10y,juros,1,36,-0.004628600380862533,-0.00562507832444731,1.2754463333099325e-4,-0.008527978686975963,0.0025035704991331607,-1,FALSE,FALSE
yield_10y,juros,1,37,-0.004520057228782109,-0.005507617487493408,1.000101042776119e-4,-0.008509363825481482,0.0025357909160124096,-1,FALSE,FALSE
yield_10y,juros,1,38,-0.004390552100997381,-0.00549631190751636,1.5573182436457188e-4,-0.008467522834692291,0.00243693112516571,-1,FALSE,FALSE
yield_10y,juros,1,39,-0.004242496579483843,-0.005533929011219722,2.398957139218378e-4,-0.008423395238733105,0.0024806278530890794,-1,FALSE,FALSE
yield_10y,juros,1,40,-0.004078295036581154,-0.005390698727780282,2.9347336154229636e-4,-0.008323068696183777,0.002515018204520486,-1,FALSE,FALSE
yield_10y,juros,1,41,-0.0039003173821909195,-0.005194843071908929,3.9922636672175775e-4,-0.008053328097950571,0.002551308243465886,-1,FALSE,FALSE
yield_10y,juros,1,42,-0.0037108799994680615,-0.005128033000211909,5.948168443246503e-4,-0.008088696304125013,0.0024865700926355798,-1,FALSE,FALSE
yield_10y,juros,1,43,-0.0035122305649750315,-0.004988700379887852,7.293447984595477e-4,-0.008044817249646044,0.0024808638931393184,-1,FALSE,FALSE
yield_10y,juros,1,44,-0.003306531728425187,-0.004927097619525226,8.000206533102675e-4,-0.007778712582813513,0.0025379923357367077,-1,FALSE,FALSE
yield_10y,juros,1,45,-0.0030958475673527374,-0.00473653094777132,9.239516977936095e-4,-0.007679900897873437,0.0026818089288434166,-1,FALSE,FALSE
yield_10y,juros,1,46,-0.002882133749187683,-0.004650015844258266,0.001118325811999264,-0.007556904455504816,0.002870576484880902,-1,FALSE,FALSE
yield_10y,juros,1,47,-0.0026672285375182628,-0.0045094422121579585,0.0012123510037040266,-0.007352714832919511,0.003049751644546967,-1,FALSE,FALSE
yield_10y,juros,1,48,-0.0024528453078975056,-0.004350738926740226,0.001415969847242504,-0.007136637207005053,0.0031103662142468653,-1,FALSE,FALSE
base_monetary_base,base,4,0,-0.39963316611281163,-0.762681088622347,-0.07854048440979061,-1.0365519516817523,0.12325309676806326,-1,TRUE,FALSE
base_monetary_base,base,4,1,-0.33890892164879505,-0.6016304390563718,0.2049091640135253,-0.9490965944329872,0.5596901206887115,-1,FALSE,FALSE
base_monetary_base,base,4,2,-0.4319332267980758,-0.7348294089122073,0.37717096299700387,-1.1764243944511361,0.8961607257054771,-1,FALSE,FALSE
base_monetary_base,base,4,3,-0.92744697405448,-1.2284412547757433,0.08733099126375621,-1.7716246109231621,0.6724534554143127,-1,FALSE,FALSE
base_monetary_base,base,4,4,-1.1001568956469976,-1.4797961041614203,0.0780124686809716,-2.1103921826097216,0.7235793575174085,-1,FALSE,FALSE
base_monetary_base,base,4,5,-1.3002370848294142,-1.8585795452870402,-0.04706740306780892,-2.5379675618081032,0.5354764883456816,-1,TRUE,FALSE
base_monetary_base,base,4,6,-1.5880492288818604,-2.23618197611645,-0.30410657180428324,-2.972687950729788,0.4038273267774276,-1,TRUE,FALSE
base_monetary_base,base,4,7,-1.7434272080982471,-2.5698397335682066,-0.48721492427501023,-3.3367636719887805,0.24324679725524967,-1,TRUE,FALSE
base_monetary_base,base,4,8,-1.886909194063191,-2.895039181227773,-0.6496783503529121,-3.615912792017804,0.16431633544458138,-1,TRUE,FALSE
base_monetary_base,base,4,9,-2.026116620604357,-3.1707167938338667,-0.8474300677610658,-3.9077409546389172,-0.01087627988000025,-1,TRUE,TRUE
base_monetary_base,base,4,10,-2.1098771523368365,-3.3971231845616296,-0.9866562144568298,-4.193446838420792,-0.1883027886659132,-1,TRUE,TRUE
base_monetary_base,base,4,11,-2.167903626908163,-3.5153145034888573,-1.0756502265652093,-4.3667119894300654,-0.30416445143212434,-1,TRUE,TRUE
base_monetary_base,base,4,12,-2.1989838206752155,-3.662034749524138,-1.2117932742598638,-4.449551108079174,-0.4181387121237995,-1,TRUE,TRUE
base_monetary_base,base,4,13,-2.1950993264679974,-3.701549293645941,-1.2517736923225755,-4.470706181816536,-0.49170101448256376,-1,TRUE,TRUE
base_monetary_base,base,4,14,-2.1654606739625826,-3.780900564441754,-1.2898844264564613,-4.55662312116202,-0.6014582097153941,-1,TRUE,TRUE
base_monetary_base,base,4,15,-2.110413105012876,-3.7816433404956435,-1.3185102630301277,-4.6128516686309595,-0.6386677270185098,-1,TRUE,TRUE
base_monetary_base,base,4,16,-2.031344558323589,-3.722238827324801,-1.3073875195154936,-4.6327294782089234,-0.6477514348425141,-1,TRUE,TRUE
base_monetary_base,base,4,17,-1.9330634854672568,-3.6609313312054432,-1.2605173593055115,-4.621756935993734,-0.6641739364222203,-1,TRUE,TRUE
base_monetary_base,base,4,18,-1.8172897821469136,-3.591665006427157,-1.1994377538635637,-4.616798767101751,-0.6522871025886765,-1,TRUE,TRUE
base_monetary_base,base,4,19,-1.6869099521768738,-3.5146205241495947,-1.1385901687834061,-4.571620322165582,-0.5690142718271057,-1,TRUE,TRUE
base_monetary_base,base,4,20,-1.545116511448763,-3.423410475170365,-1.0655588605470605,-4.488037595049806,-0.4885166017737802,-1,TRUE,TRUE
base_monetary_base,base,4,21,-1.3940394122902489,-3.2781737991835573,-0.9631926988753685,-4.372857088128956,-0.34676902870945797,-1,TRUE,TRUE
base_monetary_base,base,4,22,-1.2362665457672506,-3.211778519911252,-0.8578701084093148,-4.2237477891410915,-0.2309615061681021,-1,TRUE,TRUE
base_monetary_base,base,4,23,-1.0741346367626137,-3.0298851073865904,-0.7483021930621339,-4.124200445300139,-0.09122704814394446,-1,TRUE,TRUE
base_monetary_base,base,4,24,-0.9095485805216352,-2.9163577053420284,-0.6042633659768354,-3.9367337440670833,-0.012210630887451354,-1,TRUE,TRUE
base_monetary_base,base,4,25,-0.744487349456624,-2.7415491607228675,-0.4768484656482575,-3.7571732191531733,0.07803926516526685,-1,TRUE,FALSE
base_monetary_base,base,4,26,-0.580676974489136,-2.5518723255110864,-0.31653483995565157,-3.6198443823893074,0.2811721460275871,-1,TRUE,FALSE
base_monetary_base,base,4,27,-0.41959778789193436,-2.395469271141526,-0.17126325491857344,-3.461775999483347,0.4843005478239591,-1,TRUE,FALSE
base_monetary_base,base,4,28,-0.26265923042623207,-2.262596015291734,-0.027753311147213452,-3.33848279423392,0.5893758827710158,-1,TRUE,FALSE
base_monetary_base,base,4,29,-0.11107904950218295,-2.0975300899324205,0.1106887726945583,-3.1788136046017152,0.811300370298219,-1,FALSE,FALSE
base_monetary_base,base,4,30,0.03410164979014141,-1.9173719881269973,0.25574044623993,-2.9969384471000806,0.9811101246659726,1,FALSE,FALSE
base_monetary_base,base,4,31,0.17195798812819074,-1.7714674140024147,0.3963934247140767,-2.7931830341685804,1.073300735839375,1,FALSE,FALSE
base_monetary_base,base,4,32,0.30171593157672927,-1.5963828120802253,0.5317132897660829,-2.6187979750551307,1.2588182706228117,1,FALSE,FALSE
base_monetary_base,base,4,33,0.422743480826826,-1.429288057766263,0.6722955159714289,-2.5073584113714724,1.332787931970517,1,FALSE,FALSE
base_monetary_base,base,4,34,0.5345294596563743,-1.3156342715512799,0.8129276366825383,-2.382725046926225,1.4962325617414727,1,FALSE,FALSE
base_monetary_base,base,4,35,0.6366881214838305,-1.2058275049899598,0.9342420543986675,-2.221543778329534,1.6058638970821169,1,FALSE,FALSE
base_monetary_base,base,4,36,0.7289520364362367,-1.1245006384676326,1.0508185094400142,-2.076202109362799,1.7545863200062894,1,FALSE,FALSE
base_monetary_base,base,4,37,0.8111620955097987,-1.0225566468288114,1.1458253507628393,-1.8847818538636856,1.8507460338903898,1,FALSE,FALSE
base_monetary_base,base,4,38,0.8832629325518093,-0.9318946894273488,1.2332110629761648,-1.8053691991314922,1.9047762053638342,1,FALSE,FALSE
base_monetary_base,base,4,39,0.9452953478188197,-0.8391199908576894,1.305434983086701,-1.6484075963385716,1.9881732139558959,1,FALSE,FALSE
base_monetary_base,base,4,40,0.9973883312399456,-0.7327466311317794,1.3767930507481094,-1.5317367625940348,2.0702166354717564,1,FALSE,FALSE
base_monetary_base,base,4,41,1.0397517121551791,-0.6317566745750592,1.3948373336531192,-1.4043928055549273,2.1334369521801406,1,FALSE,FALSE
base_monetary_base,base,4,42,1.0726680282208578,-0.5492984338682089,1.462001619462111,-1.3285038762458985,2.217433591884671,1,FALSE,FALSE
base_monetary_base,base,4,43,1.0964845349985097,-0.4916497820047963,1.4922338526470424,-1.2540827886497579,2.272846001407241,1,FALSE,FALSE
base_monetary_base,base,4,44,1.11160517831832,-0.4325174373854064,1.5424836328587417,-1.1097925444876817,2.338873645988008,1,FALSE,FALSE
base_monetary_base,base,4,45,1.1184824816110606,-0.3598347805128849,1.5744929553637976,-1.001436677895232,2.3656632588807254,1,FALSE,FALSE
base_monetary_base,base,4,46,1.117609731313851,-0.3046529783455552,1.5878048589909561,-0.9315851261684724,2.4282900537820327,1,FALSE,FALSE
base_monetary_base,base,4,47,1.109513290348052,-0.2816852142799578,1.574062212838765,-0.9416844444290229,2.4274701134830456,1,FALSE,FALSE
base_monetary_base,base,4,48,1.0947451479710102,-0.238561960408819,1.5745249121899545,-0.8612978807824618,2.4394186764069374,1,FALSE,FALSE
base_money_supply,base,4,0,-0.13718366440136354,-0.3443631045806965,0.08050958162110798,-0.511388966495715,0.21038475237331553,-1,FALSE,FALSE
base_money_supply,base,4,1,-0.09588061245254798,-0.2863233891881927,0.38778569142276975,-0.5033127519938958,0.635384530730779,-1,FALSE,FALSE
base_money_supply,base,4,2,-0.2236112805535706,-0.39464970719134457,0.507425862468474,-0.727146633426735,0.8874258284784639,-1,FALSE,FALSE
base_money_supply,base,4,3,-0.4764367875146558,-0.6801849682694794,0.4249107291339215,-1.0435343102199535,0.8584639470146823,-1,FALSE,FALSE
base_money_supply,base,4,4,-0.5862369532584899,-0.8757906960437262,0.42854149681461473,-1.3265236774478868,0.8634775233289059,-1,FALSE,FALSE
base_money_supply,base,4,5,-0.7413545501570473,-1.1197701089399805,0.32897509264663505,-1.6066925092353035,0.840210626131515,-1,FALSE,FALSE
base_money_supply,base,4,6,-0.9480016547425918,-1.4358964867097779,0.13976622673863956,-1.9334367212669241,0.7573395085408092,-1,FALSE,FALSE
base_money_supply,base,4,7,-1.0807214411054145,-1.691700628944099,-0.02300442345273908,-2.181685091647551,0.5805308305261133,-1,TRUE,FALSE
base_money_supply,base,4,8,-1.2088380178967406,-1.9098384626737548,-0.16317203273235673,-2.422520912328862,0.45401068088035096,-1,TRUE,FALSE
base_money_supply,base,4,9,-1.3375093786466619,-2.118125729947848,-0.32854848109434936,-2.650810963881544,0.3246906764510105,-1,TRUE,FALSE
base_money_supply,base,4,10,-1.4334004331700068,-2.311622548012833,-0.44573790249656947,-2.855566089989676,0.20801389159884698,-1,TRUE,FALSE
base_money_supply,base,4,11,-1.5076889355922996,-2.4437783313347947,-0.5750979311824602,-2.9774989373350707,0.054175406280096955,-1,TRUE,FALSE
base_money_supply,base,4,12,-1.5636677904788732,-2.510237300077888,-0.6594289655462934,-3.096963326104938,-0.06820104977801954,-1,TRUE,TRUE
base_money_supply,base,4,13,-1.5947238809120523,-2.5699301947848046,-0.743528471487215,-3.211303113631355,-0.12576759799754503,-1,TRUE,TRUE
base_money_supply,base,4,14,-1.603569095464119,-2.607469514426682,-0.7919960365728586,-3.289348491495452,-0.2116717590631613,-1,TRUE,TRUE
base_money_supply,base,4,15,-1.5922607220366425,-2.61907581286944,-0.8089408115545377,-3.3480238299909355,-0.27055565442027935,-1,TRUE,TRUE
base_money_supply,base,4,16,-1.5614919741374411,-2.610352312474359,-0.7939409722546049,-3.4063515385425576,-0.3480567131166966,-1,TRUE,TRUE
base_money_supply,base,4,17,-1.5136656680214244,-2.5930757812223852,-0.8158194584046072,-3.4077406674417037,-0.32721553945859033,-1,TRUE,TRUE
base_money_supply,base,4,18,-1.4507437431728332,-2.5674119090240617,-0.788514289429066,-3.391318473780288,-0.3589797006680314,-1,TRUE,TRUE
base_money_supply,base,4,19,-1.37478031007352,-2.5228933391292045,-0.7481936998064133,-3.3602595214045756,-0.3110194633520664,-1,TRUE,TRUE
base_money_supply,base,4,20,-1.2879066200801592,-2.42908467785435,-0.6906650968781967,-3.3539979270945053,-0.23628767728051162,-1,TRUE,TRUE
base_money_supply,base,4,21,-1.1920131638369913,-2.346071547216566,-0.6283367286532171,-3.3236976290790343,-0.17927125251004605,-1,TRUE,TRUE
base_money_supply,base,4,22,-1.0890353257663299,-2.2696573598565104,-0.5890327215587637,-3.243278479204238,-0.16059627080531322,-1,TRUE,TRUE
base_money_supply,base,4,23,-0.9807139467729598,-2.177662882875061,-0.5216321285050578,-3.167231791424273,-0.062366465096099506,-1,TRUE,TRUE
base_money_supply,base,4,24,-0.8686260439871862,-2.055672289983142,-0.4377166562868117,-3.086239227181308,-0.020203926777115532,-1,TRUE,TRUE
base_money_supply,base,4,25,-0.7543016888306608,-1.9702001751953242,-0.3527125177030226,-2.9417014437216418,0.07246306717513466,-1,TRUE,FALSE
base_money_supply,base,4,26,-0.6390841154857663,-1.8616385024073976,-0.2703862836566764,-2.808386928075678,0.21468348191955172,-1,TRUE,FALSE
base_money_supply,base,4,27,-0.5241767228571392,-1.746234495275905,-0.17576981940455935,-2.694149115672663,0.26774607962352326,-1,TRUE,FALSE
base_money_supply,base,4,28,-0.41070426259581794,-1.6410702699419102,-0.08753386935064632,-2.5860480983212133,0.3787760216753692,-1,TRUE,FALSE
base_money_supply,base,4,29,-0.29965150694449827,-1.523959155077046,-0.003049936032082215,-2.4757793903933365,0.48749584838886806,-1,TRUE,FALSE
base_money_supply,base,4,30,-0.19188392747637728,-1.4395036798554441,0.09503786945941627,-2.281316026546392,0.6167387577163506,-1,FALSE,FALSE
base_money_supply,base,4,31,-0.08817848971687248,-1.3398165564251903,0.20099875520791127,-2.124686504354043,0.7260732017572961,-1,FALSE,FALSE
base_money_supply,base,4,32,0.010795716407163702,-1.2493285348416272,0.2904827532730735,-2.023321554597363,0.7996599635758836,1,FALSE,FALSE
base_money_supply,base,4,33,0.10447089828049538,-1.1313275434749026,0.38839439888986604,-1.881958658648881,0.9144656031423404,1,FALSE,FALSE
base_money_supply,base,4,34,0.19236678522753792,-1.0169049540998791,0.4860173726907232,-1.760768283171939,1.0089008246797442,1,FALSE,FALSE
base_money_supply,base,4,35,0.27409309718096075,-0.9350773123467482,0.54152855157591,-1.668695118873957,1.0795633302600225,1,FALSE,FALSE
base_money_supply,base,4,36,0.3493460807515669,-0.8589776184120118,0.6390762995930938,-1.5429931869932223,1.1955693228384774,1,FALSE,FALSE
base_money_supply,base,4,37,0.4179016133643465,-0.773118546179477,0.703978097051531,-1.4134774341009007,1.3028601361068028,1,FALSE,FALSE
base_money_supply,base,4,38,0.4796121842169043,-0.7096908261847196,0.771472006422095,-1.2950900063559578,1.3400664803888485,1,FALSE,FALSE
base_money_supply,base,4,39,0.534402847138038,-0.6459907019632005,0.8176956389384007,-1.1922878726198676,1.3985961164260161,1,FALSE,FALSE
base_money_supply,base,4,40,0.5822659447525469,-0.609921013523079,0.8921601002770582,-1.082034776763094,1.4347124455942681,1,FALSE,FALSE
base_money_supply,base,4,41,0.6232563116476353,-0.523341141606092,0.9355422138138187,-0.9925770645707871,1.499015412715626,1,FALSE,FALSE
base_money_supply,base,4,42,0.6574863007774878,-0.4628180555620883,0.9605594197734939,-0.9450330414611715,1.5449301905472774,1,FALSE,FALSE
base_money_supply,base,4,43,0.6851204695729862,-0.401365246055375,0.9990607643698219,-0.8702886409053504,1.6326092195204742,1,FALSE,FALSE
base_money_supply,base,4,44,0.7063701825924529,-0.33060224872366506,1.0472546045430855,-0.8284926562846134,1.6936885528301004,1,FALSE,FALSE
base_money_supply,base,4,45,0.7214882184899629,-0.3075266846473794,1.0914530076029736,-0.7476815506236179,1.7292977826249099,1,FALSE,FALSE
base_money_supply,base,4,46,0.7307633829402915,-0.26114718802487474,1.0990449182938393,-0.7129871080757465,1.7534535407620322,1,FALSE,FALSE
base_money_supply,base,4,47,0.7345151329790411,-0.22289859291996372,1.1216897371674703,-0.6727527185838429,1.767854004755117,1,FALSE,FALSE
base_money_supply,base,4,48,0.7330883341015504,-0.2053516619098397,1.1410496622455266,-0.6346424656955607,1.8070647585996777,1,FALSE,FALSE
base_demand_deposit,base,4,0,-0.00955914869603669,-0.5181570598610667,0.28141702879107844,-0.7089731073363031,0.5544970716808737,-1,FALSE,FALSE
base_demand_deposit,base,4,1,0.1583638890226613,-0.4529857346970886,0.5728071665201827,-0.7303510626566323,0.9533939686407288,1,FALSE,FALSE
base_demand_deposit,base,4,2,-0.1715718654472398,-0.8097023886969916,0.41337887480090635,-1.2317492304503557,0.8273768263241584,-1,FALSE,FALSE
base_demand_deposit,base,4,3,-0.25397563078374263,-0.9996471137869966,0.3997507400203092,-1.4010953035747127,0.9476941919945814,-1,FALSE,FALSE
base_demand_deposit,base,4,4,-0.34894715760888095,-1.1913259737376518,0.49086576453539355,-1.6831524430667495,1.0086056316947842,-1,FALSE,FALSE
base_demand_deposit,base,4,5,-0.5815376995366384,-1.5098690557704897,0.30534413079123374,-2.144216956576312,0.9224913892981965,-1,FALSE,FALSE
base_demand_deposit,base,4,6,-0.806825681951695,-1.8294257628490473,0.08900933472468478,-2.5267544807939695,0.7179825309371157,-1,FALSE,FALSE
base_demand_deposit,base,4,7,-0.95296793180631445,-2.054074103087385,-0.039041816019768014,-2.8187158855128467,0.600265594920117,-1,TRUE,FALSE
base_demand_deposit,base,4,8,-1.1326314815067406,-2.3483221909843732,-0.20510379902374476,-3.085971166882603,0.4811600058293236,-1,TRUE,FALSE
base_demand_deposit,base,4,9,-1.2994887320854742,-2.5753488448687643,-0.43545791067505224,-3.3682003932464935,0.3205476518483357,-1,TRUE,FALSE
base_demand_deposit,base,4,10,-1.4177245118638937,-2.74837077008403,-0.5811968155475606,-3.558850952004788,0.16144828288252647,-1,TRUE,FALSE
base_demand_deposit,base,4,11,-1.521761548543965,-2.889937487059626,-0.7201335787642673,-3.6791933787699462,-0.04973419844562141,-1,TRUE,TRUE
base_demand_deposit,base,4,12,-1.604758540627227,-3.0078082590030344,-0.787319858096767,-3.8029291839900106,-0.22756894906490482,-1,TRUE,TRUE
base_demand_deposit,base,4,13,-1.655258692914141,-3.1131977840030163,-0.8616991456962415,-3.9391010049864286,-0.3080223656663711,-1,TRUE,TRUE
base_demand_deposit,base,4,14,-1.6812664369705077,-3.191159380893671,-0.9673418176491891,-4.064072269521613,-0.38997239240271814,-1,TRUE,TRUE
base_demand_deposit,base,4,15,-1.685480456863342,-3.2318471128068915,-1.0384985119872199,-4.109382391998428,-0.4326284356765392,-1,TRUE,TRUE
base_demand_deposit,base,4,16,-1.6663008744555952,-3.2096427484623282,-1.0568615569013153,-4.163895541594859,-0.48573990448818566,-1,TRUE,TRUE
base_demand_deposit,base,4,17,-1.627125094741677,-3.1777663195217336,-1.0787854752154795,-4.120511860700818,-0.5021279458671133,-1,TRUE,TRUE
base_demand_deposit,base,4,18,-1.5711840131819255,-3.1804841426551276,-1.0477573465480607,-4.038986890334863,-0.5148238817142649,-1,TRUE,TRUE
base_demand_deposit,base,4,19,-1.5000015702812286,-3.129921244118795,-0.9919342288141233,-4.059667676036973,-0.4569993199482635,-1,TRUE,TRUE
base_demand_deposit,base,4,20,-1.4158892674926427,-3.095846271181502,-0.9288782963300852,-3.989945526242459,-0.37951632736097607,-1,TRUE,TRUE
base_demand_deposit,base,4,21,-1.3213797970818897,-2.984862460811387,-0.8782584711618527,-3.8795262533805337,-0.30809899022867016,-1,TRUE,TRUE
base_demand_deposit,base,4,22,-1.2184167739761498,-2.90779794348358,-0.7879646812379749,-3.8351681789543925,-0.2793936685971326,-1,TRUE,TRUE
base_demand_deposit,base,4,23,-1.108788673907446,-2.7988781628851194,-0.6855244894261172,-3.8227799943188674,-0.18225111177266,-1,TRUE,TRUE
base_demand_deposit,base,4,24,-0.9943688163581932,-2.6928775235647193,-0.6056742645841531,-3.7178157592022387,-0.05748886109139575,-1,TRUE,TRUE
base_demand_deposit,base,4,25,-0.8767905862024916,-2.551403588992551,-0.5231790145421864,-3.6180626411568126,0.048351184454127547,-1,TRUE,FALSE
base_demand_deposit,base,4,26,-0.7574503583491654,-2.4098048091835214,-0.4229218639224164,-3.555500960748436,0.19184974461017434,-1,TRUE,FALSE
base_demand_deposit,base,4,27,-0.6377030111531456,-2.305467815745962,-0.29703211389537815,-3.360747121644041,0.34485960801637083,-1,TRUE,FALSE
base_demand_deposit,base,4,28,-0.5187776300805358,-2.163280456540988,-0.19902435740402996,-3.183415468501692,0.42194068681587477,-1,TRUE,FALSE
base_demand_deposit,base,4,29,-0.4017277880745129,-2.0263111895085717,-0.07999923675137739,-3.03387941322984,0.5507468874073228,-1,TRUE,FALSE
base_demand_deposit,base,4,30,-0.287517769033907,-1.8862623772321,0.016367050851547146,-2.9125981120621223,0.6686311679372005,-1,FALSE,FALSE
base_demand_deposit,base,4,31,-0.177017011757874,-1.7286607731874897,0.13687936744849744,-2.7280644197400665,0.751747623049028,-1,FALSE,FALSE
base_demand_deposit,base,4,32,-0.07096971580721201,-1.5951523336811801,0.2451139612174134,-2.5587555100913293,0.8822058096801199,-1,FALSE,FALSE
base_demand_deposit,base,4,33,0.029976495792993774,-1.445429287351748,0.3758714534163269,-2.446744420273267,1.014037408831701,1,FALSE,FALSE
base_demand_deposit,base,4,34,0.1252622017332783,-1.3365280168983396,0.5255446293593816,-2.2532213987505187,1.1195370518065098,1,FALSE,FALSE
base_demand_deposit,base,4,35,0.21442657829828793,-1.2080910346574059,0.5952892027785259,-2.141687059928107,1.2075837526717603,1,FALSE,FALSE
base_demand_deposit,base,4,36,0.29709875775398853,-1.1090641709676121,0.6697436380564906,-1.9265344861489277,1.2923055098087255,1,FALSE,FALSE
base_demand_deposit,base,4,37,0.37299033679245586,-0.9971541388933343,0.7391291103863646,-1.7601040557021388,1.3497825764753002,1,FALSE,FALSE
base_demand_deposit,base,4,38,0.4418956056217782,-0.9058939196270965,0.8149319457982753,-1.6541623028759753,1.4622189834373716,1,FALSE,FALSE
base_demand_deposit,base,4,39,0.5036870551908157,-0.8232236309051577,0.9153558023906465,-1.5797852786716784,1.5413593527701175,1,FALSE,FALSE
base_demand_deposit,base,4,40,0.5583092750928831,-0.7439953138247604,0.973297239246363,-1.4686230857357419,1.6136052653516195,1,FALSE,FALSE
base_demand_deposit,base,4,41,0.6057750482792335,-0.6761814689161537,1.0227380460258184,-1.414665864780257,1.6502905606164442,1,FALSE,FALSE
base_demand_deposit,base,4,42,0.6461605897891909,-0.58395069312016,1.0635688781567207,-1.2652795551797502,1.7031520885131008,1,FALSE,FALSE
base_demand_deposit,base,4,43,0.6795997565748113,-0.49958984516246435,1.1084026078765736,-1.2225957448136684,1.7739473241860657,1,FALSE,FALSE
base_demand_deposit,base,4,44,0.7062786648223573,-0.4092140366550298,1.1658266209448904,-1.1212476232510564,1.810567147409543,1,FALSE,FALSE
base_demand_deposit,base,4,45,0.726430297603553,-0.3723289661182544,1.2082982365123223,-1.003754918999612,1.8049107584286617,1,FALSE,FALSE
base_demand_deposit,base,4,46,0.740328770994747,-0.32755095286911884,1.220153161449915,-0.9613419672907904,1.8351795302414557,1,FALSE,FALSE
base_demand_deposit,base,4,47,0.74828368875135,-0.2795320530823907,1.2638312781418684,-0.90088191410529606,1.9298151291893348,1,FALSE,FALSE
base_demand_deposit,base,4,48,0.7506346828860755,-0.23995996381748386,1.2759425939682183,-0.8598219714258715,1.987067296785264,1,FALSE,FALSE
base_savings_deposit,base,4,0,-0.03220137554293956,-0.13657497754624126,0.16280079364207461,-0.21534589918126734,0.2666965898219719,-1,FALSE,FALSE
base_savings_deposit,base,4,1,0.0414351186509343,-0.06450020223607124,0.3714940475798073,-0.18117388788733702,0.5278292903476565,1,FALSE,FALSE
base_savings_deposit,base,4,2,-0.03119318974902363,-0.13244239052621512,0.43334158882573975,-0.3149414992949307,0.6258705349753612,-1,FALSE,FALSE
base_savings_deposit,base,4,3,-0.15287456762516083,-0.270007661248191,0.3883484821645021,-0.4583769575173213,0.6232879682093926,-1,FALSE,FALSE
base_savings_deposit,base,4,4,-0.2064761363562706,-0.3298636485730732,0.40149185316140473,-0.5541851070917297,0.6833407576838786,-1,FALSE,FALSE
base_savings_deposit,base,4,5,-0.2988727527168833,-0.45367795966313995,0.3471469007842432,-0.7326912935558545,0.6729144946806161,-1,FALSE,FALSE
base_savings_deposit,base,4,6,-0.4162647306485634,-0.606372406896655,0.23539354546581853,-0.9137913718720536,0.5791905523653895,-1,FALSE,FALSE
base_savings_deposit,base,4,7,-0.488377295052389,-0.7369880090490923,0.17487482008008653,-1.0443324947225008,0.5186798653921453,-1,FALSE,FALSE
base_savings_deposit,base,4,8,-0.5664760744903075,-0.8436465717147801,0.08816104046768117,-1.1838402751927424,0.43821518764324713,-1,FALSE,FALSE
base_savings_deposit,base,4,9,-0.6439230189316025,-0.9709665053444341,-0.011577360871971266,-1.3049419719003041,0.34855914687325484,-1,TRUE,FALSE
base_savings_deposit,base,4,10,-0.6993914021686587,-1.0582759029327606,-0.0958045056396971,-1.4102298196041958,0.2786733339633469,-1,TRUE,FALSE
base_savings_deposit,base,4,11,-0.7461952239737224,-1.1416271277052408,-0.14630312783493382,-1.493146427168667,0.17220286076832425,-1,TRUE,FALSE
base_savings_deposit,base,4,12,-0.7831921686797805,-1.2054362277233523,-0.2153864029628066,-1.535646425044957,0.09215319462896662,-1,TRUE,FALSE
base_savings_deposit,base,4,13,-0.8053911522284518,-1.2639177839297266,-0.26447745725415867,-1.5941998529996932,0.02692656814487948,-1,TRUE,FALSE
base_savings_deposit,base,4,14,-0.8161696598417034,-1.3139289213263954,-0.3226824613461843,-1.6420504707828176,-0.010871492300747753,-1,TRUE,TRUE
base_savings_deposit,base,4,15,-0.8163530785517681,-1.3429547012819223,-0.3633264146226633,-1.6731927797009671,-0.05401358144007103,-1,TRUE,TRUE
base_savings_deposit,base,4,16,-0.8057034550201458,-1.3478565525148414,-0.38434506692492393,-1.695364602731288,-0.0952388457072351,-1,TRUE,TRUE
base_savings_deposit,base,4,17,-0.7858802002720044,-1.3553595136318428,-0.40366526843719747,-1.7187534380438318,-0.10821119336342128,-1,TRUE,TRUE
base_savings_deposit,base,4,18,-0.7579951819704056,-1.350328300929333,-0.4005082074417794,-1.734664730723863,-0.09911742989462748,-1,TRUE,TRUE
base_savings_deposit,base,4,19,-0.722980515215621,-1.3298928232358076,-0.396903064205134,-1.7213188657407907,-0.11321421741612404,-1,TRUE,TRUE
base_savings_deposit,base,4,20,-0.6820017199586248,-1.31059934826756,-0.3865206328266637,-1.7093237453657029,-0.11997722428771376,-1,TRUE,TRUE
base_savings_deposit,base,4,21,-0.6360826377403206,-1.2705389894666133,-0.36854191191624297,-1.681468342345328,-0.09887481562748235,-1,TRUE,TRUE
base_savings_deposit,base,4,22,-0.5862137851029292,-1.226324232737154,-0.3418203810983342,-1.6455097702611865,-0.0937290980289271,-1,TRUE,TRUE
base_savings_deposit,base,4,23,-0.5332892639501652,-1.1838451869920723,-0.3082069680635045,-1.6005801248471556,-0.07920776287916852,-1,TRUE,TRUE
base_savings_deposit,base,4,24,-0.4781353520619147,-1.143926854027776,-0.2693684517815664,-1.532392305037994,-0.05027726273256658,-1,TRUE,TRUE
base_savings_deposit,base,4,25,-0.42154599905253054,-1.0895184152872617,-0.23404839243633002,-1.4773504765965246,-0.036293666915275045,-1,TRUE,TRUE
base_savings_deposit,base,4,26,-0.36420656797326867,-1.0370134356774314,-0.19368120858351823,-1.432971598372238,0.01879510209979077,-1,TRUE,FALSE
base_savings_deposit,base,4,27,-0.30674126154467407,-0.9712349345132277,-0.14611779036907044,-1.3909875964281564,0.0727973270174163,-1,TRUE,FALSE
base_savings_deposit,base,4,28,-0.24973576673075204,-0.9075443060843722,-0.09333570632950566,-1.3304526498408153,0.1237905090409296,-1,TRUE,FALSE
base_savings_deposit,base,4,29,-0.1936976099057186,-0.8541202132950262,-0.04019093381670342,-1.2738849301775539,0.1820933088196663,-1,TRUE,FALSE
base_savings_deposit,base,4,30,-0.13907811238562662,-0.794931999933636,0.010369878910340385,-1.1931625645588708,0.23025113425823124,-1,FALSE,FALSE
base_savings_deposit,base,4,31,-0.08628633548927178,-0.7458928847120392,0.06510573039394892,-1.13670840384558,0.3103737238881698,-1,FALSE,FALSE
base_savings_deposit,base,4,32,-0.03567414953170589,-0.6926714576745241,0.10698009270359812,-1.0702812761005838,0.3609125859904547,-1,FALSE,FALSE
base_savings_deposit,base,4,33,0.012456242473657397,-0.649468610626308,0.15010949291634035,-0.983226085578846,0.40830930289834083,1,FALSE,FALSE
base_savings_deposit,base,4,34,0.05784523500880212,-0.5929347680422383,0.19003656849311518,-0.9219851401354184,0.46064260860698,1,FALSE,FALSE
base_savings_deposit,base,4,35,0.10027940464785168,-0.53933194301268,0.22696244873186236,-0.8629481863418926,0.5008086881535818,1,FALSE,FALSE
base_savings_deposit,base,4,36,0.1395886519778733,-0.4926729502818872,0.264302529285649,-0.7742413009659412,0.5295177981398214,1,FALSE,FALSE
base_savings_deposit,base,4,37,0.17564246321246646,-0.42895737469747325,0.28880368726157624,-0.7246414753208092,0.5793201530805445,1,FALSE,FALSE
base_savings_deposit,base,4,38,0.2083492691148825,-0.3804882455191963,0.32902295267560167,-0.6606755803307368,0.6285384592495067,1,FALSE,FALSE
base_savings_deposit,base,4,39,0.23765428721786996,-0.3440562752528922,0.37625334379987896,-0.6024611240324712,0.6823384843741594,1,FALSE,FALSE
base_savings_deposit,base,4,40,0.2635367671722344,-0.30612797523932267,0.41372380234078415,-0.5542876829807525,0.7264354771141532,1,FALSE,FALSE
base_savings_deposit,base,4,41,0.28600788022152823,-0.2677525335606479,0.4500841517217824,-0.5124245188331245,0.7660005092192756,1,FALSE,FALSE
base_savings_deposit,base,4,42,0.3051083087253659,-0.23189607177894803,0.4700088305077553,-0.48952243583903543,0.7882879480299483,1,FALSE,FALSE
base_savings_deposit,base,4,43,0.32090559134838603,-0.1959971862837091,0.49548736300177887,-0.44157276095943115,0.8209235785178977,1,FALSE,FALSE
base_savings_deposit,base,4,44,0.33349152858530573,-0.1641251486707827,0.5170139755933906,-0.40714615827025974,0.8573820010309506,1,FALSE,FALSE
base_savings_deposit,base,4,45,0.3429795667838853,-0.14268602632270083,0.5220500706771686,-0.3704346759195909,0.8666513866000779,1,FALSE,FALSE
base_savings_deposit,base,4,46,0.349502142837399,-0.12489926780997222,0.5485064914800594,-0.34018154018810703,0.8971632343850462,1,FALSE,FALSE
base_savings_deposit,base,4,47,0.3532080442593566,-0.1035088062389309,0.5826358347889355,-0.3203847430354656,0.9149871738675784,1,FALSE,FALSE
base_savings_deposit,base,4,48,0.3542598361918836,-0.08702042003981214,0.5893213412080636,-0.2978354934624734,0.940431480866416,1,FALSE,FALSE
base_m1,base,4,0,-0.08371319789086673,-0.37608854356516735,0.09853584558371785,-0.5227395779601929,0.2495733077359152,-1,FALSE,FALSE
base_m1,base,4,1,0.02639851303745111,-0.318580525875988,0.4262945986631313,-0.5546561160670715,0.6633756982259708,1,FALSE,FALSE
base_m1,base,4,2,-0.20297272374719677,-0.5805635779463431,0.4102822468327237,-0.9014135275971781,0.6980198479837164,-1,FALSE,FALSE
base_m1,base,4,3,-0.37852828802644733,-0.8105016907658869,0.35191083613219387,-1.1625519015821537,0.705811313463279,-1,FALSE,FALSE
base_m1,base,4,4,-0.4828423831864437,-0.9876641588898819,0.384954264600497,-1.3996202200896586,0.8213130729748784,-1,FALSE,FALSE
base_m1,base,4,5,-0.6795135453686152,-1.2818521072047113,0.24041824906839324,-1.8116356029952474,0.744034969333861,-1,FALSE,FALSE
base_m1,base,4,6,-0.8955221741754338,-1.60735202324266,0.014522384362510217,-2.1213807137953924,0.5831186028010428,-1,FALSE,FALSE
base_m1,base,4,7,-1.0317122788683242,-1.8614568958313185,-0.09484337367602255,-2.3712899534463294,0.5095896931227011,-1,TRUE,FALSE
base_m1,base,4,8,-1.1840687636927139,-2.117240679909971,-0.2751797580513987,-2.633294584908838,0.3732497370213994,-1,TRUE,FALSE
base_m1,base,4,9,-1.3284337907655708,-2.3081979264452905,-0.4518228191706812,-2.848910266228584,0.2148516630334827,-1,TRUE,FALSE
base_m1,base,4,10,-1.4301577781121844,-2.446093083048795,-0.583793932827766,-3.0678642759661487,0.05743187097406017,-1,TRUE,FALSE
base_m1,base,4,11,-1.515140171630014,-2.5645336172259094,-0.7161900487061115,-3.2489751049337854,-0.06048917271705049,-1,TRUE,TRUE
base_m1,base,4,12,-1.5800000429061822,-2.6822935560340295,-0.7852548576322316,-3.3623848428682983,-0.1560517346801994,-1,TRUE,TRUE
base_m1,base,4,13,-1.6157797989476586,-2.7814952874438266,-0.8617985542164432,-3.421444233766064,-0.2648257714936008,-1,TRUE,TRUE
base_m1,base,4,14,-1.6288798705480612,-2.8255569479218288,-0.9416147271611843,-3.455352441507031,-0.3170208698603998,-1,TRUE,TRUE
base_m1,base,4,15,-1.6212927015482603,-2.840172683550903,-0.9883779099397219,-3.598774732799397,-0.36991958773969896,-1,TRUE,TRUE
base_m1,base,4,16,-1.5925303975408478,-2.8268923854445225,-0.9966480676762897,-3.6442563027915336,-0.43821896508302655,-1,TRUE,TRUE
base_m1,base,4,17,-1.5457549403110504,-2.8537374319040665,-0.9866836964761436,-3.6598830055511886,-0.4149180160572164,-1,TRUE,TRUE
base_m1,base,4,18,-1.4834739220513926,-2.830729838704258,-0.9701274713908002,-3.628662744500472,-0.4271817894956809,-1,TRUE,TRUE
base_m1,base,4,19,-1.4074473972996326,-2.7715351273270605,-0.9388359593003858,-3.6033198209732555,-0.40594621135272857,-1,TRUE,TRUE
base_m1,base,4,20,-1.319936426306978,-2.6982470829575536,-0.867839126476966,-3.5795765692035566,-0.3500334334574668,-1,TRUE,TRUE
base_m1,base,4,21,-1.2231123655708664,-2.5969170938221993,-0.7982913771350155,-3.515690168696101,-0.2977583279756955,-1,TRUE,TRUE
base_m1,base,4,22,-1.1188914601055644,-2.54617374044918,-0.7079140677530716,-3.4419377930136066,-0.2690153883634894,-1,TRUE,TRUE
base_m1,base,4,23,-1.0090234469327108,-2.445286265380049,-0.629426275121374,-3.368800735486353,-0.17975925348180863,-1,TRUE,TRUE
base_m1,base,4,24,-0.895204617076717,-2.3535261898634547,-0.5394229859263951,-3.305239656655157,-0.052534988833558185,-1,TRUE,TRUE
base_m1,base,4,25,-0.7789936234225636,-2.2329474112866627,-0.435824561874556,-3.223320751222513,0.056130678864066405,-1,TRUE,FALSE
base_m1,base,4,26,-0.6617370052302118,-2.1220851675615244,-0.3513942515219104,-3.1109289077577422,0.15366506287388534,-1,TRUE,FALSE
base_m1,base,4,27,-0.5446903378676371,-2.0191169681985914,-0.24375452254412497,-2.974556379136827,0.27694547052263546,-1,TRUE,FALSE
base_m1,base,4,28,-0.42900874496875074,-1.8653918953069293,-0.14178957110846954,-2.8683227898809767,0.38046899732639405,-1,TRUE,FALSE
base_m1,base,4,29,-0.31568883338612963,-1.73866823994347,-0.04296709585535684,-2.66588491225447,0.4703742572787993,-1,TRUE,FALSE
base_m1,base,4,30,-0.20562417562191015,-1.6084473416879357,0.05510823223033074,-2.4921350110835734,0.5834627066500763,-1,FALSE,FALSE
base_m1,base,4,31,-0.09961736818756561,-1.491005389319242,0.15615700006503722,-2.3836813005925315,0.71172576750957,-1,FALSE,FALSE
base_m1,base,4,32,0.0016460230282344668,-1.3800193446350952,0.27662408348068185,-2.292228552642338,0.8149886189885706,1,FALSE,FALSE
base_m1,base,4,33,0.09757845030631263,-1.2355653084541254,0.38038919576344415,-2.1205544320097847,0.9311207947337024,1,FALSE,FALSE
base_m1,base,4,34,0.18767965381065732,-1.112905850605546,0.48956614874903454,-1.975439105890574,1.0400697828552898,1,FALSE,FALSE
base_m1,base,4,35,0.2715435984925296,-1.0167913264334474,0.5647094538297786,-1.8562332669741728,1.0856803085804525,1,FALSE,FALSE
base_m1,base,4,36,0.348851736067024,-0.9486224326013146,0.6274226396354293,-1.7330016123872338,1.189083260708146,1,FALSE,FALSE
base_m1,base,4,37,0.4193658281852919,-0.8640498880953289,0.6980238889681406,-1.5958656522958414,1.255394301096911,1,FALSE,FALSE
base_m1,base,4,38,0.48292669282856693,-0.7828601449265422,0.784713578380849,-1.4882858223315105,1.3410730540168958,1,FALSE,FALSE
base_m1,base,4,39,0.539449638876488,-0.6943895356912521,0.8766313249779545,-1.3314786963007208,1.3925391480387765,1,FALSE,FALSE
base_m1,base,4,40,0.5889186960669424,-0.6257102713134924,0.9156238101875087,-1.270949884054417,1.4619692764255603,1,FALSE,FALSE
base_m1,base,4,41,0.6313822637696864,-0.545317667513544,0.9597811501559294,-1.1927192436577916,1.5246033086222532,1,FALSE,FALSE
base_m1,base,4,42,0.6669481240834774,-0.458995908089797,0.9904303605728353,-1.0611248969398503,1.5706947927664827,1,FALSE,FALSE
base_m1,base,4,43,0.69577782996042,-0.4041968702002619,1.0426675272627046,-1.0368906949670549,1.6082835195957061,1,FALSE,FALSE
base_m1,base,4,44,0.718081297447104,-0.3480701694262027,1.0949742883128435,-0.9539267560314453,1.67283048871784,1,FALSE,FALSE
base_m1,base,4,45,0.7341113791725862,-0.3022147923001009,1.1007183513774665,-0.8934782015881128,1.7063309377019273,1,FALSE,FALSE
base_m1,base,4,46,0.744158291563779,-0.25523029639461037,1.124316300768026,-0.8320871320620061,1.7429811524287837,1,FALSE,FALSE
base_m1,base,4,47,0.7485441133262771,-0.22158740466782204,1.1601672392006723,-0.8176828082875854,1.7785596193595736,1,FALSE,FALSE
base_m1,base,4,48,0.7476174509621014,-0.20257883778078578,1.1712523845995373,-0.7555606242990087,1.7821590830681289,1,FALSE,FALSE
base_m2,base,4,0,0.20022588279196007,0.020709545099231598,0.3493233572627956,-0.07787323449825191,0.476804602848655,1,TRUE,FALSE
base_m2,base,4,1,0.25458699517291183,0.03167699077471382,0.5416299262008588,-0.11271011746363528,0.720050945110221,1,TRUE,FALSE
base_m2,base,4,2,0.1644917025803938,-0.09562026478018874,0.5459357830705633,-0.28501551450567436,0.7624467577715252,1,FALSE,FALSE
base_m2,base,4,3,0.11625989340635634,-0.17728554318501247,0.5386367043811352,-0.3786391834122029,0.7836059863873155,1,FALSE,FALSE
base_m2,base,4,4,0.07296306121324925,-0.2525235098890169,0.5480842353952182,-0.5104796227706898,0.8363276046983013,1,FALSE,FALSE
base_m2,base,4,5,-0.025658665545880144,-0.42711673264320327,0.47863820018627656,-0.6618843260923352,0.7898610127710203,-1,FALSE,FALSE
base_m2,base,4,6,-0.12312085563593866,-0.5710061477527547,0.3997213230825656,-0.8512581066798927,0.7159793831550837,-1,FALSE,FALSE
base_m2,base,4,7,-0.20027739943958567,-0.7058399357116337,0.30683243940172755,-0.9870676839314164,0.672505893721302,-1,FALSE,FALSE
base_m2,base,4,8,-0.289713809000125,-0.822986329342891,0.19390114164624372,-1.1166458458448292,0.5555149014077984,-1,FALSE,FALSE
base_m2,base,4,9,-0.37497713388063847,-0.9422985219124614,0.09113643045887797,-1.2539906113516441,0.4931434967139768,-1,FALSE,FALSE
base_m2,base,4,10,-0.44650989247601025,-1.0358000120832926,0.02061969790878418,-1.342937851547466,0.4075369702356979,-1,FALSE,FALSE
base_m2,base,4,11,-0.5112669302502759,-1.1211798759153009,-0.05575765350453828,-1.4205789330533158,0.3057027700759861,-1,TRUE,FALSE
base_m2,base,4,12,-0.5663201397877904,-1.1851691804868638,-0.11877268678148617,-1.4789736022875477,0.1972993517004038,-1,TRUE,FALSE
base_m2,base,4,13,-0.6090600546227232,-1.2301524001654776,-0.1840033868087492,-1.539801762637623,0.11496905470912745,-1,TRUE,FALSE
base_m2,base,4,14,-0.6412191918101606,-1.2635421723491007,-0.24157246971154392,-1.59040853430877,0.05107234435344282,-1,TRUE,FALSE
base_m2,base,4,15,-0.6631156646995318,-1.3080836599520183,-0.2813264940618123,-1.6432402001817763,0.0041097725445488455,-1,TRUE,FALSE
base_m2,base,4,16,-0.6748107166530293,-1.3145594577275892,-0.32528699691509805,-1.6370831028040984,-0.013074861814470056,-1,TRUE,TRUE
base_m2,base,4,17,-0.6774854880719383,-1.3245409730162447,-0.3349531624624079,-1.659587579118918,-0.0599890529422029,-1,TRUE,TRUE
base_m2,base,4,18,-0.6720658130966117,-1.32342387580506,-0.3544388059648837,-1.6724429557293128,-0.10088974868666034,-1,TRUE,TRUE
base_m2,base,4,19,-0.6593084537565796,-1.3143136615139,-0.37205745774853394,-1.6810590050827228,-0.08474695116712351,-1,TRUE,TRUE
base_m2,base,4,20,-0.6401681646745927,-1.2907938162298713,-0.3719455432533388,-1.6733246859286373,-0.10858183637128703,-1,TRUE,TRUE
base_m2,base,4,21,-0.6155681780417366,-1.2744226526484013,-0.3573232764693443,-1.6708425312124189,-0.12318080131534535,-1,TRUE,TRUE
base_m2,base,4,22,-0.586298401438412,-1.2625713246905494,-0.3514069984508019,-1.6674167771542117,-0.1177127818665414,-1,TRUE,TRUE
base_m2,base,4,23,-0.5531087400865053,-1.2324013712925022,-0.3444934693048864,-1.6403930859091318,-0.11044025363217262,-1,TRUE,TRUE
base_m2,base,4,24,-0.5167421807289574,-1.2076918838005117,-0.31369963470624856,-1.606165185595363,-0.0710717652771079,-1,TRUE,TRUE
base_m2,base,4,25,-0.47785867484827493,-1.1528103891864063,-0.27952140242435847,-1.5778697516990898,-0.03894170597048609,-1,TRUE,TRUE
base_m2,base,4,26,-0.4370458565690849,-1.1169431581802116,-0.23543474913247875,-1.5472660134153016,-0.014021273048808226,-1,TRUE,TRUE
base_m2,base,4,27,-0.3948688406205436,-1.0590583480486107,-0.19843528171516506,-1.4863030083654547,0.020957567703747636,-1,TRUE,FALSE
base_m2,base,4,28,-0.35184502933780504,-1.024607030838041,-0.1652241402426148,-1.4543110660038037,0.06821260500968626,-1,TRUE,FALSE
base_m2,base,4,29,-0.30843487384558665,-0.9895360194993126,-0.11815404159280483,-1.4114712424237337,0.10593543107211278,-1,TRUE,FALSE
base_m2,base,4,30,-0.26506697236919896,-0.9561130984317017,-0.07741650441692692,-1.3423925058936244,0.1563221145784754,-1,TRUE,FALSE
base_m2,base,4,31,-0.22213475161694252,-0.930085708520685,-0.025593995953645525,-1.279772810155909,0.20095055828061956,-1,TRUE,FALSE
base_m2,base,4,32,-0.17998926268167903,-0.8836174245324934,0.014304744781740434,-1.2227264490073941,0.24214671718781944,-1,FALSE,FALSE
base_m2,base,4,33,-0.13894763437052315,-0.8450766206149135,0.055439853156289444,-1.1723681679900853,0.2920031706796609,-1,FALSE,FALSE
base_m2,base,4,34,-0.09929434906937873,-0.7985335159989677,0.09494156988628878,-1.1435221389477446,0.33033625948349465,-1,FALSE,FALSE
base_m2,base,4,35,-0.0612784967742086,-0.777556357375616,0.13036974246040609,-1.1257292815026092,0.3873036813441344,-1,FALSE,FALSE
base_m2,base,4,36,-0.025116128763358336,-0.727587992296846,0.17781235635068263,-1.069217003883253,0.4178052084980976,-1,FALSE,FALSE
base_m2,base,4,37,0.00900828532732767,-0.68778948764577,0.21098520146958197,-1.0435085636533192,0.4461760898794115,1,FALSE,FALSE
base_m2,base,4,38,0.040942034742252886,-0.6657436809331465,0.252881702693129,-1.0115491676657247,0.504933296961389,1,FALSE,FALSE
base_m2,base,4,39,0.07056297744059137,-0.6296965531864838,0.26860312436896105,-0.978977565347038,0.5370104035109254,1,FALSE,FALSE
base_m2,base,4,40,0.09777807840325448,-0.5812755045353131,0.3018574805567254,-0.9223374434688981,0.5869103694587259,1,FALSE,FALSE
base_m2,base,4,41,0.12252233612590757,-0.5433832956855209,0.34974788557752223,-0.8958787854658958,0.601440219016592,1,FALSE,FALSE
base_m2,base,4,42,0.14475735537584633,-0.497693068827763,0.3812368921819705,-0.884817296682584,0.6270043960983936,1,FALSE,FALSE
base_m2,base,4,43,0.16446964640031148,-0.46159945559386273,0.4061876842103516,-0.8491000169949126,0.6527182926142692,1,FALSE,FALSE
base_m2,base,4,44,0.18166893859183908,-0.4200304363057361,0.4222013580034068,-0.8078862762140043,0.6846860560949937,1,FALSE,FALSE
base_m2,base,4,45,0.19638640190005052,-0.4015926120508344,0.4469661608436575,-0.7750046102435765,0.6990310722904065,1,FALSE,FALSE
base_m2,base,4,46,0.20867273864040303,-0.37308643659047624,0.4625268621584086,-0.7401956759308098,0.7200678706444228,1,FALSE,FALSE
base_m2,base,4,47,0.2185962507122774,-0.34699437733053623,0.46174830593699084,-0.7033904990043144,0.7560582303847598,1,FALSE,FALSE
base_m2,base,4,48,0.22624090719349788,-0.3223468554997477,0.4618565264031568,-0.667262894550904,0.7764720580172377,1,FALSE,FALSE
base_m3,base,4,0,-0.1571440989330597,-0.24115942519371325,-0.07238510455942745,-0.30023392914500296,-0.016869053052184793,-1,TRUE,TRUE
base_m3,base,4,1,-0.1303108562923483,-0.20669857011998705,-0.010220968693346686,-0.2803149519619231,0.05040060445266601,-1,TRUE,FALSE
base_m3,base,4,2,-0.12381962748537756,-0.20069995008423192,0.03515263531801175,-0.2733219604999204,0.11112313189818977,-1,FALSE,FALSE
base_m3,base,4,3,-0.19154744990892425,-0.25465449920898564,0.012024073674050255,-0.353351529481683,0.08043537360020725,-1,FALSE,FALSE
base_m3,base,4,4,-0.2056741519213312,-0.2773222136212326,0.02398505176770272,-0.3898059043130381,0.10627741092607862,-1,FALSE,FALSE
base_m3,base,4,5,-0.2133171219216634,-0.31463258359484675,0.017677023569728553,-0.43049556709399206,0.12861022492915528,-1,FALSE,FALSE
base_m3,base,4,6,-0.25480626197840195,-0.3749947762252632,-0.01777198079854746,-0.5047532361062324,0.10487621477199281,-1,TRUE,FALSE
base_m3,base,4,7,-0.27356656399664114,-0.42271426918136884,-0.04914920330479909,-0.5635112446268042,0.0857567675060143,-1,TRUE,FALSE
base_m3,base,4,8,-0.28548876865716055,-0.4576480358997119,-0.06344079013134991,-0.6046482241779394,0.06879684672453917,-1,TRUE,FALSE
base_m3,base,4,9,-0.3046844287869943,-0.4907548943039749,-0.09558738825276064,-0.6375314650465025,0.03340175151890989,-1,TRUE,FALSE
base_m3,base,4,10,-0.3167624302149896,-0.5196188566661949,-0.12200245981308945,-0.6755958527134509,0.009807221708430644,-1,TRUE,FALSE
base_m3,base,4,11,-0.3233148095375338,-0.5451085071343589,-0.13326729432054035,-0.683542962583974,-0.005968371669377043,-1,TRUE,TRUE
base_m3,base,4,12,-0.3288647794603694,-0.5633735584723532,-0.14634166303524934,-0.7075046532864167,-0.025200891168963985,-1,TRUE,TRUE
base_m3,base,4,13,-0.3300993267110197,-0.5696365156468906,-0.15589349844797867,-0.7199401167217889,-0.044651692729234624,-1,TRUE,TRUE
base_m3,base,4,14,-0.326885590735293,-0.5773865506434896,-0.16359900161859664,-0.7349727150717007,-0.059426880110782856,-1,TRUE,TRUE
base_m3,base,4,15,-0.32059540628019967,-0.5678701343145263,-0.17174400593312805,-0.7410647183942337,-0.06530394385448393,-1,TRUE,TRUE
base_m3,base,4,16,-0.310946147459501,-0.5618147839470007,-0.16928700361337287,-0.7496629717073727,-0.07669653626412701,-1,TRUE,TRUE
base_m3,base,4,17,-0.2981112439528033,-0.5623862610528985,-0.16702411361637096,-0.7352205680129887,-0.07700729834263123,-1,TRUE,TRUE
base_m3,base,4,18,-0.2826479649584379,-0.5536842918029823,-0.16525290967521258,-0.7434495651801915,-0.07304914368834126,-1,TRUE,TRUE
base_m3,base,4,19,-0.2649355400122566,-0.5381625335247517,-0.15848960155891229,-0.7275386701378207,-0.06770837876064975,-1,TRUE,TRUE
base_m3,base,4,20,-0.24529499883024775,-0.527114073431009,-0.14860750490467953,-0.7140754026729668,-0.05653782338208132,-1,TRUE,TRUE
base_m3,base,4,21,-0.22409740161731806,-0.5120871727597192,-0.13775809355513943,-0.6914598064562534,-0.04369620087615933,-1,TRUE,TRUE
base_m3,base,4,22,-0.20175450178900878,-0.488652316910935,-0.1176163195475408,-0.6762541985873328,-0.036028729497090205,-1,TRUE,TRUE
base_m3,base,4,23,-0.17859452578713464,-0.4716636084099939,-0.10197332023053592,-0.661278046814453,-0.018191003241164218,-1,TRUE,TRUE
base_m3,base,4,24,-0.15491191448049335,-0.4477048782110704,-0.08570581876240844,-0.6389071801843533,0.003307472789947327,-1,TRUE,FALSE
base_m3,base,4,25,-0.13102566657811066,-0.42443675067964737,-0.06220226860135544,-0.6214228700750302,0.023741506011775108,-1,TRUE,FALSE
base_m3,base,4,26,-0.10720308413381119,-0.40447984940776177,-0.03944645147253385,-0.5851033825117771,0.046243492628829076,-1,TRUE,FALSE
base_m3,base,4,27,-0.08366850894345745,-0.38817743416419154,-0.019030635798674922,-0.5608282979115399,0.0678084480644303,-1,TRUE,FALSE
base_m3,base,4,28,-0.06064361067210644,-0.37180979021636995,0.0017090197218170293,-0.5426036756318059,0.09192576911399404,-1,FALSE,FALSE
base_m3,base,4,29,-0.03831878822400103,-0.35018177433633024,0.016669403215630124,-0.5210159271117465,0.11495061306478144,-1,FALSE,FALSE
base_m3,base,4,30,-0.016851078705237832,-0.33191040560562624,0.03442613507493602,-0.49610685831683266,0.13984837062958486,-1,FALSE,FALSE
base_m3,base,4,31,0.0036173333524791573,-0.3106241422126801,0.050108283599650284,-0.47227294892513544,0.16744560449342133,1,FALSE,FALSE
base_m3,base,4,32,0.02296638509229343,-0.2859946654211726,0.06664551066853709,-0.45761673321387364,0.18542747170612883,1,FALSE,FALSE
base_m3,base,4,33,0.04110023186822964,-0.2663935521950793,0.09272142749118029,-0.4378340523567792,0.1916825518640007,1,FALSE,FALSE
base_m3,base,4,34,0.057940251166077594,-0.24739402702421254,0.11060489647261304,-0.41703817277146454,0.2118094743625963,1,FALSE,FALSE
base_m3,base,4,35,0.0734255525481009,-0.22680206860223254,0.12684169489663513,-0.3993262425230493,0.22993832910024214,1,FALSE,FALSE
base_m3,base,4,36,0.08751345108490849,-0.21090065487246568,0.13814848826574455,-0.3680874008423897,0.23761727741530936,1,FALSE,FALSE
base_m3,base,4,37,0.10017682102727576,-0.1956129993713449,0.15106752130773152,-0.3677118489571074,0.2568298293574841,1,FALSE,FALSE
base_m3,base,4,38,0.11140308973582869,-0.17952741147680795,0.16044652989883448,-0.3499945187395709,0.2719146387482574,1,FALSE,FALSE
base_m3,base,4,39,0.12119368845404654,-0.16053279323312086,0.17235275829013758,-0.340477524564507,0.28153532758366623,1,FALSE,FALSE
base_m3,base,4,40,0.12956266162473806,-0.1420529246473446,0.18004470899091363,-0.32456299955467843,0.29659908468554813,1,FALSE,FALSE
base_m3,base,4,41,0.13653546743415124,-0.12520217583476526,0.19229706493079762,-0.30536084138635233,0.3023257007390321,1,FALSE,FALSE
base_m3,base,4,42,0.14214800774741132,-0.10993087545305974,0.20023173437820674,-0.27657044981000584,0.30381750398434154,1,FALSE,FALSE
base_m3,base,4,43,0.1464455064544179,-0.09976509950257874,0.20765705940920492,-0.2633194531256561,0.3026813716602661,1,FALSE,FALSE
base_m3,base,4,44,0.14948135339181157,-0.0876769276879137,0.20856192941961196,-0.2518468125358375,0.312115685887141,1,FALSE,FALSE
base_m3,base,4,45,0.1513160349639664,-0.07923390698221948,0.20793875742170356,-0.22886439677478945,0.3137225721640591,1,FALSE,FALSE
base_m3,base,4,46,0.1520160840721374,-0.07235010748353334,0.20388623409106385,-0.2187715486637326,0.32773073195575314,1,FALSE,FALSE
base_m3,base,4,47,0.15165301924413566,-0.0675831071590931,0.20018076939784374,-0.2141755404951634,0.32496597205636796,1,FALSE,FALSE
base_m3,base,4,48,0.15030233273871652,-0.06157193036065948,0.20410487033195948,-0.20498844717463827,0.322395553058462,1,FALSE,FALSE
credito_agro,credito,4,0,1.2335412273030588,0.8367287000840591,1.566110609580811,0.6689483814477004,1.8115005890404985,1,TRUE,TRUE
credito_agro,credito,4,1,1.4562952566168352,0.9413765270804841,1.8309543427414852,0.7033811891142994,2.2031558024856244,1,TRUE,TRUE
credito_agro,credito,4,2,1.289336946429387,0.721554686411772,1.6431278142781336,0.5143938625621358,2.057186341432255,1,TRUE,TRUE
credito_agro,credito,4,3,1.605968024418547,0.9250121774538013,1.9466452326452375,0.66851060336482,2.3483018624677063,1,TRUE,TRUE
credito_agro,credito,4,4,1.637321756282062,0.9175452350037484,1.9958596150877126,0.6286378286316685,2.4591665429296974,1,TRUE,TRUE
credito_agro,credito,4,5,1.4887516124711953,0.7686068192528763,1.9276513916126867,0.4804151254627675,2.431465328977542,1,TRUE,TRUE
credito_agro,credito,4,6,1.4432628262425862,0.7401670758949832,1.9413476956353772,0.42419086458832744,2.46740506502406,1,TRUE,TRUE
credito_agro,credito,4,7,1.3449267973835388,0.660301041161732,1.9203022460413939,0.38692330870481506,2.499002929412656,1,TRUE,TRUE
credito_agro,credito,4,8,1.174788435643137,0.5423819557145118,1.845863529281208,0.27352067998910634,2.4954372333693517,1,TRUE,TRUE
credito_agro,credito,4,9,1.021277671365417,0.4366463507380391,1.8012611656289297,0.16867652256600696,2.4721292494925757,1,TRUE,TRUE
credito_agro,credito,4,10,0.8671140089373086,0.31923876230797266,1.738911006737196,0.05665070875970344,2.427395776328892,1,TRUE,TRUE
credito_agro,credito,4,11,0.7004144229729281,0.24596388560233245,1.6543004410339606,-0.08273110282678409,2.3627379632958188,1,TRUE,FALSE
credito_agro,credito,4,12,0.5405661865208078,0.12727532186803256,1.545191326034165,-0.21567372481478672,2.2637769177606604,1,TRUE,FALSE
credito_agro,credito,4,13,0.3887461902977396,0.00823871152650292,1.441066904674801,-0.3260104219074878,2.1057873159445544,1,TRUE,FALSE
credito_agro,credito,4,14,0.24248260328711968,-0.09501884091073624,1.3454934262017995,-0.4710925663013527,2.0368248193320873,1,FALSE,FALSE
credito_agro,credito,4,15,0.10366133631452001,-0.22297446719616915,1.2527766960574453,-0.5861359417658515,1.999201448757694,1,FALSE,FALSE
credito_agro,credito,4,16,-0.02581401680368245,-0.32273561429652464,1.1493463116134057,-0.6962828166455121,1.8737254254543543,-1,FALSE,FALSE
credito_agro,credito,4,17,-0.1463707486434096,-0.3951637093181455,1.044637460675107,-0.8272719317154892,1.756712595685138,-1,FALSE,FALSE
credito_agro,credito,4,18,-0.25867726160445637,-0.4815039513423339,0.9535944812131049,-0.9551040904188852,1.6313700778140372,-1,FALSE,FALSE
credito_agro,credito,4,19,-0.36194667653429713,-0.5904060884580975,0.8477203426382488,-1.0518645390012733,1.5246992248956563,-1,FALSE,FALSE
credito_agro,credito,4,20,-0.4562302737968871,-0.6858930806053022,0.7349796842449137,-1.1669440874058001,1.437122750153795,-1,FALSE,FALSE
credito_agro,credito,4,21,-0.5421198696353824,-0.763756574086575,0.6454187679154999,-1.2190021566807914,1.3263869609805732,-1,FALSE,FALSE
credito_agro,credito,4,22,-0.6193989378439402,-0.8349631811832503,0.5474577962362894,-1.300638046641036,1.1525298608813908,-1,FALSE,FALSE
credito_agro,credito,4,23,-0.688046142086185,-0.9009785726461691,0.45716565359541056,-1.3825169620413686,1.0675292339360447,-1,FALSE,FALSE
credito_agro,credito,4,24,-0.7484030390742302,-0.9577425237228964,0.3710222344556312,-1.4660161439859838,0.9764251538959327,-1,FALSE,FALSE
credito_agro,credito,4,25,-0.8005130293378682,-1.0046989455563198,0.29407811504895903,-1.5190146573846026,0.8782383513172974,-1,FALSE,FALSE
credito_agro,credito,4,26,-0.8444515354236071,-1.0378451119775534,0.24062775906415643,-1.5734847693816345,0.7892534140974432,-1,FALSE,FALSE
credito_agro,credito,4,27,-0.8804888141181855,-1.0780921367720295,0.15457454943636795,-1.6340916337758662,0.6984148889839331,-1,FALSE,FALSE
credito_agro,credito,4,28,-0.9088385768619034,-1.1005664534489243,0.0971835521016654,-1.7141199199783759,0.620717860803953,-1,FALSE,FALSE
credito_agro,credito,4,29,-0.9297294951905233,-1.1303862692367885,0.04721579946278658,-1.7569430299796402,0.5529052831817481,-1,FALSE,FALSE
credito_agro,credito,4,30,-0.9434859092291692,-1.165452972928289,0.02330032630813253,-1.8081235069258776,0.49127620035054986,-1,FALSE,FALSE
credito_agro,credito,4,31,-0.9504509277479367,-1.1823443164221907,0.0033821663860280726,-1.8480016162846613,0.4690625843242011,-1,FALSE,FALSE
credito_agro,credito,4,32,-0.9509865636885939,-1.20986310299349,-0.014710413803163184,-1.8482091969546244,0.4457426067797687,-1,TRUE,FALSE
credito_agro,credito,4,33,-0.9454996263738136,-1.2306951030325903,-0.04431836222635289,-1.892760229808624,0.40316493822311694,-1,TRUE,FALSE
credito_agro,credito,4,34,-0.9344209055197061,-1.2494878918503498,-0.037497307627682906,-1.9001520618398344,0.3758618024569269,-1,TRUE,FALSE
credito_agro,credito,4,35,-0.918195049219428,-1.2624421290411179,-0.035793627437171266,-1.925637311358136,0.37322513459991147,-1,TRUE,FALSE
credito_agro,credito,4,36,-0.8972834892023607,-1.2630258234344998,-0.042491346692134065,-1.9076460437195342,0.3419098399420232,-1,TRUE,FALSE
credito_agro,credito,4,37,-0.8721576423902921,-1.2722515223396096,-0.021473450025496138,-1.8860084884039066,0.31910639798569,-1,TRUE,FALSE
credito_agro,credito,4,38,-0.8432911966232637,-1.2533878273025976,-0.012848560271200592,-1.8590180396125673,0.33403133074476166,-1,TRUE,FALSE
credito_agro,credito,4,39,-0.8111568628462518,-1.2315866119373389,0.008512570472971605,-1.7992217531277677,0.3390435213746945,-1,FALSE,FALSE
credito_agro,credito,4,40,-0.7762226442625253,-1.2315017909246366,0.0286567011665852,-1.7749097728883991,0.33243125714765376,-1,FALSE,FALSE
credito_agro,credito,4,41,-0.7389470462753733,-1.205847420996883,0.0576385063689885,-1.7447160926295242,0.33745292952648603,-1,FALSE,FALSE
credito_agro,credito,4,42,-0.6997755732881084,-1.1638734506793165,0.0869982519923892,-1.7171119749095127,0.35961856616932836,-1,FALSE,FALSE
credito_agro,credito,4,43,-0.6591381152918907,-1.1394402797355672,0.11030017229805826,-1.6675104601520625,0.4015632118943922,-1,FALSE,FALSE
credito_agro,credito,4,44,-0.6174461183371727,-1.1015652635633657,0.13949841096141816,-1.6363584946328416,0.4442271859773661,-1,FALSE,FALSE
credito_agro,credito,4,45,-0.5750901865692049,-1.0634705905665347,0.1752293937033711,-1.6134296997659066,0.47784734665385237,-1,FALSE,FALSE
credito_agro,credito,4,46,-0.5324383997205473,-1.0138149010935749,0.1930576125078399,-1.5599440562599252,0.4985328336344671,-1,FALSE,FALSE
credito_agro,credito,4,47,-0.4898347999428676,-0.9717488940533727,0.22562967376730333,-1.5285310218949528,0.5174059549909554,-1,FALSE,FALSE
credito_agro,credito,4,48,-0.4475981352888736,-0.9450144553252398,0.24502200568607185,-1.4842357820961225,0.5373858529708425,-1,FALSE,FALSE
credito_industria_total,credito,4,0,0.8147251313291193,0.7045320722587025,1.148371416463136,0.5574320399432152,1.3050131566108878,1,TRUE,TRUE
credito_industria_total,credito,4,1,0.9224763373925082,0.7893069623892837,1.4088011577687223,0.57780122023945,1.651548059854969,1,TRUE,TRUE
credito_industria_total,credito,4,2,0.8302172374135885,0.6668865781427211,1.4245623919614918,0.39018385687307416,1.6767487466470297,1,TRUE,TRUE
credito_industria_total,credito,4,3,0.9362385650265592,0.7270440352052052,1.5454410986991496,0.46735782285565514,1.8198786293143432,1,TRUE,TRUE
credito_industria_total,credito,4,4,0.9230155356619196,0.6820511635751636,1.5613030991101944,0.42427905286182116,1.8735140123426637,1,TRUE,TRUE
credito_industria_total,credito,4,5,0.80147147118379,0.5442402634749817,1.4922996666343078,0.27030787784835136,1.8419963631511256,1,TRUE,TRUE
credito_industria_total,credito,4,6,0.7349162018244648,0.4708851511202372,1.4516879707222436,0.1882132790449209,1.7613558864565386,1,TRUE,TRUE
credito_industria_total,credito,4,7,0.6451482417261678,0.3867124072339436,1.3676999130099692,0.08167310051772605,1.7708617988386186,1,TRUE,TRUE
credito_industria_total,credito,4,8,0.5163661953678789,0.2873541836758856,1.2852413698010299,-0.023304445444247708,1.680461538090173,1,TRUE,FALSE
credito_industria_total,credito,4,9,0.4000280988031957,0.1761111984573018,1.1766053221632613,-0.13664491579443327,1.5963871957416171,1,TRUE,FALSE
credito_industria_total,credito,4,10,0.286232820575294,0.08105777262435772,1.079657098116126,-0.22526054802089024,1.529279157569745,1,TRUE,FALSE
credito_industria_total,credito,4,11,0.16933305896822404,-0.028782413657539016,0.9687691495670573,-0.31440783748418716,1.4649600822615758,1,FALSE,FALSE
credito_industria_total,credito,4,12,0.06180607016097461,-0.1370004131505187,0.8786592655348819,-0.4310022572156314,1.368089108840935,1,FALSE,FALSE
credito_industria_total,credito,4,13,-0.037037469394474165,-0.2373055039026917,0.7846949046641163,-0.5253071301144652,1.2317257101312478,-1,FALSE,FALSE
credito_industria_total,credito,4,14,-0.12896724636421997,-0.3168465230039663,0.6886581472042164,-0.6115063836953419,1.1187039819226994,-1,FALSE,FALSE
credito_industria_total,credito,4,15,-0.2120733017865417,-0.4139808837457602,0.600163097675166,-0.7182175848909805,1.024130204792204,-1,FALSE,FALSE
credito_industria_total,credito,4,16,-0.28621230479847215,-0.49143540585437373,0.5079858057165576,-0.8212643478432036,0.9246304692261785,-1,FALSE,FALSE
credito_industria_total,credito,4,17,-0.3522489518934968,-0.5741902606514708,0.427421489373525,-0.9472802486562217,0.8155689887193015,-1,FALSE,FALSE
credito_industria_total,credito,4,18,-0.4104557229846928,-0.6601017479571043,0.33116912496236267,-1.0510529167231404,0.741207692253808,-1,FALSE,FALSE
credito_industria_total,credito,4,19,-0.46090339777767886,-0.7418966141512199,0.26908042124530307,-1.1489382319541297,0.6807036069549918,-1,FALSE,FALSE
credito_industria_total,credito,4,20,-0.5041024048141773,-0.811897852909445,0.19289542101657633,-1.229729291644696,0.6083946551637829,-1,FALSE,FALSE
credito_industria_total,credito,4,21,-0.5405977907961379,-0.8838308378862005,0.13101100643278688,-1.2990616149899992,0.5326786865623588,-1,FALSE,FALSE
credito_industria_total,credito,4,22,-0.5706039325965473,-0.9458296782062847,0.07149502096020938,-1.3491580942059829,0.4379755747283652,-1,FALSE,FALSE
credito_industria_total,credito,4,23,-0.5944430707560788,-0.9960480126089865,0.026879637598783004,-1.3885266065883257,0.3506781786169522,-1,FALSE,FALSE
credito_industria_total,credito,4,24,-0.6125528579888018,-1.0372566669499195,-0.030037117775139892,-1.4389280691997282,0.29001970238190067,-1,TRUE,FALSE
credito_industria_total,credito,4,25,-0.6252080290059969,-1.0685341094544119,-0.0693395599486787,-1.4834353679038306,0.2478862228393242,-1,TRUE,FALSE
credito_industria_total,credito,4,26,-0.6326894432424623,-1.1148949434814701,-0.09584545234031379,-1.549564718238107,0.2197382670819003,-1,TRUE,FALSE
credito_industria_total,credito,4,27,-0.635355433525564,-1.1255018144412734,-0.1203884050902517,-1.6010624051067808,0.1918254768914414,-1,TRUE,FALSE
credito_industria_total,credito,4,28,-0.6335187915372464,-1.143874604188977,-0.1323709004008026,-1.6416839056499999,0.15303166888500636,-1,TRUE,FALSE
credito_industria_total,credito,4,29,-0.6274860697703999,-1.1687784009019762,-0.13263505300987907,-1.6620241109912715,0.1018266832471456,-1,TRUE,FALSE
credito_industria_total,credito,4,30,-0.6176003681833797,-1.180118895622296,-0.14597859429373145,-1.667490080119785,0.1097619368310653,-1,TRUE,FALSE
credito_industria_total,credito,4,31,-0.6042004010689994,-1.199738475231586,-0.13583926045623543,-1.6753704228295097,0.09738389094353306,-1,TRUE,FALSE
credito_industria_total,credito,4,32,-0.5876214447616213,-1.199057077374123,-0.13167144160064326,-1.675233202868758,0.10473749095430972,-1,TRUE,FALSE
credito_industria_total,credito,4,33,-0.5682102664940514,-1.2159554284513536,-0.13210398964937536,-1.6686428637490067,0.1171970821758672,-1,TRUE,FALSE
credito_industria_total,credito,4,34,-0.5463130915197234,-1.2042738735648055,-0.1274529932476586,-1.6422858448995092,0.125956624444393,-1,TRUE,FALSE
credito_industria_total,credito,4,35,-0.5222705680862028,-1.1867315189232976,-0.10006160667101292,-1.6441190398996126,0.15693501718603273,-1,TRUE,FALSE
credito_industria_total,credito,4,36,-0.49642008868872045,-1.1823488931716954,-0.07680049111343047,-1.6482926595795362,0.16874002416140566,-1,TRUE,FALSE
credito_industria_total,credito,4,37,-0.4690917193391875,-1.1934706923125449,-0.04769734253736852,-1.6093082099722746,0.19610428659094756,-1,TRUE,FALSE
credito_industria_total,credito,4,38,-0.44060433313634073,-1.1521769929966805,-0.017560023895720485,-1.6050455713318525,0.23430008518419698,-1,TRUE,FALSE
credito_industria_total,credito,4,39,-0.4112644831133716,-1.1299473056814933,-0.002220153207200984,-1.5692221535148554,0.2463159655852907,-1,TRUE,FALSE
credito_industria_total,credito,4,40,-0.3813645322729986,-1.0976334171042637,0.046579366227138944,-1.5527815679282848,0.2699955751772428,-1,FALSE,FALSE
credito_industria_total,credito,4,41,-0.3511804984073108,-1.072192993999271,0.07928663162197512,-1.540270024389367,0.2857715865815967,-1,FALSE,FALSE
credito_industria_total,credito,4,42,-0.3209708213285589,-1.0396238360393624,0.11592272789411956,-1.5255931410246593,0.30676706238481355,-1,FALSE,FALSE
credito_industria_total,credito,4,43,-0.2909754709591317,-1.0272601639148364,0.14723073868438794,-1.5053286356147944,0.3447164954111042,-1,FALSE,FALSE
credito_industria_total,credito,4,44,-0.2614150359816936,-1.009620368207735,0.17304388397682405,-1.4869420261325852,0.3796682406539498,-1,FALSE,FALSE
credito_industria_total,credito,4,45,-0.23249016033787262,-0.9581889434479699,0.19976017843446678,-1.4608809030097438,0.4051804742927956,-1,FALSE,FALSE
credito_industria_total,credito,4,46,-0.20438134378920614,-0.9146280405725729,0.2236992951056821,-1.4230162262894963,0.43527859361757404,-1,FALSE,FALSE
credito_industria_total,credito,4,47,-0.17724885886737374,-0.8718959770522086,0.23854845420418413,-1.414154070107177,0.46871953565594815,-1,FALSE,FALSE
credito_industria_total,credito,4,48,-0.1512328443780131,-0.8306085646230241,0.25589210354841146,-1.3923355013207,0.5097193612741512,-1,FALSE,FALSE
credito_construcao,credito,4,0,0.6793629489261876,0.40450730674187607,1.1433992087143263,0.24116713796940353,1.3401845801598875,1,TRUE,TRUE
credito_construcao,credito,4,1,0.8531151844855867,0.5246037419503152,1.4427344226522774,0.28882106823893017,1.7341079776645751,1,TRUE,TRUE
credito_construcao,credito,4,2,1.0217942764204846,0.5928690050705673,1.7201013786220705,0.30801481658546237,2.0804233017547378,1,TRUE,TRUE
credito_construcao,credito,4,3,1.128695347226616,0.6688200313646026,1.8735449928011363,0.36260003240892175,2.262728186374513,1,TRUE,TRUE
credito_construcao,credito,4,4,1.1847591961903658,0.6634508134122923,1.9717541949610098,0.3488341822580976,2.39212087677368,1,TRUE,TRUE
credito_construcao,credito,4,5,1.211820943720343,0.6309553983318503,2.02794723947884,0.3128511867592531,2.549849687050896,1,TRUE,TRUE
credito_construcao,credito,4,6,1.1975176150264,0.6133619661086785,2.004021879275511,0.25902722975915216,2.587502359348385,1,TRUE,TRUE
credito_construcao,credito,4,7,1.1477466613259768,0.5649142626169875,1.9810865920727276,0.20287161631803885,2.5720607634459016,1,TRUE,TRUE
credito_construcao,credito,4,8,1.0850790084200534,0.5241842024739263,1.9880417641079853,0.15487189288106654,2.538996897908822,1,TRUE,TRUE
credito_construcao,credito,4,9,0.9978348655698355,0.44534272865483593,1.91923324200777,0.07347659190686026,2.4963347976933865,1,TRUE,TRUE
credito_construcao,credito,4,10,0.8928313821304101,0.3854989933172267,1.8353184619873661,0.03224940848269959,2.439830089537541,1,TRUE,TRUE
credito_construcao,credito,4,11,0.7853441291955532,0.305444212217468,1.7422517127830144,-0.041225772562370006,2.42634933075528,1,TRUE,FALSE
credito_construcao,credito,4,12,0.670294484565459,0.20559966366425186,1.6351532718254729,-0.12010313091914196,2.313325448737613,1,TRUE,FALSE
credito_construcao,credito,4,13,0.5510962632031102,0.12029312629248767,1.518652612808566,-0.2250428169566555,2.197524362747573,1,TRUE,FALSE
credito_construcao,credito,4,14,0.43357918980235777,0.024175345999690682,1.409840211366138,-0.33907083098867974,2.0714456473056093,1,TRUE,FALSE
credito_construcao,credito,4,15,0.3168371639377998,-0.05710302249002032,1.2619286125807005,-0.4510065465477553,2.023155084264657,1,FALSE,FALSE
credito_construcao,credito,4,16,0.20220591682740263,-0.1862307179798842,1.132952360354544,-0.548288177360961,1.9110411780425134,1,FALSE,FALSE
credito_construcao,credito,4,17,0.09170547715231514,-0.2929296288693953,1.0400146633996645,-0.6771049580996682,1.7990818494312397,1,FALSE,FALSE
credito_construcao,credito,4,18,-0.014494743479187555,-0.4012245179235153,0.9422775340839604,-0.7926119124603899,1.6619435635240518,-1,FALSE,FALSE
credito_construcao,credito,4,19,-0.1157920893897546,-0.515448684673972,0.8363403867375423,-0.9363954523962603,1.5408610380928889,-1,FALSE,FALSE
credito_construcao,credito,4,20,-0.21143817639411866,-0.6021627434590295,0.7277278793649746,-1.1080959896580418,1.4034356620835344,-1,FALSE,FALSE
credito_construcao,credito,4,21,-0.30118423072644784,-0.6981683348974147,0.6225169364387249,-1.2261919030239645,1.2823435734474304,-1,FALSE,FALSE
credito_construcao,credito,4,22,-0.3847092532672236,-0.82614525052007,0.5475987208944609,-1.3816261153364013,1.1570351413201856,-1,FALSE,FALSE
credito_construcao,credito,4,23,-0.46170616672357445,-0.9497436976241793,0.4611645227896174,-1.514206550280177,1.0297462223851006,-1,FALSE,FALSE
credito_construcao,credito,4,24,-0.5320110291141655,-1.0776478043451392,0.38981198796403427,-1.6336850288339848,0.9232382412320145,-1,FALSE,FALSE
credito_construcao,credito,4,25,-0.5954851375825965,-1.1550327438775556,0.2978925990995246,-1.7168525143039348,0.8356860735982038,-1,FALSE,FALSE
credito_construcao,credito,4,26,-0.6520406050937622,-1.2125668948400778,0.23083402935085315,-1.7592801757293908,0.7246594823872077,-1,FALSE,FALSE
credito_construcao,credito,4,27,-0.7016534516796735,-1.2745770657605693,0.17614583625335195,-1.8858477527924513,0.5960960610523958,-1,FALSE,FALSE
credito_construcao,credito,4,28,-0.7443500361259625,-1.32958643229738,0.1069404733867684,-1.9594342422142315,0.5289525282461021,-1,FALSE,FALSE
credito_construcao,credito,4,29,-0.7802115418583333,-1.389794054296037,0.05849383445557703,-1.9966318073651539,0.4752065679514703,-1,FALSE,FALSE
credito_construcao,credito,4,30,-0.809365941166118,-1.434663314131643,0.03980479323140253,-2.075825483320872,0.42789578291023755,-1,FALSE,FALSE
credito_construcao,credito,4,31,-0.8319883428529518,-1.4637589210556348,0.01656707497450103,-2.120992315653471,0.36900585781741235,-1,FALSE,FALSE
credito_construcao,credito,4,32,-0.84829989420796,-1.498149380985598,-0.002926315134350577,-2.2035374115217494,0.32063063408354164,-1,TRUE,FALSE
credito_construcao,credito,4,33,-0.8585582192748964,-1.5411408453640143,-0.014774842361773472,-2.260722746877113,0.29114806833701595,-1,TRUE,FALSE
credito_construcao,credito,4,34,-0.8630554913412358,-1.5329121333624287,-0.019311822230415384,-2.3297513999395423,0.24366305029591337,-1,TRUE,FALSE
credito_construcao,credito,4,35,-0.8621152130732224,-1.5494477220360214,-0.022182202568296176,-2.364638009802379,0.21062504084695563,-1,TRUE,FALSE
credito_construcao,credito,4,36,-0.8560846761183294,-1.5193219361592567,-0.03126750971047882,-2.3859668357447723,0.1911369944660466,-1,TRUE,FALSE
credito_construcao,credito,4,37,-0.8453310091606991,-1.5114472956360676,-0.02568546874563345,-2.4196256722146803,0.18661360793798534,-1,TRUE,FALSE
credito_construcao,credito,4,38,-0.8302371977122358,-1.4876925828483514,-0.020708957128805296,-2.4352286654051793,0.19159418589561358,-1,TRUE,FALSE
credito_construcao,credito,4,39,-0.8111965443174829,-1.5103393069142343,-0.011795822416060801,-2.419079803524313,0.19364469659899003,-1,TRUE,FALSE
credito_construcao,credito,4,40,-0.7886085321700764,-1.5113176875910395,0.008416152301840058,-2.380020143498548,0.2023400747710713,-1,FALSE,FALSE
credito_construcao,credito,4,41,-0.7628750675815366,-1.4842530017120081,0.02346182625403169,-2.375301139909961,0.2160488394297766,-1,FALSE,FALSE
credito_construcao,credito,4,42,-0.7343964461109409,-1.4733704892667818,0.034491839571596426,-2.340662768937971,0.24762643477772642,-1,FALSE,FALSE
credito_construcao,credito,4,43,-0.7035679349099988,-1.4401894617796869,0.04138967460184269,-2.3201961523236516,0.2722404107230136,-1,FALSE,FALSE
credito_construcao,credito,4,44,-0.6707767531668463,-1.4373522910400163,0.06428257610803101,-2.2883103791388373,0.2911536375845935,-1,FALSE,FALSE
credito_construcao,credito,4,45,-0.6363992204182156,-1.4346081301930846,0.08491520485278163,-2.242031726148015,0.2934881552848167,-1,FALSE,FALSE
credito_construcao,credito,4,46,-0.6007982847204274,-1.389578711564419,0.11079767154018165,-2.2192151727158365,0.3276865067381118,-1,FALSE,FALSE
credito_construcao,credito,4,47,-0.5643213934196867,-1.336630398863254,0.1255693460522363,-2.158425711292773,0.3443258545888436,-1,FALSE,FALSE
credito_construcao,credito,4,48,-0.5272986356879783,-1.3008533436804244,0.13646479105837117,-2.1028115306860053,0.3548332333336645,-1,FALSE,FALSE
credito_comercio,credito,4,0,0.7932088215215405,0.4895626359819029,1.020451701471591,0.3400413461848972,1.2276759017569538,1,TRUE,TRUE
credito_comercio,credito,4,1,1.0614919670862477,0.6723664137207157,1.367727327103787,0.4578602147929078,1.651197721849118,1,TRUE,TRUE
credito_comercio,credito,4,2,1.0882852793433262,0.6099589800672492,1.4347377789167175,0.33920573407976706,1.7377670606384275,1,TRUE,TRUE
credito_comercio,credito,4,3,1.1773320872012105,0.638887839155239,1.5102237779534171,0.3146012994132541,1.8777194127972052,1,TRUE,TRUE
credito_comercio,credito,4,4,1.195469915602665,0.6295196202901092,1.5907234563048434,0.3006404044388332,1.984823936493992,1,TRUE,TRUE
credito_comercio,credito,4,5,1.1115450366904867,0.5081502849497133,1.5293301939091293,0.16198943082138423,2.0035778124427837,1,TRUE,TRUE
credito_comercio,credito,4,6,1.015415632501404,0.40132136991059836,1.472823814604177,0.035489351418096296,1.950931963512026,1,TRUE,TRUE
credito_comercio,credito,4,7,0.9154249301577932,0.3013587786462617,1.4223438816501057,-0.07854587510198244,1.872980513068684,1,TRUE,FALSE
credito_comercio,credito,4,8,0.7761309340393208,0.17223585125078852,1.3441375077070812,-0.22239107526309088,1.7999338463198533,1,TRUE,FALSE
credito_comercio,credito,4,9,0.6269946908674218,0.03694051557924015,1.2381209940402869,-0.3487455046228988,1.689350879008109,1,TRUE,FALSE
credito_comercio,credito,4,10,0.48374667029287277,-0.0921806446252105,1.1078182527583416,-0.48157172074060234,1.617550631181068,1,FALSE,FALSE
credito_comercio,credito,4,11,0.3372934810615513,-0.22183640871931998,1.0030201133385228,-0.574786482071446,1.5097305413051465,1,FALSE,FALSE
credito_comercio,credito,4,12,0.19352991108130269,-0.3541012735646618,0.9158159675998814,-0.6948723915793726,1.39401068371468,1,FALSE,FALSE
credito_comercio,credito,4,13,0.05914907054267449,-0.47922032064864484,0.792001973166371,-0.8188860413067228,1.3091598358735184,1,FALSE,FALSE
credito_comercio,credito,4,14,-0.06694622947145401,-0.584618548371645,0.6880348228413188,-0.932413782773654,1.1596426520679342,-1,FALSE,FALSE
credito_comercio,credito,4,15,-0.18485275056093764,-0.6953123089708664,0.5752614536206568,-1.0492399771496197,1.0164579572652697,-1,FALSE,FALSE
credito_comercio,credito,4,16,-0.29250127928780456,-0.7952371421320312,0.4605925119867726,-1.1410228840339562,0.84997262051244,-1,FALSE,FALSE
credito_comercio,credito,4,17,-0.3901147801081528,-0.8854277252096107,0.35125482628910654,-1.2781044592474917,0.7771895244701708,-1,FALSE,FALSE
credito_comercio,credito,4,18,-0.4783820281522244,-0.9779952430346387,0.24093170431430128,-1.3962268133279139,0.6967978696932358,-1,FALSE,FALSE
credito_comercio,credito,4,19,-0.5570658145591989,-1.046009690753717,0.16602432693980185,-1.4920170222414915,0.6351319679052674,-1,FALSE,FALSE
credito_comercio,credito,4,20,-0.626391946213567,-1.1198574592241415,0.06498823493787216,-1.5883171541882801,0.5368101032382627,-1,FALSE,FALSE
credito_comercio,credito,4,21,-0.686909193878471,-1.178709655043722,0.006524641649628361,-1.7005814282643967,0.4169222679287705,-1,FALSE,FALSE
credito_comercio,credito,4,22,-0.7388524478171177,-1.2418165867994753,-0.06757126402103199,-1.7917101530497133,0.3692585047927554,-1,TRUE,FALSE
credito_comercio,credito,4,23,-0.7824721358059006,-1.2941497507904542,-0.10489228775331666,-1.832276357243503,0.32199057279268567,-1,TRUE,FALSE
credito_comercio,credito,4,24,-0.8181759521720622,-1.337184740608877,-0.13991395253205272,-1.8750706886410402,0.2592647786280016,-1,TRUE,FALSE
credito_comercio,credito,4,25,-0.8462915353989242,-1.3709211249678128,-0.18012154884630055,-1.9401596294229078,0.23004402833291634,-1,TRUE,FALSE
credito_comercio,credito,4,26,-0.8671196079920618,-1.398915482385516,-0.19133787802817745,-1.9741434438114065,0.16344588384388153,-1,TRUE,FALSE
credito_comercio,credito,4,27,-0.8810311357512646,-1.4076480753368925,-0.20334941278106058,-2.028637280520644,0.13760709435777438,-1,TRUE,FALSE
credito_comercio,credito,4,28,-0.8883997484854134,-1.427379398915698,-0.20798824006180977,-2.0735054253287735,0.11727619870516401,-1,TRUE,FALSE
credito_comercio,credito,4,29,-0.8895929349475251,-1.4389643677488335,-0.21814534763797946,-2.0795992194899005,0.09381677394930302,-1,TRUE,FALSE
credito_comercio,credito,4,30,-0.885010772685757,-1.4524528411504116,-0.2148378846386403,-2.0787224731119904,0.082275259735918,-1,TRUE,FALSE
credito_comercio,credito,4,31,-0.8750719447174649,-1.4551020668986272,-0.2070101012651956,-2.057197343232416,0.10224548399914916,-1,TRUE,FALSE
credito_comercio,credito,4,32,-0.8601997676434769,-1.4522651450652866,-0.18230611652750317,-2.0260376163579075,0.10350237284538823,-1,TRUE,FALSE
credito_comercio,credito,4,33,-0.8408310451317957,-1.4375255250236738,-0.16194835773087274,-1.988690710207829,0.11105148153705544,-1,TRUE,FALSE
credito_comercio,credito,4,34,-0.817412917182947,-1.4131215839142817,-0.1387884176847908,-1.9472386942959656,0.12790506666825682,-1,TRUE,FALSE
credito_comercio,credito,4,35,-0.790393650450083,-1.3741062812776295,-0.11502569067535166,-1.9580514797043351,0.15313865614781874,-1,TRUE,FALSE
credito_comercio,credito,4,36,-0.7602211358528566,-1.3637916597480797,-0.07354403875271485,-1.9438239040923762,0.1687985749346297,-1,TRUE,FALSE
credito_comercio,credito,4,37,-0.7273405043828118,-1.3240173983366472,-0.05015734499575586,-1.8861694931133657,0.18146464676591517,-1,TRUE,FALSE
credito_comercio,credito,4,38,-0.6921887405241689,-1.2903345083339972,-0.015440211506293166,-1.8355256159792028,0.2119018299899132,-1,TRUE,FALSE
credito_comercio,credito,4,39,-0.6551913756602912,-1.2443894229365253,0.02683923516345392,-1.8146550165706046,0.2384590929957264,-1,FALSE,FALSE
credito_comercio,credito,4,40,-0.6167601501258058,-1.2123475355472837,0.0682008654371054,-1.7799988553719903,0.24950746672087734,-1,FALSE,FALSE
credito_comercio,credito,4,41,-0.577289907659928,-1.165250584273925,0.10150350134839324,-1.7332812456079052,0.28654639542210353,-1,FALSE,FALSE
credito_comercio,credito,4,42,-0.5371560705580092,-1.1205284134154574,0.13437337568065916,-1.6638745615239159,0.32791908867697095,-1,FALSE,FALSE
credito_comercio,credito,4,43,-0.49671292448915105,-1.0800781108849855,0.15262965960013997,-1.6055677962913517,0.3768730628459126,-1,FALSE,FALSE
credito_comercio,credito,4,44,-0.4562919783972941,-1.04931259625657,0.17447207265227782,-1.541080573122027,0.4419830004831611,-1,FALSE,FALSE
credito_comercio,credito,4,45,-0.4162006083687664,-0.9628725038762618,0.1981825474072659,-1.4706159224751587,0.4902903818876323,-1,FALSE,FALSE
credito_comercio,credito,4,46,-0.3767212033962686,-0.8996884937402374,0.22914317953554447,-1.408570266861991,0.5290595461829127,-1,FALSE,FALSE
credito_comercio,credito,4,47,-0.3381105725914213,-0.8570036100832013,0.26583290008664395,-1.3262958653127523,0.5746966360627133,-1,FALSE,FALSE
credito_comercio,credito,4,48,-0.3005995791065308,-0.8123572871330264,0.29492840120487074,-1.2514927865471637,0.6239447069201928,-1,FALSE,FALSE
credito_transporte,credito,4,0,1.3782485016311963,1.0583078200322165,1.8200014747597129,0.8274618814269395,2.089304079136731,1,TRUE,TRUE
credito_transporte,credito,4,1,1.6117086784205537,1.145928064795898,2.2189922290715174,0.8449269635358856,2.5306692531578467,1,TRUE,TRUE
credito_transporte,credito,4,2,1.3661532557480482,0.8799783732865736,2.0088992493901006,0.5160102113466946,2.3855031002115785,1,TRUE,TRUE
credito_transporte,credito,4,3,1.6508153336143305,1.0609697285404112,2.2712960493912164,0.7115233391042775,2.6828250091954664,1,TRUE,TRUE
credito_transporte,credito,4,4,1.6475177443342037,1.0014131020171007,2.335357969037247,0.6133348150286411,2.7979320310876656,1,TRUE,TRUE
credito_transporte,credito,4,5,1.4255266024221003,0.8043209430369807,2.128003018452291,0.389032633637647,2.656219484203041,1,TRUE,TRUE
credito_transporte,credito,4,6,1.3303161904604455,0.7279200067327753,2.077125902291998,0.30736043191129653,2.62786727523046,1,TRUE,TRUE
credito_transporte,credito,4,7,1.1937065781073342,0.6182079500664537,2.006241553427928,0.17369750770421355,2.5955585352235224,1,TRUE,TRUE
credito_transporte,credito,4,8,0.973538220395409,0.4332265520741947,1.8563624408266297,0.0024936604756245146,2.434552345845003,1,TRUE,TRUE
credito_transporte,credito,4,9,0.7814755761502479,0.304178257206562,1.71475498511603,-0.15254074561616374,2.344127363467616,1,TRUE,FALSE
credito_transporte,credito,4,10,0.5991701498352153,0.15152232662797702,1.5852798107814368,-0.2799034639126009,2.189580028403082,1,TRUE,FALSE
credito_transporte,credito,4,11,0.40568930686202265,-0.020046907561182464,1.447849078413325,-0.4257050863405521,2.0179660103856865,1,FALSE,FALSE
credito_transporte,credito,4,12,0.22716738219639154,-0.16906470870157403,1.305653747273647,-0.587657243476913,1.8554133104801294,1,FALSE,FALSE
credito_transporte,credito,4,13,0.06425268768237569,-0.3218634279292801,1.1542920905854075,-0.7201076376761006,1.7161916694501664,1,FALSE,FALSE
credito_transporte,credito,4,14,-0.08868499075981306,-0.4522179839422438,1.0474709288583395,-0.8596195017870274,1.5705839201648286,-1,FALSE,FALSE
credito_transporte,credito,4,15,-0.22863800540362522,-0.5807625842260866,0.9189220261249462,-1.0809590933707174,1.4413458803422419,-1,FALSE,FALSE
credito_transporte,credito,4,16,-0.35413747304381404,-0.706928805635037,0.7879565510543786,-1.220444409162263,1.3032636140013507,-1,FALSE,FALSE
credito_transporte,credito,4,17,-0.4669383864401966,-0.8333927610547844,0.666383629964397,-1.387482490927655,1.1634348207893295,-1,FALSE,FALSE
credito_transporte,credito,4,18,-0.5679447348359346,-0.9587031685926339,0.5536622323738561,-1.4855492532036365,1.022716560209631,-1,FALSE,FALSE
credito_transporte,credito,4,19,-0.6568006233948709,-1.0467052385269908,0.423843630918283,-1.6627438468066797,0.8820032780665795,-1,FALSE,FALSE
credito_transporte,credito,4,20,-0.7342317372554308,-1.1622560035907323,0.2966036317880961,-1.7872557444358859,0.8274542075045942,-1,FALSE,FALSE
credito_transporte,credito,4,21,-0.8012622510391476,-1.2593803829039265,0.2028262093702164,-1.889946689323675,0.7642501461896398,-1,FALSE,FALSE
credito_transporte,credito,4,22,-0.85805327298073,-1.3478884251640952,0.1186156027458071,-2.0398616264087446,0.6453432438825835,-1,FALSE,FALSE
credito_transporte,credito,4,23,-0.9049798481906346,-1.4139707037776883,0.040680135635682374,-2.107890028448453,0.5489061915361823,-1,FALSE,FALSE
credito_transporte,credito,4,24,-0.9427421281530957,-1.4675331851724838,-0.02701972482785363,-2.1634680257130805,0.47829291849433253,-1,TRUE,FALSE
credito_transporte,credito,4,25,-0.9716830697543477,-1.495513491551777,-0.06426147442332648,-2.188544001424501,0.44053416162213666,-1,TRUE,FALSE
credito_transporte,credito,4,26,-0.9921468573304004,-1.5331346085097457,-0.11314609219307878,-2.30305754827035,0.32914580363393825,-1,TRUE,FALSE
credito_transporte,credito,4,27,-1.004664728736726,-1.583146603371025,-0.15025962279018668,-2.3161124449543338,0.26273278543044504,-1,TRUE,FALSE
credito_transporte,credito,4,28,-1.0096769658236027,-1.5943648920740174,-0.1785203130484051,-2.3582686066303067,0.23009215661150434,-1,TRUE,FALSE
credito_transporte,credito,4,29,-1.0076078327248217,-1.6093642306354334,-0.18429948515118377,-2.376073281178894,0.20631427199720714,-1,TRUE,FALSE
credito_transporte,credito,4,30,-0.9989661989982301,-1.6326064799079616,-0.18077512733648943,-2.3553473931248474,0.1770768466413728,-1,TRUE,FALSE
credito_transporte,credito,4,31,-0.9842580699884307,-1.6213849940115557,-0.17091356179924078,-2.3462445165357093,0.16487285424873152,-1,TRUE,FALSE
credito_transporte,credito,4,32,-0.9639843704880247,-1.6281079549942614,-0.16728317366209022,-2.3720037252788293,0.16777124511957092,-1,TRUE,FALSE
credito_transporte,credito,4,33,-0.9386759852493931,-1.6002859366107411,-0.16534369880210986,-2.3563749798036855,0.14759601837334757,-1,TRUE,FALSE
credito_transporte,credito,4,34,-0.9088703915926977,-1.5595777777452824,-0.14654178149891997,-2.296543651840935,0.1837413246428031,-1,TRUE,FALSE
credito_transporte,credito,4,35,-0.875099879787844,-1.5114958075795495,-0.12122959664727029,-2.2657711809043537,0.20252137301281256,-1,TRUE,FALSE
credito_transporte,credito,4,36,-0.8378979149483046,-1.4916638890852423,-0.10260860399850773,-2.244500321632343,0.23120734757858458,-1,TRUE,FALSE
credito_transporte,credito,4,37,-0.7977923933400244,-1.4650610151438475,-0.06484315694396597,-2.148357310329904,0.25692653404943827,-1,TRUE,FALSE
credito_transporte,credito,4,38,-0.7552976305822412,-1.4444698502491469,-0.0426683306762998,-2.1243438101425975,0.28704219178975565,-1,TRUE,FALSE
credito_transporte,credito,4,39,-0.7109126047909586,-1.4269082442806875,0.0014807481712114444,-2.059824142557787,0.3218242238342017,-1,FALSE,FALSE
credito_transporte,credito,4,40,-0.6651180114082944,-1.3908246086554112,0.056839662642343775,-1.981754273773736,0.35879577930923534,-1,FALSE,FALSE
credito_transporte,credito,4,41,-0.6183720001946447,-1.349317686852555,0.10559465535235728,-1.986175778854884,0.37036760661490753,-1,FALSE,FALSE
credito_transporte,credito,4,42,-0.5711077281602805,-1.300966811265119,0.1646568882712361,-1.8861730449564673,0.4067513290652779,-1,FALSE,FALSE
credito_transporte,credito,4,43,-0.5237317431992738,-1.2545771732297855,0.20996362003764182,-1.8380222472353132,0.4644578843326572,-1,FALSE,FALSE
credito_transporte,credito,4,44,-0.4766220510718622,-1.2058715541951774,0.23748326654670224,-1.7926350523039587,0.5151353703105829,-1,FALSE,FALSE
credito_transporte,credito,4,45,-0.43012673474356333,-1.1763874220318578,0.27557561729475755,-1.7182596716215144,0.5881737491206648,-1,FALSE,FALSE
credito_transporte,credito,4,46,-0.3845633149876626,-1.0979171856396008,0.3101906476181481,-1.662242308285778,0.660893044928875,-1,FALSE,FALSE
credito_transporte,credito,4,47,-0.34021824071504003,-1.0460675715781413,0.3341404314067242,-1.6222575148875507,0.7130836955287164,-1,FALSE,FALSE
credito_transporte,credito,4,48,-0.2973466347193754,-0.99326889250553,0.3673319530782778,-1.5623367844262193,0.7940507326452372,-1,FALSE,FALSE
credito_pessoa_fisica,credito,4,0,0.29563373229382073,0.21143393302771774,0.3951601018224782,0.1510388731248846,0.4661878761610649,1,TRUE,TRUE
credito_pessoa_fisica,credito,4,1,0.41895236336511044,0.2849712597024263,0.5350589312155778,0.20944736750658108,0.6301223622412699,1,TRUE,TRUE
credito_pessoa_fisica,credito,4,2,0.5409578392372216,0.34306496947369247,0.6673023693060367,0.25243816875823,0.7793135868174271,1,TRUE,TRUE
credito_pessoa_fisica,credito,4,3,0.6198076669878372,0.3853855252928069,0.7547957380415209,0.2777944796955134,0.8848870369650385,1,TRUE,TRUE
credito_pessoa_fisica,credito,4,4,0.6695945046603979,0.418795568557984,0.8294702891390484,0.2769561875673687,0.973353215391669,1,TRUE,TRUE
credito_pessoa_fisica,credito,4,5,0.7135218407998023,0.43908390300794675,0.9086429262240552,0.29483448867314577,1.060292712373809,1,TRUE,TRUE
credito_pessoa_fisica,credito,4,6,0.7290738208424186,0.45178444304990517,0.9665139568988776,0.29034434458070624,1.138152976566977,1,TRUE,TRUE
credito_pessoa_fisica,credito,4,7,0.7263490611019385,0.45630007017121166,1.014273519046019,0.27025193601861397,1.1856089967796801,1,TRUE,TRUE
credito_pessoa_fisica,credito,4,8,0.7158064043018886,0.4376282180648827,1.0489460935390522,0.24637839859602326,1.224183996315631,1,TRUE,TRUE
credito_pessoa_fisica,credito,4,9,0.6889591646697113,0.42495365161823795,1.0553812885718994,0.22257863792342958,1.2540781183158511,1,TRUE,TRUE
credito_pessoa_fisica,credito,4,10,0.6519486911510608,0.40000324423142963,1.0548840275687263,0.19370141416646391,1.2881894843743669,1,TRUE,TRUE
credito_pessoa_fisica,credito,4,11,0.6098725956238393,0.375357873463904,1.0276176045422645,0.17294141472315225,1.2952528240526349,1,TRUE,TRUE
credito_pessoa_fisica,credito,4,12,0.5598521218278085,0.3315627388514146,1.0086614718947564,0.13635589529074174,1.2793429863109365,1,TRUE,TRUE
credito_pessoa_fisica,credito,4,13,0.504803798881448,0.2891269149580874,0.9729889903659645,0.09265644352687832,1.2632213858577668,1,TRUE,TRUE
credito_pessoa_fisica,credito,4,14,0.44725058262808925,0.24141971071605087,0.9351160900424046,0.046554188356531225,1.2486574415564209,1,TRUE,TRUE
credito_pessoa_fisica,credito,4,15,0.38660931405858356,0.206123840339111,0.898963126905793,0.007343124493352997,1.2180631203495982,1,TRUE,TRUE
credito_pessoa_fisica,credito,4,16,0.324260289816114,0.14996257792928605,0.8521406412766155,-0.0697195569326964,1.182627462891099,1,TRUE,FALSE
credito_pessoa_fisica,credito,4,17,0.2615098927441828,0.09408125534340869,0.8064721720499871,-0.10707253340192402,1.1444505805478518,1,TRUE,FALSE
credito_pessoa_fisica,credito,4,18,0.19860437607679415,0.03127136725630466,0.7500450026880926,-0.16188695023341082,1.0918459242769927,1,TRUE,FALSE
credito_pessoa_fisica,credito,4,19,0.13624927195399206,-0.02702367038921195,0.6953853064606712,-0.2298774597520942,1.0471604556427583,1,FALSE,FALSE
credito_pessoa_fisica,credito,4,20,0.07516840601928809,-0.08622929585746067,0.6437735434625563,-0.2893539400607865,0.9863945659159177,1,FALSE,FALSE
credito_pessoa_fisica,credito,4,21,0.01576143053023671,-0.14727130020048132,0.5950185441473241,-0.36004543540838374,0.9357682150460441,1,FALSE,FALSE
credito_pessoa_fisica,credito,4,22,-0.041531113336668035,-0.2025720862005809,0.5423643077291054,-0.43385958735899355,0.8688157098076921,-1,FALSE,FALSE
credito_pessoa_fisica,credito,4,23,-0.09628019814131861,-0.25574632409822945,0.48425130575659114,-0.526904139017601,0.8079895855331329,-1,FALSE,FALSE
credito_pessoa_fisica,credito,4,24,-0.1481590674425548,-0.30900420756759944,0.42403691190816983,-0.5724178104567196,0.7601036866306041,-1,FALSE,FALSE
credito_pessoa_fisica,credito,4,25,-0.19688466511634806,-0.35765548738211717,0.37137809809888933,-0.6302014976066909,0.7163975578029902,-1,FALSE,FALSE
credito_pessoa_fisica,credito,4,26,-0.2422132093040541,-0.4001109477360534,0.323540946646251,-0.6826947258120836,0.6641080407698148,-1,FALSE,FALSE
credito_pessoa_fisica,credito,4,27,-0.2839508992806272,-0.4398021699651849,0.27494180335473317,-0.7351568464922521,0.6037568486582097,-1,FALSE,FALSE
credito_pessoa_fisica,credito,4,28,-0.32195363357261364,-0.4744859300149457,0.23200483537342134,-0.7775526364363045,0.5488859602694365,-1,FALSE,FALSE
credito_pessoa_fisica,credito,4,29,-0.3561215497683956,-0.5214762223938112,0.20466260085867502,-0.8122616432100682,0.48591792164615266,-1,FALSE,FALSE
credito_pessoa_fisica,credito,4,30,-0.3863935437312005,-0.5531371809726914,0.1747479987287986,-0.860973453702888,0.43567070616820186,-1,FALSE,FALSE
credito_pessoa_fisica,credito,4,31,-0.41275011873788126,-0.5781239685015436,0.14229279886604929,-0.8918569825893586,0.4053565054082096,-1,FALSE,FALSE
credito_pessoa_fisica,credito,4,32,-0.4352099724243219,-0.6126272366767851,0.11487410677489691,-0.9036942106867735,0.36725371896291303,-1,FALSE,FALSE
credito_pessoa_fisica,credito,4,33,-0.4538239135104649,-0.6345328007772868,0.0909453895438032,-0.9239274188300378,0.33687676950509754,-1,FALSE,FALSE
credito_pessoa_fisica,credito,4,34,-0.4686743897739709,-0.6485664532575616,0.07265381836937931,-0.9084291257997069,0.3287588064660473,-1,FALSE,FALSE
credito_pessoa_fisica,credito,4,35,-0.47987253781995864,-0.6648233751740333,0.05572743361346438,-0.9344550271753732,0.31336187532821524,-1,FALSE,FALSE
credito_pessoa_fisica,credito,4,36,-0.4875534785615532,-0.6681156540897769,0.031071812322883537,-0.935357364102028,0.2595219480053714,-1,FALSE,FALSE
credito_pessoa_fisica,credito,4,37,-0.4918740385402076,-0.6576316882626947,0.015130790259914635,-0.9430143012616515,0.23086245517821335,-1,FALSE,FALSE
credito_pessoa_fisica,credito,4,38,-0.4930098678855299,-0.662290473373139,-0.0016463991293754565,-0.9420306338862207,0.2143141121125776,-1,TRUE,FALSE
credito_pessoa_fisica,credito,4,39,-0.49115182901390275,-0.6576571846243807,-0.009147490476114736,-0.96042584651175,0.19624079251823953,-1,TRUE,FALSE
credito_pessoa_fisica,credito,4,40,-0.48650330580998213,-0.6599820786418369,-0.011815471204827493,-0.9469790283352948,0.18949268497476346,-1,TRUE,FALSE
credito_pessoa_fisica,credito,4,41,-0.4792775343412825,-0.6450724858092778,-0.00856054306651354,-0.9286693437410634,0.19107762155394667,-1,TRUE,FALSE
credito_pessoa_fisica,credito,4,42,-0.4696947674399765,-0.6478687363635146,-0.005939125938673351,-0.9276313253871876,0.1801726890255805,-1,TRUE,FALSE
credito_pessoa_fisica,credito,4,43,-0.45797981768698204,-0.6453583991154185,0.0040980266702153436,-0.9148447437066354,0.1749314873039294,-1,FALSE,FALSE
credito_pessoa_fisica,credito,4,44,-0.4443597749428929,-0.6347360625631628,0.010827046559184093,-0.8908861987625224,0.17014874106879185,-1,FALSE,FALSE
credito_pessoa_fisica,credito,4,45,-0.42906179595455507,-0.613193788777708,0.024999051017266242,-0.8622019716052238,0.17211219773303862,-1,FALSE,FALSE
credito_pessoa_fisica,credito,4,46,-0.41231111261013087,-0.5963777531622809,0.03819610729339654,-0.8431762728613401,0.18550644721142862,-1,FALSE,FALSE
credito_pessoa_fisica,credito,4,47,-0.3943292315943814,-0.5800507557757131,0.038853673512121226,-0.8044654115945993,0.1875817866895242,-1,FALSE,FALSE
credito_pessoa_fisica,credito,4,48,-0.37533228562011134,-0.5613849900374803,0.042603473826367255,-0.7790195310404097,0.20378550807216397,-1,FALSE,FALSE
spread_icc_juridica,credito,1,0,-0.016722709376456386,-0.028802818307578443,-0.005165733744408564,-0.036770228316166345,0.0017780226821245697,-1,TRUE,FALSE
spread_icc_juridica,credito,1,1,-0.028044702010407905,-0.050616286481687756,-0.014295054757567833,-0.06577205611120243,-0.0035392584084061244,-1,TRUE,TRUE
spread_icc_juridica,credito,1,2,-0.01904851020388808,-0.051863929780647126,-0.003904192592831234,-0.07108484184381253,0.010423359168366609,-1,TRUE,FALSE
spread_icc_juridica,credito,1,3,-0.01173976878676641,-0.05029920685528235,0.005783198694440352,-0.07445933875881659,0.022722276018981215,-1,FALSE,FALSE
spread_icc_juridica,credito,1,4,-0.007047947504630242,-0.051191611084714976,0.012707377593020153,-0.08065303884155335,0.031492383443920066,-1,FALSE,FALSE
spread_icc_juridica,credito,1,5,0.0042126706343774255,-0.046154397738528426,0.02853192665157915,-0.07588768425571203,0.05058838998097331,1,FALSE,FALSE
spread_icc_juridica,credito,1,6,0.016414901481619976,-0.03654406217035152,0.04272700569129905,-0.06564704572229058,0.0676963826573283,1,FALSE,FALSE
spread_icc_juridica,credito,1,7,0.02490484272615296,-0.028881775070527194,0.0548949781618199,-0.058582979081434935,0.07997362365167375,1,FALSE,FALSE
spread_icc_juridica,credito,1,8,0.03517495014256553,-0.020098966942441218,0.06886638303412625,-0.05027021116483668,0.09633499639810451,1,FALSE,FALSE
spread_icc_juridica,credito,1,9,0.04512898669487491,-0.008910255832421922,0.08025634274723806,-0.04138051661965724,0.11079745813728677,1,FALSE,FALSE
spread_icc_juridica,credito,1,10,0.05289674336278344,0.0012572652398822775,0.09091725161955773,-0.03402935540181284,0.12244005797913424,1,TRUE,FALSE
spread_icc_juridica,credito,1,11,0.0600751036893553,0.008691639529049899,0.09940276568131784,-0.025692687517783013,0.12965361850330745,1,TRUE,FALSE
spread_icc_juridica,credito,1,12,0.06619660070095107,0.015524010188890842,0.10793926977396408,-0.015786590415084827,0.1398638641231454,1,TRUE,FALSE
spread_icc_juridica,credito,1,13,0.07074409443598616,0.02180067738665931,0.11337690922037062,-0.008337582038190024,0.1474246911675469,1,TRUE,FALSE
spread_icc_juridica,credito,1,14,0.07412180993213041,0.025811248696136192,0.11833060090726946,-0.0015367104503733178,0.15319144958973538,1,TRUE,FALSE
spread_icc_juridica,credito,1,15,0.07636486467039438,0.029345438440458102,0.12169455149991616,0.004448449014384427,0.1581990614746593,1,TRUE,TRUE
spread_icc_juridica,credito,1,16,0.07741478998656758,0.03248347375349103,0.12378752603042126,0.007688086577476003,0.16212145139970496,1,TRUE,TRUE
spread_icc_juridica,credito,1,17,0.07744819490293976,0.03424953423017126,0.12654437908549834,0.008801154103107557,0.1644745534772258,1,TRUE,TRUE
spread_icc_juridica,credito,1,18,0.07657900990899648,0.03649324320170329,0.1289067175239589,0.011304847877001273,0.16646940792006756,1,TRUE,TRUE
spread_icc_juridica,credito,1,19,0.07488365675169106,0.036998593070605344,0.12726996222630427,0.010002432171792813,0.16555146612348456,1,TRUE,TRUE
spread_icc_juridica,credito,1,20,0.07247714445365952,0.037775041420895744,0.1263221685188457,0.011280484296634466,0.16679293774646434,1,TRUE,TRUE
spread_icc_juridica,credito,1,21,0.06946598454353463,0.03721044157153133,0.12276965650193428,0.010085819461371668,0.1625001691585465,1,TRUE,TRUE
spread_icc_juridica,credito,1,22,0.06594196977585162,0.03607237736560505,0.12096244288157543,0.008267124548057458,0.16050054957608184,1,TRUE,TRUE
spread_icc_juridica,credito,1,23,0.061990714088811454,0.03397071737769339,0.11893190512293698,0.00771645129539929,0.1596203180144317,1,TRUE,TRUE
spread_icc_juridica,credito,1,24,0.05769622213499954,0.03143060247684455,0.1153966819672754,0.006002884661151481,0.1572714133724172,1,TRUE,TRUE
spread_icc_juridica,credito,1,25,0.05313516528035589,0.028311127164797757,0.11132394423709119,0.004682041464362835,0.15446108456172325,1,TRUE,TRUE
spread_icc_juridica,credito,1,26,0.04837409810694692,0.02418025594114067,0.1073423607938922,0.0035637305371173664,0.1473365958541082,1,TRUE,TRUE
spread_icc_juridica,credito,1,27,0.04347659895443663,0.02067140845794428,0.10287254829833849,-4.2371928040499016e-4,0.14297088778283346,1,TRUE,FALSE
spread_icc_juridica,credito,1,28,0.038501810592211035,0.01594749522376166,0.09601238082582164,-0.006139166013211508,0.1406108014923819,1,TRUE,FALSE
spread_icc_juridica,credito,1,29,0.03350152371302308,0.011974823212091583,0.09109129599357561,-0.010237113654341443,0.13179929132010704,1,TRUE,FALSE
spread_icc_juridica,credito,1,30,0.028523633358823117,0.006952355217016562,0.08490050868413118,-0.015380255551936686,0.12450412694971381,1,TRUE,FALSE
spread_icc_juridica,credito,1,31,0.02361234069128518,0.0024412558228634655,0.07959514638985035,-0.01932453029807183,0.11607858340890041,1,TRUE,FALSE
spread_icc_juridica,credito,1,32,0.018806646125796852,-0.002900909152516452,0.0748712003420539,-0.023575870408231836,0.11016398842535906,1,FALSE,FALSE
spread_icc_juridica,credito,1,33,0.01414152911259088,-0.007531014380253206,0.07071460335698158,-0.029106898409219633,0.10217804491301581,1,FALSE,FALSE
spread_icc_juridica,credito,1,34,0.00964831560540707,-0.011971782345594616,0.06580464113987503,-0.033430209700012536,0.09450613071806634,1,FALSE,FALSE
spread_icc_juridica,credito,1,35,0.005354150996345076,-0.015351076972153972,0.061767348903833355,-0.03676676273893004,0.0874249339996355,1,FALSE,FALSE
spread_icc_juridica,credito,1,36,0.0012823436026908545,-0.01908305254573953,0.05737722824140815,-0.04084811832064474,0.08462034220968316,1,FALSE,FALSE
spread_icc_juridica,credito,1,37,-0.0025473786371544268,-0.02322804922577288,0.05236894196967832,-0.04602700378473994,0.08138715668354238,-1,FALSE,FALSE
spread_icc_juridica,credito,1,38,-0.006118935684039823,-0.02729375753056559,0.048407160785957776,-0.052406047542318285,0.07604957302101914,-1,FALSE,FALSE
spread_icc_juridica,credito,1,39,-0.009419732255832647,-0.03017618242829042,0.04419633125163289,-0.05798630738682187,0.07098741157857005,-1,FALSE,FALSE
spread_icc_juridica,credito,1,40,-0.012440452015189347,-0.03245509559011367,0.04028102818583924,-0.06201316365429734,0.06603341379577118,-1,FALSE,FALSE
spread_icc_juridica,credito,1,41,-0.015174934853705389,-0.035988336334436564,0.03629257220307298,-0.06600269919806163,0.06316347263049096,-1,FALSE,FALSE
spread_icc_juridica,credito,1,42,-0.01762000172375542,-0.03890327560170509,0.03249709376052126,-0.07147862647553252,0.057192450349790536,-1,FALSE,FALSE
spread_icc_juridica,credito,1,43,-0.019775244583448454,-0.041850595349654254,0.02994468225477603,-0.07402990746596888,0.05435975811314642,-1,FALSE,FALSE
spread_icc_juridica,credito,1,44,-0.021642827268992568,-0.04436197737587211,0.02653799659183749,-0.07772156824814162,0.050956840267954384,-1,FALSE,FALSE
spread_icc_juridica,credito,1,45,-0.02322727716098947,-0.045657788965358825,0.023767252815705762,-0.07992513753216003,0.048763088587902764,-1,FALSE,FALSE
spread_icc_juridica,credito,1,46,-0.024535262726027254,-0.04829034117913682,0.020887556173017907,-0.0834349782373451,0.04524095370847488,-1,FALSE,FALSE
spread_icc_juridica,credito,1,47,-0.02557537034230426,-0.050744159155758944,0.018322487087554067,-0.08571779059158913,0.04200701663439786,-1,FALSE,FALSE
spread_icc_juridica,credito,1,48,-0.02635788347085434,-0.053354882451618575,0.01634229119351573,-0.08540226784700822,0.03963986431149689,-1,FALSE,FALSE
spread_icc_fisica,credito,1,0,0.0017052443418780453,-0.0243341664784096,0.03288103665454619,-0.04614511481268108,0.04956838796452931,1,FALSE,FALSE
spread_icc_fisica,credito,1,1,-0.030169429793173667,-0.06697669820822738,0.0077750411683081035,-0.09037930399844188,0.027454798292017413,-1,FALSE,FALSE
spread_icc_fisica,credito,1,2,-0.02159047399314156,-0.07040723299255322,0.020082722579392948,-0.10790112150234901,0.04959532785638874,-1,FALSE,FALSE
spread_icc_fisica,credito,1,3,-0.00344175612952606,-0.0646482834029147,0.042384814831268325,-0.10229185039411054,0.06966350397987935,-1,FALSE,FALSE
spread_icc_fisica,credito,1,4,0.0029445957546368534,-0.07677536091364409,0.04762253782590007,-0.10924892582770057,0.08188145186550785,1,FALSE,FALSE
spread_icc_fisica,credito,1,5,0.01885624949178937,-0.07008057290220632,0.0701472314960461,-0.11049216896864203,0.10694549249135525,1,FALSE,FALSE
spread_icc_fisica,credito,1,6,0.042055068192146154,-0.051843244528583715,0.0968902732328749,-0.09584147365424517,0.14166745124631672,1,FALSE,FALSE
spread_icc_fisica,credito,1,7,0.05513851253834667,-0.038128169636551607,0.1135902860029598,-0.09005291888199016,0.16634649700079904,1,FALSE,FALSE
spread_icc_fisica,credito,1,8,0.07103414871428176,-0.02180974003071988,0.13866606652238062,-0.07991750534076585,0.1911264818618581,1,FALSE,FALSE
spread_icc_fisica,credito,1,9,0.08783824253317488,-0.006063134331422559,0.1590820971904031,-0.061620966851769696,0.21509312407543324,1,FALSE,FALSE
spread_icc_fisica,credito,1,10,0.09968927306942701,0.008534686123585204,0.17353119574954173,-0.05154846125878387,0.2330602935096419,1,TRUE,FALSE
spread_icc_fisica,credito,1,11,0.11062176423358842,0.022346286946026656,0.18581268483770594,-0.037927352750683645,0.2536378430432955,1,TRUE,FALSE
spread_icc_fisica,credito,1,12,0.12024746227789912,0.03400993027756451,0.19912103752691498,-0.02703582944439898,0.26883552633677477,1,TRUE,FALSE
spread_icc_fisica,credito,1,13,0.12695550287526167,0.04509315251378177,0.2112371458165283,-0.01655446269285861,0.27517118099045723,1,TRUE,FALSE
spread_icc_fisica,credito,1,14,0.13168203040582635,0.054536832482014005,0.21684095647798318,-0.003626994018605377,0.2834800368346896,1,TRUE,FALSE
spread_icc_fisica,credito,1,15,0.13465496821122466,0.06195877430848642,0.22083651263094264,0.003290977603154844,0.2885168093188245,1,TRUE,TRUE
spread_icc_fisica,credito,1,16,0.135586758387468,0.06692360708388922,0.22994370841458042,0.012449345848875243,0.2930455126544511,1,TRUE,TRUE
spread_icc_fisica,credito,1,17,0.13480055462218915,0.07260940476637927,0.23081083572359593,0.018272152978090546,0.295510236154924,1,TRUE,TRUE
spread_icc_fisica,credito,1,18,0.13253856959314878,0.07246084588011298,0.23216581297525388,0.024375667218695503,0.29550925839807674,1,TRUE,TRUE
spread_icc_fisica,credito,1,19,0.12890863990834786,0.07181178828104533,0.22956441198599875,0.026491881971639986,0.29484236112466955,1,TRUE,TRUE
spread_icc_fisica,credito,1,20,0.1241007781311809,0.06956645800241988,0.226623672977393,0.02704371353985599,0.2938189486625873,1,TRUE,TRUE
spread_icc_fisica,credito,1,21,0.11830076844804634,0.06780852111226965,0.2198450081908225,0.023842937869649854,0.2915354371497693,1,TRUE,TRUE
spread_icc_fisica,credito,1,22,0.11167335073288741,0.06359356893036235,0.2147111556471901,0.023453339513772844,0.28913748803189604,1,TRUE,TRUE
spread_icc_fisica,credito,1,23,0.10436257064752721,0.0578698093353998,0.20971604139203753,0.019013956555640876,0.2815476776681225,1,TRUE,TRUE
spread_icc_fisica,credito,1,24,0.09650924349111926,0.052643873443504165,0.2028812336244273,0.01499826368306419,0.27113826275519226,1,TRUE,TRUE
spread_icc_fisica,credito,1,25,0.08825054272487431,0.0460875238533434,0.1951934650696705,0.009514383537971913,0.2598889486556695,1,TRUE,TRUE
spread_icc_fisica,credito,1,26,0.07970076537682025,0.0399700033214756,0.18673490769592635,0.004261265426067739,0.24668137028146983,1,TRUE,TRUE
spread_icc_fisica,credito,1,27,0.0709664370385971,0.0308249645800878,0.17833762541474313,-0.004975402280485189,0.23432363798559044,1,TRUE,FALSE
spread_icc_fisica,credito,1,28,0.0621504643812085,0.023607075161370537,0.1663221989827371,-0.00959529628271923,0.22442010308701385,1,TRUE,FALSE
spread_icc_fisica,credito,1,29,0.05334122207680697,0.015683658413773966,0.1559032091261729,-0.020178966383555784,0.21708687210996744,1,TRUE,FALSE
spread_icc_fisica,credito,1,30,0.04461861305121441,0.008161186058805567,0.14539165641284738,-0.030537125424641917,0.21098254797240806,1,TRUE,FALSE
spread_icc_fisica,credito,1,31,0.03605735033063039,-5.908954934021984e-4,0.13660978055476203,-0.03738130516934467,0.2005657310719059,1,FALSE,FALSE
spread_icc_fisica,credito,1,32,0.02772255771199534,-0.009100026276741318,0.12794813348908426,-0.046487213562877404,0.19508564352567898,1,FALSE,FALSE
spread_icc_fisica,credito,1,33,0.0196716046126406,-0.018285938543121456,0.11640544284698054,-0.05374854914985883,0.18195820449961891,1,FALSE,FALSE
spread_icc_fisica,credito,1,34,0.01195578048543939,-0.0245227578419105,0.10869075927887516,-0.06208076533919743,0.1721675111885938,1,FALSE,FALSE
spread_icc_fisica,credito,1,35,0.004618959662240178,-0.03336776659180289,0.10195998839761777,-0.0722716071728433,0.16054934118916234,1,FALSE,FALSE
spread_icc_fisica,credito,1,36,-0.0023019059106306823,-0.042218551119309236,0.09136998225707692,-0.07919074010772151,0.15424351111140247,-1,FALSE,FALSE
spread_icc_fisica,credito,1,37,-0.008776008574511407,-0.04856807827544418,0.08307219817020808,-0.0884268063160371,0.14114694817717424,-1,FALSE,FALSE
spread_icc_fisica,credito,1,38,-0.014778853021564082,-0.054758522236858745,0.07445620910662981,-0.09717420359163911,0.13027086121261441,-1,FALSE,FALSE
spread_icc_fisica,credito,1,39,-0.020292000288538625,-0.05885678554752596,0.06793201679866083,-0.1107595730572563,0.12034292039826397,-1,FALSE,FALSE
spread_icc_fisica,credito,1,40,-0.025302609078816363,-0.06681997872820694,0.060508582918972084,-0.11695466221201377,0.10765731255358035,-1,FALSE,FALSE
spread_icc_fisica,credito,1,41,-0.02980320164911725,-0.07191626904410452,0.05379063818696181,-0.12250546623953874,0.1005606923712056,-1,FALSE,FALSE
spread_icc_fisica,credito,1,42,-0.033791357489901856,-0.0769752464358608,0.04604192052542473,-0.130769591091102,0.09320347280009514,-1,FALSE,FALSE
spread_icc_fisica,credito,1,43,-0.03726931890519401,-0.07942161075266152,0.03887025239445045,-0.13288187600474805,0.08792998311255583,-1,FALSE,FALSE
spread_icc_fisica,credito,1,44,-0.04024362469747574,-0.08483749343790445,0.03479339187857017,-0.13916038030917904,0.07874834952820114,-1,FALSE,FALSE
spread_icc_fisica,credito,1,45,-0.0427247407962436,-0.08858908779078903,0.02952959320120889,-0.1457816552273313,0.0708239616570723,-1,FALSE,FALSE
spread_icc_fisica,credito,1,46,-0.04472666594515833,-0.09070604874030957,0.02558090495044735,-0.14792172742292428,0.06484769445656503,-1,FALSE,FALSE
spread_icc_fisica,credito,1,47,-0.04626653457832954,-0.09184639753085523,0.021425017996007142,-0.1504706275397875,0.06025058227132575,-1,FALSE,FALSE
spread_icc_fisica,credito,1,48,-0.04736422922550335,-0.09220029653516647,0.01823685461856342,-0.15129869435934537,0.055496346224991486,-1,FALSE,FALSE
credit_outstanding,credito,4,0,0.555004136988746,0.33909556155990117,0.6705220937700941,0.24105656665013298,0.7897591574021556,1,TRUE,TRUE
credit_outstanding,credito,4,1,0.6861572938577698,0.4105159268479701,0.8197145628524974,0.273898705288691,0.9702479565289734,1,TRUE,TRUE
credit_outstanding,credito,4,2,0.705858587526853,0.3507422409365475,0.8412866720726397,0.18779953740316366,1.0080696663907216,1,TRUE,TRUE
credit_outstanding,credito,4,3,0.82669165572411,0.40238046648810233,0.9405977271484283,0.24571424707058748,1.1258408921957086,1,TRUE,TRUE
credit_outstanding,credito,4,4,0.8569598928709565,0.4026760773054016,0.9651772977633357,0.23894717795793105,1.1903707157072494,1,TRUE,TRUE
credit_outstanding,credito,4,5,0.8293219789896611,0.3599652356747711,0.9558524808159528,0.17883617122098627,1.1984264071167547,1,TRUE,TRUE
credit_outstanding,credito,4,6,0.8179017937307131,0.348503763306704,0.9588764904391393,0.16132338202092034,1.2125259935564212,1,TRUE,TRUE
credit_outstanding,credito,4,7,0.7824835185591184,0.32084235274448764,0.9509817062468688,0.1329017181474112,1.2129279831006132,1,TRUE,TRUE
credit_outstanding,credito,4,8,0.7209834900969714,0.2735986176213032,0.9182527758844563,0.08245811384038125,1.1742928281780636,1,TRUE,TRUE
credit_outstanding,credito,4,9,0.656965745924798,0.2362574513952671,0.8858360244051299,0.05421384463615063,1.1450834493133883,1,TRUE,TRUE
credit_outstanding,credito,4,10,0.5881282990447545,0.2018823428972673,0.8402709909627436,0.013213439570969305,1.1267538746252157,1,TRUE,TRUE
credit_outstanding,credito,4,11,0.5128795500081385,0.14094469289632092,0.803152180090213,-0.05059853145705453,1.0783192959455612,1,TRUE,FALSE
credit_outstanding,credito,4,12,0.4365020856630375,0.08640207130161669,0.7534323149197208,-0.10560518309656773,1.0299585682715906,1,TRUE,FALSE
credit_outstanding,credito,4,13,0.36048941563731063,0.026055308227435944,0.7030522428196353,-0.170515736341606,0.9869316057410011,1,TRUE,FALSE
credit_outstanding,credito,4,14,0.2850150423547859,-0.025687429758235705,0.6396364091736972,-0.20872236046035278,0.9389627437397926,1,FALSE,FALSE
credit_outstanding,credito,4,15,0.21071934353558142,-0.0791717409784041,0.5757311580069571,-0.2649143375262071,0.8576734225104664,1,FALSE,FALSE
credit_outstanding,credito,4,16,0.13873293569419687,-0.13840426036196662,0.5118533488596047,-0.3105933635915166,0.7878929702321102,1,FALSE,FALSE
credit_outstanding,credito,4,17,0.0694288573504176,-0.1893537726479147,0.46760463538294866,-0.36557000459537525,0.720818895006142,1,FALSE,FALSE
credit_outstanding,credito,4,18,0.002837889977147512,-0.2462846377300001,0.4174619377229183,-0.43775685376823026,0.6505864431685102,1,FALSE,FALSE
credit_outstanding,credito,4,19,-0.06049430892813845,-0.29320568010297254,0.35872916576898917,-0.5195666723116994,0.5916986923117569,-1,FALSE,FALSE
credit_outstanding,credito,4,20,-0.12028166570862142,-0.3382652551935866,0.3072635538927415,-0.5843743475654117,0.5299574732920775,-1,FALSE,FALSE
credit_outstanding,credito,4,21,-0.17648413433490884,-0.39180375225789865,0.25412177644007283,-0.6509102515323962,0.471908896894097,-1,FALSE,FALSE
credit_outstanding,credito,4,22,-0.22883412094437672,-0.43679710192111454,0.19779610549272778,-0.7190859034348274,0.42579875014043594,-1,FALSE,FALSE
credit_outstanding,credito,4,23,-0.2771349289359293,-0.475743227448112,0.14960088537873162,-0.7760641062766356,0.372070490332945,-1,FALSE,FALSE
credit_outstanding,credito,4,24,-0.321330240292228,-0.517493705326866,0.11284983732025111,-0.8419898707751168,0.33369302589102173,-1,FALSE,FALSE
credit_outstanding,credito,4,25,-0.361303139101421,-0.5551825823520273,0.0665934755332292,-0.8825402202875474,0.2874576581285292,-1,FALSE,FALSE
credit_outstanding,credito,4,26,-0.39696807994457073,-0.5906219889564485,0.03672779404096544,-0.9268530444323377,0.23880725917819598,-1,FALSE,FALSE
credit_outstanding,credito,4,27,-0.4283197058983834,-0.6247813930625284,0.008212476456300624,-0.9724736062301104,0.20343916918109212,-1,FALSE,FALSE
credit_outstanding,credito,4,28,-0.4553618588465369,-0.6682233765080384,-0.02015761714494372,-1.012468239429713,0.17049637453872973,-1,TRUE,FALSE
credit_outstanding,credito,4,29,-0.4781256539909906,-0.6927697896211013,-0.04442836575687352,-1.026702541445342,0.1486675136408732,-1,TRUE,FALSE
credit_outstanding,credito,4,30,-0.4966904034647057,-0.7185062120743124,-0.04796068611268288,-1.051337384828892,0.13723072460621985,-1,TRUE,FALSE
credit_outstanding,credito,4,31,-0.5111620306390341,-0.7354801279076395,-0.06352430951318222,-1.0608914037962514,0.10322054552974395,-1,TRUE,FALSE
credit_outstanding,credito,4,32,-0.5216712639009802,-0.74892433774426,-0.06444723606163358,-1.0577289957625802,0.08298707923371944,-1,TRUE,FALSE
credit_outstanding,credito,4,33,-0.5283785447671385,-0.7571949634599195,-0.0733669460311876,-1.0809935543762017,0.08165106793548643,-1,TRUE,FALSE
credit_outstanding,credito,4,34,-0.5314670998260662,-0.7588395203471161,-0.07333452207243582,-1.0924933282944562,0.078661880153191,-1,TRUE,FALSE
credit_outstanding,credito,4,35,-0.5311382795779696,-0.7492372385170709,-0.07026269373411408,-1.087636471961635,0.06922367989265031,-1,TRUE,FALSE
credit_outstanding,credito,4,36,-0.5276102153179529,-0.745071631548029,-0.06783638276499548,-1.0739058988327435,0.060483939435415045,-1,TRUE,FALSE
credit_outstanding,credito,4,37,-0.5211143533104812,-0.7486250208613314,-0.06428099126841899,-1.0781884818228786,0.05835917486162738,-1,TRUE,FALSE
credit_outstanding,credito,4,38,-0.5118915722972295,-0.7209307341692864,-0.05642688542911573,-1.070773986388648,0.06605902967398822,-1,TRUE,FALSE
credit_outstanding,credito,4,39,-0.5001894480430868,-0.7025480435988558,-0.044991873105721794,-1.0362820021163988,0.07423688384107781,-1,TRUE,FALSE
credit_outstanding,credito,4,40,-0.4862596643636752,-0.6807054818081864,-0.031710670879801756,-1.0072604621735026,0.08255057771280652,-1,TRUE,FALSE
credit_outstanding,credito,4,41,-0.47035517247868697,-0.6688899319790793,-0.023542208513892958,-0.9834803270019132,0.09848647044324171,-1,TRUE,FALSE
credit_outstanding,credito,4,42,-0.4527277373252647,-0.6632530049257861,-0.01234575581132472,-0.944208489781001,0.1040112226396015,-1,TRUE,FALSE
credit_outstanding,credito,4,43,-0.43362589160622633,-0.6438792429763707,-0.00282477742776516,-0.9148595584831726,0.12303290882586179,-1,TRUE,FALSE
credit_outstanding,credito,4,44,-0.41329292927506645,-0.6089006068160328,0.011812782574582865,-0.8879654260453052,0.14177410860221049,-1,FALSE,FALSE
credit_outstanding,credito,4,45,-0.39196510007240004,-0.5751551204275712,0.03262493332585327,-0.8536604441390306,0.16476334837515647,-1,FALSE,FALSE
credit_outstanding,credito,4,46,-0.36987012059357394,-0.553524617124464,0.05031872387571127,-0.8377478614701533,0.17211141381483164,-1,FALSE,FALSE
credit_outstanding,credito,4,47,-0.34722583827309084,-0.5237960269849636,0.06037302140707647,-0.8064807273121632,0.20147661631249908,-1,FALSE,FALSE
credit_outstanding,credito,4,48,-0.3242390620414537,-0.4983691212183046,0.07540242774232822,-0.7617286151180458,0.21680615056703356,-1,FALSE,FALSE
fin_inst_reserve_req,outros,4,0,-0.5095478845647983,-1.2052934540538645,-0.03489118209514756,-1.7547688491399642,0.29424212470207806,-1,TRUE,FALSE
fin_inst_reserve_req,outros,4,1,-0.3640257909870104,-0.9057831182724637,0.20093021614627893,-1.4316234051206722,0.6495081936342715,-1,FALSE,FALSE
fin_inst_reserve_req,outros,4,2,0.32152644728304924,-0.43182314008671296,1.0581917110863586,-0.9113418379224509,1.6083839492702758,1,FALSE,FALSE
fin_inst_reserve_req,outros,4,3,-0.22330771196769073,-0.7612367835000362,0.5979533948615964,-1.2138770695080066,1.0932998173916042,-1,FALSE,FALSE
fin_inst_reserve_req,outros,4,4,-0.22476133288784617,-0.7482315149674335,0.6786361885207619,-1.2324359787705221,1.1442022681173454,-1,FALSE,FALSE
fin_inst_reserve_req,outros,4,5,-0.020467099102616793,-0.704892683409221,1.027314065804987,-1.193897817283744,1.6111762860210161,-1,FALSE,FALSE
fin_inst_reserve_req,outros,4,6,-0.10142341212006079,-0.7870807599990775,0.9522353252162414,-1.285045081835326,1.546403373381245,-1,FALSE,FALSE
fin_inst_reserve_req,outros,4,7,-0.10190114029335895,-0.7788888252059244,0.961511831218432,-1.3580844520852298,1.6786189207989677,-1,FALSE,FALSE
fin_inst_reserve_req,outros,4,8,-0.026963741009500275,-0.8018222523278761,1.0712364337444276,-1.4409149063545474,1.8111560395915567,-1,FALSE,FALSE
fin_inst_reserve_req,outros,4,9,-0.021654479755106593,-0.8162179797626169,1.0593147946889205,-1.4531422345923257,1.8909782245109217,-1,FALSE,FALSE
fin_inst_reserve_req,outros,4,10,-0.020295349201648882,-0.8115866931743296,1.09108646386842,-1.4332083539184137,1.9852096790856988,-1,FALSE,FALSE
fin_inst_reserve_req,outros,4,11,-0.004903613393814066,-0.8075442895700675,1.1221256402691318,-1.3958738104902675,2.003102580037436,-1,FALSE,FALSE
fin_inst_reserve_req,outros,4,12,-0.0040027737278625075,-0.8053734750670732,1.1221662455452042,-1.329015004766927,2.0787656535934347,-1,FALSE,FALSE
fin_inst_reserve_req,outros,4,13,-0.009433856944884855,-0.8074183079507039,1.1493295784220263,-1.3146273396007542,2.1005724468493687,-1,FALSE,FALSE
fin_inst_reserve_req,outros,4,14,-0.016046242624756513,-0.7883598080907303,1.1521862228579371,-1.2833127461168365,2.0923056497847456,-1,FALSE,FALSE
fin_inst_reserve_req,outros,4,15,-0.025235379101085087,-0.749168620470604,1.1625645474885855,-1.2664778975336064,2.0350766283601667,-1,FALSE,FALSE
fin_inst_reserve_req,outros,4,16,-0.03742714163911254,-0.6901660526590244,1.168642355758965,-1.2507395457161408,2.046689726267735,-1,FALSE,FALSE
fin_inst_reserve_req,outros,4,17,-0.05135215876106436,-0.6499593522523552,1.1628749108908132,-1.2163095986633643,1.9912069668810135,-1,FALSE,FALSE
fin_inst_reserve_req,outros,4,18,-0.06508736543546778,-0.6289636506339611,1.1350220482819968,-1.1549819157767789,1.9850879470582372,-1,FALSE,FALSE
fin_inst_reserve_req,outros,4,19,-0.07939420713234391,-0.6123997137666884,1.103861020975466,-1.1296105704875514,1.9622532191825217,-1,FALSE,FALSE
fin_inst_reserve_req,outros,4,20,-0.09399098785056736,-0.5893384778407815,1.054533582637512,-1.0687987008029962,1.9376118325102671,-1,FALSE,FALSE
fin_inst_reserve_req,outros,4,21,-0.107633288181741,-0.5667227726052659,1.00018314499015,-1.0326687334477653,1.887981678242376,-1,FALSE,FALSE
fin_inst_reserve_req,outros,4,22,-0.12066799388188443,-0.5337073900591626,0.956783820222272,-0.9614124856676876,1.807753583234572,-1,FALSE,FALSE
fin_inst_reserve_req,outros,4,23,-0.13312954633046825,-0.522413116062257,0.9409053182146228,-0.9526653197860665,1.7446928608090613,-1,FALSE,FALSE
fin_inst_reserve_req,outros,4,24,-0.14445664850706308,-0.5155710948253334,0.9018057854466835,-0.9268138518248576,1.7470656970920684,-1,FALSE,FALSE
fin_inst_reserve_req,outros,4,25,-0.15475297421864154,-0.5001728274804682,0.8671679076280622,-0.8904921890956026,1.6712467529677584,-1,FALSE,FALSE
fin_inst_reserve_req,outros,4,26,-0.1641017719265947,-0.4873845621949059,0.8140979260559261,-0.8635864578264797,1.5900464496907607,-1,FALSE,FALSE
fin_inst_reserve_req,outros,4,27,-0.17231093962600808,-0.4603574463568544,0.7599977695873269,-0.8614905378511435,1.4944997457684082,-1,FALSE,FALSE
fin_inst_reserve_req,outros,4,28,-0.17940501331914493,-0.44163202052609846,0.7369424143054256,-0.8672863269397912,1.4483197935469982,-1,FALSE,FALSE
fin_inst_reserve_req,outros,4,29,-0.1854464053135052,-0.4356693951370293,0.7063862878876483,-0.83042863512342,1.4018422922556892,-1,FALSE,FALSE
fin_inst_reserve_req,outros,4,30,-0.19039976096841826,-0.4090752900533717,0.712113424965098,-0.808877891861966,1.3800342217556814,-1,FALSE,FALSE
fin_inst_reserve_req,outros,4,31,-0.1942833715521508,-0.4061727742829393,0.7027168276633857,-0.8112230851597496,1.3386245948129014,-1,FALSE,FALSE
fin_inst_reserve_req,outros,4,32,-0.19714347453730907,-0.41216935972142654,0.6932794785656038,-0.7998745566131626,1.272434479416802,-1,FALSE,FALSE
fin_inst_reserve_req,outros,4,33,-0.1990019568684387,-0.39858618074033736,0.6981084123548004,-0.8209407212333887,1.2196334523117662,-1,FALSE,FALSE
fin_inst_reserve_req,outros,4,34,-0.19989138882168245,-0.4042336568688612,0.6961015668807219,-0.8102457889560125,1.1573767609469496,-1,FALSE,FALSE
fin_inst_reserve_req,outros,4,35,-0.1998579902066977,-0.39003625932958885,0.6502854449880914,-0.8162774350145513,1.1260911471239896,-1,FALSE,FALSE
fin_inst_reserve_req,outros,4,36,-0.19894644070047596,-0.38745315038997596,0.6230467970489173,-0.8102533044339733,1.106340688876126,-1,FALSE,FALSE
fin_inst_reserve_req,outros,4,37,-0.197204331514389,-0.37873084765996184,0.6226869313944381,-0.8100472977762037,1.081129964045397,-1,FALSE,FALSE
fin_inst_reserve_req,outros,4,38,-0.19468526157843113,-0.36230556874982295,0.602403973660021,-0.8306459564596661,1.0720597315944997,-1,FALSE,FALSE
fin_inst_reserve_req,outros,4,39,-0.1914455096550638,-0.3688883726898462,0.5771745643421086,-0.8372625325348497,1.052785263276081,-1,FALSE,FALSE
fin_inst_reserve_req,outros,4,40,-0.18754291589088146,-0.3686572978433964,0.5764874799940414,-0.8276750749455629,1.0168544190099114,-1,FALSE,FALSE
fin_inst_reserve_req,outros,4,41,-0.18303766204410543,-0.3641554671639544,0.5378032857839217,-0.8290112979851716,0.9850026688828051,-1,FALSE,FALSE
fin_inst_reserve_req,outros,4,42,-0.17799161639246996,-0.36134112206861646,0.5307700136131737,-0.8394154207085591,0.9401271668847099,-1,FALSE,FALSE
fin_inst_reserve_req,outros,4,43,-0.17246701943405274,-0.35711937723561316,0.5129220368599927,-0.8225235534018017,0.9173154799908559,-1,FALSE,FALSE
fin_inst_reserve_req,outros,4,44,-0.1665262293548353,-0.35967387771299314,0.5060694978548188,-0.8204015806540611,0.9139543917623437,-1,FALSE,FALSE
fin_inst_reserve_req,outros,4,45,-0.1602314157049589,-0.37540108554461904,0.4890102000427893,-0.8074451968726178,0.8824214970731177,-1,FALSE,FALSE
fin_inst_reserve_req,outros,4,46,-0.15364370529220572,-0.366182303634254,0.47516319873469737,-0.7870911049277535,0.8681985408305751,-1,FALSE,FALSE
fin_inst_reserve_req,outros,4,47,-0.14682272512417383,-0.35164318299563974,0.4560245198495806,-0.7649327407816432,0.8516098516469892,-1,FALSE,FALSE
fin_inst_reserve_req,outros,4,48,-0.13982631632336595,-0.3398498616692508,0.4312820342317921,-0.7538132564968247,0.8263165239162333,-1,FALSE,FALSE
consumo_gasolina,consumo,1,0,-4.140132441870654,-7.74430416030546,-0.9086383144407997,-10.360754590814976,0.902025225214502,-1,TRUE,FALSE
consumo_gasolina,consumo,1,1,-0.007681534255015212,-5.037581471308225,3.2399615281842937,-8.325393850848073,6.245319894724713,-1,FALSE,FALSE
consumo_gasolina,consumo,1,2,3.4672455548864884,-2.5484571875538196,6.62004037105967,-5.459748229626419,9.87145325283292,1,FALSE,FALSE
consumo_gasolina,consumo,1,3,1.4371978197740911,-3.7148613591482893,5.390300554173628,-7.634980153996419,8.415220447442396,1,FALSE,FALSE
consumo_gasolina,consumo,1,4,1.946325136098903,-2.25100898668238,6.810886948787081,-5.851168780775807,9.925909041986017,1,FALSE,FALSE
consumo_gasolina,consumo,1,5,2.9628397001998237,-1.1720017620801948,8.519410442001174,-4.293630114737327,11.605631665621935,1,FALSE,FALSE
consumo_gasolina,consumo,1,6,1.9456400443197783,-1.4213953903696683,8.452361126106265,-4.691278047809018,12.26861818313425,1,FALSE,FALSE
consumo_gasolina,consumo,1,7,1.845692127380842,-1.317157141010113,8.478636191977523,-4.788600491381673,12.033858924543795,1,FALSE,FALSE
consumo_gasolina,consumo,1,8,1.844569463208361,-1.380492964371342,8.453713779701683,-4.767602673122509,12.078412325446607,1,FALSE,FALSE
consumo_gasolina,consumo,1,9,1.2805271858812324,-1.784368859275379,7.84027752577279,-4.881913889996647,11.930604190036455,1,FALSE,FALSE
consumo_gasolina,consumo,1,10,0.9459718484643038,-2.170048515439162,7.555079604242177,-5.151982245880686,11.98888053390506,1,FALSE,FALSE
consumo_gasolina,consumo,1,11,0.6180386327422568,-2.5795652267281945,7.180547231280192,-5.4204684876683435,11.545513602292505,1,FALSE,FALSE
consumo_gasolina,consumo,1,12,0.1395100908276108,-2.808368126540369,6.8113947371353465,-5.505330048926908,11.04368074391455,1,FALSE,FALSE
consumo_gasolina,consumo,1,13,-0.286081259414902,-3.269028711750025,6.380336849354325,-5.8657725967120395,10.722568258305833,-1,FALSE,FALSE
consumo_gasolina,consumo,1,14,-0.6866361588002626,-3.5655191527212127,5.939843223295539,-6.464516962074893,10.196579210141728,-1,FALSE,FALSE
consumo_gasolina,consumo,1,15,-1.1058516561969638,-3.8582765463470405,5.349070476726561,-6.861038243231358,9.813937009891369,-1,FALSE,FALSE
consumo_gasolina,consumo,1,16,-1.4956450655209457,-4.199114886131765,4.941060647745334,-7.204470181811246,9.32895588140337,-1,FALSE,FALSE
consumo_gasolina,consumo,1,17,-1.8531789792360616,-4.638226221086653,4.491332250640565,-7.362124328811064,8.82449038943016,-1,FALSE,FALSE
consumo_gasolina,consumo,1,18,-2.1864033558073537,-4.894740546228271,3.7922515760088675,-7.843746966725363,8.378733266401888,-1,FALSE,FALSE
consumo_gasolina,consumo,1,19,-2.4905489890273547,-5.131686102850831,3.357172839666564,-8.010077743165567,7.979300446635045,-1,FALSE,FALSE
consumo_gasolina,consumo,1,20,-2.762639865047649,-5.301177196558769,3.0253794973155355,-8.415728893412012,7.51577965485424,-1,FALSE,FALSE
consumo_gasolina,consumo,1,21,-3.001960476181036,-5.423870072875869,2.641023778671487,-8.726213786054924,6.887973147908014,-1,FALSE,FALSE
consumo_gasolina,consumo,1,22,-3.211305652663329,-5.552058935592173,2.200422116082238,-9.03284803569143,6.270143551889058,-1,FALSE,FALSE
consumo_gasolina,consumo,1,23,-3.390561048093502,-5.784816863002931,1.857021836219108,-9.105339690718274,5.7543204783484425,-1,FALSE,FALSE
consumo_gasolina,consumo,1,24,-3.5389054611639597,-5.87712881865953,1.6506286516553959,-9.392571470753147,5.460097179328581,-1,FALSE,FALSE
consumo_gasolina,consumo,1,25,-3.65879977897095,-5.984759418465691,1.4022320499383392,-9.259858456585004,4.7808526101787585,-1,FALSE,FALSE
consumo_gasolina,consumo,1,26,-3.751458668316051,-6.063453652068649,1.1824912916939354,-9.2613747130196309,4.412731315812971,-1,FALSE,FALSE
consumo_gasolina,consumo,1,27,-3.8171918181874496,-6.342284851023021,1.0352789899482342,-9.401768310959008,4.088364131931767,-1,FALSE,FALSE
consumo_gasolina,consumo,1,28,-3.8577736261542004,-6.381093869509018,0.8591188335965593,-9.361951170191801,3.915786484907278,-1,FALSE,FALSE
consumo_gasolina,consumo,1,29,-3.87472772400988,-6.295620976342851,0.7811950425541019,-9.25509547242356,3.4527501229033954,-1,FALSE,FALSE
consumo_gasolina,consumo,1,30,-3.8691291275460977,-6.384178096020564,0.6481084684451958,-9.307569410339035,3.1488435453608568,-1,FALSE,FALSE
consumo_gasolina,consumo,1,31,-3.8425618928444374,-6.424490446867772,0.6479216358455229,-9.237546302244494,3.0514763364622315,-1,FALSE,FALSE
consumo_gasolina,consumo,1,32,-3.796624013662222,-6.323261848150801,0.5748112354207077,-9.012380353140786,3.0082097349512433,-1,FALSE,FALSE
consumo_gasolina,consumo,1,33,-3.732765088100054,-6.050664628170496,0.6126503463300015,-8.963326841818668,2.890283087440868,-1,FALSE,FALSE
consumo_gasolina,consumo,1,34,-3.6525847817275836,-5.985714179439079,0.6676070265447736,-8.902258653967976,2.824084195106069,-1,FALSE,FALSE
consumo_gasolina,consumo,1,35,-3.5577141596418853,-5.872869511746547,0.6761356793768116,-8.72983232147893,2.658746548347885,-1,FALSE,FALSE
consumo_gasolina,consumo,1,36,-3.449736645358823,-5.808063801838754,0.6747911958213071,-8.602784044550287,2.683756838356737,-1,FALSE,FALSE
consumo_gasolina,consumo,1,37,-3.3302574505687796,-5.622211006593887,0.704847098415946,-8.50305158059373,2.65858355968673,-1,FALSE,FALSE
consumo_gasolina,consumo,1,38,-3.2008764216959635,-5.417998062339878,0.7813830341326817,-8.37455167057332,2.606423134202967,-1,FALSE,FALSE
consumo_gasolina,consumo,1,39,-3.063153266890076,-5.279124100252356,0.893827169896211,-8.350597035882751,2.601661701288531,-1,FALSE,FALSE
consumo_gasolina,consumo,1,40,-2.918612910188667,-5.087135926664628,1.005856203389818,-8.11993151493688,2.6633031617832468,-1,FALSE,FALSE
consumo_gasolina,consumo,1,41,-2.768736391429407,-4.91484614468263,1.0028722329422348,-8.085813966086187,2.8036545850956447,-1,FALSE,FALSE
consumo_gasolina,consumo,1,42,-2.6149452847679284,-4.8213177725340595,1.0982885863749823,-7.874740451474179,2.7616255929916065,-1,FALSE,FALSE
consumo_gasolina,consumo,1,43,-2.4585947037946987,-4.75634696175567,1.1468689859160626,-7.707143455028099,2.795686878520534,-1,FALSE,FALSE
consumo_gasolina,consumo,1,44,-2.300968050984971,-4.677433139258219,1.2611961876052664,-7.445526123911833,2.919503250603383,-1,FALSE,FALSE
consumo_gasolina,consumo,1,45,-2.1432700460641576,-4.425983665226542,1.2452755233233825,-7.1885563092864455,2.9918502030794256,-1,FALSE,FALSE
consumo_gasolina,consumo,1,46,-1.9866210040202157,-4.32088735915947,1.3937889846681573,-7.006174726630718,3.330487392636353,-1,FALSE,FALSE
consumo_gasolina,consumo,1,47,-1.8320539730535392,-4.068912520013736,1.4349062365194099,-6.702754662763051,3.3954507579567696,-1,FALSE,FALSE
consumo_gasolina,consumo,1,48,-1.6805123324795461,-3.8116273915504424,1.5280561377058768,-6.445377525897931,3.5065483320392405,-1,FALSE,FALSE
consumo_glp,consumo,1,0,-0.006063652432157351,-1.2043414412659996,1.2051586642371372,-2.1136293301184153,2.1461876447765045,-1,FALSE,FALSE
consumo_glp,consumo,1,1,1.1477252683067614,-0.32699857187243264,1.9319384107141553,-1.2333674386335225,2.712709215366002,1,FALSE,FALSE
consumo_glp,consumo,1,2,1.0660234092269472,-0.5473462174298501,1.9358796766660875,-1.433440625261299,2.7183327598561915,1,FALSE,FALSE
consumo_glp,consumo,1,3,1.1072918678513535,-0.6191037300654485,2.1803590218851245,-1.4708833760321307,2.957981956533481,1,FALSE,FALSE
consumo_glp,consumo,1,4,1.1683690469402042,-0.4186632749504473,2.579009153210072,-1.2587552027075797,3.6012802107607107,1,FALSE,FALSE
consumo_glp,consumo,1,5,0.9764342197210677,-0.7186380371231561,2.6887049458820647,-1.6393298546939532,3.8226872921396398,1,FALSE,FALSE
consumo_glp,consumo,1,6,0.5546191822524387,-0.9905471103645386,2.5345879251123242,-1.8919400117898546,3.9224530921415397,1,FALSE,FALSE
consumo_glp,consumo,1,7,0.3332424958689566,-1.1229476606789435,2.3611412731078536,-2.1305591059573445,3.8502296726620866,1,FALSE,FALSE
consumo_glp,consumo,1,8,0.015362352015278323,-1.4965671468153703,2.2009536732592005,-2.5033611294909264,3.8445720800263223,1,FALSE,FALSE
consumo_glp,consumo,1,9,-0.37368052187373385,-1.7171137963048837,1.9124676571096462,-2.8633102879667516,3.5500231514808855,-1,FALSE,FALSE
consumo_glp,consumo,1,10,-0.6639249197403008,-1.9807910460597822,1.7176470200952134,-3.271834602044587,3.405745920183576,-1,FALSE,FALSE
consumo_glp,consumo,1,11,-0.9521982298071412,-2.313586398587909,1.4344734353116042,-3.596343340021141,3.3018146346717248,-1,FALSE,FALSE
consumo_glp,consumo,1,12,-1.2448953982599504,-2.6469384922206878,1.2236935155034054,-3.8121889874175263,3.0604520129307065,-1,FALSE,FALSE
consumo_glp,consumo,1,13,-1.4859184755046457,-2.8935801783251858,0.9574978621109426,-4.048127303060402,2.8088178760274176,-1,FALSE,FALSE
consumo_glp,consumo,1,14,-1.6911844719602755,-3.100710529453801,0.6877006762533686,-4.25312514229938,2.52118086927448,-1,FALSE,FALSE
consumo_glp,consumo,1,15,-1.8736303643498806,-3.2142402129093375,0.4183382507892326,-4.572311662441391,2.254494531063601,-1,FALSE,FALSE
consumo_glp,consumo,1,16,-2.0185449745780084,-3.4062255417643152,0.23384869766533262,-4.7172308826031335,2.0146317351660517,-1,FALSE,FALSE
consumo_glp,consumo,1,17,-2.128685498846288,-3.502974810258364,0.11444785828524684,-4.950761894795951,1.796678789429515,-1,FALSE,FALSE
consumo_glp,consumo,1,18,-2.2113840531140427,-3.5800593611758833,0.010439296285462342,-5.042198345308061,1.5864034314239128,-1,FALSE,FALSE
consumo_glp,consumo,1,19,-2.266025662891366,-3.708971287553305,-0.09091557852217841,-5.049604244584146,1.3871867392746358,-1,TRUE,FALSE
consumo_glp,consumo,1,20,-2.2941930547513003,-3.7625770344352043,-0.18660012281489133,-5.086048297704447,1.2734832800000209,-1,TRUE,FALSE
consumo_glp,consumo,1,21,-2.2996096509486783,-3.7609590187072555,-0.23543305359455854,-5.170160584496132,1.1380325605093988,-1,TRUE,FALSE
consumo_glp,consumo,1,22,-2.284549154155527,-3.7569152638607606,-0.251628522548477,-5.209847154846567,1.0157263476692027,-1,TRUE,FALSE
consumo_glp,consumo,1,23,-2.2507239857168915,-3.7191929034347937,-0.2986248386255027,-5.174792761182332,0.9129888817951056,-1,TRUE,FALSE
consumo_glp,consumo,1,24,-2.2004647247335645,-3.702073660223744,-0.26786221961228013,-5.161282550632173,0.8556882281172405,-1,TRUE,FALSE
consumo_glp,consumo,1,25,-2.1359757126691266,-3.6739189677711503,-0.26852743536465384,-5.165080503560984,0.7918194388807982,-1,TRUE,FALSE
consumo_glp,consumo,1,26,-2.0589511050428566,-3.594989805826992,-0.25579859131596583,-5.292475684585881,0.8000510121653911,-1,TRUE,FALSE
consumo_glp,consumo,1,27,-1.9711351533516053,-3.5016366573951414,-0.25566256399950504,-5.313722238221618,0.7480092145630952,-1,TRUE,FALSE
consumo_glp,consumo,1,28,-1.8743012540238044,-3.4001180313976027,-0.2136676648592393,-5.28517896661132,0.701246155083191,-1,TRUE,FALSE
consumo_glp,consumo,1,29,-1.7699677009708061,-3.2672241088190543,-0.1579217442573516,-5.000989036756881,0.7230558695654411,-1,TRUE,FALSE
consumo_glp,consumo,1,30,-1.6595734051252888,-3.1971615730619454,-0.11311765339742899,-4.829628598364575,0.6915078897754251,-1,TRUE,FALSE
consumo_glp,consumo,1,31,-1.5445533421679167,-3.1249184550263873,-0.05603119533067097,-4.779436273870057,0.7674372993464711,-1,TRUE,FALSE
consumo_glp,consumo,1,32,-1.4262124894703403,-3.060447262024104,0.033416749277103315,-4.7364724988065605,0.7636808496830017,-1,FALSE,FALSE
consumo_glp,consumo,1,33,-1.3057632767563558,-2.91831148219491,0.13061729925605403,-4.60458571494898,0.8684860069226159,-1,FALSE,FALSE
consumo_glp,consumo,1,34,-1.1843713114928764,-2.8620010513944227,0.21420054360008167,-4.432711185937629,0.9646227426960424,-1,FALSE,FALSE
consumo_glp,consumo,1,35,-1.0631112044220152,-2.712531087490593,0.2488588249835756,-4.2318413257200485,1.0583787333039298,-1,FALSE,FALSE
consumo_glp,consumo,1,36,-0.9429668740266388,-2.620024745969221,0.3111065411209205,-4.144864684575668,1.1236522692458095,-1,FALSE,FALSE
consumo_glp,consumo,1,37,-0.8248496525485625,-2.5025377658150827,0.40473197172998,-4.007074806644463,1.2436579814232254,-1,FALSE,FALSE
consumo_glp,consumo,1,38,-0.7095860516772108,-2.3917664606010725,0.48051738445620684,-3.915555105649765,1.2724381277561068,-1,FALSE,FALSE
consumo_glp,consumo,1,39,-0.5979137566316534,-2.241165780345505,0.5427900330049378,-3.861175150491118,1.3307421094152976,-1,FALSE,FALSE
consumo_glp,consumo,1,40,-0.49048785188566874,-2.140415544048222,0.6457137717036144,-3.7077545755007355,1.3962667525314525,-1,FALSE,FALSE
consumo_glp,consumo,1,41,-0.3878795265749222,-2.032586461629886,0.6987532614487385,-3.59218625814695,1.4927289638314343,-1,FALSE,FALSE
consumo_glp,consumo,1,42,-0.29057523249636186,-1.9175426279352752,0.8048614146042099,-3.4830943754287325,1.4857489388009648,-1,FALSE,FALSE
consumo_glp,consumo,1,43,-0.19898008000194126,-1.8444747134279766,0.8730788411330266,-3.3469763499398457,1.5310697962045703,-1,FALSE,FALSE
consumo_glp,consumo,1,44,-0.11342040743043631,-1.7406868205179178,0.9341367451669751,-3.2501695546367153,1.6706427927985223,-1,FALSE,FALSE
consumo_glp,consumo,1,45,-0.034146061189899275,-1.620394079858297,0.9980448731872573,-3.261690379684735,1.7922907168172957,-1,FALSE,FALSE
consumo_glp,consumo,1,46,0.03866586433839421,-1.525590166958559,1.0353430060033166,-3.2506266339855356,1.8360524995071892,1,FALSE,FALSE
consumo_glp,consumo,1,47,0.10490685883317077,-1.421896208411561,1.080454169338796,-3.1317229634315726,1.8830447990870587,1,FALSE,FALSE
consumo_glp,consumo,1,48,0.16453290573663787,-1.3093658458824073,1.1051281754952424,-2.983186130127251,2.0088823238987903,1,FALSE,FALSE
consumo_oleo_combustivel,consumo,1,0,-0.2653959034469466,-1.4352901756416183,1.296202576724418,-2.2600898460656187,2.309233863867531,-1,FALSE,FALSE
consumo_oleo_combustivel,consumo,1,1,0.10039116066186818,-1.371880082301573,1.659558206978214,-2.2054990319776877,2.9234014522216274,1,FALSE,FALSE
consumo_oleo_combustivel,consumo,1,2,-0.3891439509948915,-1.84240804031229,1.2747982684602812,-2.7951383040544746,2.5517746142161943,-1,FALSE,FALSE
consumo_oleo_combustivel,consumo,1,3,-0.32650723714080526,-2.056042667957419,1.5204365333001342,-3.16585268594558,2.783305185281922,-1,FALSE,FALSE
consumo_oleo_combustivel,consumo,1,4,-0.3839562749773835,-2.009157995550949,1.534034852537212,-3.0943377758585044,2.9391376273472742,-1,FALSE,FALSE
consumo_oleo_combustivel,consumo,1,5,-0.6466732066728825,-2.2965956284653215,1.3723064420971625,-3.3766673862318384,2.8611589972205875,-1,FALSE,FALSE
consumo_oleo_combustivel,consumo,1,6,-0.8501123307956163,-2.5087457305345837,1.3214558013187803,-3.735733026800096,2.7431183762243108,-1,FALSE,FALSE
consumo_oleo_combustivel,consumo,1,7,-0.9389851381374082,-2.6691176710413895,1.1829625939140471,-3.9510388861373715,2.6746087258177518,-1,FALSE,FALSE
consumo_oleo_combustivel,consumo,1,8,-1.105294034055363,-2.9164443527994717,1.0342133605760493,-4.310293615776331,2.619628467953053,-1,FALSE,FALSE
consumo_oleo_combustivel,consumo,1,9,-1.2427233752208653,-3.0383703290650352,0.9153538542825741,-4.564079042722819,2.398904659149349,-1,FALSE,FALSE
consumo_oleo_combustivel,consumo,1,10,-1.3024264843652924,-3.232145738129165,0.7481774366987095,-4.639096414686662,2.167125288162476,-1,FALSE,FALSE
consumo_oleo_combustivel,consumo,1,11,-1.36655750955143,-3.3654153644279483,0.571548984118145,-4.7748258821537926,2.014938891261311,-1,FALSE,FALSE
consumo_oleo_combustivel,consumo,1,12,-1.4118931222303919,-3.4358518444042625,0.38385552337004375,-4.812639660986967,1.8222770279869915,-1,FALSE,FALSE
consumo_oleo_combustivel,consumo,1,13,-1.4190894048290057,-3.4949152481425987,0.2530169989966197,-4.874409893458508,1.5832793116836306,-1,FALSE,FALSE
consumo_oleo_combustivel,consumo,1,14,-1.4085518979696658,-3.4991615348747906,0.15974793755984235,-4.913008600771451,1.436957543660585,-1,FALSE,FALSE
consumo_oleo_combustivel,consumo,1,15,-1.382543188590937,-3.48569534484509,0.12668140289976274,-5.016360802938595,1.2496033253356655,-1,FALSE,FALSE
consumo_oleo_combustivel,consumo,1,16,-1.335582180228288,-3.4363757646941084,0.0314456854912605,-4.920228830721296,1.1253585165002602,-1,FALSE,FALSE
consumo_oleo_combustivel,consumo,1,17,-1.273221159761666,-3.4533809594414095,-0.004195174966046271,-4.852566647557578,0.9800534713155495,-1,TRUE,FALSE
consumo_oleo_combustivel,consumo,1,18,-1.1995588437309328,-3.4097846104062377,-0.07633117045032169,-4.770693648018542,0.8915516036987686,-1,TRUE,FALSE
consumo_oleo_combustivel,consumo,1,19,-1.1148850520434495,-3.343987242246624,-0.10031363697458556,-4.656720493820034,0.8155966467213367,-1,TRUE,FALSE
consumo_oleo_combustivel,consumo,1,20,-1.0214542140550027,-3.27480739499595,-0.14361370917398228,-4.62205089489576,0.7353257875474152,-1,TRUE,FALSE
consumo_oleo_combustivel,consumo,1,21,-0.9219165725408104,-3.1498467742432417,-0.11859109550844625,-4.492786558574771,0.641786246634189,-1,TRUE,FALSE
consumo_oleo_combustivel,consumo,1,22,-0.8177702594065346,-3.1271255205605737,-0.10777602843453667,-4.383470954949903,0.6285576848560962,-1,TRUE,FALSE
consumo_oleo_combustivel,consumo,1,23,-0.7104020492225597,-2.9418833332078607,-0.057727240326985764,-4.279598060937002,0.6696686718116688,-1,TRUE,FALSE
consumo_oleo_combustivel,consumo,1,24,-0.6014867349532432,-2.8057336668093615,-0.0031361595473669373,-4.172866516824127,0.7458796566242994,-1,TRUE,FALSE
consumo_oleo_combustivel,consumo,1,25,-0.4923502035793878,-2.732656821275837,0.039837912991021573,-4.062099907754622,0.7455479876330133,-1,FALSE,FALSE
consumo_oleo_combustivel,consumo,1,26,-0.3840188865679914,-2.634476147806938,0.10462419806611503,-3.958531999467873,0.7637411731766026,-1,FALSE,FALSE
consumo_oleo_combustivel,consumo,1,27,-0.27757594232876204,-2.5867078730005635,0.16266071108226696,-3.8636453388364664,0.8346402263932533,-1,FALSE,FALSE
consumo_oleo_combustivel,consumo,1,28,-0.17397192106425496,-2.483405455366558,0.23634649674336974,-3.680966082509388,0.9216618599187135,-1,FALSE,FALSE
consumo_oleo_combustivel,consumo,1,29,-0.07394791576283946,-2.378287108169293,0.2643076370212151,-3.4705901156337062,0.9492298617043519,-1,FALSE,FALSE
consumo_oleo_combustivel,consumo,1,30,0.021803898433645077,-2.263708750904701,0.3111275698074745,-3.346812404136945,1.0435835676272742,1,FALSE,FALSE
consumo_oleo_combustivel,consumo,1,31,0.11267121429846133,-2.106079143142583,0.3904573274286049,-3.188502173994279,1.1494463563552682,1,FALSE,FALSE
consumo_oleo_combustivel,consumo,1,32,0.19817574355715145,-1.9788782188953824,0.49127155032154673,-3.05472776322312,1.204710364659394,1,FALSE,FALSE
consumo_oleo_combustivel,consumo,1,33,0.27791633534516125,-1.874369641407865,0.5803086265190986,-2.968166376916251,1.3494215578351716,1,FALSE,FALSE
consumo_oleo_combustivel,consumo,1,34,0.3515623298754032,-1.7494906251261073,0.6881834573364939,-2.835626668241015,1.4147362540155484,1,FALSE,FALSE
consumo_oleo_combustivel,consumo,1,35,0.4188754010806504,-1.6459383044008953,0.776261438082295,-2.7495916453278713,1.5752090358093689,1,FALSE,FALSE
consumo_oleo_combustivel,consumo,1,36,0.47969214070538907,-1.5218329502913797,0.8465632420715463,-2.6843768371765346,1.6536980068289373,1,FALSE,FALSE
consumo_oleo_combustivel,consumo,1,37,0.5339139548296171,-1.379715380642508,0.9097282201331276,-2.586458777974433,1.7626962244178783,1,FALSE,FALSE
consumo_oleo_combustivel,consumo,1,38,0.581511073706189,-1.2893098059724672,0.9684937589884051,-2.4759842313742197,1.8168658188046714,1,FALSE,FALSE
consumo_oleo_combustivel,consumo,1,39,0.622516047335301,-1.1749976132241955,1.0190050590550306,-2.3377738966613544,1.8784374562239325,1,FALSE,FALSE
consumo_oleo_combustivel,consumo,1,40,0.6570158971976683,-1.1167612865098588,1.047676568397811,-2.2754438001642168,1.935738763301151,1,FALSE,FALSE
consumo_oleo_combustivel,consumo,1,41,0.6851492002535109,-0.9914706399602919,1.0702397373334027,-2.1874080061646475,1.94122819779738,1,FALSE,FALSE
consumo_oleo_combustivel,consumo,1,42,0.7071013271089116,-0.9356929478448989,1.1410517638618605,-2.094451852247187,1.9963790558489367,1,FALSE,FALSE
consumo_oleo_combustivel,consumo,1,43,0.7230982909476209,-0.8570742904080988,1.2169472773331276,-1.9967085030828464,2.0334157281048433,1,FALSE,FALSE
consumo_oleo_combustivel,consumo,1,44,0.7334019224785402,-0.8041928653360044,1.2481104720352927,-1.8962600353017387,2.097882691345078,1,FALSE,FALSE
consumo_oleo_combustivel,consumo,1,45,0.738305141251056,-0.7289809786592129,1.2453313351742743,-1.7820742258746078,2.158511832362816,1,FALSE,FALSE
consumo_oleo_combustivel,consumo,1,46,0.7381267468838368,-0.6627794267845427,1.2701226462009767,-1.743908700983984,2.1744093505646385,1,FALSE,FALSE
consumo_oleo_combustivel,consumo,1,47,0.73320656242846,-0.632527769203158,1.273192880363448,-1.655639061517519,2.224815831863116,1,FALSE,FALSE
consumo_oleo_combustivel,consumo,1,48,0.7239009412760917,-0.5950631802326859,1.2495910367124454,-1.5822170941010196,2.219467540825078,1,FALSE,FALSE
consumo_oleo_diesel,consumo,1,0,-7.285967268295401,-15.51430864557036,-0.3224126179442442,-22.76929071255508,3.486986056466524,-1,TRUE,FALSE
consumo_oleo_diesel,consumo,1,1,3.2843891081260796,-8.23423889528121,8.19058073858397,-14.220568729111605,14.915856961458244,1,FALSE,FALSE
consumo_oleo_diesel,consumo,1,2,8.917137184370993,-3.378661622454761,13.929526309587406,-9.940309479541792,20.10631440639859,1,FALSE,FALSE
consumo_oleo_diesel,consumo,1,3,4.212691443344532,-6.723012498939376,10.808477970173822,-13.791803178904189,16.27771188189305,1,FALSE,FALSE
consumo_oleo_diesel,consumo,1,4,4.791318131144516,-4.01793080078424,14.405450559801544,-10.770611304656224,20.44766738445448,1,FALSE,FALSE
consumo_oleo_diesel,consumo,1,5,5.4175661674264,-3.243693294728809,16.048951190402406,-9.556768282425118,23.20781889644819,1,FALSE,FALSE
consumo_oleo_diesel,consumo,1,6,1.6976690235618526,-5.136244836809084,14.718563695998487,-12.047108673267651,22.54601713180755,1,FALSE,FALSE
consumo_oleo_diesel,consumo,1,7,0.43904975609625224,-6.670261458130787,14.359266173645544,-12.905548950185992,22.841825947657956,1,FALSE,FALSE
consumo_oleo_diesel,consumo,1,8,-0.9135538952324747,-7.955308821736031,13.466107678928923,-14.800286945894372,22.147966471644477,-1,FALSE,FALSE
consumo_oleo_diesel,consumo,1,9,-3.4123782895100065,-10.53604996450865,11.683629030188339,-17.54757898560262,20.695730655388346,-1,FALSE,FALSE
consumo_oleo_diesel,consumo,1,10,-5.099517109937805,-12.438841151918536,10.101334568897295,-19.29239019309625,20.06948637053427,-1,FALSE,FALSE
consumo_oleo_diesel,consumo,1,11,-6.710362864438228,-14.271268397273111,8.777995647686652,-20.850318486038997,19.309147242618092,-1,FALSE,FALSE
consumo_oleo_diesel,consumo,1,12,-8.514106750081657,-16.0101455932178,7.180502058432853,-23.42356132240332,18.05046971120146,-1,FALSE,FALSE
consumo_oleo_diesel,consumo,1,13,-9.988435173613508,-17.738265468773193,5.493010432362523,-26.018673550105444,16.94895074697116,-1,FALSE,FALSE
consumo_oleo_diesel,consumo,1,14,-11.253394114090334,-18.922630531973482,3.7546166306695516,-27.55285807681971,15.841560410681222,-1,FALSE,FALSE
consumo_oleo_diesel,consumo,1,15,-12.415685630932815,-19.589465288387355,2.337385867627603,-29.359558192474655,13.90025015315755,-1,FALSE,FALSE
consumo_oleo_diesel,consumo,1,16,-13.356561736916625,-20.448411363803118,1.2121324389984018,-30.50667677553345,12.483299907749386,-1,FALSE,FALSE
consumo_oleo_diesel,consumo,1,17,-14.0929115775928,-21.261945713146456,0.2847484274347728,-30.552370034827796,10.755751569297669,-1,FALSE,FALSE
consumo_oleo_diesel,consumo,1,18,-14.66178928426881,-22.200258978658265,-0.4979439280551127,-31.258949853266678,9.948276654867096,-1,TRUE,FALSE
consumo_oleo_diesel,consumo,1,19,-15.0609694183392,-22.584566324184763,-1.017215751674495,-31.455311105954284,8.545116852110583,-1,TRUE,FALSE
consumo_oleo_diesel,consumo,1,20,-15.298539028471428,-23.16628015331107,-1.523819963619863,-31.79147616563967,7.362552615084214,-1,TRUE,FALSE
consumo_oleo_diesel,consumo,1,21,-15.388808459601021,-23.182000650310087,-2.0179387418967027,-32.08864766214765,6.275065149587021,-1,TRUE,FALSE
consumo_oleo_diesel,consumo,1,22,-15.349552725553703,-23.090096704713744,-2.313467960920574,-32.02956468974346,5.204490811397045,-1,TRUE,FALSE
consumo_oleo_diesel,consumo,1,23,-15.191452993801299,-23.480348674310303,-2.6638282545286915,-32.225740308017215,4.510288800389718,-1,TRUE,FALSE
consumo_oleo_diesel,consumo,1,24,-14.924394541929505,-23.12323859409516,-2.7230484511115556,-31.964010072726992,4.1836446380077,-1,TRUE,FALSE
consumo_oleo_diesel,consumo,1,25,-14.563763457905443,-22.97193335541985,-2.5627658187479105,-31.68773869258529,3.7167429801314684,-1,TRUE,FALSE
consumo_oleo_diesel,consumo,1,26,-14.120772753280908,-22.31946960245104,-2.4500483601343412,-31.007060268279872,3.6528714203232235,-1,TRUE,FALSE
consumo_oleo_diesel,consumo,1,27,-13.604582713788908,-21.873616537379757,-2.000250864086296,-31.223218359632067,3.570968351553664,-1,TRUE,FALSE
consumo_oleo_diesel,consumo,1,28,-13.026774871507087,-21.525704344677784,-1.9023009874779084,-30.734820037583468,3.3218867424202476,-1,TRUE,FALSE
consumo_oleo_diesel,consumo,1,29,-12.397320958369464,-20.87398000981764,-1.494426039740788,-30.501875723835077,3.234325529221515,-1,TRUE,FALSE
consumo_oleo_diesel,consumo,1,30,-11.724777508718857,-20.44049421315884,-1.2774861146999672,-29.93669124645997,3.2480800423524245,-1,TRUE,FALSE
consumo_oleo_diesel,consumo,1,31,-11.018283538437062,-19.559492653445233,-0.888864026187093,-29.238664178716075,3.638076452521744,-1,TRUE,FALSE
consumo_oleo_diesel,consumo,1,32,-10.28627556015115,-19.075091406116623,-0.3919676166315852,-29.01235826200411,3.991910739571587,-1,TRUE,FALSE
consumo_oleo_diesel,consumo,1,33,-9.53634366980853,-18.202858405325983,0.2307501650679442,-28.82064647595585,4.505339748254375,-1,FALSE,FALSE
consumo_oleo_diesel,consumo,1,34,-8.775917256709716,-17.382261798109568,0.7600213697200219,-27.848034605406063,5.218657231148378,-1,FALSE,FALSE
consumo_oleo_diesel,consumo,1,35,-8.011925577727373,-16.342066341424125,1.2597703688510806,-26.96194913837042,5.9767562925068685,-1,FALSE,FALSE
consumo_oleo_diesel,consumo,1,36,-7.2506839746772815,-15.674761395472917,1.8509591773328058,-25.920627577190295,6.310151539270785,-1,FALSE,FALSE
consumo_oleo_diesel,consumo,1,37,-6.498084322423281,-14.682090432501717,2.49355238343718,-24.87907164446503,6.610070989615396,-1,FALSE,FALSE
consumo_oleo_diesel,consumo,1,38,-5.759523378743325,-14.091840161738048,2.967848996798356,-23.76297726312925,7.3342596087062955,-1,FALSE,FALSE
consumo_oleo_diesel,consumo,1,39,-5.039850728324581,-13.378032002174923,3.469277537185155,-23.638070616542784,8.10067456387557,-1,FALSE,FALSE
consumo_oleo_diesel,consumo,1,40,-4.343412403294594,-12.880403107894978,3.94340058005987,-22.007835973060153,8.492574645997152,-1,FALSE,FALSE
consumo_oleo_diesel,consumo,1,41,-3.674047427686452,-12.239960791145439,4.436461281707872,-21.158864914318446,9.163915305094811,-1,FALSE,FALSE
consumo_oleo_diesel,consumo,1,42,-3.0350773740680053,-11.336544842732557,4.921469234789501,-20.08447039594915,9.909076918607784,-1,FALSE,FALSE
consumo_oleo_diesel,consumo,1,43,-2.4293213606094013,-10.723457227551423,5.57817372352098,-19.369282792049997,10.586545454008464,-1,FALSE,FALSE
consumo_oleo_diesel,consumo,1,44,-1.859111829991215,-10.178940006116564,5.98904195361818,-18.230068121329168,11.258259546884812,-1,FALSE,FALSE
consumo_oleo_diesel,consumo,1,45,-1.326307166915789,-9.608051670386937,6.108911184049873,-17.307189459980066,12.01632205744832,-1,FALSE,FALSE
consumo_oleo_diesel,consumo,1,46,-0.8323097259228623,-8.961000268077875,6.658612752902522,-16.339964546196178,11.899584489673128,-1,FALSE,FALSE
consumo_oleo_diesel,consumo,1,47,-0.3780897305858188,-8.283721491472791,6.896231500415031,-15.876977614108268,12.434043235261083,-1,FALSE,FALSE
consumo_oleo_diesel,consumo,1,48,0.03579059034303887,-7.601589821675721,7.3023531607944285,-15.160471880053757,12.667401103666249,1,FALSE,FALSE
consumo_demais_derivados,consumo,1,0,-1.3474707232405825,-2.588985524785089,0.0539454472933458,-3.753277154006806,0.6880611610511405,-1,FALSE,FALSE
consumo_demais_derivados,consumo,1,1,0.5446942815593551,-2.425103966281907,1.7207561960953843,-4.124349452801766,3.0486767218765483,1,FALSE,FALSE
consumo_demais_derivados,consumo,1,2,1.8172367789908885,-1.8189530906070244,2.8801784198603806,-3.5874627913507244,4.55116535103141,1,FALSE,FALSE
consumo_demais_derivados,consumo,1,3,2.0316699322532576,-1.6766777653531018,3.388374443668441,-3.6389986052901957,5.1569161940719646,1,FALSE,FALSE
consumo_demais_derivados,consumo,1,4,2.5667697078499687,-0.930616808118102,4.583735352539494,-2.7832174488196237,6.2869620572386395,1,FALSE,FALSE
consumo_demais_derivados,consumo,1,5,3.2308494193132193,-0.09288339138874528,5.620621305345036,-2.121890885283507,7.429000833148019,1,FALSE,FALSE
consumo_demais_derivados,consumo,1,6,3.255392710967374,0.27294672666250663,6.463353094025118,-1.7343631409677258,8.095281450677001,1,TRUE,FALSE
consumo_demais_derivados,consumo,1,7,3.487832573024127,0.7360409144474639,7.170008409156928,-1.1009761994804692,8.779576072582985,1,TRUE,FALSE
consumo_demais_derivados,consumo,1,8,3.6840633191088656,1.101796682443587,7.54506372739657,-0.8290258723464788,9.29287598200358,1,TRUE,FALSE
consumo_demais_derivados,consumo,1,9,3.6532182303251495,1.3611332026664287,7.7721013509562065,-0.558074830143677,9.700153835104047,1,TRUE,FALSE
consumo_demais_derivados,consumo,1,10,3.664761268578118,1.4576157716090465,7.949040897089056,-0.4483995412324432,9.87632592211931,1,TRUE,FALSE
consumo_demais_derivados,consumo,1,11,3.6227983667920616,1.5908696757846377,7.963917012251888,-0.33846415134132846,10.164302497554507,1,TRUE,FALSE
consumo_demais_derivados,consumo,1,12,3.472896566063412,1.6352946706708347,7.918161923853722,-0.40383260489573203,10.346015309581627,1,TRUE,FALSE
consumo_demais_derivados,consumo,1,13,3.300466193568046,1.6139363025307325,7.900495237645628,-0.27204856687728035,10.602596137381921,1,TRUE,FALSE
consumo_demais_derivados,consumo,1,14,3.0976385769654575,1.4629817479034868,7.751375823283199,-0.3120112002694525,10.68002549178213,1,TRUE,FALSE
consumo_demais_derivados,consumo,1,15,2.843919293176587,1.432524721594117,7.5314853222132125,-0.316372638361015,10.700336097179644,1,TRUE,FALSE
consumo_demais_derivados,consumo,1,16,2.5672031543200093,1.3150628063381873,7.392732105904001,-0.33729001060993324,10.659913132057632,1,TRUE,FALSE
consumo_demais_derivados,consumo,1,17,2.2748261639183602,1.0611605617942776,7.224523924565851,-0.47650129519820494,10.475751886001895,1,TRUE,FALSE
consumo_demais_derivados,consumo,1,18,1.963713177183246,0.9247584951626977,6.9351086300875,-0.5688399490896334,10.108652458425155,1,TRUE,FALSE
consumo_demais_derivados,consumo,1,19,1.641861187854988,0.6647693021963949,6.695592449694372,-0.717871764383003,9.821111204968402,1,TRUE,FALSE
consumo_demais_derivados,consumo,1,20,1.315668877848893,0.44061256841106766,6.260182639544855,-0.9598738125837092,9.4983768482728,1,TRUE,FALSE
consumo_demais_derivados,consumo,1,21,0.9878997949473621,0.19028518678082848,6.05807288896249,-1.2720191552147833,8.909363413341895,1,TRUE,FALSE
consumo_demais_derivados,consumo,1,22,0.6616820373645664,-0.04661336044479757,5.741627074338955,-1.53222478097159,8.647895295168597,1,FALSE,FALSE
consumo_demais_derivados,consumo,1,23,0.3409438880445557,-0.3449468207939173,5.365210342449191,-1.8152566810760404,8.35116647254207,1,FALSE,FALSE
consumo_demais_derivados,consumo,1,24,0.02874748520099636,-0.5992526681982604,5.002175799854001,-2.0078030324817946,7.952122482455391,1,FALSE,FALSE
consumo_demais_derivados,consumo,1,25,-0.2728440151581627,-0.8165691842603032,4.681834702041297,-2.4026364289398567,7.637631384451585,-1,FALSE,FALSE
consumo_demais_derivados,consumo,1,26,-0.5615435360960453,-1.1186483583447602,4.2714900758432,-2.6688190238523193,7.180553658395418,-1,FALSE,FALSE
consumo_demais_derivados,consumo,1,27,-0.8352462631895844,-1.2781718428324529,3.993845092591738,-3.0066669374304267,6.9330905494951125,-1,FALSE,FALSE
consumo_demais_derivados,consumo,1,28,-1.092531206290119,-1.517751144644985,3.6562578963755725,-3.329834832266764,6.499182808233496,-1,FALSE,FALSE
consumo_demais_derivados,consumo,1,29,-1.3321134456639354,-1.8018727743357337,3.27634984815996,-3.5452208125672433,6.2511512186625176,-1,FALSE,FALSE
consumo_demais_derivados,consumo,1,30,-1.552846952615525,-2.009731071492389,2.892498132306879,-3.6955668591935433,5.853661601673163,-1,FALSE,FALSE
consumo_demais_derivados,consumo,1,31,-1.7539847024379658,-2.205124035848103,2.5550343158201385,-3.7697518665685235,5.534216336589255,-1,FALSE,FALSE
consumo_demais_derivados,consumo,1,32,-1.9349936126958276,-2.351064466761304,2.299596653222809,-3.829834486248014,5.098517801555973,-1,FALSE,FALSE
consumo_demais_derivados,consumo,1,33,-2.0955070278460424,-2.5153326507484692,2.1333379427795247,-4.007728842269251,4.645047375911404,-1,FALSE,FALSE
consumo_demais_derivados,consumo,1,34,-2.235413080747871,-2.6693788722642604,1.9201990791518524,-4.228566479282728,4.258642897877452,-1,FALSE,FALSE
consumo_demais_derivados,consumo,1,35,-2.3547951568335868,-2.835857686934401,1.7032576503529129,-4.385067667908468,3.839628401926765,-1,FALSE,FALSE
consumo_demais_derivados,consumo,1,36,-2.4538951203493595,-2.896543902257509,1.558802518790016,-4.584778651647844,3.561470287812282,-1,FALSE,FALSE
consumo_demais_derivados,consumo,1,37,-2.5331299578808264,-3.0084260513492613,1.391947141601045,-4.664912236558862,3.328584776955326,-1,FALSE,FALSE
consumo_demais_derivados,consumo,1,38,-2.5930674067750097,-3.1071612137793725,1.276786259307703,-4.814490600480503,3.1991367031553,-1,FALSE,FALSE
consumo_demais_derivados,consumo,1,39,-2.634400250106807,-3.157188630515932,1.1155005576424768,-4.763106809502349,3.026219921595802,-1,FALSE,FALSE
consumo_demais_derivados,consumo,1,40,-2.6579386435762284,-3.174368362457497,0.9957798026779681,-4.901699535740109,2.8096188920734546,-1,FALSE,FALSE
consumo_demais_derivados,consumo,1,41,-2.6645939452194503,-3.1515623766762233,0.8924779626061188,-4.9691231853928235,2.557833315051123,-1,FALSE,FALSE
consumo_demais_derivados,consumo,1,42,-2.6553596697778845,-3.1763522406653584,0.8243889716946331,-4.938675704269579,2.3631989783964453,-1,FALSE,FALSE
consumo_demais_derivados,consumo,1,43,-2.631297739155105,-3.1889159036929597,0.7507395764757073,-5.0629337380589465,2.283313186163513,-1,FALSE,FALSE
consumo_demais_derivados,consumo,1,44,-2.593524510656038,-3.1258022052001255,0.6895379570406439,-5.065815047340358,2.173938432828266,-1,FALSE,FALSE
consumo_demais_derivados,consumo,1,45,-2.5431958575169644,-3.064575741732176,0.6887156125308644,-5.105948077858338,2.144701136187846,-1,FALSE,FALSE
consumo_demais_derivados,consumo,1,46,-2.481493821730067,-3.0275316982718534,0.7452548172202561,-5.141471298822028,2.108491967128763,-1,FALSE,FALSE
consumo_demais_derivados,consumo,1,47,-2.409614490383261,-2.983340624803673,0.7229191185810194,-5.012968421572795,2.063304300098851,-1,FALSE,FALSE
consumo_demais_derivados,consumo,1,48,-2.328756228323479,-2.914852114136081,0.714815540734245,-4.895702885683084,2.016320772535727,-1,FALSE,FALSE
consumo_alcool,consumo,1,0,-5.487350902278904,-8.783641109409817,-1.1509894165655616,-11.716371075045398,0.9328232466310826,-1,TRUE,FALSE
consumo_alcool,consumo,1,1,-0.6028062657374874,-6.562568565295132,3.41420865627834,-10.701820161408424,6.9097107547695895,-1,FALSE,FALSE
consumo_alcool,consumo,1,2,2.7731494501763625,-3.8836392413465757,6.8878784007759375,-7.70747176573103,10.509504302432228,1,FALSE,FALSE
consumo_alcool,consumo,1,3,1.227477238850417,-4.355391138507636,6.837055856958658,-8.54594478722799,10.847941892969656,1,FALSE,FALSE
consumo_alcool,consumo,1,4,1.9796464068872635,-2.576007972403798,8.9820188376924,-6.417607059732979,13.16843366832338,1,FALSE,FALSE
consumo_alcool,consumo,1,5,3.178682221579748,-1.2662720736311148,10.803303246912295,-5.129886874614892,15.959099939864075,1,FALSE,FALSE
consumo_alcool,consumo,1,6,2.1256314925716713,-1.5303427496426036,11.166938475127575,-5.048501027590434,16.70891046918599,1,FALSE,FALSE
consumo_alcool,consumo,1,7,2.080329767092655,-0.9901652555458744,12.036030842630872,-4.332956160307006,17.270184341830287,1,FALSE,FALSE
consumo_alcool,consumo,1,8,2.109808730021709,-0.9628389060747224,12.233223216582363,-4.6300157016873325,17.772248070252633,1,FALSE,FALSE
consumo_alcool,consumo,1,9,1.4756668472428973,-1.34961325634501,11.696376758125712,-4.619416203505928,18.29889708413119,1,FALSE,FALSE
consumo_alcool,consumo,1,10,1.1036698667825415,-1.3147041445719223,11.242008580484057,-4.4591597574642305,18.421825179220118,1,FALSE,FALSE
consumo_alcool,consumo,1,11,0.7394000876048348,-1.5961104155601584,11.051483792557647,-4.3159929581706855,17.964902444274554,1,FALSE,FALSE
consumo_alcool,consumo,1,12,0.17861424721214814,-1.8767585516555008,10.552871756887042,-4.900541763924408,17.595918891032387,1,FALSE,FALSE
consumo_alcool,consumo,1,13,-0.32359883177087356,-2.0568602660853625,10.118140569093107,-4.913437848048785,17.28634572949352,-1,FALSE,FALSE
consumo_alcool,consumo,1,14,-0.7888917837582969,-2.2912197843748077,9.650698104316474,-5.413607412670936,16.637855553955102,-1,FALSE,FALSE
consumo_alcool,consumo,1,15,-1.2834662206598768,-2.768666740948499,9.202064160545103,-5.696732976518037,16.507062516445796,-1,FALSE,FALSE
consumo_alcool,consumo,1,16,-1.743599009248266,-2.969575115485748,8.747197419364142,-6.179964615350987,15.616886324806034,-1,FALSE,FALSE
consumo_alcool,consumo,1,17,-2.160776435297505,-3.3116176288057746,8.176151868731557,-6.542786378925776,15.150185581669028,-1,FALSE,FALSE
consumo_alcool,consumo,1,18,-2.550759301059298,-3.580679562914769,7.462781063894029,-6.781273644747393,14.65981654091987,-1,FALSE,FALSE
consumo_alcool,consumo,1,19,-2.905970537549608,-3.9735257829060524,6.793755239136693,-7.153970202259638,14.30524531796084,-1,FALSE,FALSE
consumo_alcool,consumo,1,20,-3.2211586111979593,-4.335207846709468,6.190767956442383,-7.282572571798933,13.952192651637656,-1,FALSE,FALSE
consumo_alcool,consumo,1,21,-3.4977564186606167,-4.561987845638603,5.6677632741100705,-7.614628755047736,13.117559100012695,-1,FALSE,FALSE
consumo_alcool,consumo,1,22,-3.7387437526789844,-4.8122745943417,5.04671823199056,-7.746518136879663,12.613212457361879,-1,FALSE,FALSE
consumo_alcool,consumo,1,23,-3.943555756548635,-4.991281563120015,4.5961364489629615,-7.925410619985297,11.592745379627601,-1,FALSE,FALSE
consumo_alcool,consumo,1,24,-4.1120490984721,-5.0691492365857576,4.255662168954837,-8.123451862167613,10.996496748514117,-1,FALSE,FALSE
consumo_alcool,consumo,1,25,-4.247204414289503,-5.1831088629107445,3.9727961599114767,-8.488275471050924,10.533129796992686,-1,FALSE,FALSE
consumo_alcool,consumo,1,26,-4.3504041059858904,-5.329513897305083,3.816125734813899,-8.674341667833316,10.021757454822922,-1,FALSE,FALSE
consumo_alcool,consumo,1,27,-4.422290808737279,-5.280275489625473,3.460473340654553,-8.950460731938458,9.419434131724822,-1,FALSE,FALSE
consumo_alcool,consumo,1,28,-4.465043304879481,-5.398957318394909,3.1635444911266277,-8.950736905921174,8.877842843888516,-1,FALSE,FALSE
consumo_alcool,consumo,1,29,-4.4804675525346935,-5.531297751437616,2.783897818569004,-8.548615427555491,8.412177266511014,-1,FALSE,FALSE
consumo_alcool,consumo,1,30,-4.4698986755875785,-5.5216707822576,2.5151645151168447,-8.475453698046746,7.940635790683971,-1,FALSE,FALSE
consumo_alcool,consumo,1,31,-4.435233713271772,-5.516748895467107,2.3190842993568626,-8.872418981121573,7.421611045947215,-1,FALSE,FALSE
consumo_alcool,consumo,1,32,-4.378353867856073,-5.5204057898942,2.0695348611688096,-8.930688954596564,7.093297930998658,-1,FALSE,FALSE
consumo_alcool,consumo,1,33,-4.300962574066404,-5.551135377467902,1.9539849547118406,-8.856599753293528,6.747206014576067,-1,FALSE,FALSE
consumo_alcool,consumo,1,34,-4.204934668291097,-5.553839219349005,2.0016571133584407,-8.913353250786459,6.419717323285498,-1,FALSE,FALSE
consumo_alcool,consumo,1,35,-4.092172452452556,-5.492848305908356,1.9606507395560078,-8.872476921362148,6.299979228851584,-1,FALSE,FALSE
consumo_alcool,consumo,1,36,-3.964513803614904,-5.51592092118164,1.8828072013716257,-8.791845253028207,6.131660164784661,-1,FALSE,FALSE
consumo_alcool,consumo,1,37,-3.8238216421106035,-5.4138402676312145,1.8980209339138718,-8.759420335622712,5.788550577421447,-1,FALSE,FALSE
consumo_alcool,consumo,1,38,-3.671950905295996,-5.322247811251974,1.850046151623156,-8.644159081603608,5.520435177258372,-1,FALSE,FALSE
consumo_alcool,consumo,1,39,-3.510704806214532,-5.236261666561447,1.959500286568652,-8.623975282480481,5.502116919720832,-1,FALSE,FALSE
consumo_alcool,consumo,1,40,-3.341845353335594,-5.08488175079852,1.890093480277098,-8.801408637476035,5.448436328930079,-1,FALSE,FALSE
consumo_alcool,consumo,1,41,-3.1670830152958604,-4.897836269326361,1.9620175972489653,-8.679153892995904,5.5364482153244206,-1,FALSE,FALSE
consumo_alcool,consumo,1,42,-2.988056671314522,-4.740379127284888,2.193556264130182,-8.50736784877542,5.50999179423749,-1,FALSE,FALSE
consumo_alcool,consumo,1,43,-2.806326936290671,-4.666576560322882,2.329968140875106,-8.352478403873333,5.696387004465127,-1,FALSE,FALSE
consumo_alcool,consumo,1,44,-2.623370490153576,-4.533093384281372,2.523337136420685,-8.269835181976344,5.65587661661832,-1,FALSE,FALSE
consumo_alcool,consumo,1,45,-2.440571283269644,-4.479915939948915,2.597316098889237,-8.143087084192043,5.541121025639838,-1,FALSE,FALSE
consumo_alcool,consumo,1,46,-2.259214344628482,-4.309380133079757,2.747249675873581,-8.00170342944393,5.465217422611621,-1,FALSE,FALSE
consumo_alcool,consumo,1,47,-2.080482781737322,-4.09653613399414,2.7908340874723323,-7.736200469488505,5.423196961796645,-1,FALSE,FALSE
consumo_alcool,consumo,1,48,-1.9054548875937658,-3.8633529099898065,2.8344483266392473,-7.785702173826929,5.527840926359986,-1,FALSE,FALSE
capacidade_instalada_industria,industria,1,0,-0.1261592368103628,-0.2621778028366608,-0.0288142440561858,-0.3578919678828224,0.043045714464851836,-1,TRUE,FALSE
capacidade_instalada_industria,industria,1,1,0.03725790798944517,-0.14783804292012573,0.09484919014090981,-0.2512610764763212,0.17538261077713202,1,FALSE,FALSE
capacidade_instalada_industria,industria,1,2,0.057954260170953543,-0.15286400826718635,0.09945659183443192,-0.24318325960512058,0.18641542150397178,1,FALSE,FALSE
capacidade_instalada_industria,industria,1,3,0.004778849973581485,-0.18933654206237016,0.06221126751043185,-0.2936773513472543,0.15853013258567109,1,FALSE,FALSE
capacidade_instalada_industria,industria,1,4,0.006072524116833983,-0.15017247499992886,0.10566381660641631,-0.2507147827839,0.19516664270350648,1,FALSE,FALSE
capacidade_instalada_industria,industria,1,5,-0.011245176655519286,-0.14917341789540364,0.11108070291383991,-0.24198318423918946,0.2018772536870557,-1,FALSE,FALSE
capacidade_instalada_industria,industria,1,6,-0.07238331060469406,-0.18487645499076277,0.09025498214292742,-0.2637521286809437,0.19154357763737961,-1,FALSE,FALSE
capacidade_instalada_industria,industria,1,7,-0.09145550560565692,-0.19409211473303176,0.07930764657901064,-0.2786763501458885,0.18131343207431713,-1,FALSE,FALSE
capacidade_instalada_industria,industria,1,8,-0.12004737114120258,-0.22389214041186503,0.057997640740204054,-0.321422891590289,0.14456669452279114,-1,FALSE,FALSE
capacidade_instalada_industria,industria,1,9,-0.15824491211727137,-0.2641698751373902,0.023760737591019265,-0.3529019697817689,0.10562259262367116,-1,FALSE,FALSE
capacidade_instalada_industria,industria,1,10,-0.17825644807522198,-0.28884265711573914,-0.001840349762731066,-0.38025869561518494,0.08527106804071971,-1,TRUE,FALSE
capacidade_instalada_industria,industria,1,11,-0.19878507892173755,-0.3144236510790716,-0.026821449460358374,-0.40640331883066455,0.06682873701077433,-1,TRUE,FALSE
capacidade_instalada_industria,industria,1,12,-0.21974899338823067,-0.33658196618357766,-0.052023110126055865,-0.42957654620705615,0.03395259434807188,-1,TRUE,FALSE
capacidade_instalada_industria,industria,1,13,-0.23317895423608512,-0.3520759821549675,-0.07164620691423888,-0.44720281975288123,0.015148711796749991,-1,TRUE,FALSE
capacidade_instalada_industria,industria,1,14,-0.24316227829196205,-0.3617763712248728,-0.08581060596151076,-0.46499315342438163,0.003656074296738235,-1,TRUE,FALSE
capacidade_instalada_industria,industria,1,15,-0.25092371041007155,-0.3718328605838859,-0.09681919036957602,-0.48829885098405057,-0.014583441677173233,-1,TRUE,TRUE
capacidade_instalada_industria,industria,1,16,-0.2544896236831685,-0.37735037137199695,-0.10935929975227668,-0.4943365660760048,-0.02309125355776144,-1,TRUE,TRUE
capacidade_instalada_industria,industria,1,17,-0.2547476896834167,-0.38492547333560295,-0.11903067811849463,-0.501446758010755,-0.031387249573009285,-1,TRUE,TRUE
capacidade_instalada_industria,industria,1,18,-0.25245449862968683,-0.3856593434394159,-0.1289581138569397,-0.5005156785807914,-0.03357556539355094,-1,TRUE,TRUE
capacidade_instalada_industria,industria,1,19,-0.24756852129104082,-0.3813789110501007,-0.13016517242495695,-0.5067007717127957,-0.042885227196303694,-1,TRUE,TRUE
capacidade_instalada_industria,industria,1,20,-0.24040379870372522,-0.374945956197278,-0.1267188154260915,-0.4995850197135836,-0.052753971822248565,-1,TRUE,TRUE
capacidade_instalada_industria,industria,1,21,-0.23133486553019808,-0.37203483302144463,-0.12364172926591654,-0.49563519367767145,-0.048546036418257374,-1,TRUE,TRUE
capacidade_instalada_industria,industria,1,22,-0.22067867447095768,-0.3627537754414225,-0.12048532207225089,-0.49489442303526865,-0.049971740400205675,-1,TRUE,TRUE
capacidade_instalada_industria,industria,1,23,-0.20866376832280942,-0.3544687997375137,-0.11225018794991369,-0.49561192677687765,-0.04338219815958026,-1,TRUE,TRUE
capacidade_instalada_industria,industria,1,24,-0.19552869818438276,-0.34086115913223924,-0.10443219016528221,-0.4756406416360802,-0.03386127177439993,-1,TRUE,TRUE
capacidade_instalada_industria,industria,1,25,-0.1815492554073515,-0.3279854917934497,-0.09125981117872198,-0.468224545001508,-0.01916691276312574,-1,TRUE,TRUE
capacidade_instalada_industria,industria,1,26,-0.16692441041063244,-0.31778739585433496,-0.07784471744858062,-0.4443487716106169,-0.01059760717391894,-1,TRUE,TRUE
capacidade_instalada_industria,industria,1,27,-0.15183504849724636,-0.30353494164288697,-0.06718872632892191,-0.42681999166211576,0.006308864552353921,-1,TRUE,FALSE
capacidade_instalada_industria,industria,1,28,-0.13648046581304663,-0.2903710047994917,-0.05430005148660647,-0.41410597796220155,0.023066988708315233,-1,TRUE,FALSE
capacidade_instalada_industria,industria,1,29,-0.1210216165471652,-0.2780077347464184,-0.04072738019721848,-0.40081533900205085,0.04132114398771075,-1,TRUE,FALSE
capacidade_instalada_industria,industria,1,30,-0.10559984157341576,-0.26491774486126657,-0.022549331775194966,-0.3962975515069276,0.05276680250327868,-1,TRUE,FALSE
capacidade_instalada_industria,industria,1,31,-0.09035722214546248,-0.24959074353070348,-0.008323795460835837,-0.37613860446060066,0.06603529750768171,-1,TRUE,FALSE
capacidade_instalada_industria,industria,1,32,-0.07541544753261949,-0.2327609341953747,0.010812340218457488,-0.3494878605797448,0.074695702354316107,-1,FALSE,FALSE
capacidade_instalada_industria,industria,1,33,-0.06088037414812012,-0.2162430636329029,0.026073790508156634,-0.3291101475564045,0.09090097841482957,-1,FALSE,FALSE
capacidade_instalada_industria,industria,1,34,-0.04685053340269982,-0.19954086812518435,0.03358060068352001,-0.3177800453514989,0.10773163369311095,-1,FALSE,FALSE
capacidade_instalada_industria,industria,1,35,-0.03341069177556793,-0.18281487455603526,0.04736376406436895,-0.31066769548262557,0.11714446470088796,-1,FALSE,FALSE
capacidade_instalada_industria,industria,1,36,-0.020632585400556888,-0.1671076598855647,0.05943240796325359,-0.29076827925736853,0.13660422224560084,-1,FALSE,FALSE
capacidade_instalada_industria,industria,1,37,-0.008578104467665035,-0.15252086125840592,0.070602275003145,-0.27147290043006655,0.1485360775294284,-1,FALSE,FALSE
capacidade_instalada_industria,industria,1,38,0.0027020557982735337,-0.13847944172104387,0.0838520834289834,-0.2567240707638235,0.16536404323062212,1,FALSE,FALSE
capacidade_instalada_industria,industria,1,39,0.013168229446843599,-0.128416285391024,0.08982496170464455,-0.24105773645984424,0.17745516292979802,1,FALSE,FALSE
capacidade_instalada_industria,industria,1,40,0.02279049535801478,-0.11314520300155428,0.09970415427593514,-0.22445659730225218,0.18728025472933557,1,FALSE,FALSE
capacidade_instalada_industria,industria,1,41,0.03154847882137632,-0.09922271396450891,0.11299108864674737,-0.20379330568667559,0.19324433908636418,1,FALSE,FALSE
capacidade_instalada_industria,industria,1,42,0.03943098553464337,-0.08605245759154617,0.12069939929347413,-0.18591919992518915,0.2011329913865961,1,FALSE,FALSE
capacidade_instalada_industria,industria,1,43,0.046435242580910356,-0.07441402502557644,0.1298341978453673,-0.16659992409432922,0.20606623983575742,1,FALSE,FALSE
capacidade_instalada_industria,industria,1,44,0.05256628678602601,-0.06726618692286637,0.13694615556276263,-0.15099043520779762,0.21684003194822302,1,FALSE,FALSE
capacidade_instalada_industria,industria,1,45,0.057836390796570804,-0.05835839346552249,0.1468545864790534,-0.14198956856082195,0.2238361933888237,1,FALSE,FALSE
capacidade_instalada_industria,industria,1,46,0.06226439374890444,-0.04674844320673516,0.1490323034135637,-0.1245890741946511,0.2297503535300938,1,FALSE,FALSE
capacidade_instalada_industria,industria,1,47,0.06587501003759984,-0.03893371763511819,0.15369290968666688,-0.1171711916096233,0.23007552676483123,1,FALSE,FALSE
capacidade_instalada_industria,industria,1,48,0.06869817456156337,-0.03180195237786535,0.15547922068543457,-0.1060601423695129,0.23300505304871802,1,FALSE,FALSE
vendas_varejo,consumo,1,0,-0.7707540583712306,-1.181270138042051,-0.3976604777911914,-1.5542255389683286,-0.13335586928127605,-1,TRUE,TRUE
vendas_varejo,consumo,1,1,-0.12330969813091076,-0.8583539731827122,0.19680903696834814,-1.1963016008713476,0.5244101796464561,-1,FALSE,FALSE
vendas_varejo,consumo,1,2,0.1418408784497987,-0.6631872375644635,0.4423991500414548,-1.0493241091960526,0.8016424272638147,1,FALSE,FALSE
vendas_varejo,consumo,1,3,-0.09927766635759382,-0.7930320165256555,0.2820878996211667,-1.1813375040804792,0.6600974625190814,-1,FALSE,FALSE
vendas_varejo,consumo,1,4,-0.051921735407953376,-0.5118535107901893,0.49234010502295095,-0.8946426742520139,0.7815634262020276,-1,FALSE,FALSE
vendas_varejo,consumo,1,5,-7.623639597778815e-4,-0.4108261502592566,0.5772514581779036,-0.7147661089513737,0.8885831695862667,-1,FALSE,FALSE
vendas_varejo,consumo,1,6,-0.20646660653965268,-0.4987510611080261,0.48475770524467016,-0.7856229702905696,0.756906479904413,-1,FALSE,FALSE
vendas_varejo,consumo,1,7,-0.25007440563766264,-0.47393170671085527,0.4543106879199576,-0.7779946001848539,0.7985595648150325,-1,FALSE,FALSE
vendas_varejo,consumo,1,8,-0.30043992108640044,-0.541033205058326,0.38286491885502305,-0.836957917774741,0.7038951553467785,-1,FALSE,FALSE
vendas_varejo,consumo,1,9,-0.41892541180903503,-0.6644164584284218,0.26766895545544284,-0.9313753750156822,0.5925891835215462,-1,FALSE,FALSE
vendas_varejo,consumo,1,10,-0.4811535298298533,-0.7363663579922604,0.19937665771563928,-1.0082862823480192,0.5500462646541336,-1,FALSE,FALSE
vendas_varejo,consumo,1,11,-0.5401924163224879,-0.8127769107563861,0.12302696259017018,-1.1227877485233868,0.45561350554632174,-1,FALSE,FALSE
vendas_varejo,consumo,1,12,-0.613545091674892,-0.8912188224126402,0.038990777103526206,-1.2147187196546054,0.354114765036469,-1,FALSE,FALSE
vendas_varejo,consumo,1,13,-0.6666300042617341,-0.9597500485421451,-0.014870017370048297,-1.2542414371103363,0.25188307978344787,-1,TRUE,FALSE
vendas_varejo,consumo,1,14,-0.7082908290487874,-1.0122950537498254,-0.08711369321673773,-1.3141800812030853,0.1891180576293603,-1,TRUE,FALSE
vendas_varejo,consumo,1,15,-0.7465037579974138,-1.075278000336438,-0.13436222333159337,-1.3764449596368808,0.10560786618642207,-1,TRUE,FALSE
vendas_varejo,consumo,1,16,-0.772975051622066,-1.115305260876739,-0.18448399342437283,-1.441027821499798,0.08468286524539455,-1,TRUE,FALSE
vendas_varejo,consumo,1,17,-0.78879126407167,-1.123544724197251,-0.222643581486104,-1.481910981988377,0.037978879544352744,-1,TRUE,FALSE
vendas_varejo,consumo,1,18,-0.7968726468118488,-1.1456229246633782,-0.2571458282969904,-1.5031364595701615,0.006127872157083242,-1,TRUE,FALSE
vendas_varejo,consumo,1,19,-0.7968345964368674,-1.160188595663045,-0.278969475576207,-1.509346913469144,-0.02033010642529972,-1,TRUE,TRUE
vendas_varejo,consumo,1,20,-0.789060231106142,-1.152576626847541,-0.28648429479739146,-1.4990270275129607,-0.05689468738425866,-1,TRUE,TRUE
vendas_varejo,consumo,1,21,-0.7745852538389824,-1.1403429954221367,-0.3019694543516664,-1.5094713518765874,-0.05804289191402483,-1,TRUE,TRUE
vendas_varejo,consumo,1,22,-0.7544484189198707,-1.1226239043113655,-0.30329321226866957,-1.5051925517354783,-0.07578533302316617,-1,TRUE,TRUE
vendas_varejo,consumo,1,23,-0.7292213974829512,-1.0910624093895822,-0.2953011774751527,-1.4915310329214977,-0.06584391120862976,-1,TRUE,TRUE
vendas_varejo,consumo,1,24,-0.699512896205966,-1.0746701786560984,-0.28237967207935527,-1.4935018157750914,-0.05295743963810337,-1,TRUE,TRUE
vendas_varejo,consumo,1,25,-0.6662269218315616,-1.0590554185145984,-0.2633328067285067,-1.4382064435934354,-0.05577407240508594,-1,TRUE,TRUE
vendas_varejo,consumo,1,26,-0.6299796551145608,-1.0372850264293325,-0.23883850837598675,-1.4392097236033898,-0.03534571261584343,-1,TRUE,TRUE
vendas_varejo,consumo,1,27,-0.5912760112668367,-1.0148111351471267,-0.20821249178810514,-1.3860420343949797,-0.0017991663597163115,-1,TRUE,TRUE
vendas_varejo,consumo,1,28,-0.55075735552444,-0.9836845970689849,-0.18224882953294488,-1.3534191695020172,0.014502714487726137,-1,TRUE,FALSE
vendas_varejo,consumo,1,29,-0.5089469341086599,-0.9434915672965276,-0.15009824436573788,-1.287258228982769,0.0446892220850455,-1,TRUE,FALSE
vendas_varejo,consumo,1,30,-0.4662766898449936,-0.8962129366436615,-0.10530304122538582,-1.2467891713431423,0.08931251400320964,-1,TRUE,FALSE
vendas_varejo,consumo,1,31,-0.4232080925591896,-0.8354525605533181,-0.0587754791247658,-1.1765808454996955,0.12388052101797109,-1,TRUE,FALSE
vendas_varejo,consumo,1,32,-0.3801487944529174,-0.7878910031404974,-0.010462413245763216,-1.1320529891642848,0.15520249548864,-1,TRUE,FALSE
vendas_varejo,consumo,1,33,-0.33744856900248926,-0.7585498934863838,0.020940819721796643,-1.1205755025242752,0.19778407123327657,-1,FALSE,FALSE
vendas_varejo,consumo,1,34,-0.2954440499155606,-0.7302786966185716,0.05788065941383079,-1.070073400320164,0.2533283797892787,-1,FALSE,FALSE
vendas_varejo,consumo,1,35,-0.2544368403037625,-0.6951255729261728,0.09550779766958349,-1.0295939550843851,0.29230483712243893,-1,FALSE,FALSE
vendas_varejo,consumo,1,36,-0.21468833044049607,-0.6561284338068722,0.13575049051525423,-0.9766070461844373,0.3423031440855795,-1,FALSE,FALSE
vendas_varejo,consumo,1,37,-0.17643380153950192,-0.6112071297359538,0.1665158302890663,-0.9376855414775601,0.371074845980508,-1,FALSE,FALSE
vendas_varejo,consumo,1,38,-0.13987853703990813,-0.5667573308464138,0.19855718733926486,-0.888361889878413,0.4155732766265254,-1,FALSE,FALSE
vendas_varejo,consumo,1,39,-0.1051955895896384,-0.5247727737700594,0.2341544070488458,-0.8452995493621362,0.4760631448351466,-1,FALSE,FALSE
vendas_varejo,consumo,1,40,-0.07252998699750199,-0.4924864612990506,0.26850201241546956,-0.8223600762332769,0.5133932470288111,-1,FALSE,FALSE
vendas_varejo,consumo,1,41,-0.04199931669344999,-0.4447990533652264,0.3078765921227655,-0.7796669412863891,0.5514318613985956,-1,FALSE,FALSE
vendas_varejo,consumo,1,42,-0.01369373670026018,-0.41281135885367376,0.33689666138191326,-0.7549007109251528,0.5919854346409258,-1,FALSE,FALSE
vendas_varejo,consumo,1,43,0.012322252734288917,-0.38040644159659276,0.35229031929968596,-0.7365361552179492,0.6256459865538077,1,FALSE,FALSE
vendas_varejo,consumo,1,44,0.036008245444640284,-0.34591325777607473,0.3740853196636512,-0.6767080446081012,0.6412853428843839,1,FALSE,FALSE
vendas_varejo,consumo,1,45,0.05734674279434537,-0.3172727108720747,0.39345992048529954,-0.6344858208322763,0.6679291638301255,1,FALSE,FALSE
vendas_varejo,consumo,1,46,0.07634163253748191,-0.28347567052750666,0.4033154678766978,-0.6016092094892493,0.6946873708573699,1,FALSE,FALSE
vendas_varejo,consumo,1,47,0.09301641687895476,-0.2503497597275066,0.4239137914160178,-0.5693688522880104,0.7222221062655959,1,FALSE,FALSE
vendas_varejo,consumo,1,48,0.10741255217538793,-0.2289594001929866,0.4459284180647433,-0.5401485597509401,0.7429252665840681,1,FALSE,FALSE
vendas_servicos,consumo,1,0,-0.3415598989837121,-0.6858684467637122,-0.025358717769366015,-0.954775768790269,0.15829562083617746,-1,TRUE,FALSE
vendas_servicos,consumo,1,1,0.20678328490434808,-0.431673469773817,0.4833428860880184,-0.7838490014605537,0.8110567815239302,1,FALSE,FALSE
vendas_servicos,consumo,1,2,0.5567089084371472,-0.19914409283511153,0.815689406174556,-0.600346167903957,1.1185157984168734,1,FALSE,FALSE
vendas_servicos,consumo,1,3,0.4362883709340335,-0.30717856113512065,0.7368197692723752,-0.652779010083996,1.0681417716920862,1,FALSE,FALSE
vendas_servicos,consumo,1,4,0.5213709582512335,-0.055709957586966175,0.9510248229372896,-0.4797060864177797,1.2689169582308057,1,FALSE,FALSE
vendas_servicos,consumo,1,5,0.6281535996825905,0.09555824370418091,1.1440414653603819,-0.3396282924260782,1.4509817081468586,1,TRUE,FALSE
vendas_servicos,consumo,1,6,0.5270694152812755,0.08015990000524917,1.2124324306861192,-0.3647915979730431,1.541697520074084,1,TRUE,FALSE
vendas_servicos,consumo,1,7,0.5223871598351301,0.10895573730930909,1.2630933861939266,-0.2898550101197852,1.6226205299267613,1,TRUE,FALSE
vendas_servicos,consumo,1,8,0.510322209571655,0.09627713758606711,1.2700527506614474,-0.31952359291925275,1.6451411908308997,1,TRUE,FALSE
vendas_servicos,consumo,1,9,0.43656652024785125,0.05567876932473363,1.269083456320187,-0.35081146849471434,1.6932270318533373,1,TRUE,FALSE
vendas_servicos,consumo,1,10,0.3907305859709564,0.02741859094614818,1.241628605927663,-0.3550394495655058,1.6440243388674132,1,TRUE,FALSE
vendas_servicos,consumo,1,11,0.3391282462990495,-0.042470583253757896,1.2048213984421534,-0.37059082432823276,1.6489714319340163,1,FALSE,FALSE
vendas_servicos,consumo,1,12,0.2681425832508396,-0.11882220252399239,1.1446178538989678,-0.4155400225188015,1.601341467332011,1,FALSE,FALSE
vendas_servicos,consumo,1,13,0.20303862186410315,-0.15718422890873454,1.0851350679619105,-0.4757062003630935,1.5893921172045968,1,FALSE,FALSE
vendas_servicos,consumo,1,14,0.13899663740949414,-0.20272838148631395,1.0442755306388931,-0.5415530150590366,1.5523633782816149,1,FALSE,FALSE
vendas_servicos,consumo,1,15,0.07090815093146273,-0.2636916573060636,0.9861441605783275,-0.6112748675254641,1.508980436194233,1,FALSE,FALSE
vendas_servicos,consumo,1,16,0.005606562943936362,-0.3276903146505783,0.9353719456280727,-0.678037945400476,1.463391512261242,1,FALSE,FALSE
vendas_servicos,consumo,1,17,-0.056544709568732004,-0.37726527597013654,0.8445523491058173,-0.7331648630944078,1.4039653187229488,-1,FALSE,FALSE
vendas_servicos,consumo,1,18,-0.11673444647215497,-0.4288493216129311,0.788133283112441,-0.7806157478674287,1.3394901976451394,-1,FALSE,FALSE
vendas_servicos,consumo,1,19,-0.1738389851055823,-0.4725970624030579,0.7298407048274562,-0.852323770230746,1.2853696757121054,-1,FALSE,FALSE
vendas_servicos,consumo,1,20,-0.22724406342813436,-0.518635281043885,0.6568164064755267,-0.9017595180781515,1.2129705467219862,-1,FALSE,FALSE
vendas_servicos,consumo,1,21,-0.27686773726318203,-0.5443747370840375,0.5684695478036107,-0.9320963368907517,1.1423269912137457,-1,FALSE,FALSE
vendas_servicos,consumo,1,22,-0.3227490366751859,-0.5894502185797987,0.4995920281301078,-0.9718289684114817,1.0760941305202714,-1,FALSE,FALSE
vendas_servicos,consumo,1,23,-0.36463505584578926,-0.624148748253969,0.4390268532198683,-1.0092786041050101,1.0126164330769292,-1,FALSE,FALSE
vendas_servicos,consumo,1,24,-0.4023331221462689,-0.6489815150054425,0.38160252036194925,-1.0254154172422563,0.943096162730266,-1,FALSE,FALSE
vendas_servicos,consumo,1,25,-0.4359581330109951,-0.6757234665643594,0.33077514410811465,-1.0680364324459068,0.8856195457157839,-1,FALSE,FALSE
vendas_servicos,consumo,1,26,-0.46548812583668814,-0.7059074069972117,0.2911538675391895,-1.0788716894710655,0.8276599711133875,-1,FALSE,FALSE
vendas_servicos,consumo,1,27,-0.4908638060414878,-0.7372490804531869,0.24313429575985396,-1.1392883506443672,0.7789444103359212,-1,FALSE,FALSE
vendas_servicos,consumo,1,28,-0.512191687779782,-0.7664766037141022,0.2048332947447954,-1.177440157521327,0.7232897132930776,-1,FALSE,FALSE
vendas_servicos,consumo,1,29,-0.5295575576094306,-0.7753056780298551,0.17961577628514616,-1.1538449320809512,0.6674827800425235,-1,FALSE,FALSE
vendas_servicos,consumo,1,30,-0.5430287550935311,-0.7962377051091816,0.14544851838552847,-1.176133224150449,0.5934404213426647,-1,FALSE,FALSE
vendas_servicos,consumo,1,31,-0.5527455957423735,-0.8023265494685616,0.12334534695877397,-1.15386115618009,0.5536605444070349,-1,FALSE,FALSE
vendas_servicos,consumo,1,32,-0.5588611104204051,-0.7829585676601504,0.11146413993311691,-1.1464659340742418,0.5001802002146162,-1,FALSE,FALSE
vendas_servicos,consumo,1,33,-0.5615300961416152,-0.7928594842115559,0.0998039109417711,-1.12618306748218,0.45398633542919686,-1,FALSE,FALSE
vendas_servicos,consumo,1,34,-0.5609393693814021,-0.7752303136743235,0.08469622518724428,-1.1196590006987486,0.42513267727422593,-1,FALSE,FALSE
vendas_servicos,consumo,1,35,-0.5572903702441055,-0.7739940266143597,0.06972886661863888,-1.1207039324362067,0.3812883472858965,-1,FALSE,FALSE
vendas_servicos,consumo,1,36,-0.5507910668667089,-0.7663841882695421,0.05570057446240841,-1.1070363209173515,0.3579872093914434,-1,FALSE,FALSE
vendas_servicos,consumo,1,37,-0.5416629460240864,-0.744884927067627,0.05469880773278252,-1.0923431338990588,0.3299785245584366,-1,FALSE,FALSE
vendas_servicos,consumo,1,38,-0.5301355993707931,-0.7225508164251397,0.05559842749977887,-1.064673162106952,0.31672763320746977,-1,FALSE,FALSE
vendas_servicos,consumo,1,39,-0.5164418178909399,-0.7129511747531712,0.04964694693819977,-1.0566584287610352,0.3044198031962692,-1,FALSE,FALSE
vendas_servicos,consumo,1,40,-0.5008174706996342,-0.6910233973009169,0.05219425423639579,-1.0237207244879458,0.29196783591873776,-1,FALSE,FALSE
vendas_servicos,consumo,1,41,-0.48349905828624673,-0.6652505114918583,0.0655844720696693,-1.0271867415935179,0.27876271296653016,-1,FALSE,FALSE
vendas_servicos,consumo,1,42,-0.46472078442192455,-0.6473083383659464,0.06994755371989704,-1.0077727714822187,0.2789172129704431,-1,FALSE,FALSE
vendas_servicos,consumo,1,43,-0.44471293758644115,-0.6119361382321354,0.08017795730881314,-0.9840932454728959,0.30239735524435185,-1,FALSE,FALSE
vendas_servicos,consumo,1,44,-0.4237002923748155,-0.5884759358293589,0.09291086420953856,-0.9584971409965336,0.30540545350745657,-1,FALSE,FALSE
vendas_servicos,consumo,1,45,-0.4019003423647441,-0.5705960768341833,0.10693961150518837,-0.9188150318047367,0.3111287448562273,-1,FALSE,FALSE
vendas_servicos,consumo,1,46,-0.37952186648001573,-0.5507570176984825,0.11656637416154597,-0.8873275318281125,0.31426520624894816,-1,FALSE,FALSE
vendas_servicos,consumo,1,47,-0.356763829662166,-0.5195338788170268,0.11952557082363585,-0.86983788010345,0.32995694200424713,-1,FALSE,FALSE
vendas_servicos,consumo,1,48,-0.3338143588646399,-0.4963150224239026,0.13309681443517704,-0.8304144691298813,0.3310387810453454,-1,FALSE,FALSE
ind_automoveis,industria,1,0,-4291.048023875772,-7432.528274726005,-1569.3278172513515,-10100.524800792567,467.68003028483577,-1,TRUE,FALSE
ind_automoveis,industria,1,1,-319.1629846409864,-5716.9524342040395,2040.2588938006027,-8686.583509158172,4586.7526139681595,-1,FALSE,FALSE
ind_automoveis,industria,1,2,1303.5625697659025,-4588.861122375111,3233.9316009827367,-8005.776244289746,6125.653848529844,1,FALSE,FALSE
ind_automoveis,industria,1,3,57.99987185744516,-5681.736064972555,2074.8522649848023,-8892.59539575123,5397.310303636245,1,FALSE,FALSE
ind_automoveis,industria,1,4,416.9264987054687,-3919.783630492737,3456.589471665411,-7074.5706585561775,5944.97402477571,1,FALSE,FALSE
ind_automoveis,industria,1,5,767.2340006619862,-3177.5767893987077,4112.499422574474,-6016.840777338668,6700.087894427055,1,FALSE,FALSE
ind_automoveis,industria,1,6,-210.6837454513197,-3247.5496917741457,3909.5173546155743,-5718.7331664183575,6996.538659766351,-1,FALSE,FALSE
ind_automoveis,industria,1,7,-244.70820236984468,-2742.40592807726,3995.636142841989,-4975.429126710173,6717.003769220751,-1,FALSE,FALSE
ind_automoveis,industria,1,8,-396.13553716704445,-2872.7723186393205,3963.74862480842,-5030.281804182639,6119.092354999256,-1,FALSE,FALSE
ind_automoveis,industria,1,9,-884.7983454738443,-3199.0884671023414,3531.681448452965,-5227.773294839812,5675.399746950294,-1,FALSE,FALSE
ind_automoveis,industria,1,10,-1024.6040898870956,-3132.9838768352834,3203.7531893853175,-5277.366590373323,5173.096082969193,-1,FALSE,FALSE
ind_automoveis,industria,1,11,-1208.883057572564,-3350.9913713969213,2677.4209480673353,-5281.487078707476,4874.918102357473,-1,FALSE,FALSE
ind_automoveis,industria,1,12,-1483.0260977984267,-3632.856060188074,2192.552265644747,-5503.492566766635,4632.744713237382,-1,FALSE,FALSE
ind_automoveis,industria,1,13,-1654.282565946733,-3866.8622508838957,1883.374183241318,-5579.159153401087,4167.924759824056,-1,FALSE,FALSE
ind_automoveis,industria,1,14,-1802.9856929707228,-3909.0403860496,1599.2322264892941,-5913.577175311621,3965.8892167440677,-1,FALSE,FALSE
ind_automoveis,industria,1,15,-1961.633312613438,-4085.540392327699,1377.5847376836746,-5979.479004472365,3803.4784533896086,-1,FALSE,FALSE
ind_automoveis,industria,1,16,-2079.2599837679345,-4179.251141226507,1266.636663848423,-6031.175674709939,3422.6407456253783,-1,FALSE,FALSE
ind_automoveis,industria,1,17,-2167.279333156067,-4229.027941612898,1072.1109092091283,-6208.896998613826,3250.413808039658,-1,FALSE,FALSE
ind_automoveis,industria,1,18,-2238.093840913576,-4232.437428588051,909.0528886491174,-6240.590236555158,2920.797073262365,-1,FALSE,FALSE
ind_automoveis,industria,1,19,-2285.8905509018327,-4253.437988578642,767.5221840051291,-6356.457337987812,2701.76986849124,-1,FALSE,FALSE
ind_automoveis,industria,1,20,-2311.5307251646645,-4327.8535013352575,524.6582289833556,-6336.292452426238,2540.1647344303665,-1,FALSE,FALSE
ind_automoveis,industria,1,21,-2317.8012905455776,-4303.448713544355,436.05934989454005,-6475.667225420987,2450.713933070005,-1,FALSE,FALSE
ind_automoveis,industria,1,22,-2307.6872579703204,-4210.472705040833,334.7390504387574,-6507.056759540204,2274.2695716426515,-1,FALSE,FALSE
ind_automoveis,industria,1,23,-2281.974491023254,-4197.516627782482,320.15141785769697,-6404.5854384214335,2197.2501132725333,-1,FALSE,FALSE
ind_automoveis,industria,1,24,-2241.5722886894882,-4170.314074356516,323.1501160554341,-6290.269004697669,2119.6256569821753,-1,FALSE,FALSE
ind_automoveis,industria,1,25,-2189.2562212563494,-4193.529504248512,257.15551143965547,-6207.213604071565,2074.570600408477,-1,FALSE,FALSE
ind_automoveis,industria,1,26,-2126.3493271824254,-4062.5073922646466,290.1071392732035,-5946.095880527479,1974.1080271509534,-1,FALSE,FALSE
ind_automoveis,industria,1,27,-2053.7509965989043,-3920.570118772437,309.44398830537966,-5919.035610591861,1942.8702787302125,-1,FALSE,FALSE
ind_automoveis,industria,1,28,-1973.2953805930858,-3783.9478231473286,456.7267821976554,-5744.724139135643,1913.7657327950656,-1,FALSE,FALSE
ind_automoveis,industria,1,29,-1886.2810998199827,-3753.9058794038738,515.456360067794,-5608.7459687536975,1982.7372957371276,-1,FALSE,FALSE
ind_automoveis,industria,1,30,-1793.688483965316,-3671.9454606269505,552.6184916831743,-5337.477675806739,1931.05360350706,-1,FALSE,FALSE
ind_automoveis,industria,1,31,-1696.8092273927064,-3480.214016260701,615.1424244487988,-5112.443906724528,2101.534909350936,-1,FALSE,FALSE
ind_automoveis,industria,1,32,-1596.7459439480556,-3424.5578031914056,708.2585529007312,-5021.832326081769,2124.532300479369,-1,FALSE,FALSE
ind_automoveis,industria,1,33,-1494.428334237345,-3252.265704682964,791.2614786841026,-4815.3265422537315,2126.7877454045743,-1,FALSE,FALSE
ind_automoveis,industria,1,34,-1390.8412740171427,-3043.7393103881905,858.2649092652066,-4759.829571650277,2241.8908519083066,-1,FALSE,FALSE
ind_automoveis,industria,1,35,-1286.8804430317505,-2871.99827214041,957.6938919084212,-4661.677558316857,2291.7765185634494,-1,FALSE,FALSE
ind_automoveis,industria,1,36,-1183.337569003286,-2694.801565738018,1097.0800888330668,-4538.8303675300485,2335.788293184002,-1,FALSE,FALSE
ind_automoveis,industria,1,37,-1080.9712340423634,-2568.689038360306,1163.5037259413327,-4443.5017477896345,2431.5416603456524,-1,FALSE,FALSE
ind_automoveis,industria,1,38,-980.4729748403679,-2425.5012548947293,1188.6809590477799,-4363.1799376319095,2516.346898836715,-1,FALSE,FALSE
ind_automoveis,industria,1,39,-882.4560394604318,-2325.436637434704,1296.472788025453,-4091.47764532159,2692.2625361194737,-1,FALSE,FALSE
ind_automoveis,industria,1,40,-787.4742093152344,-2152.451505653307,1396.5298396478688,-3962.4419435350105,2855.272982388716,-1,FALSE,FALSE
ind_automoveis,industria,1,41,-696.0174017567011,-2039.4499198419344,1410.6400169249318,-3885.052181691895,2952.851040001333,-1,FALSE,FALSE
ind_automoveis,industria,1,42,-608.507693071413,-1923.0155486241683,1445.768567627468,-3779.581975095305,3125.7829156182843,-1,FALSE,FALSE
ind_automoveis,industria,1,43,-525.3039718647666,-1855.126626649456,1538.1061494724358,-3584.286715025811,3242.723541698135,-1,FALSE,FALSE
ind_automoveis,industria,1,44,-446.7041235796909,-1686.6536019941937,1599.4782264557314,-3376.398319949499,3386.345203895601,-1,FALSE,FALSE
ind_automoveis,industria,1,45,-372.9457366354586,-1534.8396529768513,1659.812447221095,-3295.6417958840443,3396.7740650531,-1,FALSE,FALSE
ind_automoveis,industria,1,46,-304.2085069809823,-1434.3722496679286,1709.36026705384,-3118.2887993314653,3397.6706958019768,-1,FALSE,FALSE
ind_automoveis,industria,1,47,-240.61767000886593,-1312.7054479593733,1741.379416756823,-2940.1326108815747,3442.186705960455,-1,FALSE,FALSE
ind_automoveis,industria,1,48,-182.24688042254806,-1211.6221905565187,1780.5339268041816,-2834.3638978929575,3348.6347957706375,-1,FALSE,FALSE
ind_leves,industria,1,0,-875.2821590893253,-1678.1883229895054,-603.8028769895759,-2153.0424252647726,-347.8693551515942,-1,TRUE,TRUE
ind_leves,industria,1,1,-107.2969822053027,-1225.3663632400544,33.2216377282331,-1810.1553756241667,496.36645121488607,-1,FALSE,FALSE
ind_leves,industria,1,2,111.76894249405359,-1165.792310541282,213.36461568588666,-1676.0300688321843,634.7739490389762,1,FALSE,FALSE
ind_leves,industria,1,3,-326.1626369358577,-1510.2782118348239,-217.6231811345885,-2046.080865513275,148.84389595798424,-1,TRUE,FALSE
ind_leves,industria,1,4,-345.13894042897124,-1288.350037364041,-75.66996890032185,-1750.88915202947,310.26099673570695,-1,TRUE,FALSE
ind_leves,industria,1,5,-398.68741155202093,-1295.532322813135,-73.19143208708834,-1708.4191002503453,336.45744716158225,-1,TRUE,FALSE
ind_leves,industria,1,6,-720.1371977064914,-1481.8403977651892,-258.23886263269924,-1920.990964663431,102.42947618826344,-1,TRUE,FALSE
ind_leves,industria,1,7,-808.4270527064695,-1520.8989902327387,-323.1946351528426,-2027.6408075933014,108.38250015143356,-1,TRUE,FALSE
ind_leves,industria,1,8,-920.795312075929,-1725.6005654759763,-421.2735369172608,-2312.336936941004,10.707415267176598,-1,TRUE,FALSE
ind_leves,industria,1,9,-1088.007172695754,-1956.193166165334,-571.6827745306548,-2542.163857339216,-105.56619113066537,-1,TRUE,TRUE
ind_leves,industria,1,10,-1162.8787197367715,-2108.8722162499266,-652.754158265367,-2670.94818164961,-173.1847959484291,-1,TRUE,TRUE
ind_leves,industria,1,11,-1235.1943138148083,-2257.4709461045586,-734.00667441253,-2848.8834343930776,-239.56286689082157,-1,TRUE,TRUE
ind_leves,industria,1,12,-1309.2014447101044,-2362.2653694376145,-816.150024745953,-3002.0269506891236,-371.91194904843934,-1,TRUE,TRUE
ind_leves,industria,1,13,-1346.0708770196466,-2442.2949315534865,-846.8143319921063,-3057.0467402783243,-435.7809753355826,-1,TRUE,TRUE
ind_leves,industria,1,14,-1366.067985527367,-2491.071055385412,-888.4824455234384,-3070.1470958450464,-474.36725806728975,-1,TRUE,TRUE
ind_leves,industria,1,15,-1374.810378695739,-2500.9991417467577,-909.0782415727856,-3124.838495472292,-491.77140611394077,-1,TRUE,TRUE
ind_leves,industria,1,16,-1363.577833304369,-2506.293423611735,-903.5927739277207,-3169.363039535173,-515.6896757602518,-1,TRUE,TRUE
ind_leves,industria,1,17,-1337.119454378209,-2493.906243756254,-880.9387408768389,-3118.35028751982,-507.58586936216705,-1,TRUE,TRUE
ind_leves,industria,1,18,-1298.5998418052461,-2464.5384814967024,-867.7642740925253,-3057.4304780550756,-480.2621179483471,-1,TRUE,TRUE
ind_leves,industria,1,19,-1248.3239165602206,-2417.569509257128,-839.2728245260494,-3008.598569780676,-428.0829946646188,-1,TRUE,TRUE
ind_leves,industria,1,20,-1188.0959401001278,-2332.7130379347,-800.9014080798008,-2943.963078136105,-378.8839829758959,-1,TRUE,TRUE
ind_leves,industria,1,21,-1119.542944305359,-2266.660833537854,-762.3531899798921,-2869.5343410321393,-336.2913347515963,-1,TRUE,TRUE
ind_leves,industria,1,22,-1044.4604678948706,-2182.7523228278947,-682.5885812165278,-2848.9110556253872,-291.89288652437284,-1,TRUE,TRUE
ind_leves,industria,1,23,-964.1425359880957,-2093.391602251694,-596.3332598958468,-2708.040406089216,-202.9281332717378,-1,TRUE,TRUE
ind_leves,industria,1,24,-879.7181659963278,-2003.0044425239976,-514.3187536044713,-2639.5867270588765,-122.04203776619677,-1,TRUE,TRUE
ind_leves,industria,1,25,-792.6505977959507,-1913.5393478867595,-423.1033209316926,-2546.956124519501,-29.106438957176366,-1,TRUE,TRUE
ind_leves,industria,1,26,-704.0119582590615,-1791.7482089524203,-338.16812428407405,-2412.809248507211,49.403809291973,-1,TRUE,FALSE
ind_leves,industria,1,27,-614.6934187989235,-1697.3374458976282,-238.1481548462877,-2370.1047980110466,141.1100387322737,-1,TRUE,FALSE
ind_leves,industria,1,28,-525.7084769731424,-1592.565077067414,-119.5640862062412,-2311.1946265160045,252.42827489158367,-1,TRUE,FALSE
ind_leves,industria,1,29,-437.8757113746219,-1469.033525477985,-33.63772441676669,-2166.1771750611756,353.96713988086725,-1,TRUE,FALSE
ind_leves,industria,1,30,-351.87763761063997,-1372.8143357744568,66.49004949119407,-2081.0616475229717,457.43281680062336,-1,FALSE,FALSE
ind_leves,industria,1,31,-268.39529124394,-1278.1536015689123,170.45315451414854,-2037.625652957955,536.4459030726068,-1,FALSE,FALSE
ind_leves,industria,1,32,-188.0010576297856,-1180.3011953330936,251.8099801931891,-1927.2407099029144,620.4180133629936,-1,FALSE,FALSE
ind_leves,industria,1,33,-111.17096068664254,-1098.747786410297,346.33950520623176,-1863.0178076119846,714.6293136184144,-1,FALSE,FALSE
ind_leves,industria,1,34,-38.334299836015596,-1027.6726793420569,412.64154528307984,-1738.0193523139549,854.157695671816,-1,FALSE,FALSE
ind_leves,industria,1,35,30.155471882780816,-910.6183824757757,501.08921725031627,-1630.9504504076358,932.1396472421852,1,FALSE,FALSE
ind_leves,industria,1,36,94.01841160490285,-847.134745372912,555.4679622785181,-1534.6177208469687,1016.4122781304598,1,FALSE,FALSE
ind_leves,industria,1,37,153.03067530229188,-774.5591407926684,627.1861064311136,-1416.2626954135037,1110.3963071315634,1,FALSE,FALSE
ind_leves,industria,1,38,207.02896042058,-705.050019298097,676.3206216437911,-1337.3396501797538,1165.9121996010822,1,FALSE,FALSE
ind_leves,industria,1,39,255.90865058359992,-637.0665705704978,742.9354258358833,-1254.8666149509004,1221.8448825142316,1,FALSE,FALSE
ind_leves,industria,1,40,299.61664158383223,-580.1966030535887,804.3908097061937,-1159.669708818049,1272.7685382232094,1,FALSE,FALSE
ind_leves,industria,1,41,338.14894554284774,-518.5708190375741,848.2801497245476,-1043.8249406867324,1301.5649060536598,1,FALSE,FALSE
ind_leves,industria,1,42,371.5476834882494,-449.12189015479,892.1160889713314,-969.3923618480729,1317.9096111087192,1,FALSE,FALSE
ind_leves,industria,1,43,399.8965911006671,-404.47959975197176,922.2318295973049,-906.3939192042739,1375.7230306369759,1,FALSE,FALSE
ind_leves,industria,1,44,423.31706994286884,-363.1799207991299,939.6306066589826,-831.5060019911655,1401.998291626597,1,FALSE,FALSE
ind_leves,industria,1,45,441.96445102570254,-332.66078818493895,949.9726010555523,-796.8765568269341,1397.8089897684138,1,FALSE,FALSE
ind_leves,industria,1,46,456.0240619109681,-283.69159415206803,952.7611278619636,-747.8651020257048,1393.2469754899196,1,FALSE,FALSE
ind_leves,industria,1,47,465.7071927579129,-241.4732889450317,946.7492674694694,-712.2302731357447,1399.7360134336343,1,FALSE,FALSE
ind_leves,industria,1,48,471.24726953628976,-225.63534220455236,968.0077075111942,-677.0594387549123,1385.1708588862446,1,FALSE,FALSE
ind_caminhoes,industria,1,0,-180.9688927656623,-372.808048684551,-81.22985609033503,-492.6270838442343,3.9044424422260295,-1,TRUE,FALSE
ind_caminhoes,industria,1,1,-4.2168285373357905,-254.84375355145474,76.61690581092967,-394.8535455723047,194.84487411208096,-1,FALSE,FALSE
ind_caminhoes,industria,1,2,81.18310755727528,-199.5811164965464,158.5176286212218,-310.3543723023349,265.88445689284407,1,FALSE,FALSE
ind_caminhoes,industria,1,3,-21.383656010650753,-289.86950540923687,68.43241504271408,-384.84276917190056,174.7506046591184,-1,FALSE,FALSE
ind_caminhoes,industria,1,4,-19.355524910373195,-226.8873653146495,106.35863941246764,-327.00139475717026,216.65093729284595,-1,FALSE,FALSE
ind_caminhoes,industria,1,5,-15.77933686849192,-216.14972091059695,118.26926221972253,-310.8421987442164,246.27337868353564,-1,FALSE,FALSE
ind_caminhoes,industria,1,6,-85.10725519154816,-265.7665178340659,77.93636536623222,-368.55897567521606,195.86066069024315,-1,FALSE,FALSE
ind_caminhoes,industria,1,7,-105.1325807159123,-284.01664664802297,60.013698455470106,-393.7578459971918,193.70711523590296,-1,FALSE,FALSE
ind_caminhoes,industria,1,8,-126.74513513263979,-324.2286406920273,36.680263409438346,-429.19018860484266,161.85049442131694,-1,FALSE,FALSE
ind_caminhoes,industria,1,9,-165.5262933408513,-365.88121058434547,-5.164893645379891,-468.9297125318151,126.06396927287135,-1,TRUE,FALSE
ind_caminhoes,industria,1,10,-186.93300409310802,-391.85387437249983,-26.89499231675149,-509.9982268907024,97.10849845714998,-1,TRUE,FALSE
ind_caminhoes,industria,1,11,-207.01885712770928,-419.8309600601991,-54.61213163301896,-546.1863663545307,70.42933394156098,-1,TRUE,FALSE
ind_caminhoes,industria,1,12,-229.1635263890638,-451.1828133141491,-86.23644043335568,-572.1829089831268,32.07004439028925,-1,TRUE,FALSE
ind_caminhoes,industria,1,13,-244.42872942569298,-473.8352505053661,-104.36750366770686,-591.2945918826654,5.9295903312735785,-1,TRUE,FALSE
ind_caminhoes,industria,1,14,-256.0460092911902,-495.01669834750487,-123.89643367758575,-611.1636580400765,-8.624871972690803,-1,TRUE,TRUE
ind_caminhoes,industria,1,15,-265.58395376587754,-502.8511734153816,-136.42672106696244,-629.6735489252095,-27.480901924941648,-1,TRUE,TRUE
ind_caminhoes,industria,1,16,-271.0829885190806,-509.2485437600721,-148.8161499785969,-631.6706218181841,-43.82443653967088,-1,TRUE,TRUE
ind_caminhoes,industria,1,17,-273.212358599461,-507.79138273489286,-157.01010491786607,-637.4918466280546,-49.95004237292506,-1,TRUE,TRUE
ind_caminhoes,industria,1,18,-272.60512234509383,-510.15081393517164,-160.47043793695096,-644.5765560755374,-49.007024600007,-1,TRUE,TRUE
ind_caminhoes,industria,1,19,-269.30323718705023,-501.7453081320953,-159.89909972635354,-639.3896322196349,-52.457879812581695,-1,TRUE,TRUE
ind_caminhoes,industria,1,20,-263.58147220242586,-499.8620266235805,-154.23690443283107,-635.0600700144387,-56.81983446772086,-1,TRUE,TRUE
ind_caminhoes,industria,1,21,-255.72158635534987,-491.8721292876072,-146.1467244941955,-625.5987610544195,-55.105123359056705,-1,TRUE,TRUE
ind_caminhoes,industria,1,22,-246.0896704592643,-480.9387192213693,-139.01308485117397,-616.1909466335658,-53.088961860569576,-1,TRUE,TRUE
ind_caminhoes,industria,1,23,-234.92775591429552,-465.9917685681552,-128.8756533485738,-595.976127499692,-48.592123608084165,-1,TRUE,TRUE
ind_caminhoes,industria,1,24,-222.43768667526015,-450.5628240097968,-115.66841219441216,-586.7247130979391,-38.12046383279594,-1,TRUE,TRUE
ind_caminhoes,industria,1,25,-208.91987845777112,-430.0207872097693,-92.72418245244073,-570.8543059656432,-27.116167152233185,-1,TRUE,TRUE
ind_caminhoes,industria,1,26,-194.5941437078873,-416.95218166301265,-81.30053420793595,-547.2612899817124,-4.380705313625286,-1,TRUE,TRUE
ind_caminhoes,industria,1,27,-179.63545164773726,-394.8653665607132,-65.31609135904353,-533.2786143948938,10.4586833417481,-1,TRUE,FALSE
ind_caminhoes,industria,1,28,-164.25712537460458,-372.4532419416152,-51.90140975143133,-506.4171627195095,35.830849165852065,-1,TRUE,FALSE
ind_caminhoes,industria,1,29,-148.63696399726737,-344.5695205892197,-37.74800334925923,-489.67292255542355,49.95384767711995,-1,TRUE,FALSE
ind_caminhoes,industria,1,30,-132.9225337596512,-326.263609894415,-19.484416395343608,-461.8272665864447,64.47887706153381,-1,TRUE,FALSE
ind_caminhoes,industria,1,31,-117.26665786468828,-306.1479517122049,-0.10268196468641436,-448.79503137525273,77.29912182425554,-1,TRUE,FALSE
ind_caminhoes,industria,1,32,-101.80393385422411,-281.7603284811803,20.038315407454782,-432.41729981843633,92.4795455197628,-1,FALSE,FALSE
ind_caminhoes,industria,1,33,-86.64981940960894,-264.12091530012555,36.585528016456735,-413.0830612121727,105.44573862610677,-1,FALSE,FALSE
ind_caminhoes,industria,1,34,-71.91285966636264,-244.87450429975388,54.55836075061607,-390.15331861295556,124.39470776414359,-1,FALSE,FALSE
ind_caminhoes,industria,1,35,-57.68866112489303,-225.92415806955705,67.77798465240116,-369.9689614636302,150.7795845221415,-1,FALSE,FALSE
ind_caminhoes,industria,1,36,-44.058937900544834,-208.27545241112156,82.40157133988781,-345.88173376238933,166.69261233323667,-1,FALSE,FALSE
ind_caminhoes,industria,1,37,-31.095246454966997,-192.27416400195665,96.6715771229157,-324.5248315761801,189.7426817610654,-1,FALSE,FALSE
ind_caminhoes,industria,1,38,-18.858011318544428,-169.09965520667046,114.84572489248669,-300.92179727492373,194.3672350543645,-1,FALSE,FALSE
ind_caminhoes,industria,1,39,-7.396290284172923,-153.14112996821711,127.11518640591055,-277.92077165129575,207.76329235880593,-1,FALSE,FALSE
ind_caminhoes,industria,1,40,3.2510139282552695,-135.5906796004422,141.33573564904847,-258.57371166874657,220.86208208599723,1,FALSE,FALSE
ind_caminhoes,industria,1,41,13.05483980431864,-118.57033926916027,152.0608474785616,-248.8310130945889,232.5476800459981,1,FALSE,FALSE
ind_caminhoes,industria,1,42,21.99567596412026,-102.72370011877848,157.4749305886492,-224.454387464821,245.10170416333685,1,FALSE,FALSE
ind_caminhoes,industria,1,43,30.062908865867428,-87.4822348834448,167.68293959565892,-213.34550951320202,259.16710655352927,1,FALSE,FALSE
ind_caminhoes,industria,1,44,37.25420630882349,-74.85810277410403,175.57762413135842,-196.29853087434148,270.53848397846946,1,FALSE,FALSE
ind_caminhoes,industria,1,45,43.574956138313574,-63.0343583589291,179.8320412856963,-188.9482209440917,284.53242775396455,1,FALSE,FALSE
ind_caminhoes,industria,1,46,49.03765428487616,-52.54831644376988,188.92604723213074,-172.27294904599424,295.9600147245502,1,FALSE,FALSE
ind_caminhoes,industria,1,47,53.66122731449779,-44.0615985210107,198.47300291444574,-155.3442949662947,293.749986957046,1,FALSE,FALSE
ind_caminhoes,industria,1,48,57.47037642988893,-36.74898580122748,204.76931258590736,-144.69713163157712,298.09562504988105,1,FALSE,FALSE
ind_onibus,industria,1,0,-47.460538513878745,-111.97189270651164,-7.1306187304011255,-150.01113674772984,25.621620244847524,-1,TRUE,FALSE
ind_onibus,industria,1,1,10.074555678810958,-69.77270042620383,50.63931701652338,-106.52703311762995,90.00020943658873,1,FALSE,FALSE
ind_onibus,industria,1,2,54.09121660446967,-30.11680588177752,89.19442694535414,-78.0061413151019,126.77968625810257,1,FALSE,FALSE
ind_onibus,industria,1,3,12.21089083823527,-66.0195692290271,60.883211553291034,-111.26189262223927,98.02624648040546,1,FALSE,FALSE
ind_onibus,industria,1,4,13.162199470322143,-49.448745294538305,73.14147093602327,-86.65751712592069,113.10337809947056,1,FALSE,FALSE
ind_onibus,industria,1,5,18.553773051472305,-45.13416990970442,85.3450050405268,-83.56782445802008,129.05845341692807,1,FALSE,FALSE
ind_onibus,industria,1,6,-3.8814654926497987,-60.418176258796564,72.74212150396735,-96.64938350143203,115.62234652271562,-1,FALSE,FALSE
ind_onibus,industria,1,7,-10.710708158230261,-63.77988564629822,67.83690611758078,-105.1084497946929,112.98889964622103,-1,FALSE,FALSE
ind_onibus,industria,1,8,-16.711505210640546,-72.45164074166223,64.02108468880833,-120.6156379142603,109.61774453897591,-1,FALSE,FALSE
ind_onibus,industria,1,9,-29.398640783328325,-85.98947098285987,52.306775428348715,-136.85977609774753,99.39327343957774,-1,FALSE,FALSE
ind_onibus,industria,1,10,-37.341778926012644,-94.2495979565847,41.813911978121794,-147.4981446898677,88.62346941550612,-1,FALSE,FALSE
ind_onibus,industria,1,11,-44.7460360237242,-104.84055195605936,33.520287191475404,-155.31916902702272,82.73398400531997,-1,FALSE,FALSE
ind_onibus,industria,1,12,-53.07904584285226,-114.06603932498604,25.038117112068306,-167.89193616321768,72.68825219609795,-1,FALSE,FALSE
ind_onibus,industria,1,13,-59.59571300920859,-119.06809639599928,18.49544526785435,-180.98991219126742,66.63734557212824,-1,FALSE,FALSE
ind_onibus,industria,1,14,-65.11999213294288,-123.20980702550278,13.267601467088845,-186.33223019595152,61.47080223121696,-1,FALSE,FALSE
ind_onibus,industria,1,15,-70.07194494428451,-127.45035757904171,6.429321503133714,-190.33861873860167,49.7734066410692,-1,FALSE,FALSE
ind_onibus,industria,1,16,-73.89262287341437,-132.3584352371967,1.0023742066887007,-191.11478058934188,45.097738648392095,-1,FALSE,FALSE
ind_onibus,industria,1,17,-76.74606121395435,-133.93310397287635,-4.141816087568632,-191.87286952264841,40.679751617908344,-1,TRUE,FALSE
ind_onibus,industria,1,18,-78.74461266777921,-135.3952535253039,-6.624112707064619,-193.07327150163627,34.66333408702355,-1,TRUE,FALSE
ind_onibus,industria,1,19,-79.90896805980131,-136.9762564494896,-10.557198903779401,-194.13794598599765,29.818411680798324,-1,TRUE,FALSE
ind_onibus,industria,1,20,-80.3069349616585,-136.58511314783698,-12.884690881845707,-192.26086188053574,27.70712199262859,-1,TRUE,FALSE
ind_onibus,industria,1,21,-79.97930027369951,-135.45094619659,-14.58177047284127,-187.26502884759964,23.272037298935782,-1,TRUE,FALSE
ind_onibus,industria,1,22,-79.03173786564689,-134.13142959681886,-13.105032222318805,-187.1267529360263,22.7028329555342,-1,TRUE,FALSE
ind_onibus,industria,1,23,-77.52915029992498,-132.19083587995985,-11.876094555945452,-182.27644907958174,19.50952111859073,-1,TRUE,FALSE
ind_onibus,industria,1,24,-75.5104014928283,-131.36443160659064,-11.12153505966263,-179.54426664143546,20.032876656462513,-1,TRUE,FALSE
ind_onibus,industria,1,25,-73.05952593415478,-127.55837773079213,-9.243090285273642,-175.79660413776145,19.495536387443764,-1,TRUE,FALSE
ind_onibus,industria,1,26,-70.23837523906829,-126.12028898947105,-6.026759990287862,-173.1501966621052,20.972532978273147,-1,TRUE,FALSE
ind_onibus,industria,1,27,-67.09048023184036,-122.34790496849709,-4.7175178084285765,-170.07821986915118,21.19747950711158,-1,TRUE,FALSE
ind_onibus,industria,1,28,-63.67654349782446,-116.36573371465116,-3.1435625437651877,-165.4620169288274,23.480022704139337,-1,TRUE,FALSE
ind_onibus,industria,1,29,-60.04911296410162,-111.20354150067627,-0.46627325017496296,-161.2041896907202,26.73298134323703,-1,TRUE,FALSE
ind_onibus,industria,1,30,-56.25090031354717,-106.59962546528999,2.494943996973902,-157.3011288571966,30.831733969099723,-1,FALSE,FALSE
ind_onibus,industria,1,31,-52.328339039478045,-103.41985712927251,5.8574777989764915,-152.61126361676625,35.50824339178701,-1,FALSE,FALSE
ind_onibus,industria,1,32,-48.32418583336093,-98.07044629623412,9.422145171637009,-148.43791563384048,39.34368400231011,-1,FALSE,FALSE
ind_onibus,industria,1,33,-44.27601014415375,-96.21135925229692,12.118317378434861,-143.72594498997233,44.03079200728984,-1,FALSE,FALSE
ind_onibus,industria,1,34,-40.22036222116763,-93.24697348351005,16.40105291656007,-140.12784995458745,46.84833234388632,-1,FALSE,FALSE
ind_onibus,industria,1,35,-36.19101007268437,-88.85317395818576,21.688624020017294,-135.1365376870543,54.66566456820899,-1,FALSE,FALSE
ind_onibus,industria,1,36,-32.21824833370546,-85.44072216290101,23.40612605352463,-131.5055729316904,57.97816590593785,-1,FALSE,FALSE
ind_onibus,industria,1,37,-28.329952314495923,-78.7474716509517,27.687808232266853,-128.37241712706734,60.66416369181506,-1,FALSE,FALSE
ind_onibus,industria,1,38,-24.55127013087459,-72.69935373644601,31.846363537735566,-123.27545071323446,64.2950026745775,-1,FALSE,FALSE
ind_onibus,industria,1,39,-20.904403514940537,-66.85029406151104,35.68781457864861,-120.30192514833274,68.62801796249265,-1,FALSE,FALSE
ind_onibus,industria,1,40,-17.408838927528155,-63.61059622028882,40.23594695297,-117.9440936486515,71.99573607280063,-1,FALSE,FALSE
ind_onibus,industria,1,41,-14.081374123804308,-61.12444877959547,42.6196274115872,-115.84899576607673,76.17736933971713,-1,FALSE,FALSE
ind_onibus,industria,1,42,-10.936119689316456,-58.69375876380907,45.27201791046588,-110.73791880326661,78.70807138947465,-1,FALSE,FALSE
ind_onibus,industria,1,43,-7.984588906096258,-55.01994559906514,47.736995408260775,-105.7578557300609,79.31745243798058,-1,FALSE,FALSE
ind_onibus,industria,1,44,-5.235807992209618,-51.863525176040575,49.09764612407564,-103.07927320700036,83.01302262058083,-1,FALSE,FALSE
ind_onibus,industria,1,45,-2.6964183148058978,-48.1899908786414,51.32255630777509,-95.31145145890216,85.42803453229742,-1,FALSE,FALSE
ind_onibus,industria,1,46,-0.37078503424351356,-44.43016302256593,53.57414297630938,-91.53542548923454,88.38079979350474,-1,FALSE,FALSE
ind_onibus,industria,1,47,1.7388608171808233,-41.06244113647165,54.92198584725668,-86.27434184335502,90.47902637176475,1,FALSE,FALSE
ind_onibus,industria,1,48,3.6322760566613437,-38.19984438141621,55.3321263412566,-82.86846094737876,92.72049690242011,1,FALSE,FALSE
ind_bens_consumo,industria,1,0,-1.9407851982709643,-2.932698002362166,-1.0337062209353898,-3.7838684997133063,-0.5367574013197823,-1,TRUE,TRUE
ind_bens_consumo,industria,1,1,-0.46540478637107785,-2.197077540967996,0.2432890260453014,-3.28782633276275,1.2543044841015722,-1,FALSE,FALSE
ind_bens_consumo,industria,1,2,0.1750345946217022,-1.6570991834783932,0.7877438069814637,-2.5848325814287714,1.8319341189657226,1,FALSE,FALSE
ind_bens_consumo,industria,1,3,-0.5280760073854569,-2.146965268775137,0.32179582502381576,-2.988978710272096,1.0840954848518323,-1,FALSE,FALSE
ind_bens_consumo,industria,1,4,-0.45579126267805053,-1.5866122556231181,0.7345395318739636,-2.3525265844295453,1.3401586987408969,-1,FALSE,FALSE
ind_bens_consumo,industria,1,5,-0.3561354763834673,-1.2826118018363357,0.9244768346074562,-2.096691751212392,1.717002352111806,-1,FALSE,FALSE
ind_bens_consumo,industria,1,6,-0.8372604114773488,-1.426274045319727,0.7737063564644995,-2.2150180364129604,1.448182963044705,-1,FALSE,FALSE
ind_bens_consumo,industria,1,7,-0.9127032982212356,-1.3721406550460045,0.7551291182879754,-2.1590958281206514,1.5177650700091312,-1,FALSE,FALSE
ind_bens_consumo,industria,1,8,-1.0052782826414117,-1.4966779638040852,0.6128727605111399,-2.3146453825650095,1.33808892041689,-1,FALSE,FALSE
ind_bens_consumo,industria,1,9,-1.2388813373915883,-1.686699770490724,0.44341815580110566,-2.456282283121581,1.1672265038527896,-1,FALSE,FALSE
ind_bens_consumo,industria,1,10,-1.3278900617034959,-1.8212268518618488,0.27358448778750294,-2.5609275507722686,1.065918773494802,-1,FALSE,FALSE
ind_bens_consumo,industria,1,11,-1.4153660452421244,-1.955432807215307,0.09475150449693165,-2.6888707319289904,0.8538283895440653,-1,FALSE,FALSE
ind_bens_consumo,industria,1,12,-1.5300313451356702,-2.1098381586955006,-0.06783613903564104,-2.7678748090849226,0.6438642279354296,-1,TRUE,FALSE
ind_bens_consumo,industria,1,13,-1.5950914126348983,-2.2080221806772338,-0.17444456688174995,-2.889166860829872,0.5549529843251918,-1,TRUE,FALSE
ind_bens_consumo,industria,1,14,-1.6389648071089693,-2.332984474099356,-0.2596688845583283,-2.9834633194882585,0.4194669646360416,-1,TRUE,FALSE
ind_bens_consumo,industria,1,15,-1.6762970056161626,-2.362261654188904,-0.3518990782858968,-3.053303347951784,0.3246987327694815,-1,TRUE,FALSE
ind_bens_consumo,industria,1,16,-1.688828555853075,-2.4032580738357865,-0.41199069252214143,-3.092919307942686,0.25609002897428057,-1,TRUE,FALSE
ind_bens_consumo,industria,1,17,-1.681424632584248,-2.4533354856633305,-0.4774576715472355,-3.155313656383518,0.19793504622757652,-1,TRUE,FALSE
ind_bens_consumo,industria,1,18,-1.6597184028332332,-2.4451758188060717,-0.5093295919429319,-3.239033923313315,0.17884366058255274,-1,TRUE,FALSE
ind_bens_consumo,industria,1,19,-1.622978930558292,-2.4213978727981305,-0.5595926529688516,-3.1568482050344007,0.15537840951777063,-1,TRUE,FALSE
ind_bens_consumo,industria,1,20,-1.572614791429689,-2.4035096619036165,-0.561333119599462,-3.0833860792360692,0.09727486220822211,-1,TRUE,FALSE
ind_bens_consumo,industria,1,21,-1.5105937736542054,-2.3699994670198055,-0.5478436567005153,-3.100694768140907,0.03315052265785313,-1,TRUE,FALSE
ind_bens_consumo,industria,1,22,-1.4392564258640144,-2.344339390826526,-0.5103330311077944,-3.081372024693006,-0.007925977271829003,-1,TRUE,TRUE
ind_bens_consumo,industria,1,23,-1.359921172991213,-2.251769918807299,-0.45845742971686754,-3.021299334867876,0.019337520170394012,-1,TRUE,FALSE
ind_bens_consumo,industria,1,24,-1.2737595387368739,-2.1587347764271625,-0.40491222698206064,-2.8735879847760564,0.07215658016870004,-1,TRUE,FALSE
ind_bens_consumo,industria,1,25,-1.1827239292078893,-2.070179801975269,-0.3809968674137417,-2.788731253773507,0.12316361741681882,-1,TRUE,FALSE
ind_bens_consumo,industria,1,26,-1.0881066087663356,-2.008509297896534,-0.33043469462255937,-2.6965561240579774,0.20117020132179006,-1,TRUE,FALSE
ind_bens_consumo,industria,1,27,-0.9908959277302821,-1.9065200861589238,-0.25915294232240943,-2.6528167741537008,0.21520157329832004,-1,TRUE,FALSE
ind_bens_consumo,industria,1,28,-0.892412645577326,-1.8024881187142139,-0.19633755632265587,-2.5811024407797696,0.27258959680250255,-1,TRUE,FALSE
ind_bens_consumo,industria,1,29,-0.7936986989142623,-1.6924262272084343,-0.13704725531645043,-2.526837237234795,0.36568100125719954,-1,TRUE,FALSE
ind_bens_consumo,industria,1,30,-0.6955774624820632,-1.5947537309376318,-0.043045764778925896,-2.4538086574741165,0.413674837442817,-1,TRUE,FALSE
ind_bens_consumo,industria,1,31,-0.59893838905989,-1.536460905587959,0.06352402046004799,-2.3508174666206263,0.5010862434607831,-1,FALSE,FALSE
ind_bens_consumo,industria,1,32,-0.5045389203857751,-1.4224389737950736,0.13882866853838444,-2.3013039868407,0.5988500289879455,-1,FALSE,FALSE
ind_bens_consumo,industria,1,33,-0.4130015913517087,-1.3264750628127095,0.21329099257774428,-2.164089631695754,0.7321741228954269,-1,FALSE,FALSE
ind_bens_consumo,industria,1,34,-0.324915831297563,-1.2227422705423256,0.30205058549486113,-2.0855032185849156,0.8202480478371256,-1,FALSE,FALSE
ind_bens_consumo,industria,1,35,-0.24078614511956484,-1.1488740966647981,0.39058488496549704,-1.9538404242923824,0.8841369908846701,-1,FALSE,FALSE
ind_bens_consumo,industria,1,36,-0.1610253571684864,-1.0719612571893469,0.463379589561586,-1.8457486633858307,0.9624290391958668,-1,FALSE,FALSE
ind_bens_consumo,industria,1,37,-0.08598707843508117,-0.9964682044460218,0.5224913827927052,-1.7539818704518564,1.0261423675147783,-1,FALSE,FALSE
ind_bens_consumo,industria,1,38,-0.015957009345802804,-0.9170539022339423,0.5983193245162554,-1.6586161027580688,1.1411127110656907,-1,FALSE,FALSE
ind_bens_consumo,industria,1,39,0.048849152419707526,-0.8606602565639876,0.6559871412232076,-1.5575103099528644,1.2233420667379598,1,FALSE,FALSE
ind_bens_consumo,industria,1,40,0.10827514365406743,-0.812381487739372,0.7047493824367195,-1.4597734706016618,1.2955575785943458,1,FALSE,FALSE
ind_bens_consumo,industria,1,41,0.16222203359762927,-0.7508108757616331,0.7625989908524664,-1.3570301531734625,1.3534630829668326,1,FALSE,FALSE
ind_bens_consumo,industria,1,42,0.21064655536565602,-0.6893586990788629,0.8079763437434786,-1.2716407452193774,1.3995806708617993,1,FALSE,FALSE
ind_bens_consumo,industria,1,43,0.2535561703930575,-0.6113643603283346,0.8479464141855585,-1.175393615527407,1.4499174288714538,1,FALSE,FALSE
ind_bens_consumo,industria,1,44,0.29100482015585044,-0.5482413962640816,0.8776062499761035,-1.0908784533893754,1.498734296338659,1,FALSE,FALSE
ind_bens_consumo,industria,1,45,0.32308939171290185,-0.4891448936415879,0.9062161917637348,-1.0619831146743384,1.569030796046005,1,FALSE,FALSE
ind_bens_consumo,industria,1,46,0.3499457251082273,-0.43698608681692075,0.9308752327562523,-0.9939992556366644,1.574645133611491,1,FALSE,FALSE
ind_bens_consumo,industria,1,47,0.3717442133376607,-0.37882904949801416,0.9693112784334434,-0.9059538598545578,1.5615687228952373,1,FALSE,FALSE
ind_bens_consumo,industria,1,48,0.38868571495996024,-0.31810822839287367,0.9669688614637063,-0.8388366276677625,1.5890757681158236,1,FALSE,FALSE
ind_bens_duraveis,industria,1,0,-4.887582929159522,-7.546983176716784,-2.5350213119268856,-9.777753017158732,-1.030732678420744,-1,TRUE,TRUE
ind_bens_duraveis,industria,1,1,-1.0804910306282078,-5.518203626438066,0.5895609159103449,-8.476368161304064,3.3888878326897913,-1,FALSE,FALSE
ind_bens_duraveis,industria,1,2,-0.07337659704241876,-5.094008808582253,1.3829281074690878,-7.309719480256669,4.082954294051146,-1,FALSE,FALSE
ind_bens_duraveis,industria,1,3,-1.5040390080772637,-5.840568402310465,0.392774732854984,-8.516570832754226,2.2015010342032566,-1,FALSE,FALSE
ind_bens_duraveis,industria,1,4,-1.3366383247238878,-4.33138358811432,1.337378709038161,-6.572323510852448,2.8160739926322353,-1,FALSE,FALSE
ind_bens_duraveis,industria,1,5,-1.2980944461735118,-3.7497909252137482,1.5362650562910616,-5.832342247700205,3.2088293368393743,-1,FALSE,FALSE
ind_bens_duraveis,industria,1,6,-2.5244706990794796,-4.15342613452834,1.2005865258397412,-6.056632445451021,2.58200875008399,-1,FALSE,FALSE
ind_bens_duraveis,industria,1,7,-2.714914590695492,-3.917913334626442,1.1533152192797906,-5.905132346954271,2.625080921189549,-1,FALSE,FALSE
ind_bens_duraveis,industria,1,8,-3.028840706392437,-4.308735765351051,0.7440559230097266,-6.283706637182065,2.4163661797113822,-1,FALSE,FALSE
ind_bens_duraveis,industria,1,9,-3.640824367731635,-4.873461773668753,0.10201311313408372,-6.730894973449565,1.680934760271636,-1,FALSE,FALSE
ind_bens_duraveis,industria,1,10,-3.847088508602344,-5.18656012207944,-0.17937337662380098,-6.947313270749877,1.389298170804738,-1,TRUE,FALSE
ind_bens_duraveis,industria,1,11,-4.065347867908918,-5.584457881225531,-0.6447671954966769,-7.349861333443044,1.062520497515932,-1,TRUE,FALSE
ind_bens_duraveis,industria,1,12,-4.337514785488888,-5.925761301563757,-1.0405102875575993,-7.892141609557756,0.6339984874033491,-1,TRUE,FALSE
ind_bens_duraveis,industria,1,13,-4.4660712343307285,-6.206970478200863,-1.2761974644221497,-8.20058436142475,0.25555769738704076,-1,TRUE,FALSE
ind_bens_duraveis,industria,1,14,-4.537900605040654,-6.3777819232919954,-1.594451741017124,-8.395601861889524,0.018675915731411735,-1,TRUE,FALSE
ind_bens_duraveis,industria,1,15,-4.5893001886049705,-6.519064479086909,-1.7734995415636894,-8.443633134276705,-0.21394584296211558,-1,TRUE,TRUE
ind_bens_duraveis,industria,1,16,-4.571094428433642,-6.613551943639139,-1.9211158878270747,-8.724060230974128,-0.4672787037051182,-1,TRUE,TRUE
ind_bens_duraveis,industria,1,17,-4.499249589761071,-6.598707001030386,-2.032656455686343,-8.599335591495112,-0.5570698806921365,-1,TRUE,TRUE
ind_bens_duraveis,industria,1,18,-4.390560796418344,-6.580273728661434,-2.0858366499855943,-8.65578978785565,-0.7853918307750314,-1,TRUE,TRUE
ind_bens_duraveis,industria,1,19,-4.242503533831265,-6.550082247307264,-2.089018737129375,-8.59795821527116,-0.7277828127880209,-1,TRUE,TRUE
ind_bens_duraveis,industria,1,20,-4.059618786082586,-6.451417104235979,-2.0936540624649727,-8.418382812756455,-0.7243508780692143,-1,TRUE,TRUE
ind_bens_duraveis,industria,1,21,-3.8484277550474553,-6.259737545841897,-1.9572893618299398,-8.162939962115345,-0.7049552646591852,-1,TRUE,TRUE
ind_bens_duraveis,industria,1,22,-3.6149951201903274,-6.111756432535847,-1.877708482461824,-7.8692574752980775,-0.7436273538667637,-1,TRUE,TRUE
ind_bens_duraveis,industria,1,23,-3.362963604928188,-5.858324247917165,-1.7393683853957738,-7.697845746868405,-0.6456584708764788,-1,TRUE,TRUE
ind_bens_duraveis,industria,1,24,-3.09605981564207,-5.669934671748258,-1.5505483670466995,-7.5395512465553844,-0.5294126783136399,-1,TRUE,TRUE
ind_bens_duraveis,industria,1,25,-2.8194731483122566,-5.4088714978112735,-1.3057373783321828,-7.243064281821015,-0.3171289568055484,-1,TRUE,TRUE
ind_bens_duraveis,industria,1,26,-2.5366169096735236,-5.167373611012354,-1.1168302532640648,-7.085246179707916,-0.05664896033132901,-1,TRUE,TRUE
ind_bens_duraveis,industria,1,27,-2.2503316518721195,-4.908135530015477,-0.8785430806277514,-6.7384140089437174,0.21288168788633816,-1,TRUE,FALSE
ind_bens_duraveis,industria,1,28,-1.9641297248185603,-4.624522191012374,-0.6724703701893843,-6.3185707466065475,0.4078998313503156,-1,TRUE,FALSE
ind_bens_duraveis,industria,1,29,-1.680714087835021,-4.438400653934844,-0.3923579664965272,-6.097953889557087,0.7523181884794691,-1,TRUE,FALSE
ind_bens_duraveis,industria,1,30,-1.4022832799713318,-4.175215367037291,-0.12466298705708209,-5.848771768917906,1.028677641660476,-1,TRUE,FALSE
ind_bens_duraveis,industria,1,31,-1.131147604664693,-3.8862986173753207,0.10045702828401047,-5.675865770186847,1.3119483419344853,-1,FALSE,FALSE
ind_bens_duraveis,industria,1,32,-0.8692169621763679,-3.5681728854726553,0.43265668268913066,-5.455696372985586,1.5637361099428353,-1,FALSE,FALSE
ind_bens_duraveis,industria,1,33,-0.618052045690177,-3.338596038783537,0.6185249130952366,-5.173956380123545,1.9180648201670802,-1,FALSE,FALSE
ind_bens_duraveis,industria,1,34,-0.37910329702619644,-3.0973334484480852,0.9179288792847753,-4.968664812714411,2.242208081637842,-1,FALSE,FALSE
ind_bens_duraveis,industria,1,35,-0.15356748821848085,-2.87012891045521,1.143741313119333,-4.721062497337902,2.5753327546702334,-1,FALSE,FALSE
ind_bens_duraveis,industria,1,36,0.05761107459639273,-2.644828205597378,1.31256208049985,-4.419359228186223,2.750679663158998,1,FALSE,FALSE
ind_bens_duraveis,industria,1,37,0.2536566056329484,-2.426247391081616,1.555247460500686,-4.1484179813345055,3.1259750222466245,1,FALSE,FALSE
ind_bens_duraveis,industria,1,38,0.43398774636346515,-2.241584949550187,1.7655642819434751,-3.930313752183262,3.421977801743595,1,FALSE,FALSE
ind_bens_duraveis,industria,1,39,0.5982173589869495,-1.9746714832079504,2.021558139773426,-3.721430328284742,3.6432200849589584,1,FALSE,FALSE
ind_bens_duraveis,industria,1,40,0.7461215903749873,-1.8097316992739998,2.1632482025410043,-3.5156886339838036,3.7624962535529267,1,FALSE,FALSE
ind_bens_duraveis,industria,1,41,0.8776339217777904,-1.62553125013349,2.313624277010082,-3.314291990197321,3.895293052753099,1,FALSE,FALSE
ind_bens_duraveis,industria,1,42,0.9928384324521133,-1.43815038373068,2.3472635825322405,-3.1306160228895408,4.04047587443834,1,FALSE,FALSE
ind_bens_duraveis,industria,1,43,1.0919540035663997,-1.3132807652207443,2.4268796438105884,-2.870330405732429,4.2128662414801425,1,FALSE,FALSE
ind_bens_duraveis,industria,1,44,1.1753216354450562,-1.2065397364876969,2.5366003501459433,-2.654609204087049,4.366347868568368,1,FALSE,FALSE
ind_bens_duraveis,industria,1,45,1.243393592725101,-0.9989422755109302,2.6510604948925143,-2.450342339964361,4.385463751564342,1,FALSE,FALSE
ind_bens_duraveis,industria,1,46,1.296720948289684,-0.8568746909125102,2.772945367164585,-2.3443206069885316,4.379595881392085,1,FALSE,FALSE
ind_bens_duraveis,industria,1,47,1.3359405705778122,-0.7359300446003153,2.802328648666945,-2.1638065192731335,4.358007408417251,1,FALSE,FALSE
ind_bens_duraveis,industria,1,48,1.3617632048037283,-0.6701931724791066,2.8433940953172447,-2.0508893518306293,4.346202433987245,1,FALSE,FALSE
ind_bens_nao_duraveis,industria,1,0,-1.3214484360819956,-1.9913506831366186,-0.6958255946228127,-2.473249054991582,-0.37006765696521843,-1,TRUE,TRUE
ind_bens_nao_duraveis,industria,1,1,-0.4059735275013457,-1.4802361318828554,0.12711457485898692,-2.1148853746000404,0.7674723026885389,-1,FALSE,FALSE
ind_bens_nao_duraveis,industria,1,2,0.1841203324551242,-0.9901300271427966,0.721549059178583,-1.6080018426123508,1.2975825447261433,1,FALSE,FALSE
ind_bens_nao_duraveis,industria,1,3,-0.3560233691860819,-1.3560189790066144,0.36091840245523105,-1.9533807235220029,0.8287625541550976,-1,FALSE,FALSE
ind_bens_nao_duraveis,industria,1,4,-0.29851294380914956,-0.9817177580303622,0.6154623998009452,-1.5686158997319655,1.0928489328341668,-1,FALSE,FALSE
ind_bens_nao_duraveis,industria,1,5,-0.15779917956709769,-0.77664752158737,0.8971031699714062,-1.3709767110988111,1.4922705014266764,-1,FALSE,FALSE
ind_bens_nao_duraveis,industria,1,6,-0.45641065659556296,-0.8692949663908782,0.800361229435068,-1.5094606426136212,1.3256000235608116,-1,FALSE,FALSE
ind_bens_nao_duraveis,industria,1,7,-0.49951574325610937,-0.8776754468079968,0.7273925650428655,-1.424035140929746,1.4152402806831432,-1,FALSE,FALSE
ind_bens_nao_duraveis,industria,1,8,-0.5259168090892076,-0.9240100150289859,0.6913644825517326,-1.5020278329288255,1.2914344892058698,-1,FALSE,FALSE
ind_bens_nao_duraveis,industria,1,9,-0.6635511442569658,-1.078793504165903,0.5609390242609625,-1.6531088537284473,1.2115769184436362,-1,FALSE,FALSE
ind_bens_nao_duraveis,industria,1,10,-0.7222777138052723,-1.122340574472576,0.4975231345733464,-1.698717341777402,1.1251557932992902,-1,FALSE,FALSE
ind_bens_nao_duraveis,industria,1,11,-0.7739956235209737,-1.2117228446357948,0.42966526801599747,-1.7912360851387779,1.033466872490373,-1,FALSE,FALSE
ind_bens_nao_duraveis,industria,1,12,-0.8492859568613338,-1.3023154473872964,0.30570868624912834,-1.8356855706615804,0.8849830947358499,-1,FALSE,FALSE
ind_bens_nao_duraveis,industria,1,13,-0.8992057126907352,-1.367502260768676,0.24670829040352504,-1.9053075705201594,0.8716656296917902,-1,FALSE,FALSE
ind_bens_nao_duraveis,industria,1,14,-0.936212022848151,-1.454933187583865,0.1399547752679846,-1.9479063252067625,0.8056393144611645,-1,FALSE,FALSE
ind_bens_nao_duraveis,industria,1,15,-0.970773339793111,-1.5057855235235769,0.08969299388007185,-2.008087210052067,0.6838735978566985,-1,FALSE,FALSE
ind_bens_nao_duraveis,industria,1,16,-0.9919107959812377,-1.5245900104088872,0.06507795416730791,-2.052850711328486,0.6926299123572139,-1,FALSE,FALSE
ind_bens_nao_duraveis,industria,1,17,-1.0012349382814814,-1.535153398282541,0.006387190379415342,-2.0804439377293726,0.6751767995224897,-1,FALSE,FALSE
ind_bens_nao_duraveis,industria,1,18,-1.001801331484969,-1.5498286030417832,-0.044083930670867556,-2.1000386046990736,0.6133021864596189,-1,TRUE,FALSE
ind_bens_nao_duraveis,industria,1,19,-0.99331743729977,-1.5553371489948122,-0.08052584857333638,-2.104722279807079,0.5838195441789903,-1,TRUE,FALSE
ind_bens_nao_duraveis,industria,1,20,-0.97628003665328,-1.5473310050617348,-0.10434885145100724,-2.098339649711769,0.5307761785993139,-1,TRUE,FALSE
ind_bens_nao_duraveis,industria,1,21,-0.9515329103852561,-1.54446534982654,-0.12879260244650304,-2.096685123172543,0.48091130987695724,-1,TRUE,FALSE
ind_bens_nao_duraveis,industria,1,22,-0.920536170855398,-1.5125352431588173,-0.13517309085207715,-2.063503138116714,0.42859689579457694,-1,TRUE,FALSE
ind_bens_nao_duraveis,industria,1,23,-0.884024164940142,-1.472837337959712,-0.12934166555945792,-2.0487564584412015,0.38699846528296356,-1,TRUE,FALSE
ind_bens_nao_duraveis,industria,1,24,-0.8425304171301776,-1.4320014510285506,-0.11078746311641088,-1.9934162161331166,0.35451704536617007,-1,TRUE,FALSE
ind_bens_nao_duraveis,industria,1,25,-0.7972374305228547,-1.4068734167073849,-0.08540618798022805,-1.9502783877173875,0.3603654176015432,-1,TRUE,FALSE
ind_bens_nao_duraveis,industria,1,26,-0.748931529909642,-1.3459104414554972,-0.07290764603537533,-1.8907195615091807,0.370012035733135,-1,TRUE,FALSE
ind_bens_nao_duraveis,industria,1,27,-0.698145654455794,-1.2933814739555887,-0.03101616886814324,-1.8541549376368316,0.384175044711315,-1,TRUE,FALSE
ind_bens_nao_duraveis,industria,1,28,-0.6456757635659913,-1.2401240918979002,-7.45872301930726e-4,-1.8300539588568596,0.40975819830356786,-1,TRUE,FALSE
ind_bens_nao_duraveis,industria,1,29,-0.5921691674183699,-1.1656474416225349,0.03756709564349596,-1.7815469627750686,0.436071555308831,-1,FALSE,FALSE
ind_bens_nao_duraveis,industria,1,30,-0.538115144548119,-1.1323980301973315,0.068084083137573,-1.7524365504722361,0.445558510840811,-1,FALSE,FALSE
ind_bens_nao_duraveis,industria,1,31,-0.4840611889501915,-1.0615148971611656,0.1055892715011802,-1.6731754636360192,0.4728016294350281,-1,FALSE,FALSE
ind_bens_nao_duraveis,industria,1,32,-0.43048984009358743,-1.002179364427528,0.15075610751590252,-1.6217945098946058,0.5064298399063117,-1,FALSE,FALSE
ind_bens_nao_duraveis,industria,1,33,-0.37779741293332125,-0.964120704934998,0.18200477344639826,-1.5318710063227334,0.5259080019238671,-1,FALSE,FALSE
ind_bens_nao_duraveis,industria,1,34,-0.3263663549568019,-0.9029323375541131,0.21661849023442448,-1.5147069834692712,0.5708214151292671,-1,FALSE,FALSE
ind_bens_nao_duraveis,industria,1,35,-0.27653633737697486,-0.8413820325231368,0.25393868437599804,-1.4421354051528696,0.6291020273194616,-1,FALSE,FALSE
ind_bens_nao_duraveis,industria,1,36,-0.22859363039460245,-0.7958184705294072,0.2831453355365775,-1.3583647027378238,0.683108295294062,-1,FALSE,FALSE
ind_bens_nao_duraveis,industria,1,37,-0.18279197028422148,-0.7356523996403371,0.3358918199388692,-1.300853469814914,0.7390192812695567,-1,FALSE,FALSE
ind_bens_nao_duraveis,industria,1,38,-0.13934854103391447,-0.691318820585389,0.372065972221847,-1.262161855432809,0.7818609023832948,-1,FALSE,FALSE
ind_bens_nao_duraveis,industria,1,39,-0.0984407382567765,-0.6444420389010154,0.4084775399519857,-1.2344075127615555,0.797041551341121,-1,FALSE,FALSE
ind_bens_nao_duraveis,industria,1,40,-0.060211877166610604,-0.595345625891487,0.42878710332789,-1.1737494163017381,0.8366383018463694,-1,FALSE,FALSE
ind_bens_nao_duraveis,industria,1,41,-0.024772532331075018,-0.5462454194935192,0.46766295743367603,-1.0888241202797733,0.8862116630680134,-1,FALSE,FALSE
ind_bens_nao_duraveis,industria,1,42,0.007799192685323126,-0.49754327702414636,0.49075004725743315,-1.0314629448533428,0.9287186494187492,1,FALSE,FALSE
ind_bens_nao_duraveis,industria,1,43,0.03745543578651256,-0.4593477929493903,0.5171495807166318,-0.9547706242846008,0.9561794100492018,1,FALSE,FALSE
ind_bens_nao_duraveis,industria,1,44,0.0641763610004891,-0.4205675457104334,0.5411857142378418,-0.9321978708434585,1.0014352585859236,1,FALSE,FALSE
ind_bens_nao_duraveis,industria,1,45,0.08796846282970665,-0.37043077895824517,0.551693770748556,-0.9157629282189613,1.0049379296939351,1,FALSE,FALSE
ind_bens_nao_duraveis,industria,1,46,0.10886269512707789,-0.3387305189012602,0.568300789514639,-0.8654851628643812,1.0150270938842374,1,FALSE,FALSE
ind_bens_nao_duraveis,industria,1,47,0.1269121901809274,-0.30020132125688315,0.5838011887790845,-0.821632305022954,1.0352991617142226,1,FALSE,FALSE
ind_bens_nao_duraveis,industria,1,48,0.14219010532381746,-0.27891876128613846,0.5881557745849584,-0.7705342442346933,1.049882705077829,1,FALSE,FALSE
ind_bens_capital,industria,1,0,-1.8847300985927533,-3.3984870406253123,-0.8274797021826851,-4.461231118953314,-0.22272673045178795,-1,TRUE,TRUE
ind_bens_capital,industria,1,1,0.07509372397964735,-2.240058547691019,0.7028316204300064,-3.4310234712704957,1.7276217747235796,1,FALSE,FALSE
ind_bens_capital,industria,1,2,0.6113743973044127,-1.7640113072556765,1.0157974893726083,-2.9117663589085456,1.996335139309371,1,FALSE,FALSE
ind_bens_capital,industria,1,3,-0.1358388658616759,-2.371448437221537,0.4291068100599527,-3.5263205608532866,1.3108999862660629,-1,FALSE,FALSE
ind_bens_capital,industria,1,4,-0.07676452250441855,-1.7449983032471788,0.9261522272945746,-2.892840078195568,1.7709414050665926,-1,FALSE,FALSE
ind_bens_capital,industria,1,5,-0.12584810191132428,-1.5831752647863526,1.0145389566309428,-2.6177759255768707,1.91275238802478,-1,FALSE,FALSE
ind_bens_capital,industria,1,6,-0.8128404871960281,-1.9278813734538562,0.8060673105438804,-2.8366170593729683,1.6639438351613332,-1,FALSE,FALSE
ind_bens_capital,industria,1,7,-0.9908296597471068,-1.9133224690240844,0.7303193159886119,-2.8965764425877443,1.6968917948559843,-1,FALSE,FALSE
ind_bens_capital,industria,1,8,-1.2414795987158906,-2.317855781256573,0.4699885645706917,-3.2727327303908367,1.4525640797746835,-1,FALSE,FALSE
ind_bens_capital,industria,1,9,-1.6428290685883362,-2.6748103375639545,0.15424080314536756,-3.7339594178093254,1.1253296872676752,-1,FALSE,FALSE
ind_bens_capital,industria,1,10,-1.843092696576344,-2.9500995558400667,-0.032913467317017046,-3.948168001625734,0.9497872269506179,-1,TRUE,FALSE
ind_bens_capital,industria,1,11,-2.0452795886526243,-3.16452616184983,-0.2515977190957365,-4.253754372104079,0.7038628309160638,-1,TRUE,FALSE
ind_bens_capital,industria,1,12,-2.267632407949129,-3.4325635069450895,-0.4855275021200252,-4.5664706811897124,0.46392687093633694,-1,TRUE,FALSE
ind_bens_capital,industria,1,13,-2.412077048339354,-3.5480446197348514,-0.6615907329336609,-4.7969954685235585,0.3831101698561508,-1,TRUE,FALSE
ind_bens_capital,industria,1,14,-2.520733998186778,-3.6981570895172675,-0.7844642546596039,-4.905028231681993,0.20557384077708926,-1,TRUE,FALSE
ind_bens_capital,industria,1,15,-2.6106617170939415,-3.849089174365456,-0.9087148100062572,-5.032482445175399,0.006715120441118939,-1,TRUE,FALSE
ind_bens_capital,industria,1,16,-2.6580051426133613,-3.9102005336649497,-1.0187443101661753,-5.130853837490863,-0.15381032544974874,-1,TRUE,TRUE
ind_bens_capital,industria,1,17,-2.6710239970467375,-3.9971026090185364,-1.1223758106961443,-5.223499215482959,-0.35324072701150744,-1,TRUE,TRUE
ind_bens_capital,industria,1,18,-2.6580405646872225,-3.9488133937943353,-1.1244474382762863,-5.18229900447358,-0.3908290753423729,-1,TRUE,TRUE
ind_bens_capital,industria,1,19,-2.618301363935275,-3.93952115103599,-1.1764940419178513,-5.091978833881466,-0.4710473141521926,-1,TRUE,TRUE
ind_bens_capital,industria,1,20,-2.554578494381212,-3.879698031900358,-1.2016992781954916,-5.064882396828209,-0.5222660671203883,-1,TRUE,TRUE
ind_bens_capital,industria,1,21,-2.4704847802697776,-3.7979665629230825,-1.1954236744450144,-5.089278303646509,-0.5379910373405319,-1,TRUE,TRUE
ind_bens_capital,industria,1,22,-2.3694595225077335,-3.728540571542138,-1.1595600669379516,-5.013754849629846,-0.5442643251871054,-1,TRUE,TRUE
ind_bens_capital,industria,1,23,-2.2537539096398524,-3.611734353381473,-1.0870182620024362,-4.920235744489979,-0.46339904274105337,-1,TRUE,TRUE
ind_bens_capital,industria,1,24,-2.125623484248751,-3.5406442856108793,-1.0351510684264347,-4.773975108168789,-0.34745503565863717,-1,TRUE,TRUE
ind_bens_capital,industria,1,25,-1.9880297669392013,-3.4270680783555036,-0.92180292332836955,-4.5596888971868355,-0.3295895179210724,-1,TRUE,TRUE
ind_bens_capital,industria,1,26,-1.8430470512874633,-3.2959873168398888,-0.8109845727729112,-4.3746712134640156,-0.21017104920853652,-1,TRUE,TRUE
ind_bens_capital,industria,1,27,-1.6924588011009183,-3.131257917591422,-0.6811401386927135,-4.231869876517274,-0.06734077018053591,-1,TRUE,TRUE
ind_bens_capital,industria,1,28,-1.5383708823295452,-3.036143360875664,-0.5848253206285823,-4.110280245738141,0.10016951818844795,-1,TRUE,FALSE
ind_bens_capital,industria,1,29,-1.3824804158254438,-2.8227238431079127,-0.4387944061645441,-3.8611870138278563,0.2034274133965007,-1,TRUE,FALSE
ind_bens_capital,industria,1,30,-1.2262313977441845,-2.685986654262717,-0.25047593381733385,-3.660143255589256,0.3650958661388193,-1,TRUE,FALSE
ind_bens_capital,industria,1,31,-1.0711170538156247,-2.5129254015542135,-0.1319226026606016,-3.5249400743644883,0.4919768122276153,-1,TRUE,FALSE
ind_bens_capital,industria,1,32,-0.918424938413408,-2.3488758449539624,-0.0232431355891341,-3.3762540287854907,0.6395515587283923,-1,TRUE,FALSE
ind_bens_capital,industria,1,33,-0.7692628385462914,-2.172234959219657,0.12688602288382622,-3.2689582170244242,0.8166820519873114,-1,FALSE,FALSE
ind_bens_capital,industria,1,34,-0.6246747565131157,-2.0185525334223318,0.2650845046793552,-3.0820649423553386,0.9907725222741278,-1,FALSE,FALSE
ind_bens_capital,industria,1,35,-0.4855680511942137,-1.9273311293786801,0.3818721928310038,-2.9098310202834297,1.1055919436926225,-1,FALSE,FALSE
ind_bens_capital,industria,1,36,-0.3527128220403193,-1.822223914513369,0.525804704671535,-2.7591715959151664,1.2695314022602557,-1,FALSE,FALSE
ind_bens_capital,industria,1,37,-0.22678149173943504,-1.6477107524325199,0.6527250952578821,-2.6082869167166938,1.419400073562985,-1,FALSE,FALSE
ind_bens_capital,industria,1,38,-0.10833444214555206,-1.5065221995238711,0.7784369725187369,-2.458441919929817,1.5458487338107079,-1,FALSE,FALSE
ind_bens_capital,industria,1,39,0.002181028198603562,-1.3781372292813132,0.8822801211572757,-2.3525562649393468,1.6958216627867162,1,FALSE,FALSE
ind_bens_capital,industria,1,40,0.10441660983926027,-1.2248499327264426,0.9978446078270531,-2.2493609372397487,1.8171000482575754,1,FALSE,FALSE
ind_bens_capital,industria,1,41,0.19812089757548867,-1.1156682366807256,1.1013178823802652,-2.110264133174834,1.918576617215341,1,FALSE,FALSE
ind_bens_capital,industria,1,42,0.28313658108686846,-0.9689817057708567,1.2002118289187773,-1.9698424592701722,1.9978658646038803,1,FALSE,FALSE
ind_bens_capital,industria,1,43,0.35939301397639484,-0.8526526352480315,1.2607866424687721,-1.870606339859802,2.0750213302388945,1,FALSE,FALSE
ind_bens_capital,industria,1,44,0.4269000725884192,-0.7728631120918119,1.3432728337898634,-1.6936167257963453,2.1323230073512005,1,FALSE,FALSE
ind_bens_capital,industria,1,45,0.4857426728676585,-0.6734148604511665,1.3866368375941125,-1.5921398956211799,2.1723410473201676,1,FALSE,FALSE
ind_bens_capital,industria,1,46,0.536074330497111,-0.5909048503373264,1.4054502829830915,-1.5040039059694896,2.2122257014294204,1,FALSE,FALSE
ind_bens_capital,industria,1,47,0.5781102783775021,-0.5188190517103681,1.4447599018578154,-1.3964276201258417,2.2485437992662423,1,FALSE,FALSE
ind_bens_capital,industria,1,48,0.6121209681766281,-0.445244491913594,1.4875659806949513,-1.2528650792736362,2.2819496028820874,1,FALSE,FALSE
ind_transformacao,industria,1,0,-1.3776477914943612,-2.1505379999727463,-0.7787353067769884,-2.7209281339348577,-0.3902341890606908,-1,TRUE,TRUE
ind_transformacao,industria,1,1,-0.2816580374480131,-1.537116974843004,0.15309970060741318,-2.2935765835771313,0.8732583246091636,-1,FALSE,FALSE
ind_transformacao,industria,1,2,0.18911006777821943,-1.161272490334638,0.5857517986258817,-1.8322788831574954,1.2461558291325434,1,FALSE,FALSE
ind_transformacao,industria,1,3,-0.3458070194335285,-1.5237600067931374,0.19977090981228202,-2.203655905458805,0.6660877724048742,-1,FALSE,FALSE
ind_transformacao,industria,1,4,-0.30043390200230025,-1.116220242250829,0.4653989760332209,-1.7086444429078007,0.8470254080215782,-1,FALSE,FALSE
ind_transformacao,industria,1,5,-0.2414875654226131,-0.9440890060256761,0.5887893525266299,-1.4680094269373931,1.0872621511303417,-1,FALSE,FALSE
ind_transformacao,industria,1,6,-0.6129895923429836,-1.0686005078173337,0.4495094140482185,-1.6362556474966101,0.9820892952709809,-1,FALSE,FALSE
ind_transformacao,industria,1,7,-0.6826082067297716,-1.0271184384690155,0.4168412749430114,-1.5813279939517821,0.9504259469242655,-1,FALSE,FALSE
ind_transformacao,industria,1,8,-0.7660926602135332,-1.1588180222265976,0.3048529543209892,-1.7065584165494054,0.8276810423348324,-1,FALSE,FALSE
ind_transformacao,industria,1,9,-0.9533538316725948,-1.3079335625339326,0.1398344467633214,-1.8700202824831853,0.647064014848249,-1,FALSE,FALSE
ind_transformacao,industria,1,10,-1.0324575890662648,-1.3851445870023316,0.049556903158625494,-1.9619179391180885,0.49624309447918,-1,FALSE,FALSE
ind_transformacao,industria,1,11,-1.1092829313719106,-1.505950089407267,-0.09135726413518873,-2.023750540947441,0.4099325378122464,-1,TRUE,FALSE
ind_transformacao,industria,1,12,-1.2045184449193114,-1.6211875761984902,-0.2178500246238801,-2.1251673301318865,0.26557438698718494,-1,TRUE,FALSE
ind_transformacao,industria,1,13,-1.2613937775368171,-1.6952271444859126,-0.2991427394399591,-2.2051588669718742,0.18379127241540782,-1,TRUE,FALSE
ind_transformacao,industria,1,14,-1.3010395936634245,-1.7728572027350786,-0.3692207054883683,-2.2909647156135993,0.09027384934003393,-1,TRUE,FALSE
ind_transformacao,industria,1,15,-1.3341295593480869,-1.8237246344332338,-0.42301912683540627,-2.37053291258978,0.0043153439319869,-1,TRUE,FALSE
ind_transformacao,industria,1,16,-1.3473197964109778,-1.8449956243578174,-0.4629615877351092,-2.4105277678515873,-0.06553084292465403,-1,TRUE,TRUE
ind_transformacao,industria,1,17,-1.344386505872149,-1.904692914262362,-0.5118156079965012,-2.4173914478302145,-0.08813048879988179,-1,TRUE,TRUE
ind_transformacao,industria,1,18,-1.3295338215336778,-1.9003860130544996,-0.5323974149839334,-2.4413065927286306,-0.11010649511000847,-1,TRUE,TRUE
ind_transformacao,industria,1,19,-1.302364537298064,-1.9056807120539894,-0.551822364759263,-2.409178387472568,-0.12041706516652625,-1,TRUE,TRUE
ind_transformacao,industria,1,20,-1.2640731726698977,-1.8989322218246854,-0.5607864353661562,-2.405691797990549,-0.16676293934690561,-1,TRUE,TRUE
ind_transformacao,industria,1,21,-1.2162194365082912,-1.8504494682959685,-0.5506944081570677,-2.389725494988519,-0.15454331894771164,-1,TRUE,TRUE
ind_transformacao,industria,1,22,-1.1606518323416521,-1.78869360398719,-0.5086685122267073,-2.3610778056789266,-0.14755292584178778,-1,TRUE,TRUE
ind_transformacao,industria,1,23,-1.0984611271197846,-1.7250886141712969,-0.46824679701149247,-2.257816365982738,-0.13511328488646246,-1,TRUE,TRUE
ind_transformacao,industria,1,24,-1.0306142118570216,-1.655510205463289,-0.4272395010307827,-2.1967583343253185,-0.10007970350082276,-1,TRUE,TRUE
ind_transformacao,industria,1,25,-0.9586504684385648,-1.6083484653355673,-0.38016694601022033,-2.121452728969055,-0.04244828307297087,-1,TRUE,TRUE
ind_transformacao,industria,1,26,-0.8836147385715611,-1.5465301694057325,-0.3255219817305317,-2.048089330842247,0.02225645525821031,-1,TRUE,FALSE
ind_transformacao,industria,1,27,-0.8063207096254272,-1.4673515767902001,-0.2557035901454432,-2.0142222197579382,0.07962488190113216,-1,TRUE,FALSE
ind_transformacao,industria,1,28,-0.7278225839536191,-1.3845572386553682,-0.20033229270819117,-1.9626892075440139,0.16260512133490923,-1,TRUE,FALSE
ind_transformacao,industria,1,29,-0.6489624505359842,-1.313812629684118,-0.14487059342205397,-1.8891220750004172,0.21682211854923647,-1,TRUE,FALSE
ind_transformacao,industria,1,30,-0.570416156585102,-1.24413873060238,-0.09184943579588895,-1.8082190112625132,0.2821714467730405,-1,TRUE,FALSE
ind_transformacao,industria,1,31,-0.49290382308109393,-1.1563824091890313,-0.013118079652898126,-1.7094377109090382,0.3567360400829958,-1,TRUE,FALSE
ind_transformacao,industria,1,32,-0.4170429798951485,-1.0901721127535795,0.05994966770774661,-1.6507028823914014,0.41511250133607697,-1,FALSE,FALSE
ind_transformacao,industria,1,33,-0.34334700134215174,-1.0230764520404299,0.12385383905763617,-1.603481143485024,0.49891744586345377,-1,FALSE,FALSE
ind_transformacao,industria,1,34,-0.272300308242843,-0.9454015603888464,0.19086168439961548,-1.5273042619276598,0.5806457783963868,-1,FALSE,FALSE
ind_transformacao,industria,1,35,-0.20431989276030468,-0.8502022734103578,0.2849965581525732,-1.4388659747098218,0.657689603389832,-1,FALSE,FALSE
ind_transformacao,industria,1,36,-0.13975050655187665,-0.8037154029116074,0.3489490279679314,-1.3640434303318003,0.7051239379602586,-1,FALSE,FALSE
ind_transformacao,industria,1,37,-0.07888863036815226,-0.7439398599879213,0.3915398016577648,-1.271974712799862,0.765533681305394,-1,FALSE,FALSE
ind_transformacao,industria,1,38,-0.02197603293698877,-0.6840072050451426,0.4394082404126455,-1.2170733743552038,0.8522925102732217,-1,FALSE,FALSE
ind_transformacao,industria,1,39,0.030801651513085306,-0.6261410887513412,0.5132795343467849,-1.1197800795499286,0.9171654137019505,1,FALSE,FALSE
ind_transformacao,industria,1,40,0.07930704103915426,-0.5825846521621424,0.5594160408762406,-1.0395185255952595,0.967182850055092,1,FALSE,FALSE
ind_transformacao,industria,1,41,0.12344934495683564,-0.5265575450671935,0.6042950081147842,-0.9177715913782301,1.0150994537155544,1,FALSE,FALSE
ind_transformacao,industria,1,42,0.16318295768178379,-0.46641794631070255,0.631184073368195,-0.8542880760262076,1.0569704075608775,1,FALSE,FALSE
ind_transformacao,industria,1,43,0.19850363885888317,-0.3981040894672589,0.6673478923151961,-0.8206621274577751,1.0988194426273958,1,FALSE,FALSE
ind_transformacao,industria,1,44,0.2294451766286819,-0.35318053428862145,0.6944094854561662,-0.7789927747694725,1.1402166976845343,1,FALSE,FALSE
ind_transformacao,industria,1,45,0.2560765471723034,-0.33691273549966844,0.7229709802623316,-0.7138280687139652,1.1871678692739862,1,FALSE,FALSE
ind_transformacao,industria,1,46,0.2784987269908874,-0.28415846027113684,0.7416736778540335,-0.6749909413281602,1.2223826141154508,1,FALSE,FALSE
ind_transformacao,industria,1,47,0.29684119246781615,-0.23443064780632075,0.7477081864309947,-0.6355512806808916,1.2386708258861518,1,FALSE,FALSE
ind_transformacao,industria,1,48,0.3112586393922485,-0.20777080922515662,0.770498066228322,-0.6099363831507711,1.2382032503060332,1,FALSE,FALSE
ind_min_extr,industria,1,0,-0.6353657046141185,-0.964732830989024,0.04010582689040147,-1.292462102313227,0.4108730698415089,-1,FALSE,FALSE
ind_min_extr,industria,1,1,-0.926507259029828,-1.268333271981697,-0.10411673211864454,-1.6802314444556332,0.335365725331991,-1,TRUE,FALSE
ind_min_extr,industria,1,2,-0.933768087039921,-1.3759277398472793,-0.039495064077741573,-1.8071428726171483,0.45886307719066216,-1,TRUE,FALSE
ind_min_extr,industria,1,3,-1.0288016989584956,-1.5525416235508838,-0.016937047679898315,-2.0289685434851097,0.4972875567254031,-1,TRUE,FALSE
ind_min_extr,industria,1,4,-1.0525116358572784,-1.666303461114099,-0.00143086615283472,-2.2327208344212175,0.4935144460335744,-1,TRUE,FALSE
ind_min_extr,industria,1,5,-0.976350888702619,-1.6480125494963231,0.06240164788063787,-2.41302256065951,0.5529953908071829,-1,FALSE,FALSE
ind_min_extr,industria,1,6,-0.8724084199814843,-1.6473395182825565,0.17307057715435994,-2.45760544365288,0.6524142789805742,-1,FALSE,FALSE
ind_min_extr,industria,1,7,-0.7749205896982507,-1.6640328961787039,0.22087657988880768,-2.5230264822893433,0.701981310672873,-1,FALSE,FALSE
ind_min_extr,industria,1,8,-0.6405081330176919,-1.6217622641021816,0.310250335388476,-2.5372282360926746,0.8157188855392984,-1,FALSE,FALSE
ind_min_extr,industria,1,9,-0.4906658071304235,-1.5745662551014792,0.421819741963772,-2.502939233282196,0.9150227654567585,-1,FALSE,FALSE
ind_min_extr,industria,1,10,-0.3500368255818186,-1.522802780178097,0.5066881118836959,-2.4672921400691386,0.9899136740264319,-1,FALSE,FALSE
ind_min_extr,industria,1,11,-0.20805748547042144,-1.4358662858874198,0.5879283943945746,-2.4614753599735253,1.0436697776799362,-1,FALSE,FALSE
ind_min_extr,industria,1,12,-0.06683126312720038,-1.3768814971450154,0.6561404428082155,-2.393363754280855,1.0943752552930466,-1,FALSE,FALSE
ind_min_extr,industria,1,13,0.06388697623811711,-1.2705537591988607,0.6772764845485478,-2.3098306086070948,1.1510761616393426,1,FALSE,FALSE
ind_min_extr,industria,1,14,0.1847299659271658,-1.152261282237408,0.7262087924256901,-2.1924417644150713,1.2033583639351757,1,FALSE,FALSE
ind_min_extr,industria,1,15,0.29733612757323846,-1.0547429991754573,0.7736693871816034,-2.055072885317504,1.2586443934771503,1,FALSE,FALSE
ind_min_extr,industria,1,16,0.39887754390979996,-0.9581090689928502,0.8098707105250165,-1.9169665845621742,1.29150134185566,1,FALSE,FALSE
ind_min_extr,industria,1,17,0.4893192659013751,-0.8668807187937925,0.862123774504898,-1.8205068958570507,1.3617632064946184,1,FALSE,FALSE
ind_min_extr,industria,1,18,0.5699082222567845,-0.7762971042691235,0.8798757236308177,-1.6586740382333225,1.3745998545287372,1,FALSE,FALSE
ind_min_extr,industria,1,19,0.6403843956745285,-0.7049266368719381,0.9166954415653917,-1.5468243319561197,1.4086392676692268,1,FALSE,FALSE
ind_min_extr,industria,1,20,0.7009467426490547,-0.6209294164899252,0.9493499657600994,-1.4832578564240835,1.4640749833562332,1,FALSE,FALSE
ind_min_extr,industria,1,21,0.7523631961091545,-0.5404021587668646,0.9531206549341728,-1.3384258337038903,1.4883673418106513,1,FALSE,FALSE
ind_min_extr,industria,1,22,0.7949911003367711,-0.46477251083716464,0.9649972321425282,-1.229623376811031,1.5215261043487316,1,FALSE,FALSE
ind_min_extr,industria,1,23,0.8291510886100661,-0.4127552727653539,0.9761840584311177,-1.1295989462369387,1.5335182820746447,1,FALSE,FALSE
ind_min_extr,industria,1,24,0.855372063052023,-0.3465812304761438,0.9883838222069681,-1.0737659626294234,1.5555038830873396,1,FALSE,FALSE
ind_min_extr,industria,1,25,0.8740948962288146,-0.30205943923955175,1.0108429603376505,-0.9850130617665772,1.5650770471124185,1,FALSE,FALSE
ind_min_extr,industria,1,26,0.8857023013599838,-0.2811500355525793,1.0278679744208272,-0.9016320356829343,1.6004052051748492,1,FALSE,FALSE
ind_min_extr,industria,1,27,0.8906441719092264,-0.24036587911638418,1.021003757189471,-0.8530331952763807,1.6376936392497683,1,FALSE,FALSE
ind_min_extr,industria,1,28,0.8893718424591218,-0.21800514813637292,1.0461533439967066,-0.7777797037372356,1.6559550653854098,1,FALSE,FALSE
ind_min_extr,industria,1,29,0.8823145003794147,-0.19946676595457052,1.0279158508273218,-0.7688431101155687,1.667900952077748,1,FALSE,FALSE
ind_min_extr,industria,1,30,0.869922494011951,-0.21046887729084301,1.0146195394963273,-0.7528613115438272,1.6514098827738721,1,FALSE,FALSE
ind_min_extr,industria,1,31,0.852660665170245,-0.18768697292086287,0.9943114892539012,-0.6892806853950958,1.6092218058855317,1,FALSE,FALSE
ind_min_extr,industria,1,32,0.8309891067920543,-0.1968976544576147,0.9655732680263033,-0.6659697640059239,1.608213541296864,1,FALSE,FALSE
ind_min_extr,industria,1,33,0.8053716294216661,-0.22137727395718482,0.9618994872427662,-0.6591988200511296,1.5868503373742846,1,FALSE,FALSE
ind_min_extr,industria,1,34,0.7762767281315778,-0.2265580467210982,0.9447449065191427,-0.6668252403252634,1.5691115635706419,1,FALSE,FALSE
ind_min_extr,industria,1,35,0.7441672904735502,-0.2192475369766057,0.9350267384417013,-0.6628728518942124,1.5365711601518892,1,FALSE,FALSE
ind_min_extr,industria,1,36,0.7094984931093249,-0.24868183940935618,0.8973989381425936,-0.6543280846193844,1.510376719852514,1,FALSE,FALSE
ind_min_extr,industria,1,37,0.6727172015427674,-0.2635224487912785,0.8734356359101056,-0.6756664615694586,1.4838040210769712,1,FALSE,FALSE
ind_min_extr,industria,1,38,0.6342567839897428,-0.27538500604887156,0.8454180801033819,-0.7070971294094807,1.4424706694344285,1,FALSE,FALSE
ind_min_extr,industria,1,39,0.5945337032571938,-0.29426945691116313,0.8113170278988253,-0.7300390177814688,1.410136661770972,1,FALSE,FALSE
ind_min_extr,industria,1,40,0.5539459991820203,-0.3146875719852139,0.7793698503758496,-0.7500761550442582,1.335454800372203,1,FALSE,FALSE
ind_min_extr,industria,1,41,0.5128706646967527,-0.3385124804240092,0.7481268701901546,-0.7723593348649811,1.2639156814969401,1,FALSE,FALSE
ind_min_extr,industria,1,42,0.4716613771820209,-0.3633490204518053,0.7202354840738974,-0.753019675364814,1.2053023830537652,1,FALSE,FALSE
ind_min_extr,industria,1,43,0.4306473198055623,-0.38256625393987387,0.7001680127399282,-0.7767104159449094,1.1394664773509868,1,FALSE,FALSE
ind_min_extr,industria,1,44,0.3901320496514029,-0.3954511068232729,0.6505027756894136,-0.7825915173703434,1.0803852143600006,1,FALSE,FALSE
ind_min_extr,industria,1,45,0.3503925504738721,-0.409847649825077,0.5764934965746704,-0.8083095005906933,1.0462408820183706,1,FALSE,FALSE
ind_min_extr,industria,1,46,0.31167884332678897,-0.43502322900735535,0.5437371310041215,-0.827063550858104,1.0094293992425236,1,FALSE,FALSE
ind_min_extr,industria,1,47,0.27421386536852493,-0.4527080007653396,0.520359901437211,-0.854269757646132,0.9549181082658585,1,FALSE,FALSE
ind_min_extr,industria,1,48,0.23819353076675256,-0.4695525080645829,0.4864792054024615,-0.8881834415489577,0.9075894288760653,1,FALSE,FALSE
ind_uti_cap_instalada,industria,1,0,-0.4410950880425671,-0.7927770043369116,-0.09851928205795457,-1.1096961711748137,0.08211949968290282,-1,TRUE,FALSE
ind_uti_cap_instalada,industria,1,1,0.04246512989914069,-0.6877623990698466,0.2648223086478818,-1.080516831867308,0.6016544124927667,1,FALSE,FALSE
ind_uti_cap_instalada,industria,1,2,0.14561323803207266,-0.683131075701415,0.3718366654536758,-1.1825657163276027,0.7702418269814703,1,FALSE,FALSE
ind_uti_cap_instalada,industria,1,3,0.13754662822595123,-0.6832771165848267,0.3624134989924312,-1.109617772367264,0.7143254667336717,1,FALSE,FALSE
ind_uti_cap_instalada,industria,1,4,0.20579669643168694,-0.477812151892946,0.5828619180309695,-0.8312316538242548,0.8700451128144913,1,FALSE,FALSE
ind_uti_cap_instalada,industria,1,5,0.24226441246036662,-0.36025783734984496,0.6708632774525443,-0.7201111225500118,0.9733531313605994,1,FALSE,FALSE
ind_uti_cap_instalada,industria,1,6,0.15785384955601056,-0.3464752882032488,0.6930857524657069,-0.7317827714392845,1.012269060536774,1,FALSE,FALSE
ind_uti_cap_instalada,industria,1,7,0.16646727265410977,-0.23358483637367536,0.7509174486784305,-0.6053737874272374,1.0460710711479388,1,FALSE,FALSE
ind_uti_cap_instalada,industria,1,8,0.14808496374936206,-0.24138268709503743,0.743617253740427,-0.583072420631012,1.021407607708576,1,FALSE,FALSE
ind_uti_cap_instalada,industria,1,9,0.09415309216626984,-0.25214335320696946,0.7126375118273928,-0.5718235383697856,0.9756153298312827,1,FALSE,FALSE
ind_uti_cap_instalada,industria,1,10,0.07867829675372355,-0.22479901751636044,0.7075194732484196,-0.5222246800296343,0.9693658921011731,1,FALSE,FALSE
ind_uti_cap_instalada,industria,1,11,0.05393213541925411,-0.2339685713888187,0.678532375064714,-0.51283624297582,0.9468462854332872,1,FALSE,FALSE
ind_uti_cap_instalada,industria,1,12,0.016283144750462282,-0.2568309987268528,0.6425267671305227,-0.5277436915792203,0.9371854909714487,1,FALSE,FALSE
ind_uti_cap_instalada,industria,1,13,-0.010865271354083992,-0.27700241472612197,0.6132978493457029,-0.5352442942989802,0.8964010573767734,-1,FALSE,FALSE
ind_uti_cap_instalada,industria,1,14,-0.03658469581161089,-0.28938147298340644,0.5853854839776578,-0.5338353690933222,0.8520314580974178,-1,FALSE,FALSE
ind_uti_cap_instalada,industria,1,15,-0.06550456185802822,-0.3062058726925795,0.5467157651415635,-0.5160459646119209,0.8181236987389898,-1,FALSE,FALSE
ind_uti_cap_instalada,industria,1,16,-0.09069423039505364,-0.31367400934078693,0.5114211738813337,-0.5222842408470592,0.78356156097583185,-1,FALSE,FALSE
ind_uti_cap_instalada,industria,1,17,-0.11299808335732016,-0.32065790871720473,0.46638076108959975,-0.5279599072158245,0.7242411913718542,-1,FALSE,FALSE
ind_uti_cap_instalada,industria,1,18,-0.1343551473279077,-0.3346693246232533,0.43501925825796794,-0.545155840395368,0.7077235268854757,-1,FALSE,FALSE
ind_uti_cap_instalada,industria,1,19,-0.1536006571034479,-0.3446372201593825,0.3971415874895423,-0.546880818525836,0.6628646573318909,-1,FALSE,FALSE
ind_uti_cap_instalada,industria,1,20,-0.17050399074166997,-0.3548356745804594,0.3615570552991103,-0.5481540031941566,0.6180008939794738,-1,FALSE,FALSE
ind_uti_cap_instalada,industria,1,21,-0.185490462677342,-0.3681185688016136,0.3360817563358788,-0.5621532556839428,0.5860342147009479,-1,FALSE,FALSE
ind_uti_cap_instalada,industria,1,22,-0.19866085898850594,-0.35751113902798515,0.30458292543425397,-0.5554496661629456,0.5483665522608346,-1,FALSE,FALSE
ind_uti_cap_instalada,industria,1,23,-0.20989303395174808,-0.3684061867519826,0.26866921391428333,-0.5824176419064258,0.5133772032800379,-1,FALSE,FALSE
ind_uti_cap_instalada,industria,1,24,-0.21925192804442653,-0.37398712237745085,0.2422687010981683,-0.5887296865705894,0.4949023811760373,-1,FALSE,FALSE
ind_uti_cap_instalada,industria,1,25,-0.22691828953942575,-0.38251230709846223,0.21590744438946247,-0.6044538427525108,0.4551718617929411,-1,FALSE,FALSE
ind_uti_cap_instalada,industria,1,26,-0.23291032430833283,-0.3862072364006808,0.18601597191521999,-0.6152198055851398,0.438957976112119,-1,FALSE,FALSE
ind_uti_cap_instalada,industria,1,27,-0.23726402601321467,-0.3937032379165476,0.16521561249797315,-0.6017263148267743,0.4270374389502653,-1,FALSE,FALSE
ind_uti_cap_instalada,industria,1,28,-0.24010617890516878,-0.40986473890060543,0.14739317903059762,-0.5989201277739358,0.41800863979240893,-1,FALSE,FALSE
ind_uti_cap_instalada,industria,1,29,-0.24150641198347253,-0.3991484537391502,0.13946588776478816,-0.6264893076811023,0.41805286417704207,-1,FALSE,FALSE
ind_uti_cap_instalada,industria,1,30,-0.24152500718457784,-0.38888367426694065,0.14201929074878755,-0.6269088039388868,0.400184202398601,-1,FALSE,FALSE
ind_uti_cap_instalada,industria,1,31,-0.24026451499241325,-0.3759519217162529,0.14785059110656978,-0.6196334247212273,0.3984536418049649,-1,FALSE,FALSE
ind_uti_cap_instalada,industria,1,32,-0.2378129943707421,-0.3694800412439108,0.147763884852733,-0.6161806308114621,0.38499768802027623,-1,FALSE,FALSE
ind_uti_cap_instalada,industria,1,33,-0.23425227893373785,-0.36958441287952587,0.14626939586120824,-0.6103837250654052,0.35824626287155975,-1,FALSE,FALSE
ind_uti_cap_instalada,industria,1,34,-0.22968044213671793,-0.3663797481970864,0.14347704990738616,-0.5809651063182799,0.3379203119856167,-1,FALSE,FALSE
ind_uti_cap_instalada,industria,1,35,-0.22419332066793846,-0.35553426768810104,0.1390039907034846,-0.5786410328647326,0.3384862357686597,-1,FALSE,FALSE
ind_uti_cap_instalada,industria,1,36,-0.21788350054237554,-0.3572288402187216,0.13654353480449935,-0.5685906097331019,0.3261667972019436,-1,FALSE,FALSE
ind_uti_cap_instalada,industria,1,37,-0.21084799120184586,-0.35661337325381004,0.1350551381802335,-0.5609932906379548,0.34092272987603417,-1,FALSE,FALSE
ind_uti_cap_instalada,industria,1,38,-0.2031829852607595,-0.3455138270590396,0.14279242906140316,-0.5504240585135279,0.32833401564712045,-1,FALSE,FALSE
ind_uti_cap_instalada,industria,1,39,-0.19498181892998342,-0.33878822706710543,0.14442822714582185,-0.5259833912534564,0.3268646634476885,-1,FALSE,FALSE
ind_uti_cap_instalada,industria,1,40,-0.1863368239382193,-0.31780133577389086,0.14673881099329072,-0.5256204900169734,0.3238726559761502,-1,FALSE,FALSE
ind_uti_cap_instalada,industria,1,41,-0.17733795327253055,-0.3125315391046237,0.1435956648054254,-0.5255302053080501,0.32237890087189336,-1,FALSE,FALSE
ind_uti_cap_instalada,industria,1,42,-0.16807146417897634,-0.3011694901893524,0.14904650604374864,-0.5208473350185572,0.32881099271097874,-1,FALSE,FALSE
ind_uti_cap_instalada,industria,1,43,-0.1586199659461693,-0.29001060950271024,0.15473994290955095,-0.5074655124368987,0.3262486824055022,-1,FALSE,FALSE
ind_uti_cap_instalada,industria,1,44,-0.14906201093291327,-0.27459704481954517,0.15878548019098504,-0.49734329495028895,0.3288608301846852,-1,FALSE,FALSE
ind_uti_cap_instalada,industria,1,45,-0.13947146256146783,-0.2674075696189066,0.16161663870190457,-0.4904221485452726,0.33954357344683705,-1,FALSE,FALSE
ind_uti_cap_instalada,industria,1,46,-0.12991724077548644,-0.25730941691866205,0.16367968590747653,-0.4818533878073856,0.33166172050864345,-1,FALSE,FALSE
ind_uti_cap_instalada,industria,1,47,-0.1204631712061359,-0.2439881626219414,0.16613717873305978,-0.4523152215437524,0.3312881307080143,-1,FALSE,FALSE
ind_uti_cap_instalada,industria,1,48,-0.11116775765500085,-0.23781473792494295,0.16228051451437742,-0.4346894682273444,0.32824711519466626,-1,FALSE,FALSE
energia_comercial,energia,1,0,-42.275488561156465,-69.69550523546562,-5.149142874535642,-96.88834417555331,19.104240825598634,-1,TRUE,FALSE
energia_comercial,energia,1,1,-0.8082428581195824,-59.08175120898295,34.831803463086274,-91.93720930573522,65.11839248531074,-1,FALSE,FALSE
energia_comercial,energia,1,2,19.48551313886676,-48.02445171424804,55.65595079596472,-88.39497497455366,93.28771240686443,1,FALSE,FALSE
energia_comercial,energia,1,3,12.93366366555829,-53.71237048095699,53.26703756240831,-93.31968341828396,86.88838099152684,1,FALSE,FALSE
energia_comercial,energia,1,4,19.583914765769666,-34.78881752411394,73.47842192795031,-78.24433893444203,106.18645715743975,1,FALSE,FALSE
energia_comercial,energia,1,5,27.226296487929968,-24.86139020331852,87.42014057663386,-66.50037760598875,123.03316549437545,1,FALSE,FALSE
energia_comercial,energia,1,6,21.25003911327763,-22.338061312650996,92.2849753677563,-61.37371364075332,130.7139759212363,1,FALSE,FALSE
energia_comercial,energia,1,7,23.397923611949263,-13.381764594288132,99.61514113692739,-50.11314237909783,139.0897052391277,1,FALSE,FALSE
energia_comercial,energia,1,8,24.39693975316654,-9.368583843635575,102.35425563483129,-46.96034541192512,135.34619606060514,1,FALSE,FALSE
energia_comercial,energia,1,9,21.483870014931682,-7.261522863639619,99.90046743428664,-44.63122710187372,135.5676450350252,1,FALSE,FALSE
energia_comercial,energia,1,10,21.351220469922406,-7.118433372806038,97.94203557065883,-40.5174587165193,135.391556824559,1,FALSE,FALSE
energia_comercial,energia,1,11,20.416587687896225,-5.87156341062534,94.32404532710117,-39.96904104193672,135.466893721633,1,FALSE,FALSE
energia_comercial,energia,1,12,18.027054060053068,-6.746936555807805,91.24619227404936,-41.03256355674606,132.53488224382642,1,FALSE,FALSE
energia_comercial,energia,1,13,16.143949333589603,-7.021832809786605,89.38682276268293,-40.689400428890515,128.69256074230148,1,FALSE,FALSE
energia_comercial,energia,1,14,14.106820402427836,-9.832196690001904,85.71089100440857,-39.0540311594181,126.8554182123803,1,FALSE,FALSE
energia_comercial,energia,1,15,11.549707962560676,-13.053214656869397,82.53522004314254,-39.92146667619977,119.53981688881453,1,FALSE,FALSE
energia_comercial,energia,1,16,9.039746847882125,-15.167742456581411,77.80163072674505,-42.52175473341273,116.45324334105197,1,FALSE,FALSE
energia_comercial,energia,1,17,6.5460994704852205,-17.481115557578573,73.69852877331421,-41.15290638217257,112.39154211667466,1,FALSE,FALSE
energia_comercial,energia,1,18,3.96381997516323,-19.836971969096286,70.09970105596113,-42.526289941408734,108.54530805981159,1,FALSE,FALSE
energia_comercial,energia,1,19,1.3991443417028004,-21.57059522208728,64.72544829673983,-44.60785473773181,104.64987001050979,1,FALSE,FALSE
energia_comercial,energia,1,20,-1.1029834510312337,-24.77806635962033,59.498166392959696,-49.09042673118691,99.9349119786273,-1,FALSE,FALSE
energia_comercial,energia,1,21,-3.5366995065588798,-26.79884636488438,53.434613398091415,-52.593451868870275,96.72719155071832,-1,FALSE,FALSE
energia_comercial,energia,1,22,-5.894129498194843,-28.79492451424712,48.7378772385359,-55.32313056056805,93.2351634287826,-1,FALSE,FALSE
energia_comercial,energia,1,23,-8.146797609193191,-30.831515505956418,44.733107909077845,-58.61716831227514,89.80629249410879,-1,FALSE,FALSE
energia_comercial,energia,1,24,-10.27376717591754,-33.81137479464721,40.8053866934538,-61.622722225147655,86.21534057753469,-1,FALSE,FALSE
energia_comercial,energia,1,25,-12.27447705099293,-35.4656127289722,37.65310115012876,-63.497212429549315,80.99351751882793,-1,FALSE,FALSE
energia_comercial,energia,1,26,-14.136850607261373,-38.88471585650483,33.888450141958806,-67.02971465953931,76.64185300629568,-1,FALSE,FALSE
energia_comercial,energia,1,27,-15.847584251169144,-40.08223765109054,29.627775607608488,-70.77781954444137,70.82302771416423,-1,FALSE,FALSE
energia_comercial,energia,1,28,-17.405052650967995,-42.50521020854912,25.64799125519734,-74.99141080985818,66.11792402876445,-1,FALSE,FALSE
energia_comercial,energia,1,29,-18.805071811775164,-43.23596407065424,24.272365254386976,-78.21471739061394,60.47149680668,-1,FALSE,FALSE
energia_comercial,energia,1,30,-20.04254512986157,-45.39826525293246,23.867605913859553,-79.96688177283838,54.00684753267041,-1,FALSE,FALSE
energia_comercial,energia,1,31,-21.117646504016793,-44.88005228761565,21.454983284769927,-81.56240341936245,52.68070394904637,-1,FALSE,FALSE
energia_comercial,energia,1,32,-22.030958631018624,-45.201230845472125,19.756987551940014,-82.099431722419,49.27991126373701,-1,FALSE,FALSE
energia_comercial,energia,1,33,-22.783303207252402,-45.478563671731465,17.96924177032546,-82.95827480548496,46.963546022466474,-1,FALSE,FALSE
energia_comercial,energia,1,34,-23.377946616878276,-46.74219860327475,17.294581781796758,-81.18466786523874,42.88104197711249,-1,FALSE,FALSE
energia_comercial,energia,1,35,-23.819141366868507,-48.976734689871776,15.759546719331343,-82.01681573127355,40.72759540109004,-1,FALSE,FALSE
energia_comercial,energia,1,36,-24.11178386876478,-49.45240882227674,13.614589977144663,-82.87505751887666,38.09264312593095,-1,FALSE,FALSE
energia_comercial,energia,1,37,-24.262028016665337,-49.646420180375564,12.171473852798666,-80.78138923189462,37.270716173302404,-1,FALSE,FALSE
energia_comercial,energia,1,38,-24.276863055519975,-49.648560137236686,11.11167406304095,-81.55605320920408,34.54552266303452,-1,FALSE,FALSE
energia_comercial,energia,1,39,-24.16385604161857,-49.35488184920561,10.001190169634688,-81.45793212043021,34.2363623948121,-1,FALSE,FALSE
energia_comercial,energia,1,40,-23.931227971529523,-49.419624488298446,9.721570343960085,-81.46858426316628,32.33977256890373,-1,FALSE,FALSE
energia_comercial,energia,1,41,-23.587699872678915,-49.21574683774831,9.329510225427237,-79.7949545150914,30.12104085036719,-1,FALSE,FALSE
energia_comercial,energia,1,42,-23.14232396231375,-49.01322455764318,8.867659892281269,-76.75937383887421,29.454871770228365,-1,FALSE,FALSE
energia_comercial,energia,1,43,-22.604411768823518,-49.850055248147655,8.294115902280076,-74.75293479712411,29.137488528683694,-1,FALSE,FALSE
energia_comercial,energia,1,44,-21.983440133626143,-48.892197060951176,8.66130955212395,-71.39695131697512,29.410202248653714,-1,FALSE,FALSE
energia_comercial,energia,1,45,-21.28893947668559,-47.402927414342074,9.075069935404478,-70.3824270063755,29.208203133130485,-1,FALSE,FALSE
energia_comercial,energia,1,46,-20.530404564295374,-46.06745776469215,9.73359688106745,-69.01247435089616,28.821808566889587,-1,FALSE,FALSE
energia_comercial,energia,1,47,-19.717219902221203,-44.4645118112717,10.372602611031255,-68.39557489665921,28.810678252412863,-1,FALSE,FALSE
energia_comercial,energia,1,48,-18.85858308924163,-42.03094953488441,10.224910643888684,-65.6034210248223,28.735169334035177,-1,FALSE,FALSE
energia_residencial,energia,1,0,-61.86687315897812,-92.8548081868535,-28.26483184735716,-118.03787785924894,-5.82211836307228,-1,TRUE,TRUE
energia_residencial,energia,1,1,-50.570579277420485,-86.62588294026762,-7.604417141811641,-112.14343846531818,18.805166764409012,-1,TRUE,FALSE
energia_residencial,energia,1,2,-42.908957159590145,-80.26208358942505,6.271317982039567,-109.23453224792124,35.89133287087256,-1,FALSE,FALSE
energia_residencial,energia,1,3,-63.484105114186754,-96.9192771165732,-4.279373685015796,-123.01516663640888,25.13852419256436,-1,TRUE,FALSE
energia_residencial,energia,1,4,-65.62114028527579,-95.4689712904686,-1.7661222771310403,-122.94657302635004,28.8871093930947,-1,TRUE,FALSE
energia_residencial,energia,1,5,-63.61743513303137,-98.15297386510524,4.383454901491797,-123.5061836215919,33.42604506883945,-1,FALSE,FALSE
energia_residencial,energia,1,6,-72.76080704206969,-107.8961585634664,-4.701821235193037,-139.7293055610458,27.557541720199588,-1,TRUE,FALSE
energia_residencial,energia,1,7,-74.40512424505164,-112.6302429966667,-10.181809294168776,-148.57926994711198,26.115833468968766,-1,TRUE,FALSE
energia_residencial,energia,1,8,-73.93142666289656,-117.45304423332065,-13.889630647911822,-156.5992512364417,26.793664247816555,-1,TRUE,FALSE
energia_residencial,energia,1,9,-75.87461989147317,-123.26337923119448,-18.610131060237716,-163.85692982879274,19.660697992902183,-1,TRUE,FALSE
energia_residencial,energia,1,10,-75.5680526608085,-128.9741009307757,-22.13843378102642,-168.92899891896002,14.091858590543236,-1,TRUE,FALSE
energia_residencial,energia,1,11,-74.17783182743659,-133.30457805048124,-23.44203043131809,-173.34072736394765,9.739905382831358,-1,TRUE,FALSE
energia_residencial,energia,1,12,-72.95120481343179,-135.86030459550028,-26.48046226787345,-176.62558274475737,7.140658855594811,-1,TRUE,FALSE
energia_residencial,energia,1,13,-70.8052352473642,-138.29577996081412,-28.136086864307625,-178.7932973856042,3.4905802779812642,-1,TRUE,FALSE
energia_residencial,energia,1,14,-67.89889846403096,-138.33138207685872,-30.77562045100326,-179.01566158116253,1.9365671367813857,-1,TRUE,FALSE
energia_residencial,energia,1,15,-64.5988797584321,-136.81705765709248,-31.54298597971328,-177.11042190928293,-2.2508540792561025,-1,TRUE,TRUE
energia_residencial,energia,1,16,-60.751740320841286,-136.78866830709137,-29.039927032181527,-175.4071018978426,-4.8479104923475616,-1,TRUE,TRUE
energia_residencial,energia,1,17,-56.414981817855995,-132.12080590355967,-27.61190091664319,-174.05471265959204,-4.722165362492742,-1,TRUE,TRUE
energia_residencial,energia,1,18,-51.71296198417078,-129.01025213840808,-25.937150815867966,-170.6412046225209,-2.496667121284032,-1,TRUE,TRUE
energia_residencial,energia,1,19,-46.71221615405215,-123.75652593454106,-24.008506649557695,-167.3658545017747,-0.6890488287667396,-1,TRUE,TRUE
energia_residencial,energia,1,20,-41.47293956966125,-119.6809989922719,-21.365613229374407,-158.33074945577692,0.465232634144691,-1,TRUE,FALSE
energia_residencial,energia,1,21,-36.06044532655351,-117.19483665923958,-17.095127284505278,-152.7645563611268,3.3251994148192012,-1,TRUE,FALSE
energia_residencial,energia,1,22,-30.56070504131614,-111.03169942603677,-13.147973262113858,-147.21015033441518,8.194270080224202,-1,TRUE,FALSE
energia_residencial,energia,1,23,-25.035485697431323,-103.97466009695981,-11.013799301826296,-144.1412966408424,14.049625108398498,-1,TRUE,FALSE
energia_residencial,energia,1,24,-19.534739508800246,-100.51336593080194,-7.278706863511254,-137.1282364615693,17.312853852915893,-1,TRUE,FALSE
energia_residencial,energia,1,25,-14.122446760558619,-93.69897622897028,-2.7029555463576393,-130.5484084529775,21.530500339200483,-1,TRUE,FALSE
energia_residencial,energia,1,26,-8.848727875841526,-88.0071826585458,1.3533481939135736,-125.74986911231744,27.207645107292244,-1,FALSE,FALSE
energia_residencial,energia,1,27,-3.7515084540719914,-82.40996820092437,5.610723159522504,-121.38756722978151,32.40421941563265,-1,FALSE,FALSE
energia_residencial,energia,1,28,1.1285487871558635,-76.27015062290872,8.721116546524389,-118.90707333072125,34.313742389936486,1,FALSE,FALSE
energia_residencial,energia,1,29,5.758238013865971,-71.28880895637232,13.704557960104523,-116.2002647278906,40.59532281106439,1,FALSE,FALSE
energia_residencial,energia,1,30,10.112903245798838,-65.91394985317696,18.93615497935597,-112.04639894241043,44.10573986602709,1,FALSE,FALSE
energia_residencial,energia,1,31,14.170180162330203,-60.59335544946935,24.561403592959245,-106.78479733720934,48.362112338426634,1,FALSE,FALSE
energia_residencial,energia,1,32,17.91261283352071,-57.88601763502474,28.554576926021742,-103.45040493889243,51.25808197729316,1,FALSE,FALSE
energia_residencial,energia,1,33,21.32838273383639,-54.805325362021236,32.128627060341216,-98.40405350087342,56.53808860003961,1,FALSE,FALSE
energia_residencial,energia,1,34,24.409088456593977,-50.61617418512768,35.71517166304612,-95.84780459153254,62.61247377963599,1,FALSE,FALSE
energia_residencial,energia,1,35,27.150034446683808,-46.730424086939216,38.02078316392055,-93.91978389070488,68.48023591219065,1,FALSE,FALSE
energia_residencial,energia,1,36,29.550378466998414,-41.52556521442843,40.79888951452445,-87.5521695384394,74.81883076018623,1,FALSE,FALSE
energia_residencial,energia,1,37,31.61233754655385,-38.63804379950986,43.730406568591434,-83.43419005707939,77.41739747928695,1,FALSE,FALSE
energia_residencial,energia,1,38,33.34095344338749,-35.35843720756593,44.937729359922784,-79.07338780942254,81.73836757905687,1,FALSE,FALSE
energia_residencial,energia,1,39,34.74395305538994,-32.39079024858123,47.30329842050773,-72.86509251832668,83.69845720926352,1,FALSE,FALSE
energia_residencial,energia,1,40,35.83137285369783,-29.743569407653062,47.39703281154572,-69.70035376562446,82.9581798977638,1,FALSE,FALSE
energia_residencial,energia,1,41,36.61526468347774,-27.123246282616147,48.90810608733215,-64.02053441084969,83.2999080826236,1,FALSE,FALSE
energia_residencial,energia,1,42,37.109464336339286,-24.513088577026476,49.20328336836043,-59.11768920442218,81.71600487012822,1,FALSE,FALSE
energia_residencial,energia,1,43,37.32932662838822,-21.75304321616883,49.53045640988495,-56.099935112710654,81.50549262336858,1,FALSE,FALSE
energia_residencial,energia,1,44,37.29145952268694,-19.267617477919774,50.979428600755085,-53.43145451638817,82.22954837019442,1,FALSE,FALSE
energia_residencial,energia,1,45,37.01348652920051,-18.92783703753494,50.67315317148581,-50.65952996088288,80.45502075967498,1,FALSE,FALSE
energia_residencial,energia,1,46,36.51382131236894,-17.134470119749608,50.77669601434204,-47.844690170213944,79.08796905270103,1,FALSE,FALSE
energia_residencial,energia,1,47,35.81144190221311,-16.23743943717435,50.29055303715083,-45.226232303109185,78.41578803159034,1,FALSE,FALSE
energia_residencial,energia,1,48,34.9256806069199,-16.407354728553614,49.08204506237076,-43.48691081054446,77.30527910919365,1,FALSE,FALSE
energia_industrial,energia,1,0,-49.718909127559364,-105.02727815237134,-13.163131189647219,-145.55470218874146,25.1562359011935,-1,TRUE,FALSE
energia_industrial,energia,1,1,8.699404679140239,-85.91105055742567,41.32593927363226,-129.81287592500732,80.89606249634777,1,FALSE,FALSE
energia_industrial,energia,1,2,32.91538366116373,-74.26262656452961,65.55164280757865,-127.09889870681089,113.93830818765967,1,FALSE,FALSE
energia_industrial,energia,1,3,6.729985034239692,-97.44585010845779,40.04920902104847,-143.73250701919477,86.98997637813547,1,FALSE,FALSE
energia_industrial,energia,1,4,8.874726708987938,-76.46527025461873,56.145217609644675,-115.53117476419875,97.35477457711964,1,FALSE,FALSE
energia_industrial,energia,1,5,9.65133060302829,-64.68476676750474,63.96499647718855,-104.51324474371101,108.52084560832662,1,FALSE,FALSE
energia_industrial,energia,1,6,-7.047445234626248,-65.200014171117,61.22613714457684,-109.49372431165662,101.58879873642056,-1,FALSE,FALSE
energia_industrial,energia,1,7,-8.683738827702873,-60.15453704137226,65.73636466055387,-99.16791250904461,104.23482713024625,-1,FALSE,FALSE
energia_industrial,energia,1,8,-12.915171665857068,-64.2730531906451,57.64685170914093,-99.75367672810107,99.20973151537768,-1,FALSE,FALSE
energia_industrial,energia,1,9,-20.76271272718524,-70.24601943842568,51.26860838530137,-104.89429048612237,93.63745268321902,-1,FALSE,FALSE
energia_industrial,energia,1,10,-22.640956618925966,-71.4698496317182,47.034525807456546,-106.6271693769368,89.95227010866518,-1,FALSE,FALSE
energia_industrial,energia,1,11,-25.524942579796324,-75.6882703815355,43.19664163306143,-111.22052016080436,79.87175536928179,-1,FALSE,FALSE
energia_industrial,energia,1,12,-29.06006188644614,-78.82630710303457,36.585987114181066,-114.3642800382862,74.96059477614018,-1,FALSE,FALSE
energia_industrial,energia,1,13,-30.699685303331012,-79.60035686118151,31.484091745300137,-116.18706361939715,68.95434884586233,-1,FALSE,FALSE
energia_industrial,energia,1,14,-32.123160834299746,-82.03287014065695,25.7476783153585,-118.50373115486073,69.15523048269216,-1,FALSE,FALSE
energia_industrial,energia,1,15,-33.50257513744349,-81.81295166129874,19.14143765504066,-120.00070469549738,65.03622704070297,-1,FALSE,FALSE
energia_industrial,energia,1,16,-34.173208180327094,-81.09061823696935,14.810742687600577,-119.8970819571125,60.08232470548951,-1,FALSE,FALSE
energia_industrial,energia,1,17,-34.46997092789758,-82.08558944610944,13.90148153396866,-120.2905548225624,55.93507925756936,-1,FALSE,FALSE
energia_industrial,energia,1,18,-34.50149766126761,-81.97763593853938,10.120270632620388,-120.4141579791398,50.85259594623198,-1,FALSE,FALSE
energia_industrial,energia,1,19,-34.20352810063375,-79.7087349576915,8.669034376745213,-116.67381790457245,45.876366714818154,-1,FALSE,FALSE
energia_industrial,energia,1,20,-33.638531424963986,-78.76577707824133,6.893865161942688,-117.37417742184692,40.35810223465123,-1,FALSE,FALSE
energia_industrial,energia,1,21,-32.83323982519046,-77.48898795421805,5.432004825959461,-112.68244576811689,38.84031696702545,-1,FALSE,FALSE
energia_industrial,energia,1,22,-31.83654507231823,-76.39773449248578,3.3510595447095066,-112.01622839608844,34.724697369608535,-1,FALSE,FALSE
energia_industrial,energia,1,23,-30.671607808251114,-75.19574415494326,1.8400559669807428,-111.11757510998252,32.81797366111007,-1,FALSE,FALSE
energia_industrial,energia,1,24,-29.349568859318197,-72.7550302178771,2.5906259563702245,-108.37833695262731,33.64419854864728,-1,FALSE,FALSE
energia_industrial,energia,1,25,-27.911763403505592,-71.15052583611553,3.759285919391504,-104.82122663159501,31.08897409126414,-1,FALSE,FALSE
energia_industrial,energia,1,26,-26.379115759075045,-69.71677199962105,5.262086595469189,-105.36636699550746,30.350745682455496,-1,FALSE,FALSE
energia_industrial,energia,1,27,-24.76463707154283,-69.28480592675466,6.960951079750721,-102.69369632436273,32.810996831535306,-1,FALSE,FALSE
energia_industrial,energia,1,28,-23.0949504743901,-66.31450135515554,9.097717159334117,-97.3040628876595,34.324659250874994,-1,FALSE,FALSE
energia_industrial,energia,1,29,-21.388456393196748,-65.02210648121437,11.547489316832577,-93.67481945566749,37.34986615589462,-1,FALSE,FALSE
energia_industrial,energia,1,30,-19.659087342046625,-63.4288097720353,13.083108095767571,-92.19141063157464,39.209743330882034,-1,FALSE,FALSE
energia_industrial,energia,1,31,-17.92494889096822,-61.6369022642089,14.162963919129124,-89.79824141466173,40.35561353130545,-1,FALSE,FALSE
energia_industrial,energia,1,32,-16.200801745934665,-60.11430374008047,15.315541916230652,-87.80120262726561,42.18851922648941,-1,FALSE,FALSE
energia_industrial,energia,1,33,-14.498959997918922,-56.92552614982477,15.79584746746995,-86.68262196333909,44.37367892508353,-1,FALSE,FALSE
energia_industrial,energia,1,34,-12.8322117208062,-54.24837337351758,17.084521123212344,-83.7619380669498,46.67653477572112,-1,FALSE,FALSE
energia_industrial,energia,1,35,-11.211560916389411,-50.88279411490049,18.998224432995293,-81.88608187858036,48.696156355300246,-1,FALSE,FALSE
energia_industrial,energia,1,36,-9.646369916162834,-47.22314822761972,21.21234795567067,-80.02952784111568,49.82646760403626,-1,FALSE,FALSE
energia_industrial,energia,1,37,-8.145262093648764,-45.63429245956743,23.2186723612506,-77.86726378336333,51.95162269483605,-1,FALSE,FALSE
energia_industrial,energia,1,38,-6.715566012668496,-43.009330514218156,24.459411849638435,-76.74734022250271,52.477843658571835,-1,FALSE,FALSE
energia_industrial,energia,1,39,-5.363314725203718,-40.67447168470447,26.45287031117911,-75.64092923837464,53.47263499437977,-1,FALSE,FALSE
energia_industrial,energia,1,40,-4.093517663683179,-38.40817251853623,26.822913179867026,-72.54681138425352,54.913544159508234,-1,FALSE,FALSE
energia_industrial,energia,1,41,-2.9100959769301036,-37.285355238926535,27.248593535086233,-68.55392342810791,55.87131633321722,-1,FALSE,FALSE
energia_industrial,energia,1,42,-1.8159024150657654,-34.856782534557595,28.36075394034427,-67.27953424589614,56.369083531614116,-1,FALSE,FALSE
energia_industrial,energia,1,43,-0.8128204496087946,-33.141299602034664,28.965267671959495,-63.004901036327205,55.41329739629286,-1,FALSE,FALSE
energia_industrial,energia,1,44,0.098181305203066,-30.95920059461581,29.109944433757025,-59.60405518625501,55.1130125353221,1,FALSE,FALSE
energia_industrial,energia,1,45,0.9169957285052889,-29.115227969044,29.392526237194943,-56.90470128044572,55.30323360147893,1,FALSE,FALSE
energia_industrial,energia,1,46,1.6443113160997882,-27.44333186507846,29.141999300720506,-52.74686305931573,54.87948615224116,1,FALSE,FALSE
energia_industrial,energia,1,47,2.2815380663080824,-26.331222568275237,29.34091824826147,-51.067841968104716,54.26473573031718,1,FALSE,FALSE
energia_industrial,energia,1,48,2.830739279265154,-24.50067655115357,29.04831479387038,-48.91613931265538,54.74369682223387,1,FALSE,FALSE
energia_outros,energia,1,0,-9.513671534935016,-24.472031973988265,6.930046112400609,-36.44750296260527,17.832788437709983,-1,FALSE,FALSE
energia_outros,energia,1,1,2.9994969974952315,-15.86333602578268,18.693228636394473,-29.8512957891671,30.213602644297918,1,FALSE,FALSE
energia_outros,energia,1,2,9.48105953333279,-12.905473898525088,26.980026375672526,-25.358866383288706,39.31158522926914,1,FALSE,FALSE
energia_outros,energia,1,3,1.1231040358537545,-19.801392475838416,22.11721649593855,-32.180279453641496,35.411759409015175,1,FALSE,FALSE
energia_outros,energia,1,4,0.8751959225222585,-15.827928479618308,26.00355915984227,-28.281270357860112,39.04247895444898,1,FALSE,FALSE
energia_outros,energia,1,5,0.5626565111692946,-15.552890667311027,27.548394219187905,-26.07443377692127,42.480756436472134,1,FALSE,FALSE
energia_outros,energia,1,6,-4.138725239463506,-16.82852273794382,26.9257858447,-27.99428988456022,44.6203749959656,-1,FALSE,FALSE
energia_outros,energia,1,7,-5.248826543691036,-17.448111772970538,25.98910551717929,-29.49382607631816,45.68700638125946,-1,FALSE,FALSE
energia_outros,energia,1,8,-6.745765187878,-16.767815525511185,24.569432088750514,-31.039844947151614,46.79517287314305,-1,FALSE,FALSE
energia_outros,energia,1,9,-9.082035183094431,-18.41126009533961,23.508999657351342,-33.60507728057176,45.802964416914946,-1,FALSE,FALSE
energia_outros,energia,1,10,-10.052214139602993,-18.545767595797578,22.522334492023642,-34.148136468778546,44.24986732012186,-1,FALSE,FALSE
energia_outros,energia,1,11,-11.122534366658899,-20.92506378530031,20.850152047971026,-34.84280557422113,41.67664188289474,-1,FALSE,FALSE
energia_outros,energia,1,12,-12.234117633338462,-21.44069551899096,19.27645336497272,-36.61293875156553,40.04406293649334,-1,FALSE,FALSE
energia_outros,energia,1,13,-12.847677728584454,-22.489780699041987,17.270023966367404,-36.488492632252516,38.91671176441311,-1,FALSE,FALSE
energia_outros,energia,1,14,-13.32907564377067,-23.634222919396453,16.35978340385087,-37.165820547876315,37.816838532214256,-1,FALSE,FALSE
energia_outros,energia,1,15,-13.699956679770454,-24.761340905945122,15.568780952670089,-38.28372779297712,37.32601909961584,-1,FALSE,FALSE
energia_outros,energia,1,16,-13.837671087059928,-26.405724200548295,13.961663673671492,-38.398776607018476,35.809481596183055,-1,FALSE,FALSE
energia_outros,energia,1,17,-13.827489490270336,-26.009994353726388,12.394117606563679,-39.03002050199408,34.51343575096529,-1,FALSE,FALSE
energia_outros,energia,1,18,-13.687700971609582,-27.019447152788242,11.043960021034387,-39.35143559261524,32.437916275626634,-1,FALSE,FALSE
energia_outros,energia,1,19,-13.417803356673035,-27.34673247542207,9.234297196129534,-39.41323566948649,30.608488992883526,-1,FALSE,FALSE
energia_outros,energia,1,20,-13.042225426521998,-26.982924182284425,8.392699586470831,-39.51256943439757,28.27656702627515,-1,FALSE,FALSE
energia_outros,energia,1,21,-12.569689424156536,-26.963931879844644,7.919970211926735,-39.488891053704556,25.928491231424257,-1,FALSE,FALSE
energia_outros,energia,1,22,-12.019516344512734,-27.749621612944427,7.103494702786852,-38.95872396363259,24.20373077244267,-1,FALSE,FALSE
energia_outros,energia,1,23,-11.40475761021178,-26.732527864391944,6.416037637223333,-38.27987267204801,21.94601090826596,-1,FALSE,FALSE
energia_outros,energia,1,24,-10.732677391638143,-26.49605104770214,5.988014441071214,-37.92833974385994,20.62787181945783,-1,FALSE,FALSE
energia_outros,energia,1,25,-10.0184456493236,-25.873239362720202,5.234810873422066,-37.70901150432889,20.269762985328214,-1,FALSE,FALSE
energia_outros,energia,1,26,-9.272430520974316,-25.478047842318034,5.1121302826918855,-37.49175434940864,19.774195555756922,-1,FALSE,FALSE
energia_outros,energia,1,27,-8.50197644558278,-24.556717108118892,5.37730939227067,-37.52998482999646,18.62463341406731,-1,FALSE,FALSE
energia_outros,energia,1,28,-7.717443130972327,-23.89552015893407,5.387774329690808,-36.59258513611708,17.77678497787959,-1,FALSE,FALSE
energia_outros,energia,1,29,-6.927085797048202,-23.420753146087577,5.744869015974862,-36.19257071180303,17.036883595535304,-1,FALSE,FALSE
energia_outros,energia,1,30,-6.1375563511718,-23.18003901611191,6.183936240714894,-35.89644411006668,17.449535085126605,-1,FALSE,FALSE
energia_outros,energia,1,31,-5.356129071194527,-22.51949052498122,6.003646359270833,-35.13187218766652,17.531737997731128,-1,FALSE,FALSE
energia_outros,energia,1,32,-4.589035617135045,-21.602668747675466,6.747858471140298,-34.00501748748128,17.099894995613493,-1,FALSE,FALSE
energia_outros,energia,1,33,-3.8415726572183173,-20.899358335143866,6.675412386284307,-32.250026438856985,17.407115490436624,-1,FALSE,FALSE
energia_outros,energia,1,34,-3.1188021513522513,-20.198292979987833,6.561926080405413,-31.810413124004715,17.47354113202549,-1,FALSE,FALSE
energia_outros,energia,1,35,-2.4250845656585036,-19.38686261664433,7.0709025429020125,-31.541408935381213,17.375013609468738,-1,FALSE,FALSE
energia_outros,energia,1,36,-1.7641011779313176,-18.51024992047064,7.929308150663136,-30.420031515278794,17.599596461310945,-1,FALSE,FALSE
energia_outros,energia,1,37,-1.1390589806998188,-17.937088884766936,8.138104740170972,-29.557805295810667,17.86806388559704,-1,FALSE,FALSE
energia_outros,energia,1,38,-0.5525914142464611,-17.457885038547165,8.668081256515137,-28.914535972520333,17.587639535617356,-1,FALSE,FALSE
energia_outros,energia,1,39,-0.006772772785381728,-16.865943779109863,8.826389831235572,-28.50951064800879,18.09101467802138,-1,FALSE,FALSE
energia_outros,energia,1,40,0.49681460024894825,-15.632617091678673,9.088925775546711,-27.96244017254637,18.77107235221733,1,FALSE,FALSE
energia_outros,energia,1,41,0.9570761028819171,-14.617594739834516,8.922606880664237,-27.25127002130801,18.62832851568327,1,FALSE,FALSE
energia_outros,energia,1,42,1.3733808813698567,-13.860677224461009,9.03640481441622,-25.83914042353393,18.660070649622842,1,FALSE,FALSE
energia_outros,energia,1,43,1.7455258346827214,-13.115117678757539,9.38670227344774,-24.65435549613125,18.617507105173114,1,FALSE,FALSE
energia_outros,energia,1,44,2.07370545202606,-12.566054828185662,9.352706660914047,-24.03288536223653,18.555911995289136,1,FALSE,FALSE
energia_outros,energia,1,45,2.3584800585969976,-12.128490014265426,9.54594131469391,-23.20807429130831,18.642660778085993,1,FALSE,FALSE
energia_outros,energia,1,46,2.6007436908139954,-12.064579405741261,9.70162121707437,-22.338555271373206,19.451090930134434,1,FALSE,FALSE
energia_outros,energia,1,47,2.8016893714772513,-11.334484787733416,9.965728469211442,-21.48634587733447,19.26079973754173,1,FALSE,FALSE
energia_outros,energia,1,48,2.962775039266601,-10.73092802941722,10.13485619314884,-20.690363786708687,19.665892922805707,1,FALSE,FALSE
pib,atividade,4,0,0.13644577769842403,-0.047664416273341725,0.31329579617808,-0.1445830477164145,0.4647976864578906,1,FALSE,FALSE
pib,atividade,4,1,0.2271304638127969,-0.04152914073381859,0.394894996036432,-0.17241527527961042,0.598858395919819,1,FALSE,FALSE
pib,atividade,4,2,0.3045213927945989,-0.05648803528702791,0.4646185969650409,-0.2286846144153876,0.6732789079716266,1,FALSE,FALSE
pib,atividade,4,3,0.33317309359801595,-0.07449841067540011,0.5146967369868256,-0.2739385913160986,0.7204549373957668,1,FALSE,FALSE
pib,atividade,4,4,0.3611272731906867,-0.04781189534255732,0.5672086447517988,-0.2685320446027756,0.8257906490936906,1,FALSE,FALSE
pib,atividade,4,5,0.38526160976462,-0.04520684928123856,0.6414220775172313,-0.26609365800699286,0.9078675532310243,1,FALSE,FALSE
pib,atividade,4,6,0.40866139803665824,-0.0048401491456458185,0.7239303642783634,-0.22717909741226228,1.0138092988711076,1,FALSE,FALSE
pib,atividade,4,7,0.43039812389147336,0.026003229207352797,0.7869617881376457,-0.2020929349800494,1.0933914739816017,1,TRUE,FALSE
pib,atividade,4,8,0.44014380513044404,0.04945842636481317,0.8268687582230485,-0.19685364594861532,1.1345293740050886,1,TRUE,FALSE
pib,atividade,4,9,0.44867336391989365,0.06724019719807293,0.851735538832183,-0.18732039926027566,1.1769345025366282,1,TRUE,FALSE
pib,atividade,4,10,0.4573713327976181,0.08198568722563769,0.890964620029819,-0.16120901254291892,1.2262100072859803,1,TRUE,FALSE
pib,atividade,4,11,0.4566799117276865,0.08623310897215661,0.8952553568918847,-0.15142860456698445,1.2530881677605719,1,TRUE,FALSE
pib,atividade,4,12,0.4520805400283656,0.08898842913799226,0.8901894266087738,-0.14002924507018238,1.2320845432562153,1,TRUE,FALSE
pib,atividade,4,13,0.44436615123544243,0.09162467326666845,0.8941217037634843,-0.13388021270910377,1.214624368242888,1,TRUE,FALSE
pib,atividade,4,14,0.4306783818792459,0.08793493537705814,0.902482555771764,-0.11691632050675807,1.1963126882410142,1,TRUE,FALSE
pib,atividade,4,15,0.41249707026282945,0.07674378923712762,0.8816787436029171,-0.11988370268322504,1.16085148410887,1,TRUE,FALSE
pib,atividade,4,16,0.3907834558598777,0.07992435039469824,0.8442669167174295,-0.12657978399387648,1.1525640020034364,1,TRUE,FALSE
pib,atividade,4,17,0.3653291509261303,0.062338157806925296,0.8078044757147311,-0.14068209006942667,1.126943088645191,1,TRUE,FALSE
pib,atividade,4,18,0.3368131447816225,0.04648841368706686,0.755663768544743,-0.1391861781555115,1.0801946684653696,1,TRUE,FALSE
pib,atividade,4,19,0.305914219532033,0.030646885119928385,0.7180616641139308,-0.15237037767071088,1.0625886916781102,1,TRUE,FALSE
pib,atividade,4,20,0.2730390226029389,0.001008854859985127,0.6694600299874758,-0.1791945360522196,1.017612752747986,1,TRUE,FALSE
pib,atividade,4,21,0.23874151137286415,-0.020506771567919923,0.6354915000764595,-0.20130773082179146,0.9682294030653438,1,FALSE,FALSE
pib,atividade,4,22,0.20352526232085832,-0.046646210603253496,0.5993395035656555,-0.22293845179555077,0.9217577669033838,1,FALSE,FALSE
pib,atividade,4,23,0.16783745155009022,-0.06346156192520404,0.5608855726681008,-0.26006449334747667,0.8789727765987229,1,FALSE,FALSE
pib,atividade,4,24,0.13211609617262976,-0.08908111060516746,0.5209951184829223,-0.27954830324950497,0.799841906446495,1,FALSE,FALSE
pib,atividade,4,25,0.09674364516969458,-0.1095816094273979,0.4751398715315409,-0.31643935059783856,0.7708028551220902,1,FALSE,FALSE
pib,atividade,4,26,0.06206555353791554,-0.12763637502295444,0.4385136839900545,-0.36549196448740834,0.7219623712656608,1,FALSE,FALSE
pib,atividade,4,27,0.028388994823003166,-0.15672724867219856,0.4056832544739761,-0.3727353786954019,0.6518052787003451,1,FALSE,FALSE
pib,atividade,4,28,-0.004022400399839032,-0.18758894630985884,0.36325881991307163,-0.4110013951483926,0.6132879845253311,-1,FALSE,FALSE
pib,atividade,4,29,-0.03493908651427402,-0.21524312272642912,0.3392732025079442,-0.42835952133536154,0.5846321813091818,-1,FALSE,FALSE
pib,atividade,4,30,-0.06416910413797883,-0.24148752078089109,0.3012089304307982,-0.4557128149276036,0.551210433494038,-1,FALSE,FALSE
pib,atividade,4,31,-0.09155521218855434,-0.2689495165237457,0.2725562182917499,-0.49935156498091604,0.5211079912720628,-1,FALSE,FALSE
pib,atividade,4,32,-0.11696935533862529,-0.28374635120750513,0.2416586496987626,-0.5343404566161614,0.48655811793056303,-1,FALSE,FALSE
pib,atividade,4,33,-0.140314317680712,-0.30375851345162985,0.2163869397145463,-0.5660440643430037,0.4560171322438065,-1,FALSE,FALSE
pib,atividade,4,34,-0.1615208497217635,-0.32755271143939135,0.18644556554456235,-0.5909336506477043,0.42506994345252286,-1,FALSE,FALSE
pib,atividade,4,35,-0.1805439115320051,-0.34554549905543386,0.1637824998335955,-0.600351309698003,0.3830974471981822,-1,FALSE,FALSE
pib,atividade,4,36,-0.1973624134854246,-0.36048141502035996,0.14437406879057343,-0.6260736373234589,0.36152134217889087,-1,FALSE,FALSE
pib,atividade,4,37,-0.2119771519770386,-0.3663448633437172,0.1305154761736099,-0.6212940379881071,0.3473258269718571,-1,FALSE,FALSE
pib,atividade,4,38,-0.22440819165262527,-0.3862848285917352,0.11352015190278324,-0.633798292498356,0.31794857769972124,-1,FALSE,FALSE
pib,atividade,4,39,-0.23469358269563312,-0.3897865778456762,0.10233428106502013,-0.634661896601227,0.2968918701896438,-1,FALSE,FALSE
pib,atividade,4,40,-0.24288762132832487,-0.40110163540112254,0.08733113285534284,-0.6457651860058716,0.27931838508486795,-1,FALSE,FALSE
pib,atividade,4,41,-0.24905884476928986,-0.4071899660930166,0.08458074639376362,-0.6421915965220165,0.25106194122193265,-1,FALSE,FALSE
pib,atividade,4,42,-0.25328843466895234,-0.4123321201715413,0.07855828480519025,-0.635258525967189,0.24158200929139637,-1,FALSE,FALSE
pib,atividade,4,43,-0.25566857712671087,-0.41022144157510093,0.07380474120639494,-0.6492073987196885,0.23021016577220657,-1,FALSE,FALSE
pib,atividade,4,44,-0.25630076313803984,-0.4091596986365179,0.06696040777534677,-0.6505980018424112,0.21456443975250586,-1,FALSE,FALSE
pib,atividade,4,45,-0.25529421836903987,-0.40369472572692694,0.06800065518046691,-0.6497922911610826,0.20404785843125658,-1,FALSE,FALSE
pib,atividade,4,46,-0.25276438554550085,-0.3959339145037726,0.06984686686396913,-0.6622940588476278,0.19323507194337042,-1,FALSE,FALSE
pib,atividade,4,47,-0.24883144635805543,-0.386836064076019,0.07734123819184462,-0.6605525604456208,0.18814988077563524,-1,FALSE,FALSE
pib,atividade,4,48,-0.24361892390108997,-0.3882178462570779,0.06979526481148489,-0.6358066862392998,0.19320412948115023,-1,FALSE,FALSE
ibc_br,atividade,1,0,-0.4431850940094321,-0.718306301739394,-0.2161681838850827,-0.9997553300221965,-0.0651334897219868,-1,TRUE,TRUE
ibc_br,atividade,1,1,-0.07231091292210085,-0.573085748452594,0.11807102096693514,-0.8753173426041929,0.37471997975166904,-1,FALSE,FALSE
ibc_br,atividade,1,2,0.18693838640173735,-0.3793716842675259,0.35323297696669625,-0.6686752735574993,0.5822500263832923,1,FALSE,FALSE
ibc_br,atividade,1,3,0.05441075794187923,-0.4650777508840561,0.2699092018091992,-0.7449171706299529,0.515943960105487,1,FALSE,FALSE
ibc_br,atividade,1,4,0.10839321710465044,-0.298327096265336,0.396226286015001,-0.5885762650966091,0.6068176509673467,1,FALSE,FALSE
ibc_br,atividade,1,5,0.19841781849162854,-0.1646761787799847,0.5164094204191447,-0.44794644460031935,0.7062452098744122,1,FALSE,FALSE
ibc_br,atividade,1,6,0.1227536825501328,-0.17723614332594054,0.5232606079690063,-0.45520647532194397,0.7533530774993856,1,FALSE,FALSE
ibc_br,atividade,1,7,0.12788899930776113,-0.12504613617510543,0.5376140026564076,-0.37922465326957694,0.738320499489602,1,FALSE,FALSE
ibc_br,atividade,1,8,0.1370919075615928,-0.12410523665251719,0.5448704512443582,-0.3679607891203645,0.7538896060191472,1,FALSE,FALSE
ibc_br,atividade,1,9,0.09932332715625554,-0.13058038385934967,0.5167336870953227,-0.34902534788659795,0.7247336084457547,1,FALSE,FALSE
ibc_br,atividade,1,10,0.08389920814304164,-0.1174657122954845,0.4866167253678321,-0.33353772572752394,0.6873634169402355,1,FALSE,FALSE
ibc_br,atividade,1,11,0.06706737510680222,-0.13140560789331351,0.4540232177900817,-0.3618181134426309,0.6725916773962988,1,FALSE,FALSE
ibc_br,atividade,1,12,0.035914941862671856,-0.162907903578815,0.42109179256703155,-0.36082170765102317,0.6675912983996046,1,FALSE,FALSE
ibc_br,atividade,1,13,0.009258283127545666,-0.18455114268780232,0.40361887393396867,-0.3656043761527426,0.6352113317759163,1,FALSE,FALSE
ibc_br,atividade,1,14,-0.0161755193812259,-0.20469407434703232,0.39183842391495094,-0.3963409069067765,0.622332262876258,-1,FALSE,FALSE
ibc_br,atividade,1,15,-0.04467794803427795,-0.23687723720881382,0.37254373913065336,-0.4190110417906828,0.601573394711403,-1,FALSE,FALSE
ibc_br,atividade,1,16,-0.07146574748620751,-0.2545115346736072,0.3548653908245485,-0.4347375777298793,0.5866758885840122,-1,FALSE,FALSE
ibc_br,atividade,1,17,-0.0963002400699455,-0.27158300384394624,0.3236139476858455,-0.46442455052374465,0.5650909196238257,-1,FALSE,FALSE
ibc_br,atividade,1,18,-0.1201561017363296,-0.2845742640989716,0.2937758548406384,-0.46954672216745397,0.5494488086455211,-1,FALSE,FALSE
ibc_br,atividade,1,19,-0.14240619421410697,-0.30485411873564533,0.27134846441735005,-0.47412162976841993,0.5336004363499725,-1,FALSE,FALSE
ibc_br,atividade,1,20,-0.1626917097384862,-0.31438446820022864,0.24561970814458597,-0.48316566719355364,0.5063524782114551,-1,FALSE,FALSE
ibc_br,atividade,1,21,-0.18100590748442905,-0.3295198263527599,0.2201314064922064,-0.495582693509898,0.48422755757322516,-1,FALSE,FALSE
ibc_br,atividade,1,22,-0.19750680389910066,-0.33308984673016007,0.1998592622521974,-0.5220114485880991,0.4472727672218646,-1,FALSE,FALSE
ibc_br,atividade,1,23,-0.21210019201758964,-0.34438798963284556,0.1794866096047538,-0.5196963797714145,0.4247253342529228,-1,FALSE,FALSE
ibc_br,atividade,1,24,-0.22469310283036276,-0.3486755042631712,0.16107589604146522,-0.5204816774036221,0.39521861141097475,-1,FALSE,FALSE
ibc_br,atividade,1,25,-0.23544448201874324,-0.3563287522603747,0.14239682687445693,-0.5261824052093187,0.3941590897143387,-1,FALSE,FALSE
ibc_br,atividade,1,26,-0.2443962763333763,-0.35911846938872455,0.1327473364324591,-0.5339894097501519,0.37497456224586967,-1,FALSE,FALSE
ibc_br,atividade,1,27,-0.25153258815984114,-0.3600009526570664,0.12810125632808336,-0.5318154822866565,0.35834855318481185,-1,FALSE,FALSE
ibc_br,atividade,1,28,-0.25695865827090125,-0.36000336001526984,0.12194545867598619,-0.5168251208368203,0.33628608281022326,-1,FALSE,FALSE
ibc_br,atividade,1,29,-0.2607531333128715,-0.35613267745725785,0.11239954522990858,-0.5206948365719778,0.3215876552944783,-1,FALSE,FALSE
ibc_br,atividade,1,30,-0.26296181701935134,-0.3484221171874876,0.10043130222999565,-0.5149675019095078,0.31444359048497184,-1,FALSE,FALSE
ibc_br,atividade,1,31,-0.2636753072182045,-0.33515235263576665,0.1041732841376834,-0.5114832853066879,0.2816505775065741,-1,FALSE,FALSE
ibc_br,atividade,1,32,-0.26298409488008156,-0.33245647966689806,0.09416008403136426,-0.5005476995450772,0.26628288732733,-1,FALSE,FALSE
ibc_br,atividade,1,33,-0.26096798182658715,-0.32784705204856673,0.09818408101457227,-0.4985410159719944,0.2661684520212383,-1,FALSE,FALSE
ibc_br,atividade,1,34,-0.2577218116643568,-0.31903433868248476,0.08949976907117276,-0.5010923635990047,0.257811530445191,-1,FALSE,FALSE
ibc_br,atividade,1,35,-0.25334406850034696,-0.3102337425634085,0.08353432043314077,-0.49637916115728764,0.2530826605032451,-1,FALSE,FALSE
ibc_br,atividade,1,36,-0.24793093368594055,-0.303075450972001,0.08967440657304163,-0.46894587423876377,0.25547377984358854,-1,FALSE,FALSE
ibc_br,atividade,1,37,-0.24158290386123238,-0.29005989984131986,0.08761477445261233,-0.4614065272203717,0.24258337229586382,-1,FALSE,FALSE
ibc_br,atividade,1,38,-0.2344021363262532,-0.28669394141181,0.09413977186513293,-0.45273745375355046,0.24265491603252476,-1,FALSE,FALSE
ibc_br,atividade,1,39,-0.2264895998755705,-0.27924719712036766,0.08905448798905834,-0.44387348959185274,0.24856916793323197,-1,FALSE,FALSE
ibc_br,atividade,1,40,-0.21794591885731604,-0.2684591897797624,0.10079515497372524,-0.43949893901314796,0.2519629074476836,-1,FALSE,FALSE
ibc_br,atividade,1,41,-0.20887056669921802,-0.2561106583963434,0.10525633816706331,-0.42676090421115526,0.247024252911825,-1,FALSE,FALSE
ibc_br,atividade,1,42,-0.19936050640922848,-0.243444587712355,0.10556211729678092,-0.42177884501088075,0.24706543974460124,-1,FALSE,FALSE
ibc_br,atividade,1,43,-0.18950971173502848,-0.2394948715092494,0.10495533765856173,-0.41090031976236696,0.24771839113320565,-1,FALSE,FALSE
ibc_br,atividade,1,44,-0.17940870708479653,-0.22540301331836904,0.10231379644907954,-0.401978196022631,0.25099744899424453,-1,FALSE,FALSE
ibc_br,atividade,1,45,-0.16914389978071306,-0.21280831346334247,0.11365705512405257,-0.38436153681239105,0.25632952861892705,-1,FALSE,FALSE
ibc_br,atividade,1,46,-0.15879706223746942,-0.2013914309434643,0.11849475233628898,-0.36285461365894367,0.2575493960173874,-1,FALSE,FALSE
ibc_br,atividade,1,47,-0.14844502205759175,-0.1976145774660852,0.12353907038730894,-0.35671402437467287,0.25373502598116043,-1,FALSE,FALSE
ibc_br,atividade,1,48,-0.13815935133733853,-0.1898141057909284,0.12863954948137024,-0.3522595899011511,0.25326602615724636,-1,FALSE,FALSE
icc,atividade,1,0,-0.7021426073736758,-1.4507454546087126,-0.39501046704585496,-1.8034722280855318,-0.0633498862745307,-1,TRUE,TRUE
icc,atividade,1,1,-0.6870036433737914,-1.884751663145647,-0.506917604566603,-2.3664567071843314,-0.0833055841262201,-1,TRUE,TRUE
icc,atividade,1,2,-0.9088635809266397,-2.3054624324589814,-0.7472202568857212,-2.8281754123529486,-0.32658381898146527,-1,TRUE,TRUE
icc,atividade,1,3,-0.7928802466178065,-2.3340070326530724,-0.6928056522116876,-2.905381421863928,-0.2307168099564523,-1,TRUE,TRUE
icc,atividade,1,4,-0.7715038549367027,-2.360860619250166,-0.6595365062902532,-2.951065221243473,-0.1570148016594605,-1,TRUE,TRUE
icc,atividade,1,5,-0.7670351718768796,-2.3807689148849382,-0.6210060180641632,-3.0688117951870133,-0.16483331787510486,-1,TRUE,TRUE
icc,atividade,1,6,-0.7025930668142623,-2.3298009906837494,-0.4984304400984972,-3.0247242693633876,-0.03172946015493019,-1,TRUE,TRUE
icc,atividade,1,7,-0.606782819867317,-2.2568529477171033,-0.4110547253340867,-2.9988510633503465,0.10379748810111925,-1,TRUE,FALSE
icc,atividade,1,8,-0.5282882099154349,-2.2680647330710975,-0.3384631209378531,-2.998849289718581,0.1855339678411412,-1,TRUE,FALSE
icc,atividade,1,9,-0.429876554694892,-2.208299179491151,-0.2489762826575581,-2.9271793102137047,0.2989252167123958,-1,TRUE,FALSE
icc,atividade,1,10,-0.3085546363562817,-2.1331355269311847,-0.15295079990957827,-2.9248451372946476,0.43283654481462985,-1,TRUE,FALSE
icc,atividade,1,11,-0.1987257243763741,-2.023900485557713,-0.06084716628049935,-2.923520726511369,0.5926660740176347,-1,TRUE,FALSE
icc,atividade,1,12,-0.0916789639536308,-1.9025125150057685,0.06385362033479051,-2.8906405547514136,0.6781097266187756,-1,FALSE,FALSE
icc,atividade,1,13,0.016704077174576292,-1.7708894127388108,0.1858857870135678,-2.806687095544701,0.8173322337777394,1,FALSE,FALSE
icc,atividade,1,14,0.1174385561667265,-1.6527982254880418,0.3488749056792366,-2.688680769333164,0.9604961742301009,1,FALSE,FALSE
icc,atividade,1,15,0.20967750477192798,-1.529358951985275,0.47454330412161716,-2.598992846544072,1.051726117037582,1,FALSE,FALSE
icc,atividade,1,16,0.29584339889866695,-1.3944487349297794,0.5622170696449534,-2.4980240329424017,1.1575264694207652,1,FALSE,FALSE
icc,atividade,1,17,0.3744628260535402,-1.2904729584102297,0.6684854862045224,-2.372166149252525,1.279275572591325,1,FALSE,FALSE
icc,atividade,1,18,0.44456343876272353,-1.1647543597198746,0.767310126792121,-2.2677193843652304,1.3865728580069026,1,FALSE,FALSE
icc,atividade,1,19,0.5070004274822066,-1.0522690623989646,0.8602701686400354,-2.13238618256364,1.5487719045067707,1,FALSE,FALSE
icc,atividade,1,20,0.5619017592785955,-0.9241085445680062,0.9626810502858231,-1.966196943682071,1.5941604774382818,1,FALSE,FALSE
icc,atividade,1,21,0.609149597920422,-0.8019377580051585,1.059636790958857,-1.8077012290424153,1.7340687823704193,1,FALSE,FALSE
icc,atividade,1,22,0.6491127903975676,-0.7074730444445616,1.1357542820430595,-1.704410129058575,1.8947577295295268,1,FALSE,FALSE
icc,atividade,1,23,0.6821516701755358,-0.6275333402394572,1.2235993595298984,-1.6038467759376946,1.9196433679618468,1,FALSE,FALSE
icc,atividade,1,24,0.7084608725267956,-0.5345099824595095,1.2839461583599605,-1.4968168868928422,2.002468960846532,1,FALSE,FALSE
icc,atividade,1,25,0.7283429328990637,-0.45987770139785267,1.3627127874113036,-1.3843598786952558,2.063052855786838,1,FALSE,FALSE
icc,atividade,1,26,0.7421578641269436,-0.3875230678644836,1.4111539995992453,-1.2993264933812572,2.162930978504965,1,FALSE,FALSE
icc,atividade,1,27,0.750206252051338,-0.3361947047207107,1.4506449351607584,-1.2343330494848308,2.181904665812608,1,FALSE,FALSE
icc,atividade,1,28,0.7528165778910225,-0.2756774862094258,1.4856054800551008,-1.1884581850946534,2.1709920732900607,1,FALSE,FALSE
icc,atividade,1,29,0.7503573924422611,-0.21684779441884122,1.5118612909759388,-1.1323620930382778,2.2406489755806027,1,FALSE,FALSE
icc,atividade,1,30,0.7431853248614703,-0.17601421796420813,1.5227359377294025,-1.0993270822849706,2.3156926943793654,1,FALSE,FALSE
icc,atividade,1,31,0.7316648832611309,-0.1609735188665728,1.5134488331321823,-0.9944127315660366,2.3352092158260924,1,FALSE,FALSE
icc,atividade,1,32,0.7161814368370268,-0.12633893227772625,1.5068862662724802,-0.9273001043768666,2.3313161643618963,1,FALSE,FALSE
icc,atividade,1,33,0.6971201252342003,-0.12022551186766647,1.5141837918329986,-0.8626094793336119,2.3769313623921886,1,FALSE,FALSE
icc,atividade,1,34,0.6748653921357917,-0.13021399985101337,1.4875914197760827,-0.8113850852629,2.3739157928026073,1,FALSE,FALSE
icc,atividade,1,35,0.6498061586739856,-0.11215665506294936,1.462463111540993,-0.7977415994923527,2.316753500774063,1,FALSE,FALSE
icc,atividade,1,36,0.6223275513179722,-0.15604147010032923,1.4445637272267253,-0.8406529259398553,2.2460025890318476,1,FALSE,FALSE
icc,atividade,1,37,0.5928066173437708,-0.16123776906780204,1.399959115290795,-0.8754019683616918,2.249908672462135,1,FALSE,FALSE
icc,atividade,1,38,0.5616125162501083,-0.17827106517575628,1.3993734007590943,-0.9030652098335841,2.184725596372116,1,FALSE,FALSE
icc,atividade,1,39,0.5291030227742016,-0.21356600611309567,1.3773952028682037,-0.9119633805031032,2.09834652123682,1,FALSE,FALSE
icc,atividade,1,40,0.49562113615425574,-0.22226261164886363,1.3220252298244355,-0.9366813740741282,2.0345907703859787,1,FALSE,FALSE
icc,atividade,1,41,0.4614938023782594,-0.2497869820346016,1.3117984989121283,-0.9394383170103644,2.018652327159797,1,FALSE,FALSE
icc,atividade,1,42,0.42703021667664304,-0.2874116087665265,1.2569899457771114,-0.9806818081465652,1.989516911329761,1,FALSE,FALSE
icc,atividade,1,43,0.3925199540195074,-0.32251673502637773,1.2055623509971634,-1.0266588592086672,1.9738622581924403,1,FALSE,FALSE
icc,atividade,1,44,0.358231938618867,-0.3664029215754619,1.1378183926027843,-1.0321912695528033,1.9101328781235958,1,FALSE,FALSE
icc,atividade,1,45,0.324413704413564,-0.3957413173918377,1.1059289554819884,-1.0725955555888391,1.8458953672287368,1,FALSE,FALSE
icc,atividade,1,46,0.2912907014176585,-0.42588031552592304,1.0792146319261704,-1.121739269192446,1.815766848933682,1,FALSE,FALSE
icc,atividade,1,47,0.25906596145281857,-0.4709405442838971,1.022387393787866,-1.1726902927180527,1.8075898679543239,1,FALSE,FALSE
icc,atividade,1,48,0.2279200670807407,-0.49691206361376,0.9783272062438114,-1.2095985929294757,1.7331076345903769,1,FALSE,FALSE
ics,atividade,1,0,-1.938367664801669,-2.7803890314616426,-1.2644779927098002,-3.5198769295766903,-0.756221059994138,-1,TRUE,TRUE
ics,atividade,1,1,-1.2013676476181179,-2.795201312000841,-0.601450533525724,-3.7431481420154404,0.12804109963308388,-1,TRUE,FALSE
ics,atividade,1,2,-0.821456100019217,-2.6673908441422998,-0.2807421296088756,-3.508038443062213,0.35668074270882055,-1,TRUE,FALSE
ics,atividade,1,3,-1.0242163093284327,-2.863501776134906,-0.38169186286794543,-3.809820013317117,0.2879688131269691,-1,TRUE,FALSE
ics,atividade,1,4,-0.8809505043486893,-2.3978789021570144,-0.04516940666514572,-3.2697389153616534,0.6221100895328597,-1,TRUE,FALSE
ics,atividade,1,5,-0.627614651286056,-2.0360957962485595,0.3366592898591762,-2.952991917897945,1.0548609485558966,-1,FALSE,FALSE
ics,atividade,1,6,-0.6962278165065083,-1.9797200751859187,0.4595475503614688,-2.78668628099377,1.2169331602185804,-1,FALSE,FALSE
ics,atividade,1,7,-0.5609714206187103,-1.7137211754117805,0.6172616277815961,-2.502229874897978,1.295923301091538,-1,FALSE,FALSE
ics,atividade,1,8,-0.41284771870383064,-1.5855489728916545,0.7120914674615372,-2.317079411326758,1.3541980534192,-1,FALSE,FALSE
ics,atividade,1,9,-0.3538161509409987,-1.4750687317327649,0.7641575769550109,-2.123415771152121,1.4133766957356,-1,FALSE,FALSE
ics,atividade,1,10,-0.23091247433930945,-1.3580988033883075,0.829395977121295,-1.939802020182975,1.4881888413023465,-1,FALSE,FALSE
ics,atividade,1,11,-0.11826602763102458,-1.2777922570090707,0.9203224662339188,-1.8405349857029405,1.5525222030330597,-1,FALSE,FALSE
ics,atividade,1,12,-0.04339000139052335,-1.165085124924647,0.928299819375663,-1.7740286633855804,1.6064139436159408,-1,FALSE,FALSE
ics,atividade,1,13,0.03763192391605856,-1.053006174324414,1.0143075588928296,-1.6607588119196117,1.6958240321996156,1,FALSE,FALSE
ics,atividade,1,14,0.11216314448424113,-0.9516044610577907,1.074354642616161,-1.5367968203039941,1.7502109808449429,1,FALSE,FALSE
ics,atividade,1,15,0.16881220065317254,-0.8632733248801254,1.1517629219540855,-1.4087524178965993,1.8281901435536676,1,FALSE,FALSE
ics,atividade,1,16,0.2197943938747781,-0.7927771967110216,1.1935446456333183,-1.3334975470348147,1.9051222963880734,1,FALSE,FALSE
ics,atividade,1,17,0.26509239543382906,-0.7321744965687181,1.2061978986672806,-1.2208520215118301,1.8875375200865685,1,FALSE,FALSE
ics,atividade,1,18,0.30169906374055205,-0.6395009529078051,1.2200462989020384,-1.1519071586219003,1.8590981516016571,1,FALSE,FALSE
ics,atividade,1,19,0.33171486573295667,-0.5654625497049054,1.2322780079335227,-1.081646232751817,1.9046096817129639,1,FALSE,FALSE
ics,atividade,1,20,0.35631502368394136,-0.5198653869618287,1.2779991460442788,-1.0030002935574058,1.9657891762118418,1,FALSE,FALSE
ics,atividade,1,21,0.37557283164834465,-0.4815762023468048,1.2973226857021825,-0.9378722864814403,1.9838600414252712,1,FALSE,FALSE
ics,atividade,1,22,0.3895541118294853,-0.4199050385615599,1.321576964431971,-0.924534104190304,2.0254529514590023,1,FALSE,FALSE
ics,atividade,1,23,0.3989116485729328,-0.37504205195637946,1.3200806328579227,-0.8951189913172473,2.0650773878547763,1,FALSE,FALSE
ics,atividade,1,24,0.40416703985063385,-0.34912381860702446,1.324224705802291,-0.892692814090503,2.0845852084945857,1,FALSE,FALSE
ics,atividade,1,25,0.40535035530854013,-0.32223124691657756,1.3110625238103886,-0.8729560398694324,2.080021516246314,1,FALSE,FALSE
ics,atividade,1,26,0.40279480052992256,-0.2955577209300524,1.3115483002522441,-0.8371625249176059,2.075927166484215,1,FALSE,FALSE
ics,atividade,1,27,0.3969344162981347,-0.281812087170184,1.3228767456860224,-0.8143552701940941,2.066173164839138,1,FALSE,FALSE
ics,atividade,1,28,0.38795751979251436,-0.2448455799287558,1.3052700459112636,-0.7835042359676887,2.046048819237372,1,FALSE,FALSE
ics,atividade,1,29,0.3761422706336447,-0.23073569379826211,1.3060517455453002,-0.7651933101666529,2.0437505449365516,1,FALSE,FALSE
ics,atividade,1,30,0.36184393872925674,-0.22046424708568724,1.2601332522181206,-0.74632377250589,2.0673483101209964,1,FALSE,FALSE
ics,atividade,1,31,0.3453305270676902,-0.21703508833823862,1.242318628152698,-0.7270381177314922,2.06783667702064,1,FALSE,FALSE
ics,atividade,1,32,0.326887753856131,-0.21724750934785303,1.260897817624063,-0.7153101351679962,2.0882632423434173,1,FALSE,FALSE
ics,atividade,1,33,0.30683070022032594,-0.2192573579665987,1.2289381874306464,-0.6969134167132616,2.022741615184261,1,FALSE,FALSE
ics,atividade,1,34,0.28544308991912876,-0.23460964879329568,1.1977606369350415,-0.6797929975998224,1.979773916419228,1,FALSE,FALSE
ics,atividade,1,35,0.26300291057522496,-0.2531059950156342,1.1792749985189421,-0.7038455111391007,1.990584954438498,1,FALSE,FALSE
ics,atividade,1,36,0.2397893688457987,-0.2896410586053305,1.1681577026578618,-0.7247144536290538,1.962178650345737,1,FALSE,FALSE
ics,atividade,1,37,0.2160630092701421,-0.3034348523539787,1.167305664872767,-0.7143991503097076,1.9342258806933894,1,FALSE,FALSE
ics,atividade,1,38,0.19206943400865736,-0.31296370898024706,1.1448514345976857,-0.7340558444566546,1.916402939043284,1,FALSE,FALSE
ics,atividade,1,39,0.1680419906381216,-0.31854102580035143,1.1037787850957197,-0.7631219905673721,1.9056404601672063,1,FALSE,FALSE
ics,atividade,1,40,0.14419607446166074,-0.32548580099798274,1.080702648127602,-0.77586052148529006,1.8912648648100117,1,FALSE,FALSE
ics,atividade,1,41,0.12072862552477841,-0.3592962960145494,1.0654150718047843,-0.8294125782735966,1.8974414527907328,1,FALSE,FALSE
ics,atividade,1,42,0.09781903242019656,-0.39859077945784144,1.0424580054856905,-0.8461989615306749,1.8386447979734564,1,FALSE,FALSE
ics,atividade,1,43,0.07562807602203776,-0.41781636963708374,1.0167628406139493,-0.8827557441524726,1.7863545177657847,1,FALSE,FALSE
ics,atividade,1,44,0.05429754569053438,-0.44311514015525294,0.9951370054005696,-0.9091403392831765,1.7116624025882665,1,FALSE,FALSE
ics,atividade,1,45,0.033950758269180537,-0.4614831258211131,0.975503795660373,-0.9850340272916708,1.6722239622025223,1,FALSE,FALSE
ics,atividade,1,46,0.014692936423118435,-0.48053836446126386,0.9745341205724544,-1.0055445677314896,1.6235705387731025,1,FALSE,FALSE
ics,atividade,1,47,-0.0033884933340005818,-0.49277456084020504,0.9375900235615057,-1.0419607140520453,1.5891152750042488,-1,FALSE,FALSE
ics,atividade,1,48,-0.020223246115171428,-0.5172758524202218,0.8979679192209646,-1.047652303445411,1.5545924446049006,-1,FALSE,FALSE
trab_employment_southest,trabalho,1,0,-24210.191186567623,-36058.39795816234,-12955.031873334134,-45252.67479799992,-7364.62192049517,-1,TRUE,TRUE
trab_employment_southest,trabalho,1,1,-6110.684432732477,-26224.511710452112,2535.2761931518094,-37290.0058649176,12580.63352174229,-1,FALSE,FALSE
trab_employment_southest,trabalho,1,2,26.78621573383759,-21107.79874618109,7642.053328734029,-31982.967924893495,16826.105962519763,1,FALSE,FALSE
trab_employment_southest,trabalho,1,3,-6473.9111293476935,-24448.58717946538,3892.185795520136,-36703.926780810376,12815.447325761948,-1,FALSE,FALSE
trab_employment_southest,trabalho,1,4,-5245.904855165497,-17253.315836959046,9752.366066760502,-27509.77422838582,17194.36706401715,-1,FALSE,FALSE
trab_employment_southest,trabalho,1,5,-4103.179409814015,-14400.881813172902,13988.247185146676,-23743.105474360316,23246.935994199663,-1,FALSE,FALSE
trab_employment_southest,trabalho,1,6,-9960.821382460555,-16545.530895824857,10829.92663626151,-25915.00611127528,23551.61840202532,-1,FALSE,FALSE
trab_employment_southest,trabalho,1,7,-11100.58660183114,-16027.556048993212,11219.267023924338,-25414.106552723275,21890.06992449106,-1,FALSE,FALSE
trab_employment_southest,trabalho,1,8,-12484.067844528656,-17460.118995255325,9700.48973775764,-27633.456114709297,21264.550021450057,-1,FALSE,FALSE
trab_employment_southest,trabalho,1,9,-15701.74550391138,-20528.270935751552,6220.496739803575,-29680.264388478525,17643.369015245113,-1,FALSE,FALSE
trab_employment_southest,trabalho,1,10,-17224.979725557747,-22054.45009038267,4133.626851556974,-30717.957414009965,15871.293549317825,-1,FALSE,FALSE
trab_employment_southest,trabalho,1,11,-18650.99397025809,-23603.265328130507,2550.2603704928733,-32745.59905057806,13415.712290280435,-1,FALSE,FALSE
trab_employment_southest,trabalho,1,12,-20455.68876618046,-25737.975521923257,507.5256635643549,-33547.82283408885,10783.788416183605,-1,FALSE,FALSE
trab_employment_southest,trabalho,1,13,-21646.048081735644,-26868.24971555134,-870.8599635540118,-35241.17273639311,9017.182148303364,-1,TRUE,FALSE
trab_employment_southest,trabalho,1,14,-22495.593936206937,-27819.48716699079,-2309.235791057739,-35997.924416268135,7647.383938536305,-1,TRUE,FALSE
trab_employment_southest,trabalho,1,15,-23239.127530755304,-28882.818077783784,-3531.7895065149646,-36700.22450341985,4986.013630661497,-1,TRUE,FALSE
trab_employment_southest,trabalho,1,16,-23637.328002954688,-29599.173281543146,-4274.588239585906,-37580.181974473264,3783.252200843035,-1,TRUE,FALSE
trab_employment_southest,trabalho,1,17,-23727.443090654608,-29924.546602292827,-5125.846704959081,-38056.91334229179,2914.7281469906666,-1,TRUE,FALSE
trab_employment_southest,trabalho,1,18,-23600.241181222922,-29922.68729648399,-6210.837620567313,-38354.888569962415,2852.4867402816594,-1,TRUE,FALSE
trab_employment_southest,trabalho,1,19,-23245.777165128733,-29787.669163260336,-6776.970626597928,-39029.28432363466,1643.6847225612987,-1,TRUE,FALSE
trab_employment_southest,trabalho,1,20,-22677.832708738828,-29598.28648736899,-6984.175473465896,-38987.94026577704,1547.4977825762564,-1,TRUE,FALSE
trab_employment_southest,trabalho,1,21,-21930.2803124826,-29669.888346173506,-7102.625925134647,-38207.916944231125,908.1902331888696,-1,TRUE,FALSE
trab_employment_southest,trabalho,1,22,-21034.614569231635,-28773.397624722522,-6511.988717658793,-37264.67611108572,641.7526879191425,-1,TRUE,FALSE
trab_employment_southest,trabalho,1,23,-20008.91514665968,-27597.629063041604,-5866.565479363704,-36421.3751602625,227.26289930232693,-1,TRUE,FALSE
trab_employment_southest,trabalho,1,24,-18872.972412899795,-26835.75486873359,-5722.53922562039,-35739.93144128215,563.6302964302665,-1,TRUE,FALSE
trab_employment_southest,trabalho,1,25,-17654.04778322053,-25801.597859735695,-5230.430233545154,-34695.881882077614,1619.359059873803,-1,TRUE,FALSE
trab_employment_southest,trabalho,1,26,-16370.789403054854,-24937.172153604264,-4192.430400399333,-33777.285249507724,1895.9675175153297,-1,TRUE,FALSE
trab_employment_southest,trabalho,1,27,-15038.772850062183,-24259.031632076305,-3262.54286283704,-32478.294390887564,2132.852425989615,-1,TRUE,FALSE
trab_employment_southest,trabalho,1,28,-13677.035595085523,-22774.200939680915,-2380.6047225215448,-31239.525980092294,3068.5889708048394,-1,TRUE,FALSE
trab_employment_southest,trabalho,1,29,-12300.8907460579,-21609.312426017037,-1315.1707217874832,-29296.131981230108,4542.718206829315,-1,TRUE,FALSE
trab_employment_southest,trabalho,1,30,-10922.92530661486,-20501.017817329204,-215.04214196076003,-28026.43613360169,5318.200502404778,-1,TRUE,FALSE
trab_employment_southest,trabalho,1,31,-9556.32374577932,-18861.454119372076,989.7797874511465,-27064.844798343085,6064.3439433077665,-1,FALSE,FALSE
trab_employment_southest,trabalho,1,32,-8212.47893852452,-17570.941159000748,2169.469558907351,-25911.673607275043,7054.21756442706,-1,FALSE,FALSE
trab_employment_southest,trabalho,1,33,-6900.9690279161105,-16194.70793311934,3354.735099150703,-24453.49024467857,8538.093714273808,-1,FALSE,FALSE
trab_employment_southest,trabalho,1,34,-5630.830978201033,-15142.127200514622,4123.882927379412,-23841.38714115584,9976.122434215727,-1,FALSE,FALSE
trab_employment_southest,trabalho,1,35,-4409.932252421642,-14041.178442338802,5109.2639721288,-22984.911504028416,11156.0710371116,-1,FALSE,FALSE
trab_employment_southest,trabalho,1,36,-3244.860525803555,-12778.598636907973,6183.851204250039,-21380.344137578904,12404.516036922483,-1,FALSE,FALSE
trab_employment_southest,trabalho,1,37,-2141.347093855246,-11754.13532411594,7269.535976701432,-20562.224411173105,13499.10262006982,-1,FALSE,FALSE
trab_employment_southest,trabalho,1,38,-1104.165280951982,-10871.916855808233,7952.903930537162,-19097.796625860592,14633.747975283433,-1,FALSE,FALSE
trab_employment_southest,trabalho,1,39,-137.08683595196882,-9542.380420664238,8928.518630064655,-17512.50944611277,15502.37929000902,-1,FALSE,FALSE
trab_employment_southest,trabalho,1,40,756.9778456071748,-8628.715097810036,9750.695750605686,-16303.52520055016,16306.680811265222,1,FALSE,FALSE
trab_employment_southest,trabalho,1,41,1575.9492526893105,-7549.29898657973,10394.445617570178,-14914.332442203038,17108.727966603878,1,FALSE,FALSE
trab_employment_southest,trabalho,1,42,2318.5637614317156,-6760.26387621839,10911.336663245484,-13642.897427949907,18147.12575818269,1,FALSE,FALSE
trab_employment_southest,trabalho,1,43,2984.30734846848,-5965.8879761162525,11616.687435092865,-12505.072467323247,19021.417421119655,1,FALSE,FALSE
trab_employment_southest,trabalho,1,44,3573.3580518296776,-5405.529010651343,12241.50596510323,-11665.070248707842,19723.450375649085,1,FALSE,FALSE
trab_employment_southest,trabalho,1,45,4086.5404265239567,-4765.074785755259,12875.312977762922,-10975.837632082774,20254.112721052123,1,FALSE,FALSE
trab_employment_southest,trabalho,1,46,4525.270515234641,-4115.329284355127,13314.197049417424,-10253.444012088215,20360.208477557502,1,FALSE,FALSE
trab_employment_southest,trabalho,1,47,4891.495131353809,-3523.3168976328125,13882.821751977765,-9826.485313471574,20557.834087265415,1,FALSE,FALSE
trab_employment_southest,trabalho,1,48,5187.635685800044,-2734.562969165264,14124.969702894305,-9276.811825288934,20880.362119110774,1,FALSE,FALSE
trab_employment_south,trabalho,1,0,-10357.247560482254,-15478.569902816376,-5446.06866681673,-19594.347826342546,-2912.7300011529774,-1,TRUE,TRUE
trab_employment_south,trabalho,1,1,-2665.0981865072595,-11672.513512214868,1074.101658170096,-16557.97811720456,5586.948701740467,-1,FALSE,FALSE
trab_employment_south,trabalho,1,2,-656.2545056126788,-9824.582893185372,2635.1461424510517,-14453.868950914308,6832.395182305415,-1,FALSE,FALSE
trab_employment_south,trabalho,1,3,-3414.416817429501,-10822.203919980015,1261.2335137819064,-16107.723495917808,4596.758326120834,-1,FALSE,FALSE
trab_employment_south,trabalho,1,4,-3023.157940437903,-7999.02748604023,3439.2735134321847,-12086.704360527274,6584.39811583735,-1,FALSE,FALSE
trab_employment_south,trabalho,1,5,-2853.230131756179,-7191.594881929044,4523.2502003598765,-11267.086679690037,8431.725800400247,-1,FALSE,FALSE
trab_employment_south,trabalho,1,6,-5453.310569016865,-8053.955153794483,3789.9372034202306,-12407.401043656815,8164.896115639905,-1,FALSE,FALSE
trab_employment_south,trabalho,1,7,-5979.007647118276,-7830.5082672999715,3423.88729832314,-12558.959415153255,7870.840798501567,-1,FALSE,FALSE
trab_employment_south,trabalho,1,8,-6682.6109049968245,-8747.447877706709,2800.2669345367726,-12861.871114352738,7076.148838444417,-1,FALSE,FALSE
trab_employment_south,trabalho,1,9,-8082.433951999295,-9950.223845772762,1297.856049499295,-13842.548008384263,5856.9450590829165,-1,FALSE,FALSE
trab_employment_south,trabalho,1,10,-8695.68271864892,-10507.58683328392,697.3274278330845,-14388.842097825991,5232.682567933615,-1,FALSE,FALSE
trab_employment_south,trabalho,1,11,-9279.287570084764,-11329.212310853694,-349.0322394058082,-15581.222606953605,4221.365422743551,-1,TRUE,FALSE
trab_employment_south,trabalho,1,12,-9989.984245328442,-11996.031213444234,-1075.7949650817347,-16037.843819309915,2952.8538941435727,-1,TRUE,FALSE
trab_employment_south,trabalho,1,13,-10407.91131384714,-12405.113234668876,-1507.768443619549,-16466.299967960877,2302.3359532093464,-1,TRUE,FALSE
trab_employment_south,trabalho,1,14,-10674.361873805374,-12626.756312836906,-1967.273328506534,-17114.655544363533,1491.6857785152065,-1,TRUE,FALSE
trab_employment_south,trabalho,1,15,-10882.93857557817,-13147.110580871313,-2580.6620883373116,-17447.96264618759,850.445648759306,-1,TRUE,FALSE
trab_employment_south,trabalho,1,16,-10931.922049842742,-13400.284860859058,-2864.2202913938195,-17659.064862174575,461.71775232186724,-1,TRUE,FALSE
trab_employment_south,trabalho,1,17,-10844.943719832025,-13504.738397713212,-3185.2800577404064,-17490.02993340834,93.1983147814289,-1,TRUE,FALSE
trab_employment_south,trabalho,1,18,-10661.93185259854,-13558.209232309482,-3408.5821369316495,-17443.360836646345,-337.6776504050129,-1,TRUE,TRUE
trab_employment_south,trabalho,1,19,-10379.441207791166,-13572.33129767043,-3524.524900836604,-17676.02776709148,-452.3014454137172,-1,TRUE,TRUE
trab_employment_south,trabalho,1,20,-10006.082925412555,-13517.98035779659,-3579.388644952783,-17445.588560768618,-280.08496495292053,-1,TRUE,TRUE
trab_employment_south,trabalho,1,21,-9557.943269174393,-13222.307431204397,-3510.3010191341236,-16799.671364298418,-467.1151146936979,-1,TRUE,TRUE
trab_employment_south,trabalho,1,22,-9049.381878139722,-12891.719903947407,-3397.1259856887323,-16699.140949505563,-484.51094662981797,-1,TRUE,TRUE
trab_employment_south,trabalho,1,23,-8489.245463385321,-12309.544267858793,-3178.7132443850073,-15965.619685071775,-593.5579012687575,-1,TRUE,TRUE
trab_employment_south,trabalho,1,24,-7887.094172308471,-11873.23616613567,-2800.1766165475137,-15795.874934640695,-445.7967732512835,-1,TRUE,TRUE
trab_employment_south,trabalho,1,25,-7255.275370646304,-11386.29348876553,-2468.568239794165,-15187.091343887965,7.239722315213398,-1,TRUE,FALSE
trab_employment_south,trabalho,1,26,-6602.324428487131,-10685.265846162705,-2095.1014228748077,-14561.19634371772,130.5659656335077,-1,TRUE,FALSE
trab_employment_south,trabalho,1,27,-5935.5224268400625,-10023.47075618886,-1566.4737435571158,-13926.700244367408,515.3518426097163,-1,TRUE,FALSE
trab_employment_south,trabalho,1,28,-5263.434329085329,-9426.200233338548,-1094.8117641355216,-13197.297194096207,964.0572274568035,-1,TRUE,FALSE
trab_employment_south,trabalho,1,29,-4592.881528442166,-8931.617092960774,-504.71806749379914,-12395.707359916218,1527.9855203929008,-1,TRUE,FALSE
trab_employment_south,trabalho,1,30,-3929.510195231283,-8281.15538919992,179.04991282144593,-11819.089051010229,2332.7349740633995,-1,FALSE,FALSE
trab_employment_south,trabalho,1,31,-3279.1181966785243,-7620.665383464276,660.8424177401789,-11251.28728019557,2823.031869677388,-1,FALSE,FALSE
trab_employment_south,trabalho,1,32,-2646.622275832554,-7135.967313057177,1069.3669677427404,-10933.066705010133,3427.3160387081352,-1,FALSE,FALSE
trab_employment_south,trabalho,1,33,-2036.1146252158198,-6644.8744161925615,1672.6370869275245,-10400.490249405319,3920.133469349733,-1,FALSE,FALSE
trab_employment_south,trabalho,1,34,-1451.3864024814457,-5895.039188765656,2149.405862342137,-9865.738981144143,4478.673974435844,-1,FALSE,FALSE
trab_employment_south,trabalho,1,35,-895.6490257858329,-5410.8069737137885,2538.6699535024522,-9241.340066719384,5097.338378845397,-1,FALSE,FALSE
trab_employment_south,trabalho,1,36,-371.5135957856107,-4949.8103140180665,3128.582366520695,-8605.698457798571,5868.958696624096,-1,FALSE,FALSE
trab_employment_south,trabalho,1,37,118.82618678357557,-4500.861305452545,3554.094884202028,-8397.953358408175,6471.750069557923,1,FALSE,FALSE
trab_employment_south,trabalho,1,38,573.6385558216733,-4030.3836418701108,3898.4791734165274,-7382.3699900721485,6855.618693072868,1,FALSE,FALSE
trab_employment_south,trabalho,1,39,991.660749670588,-3479.6947946385617,4335.35156774587,-6736.1306178577925,7338.42188219103,1,FALSE,FALSE
trab_employment_south,trabalho,1,40,1372.032503584706,-3011.1181493229155,4746.2524017567275,-6187.89799121131,7749.128564976142,1,FALSE,FALSE
trab_employment_south,trabalho,1,41,1714.2793331761677,-2697.624098708364,5089.431782488951,-5682.315946048911,8118.757640466536,1,FALSE,FALSE
trab_employment_south,trabalho,1,42,2018.2992319804157,-2271.181107015982,5400.325539408762,-5443.1840612967635,8483.570346291326,1,FALSE,FALSE
trab_employment_south,trabalho,1,43,2284.3280365663827,-2042.91478426189,5638.163819210696,-5099.184358874037,8679.464292513767,1,FALSE,FALSE
trab_employment_south,trabalho,1,44,2512.9099595083744,-1685.929192290309,5918.275336581511,-4708.789430397741,8826.731766391737,1,FALSE,FALSE
trab_employment_south,trabalho,1,45,2704.872944789912,-1373.1301539552971,6175.59433863692,-4307.997475768666,9182.746027885523,1,FALSE,FALSE
trab_employment_south,trabalho,1,46,2861.3000652766555,-1056.6122539403334,6333.083136407883,-4171.2613989229,9425.56846667032,1,FALSE,FALSE
trab_employment_south,trabalho,1,47,2983.499189850271,-943.8290512465247,6408.353759336945,-3882.9073743304843,9517.868123912413,1,FALSE,FALSE
trab_employment_south,trabalho,1,48,3072.974959924025,-728.8777104921022,6418.715586748107,-3513.2240357096102,9661.254813309757,1,FALSE,FALSE
trab_employment_northeast,trabalho,1,0,-5220.589240725745,-8161.878912172114,-2291.9349109299783,-10643.031370737712,-591.742788128339,-1,TRUE,TRUE
trab_employment_northeast,trabalho,1,1,-546.5916734310367,-5898.480222377991,1497.149961024556,-8531.279931925521,4017.6226342789264,-1,FALSE,FALSE
trab_employment_northeast,trabalho,1,2,-100.8893945432466,-5617.373680356314,1661.5276913078285,-7962.297878658319,4181.684121685896,-1,FALSE,FALSE
trab_employment_northeast,trabalho,1,3,-1606.5562747418135,-6286.322803201795,726.072890736422,-9228.556070851278,2817.034649400741,-1,FALSE,FALSE
trab_employment_northeast,trabalho,1,4,-1530.615717849353,-4645.370499295475,1973.5826140480801,-7110.482207312764,3834.215383029167,-1,FALSE,FALSE
trab_employment_northeast,trabalho,1,5,-1909.7385897008633,-4445.730832508772,2298.849907938995,-6883.132690309798,3991.0600977890444,-1,FALSE,FALSE
trab_employment_northeast,trabalho,1,6,-3636.625393354459,-5168.599929039139,1479.8287739436719,-7506.885244520474,3777.0522872914503,-1,FALSE,FALSE
trab_employment_northeast,trabalho,1,7,-4090.378633541791,-5480.669847157082,1488.510939071207,-7597.662741405829,3500.9625207601784,-1,FALSE,FALSE
trab_employment_northeast,trabalho,1,8,-4776.736852122754,-5981.780995000959,728.4553861722072,-8544.391412071902,2897.8624639002346,-1,FALSE,FALSE
trab_employment_northeast,trabalho,1,9,-5768.442497950517,-6889.871556245002,-141.26309162523066,-9215.397746094264,2290.3944047465707,-1,TRUE,FALSE
trab_employment_northeast,trabalho,1,10,-6220.677716467856,-7494.630859945867,-697.3658554099718,-9756.828148362347,1775.3988787934302,-1,TRUE,FALSE
trab_employment_northeast,trabalho,1,11,-6673.718714701256,-8114.963275552352,-1268.9785203953847,-10673.824502767457,986.7981591297798,-1,TRUE,FALSE
trab_employment_northeast,trabalho,1,12,-7154.540494937495,-8789.352317467485,-1857.3819543143675,-11210.571495572653,476.6950272440286,-1,TRUE,FALSE
trab_employment_northeast,trabalho,1,13,-7418.77524172025,-9284.611605341066,-2129.4821759340343,-11652.299968220132,-40.55378492180339,-1,TRUE,TRUE
trab_employment_northeast,trabalho,1,14,-7579.868581859522,-9521.840867138657,-2535.245631684378,-12279.470684280686,-326.1138015776605,-1,TRUE,TRUE
trab_employment_northeast,trabalho,1,15,-7683.55210398159,-9741.376342696169,-2960.225003197966,-12401.979837167857,-637.9061286746,-1,TRUE,TRUE
trab_employment_northeast,trabalho,1,16,-7669.5597130196775,-9778.508245639727,-3182.9513827758133,-12448.513192466808,-982.5602708343488,-1,TRUE,TRUE
trab_employment_northeast,trabalho,1,17,-7561.450013763574,-9978.20556490075,-3216.527296966037,-12669.752652448418,-1074.5182934969705,-1,TRUE,TRUE
trab_employment_northeast,trabalho,1,18,-7384.333781635562,-9918.507416777054,-3366.8703601953034,-12620.381246562523,-1267.4560625497043,-1,TRUE,TRUE
trab_employment_northeast,trabalho,1,19,-7136.996574789053,-9915.753889999647,-3347.050840180634,-12560.931782859489,-1393.919286917007,-1,TRUE,TRUE
trab_employment_northeast,trabalho,1,20,-6828.05152301731,-9790.673034963356,-3244.457322893529,-12295.604385224095,-1371.5448356438221,-1,TRUE,TRUE
trab_employment_northeast,trabalho,1,21,-6469.318578281423,-9565.774887151452,-3115.6894256593605,-11970.83595695021,-1372.4403537237924,-1,TRUE,TRUE
trab_employment_northeast,trabalho,1,22,-6070.477743265813,-9239.077482563342,-2888.72247753429,-11673.613192188763,-1298.0664398490603,-1,TRUE,TRUE
trab_employment_northeast,trabalho,1,23,-5638.303238255508,-8933.301549331863,-2651.783511715582,-11273.10583843443,-1198.817887839009,-1,TRUE,TRUE
trab_employment_northeast,trabalho,1,24,-5180.095894810761,-8515.94708863562,-2380.9964767777115,-11087.662824866766,-775.731465283896,-1,TRUE,TRUE
trab_employment_northeast,trabalho,1,25,-4704.208028857576,-8128.661129441916,-2092.502888344773,-10966.840270824827,-519.3952720919094,-1,TRUE,TRUE
trab_employment_northeast,trabalho,1,26,-4216.5953655369985,-7614.091374971016,-1731.0412136390682,-10480.959976810738,-246.36177969626638,-1,TRUE,TRUE
trab_employment_northeast,trabalho,1,27,-3722.6241302229146,-7270.078687204048,-1317.195928693122,-9879.787734713553,114.45761384358468,-1,TRUE,FALSE
trab_employment_northeast,trabalho,1,28,-3228.1710155720903,-6865.581402887521,-905.6978254734795,-9550.373136999755,586.552002089588,-1,TRUE,FALSE
trab_employment_northeast,trabalho,1,29,-2737.90945755409,-6479.267985902065,-562.9493645846834,-9180.109239954512,1030.8987845200536,-1,TRUE,FALSE
trab_employment_northeast,trabalho,1,30,-2255.8508223321146,-6080.723900031193,-168.55968241956415,-8786.356481715398,1383.3977019068473,-1,TRUE,FALSE
trab_employment_northeast,trabalho,1,31,-1785.9862343004422,-5604.491853374176,301.1606192379337,-8244.186371893085,1922.1766171881911,-1,FALSE,FALSE
trab_employment_northeast,trabalho,1,32,-1331.6583368302024,-5127.229734566033,719.9304186605685,-7911.322516015136,2424.0304302976397,-1,FALSE,FALSE
trab_employment_northeast,trabalho,1,33,-895.6844763639878,-4662.131556740058,1058.646887145193,-7578.735142983517,2789.2558705643305,-1,FALSE,FALSE
trab_employment_northeast,trabalho,1,34,-480.6314251683098,-4316.19567658874,1430.334891253229,-7192.906585835984,3263.8009621441006,-1,FALSE,FALSE
trab_employment_northeast,trabalho,1,35,-88.63172197945758,-3963.327939448787,1844.1671916425412,-6799.88268771597,3674.938497475498,-1,FALSE,FALSE
trab_employment_northeast,trabalho,1,36,278.59709963808297,-3456.747872291624,2126.7155719317007,-6374.625717184621,4014.783850050218,1,FALSE,FALSE
trab_employment_northeast,trabalho,1,37,619.6466404817314,-3112.1026630291335,2522.6470314417807,-5959.2122968971025,4404.2253309638045,1,FALSE,FALSE
trab_employment_northeast,trabalho,1,38,933.4503552778142,-2866.7924808090497,2858.873444141881,-5651.014950115343,4824.660427740398,1,FALSE,FALSE
trab_employment_northeast,trabalho,1,39,1219.2766842446479,-2603.969765557337,3091.8518926791917,-5235.261113169957,5174.622703079326,1,FALSE,FALSE
trab_employment_northeast,trabalho,1,40,1476.6848039696604,-2308.565673770413,3379.8631204974195,-4820.118535016723,5353.948156403459,1,FALSE,FALSE
trab_employment_northeast,trabalho,1,41,1705.5135003411121,-1999.0822786568046,3582.5621946850138,-4612.360659309713,5679.834282113768,1,FALSE,FALSE
trab_employment_northeast,trabalho,1,42,1905.8674126158076,-1780.049620428158,3839.5873524852814,-4232.900330433273,5946.64841659923,1,FALSE,FALSE
trab_employment_northeast,trabalho,1,43,2078.0908574532214,-1533.5404198740682,4077.870163854127,-3865.249246462002,6084.981432077622,1,FALSE,FALSE
trab_employment_northeast,trabalho,1,44,2222.7463028393468,-1298.3300317633268,4256.3198680994465,-3214.5566650249634,6239.3363189816455,1,FALSE,FALSE
trab_employment_northeast,trabalho,1,45,2340.5949401738244,-1112.737008712805,4349.584616653738,-3019.4346019020427,6324.148044717032,1,FALSE,FALSE
trab_employment_northeast,trabalho,1,46,2432.5745854880633,-924.7362503041372,4368.47757515516,-2800.584564486625,6480.528682531793,1,FALSE,FALSE
trab_employment_northeast,trabalho,1,47,2499.777168788701,-780.7152143189861,4455.792643365834,-2479.2666401182896,6670.505133484406,1,FALSE,FALSE
trab_employment_northeast,trabalho,1,48,2543.427776504186,-636.0924371716874,4449.754141093022,-2245.211640720802,6872.502803915729,1,FALSE,FALSE
trab_employment_north,trabalho,1,0,-1821.3075908548033,-2610.492912269347,-986.0822606840463,-3384.526028470886,-561.1631487776601,-1,TRUE,TRUE
trab_employment_north,trabalho,1,1,-582.8371966879208,-2105.068776338698,-6.934803017038964,-2888.1608733674993,772.1733384592569,-1,TRUE,FALSE
trab_employment_north,trabalho,1,2,-431.1417418460898,-2035.013567252211,103.30904989948287,-2765.6333042924125,777.6840618795256,-1,FALSE,FALSE
trab_employment_north,trabalho,1,3,-846.1288131795549,-2203.951782840307,-194.3442122910273,-3102.5634310578203,419.19950716961716,-1,TRUE,FALSE
trab_employment_north,trabalho,1,4,-805.5372845501072,-1729.3907862169588,156.77534455141242,-2483.2010829562173,684.5924101199942,-1,FALSE,FALSE
trab_employment_north,trabalho,1,5,-842.2498665529332,-1616.716996840753,299.24394041058133,-2353.4515275063104,836.5107497592403,-1,FALSE,FALSE
trab_employment_north,trabalho,1,6,-1279.6122504620655,-1828.7086489823173,147.52592904797115,-2539.026876493514,707.0581154803314,-1,FALSE,FALSE
trab_employment_north,trabalho,1,7,-1364.2530204633129,-1778.7866439364677,134.19223437814082,-2503.196817984892,715.7960252295886,-1,FALSE,FALSE
trab_employment_north,trabalho,1,8,-1493.1338745126607,-1943.6341371851777,-61.62400642393414,-2632.160683522281,604.2176627930723,-1,TRUE,FALSE
trab_employment_north,trabalho,1,9,-1717.011045641846,-2156.0466231250784,-279.1877995176069,-2757.7409973486747,406.82378174715967,-1,TRUE,FALSE
trab_employment_north,trabalho,1,10,-1797.7714481685307,-2286.2668343929736,-373.3962104195449,-2891.42208222428,276.7012971153335,-1,TRUE,FALSE
trab_employment_north,trabalho,1,11,-1875.5180828521293,-2443.2692771492666,-504.3172476611189,-3105.0699623525766,101.7092394693397,-1,TRUE,FALSE
trab_employment_north,trabalho,1,12,-1967.6529154171985,-2578.7260362481343,-655.1797387347708,-3218.720390447545,-90.54395882339921,-1,TRUE,TRUE
trab_employment_north,trabalho,1,13,-2005.4306226731169,-2646.622210866848,-749.4704101529186,-3272.7485450888003,-203.7305027325512,-1,TRUE,TRUE
trab_employment_north,trabalho,1,14,-2016.8060122124757,-2671.7661518238383,-831.7606716929434,-3368.857657945876,-304.80942621953943,-1,TRUE,TRUE
trab_employment_north,trabalho,1,15,-2016.646622550229,-2721.1162861499424,-863.4036911411747,-3432.099631299855,-358.6639679096242,-1,TRUE,TRUE
trab_employment_north,trabalho,1,16,-1988.0739644329626,-2687.6819809864,-906.6023035971411,-3459.778864612134,-400.5734936751555,-1,TRUE,TRUE
trab_employment_north,trabalho,1,17,-1936.4015040793413,-2679.374773105054,-916.9986603334729,-3440.9839719912875,-414.34257240887126,-1,TRUE,TRUE
trab_employment_north,trabalho,1,18,-1868.8165390557124,-2653.855287823796,-923.7094443062107,-3413.6461634664006,-424.4340493172001,-1,TRUE,TRUE
trab_employment_north,trabalho,1,19,-1784.8762221174732,-2596.787310681468,-892.6346267435631,-3353.257227606535,-395.9536231507137,-1,TRUE,TRUE
trab_employment_north,trabalho,1,20,-1686.5175217373276,-2519.192578567018,-858.8262258606856,-3298.6470721417118,-403.51440703938505,-1,TRUE,TRUE
trab_employment_north,trabalho,1,21,-1576.8671331637245,-2441.6347344229825,-801.1094557937757,-3197.4803255595502,-376.2473956159817,-1,TRUE,TRUE
trab_employment_north,trabalho,1,22,-1458.4915571845181,-2346.1735655182783,-708.5944574227764,-3072.752321722851,-305.58264422223584,-1,TRUE,TRUE
trab_employment_north,trabalho,1,23,-1333.0827739209253,-2254.017490160172,-637.23262739118,-2941.121548766209,-215.6402578025826,-1,TRUE,TRUE
trab_employment_north,trabalho,1,24,-1202.5012668479571,-2166.4184642610426,-560.9424343539275,-2834.4143065844105,-143.59479866649474,-1,TRUE,TRUE
trab_employment_north,trabalho,1,25,-1068.9425441413948,-2069.7727712718397,-462.5901961251413,-2794.8385094810633,-51.27483515024253,-1,TRUE,TRUE
trab_employment_north,trabalho,1,26,-933.935250072881,-1946.8029265136327,-346.27169711028745,-2685.327573275034,34.502767264329556,-1,TRUE,FALSE
trab_employment_north,trabalho,1,27,-798.8232435474014,-1836.2530966483912,-244.84886758489586,-2510.638981336255,181.53694646918274,-1,TRUE,FALSE
trab_employment_north,trabalho,1,28,-665.1068346864937,-1676.7733116401696,-126.51212555378481,-2401.2530472679905,331.0167043710734,-1,TRUE,FALSE
trab_employment_north,trabalho,1,29,-533.9585744397415,-1562.484820484965,-16.796053207994383,-2294.5415570508017,431.2304768131348,-1,TRUE,FALSE
trab_employment_north,trabalho,1,30,-406.35267498335656,-1454.3089329998265,118.8935513820451,-2216.9084969758137,564.7319124902588,-1,FALSE,FALSE
trab_employment_north,trabalho,1,31,-283.26012184890254,-1335.3477592059407,228.30081626791542,-2075.8382544292162,727.2335581113803,-1,FALSE,FALSE
trab_employment_north,trabalho,1,32,-165.47682750104718,-1206.2193153679482,329.94957972316325,-1980.6130632006784,840.2126568744563,-1,FALSE,FALSE
trab_employment_north,trabalho,1,33,-53.64849994719227,-1091.3951607630386,450.1044392490486,-1894.0980533402344,974.8378267279713,-1,FALSE,FALSE
trab_employment_north,trabalho,1,34,51.64700326278655,-997.0349801722982,558.6242837378584,-1804.682270344512,1089.7046718704212,1,FALSE,FALSE
trab_employment_north,trabalho,1,35,149.94732829688368,-911.0298633557718,679.9343853024035,-1684.0731451971367,1269.984694612344,1,FALSE,FALSE
trab_employment_north,trabalho,1,36,240.90293690059764,-820.0411276493935,774.0155148948215,-1582.633731415719,1339.2934253331123,1,FALSE,FALSE
trab_employment_north,trabalho,1,37,324.2456640569262,-715.3013910545085,842.994098908298,-1501.838504387771,1418.7828863032817,1,FALSE,FALSE
trab_employment_north,trabalho,1,38,399.79580971930983,-642.7934885707969,936.2772405086012,-1425.254844417496,1505.1920367549283,1,FALSE,FALSE
trab_employment_north,trabalho,1,39,467.4605552360858,-563.6012513508634,1006.0101706011692,-1320.5295701885084,1585.8016382767953,1,FALSE,FALSE
trab_employment_north,trabalho,1,40,527.2209835910909,-501.1087112923654,1060.2716529237666,-1204.5176758833484,1659.3108027146147,1,FALSE,FALSE
trab_employment_north,trabalho,1,41,579.1281136558318,-430.0019534793718,1098.5729902793855,-1137.597127745773,1690.045246913174,1,FALSE,FALSE
trab_employment_north,trabalho,1,42,623.2989743850106,-372.3059884992656,1149.3970014175072,-1069.8360677683281,1731.3359117891107,1,FALSE,FALSE
trab_employment_north,trabalho,1,43,659.9091671899122,-307.09207095234973,1214.5495736208352,-1014.6950422913656,1748.763450229277,1,FALSE,FALSE
trab_employment_north,trabalho,1,44,689.1866617797486,-251.34696975352517,1259.7044074085034,-893.2979582930859,1805.7192419954715,1,FALSE,FALSE
trab_employment_north,trabalho,1,45,711.4064135092344,-206.5261574008284,1270.0886179938357,-784.7417021618678,1826.2207140617802,1,FALSE,FALSE
trab_employment_north,trabalho,1,46,726.8843303317797,-157.25838781796364,1293.0810495018263,-709.042585792302,1831.0488469869235,1,FALSE,FALSE
trab_employment_north,trabalho,1,47,735.9711421574372,-128.47772910597223,1307.7812762960302,-648.2174141671248,1824.4534646474801,1,FALSE,FALSE
trab_employment_north,trabalho,1,48,739.0467805672072,-112.26546918734914,1313.6674453089367,-622.2850302335476,1819.4753419852213,1,FALSE,FALSE
trab_employment_central_west,trabalho,1,0,-4330.230370104833,-6311.332483683924,-2461.2215840115264,-7723.08746611027,-1621.1381969796198,-1,TRUE,TRUE
trab_employment_central_west,trabalho,1,1,-1770.6299986092965,-4811.404856757852,-245.55289899604153,-6567.405580279343,1382.6947420344186,-1,TRUE,FALSE
trab_employment_central_west,trabalho,1,2,-808.8462234224775,-4107.218608438315,580.3877200311834,-5677.47474837005,2045.230285701327,-1,FALSE,FALSE
trab_employment_central_west,trabalho,1,3,-1971.386391040047,-4602.488424928349,-167.9545955461051,-6463.970496193715,1162.9684113842586,-1,TRUE,FALSE
trab_employment_central_west,trabalho,1,4,-1821.8789226462395,-3662.7104885822246,643.7519750164829,-5332.883759803431,1824.6946061947958,-1,FALSE,FALSE
trab_employment_central_west,trabalho,1,5,-1595.119721805056,-3002.3289840269745,1197.387246033743,-4865.947665560481,2483.279467394636,-1,FALSE,FALSE
trab_employment_central_west,trabalho,1,6,-2458.5640356102144,-3447.0213227690238,796.2202242020627,-5076.490697700286,2283.915172081625,-1,FALSE,FALSE
trab_employment_central_west,trabalho,1,7,-2582.3277636083726,-3395.376994803677,803.5073416893739,-5021.5254129142495,2211.2964426666413,-1,FALSE,FALSE
trab_employment_central_west,trabalho,1,8,-2704.468628376134,-3532.451947425597,578.3726580283827,-5102.132838046205,2075.0747355379503,-1,FALSE,FALSE
trab_employment_central_west,trabalho,1,9,-3103.7283409856236,-3983.6298724137423,32.10086110064484,-5355.699380302995,1660.5823763176525,-1,FALSE,FALSE
trab_employment_central_west,trabalho,1,10,-3244.97507339022,-4237.765604314782,-152.6008564129413,-5482.963795264707,1308.6551422588102,-1,TRUE,FALSE
trab_employment_central_west,trabalho,1,11,-3363.4035743767176,-4458.608076398122,-306.867418292425,-5828.861209761764,961.8492603169695,-1,TRUE,FALSE
trab_employment_central_west,trabalho,1,12,-3538.733758241947,-4746.372568293284,-585.65456843702475,-6001.119426521075,763.2271924840264,-1,TRUE,FALSE
trab_employment_central_west,trabalho,1,13,-3623.880404959539,-4905.419734268571,-779.9536031522333,-6159.260656495826,550.2911054300369,-1,TRUE,FALSE
trab_employment_central_west,trabalho,1,14,-3659.5426212402986,-4991.28080474303,-967.842329457198,-6310.792633448235,362.93050946500153,-1,TRUE,FALSE
trab_employment_central_west,trabalho,1,15,-3681.558494388562,-5091.267474362231,-1110.953509656195,-6375.09215845997,134.59180307316473,-1,TRUE,FALSE
trab_employment_central_west,trabalho,1,16,-3655.5716105554534,-5132.79295335634,-1180.3710343913506,-6336.5997870894425,11.049968367265707,-1,TRUE,FALSE
trab_employment_central_west,trabalho,1,17,-3587.467118543036,-5069.709132132977,-1235.4939833841945,-6423.804517946679,-187.05523166957946,-1,TRUE,TRUE
trab_employment_central_west,trabalho,1,18,-3490.589001035712,-5090.372265579311,-1294.3664834396925,-6470.093180655523,-247.68739332337935,-1,TRUE,TRUE
trab_employment_central_west,trabalho,1,19,-3364.1298200854026,-5018.826504575451,-1250.2488057364903,-6444.237411319244,-313.2716692502357,-1,TRUE,TRUE
trab_employment_central_west,trabalho,1,20,-3210.42462772446,-4889.776234925532,-1257.2374956580466,-6238.737772792878,-270.42635556220114,-1,TRUE,TRUE
trab_employment_central_west,trabalho,1,21,-3034.409740882637,-4733.948507491823,-1218.3477987339586,-6138.137194723502,-261.06530450065395,-1,TRUE,TRUE
trab_employment_central_west,trabalho,1,22,-2841.096031414422,-4637.916896416854,-1149.009091443469,-5981.129249838486,-248.53019825884235,-1,TRUE,TRUE
trab_employment_central_west,trabalho,1,23,-2633.3824851411396,-4470.927295480938,-1118.9498658055036,-5838.432727264814,-149.3884674536394,-1,TRUE,TRUE
trab_employment_central_west,trabalho,1,24,-2414.198067163978,-4249.508657144054,-948.184659569031,-5606.489803450656,-93.28685016919454,-1,TRUE,TRUE
trab_employment_central_west,trabalho,1,25,-2187.726616711424,-4032.476198263411,-724.8929534084654,-5452.144775030911,41.81697274654083,-1,TRUE,FALSE
trab_employment_central_west,trabalho,1,26,-1956.8304539440476,-3773.4304328270937,-563.9616877554867,-5245.187556502498,180.27153469755993,-1,TRUE,FALSE
trab_employment_central_west,trabalho,1,27,-1723.7927700208777,-3589.0397554160077,-416.81143433520185,-5002.206725869288,336.4649741160454,-1,TRUE,FALSE
trab_employment_central_west,trabalho,1,28,-1491.4252696084752,-3365.264947199097,-222.32759358375228,-4847.493253380007,618.9969637256424,-1,TRUE,FALSE
trab_employment_central_west,trabalho,1,29,-1261.9570645043939,-3114.8762394898704,-34.11124560042589,-4598.903600783553,763.0578646875013,-1,TRUE,FALSE
trab_employment_central_west,trabalho,1,30,-1037.1451652389162,-2935.114441051181,180.3894392528355,-4372.327879170415,1032.8466993163684,-1,FALSE,FALSE
trab_employment_central_west,trabalho,1,31,-818.8105284503513,-2677.4901377698525,348.68341346005377,-4115.404281890867,1272.1840880089549,-1,FALSE,FALSE
trab_employment_central_west,trabalho,1,32,-608.481299110101,-2435.2208065192,530.8233196335954,-3968.558879405558,1512.3647240268756,-1,FALSE,FALSE
trab_employment_central_west,trabalho,1,33,-407.3785036159697,-2271.2026572713958,705.8997771327062,-3797.1898319400993,1713.5382343482668,-1,FALSE,FALSE
trab_employment_central_west,trabalho,1,34,-216.61760053126534,-2093.419654608767,881.6792726274074,-3602.4303153700694,1886.2607740604092,-1,FALSE,FALSE
trab_employment_central_west,trabalho,1,35,-37.12060824535928,-1927.890264545968,1030.4643545769416,-3526.219583884006,2183.3638536558155,-1,FALSE,FALSE
trab_employment_central_west,trabalho,1,36,130.40008623499938,-1729.8646291869127,1181.1423726492806,-3224.0511737453535,2301.6945726172353,1,FALSE,FALSE
trab_employment_central_west,trabalho,1,37,285.37398232246943,-1547.762316179807,1385.7821348768853,-2912.234086408895,2517.1069967868425,1,FALSE,FALSE
trab_employment_central_west,trabalho,1,38,427.3826637743426,-1408.1547135360063,1509.0181771762154,-2687.474180931657,2626.6043259933294,1,FALSE,FALSE
trab_employment_central_west,trabalho,1,39,556.1632865492395,-1271.1204260296097,1681.4020191093684,-2541.6586518651034,2766.570311321245,1,FALSE,FALSE
trab_employment_central_west,trabalho,1,40,671.5846582645648,-1101.9134526265623,1806.1062072315342,-2324.1770305267437,2912.5850774076694,1,FALSE,FALSE
trab_employment_central_west,trabalho,1,41,773.6392283933272,-949.1947922160834,1876.6096670705194,-2222.114755697845,3046.7557205561216,1,FALSE,FALSE
trab_employment_central_west,trabalho,1,42,862.4379842358657,-815.2882344841327,1974.7931216365955,-1989.6917102693087,3187.0090140316997,1,FALSE,FALSE
trab_employment_central_west,trabalho,1,43,938.19827418338,-677.1724022241518,2055.7200965812494,-1825.8082551321772,3311.384286670308,1,FALSE,FALSE
trab_employment_central_west,trabalho,1,44,1001.2329027411749,-578.9132879359361,2143.005787440108,-1657.7721161428863,3383.676623582337,1,FALSE,FALSE
trab_employment_central_west,trabalho,1,45,1051.9412715196468,-476.28688717691693,2177.8819065230773,-1472.9687054288906,3410.5858229042196,1,FALSE,FALSE
trab_employment_central_west,trabalho,1,46,1090.799553272718,-401.4854981643688,2217.439577285414,-1306.133323835066,3436.3796325887106,1,FALSE,FALSE
trab_employment_central_west,trabalho,1,47,1118.350176471294,-344.063343541683,2233.232788362076,-1150.0140696745939,3447.9026152726146,1,FALSE,FALSE
trab_employment_central_west,trabalho,1,48,1135.1921802394377,-287.08397111235996,2215.0637120347837,-1049.2944615756226,3424.8761555486894,1,FALSE,FALSE
trab_min_wage,trabalho,1,0,-3.0945015393043893,-6.09178545659244,0.32139850263613157,-8.649842910110664,2.6160785267116817,-1,FALSE,FALSE
trab_min_wage,trabalho,1,1,-3.7772314152923854,-7.504288512384817,-0.015634033016700327,-10.506121177739752,2.2152371376139173,-1,TRUE,FALSE
trab_min_wage,trabalho,1,2,-4.243639156270708,-8.713901965842542,0.16890427967499883,-12.322681480943292,3.237972331228402,-1,FALSE,FALSE
trab_min_wage,trabalho,1,3,-4.073743920425462,-8.864747920555617,0.2029229304764933,-12.348472335705214,3.1216644885800737,-1,FALSE,FALSE
trab_min_wage,trabalho,1,4,-4.0301092402840775,-9.039120983809742,0.3153596425867042,-12.951151325320708,3.491459128416433,-1,FALSE,FALSE
trab_min_wage,trabalho,1,5,-3.75716701910427,-8.896393224940947,0.8027690636463825,-13.309846076097937,3.6134773280392807,-1,FALSE,FALSE
trab_min_wage,trabalho,1,6,-3.4173713525251475,-8.714484316625475,1.0054569902132373,-13.295821888923033,3.9350452265834486,-1,FALSE,FALSE
trab_min_wage,trabalho,1,7,-3.0675788176847294,-8.6841318809606,1.2576187647932755,-13.323547029329664,4.102252069758385,-1,FALSE,FALSE
trab_min_wage,trabalho,1,8,-2.6208628187669594,-8.334761287430222,1.4745672400608543,-13.800389556876798,4.346385323063185,-1,FALSE,FALSE
trab_min_wage,trabalho,1,9,-2.157504868182024,-7.868458997936948,1.805479060639969,-13.706002619608597,4.845316262582863,-1,FALSE,FALSE
trab_min_wage,trabalho,1,10,-1.7018986510121243,-7.599133370990983,2.070456247761462,-13.764102989177866,4.998649607574868,-1,FALSE,FALSE
trab_min_wage,trabalho,1,11,-1.2349054854747898,-7.149431507276885,2.2744164847151644,-13.427827184720577,5.131667919222661,-1,FALSE,FALSE
trab_min_wage,trabalho,1,12,-0.7902142165829108,-6.679942422471953,2.394307028844988,-12.757524173549987,5.4297753663671955,-1,FALSE,FALSE
trab_min_wage,trabalho,1,13,-0.3715545516253775,-6.244914945627164,2.535459346374339,-12.033482481857645,5.7303088401511495,-1,FALSE,FALSE
trab_min_wage,trabalho,1,14,0.02854410421229799,-5.681001940755735,2.7769620605008387,-11.211564987717281,5.881126141349055,1,FALSE,FALSE
trab_min_wage,trabalho,1,15,0.3995486284958772,-5.272355004432607,3.021117240539149,-10.521668943440247,6.249568883978321,1,FALSE,FALSE
trab_min_wage,trabalho,1,16,0.7410422975373484,-4.7817361600205945,3.3503876021373027,-9.887296094081867,6.441753800101817,1,FALSE,FALSE
trab_min_wage,trabalho,1,17,1.0563314144851674,-4.388169969494715,3.60319818648171,-9.229259359744242,6.704742367292464,1,FALSE,FALSE
trab_min_wage,trabalho,1,18,1.3429229421813125,-3.861060025570857,3.8668426912308393,-8.411135693118954,6.756998559790326,1,FALSE,FALSE
trab_min_wage,trabalho,1,19,1.6012358576635286,-3.5302412325050456,4.2438496440214095,-7.787138017181499,6.794866171245639,1,FALSE,FALSE
trab_min_wage,trabalho,1,20,1.8328290731036432,-3.197184965201266,4.338718183473817,-7.174501008030172,6.967844271549563,1,FALSE,FALSE
trab_min_wage,trabalho,1,21,2.037743619559567,-2.947843071964433,4.564721574439929,-6.396473735253741,7.299999060205509,1,FALSE,FALSE
trab_min_wage,trabalho,1,22,2.216598793708601,-2.7864562330102234,4.781702648164039,-6.00336083558916,7.643950538675662,1,FALSE,FALSE
trab_min_wage,trabalho,1,23,2.370255267559613,-2.5255313785082767,4.808090276239658,-5.650748687352766,7.637861701546507,1,FALSE,FALSE
trab_min_wage,trabalho,1,24,2.499322860214146,-2.25549218844056,4.898193915428021,-5.443699167049126,7.8149990054396055,1,FALSE,FALSE
trab_min_wage,trabalho,1,25,2.6045451308374448,-2.1223627578231987,5.017958649810011,-5.177805224426038,8.144052116306495,1,FALSE,FALSE
trab_min_wage,trabalho,1,26,2.6867385064401343,-1.917647628456439,5.083390499712478,-4.840350874792323,8.349772977294776,1,FALSE,FALSE
trab_min_wage,trabalho,1,27,2.746781764974711,-1.7767804422182798,5.0571018771476925,-4.30993709514937,8.246743481620314,1,FALSE,FALSE
trab_min_wage,trabalho,1,28,2.7856526466395533,-1.5459825322294751,5.013881337615569,-4.053645852162383,8.16312928264772,1,FALSE,FALSE
trab_min_wage,trabalho,1,29,2.804393120310873,-1.5305169565690215,5.062533300904939,-3.8482011296657728,8.144602556692458,1,FALSE,FALSE
trab_min_wage,trabalho,1,30,2.8041425419840778,-1.453803169527905,5.039152591383767,-3.756102899403988,8.043668406396382,1,FALSE,FALSE
trab_min_wage,trabalho,1,31,2.7861213532165308,-1.3508230648765567,4.995444072102237,-3.7219919857419437,8.079593002253565,1,FALSE,FALSE
trab_min_wage,trabalho,1,32,2.7516027301873414,-1.3298636970942435,4.935575997997279,-3.6777243426668087,8.091710922562857,1,FALSE,FALSE
trab_min_wage,trabalho,1,33,2.70192236083481,-1.402433949526288,4.6485930424430695,-3.7122735278146175,7.977267780901092,1,FALSE,FALSE
trab_min_wage,trabalho,1,34,2.6384583565934254,-1.382728045129908,4.661259357188726,-3.788626988384893,7.915895894381278,1,FALSE,FALSE
trab_min_wage,trabalho,1,35,2.5626089820429927,-1.424932630918383,4.321252419114859,-3.7521183259225768,7.574389990852357,1,FALSE,FALSE
trab_min_wage,trabalho,1,36,2.475787215850141,-1.4436435439644346,4.239468165592926,-3.7220682486452032,7.418440966112521,1,FALSE,FALSE
trab_min_wage,trabalho,1,37,2.379404368465014,-1.3959992374470036,4.020109226259229,-3.7144427809046863,7.070969933933314,1,FALSE,FALSE
trab_min_wage,trabalho,1,38,2.2748538935945235,-1.4598204286451837,3.7762829783323526,-3.693593375507487,7.050664944271698,1,FALSE,FALSE
trab_min_wage,trabalho,1,39,2.1635023925754617,-1.6000516564674105,3.642124983481289,-3.876771850269959,6.993107653980106,1,FALSE,FALSE
trab_min_wage,trabalho,1,40,2.0466781192220322,-1.6154492882279545,3.45682834037681,-3.9024530713618204,6.654882640463988,1,FALSE,FALSE
trab_min_wage,trabalho,1,41,1.925660371414675,-1.714281566463101,3.4528047252712786,-3.8961960874037254,6.261660666555546,1,FALSE,FALSE
trab_min_wage,trabalho,1,42,1.8016721748351683,-1.8357241522114092,3.26785344837651,-3.8672127386828423,6.052180586642896,1,FALSE,FALSE
trab_min_wage,trabalho,1,43,1.675873257074288,-1.9305076766164757,3.184692684153874,-3.887618045365829,5.819371685315641,1,FALSE,FALSE
trab_min_wage,trabalho,1,44,1.5493540446655683,-2.035236259103797,3.056525267639923,-4.043398915646029,5.7199594603965345,1,FALSE,FALSE
trab_min_wage,trabalho,1,45,1.423131379278128,-2.149363756548248,2.974913129965335,-4.353410907565877,5.4385132997355345,1,FALSE,FALSE
trab_min_wage,trabalho,1,46,1.2981451276003015,-2.237812548962188,2.7825623482646478,-4.562272088971795,5.3748082220325335,1,FALSE,FALSE
trab_min_wage,trabalho,1,47,1.1752557228819567,-2.318591936469966,2.6388015455876914,-4.63331177732193,5.095360997029383,1,FALSE,FALSE
trab_min_wage,trabalho,1,48,1.0552427542546843,-2.4698921986581244,2.4624253304885344,-4.7601540030953595,4.857893939068834,1,FALSE,FALSE
trab_pop_forca_trab,trabalho,1,0,142.18341686482177,52.152316653789924,228.8405912898863,-2.402104271329726,295.453622687978,1,TRUE,FALSE
trab_pop_forca_trab,trabalho,1,1,157.7356470420493,-1.3099623433790744,235.77419269782663,-88.36709748600003,312.87293889501524,1,FALSE,FALSE
trab_pop_forca_trab,trabalho,1,2,232.1030008454118,-2.185102236174977,317.84473500209486,-118.09419422642914,409.22817829936264,1,FALSE,FALSE
trab_pop_forca_trab,trabalho,1,3,326.13203263350016,30.122929687012576,424.7277289945936,-96.32514153858023,541.4470394351105,1,TRUE,FALSE
trab_pop_forca_trab,trabalho,1,4,370.9828508272694,28.938317836218822,490.2824261275224,-121.57344460082719,638.7797312417115,1,TRUE,FALSE
trab_pop_forca_trab,trabalho,1,5,428.33572621414424,65.59448674728483,595.2501013257936,-120.59794095294126,764.4418709576532,1,TRUE,FALSE
trab_pop_forca_trab,trabalho,1,6,494.20004735496946,120.36947252220267,723.1327553575093,-75.9262872915195,903.2944506476182,1,TRUE,FALSE
trab_pop_forca_trab,trabalho,1,7,531.433511566198,164.81407351748595,822.9132962146393,-35.335674868641085,1005.286839525929,1,TRUE,FALSE
trab_pop_forca_trab,trabalho,1,8,565.6768697181076,203.6117372364431,894.7067964286844,-4.006632086970513,1102.7621766222887,1,TRUE,FALSE
trab_pop_forca_trab,trabalho,1,9,595.9589642753594,245.1767756118717,975.4134655644386,41.999715854024615,1189.6278627053568,1,TRUE,TRUE
trab_pop_forca_trab,trabalho,1,10,612.863336318893,276.0913806079189,1040.0435895590692,52.53693390027304,1247.0680663574701,1,TRUE,TRUE
trab_pop_forca_trab,trabalho,1,11,622.1224746412444,299.87312631660654,1072.5309967832445,70.82384093527665,1298.0198574153967,1,TRUE,TRUE
trab_pop_forca_trab,trabalho,1,12,623.9812884588241,309.9869324087806,1090.2087380612004,93.70632478889664,1354.3053878583364,1,TRUE,TRUE
trab_pop_forca_trab,trabalho,1,13,616.8268904245349,324.5100833668065,1090.6958785094962,108.90050277360977,1400.6870702517704,1,TRUE,TRUE
trab_pop_forca_trab,trabalho,1,14,602.3507964829171,325.69809067075164,1097.7128309013888,112.47523824318101,1427.4901342691192,1,TRUE,TRUE
trab_pop_forca_trab,trabalho,1,15,581.1321188977469,330.95264987568095,1095.2192827934912,107.47764864334013,1431.234186013653,1,TRUE,TRUE
trab_pop_forca_trab,trabalho,1,16,553.62188680703,312.5540701667601,1073.9182105951274,107.07014296464435,1420.635209491072,1,TRUE,TRUE
trab_pop_forca_trab,trabalho,1,17,520.9204976715585,299.07104961113095,1049.838642016134,105.90073234077131,1419.5614595799902,1,TRUE,TRUE
trab_pop_forca_trab,trabalho,1,18,483.74847779828445,284.72521156447743,1014.7550500065081,97.98235631338729,1430.2466116374578,1,TRUE,TRUE
trab_pop_forca_trab,trabalho,1,19,442.8971642059878,270.77395556146155,982.4454724808215,87.10128610167072,1389.8247445086695,1,TRUE,TRUE
trab_pop_forca_trab,trabalho,1,20,399.20587435431923,236.19397975669222,946.2807351193287,70.48469160644171,1352.6297889969424,1,TRUE,TRUE
trab_pop_forca_trab,trabalho,1,21,353.3737706150635,202.02804837146763,899.3229165157231,43.35181595922262,1325.9703643512082,1,TRUE,TRUE
trab_pop_forca_trab,trabalho,1,22,306.1081472781158,171.13887689318744,856.2546904715504,20.259890191670767,1283.4388177993653,1,TRUE,TRUE
trab_pop_forca_trab,trabalho,1,23,258.0493376102225,137.82727404380364,804.3503379283757,-17.67127774367562,1260.1436264940178,1,TRUE,FALSE
trab_pop_forca_trab,trabalho,1,24,209.7657621677339,98.04166667360994,751.659396727681,-62.43682049338831,1219.8174758876307,1,TRUE,FALSE
trab_pop_forca_trab,trabalho,1,25,161.7968374411165,69.73454527995955,698.048722029326,-96.682981168177065,1136.6798803626066,1,TRUE,FALSE
trab_pop_forca_trab,trabalho,1,26,114.60999207302345,32.03930655672464,642.5191964965361,-135.0373743673545,1075.5486393349383,1,TRUE,FALSE
trab_pop_forca_trab,trabalho,1,27,68.61663731390543,-13.39953329373565,587.0044912144339,-192.86088009938325,1026.5048288658222,1,FALSE,FALSE
trab_pop_forca_trab,trabalho,1,28,24.18982944402992,-57.339491749405816,540.4758920913683,-228.99327752671763,988.0500786994635,1,FALSE,FALSE
trab_pop_forca_trab,trabalho,1,29,-18.35436742540971,-103.09433754279056,491.8693948279597,-281.6189728456202,911.5972097284589,-1,FALSE,FALSE
trab_pop_forca_trab,trabalho,1,30,-58.74752581004097,-140.25031296499702,452.9673358901173,-330.4535140039605,857.1937469269709,-1,FALSE,FALSE
trab_pop_forca_trab,trabalho,1,31,-96.75984039175108,-176.99662491121967,401.4772349821056,-371.1631127763028,809.7655524519923,-1,FALSE,FALSE
trab_pop_forca_trab,trabalho,1,32,-132.2056231025182,-209.21464245838666,363.4775799914087,-416.5076268160684,754.9034159684836,-1,FALSE,FALSE
trab_pop_forca_trab,trabalho,1,33,-164.93905047207897,-239.85925411889545,332.6309470543334,-465.7772910228362,715.162236520452,-1,FALSE,FALSE
trab_pop_forca_trab,trabalho,1,34,-194.84935942656415,-264.3493371043402,296.0699504704883,-499.45537600420306,657.0021407505068,-1,FALSE,FALSE
trab_pop_forca_trab,trabalho,1,35,-221.8608520324291,-294.1622726674421,268.1239615261204,-526.297684549437,587.7260844832452,-1,FALSE,FALSE
trab_pop_forca_trab,trabalho,1,36,-245.93029582407962,-333.87457606923147,240.30021226571643,-548.425738554662,526.0151395625738,-1,FALSE,FALSE
trab_pop_forca_trab,trabalho,1,37,-267.04388663106965,-355.7706827183828,215.49287457913147,-571.8543034082277,465.38506835658217,-1,FALSE,FALSE
trab_pop_forca_trab,trabalho,1,38,-285.2154679285342,-371.2067595664423,191.00795159188442,-590.4275333662425,416.88539351991074,-1,FALSE,FALSE
trab_pop_forca_trab,trabalho,1,39,-300.48419940708436,-395.32703740708837,175.74467209429656,-610.8958801783554,397.8055030221985,-1,FALSE,FALSE
trab_pop_forca_trab,trabalho,1,40,-312.9120699584952,-404.63696919422006,151.53300885437702,-630.6417828778451,366.2973557082256,-1,FALSE,FALSE
trab_pop_forca_trab,trabalho,1,41,-322.5816603986368,-418.97727279361015,124.63891903157904,-650.356930239635,329.840292184712,-1,FALSE,FALSE
trab_pop_forca_trab,trabalho,1,42,-329.59383575269715,-420.85298505449435,108.38402896501435,-677.3915691640346,300.65453104721433,-1,FALSE,FALSE
trab_pop_forca_trab,trabalho,1,43,-334.0654363878646,-422.91344476116876,89.95654806824379,-690.8691334137569,272.2550432142822,-1,FALSE,FALSE
trab_pop_forca_trab,trabalho,1,44,-336.1270311674774,-434.6396732518016,82.5123724649841,-702.9883666963349,252.11300944096575,-1,FALSE,FALSE
trab_pop_forca_trab,trabalho,1,45,-335.92071976873143,-434.5486802131603,73.16578795087352,-705.197206489602,234.39132472200606,-1,FALSE,FALSE
trab_pop_forca_trab,trabalho,1,46,-333.59800561836767,-445.52444683887745,66.81979301315799,-697.381202749894,231.00852073728575,-1,FALSE,FALSE
trab_pop_forca_trab,trabalho,1,47,-329.3177402916463,-444.72188805189523,57.66012589015235,-695.9088166562258,216.24407513906084,-1,FALSE,FALSE
trab_pop_forca_trab,trabalho,1,48,-323.2441639947301,-434.44208363244496,54.36954974585129,-664.959195917131,212.9791232541769,-1,FALSE,FALSE
trab_pop_ocupada,trabalho,1,0,216.8182033830393,116.86570005729669,292.3248252478967,66.55689035406311,371.55255485235887,1,TRUE,TRUE
trab_pop_ocupada,trabalho,1,1,241.07749009794705,54.67926161150226,316.94646817428713,-32.50088273373356,401.0596183538252,1,TRUE,FALSE
trab_pop_ocupada,trabalho,1,2,341.0188389898259,54.70808047128252,415.4763984245367,-71.6684885141823,529.861820681209,1,TRUE,FALSE
trab_pop_ocupada,trabalho,1,3,472.64727580946965,116.18482368159694,550.9614467575275,-48.3262368392179,677.5482648286654,1,TRUE,FALSE
trab_pop_ocupada,trabalho,1,4,533.6610036194262,116.74846550166636,637.5412699016051,-81.55108142138397,801.2453693406213,1,TRUE,FALSE
trab_pop_ocupada,trabalho,1,5,609.2038904841994,154.01032114125968,750.8220816704141,-69.46291227162074,928.1930967020332,1,TRUE,FALSE
trab_pop_ocupada,trabalho,1,6,692.4648798207874,224.17936009973286,887.5857731948777,-16.734873863671,1098.4919555157771,1,TRUE,FALSE
trab_pop_ocupada,trabalho,1,7,735.5087614773637,267.5306874066373,993.3678182628421,31.989588664928803,1217.1642220557478,1,TRUE,TRUE
trab_pop_ocupada,trabalho,1,8,775.0709075835786,326.1307734194413,1089.012174173554,58.33837303052033,1314.256266806663,1,TRUE,TRUE
trab_pop_ocupada,trabalho,1,9,807.3458106304477,362.2001369807213,1175.4961744203094,93.61072455549207,1418.4074118950302,1,TRUE,TRUE
trab_pop_ocupada,trabalho,1,10,820.6038342388609,394.6694176306282,1236.8146784120186,107.59310780583778,1490.871507135318,1,TRUE,TRUE
trab_pop_ocupada,trabalho,1,11,824.769470225109,411.3517741659114,1275.2777592802656,142.7281056124258,1564.648050172919,1,TRUE,TRUE
trab_pop_ocupada,trabalho,1,12,818.8773416472602,429.9287319642344,1288.2225477374877,141.37770061322908,1602.9193500040012,1,TRUE,TRUE
trab_pop_ocupada,trabalho,1,13,801.1298715661084,431.1563157134104,1309.860489859707,174.00116286644592,1634.1291620113145,1,TRUE,TRUE
trab_pop_ocupada,trabalho,1,14,774.6248110157553,427.9320115512669,1300.359163469389,161.19830268413182,1657.0704601186437,1,TRUE,TRUE
trab_pop_ocupada,trabalho,1,15,739.7737023367216,406.40257264026144,1291.9093264711216,166.2088642458871,1706.8764054149917,1,TRUE,TRUE
trab_pop_ocupada,trabalho,1,16,697.210332296534,390.33405382619026,1268.3724265446967,150.27753752529716,1707.7252775490456,1,TRUE,TRUE
trab_pop_ocupada,trabalho,1,17,648.601848945109,356.09422398054255,1226.1288354410278,153.37325097330302,1683.352537339002,1,TRUE,TRUE
trab_pop_ocupada,trabalho,1,18,594.7947769623406,332.8287790159001,1196.5439719850517,120.6320344810227,1674.0495995958843,1,TRUE,TRUE
trab_pop_ocupada,trabalho,1,19,536.808037278996,308.31039491906836,1159.7817399650448,89.90922764978805,1681.7685689623381,1,TRUE,TRUE
trab_pop_ocupada,trabalho,1,20,475.7694405994064,260.9345561710734,1113.0390068030115,54.752173558638454,1619.5135724641375,1,TRUE,TRUE
trab_pop_ocupada,trabalho,1,21,412.54368664712297,214.60296409867377,1057.2620866282336,26.156009293487507,1559.1186455806776,1,TRUE,TRUE
trab_pop_ocupada,trabalho,1,22,348.02801470718407,160.35186592489003,1008.2119206664222,-39.827087398915204,1488.2081627031466,1,TRUE,FALSE
trab_pop_ocupada,trabalho,1,23,283.039425840746,111.45773540325928,953.711219585609,-98.78485602302857,1422.1715318879617,1,TRUE,FALSE
trab_pop_ocupada,trabalho,1,24,218.28440905763463,61.58601819578719,891.7943969343683,-152.933864135649,1372.9891454859614,1,TRUE,FALSE
trab_pop_ocupada,trabalho,1,25,154.43768610453492,18.15652736682098,827.6948134409449,-196.09805723273234,1292.4283783242815,1,TRUE,FALSE
trab_pop_ocupada,trabalho,1,26,92.0806773987697,-27.680077986777768,749.4407946472995,-239.35990550682678,1204.2207674336212,1,FALSE,FALSE
trab_pop_ocupada,trabalho,1,27,31.71957916081178,-76.63285757470743,683.8479084508618,-299.88210312584465,1163.7145437721683,1,FALSE,FALSE
trab_pop_ocupada,trabalho,1,28,-26.188541632220485,-124.9422628351001,615.0622425862557,-365.76042414258745,1101.512935972472,-1,FALSE,FALSE
trab_pop_ocupada,trabalho,1,29,-81.26155645634657,-183.82888834474306,572.6151374115158,-414.7218954518163,1030.3213115353437,-1,FALSE,FALSE
trab_pop_ocupada,trabalho,1,30,-133.1792682425836,-258.82176285969706,495.3304611522281,-468.4266786718333,975.183681998659,-1,FALSE,FALSE
trab_pop_ocupada,trabalho,1,31,-181.67198682307034,-296.4245532135317,439.0051558286301,-511.5452681694411,905.3339576953666,-1,FALSE,FALSE
trab_pop_ocupada,trabalho,1,32,-226.52818792615642,-335.1551718886308,389.3146937761562,-560.7910957314442,832.7719386979775,-1,FALSE,FALSE
trab_pop_ocupada,trabalho,1,33,-267.58793740310836,-374.08013453616775,351.04129768745247,-613.8798661234341,796.4868415542979,-1,FALSE,FALSE
trab_pop_ocupada,trabalho,1,34,-304.73690117461933,-403.3206131694109,315.4088018040048,-648.7221333300304,713.7931257787519,-1,FALSE,FALSE
trab_pop_ocupada,trabalho,1,35,-337.9064971314598,-440.32573510390995,278.05159287879866,-675.4856870332794,642.4456747237513,-1,FALSE,FALSE
trab_pop_ocupada,trabalho,1,36,-367.069841891424,-471.3085150263163,249.15646102318127,-716.4494248799125,576.4205153195879,-1,FALSE,FALSE
trab_pop_ocupada,trabalho,1,37,-392.23775122879044,-491.77140510027886,214.40414399621375,-735.2399063232793,504.33263338826436,-1,FALSE,FALSE
trab_pop_ocupada,trabalho,1,38,-413.4563832266444,-511.7157487064423,184.18431797387993,-760.0001824563292,457.0936251577461,-1,FALSE,FALSE
trab_pop_ocupada,trabalho,1,39,-430.8038421359512,-535.0217883620859,158.41746087474579,-788.7489677808421,404.3834181182384,-1,FALSE,FALSE
trab_pop_ocupada,trabalho,1,40,-444.38680187471647,-553.6918241050091,131.33580260440465,-807.7208430077358,361.1650856171987,-1,FALSE,FALSE
trab_pop_ocupada,trabalho,1,41,-454.3375014612706,-562.6476845659366,104.87295789907711,-829.7521298796303,330.35859986110455,-1,FALSE,FALSE
trab_pop_ocupada,trabalho,1,42,-460.81056026951995,-585.0983181566276,85.46886408131196,-829.0879113971213,304.21760973548817,-1,FALSE,FALSE
trab_pop_ocupada,trabalho,1,43,-463.97986697692875,-580.2452605347805,75.52940976780714,-853.5083051643064,276.57347745673985,-1,FALSE,FALSE
trab_pop_ocupada,trabalho,1,44,-464.0355877574243,-585.7581731206288,62.93974216596427,-847.7274010678028,254.29217910008805,-1,FALSE,FALSE
trab_pop_ocupada,trabalho,1,45,-461.18123142425617,-580.981078802313,53.62864282045828,-855.2449961649362,245.78622861562513,-1,FALSE,FALSE
trab_pop_ocupada,trabalho,1,46,-455.6308381615596,-574.8548759338581,45.63486208757324,-858.5922549209489,233.04467101880067,-1,FALSE,FALSE
trab_pop_ocupada,trabalho,1,47,-447.60628666008887,-579.3499852908479,41.67637085260622,-850.5157928463335,226.73291694480943,-1,FALSE,FALSE
trab_pop_ocupada,trabalho,1,48,-437.33473858001895,-561.8529050140917,45.52035005642292,-839.6485782635589,223.5546558530567,-1,FALSE,FALSE
trab_tx_desemprego,trabalho,1,0,-0.10185662315985433,-0.12886329337967561,-0.045570136701513574,-0.16052855749006884,-0.01845754730782982,-1,TRUE,TRUE
trab_tx_desemprego,trabalho,1,1,-0.11930216690431421,-0.1532895258671379,-0.038234956255670305,-0.19620256459487606,-0.006491627679995669,-1,TRUE,TRUE
trab_tx_desemprego,trabalho,1,2,-0.1686516328241818,-0.19783397309208667,-0.054779958737105484,-0.25599864326286403,-0.016195336846212067,-1,TRUE,TRUE
trab_tx_desemprego,trabalho,1,3,-0.20674521825459086,-0.23260832771069875,-0.07126461703291569,-0.29108112442609474,-0.02233522082995606,-1,TRUE,TRUE
trab_tx_desemprego,trabalho,1,4,-0.22793448622437018,-0.2552516001190712,-0.0711862079229831,-0.3218706268189499,-0.020711496036843045,-1,TRUE,TRUE
trab_tx_desemprego,trabalho,1,5,-0.2547943238145576,-0.2824434255996768,-0.08299378195168101,-0.3579734415242209,-0.02924780623555502,-1,TRUE,TRUE
trab_tx_desemprego,trabalho,1,6,-0.2767874795873991,-0.31076673385158976,-0.09961650112644486,-0.3933870289671789,-0.03868120750314196,-1,TRUE,TRUE
trab_tx_desemprego,trabalho,1,7,-0.28519059389300183,-0.332211614314203,-0.11031215645498113,-0.4120632922475742,-0.03813378786040715,-1,TRUE,TRUE
trab_tx_desemprego,trabalho,1,8,-0.29335017396470786,-0.3546662168088114,-0.1223029336424891,-0.4338150391258876,-0.040065827540557174,-1,TRUE,TRUE
trab_tx_desemprego,trabalho,1,9,-0.29653182921808263,-0.369840255031776,-0.12841316651027188,-0.45677892134881615,-0.043603638543217034,-1,TRUE,TRUE
trab_tx_desemprego,trabalho,1,10,-0.29252409464915263,-0.3765926538874445,-0.12784323580592308,-0.47319874688739977,-0.0387732646733985,-1,TRUE,TRUE
trab_tx_desemprego,trabalho,1,11,-0.2862367202726678,-0.38447423636377953,-0.12935013094194922,-0.48262849586408973,-0.03623117047737736,-1,TRUE,TRUE
trab_tx_desemprego,trabalho,1,12,-0.2763104405680956,-0.3826263436696985,-0.12314273978693155,-0.48563824843084213,-0.03825088276157944,-1,TRUE,TRUE
trab_tx_desemprego,trabalho,1,13,-0.2625090113351873,-0.3809164449940105,-0.11535505792039481,-0.4909121334452973,-0.03568877423847511,-1,TRUE,TRUE
trab_tx_desemprego,trabalho,1,14,-0.24642490321652472,-0.37684829857866886,-0.10789423906874894,-0.49157767129068114,-0.036323453837028695,-1,TRUE,TRUE
trab_tx_desemprego,trabalho,1,15,-0.22803017767036932,-0.3738415170328363,-0.09831961291476667,-0.48581634369990373,-0.03185290296921567,-1,TRUE,TRUE
trab_tx_desemprego,trabalho,1,16,-0.20755600302863933,-0.363231330501271,-0.08716380372882046,-0.473987199769555,-0.013947080549102644,-1,TRUE,TRUE
trab_tx_desemprego,trabalho,1,17,-0.18568842247765235,-0.35404271785320796,-0.07734571013615835,-0.45703520084830895,-0.0014598212568147726,-1,TRUE,TRUE
trab_tx_desemprego,trabalho,1,18,-0.16269732377015453,-0.3387002544316403,-0.058918811447211665,-0.44111350947447703,0.014622569329643358,-1,TRUE,FALSE
trab_tx_desemprego,trabalho,1,19,-0.13889251349548976,-0.32703494516287274,-0.043997174443499265,-0.42088975795990974,0.027308108533662015,-1,TRUE,FALSE
trab_tx_desemprego,trabalho,1,20,-0.11465771320595765,-0.3087663377810838,-0.022025302450060385,-0.4131588908620233,0.046321237394989424,-1,TRUE,FALSE
trab_tx_desemprego,trabalho,1,21,-0.09026833849921621,-0.2871427116664895,-0.003077210444683432,-0.40054161515404285,0.06547647213182387,-1,TRUE,FALSE
trab_tx_desemprego,trabalho,1,22,-0.06599269694814977,-0.26729901263909017,0.017227827173627096,-0.3821337790631151,0.08854817603011628,-1,FALSE,FALSE
trab_tx_desemprego,trabalho,1,23,-0.04208089540072014,-0.2453600138402245,0.03789899105385326,-0.36440409145037356,0.10794791409692167,-1,FALSE,FALSE
trab_tx_desemprego,trabalho,1,24,-0.01874858211397837,-0.22218106570185014,0.05235438922091946,-0.35148021668731905,0.1258578476180114,-1,FALSE,FALSE
trab_tx_desemprego,trabalho,1,25,0.003807605382349282,-0.20400019154822713,0.0667399041597269,-0.33626552298979967,0.1509177352447164,1,FALSE,FALSE
trab_tx_desemprego,trabalho,1,26,0.02542133590188678,-0.1842930107852298,0.08432471417943203,-0.3210422821956421,0.1703258079700394,1,FALSE,FALSE
trab_tx_desemprego,trabalho,1,27,0.045947914452901244,-0.16432263248690754,0.10356063417584635,-0.3001876699483034,0.19285988526069542,1,FALSE,FALSE
trab_tx_desemprego,trabalho,1,28,0.06526256392722472,-0.1444794279771994,0.1183316807356052,-0.2809774123283106,0.21230394319590998,1,FALSE,FALSE
trab_tx_desemprego,trabalho,1,29,0.08326647804957914,-0.1289446307824867,0.13672110901308776,-0.25847575533715605,0.22846707565411106,1,FALSE,FALSE
trab_tx_desemprego,trabalho,1,30,0.09987997594688942,-0.11024903895507329,0.14590172169826954,-0.23779243198332992,0.2427745422535695,1,FALSE,FALSE
trab_tx_desemprego,trabalho,1,31,0.1150414546845638,-0.09593483579904595,0.1582894773332631,-0.21445114994493894,0.258361323828514,1,FALSE,FALSE
trab_tx_desemprego,trabalho,1,32,0.12870956066209333,-0.08495449795102059,0.1698780268111739,-0.19769549282083984,0.2643156978456333,1,FALSE,FALSE
trab_tx_desemprego,trabalho,1,33,0.14085958222391518,-0.07382785822422135,0.17952619761565541,-0.1747022790985981,0.26321658795056146,1,FALSE,FALSE
trab_tx_desemprego,trabalho,1,34,0.15148212469653888,-0.06296862111184423,0.19086350449652234,-0.1549790084384738,0.2742689315287244,1,FALSE,FALSE
trab_tx_desemprego,trabalho,1,35,0.16058314927587225,-0.05105399364809325,0.19816450555001514,-0.1389112811403025,0.2794826601004789,1,FALSE,FALSE
trab_tx_desemprego,trabalho,1,36,0.16818194748602452,-0.04059162415467827,0.2024098683976538,-0.1276644084346924,0.29035263265954303,1,FALSE,FALSE
trab_tx_desemprego,trabalho,1,37,0.1743097764303642,-0.030451128469455184,0.20673052989318344,-0.12043238595126586,0.30370300462541433,1,FALSE,FALSE
trab_tx_desemprego,trabalho,1,38,0.17900901105903494,-0.023406543796663626,0.21083193445400755,-0.11235971857320615,0.3090508547631249,1,FALSE,FALSE
trab_tx_desemprego,trabalho,1,39,0.18233169963003093,-0.016327214742420576,0.212099722124595,-0.09632509870140143,0.32101070291816014,1,FALSE,FALSE
trab_tx_desemprego,trabalho,1,40,0.18433828218354836,-0.010926404014214847,0.21362177033215726,-0.08653107970574872,0.31477205254362645,1,FALSE,FALSE
trab_tx_desemprego,trabalho,1,41,0.18509649697424999,-0.00800176168615736,0.211230572809966,-0.07729162426461514,0.3176201816601867,1,FALSE,FALSE
trab_tx_desemprego,trabalho,1,42,0.18468017169641976,-0.0052252975588109015,0.20934250204415977,-0.06562768182970335,0.3138264491571494,1,FALSE,FALSE
trab_tx_desemprego,trabalho,1,43,0.1831680752201619,-0.0018260512736492024,0.21049607807809764,-0.06019360937542921,0.31202927756522486,1,FALSE,FALSE
trab_tx_desemprego,trabalho,1,44,0.18064285657892062,-0.001655798062017118,0.2059720234486418,-0.057620725638669934,0.3140848935759933,1,FALSE,FALSE
trab_tx_desemprego,trabalho,1,45,0.17719000880686572,-0.0016399553910775534,0.20255058508714352,-0.056141941082741356,0.309329271695786,1,FALSE,FALSE
trab_tx_desemprego,trabalho,1,46,0.1728968889476729,-0.003300644013087021,0.19906456563013733,-0.058065046981913344,0.3009202858495194,1,FALSE,FALSE
trab_tx_desemprego,trabalho,1,47,0.16785180514248554,-0.004416028024261485,0.1968612784279256,-0.058330359968734424,0.2908788902978176,1,FALSE,FALSE
trab_tx_desemprego,trabalho,1,48,0.1621431658725406,-0.005770515999425493,0.19257151954190552,-0.058923020271343746,0.2838240892476073,1,FALSE,FALSE
trab_hrs_trabalhadas_industria,trabalho,1,0,-0.7697774315008136,-1.2189741715681832,-0.4331523324961089,-1.591701569059438,-0.17283105849816477,-1,TRUE,TRUE
trab_hrs_trabalhadas_industria,trabalho,1,1,-0.12082564012615656,-0.9383905458281088,0.1274300939012041,-1.3759444953051674,0.5404212978414075,-1,FALSE,FALSE
trab_hrs_trabalhadas_industria,trabalho,1,2,0.10355767665865001,-0.7965334146480445,0.3118242874903871,-1.2102709187819138,0.7180486452756124,1,FALSE,FALSE
trab_hrs_trabalhadas_industria,trabalho,1,3,-0.0943454982219801,-0.9104021699406182,0.1381404854330061,-1.3705669449123201,0.4828794949664217,-1,FALSE,FALSE
trab_hrs_trabalhadas_industria,trabalho,1,4,-0.04078582832688093,-0.649112238260826,0.3464118096124095,-1.031208862038822,0.6298650909421047,-1,FALSE,FALSE
trab_hrs_trabalhadas_industria,trabalho,1,5,0.004443459679537267,-0.5323390763093317,0.387754595777575,-0.8475586973560134,0.6947544383035439,1,FALSE,FALSE
trab_hrs_trabalhadas_industria,trabalho,1,6,-0.17790461248722342,-0.5566521796632053,0.3095821113933874,-0.9246065064991557,0.653888043005672,-1,FALSE,FALSE
trab_hrs_trabalhadas_industria,trabalho,1,7,-0.20132724031342783,-0.5066684413182823,0.3161210769264269,-0.8732258136872753,0.5985256049756458,-1,FALSE,FALSE
trab_hrs_trabalhadas_industria,trabalho,1,8,-0.24082933756658756,-0.5528999255218291,0.2546449093880775,-0.898308359034826,0.5248989654417332,-1,FALSE,FALSE
trab_hrs_trabalhadas_industria,trabalho,1,9,-0.33974273601974675,-0.6292786411591735,0.15770941881975548,-0.9482640715468511,0.43469733665768995,-1,FALSE,FALSE
trab_hrs_trabalhadas_industria,trabalho,1,10,-0.3800079077749618,-0.667098056333275,0.10616307025722477,-0.9737134375298813,0.3504518018219318,-1,FALSE,FALSE
trab_hrs_trabalhadas_industria,trabalho,1,11,-0.4224655765833563,-0.7324683840849896,0.028953026769113235,-1.025843262354319,0.26196114721650904,-1,FALSE,FALSE
trab_hrs_trabalhadas_industria,trabalho,1,12,-0.47904117825529896,-0.8059321675621811,-0.036048391109586825,-1.074529729712929,0.19196228122157172,-1,TRUE,FALSE
trab_hrs_trabalhadas_industria,trabalho,1,13,-0.5161422440540563,-0.8435774395506542,-0.08119568601344733,-1.0993333527542342,0.12325374166514494,-1,TRUE,FALSE
trab_hrs_trabalhadas_industria,trabalho,1,14,-0.5451479792590302,-0.8878021093160035,-0.13329923229039656,-1.162612805898108,0.07840754551709765,-1,TRUE,FALSE
trab_hrs_trabalhadas_industria,trabalho,1,15,-0.5730509318372241,-0.9172322224588926,-0.1840410746391504,-1.185693552151179,0.020226633795194935,-1,TRUE,FALSE
trab_hrs_trabalhadas_industria,trabalho,1,16,-0.5913002938001156,-0.9291178018236563,-0.21705184440548742,-1.2433327542826793,-0.019626575990990002,-1,TRUE,TRUE
trab_hrs_trabalhadas_industria,trabalho,1,17,-0.601444415604413,-0.9355024999329684,-0.25412738404561946,-1.2682431414772595,-0.05262086732095371,-1,TRUE,TRUE
trab_hrs_trabalhadas_industria,trabalho,1,18,-0.6062230016762264,-0.9426017323420647,-0.2707243611211666,-1.2788562633369192,-0.07025082213902335,-1,TRUE,TRUE
trab_hrs_trabalhadas_industria,trabalho,1,19,-0.6049414593346066,-0.9455259232463689,-0.29015870625546075,-1.292115087796489,-0.0985787335017924,-1,TRUE,TRUE
trab_hrs_trabalhadas_industria,trabalho,1,20,-0.5978968972175577,-0.9489046915904301,-0.2851987464631503,-1.29634616200618,-0.10657956318398272,-1,TRUE,TRUE
trab_hrs_trabalhadas_industria,trabalho,1,21,-0.5859691004726758,-0.9416486316807664,-0.2861734753657045,-1.2847036591086658,-0.1099600514051823,-1,TRUE,TRUE
trab_hrs_trabalhadas_industria,trabalho,1,22,-0.5699535174492025,-0.9291829380925036,-0.2772163273884938,-1.2670690375993092,-0.10849700602483751,-1,TRUE,TRUE
trab_hrs_trabalhadas_industria,trabalho,1,23,-0.5502306123074845,-0.9177936640650144,-0.27737162323040637,-1.2356701921513789,-0.10256883411371401,-1,TRUE,TRUE
trab_hrs_trabalhadas_industria,trabalho,1,24,-0.5272476348218909,-0.8948244052532637,-0.25801283565480315,-1.1841338101322803,-0.07654947624850694,-1,TRUE,TRUE
trab_hrs_trabalhadas_industria,trabalho,1,25,-0.501718093141432,-0.8851172677023281,-0.23432315033362897,-1.164952734148578,-0.04790951772908759,-1,TRUE,TRUE
trab_hrs_trabalhadas_industria,trabalho,1,26,-0.4740821627465803,-0.8599190379294204,-0.2077743135589446,-1.1367719889554557,-0.041733268587852736,-1,TRUE,TRUE
trab_hrs_trabalhadas_industria,trabalho,1,27,-0.4446998561180381,-0.8332944986211213,-0.17507862020293619,-1.0896661555736904,-8.316028238468094e-4,-1,TRUE,TRUE
trab_hrs_trabalhadas_industria,trabalho,1,28,-0.4140641571855965,-0.8008272598741987,-0.14331170257300793,-1.0694540748129961,0.02301412165215072,-1,TRUE,FALSE
trab_hrs_trabalhadas_industria,trabalho,1,29,-0.3825567383480028,-0.7638716998860969,-0.10902588217023773,-1.0440584225403695,0.06338163001595688,-1,TRUE,FALSE
trab_hrs_trabalhadas_industria,trabalho,1,30,-0.35048754152424094,-0.7168705385188534,-0.07751016736945339,-1.0092345838008523,0.1012811798270935,-1,TRUE,FALSE
trab_hrs_trabalhadas_industria,trabalho,1,31,-0.31820187611638295,-0.6821626997475106,-0.04914190793477341,-0.9681023185806239,0.13526846498348866,-1,TRUE,FALSE
trab_hrs_trabalhadas_industria,trabalho,1,32,-0.28599723081156303,-0.6397987466586628,-0.01580600203970424,-0.9315855142522764,0.16629675776550373,-1,TRUE,FALSE
trab_hrs_trabalhadas_industria,trabalho,1,33,-0.2541253765651286,-0.6052054736443664,0.016657414189657004,-0.8952002658031122,0.20660823012107468,-1,FALSE,FALSE
trab_hrs_trabalhadas_industria,trabalho,1,34,-0.22283308609690586,-0.5672537152448407,0.04848340977060695,-0.8587246310776403,0.24750921315868601,-1,FALSE,FALSE
trab_hrs_trabalhadas_industria,trabalho,1,35,-0.1923389182470546,-0.5261037146562701,0.08596818887466118,-0.8279889061520984,0.28486414458499454,-1,FALSE,FALSE
trab_hrs_trabalhadas_industria,trabalho,1,36,-0.16283023885963785,-0.48570917829967986,0.11374082418363606,-0.7960988793718108,0.32243056830907985,-1,FALSE,FALSE
trab_hrs_trabalhadas_industria,trabalho,1,37,-0.13447652333600998,-0.4436994538141105,0.14432184302195522,-0.7733917247128894,0.35852974778447166,-1,FALSE,FALSE
trab_hrs_trabalhadas_industria,trabalho,1,38,-0.10742463124752986,-0.4110186336429506,0.17976666012013548,-0.7451186561897033,0.37860607978440425,-1,FALSE,FALSE
trab_hrs_trabalhadas_industria,trabalho,1,39,-0.08179706251144854,-0.37555637258055974,0.20406210517642376,-0.7131310522919301,0.39397246159565735,-1,FALSE,FALSE
trab_hrs_trabalhadas_industria,trabalho,1,40,-0.0576960106998039,-0.3424218545982643,0.22398962483623255,-0.6842543343194516,0.4313046270477537,-1,FALSE,FALSE
trab_hrs_trabalhadas_industria,trabalho,1,41,-0.03520348208134526,-0.3119270285956254,0.24806945796732072,-0.6367205548730113,0.46043725210637754,-1,FALSE,FALSE
trab_hrs_trabalhadas_industria,trabalho,1,42,-0.014381177152275906,-0.2791263010990112,0.2648495792748256,-0.5888983536150884,0.47125168962409103,-1,FALSE,FALSE
trab_hrs_trabalhadas_industria,trabalho,1,43,0.00472794855920727,-0.24910626335717387,0.2801305400309427,-0.5540902855564939,0.5022535887759947,1,FALSE,FALSE
trab_hrs_trabalhadas_industria,trabalho,1,44,0.022098507137155582,-0.21742040468656915,0.3011928019786551,-0.51737627925037,0.5122269316981138,1,FALSE,FALSE
trab_hrs_trabalhadas_industria,trabalho,1,45,0.03772184319582011,-0.19127279476307527,0.307476089831507,-0.4745218510548584,0.5263542770055027,1,FALSE,FALSE
trab_hrs_trabalhadas_industria,trabalho,1,46,0.051604861906550364,-0.17124965183571372,0.31470160293190386,-0.4464784783177703,0.5427238639878538,1,FALSE,FALSE
trab_hrs_trabalhadas_industria,trabalho,1,47,0.06376867522543328,-0.14971134091015878,0.3352676209976556,-0.4106599625873233,0.55702967565556,1,FALSE,FALSE
trab_hrs_trabalhadas_industria,trabalho,1,48,0.07424737791501522,-0.13566182527406206,0.35290392240935536,-0.390784040514558,0.5620107740006254,1,FALSE,FALSE
trab_menos_de_1_mes,trabalho,1,0,-14.798747693367844,-24.098298448151983,-4.130939663407759,-31.503102191678884,1.6595230079320578,-1,TRUE,FALSE
trab_menos_de_1_mes,trabalho,1,1,-10.837228467985037,-30.378470397803586,-2.334535134435328,-41.35641047239127,5.584942669720585,-1,TRUE,FALSE
trab_menos_de_1_mes,trabalho,1,2,-9.912868633868172,-33.8282891884173,-1.720641192454163,-48.626768007689286,8.861184982670423,-1,TRUE,FALSE
trab_menos_de_1_mes,trabalho,1,3,-5.994535881237222,-31.734726721503037,3.380142994208411,-45.08454455725998,14.462297486953377,-1,FALSE,FALSE
trab_menos_de_1_mes,trabalho,1,4,-3.53991834969208,-29.056882847255714,9.502045337029552,-43.337385511542635,20.117268251368415,-1,FALSE,FALSE
trab_menos_de_1_mes,trabalho,1,5,-0.35708524222922605,-26.069823705170833,15.645859403701163,-38.530301652983304,28.206429569173512,-1,FALSE,FALSE
trab_menos_de_1_mes,trabalho,1,6,2.2166176102802386,-21.80325251465342,21.631480897299884,-36.50100042317951,34.68971081741512,1,FALSE,FALSE
trab_menos_de_1_mes,trabalho,1,7,5.1985483381095126,-18.553592013463955,27.234671744245603,-33.671252391674436,39.24223339247908,1,FALSE,FALSE
trab_menos_de_1_mes,trabalho,1,8,8.002079468569825,-14.831094607606218,31.58641914182153,-30.213550455086743,42.82705221847566,1,FALSE,FALSE
trab_menos_de_1_mes,trabalho,1,9,10.434694431666042,-10.726720604652407,35.10737806750632,-26.232015314280627,46.49105473355993,1,FALSE,FALSE
trab_menos_de_1_mes,trabalho,1,10,12.999471338761401,-7.438514426761282,37.980529743272605,-21.826534219230236,49.93854667149597,1,FALSE,FALSE
trab_menos_de_1_mes,trabalho,1,11,15.183967477747933,-3.705105265803928,39.899916615667784,-17.899814232399926,52.78458005084899,1,FALSE,FALSE
trab_menos_de_1_mes,trabalho,1,12,16.896934761538322,-0.4697508506772633,41.553921702324104,-14.654241319944905,55.42625247640378,1,FALSE,FALSE
trab_menos_de_1_mes,trabalho,1,13,18.367957194657183,0.6144430544527281,43.730085972548416,-12.006603183092468,58.70117758432618,1,TRUE,FALSE
trab_menos_de_1_mes,trabalho,1,14,19.51492781179083,2.780552261568603,45.98917011052492,-8.966125324249035,61.12681097724122,1,TRUE,FALSE
trab_menos_de_1_mes,trabalho,1,15,20.266089859777143,4.5215842682824645,47.4139859959306,-6.9615728095695495,61.632623253561405,1,TRUE,FALSE
trab_menos_de_1_mes,trabalho,1,16,20.72758164868229,6.229421259898007,47.79777547699171,-4.925859985695267,63.62773700907634,1,TRUE,FALSE
trab_menos_de_1_mes,trabalho,1,17,20.925711543641427,7.066759138065894,47.49126571673136,-3.9388535346188296,63.650760077829474,1,TRUE,FALSE
trab_menos_de_1_mes,trabalho,1,18,20.848494856918343,7.923873306490185,47.264923924419,-3.124287647128757,64.9788291279199,1,TRUE,FALSE
trab_menos_de_1_mes,trabalho,1,19,20.540563221142243,8.355279462228223,47.26193348337313,-1.4452011509401317,66.28335104865684,1,TRUE,FALSE
trab_menos_de_1_mes,trabalho,1,20,20.03679744090947,8.569233581215315,47.177169766089065,-1.1485270792105964,66.96107082620559,1,TRUE,FALSE
trab_menos_de_1_mes,trabalho,1,21,19.354517500299036,8.613184064369111,46.49755779101217,-0.6856006194294219,66.06427363938074,1,TRUE,FALSE
trab_menos_de_1_mes,trabalho,1,22,18.519167980290057,8.390328568644728,45.86352187484776,-1.0344377758998886,65.1279066016133,1,TRUE,FALSE
trab_menos_de_1_mes,trabalho,1,23,17.557388131711463,8.483459303135321,45.630466198737125,-1.5126423376527476,63.9916566594136,1,TRUE,FALSE
trab_menos_de_1_mes,trabalho,1,24,16.48987086300868,7.954090584587142,43.59692906157082,-1.978546585536657,62.47289685235704,1,TRUE,FALSE
trab_menos_de_1_mes,trabalho,1,25,15.335911989595482,6.94654318294235,41.9981421211019,-2.3568689403167213,60.46023641474141,1,TRUE,FALSE
trab_menos_de_1_mes,trabalho,1,26,14.114955530008938,6.107690154212878,40.416217649946766,-3.5822739466379048,59.96213754250398,1,TRUE,FALSE
trab_menos_de_1_mes,trabalho,1,27,12.844400857802134,5.238800069393284,38.77348285803337,-5.1330561322649,57.42827580930142,1,TRUE,FALSE
trab_menos_de_1_mes,trabalho,1,28,11.53980742923458,4.207995148958093,37.74817266260307,-6.339930952333978,55.73856028143617,1,TRUE,FALSE
trab_menos_de_1_mes,trabalho,1,29,10.216013264516668,2.944531706247365,35.877868074155,-7.504726263630202,53.66758031022912,1,TRUE,FALSE
trab_menos_de_1_mes,trabalho,1,30,8.886718119286405,1.2238672867878473,34.527597659740984,-8.175066334683283,52.17543723022992,1,TRUE,FALSE
trab_menos_de_1_mes,trabalho,1,31,7.564203604740233,-0.24524220787274567,33.58123961361354,-9.551927555546083,50.27894958314579,1,FALSE,FALSE
trab_menos_de_1_mes,trabalho,1,32,6.259803655662319,-1.9001476691098225,31.98356536698686,-10.773451696771186,49.037834129788635,1,FALSE,FALSE
trab_menos_de_1_mes,trabalho,1,33,4.983861332504999,-3.6724714730516275,31.08710404751912,-12.807734773953651,47.26543555131051,1,FALSE,FALSE
trab_menos_de_1_mes,trabalho,1,34,3.7455493444032446,-4.986560027628173,30.208626589506576,-14.243562992731256,45.49471113204236,1,FALSE,FALSE
trab_menos_de_1_mes,trabalho,1,35,2.5530406779603623,-6.564692615220571,29.10680974168218,-15.888226709077234,44.28594933803347,1,FALSE,FALSE
trab_menos_de_1_mes,trabalho,1,36,1.4135376482196662,-7.855204971618445,27.490385508213116,-17.93384473605136,41.69992613458357,1,FALSE,FALSE
trab_menos_de_1_mes,trabalho,1,37,0.33320175475014685,-8.952471058691048,25.751748844319096,-18.898382153759716,39.39527509968533,1,FALSE,FALSE
trab_menos_de_1_mes,trabalho,1,38,-0.6827813010377052,-9.870631639972673,24.60605643152195,-20.297928801863584,38.74400964833286,-1,FALSE,FALSE
trab_menos_de_1_mes,trabalho,1,39,-1.6301543431424592,-10.63798751344726,23.44114248599882,-21.567298270902246,38.26553556523256,-1,FALSE,FALSE
trab_menos_de_1_mes,trabalho,1,40,-2.505587861259197,-11.418431085790127,22.76881793863341,-22.900371735767397,37.2282781080744,-1,FALSE,FALSE
trab_menos_de_1_mes,trabalho,1,41,-3.306635231024282,-12.235491466316846,21.713343985405196,-24.450515241852607,35.813820039635665,-1,FALSE,FALSE
trab_menos_de_1_mes,trabalho,1,42,-4.031678389555009,-12.930320046388127,19.95321882220401,-25.73975620932113,34.69360465897007,-1,FALSE,FALSE
trab_menos_de_1_mes,trabalho,1,43,-4.679888620383994,-13.65157493999929,18.971443619793938,-26.94568204955935,32.97890056995673,-1,FALSE,FALSE
trab_menos_de_1_mes,trabalho,1,44,-5.251176000294958,-14.333047483606899,18.100917991393782,-29.20144296845766,31.979346892951714,-1,FALSE,FALSE
trab_menos_de_1_mes,trabalho,1,45,-5.746130697345749,-15.235120947406852,16.922350979921593,-29.792223355796725,31.47971550920217,-1,FALSE,FALSE
trab_menos_de_1_mes,trabalho,1,46,-6.165967408501847,-16.28678029579067,15.42795541849052,-31.53622386420445,30.6102686507968,-1,FALSE,FALSE
trab_menos_de_1_mes,trabalho,1,47,-6.512468159928772,-17.013973984369223,14.268691879479004,-31.71457095185102,29.645974063796217,-1,FALSE,FALSE
trab_menos_de_1_mes,trabalho,1,48,-6.787922151064806,-16.869962422909644,13.133162385209951,-32.34806666233527,28.630688158146313,-1,FALSE,FALSE
trab_de_1_mes_a_menos_de_1_ano,trabalho,1,0,-38.26813335168129,-73.145968313608,6.222706705157651,-100.48589905741494,32.01038659184885,-1,FALSE,FALSE
trab_de_1_mes_a_menos_de_1_ano,trabalho,1,1,-74.52192852884146,-100.13610312025858,14.872831899118301,-139.83783929391248,56.83644712317708,-1,FALSE,FALSE
trab_de_1_mes_a_menos_de_1_ano,trabalho,1,2,-83.25151688867723,-104.68969902078042,35.32215562378944,-152.20803188464973,88.77869274399592,-1,FALSE,FALSE
trab_de_1_mes_a_menos_de_1_ano,trabalho,1,3,-112.2523059462005,-129.79520486958234,27.694553994375376,-180.03676413730045,79.95746726188945,-1,FALSE,FALSE
trab_de_1_mes_a_menos_de_1_ano,trabalho,1,4,-124.9631007934859,-154.58023454955975,15.361872077779164,-204.1268078811171,73.26343522925607,-1,FALSE,FALSE
trab_de_1_mes_a_menos_de_1_ano,trabalho,1,5,-131.13623877453713,-165.99785859298416,7.9325527830071385,-228.4636266647411,69.0034546668937,-1,FALSE,FALSE
trab_de_1_mes_a_menos_de_1_ano,trabalho,1,6,-139.40967639259856,-189.54885963322468,-10.916863744394039,-253.4487903626311,57.0796821415998,-1,TRUE,FALSE
trab_de_1_mes_a_menos_de_1_ano,trabalho,1,7,-146.2214939126758,-212.80953303969707,-22.275835871441206,-274.8786331794923,39.39503606130662,-1,TRUE,FALSE
trab_de_1_mes_a_menos_de_1_ano,trabalho,1,8,-147.5018379768402,-220.73942623666807,-28.86999099829459,-281.55183723674185,37.04417781477765,-1,TRUE,FALSE
trab_de_1_mes_a_menos_de_1_ano,trabalho,1,9,-148.06310874484288,-230.01975684066082,-35.02817549237217,-289.79960714617783,28.72980343832651,-1,TRUE,FALSE
trab_de_1_mes_a_menos_de_1_ano,trabalho,1,10,-148.92369509235883,-238.26564474289077,-41.765597201656256,-300.02446029875074,21.93285373604544,-1,TRUE,FALSE
trab_de_1_mes_a_menos_de_1_ano,trabalho,1,11,-146.73627530260575,-236.11327058455453,-47.85351653271708,-308.5793982410029,15.33132136584729,-1,TRUE,FALSE
trab_de_1_mes_a_menos_de_1_ano,trabalho,1,12,-142.8917790106795,-234.95304135771565,-47.96553539296483,-306.51574038984046,11.81049855861997,-1,TRUE,FALSE
trab_de_1_mes_a_menos_de_1_ano,trabalho,1,13,-138.24713025834816,-232.26490206073925,-50.77507680765564,-305.75023335449157,5.133061895586306,-1,TRUE,FALSE
trab_de_1_mes_a_menos_de_1_ano,trabalho,1,14,-132.05713099944413,-228.4888657162245,-50.14207619244877,-300.41023439500356,7.398293753774686,-1,TRUE,FALSE
trab_de_1_mes_a_menos_de_1_ano,trabalho,1,15,-124.42601540503314,-225.05518967742074,-43.91195051665845,-297.0813223640114,4.293456732897182,-1,TRUE,FALSE
trab_de_1_mes_a_menos_de_1_ano,trabalho,1,16,-115.89146126149818,-218.62851733399165,-41.88607404753097,-292.8642611643092,5.036288970686229,-1,TRUE,FALSE
trab_de_1_mes_a_menos_de_1_ano,trabalho,1,17,-106.48599721696837,-210.10709279098222,-36.226956723440345,-287.6102794569327,10.49759769828278,-1,TRUE,FALSE
trab_de_1_mes_a_menos_de_1_ano,trabalho,1,18,-96.25229850199585,-199.78684678544195,-32.916753564365855,-285.15469852245036,14.008847633805022,-1,TRUE,FALSE
trab_de_1_mes_a_menos_de_1_ano,trabalho,1,19,-85.45575556366636,-191.8440440144529,-25.92919293900011,-272.7425884796494,19.391343828012303,-1,TRUE,FALSE
trab_de_1_mes_a_menos_de_1_ano,trabalho,1,20,-74.25658825474932,-182.336219824798,-18.622070394355244,-263.2107775566207,23.019005511509203,-1,TRUE,FALSE
trab_de_1_mes_a_menos_de_1_ano,trabalho,1,21,-62.76295174112245,-171.00230654664153,-10.152008931630558,-243.79928201321115,29.329662792117485,-1,TRUE,FALSE
trab_de_1_mes_a_menos_de_1_ano,trabalho,1,22,-51.13288815557803,-159.26980512752527,-0.5711391491519787,-235.632496158133,43.91184134195255,-1,TRUE,FALSE
trab_de_1_mes_a_menos_de_1_ano,trabalho,1,23,-39.510813817073426,-149.65822236767963,8.346670249127593,-218.92158867200737,53.289408690813104,-1,FALSE,FALSE
trab_de_1_mes_a_menos_de_1_ano,trabalho,1,24,-28.006802688263804,-138.27863861437658,15.121150051675283,-209.5682567563777,69.02947009255296,-1,FALSE,FALSE
trab_de_1_mes_a_menos_de_1_ano,trabalho,1,25,-16.731060187540564,-129.40878991953895,24.565145465720775,-201.57511266496894,75.82746248590428,-1,FALSE,FALSE
trab_de_1_mes_a_menos_de_1_ano,trabalho,1,26,-5.787020582272171,-118.7964141099124,36.06591644031846,-191.24460636721187,86.79363339380932,-1,FALSE,FALSE
trab_de_1_mes_a_menos_de_1_ano,trabalho,1,27,4.742235321607984,-109.9641389071081,45.59548949998458,-178.3433309744488,101.93235191810955,1,FALSE,FALSE
trab_de_1_mes_a_menos_de_1_ano,trabalho,1,28,14.783422616015343,-101.59889555414162,53.754239359614814,-163.48828009318999,107.211210020815,1,FALSE,FALSE
trab_de_1_mes_a_menos_de_1_ano,trabalho,1,29,24.271438907854517,-91.11282260676988,59.895099597313056,-156.74755563545628,115.61027203451484,1,FALSE,FALSE
trab_de_1_mes_a_menos_de_1_ano,trabalho,1,30,33.154575443637754,-82.68120796518318,68.88052549510593,-149.30156564868187,122.42580937635678,1,FALSE,FALSE
trab_de_1_mes_a_menos_de_1_ano,trabalho,1,31,41.391592528265626,-73.2139296014645,77.19316460305625,-139.73252579787612,130.24822005873773,1,FALSE,FALSE
trab_de_1_mes_a_menos_de_1_ano,trabalho,1,32,48.949488805876435,-63.69550047283795,84.24319776389423,-125.38184484018782,137.4428191708394,1,FALSE,FALSE
trab_de_1_mes_a_menos_de_1_ano,trabalho,1,33,55.80494916144474,-58.87044666139096,92.25192139301932,-117.09909376590785,142.94278970522075,1,FALSE,FALSE
trab_de_1_mes_a_menos_de_1_ano,trabalho,1,34,61.94350138192688,-52.174163990186216,97.15281157605065,-108.26835766294549,154.00456414933464,1,FALSE,FALSE
trab_de_1_mes_a_menos_de_1_ano,trabalho,1,35,67.35797185194231,-46.69952159275358,103.98604107029234,-99.77721533010215,158.15559611060522,1,FALSE,FALSE
trab_de_1_mes_a_menos_de_1_ano,trabalho,1,36,72.04843448936602,-41.92254749133524,107.05701141424385,-90.77796417062436,161.1893220471022,1,FALSE,FALSE
trab_de_1_mes_a_menos_de_1_ano,trabalho,1,37,76.02176186645043,-36.11103941636252,106.59657854903598,-81.69210030820311,160.99821440250992,1,FALSE,FALSE
trab_de_1_mes_a_menos_de_1_ano,trabalho,1,38,79.29066314976812,-31.002414070071282,109.9803177301515,-74.10588912213434,165.15650788011794,1,FALSE,FALSE
trab_de_1_mes_a_menos_de_1_ano,trabalho,1,39,81.87316709398608,-27.122333113933227,112.7189206167121,-70.05450354166457,166.69709425451987,1,FALSE,FALSE
trab_de_1_mes_a_menos_de_1_ano,trabalho,1,40,83.79215435247247,-22.38515771773446,114.23153022666393,-65.043255668682,171.61360925346307,1,FALSE,FALSE
trab_de_1_mes_a_menos_de_1_ano,trabalho,1,41,85.07468202788026,-17.737848036426303,114.063568779814,-60.982996512858385,171.98142198421596,1,FALSE,FALSE
trab_de_1_mes_a_menos_de_1_ano,trabalho,1,42,85.7514013560361,-15.647416772209155,114.69958751078596,-53.258320329115456,173.20603790613166,1,FALSE,FALSE
trab_de_1_mes_a_menos_de_1_ano,trabalho,1,43,85.85605538896333,-15.057810749006217,114.8990731859146,-50.03370306872044,172.55103409870807,1,FALSE,FALSE
trab_de_1_mes_a_menos_de_1_ano,trabalho,1,44,85.42493063915956,-13.538791273170053,113.43709183682495,-46.27889289278396,175.35407016932945,1,FALSE,FALSE
trab_de_1_mes_a_menos_de_1_ano,trabalho,1,45,84.49632766628851,-10.62878238352746,108.8095175625931,-44.853076662952375,173.52097834866623,1,FALSE,FALSE
trab_de_1_mes_a_menos_de_1_ano,trabalho,1,46,83.11008365102508,-10.263914057818177,106.65053657117406,-46.18148659442744,168.6066557389372,1,FALSE,FALSE
trab_de_1_mes_a_menos_de_1_ano,trabalho,1,47,81.30710767317517,-12.053596783370924,103.40670007452607,-48.1236211300699,162.50508287293013,1,FALSE,FALSE
trab_de_1_mes_a_menos_de_1_ano,trabalho,1,48,79.1289344414959,-12.070353578097256,100.95700665696046,-44.770775011272015,156.4218906344391,1,FALSE,FALSE
trab_de_1_ano_a_menos_de_2_anos,trabalho,1,0,-44.884652930668565,-55.82909322373357,-12.695398627855464,-70.57972981621934,-0.5059806268494619,-1,TRUE,TRUE
trab_de_1_ano_a_menos_de_2_anos,trabalho,1,1,-51.63423138213957,-67.49018824777568,-14.392920216719462,-85.22441461956343,3.945175311406135,-1,TRUE,FALSE
trab_de_1_ano_a_menos_de_2_anos,trabalho,1,2,-63.86721264951922,-80.44426370716646,-16.47314402818698,-101.73907852286999,4.4537397153793785,-1,TRUE,FALSE
trab_de_1_ano_a_menos_de_2_anos,trabalho,1,3,-75.8856817541379,-94.94201917458433,-21.67449074975311,-118.24460959939816,1.0250952327816594,-1,TRUE,FALSE
trab_de_1_ano_a_menos_de_2_anos,trabalho,1,4,-81.28020156491517,-98.78912508930311,-21.283078881424867,-127.16968327997304,5.272519615834224,-1,TRUE,FALSE
trab_de_1_ano_a_menos_de_2_anos,trabalho,1,5,-86.25246446187973,-105.8236926703749,-22.544617202692017,-136.32675088314457,4.621799857272851,-1,TRUE,FALSE
trab_de_1_ano_a_menos_de_2_anos,trabalho,1,6,-89.42809652987717,-109.75394441061245,-22.69219215107162,-140.91636511651836,5.196282108682348,-1,TRUE,FALSE
trab_de_1_ano_a_menos_de_2_anos,trabalho,1,7,-88.31888477643076,-115.61052727664556,-20.877987411415823,-146.57622748169584,3.8960774429320737,-1,TRUE,FALSE
trab_de_1_ano_a_menos_de_2_anos,trabalho,1,8,-86.86278641774885,-115.78449242155152,-19.65389140975176,-153.55402256590264,7.065712922791285,-1,TRUE,FALSE
trab_de_1_ano_a_menos_de_2_anos,trabalho,1,9,-83.68907362008477,-117.98265250216875,-18.30068777966241,-157.97140882841674,7.8975620529308195,-1,TRUE,FALSE
trab_de_1_ano_a_menos_de_2_anos,trabalho,1,10,-78.37198096674416,-117.92452462535302,-16.844581158545076,-161.44388761060657,11.37211716216679,-1,TRUE,FALSE
trab_de_1_ano_a_menos_de_2_anos,trabalho,1,11,-72.78168389897617,-115.6827103864889,-13.865061592524135,-160.96424427907004,13.644719928791396,-1,TRUE,FALSE
trab_de_1_ano_a_menos_de_2_anos,trabalho,1,12,-66.35080458316754,-113.96647770004128,-11.322495542678709,-163.02381719962295,15.287183601694771,-1,TRUE,FALSE
trab_de_1_ano_a_menos_de_2_anos,trabalho,1,13,-59.10295398033751,-109.36621593895936,-9.179312610671248,-160.37870787344815,16.24086623496458,-1,TRUE,FALSE
trab_de_1_ano_a_menos_de_2_anos,trabalho,1,14,-51.66823911565999,-106.97275029494472,-6.1545439335275836,-154.97092988401982,21.05529217881309,-1,TRUE,FALSE
trab_de_1_ano_a_menos_de_2_anos,trabalho,1,15,-43.96725485534293,-103.31889889316234,-3.562346996543152,-150.688047188871,22.982355660369564,-1,TRUE,FALSE
trab_de_1_ano_a_menos_de_2_anos,trabalho,1,16,-36.06260454460558,-100.41332941025345,0.949193209850008,-144.07400891043054,26.507920194790252,-1,FALSE,FALSE
trab_de_1_ano_a_menos_de_2_anos,trabalho,1,17,-28.173467208922872,-94.74268095653483,4.359986954083626,-138.29037689692632,29.23728871812961,-1,FALSE,FALSE
trab_de_1_ano_a_menos_de_2_anos,trabalho,1,18,-20.335854373006097,-89.1951304096009,8.151504324567437,-135.5907546051932,33.86306502275659,-1,FALSE,FALSE
trab_de_1_ano_a_menos_de_2_anos,trabalho,1,19,-12.61388394268271,-81.8630314205174,12.834242963024284,-132.27584248089386,36.50838675136051,-1,FALSE,FALSE
trab_de_1_ano_a_menos_de_2_anos,trabalho,1,20,-5.098967870813183,-77.08613591005883,18.314622829705122,-126.25014648824529,41.842240325075544,-1,FALSE,FALSE
trab_de_1_ano_a_menos_de_2_anos,trabalho,1,21,2.164794593870199,-70.47301984002809,21.795532950262615,-118.11135943268675,48.0242117116447,1,FALSE,FALSE
trab_de_1_ano_a_menos_de_2_anos,trabalho,1,22,9.126842087687116,-64.4787830485265,27.76884762006014,-111.17463140429588,54.52946630383246,1,FALSE,FALSE
trab_de_1_ano_a_menos_de_2_anos,trabalho,1,23,15.739920225828342,-57.550258182674504,33.573653622847736,-104.01396102144398,58.235338914511736,1,FALSE,FALSE
trab_de_1_ano_a_menos_de_2_anos,trabalho,1,24,21.970198487140653,-52.587149746748196,37.769202638330206,-98.5598988700048,66.25213240097666,1,FALSE,FALSE
trab_de_1_ano_a_menos_de_2_anos,trabalho,1,25,27.78518872015801,-49.143771801035925,42.710815256563535,-90.97065181594981,71.92192998174615,1,FALSE,FALSE
trab_de_1_ano_a_menos_de_2_anos,trabalho,1,26,33.15944911504793,-43.4078121177385,46.465546336107,-88.08480048877942,76.38618729624862,1,FALSE,FALSE
trab_de_1_ano_a_menos_de_2_anos,trabalho,1,27,38.07381921263748,-39.07423084327017,49.817942648905635,-83.78951892162422,81.87335044185163,1,FALSE,FALSE
trab_de_1_ano_a_menos_de_2_anos,trabalho,1,28,42.51315012154505,-34.221043879389974,53.38025154765679,-76.99507184110573,86.296740898506485,1,FALSE,FALSE
trab_de_1_ano_a_menos_de_2_anos,trabalho,1,29,46.468526002467534,-30.976467601310425,56.730010083787526,-69.54568870650219,90.58940632097698,1,FALSE,FALSE
trab_de_1_ano_a_menos_de_2_anos,trabalho,1,30,49.93577162573394,-26.387555076205118,58.25697152811524,-64.33268911204266,91.25849824691285,1,FALSE,FALSE
trab_de_1_ano_a_menos_de_2_anos,trabalho,1,31,52.91494386404699,-23.376440406172907,60.66048301078179,-58.38467719670766,95.95568605145199,1,FALSE,FALSE
trab_de_1_ano_a_menos_de_2_anos,trabalho,1,32,55.41099320763662,-19.793971128635217,62.53047984132863,-55.77398605065297,96.98847474466757,1,FALSE,FALSE
trab_de_1_ano_a_menos_de_2_anos,trabalho,1,33,57.4327308356663,-17.05886403084949,63.726334670439016,-48.530067631060504,97.2008651771624,1,FALSE,FALSE
trab_de_1_ano_a_menos_de_2_anos,trabalho,1,34,58.99247040194057,-15.10539354528812,64.05165961604594,-44.54946547121061,99.2057155437459,1,FALSE,FALSE
trab_de_1_ano_a_menos_de_2_anos,trabalho,1,35,60.10602466529719,-12.614638312409589,64.95920288677334,-40.57701573239261,98.49237690927805,1,FALSE,FALSE
trab_de_1_ano_a_menos_de_2_anos,trabalho,1,36,60.79204053471499,-10.438760322137131,65.0996744401294,-36.94876464095088,98.4266257364026,1,FALSE,FALSE
trab_de_1_ano_a_menos_de_2_anos,trabalho,1,37,61.07161022481135,-9.052088213878962,66.39167488006143,-33.596643525946675,97.8580263392345,1,FALSE,FALSE
trab_de_1_ano_a_menos_de_2_anos,trabalho,1,38,60.96801549369017,-6.971644674926267,65.33191493719823,-31.129720034982874,98.2905321418905,1,FALSE,FALSE
trab_de_1_ano_a_menos_de_2_anos,trabalho,1,39,60.50626309763918,-6.5634230942826,65.19113044209692,-28.37793148060472,100.25040855045407,1,FALSE,FALSE
trab_de_1_ano_a_menos_de_2_anos,trabalho,1,40,59.712715102706156,-6.125922490440335,64.28680357099682,-26.891682776620033,100.49218238545251,1,FALSE,FALSE
trab_de_1_ano_a_menos_de_2_anos,trabalho,1,41,58.614779354107995,-5.852028169968545,62.47425817701222,-25.688395443463417,101.31999838273026,1,FALSE,FALSE
trab_de_1_ano_a_menos_de_2_anos,trabalho,1,42,57.24055799458114,-5.661063876433001,62.36127602616509,-26.890885719915214,101.0675259382248,1,FALSE,FALSE
trab_de_1_ano_a_menos_de_2_anos,trabalho,1,43,55.61853553572186,-6.385440582231289,61.59348360114391,-28.704863399233286,99.59068286552315,1,FALSE,FALSE
trab_de_1_ano_a_menos_de_2_anos,trabalho,1,44,53.77730116592946,-7.021424709599952,61.09129829877973,-27.35609043259068,96.56141789723772,1,FALSE,FALSE
trab_de_1_ano_a_menos_de_2_anos,trabalho,1,45,51.745280199855245,-7.168993446046297,58.330276628621874,-27.523154706621092,93.56658066483426,1,FALSE,FALSE
trab_de_1_ano_a_menos_de_2_anos,trabalho,1,46,49.550492241200445,-7.990877863887842,56.13228433200724,-27.10391030654723,91.30072806056991,1,FALSE,FALSE
trab_de_1_ano_a_menos_de_2_anos,trabalho,1,47,47.22033504735857,-8.672044433009386,54.14458578625404,-27.215056212937053,89.60878150198708,1,FALSE,FALSE
trab_de_1_ano_a_menos_de_2_anos,trabalho,1,48,44.78138956207944,-10.427768688118512,53.1260532517327,-28.90851436630742,86.56611419766645,1,FALSE,FALSE
trab_x2_anos_ou_mais,trabalho,1,0,-20.46990190815735,-37.595795932766656,2.206849293357075,-50.30281126257786,16.040183310424247,-1,FALSE,FALSE
trab_x2_anos_ou_mais,trabalho,1,1,-12.062844850490755,-38.804576236949856,10.800332537902703,-52.37521543798237,24.742109670325533,-1,FALSE,FALSE
trab_x2_anos_ou_mais,trabalho,1,2,-19.937117897583256,-50.26604262760263,6.77645531065223,-64.62626502099674,23.66974064713351,-1,FALSE,FALSE
trab_x2_anos_ou_mais,trabalho,1,3,-26.221155138304457,-57.06248824752671,6.974423741448528,-73.70886481369982,23.16109101197419,-1,FALSE,FALSE
trab_x2_anos_ou_mais,trabalho,1,4,-28.78995656580898,-58.116849849266046,11.707701581605987,-76.26270903467183,31.680611566663714,-1,FALSE,FALSE
trab_x2_anos_ou_mais,trabalho,1,5,-34.23642095711801,-59.98240914479631,13.12380222810407,-81.36372802901148,34.333243100844605,-1,FALSE,FALSE
trab_x2_anos_ou_mais,trabalho,1,6,-39.631701144355866,-61.987521404520216,14.86449545411724,-85.71525752911683,36.53910288787474,-1,FALSE,FALSE
trab_x2_anos_ou_mais,trabalho,1,7,-40.59915144503542,-62.14294835216862,16.198518121159854,-86.69561214200655,37.83477142961849,-1,FALSE,FALSE
trab_x2_anos_ou_mais,trabalho,1,8,-42.886838310191855,-64.82308605579885,14.450895174851295,-87.38599443862971,39.071738808316944,-1,FALSE,FALSE
trab_x2_anos_ou_mais,trabalho,1,9,-44.39373782760812,-64.22886074323696,12.593374712555992,-88.40001511949505,41.175803563491954,-1,FALSE,FALSE
trab_x2_anos_ou_mais,trabalho,1,10,-43.52016890777598,-62.695766109922516,12.235689615052035,-87.1816970144983,41.35806747428858,-1,FALSE,FALSE
trab_x2_anos_ou_mais,trabalho,1,11,-42.80239863980582,-63.44114373279346,11.186272990234329,-86.50871841390959,39.42302441638418,-1,FALSE,FALSE
trab_x2_anos_ou_mais,trabalho,1,12,-41.557820164394236,-62.129650336489085,9.63932224545557,-86.24857578142223,38.48774479906214,-1,FALSE,FALSE
trab_x2_anos_ou_mais,trabalho,1,13,-39.33824464426962,-60.39558823017547,9.49034231122695,-83.70961526814875,38.73180529119667,-1,FALSE,FALSE
trab_x2_anos_ou_mais,trabalho,1,14,-36.85080321536363,-58.00019789339891,10.423627669121185,-81.5023445520312,37.53753338764065,-1,FALSE,FALSE
trab_x2_anos_ou_mais,trabalho,1,15,-34.06940519366025,-55.303151306937835,9.479144690971959,-79.90943203024348,36.342725176614955,-1,FALSE,FALSE
trab_x2_anos_ou_mais,trabalho,1,16,-30.886788142558302,-51.32811865011771,9.50233512057765,-77.71748293629437,35.401709781075304,-1,FALSE,FALSE
trab_x2_anos_ou_mais,trabalho,1,17,-27.500657034558262,-49.02614496321974,10.030081244552756,-75.08088545694751,34.64954567164772,-1,FALSE,FALSE
trab_x2_anos_ou_mais,trabalho,1,18,-23.9743111874806,-47.25996255329996,11.08588284123963,-70.74631438177195,35.02615195605928,-1,FALSE,FALSE
trab_x2_anos_ou_mais,trabalho,1,19,-20.325643343653628,-43.98956535806447,12.17616317441775,-65.9533568312564,33.536732044663125,-1,FALSE,FALSE
trab_x2_anos_ou_mais,trabalho,1,20,-16.62408069879666,-41.829907909205005,14.094668426049928,-63.635937876053234,35.24806211248093,-1,FALSE,FALSE
trab_x2_anos_ou_mais,trabalho,1,21,-12.916864377583604,-40.08238872188705,15.529121642257634,-60.235838032242505,36.80646732223382,-1,FALSE,FALSE
trab_x2_anos_ou_mais,trabalho,1,22,-9.242682971317006,-37.60050047274366,18.056089271196335,-56.189105742634574,38.57914081795209,-1,FALSE,FALSE
trab_x2_anos_ou_mais,trabalho,1,23,-5.63645417607429,-36.15862723258156,19.65958216631823,-52.80270360431674,40.36062187897615,-1,FALSE,FALSE
trab_x2_anos_ou_mais,trabalho,1,24,-2.12977865478112,-32.80319510781347,21.8601247135706,-49.806263017836734,42.57648200221166,-1,FALSE,FALSE
trab_x2_anos_ou_mais,trabalho,1,25,1.24744731560266,-29.606213492365633,24.42750259890558,-46.394349779062516,43.95275020107553,1,FALSE,FALSE
trab_x2_anos_ou_mais,trabalho,1,26,4.473145330422263,-26.903969176133618,26.187639213722456,-45.077379850581146,47.98917081404919,1,FALSE,FALSE
trab_x2_anos_ou_mais,trabalho,1,27,7.527257993097804,-24.56196758264075,27.761698001711203,-42.05585015687214,50.79704595667052,1,FALSE,FALSE
trab_x2_anos_ou_mais,trabalho,1,28,10.391354220016789,-22.254482714222682,29.863289319544297,-40.83789497104225,53.35190396229031,1,FALSE,FALSE
trab_x2_anos_ou_mais,trabalho,1,29,13.05243099817714,-19.761585064510687,32.445149859832505,-39.63072360583748,55.61116652298679,1,FALSE,FALSE
trab_x2_anos_ou_mais,trabalho,1,30,15.499862556282608,-17.52067492317492,33.83640915289901,-37.59914218895755,60.41878602695881,1,FALSE,FALSE
trab_x2_anos_ou_mais,trabalho,1,31,17.724955151127226,-15.88586722306228,35.79620361756592,-35.83867243297784,63.26311082892568,1,FALSE,FALSE
trab_x2_anos_ou_mais,trabalho,1,32,19.722612546573934,-14.541295947690461,37.61856532006288,-32.781392521235105,63.55434415176326,1,FALSE,FALSE
trab_x2_anos_ou_mais,trabalho,1,33,21.490068870644176,-13.523400760791281,38.96442533424927,-30.742077267265266,64.76624489165387,1,FALSE,FALSE
trab_x2_anos_ou_mais,trabalho,1,34,23.026487329693325,-12.192203379076128,40.045314903942995,-28.00132484041965,64.34811829891804,1,FALSE,FALSE
trab_x2_anos_ou_mais,trabalho,1,35,24.333490144420516,-10.934705069082792,40.73856466247941,-26.333230012738383,66.54370258439143,1,FALSE,FALSE
trab_x2_anos_ou_mais,trabalho,1,36,25.41465252138528,-9.939419753675434,41.378801063049224,-24.264025755323363,67.30682368208832,1,FALSE,FALSE
trab_x2_anos_ou_mais,trabalho,1,37,26.275187055269107,-9.343452597346552,41.600127004682186,-22.152341973380945,69.49491309088027,1,FALSE,FALSE
trab_x2_anos_ou_mais,trabalho,1,38,26.92198436432342,-8.220112865842523,41.498520037740725,-20.475723634581183,70.5087154112968,1,FALSE,FALSE
trab_x2_anos_ou_mais,trabalho,1,39,27.363360652674498,-6.923968014436486,42.06674569719817,-18.655386848929517,70.05286694067333,1,FALSE,FALSE
trab_x2_anos_ou_mais,trabalho,1,40,27.608817388439302,-6.140376538413096,42.137713697331016,-17.215716491900846,68.69168648615587,1,FALSE,FALSE
trab_x2_anos_ou_mais,trabalho,1,41,27.66891766934649,-5.41942723063822,41.78299035528705,-15.78846575368555,67.79291696716163,1,FALSE,FALSE
trab_x2_anos_ou_mais,trabalho,1,42,27.555104820342827,-4.890246223094611,40.163290448268114,-14.725747512406732,68.99939919730714,1,FALSE,FALSE
trab_x2_anos_ou_mais,trabalho,1,43,27.279514528826148,-4.141804661768355,39.71290779076591,-13.796166419514197,67.38745866472227,1,FALSE,FALSE
trab_x2_anos_ou_mais,trabalho,1,44,26.854821318869874,-3.735507210740381,39.332097965166966,-13.050391983029332,67.97452635124426,1,FALSE,FALSE
trab_x2_anos_ou_mais,trabalho,1,45,26.29408620186038,-2.9237110843060004,39.65596480042422,-12.967941285851602,68.9062647407028,1,FALSE,FALSE
trab_x2_anos_ou_mais,trabalho,1,46,25.610606875212966,-2.9590768478668563,38.17217160715461,-12.968674905918174,66.34983260663316,1,FALSE,FALSE
trab_x2_anos_ou_mais,trabalho,1,47,24.817780962852126,-2.722103469709187,37.52603045859446,-12.69489554613756,64.76981180468835,1,FALSE,FALSE
trab_x2_anos_ou_mais,trabalho,1,48,23.928980886686947,-2.6283342271408277,35.77379644961143,-12.412817355240012,62.579081551073656,1,FALSE,FALSE
price_ipca,precos,1,0,-0.054901182255874315,-0.13549349817197548,0.028647785796382653,-0.20432094128549028,0.08431388840167656,-1,FALSE,FALSE
price_ipca,precos,1,1,0.020166941074051047,-0.0983059581305341,0.08590057612913718,-0.16371802410554553,0.14990716741059723,1,FALSE,FALSE
price_ipca,precos,1,2,0.03327940252805015,-0.09370274220236183,0.10992390883111867,-0.1648863859645673,0.17434399880920448,1,FALSE,FALSE
price_ipca,precos,1,3,0.08266179770102972,-0.03277294660087435,0.17647679462985713,-0.10530739356096126,0.24995985646041283,1,FALSE,FALSE
price_ipca,precos,1,4,0.10886671365799877,-0.006066979584858753,0.22646356843639942,-0.08099193719823626,0.3093094300143461,1,FALSE,FALSE
price_ipca,precos,1,5,0.13054835631600661,0.01579022767379171,0.26968489524408856,-0.058159375069246295,0.3568805678584943,1,TRUE,FALSE
price_ipca,precos,1,6,0.12121481909426718,0.006904638255949932,0.27178647912535403,-0.07324752909015983,0.36490828792225166,1,TRUE,FALSE
price_ipca,precos,1,7,0.11478956900795305,-0.0019424572454043475,0.27849305677342,-0.07446790378287724,0.38339472967453103,1,FALSE,FALSE
price_ipca,precos,1,8,0.10861880364067111,-0.012255956154437387,0.288123860943462,-0.08665257872064075,0.39248033561488316,1,FALSE,FALSE
price_ipca,precos,1,9,0.08814691487068815,-0.0254307500345059,0.2749781481941487,-0.10343161443511732,0.38108067851359395,1,FALSE,FALSE
price_ipca,precos,1,10,0.0669265433008773,-0.0429624167399037,0.2633493666999216,-0.11459122814811643,0.3757128096894206,1,FALSE,FALSE
price_ipca,precos,1,11,0.04776345536715213,-0.05684415982815067,0.25865235484366456,-0.12244572608435156,0.37816553272115794,1,FALSE,FALSE
price_ipca,precos,1,12,0.023518356779786084,-0.07115090156698071,0.23959826144127816,-0.14028167394006277,0.37698453025587986,1,FALSE,FALSE
price_ipca,precos,1,13,-7.032375510385938e-4,-0.08504625769372512,0.22700690925709346,-0.15998573738975125,0.37112615647633906,-1,FALSE,FALSE
price_ipca,precos,1,14,-0.022422941532978326,-0.09743706477389028,0.21667020113109475,-0.17562611433484945,0.3572373585778137,-1,FALSE,FALSE
price_ipca,precos,1,15,-0.04424946683093115,-0.1114760119686155,0.19768511883501852,-0.18326393356787898,0.3466504056732136,-1,FALSE,FALSE
price_ipca,precos,1,16,-0.06477632953182164,-0.12563020186304596,0.18184949893156774,-0.1995400144087024,0.3392227090655863,-1,FALSE,FALSE
price_ipca,precos,1,17,-0.08301075358731336,-0.13785140401195006,0.16407194323997792,-0.20736465869881093,0.3280981734856261,-1,FALSE,FALSE
price_ipca,precos,1,18,-0.09974875828424158,-0.1504044089079613,0.15210525528172092,-0.21880809223984676,0.3164403304048561,-1,FALSE,FALSE
price_ipca,precos,1,19,-0.11478523396681618,-0.16228918283852253,0.13631309484976956,-0.23048641313070606,0.30140043569428987,-1,FALSE,FALSE
price_ipca,precos,1,20,-0.12784373982074013,-0.17139470785712968,0.12581487083001278,-0.247250718648548,0.2887452028749616,-1,FALSE,FALSE
price_ipca,precos,1,21,-0.13916583512205744,-0.18283458442163236,0.1111209297496113,-0.2586695461109291,0.2761282581735617,-1,FALSE,FALSE
price_ipca,precos,1,22,-0.14881570614555728,-0.18891553656771587,0.09636797919244827,-0.2673292026277225,0.2534094588119555,-1,FALSE,FALSE
price_ipca,precos,1,23,-0.15678440059001145,-0.18981680921808272,0.08319752409598123,-0.2780948593045017,0.24093909409950243,-1,FALSE,FALSE
price_ipca,precos,1,24,-0.16318088445529177,-0.19546628767294305,0.06942928180030626,-0.28267120488150355,0.2281511195404202,-1,FALSE,FALSE
price_ipca,precos,1,25,-0.16810246073378063,-0.2001277231429857,0.060066781777283126,-0.2881184095223086,0.2221215907959787,-1,FALSE,FALSE
price_ipca,precos,1,26,-0.171616356982457,-0.20177988398520413,0.05116509407925661,-0.29421448152109303,0.20657657420848524,-1,FALSE,FALSE
price_ipca,precos,1,27,-0.17380341003169814,-0.19997543864424847,0.043498214663923486,-0.29841459843254786,0.20079810295531011,-1,FALSE,FALSE
price_ipca,precos,1,28,-0.17475368266947036,-0.20180821576840138,0.032855534565124675,-0.30383729284474903,0.18658412905659294,-1,FALSE,FALSE
price_ipca,precos,1,29,-0.17454989696156986,-0.1972534776236187,0.026909188340238584,-0.30246897905781966,0.17073412985172387,-1,FALSE,FALSE
price_ipca,precos,1,30,-0.1732712979098339,-0.19438920125213707,0.022673570671802073,-0.31136082118556613,0.15688464003818864,-1,FALSE,FALSE
price_ipca,precos,1,31,-0.1710035818138436,-0.19652049067189906,0.01990042833587672,-0.3129119823360832,0.1556833361599868,-1,FALSE,FALSE
price_ipca,precos,1,32,-0.1678324973044262,-0.1925062077009217,0.018382686671379964,-0.3089242380778823,0.1525562270264135,-1,FALSE,FALSE
price_ipca,precos,1,33,-0.16384064690075711,-0.18655292491600053,0.017096114894588857,-0.3041490725518358,0.14424140790352158,-1,FALSE,FALSE
price_ipca,precos,1,34,-0.15911294117254998,-0.1852162905823675,0.017897282690984805,-0.294537148541587,0.14414209194386213,-1,FALSE,FALSE
price_ipca,precos,1,35,-0.15373481792116178,-0.17896834239428672,0.020921659932773725,-0.2889928631110834,0.13937707147826958,-1,FALSE,FALSE
price_ipca,precos,1,36,-0.14778945086334436,-0.17632199380005395,0.021657527907078835,-0.2810886859604024,0.13161988753424556,-1,FALSE,FALSE
price_ipca,precos,1,37,-0.14135938838963766,-0.1765795949164332,0.017766149716316314,-0.27411377096637807,0.132816323606304,-1,FALSE,FALSE
price_ipca,precos,1,38,-0.13452601375104054,-0.17215381362722781,0.020770520809366134,-0.2705802738055491,0.1325031672629642,-1,FALSE,FALSE
price_ipca,precos,1,39,-0.12736795299086026,-0.16962805545998083,0.023376272232423476,-0.263212153147709,0.1269137283240193,-1,FALSE,FALSE
price_ipca,precos,1,40,-0.11996116819945991,-0.16147486401112005,0.028950195739656362,-0.257450412859569,0.13106933466976906,-1,FALSE,FALSE
price_ipca,precos,1,41,-0.11237865056757673,-0.1563106718348876,0.03551649360998387,-0.2574211722857351,0.13802555467222363,-1,FALSE,FALSE
price_ipca,precos,1,42,-0.10468963268685072,-0.15162053526864025,0.03929554819793972,-0.2506131329787193,0.1418536682630972,-1,FALSE,FALSE
price_ipca,precos,1,43,-0.09695934432142825,-0.14623201972421024,0.04345279221220938,-0.2461132318755913,0.1425011932705283,-1,FALSE,FALSE
price_ipca,precos,1,44,-0.089248807880226,-0.14111756274164253,0.047756274175769414,-0.2366442895441335,0.14314051180093865,-1,FALSE,FALSE
price_ipca,precos,1,45,-0.08161450219846661,-0.1365823884076713,0.05747657466094097,-0.2317447405454395,0.14514095500543192,-1,FALSE,FALSE
price_ipca,precos,1,46,-0.07410819520268895,-0.12918700082442608,0.06322412366503939,-0.22412118802212252,0.15113236613090963,-1,FALSE,FALSE
price_ipca,precos,1,47,-0.06677686598238865,-0.12148181878454606,0.06376786497519496,-0.21617068757815686,0.1530684647089154,-1,FALSE,FALSE
price_ipca,precos,1,48,-0.059662627524211684,-0.11739549500668107,0.06672413814361484,-0.20852060719569004,0.160553677511449,-1,FALSE,FALSE
price_ipca_difusao,precos,1,0,0.2638263433296714,-0.2613190213349553,0.9111529587079784,-0.6986056664882496,1.3088463440100688,1,FALSE,FALSE
price_ipca_difusao,precos,1,1,0.6613507906236056,-0.12794272716485863,1.1516451521743978,-0.6107843046514231,1.5746292171117187,1,FALSE,FALSE
price_ipca_difusao,precos,1,2,0.6387302761369338,-0.18268955862914033,1.2335000420726452,-0.7258987213821537,1.6152448152974808,1,FALSE,FALSE
price_ipca_difusao,precos,1,3,1.139591282777041,0.2680330699658063,1.7351290036246294,-0.1594465713445666,2.111001811903064,1,TRUE,FALSE
price_ipca_difusao,precos,1,4,1.3167804081146768,0.4614778326408018,2.0256894434124306,-0.054093926178597,2.480884276536877,1,TRUE,FALSE
price_ipca_difusao,precos,1,5,1.4074558925821643,0.5180799353447352,2.161896525376807,0.028647227930463988,2.7009701954283503,1,TRUE,TRUE
price_ipca_difusao,precos,1,6,1.4196052301319682,0.5447184953367668,2.2450661387136317,0.07243023678231099,2.854528473565214,1,TRUE,TRUE
price_ipca_difusao,precos,1,7,1.388729571140073,0.538095920797659,2.325159095797299,0.05260506229355365,2.9367231112941563,1,TRUE,TRUE
price_ipca_difusao,precos,1,8,1.3304412552716423,0.5027879359893714,2.334386537933182,0.017796418898248983,3.0586890037448797,1,TRUE,TRUE
price_ipca_difusao,precos,1,9,1.2104656799716198,0.4318447476004978,2.308004714367468,-0.04765204696121775,3.088225585310659,1,TRUE,FALSE
price_ipca_difusao,precos,1,10,1.0717456957652012,0.35269203748161604,2.2626932107846764,-0.1532955660861429,3.079774996742445,1,TRUE,FALSE
price_ipca_difusao,precos,1,11,0.9336264437852638,0.2890183436611669,2.2202736244989145,-0.2433815192422,3.1324762017816723,1,TRUE,FALSE
price_ipca_difusao,precos,1,12,0.7675438046181096,0.19287623138084312,2.180252782928675,-0.29305075053610585,3.1014299473672047,1,TRUE,FALSE
price_ipca_difusao,precos,1,13,0.5961026452329362,0.08838668752182258,2.0891628147186707,-0.3966016714779159,3.0428436503969505,1,TRUE,FALSE
price_ipca_difusao,precos,1,14,0.43359734053370697,-9.440201862198321e-4,1.9579284667217598,-0.5037383414862976,2.994205022886461,1,FALSE,FALSE
price_ipca_difusao,precos,1,15,0.26772377175613676,-0.11256206906980945,1.8910848965564082,-0.6382662095182582,2.920836572286824,1,FALSE,FALSE
price_ipca_difusao,precos,1,16,0.10617651677006176,-0.22255281224864337,1.7657079072871784,-0.7462772656882538,2.8496224140188926,1,FALSE,FALSE
price_ipca_difusao,precos,1,17,-0.04502603974298184,-0.30715775989492544,1.6674241546051873,-0.8698801848088755,2.7353111842540994,-1,FALSE,FALSE
price_ipca_difusao,precos,1,18,-0.18979788321407876,-0.40935781763945744,1.5276414528466555,-0.9764595226673687,2.7052057963670313,-1,FALSE,FALSE
price_ipca_difusao,precos,1,19,-0.32621100095364464,-0.5180404536317674,1.401450645596782,-1.0704919539658764,2.6066776489912415,-1,FALSE,FALSE
price_ipca_difusao,precos,1,20,-0.4521810343402091,-0.6488255868994305,1.2811627330655018,-1.2227655720842987,2.5289243091458555,-1,FALSE,FALSE
price_ipca_difusao,precos,1,21,-0.5687210915039003,-0.7775959437891284,1.184985955121546,-1.3513626714884839,2.4101530744115998,-1,FALSE,FALSE
price_ipca_difusao,precos,1,22,-0.6754834451693118,-0.8904842618894941,1.040493877826746,-1.4338638840358384,2.271801008338861,-1,FALSE,FALSE
price_ipca_difusao,precos,1,23,-0.7719035720585313,-0.9963693372514044,0.9544231589727251,-1.5226648765927282,2.137536763906628,-1,FALSE,FALSE
price_ipca_difusao,precos,1,24,-0.8582676673307476,-1.0702372677133802,0.8495246885091221,-1.629077050226358,1.9961856842024484,-1,FALSE,FALSE
price_ipca_difusao,precos,1,25,-0.9346365708436193,-1.168069729949805,0.7418077895454853,-1.7762396734924573,1.8091204445388718,-1,FALSE,FALSE
price_ipca_difusao,precos,1,26,-1.0009978706840104,-1.2474099115765862,0.63145559515675,-1.869086646834502,1.7048958171132207,-1,FALSE,FALSE
price_ipca_difusao,precos,1,27,-1.0575466315430238,-1.344353147172922,0.5457628147955298,-1.8656879618041575,1.5881540495597115,-1,FALSE,FALSE
price_ipca_difusao,precos,1,28,-1.1045026737415184,-1.4022449246663014,0.4721541660716593,-1.9378406316906354,1.505468856553944,-1,FALSE,FALSE
price_ipca_difusao,precos,1,29,-1.1420977374352754,-1.4308457763471192,0.3958780919306996,-1.9937362554794131,1.4318670326843517,-1,FALSE,FALSE
price_ipca_difusao,precos,1,30,-1.170624050565365,-1.486984782940085,0.3323442242613793,-2.0287046077030357,1.3166962732529035,-1,FALSE,FALSE
price_ipca_difusao,precos,1,31,-1.1904324770019001,-1.5237958119354125,0.2953025101274075,-2.07521322786261,1.2240760473936314,-1,FALSE,FALSE
price_ipca_difusao,precos,1,32,-1.2019126411365255,-1.5500864191032295,0.22959182713611942,-2.128100211715075,1.1270468384344015,-1,FALSE,FALSE
price_ipca_difusao,precos,1,33,-1.205485707816833,-1.5490868178009207,0.17589955812855682,-2.0821631979760045,1.043505023476881,-1,FALSE,FALSE
price_ipca_difusao,precos,1,34,-1.2016166583139511,-1.537191250848276,0.1427516630153364,-2.058067019047692,1.0230357701189885,-1,FALSE,FALSE
price_ipca_difusao,precos,1,35,-1.1908036470926373,-1.5153450311438457,0.1414968409446571,-2.066394231339883,1.01587237884447,-1,FALSE,FALSE
price_ipca_difusao,precos,1,36,-1.1735639410270702,-1.4961678400247351,0.10126072260803674,-2.04935164652143,0.9700806033380931,-1,FALSE,FALSE
price_ipca_difusao,precos,1,37,-1.1504369060228765,-1.4936785016988756,0.11016564810154861,-2.054505314492857,0.9449398758384641,-1,FALSE,FALSE
price_ipca_difusao,precos,1,38,-1.1219777283864703,-1.4274729431127697,0.10573160220231519,-2.02655260828648,0.9166196546125602,-1,FALSE,FALSE
price_ipca_difusao,precos,1,39,-1.0887468004083092,-1.4048959977990465,0.12559243810664758,-2.0354969957326707,0.894213030781793,-1,FALSE,FALSE
price_ipca_difusao,precos,1,40,-1.0513071451093288,-1.3722012419280283,0.12982694798826583,-2.009256524314992,0.8656109667008306,-1,FALSE,FALSE
price_ipca_difusao,precos,1,41,-1.0102197147066945,-1.3482970013412336,0.14910538689825448,-1.9998990511324446,0.807809651578797,-1,FALSE,FALSE
price_ipca_difusao,precos,1,42,-0.966036602729829,-1.3169605675225933,0.19214339413305032,-1.9819752950612335,0.8433945808023713,-1,FALSE,FALSE
price_ipca_difusao,precos,1,43,-0.9192973541416798,-1.2944407397731352,0.22850864043359717,-1.9972596927489004,0.8578947077255417,-1,FALSE,FALSE
price_ipca_difusao,precos,1,44,-0.8705253886805505,-1.2259195260649058,0.24493108826230459,-1.9281020022502093,0.8987096388088233,-1,FALSE,FALSE
price_ipca_difusao,precos,1,45,-0.8202239113733728,-1.1929284796533601,0.2694005262678444,-1.9151124257067706,0.9187366884419219,-1,FALSE,FALSE
price_ipca_difusao,precos,1,46,-0.7688730166564056,-1.1487643931022333,0.28695068055254913,-1.9062886168395308,0.9151879675681155,-1,FALSE,FALSE
price_ipca_difusao,precos,1,47,-0.7169273109820824,-1.1249689844306516,0.34951629752064656,-1.7918357460241718,0.9184458453748549,-1,FALSE,FALSE
price_ipca_difusao,precos,1,48,-0.6648136725100909,-1.091772885537668,0.37811541296855666,-1.7830262231337088,0.9306888635442664,-1,FALSE,FALSE
price_core_ipca_ex0,precos,1,0,0.021741666434551356,-0.013478404706527516,0.047743591812486705,-0.04251053156207281,0.06701788484422465,1,FALSE,FALSE
price_core_ipca_ex0,precos,1,1,0.03295316776309521,-0.008589122304151696,0.059824038992074606,-0.03693172748052451,0.08215517547258464,1,FALSE,FALSE
price_core_ipca_ex0,precos,1,2,0.05337831614280021,0.00800735469660378,0.08503588398706488,-0.018318868398427685,0.1083623168447682,1,TRUE,FALSE
price_core_ipca_ex0,precos,1,3,0.0694079400362339,0.024766926828241338,0.10679395707696138,-0.002500342620541255,0.13513856340694044,1,TRUE,FALSE
price_core_ipca_ex0,precos,1,4,0.079195751572953485,0.030870770036137484,0.12035645900106197,4.667794065970562e-4,0.158793558681488,1,TRUE,TRUE
price_core_ipca_ex0,precos,1,5,0.09222712492587333,0.03915049187616948,0.1368164944467917,0.009324400160224436,0.1778716077053057,1,TRUE,TRUE
price_core_ipca_ex0,precos,1,6,0.09652986519682262,0.04001909713965169,0.14375079961837045,0.010766064485621266,0.19155689181570687,1,TRUE,TRUE
price_core_ipca_ex0,precos,1,7,0.09631422645402098,0.039547009953111556,0.15205915490845295,0.011169034262203104,0.20485654596339203,1,TRUE,TRUE
price_core_ipca_ex0,precos,1,8,0.097660584990154,0.04062066511456679,0.160802059860246,0.013309997469429971,0.2136834814348673,1,TRUE,TRUE
price_core_ipca_ex0,precos,1,9,0.0944035455747703,0.03989640369789996,0.16380369730149608,0.012607596455239116,0.22020901930307482,1,TRUE,TRUE
price_core_ipca_ex0,precos,1,10,0.08799162950001482,0.03833121963143278,0.16401311076188868,0.013065308064785884,0.22523119092049762,1,TRUE,TRUE
price_core_ipca_ex0,precos,1,11,0.0819741550257796,0.035919103132355204,0.16371023036869273,0.01123797956756753,0.22886318881452958,1,TRUE,TRUE
price_core_ipca_ex0,precos,1,12,0.07401381637182751,0.03233354995104691,0.16486666388273646,0.006988334410671128,0.23191916476252905,1,TRUE,TRUE
price_core_ipca_ex0,precos,1,13,0.06474824414668376,0.028792826916180344,0.16105626793182734,0.0016031030805226207,0.23066664631736142,1,TRUE,TRUE
price_core_ipca_ex0,precos,1,14,0.055528050081999715,0.02489129458429223,0.1595469751041897,-0.004024409869939256,0.22980655491515303,1,TRUE,FALSE
price_core_ipca_ex0,precos,1,15,0.04581252274766208,0.019811006835779202,0.15255152331103833,-0.009136147227143475,0.2261907930831911,1,TRUE,FALSE
price_core_ipca_ex0,precos,1,16,0.035804931779464276,0.015393148249646466,0.14576463302891524,-0.01511891274042651,0.226588917288185,1,TRUE,FALSE
price_core_ipca_ex0,precos,1,17,0.025964428297099662,0.008022685202946168,0.13957759073614232,-0.02327797460231611,0.22271245935845074,1,TRUE,FALSE
price_core_ipca_ex0,precos,1,18,0.016235539738864935,8.823923534529874e-4,0.1327766135532372,-0.027516447315375267,0.21679255681872292,1,TRUE,FALSE
price_core_ipca_ex0,precos,1,19,0.006702629374438714,-0.005541326667436697,0.1273123727149267,-0.03398603589212692,0.2063539008952019,1,FALSE,FALSE
price_core_ipca_ex0,precos,1,20,-0.002474799603767579,-0.011464505515577868,0.11821917889550619,-0.040829864718489865,0.19924518564220792,-1,FALSE,FALSE
price_core_ipca_ex0,precos,1,21,-0.011264575499433018,-0.01650044595251896,0.11037602760520161,-0.046989462208138225,0.1947324928243658,-1,FALSE,FALSE
price_core_ipca_ex0,precos,1,22,-0.019618861693031963,-0.023419342441928222,0.09931355992541083,-0.05382379452747865,0.18467794135653673,-1,FALSE,FALSE
price_core_ipca_ex0,precos,1,23,-0.027479043138900185,-0.03126028359314743,0.09052487265236585,-0.06472094120254004,0.17683715927609683,-1,FALSE,FALSE
price_core_ipca_ex0,precos,1,24,-0.03481265786648347,-0.039132320206295805,0.0840750540227468,-0.07066248148854823,0.16600201204130757,-1,FALSE,FALSE
price_core_ipca_ex0,precos,1,25,-0.04159293040324452,-0.0437663770633823,0.07403084772071339,-0.0772977836960713,0.1588208575010615,-1,FALSE,FALSE
price_core_ipca_ex0,precos,1,26,-0.04779756678591648,-0.04916554893243609,0.06628169472449066,-0.0858819979231901,0.15206877637437644,-1,FALSE,FALSE
price_core_ipca_ex0,precos,1,27,-0.0534095299406131,-0.05412421458095892,0.06107394102201372,-0.09215158451177541,0.1448905266792477,-1,FALSE,FALSE
price_core_ipca_ex0,precos,1,28,-0.058418791185007334,-0.058655695551889916,0.055353630086686555,-0.10185358542923084,0.13710705302547987,-1,FALSE,FALSE
price_core_ipca_ex0,precos,1,29,-0.06282202135290992,-0.06389352097904229,0.05014198292158134,-0.10428518167194939,0.12943577332008852,-1,FALSE,FALSE
price_core_ipca_ex0,precos,1,30,-0.0666189814061653,-0.06772565223858382,0.04312723509856095,-0.11174075136993088,0.12404814210341401,-1,FALSE,FALSE
price_core_ipca_ex0,precos,1,31,-0.06981491723349766,-0.07070071063543339,0.037258785198860764,-0.11802686216874475,0.11847142790348408,-1,FALSE,FALSE
price_core_ipca_ex0,precos,1,32,-0.07242085448566052,-0.07495183517981452,0.03270941034321708,-0.12177037710141561,0.11349455290462712,-1,FALSE,FALSE
price_core_ipca_ex0,precos,1,33,-0.07445107156189658,-0.07768913510087913,0.02913964224942073,-0.12535590014131984,0.10612718994728862,-1,FALSE,FALSE
price_core_ipca_ex0,precos,1,34,-0.07592386302286895,-0.07812374395345364,0.024926507358189815,-0.12766347770649011,0.09763094670930196,-1,FALSE,FALSE
price_core_ipca_ex0,precos,1,35,-0.07686166206222138,-0.07907199425496231,0.0231657155572395,-0.12944612179933823,0.09206766055226566,-1,FALSE,FALSE
price_core_ipca_ex0,precos,1,36,-0.07728968394921974,-0.0802709085987188,0.021146319096314096,-0.13047833542678636,0.08566517833350276,-1,FALSE,FALSE
price_core_ipca_ex0,precos,1,37,-0.07723581229294858,-0.0809735927744864,0.016989118439228543,-0.13006528100425824,0.08070105114700273,-1,FALSE,FALSE
price_core_ipca_ex0,precos,1,38,-0.07673042934155558,-0.08131478373310007,0.014260616267773796,-0.1287062392420086,0.07939742252836618,-1,FALSE,FALSE
price_core_ipca_ex0,precos,1,39,-0.07580566893959392,-0.08020640698289416,0.01151067208841992,-0.1286251348615167,0.07650574430126683,-1,FALSE,FALSE
price_core_ipca_ex0,precos,1,40,-0.07449504602714382,-0.07881700607557224,0.011717533739213259,-0.12537137643117727,0.07445749348886406,-1,FALSE,FALSE
price_core_ipca_ex0,precos,1,41,-0.07283314928487161,-0.07747585761865858,0.012122681483897788,-0.12471996213950087,0.07183574650690847,-1,FALSE,FALSE
price_core_ipca_ex0,precos,1,42,-0.0708551678572566,-0.07719343879926352,0.011620245151772075,-0.12434745158989315,0.07011453342101095,-1,FALSE,FALSE
price_core_ipca_ex0,precos,1,43,-0.06859652398767532,-0.07542655370137383,0.013480135171113319,-0.12451943813425,0.06880606628931044,-1,FALSE,FALSE
price_core_ipca_ex0,precos,1,44,-0.06609256390777982,-0.0731298552028405,0.013219756755500424,-0.12197704241130425,0.06712989682250048,-1,FALSE,FALSE
price_core_ipca_ex0,precos,1,45,-0.06337822897444224,-0.07143083966417259,0.014232052711324748,-0.12313194522363997,0.06591156005055107,-1,FALSE,FALSE
price_core_ipca_ex0,precos,1,46,-0.06048776730467649,-0.07006961570002189,0.015828500574640008,-0.12264507481027702,0.06462192647929654,-1,FALSE,FALSE
price_core_ipca_ex0,precos,1,47,-0.0574544870297226,-0.06851477436298523,0.016967800349643587,-0.1188918981433093,0.06474713635961027,-1,FALSE,FALSE
price_core_ipca_ex0,precos,1,48,-0.05431053025711846,-0.06730385933563739,0.017505586035217353,-0.11517578102847781,0.06702303466847948,-1,FALSE,FALSE
price_core_ipca_ex1,precos,1,0,-0.02596740620953759,-0.07327587588075801,0.0297699622038514,-0.11090239578768564,0.060527432310616046,-1,FALSE,FALSE
price_core_ipca_ex1,precos,1,1,0.009493806655119069,-0.05353702920240818,0.05538424757136977,-0.09297685108606714,0.09141290400396548,1,FALSE,FALSE
price_core_ipca_ex1,precos,1,2,0.00841645884238014,-0.05626021574866344,0.06000844605830831,-0.09466314892664511,0.09954537582976312,1,FALSE,FALSE
price_core_ipca_ex1,precos,1,3,0.04248534475344606,-0.02226271576680028,0.100216611863329,-0.06353819462264942,0.1361497549976966,1,FALSE,FALSE
price_core_ipca_ex1,precos,1,4,0.056879239797475056,-0.0016349521139318915,0.11943860638646958,-0.04448306793183967,0.1750394559864629,1,FALSE,FALSE
price_core_ipca_ex1,precos,1,5,0.06726167221978703,0.00709541214170766,0.13856084411584169,-0.03631566405372068,0.193198388004726,1,TRUE,FALSE
price_core_ipca_ex1,precos,1,6,0.06478708972962434,0.004451341405062712,0.1419765818639605,-0.03381199610194393,0.19745622518601108,1,TRUE,FALSE
price_core_ipca_ex1,precos,1,7,0.06223861795766882,0.002384714552550434,0.14570895271005738,-0.0368592447697445,0.20005418056076016,1,TRUE,FALSE
price_core_ipca_ex1,precos,1,8,0.059294009339532154,-0.0023740060360094278,0.15048173981920882,-0.0433760536721618,0.20092384366397226,1,FALSE,FALSE
price_core_ipca_ex1,precos,1,9,0.04952830643924279,-0.011727328239974962,0.14577381900349282,-0.0529996127227219,0.1996583036746325,1,FALSE,FALSE
price_core_ipca_ex1,precos,1,10,0.03904409464127009,-0.018970066464937776,0.14257423414016449,-0.06146524461670201,0.19958118675740308,1,FALSE,FALSE
price_core_ipca_ex1,precos,1,11,0.029521601371226548,-0.026153100668468293,0.135116309089908,-0.07044918219770324,0.20199136717515834,1,FALSE,FALSE
price_core_ipca_ex1,precos,1,12,0.01735564867061602,-0.03484823238537885,0.1259796201921063,-0.07863708037948171,0.19847745082504656,1,FALSE,FALSE
price_core_ipca_ex1,precos,1,13,0.0050803600096095605,-0.04177513416928359,0.11809822682665644,-0.08836206371129579,0.19885141278387933,1,FALSE,FALSE
price_core_ipca_ex1,precos,1,14,-0.00593408190214056,-0.049205395265835505,0.11103512786859987,-0.09748762775445602,0.19090274972689156,-1,FALSE,FALSE
price_core_ipca_ex1,precos,1,15,-0.017077922845674984,-0.055712936150385896,0.10244883934624842,-0.10567878444615725,0.18600231012314472,-1,FALSE,FALSE
price_core_ipca_ex1,precos,1,16,-0.02761663167446529,-0.06207166622365628,0.09651750350631313,-0.11348311812679508,0.17620483766277745,-1,FALSE,FALSE
price_core_ipca_ex1,precos,1,17,-0.03700335433509904,-0.06764106054364948,0.0905333920430682,-0.12236662386182207,0.17118770602379504,-1,FALSE,FALSE
price_core_ipca_ex1,precos,1,18,-0.04567862996243359,-0.07298110523403217,0.08410147439085998,-0.1326104418825069,0.16354048219993805,-1,FALSE,FALSE
price_core_ipca_ex1,precos,1,19,-0.053520641538572306,-0.0805586197740076,0.07545255109457753,-0.13961297517763843,0.15634866335709713,-1,FALSE,FALSE
price_core_ipca_ex1,precos,1,20,-0.060372601754937937,-0.08761052471346835,0.0683734360105207,-0.14455030054763654,0.14763030846908412,-1,FALSE,FALSE
price_core_ipca_ex1,precos,1,21,-0.06637028107679999,-0.09398434679913545,0.06337538407342061,-0.14998018404862498,0.13984322379806438,-1,FALSE,FALSE
price_core_ipca_ex1,precos,1,22,-0.07153625767926412,-0.09835685182903178,0.05686081540592866,-0.1521305232974424,0.13304381754305322,-1,FALSE,FALSE
price_core_ipca_ex1,precos,1,23,-0.0758582322278172,-0.10237688716156292,0.049905279557039585,-0.15594530849395666,0.12434485230805256,-1,FALSE,FALSE
price_core_ipca_ex1,precos,1,24,-0.07939464934640718,-0.10512006139026746,0.04209578434237975,-0.15735614246899945,0.11970963189985816,-1,FALSE,FALSE
price_core_ipca_ex1,precos,1,25,-0.08218971642592278,-0.10785337714910798,0.03607426543136994,-0.16105072298613368,0.11277427473995383,-1,FALSE,FALSE
price_core_ipca_ex1,precos,1,26,-0.08427297966504442,-0.11092629209226992,0.03090202460041038,-0.1619923700875941,0.10622811696652676,-1,FALSE,FALSE
price_core_ipca_ex1,precos,1,27,-0.0856847382942497,-0.11125593861336236,0.02749088974324599,-0.16272452998817644,0.09821483636959967,-1,FALSE,FALSE
price_core_ipca_ex1,precos,1,28,-0.08646761956960275,-0.11053190918416513,0.022211060790796974,-0.16548004415005677,0.09047246366915848,-1,FALSE,FALSE
price_core_ipca_ex1,precos,1,29,-0.08666059543009683,-0.11119922146211514,0.020084661585530163,-0.16854559414679046,0.0872377377517302,-1,FALSE,FALSE
price_core_ipca_ex1,precos,1,30,-0.08630215964837122,-0.10992960149352017,0.01688118708068594,-0.17167569853533118,0.08412983203952087,-1,FALSE,FALSE
price_core_ipca_ex1,precos,1,31,-0.08543371795415663,-0.10927107612721511,0.012821875250271437,-0.17161153003206023,0.07782298062582176,-1,FALSE,FALSE
price_core_ipca_ex1,precos,1,32,-0.08409680904496522,-0.1070256173794649,0.012068200993465917,-0.17229022241524863,0.07407114155770807,-1,FALSE,FALSE
price_core_ipca_ex1,precos,1,33,-0.08233183680975925,-0.10490058454404094,0.009572629765159445,-0.17030682980307366,0.06954488460022329,-1,FALSE,FALSE
price_core_ipca_ex1,precos,1,34,-0.08018051542649239,-0.10468481992465606,0.009253207555252475,-0.16686921275204364,0.06628475562951659,-1,FALSE,FALSE
price_core_ipca_ex1,precos,1,35,-0.07768501059383558,-0.10431231849239313,0.010695466547026739,-0.16518707594391868,0.06602478094585837,-1,FALSE,FALSE
price_core_ipca_ex1,precos,1,36,-0.07488657961836076,-0.10165661625111921,0.010961336938536499,-0.16266476765707294,0.06478646230717451,-1,FALSE,FALSE
price_core_ipca_ex1,precos,1,37,-0.0718263708617812,-0.09843740162178533,0.011422519101670768,-0.15693471445652762,0.0647359227526832,-1,FALSE,FALSE
price_core_ipca_ex1,precos,1,38,-0.06854513699041852,-0.09582250433624462,0.011972924697077952,-0.15516533795608164,0.06452294810073875,-1,FALSE,FALSE
price_core_ipca_ex1,precos,1,39,-0.06508241110724355,-0.09036188300447237,0.012236616466983331,-0.1511051449475751,0.06319073414016962,-1,FALSE,FALSE
price_core_ipca_ex1,precos,1,40,-0.0614765560924329,-0.08832919577639588,0.015114385290778713,-0.14809492324551904,0.0661531881406486,-1,FALSE,FALSE
price_core_ipca_ex1,precos,1,41,-0.05776459417163823,-0.0846881040034352,0.01737652671546237,-0.14323429973928345,0.06821130078517597,-1,FALSE,FALSE
price_core_ipca_ex1,precos,1,42,-0.05398178408328232,-0.07911927356923076,0.019575296051379865,-0.13502766769840172,0.06946408010389434,-1,FALSE,FALSE
price_core_ipca_ex1,precos,1,43,-0.050161492807345304,-0.07651019263578171,0.02246848997658597,-0.1326404401760097,0.06962334559740516,-1,FALSE,FALSE
price_core_ipca_ex1,precos,1,44,-0.046335078506492676,-0.07381184440103518,0.024554612288044946,-0.12970349228265754,0.06937831381564953,-1,FALSE,FALSE
price_core_ipca_ex1,precos,1,45,-0.042531701086547385,-0.07197312556193369,0.028240250525276456,-0.12489221619954617,0.07018455602860213,-1,FALSE,FALSE
price_core_ipca_ex1,precos,1,46,-0.03877822755979983,-0.06989831759397569,0.030110709275459877,-0.11916800980718771,0.07768882447291713,-1,FALSE,FALSE
price_core_ipca_ex1,precos,1,47,-0.035099180083790836,-0.06674695186659502,0.03211523958859647,-0.11099397107037733,0.08215624951337988,-1,FALSE,FALSE
price_core_ipca_ex1,precos,1,48,-0.031516681952664896,-0.06337983186151386,0.03551003905690034,-0.10692518966125288,0.08177258967674744,-1,FALSE,FALSE
price_core_ipca_dw,precos,1,0,0.009341399389111717,-0.01735754656960163,0.03451604894938635,-0.04003982025521735,0.04881476272781195,1,FALSE,FALSE
price_core_ipca_dw,precos,1,1,0.037887695653020595,-0.0037380493234134343,0.061107752300495234,-0.027102414595136792,0.08281919827767634,1,FALSE,FALSE
price_core_ipca_dw,precos,1,2,0.0468290964780498,0.002526502807732359,0.07321691370869665,-0.02376593678673888,0.09778829078380516,1,TRUE,FALSE
price_core_ipca_dw,precos,1,3,0.06539016873740951,0.02211725971786221,0.09965659132698942,-0.005902432184341742,0.1252271683872411,1,TRUE,FALSE
price_core_ipca_dw,precos,1,4,0.07493642155084569,0.028834548078775786,0.11805542076380751,0.004864378932056824,0.1543478616662244,1,TRUE,TRUE
price_core_ipca_dw,precos,1,5,0.08169061186784009,0.034634660193418244,0.13287870678167582,0.010557480652758166,0.17439481379213304,1,TRUE,TRUE
price_core_ipca_dw,precos,1,6,0.07839905568174707,0.03217483153990766,0.13682977500790738,0.004762119721276531,0.18293451095341645,1,TRUE,TRUE
price_core_ipca_dw,precos,1,7,0.074775400358437,0.028497527008081835,0.14124470346572102,0.0018531297709800994,0.19329283290793664,1,TRUE,TRUE
price_core_ipca_dw,precos,1,8,0.07053665220945103,0.02590910415562061,0.14416911286210993,-0.002462561364636448,0.1960665768472508,1,TRUE,FALSE
price_core_ipca_dw,precos,1,9,0.06141926793554221,0.019442880205572985,0.14113777565699165,-0.006507300693675569,0.19351517225461246,1,TRUE,FALSE
price_core_ipca_dw,precos,1,10,0.051568005904129674,0.013771893764416537,0.1388303182089425,-0.014185106013092528,0.19426622790482187,1,TRUE,FALSE
price_core_ipca_dw,precos,1,11,0.042148045800406556,0.006997937563466392,0.13570726715203255,-0.021396464341700363,0.19151672096166464,1,TRUE,FALSE
price_core_ipca_dw,precos,1,12,0.031018698669577734,-1.0194833820049436e-4,0.12991804593913966,-0.02897986790124607,0.1880134397686032,1,FALSE,FALSE
price_core_ipca_dw,precos,1,13,0.01978682140120029,-0.007634201554001649,0.12279817227437378,-0.03514069259674078,0.18507041426274942,1,FALSE,FALSE
price_core_ipca_dw,precos,1,14,0.009321540422010942,-0.013587547576420689,0.11510440158282935,-0.04181999066484814,0.18105485197436133,1,FALSE,FALSE
price_core_ipca_dw,precos,1,15,-0.001150057448069492,-0.0205596469731301,0.10715215854818337,-0.04881399530419147,0.17668751353506545,-1,FALSE,FALSE
price_core_ipca_dw,precos,1,16,-0.011164707388035931,-0.027972623902260935,0.09884436022937013,-0.056520275458456955,0.1724901444937108,-1,FALSE,FALSE
price_core_ipca_dw,precos,1,17,-0.020375726680268297,-0.03508320177345247,0.09004138738806011,-0.06345247880323607,0.1676950385677488,-1,FALSE,FALSE
price_core_ipca_dw,precos,1,18,-0.029008033802723033,-0.04341012525998867,0.08196668069322216,-0.0704742401901623,0.1632790491033669,-1,FALSE,FALSE
price_core_ipca_dw,precos,1,19,-0.036977217179388185,-0.04925234400277041,0.07353733019667569,-0.07787272883899246,0.15907900143716472,-1,FALSE,FALSE
price_core_ipca_dw,precos,1,20,-0.04417813412374784,-0.0560680276726523,0.06842845151123786,-0.0856802905295055,0.15091406804665933,-1,FALSE,FALSE
price_core_ipca_dw,precos,1,21,-0.050672230447759654,-0.0609200455334034,0.06086844892187068,-0.0917039401944197,0.14069436617412476,-1,FALSE,FALSE
price_core_ipca_dw,precos,1,22,-0.0564650485431453,-0.0674767419492166,0.05436792109406347,-0.09691207227485567,0.1311987545724672,-1,FALSE,FALSE
price_core_ipca_dw,precos,1,23,-0.06154207516780759,-0.0727986937926047,0.04808910969407745,-0.10202005474913994,0.12724968955842456,-1,FALSE,FALSE
price_core_ipca_dw,precos,1,24,-0.06592859581619682,-0.07651229841665495,0.041774538628988916,-0.10616711235818964,0.11825782622566199,-1,FALSE,FALSE
price_core_ipca_dw,precos,1,25,-0.06964678996400107,-0.07908182171523942,0.037434571260831405,-0.11183237399503278,0.10833153076426641,-1,FALSE,FALSE
price_core_ipca_dw,precos,1,26,-0.07271188250223004,-0.08243073034405322,0.03175423218484875,-0.1173913130566478,0.10403908697751287,-1,FALSE,FALSE
price_core_ipca_dw,precos,1,27,-0.07514582562293225,-0.08631652265652644,0.025891658807090427,-0.11992084244263455,0.09807462509657305,-1,FALSE,FALSE
price_core_ipca_dw,precos,1,28,-0.07697495226950406,-0.08767130125725817,0.02247425159511074,-0.12469612347256441,0.09303422803917667,-1,FALSE,FALSE
price_core_ipca_dw,precos,1,29,-0.07822537956376754,-0.08864226072666656,0.019391787223533772,-0.12944795284702823,0.08633170470637332,-1,FALSE,FALSE
price_core_ipca_dw,precos,1,30,-0.07892417459653056,-0.08857554784069654,0.015816872251216287,-0.13471579438085085,0.08209032638671052,-1,FALSE,FALSE
price_core_ipca_dw,precos,1,31,-0.07910203523847274,-0.08867013693800489,0.011920675750660834,-0.13907194863299233,0.07633022416435914,-1,FALSE,FALSE
price_core_ipca_dw,precos,1,32,-0.07879133220177638,-0.08904657668714377,0.01058617207493728,-0.14173528549560893,0.074061285952397,-1,FALSE,FALSE
price_core_ipca_dw,precos,1,33,-0.07802497392409632,-0.08993570422724771,0.009035410291763038,-0.14207621750573018,0.0695552452686894,-1,FALSE,FALSE
price_core_ipca_dw,precos,1,34,-0.07683786080823708,-0.08919353560487465,0.0076573609990458705,-0.14153328207128985,0.0652307745191519,-1,FALSE,FALSE
price_core_ipca_dw,precos,1,35,-0.07526620100227699,-0.08852828209817543,0.007226813552972018,-0.1394069307711519,0.062173398396260654,-1,FALSE,FALSE
price_core_ipca_dw,precos,1,36,-0.07334646762180441,-0.0874120858563401,0.008630716240459992,-0.13587388526483804,0.062244676965436015,-1,FALSE,FALSE
price_core_ipca_dw,precos,1,37,-0.07111571812856618,-0.0856600613165369,0.00776147441071847,-0.13674135314408914,0.0630184706240416,-1,FALSE,FALSE
price_core_ipca_dw,precos,1,38,-0.0686112674811987,-0.08273125381909399,0.008575339675802426,-0.13295810013986117,0.0636058949683804,-1,FALSE,FALSE
price_core_ipca_dw,precos,1,39,-0.06587003072193846,-0.08070195356513622,0.008113349126908588,-0.12987019913862322,0.06345935765814525,-1,FALSE,FALSE
price_core_ipca_dw,precos,1,40,-0.06292839670613558,-0.07859393634527723,0.010565597244470612,-0.12717853693286052,0.06347001243602785,-1,FALSE,FALSE
price_core_ipca_dw,precos,1,41,-0.05982199182648611,-0.07509338717201576,0.011435168367099093,-0.12205695102167227,0.06066341430498082,-1,FALSE,FALSE
price_core_ipca_dw,precos,1,42,-0.056585302763105735,-0.073953184208309,0.012865834711349597,-0.12082567176494827,0.05943270491649235,-1,FALSE,FALSE
price_core_ipca_dw,precos,1,43,-0.053251480025908564,-0.07249973083638045,0.01586574326163952,-0.11799706907844103,0.05970900978387857,-1,FALSE,FALSE
price_core_ipca_dw,precos,1,44,-0.04985216510995302,-0.06985988910541274,0.01737220674399754,-0.11554248174317294,0.061458425775942106,-1,FALSE,FALSE
price_core_ipca_dw,precos,1,45,-0.04641728748718005,-0.06923865622060155,0.018544505428893868,-0.11105242783565367,0.060269083295521976,-1,FALSE,FALSE
price_core_ipca_dw,precos,1,46,-0.042974925842477314,-0.0669227390176839,0.02073363738785383,-0.1092751231739226,0.06358179794014522,-1,FALSE,FALSE
price_core_ipca_dw,precos,1,47,-0.039551207463543736,-0.06509571481909647,0.023388061141815793,-0.1047809939104728,0.06453017771199561,-1,FALSE,FALSE
price_core_ipca_dw,precos,1,48,-0.03617021813764478,-0.06313606510758597,0.0260548972593506,-0.1008699702482666,0.06545309919510102,-1,FALSE,FALSE
price_igp_m,precos,1,0,0.1307409739021552,0.007879142400781795,0.24157731020590434,-0.08259562267228238,0.32260229684398906,1,TRUE,FALSE
price_igp_m,precos,1,1,0.23730543900537093,0.06208621762695863,0.3491403702014128,-0.03918133634106379,0.4507467839396676,1,TRUE,FALSE
price_igp_m,precos,1,2,0.22093335339403383,0.021464651701601202,0.3547685365757644,-0.07787025431170363,0.45946188170914787,1,TRUE,FALSE
price_igp_m,precos,1,3,0.24354106759627525,0.03801937635828456,0.40243373594720727,-0.0868173168604709,0.5130485800776726,1,TRUE,FALSE
price_igp_m,precos,1,4,0.2479079921351209,0.038293131904934156,0.447635032537805,-0.07738544210041413,0.599484593733563,1,TRUE,FALSE
price_igp_m,precos,1,5,0.2170413912686309,0.010582533615225924,0.4350719367849956,-0.12723022358192848,0.6135059290532562,1,TRUE,FALSE
price_igp_m,precos,1,6,0.17166047905868925,-0.02204743418910422,0.42211616549130426,-0.15560003700784455,0.63232720080495175,1,FALSE,FALSE
price_igp_m,precos,1,7,0.13677856030991284,-0.04503639659088857,0.41707136773968817,-0.1814312517791061,0.6189179243759915,1,FALSE,FALSE
price_igp_m,precos,1,8,0.0899760557945966,-0.08416777755910282,0.39484878209693125,-0.2154143445459825,0.6069566680340691,1,FALSE,FALSE
price_igp_m,precos,1,9,0.03722299056828546,-0.12662220494522303,0.35289778267168737,-0.25566805280122923,0.5887264359391545,1,FALSE,FALSE
price_igp_m,precos,1,10,-0.008784635815170465,-0.16339683584392387,0.3193746498749134,-0.2941128968164498,0.55904772275705,-1,FALSE,FALSE
price_igp_m,precos,1,11,-0.05400257180395479,-0.20002948375563206,0.2880183400309221,-0.3304514335060287,0.5244987893888869,-1,FALSE,FALSE
price_igp_m,precos,1,12,-0.09859741276525599,-0.23253071968591774,0.25455648838893374,-0.35702736549168873,0.5053223107876968,-1,FALSE,FALSE
price_igp_m,precos,1,13,-0.13797545499358274,-0.2648610130655389,0.22161852326551615,-0.3982017554998287,0.47721232956270365,-1,FALSE,FALSE
price_igp_m,precos,1,14,-0.17276345865112702,-0.29044716785856184,0.19043994967844596,-0.42065686755798354,0.4412614912703764,-1,FALSE,FALSE
price_igp_m,precos,1,15,-0.20406027638699967,-0.31271842755509194,0.15819380679111128,-0.44909398770119335,0.402225669289041,-1,FALSE,FALSE
price_igp_m,precos,1,16,-0.23067527699113785,-0.32626746543818913,0.13118230888519353,-0.4807351331755075,0.3762777247193545,-1,FALSE,FALSE
price_igp_m,precos,1,17,-0.2527316827699103,-0.3439193196698241,0.1041630192092162,-0.4999439768564235,0.34648921703271346,-1,FALSE,FALSE
price_igp_m,precos,1,18,-0.2709352734790731,-0.3558264742832229,0.0863543634750595,-0.517352724973347,0.3334294576632133,-1,FALSE,FALSE
price_igp_m,precos,1,19,-0.285278915958078,-0.37084199654724764,0.057494392171235344,-0.5271929193495858,0.28912604572251993,-1,FALSE,FALSE
price_igp_m,precos,1,20,-0.29593776851625025,-0.38306762269308486,0.03912726197620646,-0.5449259056549323,0.2534507066999642,-1,FALSE,FALSE
price_igp_m,precos,1,21,-0.3033306426698859,-0.3920588304819087,0.020589963369794198,-0.551221535399915,0.21775894848846616,-1,FALSE,FALSE
price_igp_m,precos,1,22,-0.3077022735044218,-0.3923544730634235,0.0011133712015656398,-0.5659224586629998,0.19730864793904337,-1,FALSE,FALSE
price_igp_m,precos,1,23,-0.309259399216347,-0.3945937741198614,-0.005346948949462686,-0.5804033255187457,0.1924071638446573,-1,TRUE,FALSE
price_igp_m,precos,1,24,-0.30828553672218056,-0.398832987362715,-0.012188385603252683,-0.5858482437819504,0.1820097160701046,-1,TRUE,FALSE
price_igp_m,precos,1,25,-0.3050275589991249,-0.3936979221964235,-0.013073551408540187,-0.5874630964779388,0.18025314261276423,-1,TRUE,FALSE
price_igp_m,precos,1,26,-0.2996915008667566,-0.39217956085592953,-0.0118700940447113,-0.5965063024817145,0.1646889152745375,-1,TRUE,FALSE
price_igp_m,precos,1,27,-0.2924978947895332,-0.38669373451675954,-0.011815961481438316,-0.5830028174214705,0.1616011952015124,-1,TRUE,FALSE
price_igp_m,precos,1,28,-0.28366212481388314,-0.38165914401090456,-0.011603654536243763,-0.5856523444628369,0.1581901996262759,-1,TRUE,FALSE
price_igp_m,precos,1,29,-0.27337836655664083,-0.3797267727377375,-0.006638650159086984,-0.5651416853935165,0.15592854356323915,-1,TRUE,FALSE
price_igp_m,precos,1,30,-0.2618380129343233,-0.37675300980197246,-0.003722244056812871,-0.5585002646546695,0.15522998236118624,-1,TRUE,FALSE
price_igp_m,precos,1,31,-0.24923086665724742,-0.3691712533422834,9.815519443784804e-4,-0.5685445907945075,0.1578970438537358,-1,FALSE,FALSE
price_igp_m,precos,1,32,-0.23573582332543214,-0.3603628564382127,0.010211604360977334,-0.5474779377090064,0.1602207725103072,-1,FALSE,FALSE
price_igp_m,precos,1,33,-0.22152474097276828,-0.35036655250685783,0.01864376092859838,-0.5357143063100828,0.15255751726721778,-1,FALSE,FALSE
price_igp_m,precos,1,34,-0.2067648171042765,-0.34489451641746305,0.031179153798510058,-0.5273363208342118,0.15147438994536314,-1,FALSE,FALSE
price_igp_m,precos,1,35,-0.19161465439378017,-0.3363882891401398,0.04074681327622404,-0.5235957328102347,0.16428188173277855,-1,FALSE,FALSE
price_igp_m,precos,1,36,-0.17622398122192393,-0.32542382057688346,0.04943821740039564,-0.4995531114599233,0.1675832859598958,-1,FALSE,FALSE
price_igp_m,precos,1,37,-0.1607345560060941,-0.3150779408972594,0.05438066665005472,-0.4852416001527296,0.1790609099042308,-1,FALSE,FALSE
price_igp_m,precos,1,38,-0.1452787280511163,-0.30295741363357337,0.0690834422810964,-0.4733612675340374,0.18689412738701683,-1,FALSE,FALSE
price_igp_m,precos,1,39,-0.1299786874307099,-0.29240809284980995,0.0784276429482295,-0.4603295060895497,0.19142388797488605,-1,FALSE,FALSE
price_igp_m,precos,1,40,-0.11494663281095654,-0.2783482684470189,0.08749991475777276,-0.44338651910848076,0.19666141192767594,-1,FALSE,FALSE
price_igp_m,precos,1,41,-0.10028436380627306,-0.26409781283395983,0.09690259343240593,-0.43925623833565813,0.2035899604291484,-1,FALSE,FALSE
price_igp_m,precos,1,42,-0.08608294413632654,-0.24876961725647964,0.11104254147526288,-0.42830346118111956,0.2124693374409293,-1,FALSE,FALSE
price_igp_m,precos,1,43,-0.0724228099243162,-0.23010836483278913,0.1225942672366217,-0.41466837252155253,0.23026077929469208,-1,FALSE,FALSE
price_igp_m,precos,1,44,-0.059373849430769926,-0.22126956411517346,0.1329315545121624,-0.3943372818870682,0.234240621052717,-1,FALSE,FALSE
price_igp_m,precos,1,45,-0.04699549806606819,-0.20835950939196704,0.14052681119346386,-0.383729078458174,0.25469224608573315,-1,FALSE,FALSE
price_igp_m,precos,1,46,-0.03533702206410224,-0.19986509687302775,0.1465982139584039,-0.3751446333913523,0.2621519075145656,-1,FALSE,FALSE
price_igp_m,precos,1,47,-0.024437873646734887,-0.1878092429885807,0.15053101874253336,-0.3578690155810971,0.27652399266369804,-1,FALSE,FALSE
price_igp_m,precos,1,48,-0.014328072562467214,-0.17685955610937842,0.15971127468411758,-0.35289618941529854,0.30530672736545983,-1,FALSE,FALSE
price_ipc,precos,1,0,-0.08080284929215095,-0.15964086578138495,0.023001222971606217,-0.23286986802437576,0.08012898291580249,-1,FALSE,FALSE
price_ipc,precos,1,1,-0.011254520581530387,-0.13595113793091063,0.06029499171762397,-0.20028893773358508,0.12930829251769968,-1,FALSE,FALSE
price_ipc,precos,1,2,-0.03500832209364208,-0.1585710103551183,0.050007955878131755,-0.2376784500280648,0.11417485264306597,-1,FALSE,FALSE
price_ipc,precos,1,3,0.026986435135472785,-0.09902240907662742,0.1165321622530993,-0.17911174678463004,0.18868336297205007,1,FALSE,FALSE
price_ipc,precos,1,4,0.04992920206465157,-0.06234822050479656,0.15924931050075597,-0.1337863524003721,0.23720606592194504,1,FALSE,FALSE
price_ipc,precos,1,5,0.060224608989487546,-0.04813795452739043,0.18496406336454438,-0.12579649746107366,0.26703834511592595,1,FALSE,FALSE
price_ipc,precos,1,6,0.05030793526613093,-0.055826774028130854,0.1833099452768183,-0.13929743279327833,0.2661220331102868,1,FALSE,FALSE
price_ipc,precos,1,7,0.0447490599439976,-0.06202624943493117,0.1907053887800487,-0.1426630752717346,0.279876834920285,1,FALSE,FALSE
price_ipc,precos,1,8,0.03661071962509235,-0.07515662140340464,0.18356888828091575,-0.1578691408830883,0.2786814626843422,1,FALSE,FALSE
price_ipc,precos,1,9,0.01764671357565937,-0.09456761578637427,0.16825089765490547,-0.16926638685626139,0.2631981106152299,1,FALSE,FALSE
price_ipc,precos,1,10,2.5830039471558453e-4,-0.10875627343739541,0.1576067030537806,-0.17643541160898027,0.2539742720673135,1,FALSE,FALSE
price_ipc,precos,1,11,-0.015363089294202235,-0.1215235187016149,0.14892239444555627,-0.1902832696278819,0.2476155220042363,-1,FALSE,FALSE
price_ipc,precos,1,12,-0.035035119941609655,-0.1342263543747319,0.13330830293704288,-0.20423224870311693,0.23627253830714223,-1,FALSE,FALSE
price_ipc,precos,1,13,-0.053627411148477744,-0.14643237024966188,0.12098674332677965,-0.21584201509140769,0.22804223359267686,-1,FALSE,FALSE
price_ipc,precos,1,14,-0.06939585485452592,-0.15611311020975527,0.11031219662725097,-0.2327599219807448,0.21366345950343407,-1,FALSE,FALSE
price_ipc,precos,1,15,-0.08496058945771584,-0.16599336519534036,0.09726091448234657,-0.2464676675397115,0.20370712816499717,-1,FALSE,FALSE
price_ipc,precos,1,16,-0.09884968339107317,-0.17613457732897742,0.08193122094717517,-0.25477486310738023,0.19077224122381578,-1,FALSE,FALSE
price_ipc,precos,1,17,-0.11028353026309187,-0.1849099354324635,0.07199315400781124,-0.2578008252827294,0.18117574173565446,-1,FALSE,FALSE
price_ipc,precos,1,18,-0.12021214280979259,-0.1891867535384864,0.058091222763265934,-0.2646202582609679,0.17178819557386948,-1,FALSE,FALSE
price_ipc,precos,1,19,-0.128441549770748,-0.19451156267090472,0.0473563998188369,-0.2695241557119601,0.16402573426222272,-1,FALSE,FALSE
price_ipc,precos,1,20,-0.13477578701906295,-0.20199096057038685,0.038007295730082706,-0.2770405839206676,0.15700909192301346,-1,FALSE,FALSE
price_ipc,precos,1,21,-0.13955783450236342,-0.20292838590279355,0.03147087681610608,-0.28400200004878995,0.1484280446014423,-1,FALSE,FALSE
price_ipc,precos,1,22,-0.1428868403918495,-0.20333012888944269,0.026105258489189383,-0.282194632091581,0.13398394110622994,-1,FALSE,FALSE
price_ipc,precos,1,23,-0.14479366064395838,-0.20546208858380874,0.019720721160100905,-0.2839332537567971,0.12599581474699054,-1,FALSE,FALSE
price_ipc,precos,1,24,-0.145444587789456,-0.20762274985317514,0.013369917829813753,-0.2804832452739943,0.11583621098906333,-1,FALSE,FALSE
price_ipc,precos,1,25,-0.14496710997798634,-0.2047081308479306,0.006926788306543672,-0.2794814488586841,0.10727497083709188,-1,FALSE,FALSE
price_ipc,precos,1,26,-0.14345075332730295,-0.2032087355367062,0.0035566404431060456,-0.27662388873567534,0.09971251138333903,-1,FALSE,FALSE
price_ipc,precos,1,27,-0.1410045461689097,-0.20280673893009196,0.002172201859972877,-0.27664220895433905,0.09020825398178554,-1,FALSE,FALSE
price_ipc,precos,1,28,-0.13773556899888717,-0.19745527838545524,0.0016160227709057565,-0.2733893587747929,0.08797529393335929,-1,FALSE,FALSE
price_ipc,precos,1,29,-0.13373575358489415,-0.1919130878928544,0.0023815640533443646,-0.2751386290087784,0.08818827099679165,-1,FALSE,FALSE
price_ipc,precos,1,30,-0.12909293821922085,-0.18553756062795257,0.004522105715148264,-0.2740198469974119,0.08657842259967992,-1,FALSE,FALSE
price_ipc,precos,1,31,-0.12389603003463796,-0.1844212209056197,0.005656028570083152,-0.2691556570562018,0.08536365400235733,-1,FALSE,FALSE
price_ipc,precos,1,32,-0.11822837478894581,-0.18123343731245822,0.007059475152810484,-0.2662633831234376,0.08476092565648505,-1,FALSE,FALSE
price_ipc,precos,1,33,-0.1121674847024835,-0.1732253123087907,0.009424876768963891,-0.25808171664426366,0.0840710954492606,-1,FALSE,FALSE
price_ipc,precos,1,34,-0.10578980818299454,-0.1676236427519087,0.011347883558191548,-0.2527430305022244,0.08705458709067888,-1,FALSE,FALSE
price_ipc,precos,1,35,-0.09916863628864545,-0.16224301224657905,0.013805780499247331,-0.24843118402780723,0.08672873337330615,-1,FALSE,FALSE
price_ipc,precos,1,36,-0.0923723924580994,-0.15601669431645904,0.01853588261511763,-0.24547779252770183,0.08519989376896828,-1,FALSE,FALSE
price_ipc,precos,1,37,-0.08546656662286661,-0.14861441823440255,0.022005343910001265,-0.23888342387961692,0.08916262164351382,-1,FALSE,FALSE
price_ipc,precos,1,38,-0.07851322669793753,-0.14399709537130634,0.02684750909735773,-0.23036304046684522,0.09188332032603383,-1,FALSE,FALSE
price_ipc,precos,1,39,-0.07156989935119513,-0.13960821098580609,0.03666066661176769,-0.21950542565850584,0.09579821487909783,-1,FALSE,FALSE
price_ipc,precos,1,40,-0.06469005834514918,-0.13414695882969696,0.038278457036085956,-0.21237868001378274,0.09925024585691943,-1,FALSE,FALSE
price_ipc,precos,1,41,-0.057923044675376886,-0.13008650842367508,0.04305588315487494,-0.2066909666196271,0.0990254871436706,-1,FALSE,FALSE
price_ipc,precos,1,42,-0.051313581259423764,-0.122985021785064,0.05031558639890643,-0.20113103213885525,0.10140368530882742,-1,FALSE,FALSE
price_ipc,precos,1,43,-0.04490185281273139,-0.11867416652853516,0.05459626398748131,-0.18855667008935634,0.10442512363946242,-1,FALSE,FALSE
price_ipc,precos,1,44,-0.03872355094610955,-0.1131749644586077,0.05762976414996168,-0.18171833944871515,0.11126703381093879,-1,FALSE,FALSE
price_ipc,precos,1,45,-0.032809774341792615,-0.10784222032983456,0.06132867182999018,-0.17543975784560598,0.11809185407463983,-1,FALSE,FALSE
price_ipc,precos,1,46,-0.027187104696064574,-0.10304721615228708,0.06459168050397236,-0.17026220107868628,0.12394713046730152,-1,FALSE,FALSE
price_ipc,precos,1,47,-0.021877737410035285,-0.0971560768423412,0.06756269676709134,-0.16440114943819065,0.1306807893794757,-1,FALSE,FALSE
price_ipc,precos,1,48,-0.016899586478974084,-0.09153910519618899,0.07110657361152718,-0.1605487366955106,0.13657823349412185,-1,FALSE,FALSE
price_core_ipc,precos,1,0,-0.0038281147380285745,-0.01869856793055461,0.014655626984844726,-0.03284749407116743,0.025005073949612263,-1,FALSE,FALSE
price_core_ipc,precos,1,1,0.009131809876048141,-0.01125185015964759,0.025361893361974835,-0.026101020457274395,0.03725415839029101,1,FALSE,FALSE
price_core_ipc,precos,1,2,0.014485519882578173,-0.009244963895110068,0.031230658982040763,-0.02345068226338041,0.04482247126354853,1,FALSE,FALSE
price_core_ipc,precos,1,3,0.024313052697344583,8.069121945742744e-4,0.04349753557109124,-0.013551657245041811,0.0582632880572156,1,TRUE,FALSE
price_core_ipc,precos,1,4,0.02976373712807915,0.0072755732933081,0.05232289017415141,-0.008291401593479106,0.0682239018288029,1,TRUE,FALSE
price_core_ipc,precos,1,5,0.03501770179155866,0.011085844172104422,0.06077610362363314,-0.005253196241991555,0.07905005470697876,1,TRUE,FALSE
price_core_ipc,precos,1,6,0.034857151914425344,0.010441568585704811,0.06444712363994443,-0.005235811773481615,0.08211184557797456,1,TRUE,FALSE
price_core_ipc,precos,1,7,0.03441285412695228,0.010934517255299063,0.06609975245310715,-0.0054671852225124645,0.08694934632152741,1,TRUE,FALSE
price_core_ipc,precos,1,8,0.03406734125566927,0.011138116025658371,0.06727267044599163,-0.005134667116918643,0.0921031074679267,1,TRUE,FALSE
price_core_ipc,precos,1,9,0.031100749905131928,0.008870035238232767,0.06617858020314606,-0.007716823178638727,0.09391991209128911,1,TRUE,FALSE
price_core_ipc,precos,1,10,0.027584965068661857,0.006824577174014309,0.06580272291859329,-0.009583513152218868,0.09460005402505692,1,TRUE,FALSE
price_core_ipc,precos,1,11,0.024274652228345236,0.004435220780813885,0.06355506737738346,-0.013753915350290179,0.09486979734142503,1,TRUE,FALSE
price_core_ipc,precos,1,12,0.01992209593050725,0.0015753367767551503,0.062357494010398015,-0.016982287151669453,0.09426150886112421,1,TRUE,FALSE
price_core_ipc,precos,1,13,0.015333542676167596,-0.0013809421236564193,0.059879931843252895,-0.018190969694489443,0.09316112155828507,1,FALSE,FALSE
price_core_ipc,precos,1,14,0.011004215180640485,-0.004084241542880019,0.05767284833062197,-0.020983541241619514,0.09329086730107136,1,FALSE,FALSE
price_core_ipc,precos,1,15,0.006512249886725039,-0.0076595018388336215,0.05466847914794744,-0.02528916825476579,0.09046856866184705,1,FALSE,FALSE
price_core_ipc,precos,1,16,0.002095696017410646,-0.01046221589057727,0.05154904222384856,-0.02758379771242736,0.0887717771665166,1,FALSE,FALSE
price_core_ipc,precos,1,17,-0.002044632307255964,-0.013537193707076185,0.049094607320088426,-0.02977431151380865,0.08625036128267594,-1,FALSE,FALSE
price_core_ipc,precos,1,18,-0.00601927141142767,-0.016829413495520452,0.0455435275816406,-0.032975677966576744,0.08356820194022313,-1,FALSE,FALSE
price_core_ipc,precos,1,19,-0.009777499924936192,-0.020133206063230165,0.0416126428398678,-0.03604075487884109,0.08013366033256877,-1,FALSE,FALSE
price_core_ipc,precos,1,20,-0.013251878726974134,-0.022666974105579347,0.037795737165176015,-0.038234853845395815,0.07808847374976982,-1,FALSE,FALSE
price_core_ipc,precos,1,21,-0.0164638650797859,-0.02505544256657657,0.03509609801521522,-0.04028747149993195,0.07224122784698762,-1,FALSE,FALSE
price_core_ipc,precos,1,22,-0.019407904474420493,-0.027533030061237425,0.03191782649082769,-0.04286849220088643,0.06868639962678379,-1,FALSE,FALSE
price_core_ipc,precos,1,23,-0.022067571629018082,-0.030052840107365083,0.029270586447348926,-0.04499742872448384,0.06501936679831613,-1,FALSE,FALSE
price_core_ipc,precos,1,24,-0.024446988733585227,-0.03227507996926099,0.025367891479599464,-0.047925855134086544,0.060364827969628713,-1,FALSE,FALSE
price_core_ipc,precos,1,25,-0.026549945738937947,-0.03387183188042918,0.022208054801240204,-0.05034860698432395,0.05651247640237171,-1,FALSE,FALSE
price_core_ipc,precos,1,26,-0.02837718997115114,-0.03550181999588751,0.01900734208805099,-0.05243410137456063,0.05370351042770134,-1,FALSE,FALSE
price_core_ipc,precos,1,27,-0.02993272805586355,-0.037520032714046754,0.01659645997093302,-0.054208001149970965,0.050621957662984565,-1,FALSE,FALSE
price_core_ipc,precos,1,28,-0.031223338836281048,-0.03806452588664232,0.013816348721607212,-0.05563076752873719,0.047095116058687214,-1,FALSE,FALSE
price_core_ipc,precos,1,29,-0.032256174878919845,-0.03968661728877016,0.011171641948200056,-0.0574508938337141,0.04370174865712094,-1,FALSE,FALSE
price_core_ipc,precos,1,30,-0.03303887788384731,-0.04056869758505103,0.010078478884525148,-0.058811202528516966,0.04128045594455767,-1,FALSE,FALSE
price_core_ipc,precos,1,31,-0.033581206455430425,-0.040810214521849845,0.008228318321550077,-0.060270278996089,0.03999602508372277,-1,FALSE,FALSE
price_core_ipc,precos,1,32,-0.03389413185703356,-0.04129571089041213,0.005793810437901399,-0.05953265095617656,0.03830015727848198,-1,FALSE,FALSE
price_core_ipc,precos,1,33,-0.033989076963198875,-0.04079469039412173,0.0044695637175129555,-0.060707588609056944,0.03501904864209083,-1,FALSE,FALSE
price_core_ipc,precos,1,34,-0.03387873713474608,-0.04104737702549542,0.00388075953969849,-0.060670482764484224,0.03375823416633837,-1,FALSE,FALSE
price_core_ipc,precos,1,35,-0.033576805178584294,-0.0407958006518786,0.0027679505734939562,-0.061016338700812536,0.03267057246369626,-1,FALSE,FALSE
price_core_ipc,precos,1,36,-0.033097396902295774,-0.0406099322670745,0.0026935537050804753,-0.060892292096084,0.030495425955553688,-1,FALSE,FALSE
price_core_ipc,precos,1,37,-0.03245523905116392,-0.04043449180850156,0.003055931092446057,-0.05976837220800577,0.028483839551146486,-1,FALSE,FALSE
price_core_ipc,precos,1,38,-0.031665538776345335,-0.039575673375523424,0.0033192071132659502,-0.058843761774243,0.02758567246406609,-1,FALSE,FALSE
price_core_ipc,precos,1,39,-0.030743643775307476,-0.03851121243838249,0.00301515132472209,-0.05907871541907146,0.027512892497627832,-1,FALSE,FALSE
price_core_ipc,precos,1,40,-0.02970498338256663,-0.038066001003271864,0.0028731036500770648,-0.0570386373618988,0.025749997681574446,-1,FALSE,FALSE
price_core_ipc,precos,1,41,-0.02856495785590335,-0.037782425196802825,0.0029707949392867574,-0.055977665849579576,0.02650534802977239,-1,FALSE,FALSE
price_core_ipc,precos,1,42,-0.027338742313297085,-0.036742828671699534,0.003982046305720592,-0.05398316385760078,0.025333644797098754,-1,FALSE,FALSE
price_core_ipc,precos,1,43,-0.026041180575102914,-0.035554361239461964,0.0047376992769940975,-0.05226481817191991,0.02487191311970126,-1,FALSE,FALSE
price_core_ipc,precos,1,44,-0.024686690955749786,-0.034851425633163735,0.0051376834775273385,-0.050982874554663785,0.02471734861108949,-1,FALSE,FALSE
price_core_ipc,precos,1,45,-0.023289152039175125,-0.034084094132758785,0.006272829294161895,-0.04884837132143414,0.025423994501028776,-1,FALSE,FALSE
price_core_ipc,precos,1,46,-0.021861818184886733,-0.03242515710892395,0.007183886428065908,-0.04813790404326149,0.02514613709177274,-1,FALSE,FALSE
price_core_ipc,precos,1,47,-0.02041725332301028,-0.0315013662203156,0.007696007603492731,-0.045951976930585295,0.0252184406840387,-1,FALSE,FALSE
price_core_ipc,precos,1,48,-0.018967268392996152,-0.030393488213531994,0.008417969415076833,-0.04506966541150369,0.02550830606496319,-1,FALSE,FALSE
price_incc,precos,1,0,-0.016414237575768355,-0.07362672882823311,0.030825779963778957,-0.1117215080437943,0.059838837478975615,-1,FALSE,FALSE
price_incc,precos,1,1,0.022062654610731595,-0.046371573728908155,0.0665352828540328,-0.09462664828227071,0.10309546660488801,1,FALSE,FALSE
price_incc,precos,1,2,0.04910524666001142,-0.017121074261526717,0.08974275038460108,-0.058455954523177686,0.12736460124386623,1,FALSE,FALSE
price_incc,precos,1,3,0.026457244036116323,-0.03360110877098696,0.08510558052162634,-0.0773704271193848,0.12336960069274623,1,FALSE,FALSE
price_incc,precos,1,4,0.02769349285003589,-0.02694128561331604,0.09308266814779129,-0.0683402906693714,0.13799072143041322,1,FALSE,FALSE
price_incc,precos,1,5,0.030225835163417307,-0.018446936431659976,0.1015008686910133,-0.057091987679360405,0.14584812482583637,1,FALSE,FALSE
price_incc,precos,1,6,0.014618481118520585,-0.02754659103499338,0.09291020287329561,-0.059566125858014296,0.14489685631344212,1,FALSE,FALSE
price_incc,precos,1,7,0.007961874986886209,-0.02992916399705212,0.08816246477768877,-0.06885778643410646,0.14549229567146818,1,FALSE,FALSE
price_incc,precos,1,8,0.0016308783485190737,-0.032362988774551016,0.08840939202373996,-0.07583172066521732,0.14680832953781286,1,FALSE,FALSE
price_incc,precos,1,9,-0.009460271160157302,-0.040171185319855654,0.07983098484045645,-0.0852816814170678,0.13964914682071325,-1,FALSE,FALSE
price_incc,precos,1,10,-0.017927646392506907,-0.042741058344928,0.07274827944841357,-0.07996332866773825,0.1307867358922751,-1,FALSE,FALSE
price_incc,precos,1,11,-0.025791683267232884,-0.04991135836653357,0.06637140629875578,-0.08871816192500523,0.12468273456558977,-1,FALSE,FALSE
price_incc,precos,1,12,-0.034288801735377523,-0.057622101845024004,0.058479120185387576,-0.09484017563304126,0.11615241659719097,-1,FALSE,FALSE
price_incc,precos,1,13,-0.04156563170731119,-0.06338072132110949,0.05330183355079904,-0.09913107147647718,0.10382991032215888,-1,FALSE,FALSE
price_incc,precos,1,14,-0.047894702689241175,-0.07048668760838607,0.050961886595096775,-0.10628635528095136,0.09571963474178559,-1,FALSE,FALSE
price_incc,precos,1,15,-0.053647743571158035,-0.07478025682852371,0.0436148669166846,-0.11118179791295514,0.09271728648416003,-1,FALSE,FALSE
price_incc,precos,1,16,-0.05844851255194696,-0.07753343080025425,0.03822220633924135,-0.11600713356674584,0.08409917287934678,-1,FALSE,FALSE
price_incc,precos,1,17,-0.06233879745194067,-0.08041918722450246,0.03362672087166028,-0.12632044779344515,0.07761166591853098,-1,FALSE,FALSE
price_incc,precos,1,18,-0.06542917114240689,-0.08247831550811917,0.029641987225599867,-0.13398764185609155,0.07501919511785479,-1,FALSE,FALSE
price_incc,precos,1,19,-0.06773788075851066,-0.08511740109050553,0.025454819443734393,-0.13926694588372665,0.07115969731613957,-1,FALSE,FALSE
price_incc,precos,1,20,-0.06930343476861929,-0.0888506445427349,0.021580195247827522,-0.14123021115995596,0.0700800164274833,-1,FALSE,FALSE
price_incc,precos,1,21,-0.07017477950075807,-0.09211191000850534,0.019596209075969307,-0.13856376593290062,0.06352340280359504,-1,FALSE,FALSE
price_incc,precos,1,22,-0.07043037774236095,-0.09287202119895047,0.017218473671131353,-0.13916238162846975,0.0649101531369713,-1,FALSE,FALSE
price_incc,precos,1,23,-0.07012112156303373,-0.09460736891069141,0.014443999060478638,-0.14061778001553496,0.06327399752918647,-1,FALSE,FALSE
price_incc,precos,1,24,-0.06928821757775559,-0.0940570839798438,0.01337148236402229,-0.1398352198035526,0.06103774976361806,-1,FALSE,FALSE
price_incc,precos,1,25,-0.0679976711057133,-0.09498446278759695,0.013096726265217278,-0.14153387250937705,0.05943314790530672,-1,FALSE,FALSE
price_incc,precos,1,26,-0.0663008289901168,-0.09543025142539524,0.01134632994743145,-0.14177176218092113,0.05592807611714998,-1,FALSE,FALSE
price_incc,precos,1,27,-0.06423875092120068,-0.09380331093087774,0.012001964434652889,-0.14180938457184142,0.0499011661853585,-1,FALSE,FALSE
price_incc,precos,1,28,-0.06186245425842071,-0.09234132414335039,0.012700233278764827,-0.13992673495651803,0.04992495197088654,-1,FALSE,FALSE
price_incc,precos,1,29,-0.05921758958984314,-0.09015718932770792,0.012306445187726557,-0.13885622884114232,0.04954446517214258,-1,FALSE,FALSE
price_incc,precos,1,30,-0.056343647623974834,-0.08789305388278623,0.014464829985437081,-0.1350772645311105,0.04823850253693489,-1,FALSE,FALSE
price_incc,precos,1,31,-0.05328229789556578,-0.08594663267037551,0.0154950837890155,-0.13171259222680512,0.04567169036552711,-1,FALSE,FALSE
price_incc,precos,1,32,-0.05007281725086777,-0.08381773504473908,0.017339924423094573,-0.12944144531808333,0.046608430489239766,-1,FALSE,FALSE
price_incc,precos,1,33,-0.04675099198058818,-0.0807090808868317,0.018992649583021482,-0.12397606539663776,0.04742548610698834,-1,FALSE,FALSE
price_incc,precos,1,34,-0.04335177441698017,-0.07604919115848224,0.020800473315915738,-0.11918995275313563,0.050612182103340585,-1,FALSE,FALSE
price_incc,precos,1,35,-0.03990816133155812,-0.07317862960832491,0.02075138140815471,-0.11463087797511481,0.050506622143309324,-1,FALSE,FALSE
price_incc,precos,1,36,-0.03645059109271652,-0.0691747822328509,0.021972616901518926,-0.11564732862477373,0.05277021336733073,-1,FALSE,FALSE
price_incc,precos,1,37,-0.033007593237689134,-0.0665409810381589,0.023020688943918777,-0.11273166216885275,0.05444413322485795,-1,FALSE,FALSE
price_incc,precos,1,38,-0.029605559729516184,-0.06234004143880834,0.024366224331415682,-0.10987842631780152,0.055763444294146265,-1,FALSE,FALSE
price_incc,precos,1,39,-0.026268500275143866,-0.059785870802672045,0.02508461725842952,-0.10543552459988577,0.05461096014279454,-1,FALSE,FALSE
price_incc,precos,1,40,-0.023018151710780095,-0.05834393864622296,0.027004482321572508,-0.10439351166886011,0.05375618916409176,-1,FALSE,FALSE
price_incc,precos,1,41,-0.019873963260331824,-0.05455593505264121,0.029651144299530013,-0.10084465329996699,0.053942107846003826,-1,FALSE,FALSE
price_incc,precos,1,42,-0.016853045094259018,-0.051207665803684625,0.03143689223587897,-0.09505408891882015,0.058466271443702936,-1,FALSE,FALSE
price_incc,precos,1,43,-0.013970201179707433,-0.04789790273720074,0.032370620229583306,-0.09270910226730891,0.06002597659280036,-1,FALSE,FALSE
price_incc,precos,1,44,-0.011237984629481102,-0.04584289078391772,0.034270542344896356,-0.0872237321378522,0.061469180459798496,-1,FALSE,FALSE
price_incc,precos,1,45,-0.008666747012600206,-0.04287515915735681,0.03651699247284502,-0.08220446206062536,0.06526641122422355,-1,FALSE,FALSE
price_incc,precos,1,46,-0.006264704604246313,-0.039426961976129646,0.038074478524324086,-0.07869694271394767,0.06815741087776016,-1,FALSE,FALSE
price_incc,precos,1,47,-0.004038033567038744,-0.03700357996493709,0.03873782327383252,-0.07391728506665456,0.07311092130733468,-1,FALSE,FALSE
price_incc,precos,1,48,-0.001990971694560632,-0.03463713067983469,0.039316599047068704,-0.0711661232456472,0.07530530580033962,-1,FALSE,FALSE
price_inpc,precos,1,0,-0.07163109739654142,-0.15636692809318986,0.025442209629433124,-0.22484949697198445,0.08402982694024941,-1,FALSE,FALSE
price_inpc,precos,1,1,0.012259092558953615,-0.11733920276688277,0.08690465632808206,-0.18157473020705206,0.15098742214098737,1,FALSE,FALSE
price_inpc,precos,1,2,0.009897635685120651,-0.12454582367383579,0.09701425992255908,-0.20191697738135567,0.1670937817379888,1,FALSE,FALSE
price_inpc,precos,1,3,0.06412066523220761,-0.056401903263440224,0.16534481067487378,-0.14632893553342396,0.24946995260627983,1,FALSE,FALSE
price_inpc,precos,1,4,0.08965072710981584,-0.02562607416369982,0.2159685524771029,-0.10676600283913958,0.29763854175363896,1,FALSE,FALSE
price_inpc,precos,1,5,0.10548381663612792,-0.010083269971144032,0.25790837383566884,-0.09204936973685691,0.34271875399719143,1,FALSE,FALSE
price_inpc,precos,1,6,0.09122251044303614,-0.022346375814593946,0.25619013893106724,-0.10964009541542954,0.34670921185942993,1,FALSE,FALSE
price_inpc,precos,1,7,0.08266700429397135,-0.03103046903159204,0.2634755666396114,-0.11655361345969481,0.3520284750245461,1,FALSE,FALSE
price_inpc,precos,1,8,0.07272292157176717,-0.0460721891517749,0.26210753081835725,-0.13665247399864444,0.35885999048109757,1,FALSE,FALSE
price_inpc,precos,1,9,0.04877869232060303,-0.06853637363688642,0.24120470318556847,-0.15679898629879102,0.3467126196637489,1,FALSE,FALSE
price_inpc,precos,1,10,0.025949189619275406,-0.08432910344949437,0.2356688102648895,-0.16792588301339414,0.3382704884220647,1,FALSE,FALSE
price_inpc,precos,1,11,0.005323009260966532,-0.10311687960085718,0.22320670449016755,-0.18343741741797512,0.34025192238809465,1,FALSE,FALSE
price_inpc,precos,1,12,-0.020088413064967205,-0.12244260816450558,0.20099519445443642,-0.20482363481849578,0.3300209663033722,-1,FALSE,FALSE
price_inpc,precos,1,13,-0.04452186623191822,-0.13824001005877146,0.186625494936049,-0.22198103380351084,0.3160021672852476,-1,FALSE,FALSE
price_inpc,precos,1,14,-0.0658338375958275,-0.15210583924986928,0.17172163759335654,-0.23807688450569311,0.3032640318419416,-1,FALSE,FALSE
price_inpc,precos,1,15,-0.0868496787410319,-0.17088300077537652,0.1562280585838131,-0.25415916782121345,0.2893201870359505,-1,FALSE,FALSE
price_inpc,precos,1,16,-0.10598401802390912,-0.1811438271651989,0.1379596661588637,-0.2653254200104027,0.27337166223232334,-1,FALSE,FALSE
price_inpc,precos,1,17,-0.12232864419102098,-0.19264309251529574,0.12235369252604421,-0.2837680197228999,0.25831965493398856,-1,FALSE,FALSE
price_inpc,precos,1,18,-0.13683753786782402,-0.20564660595274387,0.10582763909311976,-0.2952341707835821,0.25261790615374274,-1,FALSE,FALSE
price_inpc,precos,1,19,-0.14931346274000315,-0.21261008274146648,0.09577562901012238,-0.30449477544793085,0.2339218613863972,-1,FALSE,FALSE
price_inpc,precos,1,20,-0.1595279596983919,-0.22118434485855398,0.07908728486670952,-0.3130257226962584,0.2235958849648806,-1,FALSE,FALSE
price_inpc,precos,1,21,-0.16781134797571848,-0.225141527557986,0.06334757227781371,-0.3213670639076833,0.2096879026739864,-1,FALSE,FALSE
price_inpc,precos,1,22,-0.1742745599639196,-0.2330529359284851,0.05135963213473622,-0.3207869073097174,0.1939083431236591,-1,FALSE,FALSE
price_inpc,precos,1,23,-0.17894863933347427,-0.23794398672597974,0.041276108207396016,-0.3193284633601582,0.18148621831465803,-1,FALSE,FALSE
price_inpc,precos,1,24,-0.18199660536982484,-0.23552266569581515,0.03193314562965176,-0.3249844441306258,0.1681875153440506,-1,FALSE,FALSE
price_inpc,precos,1,25,-0.18355785493520194,-0.23626730884598515,0.024633243604257324,-0.3288765580485671,0.15572937115236293,-1,FALSE,FALSE
price_inpc,precos,1,26,-0.1837322584042511,-0.23904489052864566,0.016771157960866263,-0.33162909829733467,0.1521542541169741,-1,FALSE,FALSE
price_inpc,precos,1,27,-0.1826351128540515,-0.23434563685483184,0.011039960425905005,-0.33213030947431005,0.14823706064714076,-1,FALSE,FALSE
price_inpc,precos,1,28,-0.1803865698791175,-0.22757356234421242,0.011431645996624726,-0.3308162180768099,0.13937520103706513,-1,FALSE,FALSE
price_inpc,precos,1,29,-0.1770931271705899,-0.2262228264341487,0.011367407540335904,-0.32765372921337726,0.1312327692010591,-1,FALSE,FALSE
price_inpc,precos,1,30,-0.1728557878958644,-0.21826277861814147,0.00658698874162,-0.3258637517855392,0.1270983093712876,-1,FALSE,FALSE
price_inpc,precos,1,31,-0.16777939185136642,-0.20974069928096337,0.007463546741349447,-0.3215312283604662,0.12720797463385788,-1,FALSE,FALSE
price_inpc,precos,1,32,-0.16196482841730242,-0.21000745997515738,0.007592174309660718,-0.31630313114799535,0.12593961692308625,-1,FALSE,FALSE
price_inpc,precos,1,33,-0.1555071646017508,-0.20290703852542985,0.008613801136912902,-0.3050813578870808,0.11368523740450073,-1,FALSE,FALSE
price_inpc,precos,1,34,-0.14850151348534113,-0.1984810862662137,0.010079554753037238,-0.3008295747238781,0.11453538852084115,-1,FALSE,FALSE
price_inpc,precos,1,35,-0.1410407477456555,-0.1951117381369637,0.013137952187941313,-0.29006497577022006,0.11641806789641596,-1,FALSE,FALSE
price_inpc,precos,1,36,-0.13321306419657453,-0.1864144973208762,0.01714116342462867,-0.28335376875225027,0.11642841785704891,-1,FALSE,FALSE
price_inpc,precos,1,37,-0.1251040042135291,-0.18227322169793556,0.02224948879881651,-0.2795101697617055,0.11473943450104332,-1,FALSE,FALSE
price_inpc,precos,1,38,-0.11679586666598335,-0.17782802315036053,0.026183005401400786,-0.27792337475965745,0.1175696371986173,-1,FALSE,FALSE
price_inpc,precos,1,39,-0.10836625563244218,-0.16937302044729693,0.033716672163731656,-0.28023510005236846,0.12042637673705142,-1,FALSE,FALSE
price_inpc,precos,1,40,-0.0998884293311164,-0.16533088455561046,0.04189848211326539,-0.27211304326451025,0.1254849648767976,-1,FALSE,FALSE
price_inpc,precos,1,41,-0.09143110889153969,-0.16015827384847459,0.047490106812883806,-0.2633260876958267,0.13008598236609561,-1,FALSE,FALSE
price_inpc,precos,1,42,-0.08305781945699556,-0.15140556641861674,0.052950873210695804,-0.24896818001147025,0.12910203500687614,-1,FALSE,FALSE
price_inpc,precos,1,43,-0.07482683465350089,-0.14413373830588344,0.06139795685846107,-0.23737372232842796,0.13052296903532645,-1,FALSE,FALSE
price_inpc,precos,1,44,-0.0667911264763341,-0.14065907265803898,0.06765569349764619,-0.23241416594088138,0.1359566660687156,-1,FALSE,FALSE
price_inpc,precos,1,45,-0.05899816946195953,-0.1335374723147312,0.07370650278199262,-0.22193567044478069,0.1437314192607065,-1,FALSE,FALSE
price_inpc,precos,1,46,-0.05148993144376424,-0.12384414675141331,0.07459196700533705,-0.21519963755217256,0.1520953801924473,-1,FALSE,FALSE
price_inpc,precos,1,47,-0.044302945388886406,-0.11723149486779937,0.0786850665281528,-0.20461741141900086,0.16340406971572938,-1,FALSE,FALSE
price_inpc,precos,1,48,-0.03746836889785129,-0.11171176892089844,0.08586158473719883,-0.19901230428062153,0.17002195578841758,-1,FALSE,FALSE
price_ipp,precos,1,0,0.42623139038870933,0.26035703829548396,0.5978623241723731,0.16139639905372094,0.7167387271409946,1,TRUE,TRUE
price_ipp,precos,1,1,0.5358719586667575,0.30075379315673684,0.680609314501573,0.20255222773809314,0.8278964250952969,1,TRUE,TRUE
price_ipp,precos,1,2,0.3229791736708702,0.08899444180711778,0.48258722858075404,-0.015800018277917185,0.6658553907250352,1,TRUE,FALSE
price_ipp,precos,1,3,0.40796980587235915,0.11763889553352047,0.5471421998241787,0.015458641629711823,0.7189472471982611,1,TRUE,TRUE
price_ipp,precos,1,4,0.3773196367048618,0.11131817910053723,0.5708130053039651,-0.004809959497838288,0.7404505809489056,1,TRUE,FALSE
price_ipp,precos,1,5,0.228272767321188,-0.011129781492942449,0.47630968463278794,-0.13782225851503008,0.6569854639524892,1,FALSE,FALSE
price_ipp,precos,1,6,0.15778623999115637,-0.055280133752847904,0.46099210829482956,-0.19681822290464457,0.6463439814691798,1,FALSE,FALSE
price_ipp,precos,1,7,0.09715236676315576,-0.10106938108325941,0.43966553308096185,-0.23976486568436495,0.6081654838554442,1,FALSE,FALSE
price_ipp,precos,1,8,-0.009760067749917094,-0.18482468367708488,0.36275786400362325,-0.3328802924773244,0.5551120633320392,-1,FALSE,FALSE
price_ipp,precos,1,9,-0.09100502966936606,-0.2381078339189621,0.31590900117111387,-0.4063077375010317,0.5032688646989675,-1,FALSE,FALSE
price_ipp,precos,1,10,-0.150745598780728,-0.29283886026996653,0.272947470801976,-0.46041648060768187,0.45751967141291733,-1,FALSE,FALSE
price_ipp,precos,1,11,-0.21668029062888536,-0.34947656827592916,0.2242154780280794,-0.5189018512187106,0.4039877414494489,-1,FALSE,FALSE
price_ipp,precos,1,12,-0.27011632073125,-0.389575903350501,0.1804816510504121,-0.5735360800343756,0.35519491166402256,-1,FALSE,FALSE
price_ipp,precos,1,13,-0.3096517185687351,-0.4306550979024161,0.14399389785723496,-0.6048460489087037,0.3183228311145151,-1,FALSE,FALSE
price_ipp,precos,1,14,-0.3433998106783941,-0.4717219378493622,0.10250511969011604,-0.6422310266639398,0.2892049810566057,-1,FALSE,FALSE
price_ipp,precos,1,15,-0.3692679253737449,-0.48993846542977215,0.06330256148080923,-0.6701809628205544,0.2452988718896865,-1,FALSE,FALSE
price_ipp,precos,1,16,-0.3863600104430015,-0.5119901427848637,0.03535541041161115,-0.6881782519208072,0.20353031839536642,-1,FALSE,FALSE
price_ipp,precos,1,17,-0.39714583290221583,-0.5311060519383062,0.014186630994189727,-0.6977706716551529,0.16841823272547973,-1,FALSE,FALSE
price_ipp,precos,1,18,-0.40240365316274834,-0.5477312571387559,-0.008050446408355748,-0.7246883836459993,0.15075495637998906,-1,TRUE,FALSE
price_ipp,precos,1,19,-0.4021901253728343,-0.5535289371526624,-0.031499076451817265,-0.7374932488066266,0.13623466058403708,-1,TRUE,FALSE
price_ipp,precos,1,20,-0.39743143030491,-0.5528843880734303,-0.045394307321141206,-0.7515467412565877,0.11829146771759583,-1,TRUE,FALSE
price_ipp,precos,1,21,-0.3889449682777822,-0.5537406510510092,-0.04570595882097328,-0.7713911378758305,0.11637002038543641,-1,TRUE,FALSE
price_ipp,precos,1,22,-0.37708080468723415,-0.5532826442708666,-0.048262227279519794,-0.7519923918515868,0.10082348875963112,-1,TRUE,FALSE
price_ipp,precos,1,23,-0.3622849748958026,-0.5473243379223495,-0.048191996046108646,-0.750513856390099,0.10941672946820949,-1,TRUE,FALSE
price_ipp,precos,1,24,-0.3451161953416059,-0.5273777214364015,-0.04556219572275449,-0.7545192777947638,0.09902146485786263,-1,TRUE,FALSE
price_ipp,precos,1,25,-0.32593111198490293,-0.5108230270565456,-0.03899634319283414,-0.7421505304186632,0.10826388371217036,-1,TRUE,FALSE
price_ipp,precos,1,26,-0.30503717914462924,-0.4980189218634456,-0.029377178964409726,-0.724508163793884,0.11892887122512075,-1,TRUE,FALSE
price_ipp,precos,1,27,-0.2828135857444739,-0.49067863075271073,-0.0245393442148826,-0.6979673075318378,0.12846854170500424,-1,TRUE,FALSE
price_ipp,precos,1,28,-0.25956977456027547,-0.4761111535115196,-0.011857022452826854,-0.6966310866224602,0.14455294856568102,-1,TRUE,FALSE
price_ipp,precos,1,29,-0.23556574910256914,-0.45553258995775986,-0.006836700169567762,-0.681651273470561,0.1630778490269879,-1,TRUE,FALSE
price_ipp,precos,1,30,-0.21108215586892395,-0.4397602082975971,0.0024064495837127766,-0.66230907082247,0.1705538289822299,-1,FALSE,FALSE
price_ipp,precos,1,31,-0.18637542652933842,-0.4199813623184101,0.015741328630479938,-0.6253622619061868,0.197580749734582,-1,FALSE,FALSE
price_ipp,precos,1,32,-0.16166890161734276,-0.393749791493433,0.029639501012965454,-0.5974395155840145,0.21403349559113866,-1,FALSE,FALSE
price_ipp,precos,1,33,-0.1371802795573109,-0.3791296807097356,0.04798162642595402,-0.5631841774515676,0.2322434920877249,-1,FALSE,FALSE
price_ipp,precos,1,34,-0.11311139929894871,-0.35417546489677526,0.07032992264077385,-0.5391002924332637,0.24514289172958503,-1,FALSE,FALSE
price_ipp,precos,1,35,-0.08964031792308634,-0.3203727855831736,0.09230405985584221,-0.5270552173944696,0.25602093860135333,-1,FALSE,FALSE
price_ipp,precos,1,36,-0.06692934189236868,-0.3006655226562035,0.10652373071115429,-0.5049198342414657,0.2638812835783683,-1,FALSE,FALSE
price_ipp,precos,1,37,-0.045124006982655784,-0.2812335023774023,0.1278987576570957,-0.4828804745159051,0.266942850625202,-1,FALSE,FALSE
price_ipp,precos,1,38,-0.024349771509826205,-0.26282804638499335,0.1416234286013257,-0.4647408883711986,0.2763848256500079,-1,FALSE,FALSE
price_ipp,precos,1,39,-0.004713956824944449,-0.24496484313039033,0.15433567686009864,-0.4473663893373852,0.3035553389527338,-1,FALSE,FALSE
price_ipp,precos,1,40,0.013693453382609988,-0.2251569105701999,0.16250056326167067,-0.42925410139613646,0.31079775196593445,1,FALSE,FALSE
price_ipp,precos,1,41,0.030800357124570563,-0.21167847768620587,0.1786666845232578,-0.40988510682524193,0.3185205593827707,1,FALSE,FALSE
price_ipp,precos,1,42,0.046551726428264543,-0.1844133299878456,0.19330253346876913,-0.38885524955419537,0.335350915250713,1,FALSE,FALSE
price_ipp,precos,1,43,0.06090851947053906,-0.16813283931058365,0.21233761706655568,-0.3585984889550867,0.3459966678880418,1,FALSE,FALSE
price_ipp,precos,1,44,0.0738470374823693,-0.1565967633981088,0.22098154751928728,-0.34179459277450486,0.3541108965741238,1,FALSE,FALSE
price_ipp,precos,1,45,0.08535803542731207,-0.14797817007614342,0.22947750551240803,-0.3229379748990395,0.3589911061478311,1,FALSE,FALSE
price_ipp,precos,1,46,0.0954455689815012,-0.1310728208936204,0.23376922095071337,-0.3129697695108769,0.372458967932045,1,FALSE,FALSE
price_ipp,precos,1,47,0.10412593978858917,-0.11831386168265975,0.2470138648150234,-0.29913931342779837,0.38664268404089547,1,FALSE,FALSE
price_ipp,precos,1,48,0.1114266434957496,-0.10679919646715336,0.2580996801629857,-0.29063103814209473,0.3986303988616321,1,FALSE,FALSE
commodity_agro,commodity,1,0,9.302588089144932,7.081175866839203,10.362299749503364,5.988009832571706,11.69346657957173,1,TRUE,TRUE
commodity_agro,commodity,1,1,11.543602173462546,8.562267878482068,13.110461830841295,7.107844020191394,14.84157074643845,1,TRUE,TRUE
commodity_agro,commodity,1,2,11.37210571774633,7.839111969359934,13.180231282089009,5.985363599192185,15.311418002456973,1,TRUE,TRUE
commodity_agro,commodity,1,3,11.932406590323144,8.15733227798335,13.993503805132214,5.904486828688565,16.05699618848606,1,TRUE,TRUE
commodity_agro,commodity,1,4,11.82505391214055,7.809174506284411,14.478541724806913,5.420287923849632,17.097931503530614,1,TRUE,TRUE
commodity_agro,commodity,1,5,10.531208297217109,6.348930065076673,14.123931467585658,3.905229939226533,16.984101262838596,1,TRUE,TRUE
commodity_agro,commodity,1,6,9.570360577023932,5.533011706304433,14.051767063672573,3.3923968979982106,17.533570499862844,1,TRUE,TRUE
commodity_agro,commodity,1,7,8.569740726086273,4.773196482444476,14.031039975317293,2.56025215007858,17.648331607680777,1,TRUE,TRUE
commodity_agro,commodity,1,8,7.073005881158866,3.679982741197348,13.5597276056876,1.3292451766535962,17.78802713412797,1,TRUE,TRUE
commodity_agro,commodity,1,9,5.667895163215921,2.549784380522171,13.065780494715467,-0.021258921433567616,17.867984463675263,1,TRUE,FALSE
commodity_agro,commodity,1,10,4.372645792069687,1.7206624845421434,12.560084247057098,-1.0626631897258447,17.45982152496092,1,TRUE,FALSE
commodity_agro,commodity,1,11,2.9978917395184754,0.6748813607453322,11.955651620932093,-2.1996405189003165,17.056526568967154,1,TRUE,FALSE
commodity_agro,commodity,1,12,1.7172403638009532,-0.3681410155230011,10.885440660638366,-3.0110821181672454,16.306502836444956,1,FALSE,FALSE
commodity_agro,commodity,1,13,0.5511164978399845,-1.1892293993382403,10.150825287656405,-3.7873864067466845,15.958839346080564,1,FALSE,FALSE
commodity_agro,commodity,1,14,-0.5567386229852987,-2.0784206129794724,9.519710964063577,-4.770999370461321,15.246983129534604,-1,FALSE,FALSE
commodity_agro,commodity,1,15,-1.5749030564425408,-2.8752237470111717,8.599185148383679,-5.768363042635139,14.463995289287281,-1,FALSE,FALSE
commodity_agro,commodity,1,16,-2.4932341859020815,-3.625659896866892,7.673998798127907,-6.640407482658927,13.203194632397308,-1,FALSE,FALSE
commodity_agro,commodity,1,17,-3.3289326196786146,-4.081322076873201,6.715789565168837,-7.316865576250136,12.282176204479288,-1,FALSE,FALSE
commodity_agro,commodity,1,18,-4.081264423531748,-4.8109200927746345,5.9597746093848905,-8.09365367123308,11.271839186178255,-1,FALSE,FALSE
commodity_agro,commodity,1,19,-4.748849746051198,-5.5083896022144625,5.278685482735638,-8.72784887528532,10.464071536690719,-1,FALSE,FALSE
commodity_agro,commodity,1,20,-5.33779271366152,-6.045774276817382,4.585851277618875,-9.480155353786756,9.808169626477184,-1,FALSE,FALSE
commodity_agro,commodity,1,21,-5.851810261325438,-6.648155169712819,3.7892642341335456,-10.034014343465467,8.876739691355144,-1,FALSE,FALSE
commodity_agro,commodity,1,22,-6.2924783681736995,-7.171656736530679,3.171786725377976,-10.505691210502967,8.03602089425796,-1,FALSE,FALSE
commodity_agro,commodity,1,23,-6.662531646734354,-7.577132725725443,2.571280292389154,-11.211786555061556,7.587566412043949,-1,FALSE,FALSE
commodity_agro,commodity,1,24,-6.965335956492088,-7.956563767192007,2.070291787176649,-11.422889916661305,7.051973853561932,-1,FALSE,FALSE
commodity_agro,commodity,1,25,-7.203300342466404,-8.246565239251238,1.5668236738113608,-11.633756985444345,6.7072533016942435,-1,FALSE,FALSE
commodity_agro,commodity,1,26,-7.378826421416726,-8.527503656768333,1.0913137015508203,-12.227273559931625,6.21570918909053,-1,FALSE,FALSE
commodity_agro,commodity,1,27,-7.49508239300824,-8.59863603670206,0.5951685957659365,-12.414919709914665,5.950518438829793,-1,FALSE,FALSE
commodity_agro,commodity,1,28,-7.5551170874814915,-8.617656566987165,0.3365989618815236,-12.470088344234663,5.505573211236923,-1,FALSE,FALSE
commodity_agro,commodity,1,29,-7.561948152091977,-8.711004162756609,0.1798085568192875,-12.682728644644364,5.003372495574712,-1,FALSE,FALSE
commodity_agro,commodity,1,30,-7.519051232082655,-8.767743628433745,0.10818848429230855,-13.02677099524476,5.02671829536516,-1,FALSE,FALSE
commodity_agro,commodity,1,31,-7.430033242191243,-8.726035551928133,-0.03104428608485023,-13.049265388064986,4.776747201285478,-1,TRUE,FALSE
commodity_agro,commodity,1,32,-7.298525308824319,-8.807381017179235,-0.03472409236414015,-12.586714784406347,4.420906964764196,-1,TRUE,FALSE
commodity_agro,commodity,1,33,-7.128357545454316,-8.864522572124448,-0.051973480822460505,-12.288351264010306,4.104981270493082,-1,TRUE,FALSE
commodity_agro,commodity,1,34,-6.923449187521001,-8.77974533457584,0.1350111694744971,-11.95976067806824,3.9524562195771478,-1,FALSE,FALSE
commodity_agro,commodity,1,35,-6.687710907133297,-8.481138654538963,0.23488955941574255,-12.239528306868078,3.7880469599217603,-1,FALSE,FALSE
commodity_agro,commodity,1,36,-6.425071805595323,-8.304960414380037,0.34438953950085643,-11.809536398556627,3.769579060260186,-1,FALSE,FALSE
commodity_agro,commodity,1,37,-6.139433799783006,-8.144223716872286,0.5780353759538036,-11.600482201606432,3.7704434081047316,-1,FALSE,FALSE
commodity_agro,commodity,1,38,-5.834612024629201,-7.928314936473461,0.7741634167614561,-11.252278990198116,3.919180371209317,-1,FALSE,FALSE
commodity_agro,commodity,1,39,-5.514319218140267,-7.686431546184868,0.9409863503857459,-11.112175510969232,4.132909668406032,-1,FALSE,FALSE
commodity_agro,commodity,1,40,-5.18214043985135,-7.383256741020212,1.0451718324072745,-11.041836226100664,4.0648118939265085,-1,FALSE,FALSE
commodity_agro,commodity,1,41,-4.841501205240815,-7.224180118080821,1.2504653446799259,-10.912788457295603,4.2672321490589615,-1,FALSE,FALSE
commodity_agro,commodity,1,42,-4.495649708358695,-7.00001741490362,1.4863378984113855,-10.560573851727572,4.538172568208828,-1,FALSE,FALSE
commodity_agro,commodity,1,43,-4.147642390908157,-6.694876660859325,1.6872822278506097,-10.247883273223268,4.889318718973903,-1,FALSE,FALSE
commodity_agro,commodity,1,44,-3.800329052440121,-6.555246403931511,2.006811146771314,-9.950786846935346,5.197320864284743,-1,FALSE,FALSE
commodity_agro,commodity,1,45,-3.4563429020827874,-6.239786719690395,2.2394485100079766,-9.672934762609085,5.317324164071586,-1,FALSE,FALSE
commodity_agro,commodity,1,46,-3.118094604477937,-5.954600912441151,2.491287802657266,-9.299932860576439,5.62761511825862,-1,FALSE,FALSE
commodity_agro,commodity,1,47,-2.787767966393317,-5.6972868353209005,2.747790132302385,-8.867900325329735,5.777243330562502,-1,FALSE,FALSE
commodity_agro,commodity,1,48,-2.46731801121826,-5.538694570053821,3.0439409310237124,-8.586129223028633,6.121398492910789,-1,FALSE,FALSE
commodity_metal,commodity,1,0,7.449498685327663,4.045924746405328,9.044647088002172,2.48860415074193,10.449590731163315,1,TRUE,TRUE
commodity_metal,commodity,1,1,9.744111883413366,5.136912374231517,12.117906935967838,2.4447284821071613,14.48554108158123,1,TRUE,TRUE
commodity_metal,commodity,1,2,9.072678595542637,3.550164605975153,12.343701173830425,0.15320049586143492,15.99004698762321,1,TRUE,TRUE
commodity_metal,commodity,1,3,9.77201425890279,3.7130398289224855,13.808694972619122,0.46112768753861505,16.929264895347867,1,TRUE,TRUE
commodity_metal,commodity,1,4,9.67272126646731,3.3148177728646813,14.696674698096214,-0.2717280814368624,17.950082142203403,1,TRUE,FALSE
commodity_metal,commodity,1,5,8.369890630231136,1.7759144481571874,14.318493607501804,-1.809132717010357,18.036339151956472,1,TRUE,FALSE
commodity_metal,commodity,1,6,7.211039012057645,0.8492754447175955,13.76001674955117,-2.6358987627633903,18.190338386304852,1,TRUE,FALSE
commodity_metal,commodity,1,7,6.103052635623328,0.22238354282229555,13.463496545092658,-3.446705802023155,18.262826354618678,1,TRUE,FALSE
commodity_metal,commodity,1,8,4.5570516891613275,-0.9139957611471847,12.56162397065749,-4.957761115904563,18.193006074033015,1,FALSE,FALSE
commodity_metal,commodity,1,9,3.0271407115959335,-2.034356831203147,12.186314134707416,-5.712619725913923,17.892222544804813,1,FALSE,FALSE
commodity_metal,commodity,1,10,1.6334808281445903,-2.9009608098776183,11.192071705215856,-6.731326478166051,17.18199016390504,1,FALSE,FALSE
commodity_metal,commodity,1,11,0.2206769080012824,-3.831564157258291,10.368862061471544,-7.603268717901295,15.981144148855659,1,FALSE,FALSE
commodity_metal,commodity,1,12,-1.108850682292596,-4.73911531072128,9.319880956315696,-8.680479777653604,15.328544322878924,-1,FALSE,FALSE
commodity_metal,commodity,1,13,-2.2986167644257978,-5.458251048457891,8.482902521076388,-9.440173683663897,14.497107510610888,-1,FALSE,FALSE
commodity_metal,commodity,1,14,-3.3826235595490957,-6.164152416514834,7.471238130338023,-10.039971454287985,13.715135291734219,-1,FALSE,FALSE
commodity_metal,commodity,1,15,-4.355833523072793,-6.966326891020298,6.579259104680179,-10.618894738180838,12.949133622253242,-1,FALSE,FALSE
commodity_metal,commodity,1,16,-5.201960052713489,-7.594586167400107,5.729962289849347,-11.357804282572333,12.030086458885483,-1,FALSE,FALSE
commodity_metal,commodity,1,17,-5.932696076455229,-8.023081934297867,5.011886178601946,-12.002672955329594,11.15914065666518,-1,FALSE,FALSE
commodity_metal,commodity,1,18,-6.557411816591761,-8.398861301001483,4.294751730510567,-12.787984780134277,10.173665757295277,-1,FALSE,FALSE
commodity_metal,commodity,1,19,-7.0769005274091255,-8.812334265256636,3.384660312830289,-13.341638904620511,9.819595285398023,-1,FALSE,FALSE
commodity_metal,commodity,1,20,-7.498148985907579,-9.312135060462895,2.780560802852693,-13.623324723881732,9.211802306208874,-1,FALSE,FALSE
commodity_metal,commodity,1,21,-7.8299534811370535,-9.649782831662636,2.3109904738143436,-13.828888256390242,8.607715956712298,-1,FALSE,FALSE
commodity_metal,commodity,1,22,-8.077278114044685,-10.008589631398388,1.7279062097497462,-14.464628840197772,8.014662803905553,-1,FALSE,FALSE
commodity_metal,commodity,1,23,-8.245383819494592,-10.142596359850952,1.1781751050578932,-14.73902395929928,7.372117358642522,-1,FALSE,FALSE
commodity_metal,commodity,1,24,-8.34092156872863,-10.237093168228126,0.8704456825868868,-14.88878980547756,6.795740978868479,-1,FALSE,FALSE
commodity_metal,commodity,1,25,-8.369173154093456,-10.198805214163515,0.6157994126582378,-14.531174978020472,6.483423869574959,-1,FALSE,FALSE
commodity_metal,commodity,1,26,-8.334904759649039,-10.11188383745202,0.45639093670010555,-14.426603195291237,6.102622533872502,-1,FALSE,FALSE
commodity_metal,commodity,1,27,-8.243516788305726,-10.065226779664478,0.36530098123630655,-14.706350023011717,5.853532822568781,-1,FALSE,FALSE
commodity_metal,commodity,1,28,-8.100092496660112,-10.049217681688152,0.4682260997086458,-14.851961255280608,5.706682720838235,-1,FALSE,FALSE
commodity_metal,commodity,1,29,-7.909376672048052,-10.129847943713258,0.5371834459287596,-14.754186482269901,5.300820217413547,-1,FALSE,FALSE
commodity_metal,commodity,1,30,-7.676312563597651,-10.03415458296465,0.6317383237935138,-14.723587445828905,5.015505114412359,-1,FALSE,FALSE
commodity_metal,commodity,1,31,-7.4058026178172405,-9.586750247493756,0.681274920835086,-14.356021258934259,4.838462145899809,-1,FALSE,FALSE
commodity_metal,commodity,1,32,-7.102567390102109,-9.290148088264631,0.8255539813071557,-13.961000169910852,4.790320306309766,-1,FALSE,FALSE
commodity_metal,commodity,1,33,-6.771307161794672,-8.975635795327076,0.9492078388921681,-13.432962155929587,4.78246354011976,-1,FALSE,FALSE
commodity_metal,commodity,1,34,-6.416651493140517,-8.536772689121682,1.128724336162559,-12.986227986375521,4.9327666314947045,-1,FALSE,FALSE
commodity_metal,commodity,1,35,-6.043064407665392,-8.176637683281097,1.249632429423527,-12.65654130278171,5.26214776747756,-1,FALSE,FALSE
commodity_metal,commodity,1,36,-5.654861951530615,-7.906522260696891,1.37475010937787,-12.376880368567406,5.399176516248206,-1,FALSE,FALSE
commodity_metal,commodity,1,37,-5.256195014077821,-7.575528012080364,1.7188365201847422,-11.795767229877516,5.618773188412438,-1,FALSE,FALSE
commodity_metal,commodity,1,38,-4.851001264234771,-7.074613482728035,1.9758565855052286,-11.325083854312094,5.74756504274801,-1,FALSE,FALSE
commodity_metal,commodity,1,39,-4.4429903122461765,-6.814156249259639,2.171549722334118,-10.899885583976523,5.929155239104232,-1,FALSE,FALSE
commodity_metal,commodity,1,40,-4.035633132768397,-6.299756007172629,2.4907371055082415,-10.393106992244661,6.092350489615655,-1,FALSE,FALSE
commodity_metal,commodity,1,41,-3.6321417480050933,-5.94251684274123,2.7032944937401937,-10.237369255229009,6.1142329125977914,-1,FALSE,FALSE
commodity_metal,commodity,1,42,-3.2354580072296932,-5.798545987256864,2.8051195383606857,-10.052879078513172,6.453164407844185,-1,FALSE,FALSE
commodity_metal,commodity,1,43,-2.8482496755884665,-5.453934523113112,3.0270522267257522,-9.649800811855826,6.830790916878192,-1,FALSE,FALSE
commodity_metal,commodity,1,44,-2.472905975172499,-5.037021907235211,3.260932107779497,-9.251560383757873,6.958351162671223,-1,FALSE,FALSE
commodity_metal,commodity,1,45,-2.1115362335194643,-4.5826117194779785,3.6130455125584455,-9.04202788489344,7.334991219776603,-1,FALSE,FALSE
commodity_metal,commodity,1,46,-1.765973231139739,-4.252552042794191,3.919347560214772,-8.44061717176771,7.709528514574203,-1,FALSE,FALSE
commodity_metal,commodity,1,47,-1.4377782496355198,-3.9433866452510107,4.2333996065204405,-8.151172948617605,7.903875526249646,-1,FALSE,FALSE
commodity_metal,commodity,1,48,-1.1282477622602949,-3.6685159396715274,4.592720158330297,-7.638779959853832,8.359168218114752,-1,FALSE,FALSE
commodity_energia,commodity,1,0,5.394493185822306,2.682089340520325,6.525716576120656,1.6610466324863757,7.609268169713488,1,TRUE,TRUE
commodity_energia,commodity,1,1,7.552023283920219,4.126773002692417,8.896088621742678,2.6610415891403334,10.34063887193927,1,TRUE,TRUE
commodity_energia,commodity,1,2,8.883761928280578,4.262066919597926,10.962032211316213,2.568145180988499,13.259441884416812,1,TRUE,TRUE
commodity_energia,commodity,1,3,9.397187618199345,4.373189439909506,12.04807042869561,2.45341356939466,14.789352990138433,1,TRUE,TRUE
commodity_energia,commodity,1,4,9.774676646043865,4.409627888913472,13.183864088516193,2.2818599232426307,16.325603935173742,1,TRUE,TRUE
commodity_energia,commodity,1,5,9.751851867658422,4.084573771214797,14.201283848931755,1.9420404300406677,17.434873578206755,1,TRUE,TRUE
commodity_energia,commodity,1,6,9.351171335290932,3.894159435408456,14.706878402784165,1.5202456825525537,18.654237072398622,1,TRUE,TRUE
commodity_energia,commodity,1,7,8.882452724962102,3.5465168277794294,15.33896176614019,1.3245411619240006,19.765278316843233,1,TRUE,TRUE
commodity_energia,commodity,1,8,8.209469646390843,3.0501875368940605,15.597870821120312,0.8095431246333974,20.837058263308005,1,TRUE,TRUE
commodity_energia,commodity,1,9,7.362504850846903,2.598170528747515,15.354671258631743,0.41707217629516014,21.148980290638953,1,TRUE,TRUE
commodity_energia,commodity,1,10,6.487832373261564,2.055254817451452,15.2300893240493,-0.2588723183530526,21.395244423185293,1,TRUE,FALSE
commodity_energia,commodity,1,11,5.563156159393681,1.6713562532522614,14.787896356755642,-0.5058507041700839,21.047358306595196,1,TRUE,FALSE
commodity_energia,commodity,1,12,4.5963647367337925,1.2741940044909765,14.48814850395589,-1.069828117377469,20.890607545640165,1,TRUE,FALSE
commodity_energia,commodity,1,13,3.639430345136607,0.662515068041852,13.916458578944729,-1.7676442094740132,20.209744734010783,1,TRUE,FALSE
commodity_energia,commodity,1,14,2.6979540462242837,0.21500639712981212,13.309140216919127,-2.2958343651022624,19.963932784340166,1,TRUE,FALSE
commodity_energia,commodity,1,15,1.7713999556356335,-0.2964750497258943,12.546060037931804,-2.7131843235877096,19.058841515121028,1,FALSE,FALSE
commodity_energia,commodity,1,16,0.8778019408855015,-0.8636265180620221,11.855406232753117,-3.216146245899095,18.292805331222162,1,FALSE,FALSE
commodity_energia,commodity,1,17,0.023037279488715555,-1.355474366282315,11.006546707848713,-3.967465192675976,17.655796483588986,1,FALSE,FALSE
commodity_energia,commodity,1,18,-0.7921206386714837,-1.9367789999485678,10.237004118365274,-4.412676986795785,16.670535166250527,-1,FALSE,FALSE
commodity_energia,commodity,1,19,-1.5622161766042806,-2.503262006457309,9.4963253650656,-4.694293167751993,15.49559251642428,-1,FALSE,FALSE
commodity_energia,commodity,1,20,-2.2837808647407933,-3.0285120753263985,8.878319038130323,-5.30410493639494,14.512780453627036,-1,FALSE,FALSE
commodity_energia,commodity,1,21,-2.9555265864356794,-3.4591002776566437,7.890205791717165,-5.973499675193579,13.610352902819882,-1,FALSE,FALSE
commodity_energia,commodity,1,22,-3.575611129970082,-3.88873161986609,6.978594773723174,-6.578941453432428,13.206673535164207,-1,FALSE,FALSE
commodity_energia,commodity,1,23,-4.1422657685850615,-4.296948078464839,6.162322742289201,-7.0981680559250195,12.21221061298929,-1,FALSE,FALSE
commodity_energia,commodity,1,24,-4.65461537239512,-4.616694016837415,5.513093532253702,-7.4438603938581664,11.519419753162083,-1,FALSE,FALSE
commodity_energia,commodity,1,25,-5.112150403996676,-5.032015864778144,4.894495830152232,-8.148255294642324,10.659081922585464,-1,FALSE,FALSE
commodity_energia,commodity,1,26,-5.514505892609747,-5.416083017088681,4.241263762342107,-8.664648860992848,10.160865824990205,-1,FALSE,FALSE
commodity_energia,commodity,1,27,-5.861813677528625,-5.663494391069932,3.6645582113463266,-9.432520205516886,9.47884499970867,-1,FALSE,FALSE
commodity_energia,commodity,1,28,-6.154693690782826,-6.04896266661899,3.2550903803244644,-9.89685023382897,8.889634177743067,-1,FALSE,FALSE
commodity_energia,commodity,1,29,-6.394060081797576,-6.310204235004759,2.800591020616862,-10.168749075606252,8.217067277523634,-1,FALSE,FALSE
commodity_energia,commodity,1,30,-6.581199886514138,-6.400398848106169,2.2310619349648086,-10.346171101403792,7.077883264671523,-1,FALSE,FALSE
commodity_energia,commodity,1,31,-6.717805860588408,-6.4366744148600805,1.7897592509954656,-10.36040970503752,6.810635746886738,-1,FALSE,FALSE
commodity_energia,commodity,1,32,-6.805866509176313,-6.573587962205698,1.4245718692887155,-10.630145600375732,6.7073873359799006,-1,FALSE,FALSE
commodity_energia,commodity,1,33,-6.847647451919216,-6.749265994173197,1.2278686450922371,-10.696412046166024,6.145313577956794,-1,FALSE,FALSE
commodity_energia,commodity,1,34,-6.845687358545884,-6.877218425657425,1.094497992513554,-11.123198295144505,5.925590125946661,-1,FALSE,FALSE
commodity_energia,commodity,1,35,-6.802732535182408,-7.010940464038106,0.8974374140303477,-10.747919772624334,5.602937178547761,-1,FALSE,FALSE
commodity_energia,commodity,1,36,-6.721694754093899,-7.006178798394559,0.7535258394193439,-10.690894922091443,5.494246252719796,-1,FALSE,FALSE
commodity_energia,commodity,1,37,-6.605625023357783,-6.922898447202355,0.6494319880307009,-10.646865597298545,5.546173096508703,-1,FALSE,FALSE
commodity_energia,commodity,1,38,-6.457668808539317,-6.8822776463154725,0.6324868417288365,-10.545981140763647,5.385490386256715,-1,FALSE,FALSE
commodity_energia,commodity,1,39,-6.281026324077674,-6.778989569654776,0.6848263409931118,-10.402058260652462,5.341301085495145,-1,FALSE,FALSE
commodity_energia,commodity,1,40,-6.078922410585099,-6.6646055996159745,0.8181513131530314,-10.178747668938056,5.225670591366251,-1,FALSE,FALSE
commodity_energia,commodity,1,41,-5.854573891752571,-6.6358075529088865,0.9466916062090115,-9.894030494687229,5.135425420407849,-1,FALSE,FALSE
commodity_energia,commodity,1,42,-5.611159045374264,-6.495469272689334,1.0374205946160733,-9.410930417720712,4.908335363085205,-1,FALSE,FALSE
commodity_energia,commodity,1,43,-5.351792434505608,-6.250173963764414,1.1338597461328015,-9.13659162380989,4.811876097139044,-1,FALSE,FALSE
commodity_energia,commodity,1,44,-5.079501738406743,-6.01331771647227,1.3091952815450063,-9.05541065877935,4.808828120683675,-1,FALSE,FALSE
commodity_energia,commodity,1,45,-4.797206736640567,-5.650303828224885,1.4293762337727212,-8.808690647352188,5.2989786162246055,-1,FALSE,FALSE
commodity_energia,commodity,1,46,-4.507701681262885,-5.365776172836126,1.4273890482303884,-8.732696153913407,5.247746154419472,-1,FALSE,FALSE
commodity_energia,commodity,1,47,-4.213640342014806,-5.1226928850681634,1.5885992708468692,-8.650199483958199,5.292077526590406,-1,FALSE,FALSE
commodity_energia,commodity,1,48,-3.9175232936226427,-4.836856226542205,1.6624686977409455,-8.444598695783128,5.611235273378775,-1,FALSE,FALSE
asset_ibov,ativos,6,0,-0.9679848905934691,-3.409703274208134,0.3081095474464708,-5.03313620334802,1.5631850676433807,-1,FALSE,FALSE
asset_ibov,ativos,6,1,-1.3781977229146034,-2.646876193819539,0.7154474529931429,-3.706562151791379,2.071425305750808,-1,FALSE,FALSE
asset_ibov,ativos,6,2,1.8927024691324086,0.3179845602673999,4.213871531767372,-0.8442450958111779,5.704002643839158,1,TRUE,FALSE
asset_ibov,ativos,6,3,-0.10056072341812056,-0.8581759853680715,2.940117405846979,-2.1905821115107753,4.151262531871642,-1,FALSE,FALSE
asset_ibov,ativos,6,4,-0.030014824072318376,-1.0385731346503284,2.602550470786229,-2.033932744996997,3.83428560498504,-1,FALSE,FALSE
asset_ibov,ativos,6,5,1.1592781878194531,-0.08333432373317354,3.4959253604360736,-1.4282387130560703,4.835056966406363,1,FALSE,FALSE
asset_ibov,ativos,6,6,1.1906273022551785,-0.29501865769278707,3.276799667677624,-1.630859908274742,4.656084990487014,1,FALSE,FALSE
asset_ibov,ativos,6,7,1.2269441886594348,-0.483548841782955,3.1385236651620962,-1.7686360630070994,4.618779009974433,1,FALSE,FALSE
asset_ibov,ativos,6,8,1.71809403709313,-0.08759114942917419,3.5439838632458254,-1.4268000215475625,5.090815822172527,1,FALSE,FALSE
asset_ibov,ativos,6,9,1.882960823129554,-0.04031008881638429,3.750958768987386,-1.5425131835489836,5.285328356143764,1,FALSE,FALSE
asset_ibov,ativos,6,10,1.8507273024848903,-0.13554437893300386,3.780749514207823,-1.655682288918282,5.507475504812002,1,FALSE,FALSE
asset_ibov,ativos,6,11,1.9112703728791762,-0.09140587794057001,3.9243934476197335,-1.5054754992560628,5.74715585586327,1,FALSE,FALSE
asset_ibov,ativos,6,12,1.888795073141666,-0.16874261454208975,4.03067149792302,-1.582237676939418,5.990564170962042,1,FALSE,FALSE
asset_ibov,ativos,6,13,1.7726502973689158,-0.23817078904568056,4.0414253836804965,-1.6464392210443513,6.234890479529392,1,FALSE,FALSE
asset_ibov,ativos,6,14,1.641801807487405,-0.252788948372096,4.099870612779097,-1.7238406588134845,6.315197613053091,1,FALSE,FALSE
asset_ibov,ativos,6,15,1.48877135394387,-0.28926737324799073,4.0910272647240316,-1.6704748293977092,6.406597215074556,1,FALSE,FALSE
asset_ibov,ativos,6,16,1.2985691170489517,-0.393264724010019,4.108298841032701,-1.864852382513037,6.368457134300555,1,FALSE,FALSE
asset_ibov,ativos,6,17,1.0905069083833392,-0.49207150226945423,4.099300922986039,-1.9383519951189159,6.336994469031974,1,FALSE,FALSE
asset_ibov,ativos,6,18,0.8771300932934146,-0.6540969554564556,3.9917240819988913,-2.052808340201836,6.3075886359467415,1,FALSE,FALSE
asset_ibov,ativos,6,19,0.6544350478358617,-0.7453339547844875,3.8617520894487427,-2.1581939823107783,6.249482446757625,1,FALSE,FALSE
asset_ibov,ativos,6,20,0.42739029885448143,-0.9272308076910587,3.7272369864737,-2.250210455116808,6.112193865970693,1,FALSE,FALSE
asset_ibov,ativos,6,21,0.20385738529448907,-0.9949106823411118,3.5893597628146443,-2.4646322424156093,5.989292855513721,1,FALSE,FALSE
asset_ibov,ativos,6,22,-0.015883918225996097,-1.117605982024615,3.4426898423196555,-2.566218741321903,5.792067632034161,-1,FALSE,FALSE
asset_ibov,ativos,6,23,-0.2304882703990097,-1.2813191820093648,3.2858763452970345,-2.7654909310242966,5.654426583565964,-1,FALSE,FALSE
asset_ibov,ativos,6,24,-0.43610425668617925,-1.4372854461411604,3.123277187492033,-2.8775142025215144,5.477500251950769,-1,FALSE,FALSE
asset_ibov,ativos,6,25,-0.6317102375886285,-1.569763036401915,2.9635095756097667,-3.010220207599317,5.201781042739658,-1,FALSE,FALSE
asset_ibov,ativos,6,26,-0.816747512181009,-1.6634652034204338,2.8310820308606393,-3.10400610790741,5.082487876593134,-1,FALSE,FALSE
asset_ibov,ativos,6,27,-0.9895140212687,-1.8366197599167233,2.6815164892626084,-3.209218185117607,4.92644463944841,-1,FALSE,FALSE
asset_ibov,ativos,6,28,-1.1492201265979562,-1.9570780563755985,2.497409067153798,-3.296994054209528,4.749911334180511,-1,FALSE,FALSE
asset_ibov,ativos,6,29,-1.2955723033492044,-2.037310483575605,2.3477016924431426,-3.346410055221671,4.5683557374437225,-1,FALSE,FALSE
asset_ibov,ativos,6,30,-1.427946640380098,-2.1335582179863515,2.205798946822657,-3.440602697770716,4.38199241153801,-1,FALSE,FALSE
asset_ibov,ativos,6,31,-1.5459895307461087,-2.238983319581507,2.075915043764286,-3.571920199790071,4.269282913512703,-1,FALSE,FALSE
asset_ibov,ativos,6,32,-1.6496615300914699,-2.3575324973046023,1.9119162205841447,-3.571604010789262,4.143139994166329,-1,FALSE,FALSE
asset_ibov,ativos,6,33,-1.738919280582691,-2.3864479130091856,1.752700774274811,-3.6237500178381374,4.029248665644997,-1,FALSE,FALSE
asset_ibov,ativos,6,34,-1.8138324503683503,-2.4213094103629347,1.5794443382807248,-3.6556211866374926,3.864170518362489,-1,FALSE,FALSE
asset_ibov,ativos,6,35,-1.8746502495529955,-2.487662829554118,1.45898270557367,-3.658265516844555,3.7093195922005666,-1,FALSE,FALSE
asset_ibov,ativos,6,36,-1.9217039935847655,-2.504848786298367,1.4127551560131466,-3.7168930517274164,3.521080393808575,-1,FALSE,FALSE
asset_ibov,ativos,6,37,-1.9554050001654226,-2.510581638771101,1.2989042211978759,-3.7148506492006583,3.4216610285117905,-1,FALSE,FALSE
asset_ibov,ativos,6,38,-1.9762691416650868,-2.548691810018614,1.1671558453626953,-3.703897615473173,3.1784510895712192,-1,FALSE,FALSE
asset_ibov,ativos,6,39,-1.9848899220511629,-2.550842294657898,1.0569329878883527,-3.6750449565397254,3.053766923033258,-1,FALSE,FALSE
asset_ibov,ativos,6,40,-1.9819201902694457,-2.5217862399400475,1.0092850189703453,-3.6017994275130496,2.8844061983553795,-1,FALSE,FALSE
asset_ibov,ativos,6,41,-1.9680722072642285,-2.4673061769447555,0.9371243073420172,-3.630288354274586,2.809304603722104,-1,FALSE,FALSE
asset_ibov,ativos,6,42,-1.9441069023870958,-2.3972193560145385,0.8169291874293443,-3.6266791984672113,2.649525324847467,-1,FALSE,FALSE
asset_ibov,ativos,6,43,-1.9108189879914546,-2.324170925647929,0.8047327975512366,-3.566087143530549,2.552885658473997,-1,FALSE,FALSE
asset_ibov,ativos,6,44,-1.8690292613570487,-2.3326926444900833,0.7984283446627101,-3.53287490009204,2.4742637043138602,-1,FALSE,FALSE
asset_ibov,ativos,6,45,-1.8195766236465645,-2.251587322837114,0.7518470101912629,-3.4627260822710166,2.4469262893220556,-1,FALSE,FALSE
asset_ibov,ativos,6,46,-1.763307502032741,-2.2000447402644636,0.7081434965729643,-3.448154740505677,2.425281917124016,-1,FALSE,FALSE
asset_ibov,ativos,6,47,-1.7010676656242179,-2.125605419453897,0.6542384643857403,-3.280687501530839,2.369032169604063,-1,FALSE,FALSE
asset_ibov,ativos,6,48,-1.6336954092182328,-2.0583008799515654,0.6663132695764273,-3.276891634858559,2.3312420045738267,-1,FALSE,FALSE
asset_idiv,ativos,6,0,-1.301285116693289,-3.7667271641313245,0.04787475573437198,-5.365576333109957,1.1301708573049811,-1,FALSE,FALSE
asset_idiv,ativos,6,1,-1.5199832414226093,-2.9948280443305637,0.45480226836548066,-4.053555269203723,1.6168666453976817,-1,FALSE,FALSE
asset_idiv,ativos,6,2,1.7991887999357685,0.12930168886706203,3.963519461323412,-1.01694371507313,5.26646754355174,1,TRUE,FALSE
asset_idiv,ativos,6,3,-0.1377584663083792,-1.0778985532942915,2.6939645162531978,-2.514939599388642,3.9264386093503645,-1,FALSE,FALSE
asset_idiv,ativos,6,4,-0.011373869663674225,-1.127236270290212,2.486167506601968,-2.1822544821988084,3.836559175251122,-1,FALSE,FALSE
asset_idiv,ativos,6,5,1.2377423519110726,-0.14627192810236694,3.5938273897710644,-1.4129194257205944,4.731652195162547,1,FALSE,FALSE
asset_idiv,ativos,6,6,1.269660919493977,-0.33745392914351363,3.330093871068487,-1.6485748914045162,4.762173864849212,1,FALSE,FALSE
asset_idiv,ativos,6,7,1.3361344112733162,-0.41997505541748603,3.319388514336304,-1.824464594564896,4.826718898107729,1,FALSE,FALSE
asset_idiv,ativos,6,8,1.8526947689972526,-0.046934310094242856,3.7638430114036776,-1.3816255534083075,5.2486912486654465,1,FALSE,FALSE
asset_idiv,ativos,6,9,2.020736962290462,0.006164866600218201,3.979581566077065,-1.4158796108967686,5.525603608177546,1,TRUE,FALSE
asset_idiv,ativos,6,10,2.001352978924072,-0.020889437217511707,3.995344811542298,-1.4449437476665858,5.70281545493323,1,FALSE,FALSE
asset_idiv,ativos,6,11,2.070935853694611,0.0661586817709266,4.132339280814888,-1.41787477650959,6.08394537492016,1,TRUE,FALSE
asset_idiv,ativos,6,12,2.0462603577849547,0.025835988133573563,4.326403678598121,-1.4425699348278493,6.303438956573361,1,TRUE,FALSE
asset_idiv,ativos,6,13,1.927725220832214,0.032409929803323446,4.405520959746325,-1.450693577461618,6.4236167562612225,1,TRUE,FALSE
asset_idiv,ativos,6,14,1.7932239282842741,-0.021156513699389205,4.455329462014206,-1.4900649464681497,6.665484107230582,1,FALSE,FALSE
asset_idiv,ativos,6,15,1.6316486749796915,-0.0645849278009604,4.44169717189841,-1.5671843270465804,6.812180437694533,1,FALSE,FALSE
asset_idiv,ativos,6,16,1.4315064065000531,-0.15698220230395715,4.368139031825743,-1.6773686893453332,6.89116232040241,1,FALSE,FALSE
asset_idiv,ativos,6,17,1.2128632215539035,-0.238965038926315,4.2762356935094905,-1.7752864007300597,6.858096264135795,1,FALSE,FALSE
asset_idiv,ativos,6,18,0.9871806638550983,-0.3366163991516321,4.207552451205527,-1.9062943368148189,6.755916220035447,1,FALSE,FALSE
asset_idiv,ativos,6,19,0.7512555572057992,-0.4660868113578257,4.120941133468173,-2.039111447428884,6.55038486893402,1,FALSE,FALSE
asset_idiv,ativos,6,20,0.5106327923982048,-0.6133598374290669,3.9789132934769653,-2.2358141243915948,6.426237965337893,1,FALSE,FALSE
asset_idiv,ativos,6,21,0.27309798924603007,-0.7870856182342155,3.841861156650829,-2.467636755173208,6.3265665380916385,1,FALSE,FALSE
asset_idiv,ativos,6,22,0.03909558426947097,-0.8807186868985317,3.6777756926566387,-2.535228628340146,6.1114686954008715,1,FALSE,FALSE
asset_idiv,ativos,6,23,-0.1897428605649437,-1.090239761287099,3.5357802916740813,-2.7195560825981193,5.864483688156812,-1,FALSE,FALSE
asset_idiv,ativos,6,24,-0.4094452269741311,-1.221355013216927,3.3020932316031835,-2.875272026324082,5.720808452993366,-1,FALSE,FALSE
asset_idiv,ativos,6,25,-0.6189135942649125,-1.2847631428614656,3.1615852432890517,-2.9311405042441403,5.540795519310626,-1,FALSE,FALSE
asset_idiv,ativos,6,26,-0.8174518287703731,-1.4672772285507107,3.0252476256126273,-3.0468569129099343,5.3451059636239515,-1,FALSE,FALSE
asset_idiv,ativos,6,27,-1.0032449858441475,-1.6224210000669441,2.889484848740387,-3.14141447014052,5.128565788636804,-1,FALSE,FALSE
asset_idiv,ativos,6,28,-1.175437596255404,-1.8199747838564777,2.724675732857813,-3.360876110570973,4.939875759859366,-1,FALSE,FALSE
asset_idiv,ativos,6,29,-1.3336581370327318,-1.9899383709547198,2.519830041174425,-3.478942418736186,4.743855072487781,-1,FALSE,FALSE
asset_idiv,ativos,6,30,-1.4772067925585408,-2.0990803346687303,2.3177568337001975,-3.559804150243474,4.624066626037239,-1,FALSE,FALSE
asset_idiv,ativos,6,31,-1.6056808228037633,-2.2002904365970406,2.1359249914077263,-3.625513848030355,4.471800425906362,-1,FALSE,FALSE
asset_idiv,ativos,6,32,-1.7189964431860432,-2.306017035093487,1.9230936741366695,-3.6716250695587616,4.179046212539617,-1,FALSE,FALSE
asset_idiv,ativos,6,33,-1.8170697886952882,-2.3314400907288935,1.7346075025567655,-3.82608831568551,3.9657862965036106,-1,FALSE,FALSE
asset_idiv,ativos,6,34,-1.8999454014219743,-2.3613768804443307,1.6109825623074319,-3.718892596571321,3.7506011423559658,-1,FALSE,FALSE
asset_idiv,ativos,6,35,-1.9678560771534175,-2.43466441982211,1.4721932257534935,-3.7735909619326606,3.5628385430019676,-1,FALSE,FALSE
asset_idiv,ativos,6,36,-2.021122892141215,-2.5473116857383338,1.3947800287840426,-3.8267880068034716,3.46393064154284,-1,FALSE,FALSE
asset_idiv,ativos,6,37,-2.060156973313537,-2.626435281984187,1.2912524081023111,-3.815065057859891,3.3639296194855364,-1,FALSE,FALSE
asset_idiv,ativos,6,38,-2.0854821931456495,-2.639332918186653,1.1863024513580966,-3.7457076000014884,3.321161729427627,-1,FALSE,FALSE
asset_idiv,ativos,6,39,-2.0977063824948017,-2.6004416589730583,1.0944137613130334,-3.745382336071816,3.2160404381337395,-1,FALSE,FALSE
asset_idiv,ativos,6,40,-2.097503698924915,-2.6161127621009848,0.9856390929393612,-3.654975941596999,3.0792952912603284,-1,FALSE,FALSE
asset_idiv,ativos,6,41,-2.085613952801005,-2.610512566290401,0.9326462770664803,-3.5984574589169918,2.8677180941419076,-1,FALSE,FALSE
asset_idiv,ativos,6,42,-2.062830657833223,-2.5680450774254164,0.906475234776509,-3.62790008043349,2.741271705942804,-1,FALSE,FALSE
asset_idiv,ativos,6,43,-2.02998573332395,-2.485085051264705,0.8182786713316017,-3.630947985172557,2.6681431734769094,-1,FALSE,FALSE
asset_idiv,ativos,6,44,-1.987941214830721,-2.4486256375901716,0.8020477583666412,-3.6666771536532408,2.610183836799873,-1,FALSE,FALSE
asset_idiv,ativos,6,45,-1.9375804421178155,-2.4006188926412158,0.7788952317614359,-3.6145787259352984,2.506296219750367,-1,FALSE,FALSE
asset_idiv,ativos,6,46,-1.879796851782338,-2.3295924828524353,0.6959470256229027,-3.523043983333062,2.4068221287730194,-1,FALSE,FALSE
asset_idiv,ativos,6,47,-1.815485224991653,-2.2456827820018446,0.6277215657836641,-3.4468525103058223,2.326728158812654,-1,FALSE,FALSE
asset_idiv,ativos,6,48,-1.7455342455759335,-2.187391990597057,0.6098755390049008,-3.3839683289523115,2.2781833077560942,-1,FALSE,FALSE
asset_ifix,ativos,6,0,-1.0406483563792273,-1.9312205506084394,-0.4305655553995688,-2.6071057303012317,-0.026142924102731942,-1,TRUE,TRUE
asset_ifix,ativos,6,1,-1.240215371049162,-1.7919830755044592,-0.3180763977957813,-2.3262350300934935,0.2560750340782971,-1,TRUE,FALSE
asset_ifix,ativos,6,2,-0.19853433728372885,-0.8222761373246609,0.8811070021000678,-1.2866251511032072,1.4385887331654863,-1,FALSE,FALSE
asset_ifix,ativos,6,3,-0.76053812220953,-1.10070125295071,0.5745262090928767,-1.6798101914204613,1.169150190008765,-1,FALSE,FALSE
asset_ifix,ativos,6,4,-0.6875086881804521,-1.1111129779181905,0.46057049841463255,-1.6209666663052842,1.1618548260243786,-1,FALSE,FALSE
asset_ifix,ativos,6,5,-0.1851556815220632,-0.7350636103326541,0.9278285556409149,-1.3003610025381265,1.4854620768895546,-1,FALSE,FALSE
asset_ifix,ativos,6,6,-0.12369170457342887,-0.8353684197358832,0.8030393672489113,-1.2945839016729186,1.344672142880446,-1,FALSE,FALSE
asset_ifix,ativos,6,7,-0.06325479973913799,-0.8558213841690595,0.7419509463885607,-1.3296091448966203,1.2932342182244396,-1,FALSE,FALSE
asset_ifix,ativos,6,8,0.18139825492384487,-0.6726716934358195,0.9139639650015812,-1.16577526610875,1.4316270462034948,1,FALSE,FALSE
asset_ifix,ativos,6,9,0.2900100982254354,-0.638926788840775,0.9299211571045948,-1.1432273585937276,1.5184682031300774,1,FALSE,FALSE
asset_ifix,ativos,6,10,0.3222028282189387,-0.6385892069407235,0.9417912159119914,-1.1658374402636003,1.507465459077974,1,FALSE,FALSE
asset_ifix,ativos,6,11,0.39690898189963786,-0.5627778756698341,1.0386635673400175,-1.094111630051495,1.5773547252371476,1,FALSE,FALSE
asset_ifix,ativos,6,12,0.4301782308926336,-0.5190288853385081,1.0436685243170791,-1.0792136586910481,1.680148090962013,1,FALSE,FALSE
asset_ifix,ativos,6,13,0.4253717486288353,-0.5134940660781145,1.0440073758586785,-1.0621818384710608,1.6893793012925358,1,FALSE,FALSE
asset_ifix,ativos,6,14,0.41856391731963016,-0.4820874549868227,1.0904087565708402,-1.0688324684673554,1.7358962328133722,1,FALSE,FALSE
asset_ifix,ativos,6,15,0.39971735801950503,-0.48811949208629757,1.100795639893923,-1.0447624121180823,1.7624681471923058,1,FALSE,FALSE
asset_ifix,ativos,6,16,0.36542612754826714,-0.44923574851435966,1.0895784147965304,-1.0259340607400196,1.7791034244850275,1,FALSE,FALSE
asset_ifix,ativos,6,17,0.3253262048326016,-0.45613581227232813,1.0862803573850175,-1.0342816178728655,1.7995029801832698,1,FALSE,FALSE
asset_ifix,ativos,6,18,0.281658713672,-0.45374375944308293,1.092509066077494,-1.0521162314771213,1.7934511311491512,1,FALSE,FALSE
asset_ifix,ativos,6,19,0.2332262560150138,-0.4585200714685991,1.0894991952670618,-1.060285389788672,1.786330876680201,1,FALSE,FALSE
asset_ifix,ativos,6,20,0.18251397917995288,-0.48321944795233907,1.0768576049388066,-1.073612731713948,1.7855957297615852,1,FALSE,FALSE
asset_ifix,ativos,6,21,0.13165595032316224,-0.4830058689256929,1.0554542835164156,-1.0674030192700115,1.7946948510052065,1,FALSE,FALSE
asset_ifix,ativos,6,22,0.08061208279501113,-0.5055052281097917,1.0367517341989478,-1.0887752199781633,1.7617464494625934,1,FALSE,FALSE
asset_ifix,ativos,6,23,0.029903478744171274,-0.520774803839339,1.0026422685089746,-1.0763935671026825,1.7243312917086593,1,FALSE,FALSE
asset_ifix,ativos,6,24,-0.01935148570728224,-0.5289312949855318,0.9369444398237375,-1.0388298872613095,1.7081328998198662,-1,FALSE,FALSE
asset_ifix,ativos,6,25,-0.06693932006717374,-0.5299882860343397,0.9067809604478099,-1.0596981321632875,1.6373123804929592,-1,FALSE,FALSE
asset_ifix,ativos,6,26,-0.11273947195262783,-0.5382363989406612,0.8668040847897387,-1.0701309011171718,1.6345496767305783,-1,FALSE,FALSE
asset_ifix,ativos,6,27,-0.15623803996428612,-0.5672421065609597,0.8204832542177766,-1.046640598037799,1.5820287610921306,-1,FALSE,FALSE
asset_ifix,ativos,6,28,-0.19721627839510703,-0.5856643857675687,0.7745822686328889,-1.0611988835792838,1.5273023077629073,-1,FALSE,FALSE
asset_ifix,ativos,6,29,-0.2355978271458106,-0.6052965115478844,0.7077560316080912,-1.0967700756089565,1.4651114648965542,-1,FALSE,FALSE
asset_ifix,ativos,6,30,-0.2711560851542942,-0.6327612249593652,0.6672431007569384,-1.1228151100375796,1.4414431514635717,-1,FALSE,FALSE
asset_ifix,ativos,6,31,-0.30374197538736075,-0.6371488388164055,0.6375044467672281,-1.1468909828669664,1.3612647170612948,-1,FALSE,FALSE
asset_ifix,ativos,6,32,-0.3332995116865055,-0.6364352289331366,0.5838587202490304,-1.1698953898581104,1.291603546690451,-1,FALSE,FALSE
asset_ifix,ativos,6,33,-0.3597449435859732,-0.6381136717326971,0.5461954816774559,-1.1782032573129826,1.2667581136597925,-1,FALSE,FALSE
asset_ifix,ativos,6,34,-0.3830209857274974,-0.6706564924043652,0.5228874532601204,-1.1668361566792358,1.2402780421430157,-1,FALSE,FALSE
asset_ifix,ativos,6,35,-0.40312377038995517,-0.6854693477103891,0.47086830620929054,-1.1538801090801383,1.1460610350556848,-1,FALSE,FALSE
asset_ifix,ativos,6,36,-0.42006425304892353,-0.6913567838628065,0.4495778822944998,-1.134112519851614,1.0935355609360011,-1,FALSE,FALSE
asset_ifix,ativos,6,37,-0.4338737765011241,-0.6871508800061213,0.4348592524291631,-1.1424990187424424,1.0559068024480047,-1,FALSE,FALSE
asset_ifix,ativos,6,38,-0.44461596326750424,-0.6857704774142649,0.39260209456099093,-1.1297235472013234,1.0212363989224347,-1,FALSE,FALSE
asset_ifix,ativos,6,39,-0.4523763082647967,-0.6832247674200661,0.37024505580730116,-1.1013265715111888,0.9757236098470083,-1,FALSE,FALSE
asset_ifix,ativos,6,40,-0.45725849942552904,-0.6760491553453012,0.3560878943049165,-1.1162477086339493,0.9608287723062144,-1,FALSE,FALSE
asset_ifix,ativos,6,41,-0.4593865662428004,-0.6702789809311753,0.3362808811162987,-1.0786650316421267,0.8989810094198554,-1,FALSE,FALSE
asset_ifix,ativos,6,42,-0.4589014860816812,-0.6501497760028957,0.3135618970756951,-1.0870668274571318,0.8421752842992083,-1,FALSE,FALSE
asset_ifix,ativos,6,43,-0.45595729497339293,-0.6392418590589943,0.2938837282231349,-1.0752122903239847,0.8256653373349894,-1,FALSE,FALSE
asset_ifix,ativos,6,44,-0.45071965638531064,-0.6331518096717663,0.2666022066238197,-1.0545278757518475,0.8143210778674737,-1,FALSE,FALSE
asset_ifix,ativos,6,45,-0.4433637087097246,-0.6261474008749934,0.245960583065142,-1.0251103138638265,0.7623274115091546,-1,FALSE,FALSE
asset_ifix,ativos,6,46,-0.43407113403343084,-0.6079911730299228,0.22586387194941304,-1.0082622070054916,0.7459657698094507,-1,FALSE,FALSE
asset_ifix,ativos,6,47,-0.4230280448812211,-0.5821727962355236,0.21990507523511316,-0.9621354943757047,0.7177921437143173,-1,FALSE,FALSE
asset_ifix,ativos,6,48,-0.4104231312998556,-0.5701234982807837,0.2163449460594024,-0.9449838967161651,0.6815146042455612,-1,FALSE,FALSE
asset_ifnc,ativos,6,0,-1.7810003459865824,-4.709977595418982,-0.11133164093807679,-6.603250427072135,1.295680965107152,-1,TRUE,FALSE
asset_ifnc,ativos,6,1,-2.032014435059116,-3.7966313965879013,0.3484309215889614,-5.207950541630456,1.9692997815083226,-1,FALSE,FALSE
asset_ifnc,ativos,6,2,2.096944232636633,0.042404652391573094,4.719260990409806,-1.4113700497605028,6.307920602055639,1,TRUE,FALSE
asset_ifnc,ativos,6,3,-0.31913741338665214,-1.55240794053346,3.2521967366529636,-3.118364024236334,4.690495424041897,-1,FALSE,FALSE
asset_ifnc,ativos,6,4,-0.15623542567377993,-1.5534565957544775,2.9971516197799897,-2.934644285470979,4.549017923942184,-1,FALSE,FALSE
asset_ifnc,ativos,6,5,1.411242841262427,-0.2010508047232008,4.212491110974572,-2.021614568108882,5.753156687724827,1,FALSE,FALSE
asset_ifnc,ativos,6,6,1.4462661024163248,-0.37854036908404565,4.0458009047589885,-2.1731212218799256,5.763326972239069,1,FALSE,FALSE
asset_ifnc,ativos,6,7,1.5350358813175877,-0.5264181963373363,3.952888063381331,-2.188641551399118,5.89391940987676,1,FALSE,FALSE
asset_ifnc,ativos,6,8,2.187521120281216,-0.06728794457653445,4.561669744398725,-1.718029257044994,6.385215248953952,1,FALSE,FALSE
asset_ifnc,ativos,6,9,2.4008676262506046,-0.03986764717180843,4.7667933553837445,-1.7173119421373446,6.878779426299578,1,FALSE,FALSE
asset_ifnc,ativos,6,10,2.3840349329968316,-0.03970174645926952,4.919025780254576,-1.8163278054483802,7.260989088974857,1,FALSE,FALSE
asset_ifnc,ativos,6,11,2.4794046190154226,0.04414945720323546,5.190694366954167,-1.65737595201743,7.595319446022401,1,TRUE,FALSE
asset_ifnc,ativos,6,12,2.455512545466593,0.053376964542006994,5.325879182294234,-1.6504719742147318,7.757517513765117,1,TRUE,FALSE
asset_ifnc,ativos,6,13,2.3154412539379634,0.07960409756213856,5.46353845163293,-1.891303845270087,7.977863926127296,1,TRUE,FALSE
asset_ifnc,ativos,6,14,2.156344307610139,0.04370634990220761,5.57919178278635,-1.930172801113216,8.091755025056216,1,TRUE,FALSE
asset_ifnc,ativos,6,15,1.963145120143368,-0.04872303222735277,5.603403798308019,-1.9751896209940607,8.261302046096967,1,FALSE,FALSE
asset_ifnc,ativos,6,16,1.722143082103807,-0.19415703212045357,5.59923919963785,-2.0252159045472617,8.354206542180158,1,FALSE,FALSE
asset_ifnc,ativos,6,17,1.4584900222932924,-0.26415660453363987,5.507187051560898,-2.158263370686505,8.327707128917362,1,FALSE,FALSE
asset_ifnc,ativos,6,18,1.1860468077577382,-0.4573614274898814,5.3102230618151385,-2.35738408906479,8.33481417595608,1,FALSE,FALSE
asset_ifnc,ativos,6,19,0.900841625409376,-0.6306228830462799,5.231464540185832,-2.3799297153332946,8.275366698977276,1,FALSE,FALSE
asset_ifnc,ativos,6,20,0.6098077823703915,-0.8309448112145198,5.14351554962609,-2.5664172002319128,8.146721687333766,1,FALSE,FALSE
asset_ifnc,ativos,6,21,0.32250444705783526,-0.9685964371172412,4.9185569959574815,-2.8068846348904786,7.896711546147723,1,FALSE,FALSE
asset_ifnc,ativos,6,22,0.039397323004995724,-1.1102768583765759,4.744782890674044,-2.9045068717223854,7.6240547067437525,1,FALSE,FALSE
asset_ifnc,ativos,6,23,-0.237521008211216,-1.26435622703977,4.54889017552943,-3.12154143297386,7.449364386035373,-1,FALSE,FALSE
asset_ifnc,ativos,6,24,-0.5033691266851064,-1.3500084065173996,4.345634752466668,-3.2435764649392853,7.2597359910348125,-1,FALSE,FALSE
asset_ifnc,ativos,6,25,-0.7568515489538091,-1.519390424200989,4.132480300705052,-3.3922651352771593,7.057865936018737,-1,FALSE,FALSE
asset_ifnc,ativos,6,26,-0.9971465981668111,-1.7502357711016072,3.9069119481647663,-3.573027171179357,6.8442673192069545,-1,FALSE,FALSE
asset_ifnc,ativos,6,27,-1.2220303213819728,-1.951994672876514,3.6876846887156383,-3.774207712036057,6.631437573387435,-1,FALSE,FALSE
asset_ifnc,ativos,6,28,-1.4304763388100703,-2.0902939485711585,3.4682617874416204,-3.8692240733216114,6.3380453292627195,-1,FALSE,FALSE
asset_ifnc,ativos,6,29,-1.6220480464627776,-2.299616294167207,3.243808050959319,-3.9876581858258118,6.136237298777902,-1,FALSE,FALSE
asset_ifnc,ativos,6,30,-1.795888493352097,-2.491055846211489,3.0240244053508523,-4.017954885054936,5.9766825149917455,-1,FALSE,FALSE
asset_ifnc,ativos,6,31,-1.9515081076493517,-2.6009228811574996,2.7931536955896505,-4.081257773637357,5.811344068212437,-1,FALSE,FALSE
asset_ifnc,ativos,6,32,-2.0888072961603603,-2.7088585980505413,2.5809965422473047,-4.2140967415677615,5.634611071758938,-1,FALSE,FALSE
asset_ifnc,ativos,6,33,-2.2076782782213726,-2.810004204254927,2.346389692038849,-4.2377503106996235,5.312776803793566,-1,FALSE,FALSE
asset_ifnc,ativos,6,34,-2.308169265636365,-2.9331962297906005,2.088873555715916,-4.3223598959220535,4.984897241429168,-1,FALSE,FALSE
asset_ifnc,ativos,6,35,-2.3905583494366214,-2.9472484511409807,1.928378904616233,-4.335070214147749,4.798958619566279,-1,FALSE,FALSE
asset_ifnc,ativos,6,36,-2.455228588794945,-3.0094637489711906,1.7888751888628078,-4.3459051461206855,4.6794675885752826,-1,FALSE,FALSE
asset_ifnc,ativos,6,37,-2.5026719447271013,-3.0579219045372596,1.6697785871514637,-4.422684059886681,4.4476506386702095,-1,FALSE,FALSE
asset_ifnc,ativos,6,38,-2.5335179152624163,-3.0896124724054763,1.5215348409488259,-4.375764545944418,4.205733340129372,-1,FALSE,FALSE
asset_ifnc,ativos,6,39,-2.548497743062229,-3.0287783476364076,1.3706609230747138,-4.392696360841083,4.019566154272713,-1,FALSE,FALSE
asset_ifnc,ativos,6,40,-2.548423224942019,-2.9988997574012166,1.2613242385595949,-4.360241073863799,3.8725424159160893,-1,FALSE,FALSE
asset_ifnc,ativos,6,41,-2.5341863468937897,-2.9924287081021803,1.133872512309309,-4.359876507434816,3.764409538519949,-1,FALSE,FALSE
asset_ifnc,ativos,6,42,-2.506744657408447,-2.9257243062086995,1.0511330570891009,-4.404437829485532,3.6788860968011843,-1,FALSE,FALSE
asset_ifnc,ativos,6,43,-2.4671026434805294,-2.928171938926596,1.0322781502174245,-4.357837593061159,3.398111943035671,-1,FALSE,FALSE
asset_ifnc,ativos,6,44,-2.4163017939829756,-2.8820287039525057,0.8941852699532389,-4.363204021254956,3.3337123257421863,-1,FALSE,FALSE
asset_ifnc,ativos,6,45,-2.3554099096328396,-2.8573598405704708,0.9158634099431858,-4.322220562421738,3.1284026728022103,-1,FALSE,FALSE
asset_ifnc,ativos,6,46,-2.28550744143043,-2.7990367335851,0.9132439415780356,-4.258211519186525,2.9635091731021244,-1,FALSE,FALSE
asset_ifnc,ativos,6,47,-2.207676879252049,-2.6847123599115186,0.8787320323901993,-4.238088543390254,2.9327403446819664,-1,FALSE,FALSE
asset_ifnc,ativos,6,48,-2.122993725842329,-2.6519145175870387,0.7897137960947,-4.128264854960271,2.8901808977811085,-1,FALSE,FALSE
asset_imat,ativos,6,0,0.43264321519421195,-1.566556268394065,1.4779305727291832,-2.7051459506526467,2.5619088491681983,1,FALSE,FALSE
asset_imat,ativos,6,1,0.15068859417311345,-1.016688061691472,1.9683371845243005,-1.9350032140911981,3.006321081047517,1,FALSE,FALSE
asset_imat,ativos,6,2,2.230298617375529,0.9299269557407186,4.332259595399546,-0.13961144319306745,5.587360260550455,1,TRUE,FALSE
asset_imat,ativos,6,3,0.7312164321259326,-0.1387292868176559,3.275103651784683,-1.1483826825779495,4.4915803526254106,1,FALSE,FALSE
asset_imat,ativos,6,4,0.6511007803221672,-0.2988070763360942,2.898525050116848,-1.0277028071612253,4.124217183990785,1,FALSE,FALSE
asset_imat,ativos,6,5,1.1984865978058032,0.109476675171638,3.2514094347874343,-0.7726457894400682,4.403534554503699,1,TRUE,FALSE
asset_imat,ativos,6,6,1.07938920650633,-0.22818272995344574,3.029404251770783,-1.288113907087332,4.078511146976323,1,FALSE,FALSE
asset_imat,ativos,6,7,0.9691761718378187,-0.4733455401673282,2.7737219921291314,-1.4825713737186834,4.047742765948163,1,FALSE,FALSE
asset_imat,ativos,6,8,1.1172496666895795,-0.2779498845176685,2.949589205126813,-1.2916780640717358,4.154693505044562,1,FALSE,FALSE
asset_imat,ativos,6,9,1.0971354904729596,-0.40462045773313077,2.919296748534139,-1.4234178797011374,4.235822813209092,1,FALSE,FALSE
asset_imat,ativos,6,10,0.9661039532602648,-0.5681732617499559,2.8420346122181153,-1.5747507842672226,4.304162404684739,1,FALSE,FALSE
asset_imat,ativos,6,11,0.8928178716464128,-0.6700081643556527,2.801467168659479,-1.6538126024648125,4.3204099501853035,1,FALSE,FALSE
asset_imat,ativos,6,12,0.7949676526027771,-0.7567240420252564,2.7577954313212327,-1.7703476718730724,4.322622731334339,1,FALSE,FALSE
asset_imat,ativos,6,13,0.6540776230540003,-0.841860217983119,2.7179270207854964,-1.8634855641642405,4.331397127439875,1,FALSE,FALSE
asset_imat,ativos,6,14,0.510837574490817,-0.9153891047565071,2.604027232801304,-2.022457087000409,4.34731113749931,1,FALSE,FALSE
asset_imat,ativos,6,15,0.36996798205377784,-1.042881709143301,2.5495089517572946,-2.1410020807046224,4.207391701930742,1,FALSE,FALSE
asset_imat,ativos,6,16,0.2177668744066579,-1.194168568367737,2.4260562781571933,-2.3011106832355352,4.151755573776405,1,FALSE,FALSE
asset_imat,ativos,6,17,0.062019332103362794,-1.3152770509290166,2.3436066493745202,-2.4471888826549115,4.084925616063838,1,FALSE,FALSE
asset_imat,ativos,6,18,-0.08725326115356859,-1.4282683510294887,2.2283573274326263,-2.595980588842559,3.9332056619528837,-1,FALSE,FALSE
asset_imat,ativos,6,19,-0.23403120067035094,-1.481445312263431,2.124444861427497,-2.7423177563656735,3.8826141607712668,-1,FALSE,FALSE
asset_imat,ativos,6,20,-0.37715753735589325,-1.5874990934550255,1.9850555302936046,-2.8463349174953305,3.794271045003574,-1,FALSE,FALSE
asset_imat,ativos,6,21,-0.5117821601332108,-1.6495336977253459,1.8583567314858924,-2.981711678837207,3.732609535846016,-1,FALSE,FALSE
asset_imat,ativos,6,22,-0.6384275861069086,-1.7548453201271002,1.774332695535024,-3.0283577344208714,3.6008534325956334,-1,FALSE,FALSE
asset_imat,ativos,6,23,-0.7571608545818977,-1.865582733741261,1.6604673290557224,-3.1880839367957763,3.547331650556359,-1,FALSE,FALSE
asset_imat,ativos,6,24,-0.8660435612923437,-1.9807058860939892,1.5354342344720666,-3.324393293731741,3.4075309079078218,-1,FALSE,FALSE
asset_imat,ativos,6,25,-0.9649328398835986,-2.0570545345219964,1.4517882528207533,-3.389725811253648,3.3412382322500687,-1,FALSE,FALSE
asset_imat,ativos,6,26,-1.0540195774922974,-2.101384255286255,1.3718363660663344,-3.459138812658996,3.248583923682818,-1,FALSE,FALSE
asset_imat,ativos,6,27,-1.1327152555196136,-2.157338199045464,1.3049299921670532,-3.483573906694693,3.007490349955242,-1,FALSE,FALSE
asset_imat,ativos,6,28,-1.2009649494602117,-2.195178847411688,1.2267328439815979,-3.5059240901288926,2.947754568285858,-1,FALSE,FALSE
asset_imat,ativos,6,29,-1.2590145886160573,-2.21488907058055,1.1785853087624052,-3.599299983098274,2.7919353353451313,-1,FALSE,FALSE
asset_imat,ativos,6,30,-1.3068997890002392,-2.236481638458268,1.139171525990316,-3.597032637461333,2.650971065783173,-1,FALSE,FALSE
asset_imat,ativos,6,31,-1.3447950556870563,-2.2519651452844576,1.0881481321520086,-3.58769656470515,2.539856629179346,-1,FALSE,FALSE
asset_imat,ativos,6,32,-1.3730484061735806,-2.2558117774368034,1.0030085279613195,-3.532326147667947,2.385923277641753,-1,FALSE,FALSE
asset_imat,ativos,6,33,-1.391996289916032,-2.2502123110551246,0.9179150825077873,-3.549335891545913,2.282675543848068,-1,FALSE,FALSE
asset_imat,ativos,6,34,-1.402019416084518,-2.224923747413398,0.8663725681522635,-3.5263270169905017,2.2095024308787816,-1,FALSE,FALSE
asset_imat,ativos,6,35,-1.403583424740655,-2.179779967436523,0.8403020294043673,-3.4947960862279484,2.101852944905058,-1,FALSE,FALSE
asset_imat,ativos,6,36,-1.3971852896551231,-2.1408777779126313,0.8180702529629887,-3.4831995795720885,2.030497978822519,-1,FALSE,FALSE
asset_imat,ativos,6,37,-1.3833449077485283,-2.109205831855903,0.7771594951185107,-3.3554523339672,1.9618081203915794,-1,FALSE,FALSE
asset_imat,ativos,6,38,-1.3626187630465867,-2.1431832555965107,0.7461941643936049,-3.266709979535518,1.91697396011271,-1,FALSE,FALSE
asset_imat,ativos,6,39,-1.3355863185014751,-2.1302334928609477,0.7091381767968832,-3.250335906164123,1.852707133122652,-1,FALSE,FALSE
asset_imat,ativos,6,40,-1.3028368023409789,-2.066500154192723,0.6767463051357052,-3.2143565278692785,1.864475441040373,-1,FALSE,FALSE
asset_imat,ativos,6,41,-1.2649688058962656,-2.00841623747293,0.6665630215614591,-3.1606730676485864,1.8162392305835384,-1,FALSE,FALSE
asset_imat,ativos,6,42,-1.222585353118192,-1.9676810474819078,0.6629526206635632,-3.083905299933957,1.8576511113689653,-1,FALSE,FALSE
asset_imat,ativos,6,43,-1.1762850655797792,-1.8692057451658028,0.6381448716598553,-3.0423261925194955,1.8202317584445147,-1,FALSE,FALSE
asset_imat,ativos,6,44,-1.126658046483001,-1.7730311997157682,0.6188711638251877,-2.9069254618675164,1.7853435851985775,-1,FALSE,FALSE
asset_imat,ativos,6,45,-1.0742824223575373,-1.7221021342571792,0.638296800548539,-2.8174603993668823,1.7730172700688591,-1,FALSE,FALSE
asset_imat,ativos,6,46,-1.0197190504592433,-1.6599654911950852,0.6534734913317497,-2.7315862375241937,1.9127853753137378,-1,FALSE,FALSE
asset_imat,ativos,6,47,-0.9635077340907756,-1.5586336362863848,0.7058419848644071,-2.6392533005586105,1.945016524855916,-1,FALSE,FALSE
asset_imat,ativos,6,48,-0.9061645453354494,-1.50639732022619,0.7171737124232889,-2.560869041862239,1.9858264153727094,-1,FALSE,FALSE
asset_imob,ativos,6,0,-1.6594212379144984,-4.542249590884809,0.005428262944858602,-6.505777958709461,1.4997597973571326,-1,FALSE,FALSE
asset_imob,ativos,6,1,-2.0738391631075044,-3.5999452991416323,0.4522181187914611,-5.099770388109558,2.0979953363860533,-1,FALSE,FALSE
asset_imob,ativos,6,2,1.6868288518951742,-0.2661033414143557,4.590150113778329,-1.8009499407070442,6.272693239819287,1,FALSE,FALSE
asset_imob,ativos,6,3,-0.6424962089169468,-1.643574517072763,3.1519106395712684,-3.186655855277453,4.631354477353473,-1,FALSE,FALSE
asset_imob,ativos,6,4,-0.5491540650964883,-1.6977690652214903,2.803774307603466,-3.173243179149832,4.373712024526627,-1,FALSE,FALSE
asset_imob,ativos,6,5,0.8599961630225649,-0.6870112079598236,3.764866784867401,-2.378867300047346,5.786228644823858,1,FALSE,FALSE
asset_imob,ativos,6,6,0.8555325507559419,-1.0803899550284797,3.5990333774763443,-2.7916968171564713,5.209682092746907,1,FALSE,FALSE
asset_imob,ativos,6,7,0.8924038550762801,-1.2619852308781785,3.3519960113986054,-2.9147624732102617,5.142917943687435,1,FALSE,FALSE
asset_imob,ativos,6,8,1.4731473459689877,-0.8693587254253679,3.8627520775876345,-2.6111786329203523,5.598595229043833,1,FALSE,FALSE
asset_imob,ativos,6,9,1.6523924544297253,-0.8378317991288962,4.02799493794547,-2.6395957737390354,5.9634107405025905,1,FALSE,FALSE
asset_imob,ativos,6,10,1.6122778622250251,-0.9523162343956633,4.157234497384606,-2.6055681354883498,6.151523169125153,1,FALSE,FALSE
asset_imob,ativos,6,11,1.6906705550974537,-0.9431175072858271,4.279791707535816,-2.582024992105413,6.5036870860998,1,FALSE,FALSE
asset_imob,ativos,6,12,1.6672249894628228,-1.010373860281454,4.360848074724334,-2.633373341477827,6.844344831927406,1,FALSE,FALSE
asset_imob,ativos,6,13,1.539539615447369,-1.0811803098087807,4.579886329812013,-2.6722849420617676,6.928322861286451,1,FALSE,FALSE
asset_imob,ativos,6,14,1.4025361418076931,-1.0948885237879795,4.648933366659147,-2.720240151128289,7.093297790425576,1,FALSE,FALSE
asset_imob,ativos,6,15,1.2418400949610486,-1.138070569922696,4.656776399935161,-2.857230295745623,7.104565556813291,1,FALSE,FALSE
asset_imob,ativos,6,16,1.0420028240231975,-1.2147905032194781,4.635453673636203,-2.9915949201743968,7.109576110198993,1,FALSE,FALSE
asset_imob,ativos,6,17,0.8264804977250498,-1.2707641836446646,4.562177608043903,-3.063763142473809,7.206758966112817,1,FALSE,FALSE
asset_imob,ativos,6,18,0.6078751637457822,-1.3931756420196033,4.470007075598489,-3.1730548303180126,7.113432211748342,1,FALSE,FALSE
asset_imob,ativos,6,19,0.38126504750723234,-1.51338463783937,4.459950040590704,-3.2782312822304616,6.979284569654558,1,FALSE,FALSE
asset_imob,ativos,6,20,0.15236195501434951,-1.5984729803333737,4.3931648450240015,-3.3040115100426637,6.934207885114885,1,FALSE,FALSE
asset_imob,ativos,6,21,-0.07055534245826696,-1.7260613529907245,4.260335354795269,-3.3022765528281743,6.836960201054183,-1,FALSE,FALSE
asset_imob,ativos,6,22,-0.2877776516069871,-1.8796709996974805,4.037939911314874,-3.3590095810343636,6.641640664661464,-1,FALSE,FALSE
asset_imob,ativos,6,23,-0.49814491011858947,-2.004035966952919,3.84435701301659,-3.51545040793944,6.472327462170863,-1,FALSE,FALSE
asset_imob,ativos,6,24,-0.6977053695354303,-2.137102811891314,3.6401005018973462,-3.6032977853746258,6.265008089665747,-1,FALSE,FALSE
asset_imob,ativos,6,25,-0.8857840227778727,-2.20180982249692,3.481020838496059,-3.713558656985799,6.063901425466449,-1,FALSE,FALSE
asset_imob,ativos,6,26,-1.0621278104165925,-2.297090934464166,3.3349458219261643,-3.848174550331505,5.845814796872456,-1,FALSE,FALSE
asset_imob,ativos,6,27,-1.2251110084602979,-2.3924437507091474,3.176739983893627,-3.881171660407183,5.651459028057814,-1,FALSE,FALSE
asset_imob,ativos,6,28,-1.374158211062479,-2.4222222302489955,2.960830431022551,-3.894834680503089,5.520767650535981,-1,FALSE,FALSE
asset_imob,ativos,6,29,-1.509208747624792,-2.50554141227995,2.8158826013781457,-3.9123042668876677,5.4382617268178866,-1,FALSE,FALSE
asset_imob,ativos,6,30,-1.6297602473867447,-2.5280822444241737,2.608800576945034,-4.057168188877282,5.224597218975406,-1,FALSE,FALSE
asset_imob,ativos,6,31,-1.7356008282886022,-2.5771597357924576,2.455329345560232,-4.104758096417451,5.143151575968405,-1,FALSE,FALSE
asset_imob,ativos,6,32,-1.8268452822837005,-2.6188218316573146,2.26290698192806,-4.148197872497645,4.891164694511103,-1,FALSE,FALSE
asset_imob,ativos,6,33,-1.9035602735570127,-2.697102611526448,2.0799692550389146,-4.248471668607724,4.706159091689414,-1,FALSE,FALSE
asset_imob,ativos,6,34,-1.9659170029480797,-2.7367140477811693,1.9550044146882506,-4.257214625198772,4.43511681258971,-1,FALSE,FALSE
asset_imob,ativos,6,35,-2.014267438063867,-2.732190867702377,1.7874394932860107,-4.263571579446732,4.2381454097532965,-1,FALSE,FALSE
asset_imob,ativos,6,36,-2.049028476045032,-2.6915495453630056,1.6384862041252495,-4.2801957675058055,4.1287914041462725,-1,FALSE,FALSE
asset_imob,ativos,6,37,-2.0706864612849056,-2.6989912716163174,1.5219840335710386,-4.26649965488927,3.9932549562832094,-1,FALSE,FALSE
asset_imob,ativos,6,38,-2.0798278265161496,-2.694765522471346,1.4423252814707255,-4.240438472982808,3.7845120017771907,-1,FALSE,FALSE
asset_imob,ativos,6,39,-2.077107797402213,-2.64798322711745,1.3869241202047866,-4.249057974155929,3.6213826536427964,-1,FALSE,FALSE
asset_imob,ativos,6,40,-2.063232328703552,-2.6899001314517488,1.29191387584086,-4.2843893699617706,3.4636609483718805,-1,FALSE,FALSE
asset_imob,ativos,6,41,-2.0389604738275597,-2.6575023954599977,1.2048873188434388,-4.252820579446559,3.3224434756690866,-1,FALSE,FALSE
asset_imob,ativos,6,42,-2.0050931183362106,-2.6041986957963887,1.112060327967649,-4.146313476962473,3.2227337885986844,-1,FALSE,FALSE
asset_imob,ativos,6,43,-1.9624577138214014,-2.508926552792931,1.053103520847304,-4.1392222258146365,3.006316018296573,-1,FALSE,FALSE
asset_imob,ativos,6,44,-1.9119013229541963,-2.4811790813092665,1.0151123806336535,-4.016634148049646,2.9997067709512883,-1,FALSE,FALSE
asset_imob,ativos,6,45,-1.8542829212958036,-2.385043729761459,1.0412561649540544,-3.8685235592376324,2.9344609847166363,-1,FALSE,FALSE
asset_imob,ativos,6,46,-1.790462780939011,-2.319906417714274,0.9393634868021645,-3.748896845890646,2.886920053186881,-1,FALSE,FALSE
asset_imob,ativos,6,47,-1.7212946538396674,-2.26970756915388,0.9020271856744388,-3.60408113362105,2.8397015237807137,-1,FALSE,FALSE
asset_imob,ativos,6,48,-1.6476193775584895,-2.1834130992959775,0.8706770931807902,-3.495049953067536,2.7498139637328234,-1,FALSE,FALSE
asset_smll,ativos,6,0,-1.7895084801020806,-4.315624576214289,-0.28626084794531903,-6.13330713149681,1.0451337404401557,-1,TRUE,FALSE
asset_smll,ativos,6,1,-2.224427578486996,-3.623392254380618,0.07798516106347535,-4.84883400046694,1.6322249114947196,-1,FALSE,FALSE
asset_smll,ativos,6,2,1.2754470317545434,-0.42293414411487834,3.8483102904912814,-1.8169963037489494,5.580002912476786,1,FALSE,FALSE
asset_smll,ativos,6,3,-0.8609630861182533,-1.5667625526648878,2.5829166938091412,-3.136314911137845,3.8598585026471133,-1,FALSE,FALSE
asset_smll,ativos,6,4,-0.7554027486203484,-1.7199073913071263,2.1081902629829417,-2.961510974849427,3.726386831912082,-1,FALSE,FALSE
asset_smll,ativos,6,5,0.6039200319033605,-0.66848958612976,3.075064929077146,-2.1370922522798064,4.726996775248267,1,FALSE,FALSE
asset_smll,ativos,6,6,0.6529239668559298,-0.9566259926947022,2.9701622305606667,-2.3404575429425627,4.435060635042664,1,FALSE,FALSE
asset_smll,ativos,6,7,0.7350012767969849,-1.076089867935681,2.8201309593376123,-2.5616607373955014,4.300828766268807,1,FALSE,FALSE
asset_smll,ativos,6,8,1.3312540762495,-0.6884658263798349,3.1969800637227026,-2.0459419497420246,4.889018359943911,1,FALSE,FALSE
asset_smll,ativos,6,9,1.553926049296508,-0.5773296608506885,3.3974102247018774,-2.10455583533833,5.327531348784022,1,FALSE,FALSE
asset_smll,ativos,6,10,1.5682278897664381,-0.6228064027579442,3.541486727531473,-2.1293228308892727,5.510953395301478,1,FALSE,FALSE
asset_smll,ativos,6,11,1.6904446863414568,-0.5645742107621654,3.6927335006367157,-2.0292509809073724,5.904276140546934,1,FALSE,FALSE
asset_smll,ativos,6,12,1.7132271105908605,-0.4798714488351121,3.7958476236460346,-1.985116091463584,6.1392062845066215,1,FALSE,FALSE
asset_smll,ativos,6,13,1.6334724688223574,-0.5064000221794026,4.000407175610332,-2.1034596333895403,6.194875710244455,1,FALSE,FALSE
asset_smll,ativos,6,14,1.540107896192111,-0.5263816728607059,4.018717624697363,-2.1354780182431794,6.323138964606856,1,FALSE,FALSE
asset_smll,ativos,6,15,1.4193084011623902,-0.6175678720912096,4.115226025904452,-2.0470784177781605,6.376743915806659,1,FALSE,FALSE
asset_smll,ativos,6,16,1.2568240245783608,-0.6674022828779348,4.107521527237709,-2.1197267525670367,6.492126330650631,1,FALSE,FALSE
asset_smll,ativos,6,17,1.0750048769501757,-0.7534591894038802,4.019661878332381,-2.2044902970079323,6.501727351269605,1,FALSE,FALSE
asset_smll,ativos,6,18,0.8857389001653105,-0.8348126952453783,4.0167231385558555,-2.221708636324206,6.5241906635557685,1,FALSE,FALSE
asset_smll,ativos,6,19,0.6847777260477336,-0.895113060431248,4.0066482985377085,-2.271094690129439,6.576560086591882,1,FALSE,FALSE
asset_smll,ativos,6,20,0.4778605800347709,-1.0449226626988026,3.944379864852486,-2.3306508657054557,6.531355487769605,1,FALSE,FALSE
asset_smll,ativos,6,21,0.27301552460241213,-1.1747537004362651,3.8135624965943413,-2.4837735194194943,6.445481787368248,1,FALSE,FALSE
asset_smll,ativos,6,22,0.07030016917967104,-1.2580752531769361,3.675005522871703,-2.522702078018786,6.296534006315196,1,FALSE,FALSE
asset_smll,ativos,6,23,-0.1288805824585137,-1.3874972800238694,3.5536237111377713,-2.6300387475994174,6.109996919360155,-1,FALSE,FALSE
asset_smll,ativos,6,24,-0.32054757782234833,-1.484633457544899,3.4013132574167138,-2.766859177853025,5.88284314735684,-1,FALSE,FALSE
asset_smll,ativos,6,25,-0.5037892209140644,-1.607157637335232,3.2761300425658497,-2.878991976067303,5.699901122662596,-1,FALSE,FALSE
asset_smll,ativos,6,26,-0.6781064036014618,-1.7227525489366196,3.1258588335212,-2.9712839258678154,5.545224266380938,-1,FALSE,FALSE
asset_smll,ativos,6,27,-0.8417311287274983,-1.8152180795412567,2.899974236137218,-3.1469458281794935,5.355419387620886,-1,FALSE,FALSE
asset_smll,ativos,6,28,-0.9938842905698799,-1.8937886826546366,2.722535961954554,-3.1910571694753553,5.195579751988843,-1,FALSE,FALSE
asset_smll,ativos,6,29,-1.1342815481513384,-2.011062834625026,2.56750051040799,-3.2736699365382282,4.979086834328349,-1,FALSE,FALSE
asset_smll,ativos,6,30,-1.2622352216242891,-2.0718653409893677,2.4019614173336468,-3.3159000446161473,4.7738870535168125,-1,FALSE,FALSE
asset_smll,ativos,6,31,-1.3773367039815736,-2.1181979476755095,2.2049213955177516,-3.4480526205194635,4.611236503411117,-1,FALSE,FALSE
asset_smll,ativos,6,32,-1.4794933444561096,-2.1297678433466865,2.0450120165648347,-3.5589184934809484,4.4888564194212535,-1,FALSE,FALSE
asset_smll,ativos,6,33,-1.5685770896152498,-2.2355766382402322,1.9007899456827586,-3.608964139180587,4.338244600537905,-1,FALSE,FALSE
asset_smll,ativos,6,34,-1.6445670530634666,-2.2822833406271537,1.7934691027507768,-3.656285661863826,4.165909145377553,-1,FALSE,FALSE
asset_smll,ativos,6,35,-1.7076221692716336,-2.338369185642507,1.621980219534287,-3.6957695160893076,3.993250250955318,-1,FALSE,FALSE
asset_smll,ativos,6,36,-1.757973111252077,-2.36125312602587,1.4972033030470697,-3.6704151454754594,3.8080836300550365,-1,FALSE,FALSE
asset_smll,ativos,6,37,-1.7959269046766595,-2.391228516913493,1.407754562272281,-3.6582342416773566,3.6187997971132138,-1,FALSE,FALSE
asset_smll,ativos,6,38,-1.8218962015528057,-2.356515236033534,1.2963345371095338,-3.6180003892483845,3.404937876937863,-1,FALSE,FALSE
asset_smll,ativos,6,39,-1.8363702540115638,-2.3184969675432137,1.1634511279028463,-3.6543444138503896,3.26848220427048,-1,FALSE,FALSE
asset_smll,ativos,6,40,-1.8398982405487898,-2.27457826756472,1.0522378875290062,-3.5953254315147034,3.163288322308475,-1,FALSE,FALSE
asset_smll,ativos,6,41,-1.8330916083455957,-2.2678792805580614,1.0108297082117863,-3.5897953784546592,2.975126953479122,-1,FALSE,FALSE
asset_smll,ativos,6,42,-1.8166134654835537,-2.266073934345519,0.9425218563549487,-3.5763085294712074,2.8145600574964225,-1,FALSE,FALSE
asset_smll,ativos,6,43,-1.7911641604113522,-2.231746232194436,0.8469881623417932,-3.5365386751462413,2.7871851184095804,-1,FALSE,FALSE
asset_smll,ativos,6,44,-1.757474520428633,-2.188680214489046,0.8067765685431678,-3.5168250181940865,2.7054261141128073,-1,FALSE,FALSE
asset_smll,ativos,6,45,-1.7162982756441219,-2.1327094486430127,0.766090992527867,-3.5450870949149778,2.644691540535312,-1,FALSE,FALSE
asset_smll,ativos,6,46,-1.6684016843459875,-2.08624188814775,0.73971846487536,-3.4677820418187486,2.5665059940659987,-1,FALSE,FALSE
asset_smll,ativos,6,47,-1.6145557001760784,-2.045559077460294,0.6755668103770484,-3.427114654976179,2.4628375103454068,-1,FALSE,FALSE
asset_smll,ativos,6,48,-1.5555294039113583,-2.001257257213062,0.6879825890972705,-3.3211495344318758,2.4613432391716583,-1,FALSE,FALSE
embi_perc,risco_ext,1,0,0.2448492382402423,0.18866016152515733,0.32555724538407105,0.1453146877109989,0.39194193829803164,1,TRUE,TRUE
embi_perc,risco_ext,1,1,0.24997978574183546,0.16742136260532256,0.3467789653749861,0.11966885979107457,0.419584487985408,1,TRUE,TRUE
embi_perc,risco_ext,1,2,0.16177774214687932,0.08692393522363477,0.2639662059441037,0.039820317364394196,0.33402106001806675,1,TRUE,TRUE
embi_perc,risco_ext,1,3,0.23500744603264132,0.14061922439560468,0.3186432214090224,0.0938232072974205,0.39403201614033306,1,TRUE,TRUE
embi_perc,risco_ext,1,4,0.23013782959173257,0.13101300552592218,0.30739778858825195,0.07814701550080295,0.38846132136179745,1,TRUE,TRUE
embi_perc,risco_ext,1,5,0.1805346802714181,0.09048338908153747,0.2649116583946112,0.03550846145748216,0.3381740392818242,1,TRUE,TRUE
embi_perc,risco_ext,1,6,0.17599113123964094,0.08932486952976629,0.2672947053628716,0.03806126297500202,0.3320774742067233,1,TRUE,TRUE
embi_perc,risco_ext,1,7,0.15812558854516862,0.07552613720561557,0.25736188110135755,0.031465784115529076,0.33179267400769424,1,TRUE,TRUE
embi_perc,risco_ext,1,8,0.12311986028282444,0.05560351662102086,0.24048874131143422,0.01142929752516832,0.31687673245651765,1,TRUE,TRUE
embi_perc,risco_ext,1,9,0.09976311626342606,0.044663993770954806,0.22817115072912736,-0.0013943183736063365,0.3038535172143619,1,TRUE,FALSE
embi_perc,risco_ext,1,10,0.07769400875813538,0.029196664619273865,0.21715719222437158,-0.011540395662430961,0.2901414633193227,1,TRUE,FALSE
embi_perc,risco_ext,1,11,0.05268559280665182,0.013976683509180451,0.2011670718515001,-0.029808128519278988,0.2814855320146063,1,TRUE,FALSE
embi_perc,risco_ext,1,12,0.03169632036927571,8.134457594815508e-4,0.18938565096523885,-0.04852302979711351,0.2669789937774162,1,TRUE,FALSE
embi_perc,risco_ext,1,13,0.013183846545080233,-0.01498761048681983,0.1724946962830221,-0.0662096259440683,0.2551540617160726,1,FALSE,FALSE
embi_perc,risco_ext,1,14,-0.00431253781807254,-0.028645485540812664,0.16016222361150836,-0.08143234658197591,0.23878592613527655,-1,FALSE,FALSE
embi_perc,risco_ext,1,15,-0.019801431586055684,-0.041031485035772274,0.14316958531051083,-0.09753035250519562,0.22259240360667684,-1,FALSE,FALSE
embi_perc,risco_ext,1,16,-0.03331988947611769,-0.0509857260171576,0.131037331263714,-0.116608893087433,0.20960206794429112,-1,FALSE,FALSE
embi_perc,risco_ext,1,17,-0.045345197500733805,-0.06358127578727057,0.1151689704165218,-0.1303549266357387,0.1976018364982407,-1,FALSE,FALSE
embi_perc,risco_ext,1,18,-0.05599685214227201,-0.07573736542295986,0.1003446494778666,-0.14453397856398417,0.183125296863073,-1,FALSE,FALSE
embi_perc,risco_ext,1,19,-0.06520134183664844,-0.08640616373743744,0.08498682900873311,-0.15522612705641653,0.16818767669851178,-1,FALSE,FALSE
embi_perc,risco_ext,1,20,-0.07311930241384733,-0.09730184673256216,0.07296476784374349,-0.17046131433185369,0.15402338803141877,-1,FALSE,FALSE
embi_perc,risco_ext,1,21,-0.07994042805737907,-0.10777885910319665,0.06268727701084773,-0.18207772639530692,0.13727605027579473,-1,FALSE,FALSE
embi_perc,risco_ext,1,22,-0.08564393360463743,-0.11692022000639984,0.050381990408189324,-0.1965737880728848,0.1256202158367844,-1,FALSE,FALSE
embi_perc,risco_ext,1,23,-0.09027735269938834,-0.12417362508797611,0.04001083090928425,-0.20219944050751765,0.11721144104890682,-1,FALSE,FALSE
embi_perc,risco_ext,1,24,-0.09395989676592738,-0.129766854169134,0.034466280428766795,-0.2022670083633845,0.10518764508786253,-1,FALSE,FALSE
embi_perc,risco_ext,1,25,-0.09671137454790961,-0.13538019506740445,0.026154379837667843,-0.2118986694484527,0.0999491569413819,-1,FALSE,FALSE
embi_perc,risco_ext,1,26,-0.09856034432580212,-0.13876909352470945,0.02035431584817404,-0.21831940801046382,0.09098120762595957,-1,FALSE,FALSE
embi_perc,risco_ext,1,27,-0.09958103503504682,-0.14317686938931876,0.014221163422220358,-0.21827543046158915,0.08293619668935441,-1,FALSE,FALSE
embi_perc,risco_ext,1,28,-0.09981664823829717,-0.14823901285240726,0.007013563373308025,-0.22546608788192846,0.0735783733407624,-1,FALSE,FALSE
embi_perc,risco_ext,1,29,-0.09930751663825714,-0.15064208046115973,0.001525233321950335,-0.227437802335138,0.06722291071381034,-1,FALSE,FALSE
embi_perc,risco_ext,1,30,-0.09811446455762694,-0.15056390804341324,-8.800463307566084e-4,-0.2261508240059819,0.061807035874907275,-1,TRUE,FALSE
embi_perc,risco_ext,1,31,-0.09629282928833105,-0.1513031254457864,-0.004588862945109334,-0.22957478170856127,0.05484770274450336,-1,TRUE,FALSE
embi_perc,risco_ext,1,32,-0.09389560815005882,-0.15163794813190135,-0.005113089651561292,-0.22752244057427218,0.05299963278440166,-1,TRUE,FALSE
embi_perc,risco_ext,1,33,-0.0909827312650395,-0.1522952891170898,-0.005559104085621508,-0.22788400085451713,0.053524217957804224,-1,TRUE,FALSE
embi_perc,risco_ext,1,34,-0.08761396530771988,-0.15184687426417287,-0.00437911790878551,-0.22452588394629777,0.04850438928903362,-1,TRUE,FALSE
embi_perc,risco_ext,1,35,-0.08384743462332779,-0.1505787898195264,-0.0037609911533233583,-0.22621623478934402,0.04438984960799239,-1,TRUE,FALSE
embi_perc,risco_ext,1,36,-0.07974206862314491,-0.1477745142642445,-0.005030651849082713,-0.21911996889046317,0.043756292373960316,-1,TRUE,FALSE
embi_perc,risco_ext,1,37,-0.0753559345802202,-0.14225770534327187,-0.004253473817247765,-0.21924931494406474,0.0438619273065092,-1,TRUE,FALSE
embi_perc,risco_ext,1,38,-0.07074497067744612,-0.13853830261458067,-5.928143173452187e-4,-0.21120816629962344,0.042517594416831964,-1,TRUE,FALSE
embi_perc,risco_ext,1,39,-0.06596322791605819,-0.13644571193227617,0.0037248502137409525,-0.20123640545353091,0.042454669075266994,-1,FALSE,FALSE
embi_perc,risco_ext,1,40,-0.061062480680348544,-0.13344050252525985,0.006650255651808299,-0.2025619478322278,0.04470230318958666,-1,FALSE,FALSE
embi_perc,risco_ext,1,41,-0.05609160803645574,-0.1279674574204362,0.010409681779841095,-0.20094289905718793,0.04856130434104428,-1,FALSE,FALSE
embi_perc,risco_ext,1,42,-0.05109642001908519,-0.12334066306087205,0.016268516515885185,-0.19963401613685083,0.04797672968385609,-1,FALSE,FALSE
embi_perc,risco_ext,1,43,-0.04611955732528821,-0.12018808481740577,0.020917478878797476,-0.19151862617091023,0.05387549568739196,-1,FALSE,FALSE
embi_perc,risco_ext,1,44,-0.041200268468686414,-0.11688813239878008,0.024891997048709598,-0.18671073864118354,0.05500922911211583,-1,FALSE,FALSE
embi_perc,risco_ext,1,45,-0.036374294994236646,-0.11472091083006412,0.03176944917244759,-0.18316415156297564,0.06276116659152152,-1,FALSE,FALSE
embi_perc,risco_ext,1,46,-0.03167387525636385,-0.11071852395447629,0.0327951926349357,-0.1797947575311081,0.06804389262586928,-1,FALSE,FALSE
embi_perc,risco_ext,1,47,-0.027127723452816683,-0.10681182382131216,0.03864948437503325,-0.17041510468111318,0.07561319577689625,-1,FALSE,FALSE
embi_perc,risco_ext,1,48,-0.02276103385467431,-0.10296260011420293,0.04202140783786033,-0.169137298535141,0.07828274448405609,-1,FALSE,FALSE
cds_5y,risco_ext,1,0,30.704019331000183,24.052595950252254,38.65153839520801,19.19525689922196,46.18594228890527,1,TRUE,TRUE
cds_5y,risco_ext,1,1,31.836276182779113,22.429737710403984,42.08635461574703,16.78880436984536,49.00289252601633,1,TRUE,TRUE
cds_5y,risco_ext,1,2,22.91142201731871,13.763474125112783,33.20005922870909,8.714362721177583,41.12808950126217,1,TRUE,TRUE
cds_5y,risco_ext,1,3,30.584546587253822,19.57584760118674,39.21097966963114,13.442726822797551,46.84924417617402,1,TRUE,TRUE
cds_5y,risco_ext,1,4,29.971820012060217,18.40901063831094,38.474923005538805,12.396818207522195,46.4264344811088,1,TRUE,TRUE
cds_5y,risco_ext,1,5,24.267861203615464,13.370773571493661,33.57229272115199,6.737464557256711,40.83495175053936,1,TRUE,TRUE
cds_5y,risco_ext,1,6,23.533517249416555,13.130881081449594,33.757636995107944,6.916212264605264,40.96095905146943,1,TRUE,TRUE
cds_5y,risco_ext,1,7,21.29527214992363,12.024171151261507,33.06322135835202,6.40961499376231,41.57602151268196,1,TRUE,TRUE
cds_5y,risco_ext,1,8,17.06370129056539,9.034877426530187,31.3416346716295,3.6826051772439263,40.49353079302769,1,TRUE,TRUE
cds_5y,risco_ext,1,9,14.138722399252465,7.588941258399999,30.39771385159638,3.029460899944507,39.18783059116487,1,TRUE,TRUE
cds_5y,risco_ext,1,10,11.352268192918997,5.916783150578359,29.1431155169179,1.0438647503347094,37.85964690243226,1,TRUE,TRUE
cds_5y,risco_ext,1,11,8.202770110731333,3.92361444534253,27.09377493628119,-1.271714099079706,36.44992513131014,1,TRUE,FALSE
cds_5y,risco_ext,1,12,5.525327795314586,1.807087347447528,25.059165391262304,-2.9389235274998255,35.2232086948427,1,TRUE,FALSE
cds_5y,risco_ext,1,13,3.1325767677916896,0.1743549589991722,23.268480544551043,-5.364438756317837,33.42111238339606,1,TRUE,FALSE
cds_5y,risco_ext,1,14,0.8436031636919511,-1.2894790704241412,21.51299339751205,-7.69078050733141,32.33920281738443,1,FALSE,FALSE
cds_5y,risco_ext,1,15,-1.2072177893837945,-2.8839790193114303,19.955194568676923,-9.870442615341052,30.96624278494599,-1,FALSE,FALSE
cds_5y,risco_ext,1,16,-3.028076597846253,-4.639719013571256,18.02320951645109,-11.716634658523848,29.45595972728794,-1,FALSE,FALSE
cds_5y,risco_ext,1,17,-4.67830829585917,-6.3777327742063274,16.4859825256118,-13.320064860830932,27.187783897141173,-1,FALSE,FALSE
cds_5y,risco_ext,1,18,-6.162684957649874,-7.739023053649328,14.678176241371244,-14.93845908707354,25.02624976653754,-1,FALSE,FALSE
cds_5y,risco_ext,1,19,-7.472852804939045,-9.338485860512105,13.008306543689592,-16.566719621063218,23.526037655941643,-1,FALSE,FALSE
cds_5y,risco_ext,1,20,-8.627855085395888,-10.856613327094054,11.483053368496222,-18.81228984659201,22.072516957606176,-1,FALSE,FALSE
cds_5y,risco_ext,1,21,-9.645716942265661,-12.039252048554415,9.736538040287634,-20.616340458981217,20.382139707445603,-1,FALSE,FALSE
cds_5y,risco_ext,1,22,-10.523134925183742,-13.258205340854797,8.214927971168677,-21.594195593879064,18.431682600660373,-1,FALSE,FALSE
cds_5y,risco_ext,1,23,-11.264987034977983,-14.281339074993939,7.002202037567251,-22.391794297117457,16.94093487079207,-1,FALSE,FALSE
cds_5y,risco_ext,1,24,-11.88319660297698,-15.16794248058565,5.98042221638606,-23.451365313166846,15.757302823626288,-1,FALSE,FALSE
cds_5y,risco_ext,1,25,-12.379203196291863,-15.796676342857484,4.727691110605119,-24.397987979089216,14.950276654923567,-1,FALSE,FALSE
cds_5y,risco_ext,1,26,-12.755744883307086,-16.315782521980694,3.8914757868171748,-25.111268594950747,13.678674366073933,-1,FALSE,FALSE
cds_5y,risco_ext,1,27,-13.020641298882392,-16.93615631460377,2.9168831323085467,-25.548608278273594,12.155210662087072,-1,FALSE,FALSE
cds_5y,risco_ext,1,28,-13.17851306419409,-17.55288962678,2.083832172505765,-25.035884560741646,10.959307821527227,-1,FALSE,FALSE
cds_5y,risco_ext,1,29,-13.233883372510123,-17.912984570048664,1.3340412294574115,-26.17944459547828,10.592918564695616,-1,FALSE,FALSE
cds_5y,risco_ext,1,30,-13.19373095173886,-17.868140095019903,0.6329029768314496,-26.390544525983035,9.777302318658949,-1,FALSE,FALSE
cds_5y,risco_ext,1,31,-13.064590448444239,-18.243581360304933,0.6210681445871652,-26.360506410858275,8.802649345513897,-1,FALSE,FALSE
cds_5y,risco_ext,1,32,-12.85288943646579,-18.052710576359186,0.3131164416584668,-26.686200056537857,7.934701363867149,-1,FALSE,FALSE
cds_5y,risco_ext,1,33,-12.565979622471236,-18.38581797165661,0.07279056711416705,-27.188517784938995,7.3721928416207065,-1,FALSE,FALSE
cds_5y,risco_ext,1,34,-12.211309047184441,-18.42581739965853,0.14458124573920156,-27.368385468860904,7.350394007969135,-1,FALSE,FALSE
cds_5y,risco_ext,1,35,-11.79623903475913,-18.170343473361175,0.11342318505373278,-26.972790981280028,6.787529340632257,-1,FALSE,FALSE
cds_5y,risco_ext,1,36,-11.328313732065743,-18.006220232418404,0.24859100144506263,-26.0187036997409,6.784483705639143,-1,FALSE,FALSE
cds_5y,risco_ext,1,37,-10.815046793090993,-17.690806212044606,0.33512874669588993,-25.546628883386756,6.089248712701991,-1,FALSE,FALSE
cds_5y,risco_ext,1,38,-10.263762284906848,-17.469963187505357,0.4778914276678786,-25.054632144807492,5.908380897652464,-1,FALSE,FALSE
cds_5y,risco_ext,1,39,-9.681613850255793,-17.00589849967086,0.6913519406290636,-25.084548560828058,6.0088331399763195,-1,FALSE,FALSE
cds_5y,risco_ext,1,40,-9.075523859491648,-16.478763199600895,1.1015629406102612,-25.0359873013124,5.748748053449757,-1,FALSE,FALSE
cds_5y,risco_ext,1,41,-8.452100372604576,-15.8393020788645,1.5750857969028966,-24.955324806524807,5.940767078773321,-1,FALSE,FALSE
cds_5y,risco_ext,1,42,-7.817608897770042,-15.54848483540966,2.215555578899086,-24.77478717240007,6.1899773095708595,-1,FALSE,FALSE
cds_5y,risco_ext,1,43,-7.177949880563739,-15.165369441662202,2.581645312211727,-23.92761487171971,7.027174609824762,-1,FALSE,FALSE
cds_5y,risco_ext,1,44,-6.538623832873826,-14.967827484283488,3.2104799582424026,-22.969334599593267,7.541736171544968,-1,FALSE,FALSE
cds_5y,risco_ext,1,45,-5.904710991459752,-14.37702291326495,3.5964470606951044,-22.54474793415702,8.33138695774706,-1,FALSE,FALSE
cds_5y,risco_ext,1,46,-5.2808642391783405,-13.828679322286112,4.10190958668065,-22.28038881366814,8.82436727906376,-1,FALSE,FALSE
cds_5y,risco_ext,1,47,-4.671300113615523,-13.56930048668485,4.874406736300011,-21.418759468437518,9.644266531971999,-1,FALSE,FALSE
cds_5y,risco_ext,1,48,-4.079793954298028,-12.768576389479772,5.3131874148408835,-21.0949670761883,10.28435513134288,-1,FALSE,FALSE
msci,risco_ext,1,0,1.0772226753321719,-4.215732240810928,4.503431617327557,-7.3419837775858525,7.01383315351871,1,FALSE,FALSE
msci,risco_ext,1,1,0.8775758121940177,-4.577348616266654,5.967840337648015,-8.2599251162087,9.12393219796221,1,FALSE,FALSE
msci,risco_ext,1,2,1.830562507837248,-4.137273206338034,8.138910439032307,-8.12250100631675,11.97784234963788,1,FALSE,FALSE
msci,risco_ext,1,3,1.4465259730532958,-4.9244409110514455,8.477935031657681,-8.675908098547191,13.375972893900789,1,FALSE,FALSE
msci,risco_ext,1,4,1.459942015390106,-5.368370566519126,8.409401068852118,-9.50463145044574,13.205494859063775,1,FALSE,FALSE
msci,risco_ext,1,5,1.7305781957026614,-5.627843963501023,8.832144001141357,-9.812882272124842,13.63780457150384,1,FALSE,FALSE
msci,risco_ext,1,6,1.4178413699332213,-6.447575228589054,7.949762347625856,-10.872421188474501,13.196633724453141,1,FALSE,FALSE
msci,risco_ext,1,7,0.9803214692955452,-6.899028896754207,7.307215242876131,-11.967499314364638,12.732915625479958,1,FALSE,FALSE
msci,risco_ext,1,8,0.7546717688214005,-7.05716320270982,7.1103422379665595,-12.218255684091067,12.755653280286992,1,FALSE,FALSE
msci,risco_ext,1,9,0.31061885949504126,-7.72275482593888,6.4971289102841014,-12.434543613643157,12.368335796697458,1,FALSE,FALSE
msci,risco_ext,1,10,-0.27298047185619545,-8.020461656927534,5.734737734983514,-12.931695635883331,11.592276751057607,-1,FALSE,FALSE
msci,risco_ext,1,11,-0.7375094893172437,-8.259543801488935,5.106994846807404,-13.631620665894877,11.393056391919393,-1,FALSE,FALSE
msci,risco_ext,1,12,-1.2286795504363017,-8.282193115472714,4.65217572231392,-13.454604665273134,10.876132399803954,-1,FALSE,FALSE
msci,risco_ext,1,13,-1.7345597447570442,-8.384068554748787,4.053614694052064,-13.41019790538851,10.223993664675065,-1,FALSE,FALSE
msci,risco_ext,1,14,-2.1718772141448413,-8.381282587435841,3.494092058930449,-13.156963035585354,9.625773377800037,-1,FALSE,FALSE
msci,risco_ext,1,15,-2.5667003472485708,-8.480973889418713,3.148190630452618,-13.840555567957288,8.982864455403575,-1,FALSE,FALSE
msci,risco_ext,1,16,-2.92547281962564,-8.581404342438324,2.703683610567692,-13.758834859406623,7.95424446693019,-1,FALSE,FALSE
msci,risco_ext,1,17,-3.2296330333721723,-8.722982038768508,2.3742002024458397,-13.244335046724663,7.624568438282748,-1,FALSE,FALSE
msci,risco_ext,1,18,-3.4829195212458997,-8.583093342190597,1.8412117237308623,-12.927142339910342,6.952964135949659,-1,FALSE,FALSE
msci,risco_ext,1,19,-3.690627571355061,-8.482918369978602,1.6394589219298077,-12.390511414979798,6.404261814396644,-1,FALSE,FALSE
msci,risco_ext,1,20,-3.8516834681134435,-8.43557372924074,1.5669297865865848,-12.56699869050845,6.059575243278483,-1,FALSE,FALSE
msci,risco_ext,1,21,-3.9686799395733745,-8.197803272307238,1.347149955764262,-12.566218897071513,5.513746948184418,-1,FALSE,FALSE
msci,risco_ext,1,22,-4.045438845617227,-8.137738914996035,1.3113681157433656,-12.649205917410649,5.125316257365094,-1,FALSE,FALSE
msci,risco_ext,1,23,-4.084799706397967,-8.227684157884363,1.2912555181586556,-12.760347645070084,4.95324064962636,-1,FALSE,FALSE
msci,risco_ext,1,24,-4.089551824463596,-8.19390423526755,1.2336618399287977,-12.64588392492017,4.751072072795352,-1,FALSE,FALSE
msci,risco_ext,1,25,-4.062887073501046,-8.055510822328674,1.2815684067809925,-12.275988061612745,4.869881707462605,-1,FALSE,FALSE
msci,risco_ext,1,26,-4.007930059064692,-7.76037785720631,1.4402942546601636,-12.021761858102263,4.8029289467708844,-1,FALSE,FALSE
msci,risco_ext,1,27,-3.9273575800425893,-7.592161504438266,1.6321312199845206,-11.786503167183161,4.831606276385314,-1,FALSE,FALSE
msci,risco_ext,1,28,-3.8239198725380206,-7.477483914213617,1.6684959153126633,-11.6122234593017,4.822956970580356,-1,FALSE,FALSE
msci,risco_ext,1,29,-3.7003979103924287,-7.40033036662253,1.7557554172039862,-11.556913829091823,4.957464922679251,-1,FALSE,FALSE
msci,risco_ext,1,30,-3.5592811087728053,-7.288238381000962,1.861935423243367,-11.275737813486275,5.012147125431965,-1,FALSE,FALSE
msci,risco_ext,1,31,-3.403002993858669,-6.837936494726849,2.003437758651292,-11.26488299644732,5.1149101747589905,-1,FALSE,FALSE
msci,risco_ext,1,32,-3.2339952260303813,-6.742517916604754,2.1596629801529588,-11.131131045644127,5.286964376189021,-1,FALSE,FALSE
msci,risco_ext,1,33,-3.054523428121103,-6.3657725623798225,2.3473040825320326,-10.94293467510304,5.371295341615792,-1,FALSE,FALSE
msci,risco_ext,1,34,-2.866753879165359,-5.996693865683211,2.4499772021858823,-10.706437914092305,5.558189335563605,-1,FALSE,FALSE
msci,risco_ext,1,35,-2.672795192998892,-5.649199891909827,2.6463831315031823,-10.486161932789807,5.802413799776961,-1,FALSE,FALSE
msci,risco_ext,1,36,-2.4746321687182227,-5.367756627996458,2.698085247917485,-10.082262539977854,5.9918164592614165,-1,FALSE,FALSE
msci,risco_ext,1,37,-2.2741315032723692,-5.04240639134955,2.7622053912229707,-9.670490218150919,6.12722315121111,-1,FALSE,FALSE
msci,risco_ext,1,38,-2.0730576731431434,-4.790403487300185,2.763694571333749,-9.19814556224346,6.374582714393294,-1,FALSE,FALSE
msci,risco_ext,1,39,-1.8730504125758336,-4.494232539042217,2.8794382093092072,-8.669055772551248,6.555814311989673,-1,FALSE,FALSE
msci,risco_ext,1,40,-1.6756187890403422,-4.186081914108576,3.0817379281220774,-8.090679853048613,6.6952856170073005,-1,FALSE,FALSE
msci,risco_ext,1,41,-1.4821448284762664,-3.9451296536408025,3.280928193203196,-7.614179813981094,6.727097637595341,-1,FALSE,FALSE
msci,risco_ext,1,42,-1.29387762096051,-3.719527248304292,3.360238568640277,-7.482118822599252,6.79414200227762,-1,FALSE,FALSE
msci,risco_ext,1,43,-1.1119303375387097,-3.4007999880853417,3.5489030792604837,-7.108300914567375,6.754464170290797,-1,FALSE,FALSE
msci,risco_ext,1,44,-0.9372820268807422,-3.1365997454946286,3.640850798707334,-6.826342749704142,6.981474092286842,-1,FALSE,FALSE
msci,risco_ext,1,45,-0.7707785904686287,-2.855466805989337,3.80084994937173,-6.085403559976145,7.287695745685108,-1,FALSE,FALSE
msci,risco_ext,1,46,-0.6131344412199021,-2.6729577885842333,4.055681168002478,-5.85682649189725,7.288337146022787,-1,FALSE,FALSE
msci,risco_ext,1,47,-0.4649362237850236,-2.524955145182544,4.193490634155118,-5.386946636949798,7.401305637899023,-1,FALSE,FALSE
msci,risco_ext,1,48,-0.32664737096904645,-2.365528595725268,4.265231478667217,-5.058741420254467,7.326629237545465,-1,FALSE,FALSE
sp500_vix,risco_ext,1,0,0.21635123343667015,-0.42778417319568585,1.420918007346125,-0.9603131128055259,2.1761825921120828,1,FALSE,FALSE
sp500_vix,risco_ext,1,1,0.13133873047878664,-0.9222762286052502,1.0308130458072817,-1.556408177111913,1.6788941385096603,1,FALSE,FALSE
sp500_vix,risco_ext,1,2,-1.0785133588458604,-2.3688147425914026,-0.08059726667426266,-3.150578298658476,0.7323196925744065,-1,TRUE,FALSE
sp500_vix,risco_ext,1,3,-0.4108734120688636,-1.981135299161548,0.4126349139028369,-3.0657318324352905,1.105727288140778,-1,FALSE,FALSE
sp500_vix,risco_ext,1,4,-0.4669612115280946,-2.0090876734399954,0.41421356272461846,-3.2493907540651406,1.2120740479307925,-1,FALSE,FALSE
sp500_vix,risco_ext,1,5,-0.8828270384205412,-2.4790191251727256,0.18389915590922756,-3.6140557406357328,0.9808507126806396,-1,FALSE,FALSE
sp500_vix,risco_ext,1,6,-0.7922997000739563,-2.3573121173106033,0.3938169602531247,-3.614154911138379,1.1909105802050026,-1,FALSE,FALSE
sp500_vix,risco_ext,1,7,-0.7228066230743038,-2.3191495260644848,0.5357808471274178,-3.481702500537581,1.3183781063122186,-1,FALSE,FALSE
sp500_vix,risco_ext,1,8,-0.8114385259816287,-2.405734455928388,0.489696153599658,-3.680364358522373,1.3035609222455025,-1,FALSE,FALSE
sp500_vix,risco_ext,1,9,-0.7469483003519778,-2.3528096565466607,0.5766688334588338,-3.674980285346704,1.374371224560732,-1,FALSE,FALSE
sp500_vix,risco_ext,1,10,-0.6163428286635427,-2.341309598467529,0.6580198189307032,-3.5809481087361097,1.3711487972792946,-1,FALSE,FALSE
sp500_vix,risco_ext,1,11,-0.5294657002336371,-2.241473156951349,0.69449834263691,-3.6162228294868535,1.372371561513027,-1,FALSE,FALSE
sp500_vix,risco_ext,1,12,-0.4073203356350431,-2.191058125963059,0.7471358826467949,-3.63535332062511,1.436903057486248,-1,FALSE,FALSE
sp500_vix,risco_ext,1,13,-0.25968487124561923,-2.1112098364548,0.8467639633547157,-3.6699064962317665,1.5083581083920132,-1,FALSE,FALSE
sp500_vix,risco_ext,1,14,-0.12050415333843909,-2.0406029279762605,0.9089739206770628,-3.654836629531451,1.5938631664757439,-1,FALSE,FALSE
sp500_vix,risco_ext,1,15,0.018882045697350663,-1.927563300039618,0.9683735465030572,-3.5873435286974558,1.664448012437307,1,FALSE,FALSE
sp500_vix,risco_ext,1,16,0.16084695498104926,-1.8606346665157445,1.041625992434891,-3.4451341583408084,1.7160348520613238,1,FALSE,FALSE
sp500_vix,risco_ext,1,17,0.29677543403748396,-1.7962680213254694,1.085141388529288,-3.3157975351130724,1.7946051644841712,1,FALSE,FALSE
sp500_vix,risco_ext,1,18,0.4243695139070128,-1.6465937287045338,1.0988440376688142,-3.235733574134122,1.8439303544861776,1,FALSE,FALSE
sp500_vix,risco_ext,1,19,0.545191398002693,-1.5126327869917278,1.134142079447591,-3.180724242496929,1.9221564769661026,1,FALSE,FALSE
sp500_vix,risco_ext,1,20,0.6574598608445521,-1.4246657761622823,1.2042614530221782,-3.0130816943780774,2.0106993296256626,1,FALSE,FALSE
sp500_vix,risco_ext,1,21,0.7594432385500565,-1.3310196929693485,1.2407508345885607,-2.880641319812681,2.0158392734024004,1,FALSE,FALSE
sp500_vix,risco_ext,1,22,0.8517589151147715,-1.2405580185890552,1.2801664870422191,-2.7554248430938433,2.067171003247207,1,FALSE,FALSE
sp500_vix,risco_ext,1,23,0.9344390062825686,-1.1973849374265408,1.3375609619682018,-2.6714921186981884,2.0779196802679802,1,FALSE,FALSE
sp500_vix,risco_ext,1,24,1.0068404853612538,-1.118095371411822,1.3948214812270012,-2.5710223225207365,2.1357126935781245,1,FALSE,FALSE
sp500_vix,risco_ext,1,25,1.0692963686831183,-0.9773629373955344,1.4174792584833305,-2.4893766419491183,2.1969939918208965,1,FALSE,FALSE
sp500_vix,risco_ext,1,26,1.1221963887445185,-0.9159798445279446,1.4390607048461226,-2.384187454317571,2.281460485011818,1,FALSE,FALSE
sp500_vix,risco_ext,1,27,1.1655220179501664,-0.8871627361540908,1.4412328239780035,-2.2879181846872183,2.36097069938336,1,FALSE,FALSE
sp500_vix,risco_ext,1,28,1.1995871595571694,-0.7907799648154016,1.4605621389686363,-2.2096452130502544,2.3251131011323807,1,FALSE,FALSE
sp500_vix,risco_ext,1,29,1.224837486016516,-0.7705662386888538,1.4538982788497656,-2.165582200339154,2.370024065366119,1,FALSE,FALSE
sp500_vix,risco_ext,1,30,1.241569072306954,-0.7312120000628131,1.4509617279532956,-2.0632219503313527,2.378124773459793,1,FALSE,FALSE
sp500_vix,risco_ext,1,31,1.25017261693288,-0.7086832989969852,1.4717656433816846,-1.969545303648299,2.3253229697548083,1,FALSE,FALSE
sp500_vix,risco_ext,1,32,1.2511292703153103,-0.6727880441693946,1.4561986234749407,-1.9901791919815002,2.41428581919641,1,FALSE,FALSE
sp500_vix,risco_ext,1,33,1.2448904904071296,-0.6328962741012636,1.4430336494231124,-1.9026735958746683,2.411733685590531,1,FALSE,FALSE
sp500_vix,risco_ext,1,34,1.231934408649812,-0.5643791806443417,1.4264893060907982,-1.9087988052600635,2.445962811854946,1,FALSE,FALSE
sp500_vix,risco_ext,1,35,1.212783908727037,-0.5358527350087954,1.4210270919855506,-1.838274554022819,2.4200120873443085,1,FALSE,FALSE
sp500_vix,risco_ext,1,36,1.1879651072501316,-0.5105882328227784,1.4332628350524885,-1.7842587839378719,2.442580132488188,1,FALSE,FALSE
sp500_vix,risco_ext,1,37,1.1580107085293525,-0.48468901008776055,1.3991259748731588,-1.752687664673507,2.429006185227124,1,FALSE,FALSE
sp500_vix,risco_ext,1,38,1.1234672023213046,-0.48333120395147733,1.364898750163041,-1.6888897502393914,2.395605357406832,1,FALSE,FALSE
sp500_vix,risco_ext,1,39,1.084881555597743,-0.48283244449402174,1.3381611407993108,-1.6694071093864606,2.3708454834201076,1,FALSE,FALSE
sp500_vix,risco_ext,1,40,1.042795136175792,-0.5049262744569766,1.2806061221625404,-1.639246431908237,2.334230554701223,1,FALSE,FALSE
sp500_vix,risco_ext,1,41,0.9977433467257909,-0.5037223490521416,1.260420637516424,-1.6206875950680668,2.296348815008838,1,FALSE,FALSE
sp500_vix,risco_ext,1,42,0.9502504607045554,-0.5112427135624075,1.2188658623863233,-1.6215152872248075,2.2559221729737073,1,FALSE,FALSE
sp500_vix,risco_ext,1,43,0.9008243708678658,-0.5374940946421383,1.1883774508190994,-1.5757305174989338,2.203112379960675,1,FALSE,FALSE
sp500_vix,risco_ext,1,44,0.8499541467514048,-0.5675521662769117,1.1281375685515052,-1.59968132701936,2.0646269913983493,1,FALSE,FALSE
sp500_vix,risco_ext,1,45,0.7981073073773981,-0.5966965481383251,1.0975272424504425,-1.6139338685012903,1.953462806539558,1,FALSE,FALSE
sp500_vix,risco_ext,1,46,0.7457266389656433,-0.6233858280198264,1.0683948770570464,-1.5971734740454984,1.9204739908519104,1,FALSE,FALSE
sp500_vix,risco_ext,1,47,0.6932281673319548,-0.6167003248364182,1.0352509985322031,-1.5895325661548902,1.8806771977592627,1,FALSE,FALSE
sp500_vix,risco_ext,1,48,0.6409996831940147,-0.6325520416140151,1.0064039541803032,-1.6441918989943871,1.837855096598045,1,FALSE,FALSE
epu_brazil,incerteza,1,0,22.20818244813514,8.58195213971606,36.319206051217115,1.792405704401408,47.4303952236499,1,TRUE,TRUE
epu_brazil,incerteza,1,1,22.46365285358516,7.870146636321355,39.55808087183535,-0.9255010099117972,50.00889200115193,1,TRUE,FALSE
epu_brazil,incerteza,1,2,15.32109188770566,-1.3970420635038117,34.422278824878724,-12.403806008786622,43.56876676845183,1,FALSE,FALSE
epu_brazil,incerteza,1,3,16.279599030870518,-1.2746064594212045,33.472661343694554,-12.420956327600681,43.97890526953086,1,FALSE,FALSE
epu_brazil,incerteza,1,4,14.09116335589586,-4.365167714306141,32.70649304240948,-14.695925623369252,43.990509293159654,1,FALSE,FALSE
epu_brazil,incerteza,1,5,7.927034906986701,-10.912131640577583,27.19212330141161,-21.18305817255089,40.18655934639304,1,FALSE,FALSE
epu_brazil,incerteza,1,6,6.111035772825313,-10.764088745751165,26.25854058860123,-21.133403419226987,38.5165643250006,1,FALSE,FALSE
epu_brazil,incerteza,1,7,4.162508351078371,-11.243401623567713,24.921812453022458,-22.462438448385306,37.56427074509446,1,FALSE,FALSE
epu_brazil,incerteza,1,8,0.5313526897656594,-13.659220625250478,22.2743523724075,-25.7234389304352,34.069074885835995,1,FALSE,FALSE
epu_brazil,incerteza,1,9,-1.5217324763188647,-14.984116384388843,20.901294852734885,-27.139134112880033,32.77570328451924,-1,FALSE,FALSE
epu_brazil,incerteza,1,10,-2.9341993033718388,-16.080016333107572,19.08630875546567,-27.933976510338944,31.617198142572644,-1,FALSE,FALSE
epu_brazil,incerteza,1,11,-4.701243315672708,-17.516535127927476,17.05768545370262,-29.982401999909403,29.93892117399326,-1,FALSE,FALSE
epu_brazil,incerteza,1,12,-5.796306358444779,-17.87661244045793,15.158480575746928,-31.247597237984543,28.18130403897728,-1,FALSE,FALSE
epu_brazil,incerteza,1,13,-6.457689338543076,-18.934458692391978,13.510247179283153,-31.607195233398645,26.162927261348777,-1,FALSE,FALSE
epu_brazil,incerteza,1,14,-7.065689454317268,-19.542471305514937,12.069944261510763,-32.624660856878066,23.877567541656113,-1,FALSE,FALSE
epu_brazil,incerteza,1,15,-7.401633963204816,-19.871039619803796,10.66295148456487,-32.93737881434992,23.296431736477295,-1,FALSE,FALSE
epu_brazil,incerteza,1,16,-7.509702852382826,-20.62628950676699,9.53251391067629,-33.23076917216793,22.446042504965778,-1,FALSE,FALSE
epu_brazil,incerteza,1,17,-7.517688448957984,-20.490805497192998,8.802617704080525,-33.492827869448654,21.313668731426805,-1,FALSE,FALSE
epu_brazil,incerteza,1,18,-7.404195298314427,-20.202419436893717,7.775170513092823,-33.59744430729104,19.490745429635105,-1,FALSE,FALSE
epu_brazil,incerteza,1,19,-7.178496480815978,-20.181105396970082,7.686352335177624,-33.11065548327741,17.876107031898382,-1,FALSE,FALSE
epu_brazil,incerteza,1,20,-6.882596256104251,-20.450870185385003,7.337706254570801,-32.398640964942246,17.93668216742669,-1,FALSE,FALSE
epu_brazil,incerteza,1,21,-6.5282011780331555,-20.721279683331506,6.827324460740147,-32.18502828502483,16.995725056967437,-1,FALSE,FALSE
epu_brazil,incerteza,1,22,-6.1205263956208045,-20.24249287703972,6.602564449706691,-31.940359537125595,16.155029250036105,-1,FALSE,FALSE
epu_brazil,incerteza,1,23,-5.672594538494382,-20.125537505271673,6.4953327891345864,-30.608128568238712,16.720568230069787,-1,FALSE,FALSE
epu_brazil,incerteza,1,24,-5.195536366489416,-20.146913305572895,6.228007976581099,-30.485584451559973,16.727803454810317,-1,FALSE,FALSE
epu_brazil,incerteza,1,25,-4.6942348125397295,-20.116000047254797,5.944802728384487,-30.361427772042994,16.510609012384375,-1,FALSE,FALSE
epu_brazil,incerteza,1,26,-4.174090850613312,-19.45981879558412,6.003521102377593,-29.745598651695037,16.56460382205164,-1,FALSE,FALSE
epu_brazil,incerteza,1,27,-3.6426980249681407,-19.149638610935593,5.991290093146477,-28.554385199058675,16.628556749454226,-1,FALSE,FALSE
epu_brazil,incerteza,1,28,-3.105009153195003,-18.727993052009687,6.048174632745026,-28.002533157543795,16.94344684666827,-1,FALSE,FALSE
epu_brazil,incerteza,1,29,-2.565134383185884,-18.685829569520077,5.991881184417874,-27.18796330085216,17.17394805409964,-1,FALSE,FALSE
epu_brazil,incerteza,1,30,-2.028467482163795,-18.486937445691783,6.04542831540555,-26.138775484257632,16.923026111755153,-1,FALSE,FALSE
epu_brazil,incerteza,1,31,-1.4995171382017398,-17.682734389885628,5.948441650691734,-25.525108812099297,17.10218246892877,-1,FALSE,FALSE
epu_brazil,incerteza,1,32,-0.9819999717930534,-16.931074594877426,6.301893312609327,-25.91937546537238,17.162654149825112,-1,FALSE,FALSE
epu_brazil,incerteza,1,33,-0.4799076217253191,-16.57862092622718,6.714937993925944,-25.537430693229314,17.346106803290116,-1,FALSE,FALSE
epu_brazil,incerteza,1,34,0.003191079147881904,-16.382563340836473,6.802764937372586,-25.732107437862574,16.839689078532782,1,FALSE,FALSE
epu_brazil,incerteza,1,35,0.4643321340031071,-15.651634855210691,6.803734215713667,-25.23956771026061,16.348075421218915,1,FALSE,FALSE
epu_brazil,incerteza,1,36,0.9007674822367983,-15.288241507747118,7.302284010006181,-24.58428764727594,16.14567118143472,1,FALSE,FALSE
epu_brazil,incerteza,1,37,1.3101266851621622,-14.89699306860808,7.247216188949009,-24.375907943382266,15.782305255831663,1,FALSE,FALSE
epu_brazil,incerteza,1,38,1.6905248558637271,-14.449663464207623,7.240528016372013,-24.514604363209546,15.79472246125121,1,FALSE,FALSE
epu_brazil,incerteza,1,39,2.04044076159787,-13.666820884050573,7.577793216331379,-24.298149436832578,15.503417882775228,1,FALSE,FALSE
epu_brazil,incerteza,1,40,2.3587243646614344,-12.862698357513084,7.713795551181533,-23.84401293344742,15.738017806828143,1,FALSE,FALSE
epu_brazil,incerteza,1,41,2.6446237876940137,-12.672044477265217,7.804044981702999,-23.249064218197027,15.544864125300808,1,FALSE,FALSE
epu_brazil,incerteza,1,42,2.8977398438737616,-12.237660145122186,7.8409405594316794,-22.640028501543878,15.973400391320423,1,FALSE,FALSE
epu_brazil,incerteza,1,43,3.117998724599029,-11.902729024023971,7.856563669553919,-22.07219225391837,15.588475640749733,1,FALSE,FALSE
epu_brazil,incerteza,1,44,3.3056396313166294,-11.288380201602688,7.811302221064972,-21.814474950437983,16.038535078852142,1,FALSE,FALSE
epu_brazil,incerteza,1,45,3.46118513633137,-10.965457748233876,7.829405300061522,-21.09944601344285,15.904138368601325,1,FALSE,FALSE
epu_brazil,incerteza,1,46,3.5854097370065023,-10.4086350911264,7.916346355024507,-20.611041941379195,15.686515560567313,1,FALSE,FALSE
epu_brazil,incerteza,1,47,3.6793147621330258,-10.10346001589965,7.718888509713562,-20.332998956581424,15.593482289049062,1,FALSE,FALSE
epu_brazil,incerteza,1,48,3.74410155583681,-9.858156415345757,7.698944191711611,-20.018658278749367,15.413968638394659,1,FALSE,FALSE
epu_canada,incerteza,1,0,8.098220785352964,-11.473466438194473,24.694153897232688,-23.41150342217645,36.201194080381555,1,FALSE,FALSE
epu_canada,incerteza,1,1,16.43454166951808,-6.552891783635735,36.668822677570475,-23.102361192858584,51.02049501902912,1,FALSE,FALSE
epu_canada,incerteza,1,2,18.46809500774376,-10.095742684552043,43.223448236506236,-27.8313613643496,62.056953822374446,1,FALSE,FALSE
epu_canada,incerteza,1,3,15.268833487253765,-13.959651160603151,40.941389686395006,-34.336665212850455,59.890419334518434,1,FALSE,FALSE
epu_canada,incerteza,1,4,14.763239552859618,-13.971086173461057,42.285669138196255,-33.65064681506104,61.10653067649923,1,FALSE,FALSE
epu_canada,incerteza,1,5,12.510790239178974,-18.87039826518405,42.03191120669074,-38.957663380980165,60.208778725087306,1,FALSE,FALSE
epu_canada,incerteza,1,6,8.314056473157454,-21.49696462763407,38.36994468363247,-43.56308483522748,57.86809679057842,1,FALSE,FALSE
epu_canada,incerteza,1,7,5.701221739820155,-22.996241178047484,35.491377044172175,-45.41270424654793,53.970468586867355,1,FALSE,FALSE
epu_canada,incerteza,1,8,2.404904189661786,-27.017929211537055,32.92084255147185,-48.016675568319634,52.674969399839334,1,FALSE,FALSE
epu_canada,incerteza,1,9,-1.3065300005819156,-29.727332637143633,29.5225516949862,-49.098771214681555,49.64342165099807,-1,FALSE,FALSE
epu_canada,incerteza,1,10,-4.283336122070565,-31.472237924784938,26.312419590888172,-52.03149071661869,47.09346894471023,-1,FALSE,FALSE
epu_canada,incerteza,1,11,-7.227218431840746,-33.90341465781195,23.799803945721237,-54.88511065840291,42.09354470666631,-1,FALSE,FALSE
epu_canada,incerteza,1,12,-10.03244226434042,-35.939065377963665,20.24020994018239,-56.02879122123085,38.968676606492224,-1,FALSE,FALSE
epu_canada,incerteza,1,13,-12.389968042497319,-37.41362256380597,18.420740638173815,-56.403741233258536,34.42892006543918,-1,FALSE,FALSE
epu_canada,incerteza,1,14,-14.46157564352617,-38.69213059335222,15.215772506583646,-57.134812194141595,31.523534779666754,-1,FALSE,FALSE
epu_canada,incerteza,1,15,-16.259490409679834,-39.77113137170404,13.047979750390258,-58.84779775076719,28.39215444341235,-1,FALSE,FALSE
epu_canada,incerteza,1,16,-17.718428494527448,-41.328407830552685,9.960304423713387,-61.10097992021184,26.105287741790704,-1,FALSE,FALSE
epu_canada,incerteza,1,17,-18.886624872730465,-42.307580445845794,7.885559201623048,-62.359061720222876,23.92996309187285,-1,FALSE,FALSE
epu_canada,incerteza,1,18,-19.788621617486026,-42.15830896384122,6.633852865474436,-61.36621653648871,21.10456053401088,-1,FALSE,FALSE
epu_canada,incerteza,1,19,-20.432804725861644,-42.28488295298218,4.360771938430274,-61.05794195285036,20.22899054554665,-1,FALSE,FALSE
epu_canada,incerteza,1,20,-20.84352931761487,-42.309519555623964,2.897136998156011,-61.200437677682295,18.27429326071682,-1,FALSE,FALSE
epu_canada,incerteza,1,21,-21.041600287101243,-41.25773227811086,2.203631457702166,-62.49674030135592,17.820941622684458,-1,FALSE,FALSE
epu_canada,incerteza,1,22,-21.047849207989927,-42.204515987577395,1.5520636093376088,-62.69159700945077,17.095932100218345,-1,FALSE,FALSE
epu_canada,incerteza,1,23,-20.880277759619435,-42.355017297198536,1.1063630177120425,-62.369229494503976,16.003849370061225,-1,FALSE,FALSE
epu_canada,incerteza,1,24,-20.555903811735522,-42.659883136315415,0.9229334658144097,-62.90210320475527,14.906845930399985,-1,FALSE,FALSE
epu_canada,incerteza,1,25,-20.093146997135307,-42.111624739431704,0.7330441908941006,-62.815311262733715,13.89175677094695,-1,FALSE,FALSE
epu_canada,incerteza,1,26,-19.50742135065715,-41.898103899825834,1.4372559832687624,-60.21751967967204,14.497581734859095,-1,FALSE,FALSE
epu_canada,incerteza,1,27,-18.813294467413034,-41.15392814946901,1.6547496753018387,-59.66264553077706,14.756035280088073,-1,FALSE,FALSE
epu_canada,incerteza,1,28,-18.025983175195616,-40.934100519065126,1.9025401051810875,-61.549777083920176,14.486462400356066,-1,FALSE,FALSE
epu_canada,incerteza,1,29,-17.159142587822174,-39.973200622066265,2.184454041350046,-60.57331729322771,13.566912607492032,-1,FALSE,FALSE
epu_canada,incerteza,1,30,-16.225701337999677,-39.1152340883666,2.5997107855988126,-60.045958588652745,14.433494101030405,-1,FALSE,FALSE
epu_canada,incerteza,1,31,-15.238583645781652,-38.15550324644097,3.399763303287518,-59.22926139879661,14.615665460023102,-1,FALSE,FALSE
epu_canada,incerteza,1,32,-14.209835491802354,-36.484281540025925,4.375413874233082,-58.2743610881082,14.796040655084076,-1,FALSE,FALSE
epu_canada,incerteza,1,33,-13.150831214481498,-35.42110181712853,4.829833214654201,-57.7936052629969,15.153817286678573,-1,FALSE,FALSE
epu_canada,incerteza,1,34,-12.072532440984622,-34.621604530928394,4.832661097028792,-56.764216706274055,15.283426554849799,-1,FALSE,FALSE
epu_canada,incerteza,1,35,-10.98518134919199,-33.15344560957443,6.164855904177954,-56.15563539082668,15.756895764826172,-1,FALSE,FALSE
epu_canada,incerteza,1,36,-9.898309688905321,-32.1521596038556,7.0844320858805,-55.946833609696654,16.778844974022668,-1,FALSE,FALSE
epu_canada,incerteza,1,37,-8.82080655516148,-31.677854263180173,8.521440157662326,-55.0900427751459,18.097983733812708,-1,FALSE,FALSE
epu_canada,incerteza,1,38,-7.760821620103597,-31.399192340365715,9.158997444618134,-54.56491675968697,18.56065284441469,-1,FALSE,FALSE
epu_canada,incerteza,1,39,-6.7257461315783225,-30.013854742462044,9.969130467051297,-53.17199057011197,20.65940027015002,-1,FALSE,FALSE
epu_canada,incerteza,1,40,-5.722228810675415,-29.943696403043973,10.750558234308198,-51.2946083654936,21.996071498018082,-1,FALSE,FALSE
epu_canada,incerteza,1,41,-4.756157632241733,-28.725932173842523,10.964728674816923,-50.81900557698734,24.442375598467816,-1,FALSE,FALSE
epu_canada,incerteza,1,42,-3.8326592914112223,-27.346014644734936,11.79468468753111,-48.36543529808719,25.123475538139676,-1,FALSE,FALSE
epu_canada,incerteza,1,43,-2.956115155270576,-26.588714225861835,11.884134358548659,-45.79343953807808,26.305581453260647,-1,FALSE,FALSE
epu_canada,incerteza,1,44,-2.130176968330945,-25.63715155531217,12.048638794604145,-44.058028722086824,26.891928957649366,-1,FALSE,FALSE
epu_canada,incerteza,1,45,-1.3577877938026126,-25.494409802488736,12.824680699800112,-42.90845396540685,27.473133879459148,-1,FALSE,FALSE
epu_canada,incerteza,1,46,-0.6412100454258065,-24.234755857322657,13.723546666538404,-41.786462028667806,27.126301983802325,-1,FALSE,FALSE
epu_canada,incerteza,1,47,0.017941854193177693,-23.361299624475315,13.753029882338891,-41.152431860943665,26.8680940030254,1,FALSE,FALSE
epu_canada,incerteza,1,48,0.6186662756427667,-21.997772677054858,14.252927606303492,-39.79305275859797,26.323248428732978,1,FALSE,FALSE
epu_chile,incerteza,1,0,18.337541330610513,8.88453727762013,25.333825193161566,3.801829688946843,33.57476504144895,1,TRUE,TRUE
epu_chile,incerteza,1,1,19.428528656911457,9.623504557692762,28.971780266147203,3.8337608240411374,35.41362772946964,1,TRUE,TRUE
epu_chile,incerteza,1,2,19.71662916919944,9.178493696946266,29.701387422904386,3.454367862540419,37.09089866446027,1,TRUE,TRUE
epu_chile,incerteza,1,3,19.465120787713914,8.197526663748258,29.051283683133335,1.1301635681343376,36.80752540929963,1,TRUE,TRUE
epu_chile,incerteza,1,4,18.744564984038263,6.729099738967996,27.970928152346374,-0.16480600695464537,35.63305613614264,1,TRUE,FALSE
epu_chile,incerteza,1,5,16.491089954586666,4.408770812087538,25.68227509650609,-1.481842752472397,33.17089475969817,1,TRUE,FALSE
epu_chile,incerteza,1,6,15.476588665089933,3.7336135117750473,25.36782209205339,-1.8213882365542484,33.051998391404226,1,TRUE,FALSE
epu_chile,incerteza,1,7,14.022051135067256,3.1153529250165146,24.143555115192594,-3.5399345986304867,32.055240295621246,1,TRUE,FALSE
epu_chile,incerteza,1,8,11.87970242671545,1.6672834246667314,22.92462352107021,-5.3121096131347345,30.709443347955126,1,TRUE,FALSE
epu_chile,incerteza,1,9,10.182129186943946,0.9232690482909923,22.251752487151727,-6.107283819410252,29.521143827521808,1,TRUE,FALSE
epu_chile,incerteza,1,10,8.504148236276048,-0.4657906859767875,21.3775955828631,-6.909571160607655,28.98686491477159,1,FALSE,FALSE
epu_chile,incerteza,1,11,6.664072281834158,-1.6967053934558476,19.954605423169056,-8.203652087188036,28.021082563321663,1,FALSE,FALSE
epu_chile,incerteza,1,12,5.075273579163333,-2.795017360319347,18.616208209941963,-9.872743243559343,26.583591205656855,1,FALSE,FALSE
epu_chile,incerteza,1,13,3.602604334915641,-3.8031707082802546,17.167898514279184,-10.689837924786769,25.468175513778863,1,FALSE,FALSE
epu_chile,incerteza,1,14,2.143634207066561,-5.067503946287646,16.150220490167598,-11.97034366003712,24.884243897637354,1,FALSE,FALSE
epu_chile,incerteza,1,15,0.8182872084628592,-5.842254151838368,14.627930247020686,-13.005886121801305,23.795372756511256,1,FALSE,FALSE
epu_chile,incerteza,1,16,-0.40395742052015854,-6.826508848280651,13.266949939163506,-14.435958504779046,22.464270233604154,-1,FALSE,FALSE
epu_chile,incerteza,1,17,-1.562969666448372,-8.086562644053304,12.105997770702485,-15.501140175702036,21.006995853811674,-1,FALSE,FALSE
epu_chile,incerteza,1,18,-2.630425464447227,-9.141852540428317,10.874514511087531,-16.596872247292495,19.497121658956612,-1,FALSE,FALSE
epu_chile,incerteza,1,19,-3.6092061712569756,-10.135107218286418,9.68125385302476,-17.538828568811923,18.3314363188691,-1,FALSE,FALSE
epu_chile,incerteza,1,20,-4.511947984608594,-10.827701288598762,8.650074865713007,-18.143934079058926,17.099115050456383,-1,FALSE,FALSE
epu_chile,incerteza,1,21,-5.334443753695596,-11.191069890374145,7.17540326992651,-19.27076966144072,16.110963637456575,-1,FALSE,FALSE
epu_chile,incerteza,1,22,-6.075236875183811,-11.882890153866981,6.462344399705451,-19.94256177872275,15.161573249186896,-1,FALSE,FALSE
epu_chile,incerteza,1,23,-6.736879401896192,-12.631563096562328,5.528474082902623,-20.549090713663002,14.135387501748788,-1,FALSE,FALSE
epu_chile,incerteza,1,24,-7.3196836584640605,-13.341698957882592,4.8365459971799964,-21.306154334331204,13.01873873547173,-1,FALSE,FALSE
epu_chile,incerteza,1,25,-7.823133493586101,-13.984616648186586,4.1633575527467315,-21.76588277371429,11.977811415376156,-1,FALSE,FALSE
epu_chile,incerteza,1,26,-8.248079514618478,-14.538607636663716,3.7020635217119624,-21.972280661821358,10.85116751946462,-1,FALSE,FALSE
epu_chile,incerteza,1,27,-8.596259676815018,-14.939753333122718,3.3798223600518225,-22.394921441357308,9.866761985342324,-1,FALSE,FALSE
epu_chile,incerteza,1,28,-8.869172825542206,-15.02983455392144,3.1779392596084284,-22.67596070533591,9.233445941379301,-1,FALSE,FALSE
epu_chile,incerteza,1,29,-9.068876896522024,-15.257584916650986,3.081411065705868,-22.772392679049645,8.357735413085644,-1,FALSE,FALSE
epu_chile,incerteza,1,30,-9.198392003105349,-15.323159888139205,2.699510320934701,-22.42416354114629,7.862302052163861,-1,FALSE,FALSE
epu_chile,incerteza,1,31,-9.260934384158926,-15.056661653387687,2.5396185740810537,-22.80245347335002,7.327630785193084,-1,FALSE,FALSE
epu_chile,incerteza,1,32,-9.260028513697337,-14.884738834969717,2.315625374535215,-22.455557688277185,6.861761926508425,-1,FALSE,FALSE
epu_chile,incerteza,1,33,-9.199759574977858,-14.623501454493569,2.214825180728182,-22.189520576847528,6.526860490808849,-1,FALSE,FALSE
epu_chile,incerteza,1,34,-9.084431361845642,-14.452141973960877,2.2238153635461186,-21.9359452057794,6.511649732772346,-1,FALSE,FALSE
epu_chile,incerteza,1,35,-8.918495858876822,-14.474413154842056,2.3119486564139713,-21.733715053630092,6.3064610261210206,-1,FALSE,FALSE
epu_chile,incerteza,1,36,-8.706627205586006,-14.281767892093656,2.1419188223349326,-21.148198422582183,6.242153130759372,-1,FALSE,FALSE
epu_chile,incerteza,1,37,-8.453580167367027,-14.075055017194522,2.0405530626023407,-20.64809554389782,6.308192259543281,-1,FALSE,FALSE
epu_chile,incerteza,1,38,-8.164111519746692,-13.76545628954984,2.1514613345840057,-20.57216960556933,6.503731548917885,-1,FALSE,FALSE
epu_chile,incerteza,1,39,-7.84297679823205,-13.319127924241055,2.241771142379467,-20.198866682773,6.785480781933815,-1,FALSE,FALSE
epu_chile,incerteza,1,40,-7.494867463111168,-12.720052335021098,2.3142525072594236,-19.981778162930333,6.9125189067160555,-1,FALSE,FALSE
epu_chile,incerteza,1,41,-7.124358178098369,-12.348951881375331,2.5077231143969714,-19.80118545638369,7.345638285952246,-1,FALSE,FALSE
epu_chile,incerteza,1,42,-6.7358852997828205,-11.746128327356596,2.824250509997802,-19.534324046103617,7.545200064397009,-1,FALSE,FALSE
epu_chile,incerteza,1,43,-6.333715371250469,-11.374708571192725,3.107362365621241,-19.16060830008179,7.664540819348354,-1,FALSE,FALSE
epu_chile,incerteza,1,44,-5.921915067715465,-11.06109118546191,3.4134991225498035,-18.557927066088233,7.9915029279555,-1,FALSE,FALSE
epu_chile,incerteza,1,45,-5.5043330068009695,-10.541878105550964,3.6304796750388912,-18.259632399144845,8.733984788350357,-1,FALSE,FALSE
epu_chile,incerteza,1,46,-5.084583528931852,-10.053832817393687,3.792438473806411,-17.78737701828597,9.329060567015368,-1,FALSE,FALSE
epu_chile,incerteza,1,47,-4.666032007018047,-9.695222068570263,3.9568930325088107,-17.48233701709372,9.579356558289183,-1,FALSE,FALSE
epu_chile,incerteza,1,48,-4.251785087320114,-9.437620089431938,4.204833584139483,-17.250917830689737,9.92038668834756,-1,FALSE,FALSE
epu_china,incerteza,1,0,2.186299392676403,-9.479143269472889,9.583097945195185,-16.755060498793036,14.975893597372517,1,FALSE,FALSE
epu_china,incerteza,1,1,1.7900889735735552,-7.31540441209278,12.721157114420777,-13.980671025459872,19.42153489497077,1,FALSE,FALSE
epu_china,incerteza,1,2,7.480200358062388,-2.628819658231915,20.13033290119096,-9.518436483066132,27.187809410396532,1,FALSE,FALSE
epu_china,incerteza,1,3,1.511567490823782,-7.779205894371112,16.091685031066078,-15.67700373108227,23.90705429577554,1,FALSE,FALSE
epu_china,incerteza,1,4,0.6207854967367784,-8.459889286483598,14.864757445580507,-17.57341014567868,21.959983340183175,1,FALSE,FALSE
epu_china,incerteza,1,5,1.2347410825524718,-8.508986779584,15.428991367319336,-17.886832353273043,22.84514864818692,1,FALSE,FALSE
epu_china,incerteza,1,6,-0.30313995854671577,-11.091649462360595,13.96347376496577,-20.610065564398795,22.236491622218722,-1,FALSE,FALSE
epu_china,incerteza,1,7,-1.4210161988900776,-12.837471476076594,12.403255185624726,-22.871086352249623,21.012908473171244,-1,FALSE,FALSE
epu_china,incerteza,1,8,-1.8246929349079781,-13.091837274112562,12.1816662804927,-23.027440065028106,19.959227656622055,-1,FALSE,FALSE
epu_china,incerteza,1,9,-2.680764990061797,-14.423670823190706,11.149356537517631,-23.8009721979834,19.41496898236919,-1,FALSE,FALSE
epu_china,incerteza,1,10,-3.671635695566025,-15.429441344900079,9.752145316831665,-24.042887429616457,18.518671717571557,-1,FALSE,FALSE
epu_china,incerteza,1,11,-4.407399611566079,-16.038859826650715,8.853857018950137,-24.13027135661524,17.42489248761153,-1,FALSE,FALSE
epu_china,incerteza,1,12,-5.094767968652567,-16.837488380513488,8.209904422556402,-24.854836018790635,16.748072732990117,-1,FALSE,FALSE
epu_china,incerteza,1,13,-5.765866787939654,-17.28172394019768,7.351047076165285,-25.90819368849333,15.71921149500854,-1,FALSE,FALSE
epu_china,incerteza,1,14,-6.335819297441604,-17.215190932057897,6.7351019058568395,-26.182061239862083,15.458876617944902,-1,FALSE,FALSE
epu_china,incerteza,1,15,-6.785189164307302,-17.618662056219176,6.391207288872,-26.11349867774007,15.608670926533078,-1,FALSE,FALSE
epu_china,incerteza,1,16,-7.1606858588503215,-17.393243226137606,5.551508361002876,-26.230398990426,15.142920264546282,-1,FALSE,FALSE
epu_china,incerteza,1,17,-7.458590034539282,-17.70724188169949,4.8949647096174,-25.93364357134588,14.886235146814817,-1,FALSE,FALSE
epu_china,incerteza,1,18,-7.655229208255689,-17.710356254204548,4.555147532029556,-25.413622051230192,13.707099097886305,-1,FALSE,FALSE
epu_china,incerteza,1,19,-7.773206918664857,-17.66569934220564,4.299436998554779,-25.151183451601142,12.80760948755962,-1,FALSE,FALSE
epu_china,incerteza,1,20,-7.8218840283268,-17.399600312959148,4.273213131263327,-25.560684358564743,12.281476477720012,-1,FALSE,FALSE
epu_china,incerteza,1,21,-7.7956010931497115,-17.037991877363186,4.212907013274127,-25.278633626208595,12.119672861030054,-1,FALSE,FALSE
epu_china,incerteza,1,22,-7.705637357241318,-16.369068712654197,4.0257760648408745,-24.747445563816242,11.318198687802788,-1,FALSE,FALSE
epu_china,incerteza,1,23,-7.561311394283692,-16.177469143347214,4.218711789900859,-24.195989829796527,10.847984298810923,-1,FALSE,FALSE
epu_china,incerteza,1,24,-7.364612203634366,-15.823213031458296,4.377462164660619,-24.037574500571314,10.552844245781381,-1,FALSE,FALSE
epu_china,incerteza,1,25,-7.122711812277276,-15.32456538356082,4.198535654749165,-22.884513823907923,10.498247387032919,-1,FALSE,FALSE
epu_china,incerteza,1,26,-6.842905495916814,-14.747334816424486,4.292028448869845,-22.996011419796137,10.602607480848562,-1,FALSE,FALSE
epu_china,incerteza,1,27,-6.529459951962598,-14.18923001130665,4.504412622141077,-22.022604910486113,10.617088277575984,-1,FALSE,FALSE
epu_china,incerteza,1,28,-6.187843561120072,-13.402125188215852,4.697499097974856,-21.63267588399577,10.874265711949374,-1,FALSE,FALSE
epu_china,incerteza,1,29,-5.823732346725334,-12.734131641783295,5.080312321559741,-21.506911916784755,10.992803020902773,-1,FALSE,FALSE
epu_china,incerteza,1,30,-5.441641827280314,-11.888430143912478,5.081366278171678,-21.442395109342655,11.29375266685715,-1,FALSE,FALSE
epu_china,incerteza,1,31,-5.046075330529777,-11.335825010129712,5.3045848005854745,-20.441254018340587,11.219184730735122,-1,FALSE,FALSE
epu_china,incerteza,1,32,-4.641521726770763,-11.129564741106634,5.6990237616729145,-19.611418296541654,11.844850031568871,-1,FALSE,FALSE
epu_china,incerteza,1,33,-4.231974875408559,-10.310562466490333,6.127370348853143,-19.254294308031014,12.49291902832339,-1,FALSE,FALSE
epu_china,incerteza,1,34,-3.8211430634656067,-9.768519439942269,6.440371669846464,-18.81808080671446,13.25834468071218,-1,FALSE,FALSE
epu_china,incerteza,1,35,-3.412547202655277,-9.275761388971626,6.3833311488340065,-18.188657858400926,13.532105252489316,-1,FALSE,FALSE
epu_china,incerteza,1,36,-3.0093943862328603,-8.769760478684518,6.71391035161637,-16.796997232121136,13.191076396792614,-1,FALSE,FALSE
epu_china,incerteza,1,37,-2.6145771949556065,-8.34272641547842,6.806494328737071,-16.471558046017957,13.595366815697474,-1,FALSE,FALSE
epu_china,incerteza,1,38,-2.230722322534091,-7.864337424582473,6.9989123627898735,-15.545915337568152,13.542452954660055,-1,FALSE,FALSE
epu_china,incerteza,1,39,-1.8601744538969929,-7.572911767403989,7.122158778199684,-14.481502557448215,13.631955844876913,-1,FALSE,FALSE
epu_china,incerteza,1,40,-1.5049792744849455,-7.223482451491055,7.2724703971991,-13.943380983576532,14.326250265201818,-1,FALSE,FALSE
epu_china,incerteza,1,41,-1.166901968735768,-7.076693076534616,7.342083521692568,-13.176154065187417,14.97040935112775,-1,FALSE,FALSE
epu_china,incerteza,1,42,-0.84743700939819,-6.559269319936629,7.394201010263965,-12.948107929703767,15.367618840198503,-1,FALSE,FALSE
epu_china,incerteza,1,43,-0.5478059886424866,-6.0702602860103925,7.469670042500223,-12.364901753493546,14.968319405861951,-1,FALSE,FALSE
epu_china,incerteza,1,44,-0.2689694515197862,-5.791911494954019,7.6930873309153265,-12.112332721602096,15.381169561653845,-1,FALSE,FALSE
epu_china,incerteza,1,45,-0.011641785862932987,-5.775880804294074,8.13315600001002,-11.74271876063276,15.493471233166515,-1,FALSE,FALSE
epu_china,incerteza,1,46,0.22369967928148957,-5.438109695593501,8.340105821889772,-11.579438443808074,15.377964951514656,1,FALSE,FALSE
epu_china,incerteza,1,47,0.43680128375495153,-5.164144605936712,8.468526536596032,-11.09729422835249,15.51903128036162,1,FALSE,FALSE
epu_china,incerteza,1,48,0.6276166658034823,-4.940206597921468,8.680341324707609,-10.985085317185098,15.34092775748603,1,FALSE,FALSE
epu_germany,incerteza,1,0,26.170488660665857,7.363804893949283,40.33303829611937,-1.1442546267752807,56.37052191607985,1,TRUE,FALSE
epu_germany,incerteza,1,1,31.611212158337526,8.248732075804723,48.299301890550026,-3.310193494982788,61.95321191485155,1,TRUE,FALSE
epu_germany,incerteza,1,2,29.33053396220662,1.2451430835158839,49.39074118171539,-17.026857148869365,65.00775789932895,1,TRUE,FALSE
epu_germany,incerteza,1,3,29.95020273012348,0.614597787344024,46.71803510583139,-16.492263127157962,64.56416075728161,1,TRUE,FALSE
epu_germany,incerteza,1,4,28.881061834527088,-1.6912547317610094,47.76467811538246,-18.952007179191998,65.94287675443556,1,FALSE,FALSE
epu_germany,incerteza,1,5,24.025777819973275,-7.558849919040709,43.949157553524124,-25.73467479463912,63.60529895508833,1,FALSE,FALSE
epu_germany,incerteza,1,6,21.332190398649168,-8.643956394775245,43.66662774045153,-22.647922660227724,62.960633247907396,1,FALSE,FALSE
epu_germany,incerteza,1,7,18.80369444657112,-9.775120830338437,41.68917976588517,-22.639694975909215,61.93364227287211,1,FALSE,FALSE
epu_germany,incerteza,1,8,14.575624620865604,-11.460268997577096,39.00197063858444,-25.497445174233594,59.991856745155836,1,FALSE,FALSE
epu_germany,incerteza,1,9,11.154204672850915,-13.229820190272113,35.90276831851571,-27.489568448055515,58.19168776785555,1,FALSE,FALSE
epu_germany,incerteza,1,10,8.320732551717887,-14.177316743933972,34.1942710902011,-28.500089315387434,55.44512378723778,1,FALSE,FALSE
epu_germany,incerteza,1,11,5.119048565675622,-15.590402095073415,31.07847611199996,-29.952840475996823,52.757004963364736,1,FALSE,FALSE
epu_germany,incerteza,1,12,2.360687334829883,-17.808312416650445,28.326158063509148,-31.49281960225478,49.719324227463154,1,FALSE,FALSE
epu_germany,incerteza,1,13,0.011473882330895824,-18.851945071429476,25.3092287875805,-33.73830524129347,47.1275992717658,1,FALSE,FALSE
epu_germany,incerteza,1,14,-2.2495987065278475,-21.118557486390266,22.234771303108566,-36.32767128887126,43.52538377968087,-1,FALSE,FALSE
epu_germany,incerteza,1,15,-4.255552484018039,-22.525627740616486,19.246461397414578,-36.88742641391695,40.05816293689605,-1,FALSE,FALSE
epu_germany,incerteza,1,16,-5.996326853255741,-24.32290879214289,17.352916297968275,-38.37399691241538,37.46136453842074,-1,FALSE,FALSE
epu_germany,incerteza,1,17,-7.56938819766292,-25.2577806923182,15.115642058506483,-40.29926434706931,33.962506510241745,-1,FALSE,FALSE
epu_germany,incerteza,1,18,-8.958084807556201,-25.786630896625418,13.388936064443177,-41.28161597693723,31.022096998639896,-1,FALSE,FALSE
epu_germany,incerteza,1,19,-10.16040215828478,-26.66953158823361,11.711305370853216,-43.00745857180711,27.628779643643504,-1,FALSE,FALSE
epu_germany,incerteza,1,20,-11.205601616582506,-27.021681395377602,10.881702904404312,-44.405409673530905,26.0360627124358,-1,FALSE,FALSE
epu_germany,incerteza,1,21,-12.10131245977285,-27.8097096797592,9.424559082421542,-45.607558283551484,24.047183871689494,-1,FALSE,FALSE
epu_germany,incerteza,1,22,-12.850707650507829,-28.72185803347047,7.86348327857392,-46.92559292187122,22.192003594447915,-1,FALSE,FALSE
epu_germany,incerteza,1,23,-13.462431452196963,-29.076519495669462,7.13341102720883,-46.336640075415346,20.569359189556742,-1,FALSE,FALSE
epu_germany,incerteza,1,24,-13.944464569370647,-30.71005106677556,5.9690475467605655,-47.785380535045675,19.39498899440373,-1,FALSE,FALSE
epu_germany,incerteza,1,25,-14.301574718422424,-30.838625645311726,5.066941640740918,-47.90345228516967,18.421052662192405,-1,FALSE,FALSE
epu_germany,incerteza,1,26,-14.53868408630354,-30.642766972005372,4.776488459971512,-47.77556370846821,17.886379762549698,-1,FALSE,FALSE
epu_germany,incerteza,1,27,-14.662911959935458,-31.02607551257836,4.620066245553106,-48.68868005333389,18.01200836018139,-1,FALSE,FALSE
epu_germany,incerteza,1,28,-14.680562303872113,-31.27862786712693,4.382981021462299,-48.68908706586839,17.216076494912727,-1,FALSE,FALSE
epu_germany,incerteza,1,29,-14.59759810985154,-31.998576316797415,4.202114637699013,-50.177631207469474,16.65761763067336,-1,FALSE,FALSE
epu_germany,incerteza,1,30,-14.421450873964007,-32.17490253851967,3.903334265174105,-49.925433905529495,15.88649209910694,-1,FALSE,FALSE
epu_germany,incerteza,1,31,-14.159664262297515,-31.724452561487293,4.4447816003645935,-49.63985083899613,15.273285551840267,-1,FALSE,FALSE
epu_germany,incerteza,1,32,-13.81959007716738,-32.0606428847223,3.9941204542906457,-50.24110419140601,14.953300116472507,-1,FALSE,FALSE
epu_germany,incerteza,1,33,-13.409180756080666,-31.86131997292377,3.8781940150335137,-49.823332087846246,15.331369337692076,-1,FALSE,FALSE
epu_germany,incerteza,1,34,-12.936520242085788,-31.95824951134663,4.079418885918985,-49.18567974031959,14.80993462879277,-1,FALSE,FALSE
epu_germany,incerteza,1,35,-12.409517014681299,-31.581541378314256,4.061602819307872,-49.433190186880466,14.32000228371599,-1,FALSE,FALSE
epu_germany,incerteza,1,36,-11.83612796798818,-30.991316547272653,4.410897726089885,-48.76223017699194,14.004844668627552,-1,FALSE,FALSE
epu_germany,incerteza,1,37,-11.224206805345283,-30.13472420529971,4.747400509799636,-48.195347451902975,14.519393148279478,-1,FALSE,FALSE
epu_germany,incerteza,1,38,-10.581329653413043,-29.276251321890435,5.240270120862933,-47.850315697259724,14.733492694873638,-1,FALSE,FALSE
epu_germany,incerteza,1,39,-9.914818482211288,-28.60611352998311,5.115462594123207,-46.529436843524714,14.973286631635236,-1,FALSE,FALSE
epu_germany,incerteza,1,40,-9.231687104818777,-27.295468503661414,5.567882779103223,-45.97623968670982,14.70067204060558,-1,FALSE,FALSE
epu_germany,incerteza,1,41,-8.538561895107328,-26.40926955203367,6.072255859201639,-46.47905141961869,15.422164470882661,-1,FALSE,FALSE
epu_germany,incerteza,1,42,-7.84166444152249,-25.504034548416023,6.094202943775313,-46.134343669373166,15.538470999696981,-1,FALSE,FALSE
epu_germany,incerteza,1,43,-7.146790829070743,-24.526663911767272,6.561118670351815,-45.839722518990186,14.959395986748001,-1,FALSE,FALSE
epu_germany,incerteza,1,44,-6.459282770443915,-23.8182790248191,6.454751435639531,-44.99958985552309,15.353287972636593,-1,FALSE,FALSE
epu_germany,incerteza,1,45,-5.7840163364932655,-22.316148355087282,7.350302250633961,-44.32725697175009,14.995976547272589,-1,FALSE,FALSE
epu_germany,incerteza,1,46,-5.125398152959008,-21.645405334302975,7.54405946238324,-43.48684962278378,15.187794586917557,-1,FALSE,FALSE
epu_germany,incerteza,1,47,-4.487361944147016,-20.77454115274846,7.694859131658869,-41.79526582513954,15.440581629248532,-1,FALSE,FALSE
epu_germany,incerteza,1,48,-3.8733705203214552,-20.01361734286102,8.106913216278024,-39.744133963851375,15.627217763491462,-1,FALSE,FALSE
epu_india,incerteza,1,0,4.3593774349409795,-0.05318205496030359,7.519437636323101,-2.0926412193859942,10.588957820185575,1,FALSE,FALSE
epu_india,incerteza,1,1,3.6616591772012135,-0.33680162810796543,8.334425465685653,-3.430891022746561,12.179132959955881,1,FALSE,FALSE
epu_india,incerteza,1,2,2.9726325400352147,-1.4200751295047216,7.674213675612967,-4.540745785525875,11.435923176179427,1,FALSE,FALSE
epu_india,incerteza,1,3,2.1406444696081395,-2.6460167735938667,7.031572248453322,-6.035765690694339,10.652065355440792,1,FALSE,FALSE
epu_india,incerteza,1,4,1.4719053402339308,-3.90006384796512,6.249235440616092,-7.576684364458291,10.192553003565584,1,FALSE,FALSE
epu_india,incerteza,1,5,0.3657758770999705,-5.31889992679845,4.994373723026453,-8.81425939977761,8.177736939464138,1,FALSE,FALSE
epu_india,incerteza,1,6,-0.20046865156201651,-6.335071606677779,4.245433376260786,-9.724185175953119,7.560407274089145,-1,FALSE,FALSE
epu_india,incerteza,1,7,-0.8056869386608776,-7.254518102947544,3.590942478152091,-10.478753322855626,7.176154165609448,-1,FALSE,FALSE
epu_india,incerteza,1,8,-1.539785067242296,-7.832402232918475,2.946191793078688,-11.339161375051415,6.11958085408646,-1,FALSE,FALSE
epu_india,incerteza,1,9,-2.0321262444242314,-8.372502735602906,2.36247630079851,-11.867411296177659,5.71876854229773,-1,FALSE,FALSE
epu_india,incerteza,1,10,-2.468086134982977,-8.75494182111036,1.7310595551312518,-12.593315847979156,5.302624360287415,-1,FALSE,FALSE
epu_india,incerteza,1,11,-2.890251967706508,-9.151305662266623,1.3499445289556617,-12.958270332933463,4.754820929641618,-1,FALSE,FALSE
epu_india,incerteza,1,12,-3.162658078253118,-9.54202562686755,0.9723929307263394,-13.301373987960947,4.347592845863268,-1,FALSE,FALSE
epu_india,incerteza,1,13,-3.355266110583763,-9.676498075299756,0.7456512397333476,-13.510260771988083,3.914973581169594,-1,FALSE,FALSE
epu_india,incerteza,1,14,-3.5048841494262515,-9.65817462084412,0.4930303489909682,-13.537825404090627,3.336829358554141,-1,FALSE,FALSE
epu_india,incerteza,1,15,-3.570170087791349,-9.796632394477934,0.3590356369133125,-13.6267254615383,2.986091413444829,-1,FALSE,FALSE
epu_india,incerteza,1,16,-3.575180376409471,-9.767735982574298,0.251033896578314,-13.71799360671904,2.8735996417106606,-1,FALSE,FALSE
epu_india,incerteza,1,17,-3.5404268711538243,-9.574387560473482,0.24712594745837316,-13.802111483440086,2.64543492476291,-1,FALSE,FALSE
epu_india,incerteza,1,18,-3.4587733113282444,-9.446325594186755,0.2783491793266164,-13.707871792493702,2.508995546084171,-1,FALSE,FALSE
epu_india,incerteza,1,19,-3.338457633844547,-9.222891624963255,0.2629289527785912,-13.417648980348163,2.511479331695048,-1,FALSE,FALSE
epu_india,incerteza,1,20,-3.189791055910411,-9.021164551803013,0.25333900889030886,-13.030152799827368,2.7895811433090247,-1,FALSE,FALSE
epu_india,incerteza,1,21,-3.0152886917706794,-8.907333972641421,0.3416688542382949,-12.761286703207967,2.816758669265031,-1,FALSE,FALSE
epu_india,incerteza,1,22,-2.819081763454729,-8.666109302819374,0.4841946741594598,-12.551844560192015,2.905901041505371,-1,FALSE,FALSE
epu_india,incerteza,1,23,-2.6064086880438957,-8.333162473532695,0.5640354358749737,-12.350806908156343,2.8342699255674795,-1,FALSE,FALSE
epu_india,incerteza,1,24,-2.3808520939683953,-8.061482670794476,0.6401909979814612,-12.143845917237789,2.9299942039151423,-1,FALSE,FALSE
epu_india,incerteza,1,25,-2.1454238829140295,-7.846577521805451,0.7313763707729758,-11.823220916029543,3.3142099947016557,-1,FALSE,FALSE
epu_india,incerteza,1,26,-1.9032831360193732,-7.401667273736695,1.0015528605554487,-11.596894759634324,3.4442226039792554,-1,FALSE,FALSE
epu_india,incerteza,1,27,-1.657380559704021,-7.039464110568886,1.069545433031015,-11.090026035701932,3.6588111423468015,-1,FALSE,FALSE
epu_india,incerteza,1,28,-1.4101774475314008,-6.627014807437189,1.3257834468947545,-10.559307270149473,4.067121403283597,-1,FALSE,FALSE
epu_india,incerteza,1,29,-1.1639697170949692,-6.324427513683756,1.5304010695425925,-10.099593184433285,4.297169199549469,-1,FALSE,FALSE
epu_india,incerteza,1,30,-0.9209983131544732,-6.0126033351673485,1.8372569505545793,-9.757489194244494,4.524095165070435,-1,FALSE,FALSE
epu_india,incerteza,1,31,-0.6832062341596303,-5.675166341150446,2.0361189518384517,-9.504841936962869,4.69309709429191,-1,FALSE,FALSE
epu_india,incerteza,1,32,-0.45232131019292626,-5.507645422072509,2.1252083248765765,-9.182758102716834,4.8857478289099125,-1,FALSE,FALSE
epu_india,incerteza,1,33,-0.22995708609762258,-5.154966457795233,2.2446708927644408,-8.80838556694,5.208917756999827,-1,FALSE,FALSE
epu_india,incerteza,1,34,-0.017510133617850632,-4.792994657898121,2.485468520059955,-8.427181988840626,5.342462466903481,-1,FALSE,FALSE
epu_india,incerteza,1,35,0.18382971149171376,-4.671971812661862,2.678721300980458,-8.02977810266205,5.515874119642211,1,FALSE,FALSE
epu_india,incerteza,1,36,0.37302937831045996,-4.432620046301319,2.847604219393096,-7.659824244030159,5.539431942701347,1,FALSE,FALSE
epu_india,incerteza,1,37,0.5492424175856853,-4.225780503752642,3.0171635323509975,-7.561128794204011,5.703203117888026,1,FALSE,FALSE
epu_india,incerteza,1,38,0.7118084908092729,-4.004709005333453,3.192449664156637,-7.399840906451319,5.72908054807703,1,FALSE,FALSE
epu_india,incerteza,1,39,0.8602292235758623,-3.758191922371213,3.203862400959528,-7.341441445465049,5.907144317572515,1,FALSE,FALSE
epu_india,incerteza,1,40,0.9941690111162825,-3.649420093008129,3.2949140972429434,-7.227139915261997,6.241071320648712,1,FALSE,FALSE
epu_india,incerteza,1,41,1.1134499914655378,-3.5578629212879034,3.4106814638636154,-6.872563761372466,6.4083817283878926,1,FALSE,FALSE
epu_india,incerteza,1,42,1.218036823273772,-3.334388713417015,3.5821044586639137,-6.6505389116575495,6.409229402864361,1,FALSE,FALSE
epu_india,incerteza,1,43,1.3080275261539285,-3.077698426965703,3.6065067973957463,-6.483950877858666,6.5021484783610735,1,FALSE,FALSE
epu_india,incerteza,1,44,1.3836441324951663,-2.910246287902951,3.545536291441689,-6.183428508295992,6.741161688105185,1,FALSE,FALSE
epu_india,incerteza,1,45,1.4452199575099087,-2.7098207220681476,3.523792506853778,-5.946578681193748,6.9520675691186495,1,FALSE,FALSE
epu_india,incerteza,1,46,1.4931878878807836,-2.650276780677635,3.464336187288519,-5.69672399129435,6.812764812151156,1,FALSE,FALSE
epu_india,incerteza,1,47,1.5280692906380855,-2.5133313951533176,3.552874187098175,-5.742485799360006,6.724655830159922,1,FALSE,FALSE
epu_india,incerteza,1,48,1.5504622921932998,-2.2478567047171825,3.5863306104485386,-5.4080458912714136,6.513226419992536,1,FALSE,FALSE
epu_russia,incerteza,1,0,4.468986039081535,-14.828629028119309,30.654444016924252,-26.728396471482508,47.837410669630046,1,FALSE,FALSE
epu_russia,incerteza,1,1,-6.827393416902177,-27.779215158512002,20.348046808967602,-42.65528192481275,37.473711383569885,-1,FALSE,FALSE
epu_russia,incerteza,1,2,-23.79757828022074,-49.51148664663845,6.321805550524702,-66.75689780228393,24.21720745905461,-1,FALSE,FALSE
epu_russia,incerteza,1,3,-11.14818998437867,-43.740969599727045,12.655614395555666,-60.77942296925572,31.290047534658914,-1,FALSE,FALSE
epu_russia,incerteza,1,4,-11.462790730295119,-48.70081647572235,12.437603364523643,-66.47084494394977,31.912522382761153,-1,FALSE,FALSE
epu_russia,incerteza,1,5,-14.782081168186004,-57.83546924498404,11.000021958232757,-78.35085888239853,30.47666972583244,-1,FALSE,FALSE
epu_russia,incerteza,1,6,-9.2655210158473,-53.844904135988294,16.421326450553714,-79.39297980726779,36.00848497449239,-1,FALSE,FALSE
epu_russia,incerteza,1,7,-6.562601417549135,-52.96073723349386,19.561809384429264,-80.97827536937471,39.76598356446295,-1,FALSE,FALSE
epu_russia,incerteza,1,8,-5.110975645695957,-53.96280273639242,21.923816359401272,-84.05999034861314,41.331197380594375,-1,FALSE,FALSE
epu_russia,incerteza,1,9,-1.2789484452401507,-53.67733588769427,25.39444080213226,-81.74782619317773,44.102044774004675,-1,FALSE,FALSE
epu_russia,incerteza,1,10,2.238818460763747,-53.45073206986748,27.939430103645794,-81.47723806048981,46.16369347524648,1,FALSE,FALSE
epu_russia,incerteza,1,11,5.2549839433030305,-51.130776913723714,30.436532254781948,-81.72391437080334,48.95270937731967,1,FALSE,FALSE
epu_russia,incerteza,1,12,8.62870769631165,-49.43275266106785,32.309755338919764,-79.4038214353629,50.82898994740645,1,FALSE,FALSE
epu_russia,incerteza,1,13,11.799355635319863,-47.63460838925578,33.44617380171928,-78.11072679806418,51.70280719493861,1,FALSE,FALSE
epu_russia,incerteza,1,14,14.626319530988754,-45.116842379453175,34.95519178905108,-77.02088541680097,52.012691893828936,1,FALSE,FALSE
epu_russia,incerteza,1,15,17.248768044855485,-42.54771002502201,35.383413551814904,-74.61847354695568,53.89304647401998,1,FALSE,FALSE
epu_russia,incerteza,1,16,19.593067397705774,-39.730860444890574,35.15297626912103,-72.23328924502033,54.36226665178762,1,FALSE,FALSE
epu_russia,incerteza,1,17,21.622726133299786,-36.155311574087065,35.463273577645765,-69.6500831748096,54.319008164496196,1,FALSE,FALSE
epu_russia,incerteza,1,18,23.34380880365878,-34.55213020694006,36.121510869223194,-66.06657570782593,55.945520202067286,1,FALSE,FALSE
epu_russia,incerteza,1,19,24.778629092620548,-33.05664276965645,36.57254034499637,-63.996536271939064,57.69883282829631,1,FALSE,FALSE
epu_russia,incerteza,1,20,25.931554118678662,-29.8496197165378,36.90407561535168,-62.25596408225486,58.59837652371194,1,FALSE,FALSE
epu_russia,incerteza,1,21,26.802950322960164,-27.291224662551635,37.07274459405519,-60.093648414820585,57.68671472293012,1,FALSE,FALSE
epu_russia,incerteza,1,22,27.42212649427388,-25.411881339044513,36.979891317284206,-57.916934141392716,57.64796279587548,1,FALSE,FALSE
epu_russia,incerteza,1,23,27.806701846142925,-23.82425127143744,36.26662955351758,-55.64621779266596,56.99057137729502,1,FALSE,FALSE
epu_russia,incerteza,1,24,27.96457349487236,-21.824482665308548,35.91079645969499,-53.376161321676435,56.154687279105815,1,FALSE,FALSE
epu_russia,incerteza,1,25,27.91841895332022,-20.478772821324128,34.976389866613104,-50.562840588723255,56.49600114196143,1,FALSE,FALSE
epu_russia,incerteza,1,26,27.687256766342603,-19.61369461086475,34.51427702603036,-48.00055228006558,55.73132902301825,1,FALSE,FALSE
epu_russia,incerteza,1,27,27.2837018190103,-19.179029272371285,33.61373674311403,-46.34288294862668,55.62270058669104,1,FALSE,FALSE
epu_russia,incerteza,1,28,26.725629356831,-18.675326495518412,33.18731988792804,-45.002166281352665,55.04902065896539,1,FALSE,FALSE
epu_russia,incerteza,1,29,26.030304412214374,-17.694791363647354,32.97528026053375,-42.586249546375164,54.437172643969056,1,FALSE,FALSE
epu_russia,incerteza,1,30,25.212008556979292,-16.684160579481087,32.4436427972,-40.537453576295874,53.233612621713085,1,FALSE,FALSE
epu_russia,incerteza,1,31,24.286229223814317,-16.47247545047236,31.935673526280826,-39.85647803176246,52.30505640889696,1,FALSE,FALSE
epu_russia,incerteza,1,32,23.268340093959665,-15.985457982873928,31.734500309173875,-39.279782301147556,52.220114716283895,1,FALSE,FALSE
epu_russia,incerteza,1,33,22.172422418246043,-15.75847898298011,30.830105981535393,-38.74647205285756,49.9172748193252,1,FALSE,FALSE
epu_russia,incerteza,1,34,21.012406731177027,-15.30534725778459,30.102373131038068,-38.154957460298895,47.56798849360317,1,FALSE,FALSE
epu_russia,incerteza,1,35,19.80189264907565,-16.215844631815287,29.052271878610565,-36.87301647057343,46.1457142542454,1,FALSE,FALSE
epu_russia,incerteza,1,36,18.553694958871866,-16.8053312583841,28.71616642107831,-35.734965712990785,45.29354128652041,1,FALSE,FALSE
epu_russia,incerteza,1,37,17.28003896914404,-17.21774503364577,27.783405966368722,-34.622401446579794,44.03418392543573,1,FALSE,FALSE
epu_russia,incerteza,1,38,15.992551514830557,-16.87573338131103,26.443867496973777,-35.29209820860479,43.15377565087444,1,FALSE,FALSE
epu_russia,incerteza,1,39,14.702109258512298,-17.280640435507816,24.764957834908643,-34.84733041160291,41.51917273652053,1,FALSE,FALSE
epu_russia,incerteza,1,40,13.418824288726228,-17.74280636556152,24.030633347059478,-36.46646533978311,40.06170840914917,1,FALSE,FALSE
epu_russia,incerteza,1,41,12.15204157155347,-18.156292740235383,23.27499654418522,-36.53490800759036,39.6282478856692,1,FALSE,FALSE
epu_russia,incerteza,1,42,10.910296918142102,-18.820881323944874,22.82222684474962,-36.0580257643545,38.71906739532516,1,FALSE,FALSE
epu_russia,incerteza,1,43,9.701292557559146,-19.24634151736442,21.90613503580435,-35.612751024482186,37.44412210265569,1,FALSE,FALSE
epu_russia,incerteza,1,44,8.5319005805789,-19.174047190221422,20.885805013130277,-35.567341307776765,36.590336736655125,1,FALSE,FALSE
epu_russia,incerteza,1,45,7.408164832309584,-18.79853298861206,19.688532773668918,-36.267643745811306,35.87802290196435,1,FALSE,FALSE
epu_russia,incerteza,1,46,6.335302556559955,-18.727290559530683,17.959102318540545,-37.96563100216478,35.334435061003354,1,FALSE,FALSE
epu_russia,incerteza,1,47,5.317722508327586,-19.918423380356074,16.916757942756668,-39.57065155971271,34.53930320410892,1,FALSE,FALSE
epu_russia,incerteza,1,48,4.359049477327657,-20.100271479713793,16.242426857046013,-39.66949873991153,32.558708503120215,1,FALSE,FALSE
epu_us,incerteza,1,0,10.141304611200827,-0.3945161358776824,19.081295185013914,-6.262022277016043,28.502264032769457,1,FALSE,FALSE
epu_us,incerteza,1,1,8.998092380688679,-3.0797568854630497,21.58310616631562,-9.183146746091348,30.962215031816275,1,FALSE,FALSE
epu_us,incerteza,1,2,6.119270907907313,-9.67641936796549,22.287570798291874,-18.424165729087807,32.16713473814386,1,FALSE,FALSE
epu_us,incerteza,1,3,4.146332805096016,-12.230742210572897,19.21145596515429,-21.40933619875028,28.594148808839222,1,FALSE,FALSE
epu_us,incerteza,1,4,2.325661161540395,-15.264468186375717,17.13147133121439,-26.138951633820852,27.81702779664631,1,FALSE,FALSE
epu_us,incerteza,1,5,-1.0214664942955463,-20.641062444833747,15.7398872336415,-32.68310948798009,27.097574437440688,-1,FALSE,FALSE
epu_us,incerteza,1,6,-2.542043941857727,-22.32860694904976,13.889213273763929,-34.68148323788993,24.76851472223653,-1,FALSE,FALSE
epu_us,incerteza,1,7,-3.9039490857072434,-23.687662785387985,11.287845861404541,-37.89837596575837,23.36490938712207,-1,FALSE,FALSE
epu_us,incerteza,1,8,-5.83630063246996,-26.85234291543896,10.291912177142411,-40.49535402456249,22.5445571962097,-1,FALSE,FALSE
epu_us,incerteza,1,9,-6.96152139324606,-28.146465206424168,8.909168763697775,-42.468194722708084,20.626026175594838,-1,FALSE,FALSE
epu_us,incerteza,1,10,-7.740080233088618,-29.371143448859193,7.58630272523914,-44.00689655241406,19.497235381304755,-1,FALSE,FALSE
epu_us,incerteza,1,11,-8.574777762726457,-29.829454153959894,6.24115103540405,-45.991241682064725,16.95795324566639,-1,FALSE,FALSE
epu_us,incerteza,1,12,-8.980752759548658,-30.44683331348145,5.502821119110518,-46.43746801570996,15.86073064345402,-1,FALSE,FALSE
epu_us,incerteza,1,13,-9.122594090532388,-30.73959023660032,3.843652473962164,-47.23554889454846,14.030250213112913,-1,FALSE,FALSE
epu_us,incerteza,1,14,-9.182902021382052,-30.663375631855605,3.2191544175493654,-46.26887484389157,13.597110376243505,-1,FALSE,FALSE
epu_us,incerteza,1,15,-9.037189035216866,-30.306755373666448,2.4596981396519872,-45.88439221510531,12.00924249093793,-1,FALSE,FALSE
epu_us,incerteza,1,16,-8.736510012348704,-29.768181062425416,1.9751683479040596,-44.82398849380255,10.362809602805847,-1,FALSE,FALSE
epu_us,incerteza,1,17,-8.354805327503216,-29.16788996867592,1.2231139099793562,-43.99243185064756,9.582589394346503,-1,FALSE,FALSE
epu_us,incerteza,1,18,-7.8749805586311155,-28.40737508165331,0.5141451973262159,-43.410251785230464,9.278740076495705,-1,FALSE,FALSE
epu_us,incerteza,1,19,-7.3150297913643545,-27.785462611656172,0.516677747653765,-42.44372749287733,9.009481623348849,-1,FALSE,FALSE
epu_us,incerteza,1,20,-6.705292790302917,-26.903290082280275,0.5182080885221849,-41.49101504103626,8.441380560582386,-1,FALSE,FALSE
epu_us,incerteza,1,21,-6.053175491718538,-26.3570469869273,0.32527606593027136,-40.31289403120748,8.777614876088824,-1,FALSE,FALSE
epu_us,incerteza,1,22,-5.368469578589794,-25.22901041892752,0.31411700811713006,-38.976780208475006,9.367707486311696,-1,FALSE,FALSE
epu_us,incerteza,1,23,-4.664366145818488,-24.2241430745642,0.2658735920370283,-38.378805089976254,9.125845985982957,-1,FALSE,FALSE
epu_us,incerteza,1,24,-3.9499436158527037,-23.33889937847651,0.6501770299980516,-36.948362800961434,10.153101743735013,-1,FALSE,FALSE
epu_us,incerteza,1,25,-3.2322808443725926,-22.266350258599275,1.3767987858652035,-35.176874552474224,10.570016138312113,-1,FALSE,FALSE
epu_us,incerteza,1,26,-2.5185211642336363,-21.310476835343003,1.2939454948003088,-33.801049856638194,10.780344413928631,-1,FALSE,FALSE
epu_us,incerteza,1,27,-1.8155911812092536,-20.971887056111825,1.7015830501907583,-33.64467823503982,11.529488973900346,-1,FALSE,FALSE
epu_us,incerteza,1,28,-1.129000153014625,-20.126696646204586,2.4072437106276507,-32.52096955111103,13.233367407748279,-1,FALSE,FALSE
epu_us,incerteza,1,29,-0.46356286227216653,-19.090430398889385,3.1865365170219735,-30.499289675140115,14.581450774525878,-1,FALSE,FALSE
epu_us,incerteza,1,30,0.17591404000781696,-18.709585026864694,3.851563246050395,-29.757814801373133,14.757908459161019,1,FALSE,FALSE
epu_us,incerteza,1,31,0.7854332173490955,-17.98093003200403,4.970033310159526,-29.565546233048437,14.741172535644806,1,FALSE,FALSE
epu_us,incerteza,1,32,1.36170792253857,-16.931652327505464,5.733409895324443,-29.04520246205293,16.2671996723955,1,FALSE,FALSE
epu_us,incerteza,1,33,1.9017216585235834,-16.363330187970806,6.394778782452716,-27.95867528597386,16.522801034229797,1,FALSE,FALSE
epu_us,incerteza,1,34,2.4030273539302134,-15.596596997201202,6.666439565094328,-26.542020864448176,17.215739186713062,1,FALSE,FALSE
epu_us,incerteza,1,35,2.863779026013346,-14.65082616851275,7.2058908116899065,-25.78616720576558,17.727317474010366,1,FALSE,FALSE
epu_us,incerteza,1,36,3.2825353243714233,-13.986994439442826,7.958271629761808,-25.22302942205178,18.129086723449152,1,FALSE,FALSE
epu_us,incerteza,1,37,3.6583283512065687,-13.585341868498267,8.223928949622938,-24.478454011715424,19.023406753483105,1,FALSE,FALSE
epu_us,incerteza,1,38,3.990678937399884,-13.074165024988233,8.515675925119396,-23.213619183244607,19.226950946193067,1,FALSE,FALSE
epu_us,incerteza,1,39,4.279510195411197,-12.863693153784622,8.915741798620402,-22.550710492167674,19.61274503112208,1,FALSE,FALSE
epu_us,incerteza,1,40,4.525136311414181,-12.529367755573114,9.30235573679573,-22.06505927841374,19.695020531177082,1,FALSE,FALSE
epu_us,incerteza,1,41,4.728248829010756,-12.097520204789197,9.477465911436926,-22.07080697448165,20.29337404934295,1,FALSE,FALSE
epu_us,incerteza,1,42,4.889867267581935,-11.407575667081902,9.345587818360203,-21.358506507004147,20.63756817648357,1,FALSE,FALSE
epu_us,incerteza,1,43,5.011306216933523,-11.071948939006,9.532290118848204,-20.42954263370882,21.05466486062666,1,FALSE,FALSE
epu_us,incerteza,1,44,5.094146822791189,-10.689867092985873,9.795197632039127,-20.764605340558553,20.683165754267634,1,FALSE,FALSE
epu_us,incerteza,1,45,5.140198926588218,-10.400401730807832,9.738657550665689,-20.660156390775665,19.5143095389126,1,FALSE,FALSE
epu_us,incerteza,1,46,5.151465927347024,-10.044449393537665,9.729510356593364,-20.444074164079915,19.30031713690685,1,FALSE,FALSE
epu_us,incerteza,1,47,5.130113093275352,-9.606843501613364,9.82738238761552,-19.611967591145298,19.34582574151367,1,FALSE,FALSE
epu_us,incerteza,1,48,5.078435222570634,-9.345867467257902,9.691174013084037,-19.19880035730146,18.41794023529113,1,FALSE,FALSE
fiscal_dbgg,fiscal,1,0,-0.13378308032013514,-0.23990755966592867,0.07765509623170441,-0.33958905897772423,0.1635374897065898,-1,FALSE,FALSE
fiscal_dbgg,fiscal,1,1,-0.15737651045318152,-0.2820664268870336,0.060961172403066255,-0.3850541126449933,0.15530940131602033,-1,FALSE,FALSE
fiscal_dbgg,fiscal,1,2,-0.3944878385669144,-0.5026888630773253,-0.09229195841765746,-0.624570799438649,0.024508789389898474,-1,TRUE,FALSE
fiscal_dbgg,fiscal,1,3,-0.41365032701414,-0.5288375669594305,-0.06649499097064662,-0.6992078288331063,0.08661954452940822,-1,TRUE,FALSE
fiscal_dbgg,fiscal,1,4,-0.47028435338196484,-0.5930811093985274,-0.06850318169644998,-0.7729995412227019,0.10693030685333406,-1,TRUE,FALSE
fiscal_dbgg,fiscal,1,5,-0.5873360078855953,-0.724601338452402,-0.1294476630998727,-0.922225841744586,0.04851039083437317,-1,TRUE,FALSE
fiscal_dbgg,fiscal,1,6,-0.6521595977865796,-0.8211312134422282,-0.167747624032814,-1.0560909174323532,0.02237869827361228,-1,TRUE,FALSE
fiscal_dbgg,fiscal,1,7,-0.6870668449064843,-0.8791991396277883,-0.1967099174647879,-1.147327761481094,0.023309013473953064,-1,TRUE,FALSE
fiscal_dbgg,fiscal,1,8,-0.7385525559916661,-0.9634770160993211,-0.24645449582770834,-1.218795084007871,0.012549108207226519,-1,TRUE,FALSE
fiscal_dbgg,fiscal,1,9,-0.7671783970177524,-1.0390716537364408,-0.26317775945009436,-1.321456958531867,-0.02572439794803074,-1,TRUE,TRUE
fiscal_dbgg,fiscal,1,10,-0.7723477655150434,-1.0805317447204825,-0.2820142708158177,-1.3736098555693503,-0.025402450548612555,-1,TRUE,TRUE
fiscal_dbgg,fiscal,1,11,-0.7740945342168501,-1.118449314788516,-0.2901968865315894,-1.4333771118193124,-0.046870315094125835,-1,TRUE,TRUE
fiscal_dbgg,fiscal,1,12,-0.763238780672056,-1.1473752915424855,-0.2832649182451146,-1.4722164208352262,-0.05054636391153216,-1,TRUE,TRUE
fiscal_dbgg,fiscal,1,13,-0.7388452500713895,-1.156472663977165,-0.26256683665375724,-1.4831197497694109,-0.04696175383373512,-1,TRUE,TRUE
fiscal_dbgg,fiscal,1,14,-0.7069060158041126,-1.1570580169213072,-0.2695461153819715,-1.4739990849082747,-0.034258937160986144,-1,TRUE,TRUE
fiscal_dbgg,fiscal,1,15,-0.6671725050724534,-1.1493705846616629,-0.2517307296448908,-1.4828549312672397,-0.02496991411482965,-1,TRUE,TRUE
fiscal_dbgg,fiscal,1,16,-0.6197741018136093,-1.1158002479742173,-0.22711184148348154,-1.488124571115676,-0.007076316317370537,-1,TRUE,TRUE
fiscal_dbgg,fiscal,1,17,-0.5669782455020757,-1.0717340234940849,-0.19873821708781383,-1.4710676374791012,0.015167261754742407,-1,TRUE,FALSE
fiscal_dbgg,fiscal,1,18,-0.5099559641524276,-1.0396779269413856,-0.1720436023439408,-1.4576587083373527,0.03134692848703819,-1,TRUE,FALSE
fiscal_dbgg,fiscal,1,19,-0.44940453161848676,-1.0035630984559711,-0.13144920222627132,-1.4439633334777127,0.06784378290475754,-1,TRUE,FALSE
fiscal_dbgg,fiscal,1,20,-0.3864905568947173,-0.9527772702286768,-0.09216671735950498,-1.3984844812577732,0.1001352309958097,-1,TRUE,FALSE
fiscal_dbgg,fiscal,1,21,-0.32225256933027235,-0.9060242607067617,-0.04985287380854013,-1.3518072902457878,0.1358652883931722,-1,TRUE,FALSE
fiscal_dbgg,fiscal,1,22,-0.25742827604852236,-0.8541901275108018,-0.016468121649340924,-1.277067091194383,0.16972375914103602,-1,TRUE,FALSE
fiscal_dbgg,fiscal,1,23,-0.1927479920885679,-0.7956396729231601,0.03932471991795432,-1.2249840232873193,0.23647977652917485,-1,FALSE,FALSE
fiscal_dbgg,fiscal,1,24,-0.1289539180725598,-0.747657095319802,0.0728962522318286,-1.1468468640073795,0.3020863912763489,-1,FALSE,FALSE
fiscal_dbgg,fiscal,1,25,-0.06663008922732855,-0.6824076072184859,0.11562267369994042,-1.0961332411547207,0.35457425764739126,-1,FALSE,FALSE
fiscal_dbgg,fiscal,1,26,-0.006269236686714629,-0.6282727896882503,0.1635674733667664,-1.0335003118486794,0.4002658650851753,-1,FALSE,FALSE
fiscal_dbgg,fiscal,1,27,0.051647218573584494,-0.5580726365950429,0.20880830590346988,-0.9810878588798605,0.4600177520028905,1,FALSE,FALSE
fiscal_dbgg,fiscal,1,28,0.10672339343154442,-0.4977257770694862,0.24346697273209492,-0.908405804349118,0.48733389724522236,1,FALSE,FALSE
fiscal_dbgg,fiscal,1,29,0.15864562514820257,-0.43832088405883807,0.2778033149954075,-0.8474356041663335,0.5379780345351733,1,FALSE,FALSE
fiscal_dbgg,fiscal,1,30,0.2071359855650956,-0.3945197510849244,0.3182250786651362,-0.7839067833214438,0.5714452076835528,1,FALSE,FALSE
fiscal_dbgg,fiscal,1,31,0.2519723069833666,-0.34443299916205933,0.36695384655503654,-0.7079314438328,0.6282221202015268,1,FALSE,FALSE
fiscal_dbgg,fiscal,1,32,0.2929942574015226,-0.29415049285206696,0.40109254021399826,-0.6493220181170976,0.6701787575517285,1,FALSE,FALSE
fiscal_dbgg,fiscal,1,33,0.3300835546395854,-0.25332562453116814,0.43741475911076166,-0.5855068244894759,0.6928664556461517,1,FALSE,FALSE
fiscal_dbgg,fiscal,1,34,0.3631652733378259,-0.21622024460100153,0.46661835615262115,-0.5417181554480884,0.7235073794469389,1,FALSE,FALSE
fiscal_dbgg,fiscal,1,35,0.3922102325098809,-0.1865830858000471,0.49806877968348984,-0.49199199383911585,0.749519459696739,1,FALSE,FALSE
fiscal_dbgg,fiscal,1,36,0.4172270001667954,-0.14698355505002972,0.5243409706456349,-0.44957641872830645,0.7794637316065077,1,FALSE,FALSE
fiscal_dbgg,fiscal,1,37,0.4382587596176128,-0.11292331778434671,0.5316999229034531,-0.4076561823154359,0.8088396430736394,1,FALSE,FALSE
fiscal_dbgg,fiscal,1,38,0.45538222420197494,-0.09363659749342672,0.54501147249372806,-0.35246448717274526,0.8074002328822677,1,FALSE,FALSE
fiscal_dbgg,fiscal,1,39,0.46870341947016847,-0.07478835786763359,0.5531980605484019,-0.31175044731872603,0.8333054591049073,1,FALSE,FALSE
fiscal_dbgg,fiscal,1,40,0.47835408197582885,-0.058570956599990495,0.5619835919791129,-0.2933773704569407,0.8402547044395398,1,FALSE,FALSE
fiscal_dbgg,fiscal,1,41,0.48448908444519895,-0.04594783000314893,0.5757085788198306,-0.2591113609900949,0.8374790096086667,1,FALSE,FALSE
fiscal_dbgg,fiscal,1,42,0.48728320929547886,-0.03694299549857173,0.5804675134478539,-0.23575526299725658,0.8502260084312028,1,FALSE,FALSE
fiscal_dbgg,fiscal,1,43,0.48692786981257613,-0.024726248381817688,0.5760316822849646,-0.1988341308383425,0.8619237624891379,1,FALSE,FALSE
fiscal_dbgg,fiscal,1,44,0.4836282510908849,-0.020582276670318398,0.5664899626649182,-0.1802261624708745,0.871407802919677,1,FALSE,FALSE
fiscal_dbgg,fiscal,1,45,0.477600478981456,-0.01765620442126925,0.563715419243058,-0.16878331877714375,0.8581787833258853,1,FALSE,FALSE
fiscal_dbgg,fiscal,1,46,0.46906879857678596,-0.022995163941020677,0.5653349622896863,-0.16679642864470334,0.8331564113957521,1,FALSE,FALSE
fiscal_dbgg,fiscal,1,47,0.45826297239614944,-0.022604002463257975,0.5475705596402193,-0.16544963997804493,0.8153274550369977,1,FALSE,FALSE
fiscal_dbgg,fiscal,1,48,0.4454158567761923,-0.02257655416831736,0.5386819175186871,-0.17355714407928,0.8038956471269226,1,FALSE,FALSE
fiscal_dlsp,fiscal,1,0,-0.6554713278050008,-0.8387662712599986,-0.521253368460145,-0.9632693474933306,-0.4342690645581081,-1,TRUE,TRUE
fiscal_dlsp,fiscal,1,1,-0.698934647952913,-0.8956000248384184,-0.5278401035673367,-1.0393826611324837,-0.4079163846349903,-1,TRUE,TRUE
fiscal_dlsp,fiscal,1,2,-0.6194395399773686,-0.795917183781925,-0.41908095986652005,-0.935702325607696,-0.3107740389473021,-1,TRUE,TRUE
fiscal_dlsp,fiscal,1,3,-0.7889883114216221,-0.919468803796337,-0.5238499041084754,-1.059612941675032,-0.4115011812290663,-1,TRUE,TRUE
fiscal_dlsp,fiscal,1,4,-0.8046097651497367,-0.9393337459168122,-0.511452198804262,-1.0893654761621032,-0.39610223254374044,-1,TRUE,TRUE
fiscal_dlsp,fiscal,1,5,-0.7426626869275552,-0.8916744983652591,-0.44888391656159615,-1.0809895730651309,-0.313908298348287,-1,TRUE,TRUE
fiscal_dlsp,fiscal,1,6,-0.7613739519290158,-0.9496593324961105,-0.47503895304831384,-1.1285524043678665,-0.3336114641616439,-1,TRUE,TRUE
fiscal_dlsp,fiscal,1,7,-0.7386683688457377,-0.9682572956782076,-0.47249059536412075,-1.171405737543374,-0.323528914438757,-1,TRUE,TRUE
fiscal_dlsp,fiscal,1,8,-0.6807454004340571,-0.9589910016620448,-0.43454088425239157,-1.1835953494701101,-0.2867515101814095,-1,TRUE,TRUE
fiscal_dlsp,fiscal,1,9,-0.6403725517313488,-0.9569138758077529,-0.4063461827044459,-1.2009182220718722,-0.26249463395699574,-1,TRUE,TRUE
fiscal_dlsp,fiscal,1,10,-0.594023836139915,-0.9495614506538791,-0.3790607318000114,-1.2144978947651655,-0.24871804171425343,-1,TRUE,TRUE
fiscal_dlsp,fiscal,1,11,-0.5372102143091321,-0.9259570984024423,-0.33217804819694036,-1.2066076132671095,-0.20661548211349123,-1,TRUE,TRUE
fiscal_dlsp,fiscal,1,12,-0.484003498592043,-0.8956000616614026,-0.29569031520828937,-1.1845079721548852,-0.15731388043238576,-1,TRUE,TRUE
fiscal_dlsp,fiscal,1,13,-0.43046609310597894,-0.864634392675973,-0.25592155168111447,-1.1551649944685396,-0.11817852681536058,-1,TRUE,TRUE
fiscal_dlsp,fiscal,1,14,-0.37466848055352,-0.8292630109053295,-0.22555637330461065,-1.1184494361521715,-0.07009913998138323,-1,TRUE,TRUE
fiscal_dlsp,fiscal,1,15,-0.31938880244157286,-0.788287086633243,-0.18807511680853056,-1.0879730585889973,-0.01912896900979134,-1,TRUE,TRUE
fiscal_dlsp,fiscal,1,16,-0.2647273304709828,-0.7449180722206882,-0.14374924530225808,-1.0362106759810013,0.030994295307512763,-1,TRUE,FALSE
fiscal_dlsp,fiscal,1,17,-0.21033637967773125,-0.6900494546051205,-0.09021495466497102,-0.9968847621531126,0.07811223430164488,-1,TRUE,FALSE
fiscal_dlsp,fiscal,1,18,-0.1566679581222985,-0.6341085649002021,-0.03694221174005211,-0.9705127603558712,0.1344795517839843,-1,TRUE,FALSE
fiscal_dlsp,fiscal,1,19,-0.10430434717367237,-0.5809942414841662,0.018579464592657836,-0.9209186680049425,0.18166973920925594,-1,FALSE,FALSE
fiscal_dlsp,fiscal,1,20,-0.053407416627110134,-0.5289603832675169,0.07110358312261161,-0.8594447607905142,0.23030667936214386,-1,FALSE,FALSE
fiscal_dlsp,fiscal,1,21,-0.004122571730177681,-0.47659706755754344,0.12355704178004816,-0.8004448672749164,0.29146623063236604,-1,FALSE,FALSE
fiscal_dlsp,fiscal,1,22,0.04309177778254949,-0.42218850501073574,0.17740119189124243,-0.7504869265554446,0.351394349298434,1,FALSE,FALSE
fiscal_dlsp,fiscal,1,23,0.08795270054709409,-0.3790930181765243,0.22198561782915155,-0.7013258656045286,0.40915456045885445,1,FALSE,FALSE
fiscal_dlsp,fiscal,1,24,0.13031972064285008,-0.34254644356149916,0.2656657745812682,-0.6436175395895536,0.46475223598481413,1,FALSE,FALSE
fiscal_dlsp,fiscal,1,25,0.16991148460876584,-0.301225653537511,0.3171382854020483,-0.5997279825178605,0.5177819469277789,1,FALSE,FALSE
fiscal_dlsp,fiscal,1,26,0.20651346673447937,-0.25468798174581964,0.3490362812543197,-0.5434278806176227,0.566396970488384,1,FALSE,FALSE
fiscal_dlsp,fiscal,1,27,0.240024808689189,-0.21021255778024708,0.3799167064662516,-0.5021780878454801,0.6134243495915914,1,FALSE,FALSE
fiscal_dlsp,fiscal,1,28,0.270320700596399,-0.17907812665605038,0.4178225739805984,-0.4633640206212142,0.6468146001713658,1,FALSE,FALSE
fiscal_dlsp,fiscal,1,29,0.29731150599906686,-0.14657873280433492,0.4541321999930223,-0.39839578895538125,0.675830370101266,1,FALSE,FALSE
fiscal_dlsp,fiscal,1,30,0.32097707723760194,-0.12262931172223515,0.4866792590640776,-0.356995859500698,0.6956977011200322,1,FALSE,FALSE
fiscal_dlsp,fiscal,1,31,0.3413157548767955,-0.09580666350854886,0.4956417931198671,-0.3298275116260369,0.7201068106114983,1,FALSE,FALSE
fiscal_dlsp,fiscal,1,32,0.35835246490643513,-0.06486962329117091,0.5158144526420035,-0.29962984214868316,0.7401508687434936,1,FALSE,FALSE
fiscal_dlsp,fiscal,1,33,0.3721522824705308,-0.049490656302683116,0.5225159313076647,-0.25651467648894893,0.7576277362293928,1,FALSE,FALSE
fiscal_dlsp,fiscal,1,34,0.38280399803932996,-0.028816826480799355,0.5361673454614091,-0.22749161052653835,0.7815688581557237,1,FALSE,FALSE
fiscal_dlsp,fiscal,1,35,0.3904167766725674,-0.007086100259192453,0.54310864265376,-0.21711756240519564,0.7970320728015254,1,FALSE,FALSE
fiscal_dlsp,fiscal,1,36,0.39512259619819967,0.006120822263375229,0.5498770208576207,-0.21578311862222088,0.7953914308460769,1,TRUE,FALSE
fiscal_dlsp,fiscal,1,37,0.3970705767305629,0.018332359206204574,0.5489894026754724,-0.19975300978626337,0.8030969979881797,1,TRUE,FALSE
fiscal_dlsp,fiscal,1,38,0.39642301268570956,0.021741935871271992,0.553096577869999,-0.19542406798493275,0.8028340801107041,1,TRUE,FALSE
fiscal_dlsp,fiscal,1,39,0.3933540137594618,0.02280592502385632,0.546521861661619,-0.1727557819709309,0.7985103980309768,1,TRUE,FALSE
fiscal_dlsp,fiscal,1,40,0.388046710285499,0.024967516860651264,0.5527300588522286,-0.15540120995791618,0.7818612607116362,1,TRUE,FALSE
fiscal_dlsp,fiscal,1,41,0.3806903199128822,0.018449038814005607,0.5376037942250725,-0.1474742110658237,0.7682510864403833,1,TRUE,FALSE
fiscal_dlsp,fiscal,1,42,0.3714781159976003,0.013788115169551276,0.5232852472738615,-0.15267062996045141,0.7583083044218107,1,TRUE,FALSE
fiscal_dlsp,fiscal,1,43,0.360605480454131,0.0026457319956754793,0.5147956945022725,-0.13423854372972008,0.7433398494955541,1,TRUE,FALSE
fiscal_dlsp,fiscal,1,44,0.3482678379101721,-3.080199317600791e-4,0.5065296695829705,-0.14435959125284273,0.7277936782718595,1,FALSE,FALSE
fiscal_dlsp,fiscal,1,45,0.33465889718730407,-0.011673626710910951,0.4949846588555016,-0.15256703232008093,0.7077065959395753,1,FALSE,FALSE
fiscal_dlsp,fiscal,1,46,0.3199691631927701,-0.02319275526685312,0.47722916080129496,-0.16227860555554538,0.6827995311982235,1,FALSE,FALSE
fiscal_dlsp,fiscal,1,47,0.30438448945834956,-0.033718267942014685,0.45607399451655967,-0.1719152102998771,0.6619358255174143,1,FALSE,FALSE
fiscal_dlsp,fiscal,1,48,0.2880847844504246,-0.048921101522706296,0.4428830361342574,-0.18343667923202026,0.6469767149519425,1,FALSE,FALSE
fiscal_primary_balance,fiscal,1,0,-2783.512637160438,-6116.17946292838,451.85264712349704,-8615.038075279675,2563.161928686502,-1,FALSE,FALSE
fiscal_primary_balance,fiscal,1,1,-4690.955436877531,-7342.325820249449,176.07561823620836,-9788.8244212588,2903.2060409013834,-1,FALSE,FALSE
fiscal_primary_balance,fiscal,1,2,-4178.522624995279,-7231.159396985608,1714.5116107810668,-9647.709617587432,5075.081169286879,-1,FALSE,FALSE
fiscal_primary_balance,fiscal,1,3,-4884.420857261094,-7607.349756646298,1369.8540705529954,-10247.601574493077,4248.569426042646,-1,FALSE,FALSE
fiscal_primary_balance,fiscal,1,4,-5016.630189128985,-8243.482378702682,719.8288480871402,-10902.500954897816,3872.8949325983945,-1,FALSE,FALSE
fiscal_primary_balance,fiscal,1,5,-4410.362294943668,-8648.50164265139,746.1670258585282,-11310.627320567166,3981.405196019237,-1,FALSE,FALSE
fiscal_primary_balance,fiscal,1,6,-4184.392213870813,-9253.178502518005,341.5620508961093,-12435.775970694733,3337.7056550692723,-1,FALSE,FALSE
fiscal_primary_balance,fiscal,1,7,-4125.555147913071,-9647.72573931159,-13.720737418459914,-12815.91030510164,2316.926534312914,-1,TRUE,FALSE
fiscal_primary_balance,fiscal,1,8,-3653.4354191352772,-9616.708761490958,-169.57362774615564,-13140.416161795169,2591.037814012634,-1,TRUE,FALSE
fiscal_primary_balance,fiscal,1,9,-3309.550505989324,-9670.459934196086,-204.34634327968408,-13370.64346612384,2824.166768738397,-1,TRUE,FALSE
fiscal_primary_balance,fiscal,1,10,-3149.944178370122,-9701.882506941138,-331.53229473482145,-13645.17735481646,2413.893301005067,-1,TRUE,FALSE
fiscal_primary_balance,fiscal,1,11,-2847.1807125988166,-9579.90654805262,-184.3098535673869,-13441.763010259556,2065.5191040684363,-1,TRUE,FALSE
fiscal_primary_balance,fiscal,1,12,-2570.6580610816636,-9319.740802732347,-108.07978046805215,-13343.911831769463,2175.6072047925086,-1,TRUE,FALSE
fiscal_primary_balance,fiscal,1,13,-2356.9377209340737,-9170.666486203001,-140.3652703850329,-13172.502951247801,2216.5840349562154,-1,TRUE,FALSE
fiscal_primary_balance,fiscal,1,14,-2113.0759610968207,-8884.667783740022,-178.1062413033396,-13172.372862147231,2111.1851923859363,-1,TRUE,FALSE
fiscal_primary_balance,fiscal,1,15,-1863.1452773524618,-8477.675384668068,-88.88763856457268,-12735.951082208563,1963.0806079546542,-1,TRUE,FALSE
fiscal_primary_balance,fiscal,1,16,-1628.25229085354,-8183.587146306849,16.106984006732993,-12398.232254132263,2020.7960847769602,-1,FALSE,FALSE
fiscal_primary_balance,fiscal,1,17,-1388.822194676717,-7791.625980411038,101.6490733743256,-11839.729296795644,1928.0186828341145,-1,FALSE,FALSE
fiscal_primary_balance,fiscal,1,18,-1145.2686615806645,-7224.423939653276,270.13618854549975,-11220.005267507147,2017.5430231750836,-1,FALSE,FALSE
fiscal_primary_balance,fiscal,1,19,-905.049815464837,-6731.677712948378,461.45025832138634,-10679.718881917339,2110.6318666701623,-1,FALSE,FALSE
fiscal_primary_balance,fiscal,1,20,-666.5381799070865,-6366.381036400291,695.0506221379138,-10207.863927976841,2275.9067853322595,-1,FALSE,FALSE
fiscal_primary_balance,fiscal,1,21,-430.1079147957087,-5965.836112538605,897.7909175567404,-9669.0077363407,2512.069910036267,-1,FALSE,FALSE
fiscal_primary_balance,fiscal,1,22,-198.64628451406577,-5674.0419466423955,1088.8190819140707,-9079.200829884301,2793.488047604841,-1,FALSE,FALSE
fiscal_primary_balance,fiscal,1,23,25.881488142370603,-5198.176239510479,1317.9643631487827,-8313.72481246933,2956.7890858482683,1,FALSE,FALSE
fiscal_primary_balance,fiscal,1,24,242.32485947089245,-4834.967685559251,1500.1569972902676,-8050.376521610791,3180.088189364049,1,FALSE,FALSE
fiscal_primary_balance,fiscal,1,25,449.0072979605239,-4468.717051745255,1739.6453624532019,-7600.364287041008,3386.5546323232843,1,FALSE,FALSE
fiscal_primary_balance,fiscal,1,26,644.1365882850787,-4113.934345389535,1943.3057027240118,-7047.426242199218,3751.5947580392854,1,FALSE,FALSE
fiscal_primary_balance,fiscal,1,27,826.7028583419808,-3751.7723295210303,2188.498349257035,-6787.946055352986,4116.574296720682,1,FALSE,FALSE
fiscal_primary_balance,fiscal,1,28,995.7807822246664,-3471.2757576699046,2450.305960959671,-6666.293892557673,4311.331014344852,1,FALSE,FALSE
fiscal_primary_balance,fiscal,1,29,1150.399930884118,-3215.4987690697553,2716.697369435532,-6391.745133804602,4695.963270905397,1,FALSE,FALSE
fiscal_primary_balance,fiscal,1,30,1290.0528607470796,-2998.497105772888,2832.311969329776,-6039.310739289356,4999.370097650123,1,FALSE,FALSE
fiscal_primary_balance,fiscal,1,31,1414.4506363379276,-2810.791774840471,3077.266501770198,-5533.923257627309,5157.791024367763,1,FALSE,FALSE
fiscal_primary_balance,fiscal,1,32,1523.3575803055,-2581.7414522529834,3186.451589943021,-5351.71073515623,5320.9887003006415,1,FALSE,FALSE
fiscal_primary_balance,fiscal,1,33,1616.7897730819593,-2377.614359258821,3339.855880362911,-5068.4362370109475,5493.3962478468,1,FALSE,FALSE
fiscal_primary_balance,fiscal,1,34,1694.949254636505,-2246.943411725333,3492.6661204364473,-4787.275398986591,5971.575537471483,1,FALSE,FALSE
fiscal_primary_balance,fiscal,1,35,1758.1230190404106,-2085.8128253233285,3607.471057003385,-4680.064312476124,6000.948220558983,1,FALSE,FALSE
fiscal_primary_balance,fiscal,1,36,1806.7349778443697,-1961.4145867594502,3688.402612285733,-4600.281141744306,6220.626921271771,1,FALSE,FALSE
fiscal_primary_balance,fiscal,1,37,1841.330286310713,-1883.7187571570441,3768.186300262146,-4436.323896253069,6384.8405842728325,1,FALSE,FALSE
fiscal_primary_balance,fiscal,1,38,1862.5272868904744,-1814.2741321193892,3676.007366696941,-4292.735154654544,6480.883899277886,1,FALSE,FALSE
fiscal_primary_balance,fiscal,1,39,1871.0192450137317,-1697.2414630502394,3745.300551114695,-4130.274922867951,6439.30699452154,1,FALSE,FALSE
fiscal_primary_balance,fiscal,1,40,1867.566902438059,-1544.425474865936,3807.403910760223,-3958.8167756792313,6473.56275417676,1,FALSE,FALSE
fiscal_primary_balance,fiscal,1,41,1852.9765287933187,-1454.904202150545,3805.6544283098774,-3770.1802169528687,6366.589739293788,1,FALSE,FALSE
fiscal_primary_balance,fiscal,1,42,1828.090508596165,-1350.811733268299,3779.233307035957,-3712.4947240565825,6484.492705905095,1,FALSE,FALSE
fiscal_primary_balance,fiscal,1,43,1793.779799389978,-1264.7370112484614,3777.7704182746475,-3613.928289161716,6421.104539451336,1,FALSE,FALSE
fiscal_primary_balance,fiscal,1,44,1750.932178500737,-1279.8521902307457,3697.9225750505216,-3539.658567695947,6376.928678057815,1,FALSE,FALSE
fiscal_primary_balance,fiscal,1,45,1700.4428471034614,-1287.109494943431,3591.2612430522236,-3484.297084433003,6154.980155862692,1,FALSE,FALSE
fiscal_primary_balance,fiscal,1,46,1643.2071003256058,-1316.0087235098936,3576.959845584376,-3424.9862515454524,6024.05200955009,1,FALSE,FALSE
fiscal_primary_balance,fiscal,1,47,1580.11254961358,-1326.0087610898363,3422.926098695872,-3331.2619598108654,5937.99407568914,1,FALSE,FALSE
fiscal_primary_balance,fiscal,1,48,1512.0317999398214,-1307.7070561371615,3278.6082029011814,-3326.4221373954324,5750.301632604503,1,FALSE,FALSE
expect_focus_ipca12m,expectativas,1,0,0.11437525930292566,0.07708629687426413,0.1381161873502753,0.05295275255068666,0.15654429917991133,1,TRUE,TRUE
expect_focus_ipca12m,expectativas,1,1,0.1737543963486778,0.1177316076762305,0.20082962169938015,0.09101958590144568,0.2286041822336313,1,TRUE,TRUE
expect_focus_ipca12m,expectativas,1,2,0.22216122071340894,0.15194688186886332,0.2541225377917019,0.11232792929498907,0.2902968274322596,1,TRUE,TRUE
expect_focus_ipca12m,expectativas,1,3,0.23776434633252927,0.15993157645875658,0.285191345136184,0.11551490128419953,0.32895213932010897,1,TRUE,TRUE
expect_focus_ipca12m,expectativas,1,4,0.25271319391925967,0.16353822306527427,0.32084754643942714,0.11313076952691867,0.3683431272036459,1,TRUE,TRUE
expect_focus_ipca12m,expectativas,1,5,0.2630401650900879,0.16721160444040534,0.3509745829361078,0.10857863843904919,0.4086349208847624,1,TRUE,TRUE
expect_focus_ipca12m,expectativas,1,6,0.2556975955786711,0.1611968052817567,0.3646490892762141,0.0996270691307676,0.43624759637991284,1,TRUE,TRUE
expect_focus_ipca12m,expectativas,1,7,0.2460402300607924,0.15169598327376518,0.37766529512982483,0.09080954379126759,0.456447410010404,1,TRUE,TRUE
expect_focus_ipca12m,expectativas,1,8,0.23353557492092047,0.14210965789880733,0.3863217349306636,0.07569394420086392,0.47594741934845597,1,TRUE,TRUE
expect_focus_ipca12m,expectativas,1,9,0.21336932639711237,0.12815653648952183,0.3862840174990996,0.06521703255840472,0.49553991870371544,1,TRUE,TRUE
expect_focus_ipca12m,expectativas,1,10,0.19107656150476246,0.11180564398294335,0.37995588226067856,0.04364578417621889,0.5053741710983376,1,TRUE,TRUE
expect_focus_ipca12m,expectativas,1,11,0.16801322135513366,0.0958766939374274,0.37851790651536094,0.032093417248936204,0.5016634740928463,1,TRUE,TRUE
expect_focus_ipca12m,expectativas,1,12,0.14252712949964946,0.07721616764137217,0.3698487325167271,0.014841506077527346,0.5123238276260751,1,TRUE,TRUE
expect_focus_ipca12m,expectativas,1,13,0.11648211732573122,0.05806174528760589,0.3574801729574461,-0.0014290935893444883,0.5119331033024348,1,TRUE,FALSE
expect_focus_ipca12m,expectativas,1,14,0.09078787468782552,0.03779430393601175,0.34092284330057326,-0.020155561942158912,0.5027696257098561,1,TRUE,FALSE
expect_focus_ipca12m,expectativas,1,15,0.065013242784734665,0.016323915309737216,0.32394176362372346,-0.038383292773637855,0.49460989222204665,1,TRUE,FALSE
expect_focus_ipca12m,expectativas,1,16,0.039747349242637606,-0.003766591115650874,0.30450424521853486,-0.06048157505897819,0.4841803757669808,1,FALSE,FALSE
expect_focus_ipca12m,expectativas,1,17,0.015406557037317537,-0.022920530322747504,0.2865036395063095,-0.08333080756060915,0.46812005746671487,1,FALSE,FALSE
expect_focus_ipca12m,expectativas,1,18,-0.008035647648960585,-0.03880624121001391,0.26354968312186916,-0.10402107984774048,0.44678800245262795,-1,FALSE,FALSE
expect_focus_ipca12m,expectativas,1,19,-0.030404354974987294,-0.056022338481773334,0.24517348567813346,-0.12263407521652651,0.43070149144665026,-1,FALSE,FALSE
expect_focus_ipca12m,expectativas,1,20,-0.05151988036268667,-0.07646954547783134,0.22266558174382642,-0.1413976543914548,0.40720120270398713,-1,FALSE,FALSE
expect_focus_ipca12m,expectativas,1,21,-0.07132850503838534,-0.0921602440220129,0.2019744236847145,-0.1603808460228528,0.37930534169821983,-1,FALSE,FALSE
expect_focus_ipca12m,expectativas,1,22,-0.08976591217039781,-0.1063456956636698,0.18199501788221448,-0.1859172292350201,0.351357655967077,-1,FALSE,FALSE
expect_focus_ipca12m,expectativas,1,23,-0.10675652315609402,-0.12446407410215986,0.16450295705941545,-0.2059786364422141,0.32997890629536086,-1,FALSE,FALSE
expect_focus_ipca12m,expectativas,1,24,-0.12225673966055522,-0.1419204509087318,0.14566105536291796,-0.22652443268853403,0.3087279885205268,-1,FALSE,FALSE
expect_focus_ipca12m,expectativas,1,25,-0.13624199941586454,-0.15433943086798974,0.12873977901063494,-0.24609836731609339,0.2898247012135397,-1,FALSE,FALSE
expect_focus_ipca12m,expectativas,1,26,-0.14869128444318164,-0.17165885250539378,0.11362031299560568,-0.2637929205666924,0.27172760879198077,-1,FALSE,FALSE
expect_focus_ipca12m,expectativas,1,27,-0.15959481674684678,-0.1868009765043903,0.09970942866586704,-0.2804362484762349,0.253846971421752,-1,FALSE,FALSE
expect_focus_ipca12m,expectativas,1,28,-0.16896063457811028,-0.19339438347822308,0.08579701372385282,-0.292639519118816,0.24168880224058445,-1,FALSE,FALSE
expect_focus_ipca12m,expectativas,1,29,-0.17680675910115815,-0.2014138625689917,0.0703072312287173,-0.30656123686911024,0.21870092469283586,-1,FALSE,FALSE
expect_focus_ipca12m,expectativas,1,30,-0.18315983964692437,-0.2076301831021316,0.0597448713622388,-0.31575544929082955,0.2010641168250868,-1,FALSE,FALSE
expect_focus_ipca12m,expectativas,1,31,-0.18805947975244575,-0.21461445601853243,0.049014489890929214,-0.32333987728011226,0.18794330330660544,-1,FALSE,FALSE
expect_focus_ipca12m,expectativas,1,32,-0.19155517058445998,-0.22004908087506492,0.039432266185772245,-0.32496908898068466,0.17695683999613984,-1,FALSE,FALSE
expect_focus_ipca12m,expectativas,1,33,-0.19370389916555106,-0.2249474292263021,0.03300048923832133,-0.3248981893950944,0.16664625336421227,-1,FALSE,FALSE
expect_focus_ipca12m,expectativas,1,34,-0.19457118068709026,-0.2221091362098491,0.027972215936384846,-0.3275515583334626,0.15728409711211463,-1,FALSE,FALSE
expect_focus_ipca12m,expectativas,1,35,-0.1942295742798783,-0.22512375354310168,0.02011679012031688,-0.3267332227668687,0.14988193845225342,-1,FALSE,FALSE
expect_focus_ipca12m,expectativas,1,36,-0.1927567872055175,-0.22735825849905425,0.011510000546322181,-0.32888281386747026,0.1423814604068268,-1,FALSE,FALSE
expect_focus_ipca12m,expectativas,1,37,-0.19023520403206298,-0.22395104077188788,0.006954005252283049,-0.3243993663866639,0.13918243143686518,-1,FALSE,FALSE
expect_focus_ipca12m,expectativas,1,38,-0.18675081533020466,-0.21635498786400664,0.0077241740389063455,-0.3202517487820572,0.1391191476792111,-1,FALSE,FALSE
expect_focus_ipca12m,expectativas,1,39,-0.1823918620961257,-0.2119959527876235,0.0074458717520579365,-0.3167375126506848,0.13774840545396286,-1,FALSE,FALSE
expect_focus_ipca12m,expectativas,1,40,-0.17724799085131487,-0.21043835628952845,0.013233479596255752,-0.3122641873735425,0.13790809660565684,-1,FALSE,FALSE
expect_focus_ipca12m,expectativas,1,41,-0.1714093728547176,-0.20871653155574987,0.0159897756734561,-0.30846534652946345,0.13094805298619008,-1,FALSE,FALSE
expect_focus_ipca12m,expectativas,1,42,-0.16496574771451436,-0.20544772499851993,0.019003121219437296,-0.30041854056864103,0.12722085477187325,-1,FALSE,FALSE
expect_focus_ipca12m,expectativas,1,43,-0.15800565689376975,-0.20008424848593573,0.022763025542482083,-0.29173166247680443,0.12213927498674804,-1,FALSE,FALSE
expect_focus_ipca12m,expectativas,1,44,-0.150615759758209,-0.19558095859789115,0.02839264603646832,-0.2870814824392859,0.11718953194369638,-1,FALSE,FALSE
expect_focus_ipca12m,expectativas,1,45,-0.1428801779047278,-0.1915665594240124,0.02945364825564847,-0.2737327293272732,0.11976200892893711,-1,FALSE,FALSE
expect_focus_ipca12m,expectativas,1,46,-0.1348799349809186,-0.18599120263828745,0.03551983673895026,-0.27063264112372565,0.12802184815505172,-1,FALSE,FALSE
expect_focus_ipca12m,expectativas,1,47,-0.12669248336499872,-0.18066270477762073,0.03995626466191303,-0.26203250929131433,0.12611406555010893,-1,FALSE,FALSE
expect_focus_ipca12m,expectativas,1,48,-0.11839129093151028,-0.175570658723506,0.04633315818260935,-0.24954709423775895,0.12604786521206535,-1,FALSE,FALSE
expect_focus_selic_ny,expectativas,1,0,0.46390201408253684,0.3597280314786332,0.5660750187726601,0.2888622930671827,0.6461760181391035,1,TRUE,TRUE
expect_focus_selic_ny,expectativas,1,1,0.5626056374004793,0.41684200919997494,0.6769869307073103,0.34154015789508385,0.7612464584427008,1,TRUE,TRUE
expect_focus_selic_ny,expectativas,1,2,0.6328063646811358,0.43703519824332243,0.7507350237984661,0.333643850579465,0.853146956976864,1,TRUE,TRUE
expect_focus_selic_ny,expectativas,1,3,0.7067008638281252,0.4753774861469061,0.8348105101955896,0.36048842287396277,0.9506547653697568,1,TRUE,TRUE
expect_focus_selic_ny,expectativas,1,4,0.7347296459085679,0.4701280231403611,0.8984433084454091,0.34132715733584557,1.025432798800685,1,TRUE,TRUE
expect_focus_selic_ny,expectativas,1,5,0.7324074442395717,0.4532353907721289,0.941495180333729,0.31139885945950607,1.0827518765812907,1,TRUE,TRUE
expect_focus_selic_ny,expectativas,1,6,0.7399763602332591,0.4609611003068451,1.0010087886475765,0.30799807784079786,1.1738940709817662,1,TRUE,TRUE
expect_focus_selic_ny,expectativas,1,7,0.7259899668383554,0.45216044999059785,1.0548242316329735,0.28037620220165804,1.2404888174218778,1,TRUE,TRUE
expect_focus_selic_ny,expectativas,1,8,0.6935359444041513,0.4317745325783459,1.0918985561612304,0.25461991381268734,1.2775396214134815,1,TRUE,TRUE
expect_focus_selic_ny,expectativas,1,9,0.6592266383090349,0.41899965117362437,1.1015356494150337,0.229550515854263,1.3312708755928258,1,TRUE,TRUE
expect_focus_selic_ny,expectativas,1,10,0.6184301469655614,0.3995193340186689,1.0945398988680977,0.19602597309432965,1.3885651300676767,1,TRUE,TRUE
expect_focus_selic_ny,expectativas,1,11,0.5698718587941677,0.3746769155246271,1.0822786780195717,0.15808101537200447,1.3940693683062402,1,TRUE,TRUE
expect_focus_selic_ny,expectativas,1,12,0.5191907029537974,0.35068770616713724,1.0631296317926349,0.13958222274875884,1.3679171086413338,1,TRUE,TRUE
expect_focus_selic_ny,expectativas,1,13,0.46608569880266426,0.3148450181539832,1.020818345689882,0.11480306577409151,1.3527315525103916,1,TRUE,TRUE
expect_focus_selic_ny,expectativas,1,14,0.4101456866169834,0.2767881908533384,0.9920120265002785,0.07077935215064012,1.335089416019961,1,TRUE,TRUE
expect_focus_selic_ny,expectativas,1,15,0.35292614067024014,0.2395085229381044,0.942181312530833,0.0124025000568822,1.300751889617843,1,TRUE,TRUE
expect_focus_selic_ny,expectativas,1,16,0.2950574582266511,0.1953676119733078,0.9019705813582877,-0.03610520741804455,1.2711922852340174,1,TRUE,FALSE
expect_focus_selic_ny,expectativas,1,17,0.2367873235885108,0.14536831426235866,0.8454111280130205,-0.08244725335945984,1.2543265363178326,1,TRUE,FALSE
expect_focus_selic_ny,expectativas,1,18,0.17872873664635333,0.08432635563476688,0.8061184349649665,-0.13005153453258433,1.2143450060634138,1,TRUE,FALSE
expect_focus_selic_ny,expectativas,1,19,0.12146197409931125,0.028458044533885212,0.7583198521816716,-0.165767778670172,1.143074682827059,1,TRUE,FALSE
expect_focus_selic_ny,expectativas,1,20,0.06537168798462535,-0.027069853599707844,0.6986922657701008,-0.21817124536487711,1.0966438957695201,1,FALSE,FALSE
expect_focus_selic_ny,expectativas,1,21,0.010852163078369,-0.07005218717534555,0.6400324432998599,-0.2718988027046958,1.0511842457897231,1,FALSE,FALSE
expect_focus_selic_ny,expectativas,1,22,-0.041665299678377836,-0.12503656720454204,0.5821516894746591,-0.3304269875315478,1.0015149871774802,-1,FALSE,FALSE
expect_focus_selic_ny,expectativas,1,23,-0.09183307861466976,-0.17351220541055254,0.5233234785929097,-0.38568451336594556,0.9497782728338765,-1,FALSE,FALSE
expect_focus_selic_ny,expectativas,1,24,-0.13936221295470616,-0.2195075505360499,0.47639246079320313,-0.43029519255822624,0.8864660629588893,-1,FALSE,FALSE
expect_focus_selic_ny,expectativas,1,25,-0.1839669071996023,-0.26540932123978533,0.42250920372035516,-0.4737635740992985,0.8280701144694094,-1,FALSE,FALSE
expect_focus_selic_ny,expectativas,1,26,-0.22541434918678743,-0.30412578469614077,0.3741803184188288,-0.5167949706768726,0.7507978528923107,-1,FALSE,FALSE
expect_focus_selic_ny,expectativas,1,27,-0.2635330800378417,-0.34289465978118255,0.3204518761470638,-0.5620436787130375,0.7053441885839669,-1,FALSE,FALSE
expect_focus_selic_ny,expectativas,1,28,-0.2981807097665367,-0.37854211806396804,0.28223163722159034,-0.6046326473794931,0.6632569404926724,-1,FALSE,FALSE
expect_focus_selic_ny,expectativas,1,29,-0.32925705605698563,-0.4127100464298914,0.2500072408601848,-0.6326563591109516,0.6235545240876273,-1,FALSE,FALSE
expect_focus_selic_ny,expectativas,1,30,-0.35671094775056794,-0.4410787997066859,0.20927340233810487,-0.6668362030949136,0.5730876304638695,-1,FALSE,FALSE
expect_focus_selic_ny,expectativas,1,31,-0.380525592401209,-0.47206781390531405,0.17531129713789725,-0.6932129180076562,0.5049287872598976,-1,FALSE,FALSE
expect_focus_selic_ny,expectativas,1,32,-0.40071836939862865,-0.49554530072710584,0.15290059567542433,-0.713322070803362,0.478131919091107,-1,FALSE,FALSE
expect_focus_selic_ny,expectativas,1,33,-0.4173423627586337,-0.5157665433337691,0.1321655830157767,-0.7414188683330473,0.4338428136063462,-1,FALSE,FALSE
expect_focus_selic_ny,expectativas,1,34,-0.43047959391924623,-0.5288131108419485,0.10282414953409444,-0.7726713165959167,0.3821055771388222,-1,FALSE,FALSE
expect_focus_selic_ny,expectativas,1,35,-0.4402375963901738,-0.5341979577734707,0.08911162079668875,-0.7753845554952306,0.3559178866271008,-1,FALSE,FALSE
expect_focus_selic_ny,expectativas,1,36,-0.4467478811276353,-0.5393658134897764,0.06697276332768094,-0.7826362795650105,0.3531608049131679,-1,FALSE,FALSE
expect_focus_selic_ny,expectativas,1,37,-0.4501620006337692,-0.5516324137584481,0.04397797913844228,-0.7894303639836783,0.3319115745475678,-1,FALSE,FALSE
expect_focus_selic_ny,expectativas,1,38,-0.4506480983543057,-0.5598857523513476,0.029385401651985367,-0.7771384931879098,0.3026480285692741,-1,FALSE,FALSE
expect_focus_selic_ny,expectativas,1,39,-0.4483884183687462,-0.5575704370803869,0.013309048096959469,-0.7593234724348448,0.2915636258095271,-1,FALSE,FALSE
expect_focus_selic_ny,expectativas,1,40,-0.4435764171751062,-0.5497360225813487,0.010848819726874341,-0.7677189866005929,0.2818844330687185,-1,FALSE,FALSE
expect_focus_selic_ny,expectativas,1,41,-0.43641392043685195,-0.5301904012140902,0.01819366805789617,-0.753475981840058,0.2724673367612683,-1,FALSE,FALSE
expect_focus_selic_ny,expectativas,1,42,-0.4271087024719774,-0.5344079626621325,0.02156311121872697,-0.7426005202819452,0.2622085278073528,-1,FALSE,FALSE
expect_focus_selic_ny,expectativas,1,43,-0.4158721776871564,-0.5276499363535035,0.0308610520052699,-0.7294284195964631,0.25473771884662216,-1,FALSE,FALSE
expect_focus_selic_ny,expectativas,1,44,-0.4029171730403421,-0.524242983284548,0.03962088088010077,-0.7169320280110864,0.24771367064570896,-1,FALSE,FALSE
expect_focus_selic_ny,expectativas,1,45,-0.3884559281281586,-0.5076929186682041,0.05085058937852806,-0.6978015748859873,0.2458140123354215,-1,FALSE,FALSE
expect_focus_selic_ny,expectativas,1,46,-0.3726982880341808,-0.49304240898962454,0.05609382638945212,-0.6888852967214835,0.24166829841739285,-1,FALSE,FALSE
expect_focus_selic_ny,expectativas,1,47,-0.35585003188805714,-0.48850001880720567,0.06586890780901435,-0.6803652526861893,0.24606123070274416,-1,FALSE,FALSE
expect_focus_selic_ny,expectativas,1,48,-0.33811137471405117,-0.4747540382430671,0.0717494300552243,-0.6642943672445369,0.2457527489971349,-1,FALSE,FALSE
expect_focus_pib_ny,expectativas,1,0,-0.18737210396018392,-0.27425904799687717,-0.11815152057076521,-0.32657820903954177,-0.08265161249477315,-1,TRUE,TRUE
expect_focus_pib_ny,expectativas,1,1,-0.22258074472401895,-0.32316966151307935,-0.13523344437769066,-0.38196702632046087,-0.09138634864604099,-1,TRUE,TRUE
expect_focus_pib_ny,expectativas,1,2,-0.2616708891109537,-0.37771642713779374,-0.13608029899159513,-0.45902086759241295,-0.08192415207103154,-1,TRUE,TRUE
expect_focus_pib_ny,expectativas,1,3,-0.28521209153489746,-0.41946294362870096,-0.15389886591602023,-0.49050084887024586,-0.08951760592227015,-1,TRUE,TRUE
expect_focus_pib_ny,expectativas,1,4,-0.29660285313552465,-0.4391911452985121,-0.16223228878362844,-0.5150320995528235,-0.08653265210698953,-1,TRUE,TRUE
expect_focus_pib_ny,expectativas,1,5,-0.2997669772200574,-0.4585953324331545,-0.1523802069713008,-0.5501263703457016,-0.07902141614899295,-1,TRUE,TRUE
expect_focus_pib_ny,expectativas,1,6,-0.3062663415726647,-0.49099884987390285,-0.16556299741627836,-0.5949443958169321,-0.07972464197758333,-1,TRUE,TRUE
expect_focus_pib_ny,expectativas,1,7,-0.30347302053499137,-0.5035461484559887,-0.16847617387865732,-0.6157794195055842,-0.07519158921708215,-1,TRUE,TRUE
expect_focus_pib_ny,expectativas,1,8,-0.29420234002853357,-0.5219489716130015,-0.16822319401077837,-0.6481159151782052,-0.07345829027623632,-1,TRUE,TRUE
expect_focus_pib_ny,expectativas,1,9,-0.28427756861946074,-0.5353868037762763,-0.16599651721743455,-0.6633662384590588,-0.06701110317317656,-1,TRUE,TRUE
expect_focus_pib_ny,expectativas,1,10,-0.2710683627383499,-0.5377931385244823,-0.16490572187340008,-0.659181895148898,-0.061597427434536355,-1,TRUE,TRUE
expect_focus_pib_ny,expectativas,1,11,-0.25439219870360213,-0.5312656421671897,-0.1579306897321591,-0.6587143334755433,-0.0511307500606547,-1,TRUE,TRUE
expect_focus_pib_ny,expectativas,1,12,-0.2366930482987057,-0.5118696223987056,-0.14804373908352214,-0.6600038438289705,-0.0498807999517908,-1,TRUE,TRUE
expect_focus_pib_ny,expectativas,1,13,-0.2174499343669917,-0.49012841571874455,-0.1381825484608064,-0.6594677113592726,-0.03900376460883616,-1,TRUE,TRUE
expect_focus_pib_ny,expectativas,1,14,-0.19646005464569308,-0.4735541050452305,-0.12294027888822702,-0.6494014961613072,-0.025477753870038297,-1,TRUE,TRUE
expect_focus_pib_ny,expectativas,1,15,-0.1745581411637152,-0.4527919553740642,-0.109782507055327,-0.6274491538504741,-0.005399268784162328,-1,TRUE,TRUE
expect_focus_pib_ny,expectativas,1,16,-0.15189789662527348,-0.42639887393494746,-0.09117824684427893,-0.6136628216322138,0.00916038274482079,-1,TRUE,FALSE
expect_focus_pib_ny,expectativas,1,17,-0.12857418106490393,-0.4054648002172698,-0.06816984652527676,-0.5970574688321173,0.022658281063224508,-1,TRUE,FALSE
expect_focus_pib_ny,expectativas,1,18,-0.10495592269191421,-0.37644704707187504,-0.04873915890302113,-0.585789891180817,0.04127310857131469,-1,TRUE,FALSE
expect_focus_pib_ny,expectativas,1,19,-0.0812894178805563,-0.35819154019186394,-0.03064710669743547,-0.557246593796657,0.060104815813246115,-1,TRUE,FALSE
expect_focus_pib_ny,expectativas,1,20,-0.05775424823509225,-0.32329135343578475,-0.0098976035125643291,-0.5262535759509877,0.08085089643708925,-1,TRUE,FALSE
expect_focus_pib_ny,expectativas,1,21,-0.0345795620238279,-0.2999927120310389,0.01237139457125547,-0.49111225863622854,0.10269328994956917,-1,FALSE,FALSE
expect_focus_pib_ny,expectativas,1,22,-0.011975440556824979,-0.2690563412155411,0.0346518436972536,-0.4729675863836854,0.12428655729528079,-1,FALSE,FALSE
expect_focus_pib_ny,expectativas,1,23,0.009886617778864211,-0.24686671186524511,0.057637881092948415,-0.441908508194766,0.14665965147792273,1,FALSE,FALSE
expect_focus_pib_ny,expectativas,1,24,0.03084525414536055,-0.2172217276976885,0.078036653727651,-0.40638860797420767,0.1724038724357063,1,FALSE,FALSE
expect_focus_pib_ny,expectativas,1,25,0.05075118914413592,-0.20075438556616038,0.10311518985322572,-0.3798945910032533,0.20456595322624893,1,FALSE,FALSE
expect_focus_pib_ny,expectativas,1,26,0.06948214249478477,-0.1801536815935139,0.12289868581133015,-0.3579540591185712,0.23211879012643197,1,FALSE,FALSE
expect_focus_pib_ny,expectativas,1,27,0.08693851318043148,-0.1553376027797747,0.1378876094973173,-0.335045297540769,0.2579063774520984,1,FALSE,FALSE
expect_focus_pib_ny,expectativas,1,28,0.10303619850753398,-0.1371544822928598,0.15592916021706685,-0.3018234728854329,0.2777789113881599,1,FALSE,FALSE
expect_focus_pib_ny,expectativas,1,29,0.11771191293049013,-0.11780820961304757,0.17486529486576385,-0.273626309490935,0.2909754179027775,1,FALSE,FALSE
expect_focus_pib_ny,expectativas,1,30,0.13092332485089558,-0.10154969851064898,0.19162720666309194,-0.25487316288676365,0.3034118950445753,1,FALSE,FALSE
expect_focus_pib_ny,expectativas,1,31,0.14264389527490395,-0.08448007635380538,0.20528987058750744,-0.230521384719668,0.3258068992590043,1,FALSE,FALSE
expect_focus_pib_ny,expectativas,1,32,0.1528633069559062,-0.069848440543057555,0.22020973549375697,-0.20849360739062522,0.3384195296250756,1,FALSE,FALSE
expect_focus_pib_ny,expectativas,1,33,0.16158743372720202,-0.0563345975298921,0.22704506742940658,-0.18943128588869687,0.35018600434057223,1,FALSE,FALSE
expect_focus_pib_ny,expectativas,1,34,0.16883541468419813,-0.04222391135967651,0.2387658371929009,-0.167668323152678,0.36107835459764925,1,FALSE,FALSE
expect_focus_pib_ny,expectativas,1,35,0.17463849541142215,-0.031755016033143194,0.2399746254470869,-0.1599922370112154,0.3617249735068517,1,FALSE,FALSE
expect_focus_pib_ny,expectativas,1,36,0.17903931838463813,-0.02374561379952081,0.24746617536403917,-0.13711592824013427,0.3649020176901157,1,FALSE,FALSE
expect_focus_pib_ny,expectativas,1,37,0.18209013445395403,-0.01743075567563846,0.24867878962790643,-0.13213552360379865,0.3723273577648193,1,FALSE,FALSE
expect_focus_pib_ny,expectativas,1,38,0.1838514343227488,-0.012292698780596856,0.25201349324598865,-0.13182050548270202,0.37035607742906845,1,FALSE,FALSE
expect_focus_pib_ny,expectativas,1,39,0.18439093001172424,-0.008088956512413203,0.2575817658424046,-0.12414869290378934,0.38008519798196355,1,FALSE,FALSE
expect_focus_pib_ny,expectativas,1,40,0.1837822629223919,-0.006903910223335876,0.2530806495798573,-0.10747367319447647,0.3823524037255517,1,FALSE,FALSE
expect_focus_pib_ny,expectativas,1,41,0.18210379924410178,-0.007236698450075797,0.25043881345311536,-0.09818882450951841,0.3758365952498832,1,FALSE,FALSE
expect_focus_pib_ny,expectativas,1,42,0.17943760772104564,-0.006911448807825256,0.24886356581224556,-0.09988028477480793,0.3672665365203728,1,FALSE,FALSE
expect_focus_pib_ny,expectativas,1,43,0.1758684289626978,-0.00895462500345124,0.2441459978038124,-0.1033443587122114,0.35428584096922605,1,FALSE,FALSE
expect_focus_pib_ny,expectativas,1,44,0.17148268972923406,-0.011881947540614446,0.23188927566993028,-0.10764747781603697,0.3526528051600134,1,FALSE,FALSE
expect_focus_pib_ny,expectativas,1,45,0.16636761894209684,-0.013281234027542202,0.2284505514114799,-0.10962221366561017,0.35118437453529716,1,FALSE,FALSE
expect_focus_pib_ny,expectativas,1,46,0.16061042259015754,-0.017127738895990192,0.22083691278855405,-0.12234484078134798,0.3415681170761113,1,FALSE,FALSE
expect_focus_pib_ny,expectativas,1,47,0.15429751338406555,-0.022275376150118667,0.21565070164279762,-0.12182417061044501,0.3366246435649276,1,FALSE,FALSE
expect_focus_pib_ny,expectativas,1,48,0.1475138156425635,-0.02983777863418416,0.21034767050690498,-0.11738859309492503,0.32383369566562825,1,FALSE,FALSE
expect_focus_cambio_ny,expectativas,1,0,0.09195433468112146,0.07156614125494071,0.11122424071325682,0.060435211150284066,0.1293530331505011,1,TRUE,TRUE
expect_focus_cambio_ny,expectativas,1,1,0.10530565814414616,0.07978359908445469,0.14212912033398076,0.061737527976813755,0.1675267376292897,1,TRUE,TRUE
expect_focus_cambio_ny,expectativas,1,2,0.1006655195015614,0.0739067282523428,0.14703435201875759,0.045666244770685184,0.17908073237758898,1,TRUE,TRUE
expect_focus_cambio_ny,expectativas,1,3,0.10153656898046967,0.0741493195605438,0.15110932921449374,0.04338709090436425,0.18727461287218647,1,TRUE,TRUE
expect_focus_cambio_ny,expectativas,1,4,0.09762501337879705,0.06696029818562253,0.1521596500924322,0.0343881829623959,0.18838944603513497,1,TRUE,TRUE
expect_focus_cambio_ny,expectativas,1,5,0.08269707950158676,0.04863283906941496,0.14284320038987414,0.013197182262501713,0.18185395539175048,1,TRUE,TRUE
expect_focus_cambio_ny,expectativas,1,6,0.07147809371199172,0.03641341841349683,0.13663595684329122,0.003804984843483584,0.17773690806155948,1,TRUE,TRUE
expect_focus_cambio_ny,expectativas,1,7,0.059484181509494194,0.024949068224410655,0.12926925537269862,-0.008322157816608031,0.17914508599917678,1,TRUE,FALSE
expect_focus_cambio_ny,expectativas,1,8,0.043590630357331114,0.009688189970037344,0.12342800353771566,-0.017915551829601323,0.17162910600994982,1,TRUE,FALSE
expect_focus_cambio_ny,expectativas,1,9,0.028927370031681124,-1.063832215749063e-4,0.11466753364124595,-0.02928210590104451,0.16830671389686733,1,FALSE,FALSE
expect_focus_cambio_ny,expectativas,1,10,0.015078805142876255,-0.013139734458033746,0.10638796020343685,-0.044255004659569934,0.15618371799534314,1,FALSE,FALSE
expect_focus_cambio_ny,expectativas,1,11,0.0011094901577437947,-0.02332153159907563,0.09780908256218097,-0.058094711618427254,0.14934293175729296,1,FALSE,FALSE
expect_focus_cambio_ny,expectativas,1,12,-0.01149517440999781,-0.0338962391053331,0.08636853997792207,-0.0703680820232961,0.1394325790526836,-1,FALSE,FALSE
expect_focus_cambio_ny,expectativas,1,13,-0.022805668749962146,-0.04157700379467314,0.07701980170231229,-0.0823190319857345,0.13098813617796262,-1,FALSE,FALSE
expect_focus_cambio_ny,expectativas,1,14,-0.03316704110787519,-0.050781011536734796,0.06888629813678333,-0.09070039941732175,0.12354941426418727,-1,FALSE,FALSE
expect_focus_cambio_ny,expectativas,1,15,-0.04227084272770602,-0.0606550843120196,0.06133593529197741,-0.09929318877911744,0.11499859977684619,-1,FALSE,FALSE
expect_focus_cambio_ny,expectativas,1,16,-0.05015322638199911,-0.06915089024801883,0.05263089320420133,-0.10512191227439872,0.10573413862289607,-1,FALSE,FALSE
expect_focus_cambio_ny,expectativas,1,17,-0.05698387738028654,-0.07558303353985477,0.04401925525828055,-0.11250561083407178,0.09637899811080522,-1,FALSE,FALSE
expect_focus_cambio_ny,expectativas,1,18,-0.0627614301791571,-0.08141706591372214,0.03552605421734009,-0.118964550316704,0.08807657062143445,-1,FALSE,FALSE
expect_focus_cambio_ny,expectativas,1,19,-0.06753148193469878,-0.08635892963642061,0.02944146215046926,-0.12625096582696108,0.08338077109455189,-1,FALSE,FALSE
expect_focus_cambio_ny,expectativas,1,20,-0.07138946762655544,-0.09015335001426084,0.023378366049793667,-0.13253000517427466,0.07279104878793892,-1,FALSE,FALSE
expect_focus_cambio_ny,expectativas,1,21,-0.07439741982922439,-0.09477843654289657,0.015573321193806902,-0.1373515430900538,0.0683149441668868,-1,FALSE,FALSE
expect_focus_cambio_ny,expectativas,1,22,-0.07660434785108913,-0.09765610355146634,0.010489182702360982,-0.14226730050788763,0.06241227464564425,-1,FALSE,FALSE
expect_focus_cambio_ny,expectativas,1,23,-0.07806942610029259,-0.10121148768191868,0.0074874672464655175,-0.14429448725744912,0.05466207202445598,-1,FALSE,FALSE
expect_focus_cambio_ny,expectativas,1,24,-0.07885184105792266,-0.10279829777342708,0.0038125704768094204,-0.14844238758647543,0.053237114578477095,-1,FALSE,FALSE
expect_focus_cambio_ny,expectativas,1,25,-0.07899940817005484,-0.1032759775585943,0.0016581550968767223,-0.1448411900421457,0.047929845717202005,-1,FALSE,FALSE
expect_focus_cambio_ny,expectativas,1,26,-0.0785592388684893,-0.10444521669965211,4.707546373050428e-4,-0.1464078937738105,0.04644800425106926,-1,FALSE,FALSE
expect_focus_cambio_ny,expectativas,1,27,-0.07758246827833683,-0.10459100679579189,-0.0012376662278457931,-0.14543308542715042,0.04229015747903922,-1,TRUE,FALSE
expect_focus_cambio_ny,expectativas,1,28,-0.0761162869715976,-0.10485612889168866,-0.001157426446177559,-0.14450100131304658,0.043104232441863836,-1,TRUE,FALSE
expect_focus_cambio_ny,expectativas,1,29,-0.07420614422563515,-0.10310609047995842,-0.0028899892820665827,-0.1441905480480698,0.041563662477566356,-1,TRUE,FALSE
expect_focus_cambio_ny,expectativas,1,30,-0.07189959022880783,-0.10185941639633866,-0.0039291513402592475,-0.14544945680978877,0.03847519457878094,-1,TRUE,FALSE
expect_focus_cambio_ny,expectativas,1,31,-0.06924312505846462,-0.09926687238811913,-0.0036668383199173135,-0.14353313125843978,0.03636921471212146,-1,TRUE,FALSE
expect_focus_cambio_ny,expectativas,1,32,-0.06628187561967762,-0.09839790355095049,-0.0016280747773766836,-0.14350848068381863,0.036813143423956064,-1,TRUE,FALSE
expect_focus_cambio_ny,expectativas,1,33,-0.06306106326494625,-0.09819332191873001,-0.0010104211048966305,-0.1389449711485468,0.039522221495906944,-1,TRUE,FALSE
expect_focus_cambio_ny,expectativas,1,34,-0.05962491645162294,-0.09717536241257267,-4.9486175486007216e-5,-0.13469380205167092,0.039082688884878335,-1,TRUE,FALSE
expect_focus_cambio_ny,expectativas,1,35,-0.05601607443335345,-0.09552347486623379,0.0029622957851526644,-0.1326026869163961,0.038066550424601955,-1,FALSE,FALSE
expect_focus_cambio_ny,expectativas,1,36,-0.05227586443459127,-0.09407695693669807,0.0060949675472096836,-0.12838997718542486,0.04046218588861089,-1,FALSE,FALSE
expect_focus_cambio_ny,expectativas,1,37,-0.048443881809418346,-0.09113833694849718,0.0068693172412422595,-0.12694571150523035,0.04283310623867983,-1,FALSE,FALSE
expect_focus_cambio_ny,expectativas,1,38,-0.04455759443827733,-0.08821933831459619,0.009969335733933011,-0.12558642981769189,0.04454551631128376,-1,FALSE,FALSE
expect_focus_cambio_ny,expectativas,1,39,-0.04065228431256812,-0.08463018178078767,0.014319569071908643,-0.12416235938524561,0.047813754544639805,-1,FALSE,FALSE
expect_focus_cambio_ny,expectativas,1,40,-0.036760869591312015,-0.08101028173570884,0.017453050293226028,-0.12220457822247185,0.04941120953491712,-1,FALSE,FALSE
expect_focus_cambio_ny,expectativas,1,41,-0.03291371703059435,-0.07788326559138334,0.020263944097033967,-0.11848497875293429,0.05260256779761969,-1,FALSE,FALSE
expect_focus_cambio_ny,expectativas,1,42,-0.029138577165624176,-0.07520809763597681,0.024233468632785075,-0.11115080624290047,0.05624288596398899,-1,FALSE,FALSE
expect_focus_cambio_ny,expectativas,1,43,-0.02546053538552416,-0.07225895688759104,0.02832543087270449,-0.11025612597430602,0.059204458046692963,-1,FALSE,FALSE
expect_focus_cambio_ny,expectativas,1,44,-0.021901970607018144,-0.06937259800604476,0.030618605320869116,-0.1065248998455742,0.06579143828895477,-1,FALSE,FALSE
expect_focus_cambio_ny,expectativas,1,45,-0.01848256163372988,-0.06627242713368503,0.03311634774257944,-0.10234654564307571,0.06959713914146078,-1,FALSE,FALSE
expect_focus_cambio_ny,expectativas,1,46,-0.015219324247883788,-0.06256427863861763,0.03660682408909737,-0.09879061223264944,0.07327579009186243,-1,FALSE,FALSE
expect_focus_cambio_ny,expectativas,1,47,-0.01212666286424678,-0.06007432127467011,0.03958488910522956,-0.0942529593929741,0.07728452484807476,-1,FALSE,FALSE
expect_focus_cambio_ny,expectativas,1,48,-0.00921644370878176,-0.05698671853767279,0.04226765483363998,-0.08937314428484472,0.08285659748922732,-1,FALSE,FALSE
