p,variable,h,point,lo68,hi68,lo90,hi90
4,yield_3m,0,0.0038861315035359054,0.0037106013658489726,0.004193465670903045,0.003547756305431939,0.004384099874694094
4,yield_3m,1,0.004697686435338788,0.004145709364662204,0.0052885476240403335,0.0036687972299731075,0.005660310762419033
4,yield_3m,2,0.005756454046813674,0.0047166584798155,0.006510120438647442,0.00404581372725467,0.00706399931605126
4,yield_3m,3,0.006679308037585802,0.005251207869955109,0.0077233440035482746,0.004323923947043257,0.008455398784262552
4,yield_3m,4,0.007122805860897233,0.005147024656649226,0.008553258802493507,0.003948670390123773,0.009480263236235876
4,yield_3m,5,0.007476630620097355,0.005274564748936898,0.009463365342483994,0.0037130763236059095,0.010665484536771673
4,yield_3m,6,0.007736966905354449,0.005418185177112907,0.010230339488693403,0.0036450975524090845,0.011652996980808596
4,yield_3m,7,0.007697000553576932,0.005369177304795475,0.010760813317881167,0.0033985526151641176,0.012600282499442594
4,yield_3m,8,0.007573176965285078,0.00530424880437565,0.011275699259283378,0.0033155232807143375,0.013360612802594186
4,yield_3m,9,0.0073394181618132905,0.005172996758437991,0.011667853719443655,0.0029703677847973094,0.014042824711108534
4,yield_3m,10,0.006965525262705376,0.004993475957191449,0.01185125090759297,0.0027998955890973366,0.01439206861183916
4,yield_3m,11,0.006538053100063661,0.00469257365934824,0.01203053938611619,0.0023775107974049994,0.014733592663187498
4,yield_3m,12,0.006046650608816864,0.00418940132198422,0.011888194671238583,0.0021132699233116473,0.014822911500269348
4,yield_3m,13,0.005494170539591018,0.003959605411895224,0.0115710845660596,0.001838631927086094,0.014904386855438679
4,yield_3m,14,0.004910676796592702,0.0033902813565400663,0.011203800260808527,0.0013236334349389183,0.014774819628614287
4,yield_3m,15,0.004297907496937608,0.0029913195724784337,0.010873055150352303,8.029986985082173e-4,0.014505994336657915
4,yield_3m,16,0.003663119511141278,0.002403398589926866,0.01041106495396072,3.50784686940683e-4,0.014270023852397767
4,yield_3m,17,0.0030194009486952116,0.001957986860600826,0.010074393562365237,-1.7107745288826192e-4,0.013921081166117795
4,yield_3m,18,0.002371718550572901,0.0014978057468225847,0.009525647336221759,-6.264259140124184e-4,0.01343688406808209
4,yield_3m,19,0.0017266365667815678,8.408882493927406e-4,0.008981002125251611,-0.0011431322814492936,0.013193391790362777
4,yield_3m,20,0.0010913357794083815,1.0137960330365467e-4,0.008385964570526686,-0.001716752354239646,0.01247919570216398
4,yield_3m,21,4.7055021507867647e-4,-4.953976177621233e-4,0.007752227211849788,-0.0023152294388898726,0.0121327054432624
4,yield_3m,22,-1.3066532818476763e-4,-0.001048574299031315,0.00714190397285007,-0.0029165287803339527,0.011534444186441516
4,yield_3m,23,-7.07743800066212e-4,-0.0015558959165914085,0.006646572898849742,-0.0035784087619123175,0.010747220847120343
4,yield_3m,24,-0.0012570472862733783,-0.0020809546876445497,0.005942730744909847,-0.0039661892415070845,0.010122305862769689
4,yield_3m,25,-0.0017751641728392207,-0.0026271280696083684,0.005332652671284402,-0.0045553045327040975,0.009287764437800649
4,yield_3m,26,-0.002259292774204088,-0.0031477751920247544,0.004580000632531486,-0.005147544376232456,0.008662576684787603
4,yield_3m,27,-0.0027072122490751165,-0.003667420583084888,0.003977489915317305,-0.005585793484553904,0.008085546739885674
4,yield_3m,28,-0.0031171037269249312,-0.00401126276184276,0.0035638169902791764,-0.006061019694466791,0.00739704277323114
4,yield_3m,29,-0.0034876834789833245,-0.004336293512311094,0.003038403222001749,-0.006535256639875821,0.006867300721560972
4,yield_3m,30,-0.0038181338309641656,-0.0046441937912254155,0.002688292863411013,-0.007004107050040776,0.006220524103379349
4,yield_3m,31,-0.004108039884599619,-0.005017574744766128,0.002449843497790488,-0.007391297961619284,0.005838497386021613
4,yield_3m,32,-0.004357415175692426,-0.005310031255601606,0.0020077257598593435,-0.007823791111183427,0.005483944818238328
4,yield_3m,33,-0.004566646413540608,-0.00561017967332882,0.0016606120628406642,-0.008263106998038795,0.0050366847724778955
4,yield_3m,34,-0.004736452788995655,-0.005685339891015562,0.001403747273296613,-0.00840928213635238,0.0045943241272758135
4,yield_3m,35,-0.004867870307489445,-0.005882557839343558,0.0010801064425618617,-0.008589767056255209,0.004193670879559314
4,yield_3m,36,-0.004962208405494807,-0.005936328080404449,7.339659353389489e-4,-0.008674831662872659,0.0039287680190618025
4,yield_3m,37,-0.005021014347480381,-0.006103176787526173,5.235054333470138e-4,-0.008808274636444492,0.0036468201649353152
4,yield_3m,38,-0.005046045111847465,-0.006209926161755889,4.4856575135323803e-4,-0.008802651164759987,0.003488289507468426
4,yield_3m,39,-0.00503923175977108,-0.00613322915270904,2.0328995332432936e-4,-0.008784549188986794,0.0032767592204151863
4,yield_3m,40,-0.005002647625267441,-0.006080348056379502,1.0601061038491397e-4,-0.00880910288864646,0.0030614683103275062
4,yield_3m,41,-0.00493847954471547,-0.006096054966498637,1.292436118927096e-4,-0.008742727473489665,0.002942889682508702
4,yield_3m,42,-0.004848998340274488,-0.006027856410552827,1.85978700884277e-4,-0.008634594570336161,0.0028559099458462037
4,yield_3m,43,-0.004736531760079785,-0.005982339683543428,1.6960150533714037e-4,-0.008463579244377992,0.002760666260966243
4,yield_3m,44,-0.004603439477472667,-0.005948472893846253,2.6969739898292656e-4,-0.00825117539796773,0.002721792620439488
4,yield_3m,45,-0.004452089375582841,-0.005898699204691897,3.971061671712012e-4,-0.008003290503974744,0.0026825415289277905
4,yield_3m,46,-0.00428483591422604,-0.0057527039880113755,4.5501141838831955e-4,-0.007843979190893701,0.002645159465566023
4,yield_3m,47,-0.004104000390170179,-0.00561728862139332,5.957326480461783e-4,-0.007869414622556,0.002591693015660651
4,yield_3m,48,-0.003911852989661889,-0.005525420809921025,6.901476848499166e-4,-0.007530398400273596,0.0026298507927655945
4,yield_6m,0,0.005,0.005,0.005,0.005,0.005
4,yield_6m,1,0.006106291484822624,0.005325850433028682,0.006679902374653181,0.004891498909109532,0.007047518385557234
4,yield_6m,2,0.007131819726487489,0.00575013543550387,0.007960660927063863,0.004963760716863515,0.008716432721298751
4,yield_6m,3,0.008215131114005793,0.006390119483952699,0.009306723024056322,0.005292185592570423,0.010154923939802187
4,yield_6m,4,0.008676323309549615,0.006341922676436339,0.010293928465708771,0.004947922053136752,0.011315604495512782
4,yield_6m,5,0.008900104790380841,0.0062241125715320495,0.011127707006661797,0.0046169230055718965,0.012512257940039554
4,yield_6m,6,0.009067284580169267,0.006466504035191797,0.011900955774849212,0.004531288611270753,0.013681249176982069
4,yield_6m,7,0.008915967995547544,0.006232822721322758,0.012724107117283332,0.004289666827474578,0.014699191461046085
4,yield_6m,8,0.008619809267568185,0.006106297363620532,0.013056075354127755,0.003989025113471495,0.015485011033369744
4,yield_6m,9,0.00821714459465224,0.005923286013487777,0.01327869057327788,0.0034952683542987025,0.016104274441339227
4,yield_6m,10,0.007681540836704695,0.005458451628332003,0.013444056782168937,0.0032044968174974355,0.016632934154528357
4,yield_6m,11,0.007082454222257943,0.00490375919542171,0.013373924546731678,0.00279735896289042,0.016966728678064057
4,yield_6m,12,0.006425628144666768,0.004576410705854065,0.013182765947917272,0.0023974647651952194,0.017327686165207995
4,yield_6m,13,0.005718535440086314,0.004000480798158872,0.012792520357843739,0.0017666751228135832,0.01709576056211205
4,yield_6m,14,0.004987284689523274,0.0035340603205291634,0.012400021147632332,0.0012403712039468703,0.01695891210349727
4,yield_6m,15,0.004235552937459796,0.0029593684223405015,0.011956669457966529,5.675545089660461e-4,0.01661525014409667
4,yield_6m,16,0.003472755585871563,0.0023183879662505057,0.011485358429676566,-1.8591974702491454e-5,0.01600116528699258
4,yield_6m,17,0.0027110492882495125,0.001702326953277492,0.010984595384170553,-6.1492177928935e-4,0.015603779520764178
4,yield_6m,18,0.0019550003762546036,0.001048127120477029,0.01048337147475829,-0.0012185256639373804,0.015111109733351375
4,yield_6m,19,0.0012116983440297764,2.7961494572392855e-4,0.009825032018359213,-0.0017718629799351882,0.01448346285305436
4,yield_6m,20,4.8803579125737136e-4,-3.7196524341142945e-4,0.008984012634895564,-0.002452158131043084,0.013979745712710006
4,yield_6m,21,-2.1174913678825247e-4,-9.294819644134971e-4,0.008314290203536452,-0.0031163780140369304,0.013133726111208187
4,yield_6m,22,-8.826276736229104e-4,-0.0015572053621863825,0.007530080692827934,-0.003784141840535652,0.012467801390706947
4,yield_6m,23,-0.0015201779038827073,-0.002043540911363273,0.006981965205767512,-0.0044456605323104845,0.011836625494112477
4,yield_6m,24,-0.002121120177125247,-0.002730844534442387,0.006323176385295514,-0.0052427830977436534,0.010956998570837694
4,yield_6m,25,-0.002682246003724553,-0.003343923757813591,0.0055569319230302375,-0.005697601065000841,0.010272478093775576
4,yield_6m,26,-0.003200958344787604,-0.0038718285134110965,0.004922994695246261,-0.00641870092614431,0.00960912380176622
4,yield_6m,27,-0.0036753700139564383,-0.004427276677560407,0.004304634998739412,-0.006894326041979004,0.008995624667258577
4,yield_6m,28,-0.004103983269709989,-0.0048908749888951115,0.003682776092155877,-0.007412904759215948,0.008291779137256221
4,yield_6m,29,-0.004485841033941588,-0.005340783201473751,0.0032129720081265157,-0.008096504296932238,0.007764347124255673
4,yield_6m,30,-0.0048205206770071405,-0.005671344379102385,0.0028044908223775426,-0.008260062608331922,0.007142093023237215
4,yield_6m,31,-0.0051080279122749294,-0.006005149364972968,0.0023986747297240073,-0.008694463614181386,0.006627098203825481
4,yield_6m,32,-0.005348810207689085,-0.006353820178693214,0.0019926634256830474,-0.009105404357578057,0.006270319008622243
4,yield_6m,33,-0.0055437206340849575,-0.006545263162487851,0.0016947614784196586,-0.009527781351834472,0.005661887440036216
4,yield_6m,34,-0.005693964714953516,-0.00675289695994255,0.001382380050034616,-0.009671926488903467,0.005321572990516419
4,yield_6m,35,-0.005801072655808698,-0.006815171938450501,0.0011042091581963084,-0.009564527549321071,0.004971033650105302
4,yield_6m,36,-0.005866857048537237,-0.0069322904187859476,7.646853680988942e-4,-0.009678961247818287,0.004609477830149552
4,yield_6m,37,-0.005893371963844844,-0.006987459554718561,4.6718330794654275e-4,-0.009871181257901993,0.004359759325353405
4,yield_6m,38,-0.005882877103792462,-0.006941120275394463,3.0392330797585304e-4,-0.009881725513050495,0.004075242584671436
4,yield_6m,39,-0.005837798749006409,-0.006920067556271798,2.1769302117669454e-4,-0.00970641933141477,0.003843201737239992
4,yield_6m,40,-0.005760694445743277,-0.006894120377418001,1.81947091674312e-4,-0.009755463770413293,0.0036663975422649483
4,yield_6m,41,-0.0056542197413057835,-0.006791766487354658,2.396310462387963e-4,-0.009879794869720338,0.0036262878515069047
4,yield_6m,42,-0.005521095471009107,-0.006646107367985592,2.4756811853371397e-4,-0.009623143857409821,0.0034624154162214106
4,yield_6m,43,-0.0053640783080004676,-0.006619567259386558,3.151026377890985e-4,-0.009427877181319056,0.0034415172975697287
4,yield_6m,44,-0.005185933326269035,-0.006545799976741783,4.6573631965512107e-4,-0.009185841404994661,0.0033597436081188492
4,yield_6m,45,-0.004989408337784516,-0.006477377688709058,6.658842449855046e-4,-0.009033708914522242,0.0032326196407818247
4,yield_6m,46,-0.004777210943358084,-0.006372856558526579,7.685065064994516e-4,-0.008718237233155193,0.0031836862643686193
4,yield_6m,47,-0.004551987730169766,-0.006243916244713725,8.855986262508715e-4,-0.00854895091757851,0.0033729272024894934
4,yield_6m,48,-0.00431630555612455,-0.005971241180072594,9.600878323878106e-4,-0.008428333868643062,0.0034188615809897746
4,yield_1y,0,0.006287527107151404,0.005859439699855753,0.006609608721810206,0.005588276137634041,0.00686059390197033
4,yield_1y,1,0.007708940647204405,0.006470782710696129,0.0083626918650798,0.0057850206167406664,0.009174110581726678
4,yield_1y,2,0.00847854945686531,0.006565215605897713,0.009554705360635591,0.005712577786165096,0.01057121027499946
4,yield_1y,3,0.009794147130273486,0.007469838995211064,0.011131474932679629,0.006397461176419009,0.012219935887245632
4,yield_1y,4,0.010240692082840156,0.007360447678706757,0.012218436665878657,0.005937373350336202,0.013489208794972469
4,yield_1y,5,0.010217420217402556,0.0069788548632077705,0.012822055690502203,0.005481669266019168,0.014625661770138555
4,yield_1y,6,0.010242682578001773,0.007108301640397496,0.013495137048387089,0.005315498057761489,0.01575352478474078
4,yield_1y,7,0.009937698746754653,0.00685817069725563,0.014155685305833169,0.004733918641962135,0.01684191146478898
4,yield_1y,8,0.009398314780951038,0.0065628213555990016,0.014513744178100758,0.004285072321243221,0.017662252804286932
4,yield_1y,9,0.008777756302816617,0.006147725412812718,0.014648869817867182,0.003773044406875584,0.018378465625709516
4,yield_1y,10,0.008047355055586134,0.005670410850799218,0.014635816356344764,0.0034140526565198193,0.018513328526436213
4,yield_1y,11,0.007242675835300524,0.005051508057099257,0.014337985539312193,0.002707298436025312,0.018873286632173795
4,yield_1y,12,0.006396934199640979,0.004442224087233355,0.014104675614838424,0.0021673205187277564,0.01897108919834738
4,yield_1y,13,0.005522673687953554,0.003928691324138207,0.013685482370188212,0.0014764891462558992,0.019112822274213702
4,yield_1y,14,0.0046372297308997145,0.003207855668039141,0.013200606821374871,7.134242149950155e-4,0.01858284371084068
4,yield_1y,15,0.003746866949877356,0.0025276426494135608,0.012614925628111331,1.368275462358433e-4,0.018139885314247976
4,yield_1y,16,0.0028634597423024774,0.001785575739350493,0.011999162706537775,-5.451511180154269e-4,0.01757626267535844
4,yield_1y,17,0.0019965504521861645,0.0010151236416470527,0.011273279790695794,-0.0011252901072110347,0.017019053180867223
4,yield_1y,18,0.0011493176287848761,3.633194619174011e-4,0.01057032330573222,-0.0020214126571400214,0.016320508971296423
4,yield_1y,19,3.2910072545842405e-4,-3.4261754077292403e-4,0.009802510789894412,-0.0026395951149868887,0.015709398624267772
4,yield_1y,20,-4.583029789438444e-4,-0.001061551053037272,0.008949156720284152,-0.003433849386170614,0.014967242576081974
4,yield_1y,21,-0.0012100133700976752,-0.0017147725629925261,0.008207747010786996,-0.00406082423379728,0.014048125342541197
4,yield_1y,22,-0.0019214599344972252,-0.00240976965510766,0.007396529005369675,-0.004949989868153271,0.013088428177112171
4,yield_1y,23,-0.0025888470840635396,-0.0030397969554317025,0.0068139778180921085,-0.00574307052636701,0.01228370990925276
4,yield_1y,24,-0.00320983964315307,-0.003768136944161562,0.006065272253414943,-0.006460063933803958,0.011726879130907666
4,yield_1y,25,-0.003781824249800532,-0.0044132806462020505,0.005344684589968121,-0.007111809568142208,0.010965589157213232
4,yield_1y,26,-0.004302747005646831,-0.004932401151072343,0.004733137974491442,-0.007702033922189202,0.010421233050562657
4,yield_1y,27,-0.004771436459267007,-0.0054977417805031955,0.004056060446947675,-0.00811037757355765,0.009504621435144314
4,yield_1y,28,-0.00518702008607921,-0.005959186740189751,0.003546821295462353,-0.008508432674558825,0.00868454939026243
4,yield_1y,29,-0.005549117921561803,-0.0063591148979797,0.0030089486606596255,-0.009053167217148446,0.008007906302726029
4,yield_1y,30,-0.005857952614202244,-0.006699085803822819,0.002634720514787703,-0.009800959020014205,0.007449482673881196
4,yield_1y,31,-0.006114164850108581,-0.006973954908359235,0.0022372285607562855,-0.010263357898559422,0.006920779955787425
4,yield_1y,32,-0.006318811557981727,-0.007186857369739076,0.001814504329306688,-0.01060926419511943,0.00637182502770204
4,yield_1y,33,-0.006473369710281169,-0.007379168107095388,0.0013895499902365715,-0.010668680260462773,0.005882390284436352
4,yield_1y,34,-0.006579664022141451,-0.00758893095203776,0.0011237557848594907,-0.01089897337718735,0.005434099618632289
4,yield_1y,35,-0.006639823268953873,-0.007699025139758996,8.649856815154083e-4,-0.010917124647426009,0.005124120719455688
4,yield_1y,36,-0.006656245729417758,-0.007801690208831287,5.858409845829211e-4,-0.010939106693357587,0.004914327580310617
4,yield_1y,37,-0.006631553470938426,-0.0077981756220287385,2.902929987753958e-4,-0.010937503189550165,0.004596267084743703
4,yield_1y,38,-0.006568547784983122,-0.007698970875565075,2.2312075324709053e-4,-0.01097474733165164,0.004403738576437001
4,yield_1y,39,-0.006470169047505954,-0.007618673633327447,1.9576391758174445e-4,-0.010739258676283496,0.0042884715262659035
4,yield_1y,40,-0.0063394596075141176,-0.007532681526067474,3.1154988905182375e-4,-0.010680303642782234,0.004347990821383349
4,yield_1y,41,-0.006179526753578876,-0.007382918798535133,3.672540759329843e-4,-0.010597478047625656,0.004255605344905174
4,yield_1y,42,-0.005993508304627307,-0.007179195891842137,4.894307833882255e-4,-0.010271547954679806,0.004119635497691007
4,yield_1y,43,-0.005784542508862816,-0.007134208341838291,6.53665067017465e-4,-0.010192825646812197,0.003948377879620319
4,yield_1y,44,-0.005555739540990225,-0.007122365517963137,8.761102545625319e-4,-0.009704858707865544,0.003849141275599497
4,yield_1y,45,-0.00531015533897849,-0.007231606554299735,9.475225382871101e-4,-0.009541726598132062,0.003861700249721202
4,yield_1y,46,-0.005050768947823554,-0.006876308741658385,0.0010806955091910424,-0.009295900258230875,0.003930987473361901
4,yield_1y,47,-0.004780462133457688,-0.00668186041019401,0.0011083880887293282,-0.009120200387229233,0.00394371772427805
4,yield_1y,48,-0.004502001304328131,-0.006448487097142831,0.0013643661231793438,-0.009004346602805044,0.004194673880095776
4,yield_2y,0,0.0072818768605230405,0.006360500551341575,0.008073306628978105,0.0057899870322121565,0.008697465927125524
4,yield_2y,1,0.00880090748602107,0.007025391720466557,0.009869490762463861,0.006212874580591792,0.010879956156759454
4,yield_2y,2,0.00893956547244175,0.0066614772723909395,0.010176095898502692,0.005460403996499266,0.011670568220630352
4,yield_2y,3,0.010512101426715745,0.00778882487446245,0.011815048237046466,0.006426440833996708,0.013402343780761989
4,yield_2y,4,0.010867167282974113,0.00770206785672399,0.012808990587434364,0.0060609586889813745,0.014686101265148972
4,yield_2y,5,0.010467949166188687,0.007069084119523672,0.013150691133601032,0.0055606888413343184,0.015272582364978695
4,yield_2y,6,0.010358008158253234,0.007042915900722392,0.01383223546200887,0.005472648574871643,0.016429802957783107
4,yield_2y,7,0.009914949081293103,0.006765897320971751,0.014290382208044594,0.0049264123478164395,0.0174669707225889
4,yield_2y,8,0.009132971018330613,0.006287116556778532,0.01432516129902975,0.004133621160606758,0.018175543085312582
4,yield_2y,9,0.00834525720672251,0.005903238227250841,0.01421322219927272,0.00370803127822232,0.018600215337966065
4,yield_2y,10,0.007490703043753512,0.005368991622886704,0.013977735322914568,0.0031592705661084046,0.019075408808588903
4,yield_2y,11,0.006550762650302041,0.004624189791416702,0.013677038893648116,0.0025468041671447045,0.01908215115438172
4,yield_2y,12,0.005603472124477015,0.003943024061507622,0.013285841545884967,0.001830120735373737,0.01904687344226953
4,yield_2y,13,0.004658880860871214,0.0033625735219526393,0.012962665263060181,0.0010459824332432698,0.018417967076511443
4,yield_2y,14,0.0037176165160065656,0.0026140269997893375,0.012381549640382579,4.293250708195577e-4,0.018295234930433998
4,yield_2y,15,0.0027911051577494965,0.001926546809514398,0.01180593972512033,-3.8288301017632483e-4,0.018011003985657005
4,yield_2y,16,0.0018917288333745934,0.0011866298704467056,0.011095107726191067,-0.0010386240946965702,0.017534885948689252
4,yield_2y,17,0.0010234477457525192,3.1710562148219175e-4,0.010505812616707182,-0.0018240830976692097,0.016695226403666046
4,yield_2y,18,1.875048255166811e-4,-4.120643658795686e-4,0.009615563987915793,-0.002667703621091218,0.015909146819446218
4,yield_2y,19,-6.092190280441497e-4,-0.001130756471215841,0.00894662713622066,-0.003567585844470558,0.014974384832154124
4,yield_2y,20,-0.0013632350028718663,-0.001823885909177002,0.008164001411455029,-0.0042944072880514664,0.013792398705133994
4,yield_2y,21,-0.0020737885285631334,-0.002515998428988006,0.0074102680888025445,-0.005073440366893875,0.013161732302602005
4,yield_2y,22,-0.0027371969187933677,-0.0031275501142529077,0.006594898241959336,-0.005873915055543191,0.012608357925603235
4,yield_2y,23,-0.0033508297490203853,-0.003787859300005419,0.006005737328793714,-0.006583496504874293,0.011652826008221644
4,yield_2y,24,-0.003913815175503986,-0.00439626672586369,0.005307377600765446,-0.00708895006341061,0.01107521656768685
4,yield_2y,25,-0.004424414989484835,-0.004998373439517182,0.004602244653358151,-0.007705754858551408,0.010306734143182936
4,yield_2y,26,-0.004881355900482528,-0.0055551895004424,0.003984886784329843,-0.008250572084142014,0.009442652051939168
4,yield_2y,27,-0.005284428282493733,-0.006009846968694856,0.0033902189475083053,-0.008637165647166177,0.008477367970279077
4,yield_2y,28,-0.0056335011079014065,-0.00644745492707348,0.003002889762529301,-0.009105536631370453,0.008013660367951475
4,yield_2y,29,-0.005928815097172242,-0.0067911749148166145,0.0026295275896791818,-0.009515879882088487,0.007406445427205308
4,yield_2y,30,-0.006171260120399757,-0.0070839796738847,0.0022996116176132743,-0.009855112642209816,0.0067495727202842104
4,yield_2y,31,-0.006362060536246509,-0.00724221949980329,0.001914556231723443,-0.010205598347812586,0.006124058966343717
4,yield_2y,32,-0.006502768960836879,-0.00739098671415796,0.0013344558598672807,-0.010379585576280466,0.005708866624753639
4,yield_2y,33,-0.006595337567307818,-0.007472482507614404,0.001091895864755639,-0.010790155189718476,0.005299454359318403
4,yield_2y,34,-0.006642015211200024,-0.007636862648181289,8.068785662900295e-4,-0.010831616252116821,0.005154746551321946
4,yield_2y,35,-0.006645290298980663,-0.007659813858616056,5.205222962077246e-4,-0.010981995846678607,0.004880624537064929
4,yield_2y,36,-0.00660787712607807,-0.007639130799396884,3.0451405147707703e-4,-0.010875416988448572,0.004616855554048868
4,yield_2y,37,-0.006532666953358165,-0.007570004663283794,2.2792875958104196e-4,-0.010873959671159504,0.004346694129720838
4,yield_2y,38,-0.006422677688926667,-0.0074501397159334,2.0081349911330344e-4,-0.010865101450248521,0.0043754569005277685
4,yield_2y,39,-0.006281019724130899,-0.007410907452873486,2.831107137542427e-4,-0.01086946569359643,0.0043905443316218686
4,yield_2y,40,-0.006110861352573212,-0.007316155964073657,3.7289227007119934e-4,-0.010682042892344916,0.00428506579446315
4,yield_2y,41,-0.005915391591203815,-0.007161803065868986,5.261257760958659e-4,-0.010566794957586782,0.0041924258162853965
4,yield_2y,42,-0.005697788705352178,-0.007161890396372917,6.170253473912775e-4,-0.010422917040997116,0.004053957809468604
4,yield_2y,43,-0.00546119350895784,-0.006911598178025384,8.289245165106076e-4,-0.009957339052470988,0.0039807789853665764
4,yield_2y,44,-0.005208683179177829,-0.006895598086167199,9.899991571844784e-4,-0.009857042541531925,0.0038546901791398805
4,yield_2y,45,-0.004943247940389028,-0.006771837621437566,0.001087670168260324,-0.009640366251861014,0.003945788607738975
4,yield_2y,46,-0.004667771813507382,-0.006599859541476579,0.0011629286733570669,-0.009396507114172808,0.004079463910137991
4,yield_2y,47,-0.004385015299214144,-0.006433873353959747,0.0013507649820506005,-0.009309494214195226,0.003980497537647127
4,yield_2y,48,-0.00409760029951163,-0.006222439962935803,0.0015222884051788559,-0.009036781580995567,0.004350956455416281
4,yield_5y,0,0.007483092668287027,0.006081364555642693,0.008795120184003965,0.005350075694507213,0.009911951135463719
4,yield_5y,1,0.00870836214705881,0.006495543804486304,0.010157918200280405,0.005501401823981536,0.011457774070816334
4,yield_5y,2,0.0079040526884599609,0.00548490752079419,0.009466369027399313,0.004277796553768048,0.011125573165591878
4,yield_5y,3,0.009681211070190822,0.006793025640477434,0.010962735657054863,0.005519309155282781,0.01283085925705409
4,yield_5y,4,0.00986649548728772,0.006748988391337593,0.011491239309058212,0.0051670413850826635,0.01379450861232191
4,yield_5y,5,0.009050896852285484,0.005938527131534775,0.011323848007235593,0.004339609275088533,0.01374856639393979
4,yield_5y,6,0.008867746196993166,0.005792904600286288,0.011804712428707904,0.004438987572232311,0.014076948131246117
4,yield_5y,7,0.008353483057261727,0.0055389936236849135,0.012079376332222535,0.004206552887802067,0.014810017175460507
4,yield_5y,8,0.007420172981632551,0.005001677432841382,0.011883346227846104,0.0034441665353418124,0.01511105032972005
4,yield_5y,9,0.006597850857850561,0.004507847464005578,0.011702985633974356,0.002791999462713265,0.015217581016552765
4,yield_5y,10,0.005758918676714615,0.003912608109237731,0.011484130708283214,0.0022244973629629928,0.015533187303696148
4,yield_5y,11,0.0048310179224204585,0.00332384288812087,0.011100208367580803,0.0015219192435023511,0.015433231422607526
4,yield_5y,12,0.003941215995882179,0.0026689539514231377,0.010757978790379543,0.0010217669315429954,0.015151766094895106
4,yield_5y,13,0.0030863310122097205,0.0020284977978909423,0.010140670002001459,3.783342457755531e-4,0.014732201790144268
4,yield_5y,14,0.0022478886284818035,0.0014618307030277583,0.009500428745939246,-4.40975300200494e-4,0.014536065726258984
4,yield_5y,15,0.0014434546356959959,6.662924530002632e-4,0.009028404659945666,-0.0010804392866452697,0.014222030823525328
4,yield_5y,16,6.824782627796802e-4,8.989951030362937e-6,0.008499693435593992,-0.0017566230860712533,0.013405899713926556
4,yield_5y,17,-3.82537418824598e-5,-5.584834731278155e-4,0.007915152936841374,-0.0025297831626352107,0.012881961492499249
4,yield_5y,18,-7.196691330371741e-4,-0.0012654194907624507,0.007277889025625818,-0.0032896769753069212,0.012360604126819793
4,yield_5y,19,-0.0013563759014463966,-0.0017784521018994297,0.006639187842292222,-0.0039497645620310395,0.011535773319640872
4,yield_5y,20,-0.0019480461639689076,-0.0023074809488376666,0.006015576185895108,-0.004577933168304294,0.010785793177638033
4,yield_5y,21,-0.002496476997226036,-0.0028740781865514648,0.005304663188304764,-0.005124947769451936,0.01034430034408192
4,yield_5y,22,-0.0029992608090180168,-0.003460451486000462,0.004702295306191507,-0.0055389726538344,0.009496739608736048
4,yield_5y,23,-0.003455355693036844,-0.003971383910654356,0.004107686708681066,-0.005981528047917623,0.008553987144059479
4,yield_5y,24,-0.003865651409128897,-0.0045043531365826376,0.003634398629462565,-0.006551036107790212,0.008020497293501858
4,yield_5y,25,-0.0042294422780677285,-0.00487983027312058,0.003038936284127207,-0.006957524872186328,0.007437959735526814
4,yield_5y,26,-0.004546368704904275,-0.005252570513695913,0.002615441752509377,-0.007384860414299325,0.006730547458733895
4,yield_5y,27,-0.004817253299375912,-0.005600238851623893,0.0023390512134852767,-0.007709938560306412,0.006218172297621984
4,yield_5y,28,-0.0050426616684420686,-0.005799896393427067,0.0019481892621960584,-0.008057046505382697,0.0056958693096992846
4,yield_5y,29,-0.005223350245030373,-0.005944898833157441,0.0014553876554871316,-0.00841059093170694,0.005207488875514177
4,yield_5y,30,-0.005360714563574044,-0.006128335293422919,0.0011225210883923189,-0.008676546002527775,0.005059173246618507
4,yield_5y,31,-0.0054563196397308675,-0.006264198213794605,8.089425095462441e-4,-0.008884591660382708,0.004752887653891093
4,yield_5y,32,-0.005511911410796809,-0.006356891932645639,5.76863754860124e-4,-0.009140644831196271,0.004473991662114909
4,yield_5y,33,-0.005529566309088134,-0.006360366575755279,4.154098668182995e-4,-0.00916877050365375,0.003963916653065149
4,yield_5y,34,-0.0055115533539385475,-0.006388080690939688,2.760501256103037e-4,-0.009253296041040401,0.0038015867416357
4,yield_5y,35,-0.005460274400253031,-0.0063604969464193094,1.480079719452362e-4,-0.009398907289477527,0.0034896204815681765
4,yield_5y,36,-0.005378281193975446,-0.006363730416053014,1.0972557348397978e-4,-0.00956451361011175,0.003166088184436132
4,yield_5y,37,-0.005268226876008099,-0.006305496352247622,0.00018314449623291866,-0.00955667732536233,0.0030644184667192697
4,yield_5y,38,-0.0051328172447986644,-0.006224585224457058,1.7132029827673716e-4,-0.009547264221427149,0.0031567567208022887
4,yield_5y,39,-0.004974790223941529,-0.0061994459866633565,2.617688562678627e-4,-0.009502522558709404,0.0029301930084214226
4,yield_5y,40,-0.004796889163936429,-0.006180578097709015,3.1752207002470775e-4,-0.009452683445966413,0.0030255700891964605
4,yield_5y,41,-0.004601831172453155,-0.006073921387648054,4.296625976469209e-4,-0.00905152241129377,0.003089669983005326
4,yield_5y,42,-0.004392284220062144,-0.0059931550332906,6.280348145533538e-4,-0.008883241964248627,0.003140604481365723
4,yield_5y,43,-0.004170848536776768,-0.005773050054806627,7.697430239212695e-4,-0.008900944858157267,0.002973215813107383
4,yield_5y,44,-0.003940036985139835,-0.005635925879792168,9.243591511035559e-4,-0.008649730169603527,0.0030980058236416788
4,yield_5y,45,-0.003702258532955869,-0.0054944979408974755,9.934753120044327e-4,-0.008552044310068056,0.0031092684049106433
4,yield_5y,46,-0.003459805808889499,-0.005314767231734513,0.0011514571773549537,-0.008522190859431351,0.00322109116879734
4,yield_5y,47,-0.003214843745265653,-0.005157063213649428,0.0013280653236080102,-0.008309940487775136,0.003325472776282156
4,yield_5y,48,-0.002969399997748486,-0.005049525397720477,0.0015304329066286385,-0.008040328717156835,0.003448676065120399
4,yield_10y,0,0.006763859651362868,0.005363696605644665,0.00801518905228538,0.004730204126482967,0.009260845600228985
4,yield_10y,1,0.00778630194737817,0.005702789588194134,0.009286231344914565,0.004810535809698521,0.010555201722723598
4,yield_10y,2,0.006874685555222207,0.004663262577028829,0.00846555507345653,0.0034883322994879017,0.009910406689368849
4,yield_10y,3,0.008533332951794152,0.005835710670868118,0.009908897989228426,0.004708701979244087,0.011526450082094655
4,yield_10y,4,0.008671464010286213,0.005817958228316005,0.010237879404677262,0.0044986266165737195,0.012293814072973967
4,yield_10y,5,0.007865892303225257,0.005079823122509262,0.009793291280252444,0.0035763464359341657,0.012169524291274205
4,yield_10y,6,0.007691341827392913,0.004975853826119093,0.01029610751966399,0.00366744464318819,0.012479773392498745
4,yield_10y,7,0.007211335056221789,0.004731506457029448,0.010531073162717126,0.0033895688991265036,0.012966948445223432
4,yield_10y,8,0.006343778460251217,0.004196433738675565,0.010184588627764429,0.002692188184110092,0.01305909886549752
4,yield_10y,9,0.005594935171115687,0.003703857081361386,0.01005596866382137,0.0020689010219700167,0.013057511358126871
4,yield_10y,10,0.004836159531854718,0.003201425820490554,0.009822903946587917,0.00143085190782182,0.013460247745285153
4,yield_10y,11,0.0039994168000417165,0.002578868382167792,0.009530842292507443,9.314388551441485e-4,0.01324994914864238
4,yield_10y,12,0.0032045876440486244,0.001946826688302925,0.00905176301973713,5.554395253337813e-4,0.012877237282614504
4,yield_10y,13,0.0024462400235555105,0.001443433862547189,0.008691088044193737,9.072856486861442e-6,0.012511779985308025
4,yield_10y,14,0.0017065500009378527,8.908725349232808e-4,0.008064987947199734,-5.605783671491114e-4,0.012246864560909471
4,yield_10y,15,0.001001557853842024,2.951538414361168e-4,0.007593089485076993,-0.001276697329563347,0.011781700029678512
4,yield_10y,16,3.39079424177091e-4,-2.6325323028381764e-4,0.007132645675003607,-0.0018693662497075558,0.011266377210795564
4,yield_10y,17,-2.845313193980062e-4,-8.535624214750225e-4,0.006606271691055675,-0.0025719392231593656,0.010822468125965408
4,yield_10y,18,-8.707492821607073e-4,-0.001364311206369533,0.0060719652124497925,-0.0032629404490834447,0.010404820341820217
4,yield_10y,19,-0.0014150794936992836,-0.0018437463594352876,0.005610730864329842,-0.003771373478638236,0.009626841431879175
4,yield_10y,20,-0.0019177370697369839,-0.002324239529474894,0.005117902887314364,-0.004335490261453843,0.009120027202779353
4,yield_10y,21,-0.002380926798733983,-0.0027946315629411153,0.0044311740996445925,-0.004827191166940205,0.008639502939096957
4,yield_10y,22,-0.0028027785257599743,-0.003389927850329927,0.0038876564534011783,-0.005169088867797344,0.007811155047060788
4,yield_10y,23,-0.0031826920851680514,-0.003856903283162981,0.0033120481993553176,-0.005533693730097208,0.007104719564847271
4,yield_10y,24,-0.003521872868510644,-0.004159359882571471,0.002985918105141392,-0.006177175330508397,0.0066357598706071165
4,yield_10y,25,-0.003819933259126573,-0.004586276542621868,0.002454266836855596,-0.006362360696048233,0.006120494390657864
4,yield_10y,26,-0.004076774219460863,-0.004851198804141266,0.0021113648997101984,-0.006706728291943514,0.00563006932156955
4,yield_10y,27,-0.004293383229119335,-0.005042896169089359,0.0017804097703862476,-0.006913604332746287,0.005287995003946044
4,yield_10y,28,-0.004470445191652413,-0.00521650686072624,0.0014518810056253326,-0.007227520947302583,0.004955868971874455
4,yield_10y,29,-0.004608782398194217,-0.005364446696682307,0.0010945045177975694,-0.007535203884165688,0.004543827123941301
4,yield_10y,30,-0.004709785977199639,-0.005513247373218876,7.800579879293033e-4,-0.007756598432738864,0.004346442939759634
4,yield_10y,31,-0.004774964281984513,-0.005595227256707103,5.368677551727143e-4,-0.008005436037687821,0.004049991691618258
4,yield_10y,32,-0.004805959882419267,-0.005598130715314627,4.034607457054947e-4,-0.008312525761097533,0.0037561233587142993
4,yield_10y,33,-0.0048046961450287275,-0.005602117173743881,2.495268255620713e-4,-0.00844013474006504,0.003387389236801598
4,yield_10y,34,-0.004773247218729064,-0.00564298223755166,1.6223305408788924e-4,-0.00851062166291782,0.002960197513443806
4,yield_10y,35,-0.004713785268948689,-0.005609523988405969,1.4653409839170866e-4,-0.00841298555446911,0.0027357221286542577
4,yield_10y,36,-0.004628600380862533,-0.00562507832444731,1.2754463333099325e-4,-0.008527978686975963,0.0025035704991331607
4,yield_10y,37,-0.004520057228782109,-0.005507617487493408,1.000101042776119e-4,-0.008509363825481482,0.0025357909160124096
4,yield_10y,38,-0.004390552100997381,-0.00549631190751636,1.5573182436457188e-4,-0.008467522834692291,0.00243693112516571
4,yield_10y,39,-0.004242496579483843,-0.005533929011219722,2.398957139218378e-4,-0.008423395238733105,0.0024806278530890794
4,yield_10y,40,-0.004078295036581154,-0.005390698727780282,2.9347336154229636e-4,-0.008323068696183777,0.002515018204520486
4,yield_10y,41,-0.0039003173821909195,-0.005194843071908929,3.9922636672175775e-4,-0.008053328097950571,0.002551308243465886
4,yield_10y,42,-0.0037108799994680615,-0.005128033000211909,5.948168443246503e-4,-0.008088696304125013,0.0024865700926355798
4,yield_10y,43,-0.0035122305649750315,-0.004988700379887852,7.293447984595477e-4,-0.008044817249646044,0.0024808638931393184
4,yield_10y,44,-0.003306531728425187,-0.004927097619525226,8.000206533102675e-4,-0.007778712582813513,0.0025379923357367077
4,yield_10y,45,-0.0030958475673527374,-0.00473653094777132,9.239516977936095e-4,-0.007679900897873437,0.0026818089288434166
4,yield_10y,46,-0.002882133749187683,-0.004650015844258266,0.001118325811999264,-0.007556904455504816,0.002870576484880902
4,yield_10y,47,-0.0026672285375182628,-0.0045094422121579585,0.0012123510037040266,-0.007352714832919511,0.003049751644546967
4,yield_10y,48,-0.0024528453078975056,-0.004350738926740226,0.001415969847242504,-0.007136637207005053,0.0031103662142468653
4,cambio_usd,0,0.15385505120831833,0.11342947845549267,0.1877512434952768,0.09490752244322509,0.2166332331650578
4,cambio_usd,1,0.16310072804933617,0.11850977560105788,0.21847252821047,0.08512711676558778,0.2573779334587863
4,cambio_usd,2,0.13194898839500258,0.0844769181218616,0.1969616089844254,0.04551857723736264,0.238193718266346
4,cambio_usd,3,0.13763004744550292,0.08700851634218273,0.19692510509605876,0.041743006397827964,0.24067212163395107
4,cambio_usd,4,0.1265521149429126,0.07096346882670018,0.1945990243764661,0.024980232510246392,0.23827759904548484
4,cambio_usd,5,0.09235065681310324,0.03791870019430703,0.1643227835392559,-0.00993289584243237,0.21289573785270433
4,cambio_usd,6,0.07625946770078883,0.020433378638773037,0.15774835738956222,-0.023755098325351054,0.2027287565375148
4,cambio_usd,7,0.05842612242633994,0.005474403330589055,0.14727870658261677,-0.04139856202008578,0.19052975801323263
4,cambio_usd,8,0.031900773375332946,-0.016662405404388195,0.13069024543480973,-0.06140963336033124,0.1801666794158518
4,cambio_usd,9,0.01166815591747475,-0.029948018206005924,0.11433122063465423,-0.078239407176105,0.16566461505919852
4,cambio_usd,10,-0.005985599792726855,-0.04603777596517297,0.10097574029304787,-0.092787940406292,0.1523151974231965
4,cambio_usd,11,-0.024601960743082713,-0.05813041328913802,0.09054481692203094,-0.11057419248071763,0.13551412855166556
4,cambio_usd,12,-0.03972559888860237,-0.07166877937157483,0.079472419423408,-0.1252420701721443,0.12423774566768483
4,cambio_usd,13,-0.052247091919894365,-0.08299293009575556,0.06652332655334285,-0.13705688371971836,0.11327120713165355
4,cambio_usd,14,-0.06354360298729732,-0.09427730717781405,0.05489613564241025,-0.14877915895429072,0.10053959947285501
4,cambio_usd,15,-0.07269513775338311,-0.1008027484463691,0.044051891316862844,-0.15563696162350654,0.08927700890901039
4,cambio_usd,16,-0.07990690686853183,-0.10924769962050103,0.03466403475008778,-0.16471379139354225,0.07958584214535634
4,cambio_usd,17,-0.08571608308404459,-0.11916396381935584,0.026541154742396413,-0.170495826177954,0.07097884822410924
4,cambio_usd,18,-0.090080490733415,-0.12300287239252478,0.01985104442065156,-0.17722618718487163,0.05939478417164079
4,cambio_usd,19,-0.09308781181095764,-0.12930402982737071,0.011885935545973482,-0.1835330887001072,0.05416707142059407
4,cambio_usd,20,-0.0949655819537851,-0.13093507318287942,0.007125093546466666,-0.18623419708189434,0.049804881559343844
4,cambio_usd,21,-0.0958271815886579,-0.13290914925572148,0.0018951022176875772,-0.19263038371490004,0.042616425716244286
4,cambio_usd,22,-0.09574595753668277,-0.1335943528829601,-0.0028970149855477327,-0.19052534849228545,0.0409458001007758
4,cambio_usd,23,-0.09482868487126309,-0.1350456304928953,-0.006243443903761538,-0.19099067039084724,0.037241156213537054
4,cambio_usd,24,-0.09317888890086129,-0.13504681734477803,-0.007355114621683966,-0.1906765480169048,0.033049142663190666
4,cambio_usd,25,-0.09086573977458186,-0.13569861924050564,-0.009206245888198916,-0.19143867411235377,0.03159193818040934
4,cambio_usd,26,-0.08795884309961295,-0.1351291983499205,-0.009515705879647715,-0.19051935706198697,0.031041881700775292
4,cambio_usd,27,-0.08453847999292087,-0.13320754752226385,-0.009071311282310156,-0.18700207848711778,0.03135408529407389
4,cambio_usd,28,-0.08067093931075542,-0.1301003091144028,-0.009940065158678598,-0.186478535554774,0.031588916645728465
4,cambio_usd,29,-0.07641744881614104,-0.12631802578449874,-0.007443684615672546,-0.1819244252325977,0.031031952370114774
4,cambio_usd,30,-0.07184457976201496,-0.12266358729916045,-0.0071929079144713096,-0.17862060483650202,0.03143050094234412
4,cambio_usd,31,-0.06701402032881855,-0.11882902199865449,-0.004743718279320632,-0.17277970903474435,0.03501584799679917
4,cambio_usd,32,-0.061982957986518726,-0.11727099301943315,-0.001025914888505872,-0.16706909677778378,0.036721452293910974
4,cambio_usd,33,-0.05680882203112719,-0.11354657385737062,0.0024674255896429626,-0.16373054213195568,0.03877317519365777
4,cambio_usd,34,-0.05154602560357203,-0.10931597379836294,0.00464509050478889,-0.15617960451973348,0.04240467101315238
4,cambio_usd,35,-0.04624498725436509,-0.10678137071380678,0.008697790073779311,-0.15342551196073456,0.04405226710347669
4,cambio_usd,36,-0.040953624578522134,-0.10228606405436165,0.011545997184506942,-0.14845211962769841,0.04906127238887232
4,cambio_usd,37,-0.03571648568753217,-0.09861454966451134,0.01619311508843116,-0.14515772908000585,0.051342078647099346
4,cambio_usd,38,-0.03057411722245814,-0.09360381322857772,0.022406307165440367,-0.14000893938448938,0.052285743949368545
4,cambio_usd,39,-0.025563421200786456,-0.08828855285302167,0.026206671689473507,-0.13443118327835402,0.05719306670175442
4,cambio_usd,40,-0.020717507430153215,-0.0828522333193115,0.02921633726952944,-0.1280029657217253,0.060483681804390975
4,cambio_usd,41,-0.0160654855584658,-0.07946254795223341,0.03372555554700751,-0.12446838762790369,0.06716158467973722
4,cambio_usd,42,-0.01163258453113383,-0.07540796496125549,0.03832321715756751,-0.12296720628382106,0.07343640835636327
4,cambio_usd,43,-0.007440234972729189,-0.07258092972961036,0.04214049248971797,-0.11964742766728338,0.0777477995941134
4,cambio_usd,44,-0.0035061124618585705,-0.07015792708240949,0.044313107989216664,-0.1172981320476448,0.08221977653234581
4,cambio_usd,45,1.5572506976401382e-4,-0.06754035248718315,0.04781885426991036,-0.10988095863499077,0.08467689597199404
4,cambio_usd,46,0.0035346646443164425,-0.06311922621904177,0.05142849922688024,-0.10415179336312677,0.08888964609356714
4,cambio_usd,47,0.006623373488523188,-0.05787357571205558,0.05521783631637145,-0.10216525219537921,0.09701804196841284
4,cambio_usd,48,0.009417611284939831,-0.05403761262786977,0.059010981086103406,-0.09952563390804946,0.1025990704500626
4,embi_perc,0,0.2448492382402423,0.18866016152515733,0.32555724538407105,0.1453146877109989,0.39194193829803164
4,embi_perc,1,0.24997978574183546,0.16742136260532256,0.3467789653749861,0.11966885979107457,0.419584487985408
4,embi_perc,2,0.16177774214687932,0.08692393522363477,0.2639662059441037,0.039820317364394196,0.33402106001806675
4,embi_perc,3,0.23500744603264132,0.14061922439560468,0.3186432214090224,0.0938232072974205,0.39403201614033306
4,embi_perc,4,0.23013782959173257,0.13101300552592218,0.30739778858825195,0.07814701550080295,0.38846132136179745
4,embi_perc,5,0.1805346802714181,0.09048338908153747,0.2649116583946112,0.03550846145748216,0.3381740392818242
4,embi_perc,6,0.17599113123964094,0.08932486952976629,0.2672947053628716,0.03806126297500202,0.3320774742067233
4,embi_perc,7,0.15812558854516862,0.07552613720561557,0.25736188110135755,0.031465784115529076,0.33179267400769424
4,embi_perc,8,0.12311986028282444,0.05560351662102086,0.24048874131143422,0.01142929752516832,0.31687673245651765
4,embi_perc,9,0.09976311626342606,0.044663993770954806,0.22817115072912736,-0.0013943183736063365,0.3038535172143619
4,embi_perc,10,0.07769400875813538,0.029196664619273865,0.21715719222437158,-0.011540395662430961,0.2901414633193227
4,embi_perc,11,0.05268559280665182,0.013976683509180451,0.2011670718515001,-0.029808128519278988,0.2814855320146063
4,embi_perc,12,0.03169632036927571,8.134457594815508e-4,0.18938565096523885,-0.04852302979711351,0.2669789937774162
4,embi_perc,13,0.013183846545080233,-0.01498761048681983,0.1724946962830221,-0.0662096259440683,0.2551540617160726
4,embi_perc,14,-0.00431253781807254,-0.028645485540812664,0.16016222361150836,-0.08143234658197591,0.23878592613527655
4,embi_perc,15,-0.019801431586055684,-0.041031485035772274,0.14316958531051083,-0.09753035250519562,0.22259240360667684
4,embi_perc,16,-0.03331988947611769,-0.0509857260171576,0.131037331263714,-0.116608893087433,0.20960206794429112
4,embi_perc,17,-0.045345197500733805,-0.06358127578727057,0.1151689704165218,-0.1303549266357387,0.1976018364982407
4,embi_perc,18,-0.05599685214227201,-0.07573736542295986,0.1003446494778666,-0.14453397856398417,0.183125296863073
4,embi_perc,19,-0.06520134183664844,-0.08640616373743744,0.08498682900873311,-0.15522612705641653,0.16818767669851178
4,embi_perc,20,-0.07311930241384733,-0.09730184673256216,0.07296476784374349,-0.17046131433185369,0.15402338803141877
4,embi_perc,21,-0.07994042805737907,-0.10777885910319665,0.06268727701084773,-0.18207772639530692,0.13727605027579473
4,embi_perc,22,-0.08564393360463743,-0.11692022000639984,0.050381990408189324,-0.1965737880728848,0.1256202158367844
4,embi_perc,23,-0.09027735269938834,-0.12417362508797611,0.04001083090928425,-0.20219944050751765,0.11721144104890682
4,embi_perc,24,-0.09395989676592738,-0.129766854169134,0.034466280428766795,-0.2022670083633845,0.10518764508786253
4,embi_perc,25,-0.09671137454790961,-0.13538019506740445,0.026154379837667843,-0.2118986694484527,0.0999491569413819
4,embi_perc,26,-0.09856034432580212,-0.13876909352470945,0.02035431584817404,-0.21831940801046382,0.09098120762595957
4,embi_perc,27,-0.09958103503504682,-0.14317686938931876,0.014221163422220358,-0.21827543046158915,0.08293619668935441
4,embi_perc,28,-0.09981664823829717,-0.14823901285240726,0.007013563373308025,-0.22546608788192846,0.0735783733407624
4,embi_perc,29,-0.09930751663825714,-0.15064208046115973,0.001525233321950335,-0.227437802335138,0.06722291071381034
4,embi_perc,30,-0.09811446455762694,-0.15056390804341324,-8.800463307566084e-4,-0.2261508240059819,0.061807035874907275
4,embi_perc,31,-0.09629282928833105,-0.1513031254457864,-0.004588862945109334,-0.22957478170856127,0.05484770274450336
4,embi_perc,32,-0.09389560815005882,-0.15163794813190135,-0.005113089651561292,-0.22752244057427218,0.05299963278440166
4,embi_perc,33,-0.0909827312650395,-0.1522952891170898,-0.005559104085621508,-0.22788400085451713,0.053524217957804224
4,embi_perc,34,-0.08761396530771988,-0.15184687426417287,-0.00437911790878551,-0.22452588394629777,0.04850438928903362
4,embi_perc,35,-0.08384743462332779,-0.1505787898195264,-0.0037609911533233583,-0.22621623478934402,0.04438984960799239
4,embi_perc,36,-0.07974206862314491,-0.1477745142642445,-0.005030651849082713,-0.21911996889046317,0.043756292373960316
4,embi_perc,37,-0.0753559345802202,-0.14225770534327187,-0.004253473817247765,-0.21924931494406474,0.0438619273065092
4,embi_perc,38,-0.07074497067744612,-0.13853830261458067,-5.928143173452187e-4,-0.21120816629962344,0.042517594416831964
4,embi_perc,39,-0.06596322791605819,-0.13644571193227617,0.0037248502137409525,-0.20123640545353091,0.042454669075266994
4,embi_perc,40,-0.061062480680348544,-0.13344050252525985,0.006650255651808299,-0.2025619478322278,0.04470230318958666
4,embi_perc,41,-0.05609160803645574,-0.1279674574204362,0.010409681779841095,-0.20094289905718793,0.04856130434104428
4,embi_perc,42,-0.05109642001908519,-0.12334066306087205,0.016268516515885185,-0.19963401613685083,0.04797672968385609
4,embi_perc,43,-0.04611955732528821,-0.12018808481740577,0.020917478878797476,-0.19151862617091023,0.05387549568739196
4,embi_perc,44,-0.041200268468686414,-0.11688813239878008,0.024891997048709598,-0.18671073864118354,0.05500922911211583
4,embi_perc,45,-0.036374294994236646,-0.11472091083006412,0.03176944917244759,-0.18316415156297564,0.06276116659152152
4,embi_perc,46,-0.03167387525636385,-0.11071852395447629,0.0327951926349357,-0.1797947575311081,0.06804389262586928
4,embi_perc,47,-0.027127723452816683,-0.10681182382131216,0.03864948437503325,-0.17041510468111318,0.07561319577689625
4,embi_perc,48,-0.02276103385467431,-0.10296260011420293,0.04202140783786033,-0.169137298535141,0.07828274448405609
4,cds_5y,0,30.704019331000183,24.052595950252254,38.65153839520801,19.19525689922196,46.18594228890527
4,cds_5y,1,31.836276182779113,22.429737710403984,42.08635461574703,16.78880436984536,49.00289252601633
4,cds_5y,2,22.91142201731871,13.763474125112783,33.20005922870909,8.714362721177583,41.12808950126217
4,cds_5y,3,30.584546587253822,19.57584760118674,39.21097966963114,13.442726822797551,46.84924417617402
4,cds_5y,4,29.971820012060217,18.40901063831094,38.474923005538805,12.396818207522195,46.4264344811088
4,cds_5y,5,24.267861203615464,13.370773571493661,33.57229272115199,6.737464557256711,40.83495175053936
4,cds_5y,6,23.533517249416555,13.130881081449594,33.757636995107944,6.916212264605264,40.96095905146943
4,cds_5y,7,21.29527214992363,12.024171151261507,33.06322135835202,6.40961499376231,41.57602151268196
4,cds_5y,8,17.06370129056539,9.034877426530187,31.3416346716295,3.6826051772439263,40.49353079302769
4,cds_5y,9,14.138722399252465,7.588941258399999,30.39771385159638,3.029460899944507,39.18783059116487
4,cds_5y,10,11.352268192918997,5.916783150578359,29.1431155169179,1.0438647503347094,37.85964690243226
4,cds_5y,11,8.202770110731333,3.92361444534253,27.09377493628119,-1.271714099079706,36.44992513131014
4,cds_5y,12,5.525327795314586,1.807087347447528,25.059165391262304,-2.9389235274998255,35.2232086948427
4,cds_5y,13,3.1325767677916896,0.1743549589991722,23.268480544551043,-5.364438756317837,33.42111238339606
4,cds_5y,14,0.8436031636919511,-1.2894790704241412,21.51299339751205,-7.69078050733141,32.33920281738443
4,cds_5y,15,-1.2072177893837945,-2.8839790193114303,19.955194568676923,-9.870442615341052,30.96624278494599
4,cds_5y,16,-3.028076597846253,-4.639719013571256,18.02320951645109,-11.716634658523848,29.45595972728794
4,cds_5y,17,-4.67830829585917,-6.3777327742063274,16.4859825256118,-13.320064860830932,27.187783897141173
4,cds_5y,18,-6.162684957649874,-7.739023053649328,14.678176241371244,-14.93845908707354,25.02624976653754
4,cds_5y,19,-7.472852804939045,-9.338485860512105,13.008306543689592,-16.566719621063218,23.526037655941643
4,cds_5y,20,-8.627855085395888,-10.856613327094054,11.483053368496222,-18.81228984659201,22.072516957606176
4,cds_5y,21,-9.645716942265661,-12.039252048554415,9.736538040287634,-20.616340458981217,20.382139707445603
4,cds_5y,22,-10.523134925183742,-13.258205340854797,8.214927971168677,-21.594195593879064,18.431682600660373
4,cds_5y,23,-11.264987034977983,-14.281339074993939,7.002202037567251,-22.391794297117457,16.94093487079207
4,cds_5y,24,-11.88319660297698,-15.16794248058565,5.98042221638606,-23.451365313166846,15.757302823626288
4,cds_5y,25,-12.379203196291863,-15.796676342857484,4.727691110605119,-24.397987979089216,14.950276654923567
4,cds_5y,26,-12.755744883307086,-16.315782521980694,3.8914757868171748,-25.111268594950747,13.678674366073933
4,cds_5y,27,-13.020641298882392,-16.93615631460377,2.9168831323085467,-25.548608278273594,12.155210662087072
4,cds_5y,28,-13.17851306419409,-17.55288962678,2.083832172505765,-25.035884560741646,10.959307821527227
4,cds_5y,29,-13.233883372510123,-17.912984570048664,1.3340412294574115,-26.17944459547828,10.592918564695616
4,cds_5y,30,-13.19373095173886,-17.868140095019903,0.6329029768314496,-26.390544525983035,9.777302318658949
4,cds_5y,31,-13.064590448444239,-18.243581360304933,0.6210681445871652,-26.360506410858275,8.802649345513897
4,cds_5y,32,-12.85288943646579,-18.052710576359186,0.3131164416584668,-26.686200056537857,7.934701363867149
4,cds_5y,33,-12.565979622471236,-18.38581797165661,0.07279056711416705,-27.188517784938995,7.3721928416207065
4,cds_5y,34,-12.211309047184441,-18.42581739965853,0.14458124573920156,-27.368385468860904,7.350394007969135
4,cds_5y,35,-11.79623903475913,-18.170343473361175,0.11342318505373278,-26.972790981280028,6.787529340632257
4,cds_5y,36,-11.328313732065743,-18.006220232418404,0.24859100144506263,-26.0187036997409,6.784483705639143
4,cds_5y,37,-10.815046793090993,-17.690806212044606,0.33512874669588993,-25.546628883386756,6.089248712701991
4,cds_5y,38,-10.263762284906848,-17.469963187505357,0.4778914276678786,-25.054632144807492,5.908380897652464
4,cds_5y,39,-9.681613850255793,-17.00589849967086,0.6913519406290636,-25.084548560828058,6.0088331399763195
4,cds_5y,40,-9.075523859491648,-16.478763199600895,1.1015629406102612,-25.0359873013124,5.748748053449757
4,cds_5y,41,-8.452100372604576,-15.8393020788645,1.5750857969028966,-24.955324806524807,5.940767078773321
4,cds_5y,42,-7.817608897770042,-15.54848483540966,2.215555578899086,-24.77478717240007,6.1899773095708595
4,cds_5y,43,-7.177949880563739,-15.165369441662202,2.581645312211727,-23.92761487171971,7.027174609824762
4,cds_5y,44,-6.538623832873826,-14.967827484283488,3.2104799582424026,-22.969334599593267,7.541736171544968
4,cds_5y,45,-5.904710991459752,-14.37702291326495,3.5964470606951044,-22.54474793415702,8.33138695774706
4,cds_5y,46,-5.2808642391783405,-13.828679322286112,4.10190958668065,-22.28038881366814,8.82436727906376
4,cds_5y,47,-4.671300113615523,-13.56930048668485,4.874406736300011,-21.418759468437518,9.644266531971999
4,cds_5y,48,-4.079793954298028,-12.768576389479772,5.3131874148408835,-21.0949670761883,10.28435513134288
4,asset_ibov,0,-0.9679848905934691,-3.409703274208134,0.3081095474464708,-5.03313620334802,1.5631850676433807
4,asset_ibov,1,-1.3781977229146034,-2.646876193819539,0.7154474529931429,-3.706562151791379,2.071425305750808
4,asset_ibov,2,1.8927024691324086,0.3179845602673999,4.213871531767372,-0.8442450958111779,5.704002643839158
4,asset_ibov,3,-0.10056072341812056,-0.8581759853680715,2.940117405846979,-2.1905821115107753,4.151262531871642
4,asset_ibov,4,-0.030014824072318376,-1.0385731346503284,2.602550470786229,-2.033932744996997,3.83428560498504
4,asset_ibov,5,1.1592781878194531,-0.08333432373317354,3.4959253604360736,-1.4282387130560703,4.835056966406363
4,asset_ibov,6,1.1906273022551785,-0.29501865769278707,3.276799667677624,-1.630859908274742,4.656084990487014
4,asset_ibov,7,1.2269441886594348,-0.483548841782955,3.1385236651620962,-1.7686360630070994,4.618779009974433
4,asset_ibov,8,1.71809403709313,-0.08759114942917419,3.5439838632458254,-1.4268000215475625,5.090815822172527
4,asset_ibov,9,1.882960823129554,-0.04031008881638429,3.750958768987386,-1.5425131835489836,5.285328356143764
4,asset_ibov,10,1.8507273024848903,-0.13554437893300386,3.780749514207823,-1.655682288918282,5.507475504812002
4,asset_ibov,11,1.9112703728791762,-0.09140587794057001,3.9243934476197335,-1.5054754992560628,5.74715585586327
4,asset_ibov,12,1.888795073141666,-0.16874261454208975,4.03067149792302,-1.582237676939418,5.990564170962042
4,asset_ibov,13,1.7726502973689158,-0.23817078904568056,4.0414253836804965,-1.6464392210443513,6.234890479529392
4,asset_ibov,14,1.641801807487405,-0.252788948372096,4.099870612779097,-1.7238406588134845,6.315197613053091
4,asset_ibov,15,1.48877135394387,-0.28926737324799073,4.0910272647240316,-1.6704748293977092,6.406597215074556
4,asset_ibov,16,1.2985691170489517,-0.393264724010019,4.108298841032701,-1.864852382513037,6.368457134300555
4,asset_ibov,17,1.0905069083833392,-0.49207150226945423,4.099300922986039,-1.9383519951189159,6.336994469031974
4,asset_ibov,18,0.8771300932934146,-0.6540969554564556,3.9917240819988913,-2.052808340201836,6.3075886359467415
4,asset_ibov,19,0.6544350478358617,-0.7453339547844875,3.8617520894487427,-2.1581939823107783,6.249482446757625
4,asset_ibov,20,0.42739029885448143,-0.9272308076910587,3.7272369864737,-2.250210455116808,6.112193865970693
4,asset_ibov,21,0.20385738529448907,-0.9949106823411118,3.5893597628146443,-2.4646322424156093,5.989292855513721
4,asset_ibov,22,-0.015883918225996097,-1.117605982024615,3.4426898423196555,-2.566218741321903,5.792067632034161
4,asset_ibov,23,-0.2304882703990097,-1.2813191820093648,3.2858763452970345,-2.7654909310242966,5.654426583565964
4,asset_ibov,24,-0.43610425668617925,-1.4372854461411604,3.123277187492033,-2.8775142025215144,5.477500251950769
4,asset_ibov,25,-0.6317102375886285,-1.569763036401915,2.9635095756097667,-3.010220207599317,5.201781042739658
4,asset_ibov,26,-0.816747512181009,-1.6634652034204338,2.8310820308606393,-3.10400610790741,5.082487876593134
4,asset_ibov,27,-0.9895140212687,-1.8366197599167233,2.6815164892626084,-3.209218185117607,4.92644463944841
4,asset_ibov,28,-1.1492201265979562,-1.9570780563755985,2.497409067153798,-3.296994054209528,4.749911334180511
4,asset_ibov,29,-1.2955723033492044,-2.037310483575605,2.3477016924431426,-3.346410055221671,4.5683557374437225
4,asset_ibov,30,-1.427946640380098,-2.1335582179863515,2.205798946822657,-3.440602697770716,4.38199241153801
4,asset_ibov,31,-1.5459895307461087,-2.238983319581507,2.075915043764286,-3.571920199790071,4.269282913512703
4,asset_ibov,32,-1.6496615300914699,-2.3575324973046023,1.9119162205841447,-3.571604010789262,4.143139994166329
4,asset_ibov,33,-1.738919280582691,-2.3864479130091856,1.752700774274811,-3.6237500178381374,4.029248665644997
4,asset_ibov,34,-1.8138324503683503,-2.4213094103629347,1.5794443382807248,-3.6556211866374926,3.864170518362489
4,asset_ibov,35,-1.8746502495529955,-2.487662829554118,1.45898270557367,-3.658265516844555,3.7093195922005666
4,asset_ibov,36,-1.9217039935847655,-2.504848786298367,1.4127551560131466,-3.7168930517274164,3.521080393808575
4,asset_ibov,37,-1.9554050001654226,-2.510581638771101,1.2989042211978759,-3.7148506492006583,3.4216610285117905
4,asset_ibov,38,-1.9762691416650868,-2.548691810018614,1.1671558453626953,-3.703897615473173,3.1784510895712192
4,asset_ibov,39,-1.9848899220511629,-2.550842294657898,1.0569329878883527,-3.6750449565397254,3.053766923033258
4,asset_ibov,40,-1.9819201902694457,-2.5217862399400475,1.0092850189703453,-3.6017994275130496,2.8844061983553795
4,asset_ibov,41,-1.9680722072642285,-2.4673061769447555,0.9371243073420172,-3.630288354274586,2.809304603722104
4,asset_ibov,42,-1.9441069023870958,-2.3972193560145385,0.8169291874293443,-3.6266791984672113,2.649525324847467
4,asset_ibov,43,-1.9108189879914546,-2.324170925647929,0.8047327975512366,-3.566087143530549,2.552885658473997
4,asset_ibov,44,-1.8690292613570487,-2.3326926444900833,0.7984283446627101,-3.53287490009204,2.4742637043138602
4,asset_ibov,45,-1.8195766236465645,-2.251587322837114,0.7518470101912629,-3.4627260822710166,2.4469262893220556
4,asset_ibov,46,-1.763307502032741,-2.2000447402644636,0.7081434965729643,-3.448154740505677,2.425281917124016
4,asset_ibov,47,-1.7010676656242179,-2.125605419453897,0.6542384643857403,-3.280687501530839,2.369032169604063
4,asset_ibov,48,-1.6336954092182328,-2.0583008799515654,0.6663132695764273,-3.276891634858559,2.3312420045738267
6,yield_3m,0,0.0038682612744976538,0.003659188935732788,0.0041920304898314074,0.0034440173350431453,0.004351199989979225
6,yield_3m,1,0.005054746547409631,0.004228075609127732,0.005646887662411326,0.0037359822186926817,0.006107687374114538
6,yield_3m,2,0.006243336808269892,0.004671268675035099,0.006872271933087073,0.0038375999158941306,0.007571205176715872
6,yield_3m,3,0.007249805688569731,0.005137479728863283,0.008061928580401828,0.00395393519219102,0.00914421127749568
6,yield_3m,4,0.007027331980967575,0.00433446403990409,0.008136805785479434,0.0030133911762408954,0.00951938398884926
6,yield_3m,5,0.007185944630469151,0.004238291343745946,0.008534873536080546,0.00253860815838556,0.0101512929618322
6,yield_3m,6,0.007113702371346291,0.003920118286732937,0.008932252247844396,0.0022288559854886534,0.010520725452802911
6,yield_3m,7,0.006814277702410728,0.0036138361204925374,0.009216025793854589,0.0016350483398644602,0.010963665262220344
6,yield_3m,8,0.0065930328220613265,0.0033408130032370337,0.009457698666773784,0.001393696991584965,0.011385172540615284
6,yield_3m,9,0.0061313335596685035,0.002889632880311963,0.009543371338533835,0.0010248009467163375,0.01167893621466972
6,yield_3m,10,0.005812664832813171,0.002746425123331605,0.009674203378979998,5.707949839709012e-4,0.012220079473115158
6,yield_3m,11,0.005422532345026512,0.0024749472915442773,0.009702924610803078,2.1872428048645112e-4,0.01240388957803128
6,yield_3m,12,0.004996719634453298,0.002182031646341312,0.009742367254113583,-1.9867564963790542e-4,0.012580018989585474
6,yield_3m,13,0.00463108611857074,0.001987688013842107,0.00962256927888246,-6.090877022575867e-4,0.012731480221536248
6,yield_3m,14,0.004198819036105242,0.0015094001149466442,0.009541499610483162,-8.531019991259192e-4,0.012670354564308463
6,yield_3m,15,0.0037979340184410818,0.0012704098121551716,0.00942536071721614,-0.0012348079267319575,0.012706327757549062
6,yield_3m,16,0.0033757172098243895,9.656641073920577e-4,0.009366533951459075,-0.0015461835895251273,0.012781116451350353
6,yield_3m,17,0.0029007781528120457,6.327206198461145e-4,0.0091098475579553,-0.0021091807638226622,0.01257234600793181
6,yield_3m,18,0.0024304425875647357,1.0938910197606748e-4,0.00881554598781453,-0.0026708037529854984,0.012407706401551042
6,yield_3m,19,0.0019194642923878198,-3.6948772764087225e-4,0.008538248348629918,-0.0032126915297140887,0.012323072638208733
6,yield_3m,20,0.0013965426332376422,-9.2261965597331e-4,0.008237019079116755,-0.003923804455863049,0.01219704305659324
6,yield_3m,21,8.719706552852627e-4,-0.001480840160964453,0.007921675390581409,-0.004401098706180101,0.011778937912998244
6,yield_3m,22,3.2751891538868754e-4,-0.0020640489580661617,0.007488359391730372,-0.004878645703007947,0.01145774636298862
6,yield_3m,23,-2.1972904422306664e-4,-0.0025006796723955815,0.007015423929300105,-0.005525451707980597,0.010991737807568363
6,yield_3m,24,-7.699654138013106e-4,-0.003068659120341283,0.006357672730725225,-0.006434264250454431,0.010595751073429374
6,yield_3m,25,-0.001316532366504887,-0.003701843389357764,0.0058237072036830505,-0.006944357862860062,0.00996288744132808
6,yield_3m,26,-0.0018505639280129984,-0.004237721733410909,0.005357364106078493,-0.007422957535981167,0.009319454163496005
6,yield_3m,27,-0.002371952973309572,-0.004739901552322611,0.004874809130552886,-0.00771738362649841,0.008858391327977994
6,yield_3m,28,-0.002872837911844801,-0.005258584390922783,0.004391032081157522,-0.008390116829698032,0.008096318469896367
6,yield_3m,29,-0.0033507927874514925,-0.005677883466018295,0.0038452734140854154,-0.008964450411381428,0.007671444390451369
6,yield_3m,30,-0.0038019391546857666,-0.006010854744677444,0.0032570812291173707,-0.009364467909741752,0.007079300346064789
6,yield_3m,31,-0.0042208716523477255,-0.006236104372359306,0.0027609000512003753,-0.00989427551535636,0.006575849711242073
6,yield_3m,32,-0.004606218811484334,-0.006658005846545812,0.002231604117829569,-0.010363476841247292,0.005815810490869113
6,yield_3m,33,-0.004954821976664406,-0.006926443737116652,0.0018271994470235313,-0.010751613548612713,0.005489210150124321
6,yield_3m,34,-0.005264886899537766,-0.0070493555429765814,0.0014859902303746351,-0.011038582494324219,0.0050184503659701065
6,yield_3m,35,-0.005535276951825552,-0.007414842172482092,0.0012270814217730075,-0.011297661867862045,0.004643421413731038
6,yield_3m,36,-0.005764148256279101,-0.007656641703602945,7.639361945853513e-4,-0.011537586126798467,0.004224600971106859
6,yield_3m,37,-0.0059513012986508245,-0.007841288953942104,5.625728796855527e-4,-0.01197717073811647,0.0037527624500117047
6,yield_3m,38,-0.006096521742452558,-0.007945549232038437,2.7744136548951047e-4,-0.01200329814923686,0.0033008819884039688
6,yield_3m,39,-0.006199939969727044,-0.007970852071400707,-6.4394848250572275e-6,-0.012025192095157894,0.0030630453900877324
6,yield_3m,40,-0.006262395275135498,-0.008072758251262758,-1.197001312855616e-4,-0.011754485527996376,0.002930911149299546
6,yield_3m,41,-0.006284710464275957,-0.008157909319688296,-2.117900168644257e-4,-0.012060842860137762,0.002597991144532848
6,yield_3m,42,-0.006268218548987145,-0.008144487546922737,-3.939910931787323e-4,-0.012380216098598958,0.002446009334376814
6,yield_3m,43,-0.0062145417120991675,-0.008140658785253392,-4.706609570468658e-4,-0.012656601257805511,0.002211315003599277
6,yield_3m,44,-0.006125525820329376,-0.008037170471919076,-5.175944297384816e-4,-0.01258676282717446,0.0022163533085163846
6,yield_3m,45,-0.006003334334156039,-0.007923707285764213,-5.333438902633317e-4,-0.01231337655216805,0.002293900482993263
6,yield_3m,46,-0.005850218670792585,-0.007781718450622944,-5.163684233437352e-4,-0.012310323997198658,0.0024920913933632626
6,yield_3m,47,-0.00566864294709116,-0.007750560473715002,-5.05438483802133e-4,-0.012052459105447213,0.0023940437030426586
6,yield_3m,48,-0.00546121736417439,-0.007599612616482654,-3.741567573699449e-4,-0.012044910554934306,0.00245224035673289
6,yield_6m,0,0.005,0.005,0.005,0.005,0.005
6,yield_6m,1,0.006540994796769263,0.005543514133763826,0.007060929137744698,0.005055001826306898,0.007653255864596459
6,yield_6m,2,0.007814262520864207,0.005996449756142536,0.008404944627362501,0.005040392822086219,0.009154223509001951
6,yield_6m,3,0.008967861968685178,0.006464839914918839,0.00972592722290775,0.005225229619055651,0.010947715666540018
6,yield_6m,4,0.008634163735481579,0.005519642649276017,0.009689111996966475,0.003911458742498328,0.011012543881944824
6,yield_6m,5,0.008647511575173681,0.005314131082425569,0.010102087010074676,0.003421590818377953,0.011731849654581728
6,yield_6m,6,0.008518264750579619,0.0049853688271268536,0.010498267130224604,0.0030251331215005784,0.012468770221815265
6,yield_6m,7,0.008087055406926785,0.00443365973466409,0.010574037039290267,0.0023416653371140252,0.012725760633776626
6,yield_6m,8,0.0076943565982582176,0.0040570689448815676,0.010853052299123294,0.001757145160560126,0.013272947787484378
6,yield_6m,9,0.007066694082075345,0.0035916893594307962,0.01081629700491216,0.0011414779414100746,0.013538126280587547
6,yield_6m,10,0.006591777450045697,0.0031473823772319087,0.01089791648068309,6.813472532884533e-4,0.01382184224239858
6,yield_6m,11,0.006028463301713325,0.0027318927053711192,0.010874660787965803,1.6794019686866343e-4,0.014292526071700968
6,yield_6m,12,0.005424969500115189,0.0023138692015578326,0.010777555176101827,-1.9511679467354708e-4,0.014282666549684618
6,yield_6m,13,0.004906152744611746,0.0019965448118598075,0.010793509192255737,-8.547103147365051e-4,0.014666692143125824
6,yield_6m,14,0.004315070089640641,0.0014996990486237437,0.010628174836908689,-0.0012549344917563952,0.014401368281122621
6,yield_6m,15,0.0037747480619593795,0.001118734095280352,0.010373212682586824,-0.0016134364414153344,0.014352688250878149
6,yield_6m,16,0.0032258797325150253,7.100561273876277e-4,0.010115734661525155,-0.002209626453872888,0.01416977786625695
6,yield_6m,17,0.002621030409163425,2.1086878074205208e-4,0.009827001223335952,-0.0028915784279652757,0.013824946550750665
6,yield_6m,18,0.0020376730579111475,-3.1799626959272984e-4,0.009458462809236698,-0.003640952334407334,0.01372434198950523
6,yield_6m,19,0.001422094186999095,-9.330141009981003e-4,0.00910272441984256,-0.004178079572283935,0.013227647476460172
6,yield_6m,20,8.014439193548331e-4,-0.00163648876604072,0.00879656272653747,-0.004641580446236785,0.012876713500619096
6,yield_6m,21,1.921168868669056e-4,-0.002185445722674414,0.008272495039247955,-0.005295286161915016,0.012706742554332053
6,yield_6m,22,-4.312498763180889e-4,-0.0027168986400720194,0.007731917839599818,-0.0062454325169942655,0.01228764014677618
6,yield_6m,23,-0.0010519943776738055,-0.0033487198593485823,0.007350070670395917,-0.0071002459073480646,0.011675344050726831
6,yield_6m,24,-0.0016680858708984323,-0.004061293012861196,0.006729611801008065,-0.0078093316265742925,0.011103189828732114
6,yield_6m,25,-0.0022731704684768915,-0.004574851861836717,0.006084354261107024,-0.008427521132779519,0.010436677004411673
6,yield_6m,26,-0.002858362461903007,-0.005137554807579344,0.005552069842970769,-0.008810082190399035,0.009898593349177942
6,yield_6m,27,-0.0034238726752969396,-0.005865792630355989,0.005002832016468873,-0.009177296341362898,0.009269002508718366
6,yield_6m,28,-0.003961486172597215,-0.006247352848629051,0.004495313270781869,-0.009681966548367208,0.008627473978815992
6,yield_6m,29,-0.004469082313411362,-0.006714708406882179,0.003909720537782865,-0.010385392124445992,0.007990553602381413
6,yield_6m,30,-0.004942733324767952,-0.007119195242542219,0.003333992807663963,-0.010836304743132253,0.007285333657293749
6,yield_6m,31,-0.0053765508587823975,-0.007293230114175823,0.002745217752130193,-0.011350449993545736,0.006535155411384505
6,yield_6m,32,-0.005769680465760551,-0.007612812107608386,0.0023073284797100824,-0.011728833374206455,0.006139469023387075
6,yield_6m,33,-0.006119107797324495,-0.007975376894607745,0.0018729874704873962,-0.012453484866327594,0.0055622782636985495
6,yield_6m,34,-0.006423178691459354,-0.008129382484942101,0.0015107300720792703,-0.012434109425929214,0.00517343597214957
6,yield_6m,35,-0.0066811707946886805,-0.008468830086339758,0.0010477986845362857,-0.013421938341532496,0.004693195447948972
6,yield_6m,36,-0.006891382299963186,-0.008686108734988648,6.958192300934726e-4,-0.013644654275633501,0.004281698947584679
6,yield_6m,37,-0.007054035246763323,-0.008902527158986713,3.8088656889833056e-4,-0.013495138111108255,0.004212901771935176
6,yield_6m,38,-0.007169420464063256,-0.009161980325990604,1.3697950551028933e-4,-0.013848496849053772,0.0037232312746369777
6,yield_6m,39,-0.007238069203278839,-0.009199391795714572,-5.528397243836259e-5,-0.01415270468442064,0.003361110873529469
6,yield_6m,40,-0.007261327921041833,-0.009208248825255507,-1.2428386471105134e-4,-0.014351435147574818,0.003132690432704757
6,yield_6m,41,-0.007240509968862578,-0.009080535362139989,-2.5108092408610526e-4,-0.01394877270321528,0.0027395533484358497
6,yield_6m,42,-0.007177439836429939,-0.009002100374357853,-3.679465726401768e-4,-0.013893625906698319,0.002664909211057137
6,yield_6m,43,-0.0070742607736519305,-0.008979085412957541,-5.266563958926687e-4,-0.013994024924022347,0.002583386575048499
6,yield_6m,44,-0.006933336223052635,-0.008802876877587995,-4.986959729913104e-4,-0.014011629797797898,0.0027271564825493365
6,yield_6m,45,-0.0067573434336755155,-0.008659760803377286,-5.100994295676288e-4,-0.01388185036445938,0.0029287247654287665
6,yield_6m,46,-0.006549016109004878,-0.008542960097744379,-4.6092356825659615e-4,-0.01375843781214082,0.002916281793764076
6,yield_6m,47,-0.00631129487529112,-0.008468375931498516,-3.5370659549786734e-4,-0.013571847314112354,0.0028118007041534163
6,yield_6m,48,-0.0060472558256067,-0.008391962327003255,-1.8977114527724752e-4,-0.013441766807048039,0.0026904810665617156
6,yield_1y,0,0.006334123738855861,0.0058902434979991826,0.00675231872380244,0.005680991526869425,0.007088428486253389
6,yield_1y,1,0.00821704125094822,0.006817802713547327,0.008860562107812152,0.006228043712123167,0.009819745438107375
6,yield_1y,2,0.009389515356431797,0.007103216121993648,0.009998978404751916,0.006053797160755245,0.011209479064674026
6,yield_1y,3,0.01075293972006231,0.007811176233524626,0.011598603633640852,0.006447982159131251,0.013037868663288155
6,yield_1y,4,0.010298898382423172,0.006665201226698229,0.011355976860345349,0.005019101518213514,0.013232794250397412
6,yield_1y,5,0.010103770352671694,0.006318507691370866,0.011528392829243195,0.004256801439457683,0.013744822424160127
6,yield_1y,6,0.009894531316783528,0.005896168384843637,0.011918345844374116,0.0037782596458493687,0.014429655355506
6,yield_1y,7,0.009288017500696915,0.005199187091527596,0.011987597033031247,0.0028637365472288174,0.014768856095611115
6,yield_1y,8,0.008669208748967091,0.004631536150398865,0.011952646070479096,0.002117567954787675,0.015134365906113952
6,yield_1y,9,0.007834044621499373,0.004002309903744485,0.011859018930138032,0.0015445589297044659,0.015413012222466195
6,yield_1y,10,0.0071612582582770545,0.003454033132508744,0.011955978334256248,9.388818248956968e-4,0.015577472676325019
6,yield_1y,11,0.00639198732852784,0.002815876514676568,0.011951395789733888,2.130593850935343e-4,0.01582083753325337
6,yield_1y,12,0.005562136461414771,0.0022332826151928017,0.011729238072481114,-5.764610216519717e-4,0.01591765773967027
6,yield_1y,13,0.004861293704944614,0.0016336712299364468,0.011437714981454883,-0.001246144393096443,0.015636282131507993
6,yield_1y,14,0.004087594751731733,0.0010778396294652832,0.01104948591203438,-0.001902807075040811,0.015381461019353
6,yield_1y,15,0.0033849549657702306,6.202057209626925e-4,0.01058121925310385,-0.0023451114313833344,0.015276700965230684
6,yield_1y,16,0.0027004240048323696,2.3267406524778354e-4,0.010396764464635439,-0.003037541126696636,0.014927076963100853
6,yield_1y,17,0.001955956813978108,-6.040498892990728e-4,0.009899392741827063,-0.0038565876593263542,0.014751751942114385
6,yield_1y,18,0.0012572185314035427,-0.0012061730229595948,0.009438948330951486,-0.004632005738643985,0.014442712486634032
6,yield_1y,19,5.445236960803042e-4,-0.001791463228131934,0.00912873789532808,-0.005174309412028889,0.014145817700451029
6,yield_1y,20,-1.6438723535226296e-4,-0.0024401702593375486,0.008819186839208633,-0.005889158585120761,0.013522981616026098
6,yield_1y,21,-8.424880981880913e-4,-0.003043555965849245,0.00835927919073148,-0.006761130018019225,0.013021677221270001
6,yield_1y,22,-0.0015248089837555903,-0.0037148558089586405,0.007797225738792437,-0.007703870264117261,0.01264410601473371
6,yield_1y,23,-0.002196886862168946,-0.004214972188636082,0.0072143728830212864,-0.008488165324519351,0.012040885076605641
6,yield_1y,24,-0.002852976487893794,-0.004826721212902803,0.0066387427402093135,-0.008948047620075386,0.011260319545174058
6,yield_1y,25,-0.003488016642814605,-0.005627617224196088,0.0059938745111558596,-0.009671596019785478,0.010706413712987138
6,yield_1y,26,-0.004093629171172304,-0.006229052478340984,0.005433308879011441,-0.010427176898303255,0.010170201106788929
6,yield_1y,27,-0.004671109777182538,-0.006613399649112737,0.004864422640982034,-0.010771200718999233,0.00930221662092683
6,yield_1y,28,-0.005212189344103936,-0.0072027584340932024,0.0041987384608216565,-0.011278349372954265,0.00850403957300189
6,yield_1y,29,-0.00571515051733197,-0.0076914842662851295,0.0036054410899766234,-0.01205174985116232,0.007873933290228572
6,yield_1y,30,-0.006176773442462318,-0.008068619339520274,0.0029895146142598157,-0.012528199166682297,0.007214811837493302
6,yield_1y,31,-0.006590733898454386,-0.00835458175515965,0.002501741629753285,-0.013364970001702775,0.006750879991680737
6,yield_1y,32,-0.006957141824264867,-0.008778165573929781,0.002016798049864466,-0.013856964274281545,0.00615176543015726
6,yield_1y,33,-0.0072736274124764865,-0.0090730060611601,0.0016090569887270846,-0.014264792667512138,0.005525133700760576
6,yield_1y,34,-0.007538771083119161,-0.009407155307608047,0.001157650672297583,-0.014850986254887176,0.0050580638666468504
6,yield_1y,35,-0.007752630751569547,-0.009581578205056295,8.565040747826313e-4,-0.015174987909647606,0.004710751080154607
6,yield_1y,36,-0.007913876015025573,-0.009695435695465418,4.7747352487338197e-4,-0.0158395324755729,0.004359316412358351
6,yield_1y,37,-0.008023342245721323,-0.009784522284246812,2.69390957359327e-4,-0.015666945832158927,0.004024652576197872
6,yield_1y,38,-0.008082113535662435,-0.009878510947898513,7.74476872731898e-5,-0.015378479894606724,0.0036781089966322843
6,yield_1y,39,-0.008091255200942941,-0.009839219574030158,-7.623783185707898e-6,-0.015204928879079134,0.0032705194977525314
6,yield_1y,40,-0.008052761818895554,-0.00980150202706395,-1.1575257278095972e-4,-0.015552504386319402,0.003095301065857241
6,yield_1y,41,-0.007968568000384544,-0.009664496474245759,-2.547268225859852e-4,-0.015325350814956272,0.0029839069870068726
6,yield_1y,42,-0.007841068055331387,-0.009536791026510581,-4.1289297601400246e-4,-0.01534827654987444,0.0030656216446308428
6,yield_1y,43,-0.007672998114618344,-0.009387287898924075,-4.677229591234821e-4,-0.015034625592269264,0.0033176413536198835
6,yield_1y,44,-0.007467270914172456,-0.00924019631856908,-4.771472001296886e-4,-0.015132361018628773,0.0032775244826537936
6,yield_1y,45,-0.007227087176385331,-0.008960870736929936,-4.172847014734106e-4,-0.015162742816371496,0.0032171969909018452
6,yield_1y,46,-0.0069556439568564275,-0.008769248434285226,-2.3406941770474823e-4,-0.015070958200677283,0.003222470227553733
6,yield_1y,47,-0.006656312381108996,-0.008779865190873466,-1.1048572381364557e-4,-0.014434427838948433,0.0034122386578193976
6,yield_1y,48,-0.006332578930171298,-0.008430481310650176,2.116479919799741e-5,-0.014093016610646002,0.0033509959000626423
6,yield_2y,0,0.007430059200891002,0.006550926333440852,0.008594815977579773,0.006075588932647649,0.009481643847993123
6,yield_2y,1,0.009372150610692383,0.0075262869926278385,0.010535080777595735,0.00668356492021791,0.011948643055393334
6,yield_2y,2,0.01008903142917289,0.007427793341024673,0.011141455859404032,0.006072115656100722,0.012759291392485635
6,yield_2y,3,0.011696279518890754,0.008194874199191845,0.012867830636340956,0.00676133922707671,0.014766392903039287
6,yield_2y,4,0.011123847662841283,0.007184552805579477,0.012420513850985523,0.005487505696135727,0.014343865941748093
6,yield_2y,5,0.010641165256124527,0.006662879797404535,0.012270853097398046,0.004527177909774281,0.014488588097806976
6,yield_2y,6,0.010373614564207038,0.006353699691960856,0.012545070992693495,0.004074030159308271,0.01491153901575393
6,yield_2y,7,0.009566353823792081,0.005502161721826883,0.012351214431893765,0.003021160691559224,0.015375880457121351
6,yield_2y,8,0.008742283173704844,0.004706172930696893,0.012120427695688595,0.0021475301253202966,0.015462228655994715
6,yield_2y,9,0.007779482836931019,0.003956184899353024,0.01184179457960239,0.0014034104376373993,0.01559772944613011
6,yield_2y,10,0.006934308623322743,0.0032436102570246976,0.011750012087287195,6.700851080646685e-4,0.015495127590074135
6,yield_2y,11,0.006038979803577963,0.0026481909453156278,0.011609810689990395,-1.320060134527022e-4,0.0152670912134327
6,yield_2y,12,0.005040771923730429,0.0018832718378835236,0.011276521166889196,-7.380939401840754e-4,0.015348699933766632
6,yield_2y,13,0.004216988537916753,0.0012003526764812142,0.010896474760300518,-0.0016754206247434824,0.015192099997264723
6,yield_2y,14,0.0033541585180395825,5.97807608214741e-4,0.010247459325163544,-0.0025632294480091933,0.01503951121118388
6,yield_2y,15,0.00256363046408952,-1.4776008600586145e-5,0.00985005273011882,-0.0029799803791687564,0.014966105710045766
6,yield_2y,16,0.0018286368304863392,-6.345959029879707e-4,0.009552093270893243,-0.003688943278983925,0.014535783926840858
6,yield_2y,17,0.0010308914209798186,-0.001263581066477822,0.008941229084530392,-0.004281918079227739,0.013906466880345627
6,yield_2y,18,2.9825516664245226e-4,-0.0020372551587206802,0.00862969505199169,-0.005147059618746014,0.013595393205997524
6,yield_2y,19,-4.2100321495413715e-4,-0.00258010003320974,0.008245040922000216,-0.005998290863266257,0.013035940724287303
6,yield_2y,20,-0.0011323753182180055,-0.003282586541605534,0.007884727007172632,-0.006834770933657414,0.012699272715693708
6,yield_2y,21,-0.0017936059676946468,-0.0037821686168404796,0.00732310839716492,-0.007456373308694453,0.012302078792578525
6,yield_2y,22,-0.0024492222856429577,-0.004299099703648113,0.006912570552543691,-0.008046255456156143,0.011879655026975433
6,yield_2y,23,-0.003090486742072418,-0.004795405275292264,0.006409362212589172,-0.008749104868737017,0.011126111030777212
6,yield_2y,24,-0.003704248065673081,-0.005276988627399965,0.005786761976376389,-0.009417089237624611,0.010359819568024852
6,yield_2y,25,-0.0042895201029555154,-0.0059512849786281,0.005294564830911795,-0.010142502706071648,0.009619491212902079
6,yield_2y,26,-0.004838825129797785,-0.006500107907435099,0.0045805983320325455,-0.01085799137541449,0.008719453425592508
6,yield_2y,27,-0.005354754213835285,-0.007209706542871479,0.0040305968057858434,-0.011390383513892976,0.008351785523869424
6,yield_2y,28,-0.0058305325712254864,-0.007640433669556777,0.003388841754069452,-0.011990309495068385,0.007534247921244216
6,yield_2y,29,-0.00626389533468293,-0.008235263258685128,0.002971246059884093,-0.012614641374485801,0.0069554723062984665
6,yield_2y,30,-0.006653435849207685,-0.008641904574191077,0.00243309373718895,-0.013086658654675216,0.006485216004428185
6,yield_2y,31,-0.006992929119320813,-0.008715862581252705,0.00201784077404632,-0.013539663950564365,0.005887949486387075
6,yield_2y,32,-0.007283371349746995,-0.009027566343489463,0.0015539996205295665,-0.013980897183749941,0.00554434717698477
6,yield_2y,33,-0.0075238282110061585,-0.009164563757670236,0.0011395732661970553,-0.014235157957430303,0.005035351757303084
6,yield_2y,34,-0.007713013191986616,-0.0093014064465723,8.493220669423212e-4,-0.0146846940662592,0.004579515878497567
6,yield_2y,35,-0.007851894006192146,-0.009566037896605739,5.404653561081649e-4,-0.0148834514476959,0.004245275711692212
6,yield_2y,36,-0.007939738671113724,-0.009756683633921234,2.3676502810308678e-4,-0.015206657213306286,0.0037767341923338645
6,yield_2y,37,-0.007977889653357094,-0.009614524853194348,2.0332839779712954e-4,-0.015353737302313463,0.0035837127592188963
6,yield_2y,38,-0.00796830937318736,-0.00949847756994417,9.959423823724228e-6,-0.014956844333880167,0.003345395118411846
6,yield_2y,39,-0.007912444920411734,-0.009424609979976649,-3.5840947284672764e-5,-0.014933007554602865,0.0032132299101758255
6,yield_2y,40,-0.00781273964300669,-0.009221161994509956,-1.7491837224560124e-4,-0.015080581365024269,0.002976110014433218
6,yield_2y,41,-0.00767159091689568,-0.009078749659088925,-2.99037933166258e-4,-0.014857968710148878,0.0028980993369478064
6,yield_2y,42,-0.007491678410842582,-0.00910953634362737,-2.73539733574768e-4,-0.015318749276099377,0.0028887407063893813
6,yield_2y,43,-0.00727606471954596,-0.009050239142711226,-3.1918493132164136e-4,-0.01531920347885959,0.0031426142853256817
6,yield_2y,44,-0.007027882435148476,-0.008977845872707634,-2.9728555942542764e-4,-0.014982802448849081,0.003197881749107393
6,yield_2y,45,-0.006750483056239783,-0.008854577406627873,-2.0718007881512368e-4,-0.014710097242489168,0.0032708215315059314
6,yield_2y,46,-0.006447157529517195,-0.008541904168520933,-8.75651417192357e-5,-0.014515022917277328,0.0034879154702932226
6,yield_2y,47,-0.006121293550775754,-0.008233426671701863,8.715497766841709e-5,-0.014038774157770854,0.0035674882079975304
6,yield_2y,48,-0.005776377596319854,-0.008111657212372201,2.5594881325470206e-4,-0.013985654924688904,0.0038356432124442503
6,yield_5y,0,0.007761146417650836,0.00662978906868143,0.00961863828886147,0.005791380241629147,0.011133524322541565
6,yield_5y,1,0.009281533147773075,0.007346490825924139,0.011355602685517288,0.006098954526537796,0.012997755454999026
6,yield_5y,2,0.009152363127643023,0.006481861017913675,0.011013510281440785,0.005145286991328464,0.012889421937481028
6,yield_5y,3,0.010981398692950846,0.007595901003634461,0.012802962385031988,0.006012145277497118,0.014975770228668792
6,yield_5y,4,0.01039935967931192,0.006566872548325796,0.012033755205997731,0.00490818848872084,0.014142364283461977
6,yield_5y,5,0.009699826514480205,0.005761890251161178,0.011382337952414476,0.003965356174200036,0.013719668415330302
6,yield_5y,6,0.009413875046793764,0.0056552369333380155,0.011710371808084204,0.003637109550927595,0.013767811575635511
6,yield_5y,7,0.008456160250374378,0.0047193177980405805,0.011286616559376246,0.0027544658812201886,0.01373818657242497
6,yield_5y,8,0.007534049846377974,0.0037781064677988785,0.010757203062083822,0.0015490476040408445,0.013330547216123636
6,yield_5y,9,0.00656646615450096,0.003125580808268429,0.010387787100155924,7.702566987192082e-4,0.013191746363591527
6,yield_5y,10,0.005649693046771941,0.002427640997402651,0.00992017203196003,3.357449170640792e-5,0.0131101994233103
6,yield_5y,11,0.004779797667546939,0.0017598409807655859,0.009633701451040578,-7.204254845306983e-4,0.012744084973504018
6,yield_5y,12,0.0037397679098337467,0.0010559517461869554,0.0091108160951529,-0.001582372616927403,0.012637371026213496
6,yield_5y,13,0.0029102749674581032,5.082911122411852e-4,0.008720513120175452,-0.002162452907943824,0.012293962644579194
6,yield_5y,14,0.002107579937755959,-8.172621201721358e-5,0.008131885527739953,-0.0028510270993895386,0.011981273621313855
6,yield_5y,15,0.0013577622396075165,-6.592546915701751e-4,0.007559334341583065,-0.003302949282174645,0.011727548673643635
6,yield_5y,16,7.039315109627663e-4,-0.0012260136788851744,0.00726089605625423,-0.003870036887973355,0.011460776290342518
6,yield_5y,17,-1.0231921829929507e-5,-0.0018725155550401718,0.006892231136608031,-0.004578622649537526,0.010992050174604372
6,yield_5y,18,-6.505990811224263e-4,-0.0023717417589744073,0.006482607474146034,-0.005268083600743501,0.010426186587324141
6,yield_5y,19,-0.0012482609686738303,-0.0029215199933628113,0.0061679102722679464,-0.005885428561154172,0.010081304188085876
6,yield_5y,20,-0.0018391875964880848,-0.0035009846256589933,0.005755986542973376,-0.006557676623047873,0.009785921640447722
6,yield_5y,21,-0.0023664927288269706,-0.003938225880697105,0.00533425808842284,-0.007167581597451228,0.009364023822188535
6,yield_5y,22,-0.002880950558460066,-0.004284119022430688,0.004927332711432902,-0.007686965102840802,0.008880214815455012
6,yield_5y,23,-0.003381398510320834,-0.0047814024629543464,0.004375567360251549,-0.008199385893293214,0.008385964112008181
6,yield_5y,24,-0.0038468271413135712,-0.0052576229165060984,0.0038169784324194075,-0.00874586248584989,0.007882473696996833
6,yield_5y,25,-0.004281687038603314,-0.005630605355426001,0.003437317741851716,-0.009380496069165996,0.007213480475391038
6,yield_5y,26,-0.00467963261727645,-0.005965235404523782,0.0030333172017048384,-0.009734456518605399,0.006514595602344387
6,yield_5y,27,-0.005045344492169947,-0.006402021850478371,0.0026485679953435204,-0.01005162752164963,0.005877450095749623
6,yield_5y,28,-0.005374654256078967,-0.00687808814057129,0.002205835733765916,-0.010415554459671681,0.00554805037009184
6,yield_5y,29,-0.005664006036263076,-0.007123081932456457,0.0018411863712222754,-0.01076871722775002,0.005021706949478959
6,yield_5y,30,-0.005914901010121352,-0.007336703274638748,0.0014065097169095667,-0.010934515903032975,0.004578607050115599
6,yield_5y,31,-0.006121845639518272,-0.007503149234285959,0.001151480974717271,-0.011262670629174708,0.004321478771006667
6,yield_5y,32,-0.006286477248338703,-0.0076185644957412965,9.442641013958876e-4,-0.011466236660064494,0.004092104188120167
6,yield_5y,33,-0.006409905626936417,-0.007903196296053256,5.851684313219447e-4,-0.011876344981373474,0.0037984789120083947
6,yield_5y,34,-0.00649095258204438,-0.007979007871488029,2.6162530674362174e-4,-0.012016835457450876,0.003354631582784961
6,yield_5y,35,-0.006531406129873123,-0.007971233353371097,1.3571275749955634e-4,-0.01230016249044178,0.003138202641951202
6,yield_5y,36,-0.006531238953761182,-0.007822591192030399,3.687545110908835e-5,-0.012681075707086615,0.0030737719577456934
6,yield_5y,37,-0.006492070386238525,-0.007727387089244597,-8.085247519287797e-5,-0.012652506471877933,0.003003609511762692
6,yield_5y,38,-0.006416551115453184,-0.007576181184099487,-1.922628438164465e-4,-0.012631195774022988,0.002719900234065734
6,yield_5y,39,-0.006306203338720713,-0.007647200284709872,-2.077387741004501e-4,-0.01291182428170136,0.002412344007304389
6,yield_5y,40,-0.006163518324397014,-0.007600052229328887,-1.561083826279959e-4,-0.012869809945339483,0.0023395598941588582
6,yield_5y,41,-0.00599096225868436,-0.00756826670994272,-1.2214463003056364e-4,-0.012567391955654324,0.0025744163607905467
6,yield_5y,42,-0.005791022377217526,-0.00743011397358671,-1.427232093355477e-4,-0.012216622868716933,0.0025186098822688532
6,yield_5y,43,-0.00556659178500136,-0.0073855122128233565,-4.273427770758979e-5,-0.012288167438188651,0.0025977518627847483
6,yield_5y,44,-0.005320474592887343,-0.007172339795050481,-4.988802485864795e-5,-0.011983869885289369,0.0028993311039167695
6,yield_5y,45,-0.005055596980833734,-0.007066430720199001,1.7995610175191596e-5,-0.011563850777469594,0.003126830528039629
6,yield_5y,46,-0.004774770601532727,-0.0067704188945781,1.4216475542061556e-4,-0.01150413286705056,0.0032378227411151376
6,yield_5y,47,-0.004480792523302807,-0.00662232695849585,2.8638786732925847e-4,-0.011285883027122566,0.003390319233703923
6,yield_5y,48,-0.004176549019794015,-0.006549538583778125,5.156175514245541e-4,-0.011177984618039274,0.003702446742470998
6,yield_10y,0,0.007030140892436749,0.005831771395165864,0.00882260564052049,0.00512645625474929,0.010251046322111173
6,yield_10y,1,0.008281410240275384,0.006358485334396388,0.010226714609897731,0.005257634542433045,0.011983912285357608
6,yield_10y,2,0.007961659864834056,0.005600372287135217,0.00976257227545966,0.004319160150635122,0.01147735279581193
6,yield_10y,3,0.009677405473538495,0.006588625234962613,0.01144353281969759,0.005165998071736891,0.013473756584459491
6,yield_10y,4,0.009202960647877869,0.0057341211746317206,0.010745074591628805,0.004325343446015447,0.01287066865919699
6,yield_10y,5,0.00859842315604664,0.005017890144901485,0.010300954658518883,0.0034533500923423846,0.01214512262322523
6,yield_10y,6,0.008326114659634782,0.004908746488024363,0.010474672132138561,0.003123234159764574,0.012222817560660607
6,yield_10y,7,0.007447475655692474,0.004075739481292066,0.009939983395709211,0.0022772680281833257,0.012157408064250122
6,yield_10y,8,0.006601719621846055,0.003189639330944034,0.009475285734701869,0.0012277169734373988,0.011685992012834703
6,yield_10y,9,0.005697363563826933,0.00256034574073254,0.009050360967208335,5.67718455609947e-4,0.011414747821234597
6,yield_10y,10,0.00486034622663702,0.0020124947912990355,0.008649307939686069,1.2844774425689516e-5,0.011393707852338354
6,yield_10y,11,0.0040746240520058,0.0013243883768578957,0.008231551657317624,-8.572763954139328e-4,0.010968467400524026
6,yield_10y,12,0.003114085979568646,6.781187959382543e-4,0.007804312622846796,-0.0014813180653741019,0.010953767917812735
6,yield_10y,13,0.0023580932729183623,3.019006581556407e-4,0.007322342645744952,-0.002043805077245389,0.010713204125167257
6,yield_10y,14,0.0016323192409455102,-2.4831035101285416e-4,0.006933733659976623,-0.0025267888811157297,0.010241860768154401
6,yield_10y,15,9.552805895415394e-4,-8.14566669307126e-4,0.006411799630633418,-0.002976968884786942,0.010092918505944248
6,yield_10y,16,3.742881416285133e-4,-0.0013765580133272791,0.006212079918135534,-0.0034944006054763947,0.009802754780415064
6,yield_10y,17,-2.5989035715440526e-4,-0.0018591335266372913,0.0057907317362618765,-0.004331952862787521,0.009287458085394731
6,yield_10y,18,-8.232038674037784e-4,-0.002197335862780705,0.005403178337241161,-0.004853465183950242,0.00875524669468472
6,yield_10y,19,-0.0013429820509028487,-0.0027920685701761884,0.005146835410714154,-0.005438386702881017,0.008584172925258956
6,yield_10y,20,-0.00185499437100932,-0.0032210406209737543,0.004705979911456047,-0.006033943934615913,0.008257321748414825
6,yield_10y,21,-0.0023060390640310983,-0.0035923771962415698,0.004276612021121201,-0.006490099502296191,0.00787133205152948
6,yield_10y,22,-0.0027434470306133794,-0.003977367315016483,0.004016285701802787,-0.007012726076329033,0.00759181460053072
6,yield_10y,23,-0.003166648322807231,-0.004329233069728396,0.0034889222911740256,-0.007409442392374807,0.007053795254103442
6,yield_10y,24,-0.0035569402487912434,-0.004737637449900172,0.003089195753231403,-0.008002293390098133,0.006567442379424967
6,yield_10y,25,-0.003918429338880672,-0.004996000507753771,0.0027079236737256184,-0.00844783492375625,0.00593891226786393
6,yield_10y,26,-0.004245577239077816,-0.005316235883076904,0.0023584094586855367,-0.008748485061077477,0.00539350774521363
6,yield_10y,27,-0.004543823757536592,-0.005713002635118179,0.0021028237968117452,-0.009100072449994272,0.0049174482175192305
6,yield_10y,28,-0.004809344144602524,-0.00613417979157687,0.0018054173397984506,-0.009196881751713248,0.00451658445795221
6,yield_10y,29,-0.005039024612195607,-0.006302844782123693,0.0014733060156934398,-0.009517860398818401,0.004151597294860514
6,yield_10y,30,-0.005234943869017662,-0.006513522008409427,0.0011312455522804786,-0.009676698224564085,0.0037835893011412135
6,yield_10y,31,-0.005392144664995099,-0.006574427484892646,8.533677991373331e-4,-0.009714403769746869,0.0035223252037835722
6,yield_10y,32,-0.005512407686168845,-0.006706697227384106,6.016284646081548e-4,-0.009926948748099398,0.003355711111067266
6,yield_10y,33,-0.005597109689499966,-0.006792135018529847,3.888653795504585e-4,-0.010173464749412903,0.003103510590011841
6,yield_10y,34,-0.005645306654093331,-0.006779130795023331,1.9720174253273445e-4,-0.010715827152052,0.0028854447261029417
6,yield_10y,35,-0.00565882635181849,-0.006680907422770086,1.1225527407901417e-4,-0.0106550827111073,0.0026115588171973458
6,yield_10y,36,-0.00563776982970326,-0.006700791648951963,-6.861907616526612e-6,-0.011038177500511285,0.0026014840456799176
6,yield_10y,37,-0.005583726519720074,-0.006605128921792789,-7.295308272671733e-5,-0.011184343079209668,0.002692310246255247
6,yield_10y,38,-0.005499224747759155,-0.00654886742631096,-1.0178206089484741e-4,-0.01107541591222535,0.0022983631195515617
6,yield_10y,39,-0.005385686565010994,-0.006566348984902402,-1.4115079566814543e-4,-0.0109789406087513,0.0020819515522688846
6,yield_10y,40,-0.005245405879877234,-0.006487510456041883,-3.3976693669739475e-5,-0.0107063951982662,0.0021907217698078204
6,yield_10y,41,-0.005080621016840493,-0.006545829022032399,-6.211130714909788e-5,-0.010579390651770347,0.0021197694706701336
6,yield_10y,42,-0.004893568233136656,-0.006397016003684749,-3.5699553615564224e-5,-0.010565553686681353,0.002208789418111051
6,yield_10y,43,-0.004686830893948478,-0.006256666143947308,-1.7613210925296142e-5,-0.010454960483949914,0.002351821603385946
6,yield_10y,44,-0.004462880116088089,-0.006099108547571664,-2.63771570665486e-5,-0.01045857355618895,0.0025766449587061434
6,yield_10y,45,-0.004224289320502021,-0.0060278609741790164,8.034691002142102e-5,-0.010283229617349636,0.0028540655461951284
6,yield_10y,46,-0.003973500070686145,-0.005901365009866932,1.7660661635107797e-4,-0.01000683025593532,0.0028237983250735603
6,yield_10y,47,-0.00371292192707359,-0.005708366199044414,3.349387725857658e-4,-0.009970226449499972,0.002983876302738385
6,yield_10y,48,-0.0034450411622498852,-0.005606087467228427,5.636795086469462e-4,-0.00980921242502836,0.0031130287696918848
6,cambio_usd,0,0.15792806572512938,0.11225333888007297,0.20326394522190805,0.09206614428934642,0.24926766264258235
6,cambio_usd,1,0.17734547345183757,0.12425896640600317,0.2458430466570901,0.09336156321536633,0.3010389042216156
6,cambio_usd,2,0.16399195250991663,0.10228332173020718,0.23786963451999085,0.0640815504367677,0.29363635873892263
6,cambio_usd,3,0.17287933004527437,0.10125208119343634,0.2490206982491182,0.05851532562162624,0.30801304107062255
6,cambio_usd,4,0.15645815042845537,0.0739374507211667,0.2278898701472887,0.03311637233982347,0.28558569941156414
6,cambio_usd,5,0.12553294954587454,0.04595809750047598,0.19805835452903253,0.003230939003955787,0.2608989743303708
6,cambio_usd,6,0.12026950800417786,0.03586573041384235,0.2004305744274784,3.336280201674119e-4,0.2602200551068182
6,cambio_usd,7,0.09583072766214706,0.01155223006807202,0.18354737400309593,-0.030513649908732687,0.24076783464106988
6,cambio_usd,8,0.06951596892088183,-0.013266909518300663,0.15845616924586622,-0.05872362291064242,0.2211002320595788
6,cambio_usd,9,0.05181584196787033,-0.023828097965641434,0.1470631406670044,-0.07631373047123775,0.20463555984582749
6,cambio_usd,10,0.028456509386234556,-0.04692681677163566,0.12400633220298532,-0.09599228416099587,0.18133600004512596
6,cambio_usd,11,0.008466941255946799,-0.061559495890101464,0.10551420137657566,-0.11033514454522135,0.15896983181552485
6,cambio_usd,12,-0.012084214741584885,-0.0738393205551392,0.08616426837821446,-0.12367222604902631,0.14930603926020955
6,cambio_usd,13,-0.03385129039925429,-0.0883419023418015,0.0693178313855093,-0.14387061088243683,0.1332573242352355
6,cambio_usd,14,-0.049923251841340555,-0.10030591410393846,0.05530937741515807,-0.15680167210944423,0.11989937828565456
6,cambio_usd,15,-0.0631168202452804,-0.10692549012951374,0.04455329695347931,-0.17403659682744738,0.10558899845819146
6,cambio_usd,16,-0.07476885404379326,-0.11527458010782263,0.03494287118775749,-0.17914273356369084,0.09256537187311653
6,cambio_usd,17,-0.08468044826073312,-0.12345407588286697,0.02343807389753477,-0.18981128898572258,0.08252652270979989
6,cambio_usd,18,-0.0924465513994964,-0.12951936097521843,0.01879935311695845,-0.1890720219029606,0.07080290562917807
6,cambio_usd,19,-0.09869640293702821,-0.13340141067384176,0.010774752142182426,-0.19180017286181522,0.06040137394979894
6,cambio_usd,20,-0.10341635853836582,-0.13898459938065164,0.004639720078163577,-0.19542723566163203,0.053998655283855064
6,cambio_usd,21,-0.10607790468241506,-0.13909964768646071,-0.0014114424384479012,-0.19875101775215673,0.045096623023026666
6,cambio_usd,22,-0.10770495884800524,-0.1386635991097088,-0.0037123012777825043,-0.2050745385477092,0.04436854549225757
6,cambio_usd,23,-0.10872293964268762,-0.14065880990639776,-0.004302054031107187,-0.20683622176988908,0.04160148019260871
6,cambio_usd,24,-0.10854847763311791,-0.1410862598345847,-0.004466464259938861,-0.20028106301913,0.03916589060956811
6,cambio_usd,25,-0.10745953100042865,-0.14079025485893112,-0.003142611647451636,-0.2029231651776069,0.03538876684124979
6,cambio_usd,26,-0.10553667312719867,-0.14118407096611946,-0.004697447612861005,-0.20193375028181232,0.03665237416820712
6,cambio_usd,27,-0.10280104828369023,-0.13830589934450715,-0.0038150832716483804,-0.19940649636087768,0.03616784716426727
6,cambio_usd,28,-0.09948410732487739,-0.1361234044118982,-0.004284024587156809,-0.1962308859924633,0.037567394129434994
6,cambio_usd,29,-0.09556549509277806,-0.13216786083524945,-4.8825571236288303e-4,-0.1912839179207504,0.03869745487646215
6,cambio_usd,30,-0.09108426272062234,-0.13083913811999717,0.0021507001022828764,-0.19110702205577632,0.037088096706050094
6,cambio_usd,31,-0.08611255970079508,-0.12772082552291583,0.005257839688728176,-0.18304861742902737,0.038771124030906164
6,cambio_usd,32,-0.08067997058876585,-0.12534641437418054,0.0065088335304049755,-0.18807850900438355,0.04342436839316972
6,cambio_usd,33,-0.07489148285038845,-0.11960042301193538,0.007354850539244553,-0.18455206043711475,0.05071732387364436
6,cambio_usd,34,-0.06882371068507738,-0.11460336037715928,0.013441659433622745,-0.17673180428284155,0.05123829826713867
6,cambio_usd,35,-0.06252804510636813,-0.10833809871411106,0.01737098394868814,-0.17512813890856468,0.05369873492929203
6,cambio_usd,36,-0.0560563663312814,-0.1024638957376464,0.02047549264276609,-0.1665274942877055,0.060567939217547676
6,cambio_usd,37,-0.049478247569845,-0.09573349726175152,0.02296099076366996,-0.1575036426978762,0.06641255420958041
6,cambio_usd,38,-0.04287275984430954,-0.0917306874133854,0.02722701614601526,-0.15109307167914357,0.07292364697601585
6,cambio_usd,39,-0.03629520182648206,-0.08601720649596095,0.030891005050962213,-0.14734597537897304,0.08406224629092714
6,cambio_usd,40,-0.02980400935932797,-0.0819614940360242,0.03512417070099818,-0.1398690709705677,0.09027751380890113
6,cambio_usd,41,-0.02345644392474461,-0.07793510005876302,0.039555222489500746,-0.1358537322413394,0.09528510988006711
6,cambio_usd,42,-0.017295789989048446,-0.07360083314145506,0.04425523560155407,-0.12983974193022366,0.10145735725454672
6,cambio_usd,43,-0.01136980686438807,-0.06991075653797393,0.051680220065923224,-0.12292493697164997,0.10460637654805237
6,cambio_usd,44,-0.005721965558380857,-0.06510974358028994,0.05534349763654519,-0.11805674138120499,0.11477418517249244
6,cambio_usd,45,-3.8656293440569487e-4,-0.063097206165059,0.05975567630381903,-0.11490629128949863,0.1215685563375417
6,cambio_usd,46,0.004606713716007653,-0.05968469664086667,0.06261881423666842,-0.10687132372056277,0.12966290744826087
6,cambio_usd,47,0.00923441186777661,-0.0570234165575548,0.06782411588701744,-0.09964037041228921,0.130132852430114
6,cambio_usd,48,0.01347668797492672,-0.05289308237921802,0.07486754471291575,-0.09461029452833762,0.13286451364742136
6,embi_perc,0,0.2619516304949796,0.20738258390905595,0.3791278607255302,0.171888205245944,0.47303812715657373
6,embi_perc,1,0.26772274513643296,0.19751731795003605,0.392732045565816,0.14613751632627434,0.4822657513274756
6,embi_perc,2,0.20188871144576653,0.12624369737925192,0.32639430661388547,0.07314919194718157,0.42257108627746376
6,embi_perc,3,0.2810401095784389,0.18004716885712554,0.3942072183231767,0.11829336699889335,0.4891018415541801
6,embi_perc,4,0.26826703094941456,0.14722501890174,0.3621006478136415,0.09231118691678858,0.4636152593201195
6,embi_perc,5,0.2414295935640888,0.12065059220706058,0.3263885413541215,0.05900376530370316,0.4129975816150959
6,embi_perc,6,0.23227674974326332,0.11144156627023552,0.334376849565684,0.054245021302004495,0.41489635799377506
6,embi_perc,7,0.19306723987672622,0.07980358015293593,0.2970239555770707,0.012785551802445347,0.37889834074735235
6,embi_perc,8,0.1614243477287958,0.052600248117700636,0.268083224170681,-0.020841708681726065,0.34739739293579214
6,embi_perc,9,0.13100098387856712,0.028341642654120362,0.24187230433187787,-0.052282698900397946,0.3157101871538539
6,embi_perc,10,0.09982638856789672,0.005609535720894144,0.21517127801165897,-0.0729324730613237,0.2954419795473724
6,embi_perc,11,0.077622595063768507,-0.0072432023140230894,0.20016621116238414,-0.08144617876969674,0.2833976112992641
6,embi_perc,12,0.04411855081358069,-0.0320034211178891,0.1719667041134343,-0.10690003659376697,0.2700584996160458
6,embi_perc,13,0.019375709502546874,-0.04540275539472971,0.15639374805163264,-0.11656342096265075,0.2473380714144281
6,embi_perc,14,5.71468538365793e-4,-0.056612868632910464,0.14458993079604568,-0.12878339129011843,0.23088299070199614
6,embi_perc,15,-0.01809061849833817,-0.07073422106722374,0.13062915084520313,-0.1443192713969018,0.2098371859929883
6,embi_perc,16,-0.031377579754627336,-0.07860868145575041,0.12612408624711047,-0.15623919119106439,0.19898228282327182
6,embi_perc,17,-0.046378787407575395,-0.0917808396414436,0.11135826425716198,-0.1668190726475736,0.18167305672981063
6,embi_perc,18,-0.058898573358142574,-0.1005621919236562,0.09856233246105044,-0.18406702494997723,0.17221391318258678
6,embi_perc,19,-0.06867067900035025,-0.11157527461583927,0.08819064870050342,-0.1946755330835004,0.15907052819804152
6,embi_perc,20,-0.0784891870605714,-0.12169518675404913,0.0760286540490521,-0.2082060623781728,0.14877903393411512
6,embi_perc,21,-0.08573718533001219,-0.1312199808084113,0.0649440226564596,-0.211249416626745,0.13991371414570164
6,embi_perc,22,-0.09241716144337625,-0.13565564778127756,0.05613935812821372,-0.21440950077298065,0.1320689819269358
6,embi_perc,23,-0.09884039187697813,-0.14193342279034687,0.047460876395648555,-0.2244900982963115,0.12552271874800816
6,embi_perc,24,-0.10394178803484037,-0.1486499094419612,0.04060044669911323,-0.22977799583228953,0.11921515799028268
6,embi_perc,25,-0.10814926553459314,-0.15073750053248952,0.03369786293942099,-0.23965220015029737,0.11137744771017505
6,embi_perc,26,-0.11126151665220835,-0.15378684576605745,0.02736662754708947,-0.24887924948992218,0.10587830597622842
6,embi_perc,27,-0.1136298471260427,-0.16016843983547946,0.021386196791330518,-0.2505456922214041,0.09633195871302633
6,embi_perc,28,-0.11525120992037781,-0.16408093805477042,0.016427415463320702,-0.25092600753382155,0.09325579834392964
6,embi_perc,29,-0.11589188368233513,-0.16745392402835918,0.01279998327259404,-0.25288305759058494,0.0858262685403244
6,embi_perc,30,-0.11579817249679769,-0.16971746771807794,0.010059687867199815,-0.250587153555168,0.08225941600418422
6,embi_perc,31,-0.11482563811559841,-0.17470038024778967,0.0077491631469686255,-0.24677002971232628,0.07547139727273365
6,embi_perc,32,-0.11304332745514874,-0.176768514490129,0.00619581010645619,-0.2477879404224886,0.06818097170993992
6,embi_perc,33,-0.11061237808602291,-0.17142993372261392,0.005883721345060823,-0.24367430216990607,0.0640551060612235
6,embi_perc,34,-0.10749579132415175,-0.16752273520858593,0.004748203841213855,-0.24782880224732848,0.06090520748716021
6,embi_perc,35,-0.10378457243478396,-0.16737722838027191,0.0023229564727384787,-0.25327399170190557,0.05677880227903049
6,embi_perc,36,-0.09950908814887592,-0.1653555372441017,0.0022384675312995075,-0.2518522624251843,0.055765390992604025
6,embi_perc,37,-0.09472893467169939,-0.15995135663274174,0.004537176656836791,-0.24075761910183283,0.05199281916546938
6,embi_perc,38,-0.08955740147287151,-0.15900086900881796,0.008797526462207106,-0.24024918249715774,0.052660328051417724
6,embi_perc,39,-0.08403508157124807,-0.1568501357063859,0.010074179602592237,-0.24172613622051123,0.054683428843758604
6,embi_perc,40,-0.07823262018370535,-0.14907694946712338,0.012577111625604213,-0.23470158967375204,0.05751358743569533
6,embi_perc,41,-0.0722192127744298,-0.14324234483589693,0.01414593430019092,-0.22956518755484326,0.05732411645145073
6,embi_perc,42,-0.0660505366034439,-0.13526261712876506,0.017712559819584982,-0.22710061005629203,0.06372793110581217
6,embi_perc,43,-0.05979696737305765,-0.1323597514291437,0.021359416096742034,-0.22363798407005242,0.07445135029310615
6,embi_perc,44,-0.053515971035472766,-0.12781664902091208,0.02643623389742741,-0.21689024414063718,0.0817232849893072
6,embi_perc,45,-0.047264609612314504,-0.1267048129979171,0.029201119096854106,-0.2103148641683029,0.08807858545419509
6,embi_perc,46,-0.04109311463865502,-0.12044871540864518,0.03247739618893379,-0.20572916948400014,0.0926245538184547
6,embi_perc,47,-0.03504473901856036,-0.11722263080229388,0.03619892955540434,-0.2007366656997098,0.0973423678557703
6,embi_perc,48,-0.02916638838480456,-0.11163860239110393,0.04256547116231996,-0.19662119928731753,0.10464853932787858
6,cds_5y,0,32.54172927117079,26.317466095250268,44.35311451754026,22.153108988689983,53.84105637785394
6,cds_5y,1,34.3547241084339,25.497151873503892,48.22685182822582,20.307568002816765,57.72360419200568
6,cds_5y,2,28.393580508378534,18.76631353548453,41.66220498817093,12.703975070746553,52.260818329634205
6,cds_5y,3,36.79555882248746,24.240838344885585,48.95634911610561,17.258796079625732,59.49394219905537
6,cds_5y,4,34.643073223218536,20.44722874520724,44.451602906412035,13.811622325486734,55.067422502507306
6,cds_5y,5,30.813699897992475,16.648356039108517,40.1683667134574,8.239375058353321,49.52741287304384
6,cds_5y,6,29.828585482433695,16.0579948139913,40.60972281831072,8.043209631832458,50.83459306138589
6,cds_5y,7,25.013963118952113,11.962628398091587,36.829206886126805,3.7483609526379205,45.81569652008315
6,cds_5y,8,21.040591627906693,8.35880724950462,33.68276701402318,-1.1684205213535725,42.73532047750035
6,cds_5y,9,17.53737317954683,5.886478126728277,30.68830475611448,-3.724898125560755,40.27543790937686
6,cds_5y,10,13.633033356868363,3.010433307362913,27.784966324672013,-5.162060792887558,38.00993325949091
6,cds_5y,11,10.76035724837783,1.0718781368096195,25.58472782507776,-7.013327833651427,36.21842376679762
6,cds_5y,12,6.796056868487718,-1.6892898137114933,23.02772185187435,-9.991616222088695,33.82839789544449
6,cds_5y,13,3.6038222752157334,-3.9325356020730977,20.836874004084333,-11.835968503779487,31.622746823889848
6,cds_5y,14,1.1988178554738331,-5.496453340142189,19.351735065823714,-13.299728404445704,28.94092104956636
6,cds_5y,15,-1.1243255711680402,-6.896615050137556,17.991404818501355,-15.234119897626691,26.829318580383077
6,cds_5y,16,-2.9104264508141635,-8.208230043390511,17.016185907073698,-17.32206357593369,25.63691083258395
6,cds_5y,17,-4.838301883861227,-9.560337884891679,15.408450034363572,-19.062273838351803,23.879841005910258
6,cds_5y,18,-6.483930353784658,-10.979713809849892,13.59504798120758,-20.27696777970624,22.620754884905296
6,cds_5y,19,-7.843254086771083,-12.376083042043028,12.495507034569641,-22.35320491278311,20.902957468289895
6,cds_5y,20,-9.182144721970369,-13.764538867617546,11.038144567269233,-23.80806880960862,19.216680698202914
6,cds_5y,21,-10.221852709556307,-14.587985501748253,9.475219605927057,-24.632136261308872,18.56021510523531
6,cds_5y,22,-11.195233270646447,-15.556446997305144,8.825298933061706,-26.144619949237523,17.69639369898138
6,cds_5y,23,-12.141449993452396,-16.199132278644495,7.608989729716298,-27.199975603562507,16.591285874474792
6,cds_5y,24,-12.92804322059159,-17.20594947729505,6.30902554751725,-28.128468696641217,16.014477637554872
6,cds_5y,25,-13.60757080490322,-18.165307628189556,5.499960975762023,-28.92768298078154,15.238199897506227
6,cds_5y,26,-14.157293832526717,-18.425707576100265,4.431368521360057,-29.810842146307284,13.841126582546845
6,cds_5y,27,-14.606786555791164,-19.08708903895296,3.852258153489194,-30.956561852399098,13.619946402932893
6,cds_5y,28,-14.962557072424838,-19.770396932151147,3.000881822000543,-30.91957647486234,12.382909535453187
6,cds_5y,29,-15.196803557036981,-20.407750460337343,2.258806536530379,-30.733008503066166,11.414040523729367
6,cds_5y,30,-15.331360327376533,-20.991583935045888,1.8210919984577087,-30.45746513893725,10.851506393458298
6,cds_5y,31,-15.352505125098348,-21.073287471920718,1.3932047574229816,-30.597342826455762,9.854720448785006
6,cds_5y,32,-15.265239556261104,-21.18793060040187,0.9722374714589108,-31.02182443788585,8.815368159407857
6,cds_5y,33,-15.086780240300143,-20.55018837453786,0.738356832998289,-31.732255490616197,8.390002564314733
6,cds_5y,34,-14.814210083670014,-20.589012797604976,0.7455083806081166,-32.29220983104617,7.906303612478774
6,cds_5y,35,-14.456527073808163,-20.362496748721863,0.513701024478919,-31.569445725872683,8.041668549379258
6,cds_5y,36,-14.017131326220303,-20.010088148811167,0.4659543066911368,-31.343090500673213,7.2991512856618606
6,cds_5y,37,-13.503134748703559,-19.794211778555752,0.4715594729606625,-31.58851643076321,6.783942536128233
6,cds_5y,38,-12.92753815954789,-19.53143911642917,0.6150669073530894,-30.640225732673958,6.770174749230128
6,cds_5y,39,-12.295593629277176,-19.130452005946644,0.8842511897223136,-30.4044329839179,6.714726526901704
6,cds_5y,40,-11.615925288638614,-18.45875735817016,1.120138793887375,-30.30839692844701,6.919977728640724
6,cds_5y,41,-10.897212032656284,-17.784003034151148,1.4898535853736548,-30.168087224867577,7.115354521265378
6,cds_5y,42,-10.146485279511053,-17.474764398772326,1.9412165555602245,-29.515089205055492,7.559289528130825
6,cds_5y,43,-9.372675677970962,-17.13515845479969,2.2228379907814646,-29.045977293521936,8.795499667801966
6,cds_5y,44,-8.583467527309235,-16.747511913778947,2.5990694013841664,-28.297097924877328,9.281507981024587
6,cds_5y,45,-7.786336886778733,-16.246946653127036,2.999837601904506,-27.91300619164613,9.92076168338787
6,cds_5y,46,-6.9881447124478155,-15.353265940811006,3.7920971408684987,-27.035222275096032,10.674402809398325
6,cds_5y,47,-6.194986875504628,-14.85510436636775,4.18896110274307,-26.549972831961853,11.060410383400423
6,cds_5y,48,-5.413315597964881,-14.294182619286547,4.702029427182004,-25.894128716876136,11.60786250037815
6,asset_ibov,0,-1.7226766564462794,-5.042048896776712,-0.6326662923472044,-6.909569370107163,0.7746864489614053
6,asset_ibov,1,-1.5051304991343155,-3.509402536914231,0.20761923750617872,-4.710686844963002,1.4130657921783356
6,asset_ibov,2,0.9203767224156315,-1.1080077181355645,3.112631366633935,-2.5761180015220466,4.480588557569739
6,asset_ibov,3,-0.8103568778510314,-2.5364441157744926,1.6722676431317227,-3.7637802633408226,3.135601112988636
6,asset_ibov,4,-0.13943383400093973,-1.8692740307206046,2.282192438987114,-3.1639579253801045,3.9013886010317367
6,asset_ibov,5,1.1598819670014393,-0.6361705408417775,3.201054225402335,-1.8428730766980908,4.627908559680203
6,asset_ibov,6,1.1848868120784808,-0.6464393900974974,3.0220302667046774,-1.8829014672210622,4.428850882521043
6,asset_ibov,7,1.7574376997263224,-0.20283600276118463,3.4142139428889973,-1.5232862024705336,4.826615983963074
6,asset_ibov,8,2.007212669528503,0.3122719272545033,3.7098156066154515,-0.9354917605725709,5.032035046825862
6,asset_ibov,9,1.7602878479276207,-0.0056976118720619365,3.3243053116186814,-1.3662074385797902,4.832291831934313
6,asset_ibov,10,1.9561927335591878,0.058516419070266376,3.506707661996864,-1.219967011584596,5.090999164805509
6,asset_ibov,11,1.7930159208376435,-0.10367656534030259,3.4905468343866124,-1.3391236674986307,4.99013548289617
6,asset_ibov,12,1.8973108513686994,-0.0307939474028552,3.65232144937277,-1.3119339595197024,5.208414243598201
6,asset_ibov,13,1.6507306714784973,-0.2710854097963806,3.5830389811876895,-1.451802484622269,4.99413909571784
6,asset_ibov,14,1.336144134826764,-0.38599497151170215,3.4791556482620716,-1.5819168851490502,5.012861475684995
6,asset_ibov,15,1.2416819334419464,-0.4351266138781577,3.3547868678203034,-1.592616405551907,5.103382370146514
6,asset_ibov,16,0.9573221361126406,-0.727753645737773,3.3355124931674953,-1.8429365999838268,5.124953873140863
6,asset_ibov,17,0.8187981877282674,-0.7389581886611992,3.333287956762385,-1.9272959548073532,5.147357487873095
6,asset_ibov,18,0.6875647213734501,-0.7605141883439672,3.386342817103499,-2.0275568206363612,5.139122821497827
6,asset_ibov,19,0.4299599937700035,-0.9570535767032002,3.215486906080493,-2.202067861557087,5.099783153742701
6,asset_ibov,20,0.2605186313753189,-1.0505181401891979,3.114716515732452,-2.257810528740454,4.997445722386391
6,asset_ibov,21,0.06888603024773442,-1.1340785905431905,3.0783077283539604,-2.4062443868861427,4.838433561461742
6,asset_ibov,22,-0.12248979565492857,-1.1810935435410739,2.9647026992637646,-2.520474871993005,4.749853586044259
6,asset_ibov,23,-0.28474198890793284,-1.2714879279339637,2.8516875152219168,-2.6187731476222234,4.666780753223155
6,asset_ibov,24,-0.468857162752199,-1.4011930450015018,2.7287531935296547,-2.6696886139035585,4.58402316683755
6,asset_ibov,25,-0.6465204115991824,-1.574704925462705,2.6500502525643794,-2.782834883356573,4.546610639005898
6,asset_ibov,26,-0.8190856195003737,-1.71614375117053,2.5051515607301926,-2.881085612409981,4.540241677725742
6,asset_ibov,27,-0.9861772991085868,-1.8643885945568863,2.387625268602252,-3.0510350281380845,4.562997273749501
6,asset_ibov,28,-1.14364499433145,-1.9104882335870776,2.2477091194807315,-3.310866229239848,4.464373112427963
6,asset_ibov,29,-1.3017380972025547,-2.040419260254864,2.1191601922749506,-3.411590522172103,4.294091711322786
6,asset_ibov,30,-1.4504090700293704,-2.1245255778312226,2.0183570822255583,-3.587846961613774,4.112452643342351
6,asset_ibov,31,-1.5929269361811345,-2.166271567837468,1.8794333582277565,-3.683700986351362,3.919337846919059
6,asset_ibov,32,-1.7272264093507212,-2.3510515036296447,1.754928092187414,-3.8588818641852987,3.766828314738393
6,asset_ibov,33,-1.8479297533921968,-2.4185022098615168,1.606388578938391,-3.98911648785458,3.579521900840528
6,asset_ibov,34,-1.9603345337779126,-2.4914782550753944,1.531114699055578,-3.9601509353780155,3.4651810424129432
6,asset_ibov,35,-2.0614023248321107,-2.5891445131710844,1.4238621740125625,-4.024979857987068,3.2916380629982043
6,asset_ibov,36,-2.1498469461989,-2.643152325384625,1.2669055335262307,-4.145054750071281,3.071529814657339
6,asset_ibov,37,-2.2267549695088023,-2.7214495867993063,1.1230931906451203,-4.2885946297512705,2.906259255451966
6,asset_ibov,38,-2.2898021171045677,-2.7510327910565935,0.9729496282171209,-4.32144021728421,2.6905370055902247
6,asset_ibov,39,-2.3397518844939302,-2.713402038366521,0.8741893434232219,-4.371117598457957,2.577419036302161
6,asset_ibov,40,-2.376790034374769,-2.7614608547424475,0.7885526572847029,-4.39931708937973,2.58325192749105
6,asset_ibov,41,-2.4004637964928155,-2.7596436428994235,0.7135873219481118,-4.454855366776316,2.5018276695906807
6,asset_ibov,42,-2.4112153848642137,-2.7574069660747034,0.6216386157922644,-4.468105741971426,2.4733562546104424
6,asset_ibov,43,-2.4089684127721935,-2.754300989077697,0.5753046296820136,-4.450036617315916,2.3370882792079253
6,asset_ibov,44,-2.394217254525075,-2.7182344338667925,0.5203461661170738,-4.483921325208588,2.210528170599634
6,asset_ibov,45,-2.3675230873201767,-2.709943671726478,0.44035030395260166,-4.430661128416929,2.0843750802013203
6,asset_ibov,46,-2.3293756308248543,-2.6685014331685357,0.40052568796101234,-4.352665167237917,2.003854301987611
6,asset_ibov,47,-2.2805214644026632,-2.649784541328281,0.39559586023072,-4.333034879468547,1.8383505101933655
6,asset_ibov,48,-2.221528491814801,-2.6153692073012085,0.3510364803513359,-4.331322907570177,1.9003827077056368
3,yield_3m,0,0.003931110207861363,0.0036991800661077745,0.004253231448115007,0.00354025682161489,0.004435630663083924
3,yield_3m,1,0.004678683627741383,0.003991445653116826,0.005295507982691425,0.0035716059094789226,0.005698464469564193
3,yield_3m,2,0.005738160980003072,0.004481427195839646,0.0065523677468219904,0.0037723622331046086,0.007354268589397732
3,yield_3m,3,0.005884668515078196,0.004015816209788227,0.007020847493080479,0.003026575661528284,0.00796368040310429
3,yield_3m,4,0.006151619632668109,0.0038984998206124553,0.007712796463423078,0.0027348071365446034,0.00894883788610121
3,yield_3m,5,0.006152924332045305,0.003574508747072743,0.008174943781253635,0.0023458292681469758,0.009571838949529014
3,yield_3m,6,0.006011118520979038,0.0033116017615495395,0.008436886582034819,0.001965454915305683,0.010139197393147116
3,yield_3m,7,0.005688915862536239,0.0030620144985325044,0.008550180527930148,0.0016324588949547766,0.01039720982309494
3,yield_3m,8,0.005256462248977974,0.002728422531571495,0.008558994715964757,0.0012307436581314465,0.010588496836076808
3,yield_3m,9,0.004732029636750313,0.00229634400422247,0.008379164447009944,7.405720931259791e-4,0.010484698033050658
3,yield_3m,10,0.004142713404530472,0.0018345991002396583,0.008062461965354598,2.384812283443357e-4,0.01035070150864715
3,yield_3m,11,0.0035014656969738307,0.001364362884783617,0.007765899755275921,-3.8445762184809997e-4,0.010144803971144567
3,yield_3m,12,0.002825314938433889,8.02133788668114e-4,0.0073356628003839516,-0.0010618378656252563,0.009883131423362767
3,yield_3m,13,0.002128662008280515,2.8674559162416235e-4,0.006818666779302221,-0.001635146520317544,0.009622720769471892
3,yield_3m,14,0.00142511062497097,-2.0508040235150965e-4,0.006402671033137313,-0.0024225184682742707,0.009167573952837333
3,yield_3m,15,7.255124312943546e-4,-7.717560127025613e-4,0.006126470421147008,-0.0029661079640984633,0.008850188414116594
3,yield_3m,16,3.889265120627711e-5,-0.001298110268226613,0.005595527924816837,-0.0037246445868622533,0.008316354861457249
3,yield_3m,17,-6.274470756351605e-4,-0.0017760490135699234,0.00514993858985769,-0.004309057314624668,0.007764321358513433
3,yield_3m,18,-0.0012674880838033481,-0.0022964433112316915,0.004640808531326347,-0.0049035452898750454,0.007152385108151557
3,yield_3m,19,-0.0018764110658579848,-0.0026959574119658244,0.0042444063484824894,-0.005508405720612366,0.006785404343551653
3,yield_3m,20,-0.0024504415105699516,-0.0031599279851529075,0.0037972694554254767,-0.00586052410636964,0.006484622915582467
3,yield_3m,21,-0.0029867393073459694,-0.003567438877248727,0.003426374860016111,-0.0063734976489093036,0.006001428815445861
3,yield_3m,22,-0.0034832636276188184,-0.0038438892708300954,0.0029596936105730893,-0.00684984547047094,0.005765952654834153
3,yield_3m,23,-0.003938663764678479,-0.00412555003396117,0.002724151356513267,-0.00724816088287664,0.005476706717678704
3,yield_3m,24,-0.0043521830283774834,-0.004444705944265076,0.002398902479967607,-0.007780462154370388,0.005182643102542919
3,yield_3m,25,-0.004723579690961102,-0.0048667874278587545,0.0021447912564241446,-0.008049301276049643,0.004955969379154495
3,yield_3m,26,-0.0050530564884180874,-0.005153154734420349,0.001842599720551228,-0.008528393024258,0.004637879473890688
3,yield_3m,27,-0.00534119815996839,-0.005319020064222819,0.0016847824670424602,-0.008906751253035571,0.004443166764339815
3,yield_3m,28,-0.005588915358033059,-0.005445943519283811,0.0015011015648883276,-0.009041137817240523,0.004230308447857054
3,yield_3m,29,-0.005797394781884001,-0.005566909713116385,0.0013662591581136,-0.009169301722375674,0.003972861482220955
3,yield_3m,30,-0.00596805459169244,-0.005654234302130983,0.0012530728226511129,-0.00928531262269526,0.003960046247915411
3,yield_3m,31,-0.006102504411725056,-0.005773855604437,0.0011656346845286731,-0.009368654844426403,0.0037841549429514154
3,yield_3m,32,-0.006202509241970902,-0.005827685216674044,0.0010148250137938732,-0.009249499098553476,0.0034628708379701493
3,yield_3m,33,-0.006269956838028297,-0.005875980635102326,9.273158495333487e-4,-0.009352666607331873,0.0034217938475885057
3,yield_3m,34,-0.006306828204107706,-0.005928635961369629,8.581184119673559e-4,-0.009227103531031776,0.0031747233466204896
3,yield_3m,35,-0.00631517092239626,-0.005890517958953951,6.73748161995412e-4,-0.009090649766469979,0.0030907734260683523
3,yield_3m,36,-0.006297075077729062,-0.005772788548810671,5.761431017551862e-4,-0.009191044046806188,0.003259762372112273
3,yield_3m,37,-0.00625465157758232,-0.005709150215675668,5.73528053034367e-4,-0.00925971480022986,0.003207331983113737
3,yield_3m,38,-0.00619001269882733,-0.005665530120393084,5.569964846138723e-4,-0.009048259339045985,0.0031767159235356218
3,yield_3m,39,-0.006105254718748711,-0.005643193219756612,5.582515156308041e-4,-0.008892655224491805,0.003091261245220184
3,yield_3m,40,-0.006002442504929621,-0.005457639129310689,5.773199201244758e-4,-0.008692952620597019,0.003004584138277055
3,yield_3m,41,-0.005883595950436848,-0.005370481292979971,5.667377658712711e-4,-0.008464546006949882,0.0029279758874660227
3,yield_3m,42,-0.005750678148605237,-0.005072121372474556,5.406739762018423e-4,-0.008223849332885197,0.0027381309264023234
3,yield_3m,43,-0.005605585207254812,-0.004922224736913084,6.356675796667101e-4,-0.007874071856125845,0.0025499149005122888
3,yield_3m,44,-0.005450137605869356,-0.004728550183075739,7.030769143760499e-4,-0.007574225737457227,0.0025295474803745974
3,yield_3m,45,-0.005286073001692502,-0.004662012745222429,7.18389309700485e-4,-0.0073424112884268615,0.002492051980142612
3,yield_3m,46,-0.005115040392269592,-0.0044080472241056455,7.283487383568168e-4,-0.007156211421342012,0.0024877727296325025
3,yield_3m,47,-0.004938595543094147,-0.004223488011260641,8.09901406921028e-4,-0.006788888176412455,0.002574891474274685
3,yield_3m,48,-0.004758197589991808,-0.003996576767900793,9.136262853414012e-4,-0.0066016691602937575,0.002600374458422979
3,yield_6m,0,0.005,0.005,0.005,0.005,0.005
3,yield_6m,1,0.006087414055167688,0.005169232270136591,0.006627427276004993,0.004671201958788558,0.00710989080801757
3,yield_6m,2,0.007096929578587448,0.005482209680819033,0.008082785491683762,0.004676570126152979,0.00890140132533183
3,yield_6m,3,0.0071167618623664795,0.004952724192104946,0.008450813662585484,0.0037810921193998977,0.009641724420411286
3,yield_6m,4,0.007227175351140376,0.004671596283327603,0.009092418632084905,0.0032501381911332686,0.010561826833229064
3,yield_6m,5,0.007075278695020428,0.004257606014901619,0.009438943937100878,0.0027093405019279447,0.011243416915989098
3,yield_6m,6,0.006775863844456056,0.0038430930739421806,0.009657210333147422,0.002238740597769117,0.011649749198321704
3,yield_6m,7,0.006289805530948975,0.0034173783623519935,0.009640557843195112,0.0017303541917782857,0.011978785916888253
3,yield_6m,8,0.0056927708953689584,0.002946777765219192,0.00946628935568321,0.001359551738517009,0.012103027742057935
3,yield_6m,9,0.005008537756035923,0.002379299754781612,0.0092238056445450509,6.089775134824317e-4,0.012034483759766823
3,yield_6m,10,0.004265827034390479,0.001845696116418107,0.008855724741719233,-1.0915505487892877e-4,0.011923867165054095
3,yield_6m,11,0.003478229601928464,0.0012499422929301543,0.008510925257950447,-9.01591868318527e-4,0.011542747823459008
3,yield_6m,12,0.0026630840487249464,6.173243510146198e-4,0.008037924299494795,-0.001408886276015299,0.011136241734933973
3,yield_6m,13,0.0018355614489187749,-8.603332879418026e-5,0.007594601485000077,-0.0023975667024701917,0.01055203918295563
3,yield_6m,14,0.0010100331758556927,-7.39621605040267e-4,0.006998452969840814,-0.003185535777771787,0.010066944384678958
3,yield_6m,15,1.9792652496364424e-4,-0.001266649605113332,0.006520119792542372,-0.003837895065779195,0.009509380366644156
3,yield_6m,16,-5.914291100567537e-4,-0.0019206483351039178,0.005930167716201489,-0.004588745802234223,0.009083984563705141
3,yield_6m,17,-0.0013506115166435379,-0.0025080640063260616,0.0054665247056890805,-0.005524976105401673,0.0086312218665994
3,yield_6m,18,-0.002073611444634293,-0.002921333066093897,0.004944840821028338,-0.006220474754778933,0.008176332799682707
3,yield_6m,19,-0.0027557174530697453,-0.0034916634271196733,0.004494533724937308,-0.006669244483051776,0.007662300099854638
3,yield_6m,20,-0.003393353377836587,-0.0038789475834287604,0.003978886990068382,-0.007171744513724645,0.0073875344682751845
3,yield_6m,21,-0.003983955983131465,-0.0043303558103223935,0.003599751675619751,-0.007617342343554701,0.006830007277302893
3,yield_6m,22,-0.004525825750671915,-0.004724082871593453,0.003233532863934828,-0.008336368245307606,0.0064452473762574404
3,yield_6m,23,-0.005018003091997132,-0.005064778500268879,0.002784763982964172,-0.00885124636712473,0.006235955363266287
3,yield_6m,24,-0.005460160639880413,-0.0055171804737350946,0.0024598338048825133,-0.009165028818055941,0.005896425502063785
3,yield_6m,25,-0.005852514984466109,-0.005765695839397865,0.002247046641115981,-0.009416574872540742,0.005623593120597124
3,yield_6m,26,-0.006195748550591471,-0.006047371926264757,0.002040367792186789,-0.009858579620173205,0.005576597176176309
3,yield_6m,27,-0.00649094032585259,-0.006325358642159092,0.0018558623318978796,-0.010214856725888968,0.005305798195009335
3,yield_6m,28,-0.006739503674994766,-0.0065885801766894835,0.0016311251632790096,-0.010545897272622581,0.005172717963932731
3,yield_6m,29,-0.006943131087131691,-0.006783859315094683,0.0014196795756281923,-0.010721602823604553,0.004903682130075139
3,yield_6m,30,-0.0071037448996571495,-0.006883938418672173,0.0012992634701105045,-0.010901571761726568,0.004639215683778294
3,yield_6m,31,-0.007223453221039582,-0.006861184830413929,0.0011232275403594313,-0.011000509940927923,0.004248827032713284
3,yield_6m,32,-0.007304510291917587,-0.006816697045926847,0.001059878315351954,-0.011058448364928312,0.00427376786757301
3,yield_6m,33,-0.007349280785350935,-0.006814846278806145,9.882817080549577e-4,-0.010791989111087624,0.004233330856148018
3,yield_6m,34,-0.007360207653679915,-0.006817350039826871,8.114967467726422e-4,-0.010870828666360844,0.004013875157203908
3,yield_6m,35,-0.0073397832139713735,-0.006783813036573347,7.386057667982258e-4,-0.010842773197759645,0.0038052131362926412
3,yield_6m,36,-0.007290523201258259,-0.006709448785939695,6.925158644683378e-4,-0.010810741677579276,0.003725553280509611
3,yield_6m,37,-0.007214943560606856,-0.006551046899649891,6.340990243931655e-4,-0.010539731092752715,0.003652882012899631
3,yield_6m,38,-0.00711553978260471,-0.006484349698435549,6.824056581845072e-4,-0.01038522792764526,0.003588229829721745
3,yield_6m,39,-0.0069947686150102,-0.006334656474021294,7.62387007850518e-4,-0.009931035871365861,0.0034456105082871294
3,yield_6m,40,-0.006855032001948012,-0.006240739354423165,7.17445036011844e-4,-0.009763608795417607,0.0035093700951863865
3,yield_6m,41,-0.006698663114817375,-0.005967845771012175,6.963648969798434e-4,-0.009514201006092406,0.003399735942825312
3,yield_6m,42,-0.0065279143476746826,-0.00572299271181048,7.384669065936573e-4,-0.009192239572496354,0.0032839989962384374
3,yield_6m,43,-0.0063449471560712315,-0.0054376148424986484,7.918595499605587e-4,-0.00908995570593051,0.0031351807393031664
3,yield_6m,44,-0.006151823622724531,-0.005275996118749047,8.641453368024962e-4,-0.00881412800039833,0.003176073127528543
3,yield_6m,45,-0.005950499636535947,-0.005106930236809712,8.35883320938515e-4,-0.008472835504079582,0.0031204537391283796
3,yield_6m,46,-0.00574281957375544,-0.004840996020506432,9.53923596377061e-4,-0.008354114588539229,0.0030852553522146883
3,yield_6m,47,-0.005530512371962471,-0.004651887164994386,9.81917890921857e-4,-0.007871547740646237,0.0030912512188486577
3,yield_6m,48,-0.005315188889279744,-0.004368075493618249,0.0010722507844184673,-0.007487521183456074,0.0031988930234842132
3,yield_1y,0,0.006279479075803828,0.005823415248276992,0.006614431781172325,0.00558656963070369,0.006891620482148083
3,yield_1y,1,0.007748675755868156,0.006467933917288092,0.008470848631509384,0.0057197869847576,0.009170875302945743
3,yield_1y,2,0.008468088044128366,0.006479189895333031,0.009700369301800566,0.005219310927066233,0.010847697335955496
3,yield_1y,3,0.00831116787163828,0.005673781838621294,0.009958081618176799,0.0042843452445172885,0.011674155368718497
3,yield_1y,4,0.008197965989572046,0.005246321335379481,0.010403483115835836,0.003510550188814674,0.012369212267446819
3,yield_1y,5,0.007843024722318475,0.004761119227067087,0.010521226302316118,0.0029931306654326414,0.012850779298716418
3,yield_1y,6,0.007337719131014476,0.004155751638022148,0.010727514969671505,0.0024007166092025398,0.01335679051327471
3,yield_1y,7,0.006650241647653845,0.0034962173439439933,0.010627466902507274,0.001854779924353442,0.01345772106364599
3,yield_1y,8,0.0058610418650890915,0.002865716918906895,0.01034582985539938,0.0011071387849445828,0.01357430026208031
3,yield_1y,9,0.005000818795350062,0.0022387996980952917,0.009965475392200353,1.6353081185773797e-4,0.013228837018489986
3,yield_1y,10,0.004097042530734818,0.001531577892523,0.009468461070408106,-6.310599652864238e-4,0.013028387694484441
3,yield_1y,11,0.0031627594872085615,8.221591247532188e-4,0.009011997433482917,-0.0013721056764299535,0.012738872330759293
3,yield_1y,12,0.0022143270041650033,6.792766259999321e-5,0.00854176369778492,-0.0023241266661883967,0.012262013087584313
3,yield_1y,13,0.0012669124597426665,-6.453068065819594e-4,0.008029733295449594,-0.0031263301713508797,0.011613275657169004
3,yield_1y,14,3.347892296373297e-4,-0.0013174248915832159,0.007492111618986885,-0.00399773150150251,0.011171813501593544
3,yield_1y,15,-5.708356550508069e-4,-0.0020448175836410283,0.006693036783366876,-0.004911055607850428,0.01046873173609004
3,yield_1y,16,-0.001441086723955947,-0.002623090258381863,0.006019643828583604,-0.005727687622403088,0.010059715731039608
3,yield_1y,17,-0.0022690712044615043,-0.0033308799582834033,0.005397949593506047,-0.006453850050092453,0.009524043879500616
3,yield_1y,18,-0.0030493591424999044,-0.0037710690360205773,0.004949577146404904,-0.0072064354826060426,0.008921036682315715
3,yield_1y,19,-0.003777844593918192,-0.004409531223669674,0.004476082841973084,-0.0080207285550550015,0.008301564436313313
3,yield_1y,20,-0.004451591256915076,-0.004914788204076184,0.003928390544232479,-0.008763510571454724,0.007775391318397272
3,yield_1y,21,-0.005068701179135088,-0.005546847054420503,0.0036006483153480035,-0.009040923649575367,0.007372783204641164
3,yield_1y,22,-0.005628155762646798,-0.005890094633305315,0.0031030144045064794,-0.009666882335061572,0.00713355087667581
3,yield_1y,23,-0.0061296807560789835,-0.006270253339578005,0.002798848953915891,-0.010211085187479286,0.006879420250501176
3,yield_1y,24,-0.006573631521946728,-0.006506981960817463,0.0026106836012816316,-0.010527045638197825,0.006560555724814095
3,yield_1y,25,-0.0069608995008876755,-0.0068615995291249,0.0022688417386278743,-0.01105422886977544,0.006256017917258758
3,yield_1y,26,-0.0072928299619470305,-0.007246847072950991,0.0019617686627662148,-0.011364220391947838,0.00578230138142753
3,yield_1y,27,-0.00757114885749741,-0.0074110167847883275,0.0017033339060491563,-0.011643459661290637,0.0055004361520412165
3,yield_1y,28,-0.007797897224204522,-0.007492409229705993,0.00156688448065226,-0.011892861551344738,0.005321740747858522
3,yield_1y,29,-0.007975373008888008,-0.0075308977971538515,0.0013575777877179922,-0.011977709016334645,0.005133567210338765
3,yield_1y,30,-0.008106079395328316,-0.007490948082954216,0.0012106836527232877,-0.012281565183330723,0.0050291561490621835
3,yield_1y,31,-0.00819267876272947,-0.0075569047848227005,0.0011474809804870028,-0.012530266411143284,0.004948069413110187
3,yield_1y,32,-0.008237951459916557,-0.007535479052652128,0.0010837311489257989,-0.0124000531742472,0.004541688268490618
3,yield_1y,33,-0.008244758858440152,-0.007525615979163804,9.473496783500163e-4,-0.012319268638415119,0.004461780413982257
3,yield_1y,34,-0.008216010275504013,-0.007486415045118419,7.837016474441431e-4,-0.012241386481405998,0.00438652462097866
3,yield_1y,35,-0.008154633439397258,-0.007386384733631393,7.209487729632031e-4,-0.012204711555203482,0.004339611653327949
3,yield_1y,36,-0.008063548205082881,-0.007212093792314622,6.955971132652182e-4,-0.011776858819312645,0.004133866985467534
3,yield_1y,37,-0.007945643267433756,-0.007051359550572463,7.545762120781195e-4,-0.011424214414191218,0.004106405814164935
3,yield_1y,38,-0.007803755654181419,-0.006999820572008129,8.440039153671324e-4,-0.011179745247920451,0.004026786393845787
3,yield_1y,39,-0.007640652809618553,-0.006760940096885271,0.00086551372136153945,-0.010955987946887265,0.004080120728403058
3,yield_1y,40,-0.007459017099301151,-0.006601490180945642,8.869756180843065e-4,-0.010764238372553877,0.003934715367182296
3,yield_1y,41,-0.007261432578969099,-0.006278391036967921,8.710130930062038e-4,-0.010497552793240545,0.003871346709340616
3,yield_1y,42,-0.00705037387982571,-0.006107952293474198,9.634106970723615e-4,-0.010101961079509485,0.0037296235840764045
3,yield_1y,43,-0.006828197069053882,-0.005926159099832085,0.001003675559014821,-0.00975037518732252,0.003653383659445644
3,yield_1y,44,-0.006597132349543608,-0.005705120409422634,0.0010183455176130574,-0.009371986512445588,0.0036598152718145876
3,yield_1y,45,-0.0063592784667397696,-0.005366096021099837,0.0010513065980862538,-0.008993458308731031,0.0036184774528641344
3,yield_1y,46,-0.006116598693686486,-0.005130990959907102,0.001103253903229997,-0.008585392951945874,0.003552596097372346
3,yield_1y,47,-0.005870918268162016,-0.004832869698195989,0.0012170823986652553,-0.00822459656774684,0.003660147384603854
3,yield_1y,48,-0.005623923158559997,-0.004492133282697767,0.0012543995614803652,-0.007836565569037633,0.0038659275497061546
3,yield_2y,0,0.007383871354081229,0.006402894397950395,0.008170794523310545,0.005899939359668803,0.008844431508505654
3,yield_2y,1,0.009035421006528373,0.007217342364045325,0.01001286034175561,0.006349132551815353,0.011001924067141742
3,yield_2y,2,0.009072652351327655,0.006482356507722629,0.010602562939910003,0.0052529459983247,0.011861556567235093
3,yield_2y,3,0.008731801761392854,0.0057189425980443956,0.010608515141485048,0.004046513925080953,0.012280598640937388
3,yield_2y,4,0.008402625786708839,0.005137026000695218,0.010694189044032182,0.003372052457051361,0.012778181208160114
3,yield_2y,5,0.007889652804605024,0.004453518187620809,0.010722497404776543,0.0027510048180691303,0.013233485656831422
3,yield_2y,6,0.007219916064945164,0.00380131498044047,0.010637839091010242,0.0020547957932056183,0.013563665874596917
3,yield_2y,7,0.006389615176523165,0.0030926518357130236,0.01036842097230378,0.0013456636638527332,0.013563047820005702
3,yield_2y,8,0.005482508279483739,0.0024618135371034106,0.010076697698281864,5.98846459067432e-4,0.013298837323049366
3,yield_2y,9,0.004535335162433708,0.001740159886141747,0.009654069306075154,-1.7368119637842277e-4,0.013175845526689357
3,yield_2y,10,0.0035673461773859712,9.238913461042876e-4,0.00901696530630614,-9.253559230362225e-4,0.012871989773686598
3,yield_2y,11,0.002588047380316667,1.513498011325675e-4,0.008461732729003234,-0.0020070435934163937,0.012479179285660854
3,yield_2y,12,0.0016105292522191846,-5.079328564535708e-4,0.007961351045431348,-0.002876933252762513,0.01193670088034922
3,yield_2y,13,6.486285914506032e-4,-0.0012295116916480543,0.007435216794115672,-0.0038673820282823165,0.011504344958768058
3,yield_2y,14,-2.8504875604998665e-4,-0.0018817866292079703,0.006810940581828466,-0.004920694624568682,0.010883286689148973
3,yield_2y,15,-0.0011809713001671874,-0.0025547459622066366,0.006110115849268214,-0.005920400034203989,0.010276539989089138
3,yield_2y,16,-0.0020320043490663392,-0.0031330357941779944,0.005442250095679961,-0.006861175492333141,0.009934342425968353
3,yield_2y,17,-0.002832776250395665,-0.0038152271177524285,0.004862505986262848,-0.007622410425390256,0.00928515947471087
3,yield_2y,18,-0.0035792080235066827,-0.004287062536251703,0.00441984354838112,-0.008176634519509843,0.00859234238763831
3,yield_2y,19,-0.004268393422765392,-0.004895728044483114,0.0039016589794623902,-0.008813122108200636,0.008048061710331894
3,yield_2y,20,-0.0048984922304113575,-0.005521107562114579,0.0035643311301825627,-0.009397249124348379,0.007858662013176506
3,yield_2y,21,-0.005468601135049769,-0.0058443817038585375,0.003118205649895436,-0.009680340418683703,0.0073227362309529545
3,yield_2y,22,-0.005978598176599386,-0.006175722008815402,0.002783856354812677,-0.010258780029498841,0.007061080007581045
3,yield_2y,23,-0.006429009891301453,-0.006640014989258572,0.0025206461103876574,-0.010335788841846395,0.006861443492282267
3,yield_2y,24,-0.006820904696976187,-0.007014284015865319,0.002214346502596088,-0.010737228716862455,0.006409853254231196
3,yield_2y,25,-0.007155806971796372,-0.0073429093697243404,0.0020460413101811045,-0.011274729359997664,0.005870754607400613
3,yield_2y,26,-0.007435621597423355,-0.007506262129978757,0.001784701852446259,-0.01155193793890492,0.005644232451161107
3,yield_2y,27,-0.007662566143128097,-0.007468363733455806,0.001538269885147775,-0.011991993467252667,0.0054886947967974645
3,yield_2y,28,-0.0078391101065982665,-0.007490598800774352,0.0013043492533827581,-0.012377280040493311,0.005155948617518095
3,yield_2y,29,-0.007967921263270433,-0.007514850785367704,0.00123747757484531,-0.012635562148610897,0.005118115639775916
3,yield_2y,30,-0.008051818304369754,-0.007576454947342393,0.0010756044185104621,-0.0126786958627685,0.004968057633739132
3,yield_2y,31,-0.008093728814524885,-0.0075601641382691,9.487396705119112e-4,-0.012449796334658148,0.004832870716339089
3,yield_2y,32,-0.008096651800792535,-0.0074133203285366624,7.977671276914283e-4,-0.012560802316179055,0.004630703727376646
3,yield_2y,33,-0.00806362427882027,-0.007243767281645651,6.964125482809619e-4,-0.012515685040479419,0.004269980724020905
3,yield_2y,34,-0.00799769155946803,-0.007114064173546165,6.716066663540604e-4,-0.012276269747923793,0.004190625512220325
3,yield_2y,35,-0.007901880935280383,-0.007074450548508263,7.03825668759741e-4,-0.011831053507010976,0.004228763004104214
3,yield_2y,36,-0.007779178489307916,-0.006960044052278637,7.096302178297263e-4,-0.011315776132232832,0.004319713603204477
3,yield_2y,37,-0.007632508781372554,-0.006758897264066763,9.15101491602405e-4,-0.010733191291022038,0.00407827616525689
3,yield_2y,38,-0.007464717199875392,-0.00673183959488453,9.754967859860191e-4,-0.010358599266263717,0.003925195095766121
3,yield_2y,39,-0.007278554793776631,-0.00651355448971147,8.912024003417652e-4,-0.010269113102580775,0.00388685219909229
3,yield_2y,40,-0.007076665416223716,-0.006357965158021166,9.505422890593467e-4,-0.009899893807672899,0.003668385320175001
3,yield_2y,41,-0.006861575022140987,-0.006093753545408067,0.0010045997782340387,-0.009827621540634681,0.0036426552678593075
3,yield_2y,42,-0.0066356829698269405,-0.005848853542133605,0.0010466281745274573,-0.009573125803087074,0.0036649335496388795
3,yield_2y,43,-0.006401255182822856,-0.005607411991955667,0.0010585152197645144,-0.009217751176554401,0.003609849655031187
3,yield_2y,44,-0.0061604190333545,-0.005365987330780373,0.00109129117305887,-0.008798129031648932,0.0035651485321645227
3,yield_2y,45,-0.005915159812773191,-0.005058563795813359,0.0011787263066721564,-0.008530653238885605,0.0037011814432465133
3,yield_2y,46,-0.005667318657974465,-0.004739007654788602,0.0013019076207831189,-0.008367868309115525,0.0037220179770336374
3,yield_2y,47,-0.005418591806123755,-0.00446513711575914,0.0013277633171144146,-0.007903265751598845,0.003836905264950302
3,yield_2y,48,-0.005170531053423774,-0.004205981775893029,0.001430770832019641,-0.007409798019621303,0.003946232689944815
3,yield_5y,0,0.007902266472103677,0.006447948028650834,0.009102659574690829,0.005720710949223334,0.010000433998760582
3,yield_5y,1,0.009333168343424727,0.007146792019762347,0.010585320113950275,0.00618275983605016,0.0119247925553939
3,yield_5y,2,0.008367526365485467,0.0056221523479894776,0.00996984962839594,0.004146192330942283,0.011375001386004484
3,yield_5y,3,0.007844591321926317,0.004781743344205741,0.009660765693649619,0.0032600333737943347,0.011283196746545989
3,yield_5y,4,0.007387951727294076,0.0041606256976580835,0.009666754473734064,0.0024226196400180594,0.011246876481733966
3,yield_5y,5,0.006844187391881627,0.003545006423873241,0.009422571383699415,0.0018878700835349078,0.011313452616594053
3,yield_5y,6,0.006137380781741607,0.0028207650344721676,0.009101801291303875,0.0012865063148617133,0.011432930472660818
3,yield_5y,7,0.0053027795136687565,0.0022438492665173906,0.008812098779439032,5.197027921759215e-4,0.011502572392052369
3,yield_5y,8,0.00442811374181077,0.0015435390973652712,0.008259420835672805,-3.396279994321297e-4,0.011212819977023662
3,yield_5y,9,0.0035537966639479987,8.631865277143647e-4,0.007706524687785947,-8.717365965024309e-4,0.01081699132017999
3,yield_5y,10,0.002685004392052922,2.0941234293314336e-4,0.007223924872778101,-0.0016720662074473783,0.010494544610288164
3,yield_5y,11,0.0018240436431239545,-4.0245971166607853e-4,0.006713622700461634,-0.0024722384640102468,0.010171619604769097
3,yield_5y,12,9.784939465526095e-4,-9.666959271915059e-4,0.00621915977009918,-0.0030813843897427814,0.009529578015167761
3,yield_5y,13,1.5938361250866613e-4,-0.0015731073058297032,0.005866235416166681,-0.0039896778487891645,0.009046038704438228
3,yield_5y,14,-6.238369317179269e-4,-0.0021494054188130217,0.005142237835070662,-0.004626634567947527,0.008534801101193649
3,yield_5y,15,-0.0013647056743472193,-0.002746269395324879,0.004621352998522939,-0.005427045314715665,0.008221530366514903
3,yield_5y,16,-0.0020589951620290006,-0.003320542669545149,0.004114662010950017,-0.0060674386052609825,0.007755998886617805
3,yield_5y,17,-0.0027037129962020714,-0.0038197656739894234,0.003699476460382777,-0.006711563910902387,0.007359957819685545
3,yield_5y,18,-0.0032967322530096043,-0.004296693090363643,0.0033103993767729595,-0.007179419387075805,0.006988593445739719
3,yield_5y,19,-0.0038367494502777157,-0.0046101224921389385,0.002873148500043304,-0.007916391571299891,0.006648997088409885
3,yield_5y,20,-0.004323267476009084,-0.004920417452905397,0.002550728427948254,-0.00839709281092581,0.006309084347997566
3,yield_5y,21,-0.004756488379769762,-0.005092739507288954,0.002242409953730128,-0.008658754536217428,0.005968225724119989
3,yield_5y,22,-0.005137177174650911,-0.005509966748026223,0.0018882807944298969,-0.008936353576444133,0.0056355022673101616
3,yield_5y,23,-0.005466547577718435,-0.005885429367898621,0.0016967238531103118,-0.009514856534824161,0.0052944405809852635
3,yield_5y,24,-0.0057461804103552064,-0.006182032965069343,0.001519121441935423,-0.009720481966907384,0.004967976070176885
3,yield_5y,25,-0.005977960114409009,-0.0062983611140615976,0.0013771590835462272,-0.009992765755727096,0.0047601364537550785
3,yield_5y,26,-0.0061640185394417684,-0.006419155159778473,0.001243503968739539,-0.010300713762257212,0.004586858498363857
3,yield_5y,27,-0.006306683045033032,-0.006477777631607824,0.0011017133453668944,-0.010534268107416355,0.004142852619499156
3,yield_5y,28,-0.006408429988382801,-0.006520085040614892,9.166303385329776e-4,-0.010636077699269568,0.0037597782045076795
3,yield_5y,29,-0.00647184408009879,-0.0065049177765482465,9.042448814269307e-4,-0.010764912658374828,0.0036791207508399563
3,yield_5y,30,-0.0064995829662020865,-0.006406460498524413,8.151865176197515e-4,-0.010563799053427057,0.003709600255632392
3,yield_5y,31,-0.006494346041153378,-0.00626688424206857,7.039103402859852e-4,-0.010441428963781554,0.0036115362757670358
3,yield_5y,32,-0.00645884680709122,-0.006145853714137275,6.650621344906831e-4,-0.01034594370624943,0.0035771735720442088
3,yield_5y,33,-0.006395788410503809,-0.0060810910886352045,5.705641982213849e-4,-0.010320984515854094,0.00352698414117486
3,yield_5y,34,-0.006307842120886022,-0.006073679616251558,6.050128419376093e-4,-0.010141589492426795,0.00338988067426122
3,yield_5y,35,-0.006197628526295437,-0.005952960933414792,6.1372781467505e-4,-0.009761912278461182,0.0032028908581952877
3,yield_5y,36,-0.006067701221334736,-0.005713065371861988,7.276896980344241e-4,-0.009184498999728423,0.003312760207727942
3,yield_5y,37,-0.005920532783993564,-0.005637254294918802,8.633885180207107e-4,-0.00865175332158928,0.0032438680871899285
3,yield_5y,38,-0.005758502867094172,-0.005431640452299761,8.071279577381886e-4,-0.008578828682792408,0.0029406122741088047
3,yield_5y,39,-0.00558388825183876,-0.005281717720862424,8.277180069450546e-4,-0.008319790011762763,0.002972362506772131
3,yield_5y,40,-0.0053988547231819,-0.005065828549552462,8.714470261767243e-4,-0.008138569195126918,0.0029756528299876442
3,yield_5y,41,-0.005205450633692602,-0.004836300121998591,9.100385412264102e-4,-0.007944735178902238,0.0030101500782344507
3,yield_5y,42,-0.005005602027983828,-0.004610781685354433,9.46582520425182e-4,-0.007836619430624527,0.002974549182745035
3,yield_5y,43,-0.004801109204737372,-0.00429557027843423,9.600370525966763e-4,-0.007458401964161136,0.0028753636777191405
3,yield_5y,44,-0.004593644597749809,-0.0040258968241247,0.0010361433236163997,-0.007497331696242236,0.0029509075251667335
3,yield_5y,45,-0.004384751861210687,-0.0038460530257589283,0.001073289150329082,-0.007257076317572716,0.0030025969774620945
3,yield_5y,46,-0.004175846047849547,-0.0037048929507072685,0.0012090715962225244,-0.006792097601959442,0.0031134254283103715
3,yield_5y,47,-0.003968214771961088,-0.003439968838115161,0.0013771433574156166,-0.006537576260518859,0.0032071423943911387
3,yield_5y,48,-0.003763020252831129,-0.0032216537782534223,0.001396215180957297,-0.006144382845941957,0.003272289436289025
3,yield_10y,0,0.007258536641541468,0.005811858657039063,0.008441755106156983,0.005027839233493805,0.009352024225188119
3,yield_10y,1,0.008472245277535215,0.006304826441447608,0.009733230663761788,0.005332342275366206,0.010978299140285681
3,yield_10y,2,0.007400699508375573,0.004896297799577479,0.008916245964937166,0.003504880425306909,0.010352896154766996
3,yield_10y,3,0.006867038022986744,0.004030448898959263,0.008569772879194505,0.0027953461233475047,0.010036113762750588
3,yield_10y,4,0.006437300458774477,0.003507434745330728,0.008487533339914104,0.0019508795646627076,0.009830562928022875
3,yield_10y,5,0.005946734292451814,0.0029242461688997736,0.008279670691366765,0.0014636668379636255,0.009863872534346382
3,yield_10y,6,0.005308828286735924,0.0023315497714981384,0.007943688887337194,8.029974334668735e-4,0.009855863415138716
3,yield_10y,7,0.00455751988227634,0.0018573959579168573,0.007569093657364909,1.7641509836044639e-4,0.009900367254611193
3,yield_10y,8,0.0037755699819456384,0.0011815073509159257,0.007136311355064238,-5.867394525163348e-4,0.009681673975794513
3,yield_10y,9,0.0030008592085437307,5.840703866624592e-4,0.006570679194394281,-0.0011628596986436787,0.009286982492842199
3,yield_10y,10,0.0022362559124069234,-1.7908348718925215e-5,0.006103816676392031,-0.0016964764485953203,0.009000412114761509
3,yield_10y,11,0.0014821703168001075,-5.824678094880307e-4,0.005756649917632238,-0.0023281703030264595,0.008662638032339846
3,yield_10y,12,7.444062825084136e-4,-0.001187006917768753,0.005309006776152044,-0.0029189175558357945,0.008174024317361549
3,yield_10y,13,3.237914058433178e-5,-0.0016692934003841983,0.004860159093159794,-0.003728786188205355,0.007657876304785575
3,yield_10y,14,-6.458624376540928e-4,-0.002233534990401558,0.004417632321902646,-0.004293139210619885,0.007412758589671351
3,yield_10y,15,-0.0012850051615488892,-0.0026215297323689104,0.003949555999738803,-0.004990749906004347,0.0070002295546089015
3,yield_10y,16,-0.001881741253049131,-0.0029912503308131854,0.0035017737266748073,-0.005532377365819561,0.006593408065942516
3,yield_10y,17,-0.002433800765528831,-0.00348201269792726,0.0031260484174401217,-0.006177862139252814,0.006264386313939771
3,yield_10y,18,-0.002939613596057044,-0.0038937279244513397,0.0027286332295371673,-0.006713508291418786,0.005895175512890831
3,yield_10y,19,-0.0033982905507763716,-0.0041556110857148484,0.002401376876172491,-0.007044090182088747,0.005702584366439814
3,yield_10y,20,-0.0038096256182710837,-0.00448643557389379,0.002106680764895062,-0.007552516642715001,0.0052847239876059
3,yield_10y,21,-0.004174005926331337,-0.004787300460055212,0.0018255576353926877,-0.007816204146673408,0.00516689422416673
3,yield_10y,22,-0.0044922910562041445,-0.005109364537322525,0.0016259559283766194,-0.00805392449796302,0.004804457671180284
3,yield_10y,23,-0.0047657121475146716,-0.005199777506178906,0.0014129589738681137,-0.008363298825458013,0.004484826468433878
3,yield_10y,24,-0.004995801644676708,-0.005442236406367027,0.0012313407071574756,-0.008755883929673134,0.0041920296151465
3,yield_10y,25,-0.0051843395015629115,-0.005664315359818811,0.0011796986450711652,-0.00902032851587229,0.003939624749196007
3,yield_10y,26,-0.0053333054274783236,-0.005723420307218739,0.0010171094943521547,-0.009212175213243178,0.0036113552311772385
3,yield_10y,27,-0.005444834480165972,-0.00576982346482059,8.670881192353362e-4,-0.00917710591986267,0.0033351992087812896
3,yield_10y,28,-0.0055211772330330524,-0.005748633317985413,8.258505499357197e-4,-0.009325204984091192,0.00313970362278201
3,yield_10y,29,-0.00556466510389845,-0.005674894634176374,7.191965243740162e-4,-0.009395915049673473,0.003155070634635655
3,yield_10y,30,-0.0055776802960061786,-0.005647270260333287,6.224378623886574e-4,-0.009344825242608093,0.003166033827089775
3,yield_10y,31,-0.005562629435664513,-0.005635542001435758,5.742749092443877e-4,-0.009181463059159985,0.0032276065923721457
3,yield_10y,32,-0.005521920285493241,-0.005489125060576638,5.054076275141326e-4,-0.009005219815814498,0.0030726810917062245
3,yield_10y,33,-0.005457941212481541,-0.005416432799783362,5.240215691113868e-4,-0.008862326881443065,0.002900429077488979
3,yield_10y,34,-0.005373043212376095,-0.005304243548477805,5.23921635670524e-4,-0.008710225110342,0.002907121818933476
3,yield_10y,35,-0.005269524295150775,-0.0051128505169868365,5.761849284620572e-4,-0.00835286072983382,0.002870397033057121
3,yield_10y,36,-0.00514961603218993,-0.0050408602873641415,6.647615806835436e-4,-0.00789367201612516,0.002791265591109218
3,yield_10y,37,-0.0050154720831196995,-0.004850049767103683,7.245121461936247e-4,-0.007748208897794695,0.002713267181678906
3,yield_10y,38,-0.004869158546787035,-0.004767227938523374,7.050539443460492e-4,-0.0075412521450791805,0.002582336746042652
3,yield_10y,39,-0.004712646000669571,-0.0045532853434874085,7.716099244900886e-4,-0.007192509417726284,0.0027169193032601084
3,yield_10y,40,-0.00454780310393304,-0.004330226464126487,7.97176276607978e-4,-0.007209084710286401,0.00257462275573765
3,yield_10y,41,-0.004376391645488022,-0.004129327661810762,8.210753622316595e-4,-0.007186540834839463,0.002590077216528224
3,yield_10y,42,-0.0042000629233179,-0.0038756900878189676,8.21355887780723e-4,-0.0069182781881005195,0.0025375637191417453
3,yield_10y,43,-0.004020355345996977,-0.003669165692355104,8.514126599409037e-4,-0.006816498617954699,0.0024969560849193483
3,yield_10y,44,-0.003838693151526722,-0.0035140313816033625,9.132500534394202e-4,-0.006647874308714391,0.0024779572917640533
3,yield_10y,45,-0.003656386142275446,-0.003365448378987493,9.977104902778309e-4,-0.006480145798640122,0.0025844261895953523
3,yield_10y,46,-0.0034746303381239098,-0.0031530942322304553,0.0010939402258946913,-0.006108523242544817,0.0026854710127937388
3,yield_10y,47,-0.0032945094531725005,-0.0028997528047219378,0.0011554573896829497,-0.005714326970675438,0.0026887829562977318
3,yield_10y,48,-0.003116997104726574,-0.0027543438442343155,0.0012488224653417802,-0.005396265126026286,0.0029027247743001936
3,cambio_usd,0,0.16890653260299027,0.13044078239373594,0.19522538299745948,0.10947179361479578,0.23277683782136316
3,cambio_usd,1,0.1901192351313727,0.1363420310280535,0.23430077096228952,0.11038183668936895,0.2811679297608189
3,cambio_usd,2,0.15616892270282665,0.09768645177829079,0.20970752625008246,0.062216402628974155,0.24845191709332487
3,cambio_usd,3,0.11024818237530429,0.048114943131277045,0.16873703764846543,0.006897282607248964,0.21007645387585439
3,cambio_usd,4,0.0771166054168938,0.009995637349666974,0.1402050812666035,-0.030100471793169766,0.18267696918242052
3,cambio_usd,5,0.05659724605610351,-0.00794670249249939,0.12410858820058476,-0.05167402733429073,0.1688046053606111
3,cambio_usd,6,0.03754995807754168,-0.024835022599205843,0.10495250128406347,-0.0721151019988415,0.15935777198801745
3,cambio_usd,7,0.01891944699455033,-0.04142821849667371,0.09232411128145283,-0.0885286513509522,0.14490997282546694
3,cambio_usd,8,0.0019050434765805783,-0.05424135379260657,0.08122110222882323,-0.10460186758785307,0.13165786068740037
3,cambio_usd,9,-0.012539843476320594,-0.06560978663709958,0.06994353217398497,-0.11243989511554767,0.11851968021643317
3,cambio_usd,10,-0.024681104859890383,-0.07592738571395145,0.06101808570155263,-0.12372560416629035,0.10906216959603995
3,cambio_usd,11,-0.0350454586982013,-0.08489319986276633,0.05473420923393983,-0.1333083266696806,0.10076386472263595
3,cambio_usd,12,-0.04401388729445194,-0.08908782675238255,0.04783750495281558,-0.14394166202573958,0.09327034066720696
3,cambio_usd,13,-0.051679408206402745,-0.09468292104703041,0.04125074805410234,-0.1530661794088669,0.08590979780060101
3,cambio_usd,14,-0.058071019788576796,-0.09816272829351716,0.03653698372420673,-0.16125309073781116,0.07745783798880444
3,cambio_usd,15,-0.06323823167515402,-0.10181757207680316,0.030724744196889968,-0.1690505439732802,0.07331802996020592
3,cambio_usd,16,-0.06726909841869558,-0.10508311935020725,0.026612036610115172,-0.17485437964046646,0.0687961034595434
3,cambio_usd,17,-0.07025872143890012,-0.10569014240343717,0.02271273464767799,-0.17189935148031316,0.06736265554617088
3,cambio_usd,18,-0.07229623672529362,-0.10853591243473784,0.020046000703177736,-0.17504171158947004,0.06359646284472356
3,cambio_usd,19,-0.07346370213551827,-0.10927707440974845,0.018655745166362196,-0.17540067333788917,0.0630521511317614
3,cambio_usd,20,-0.07384078436438146,-0.10954469215316118,0.017048958981964586,-0.17141419410748535,0.06377764452190901
3,cambio_usd,21,-0.07350605202074877,-0.10929636758179054,0.015056472263463929,-0.17087945777432986,0.061802299382922525
3,cambio_usd,22,-0.07253626415836552,-0.10861420999599997,0.0159195848221192,-0.16740273502497982,0.06286947820279803
3,cambio_usd,23,-0.07100514333252779,-0.10516943916760556,0.015276077396944636,-0.15806482669652414,0.059372011362706915
3,cambio_usd,24,-0.06898288013978904,-0.1026641690519758,0.014872438149945696,-0.15633906749922194,0.05665090825878448
3,cambio_usd,25,-0.06653607372577158,-0.09946690661171312,0.0156188818261455,-0.15341960469788285,0.05980884077540267
3,cambio_usd,26,-0.06372777812525025,-0.09574646308425475,0.016486701879708313,-0.15004653741517124,0.05926133728870732
3,cambio_usd,27,-0.06061746688574245,-0.09200610569878782,0.01636907830970446,-0.14814703134084947,0.06028429224695644
3,cambio_usd,28,-0.05726096327324819,-0.08978499896740728,0.016455712577681178,-0.1424725702162634,0.06013660227357566
3,cambio_usd,29,-0.053710390101793334,-0.08655401312137267,0.018315151572155443,-0.13759329818073276,0.0613401833577733
3,cambio_usd,30,-0.050014161088398436,-0.08194582748444572,0.019380001674170158,-0.13080834578676168,0.06144463949963821
3,cambio_usd,31,-0.046217002162665784,-0.07994224881224099,0.02186499557995395,-0.12598067742724633,0.06218231659642147
3,cambio_usd,32,-0.042359991980710825,-0.07758147147428411,0.023835013240602224,-0.1192492104866026,0.06203769920514543
3,cambio_usd,33,-0.038480617758797034,-0.07400070264107614,0.024897770897434716,-0.11551939709873586,0.061493092916698994
3,cambio_usd,34,-0.0346128473540759,-0.06997585178037857,0.02670483751932579,-0.11707109830469703,0.06258888920481971
3,cambio_usd,35,-0.030787217912024007,-0.0654878550093997,0.030212504528687175,-0.11156277704570039,0.06371178471398178
3,cambio_usd,36,-0.027030939925568803,-0.061053316490068565,0.03205383781185223,-0.10625886472874328,0.06376293356925207
3,cambio_usd,37,-0.02336801472677271,-0.05723106613437675,0.03352276648258925,-0.0986601829978637,0.06564868394980862
3,cambio_usd,38,-0.019819363497779036,-0.05346088842152289,0.03587016429800409,-0.09458642707189682,0.06694417018412233
3,cambio_usd,39,-0.01640296609931925,-0.04711730958381796,0.037858048121253464,-0.09006155903783558,0.07070725998292365
3,cambio_usd,40,-0.013134008117545186,-0.04612733445910164,0.03756822390401819,-0.08838328159341316,0.07015554544937375
3,cambio_usd,41,-0.010025034525409848,-0.04441536498403219,0.038182574991479826,-0.08381767433231228,0.07173043623344104
3,cambio_usd,42,-0.0070861083615602295,-0.04122904947696617,0.03897946273143197,-0.07739815230534176,0.0742185713746425
3,cambio_usd,43,-0.004324972882479903,-0.0366524597939852,0.037654419342922435,-0.0726370498771935,0.07841371314092872
3,cambio_usd,44,-0.001747215731110925,-0.03310620017936446,0.037416359263461076,-0.0695057994457276,0.07813155917431988
3,cambio_usd,45,6.435662360750144e-4,-0.029167883605500135,0.03769571676601865,-0.06661527230164832,0.07628686258850759
3,cambio_usd,46,0.002845602720091283,-0.028563376935699304,0.03953996741418287,-0.06470613110972413,0.07703717842787025
3,cambio_usd,47,0.004858787501179559,-0.027018188071935206,0.0406385370866957,-0.0624679226496755,0.07746920449753157
3,cambio_usd,48,0.006684518756614422,-0.025905485340418838,0.041058985808589556,-0.06075095414513309,0.07600711768716543
3,embi_perc,0,0.29270818962346057,0.22388319162208606,0.359348832901612,0.19280625733052287,0.4237813246285553
3,embi_perc,1,0.3075387168470289,0.21220163988007945,0.37402652735487785,0.17176180834816238,0.4464409597737044
3,embi_perc,2,0.21014844091151572,0.1216933970477781,0.2838537668851182,0.06491539002614258,0.3500515665971979
3,embi_perc,3,0.17974452765924492,0.08497003519636878,0.25308335676485516,0.02385859733790621,0.308560846525122
3,embi_perc,4,0.1639525098810561,0.05670522059091232,0.22847450424314458,0.005337479956537471,0.29431661620339356
3,embi_perc,5,0.15169431909715558,0.04458130324713908,0.21426222040837195,-0.0033691548361842833,0.28147552752117794
3,embi_perc,6,0.1328534868849431,0.028408042110492148,0.19997352896673226,-0.019894688397977388,0.26395682011590876
3,embi_perc,7,0.11056498540151491,0.015206161033168773,0.1850940286145366,-0.03532775428777938,0.246502503556102
3,embi_perc,8,0.08875478778556577,1.7596373472589038e-4,0.1681279253123507,-0.04607236184599789,0.23095645415198035
3,embi_perc,9,0.06903489488488272,-0.01556733837924899,0.15470404231695423,-0.06815435236380606,0.21925796312884918
3,embi_perc,10,0.05072759307032409,-0.028927750301477102,0.14438467089184556,-0.0843410560000181,0.20858095039120136
3,embi_perc,11,0.03334738970945729,-0.04041135044640475,0.1310546272117899,-0.09694562107977925,0.19816209833907067
3,embi_perc,12,0.016821998742367478,-0.053901881274814455,0.11965356770316476,-0.10971260749417078,0.18714334512887973
3,embi_perc,13,0.0013811040202095146,-0.06450899277505959,0.1074005012461114,-0.12309762240113216,0.17536843524382267
3,embi_perc,14,-0.012808779946723954,-0.07394854142093729,0.097345473581154,-0.13855352334591517,0.16480031403550208
3,embi_perc,15,-0.025695034141962014,-0.08420626245175936,0.0879281183800627,-0.14926355604164837,0.1494875697212645
3,embi_perc,16,-0.037294025974483294,-0.09272177794612269,0.07944333467540882,-0.16016107211932964,0.13724305476068707
3,embi_perc,17,-0.047631515354720363,-0.10292812509423166,0.0696495569420981,-0.16737630039939658,0.12682073477054434
3,embi_perc,18,-0.056732997081340004,-0.10907407283490012,0.06017745345515138,-0.1775653739007902,0.11920072842896975
3,embi_perc,19,-0.06462956822147001,-0.11392280292748291,0.05066192268279098,-0.18712363257595171,0.11065643751549616
3,embi_perc,20,-0.0713638265409362,-0.11889985742312495,0.04510858629766969,-0.19498231560808518,0.10317744644592824
3,embi_perc,21,-0.07698814253243019,-0.12363758364990998,0.039513082466175554,-0.20128753546461026,0.09642166526933814
3,embi_perc,22,-0.08156100772473324,-0.1283074529942786,0.03355813353999338,-0.20598780952229193,0.0938725005198047
3,embi_perc,23,-0.08514426458625236,-0.13000976322490837,0.03127947205741988,-0.20983980436859478,0.08793011623990901
3,embi_perc,24,-0.08780191885336355,-0.13039978091950782,0.026830419042611037,-0.2111462967444303,0.08490378668466093
3,embi_perc,25,-0.08959948609236483,-0.13340381709073382,0.023523373243394072,-0.209189050029898,0.08346375516587715
3,embi_perc,26,-0.09060334230151192,-0.13215171916085577,0.023281041109224083,-0.20936666687223376,0.08087831732525276
3,embi_perc,27,-0.09087998802289508,-0.1334511380513475,0.021915540946365664,-0.208190696206954,0.07870267750032234
3,embi_perc,28,-0.09049537615754531,-0.1320150108934818,0.01744174647404463,-0.2042428220474982,0.07616756712207486
3,embi_perc,29,-0.08951436529172915,-0.13000357184657282,0.016505057348788137,-0.1991730094812186,0.07375444177989497
3,embi_perc,30,-0.08800028555816795,-0.1275206130445448,0.014986264402697843,-0.19669291636415956,0.07439646350657694
3,embi_perc,31,-0.0860145774728001,-0.12251218254204226,0.014673025066869277,-0.1881783048000343,0.07286143886373857
3,embi_perc,32,-0.08361648390566094,-0.11987488313724051,0.01584821345835277,-0.1833636348984173,0.07180438131128024
3,embi_perc,33,-0.0808627903800781,-0.11776323121778312,0.015760616803636978,-0.18183232429332005,0.07127273684701294
3,embi_perc,34,-0.07780761336756721,-0.11257348027169808,0.01836241959920339,-0.18104007018875798,0.06921288441901519
3,embi_perc,35,-0.07450223369981893,-0.10864641007035356,0.020454483678743272,-0.1770522879222397,0.0690972740976816
3,embi_perc,36,-0.07099497054741633,-0.10456276923587543,0.02253068753493836,-0.1689394350915414,0.07159824423607822
3,embi_perc,37,-0.06733109151086743,-0.10250586484896967,0.024066448839490603,-0.16162913043173677,0.06887007986938491
3,embi_perc,38,-0.06355275530305218,-0.09652782882010441,0.024573365958592674,-0.1601939785476954,0.06542468256059632
3,embi_perc,39,-0.0596989841048909,-0.09220772783031997,0.025207944724117526,-0.15925446466791804,0.06467293178988613
3,embi_perc,40,-0.05580566288320999,-0.0864506032794738,0.026592480413066118,-0.15585210599159355,0.0630032524321395
3,embi_perc,41,-0.05190556300277588,-0.08315638704776535,0.02833152970965607,-0.14841317745668536,0.06695512812360534
3,embi_perc,42,-0.04802838753942753,-0.0817265709818728,0.02989199065978855,-0.1406438349801695,0.06925301727023626
3,embi_perc,43,-0.04420083582122466,-0.07858887691785854,0.03046126411727617,-0.13206065617588028,0.0720770614377122
3,embi_perc,44,-0.04044668485388714,-0.07384491131606066,0.032189094025910255,-0.12213910522322953,0.07817978136677876
3,embi_perc,45,-0.03678688540237431,-0.06803946317801352,0.03371055265862189,-0.11665284204615739,0.0777013221562261
3,embi_perc,46,-0.03323967060645669,-0.06308498405093103,0.03411684068472611,-0.11659194708976031,0.0768229335404936
3,embi_perc,47,-0.029820675113944293,-0.05996283510782197,0.03539458876171406,-0.10973144141361027,0.07664841209806125
3,embi_perc,48,-0.026543062825581554,-0.05729337600296259,0.0359387453611916,-0.1068982938548019,0.07880523943056775
3,cds_5y,0,35.67970508121479,28.031250085362885,42.04664063158512,24.191002465991186,48.9861470460374
3,cds_5y,1,38.13051758692868,27.397544901529628,44.97090357534087,22.745758455826916,52.182826434422985
3,cds_5y,2,28.249411841045067,17.352121889450693,36.003452624235806,11.523169315548689,42.98246690462366
3,cds_5y,3,24.07865238837732,12.311440169945595,31.728074902001566,5.254830982840376,38.36372195924213
3,cds_5y,4,21.71742362422321,8.59363937894961,28.851397411486573,2.709737974091842,35.72586009944731
3,cds_5y,5,19.96971126205024,6.922961284508793,27.779736847101596,1.315158385690076,35.019251728116295
3,cds_5y,6,17.53234960499944,4.9628187387886165,26.055623856679112,-0.6491829861890236,33.322856986276555
3,cds_5y,7,14.683331523360394,3.2956278317433885,23.692345222472,-3.2120747781051975,31.553728181127887
3,cds_5y,8,11.872887841415821,1.4992514926188394,21.97940510041676,-5.500181430395228,29.682675414924233
3,cds_5y,9,9.293177977830476,-0.1215633076256169,20.37915890463969,-7.320141699011769,28.243220709492505
3,cds_5y,10,6.8794005697322795,-1.9333595646975748,18.728068664726216,-9.25595020115653,27.206051399496044
3,cds_5y,11,4.57503040574112,-3.6584343674184203,17.273038163894917,-10.109201399073163,25.99958555489757
3,cds_5y,12,2.370574671754884,-5.358287464216513,15.65154800780533,-12.244995990694528,24.576665327139604
3,cds_5y,13,0.29401880133397085,-6.71338346804907,14.172939639927742,-14.341468625057114,23.148718746551026
3,cds_5y,14,-1.6318325920257912,-7.82234417215974,13.0172802257874,-16.21476426228943,21.654153586189338
3,cds_5y,15,-3.3973406859414417,-9.283728802584594,11.511304176424456,-17.745961594487223,20.305577358982376
3,cds_5y,16,-5.001744944438177,-10.545352416792914,10.065859226287593,-19.52387898011956,18.757318694830623
3,cds_5y,17,-6.446236529465696,-11.641743151588178,8.83334870362583,-20.380261129754803,17.25687527701211
3,cds_5y,18,-7.732464165311027,-12.634650132940363,7.659400356465629,-21.888587253879095,16.362515260446802
3,cds_5y,19,-8.863030722381234,-13.630059226374172,6.825841106240828,-22.867843451931023,15.532617765805243
3,cds_5y,20,-9.842139288750172,-14.344617670524878,6.0964063159158,-23.763208327722406,14.527434610390442
3,cds_5y,21,-10.67539614001385,-14.523811556352909,5.165943303010312,-24.67742759851389,13.51858908443424
3,cds_5y,22,-11.369363990457785,-15.375611184380887,4.494784353263247,-25.295422292081,12.561459600946295
3,cds_5y,23,-11.931200870393225,-15.938777935387272,3.906826165195503,-25.971122211706277,11.434092660208723
3,cds_5y,24,-12.368484993684918,-16.48213514241454,3.551100191973694,-26.259132838260857,10.947310712042071
3,cds_5y,25,-12.689112172679035,-16.246322937481388,3.148064905971313,-26.269441436901413,10.425703036512964
3,cds_5y,26,-12.901200502187198,-16.309840221827724,3.212084345369622,-26.15239509332917,9.561410199551078
3,cds_5y,27,-13.012987501858042,-16.45528279015104,2.877910189592992,-26.437946806892892,9.078606625289304
3,cds_5y,28,-13.032735419278268,-16.631257433555128,2.4841959370816444,-26.49045710948998,9.118054507701817
3,cds_5y,29,-12.968652163310615,-16.691099496013628,2.4417390861330404,-25.85254885675575,8.947453611417384
3,cds_5y,30,-12.828826773875237,-16.11247271595825,2.3668415429761693,-26.15297224417705,8.681258692086324
3,cds_5y,31,-12.621174844975203,-15.670235541929502,2.182123419556895,-25.515083823336997,8.672121695967745
3,cds_5y,32,-12.353391358359277,-15.484886700999688,2.226129844151791,-24.858613775002325,8.422735816528787
3,cds_5y,33,-12.032910172319466,-14.903861309917371,2.297043241094302,-24.367482623345833,8.304541608466952
3,cds_5y,34,-11.666870030652026,-14.318832466596458,2.2811444187250274,-23.63827943234552,8.189732593790904
3,cds_5y,35,-11.26208671551146,-13.922741896082677,2.567443189923921,-23.015995495911554,8.103718808769518
3,cds_5y,36,-10.825030776299823,-13.260593836943631,2.761662286448475,-23.06246177090816,8.142026304011951
3,cds_5y,37,-10.361810269805437,-12.876642654292542,2.671028356613155,-22.841976534314263,7.821940475093786
3,cds_5y,38,-9.878158054118751,-12.253598894835234,2.8481786042075647,-21.845637560020453,7.646023539923586
3,cds_5y,39,-9.379423253914693,-11.762337986613144,2.821305115785027,-20.65662210222046,7.800696172030024
3,cds_5y,40,-8.870566543444776,-11.302365133577213,3.0438457014430407,-19.49473863621495,8.155342023352667
3,cds_5y,41,-8.356158900679006,-10.886469810497953,3.264744334045492,-18.694313780142288,7.979915190643539
3,cds_5y,42,-7.840383495079887,-10.648070615796836,3.402998895423898,-18.096288747191366,8.215356369444681
3,cds_5y,43,-7.327040385376073,-10.108489651287297,3.7177744301406896,-17.563509744995795,8.154876427515495
3,cds_5y,44,-6.8195537188157616,-9.671352781156783,3.7996574151978573,-16.827178299667455,8.467268034685917
3,cds_5y,45,-6.320981137006531,-8.918902504407987,4.140770153140437,-16.590914336782376,8.977842521800737
3,cds_5y,46,-5.8340251059747334,-8.42214932432658,4.343100529261977,-15.43248361247361,9.151767131525132
3,cds_5y,47,-5.361045900606002,-7.91191074109228,4.411843331804073,-14.656280482536772,9.341161864007665
3,cds_5y,48,-4.90407598677929,-7.477628947169436,4.6334622389767395,-13.960951126110372,10.028048958095315
3,asset_ibov,0,-0.7394292773356362,-2.5055187182181102,0.7798292402474696,-3.695414796791584,1.7125933584846416
3,asset_ibov,1,-1.2395563439546002,-1.8749266535781428,1.4464886253510931,-3.0592735031017213,2.6726834152649976
3,asset_ibov,2,2.2716887100512997,1.390333801704693,5.162745609536188,0.1833672410057766,6.64156316212031
3,asset_ibov,3,0.8829122738117944,0.0542413578587762,3.6487799966002608,-0.9336541719599178,5.318829963341904
3,asset_ibov,4,0.63110643246232,-0.2716769690667107,3.3535072252269975,-1.2221929214446834,4.771532015854669
3,asset_ibov,5,0.6602253989421535,-0.387537767311278,3.1076141651130835,-1.4054531341370984,4.575227671713894
3,asset_ibov,6,0.912415111801255,-0.27972245833261644,3.1218529581899115,-1.268911297120003,4.874958689184585
3,asset_ibov,7,1.0426479537546496,-0.26217772296704145,3.1062445933685616,-1.1008107489221188,4.819706313952062
3,asset_ibov,8,1.0824268996862643,-0.2546704272620632,3.1697321102987916,-1.1251206858197684,4.819406437805143
3,asset_ibov,9,1.0365765293130387,-0.3284048045154403,3.064053579237108,-1.2190217635491742,4.78866551791133
3,asset_ibov,10,0.9626755409412614,-0.38574489245432303,3.0320727885085437,-1.266177856731143,4.7111744425746975
3,asset_ibov,11,0.8564183779726332,-0.440345406785014,2.9551874716012687,-1.4226151882211346,4.584717419425756
3,asset_ibov,12,0.7181717564490944,-0.4929896947329479,2.887552804158015,-1.533417879196583,4.55536368591375
3,asset_ibov,13,0.5480313902156915,-0.5918017304495614,2.767085708413533,-1.6802738400669863,4.4546038680742885
3,asset_ibov,14,0.3542066761704798,-0.6932263162480324,2.6897997269492464,-1.6996933996775714,4.3263655834183705
3,asset_ibov,15,0.14459726852530663,-0.829898562476881,2.5757367217491667,-1.8586148453805427,4.309189078767207
3,asset_ibov,16,-0.07402839289001045,-0.9272642102761958,2.4776733625084053,-1.9698199565867027,4.159923601886549
3,asset_ibov,17,-0.2968939960832869,-1.0385773537169594,2.3796843556211407,-2.103674238180126,4.022869139617631
3,asset_ibov,18,-0.5199926397494277,-1.1136953036232207,2.212098212927775,-2.225914829234509,3.899679917924583
3,asset_ibov,19,-0.7398726915764051,-1.2337209602642767,2.09954023261254,-2.335506412709364,3.7776129560040705
3,asset_ibov,20,-0.9535266537029117,-1.4158582383970435,1.9699635366693866,-2.468154768331543,3.6887916324467773
3,asset_ibov,21,-1.1585023255890312,-1.4884868357427146,1.8548040331904976,-2.6159866845705677,3.568036645650068
3,asset_ibov,22,-1.3528681848027277,-1.6243358617855617,1.7608992450433962,-2.8202170019546973,3.400316891485439
3,asset_ibov,23,-1.5351477447823365,-1.7138359268049574,1.6122784130335428,-2.96832050316674,3.220645064011383
3,asset_ibov,24,-1.7042360295940961,-1.8059873015117105,1.4907663943249894,-3.14849116875579,3.167632452360455
3,asset_ibov,25,-1.8593446744742008,-1.8859564702133385,1.397228075608718,-3.273014192702269,3.0807826589213176
3,asset_ibov,26,-1.999959613820886,-1.9884885392006297,1.2823663421875007,-3.4325327896649442,2.9641388010062624
3,asset_ibov,27,-2.125805929589034,-2.0526430920863126,1.210855887771045,-3.563895177283286,2.8904948968747837
3,asset_ibov,28,-2.2368136472891256,-2.108978767529636,1.1566648043810823,-3.6064857916955333,2.7730840572603377
3,asset_ibov,29,-2.3330864621815075,-2.155496660581,1.0660312173838862,-3.6258203556365856,2.6399533916064684
3,asset_ibov,30,-2.414874084147464,-2.1780683674477745,0.9753431708847421,-3.801048518555012,2.496971596528727
3,asset_ibov,31,-2.482548451535232,-2.2112896366672206,0.8717968673493879,-3.859416062263191,2.4253632458689007
3,asset_ibov,32,-2.536582991802257,-2.252344354020665,0.8187713331252927,-3.837742863174247,2.3948287175046947
3,asset_ibov,33,-2.5775343380789573,-2.2979141812188106,0.7820009636583292,-3.8369401533706364,2.313370688842981
3,asset_ibov,34,-2.6060260987681567,-2.3154561268836877,0.7231716223438797,-3.8363305765312616,2.3320465532790813
3,asset_ibov,35,-2.6227344737546865,-2.3324537535950847,0.6254435258293245,-3.8915557085785952,2.3088751576829156
3,asset_ibov,36,-2.62837552103711,-2.2948686699487526,0.5753957953568649,-3.8387782354354676,2.214407819871899
3,asset_ibov,37,-2.6236938845954714,-2.2393049060630204,0.5433818279793307,-3.731406921429921,2.1052983469891555
3,asset_ibov,38,-2.609452806441619,-2.2009479257095172,0.5137106562175787,-3.671160127851946,2.080643292107906
3,asset_ibov,39,-2.5864252791586906,-2.1773512096985086,0.46059163217319865,-3.658060293346763,2.036164091301694
3,asset_ibov,40,-2.555386223577158,-2.078787544865805,0.4319572036447553,-3.59222180293487,1.9657777771394807
3,asset_ibov,41,-2.517105597125264,-2.041730464303458,0.4296709129073709,-3.5093484139751583,1.8794639409082543
3,asset_ibov,42,-2.4723423517417595,-1.9767622949257102,0.4340237484665208,-3.4359609552958683,1.747882405515081
3,asset_ibov,43,-2.421839170631099,-1.9210384585087408,0.4260801467575381,-3.3015432766461053,1.6436300089097833
3,asset_ibov,44,-2.36631792170001,-1.8745275241705621,0.4275770743639753,-3.199135570135319,1.576112943758623
3,asset_ibov,45,-2.306475772597762,-1.8047555384182035,0.4370264918612632,-3.10430557567986,1.549498816756356
3,asset_ibov,46,-2.242981917712559,-1.734686230457661,0.4539340254505837,-2.9843071306523696,1.4925729262277585
3,asset_ibov,47,-2.1764748715334976,-1.6759962498105119,0.4357826942969659,-2.8507909042351125,1.4250144243017984
3,asset_ibov,48,-2.1075602858326987,-1.6057339779350985,0.422970389217298,-2.716897705670785,1.4160661553899865
2,yield_3m,0,0.00393446193417384,0.003669722035605459,0.004229263644905757,0.0035103577863365397,0.004437725696610847
2,yield_3m,1,0.004892273252361546,0.0043665014725714525,0.005716048277700255,0.003853361103948598,0.00614993069422541
2,yield_3m,2,0.005119835657975361,0.0040924501984585335,0.006275762504299082,0.0032916492594713756,0.00708856752995034
2,yield_3m,3,0.005025236608090428,0.0036010558310130033,0.006471520550797019,0.002737280861449154,0.007674869184457453
2,yield_3m,4,0.004813215526847511,0.0031636383768859624,0.006500385159613107,0.002179565875110489,0.008000228907961975
2,yield_3m,5,0.004518813847486255,0.002758313403657969,0.006520706943078353,0.001774639676060019,0.008027570232846348
2,yield_3m,6,0.0041645446971651035,0.002423509030241414,0.006449006180397974,0.001278019195634235,0.008071688120524773
2,yield_3m,7,0.0037687061527119925,0.002099600821827535,0.006293657623662159,7.696126251556748e-4,0.008094362774232939
2,yield_3m,8,0.0033466131093162657,0.001775147117063587,0.006075921674195928,3.6155167159502964e-4,0.008041532311181291
2,yield_3m,9,0.0029093419169842084,0.00137149406615833,0.0057983439285515075,-1.2488669679232308e-4,0.00792737272969373
2,yield_3m,10,0.0024644396789119585,9.786298493934234e-4,0.005586067999043429,-3.4021624568340207e-4,0.007630186096454196
2,yield_3m,11,0.0020170160036393913,5.970997195082517e-4,0.005335659919605937,-7.643294921920564e-4,0.007360436779053375
2,yield_3m,12,0.0015706809594601815,2.5289143528631555e-4,0.005094800688131309,-0.001269871344387349,0.006989467663595412
2,yield_3m,13,0.0011281788754302928,-1.1198404941053024e-4,0.004800471183835529,-0.0016691015171801668,0.006630155649509646
2,yield_3m,14,6.917740458862987e-4,-3.82626728155823e-4,0.004502138094112251,-0.0018992921009706562,0.006275463760395854
2,yield_3m,15,2.634658344215865e-4,-7.536568772722791e-4,0.004316431990291839,-0.0022757582161756513,0.005921766085994792
2,yield_3m,16,-1.5490474155823304e-4,-0.0010789967945757243,0.004077871598271771,-0.002785604888634972,0.005695986827017457
2,yield_3m,17,-5.616136184847863e-4,-0.0014051725293560556,0.003830557127830641,-0.0031594993866083834,0.005437440073699816
2,yield_3m,18,-9.550481928917619e-4,-0.0017842649570174443,0.003594306661795699,-0.003505893344941505,0.005341319356094481
2,yield_3m,19,-0.001333718619120786,-0.002227840992704626,0.003352225547200305,-0.0038492386570900404,0.00505198850791094
2,yield_3m,20,-0.0016962741666414682,-0.0026523568675269065,0.003194247082238467,-0.004330678349324462,0.004892701542727751
2,yield_3m,21,-0.002041518112349666,-0.0031134798398281564,0.002952695487935299,-0.004802689826570273,0.00473804271499699
2,yield_3m,22,-0.002368418126027453,-0.003357550970468893,0.002743452955257978,-0.005312570998906489,0.004566058685323525
2,yield_3m,23,-0.002676111268452407,-0.003695197102723229,0.0025363647712357807,-0.005727613404837493,0.0045580099627731095
2,yield_3m,24,-0.002963903930623301,-0.004029346217096578,0.0023335385887688076,-0.006256339696132794,0.004479694024330679
2,yield_3m,25,-0.003231267611280714,-0.004248474468213446,0.00218623161665547,-0.006676589624743196,0.004375420380980949
2,yield_3m,26,-0.00347783160043701,-0.004485083398748317,0.002004641611069095,-0.007063099741853325,0.004274025630712814
2,yield_3m,27,-0.00370337358337968,-0.0047611520001008475,0.0019376165926745668,-0.007337926322585509,0.0041487686595068594
2,yield_3m,28,-0.0039078090198047125,-0.004965706289179961,0.0018509683158544742,-0.007527167975905888,0.004009999545992853
2,yield_3m,29,-0.0040911799594888915,-0.005149114019924796,0.0017223914045928581,-0.007910598414542634,0.003899013504902377
2,yield_3m,30,-0.004253643770588545,-0.005355814366132485,0.0015630838799941945,-0.008209915816334757,0.003642289804957833
2,yield_3m,31,-0.004395462099224211,-0.005456025548307152,0.0014326745496328031,-0.008379728593996464,0.0036278944501751753
2,yield_3m,32,-0.004516990256026009,-0.00567217334498579,0.0013391271908162385,-0.008466269135197569,0.003534420762149596
2,yield_3m,33,-0.004618667135675439,-0.005778631618502075,0.0012624218561978118,-0.008658094323580702,0.003367333738571708
2,yield_3m,34,-0.004701005714345595,-0.005784390102447562,0.001173359156732637,-0.008755958348541702,0.0032700619766658657
2,yield_3m,35,-0.004764584131193903,-0.005795881173770972,0.0010899453446156148,-0.008791197785408393,0.0031595073843075547
2,yield_3m,36,-0.004810037337714113,-0.005966676182085835,9.95567758163831e-4,-0.008918573008573205,0.0029831957632280087
2,yield_3m,37,-0.004838049287658874,-0.0060680657687920475,8.946479332508714e-4,-0.008932401412098563,0.0028020680899392713
2,yield_3m,38,-0.0048493456363355855,-0.006033100661089809,8.378913713480752e-4,-0.009114058273937908,0.0026550054072893613
2,yield_3m,39,-0.004844686918365,-0.006095948290300189,7.454656143763729e-4,-0.009057647775909365,0.00252425229860571
2,yield_3m,40,-0.0048248621754103365,-0.006068200465570414,6.658286287627442e-4,-0.009100425124950611,0.002310358749699103
2,yield_3m,41,-0.00479068300860813,-0.0060849563577505,6.228384325238045e-4,-0.009170542933965397,0.0022148341579689337
2,yield_3m,42,-0.004742978033679119,-0.006003457663017383,6.083917397061403e-4,-0.009083464762940616,0.002070203031308514
2,yield_3m,43,-0.004682587719564086,-0.005842586035329946,5.489286350576929e-4,-0.0090539288415992,0.002017301491979134
2,yield_3m,44,-0.00461035959375638,-0.005807447863619306,4.905569499403313e-4,-0.009013366583091001,0.002009316595571303
2,yield_3m,45,-0.004527143799275565,-0.005737530183664373,4.519191664064049e-4,-0.008932242723603295,0.0019610462622761493
2,yield_3m,46,-0.00443378898950706,-0.005576738324468044,4.360456020910782e-4,-0.008680498369603681,0.0018997635473800305
2,yield_3m,47,-0.004331138548014311,-0.00540249990783149,4.0197537864195454e-4,-0.008409526898313494,0.001767018923060381
2,yield_3m,48,-0.00422002712101058,-0.00524900847420417,4.06026078039552e-4,-0.00829899716588756,0.001635841375587722
2,yield_6m,0,0.005,0.005,0.005,0.005,0.005
2,yield_6m,1,0.006277007243666606,0.0055951782096237135,0.007202824103576264,0.005086664375082565,0.007668311078157619
2,yield_6m,2,0.006380522621056884,0.0051548599760159125,0.007773092848022583,0.004343915799267996,0.008874015301958717
2,yield_6m,3,0.0060986096987130966,0.004494812289302641,0.007857468833153811,0.003549687725922702,0.009198839492211112
2,yield_6m,4,0.005705265808384208,0.003948774101739428,0.0077837772012851105,0.002736326641284932,0.009414446969766233
2,yield_6m,5,0.0052447172932402145,0.0033980192275061627,0.007608541494577049,0.0021645012382068133,0.009511771409221102
2,yield_6m,6,0.004735334239108143,0.0028818047429376905,0.007362567735616211,0.0015096820970573882,0.009412314130252805
2,yield_6m,7,0.0041936652232999515,0.0024642112148603994,0.007149187157865432,9.843515617715328e-4,0.009291448275339856
2,yield_6m,8,0.0036347528134793327,0.0019403310499471484,0.006819469114980114,2.660776453677089e-4,0.009133977330394552
2,yield_6m,9,0.0030697107436984455,0.0014524903223253937,0.00655899917567882,-2.3934591425183647e-4,0.008868118920917073
2,yield_6m,10,0.0025059638894840957,9.80230999160955e-4,0.00618407265505112,-7.340841256795585e-4,0.008432013604478285
2,yield_6m,11,0.0019483405621426723,5.268726841912239e-4,0.005911843606455799,-0.0013083974740921156,0.0078179614438476
2,yield_6m,12,0.0014000966702268677,7.042143113351322e-5,0.005614087897540453,-0.0016590120223560054,0.0074451086794617115
2,yield_6m,13,8.636124508711215e-4,-2.4224574012993584e-4,0.005287358053212302,-0.002033176248672716,0.007140595704745708
2,yield_6m,14,3.4080759323759397e-4,-7.380978422283475e-4,0.0049800240043377615,-0.0025890777965670037,0.006861523513692751
2,yield_6m,15,-1.6663458655983912e-4,-0.0011761578403611992,0.004611703852801292,-0.0030617058371529343,0.006559801333478077
2,yield_6m,16,-6.571613791587425e-4,-0.0016328817901930966,0.004388870113902068,-0.003441607654252457,0.006248705257014
2,yield_6m,17,-0.0011293142123457816,-0.002091808915558095,0.004091448584044652,-0.004056438290024118,0.005955032786000673
2,yield_6m,18,-0.001581729256537932,-0.0025189184991740114,0.003889387737174177,-0.004642398097344418,0.005791879970619449
2,yield_6m,19,-0.0020131545230744354,-0.003018673845003383,0.0037173582590466535,-0.005158100591245364,0.0057114604744021875
2,yield_6m,20,-0.0024224710343299675,-0.0034723946425158723,0.0034552927291323365,-0.005707457197673084,0.005475792252667338
2,yield_6m,21,-0.0028087113115638322,-0.003982147181448322,0.0032434744358442774,-0.006241431658100936,0.005298810190672858
2,yield_6m,22,-0.003171072174682588,-0.004350984958022592,0.0030032665856301204,-0.00669421652974544,0.005296764197057555
2,yield_6m,23,-0.003508921144001664,-0.004746447546081763,0.0027413849980495414,-0.007091920592476269,0.005166317738837591
2,yield_6m,24,-0.003821796991633803,-0.005056358776250035,0.0024830346660582813,-0.007444879542266432,0.004999353617935228
2,yield_6m,25,-0.004109405556140782,-0.005333789624370557,0.0023016831867016963,-0.007839608292597847,0.004885341446223487
2,yield_6m,26,-0.004371612075813924,-0.005485408958465586,0.002167955790822627,-0.00827733230245211,0.004698861969816407
2,yield_6m,27,-0.0046084312042420725,-0.005709867244378178,0.0020817077924207093,-0.008651255127503112,0.004404963955189915
2,yield_6m,28,-0.004820015673562753,-0.005978937764910782,0.001931536266572352,-0.008946889844274044,0.004208061640442456
2,yield_6m,29,-0.005006644343985522,-0.006186926533224581,0.0017683268396667508,-0.009231947824405286,0.0041562745724750255
2,yield_6m,30,-0.005168710166045218,-0.006473319091177102,0.0016651921669616947,-0.009554008639470628,0.004035327358807715
2,yield_6m,31,-0.0053067084046304145,-0.006639023626072965,0.0015207330275823201,-0.009833148124106725,0.003907524095913522
2,yield_6m,32,-0.005421225336855831,-0.00669807804821692,0.0014404900497639534,-0.010015705109597614,0.003826861455543058
2,yield_6m,33,-0.005512927537022654,-0.006730063866051631,0.001319468200390769,-0.010232922123369136,0.003646255478703448
2,yield_6m,34,-0.0055825517951812,-0.006890835370792176,0.0012414402334685072,-0.01032515464526616,0.0034690599645594788
2,yield_6m,35,-0.005630895673982977,-0.006939655440955943,0.0011323157978442625,-0.010491871286640421,0.003340841576058645
2,yield_6m,36,-0.0056588086847328125,-0.006896258946666198,0.0010563339554406919,-0.010497516302901447,0.0031937753924095548
2,yield_6m,37,-0.005667184052028768,-0.006986760469370101,9.308714285920477e-4,-0.010562028449468014,0.0029952874649677363
2,yield_6m,38,-0.00565695103258777,-0.007033038222703895,8.157315961873898e-4,-0.010534564322172807,0.0027665109002373693
2,yield_6m,39,-0.00562906775450639,-0.007012670840075631,7.491276098416094e-4,-0.010570474087095532,0.0026432568651224577
2,yield_6m,40,-0.005584514546053953,-0.006954309281167078,7.185273412569926e-4,-0.010621028322160424,0.0025434203902149895
2,yield_6m,41,-0.005524287726713235,-0.006879568748734641,6.398177596627372e-4,-0.010498721910129983,0.0024157351256845145
2,yield_6m,42,-0.005449393836746685,-0.006783674183587124,5.757576692153861e-4,-0.01041243652810696,0.0023822803885227314
2,yield_6m,43,-0.005360844284658467,-0.006648680892419283,5.382547686687751e-4,-0.01036816025363169,0.0024271388238187694
2,yield_6m,44,-0.005259650394392353,-0.006562096210151532,4.948580908568372e-4,-0.010265678483538059,0.0022987660323943084
2,yield_6m,45,-0.0051468188359542035,-0.006383558879745594,4.248720499482031e-4,-0.010045723137083023,0.0021763289718572847
2,yield_6m,46,-0.0050233474244547735,-0.006258460821164669,4.5334577828963046e-4,-0.009837752554265269,0.002071094700072747
2,yield_6m,47,-0.004890221273444002,-0.006072230078653937,4.727068508025284e-4,-0.009631721332266908,0.0019924191226176305
2,yield_6m,48,-0.004748409288962983,-0.005821055519524617,4.043498710394737e-4,-0.009382245130682452,0.001943709607080906
2,yield_1y,0,0.0062513760196771144,0.005874920832276349,0.006659485059036627,0.005621818130943277,0.006932771240810191
2,yield_1y,1,0.007863963636534655,0.0068918759555882305,0.009109990917189085,0.006101040309831056,0.009797417925262323
2,yield_1y,2,0.007754511993777235,0.00623003967966056,0.009575978973992262,0.005228840747787477,0.010907416572128426
2,yield_1y,3,0.007209714576226747,0.0053883697093262,0.009298456816502317,0.004283103535170026,0.011120629592939215
2,yield_1y,4,0.0065761309010539575,0.004590664854222413,0.008949822025820068,0.003322911298327887,0.01099080171608944
2,yield_1y,5,0.005904113962256805,0.0038850026442996785,0.008655148420544228,0.002486292775141213,0.010794958385229557
2,yield_1y,6,0.005204138091130976,0.003267692983316317,0.00823857534032882,0.001757085600384079,0.010670987981732777
2,yield_1y,7,0.004489029212595475,0.002661557681342965,0.007863329940861362,0.001022784111942003,0.010326099697081995
2,yield_1y,8,0.0037722679237613154,0.0020168959570505585,0.007527892918066916,2.907436793881415e-4,0.009894102564267843
2,yield_1y,9,0.003064056026690013,0.0014156640963852976,0.00711114259311115,-3.417991509518156e-4,0.009503951419967611
2,yield_1y,10,0.0023709426734529323,8.317968741241697e-4,0.006744357673816064,-0.0010304140194287506,0.009071621487378969
2,yield_1y,11,0.0016968647379086543,2.871991812026649e-4,0.006291152326100903,-0.001612820203322896,0.008265022900561893
2,yield_1y,12,0.0010442172089430814,-2.2467272327000094e-4,0.005804364380480075,-0.002231083933223752,0.008050075159101581
2,yield_1y,13,4.145806688073021e-4,-7.161918453097785e-4,0.005426319004812309,-0.002706094102639312,0.007647708077586869
2,yield_1y,14,-1.9085756934213594e-4,-0.0012688755563161928,0.0051186208026593565,-0.00333223410250022,0.00727524813796237
2,yield_1y,15,-7.71085106299739e-4,-0.0017694284513414945,0.004760264691661814,-0.004014813262998464,0.006953404764235107
2,yield_1y,16,-0.0013251679470729586,-0.0023304834793220408,0.004526775936757858,-0.004847538571040826,0.006652267751417147
2,yield_1y,17,-0.0018522231575059222,-0.0029586681328194683,0.004226536436271187,-0.005443022314286249,0.0065138066463805554
2,yield_1y,18,-0.0023514272908903657,-0.003452389918928646,0.004003329110471463,-0.005861489678195903,0.0063409822875642044
2,yield_1y,19,-0.0028220397279868827,-0.0039050255973669666,0.0037618628287276745,-0.006563111392620223,0.006047325336170684
2,yield_1y,20,-0.003263428575332726,-0.004462602731227137,0.0035051193760784792,-0.0070507623819181,0.005924458839143509
2,yield_1y,21,-0.0036750925744712384,-0.0049659255803604615,0.003240657362016696,-0.007701219957262169,0.005786083751408115
2,yield_1y,22,-0.004056676274506452,-0.005354700265154885,0.0029934439040867184,-0.008118302070255849,0.005696354953020315
2,yield_1y,23,-0.004407978015577857,-0.005764488720697484,0.002740879079166005,-0.008517237408884083,0.005488093560312694
2,yield_1y,24,-0.0047289514979393125,-0.006117932458295522,0.0024926778472196243,-0.008899262258967106,0.005317863469882144
2,yield_1y,25,-0.0050197022340532586,-0.006412590470148075,0.0023564134622955954,-0.00940058313120952,0.005059171216866448
2,yield_1y,26,-0.005280480278109177,-0.006565391537354295,0.002205334991600931,-0.009861074391728357,0.004781954031154429
2,yield_1y,27,-0.005511670495813889,-0.0068335129685720385,0.002062721764444086,-0.010096294345218897,0.004732645637817292
2,yield_1y,28,-0.005713781406705039,-0.007171897357980156,0.001966073221757063,-0.010313297077071773,0.0045216171972916825
2,yield_1y,29,-0.005887433379991294,-0.00728933289946216,0.001820254644142274,-0.010658581203359394,0.004403635044722737
2,yield_1y,30,-0.006033346735416992,-0.007432760054800208,0.0016795254397356733,-0.010960768074399935,0.004149861332054912
2,yield_1y,31,-0.0061523301116065444,-0.007562022437511128,0.001555283871267974,-0.011247803506715339,0.0038971713898232423
2,yield_1y,32,-0.0062452693200820576,-0.007705363720957503,0.0014730879317647865,-0.011405650885021776,0.003864388446600849
2,yield_1y,33,-0.0063131168001202345,-0.007737256960541328,0.0013166118229454953,-0.011530606913124998,0.0038210640826005027
2,yield_1y,34,-0.006356881720736212,-0.007887315342349226,0.0012358442442623502,-0.011759938359945075,0.003753064574415666
2,yield_1y,35,-0.0063776207333782,-0.007878122321412022,0.0010999417773500323,-0.011829562763265194,0.0036358197082220585
2,yield_1y,36,-0.006376429354981825,-0.00782149403692126,0.0010079829167758106,-0.011834484812428674,0.003349970822628549
2,yield_1y,37,-0.00635443394970001,-0.007798599647089025,8.67681873786146e-4,-0.011827830943693015,0.003089379719792671
2,yield_1y,38,-0.006312784274144037,-0.00784209938420198,8.123281561237899e-4,-0.011753008422770552,0.0030179814342147777
2,yield_1y,39,-0.006252646551925006,-0.007847237981507963,7.054194983617387e-4,-0.011683436616427161,0.0029976999479365725
2,yield_1y,40,-0.0061751970463661526,-0.007663797074491502,6.656815108109802e-4,-0.011687057132653177,0.0029098041801430548
2,yield_1y,41,-0.006081616104020705,-0.007415997714522541,5.803878567900633e-4,-0.01139538687248753,0.00274449805665587
2,yield_1y,42,-0.005973082645255929,-0.007253973957149767,4.944333164161846e-4,-0.011181986784550948,0.002692124311186228
2,yield_1y,43,-0.005850769081251821,-0.007217805507090526,4.248349384767051e-4,-0.011123129288104338,0.002604167962881734
2,yield_1y,44,-0.005715836639179738,-0.007086052707127525,4.2096081589638063e-4,-0.010967787066102071,0.0023759061536328114
2,yield_1y,45,-0.0055694310790910355,-0.006844323273710463,4.6597264002699873e-4,-0.01088465118422199,0.0022240883285330774
2,yield_1y,46,-0.005412678787253603,-0.0066735920251834325,4.631315520422471e-4,-0.010779196008557706,0.002168274280003235
2,yield_1y,47,-0.005246683231446186,-0.006464030486243111,4.437532838822086e-4,-0.010506774684575332,0.002106246418649983
2,yield_1y,48,-0.005072521764176107,-0.006296012374550441,4.708034080353616e-4,-0.010367525682993333,0.002150504775465768
2,yield_2y,0,0.007273029372853373,0.006408586609415897,0.008231225442283798,0.005918110633272181,0.008840558496021715
2,yield_2y,1,0.00901125336037659,0.007525194394084292,0.01058231899101315,0.0064491896948486085,0.011901892530359566
2,yield_2y,2,0.00858381196192757,0.00673166346372388,0.010827536189495644,0.005499719200164958,0.012421211654229894
2,yield_2y,3,0.00776985554026177,0.005708695613250632,0.01033199551871835,0.004453986067540593,0.012154989268176984
2,yield_2y,4,0.00692327251737687,0.0047786683500197135,0.009682969290950688,0.0035703312746636798,0.011669387200496113
2,yield_2y,5,0.006081726755316629,0.003979184497774706,0.009138427738362634,0.002532991649317628,0.011197976748223853
2,yield_2y,6,0.005241885054463813,0.003229064074039809,0.008601532130109803,0.0016585174713803815,0.010852252137409528
2,yield_2y,7,0.00441066556422133,0.0025301226653789066,0.00797952143002066,8.913890168116581e-4,0.010349472612136782
2,yield_2y,8,0.0035980747467202184,0.001836322644337134,0.007512474623553389,2.1188456959598403e-4,0.009715114760111278
2,yield_2y,9,0.00281169087610454,0.0012212432462815439,0.007051138717449413,-5.773511048536564e-4,0.009183262905769199
2,yield_2y,10,0.0020558158558950275,6.550052905346129e-4,0.006519765683783381,-0.0012398980476327414,0.008639076266011639
2,yield_2y,11,0.0013324747905082445,3.7283146998840904e-5,0.006126963660221661,-0.0019819597558504275,0.008289145050334222
2,yield_2y,12,6.424524688091098e-4,-5.335732029726416e-4,0.005609792053305983,-0.00263204743787876,0.007831852409766875
2,yield_2y,13,-1.4034675818355284e-5,-0.0010936918552091482,0.00510559349133628,-0.003160059098971652,0.007379247641899767
2,yield_2y,14,-6.369762247973984e-4,-0.0016953492821027776,0.004788131800046977,-0.004131819492788789,0.006973111300037527
2,yield_2y,15,-0.00122639728450367,-0.0022851367350865117,0.004377255088846173,-0.004800568138891005,0.006653534759799249
2,yield_2y,16,-0.0017822964679151735,-0.0029286612063389784,0.00408818341687873,-0.005362767226518929,0.00659528768747255
2,yield_2y,17,-0.002304641815476996,-0.003505108990330372,0.003819366385304321,-0.005945095628078492,0.0064276012583522725
2,yield_2y,18,-0.002793394278411138,-0.004083919047153767,0.0036425002853649373,-0.0062823411276418245,0.006263989543375077
2,yield_2y,19,-0.0032485405121737377,-0.004565096303911309,0.0033603383809060975,-0.006993555454611676,0.006036795235760881
2,yield_2y,20,-0.0036701246071626755,-0.0050401895044302715,0.0031453600096780533,-0.007466020931643186,0.00570923815709726
2,yield_2y,21,-0.004058273633764817,-0.005526633117868698,0.0028799701702688675,-0.008090832646585689,0.005522710566164708
2,yield_2y,22,-0.004413215228904237,-0.005880648275401892,0.0026839268736017956,-0.008737302380706663,0.005136905525059355
2,yield_2y,23,-0.00473528740061735,-0.006213737823700709,0.0025400754154570803,-0.009108005231829055,0.005043511793605294
2,yield_2y,24,-0.005024941701000344,-0.006502227588156746,0.002310054861604994,-0.009630376327297433,0.004756744289225102
2,yield_2y,25,-0.005282741265430703,-0.006774750044640737,0.002137697185282812,-0.010141024621859406,0.004652594021454687
2,yield_2y,26,-0.005509355199633007,-0.006977657010465118,0.0020511491700872736,-0.010584814070103473,0.004588779445889011
2,yield_2y,27,-0.005705550597117604,-0.007277169706427846,0.0018791033593469546,-0.01084546140209167,0.004543231685307597
2,yield_2y,28,-0.005872183203282186,-0.007459620907537291,0.0017712532541796088,-0.010928534123241844,0.004334790208029774
2,yield_2y,29,-0.006010187476203399,-0.007508766138278633,0.001581004188315882,-0.011016367861185122,0.003971150244045589
2,yield_2y,30,-0.0061205665619176565,-0.007620109154592086,0.001463182352036297,-0.01118024574069207,0.003936892655748051
2,yield_2y,31,-0.006204382516721962,-0.007785880238034455,0.0013218903630291717,-0.011424006495314873,0.0038626849522028113
2,yield_2y,32,-0.006262746971268599,-0.007749654788950097,0.001203577594956898,-0.011405208347734319,0.003826283222299648
2,yield_2y,33,-0.006296812335182843,-0.00769858968582489,0.0011157918597325105,-0.011497067758002032,0.003795319217464574
2,yield_2y,34,-0.006307763578318328,-0.007638234765652926,9.914077446732236e-4,-0.011582594612656743,0.003685624501923831
2,yield_2y,35,-0.006296810587096656,-0.007562904124299048,8.683955364902696e-4,-0.011624536752671957,0.003486284697717958
2,yield_2y,36,-0.006265181074156176,-0.0075072129555481945,7.55609170633e-4,-0.011781411112645458,0.0033347024094416114
2,yield_2y,37,-0.006214114010719418,-0.007661859304413067,6.332128336544566e-4,-0.011913988704743177,0.0031041830596185882
2,yield_2y,38,-0.006144853549153687,-0.0076160745531468526,6.08654494039469e-4,-0.011694657369722035,0.0028781483997663425
2,yield_2y,39,-0.00605864340496774,-0.007558690928225843,5.85136236237818e-4,-0.011706188247807815,0.0027619028355163125
2,yield_2y,40,-0.005956721670874941,-0.00738233386776287,5.007178540999977e-4,-0.011622093482036615,0.0027119844830763846
2,yield_2y,41,-0.005840316039295877,-0.007185459701155264,4.3988758479478933e-4,-0.011469939598407926,0.002548422816196266
2,yield_2y,42,-0.005710639413087831,-0.007176655353403148,4.340555236583328e-4,-0.011428375174849046,0.0024019011564912953
2,yield_2y,43,-0.005568885887072629,-0.006906305025294823,3.954706215068499e-4,-0.011299645427474943,0.002277744409722057
2,yield_2y,44,-0.005416227085018711,-0.00667306132831629,4.0822164938073073e-4,-0.011042689252494532,0.0020772433380951724
2,yield_2y,45,-0.005253808838176959,-0.006506487167719518,4.3781136936157e-4,-0.010780641969501608,0.0019878268190429414
2,yield_2y,46,-0.005082748192387178,-0.006194662277775795,4.7095532685560194e-4,-0.01038181281627849,0.002132105297996176
2,yield_2y,47,-0.0049041307312940674,-0.006041350834398359,4.952279931866413e-4,-0.009956140577284806,0.002108877316304171
2,yield_2y,48,-0.004719008203457948,-0.005837975668832865,4.8343644421295403e-4,-0.009756725162798793,0.002124248551259281
2,yield_5y,0,0.0076533969039384335,0.006471393601824343,0.009123946851167386,0.005803292746579795,0.010092713731034337
2,yield_5y,1,0.00912401549888637,0.007224911389572477,0.011011949248855471,0.006106580720540089,0.012535418668272793
2,yield_5y,2,0.008363832614089467,0.0063424125628434355,0.010578249884529364,0.005056472576748209,0.01241300441596054
2,yield_5y,3,0.0073730118854731345,0.005294646813657732,0.009812753828483197,0.0039934266941180595,0.011517406271327264
2,yield_5y,4,0.006429733530847456,0.004290371667469519,0.00913150950166304,0.0030598549328187145,0.01046413771987298
2,yield_5y,5,0.005536475274446958,0.0034874412447429607,0.008370211166962828,0.0022248292978138524,0.00976984428164757
2,yield_5y,6,0.004674364981185167,0.002766576392554284,0.007691128066596544,0.0013723283895892677,0.009229217523085906
2,yield_5y,7,0.003844172050706027,0.0020788062435506587,0.006985683459042386,6.04964930332731e-4,0.008820597136903661
2,yield_5y,8,0.003051636478052881,0.0014334560823624672,0.006430202607160375,-9.976107878632193e-5,0.008283076806795292
2,yield_5y,9,0.0023007710204377453,8.567307435278762e-4,0.005899053973723851,-8.706659506732053e-4,0.007737904402935779
2,yield_5y,10,0.0015929146111768114,3.4687396019013767e-4,0.0054448289994265455,-0.001444607707559456,0.007264741077009699
2,yield_5y,11,9.277105825626134e-4,-2.6729266939099535e-4,0.00501035760857654,-0.001933612453503775,0.0068121055093434794
2,yield_5y,12,3.0402151591259603e-4,-8.40637646908627e-4,0.004570117214287564,-0.002567845111015125,0.006403666532991679
2,yield_5y,13,-2.795332140948955e-4,-0.0013606780298696154,0.0041645335135082825,-0.0031917083569874237,0.006122349791811761
2,yield_5y,14,-8.243190312363231e-4,-0.0019352734479822446,0.0038229637869345,-0.0037511589957586276,0.0057380020821028895
2,yield_5y,15,-0.0013315831264824004,-0.0025012607466863472,0.0034464194061341936,-0.0044228296719279305,0.00549447594530822
2,yield_5y,16,-0.001802432038465194,-0.0028849815445026322,0.0031963886536357775,-0.005017815459650277,0.005386355480957465
2,yield_5y,17,-0.002237848978454806,-0.0033860096427671344,0.0029651520307197444,-0.005506436969577931,0.005200471622017805
2,yield_5y,18,-0.0026387278512465862,-0.00384326818763551,0.0027934252304460463,-0.005929316845545602,0.004852281670798347
2,yield_5y,19,-0.0030059106501131084,-0.00421321250736154,0.002568709446921995,-0.006363950509003081,0.004698918947555884
2,yield_5y,20,-0.0033402209939539223,-0.004637096432811219,0.0023663115368320305,-0.007033765201339376,0.004472560898931173
2,yield_5y,21,-0.0036424905706995475,-0.004902067599755912,0.0022024243359092693,-0.007477074210515275,0.0042068463685983855
2,yield_5y,22,-0.003913577745275627,-0.005170308497025739,0.00208079347304366,-0.007860369031497779,0.004149163512024899
2,yield_5y,23,-0.004154378979264315,-0.005372283827693353,0.001926625011772088,-0.008196921819283238,0.004059931028403949
2,yield_5y,24,-0.004365834340221331,-0.005560228749868333,0.0017585488128456963,-0.008670793345964102,0.003875908463016088
2,yield_5y,25,-0.004548928537190754,-0.005798663348822888,0.0015987378410602954,-0.008882648353627436,0.0037282233938819276
2,yield_5y,26,-0.004704688816231249,-0.005891446455468473,0.001351175756501853,-0.008993497386650322,0.0036273243913025363
2,yield_5y,27,-0.004834180827492202,-0.006186821565361885,0.0012430485436046015,-0.009110694790690804,0.0035325623447169884
2,yield_5y,28,-0.004938503320853134,-0.006347206068591263,0.001100097526302183,-0.00923788899584452,0.003421364737472073
2,yield_5y,29,-0.005018782288705835,-0.00633974651805361,9.866556272340452e-4,-0.009473018840377665,0.0032500418260558005
2,yield_5y,30,-0.005076164974557951,-0.006383229399854692,9.129042643058581e-4,-0.009620464389712048,0.0031645149364742456
2,yield_5y,31,-0.005111814011232531,-0.0064074515209405145,8.427926666426224e-4,-0.00968948032757991,0.0030234529902090582
2,yield_5y,32,-0.005126901840065073,-0.006427850187329396,7.624448779679188e-4,-0.00995089127414438,0.0028729867905133107
2,yield_5y,33,-0.005122605485975136,-0.006377359591160191,6.924441922306923e-4,-0.009951400969371391,0.0027293911923992457
2,yield_5y,34,-0.005100101714642773,-0.00637731275961066,6.213590705736805e-4,-0.01016433692344998,0.002543468928387594
2,yield_5y,35,-0.0050605625696437066,-0.006349529810429032,5.662990679156361e-4,-0.010056746112318103,0.002393059250939884
2,yield_5y,36,-0.005005151272843759,-0.006260700962770488,4.898540399865657e-4,-0.010060814056984488,0.0022486124994010883
2,yield_5y,37,-0.004935018465586018,-0.006147368745134824,4.4741254098236633e-4,-0.00974819544047581,0.002109730466957357
2,yield_5y,38,-0.00485129876755027,-0.006083113175773802,4.248964553926881e-4,-0.009645180949152137,0.001995215123490729
2,yield_5y,39,-0.004755107632110216,-0.0060754131675568104,4.0769039575126487e-4,-0.009338614699754291,0.001964597242999174
2,yield_5y,40,-0.004647538479958935,-0.0060576306359043175,3.912428170707995e-4,-0.009616898908876164,0.0019110410261353435
2,yield_5y,41,-0.004529660095782529,-0.00586702188157669,3.965264484217022e-4,-0.009543381024552235,0.001852863563741671
2,yield_5y,42,-0.004402514275360641,-0.005687880083281036,3.495931946880597e-4,-0.009445035810442804,0.0017944074471509947
2,yield_5y,43,-0.004267113712477898,-0.005461401274701665,3.923681245840465e-4,-0.009326843437187874,0.0016953849556296514
2,yield_5y,44,-0.0041244401164323,-0.005288413324449002,4.2187580708889067e-4,-0.009070314809279258,0.0017040423016837405
2,yield_5y,45,-0.003975442551803631,-0.005136497081385491,4.4869261153115047e-4,-0.008813181537242407,0.0016616762798350431
2,yield_5y,46,-0.003821035992609751,-0.004936699434974897,4.2596482438260746e-4,-0.008437594114631462,0.0015481273408621107
2,yield_5y,47,-0.0036621000831475146,-0.004876301182948281,4.0356399068921183e-4,-0.00809820332231762,0.0015762940477480841
2,yield_5y,48,-0.0034994780977899067,-0.00465362496686669,4.2562398013976544e-4,-0.00777643881212557,0.001572630259772972
2,yield_10y,0,0.007002313388086231,0.005804702451974563,0.008533151587599421,0.0051795772896142765,0.009482613691703626
2,yield_10y,1,0.00824529407459277,0.0063829136520976645,0.010007703424935104,0.0053799908178727256,0.011428501314838739
2,yield_10y,2,0.0075173624997306576,0.005607558772762134,0.00960622050508674,0.0044177697963547246,0.011526840401447764
2,yield_10y,3,0.006596383660935874,0.004650622458771572,0.008820680170013645,0.0035006263398798887,0.01047726774469028
2,yield_10y,4,0.005729370212705528,0.0038057193366660353,0.008167559360071469,0.002687565006403652,0.00950583543566911
2,yield_10y,5,0.004912321923325194,0.003010457959448046,0.007416169160006316,0.0018537450518241098,0.008738982698299477
2,yield_10y,6,0.004126976244871097,0.0023408327905413417,0.00681469643857918,0.0011813808645645004,0.008056073985807186
2,yield_10y,7,0.0033735743677905444,0.001711393657756559,0.006204010011660594,4.07709583706936e-4,0.007708159387423275
2,yield_10y,8,0.0026570565813525755,0.0011820077597375718,0.005672784075480942,-2.4247899639225553e-4,0.0073319946605540755
2,yield_10y,9,0.001980817340274846,6.797489950417381e-4,0.005209286628753973,-9.022367974839908e-4,0.00682279361994312
2,yield_10y,10,0.0013458591319192052,1.2282313148756572e-4,0.004760945831425853,-0.001383628994783124,0.006325431812626394
2,yield_10y,11,7.51663482844063e-4,-3.738762503955388e-4,0.004324798178248588,-0.0018862789126534612,0.0060370224756677955
2,yield_10y,12,1.9700171098078212e-4,-8.441197924887914e-4,0.003956522359826302,-0.0024924317868096728,0.005548650534933613
2,yield_10y,13,-3.1958879976751897e-4,-0.0013214842084461054,0.0036152462155721104,-0.002924370939614716,0.005314591921419874
2,yield_10y,14,-7.995717049534808e-4,-0.001808518524872499,0.0032347945587267142,-0.003595680383921087,0.004962631763390797
2,yield_10y,15,-0.0012443137161892177,-0.0022871771382508774,0.0029784860113560075,-0.004164612403301073,0.004867273417188326
2,yield_10y,16,-0.0016550573771349011,-0.002742647257940657,0.0027416996479385533,-0.004605522911400564,0.004554785596237005
2,yield_10y,17,-0.0020329298634818448,-0.0030849524975260717,0.002525354100804826,-0.005057911042285715,0.0043802924470846705
2,yield_10y,18,-0.002378968041513214,-0.0033788286755796386,0.0023067701266963375,-0.005508072382209191,0.004184624436971193
2,yield_10y,19,-0.0026941480945120934,-0.003848399037260166,0.0021557642588504247,-0.00608607910526827,0.003912041316976799
2,yield_10y,20,-0.002979413141198261,-0.00409961290206229,0.001978860035652607,-0.006496630971296302,0.0037350889983331407
2,yield_10y,21,-0.0032356956999734904,-0.004308715479167006,0.0018003720408683833,-0.0067784040644209035,0.0036557055728010258
2,yield_10y,22,-0.00346393404622866,-0.0044567292888097266,0.0016928750794754136,-0.006917916636233555,0.0035571188354627235
2,yield_10y,23,-0.00366508277119642,-0.004670312237659468,0.0015769110787261446,-0.007188813085161877,0.003445580124987428
2,yield_10y,24,-0.00384011845973177,-0.004921567489668335,0.001438512834930896,-0.007561281630625763,0.0033385927928343767
2,yield_10y,25,-0.003990041598212816,-0.0050373964712141246,0.0013333270332339408,-0.007798006840991637,0.0032177337245756586
2,yield_10y,26,-0.004115875780919799,-0.005166934163603395,0.0011826088828796447,-0.008047113664968467,0.0030675109249784353
2,yield_10y,27,-0.004218665125720722,-0.005321372710228604,0.001110305269518192,-0.008075074958211484,0.002925257868141731
2,yield_10y,28,-0.004299470614257652,-0.005373088555087593,9.479118135713991e-4,-0.008361609065726914,0.0027799627694493462
2,yield_10y,29,-0.004359365881752144,-0.0054172977636201235,8.134765688858946e-4,-0.00832696572143838,0.0026358982509518476
2,yield_10y,30,-0.004399432818452494,-0.005510707900965138,7.706371568822466e-4,-0.008448609705643248,0.0025525958970860647
2,yield_10y,31,-0.004420757216056832,-0.005541494261577493,6.874119231235589e-4,-0.008673470348921524,0.0025052542889831254
2,yield_10y,32,-0.004424424597546214,-0.005574329850756378,5.941836854436679e-4,-0.008843018882367519,0.0024142658765973304
2,yield_10y,33,-0.004411516303125619,-0.005576441053129519,5.297960591716125e-4,-0.009057661167174276,0.0023315701408502345
2,yield_10y,34,-0.00438310586232931,-0.00556848128821084,4.984441082916068e-4,-0.008866503101647676,0.002168980474180708
2,yield_10y,35,-0.004340255656772723,-0.005480599432907253,4.5402883446965823e-4,-0.008749482487160305,0.002047474732272087
2,yield_10y,36,-0.0042840138642906336,-0.00532582582743675,4.138542325846712e-4,-0.008680731125319401,0.0018514416408836733
2,yield_10y,37,-0.004215411669126785,-0.005299492248123849,3.719638791274474e-4,-0.008547339774242121,0.0018467322364484479
2,yield_10y,38,-0.0041354607213461465,-0.005254136893323584,3.472373438807589e-4,-0.008483001207424809,0.0017431714847266533
2,yield_10y,39,-0.004045150829581545,-0.0052308563092601165,3.270992736444304e-4,-0.008476171106538956,0.0017024057028618385
2,yield_10y,40,-0.003945447873208266,-0.005074711209770205,3.3771954954887456e-4,-0.008416687513298588,0.0015934167525246772
2,yield_10y,41,-0.0038372919222295844,-0.004916517666997063,3.4017368705212384e-4,-0.008178421377508363,0.0016039481481355782
2,yield_10y,42,-0.0037215955551108525,-0.004791060772992025,3.414003041715023e-4,-0.00810129114129592,0.00157578236875966
2,yield_10y,43,-0.0035992423663315748,-0.004680729003588674,3.557517407161317e-4,-0.008012967768191846,0.0015041430515686754
2,yield_10y,44,-0.0034710856564993176,-0.004499140430235537,3.441500768657098e-4,-0.00786391186211894,0.0015039961611637215
2,yield_10y,45,-0.003337947298533578,-0.004362144236912862,3.779610108210533e-4,-0.007600578438547334,0.0014400444559011854
2,yield_10y,46,-0.0032006167737642743,-0.004249042910513148,3.6143841894085185e-4,-0.00727871418340748,0.0014100680423939993
2,yield_10y,47,-0.003059850371887971,-0.0041257195422241535,3.4096717738632835e-4,-0.00710092659535842,0.0014030579069555045
2,yield_10y,48,-0.0029163705486666375,-0.003965958382846817,3.6123039620101046e-4,-0.006825855557796481,0.0013937419987419505
2,cambio_usd,0,0.1634832252344059,0.12788998948236296,0.19973981565367432,0.10953404701125721,0.23041693808939498
2,cambio_usd,1,0.18226889154007142,0.14160542521631672,0.2395716921224234,0.11427801442324248,0.2755015535240318
2,cambio_usd,2,0.14885790739813298,0.10651429444439062,0.21130351641120165,0.07227656935200871,0.25445520062854515
2,cambio_usd,3,0.11614060005733733,0.07075530519585682,0.17108202428249564,0.038682555895461664,0.22290444201589854
2,cambio_usd,4,0.08897541223343729,0.04070856917834385,0.14464972322030528,0.010445738109727352,0.1908042646193279
2,cambio_usd,5,0.0662331085954876,0.01664476584530851,0.12143606372635048,-0.016941936906695168,0.1722538115513558
2,cambio_usd,6,0.04635554516099735,-0.001464005533312168,0.10213047636157803,-0.04029288823958765,0.15313489867339566
2,cambio_usd,7,0.028731153011711343,-0.01747924965874943,0.08809439889470011,-0.056773311711019465,0.13393873229402334
2,cambio_usd,8,0.013130762628171571,-0.03150346695281927,0.07645152491298376,-0.06996582486331847,0.12114571814302645
2,cambio_usd,9,-5.845329661130132e-4,-0.044107060662703305,0.0661921720755968,-0.08439357919809118,0.1095321546788986
2,cambio_usd,10,-0.012556079305904322,-0.05390761931465802,0.057847264252825575,-0.0942593783747266,0.10020420584953599
2,cambio_usd,11,-0.022931104401245843,-0.06340807586629023,0.04996345492485749,-0.10497786288832961,0.09010064039148422
2,cambio_usd,12,-0.031852679871856866,-0.06964740143586223,0.04352268291597419,-0.10911325946870974,0.08385242236563406
2,cambio_usd,13,-0.03945354826453567,-0.07660482851865065,0.038169328126137776,-0.1205549913786434,0.07797722801759956
2,cambio_usd,14,-0.04585439593330297,-0.08175394895007289,0.03261043483089216,-0.12536578260904183,0.07282947613630844
2,cambio_usd,15,-0.05116430100094118,-0.08616742710456775,0.028404609020970868,-0.13135323123041465,0.06799237549843673
2,cambio_usd,16,-0.05548195297431928,-0.08884788803795562,0.025230356323037686,-0.1382383385605625,0.062464076934299666
2,cambio_usd,17,-0.05889702889083963,-0.09239404270138096,0.020761857287372943,-0.14350813894490366,0.059511600738977856
2,cambio_usd,18,-0.06149148661068873,-0.09308329933371234,0.018597272664104565,-0.14677058441844934,0.056533375771347136
2,cambio_usd,19,-0.0633406844853595,-0.09581570710551231,0.016263591394074944,-0.14794638842367538,0.05276683379383325
2,cambio_usd,20,-0.06451430182964321,-0.09723300347277582,0.01356172154619625,-0.14910148538104465,0.04907187226733725
2,cambio_usd,21,-0.06507706840851045,-0.09713262117863115,0.011145034474613399,-0.14710788463905508,0.04556187862440715
2,cambio_usd,22,-0.06508932855490017,-0.09772476935987173,0.008899078884391627,-0.14808061464706743,0.04456340085580579
2,cambio_usd,23,-0.06460747209606076,-0.09725113553311086,0.008503163377666764,-0.14812789724242728,0.04192143493187042
2,cambio_usd,24,-0.06368426392057462,-0.09638184742150015,0.008062104509021178,-0.1445380383899876,0.03921799672682011
2,cambio_usd,25,-0.06236909996330029,-0.09687455958730196,0.007646648727295296,-0.13889211601511953,0.037296035899062704
2,cambio_usd,26,-0.060708211900134756,-0.09682321976771466,0.008077603906344091,-0.13841006650190987,0.03604104925647325
2,cambio_usd,27,-0.058744837321016305,-0.09397503051860302,0.009079957890691196,-0.13496710035243736,0.03415843197410622
2,cambio_usd,28,-0.056519367305977494,-0.09000383526996125,0.00919479158686989,-0.13514030550748793,0.03266772086488119
2,cambio_usd,29,-0.05406947944106494,-0.08813066167326646,0.008505991516482306,-0.13592211404959517,0.0315928998369605
2,cambio_usd,30,-0.051430261395483505,-0.08538043889901094,0.008311489308740051,-0.12775596784654458,0.031528883383249356
2,cambio_usd,31,-0.04863432812299871,-0.08144683259813545,0.00965217702572752,-0.12706347520148348,0.03413586915714612
2,cambio_usd,32,-0.04571193438205933,-0.07871685856405347,0.009372967966793372,-0.12576762413856798,0.03524998579198317
2,cambio_usd,33,-0.04269108341791889,-0.07513376261799296,0.009816946763425075,-0.12135307967134754,0.03833467871791257
2,cambio_usd,34,-0.039597632163329746,-0.0730366388526432,0.01077158296065079,-0.11791959967496922,0.0399246245679707
2,cambio_usd,35,-0.036455393068585015,-0.07174879132419429,0.012307959884550624,-0.11635807994488898,0.039110329277686325
2,cambio_usd,36,-0.03328623257388669,-0.06861274508870144,0.012698782411292691,-0.11489903101455316,0.03907276974688611
2,cambio_usd,37,-0.03011016622169606,-0.06588437177199771,0.013373224790999944,-0.11177675113739655,0.04045241953920634
2,cambio_usd,38,-0.026945450430606584,-0.063863184885634,0.014680984332876904,-0.10730642772834689,0.041483749393949
2,cambio_usd,39,-0.02380867098887304,-0.0607133956618202,0.015633178142025746,-0.10451128809384609,0.045034357779449904
2,cambio_usd,40,-0.02071482836042685,-0.05782028899647876,0.01696666092888662,-0.09895434252770532,0.04510902863662865
2,cambio_usd,41,-0.01767741992223553,-0.0564410290807338,0.018092149867027896,-0.09400669479384538,0.04623722738799529
2,cambio_usd,42,-0.014708519267290152,-0.05381799769158318,0.018732094027821243,-0.09092217014553765,0.04885469983434135
2,cambio_usd,43,-0.011818852713048805,-0.05128257254265686,0.01937420752412748,-0.08646795323988529,0.04897240767415111
2,cambio_usd,44,-0.009017873152770185,-0.049809533500278586,0.020554770853920212,-0.08316827558409215,0.051004072154560175
2,cambio_usd,45,-0.006313831379138191,-0.046979683787088646,0.022532068092791024,-0.07864640847248568,0.052721633215660986
2,cambio_usd,46,-0.003713844998045658,-0.04391296438061506,0.023869140564293047,-0.07550899069641036,0.05444931258151467
2,cambio_usd,47,-0.0012239650371559472,-0.041654002881096594,0.025697636666318326,-0.0721191472018731,0.05635189625359893
2,cambio_usd,48,0.001150759659780975,-0.039191143486635376,0.027394641543703635,-0.06762080504076089,0.057478115117679605
2,embi_perc,0,0.2733347044111036,0.21677047506345035,0.3553276603239555,0.18140986070497497,0.4227009134469127
2,embi_perc,1,0.2894155200106818,0.20379316613822895,0.37388038792192646,0.1678423231374373,0.45564307654145214
2,embi_perc,2,0.24709756911721908,0.16298949223500248,0.32500448257483194,0.11981215737114004,0.4080582568947243
2,embi_perc,3,0.2088528943350894,0.12718486621139669,0.27902141171946004,0.08307286714511451,0.3653209473789983
2,embi_perc,4,0.17707193742958866,0.0985496351102691,0.24252155005037065,0.05239821834723058,0.3147103663067065
2,embi_perc,5,0.14878980840023287,0.0739343409021464,0.2150034229087951,0.027636235047975855,0.2834553577729074
2,embi_perc,6,0.12263509335863652,0.05081674211582234,0.1937233726173216,0.005148935791969254,0.2567910406112106
2,embi_perc,7,0.09844201871617944,0.028329364545040783,0.17425574025313276,-0.00960053686500166,0.23705944655459257
2,embi_perc,8,0.07626657985945072,0.0128589696921354,0.15467143522028626,-0.030529920523593667,0.21567234884367
2,embi_perc,9,0.056100778105704734,-3.028703538765213e-4,0.13881308010122909,-0.04539792659984349,0.19648845889290717
2,embi_perc,10,0.037860668174821546,-0.013834756127803964,0.12475605513640907,-0.05842180175630284,0.1778041922399034
2,embi_perc,11,0.02142664529174004,-0.026848147310873566,0.11031216779181996,-0.07296139887997381,0.16586430602266194
2,embi_perc,12,0.006670356203325686,-0.03891821137118948,0.09877196438574697,-0.08553388940233428,0.1536243834293624
2,embi_perc,13,-0.006533121463089544,-0.048821107663398915,0.08935504928209193,-0.0966729642120802,0.14093461863524412
2,embi_perc,14,-0.018300717798608465,-0.058106106997619485,0.08121932431355067,-0.10649872125963207,0.1333151670925484
2,embi_perc,15,-0.028740032931336687,-0.0658533030250255,0.07257844947905015,-0.1213353488239681,0.12669785653504553
2,embi_perc,16,-0.03794940438038616,-0.07276523678191303,0.06350839507098513,-0.13466931853226163,0.11684540625468672
2,embi_perc,17,-0.04601863499444086,-0.08105065684941393,0.056951774749883485,-0.1449225665176891,0.10771317670486415
2,embi_perc,18,-0.053030001951731916,-0.08757018811243902,0.049966732448540774,-0.15649888620593166,0.10050847042414052
2,embi_perc,19,-0.05905931700027336,-0.09390300504619796,0.04483254418526561,-0.163238172374418,0.09098306092279457
2,embi_perc,20,-0.06417690396771739,-0.0980375715046494,0.039060775413329626,-0.16926713604901855,0.08730872254753248
2,embi_perc,21,-0.06844842989625927,-0.10138695677946119,0.03464998393895012,-0.17366451875163869,0.0833395916873383
2,embi_perc,22,-0.0719355733281867,-0.10470104287696348,0.030072386794851462,-0.17839370925717257,0.07573668823896748
2,embi_perc,23,-0.07469654053455944,-0.1054391226872729,0.026895209561542496,-0.18142796286770058,0.06974294513113799
2,embi_perc,24,-0.07678645327627766,-0.10817630622377346,0.02313999401022281,-0.18148623350647244,0.0652887780093683
2,embi_perc,25,-0.07825763529884391,-0.10980309913248304,0.02108371270506804,-0.181939991596142,0.06227046548977309
2,embi_perc,26,-0.07915982323671876,-0.11033976749894066,0.01764894593233603,-0.18102704516259213,0.060150296122457564
2,embi_perc,27,-0.07954032367011969,-0.111622435478885,0.015226218405682609,-0.1813973305977212,0.05762252082165076
2,embi_perc,28,-0.07944413341960739,-0.11094262043659034,0.012841527447229283,-0.17912792767961153,0.05510939676246021
2,embi_perc,29,-0.0789140357230486,-0.10825733835571619,0.011950228647315531,-0.17574901911000657,0.053772213268057124
2,embi_perc,30,-0.07799068116479341,-0.11023409716618887,0.01075223927908761,-0.17427446233478952,0.051947516561072965
2,embi_perc,31,-0.0767126592619547,-0.1098610729522845,0.00932904018706811,-0.1746123245383583,0.051208165783814395
2,embi_perc,32,-0.07511656442810627,-0.11110298463293537,0.0092887387094409,-0.16989848999681292,0.04871093250233127
2,embi_perc,33,-0.07323705851673727,-0.10738319234106024,0.00839951279556255,-0.16414694817439085,0.048260852488155245
2,embi_perc,34,-0.07110693115322166,-0.10645820714590064,0.007839692439676874,-0.1569947227810265,0.045780011681146114
2,embi_perc,35,-0.06875715845634897,-0.10370546449414883,0.00947392099349132,-0.1588044355731303,0.04387183817617281
2,embi_perc,36,-0.06621696040961154,-0.10232850974065702,0.011106482129271627,-0.156244549457626,0.0431605560799613
2,embi_perc,37,-0.06351385697451864,-0.10058972899817153,0.012325379962072006,-0.15627016774805536,0.043130964710730316
2,embi_perc,38,-0.06067372297399601,-0.09672899320472965,0.012230830554348138,-0.15060172794102236,0.04276620840480953
2,embi_perc,39,-0.057720841765548175,-0.092689625212481,0.012001074596632964,-0.1464312794239222,0.04359468688903549
2,embi_perc,40,-0.05467795774038791,-0.09025667662451464,0.013658669131942483,-0.14336241568111724,0.041285750762124956
2,embi_perc,41,-0.05156632770772404,-0.08748084786851497,0.014090373412371253,-0.1405544512406317,0.04036511380588104
2,embi_perc,42,-0.048405771243114445,-0.08442549362545118,0.013969249728539742,-0.13540312516820233,0.04245199859295514
2,embi_perc,43,-0.04521472009209071,-0.08290214270193949,0.013602970568261988,-0.13341522131300226,0.043176125305219575
2,embi_perc,44,-0.04201026672436498,-0.08210607649014098,0.014865003671656132,-0.133934737336237,0.043491123431627414
2,embi_perc,45,-0.038808212130833394,-0.07993550361706644,0.015839854586454694,-0.13303402040420745,0.04347642755844287
2,embi_perc,46,-0.035623112947018545,-0.07777394551995676,0.016694347169968173,-0.12718224189755262,0.04582468291308762
2,embi_perc,47,-0.032468327974420265,-0.07316429060037263,0.016903248024565054,-0.12460409572223652,0.04891675086492703
2,embi_perc,48,-0.0293560641571305,-0.07138001008129302,0.017597129957819882,-0.12018076058303458,0.05035944741447388
2,cds_5y,0,33.63014096135878,27.437312425935524,42.05889771005172,23.76443689918307,48.74257654511752
2,cds_5y,1,36.27740013754674,26.79860524586148,45.55185609381086,22.14355061835125,53.84706438076007
2,cds_5y,2,31.146471319817984,21.554222071929246,40.532903150215375,16.03567963111447,49.18630845535088
2,cds_5y,3,26.39742497972674,17.075107318159155,34.513555756155476,11.502244867399071,43.51788963083227
2,cds_5y,4,22.415572533716823,13.327530313197176,30.250486838649127,7.906901492931976,38.04799070676088
2,cds_5y,5,18.878389117185115,10.089741448916067,27.005940828306237,4.8174951055579855,33.93027539779501
2,cds_5y,6,15.606871378494702,7.378338452092452,24.477307629164358,1.5503089702247026,30.821136407297097
2,cds_5y,7,12.573683920156011,4.406975677627139,21.88395119609805,-0.6866299556810013,28.440065126823676
2,cds_5y,8,9.783576500347444,2.3257391058834638,19.381202320494268,-2.7656670463032555,25.800146020174726
2,cds_5y,9,7.235630850846738,0.63445411420478115,17.438316460682344,-4.7919000205390985,23.950023664498687
2,cds_5y,10,4.919775298776195,-1.0679148270010996,15.31622987493786,-6.588469283144103,21.52626051131618
2,cds_5y,11,2.8214038382199353,-2.8450478551777927,13.93715847962812,-8.21426305312283,19.61094497641961
2,cds_5y,12,0.9248414900167111,-4.29445130543389,12.553401768695608,-9.969486082138985,18.374069017011372
2,cds_5y,13,-0.784998326297183,-5.561502154186162,11.275939200427446,-11.465862790180989,17.173826186591924
2,cds_5y,14,-2.3220006433946163,-6.911417761457461,9.935285685348065,-13.199795241371186,16.125540697044315
2,cds_5y,15,-3.698707622162171,-8.04045867041612,8.744315923935025,-14.70084200925034,15.003674599693117
2,cds_5y,16,-4.9263827902857775,-9.164764174710267,7.877508905063639,-16.161283254668056,13.637548906787876
2,cds_5y,17,-6.015162521332452,-10.160021526370654,7.195415752758608,-17.299655958734114,12.963434751272933
2,cds_5y,18,-6.9742352325662695,-11.07195090464177,6.492214598635383,-18.402884097104497,12.502270587686482
2,cds_5y,19,-7.812015199310056,-11.557536696366089,5.880890818404213,-19.442970676396897,11.581023628274476
2,cds_5y,20,-8.536293805822325,-12.33697350698658,5.173627481031694,-20.77520258236009,10.90006409958908
2,cds_5y,21,-9.154361698209037,-12.685545600362278,4.5646452363548855,-22.114008285181985,10.185827232448604
2,cds_5y,22,-9.673101922590636,-13.24124290754956,4.062476594770798,-22.883515638271998,9.45306005464659
2,cds_5y,23,-10.099057633551451,-13.559321068757429,3.7885609787217374,-23.358167577815067,9.308021362526203
2,cds_5y,24,-10.438479321784932,-13.771985510394767,3.3420287903243766,-23.192253136056575,8.543391508112855
2,cds_5y,25,-10.697356585251619,-14.309387872837377,3.115171588912388,-23.963564932261516,8.003393098979144
2,cds_5y,26,-10.881438876578303,-14.644696163160722,2.7687053215358803,-23.638989264063653,7.855592012581703
2,cds_5y,27,-10.996248805296764,-14.746070206995064,2.311375901434238,-23.589844590401356,7.507898824347817
2,cds_5y,28,-11.047090694885414,-14.843333859075702,1.9824671599365047,-23.232748146942818,7.169262941205798
2,cds_5y,29,-11.039056314725592,-15.053157597857805,1.7720979540128883,-23.35425000069162,6.777371076141269
2,cds_5y,30,-10.977029075830256,-15.067406299917483,1.6244989165854153,-22.97734812579171,6.491716783188437
2,cds_5y,31,-10.8656875029089,-14.867502236081013,1.4725952418346826,-22.885345381618073,6.0079226637984195
2,cds_5y,32,-10.709508457527948,-14.848478467575912,1.2827785673696717,-22.65879539367815,5.637961956017204
2,cds_5y,33,-10.512770361837427,-14.78652239003728,1.2793379445643078,-22.32550077803358,5.3528562167367495
2,cds_5y,34,-10.279556532073618,-14.510690122847954,1.3808913344434894,-21.858318434854723,4.98383566856601
2,cds_5y,35,-10.013758651060398,-14.272486869260597,1.4052478508912496,-21.673893740173177,5.062585308548715
2,cds_5y,36,-9.719080369015039,-13.785111039968736,1.4502892301707475,-21.03531008218203,5.069283840926712
2,cds_5y,37,-9.399041006802424,-13.336086757588664,1.371057633029902,-20.49928467895703,4.95881321161423
2,cds_5y,38,-9.056979334497743,-13.034745297701384,1.587025385720417,-20.130524548202025,4.787558655323307
2,cds_5y,39,-8.696057403472603,-12.716183405123564,1.5265983593655161,-19.905327169004693,4.775618492080006
2,cds_5y,40,-8.31926441774756,-12.468021227794166,1.478707371722362,-19.657692580450203,4.813367416535402
2,cds_5y,41,-7.929420637559588,-12.108578347615854,1.3410213527029702,-19.323991581932244,4.789781562380696
2,cds_5y,42,-7.529181313801801,-11.773039805073818,1.4159232621861668,-19.27819694764499,4.7594816114458585
2,cds_5y,43,-7.121040655843789,-11.512870862506123,1.4837194008765355,-19.294689146447965,4.847190932276762
2,cds_5y,44,-6.707335837331368,-11.073699702227337,1.540203964559741,-18.83765218474918,4.87896267415336
2,cds_5y,45,-6.290251045208194,-10.810028562853791,1.7569656022213767,-18.544674784741954,5.05978018393331
2,cds_5y,46,-5.871821576777558,-10.394800501168774,1.8436123335604764,-18.060059386235345,5.323512049400109
2,cds_5y,47,-5.453937988494532,-9.91884602009813,1.831783681185521,-17.672368299441096,5.3438765855063854
2,cds_5y,48,-5.038350298650122,-9.534806742529415,2.0005521646851157,-16.853901119030745,5.574939435967775
2,asset_ibov,0,-0.3360233261770073,-2.3659970867145756,1.1050774334442794,-3.610630176478197,2.340551469511082
2,asset_ibov,1,-0.617288974938612,-0.8741161633303731,2.6638655449100175,-2.0403719832278346,4.026605732533924
2,asset_ibov,2,0.32233588944431574,-0.19266352964763353,3.100646273342729,-1.18466049498515,4.351923779365355
2,asset_ibov,3,0.7209201751786796,-0.0025946146483542924,3.0018725284201127,-0.9384894553578839,4.505949675000748
2,asset_ibov,4,0.9363242563127686,0.02456442669937832,2.8842084723503016,-0.8247953490073374,4.237162610897092
2,asset_ibov,5,1.035546020333563,-0.009330364356412449,2.690350476892154,-0.7864753291932958,4.008158144832976
2,asset_ibov,6,1.0583483300114043,-0.05509402073289821,2.5248200842217674,-0.8854188090936379,3.8079184035960596
2,asset_ibov,7,1.0186011297119069,-0.012074007850739903,2.4476160517611656,-0.8812972648583431,3.618097531268055
2,asset_ibov,8,0.9318200721733975,-0.044170853017958395,2.3180502553908586,-0.9990305325458673,3.3922641821572967
2,asset_ibov,9,0.8126604877810538,-0.11578063244549203,2.2205519591506473,-1.1336595717020566,3.3126779922529064
2,asset_ibov,10,0.6730714917903965,-0.18435592847875087,2.0947360841509934,-1.2732933723633804,3.263658595973811
2,asset_ibov,11,0.5216888688616783,-0.2727257369441104,2.083392466334978,-1.3710659971878987,3.2615820179314348
2,asset_ibov,12,0.3643640439786409,-0.3429564429941247,2.01631499135672,-1.4726598708763567,3.0931115071715913
2,asset_ibov,13,0.20492411401870797,-0.4645902541483389,1.9176165974720896,-1.6370434862014691,3.010908231554302
2,asset_ibov,14,0.045838062380251496,-0.5533686832257658,1.8056320316963717,-1.7749304624102618,2.9145876174001764
2,asset_ibov,15,-0.11128832348792894,-0.6742907286971458,1.704967380944899,-1.9350526317051764,2.870901666224043
2,asset_ibov,16,-0.26537081612526375,-0.8139490074103853,1.608974353960284,-2.042554541759683,2.882418790055212
2,asset_ibov,17,-0.41562380115809083,-0.9622911298039942,1.5145736518150597,-2.1437485261823626,2.8098528550795474
2,asset_ibov,18,-0.5614237076748162,-1.0897493210974833,1.419935698314694,-2.278973802254638,2.8247300535738873
2,asset_ibov,19,-0.7022323225501835,-1.20127697932449,1.3101193421073722,-2.4114782950494007,2.7272021528672745
2,asset_ibov,20,-0.8375592916400242,-1.3350653058314887,1.2621478209442263,-2.5345256010968567,2.607274453807037
2,asset_ibov,21,-0.9669484125945272,-1.4777884107084014,1.1860869213477192,-2.715353311536615,2.5308878305019866
2,asset_ibov,22,-1.089976902184649,-1.525398715099037,1.1275327745988226,-2.8656026855834447,2.466796163424489
2,asset_ibov,23,-1.20626052082814,-1.6657631398274972,1.0599162985154391,-3.0223604293194377,2.378174698121363
2,asset_ibov,24,-1.315460229636341,-1.7565819194787644,1.0081264226457924,-3.1207912146924826,2.2894590823487584
2,asset_ibov,25,-1.417288028016132,-1.8895695988852288,0.9352470625632966,-3.1823677450171273,2.130248723146501
2,asset_ibov,26,-1.5115109216220506,-1.9794061812942398,0.8592241038367027,-3.3525283599845492,2.0791887416606802
2,asset_ibov,27,-1.5979527642045883,-2.0905918250541027,0.8081847415611421,-3.4646118491332007,1.962683129060962
2,asset_ibov,28,-1.6764941510764761,-2.1608052705983933,0.7429441895709094,-3.5045437124217256,1.786884586643665
2,asset_ibov,29,-1.7470707380705355,-2.2161912478142347,0.6757192242619703,-3.6301038437679383,1.7548827882450238
2,asset_ibov,30,-1.809670410167362,-2.2565484376665927,0.6281077879975843,-3.7745404316660376,1.6784396892322726
2,asset_ibov,31,-1.8643296938761398,-2.2741743336206297,0.5952829588491703,-3.8725835762649563,1.6143719552815394
2,asset_ibov,32,-1.9111297404624348,-2.3100749153129643,0.5526132005229518,-4.018515074457712,1.528900944866649
2,asset_ibov,33,-1.9501921300375789,-2.32203365106669,0.517045156494326,-4.149412710323694,1.4413307922081098
2,asset_ibov,34,-1.981674674249712,-2.354147442313315,0.4903939695931142,-4.253587125834062,1.3956869414912612
2,asset_ibov,35,-2.0057673347898697,-2.410398072086449,0.4172785547714635,-4.172621622516536,1.315545229280775
2,asset_ibov,36,-2.022688328163158,-2.452868542898603,0.386926354936916,-4.227287871523077,1.2637185274719853
2,asset_ibov,37,-2.0326804534320746,-2.4828054923253116,0.3616869733150279,-4.396014661182567,1.211996261363582
2,asset_ibov,38,-2.0360076568672643,-2.501346918540062,0.32228679661177345,-4.375434317690669,1.1905814917219046
2,asset_ibov,39,-2.032951833191285,-2.5212432753595424,0.29208730070360917,-4.348736894129267,1.1070750646962697
2,asset_ibov,40,-2.0238098550344428,-2.510644848617746,0.27548384222017697,-4.341308656170011,1.0888919726889523
2,asset_ibov,41,-2.008890818356112,-2.4866472843213514,0.2642047821083896,-4.349602215739574,1.094692210661468
2,asset_ibov,42,-1.9885134903720976,-2.4706280997490384,0.2460338020853836,-4.348244854458538,1.0280952220778212
2,asset_ibov,43,-1.963003946840524,-2.3941783294166363,0.22286415317983982,-4.26854176426665,0.9442649897936184
2,asset_ibov,44,-1.9326933866248297,-2.33052226487192,0.2118823696567754,-4.240167871764474,0.8867396516592602
2,asset_ibov,45,-1.8979161127828783,-2.302117012708557,0.18898959507587962,-4.13792348871956,0.8659259381521528
2,asset_ibov,46,-1.8590076707419416,-2.246889303824136,0.17884306734649735,-4.043963624943745,0.8302399710766737
2,asset_ibov,47,-1.8163031352669068,-2.197962427032619,0.16750261864946198,-3.907746926232615,0.8055727070955851
2,asset_ibov,48,-1.770135538861029,-2.162671658362022,0.16491597754708265,-3.8364317776917067,0.7660933502935839
