r,q,p,variable,h,point,lo68,hi68,lo90,hi90,cell
8,8,4,yield_6m,0,0.005,NA,NA,NA,NA,q=8
8,8,4,yield_6m,1,0.005624726634409048,NA,NA,NA,NA,q=8
8,8,4,yield_6m,2,0.006058349640732057,NA,NA,NA,NA,q=8
8,8,4,yield_6m,3,0.00663302910656676,NA,NA,NA,NA,q=8
8,8,4,yield_6m,4,0.006401426835734853,NA,NA,NA,NA,q=8
8,8,4,yield_6m,5,0.0061070927587813266,NA,NA,NA,NA,q=8
8,8,4,yield_6m,6,0.005948618394200696,NA,NA,NA,NA,q=8
8,8,4,yield_6m,7,0.005477001451748308,NA,NA,NA,NA,q=8
8,8,4,yield_6m,8,0.005000671048766856,NA,NA,NA,NA,q=8
8,8,4,yield_6m,9,0.0044671155103881725,NA,NA,NA,NA,q=8
8,8,4,yield_6m,10,0.003885346346850474,NA,NA,NA,NA,q=8
8,8,4,yield_6m,11,0.0032579973120028965,NA,NA,NA,NA,q=8
8,8,4,yield_6m,12,0.0026021613874037657,NA,NA,NA,NA,q=8
8,8,4,yield_6m,13,0.0019944930998306294,NA,NA,NA,NA,q=8
8,8,4,yield_6m,14,0.0014012338214210265,NA,NA,NA,NA,q=8
8,8,4,yield_6m,15,8.317667192215201e-4,NA,NA,NA,NA,q=8
8,8,4,yield_6m,16,3.1284395156267977e-4,NA,NA,NA,NA,q=8
8,8,4,yield_6m,17,-1.7917955945216367e-4,NA,NA,NA,NA,q=8
8,8,4,yield_6m,18,-6.431330277586645e-4,NA,NA,NA,NA,q=8
8,8,4,yield_6m,19,-0.001072079912335861,NA,NA,NA,NA,q=8
8,8,4,yield_6m,20,-0.0014700229305942881,NA,NA,NA,NA,q=8
8,8,4,yield_6m,21,-0.0018364322048027967,NA,NA,NA,NA,q=8
8,8,4,yield_6m,22,-0.002171109776276565,NA,NA,NA,NA,q=8
8,8,4,yield_6m,23,-0.00247421264460396,NA,NA,NA,NA,q=8
8,8,4,yield_6m,24,-0.0027484999781084633,NA,NA,NA,NA,q=8
8,8,4,yield_6m,25,-0.002997275289038686,NA,NA,NA,NA,q=8
8,8,4,yield_6m,26,-0.0032221951288447454,NA,NA,NA,NA,q=8
8,8,4,yield_6m,27,-0.0034261822946044995,NA,NA,NA,NA,q=8
8,8,4,yield_6m,28,-0.0036117769370691416,NA,NA,NA,NA,q=8
8,8,4,yield_6m,29,-0.003780309112934175,NA,NA,NA,NA,q=8
8,8,4,yield_6m,30,-0.003933253956944348,NA,NA,NA,NA,q=8
8,8,4,yield_6m,31,-0.0040718328554127815,NA,NA,NA,NA,q=8
8,8,4,yield_6m,32,-0.004196878684396926,NA,NA,NA,NA,q=8
8,8,4,yield_6m,33,-0.004309073378168273,NA,NA,NA,NA,q=8
8,8,4,yield_6m,34,-0.004408949573505153,NA,NA,NA,NA,q=8
8,8,4,yield_6m,35,-0.0044968727507986505,NA,NA,NA,NA,q=8
8,8,4,yield_6m,36,-0.004572981282336728,NA,NA,NA,NA,q=8
8,8,4,yield_6m,37,-0.004637279959960024,NA,NA,NA,NA,q=8
8,8,4,yield_6m,38,-0.004689683433920546,NA,NA,NA,NA,q=8
8,8,4,yield_6m,39,-0.004729996104259282,NA,NA,NA,NA,q=8
8,8,4,yield_6m,40,-0.0047579890816921095,NA,NA,NA,NA,q=8
8,8,4,yield_6m,41,-0.0047734411807477195,NA,NA,NA,NA,q=8
8,8,4,yield_6m,42,-0.004776144366168812,NA,NA,NA,NA,q=8
8,8,4,yield_6m,43,-0.0047659311790115115,NA,NA,NA,NA,q=8
8,8,4,yield_6m,44,-0.004742691516780007,NA,NA,NA,NA,q=8
8,8,4,yield_6m,45,-0.0047063797093146046,NA,NA,NA,NA,q=8
8,8,4,yield_6m,46,-0.004657020047230737,NA,NA,NA,NA,q=8
8,8,4,yield_6m,47,-0.004594712543210141,NA,NA,NA,NA,q=8
8,8,4,yield_6m,48,-0.004519636643068861,NA,NA,NA,NA,q=8
8,8,4,yield_2y,0,0.008292031311921261,NA,NA,NA,NA,q=8
8,8,4,yield_2y,1,0.009400412919722557,NA,NA,NA,NA,q=8
8,8,4,yield_2y,2,0.008946662712394882,NA,NA,NA,NA,q=8
8,8,4,yield_2y,3,0.009776531032597593,NA,NA,NA,NA,q=8
8,8,4,yield_2y,4,0.009030916302624268,NA,NA,NA,NA,q=8
8,8,4,yield_2y,5,0.008042190547172515,NA,NA,NA,NA,q=8
8,8,4,yield_2y,6,0.007436798525693732,NA,NA,NA,NA,q=8
8,8,4,yield_2y,7,0.006606018742149407,NA,NA,NA,NA,q=8
8,8,4,yield_2y,8,0.005752692635135261,NA,NA,NA,NA,q=8
8,8,4,yield_2y,9,0.004900745269520649,NA,NA,NA,NA,q=8
8,8,4,yield_2y,10,0.004160902528095277,NA,NA,NA,NA,q=8
8,8,4,yield_2y,11,0.0034000352369160337,NA,NA,NA,NA,q=8
8,8,4,yield_2y,12,0.0026270080310243703,NA,NA,NA,NA,q=8
8,8,4,yield_2y,13,0.001991671251441877,NA,NA,NA,NA,q=8
8,8,4,yield_2y,14,0.0013905335530758638,NA,NA,NA,NA,q=8
8,8,4,yield_2y,15,8.169566418757486e-4,NA,NA,NA,NA,q=8
8,8,4,yield_2y,16,3.251733212488908e-4,NA,NA,NA,NA,q=8
8,8,4,yield_2y,17,-1.251003792900662e-4,NA,NA,NA,NA,q=8
8,8,4,yield_2y,18,-5.419494103848431e-4,NA,NA,NA,NA,q=8
8,8,4,yield_2y,19,-9.142698941487875e-4,NA,NA,NA,NA,q=8
8,8,4,yield_2y,20,-0.0012461448010988162,NA,NA,NA,NA,q=8
8,8,4,yield_2y,21,-0.0015427680741471315,NA,NA,NA,NA,q=8
8,8,4,yield_2y,22,-0.0018070179895624328,NA,NA,NA,NA,q=8
8,8,4,yield_2y,23,-0.002037992829958025,NA,NA,NA,NA,q=8
8,8,4,yield_2y,24,-0.0022411270414241778,NA,NA,NA,NA,q=8
8,8,4,yield_2y,25,-0.002422203075935609,NA,NA,NA,NA,q=8
8,8,4,yield_2y,26,-0.0025823543209397334,NA,NA,NA,NA,q=8
8,8,4,yield_2y,27,-0.0027250785448164646,NA,NA,NA,NA,q=8
8,8,4,yield_2y,28,-0.0028537724560508816,NA,NA,NA,NA,q=8
8,8,4,yield_2y,29,-0.0029696498613565377,NA,NA,NA,NA,q=8
8,8,4,yield_2y,30,-0.003074095803438145,NA,NA,NA,NA,q=8
8,8,4,yield_2y,31,-0.003168437079479039,NA,NA,NA,NA,q=8
8,8,4,yield_2y,32,-0.003253468105714531,NA,NA,NA,NA,q=8
8,8,4,yield_2y,33,-0.003329638667410561,NA,NA,NA,NA,q=8
8,8,4,yield_2y,34,-0.003397302092257182,NA,NA,NA,NA,q=8
8,8,4,yield_2y,35,-0.003456694953673626,NA,NA,NA,NA,q=8
8,8,4,yield_2y,36,-0.003507733467963824,NA,NA,NA,NA,q=8
8,8,4,yield_2y,37,-0.0035502278860667373,NA,NA,NA,NA,q=8
8,8,4,yield_2y,38,-0.003583971693663287,NA,NA,NA,NA,q=8
8,8,4,yield_2y,39,-0.003608651901319288,NA,NA,NA,NA,q=8
8,8,4,yield_2y,40,-0.0036239479005868653,NA,NA,NA,NA,q=8
8,8,4,yield_2y,41,-0.003629592514809842,NA,NA,NA,NA,q=8
8,8,4,yield_2y,42,-0.00362535709948041,NA,NA,NA,NA,q=8
8,8,4,yield_2y,43,-0.003611069659771819,NA,NA,NA,NA,q=8
8,8,4,yield_2y,44,-0.0035866347655276205,NA,NA,NA,NA,q=8
8,8,4,yield_2y,45,-0.0035520376699016954,NA,NA,NA,NA,q=8
8,8,4,yield_2y,46,-0.0035073393471610564,NA,NA,NA,NA,q=8
8,8,4,yield_2y,47,-0.0034526787662966453,NA,NA,NA,NA,q=8
8,8,4,yield_2y,48,-0.003388275040244017,NA,NA,NA,NA,q=8
8,8,4,yield_5y,0,0.008157038465049473,NA,NA,NA,NA,q=8
8,8,4,yield_5y,1,0.009075540313793118,NA,NA,NA,NA,q=8
8,8,4,yield_5y,2,0.008080773903426096,NA,NA,NA,NA,q=8
8,8,4,yield_5y,3,0.009069911290408891,NA,NA,NA,NA,q=8
8,8,4,yield_5y,4,0.008224359350123746,NA,NA,NA,NA,q=8
8,8,4,yield_5y,5,0.007015569185649042,NA,NA,NA,NA,q=8
8,8,4,yield_5y,6,0.006306989245879053,NA,NA,NA,NA,q=8
8,8,4,yield_5y,7,0.005541689007727755,NA,NA,NA,NA,q=8
8,8,4,yield_5y,8,0.0046886533244897555,NA,NA,NA,NA,q=8
8,8,4,yield_5y,9,0.003853752515311748,NA,NA,NA,NA,q=8
8,8,4,yield_5y,10,0.0032156637954410473,NA,NA,NA,NA,q=8
8,8,4,yield_5y,11,0.002531870380309927,NA,NA,NA,NA,q=8
8,8,4,yield_5y,12,0.0018306368802309978,NA,NA,NA,NA,q=8
8,8,4,yield_5y,13,0.001301592466210526,NA,NA,NA,NA,q=8
8,8,4,yield_5y,14,8.055456742324087e-4,NA,NA,NA,NA,q=8
8,8,4,yield_5y,15,3.2915053280960666e-4,NA,NA,NA,NA,q=8
8,8,4,yield_5y,16,-5.978573436532143e-5,NA,NA,NA,NA,q=8
8,8,4,yield_5y,17,-4.048416536410208e-4,NA,NA,NA,NA,q=8
8,8,4,yield_5y,18,-7.225076240841898e-4,NA,NA,NA,NA,q=8
8,8,4,yield_5y,19,-0.0010003960013203615,NA,NA,NA,NA,q=8
8,8,4,yield_5y,20,-0.0012390383493306165,NA,NA,NA,NA,q=8
8,8,4,yield_5y,21,-0.0014472992094529333,NA,NA,NA,NA,q=8
8,8,4,yield_5y,22,-0.0016289057997298168,NA,NA,NA,NA,q=8
8,8,4,yield_5y,23,-0.0017805684190760616,NA,NA,NA,NA,q=8
8,8,4,yield_5y,24,-0.0019084220580667674,NA,NA,NA,NA,q=8
8,8,4,yield_5y,25,-0.0020188820436903205,NA,NA,NA,NA,q=8
8,8,4,yield_5y,26,-0.0021122276074993403,NA,NA,NA,NA,q=8
8,8,4,yield_5y,27,-0.002191693257218918,NA,NA,NA,NA,q=8
8,8,4,yield_5y,28,-0.002260806255352419,NA,NA,NA,NA,q=8
8,8,4,yield_5y,29,-0.0023205532718837073,NA,NA,NA,NA,q=8
8,8,4,yield_5y,30,-0.0023719685345298066,NA,NA,NA,NA,q=8
8,8,4,yield_5y,31,-0.0024162970513689347,NA,NA,NA,NA,q=8
8,8,4,yield_5y,32,-0.0024542922487653354,NA,NA,NA,NA,q=8
8,8,4,yield_5y,33,-0.0024862432669400733,NA,NA,NA,NA,q=8
8,8,4,yield_5y,34,-0.0025124554958914943,NA,NA,NA,NA,q=8
8,8,4,yield_5y,35,-0.0025332041942472817,NA,NA,NA,NA,q=8
8,8,4,yield_5y,36,-0.0025484094198781893,NA,NA,NA,NA,q=8
8,8,4,yield_5y,37,-0.002557912544488801,NA,NA,NA,NA,q=8
8,8,4,yield_5y,38,-0.002561583061790019,NA,NA,NA,NA,q=8
8,8,4,yield_5y,39,-0.002559184741066678,NA,NA,NA,NA,q=8
8,8,4,yield_5y,40,-0.0025504714624035706,NA,NA,NA,NA,q=8
8,8,4,yield_5y,41,-0.0025352604023436342,NA,NA,NA,NA,q=8
8,8,4,yield_5y,42,-0.0025134079092602323,NA,NA,NA,NA,q=8
8,8,4,yield_5y,43,-0.002484814575666113,NA,NA,NA,NA,q=8
8,8,4,yield_5y,44,-0.0024494474987648267,NA,NA,NA,NA,q=8
8,8,4,yield_5y,45,-0.0024073441005645823,NA,NA,NA,NA,q=8
8,8,4,yield_5y,46,-0.002358599821449973,NA,NA,NA,NA,q=8
8,8,4,yield_5y,47,-0.0023033695881887013,NA,NA,NA,NA,q=8
8,8,4,yield_5y,48,-0.002241871152296968,NA,NA,NA,NA,q=8
8,8,4,cambio_usd,0,0.09685893554686578,NA,NA,NA,NA,q=8
8,8,4,cambio_usd,1,0.1316221962018495,NA,NA,NA,NA,q=8
8,8,4,cambio_usd,2,0.11938093128611332,NA,NA,NA,NA,q=8
8,8,4,cambio_usd,3,0.12996278082584412,NA,NA,NA,NA,q=8
8,8,4,cambio_usd,4,0.11550464332246124,NA,NA,NA,NA,q=8
8,8,4,cambio_usd,5,0.08140261858660008,NA,NA,NA,NA,q=8
8,8,4,cambio_usd,6,0.061618512313160866,NA,NA,NA,NA,q=8
8,8,4,cambio_usd,7,0.04522692142955533,NA,NA,NA,NA,q=8
8,8,4,cambio_usd,8,0.027392773889303022,NA,NA,NA,NA,q=8
8,8,4,cambio_usd,9,0.014647313976677847,NA,NA,NA,NA,q=8
8,8,4,cambio_usd,10,0.004776474080437607,NA,NA,NA,NA,q=8
8,8,4,cambio_usd,11,-0.005167780306910036,NA,NA,NA,NA,q=8
8,8,4,cambio_usd,12,-0.014549887556869643,NA,NA,NA,NA,q=8
8,8,4,cambio_usd,13,-0.02070302032551414,NA,NA,NA,NA,q=8
8,8,4,cambio_usd,14,-0.024715689866925582,NA,NA,NA,NA,q=8
8,8,4,cambio_usd,15,-0.027912284984861983,NA,NA,NA,NA,q=8
8,8,4,cambio_usd,16,-0.02934386141495223,NA,NA,NA,NA,q=8
8,8,4,cambio_usd,17,-0.02943851415028035,NA,NA,NA,NA,q=8
8,8,4,cambio_usd,18,-0.029152868870493346,NA,NA,NA,NA,q=8
8,8,4,cambio_usd,19,-0.02839067640155951,NA,NA,NA,NA,q=8
8,8,4,cambio_usd,20,-0.02711937852940926,NA,NA,NA,NA,q=8
8,8,4,cambio_usd,21,-0.025550782696869005,NA,NA,NA,NA,q=8
8,8,4,cambio_usd,22,-0.023734729239536467,NA,NA,NA,NA,q=8
8,8,4,cambio_usd,23,-0.021613103949912494,NA,NA,NA,NA,q=8
8,8,4,cambio_usd,24,-0.0192428522861097,NA,NA,NA,NA,q=8
8,8,4,cambio_usd,25,-0.01675282257154556,NA,NA,NA,NA,q=8
8,8,4,cambio_usd,26,-0.01418301458567899,NA,NA,NA,NA,q=8
8,8,4,cambio_usd,27,-0.011570923244820753,NA,NA,NA,NA,q=8
8,8,4,cambio_usd,28,-0.00898816118205953,NA,NA,NA,NA,q=8
8,8,4,cambio_usd,29,-0.006460114085733703,NA,NA,NA,NA,q=8
8,8,4,cambio_usd,30,-0.003989662677471077,NA,NA,NA,NA,q=8
8,8,4,cambio_usd,31,-0.0015908033838487117,NA,NA,NA,NA,q=8
8,8,4,cambio_usd,32,7.278466773917247e-4,NA,NA,NA,NA,q=8
8,8,4,cambio_usd,33,0.002965380299901549,NA,NA,NA,NA,q=8
8,8,4,cambio_usd,34,0.00511834059817803,NA,NA,NA,NA,q=8
8,8,4,cambio_usd,35,0.007180580335236588,NA,NA,NA,NA,q=8
8,8,4,cambio_usd,36,0.009149525961215738,NA,NA,NA,NA,q=8
8,8,4,cambio_usd,37,0.011025056436977028,NA,NA,NA,NA,q=8
8,8,4,cambio_usd,38,0.012806135187874441,NA,NA,NA,NA,q=8
8,8,4,cambio_usd,39,0.014492702545785987,NA,NA,NA,NA,q=8
8,8,4,cambio_usd,40,0.01608570112834014,NA,NA,NA,NA,q=8
8,8,4,cambio_usd,41,0.017585043459773457,NA,NA,NA,NA,q=8
8,8,4,cambio_usd,42,0.018989829803950337,NA,NA,NA,NA,q=8
8,8,4,cambio_usd,43,0.020298882530603583,NA,NA,NA,NA,q=8
8,8,4,cambio_usd,44,0.021510496967010424,NA,NA,NA,NA,q=8
8,8,4,cambio_usd,45,0.022622505486854034,NA,NA,NA,NA,q=8
8,8,4,cambio_usd,46,0.023632670060180345,NA,NA,NA,NA,q=8
8,8,4,cambio_usd,47,0.024538837191909954,NA,NA,NA,NA,q=8
8,8,4,cambio_usd,48,0.0253389030761036,NA,NA,NA,NA,q=8
8,8,4,embi_perc,0,0.17652269702247927,NA,NA,NA,NA,q=8
8,8,4,embi_perc,1,0.1999913919591765,NA,NA,NA,NA,q=8
8,8,4,embi_perc,2,0.13582736373154233,NA,NA,NA,NA,q=8
8,8,4,embi_perc,3,0.18874985469836547,NA,NA,NA,NA,q=8
8,8,4,embi_perc,4,0.16196863416455934,NA,NA,NA,NA,q=8
8,8,4,embi_perc,5,0.11800792563138414,NA,NA,NA,NA,q=8
8,8,4,embi_perc,6,0.0958678999886012,NA,NA,NA,NA,q=8
8,8,4,embi_perc,7,0.08234966909365904,NA,NA,NA,NA,q=8
8,8,4,embi_perc,8,0.0648760841416758,NA,NA,NA,NA,q=8
8,8,4,embi_perc,9,0.045923777178570935,NA,NA,NA,NA,q=8
8,8,4,embi_perc,10,0.036039878142769086,NA,NA,NA,NA,q=8
8,8,4,embi_perc,11,0.022568821549329873,NA,NA,NA,NA,q=8
8,8,4,embi_perc,12,0.005694673028574535,NA,NA,NA,NA,q=8
8,8,4,embi_perc,13,-0.005115727365227176,NA,NA,NA,NA,q=8
8,8,4,embi_perc,14,-0.015237484365679928,NA,NA,NA,NA,q=8
8,8,4,embi_perc,15,-0.025810269338151753,NA,NA,NA,NA,q=8
8,8,4,embi_perc,16,-0.033689038748177656,NA,NA,NA,NA,q=8
8,8,4,embi_perc,17,-0.040250219635446234,NA,NA,NA,NA,q=8
8,8,4,embi_perc,18,-0.04652163047198915,NA,NA,NA,NA,q=8
8,8,4,embi_perc,19,-0.052187630863781254,NA,NA,NA,NA,q=8
8,8,4,embi_perc,20,-0.056989513479011586,NA,NA,NA,NA,q=8
8,8,4,embi_perc,21,-0.06125033271205998,NA,NA,NA,NA,q=8
8,8,4,embi_perc,22,-0.06512386272224961,NA,NA,NA,NA,q=8
8,8,4,embi_perc,23,-0.06828399720379098,NA,NA,NA,NA,q=8
8,8,4,embi_perc,24,-0.07084063545851814,NA,NA,NA,NA,q=8
8,8,4,embi_perc,25,-0.07300965449356009,NA,NA,NA,NA,q=8
8,8,4,embi_perc,26,-0.0747340848493315,NA,NA,NA,NA,q=8
8,8,4,embi_perc,27,-0.07607290236920553,NA,NA,NA,NA,q=8
8,8,4,embi_perc,28,-0.07713773180531282,NA,NA,NA,NA,q=8
8,8,4,embi_perc,29,-0.07794636309198827,NA,NA,NA,NA,q=8
8,8,4,embi_perc,30,-0.07850499047676526,NA,NA,NA,NA,q=8
8,8,4,embi_perc,31,-0.07883987926708835,NA,NA,NA,NA,q=8
8,8,4,embi_perc,32,-0.07897183580059138,NA,NA,NA,NA,q=8
8,8,4,embi_perc,33,-0.07890308056472038,NA,NA,NA,NA,q=8
8,8,4,embi_perc,34,-0.07864228687294027,NA,NA,NA,NA,q=8
8,8,4,embi_perc,35,-0.07820658641583202,NA,NA,NA,NA,q=8
8,8,4,embi_perc,36,-0.07760178241693776,NA,NA,NA,NA,q=8
8,8,4,embi_perc,37,-0.0768313415409325,NA,NA,NA,NA,q=8
8,8,4,embi_perc,38,-0.07590184967898642,NA,NA,NA,NA,q=8
8,8,4,embi_perc,39,-0.07481605530488433,NA,NA,NA,NA,q=8
8,8,4,embi_perc,40,-0.07357495867819462,NA,NA,NA,NA,q=8
8,8,4,embi_perc,41,-0.07218106404534433,NA,NA,NA,NA,q=8
8,8,4,embi_perc,42,-0.07063756061234588,NA,NA,NA,NA,q=8
8,8,4,embi_perc,43,-0.06894775723815263,NA,NA,NA,NA,q=8
8,8,4,embi_perc,44,-0.06711580332341203,NA,NA,NA,NA,q=8
8,8,4,embi_perc,45,-0.06514700225412881,NA,NA,NA,NA,q=8
8,8,4,embi_perc,46,-0.06304711011049462,NA,NA,NA,NA,q=8
8,8,4,embi_perc,47,-0.0608223134815589,NA,NA,NA,NA,q=8
8,8,4,embi_perc,48,-0.05847956596817834,NA,NA,NA,NA,q=8
8,8,4,cds_5y,0,24.653994165531508,NA,NA,NA,NA,q=8
8,8,4,cds_5y,1,27.962485636975117,NA,NA,NA,NA,q=8
8,8,4,cds_5y,2,21.44559426379586,NA,NA,NA,NA,q=8
8,8,4,cds_5y,3,26.921175525538544,NA,NA,NA,NA,q=8
8,8,4,cds_5y,4,23.49235512572164,NA,NA,NA,NA,q=8
8,8,4,cds_5y,5,17.918039019271554,NA,NA,NA,NA,q=8
8,8,4,cds_5y,6,15.21327544056197,NA,NA,NA,NA,q=8
8,8,4,cds_5y,7,13.154909139643513,NA,NA,NA,NA,q=8
8,8,4,cds_5y,8,10.738613315419325,NA,NA,NA,NA,q=8
8,8,4,cds_5y,9,8.36666254101797,NA,NA,NA,NA,q=8
8,8,4,cds_5y,10,6.883186207928808,NA,NA,NA,NA,q=8
8,8,4,cds_5y,11,5.038026516582114,NA,NA,NA,NA,q=8
8,8,4,cds_5y,12,2.882335425864892,NA,NA,NA,NA,q=8
8,8,4,cds_5y,13,1.441758551141041,NA,NA,NA,NA,q=8
8,8,4,cds_5y,14,0.15130240801112366,NA,NA,NA,NA,q=8
8,8,4,cds_5y,15,-1.1301714321238177,NA,NA,NA,NA,q=8
8,8,4,cds_5y,16,-2.0586079333349354,NA,NA,NA,NA,q=8
8,8,4,cds_5y,17,-2.80538947366124,NA,NA,NA,NA,q=8
8,8,4,cds_5y,18,-3.4984060467672125,NA,NA,NA,NA,q=8
8,8,4,cds_5y,19,-4.099757774133872,NA,NA,NA,NA,q=8
8,8,4,cds_5y,20,-4.592521257595711,NA,NA,NA,NA,q=8
8,8,4,cds_5y,21,-5.0137716748749215,NA,NA,NA,NA,q=8
8,8,4,cds_5y,22,-5.378968302808625,NA,NA,NA,NA,q=8
8,8,4,cds_5y,23,-5.657226981557431,NA,NA,NA,NA,q=8
8,8,4,cds_5y,24,-5.863367855063115,NA,NA,NA,NA,q=8
8,8,4,cds_5y,25,-6.02449151058817,NA,NA,NA,NA,q=8
8,8,4,cds_5y,26,-6.138142660550235,NA,NA,NA,NA,q=8
8,8,4,cds_5y,27,-6.213629542870747,NA,NA,NA,NA,q=8
8,8,4,cds_5y,28,-6.265626306015772,NA,NA,NA,NA,q=8
8,8,4,cds_5y,29,-6.297301418122422,NA,NA,NA,NA,q=8
8,8,4,cds_5y,30,-6.310227114526245,NA,NA,NA,NA,q=8
8,8,4,cds_5y,31,-6.3078994093405765,NA,NA,NA,NA,q=8
8,8,4,cds_5y,32,-6.29271636385792,NA,NA,NA,NA,q=8
8,8,4,cds_5y,33,-6.265065746643259,NA,NA,NA,NA,q=8
8,8,4,cds_5y,34,-6.225920504828724,NA,NA,NA,NA,q=8
8,8,4,cds_5y,35,-6.176985288204954,NA,NA,NA,NA,q=8
8,8,4,cds_5y,36,-6.118637983966528,NA,NA,NA,NA,q=8
8,8,4,cds_5y,37,-6.050871566488739,NA,NA,NA,NA,q=8
8,8,4,cds_5y,38,-5.9739320190166065,NA,NA,NA,NA,q=8
8,8,4,cds_5y,39,-5.887590911668485,NA,NA,NA,NA,q=8
8,8,4,cds_5y,40,-5.791411125531152,NA,NA,NA,NA,q=8
8,8,4,cds_5y,41,-5.685143734071366,NA,NA,NA,NA,q=8
8,8,4,cds_5y,42,-5.568639814794184,NA,NA,NA,NA,q=8
8,8,4,cds_5y,43,-5.441803905065495,NA,NA,NA,NA,q=8
8,8,4,cds_5y,44,-5.304677484358247,NA,NA,NA,NA,q=8
8,8,4,cds_5y,45,-5.157463971323997,NA,NA,NA,NA,q=8
8,8,4,cds_5y,46,-5.000452495562948,NA,NA,NA,NA,q=8
8,8,4,cds_5y,47,-4.83401281235524,NA,NA,NA,NA,q=8
8,8,4,cds_5y,48,-4.658627959634873,NA,NA,NA,NA,q=8
8,8,4,expect_focus_ipca12m,0,0.11336532099642903,NA,NA,NA,NA,q=8
8,8,4,expect_focus_ipca12m,1,0.15775240952723066,NA,NA,NA,NA,q=8
8,8,4,expect_focus_ipca12m,2,0.1871822807039112,NA,NA,NA,NA,q=8
8,8,4,expect_focus_ipca12m,3,0.182781344258366,NA,NA,NA,NA,q=8
8,8,4,expect_focus_ipca12m,4,0.18629822118652492,NA,NA,NA,NA,q=8
8,8,4,expect_focus_ipca12m,5,0.17636354280866928,NA,NA,NA,NA,q=8
8,8,4,expect_focus_ipca12m,6,0.15518471045760376,NA,NA,NA,NA,q=8
8,8,4,expect_focus_ipca12m,7,0.13245739006759094,NA,NA,NA,NA,q=8
8,8,4,expect_focus_ipca12m,8,0.10391504339847457,NA,NA,NA,NA,q=8
8,8,4,expect_focus_ipca12m,9,0.07671135050883052,NA,NA,NA,NA,q=8
8,8,4,expect_focus_ipca12m,10,0.052831336299855515,NA,NA,NA,NA,q=8
8,8,4,expect_focus_ipca12m,11,0.030407493835078774,NA,NA,NA,NA,q=8
8,8,4,expect_focus_ipca12m,12,0.011243967229521217,NA,NA,NA,NA,q=8
8,8,4,expect_focus_ipca12m,13,-0.005747836437227669,NA,NA,NA,NA,q=8
8,8,4,expect_focus_ipca12m,14,-0.02166647317118116,NA,NA,NA,NA,q=8
8,8,4,expect_focus_ipca12m,15,-0.036507939832486055,NA,NA,NA,NA,q=8
8,8,4,expect_focus_ipca12m,16,-0.050494348189984564,NA,NA,NA,NA,q=8
8,8,4,expect_focus_ipca12m,17,-0.06342772374285154,NA,NA,NA,NA,q=8
8,8,4,expect_focus_ipca12m,18,-0.07528593602677544,NA,NA,NA,NA,q=8
8,8,4,expect_focus_ipca12m,19,-0.08587293912586416,NA,NA,NA,NA,q=8
8,8,4,expect_focus_ipca12m,20,-0.09509390722522808,NA,NA,NA,NA,q=8
8,8,4,expect_focus_ipca12m,21,-0.10316090485181628,NA,NA,NA,NA,q=8
8,8,4,expect_focus_ipca12m,22,-0.11015268953128261,NA,NA,NA,NA,q=8
8,8,4,expect_focus_ipca12m,23,-0.11618082485484253,NA,NA,NA,NA,q=8
8,8,4,expect_focus_ipca12m,24,-0.12142089826013168,NA,NA,NA,NA,q=8
8,8,4,expect_focus_ipca12m,25,-0.12595168056095507,NA,NA,NA,NA,q=8
8,8,4,expect_focus_ipca12m,26,-0.12983099420528194,NA,NA,NA,NA,q=8
8,8,4,expect_focus_ipca12m,27,-0.13311459499821934,NA,NA,NA,NA,q=8
8,8,4,expect_focus_ipca12m,28,-0.1358460376902324,NA,NA,NA,NA,q=8
8,8,4,expect_focus_ipca12m,29,-0.1380646925765125,NA,NA,NA,NA,q=8
8,8,4,expect_focus_ipca12m,30,-0.13980703682437404,NA,NA,NA,NA,q=8
8,8,4,expect_focus_ipca12m,31,-0.14111312773439713,NA,NA,NA,NA,q=8
8,8,4,expect_focus_ipca12m,32,-0.14201371702129556,NA,NA,NA,NA,q=8
8,8,4,expect_focus_ipca12m,33,-0.14252859302926307,NA,NA,NA,NA,q=8
8,8,4,expect_focus_ipca12m,34,-0.14267347431468413,NA,NA,NA,NA,q=8
8,8,4,expect_focus_ipca12m,35,-0.14245613387170722,NA,NA,NA,NA,q=8
8,8,4,expect_focus_ipca12m,36,-0.1418786337683647,NA,NA,NA,NA,q=8
8,8,4,expect_focus_ipca12m,37,-0.14094182086258739,NA,NA,NA,NA,q=8
8,8,4,expect_focus_ipca12m,38,-0.13964572913579684,NA,NA,NA,NA,q=8
8,8,4,expect_focus_ipca12m,39,-0.13799044063904944,NA,NA,NA,NA,q=8
8,8,4,expect_focus_ipca12m,40,-0.13597688596081609,NA,NA,NA,NA,q=8
8,8,4,expect_focus_ipca12m,41,-0.1336072358358691,NA,NA,NA,NA,q=8
8,8,4,expect_focus_ipca12m,42,-0.1308849338993319,NA,NA,NA,NA,q=8
8,8,4,expect_focus_ipca12m,43,-0.1278147626074117,NA,NA,NA,NA,q=8
8,8,4,expect_focus_ipca12m,44,-0.12440333618546026,NA,NA,NA,NA,q=8
8,8,4,expect_focus_ipca12m,45,-0.12065925697681161,NA,NA,NA,NA,q=8
8,8,4,expect_focus_ipca12m,46,-0.1165931517343843,NA,NA,NA,NA,q=8
8,8,4,expect_focus_ipca12m,47,-0.1122178053481881,NA,NA,NA,NA,q=8
8,8,4,expect_focus_ipca12m,48,-0.10754805975323795,NA,NA,NA,NA,q=8
8,8,4,ibc_br,0,-0.3251708173689478,NA,NA,NA,NA,q=8
8,8,4,ibc_br,1,0.008492857039434202,NA,NA,NA,NA,q=8
8,8,4,ibc_br,2,0.08155530245199215,NA,NA,NA,NA,q=8
8,8,4,ibc_br,3,-0.0638565022178524,NA,NA,NA,NA,q=8
8,8,4,ibc_br,4,-0.1366134017020558,NA,NA,NA,NA,q=8
8,8,4,ibc_br,5,-0.04913639275679151,NA,NA,NA,NA,q=8
8,8,4,ibc_br,6,-0.06746419923917481,NA,NA,NA,NA,q=8
8,8,4,ibc_br,7,-0.11619461771528322,NA,NA,NA,NA,q=8
8,8,4,ibc_br,8,-0.13759313283052063,NA,NA,NA,NA,q=8
8,8,4,ibc_br,9,-0.17061210645869224,NA,NA,NA,NA,q=8
8,8,4,ibc_br,10,-0.22304754625111695,NA,NA,NA,NA,q=8
8,8,4,ibc_br,11,-0.2416166526916632,NA,NA,NA,NA,q=8
8,8,4,ibc_br,12,-0.23235910344392718,NA,NA,NA,NA,q=8
8,8,4,ibc_br,13,-0.2299350221093643,NA,NA,NA,NA,q=8
8,8,4,ibc_br,14,-0.22469293208855823,NA,NA,NA,NA,q=8
8,8,4,ibc_br,15,-0.21141341525813462,NA,NA,NA,NA,q=8
8,8,4,ibc_br,16,-0.20453805146609397,NA,NA,NA,NA,q=8
8,8,4,ibc_br,17,-0.20359148247997452,NA,NA,NA,NA,q=8
8,8,4,ibc_br,18,-0.2014013920511658,NA,NA,NA,NA,q=8
8,8,4,ibc_br,19,-0.19897703304333975,NA,NA,NA,NA,q=8
8,8,4,ibc_br,20,-0.19784410186130383,NA,NA,NA,NA,q=8
8,8,4,ibc_br,21,-0.19607830911728072,NA,NA,NA,NA,q=8
8,8,4,ibc_br,22,-0.1934298346642735,NA,NA,NA,NA,q=8
8,8,4,ibc_br,23,-0.19175912434275535,NA,NA,NA,NA,q=8
8,8,4,ibc_br,24,-0.19127035008255072,NA,NA,NA,NA,q=8
8,8,4,ibc_br,25,-0.19141148028242072,NA,NA,NA,NA,q=8
8,8,4,ibc_br,26,-0.19248633444477872,NA,NA,NA,NA,q=8
8,8,4,ibc_br,27,-0.19445810158126264,NA,NA,NA,NA,q=8
8,8,4,ibc_br,28,-0.1967896032459373,NA,NA,NA,NA,q=8
8,8,4,ibc_br,29,-0.1992750208333112,NA,NA,NA,NA,q=8
8,8,4,ibc_br,30,-0.201887893864229,NA,NA,NA,NA,q=8
8,8,4,ibc_br,31,-0.20447091898447872,NA,NA,NA,NA,q=8
8,8,4,ibc_br,32,-0.20689225953541962,NA,NA,NA,NA,q=8
8,8,4,ibc_br,33,-0.2091193385270552,NA,NA,NA,NA,q=8
8,8,4,ibc_br,34,-0.2110780088554639,NA,NA,NA,NA,q=8
8,8,4,ibc_br,35,-0.21264362795204167,NA,NA,NA,NA,q=8
8,8,4,ibc_br,36,-0.21372781560832713,NA,NA,NA,NA,q=8
8,8,4,ibc_br,37,-0.21426100776922397,NA,NA,NA,NA,q=8
8,8,4,ibc_br,38,-0.21416824053497696,NA,NA,NA,NA,q=8
8,8,4,ibc_br,39,-0.21339954595246657,NA,NA,NA,NA,q=8
8,8,4,ibc_br,40,-0.21193257401771073,NA,NA,NA,NA,q=8
8,8,4,ibc_br,41,-0.20975359080748146,NA,NA,NA,NA,q=8
8,8,4,ibc_br,42,-0.2068574245713093,NA,NA,NA,NA,q=8
8,8,4,ibc_br,43,-0.20325104286186504,NA,NA,NA,NA,q=8
8,8,4,ibc_br,44,-0.19894804052179665,NA,NA,NA,NA,q=8
8,8,4,ibc_br,45,-0.19396585425539087,NA,NA,NA,NA,q=8
8,8,4,ibc_br,46,-0.18832830168101403,NA,NA,NA,NA,q=8
8,8,4,ibc_br,47,-0.182065197897374,NA,NA,NA,NA,q=8
8,8,4,ibc_br,48,-0.17520996126293753,NA,NA,NA,NA,q=8
8,8,4,price_ipca,0,-0.036249822401064745,NA,NA,NA,NA,q=8
8,8,4,price_ipca,1,0.08520286368327375,NA,NA,NA,NA,q=8
8,8,4,price_ipca,2,0.06390649305545344,NA,NA,NA,NA,q=8
8,8,4,price_ipca,3,0.05388431827173939,NA,NA,NA,NA,q=8
8,8,4,price_ipca,4,0.10304230981138018,NA,NA,NA,NA,q=8
8,8,4,price_ipca,5,0.10518978498003723,NA,NA,NA,NA,q=8
8,8,4,price_ipca,6,0.053762675541955005,NA,NA,NA,NA,q=8
8,8,4,price_ipca,7,0.04374396238140104,NA,NA,NA,NA,q=8
8,8,4,price_ipca,8,0.015481390656677226,NA,NA,NA,NA,q=8
8,8,4,price_ipca,9,-0.020298884910508054,NA,NA,NA,NA,q=8
8,8,4,price_ipca,10,-0.03227116402309272,NA,NA,NA,NA,q=8
8,8,4,price_ipca,11,-0.03755873293769498,NA,NA,NA,NA,q=8
8,8,4,price_ipca,12,-0.039372227038915276,NA,NA,NA,NA,q=8
8,8,4,price_ipca,13,-0.03793124334718488,NA,NA,NA,NA,q=8
8,8,4,price_ipca,14,-0.03576105178921771,NA,NA,NA,NA,q=8
8,8,4,price_ipca,15,-0.035301555738548894,NA,NA,NA,NA,q=8
8,8,4,price_ipca,16,-0.037042032948538105,NA,NA,NA,NA,q=8
8,8,4,price_ipca,17,-0.037914765459465996,NA,NA,NA,NA,q=8
8,8,4,price_ipca,18,-0.03815439512555052,NA,NA,NA,NA,q=8
8,8,4,price_ipca,19,-0.03805768519728424,NA,NA,NA,NA,q=8
8,8,4,price_ipca,20,-0.03640280285419625,NA,NA,NA,NA,q=8
8,8,4,price_ipca,21,-0.03390415143994322,NA,NA,NA,NA,q=8
8,8,4,price_ipca,22,-0.03122503759152568,NA,NA,NA,NA,q=8
8,8,4,price_ipca,23,-0.028381999603659454,NA,NA,NA,NA,q=8
8,8,4,price_ipca,24,-0.02559986342689663,NA,NA,NA,NA,q=8
8,8,4,price_ipca,25,-0.022982359226300875,NA,NA,NA,NA,q=8
8,8,4,price_ipca,26,-0.020490572229060724,NA,NA,NA,NA,q=8
8,8,4,price_ipca,27,-0.018024222155483258,NA,NA,NA,NA,q=8
8,8,4,price_ipca,28,-0.015549742685365553,NA,NA,NA,NA,q=8
8,8,4,price_ipca,29,-0.013104097464309355,NA,NA,NA,NA,q=8
8,8,4,price_ipca,30,-0.010679968401516035,NA,NA,NA,NA,q=8
8,8,4,price_ipca,31,-0.008304111868510385,NA,NA,NA,NA,q=8
8,8,4,price_ipca,32,-0.006020677662382354,NA,NA,NA,NA,q=8
8,8,4,price_ipca,33,-0.003829673082573977,NA,NA,NA,NA,q=8
8,8,4,price_ipca,34,-0.0017231645521144615,NA,NA,NA,NA,q=8
8,8,4,price_ipca,35,3.077221539323697e-4,NA,NA,NA,NA,q=8
8,8,4,price_ipca,36,0.0022793408011536525,NA,NA,NA,NA,q=8
8,8,4,price_ipca,37,0.004206336235222422,NA,NA,NA,NA,q=8
8,8,4,price_ipca,38,0.006097429872782965,NA,NA,NA,NA,q=8
8,8,4,price_ipca,39,0.007955480170935714,NA,NA,NA,NA,q=8
8,8,4,price_ipca,40,0.009781865997241521,NA,NA,NA,NA,q=8
8,8,4,price_ipca,41,0.011576806842215523,NA,NA,NA,NA,q=8
8,8,4,price_ipca,42,0.013338658345821855,NA,NA,NA,NA,q=8
8,8,4,price_ipca,43,0.015066246797724956,NA,NA,NA,NA,q=8
8,8,4,price_ipca,44,0.016758238356027463,NA,NA,NA,NA,q=8
8,8,4,price_ipca,45,0.018411927545967592,NA,NA,NA,NA,q=8
8,8,4,price_ipca,46,0.020023604897932534,NA,NA,NA,NA,q=8
8,8,4,price_ipca,47,0.021588554271735512,NA,NA,NA,NA,q=8
8,8,4,price_ipca,48,0.02310107691014461,NA,NA,NA,NA,q=8
8,8,4,asset_ibov,0,-2.051304170696643,NA,NA,NA,NA,q=8
8,8,4,asset_ibov,1,-1.771090183310693,NA,NA,NA,NA,q=8
8,8,4,asset_ibov,2,1.1007479606202129,NA,NA,NA,NA,q=8
8,8,4,asset_ibov,3,0.046061437953821976,NA,NA,NA,NA,q=8
8,8,4,asset_ibov,4,1.273969499654014,NA,NA,NA,NA,q=8
8,8,4,asset_ibov,5,1.7263386934221172,NA,NA,NA,NA,q=8
8,8,4,asset_ibov,6,1.8754773899766521,NA,NA,NA,NA,q=8
8,8,4,asset_ibov,7,1.7082856701846685,NA,NA,NA,NA,q=8
8,8,4,asset_ibov,8,1.6437777938772002,NA,NA,NA,NA,q=8
8,8,4,asset_ibov,9,1.7817930188803153,NA,NA,NA,NA,q=8
8,8,4,asset_ibov,10,1.6536051743729467,NA,NA,NA,NA,q=8
8,8,4,asset_ibov,11,1.5912885785207795,NA,NA,NA,NA,q=8
8,8,4,asset_ibov,12,1.54506672339018,NA,NA,NA,NA,q=8
8,8,4,asset_ibov,13,1.347350248846187,NA,NA,NA,NA,q=8
8,8,4,asset_ibov,14,1.2010662019315648,NA,NA,NA,NA,q=8
8,8,4,asset_ibov,15,1.0717081573865794,NA,NA,NA,NA,q=8
8,8,4,asset_ibov,16,0.9158742879172217,NA,NA,NA,NA,q=8
8,8,4,asset_ibov,17,0.7885205048443091,NA,NA,NA,NA,q=8
8,8,4,asset_ibov,18,0.6772109654408238,NA,NA,NA,NA,q=8
8,8,4,asset_ibov,19,0.5726372528310701,NA,NA,NA,NA,q=8
8,8,4,asset_ibov,20,0.4706839196871437,NA,NA,NA,NA,q=8
8,8,4,asset_ibov,21,0.3750713148878508,NA,NA,NA,NA,q=8
8,8,4,asset_ibov,22,0.2878529816085541,NA,NA,NA,NA,q=8
8,8,4,asset_ibov,23,0.2030939738970484,NA,NA,NA,NA,q=8
8,8,4,asset_ibov,24,0.12640442832479937,NA,NA,NA,NA,q=8
8,8,4,asset_ibov,25,0.05968370577313316,NA,NA,NA,NA,q=8
8,8,4,asset_ibov,26,-9.161193483467003e-4,NA,NA,NA,NA,q=8
8,8,4,asset_ibov,27,-0.05456073010358638,NA,NA,NA,NA,q=8
8,8,4,asset_ibov,28,-0.10179817130522616,NA,NA,NA,NA,q=8
8,8,4,asset_ibov,29,-0.14459165021863046,NA,NA,NA,NA,q=8
8,8,4,asset_ibov,30,-0.18370407522058926,NA,NA,NA,NA,q=8
8,8,4,asset_ibov,31,-0.2196553676463488,NA,NA,NA,NA,q=8
8,8,4,asset_ibov,32,-0.25293711273486247,NA,NA,NA,NA,q=8
8,8,4,asset_ibov,33,-0.28414229223655385,NA,NA,NA,NA,q=8
8,8,4,asset_ibov,34,-0.31359882622192603,NA,NA,NA,NA,q=8
8,8,4,asset_ibov,35,-0.34152275450185016,NA,NA,NA,NA,q=8
8,8,4,asset_ibov,36,-0.36833897069206123,NA,NA,NA,NA,q=8
8,8,4,asset_ibov,37,-0.3943049390363996,NA,NA,NA,NA,q=8
8,8,4,asset_ibov,38,-0.419546787197581,NA,NA,NA,NA,q=8
8,8,4,asset_ibov,39,-0.44420459959360764,NA,NA,NA,NA,q=8
8,8,4,asset_ibov,40,-0.4683181051870771,NA,NA,NA,NA,q=8
8,8,4,asset_ibov,41,-0.4918449767356759,NA,NA,NA,NA,q=8
8,8,4,asset_ibov,42,-0.5147136761850376,NA,NA,NA,NA,q=8
8,8,4,asset_ibov,43,-0.5368293293991518,NA,NA,NA,NA,q=8
8,8,4,asset_ibov,44,-0.5580763631305072,NA,NA,NA,NA,q=8
8,8,4,asset_ibov,45,-0.5783256294079759,NA,NA,NA,NA,q=8
8,8,4,asset_ibov,46,-0.5974511342204656,NA,NA,NA,NA,q=8
8,8,4,asset_ibov,47,-0.6153273898711363,NA,NA,NA,NA,q=8
8,8,4,asset_ibov,48,-0.6318282189778008,NA,NA,NA,NA,q=8
8,8,4,fiscal_dbgg,0,0.13818367823094707,NA,NA,NA,NA,q=8
8,8,4,fiscal_dbgg,1,0.09481051388712032,NA,NA,NA,NA,q=8
8,8,4,fiscal_dbgg,2,-0.11404441164555901,NA,NA,NA,NA,q=8
8,8,4,fiscal_dbgg,3,-0.12147545547000156,NA,NA,NA,NA,q=8
8,8,4,fiscal_dbgg,4,-0.19960752071072838,NA,NA,NA,NA,q=8
8,8,4,fiscal_dbgg,5,-0.286898800363898,NA,NA,NA,NA,q=8
8,8,4,fiscal_dbgg,6,-0.33890969850698077,NA,NA,NA,NA,q=8
8,8,4,fiscal_dbgg,7,-0.3541887960061788,NA,NA,NA,NA,q=8
8,8,4,fiscal_dbgg,8,-0.37017496899345026,NA,NA,NA,NA,q=8
8,8,4,fiscal_dbgg,9,-0.3701470658318889,NA,NA,NA,NA,q=8
8,8,4,fiscal_dbgg,10,-0.3363246915244748,NA,NA,NA,NA,q=8
8,8,4,fiscal_dbgg,11,-0.29513005907069373,NA,NA,NA,NA,q=8
8,8,4,fiscal_dbgg,12,-0.249023530879081,NA,NA,NA,NA,q=8
8,8,4,fiscal_dbgg,13,-0.1919902480971862,NA,NA,NA,NA,q=8
8,8,4,fiscal_dbgg,14,-0.1352229023322781,NA,NA,NA,NA,q=8
8,8,4,fiscal_dbgg,15,-0.08098830274160991,NA,NA,NA,NA,q=8
8,8,4,fiscal_dbgg,16,-0.026297526331958795,NA,NA,NA,NA,q=8
8,8,4,fiscal_dbgg,17,0.027481829921255002,NA,NA,NA,NA,q=8
8,8,4,fiscal_dbgg,18,0.0792065713846892,NA,NA,NA,NA,q=8
8,8,4,fiscal_dbgg,19,0.12921703345060714,NA,NA,NA,NA,q=8
8,8,4,fiscal_dbgg,20,0.17769021819570116,NA,NA,NA,NA,q=8
8,8,4,fiscal_dbgg,21,0.2235611417048942,NA,NA,NA,NA,q=8
8,8,4,fiscal_dbgg,22,0.2663280147019751,NA,NA,NA,NA,q=8
8,8,4,fiscal_dbgg,23,0.30625029959818695,NA,NA,NA,NA,q=8
8,8,4,fiscal_dbgg,24,0.34310934323584996,NA,NA,NA,NA,q=8
8,8,4,fiscal_dbgg,25,0.37686351788306904,NA,NA,NA,NA,q=8
8,8,4,fiscal_dbgg,26,0.4078695439194423,NA,NA,NA,NA,q=8
8,8,4,fiscal_dbgg,27,0.43632277762523886,NA,NA,NA,NA,q=8
8,8,4,fiscal_dbgg,28,0.46235161219789916,NA,NA,NA,NA,q=8
8,8,4,fiscal_dbgg,29,0.48614666179447485,NA,NA,NA,NA,q=8
8,8,4,fiscal_dbgg,30,0.5078720202139989,NA,NA,NA,NA,q=8
8,8,4,fiscal_dbgg,31,0.5276335907563731,NA,NA,NA,NA,q=8
8,8,4,fiscal_dbgg,32,0.5455300662750231,NA,NA,NA,NA,q=8
8,8,4,fiscal_dbgg,33,0.5616748901033591,NA,NA,NA,NA,q=8
8,8,4,fiscal_dbgg,34,0.5761530649309762,NA,NA,NA,NA,q=8
8,8,4,fiscal_dbgg,35,0.5890233249845124,NA,NA,NA,NA,q=8
8,8,4,fiscal_dbgg,36,0.6003378571501738,NA,NA,NA,NA,q=8
8,8,4,fiscal_dbgg,37,0.6101257900543978,NA,NA,NA,NA,q=8
8,8,4,fiscal_dbgg,38,0.6183920883187175,NA,NA,NA,NA,q=8
8,8,4,fiscal_dbgg,39,0.6251302488847733,NA,NA,NA,NA,q=8
8,8,4,fiscal_dbgg,40,0.630324308828187,NA,NA,NA,NA,q=8
8,8,4,fiscal_dbgg,41,0.6339503531966372,NA,NA,NA,NA,q=8
8,8,4,fiscal_dbgg,42,0.6359817112717859,NA,NA,NA,NA,q=8
8,8,4,fiscal_dbgg,43,0.6363928395150039,NA,NA,NA,NA,q=8
8,8,4,fiscal_dbgg,44,0.6351603858576642,NA,NA,NA,NA,q=8
8,8,4,fiscal_dbgg,45,0.6322646330764523,NA,NA,NA,NA,q=8
8,8,4,fiscal_dbgg,46,0.627691964097926,NA,NA,NA,NA,q=8
8,8,4,fiscal_dbgg,47,0.6214359702990797,NA,NA,NA,NA,q=8
8,8,4,fiscal_dbgg,48,0.6134981577377209,NA,NA,NA,NA,q=8
8,8,4,fiscal_dlsp,0,-0.2900504426000829,NA,NA,NA,NA,q=8
8,8,4,fiscal_dlsp,1,-0.36774073809005864,NA,NA,NA,NA,q=8
8,8,4,fiscal_dlsp,2,-0.3417121006323689,NA,NA,NA,NA,q=8
8,8,4,fiscal_dlsp,3,-0.4578634623110151,NA,NA,NA,NA,q=8
8,8,4,fiscal_dlsp,4,-0.43082401119899294,NA,NA,NA,NA,q=8
8,8,4,fiscal_dlsp,5,-0.3764004664129913,NA,NA,NA,NA,q=8
8,8,4,fiscal_dlsp,6,-0.35286587842667894,NA,NA,NA,NA,q=8
8,8,4,fiscal_dlsp,7,-0.3333570105615213,NA,NA,NA,NA,q=8
8,8,4,fiscal_dlsp,8,-0.29732065812778424,NA,NA,NA,NA,q=8
8,8,4,fiscal_dlsp,9,-0.2506571136768295,NA,NA,NA,NA,q=8
8,8,4,fiscal_dlsp,10,-0.20461087993511676,NA,NA,NA,NA,q=8
8,8,4,fiscal_dlsp,11,-0.14418355750649323,NA,NA,NA,NA,q=8
8,8,4,fiscal_dlsp,12,-0.0773355372461787,NA,NA,NA,NA,q=8
8,8,4,fiscal_dlsp,13,-0.02016040000403842,NA,NA,NA,NA,q=8
8,8,4,fiscal_dlsp,14,0.03471256203464558,NA,NA,NA,NA,q=8
8,8,4,fiscal_dlsp,15,0.0875886632778766,NA,NA,NA,NA,q=8
8,8,4,fiscal_dlsp,16,0.1339946533064111,NA,NA,NA,NA,q=8
8,8,4,fiscal_dlsp,17,0.17678977261231224,NA,NA,NA,NA,q=8
8,8,4,fiscal_dlsp,18,0.2177423849702323,NA,NA,NA,NA,q=8
8,8,4,fiscal_dlsp,19,0.25614874310377744,NA,NA,NA,NA,q=8
8,8,4,fiscal_dlsp,20,0.2914370283580475,NA,NA,NA,NA,q=8
8,8,4,fiscal_dlsp,21,0.32386559388818387,NA,NA,NA,NA,q=8
8,8,4,fiscal_dlsp,22,0.35335380168603897,NA,NA,NA,NA,q=8
8,8,4,fiscal_dlsp,23,0.3793508943739136,NA,NA,NA,NA,q=8
8,8,4,fiscal_dlsp,24,0.4021621993158727,NA,NA,NA,NA,q=8
8,8,4,fiscal_dlsp,25,0.4222747344554363,NA,NA,NA,NA,q=8
8,8,4,fiscal_dlsp,26,0.4398060173309193,NA,NA,NA,NA,q=8
8,8,4,fiscal_dlsp,27,0.4550566016305899,NA,NA,NA,NA,q=8
8,8,4,fiscal_dlsp,28,0.4683567594466891,NA,NA,NA,NA,q=8
8,8,4,fiscal_dlsp,29,0.47985024335659016,NA,NA,NA,NA,q=8
8,8,4,fiscal_dlsp,30,0.4896437667147875,NA,NA,NA,NA,q=8
8,8,4,fiscal_dlsp,31,0.4978643785685696,NA,NA,NA,NA,q=8
8,8,4,fiscal_dlsp,32,0.5046189170898565,NA,NA,NA,NA,q=8
8,8,4,fiscal_dlsp,33,0.5099810103240188,NA,NA,NA,NA,q=8
8,8,4,fiscal_dlsp,34,0.5140288831487766,NA,NA,NA,NA,q=8
8,8,4,fiscal_dlsp,35,0.516838997881219,NA,NA,NA,NA,q=8
8,8,4,fiscal_dlsp,36,0.5184547787909968,NA,NA,NA,NA,q=8
8,8,4,fiscal_dlsp,37,0.5189022821214302,NA,NA,NA,NA,q=8
8,8,4,fiscal_dlsp,38,0.5181993534642713,NA,NA,NA,NA,q=8
8,8,4,fiscal_dlsp,39,0.5163483916449485,NA,NA,NA,NA,q=8
8,8,4,fiscal_dlsp,40,0.5133438345719216,NA,NA,NA,NA,q=8
8,8,4,fiscal_dlsp,41,0.5091801639986184,NA,NA,NA,NA,q=8
8,8,4,fiscal_dlsp,42,0.5038525481973719,NA,NA,NA,NA,q=8
8,8,4,fiscal_dlsp,43,0.4973575411900992,NA,NA,NA,NA,q=8
8,8,4,fiscal_dlsp,44,0.48969540046889387,NA,NA,NA,NA,q=8
8,8,4,fiscal_dlsp,45,0.480871240280424,NA,NA,NA,NA,q=8
8,8,4,fiscal_dlsp,46,0.4708946802822102,NA,NA,NA,NA,q=8
8,8,4,fiscal_dlsp,47,0.45978062031987743,NA,NA,NA,NA,q=8
8,8,4,fiscal_dlsp,48,0.447550311349031,NA,NA,NA,NA,q=8
8,8,4,fiscal_primary_balance,0,-154.42848760475218,NA,NA,NA,NA,q=8
8,8,4,fiscal_primary_balance,1,-1824.332349245318,NA,NA,NA,NA,q=8
8,8,4,fiscal_primary_balance,2,-2621.1940331915994,NA,NA,NA,NA,q=8
8,8,4,fiscal_primary_balance,3,-1650.8121940368353,NA,NA,NA,NA,q=8
8,8,4,fiscal_primary_balance,4,-1647.9668735864636,NA,NA,NA,NA,q=8
8,8,4,fiscal_primary_balance,5,-1340.206782887433,NA,NA,NA,NA,q=8
8,8,4,fiscal_primary_balance,6,-461.6930481593749,NA,NA,NA,NA,q=8
8,8,4,fiscal_primary_balance,7,-256.0589290052501,NA,NA,NA,NA,q=8
8,8,4,fiscal_primary_balance,8,794.4694828034833,NA,NA,NA,NA,q=8
8,8,4,fiscal_primary_balance,9,1755.0492901123237,NA,NA,NA,NA,q=8
8,8,4,fiscal_primary_balance,10,2561.406094909773,NA,NA,NA,NA,q=8
8,8,4,fiscal_primary_balance,11,3442.8868023022956,NA,NA,NA,NA,q=8
8,8,4,fiscal_primary_balance,12,3950.6742494953373,NA,NA,NA,NA,q=8
8,8,4,fiscal_primary_balance,13,4263.47023841897,NA,NA,NA,NA,q=8
8,8,4,fiscal_primary_balance,14,4501.126156069102,NA,NA,NA,NA,q=8
8,8,4,fiscal_primary_balance,15,4615.165540876543,NA,NA,NA,NA,q=8
8,8,4,fiscal_primary_balance,16,4689.301922509932,NA,NA,NA,NA,q=8
8,8,4,fiscal_primary_balance,17,4723.614773309601,NA,NA,NA,NA,q=8
8,8,4,fiscal_primary_balance,18,4728.4777070335385,NA,NA,NA,NA,q=8
8,8,4,fiscal_primary_balance,19,4691.420619354285,NA,NA,NA,NA,q=8
8,8,4,fiscal_primary_balance,20,4595.177739602893,NA,NA,NA,NA,q=8
8,8,4,fiscal_primary_balance,21,4459.211415548431,NA,NA,NA,NA,q=8
8,8,4,fiscal_primary_balance,22,4280.276839490058,NA,NA,NA,NA,q=8
8,8,4,fiscal_primary_balance,23,4064.9958788454232,NA,NA,NA,NA,q=8
8,8,4,fiscal_primary_balance,24,3831.6339804631243,NA,NA,NA,NA,q=8
8,8,4,fiscal_primary_balance,25,3584.554339932995,NA,NA,NA,NA,q=8
8,8,4,fiscal_primary_balance,26,3328.9792778034493,NA,NA,NA,NA,q=8
8,8,4,fiscal_primary_balance,27,3069.7279397211846,NA,NA,NA,NA,q=8
8,8,4,fiscal_primary_balance,28,2808.2462463611055,NA,NA,NA,NA,q=8
8,8,4,fiscal_primary_balance,29,2545.8953641682738,NA,NA,NA,NA,q=8
8,8,4,fiscal_primary_balance,30,2283.647875828745,NA,NA,NA,NA,q=8
8,8,4,fiscal_primary_balance,31,2023.2647021728237,NA,NA,NA,NA,q=8
8,8,4,fiscal_primary_balance,32,1766.111569306529,NA,NA,NA,NA,q=8
8,8,4,fiscal_primary_balance,33,1512.958377994781,NA,NA,NA,NA,q=8
8,8,4,fiscal_primary_balance,34,1264.7747625766838,NA,NA,NA,NA,q=8
8,8,4,fiscal_primary_balance,35,1021.8532154658357,NA,NA,NA,NA,q=8
8,8,4,fiscal_primary_balance,36,784.0206943672857,NA,NA,NA,NA,q=8
8,8,4,fiscal_primary_balance,37,551.0964107129045,NA,NA,NA,NA,q=8
8,8,4,fiscal_primary_balance,38,322.75806206314707,NA,NA,NA,NA,q=8
8,8,4,fiscal_primary_balance,39,98.68414932291195,NA,NA,NA,NA,q=8
8,8,4,fiscal_primary_balance,40,-121.35531856029695,NA,NA,NA,NA,q=8
8,8,4,fiscal_primary_balance,41,-337.4996429975841,NA,NA,NA,NA,q=8
8,8,4,fiscal_primary_balance,42,-549.809382199979,NA,NA,NA,NA,q=8
8,8,4,fiscal_primary_balance,43,-758.294157543728,NA,NA,NA,NA,q=8
8,8,4,fiscal_primary_balance,44,-962.8876026925035,NA,NA,NA,NA,q=8
8,8,4,fiscal_primary_balance,45,-1163.4576253887344,NA,NA,NA,NA,q=8
8,8,4,fiscal_primary_balance,46,-1359.8157410882693,NA,NA,NA,NA,q=8
8,8,4,fiscal_primary_balance,47,-1551.6986819754238,NA,NA,NA,NA,q=8
8,8,4,fiscal_primary_balance,48,-1738.7762022803558,NA,NA,NA,NA,q=8
8,8,4,dlsp_exchange_adjustment,0,-22002.4334802113,NA,NA,NA,NA,q=8
8,8,4,dlsp_exchange_adjustment,1,-16292.710746648205,NA,NA,NA,NA,q=8
8,8,4,dlsp_exchange_adjustment,2,3171.9043982584108,NA,NA,NA,NA,q=8
8,8,4,dlsp_exchange_adjustment,3,-5825.127826091477,NA,NA,NA,NA,q=8
8,8,4,dlsp_exchange_adjustment,4,2405.248400960993,NA,NA,NA,NA,q=8
8,8,4,dlsp_exchange_adjustment,5,6670.646638870164,NA,NA,NA,NA,q=8
8,8,4,dlsp_exchange_adjustment,6,7138.454305212239,NA,NA,NA,NA,q=8
8,8,4,dlsp_exchange_adjustment,7,5925.614319887161,NA,NA,NA,NA,q=8
8,8,4,dlsp_exchange_adjustment,8,5372.545774716714,NA,NA,NA,NA,q=8
8,8,4,dlsp_exchange_adjustment,9,5995.421282461366,NA,NA,NA,NA,q=8
8,8,4,dlsp_exchange_adjustment,10,4922.148260499677,NA,NA,NA,NA,q=8
8,8,4,dlsp_exchange_adjustment,11,4681.182153181496,NA,NA,NA,NA,q=8
8,8,4,dlsp_exchange_adjustment,12,4900.915262299404,NA,NA,NA,NA,q=8
8,8,4,dlsp_exchange_adjustment,13,4047.248249400197,NA,NA,NA,NA,q=8
8,8,4,dlsp_exchange_adjustment,14,3552.46459741696,NA,NA,NA,NA,q=8
8,8,4,dlsp_exchange_adjustment,15,3221.041775051497,NA,NA,NA,NA,q=8
8,8,4,dlsp_exchange_adjustment,16,2588.189355229274,NA,NA,NA,NA,q=8
8,8,4,dlsp_exchange_adjustment,17,2073.5817128088743,NA,NA,NA,NA,q=8
8,8,4,dlsp_exchange_adjustment,18,1662.9449184098482,NA,NA,NA,NA,q=8
8,8,4,dlsp_exchange_adjustment,19,1277.8494475011285,NA,NA,NA,NA,q=8
8,8,4,dlsp_exchange_adjustment,20,894.3814430151641,NA,NA,NA,NA,q=8
8,8,4,dlsp_exchange_adjustment,21,547.5138889430656,NA,NA,NA,NA,q=8
8,8,4,dlsp_exchange_adjustment,22,247.9890409601938,NA,NA,NA,NA,q=8
8,8,4,dlsp_exchange_adjustment,23,-61.61301980012775,NA,NA,NA,NA,q=8
8,8,4,dlsp_exchange_adjustment,24,-347.5671262704748,NA,NA,NA,NA,q=8
8,8,4,dlsp_exchange_adjustment,25,-590.1626691966379,NA,NA,NA,NA,q=8
8,8,4,dlsp_exchange_adjustment,26,-816.4741730181382,NA,NA,NA,NA,q=8
8,8,4,dlsp_exchange_adjustment,27,-1017.7275754301636,NA,NA,NA,NA,q=8
8,8,4,dlsp_exchange_adjustment,28,-1189.9925658271295,NA,NA,NA,NA,q=8
8,8,4,dlsp_exchange_adjustment,29,-1343.736165736474,NA,NA,NA,NA,q=8
8,8,4,dlsp_exchange_adjustment,30,-1482.672102097265,NA,NA,NA,NA,q=8
8,8,4,dlsp_exchange_adjustment,31,-1608.2574514249684,NA,NA,NA,NA,q=8
8,8,4,dlsp_exchange_adjustment,32,-1722.487459246331,NA,NA,NA,NA,q=8
8,8,4,dlsp_exchange_adjustment,33,-1828.6397601308759,NA,NA,NA,NA,q=8
8,8,4,dlsp_exchange_adjustment,34,-1927.9096405444902,NA,NA,NA,NA,q=8
8,8,4,dlsp_exchange_adjustment,35,-2020.3109590306142,NA,NA,NA,NA,q=8
8,8,4,dlsp_exchange_adjustment,36,-2107.6516445922703,NA,NA,NA,NA,q=8
8,8,4,dlsp_exchange_adjustment,37,-2190.9333051793014,NA,NA,NA,NA,q=8
8,8,4,dlsp_exchange_adjustment,38,-2270.334245542178,NA,NA,NA,NA,q=8
8,8,4,dlsp_exchange_adjustment,39,-2346.502478042252,NA,NA,NA,NA,q=8
8,8,4,dlsp_exchange_adjustment,40,-2419.7307609485933,NA,NA,NA,NA,q=8
8,8,4,dlsp_exchange_adjustment,41,-2489.854903418994,NA,NA,NA,NA,q=8
8,8,4,dlsp_exchange_adjustment,42,-2556.6080612535893,NA,NA,NA,NA,q=8
8,8,4,dlsp_exchange_adjustment,43,-2619.6490545927527,NA,NA,NA,NA,q=8
8,8,4,dlsp_exchange_adjustment,44,-2678.523292915741,NA,NA,NA,NA,q=8
8,8,4,dlsp_exchange_adjustment,45,-2732.6900283115683,NA,NA,NA,NA,q=8
8,8,4,dlsp_exchange_adjustment,46,-2781.6509204986337,NA,NA,NA,NA,q=8
8,8,4,dlsp_exchange_adjustment,47,-2824.9283047157865,NA,NA,NA,NA,q=8
8,8,4,dlsp_exchange_adjustment,48,-2862.031515420162,NA,NA,NA,NA,q=8
8,8,4,expect_focus_selic_ny,0,0.6175664197442268,NA,NA,NA,NA,q=8
8,8,4,expect_focus_selic_ny,1,0.6130430665137313,NA,NA,NA,NA,q=8
8,8,4,expect_focus_selic_ny,2,0.6048489149325196,NA,NA,NA,NA,q=8
8,8,4,expect_focus_selic_ny,3,0.6683907974729796,NA,NA,NA,NA,q=8
8,8,4,expect_focus_selic_ny,4,0.5742688654319473,NA,NA,NA,NA,q=8
8,8,4,expect_focus_selic_ny,5,0.5395976659840466,NA,NA,NA,NA,q=8
8,8,4,expect_focus_selic_ny,6,0.5575711100144887,NA,NA,NA,NA,q=8
8,8,4,expect_focus_selic_ny,7,0.5127744464319773,NA,NA,NA,NA,q=8
8,8,4,expect_focus_selic_ny,8,0.48945997300516,NA,NA,NA,NA,q=8
8,8,4,expect_focus_selic_ny,9,0.46201422916391577,NA,NA,NA,NA,q=8
8,8,4,expect_focus_selic_ny,10,0.4174392202227057,NA,NA,NA,NA,q=8
8,8,4,expect_focus_selic_ny,11,0.36882142393651407,NA,NA,NA,NA,q=8
8,8,4,expect_focus_selic_ny,12,0.3156990373299097,NA,NA,NA,NA,q=8
8,8,4,expect_focus_selic_ny,13,0.2664045886611696,NA,NA,NA,NA,q=8
8,8,4,expect_focus_selic_ny,14,0.2171615513200337,NA,NA,NA,NA,q=8
8,8,4,expect_focus_selic_ny,15,0.1711513969347293,NA,NA,NA,NA,q=8
8,8,4,expect_focus_selic_ny,16,0.1313167700351809,NA,NA,NA,NA,q=8
8,8,4,expect_focus_selic_ny,17,0.0921102388305711,NA,NA,NA,NA,q=8
8,8,4,expect_focus_selic_ny,18,0.054905560683652314,NA,NA,NA,NA,q=8
8,8,4,expect_focus_selic_ny,19,0.020569240265661013,NA,NA,NA,NA,q=8
8,8,4,expect_focus_selic_ny,20,-0.01251210195343492,NA,NA,NA,NA,q=8
8,8,4,expect_focus_selic_ny,21,-0.04360282093961068,NA,NA,NA,NA,q=8
8,8,4,expect_focus_selic_ny,22,-0.07235212504011168,NA,NA,NA,NA,q=8
8,8,4,expect_focus_selic_ny,23,-0.09889529891725345,NA,NA,NA,NA,q=8
8,8,4,expect_focus_selic_ny,24,-0.12339350809750228,NA,NA,NA,NA,q=8
8,8,4,expect_focus_selic_ny,25,-0.1460749951229279,NA,NA,NA,NA,q=8
8,8,4,expect_focus_selic_ny,26,-0.167063722893786,NA,NA,NA,NA,q=8
8,8,4,expect_focus_selic_ny,27,-0.1867032018125602,NA,NA,NA,NA,q=8
8,8,4,expect_focus_selic_ny,28,-0.20519270773049972,NA,NA,NA,NA,q=8
8,8,4,expect_focus_selic_ny,29,-0.22256628899627712,NA,NA,NA,NA,q=8
8,8,4,expect_focus_selic_ny,30,-0.2389504784278219,NA,NA,NA,NA,q=8
8,8,4,expect_focus_selic_ny,31,-0.2544033128371111,NA,NA,NA,NA,q=8
8,8,4,expect_focus_selic_ny,32,-0.2689326840486858,NA,NA,NA,NA,q=8
8,8,4,expect_focus_selic_ny,33,-0.2825734267812744,NA,NA,NA,NA,q=8
8,8,4,expect_focus_selic_ny,34,-0.2953473355707679,NA,NA,NA,NA,q=8
8,8,4,expect_focus_selic_ny,35,-0.30726013937346724,NA,NA,NA,NA,q=8
8,8,4,expect_focus_selic_ny,36,-0.31830358281557725,NA,NA,NA,NA,q=8
8,8,4,expect_focus_selic_ny,37,-0.3284608647656216,NA,NA,NA,NA,q=8
8,8,4,expect_focus_selic_ny,38,-0.3377059289834363,NA,NA,NA,NA,q=8
8,8,4,expect_focus_selic_ny,39,-0.34600088066920803,NA,NA,NA,NA,q=8
8,8,4,expect_focus_selic_ny,40,-0.3533085539859939,NA,NA,NA,NA,q=8
8,8,4,expect_focus_selic_ny,41,-0.35959419621851124,NA,NA,NA,NA,q=8
8,8,4,expect_focus_selic_ny,42,-0.36482432304250717,NA,NA,NA,NA,q=8
8,8,4,expect_focus_selic_ny,43,-0.3689715907966754,NA,NA,NA,NA,q=8
8,8,4,expect_focus_selic_ny,44,-0.3720151199775739,NA,NA,NA,NA,q=8
8,8,4,expect_focus_selic_ny,45,-0.37393986505806354,NA,NA,NA,NA,q=8
8,8,4,expect_focus_selic_ny,46,-0.3747373772744487,NA,NA,NA,NA,q=8
8,8,4,expect_focus_selic_ny,47,-0.3744061256104556,NA,NA,NA,NA,q=8
8,8,4,expect_focus_selic_ny,48,-0.37295155254168305,NA,NA,NA,NA,q=8
8,8,4,expect_focus_pib_ny,0,-0.2642826502812074,NA,NA,NA,NA,q=8
8,8,4,expect_focus_pib_ny,1,-0.2460258247693175,NA,NA,NA,NA,q=8
8,8,4,expect_focus_pib_ny,2,-0.24594920805877027,NA,NA,NA,NA,q=8
8,8,4,expect_focus_pib_ny,3,-0.2748196151150929,NA,NA,NA,NA,q=8
8,8,4,expect_focus_pib_ny,4,-0.22508000162279856,NA,NA,NA,NA,q=8
8,8,4,expect_focus_pib_ny,5,-0.2135683841211792,NA,NA,NA,NA,q=8
8,8,4,expect_focus_pib_ny,6,-0.23034410495847366,NA,NA,NA,NA,q=8
8,8,4,expect_focus_pib_ny,7,-0.21074498564503774,NA,NA,NA,NA,q=8
8,8,4,expect_focus_pib_ny,8,-0.20599399210323893,NA,NA,NA,NA,q=8
8,8,4,expect_focus_pib_ny,9,-0.19984449996376832,NA,NA,NA,NA,q=8
8,8,4,expect_focus_pib_ny,10,-0.18234185832896024,NA,NA,NA,NA,q=8
8,8,4,expect_focus_pib_ny,11,-0.1632062302345585,NA,NA,NA,NA,q=8
8,8,4,expect_focus_pib_ny,12,-0.1413255466230454,NA,NA,NA,NA,q=8
8,8,4,expect_focus_pib_ny,13,-0.11994667089669415,NA,NA,NA,NA,q=8
8,8,4,expect_focus_pib_ny,14,-0.09812635285502258,NA,NA,NA,NA,q=8
8,8,4,expect_focus_pib_ny,15,-0.07771195240275608,NA,NA,NA,NA,q=8
8,8,4,expect_focus_pib_ny,16,-0.05996884302213952,NA,NA,NA,NA,q=8
8,8,4,expect_focus_pib_ny,17,-0.04205516883089438,NA,NA,NA,NA,q=8
8,8,4,expect_focus_pib_ny,18,-0.024885265895799213,NA,NA,NA,NA,q=8
8,8,4,expect_focus_pib_ny,19,-0.008845102169055222,NA,NA,NA,NA,q=8
8,8,4,expect_focus_pib_ny,20,0.007020670374509136,NA,NA,NA,NA,q=8
8,8,4,expect_focus_pib_ny,21,0.02219275458715116,NA,NA,NA,NA,q=8
8,8,4,expect_focus_pib_ny,22,0.03642794188696115,NA,NA,NA,NA,q=8
8,8,4,expect_focus_pib_ny,23,0.04980469053462424,NA,NA,NA,NA,q=8
8,8,4,expect_focus_pib_ny,24,0.06231742000628644,NA,NA,NA,NA,q=8
8,8,4,expect_focus_pib_ny,25,0.0740155973957118,NA,NA,NA,NA,q=8
8,8,4,expect_focus_pib_ny,26,0.08493964474877416,NA,NA,NA,NA,q=8
8,8,4,expect_focus_pib_ny,27,0.09523440871885183,NA,NA,NA,NA,q=8
8,8,4,expect_focus_pib_ny,28,0.10496870544827804,NA,NA,NA,NA,q=8
8,8,4,expect_focus_pib_ny,29,0.1141396589633734,NA,NA,NA,NA,q=8
8,8,4,expect_focus_pib_ny,30,0.12279978615673305,NA,NA,NA,NA,q=8
8,8,4,expect_focus_pib_ny,31,0.1309621658164256,NA,NA,NA,NA,q=8
8,8,4,expect_focus_pib_ny,32,0.1386174600685365,NA,NA,NA,NA,q=8
8,8,4,expect_focus_pib_ny,33,0.14577846076749768,NA,NA,NA,NA,q=8
8,8,4,expect_focus_pib_ny,34,0.1524521992281611,NA,NA,NA,NA,q=8
8,8,4,expect_focus_pib_ny,35,0.15863962258271716,NA,NA,NA,NA,q=8
8,8,4,expect_focus_pib_ny,36,0.1643389843723024,NA,NA,NA,NA,q=8
8,8,4,expect_focus_pib_ny,37,0.16954570197495755,NA,NA,NA,NA,q=8
8,8,4,expect_focus_pib_ny,38,0.174250976754892,NA,NA,NA,NA,q=8
8,8,4,expect_focus_pib_ny,39,0.17844084672417845,NA,NA,NA,NA,q=8
8,8,4,expect_focus_pib_ny,40,0.18210214518134596,NA,NA,NA,NA,q=8
8,8,4,expect_focus_pib_ny,41,0.1852226631995414,NA,NA,NA,NA,q=8
8,8,4,expect_focus_pib_ny,42,0.1877904929009738,NA,NA,NA,NA,q=8
8,8,4,expect_focus_pib_ny,43,0.18979664857263692,NA,NA,NA,NA,q=8
8,8,4,expect_focus_pib_ny,44,0.19123491769139314,NA,NA,NA,NA,q=8
8,8,4,expect_focus_pib_ny,45,0.19210137370605096,NA,NA,NA,NA,q=8
8,8,4,expect_focus_pib_ny,46,0.1923948434874496,NA,NA,NA,NA,q=8
8,8,4,expect_focus_pib_ny,47,0.19211699465841178,NA,NA,NA,NA,q=8
8,8,4,expect_focus_pib_ny,48,0.1912723172333044,NA,NA,NA,NA,q=8
8,8,4,expect_focus_cambio_ny,0,0.06055109372608311,NA,NA,NA,NA,q=8
8,8,4,expect_focus_cambio_ny,1,0.08880537863820406,NA,NA,NA,NA,q=8
8,8,4,expect_focus_cambio_ny,2,0.08948099573372087,NA,NA,NA,NA,q=8
8,8,4,expect_focus_cambio_ny,3,0.09280432951504075,NA,NA,NA,NA,q=8
8,8,4,expect_focus_cambio_ny,4,0.08853029046868013,NA,NA,NA,NA,q=8
8,8,4,expect_focus_cambio_ny,5,0.06885800446847079,NA,NA,NA,NA,q=8
8,8,4,expect_focus_cambio_ny,6,0.05362702363222306,NA,NA,NA,NA,q=8
8,8,4,expect_focus_cambio_ny,7,0.040200293386134005,NA,NA,NA,NA,q=8
8,8,4,expect_focus_cambio_ny,8,0.025779075088182366,NA,NA,NA,NA,q=8
8,8,4,expect_focus_cambio_ny,9,0.014733144289724371,NA,NA,NA,NA,q=8
8,8,4,expect_focus_cambio_ny,10,0.006150317508190575,NA,NA,NA,NA,q=8
8,8,4,expect_focus_cambio_ny,11,-0.0016300832918106317,NA,NA,NA,NA,q=8
8,8,4,expect_focus_cambio_ny,12,-0.00873359005780468,NA,NA,NA,NA,q=8
8,8,4,expect_focus_cambio_ny,13,-0.014091935407956396,NA,NA,NA,NA,q=8
8,8,4,expect_focus_cambio_ny,14,-0.01808535311439633,NA,NA,NA,NA,q=8
8,8,4,expect_focus_cambio_ny,15,-0.021657119402279507,NA,NA,NA,NA,q=8
8,8,4,expect_focus_cambio_ny,16,-0.024334889853003836,NA,NA,NA,NA,q=8
8,8,4,expect_focus_cambio_ny,17,-0.026111004066007363,NA,NA,NA,NA,q=8
8,8,4,expect_focus_cambio_ny,18,-0.027523647265311195,NA,NA,NA,NA,q=8
8,8,4,expect_focus_cambio_ny,19,-0.02853006931094328,NA,NA,NA,NA,q=8
8,8,4,expect_focus_cambio_ny,20,-0.029085714170695404,NA,NA,NA,NA,q=8
8,8,4,expect_focus_cambio_ny,21,-0.02933846895512016,NA,NA,NA,NA,q=8
8,8,4,expect_focus_cambio_ny,22,-0.02935026127645428,NA,NA,NA,NA,q=8
8,8,4,expect_focus_cambio_ny,23,-0.029109880547400102,NA,NA,NA,NA,q=8
8,8,4,expect_focus_cambio_ny,24,-0.02864848476021142,NA,NA,NA,NA,q=8
8,8,4,expect_focus_cambio_ny,25,-0.028037961602013974,NA,NA,NA,NA,q=8
8,8,4,expect_focus_cambio_ny,26,-0.02730335347503931,NA,NA,NA,NA,q=8
8,8,4,expect_focus_cambio_ny,27,-0.026457741275988617,NA,NA,NA,NA,q=8
8,8,4,expect_focus_cambio_ny,28,-0.025540527868333173,NA,NA,NA,NA,q=8
8,8,4,expect_focus_cambio_ny,29,-0.024571393482499954,NA,NA,NA,NA,q=8
8,8,4,expect_focus_cambio_ny,30,-0.023554715078666466,NA,NA,NA,NA,q=8
8,8,4,expect_focus_cambio_ny,31,-0.022502037989301168,NA,NA,NA,NA,q=8
8,8,4,expect_focus_cambio_ny,32,-0.021421991486000654,NA,NA,NA,NA,q=8
8,8,4,expect_focus_cambio_ny,33,-0.020317106607399507,NA,NA,NA,NA,q=8
8,8,4,expect_focus_cambio_ny,34,-0.01919016884970247,NA,NA,NA,NA,q=8
8,8,4,expect_focus_cambio_ny,35,-0.01804518958382963,NA,NA,NA,NA,q=8
8,8,4,expect_focus_cambio_ny,36,-0.016884506367352153,NA,NA,NA,NA,q=8
8,8,4,expect_focus_cambio_ny,37,-0.01570913828170531,NA,NA,NA,NA,q=8
8,8,4,expect_focus_cambio_ny,38,-0.014520971322339963,NA,NA,NA,NA,q=8
8,8,4,expect_focus_cambio_ny,39,-0.013321884300398705,NA,NA,NA,NA,q=8
8,8,4,expect_focus_cambio_ny,40,-0.012113288641268313,NA,NA,NA,NA,q=8
8,8,4,expect_focus_cambio_ny,41,-0.01089723996532292,NA,NA,NA,NA,q=8
8,8,4,expect_focus_cambio_ny,42,-0.009676392089965383,NA,NA,NA,NA,q=8
8,8,4,expect_focus_cambio_ny,43,-0.008453623280265212,NA,NA,NA,NA,q=8
8,8,4,expect_focus_cambio_ny,44,-0.0072322087028152335,NA,NA,NA,NA,q=8
8,8,4,expect_focus_cambio_ny,45,-0.006015843413688349,NA,NA,NA,NA,q=8
8,8,4,expect_focus_cambio_ny,46,-0.0048084372788179345,NA,NA,NA,NA,q=8
8,8,4,expect_focus_cambio_ny,47,-0.003614005111444088,NA,NA,NA,NA,q=8
8,8,4,expect_focus_cambio_ny,48,-0.0024366597001622475,NA,NA,NA,NA,q=8
8,8,4,expect_focus_fiscal_dlsp_ny,0,-0.17463875414914196,NA,NA,NA,NA,q=8
8,8,4,expect_focus_fiscal_dlsp_ny,1,-0.16327319213028332,NA,NA,NA,NA,q=8
8,8,4,expect_focus_fiscal_dlsp_ny,2,-0.1307476993832705,NA,NA,NA,NA,q=8
8,8,4,expect_focus_fiscal_dlsp_ny,3,-0.20230852611916395,NA,NA,NA,NA,q=8
8,8,4,expect_focus_fiscal_dlsp_ny,4,-0.15354654407071322,NA,NA,NA,NA,q=8
8,8,4,expect_focus_fiscal_dlsp_ny,5,-0.21054285053411717,NA,NA,NA,NA,q=8
8,8,4,expect_focus_fiscal_dlsp_ny,6,-0.2592067805458776,NA,NA,NA,NA,q=8
8,8,4,expect_focus_fiscal_dlsp_ny,7,-0.2800645299191833,NA,NA,NA,NA,q=8
8,8,4,expect_focus_fiscal_dlsp_ny,8,-0.2997273658720842,NA,NA,NA,NA,q=8
8,8,4,expect_focus_fiscal_dlsp_ny,9,-0.2879431632027969,NA,NA,NA,NA,q=8
8,8,4,expect_focus_fiscal_dlsp_ny,10,-0.26220510906736466,NA,NA,NA,NA,q=8
8,8,4,expect_focus_fiscal_dlsp_ny,11,-0.22673745433479198,NA,NA,NA,NA,q=8
8,8,4,expect_focus_fiscal_dlsp_ny,12,-0.18807277079458667,NA,NA,NA,NA,q=8
8,8,4,expect_focus_fiscal_dlsp_ny,13,-0.15082604645698885,NA,NA,NA,NA,q=8
8,8,4,expect_focus_fiscal_dlsp_ny,14,-0.1084437107915575,NA,NA,NA,NA,q=8
8,8,4,expect_focus_fiscal_dlsp_ny,15,-0.06795919976063142,NA,NA,NA,NA,q=8
8,8,4,expect_focus_fiscal_dlsp_ny,16,-0.029178337886979815,NA,NA,NA,NA,q=8
8,8,4,expect_focus_fiscal_dlsp_ny,17,0.012147058917360414,NA,NA,NA,NA,q=8
8,8,4,expect_focus_fiscal_dlsp_ny,18,0.052587551907573915,NA,NA,NA,NA,q=8
8,8,4,expect_focus_fiscal_dlsp_ny,19,0.09149792933164783,NA,NA,NA,NA,q=8
8,8,4,expect_focus_fiscal_dlsp_ny,20,0.1293271566318538,NA,NA,NA,NA,q=8
8,8,4,expect_focus_fiscal_dlsp_ny,21,0.16517300985036346,NA,NA,NA,NA,q=8
8,8,4,expect_focus_fiscal_dlsp_ny,22,0.1986414451704359,NA,NA,NA,NA,q=8
8,8,4,expect_focus_fiscal_dlsp_ny,23,0.22976388127063951,NA,NA,NA,NA,q=8
8,8,4,expect_focus_fiscal_dlsp_ny,24,0.2589039007206828,NA,NA,NA,NA,q=8
8,8,4,expect_focus_fiscal_dlsp_ny,25,0.28611159753575865,NA,NA,NA,NA,q=8
8,8,4,expect_focus_fiscal_dlsp_ny,26,0.3114213722185862,NA,NA,NA,NA,q=8
8,8,4,expect_focus_fiscal_dlsp_ny,27,0.335139525771564,NA,NA,NA,NA,q=8
8,8,4,expect_focus_fiscal_dlsp_ny,28,0.3573004181041108,NA,NA,NA,NA,q=8
8,8,4,expect_focus_fiscal_dlsp_ny,29,0.37788943073158077,NA,NA,NA,NA,q=8
8,8,4,expect_focus_fiscal_dlsp_ny,30,0.3970183373266599,NA,NA,NA,NA,q=8
8,8,4,expect_focus_fiscal_dlsp_ny,31,0.4147365848196006,NA,NA,NA,NA,q=8
8,8,4,expect_focus_fiscal_dlsp_ny,32,0.4310747454235363,NA,NA,NA,NA,q=8
8,8,4,expect_focus_fiscal_dlsp_ny,33,0.4460838720472887,NA,NA,NA,NA,q=8
8,8,4,expect_focus_fiscal_dlsp_ny,34,0.45980434044683594,NA,NA,NA,NA,q=8
8,8,4,expect_focus_fiscal_dlsp_ny,35,0.4722499158867748,NA,NA,NA,NA,q=8
8,8,4,expect_focus_fiscal_dlsp_ny,36,0.4834127790539359,NA,NA,NA,NA,q=8
8,8,4,expect_focus_fiscal_dlsp_ny,37,0.4932808679561817,NA,NA,NA,NA,q=8
8,8,4,expect_focus_fiscal_dlsp_ny,38,0.5018288331611076,NA,NA,NA,NA,q=8
8,8,4,expect_focus_fiscal_dlsp_ny,39,0.5090202525403913,NA,NA,NA,NA,q=8
8,8,4,expect_focus_fiscal_dlsp_ny,40,0.5148220479884892,NA,NA,NA,NA,q=8
8,8,4,expect_focus_fiscal_dlsp_ny,41,0.5192018410766872,NA,NA,NA,NA,q=8
8,8,4,expect_focus_fiscal_dlsp_ny,42,0.5221276894622973,NA,NA,NA,NA,q=8
8,8,4,expect_focus_fiscal_dlsp_ny,43,0.523572745840901,NA,NA,NA,NA,q=8
8,8,4,expect_focus_fiscal_dlsp_ny,44,0.5235156355812146,NA,NA,NA,NA,q=8
8,8,4,expect_focus_fiscal_dlsp_ny,45,0.5219406436729213,NA,NA,NA,NA,q=8
8,8,4,expect_focus_fiscal_dlsp_ny,46,0.5188390464376943,NA,NA,NA,NA,q=8
8,8,4,expect_focus_fiscal_dlsp_ny,47,0.514210440212203,NA,NA,NA,NA,q=8
8,8,4,expect_focus_fiscal_dlsp_ny,48,0.5080631182062055,NA,NA,NA,NA,q=8
8,8,4,expect_focus_fiscal_primary_balance_ny,0,-0.09814309800311476,NA,NA,NA,NA,q=8
8,8,4,expect_focus_fiscal_primary_balance_ny,1,-0.08144528116868595,NA,NA,NA,NA,q=8
8,8,4,expect_focus_fiscal_primary_balance_ny,2,-0.07847738825853191,NA,NA,NA,NA,q=8
8,8,4,expect_focus_fiscal_primary_balance_ny,3,-0.07612353970226032,NA,NA,NA,NA,q=8
8,8,4,expect_focus_fiscal_primary_balance_ny,4,-0.060384883681054574,NA,NA,NA,NA,q=8
8,8,4,expect_focus_fiscal_primary_balance_ny,5,-0.03904551911053815,NA,NA,NA,NA,q=8
8,8,4,expect_focus_fiscal_primary_balance_ny,6,-0.034088279577674026,NA,NA,NA,NA,q=8
8,8,4,expect_focus_fiscal_primary_balance_ny,7,-0.01821951560170473,NA,NA,NA,NA,q=8
8,8,4,expect_focus_fiscal_primary_balance_ny,8,-0.010780626062873175,NA,NA,NA,NA,q=8
8,8,4,expect_focus_fiscal_primary_balance_ny,9,-0.010666244247252508,NA,NA,NA,NA,q=8
8,8,4,expect_focus_fiscal_primary_balance_ny,10,-0.010607195804039045,NA,NA,NA,NA,q=8
8,8,4,expect_focus_fiscal_primary_balance_ny,11,-0.012662894459811317,NA,NA,NA,NA,q=8
8,8,4,expect_focus_fiscal_primary_balance_ny,12,-0.013965866983141052,NA,NA,NA,NA,q=8
8,8,4,expect_focus_fiscal_primary_balance_ny,13,-0.015426933656923514,NA,NA,NA,NA,q=8
8,8,4,expect_focus_fiscal_primary_balance_ny,14,-0.017411930535282883,NA,NA,NA,NA,q=8
8,8,4,expect_focus_fiscal_primary_balance_ny,15,-0.019146178570768536,NA,NA,NA,NA,q=8
8,8,4,expect_focus_fiscal_primary_balance_ny,16,-0.0216161384466745,NA,NA,NA,NA,q=8
8,8,4,expect_focus_fiscal_primary_balance_ny,17,-0.024402810123578606,NA,NA,NA,NA,q=8
8,8,4,expect_focus_fiscal_primary_balance_ny,18,-0.027212197640090897,NA,NA,NA,NA,q=8
8,8,4,expect_focus_fiscal_primary_balance_ny,19,-0.03011598924569698,NA,NA,NA,NA,q=8
8,8,4,expect_focus_fiscal_primary_balance_ny,20,-0.032745745981662903,NA,NA,NA,NA,q=8
8,8,4,expect_focus_fiscal_primary_balance_ny,21,-0.035095101039026015,NA,NA,NA,NA,q=8
8,8,4,expect_focus_fiscal_primary_balance_ny,22,-0.03714906559348844,NA,NA,NA,NA,q=8
8,8,4,expect_focus_fiscal_primary_balance_ny,23,-0.03890122958589317,NA,NA,NA,NA,q=8
8,8,4,expect_focus_fiscal_primary_balance_ny,24,-0.040447770191858815,NA,NA,NA,NA,q=8
8,8,4,expect_focus_fiscal_primary_balance_ny,25,-0.04179355507524112,NA,NA,NA,NA,q=8
8,8,4,expect_focus_fiscal_primary_balance_ny,26,-0.042969676095003136,NA,NA,NA,NA,q=8
8,8,4,expect_focus_fiscal_primary_balance_ny,27,-0.044001571824276144,NA,NA,NA,NA,q=8
8,8,4,expect_focus_fiscal_primary_balance_ny,28,-0.0448801757971477,NA,NA,NA,NA,q=8
8,8,4,expect_focus_fiscal_primary_balance_ny,29,-0.045619576960734924,NA,NA,NA,NA,q=8
8,8,4,expect_focus_fiscal_primary_balance_ny,30,-0.04623025821942884,NA,NA,NA,NA,q=8
8,8,4,expect_focus_fiscal_primary_balance_ny,31,-0.04672453681847125,NA,NA,NA,NA,q=8
8,8,4,expect_focus_fiscal_primary_balance_ny,32,-0.04712050762621926,NA,NA,NA,NA,q=8
8,8,4,expect_focus_fiscal_primary_balance_ny,33,-0.04743074837871388,NA,NA,NA,NA,q=8
8,8,4,expect_focus_fiscal_primary_balance_ny,34,-0.04766669519597663,NA,NA,NA,NA,q=8
8,8,4,expect_focus_fiscal_primary_balance_ny,35,-0.04783421463324433,NA,NA,NA,NA,q=8
8,8,4,expect_focus_fiscal_primary_balance_ny,36,-0.04793427039026601,NA,NA,NA,NA,q=8
8,8,4,expect_focus_fiscal_primary_balance_ny,37,-0.04796607227378018,NA,NA,NA,NA,q=8
8,8,4,expect_focus_fiscal_primary_balance_ny,38,-0.04792573652005848,NA,NA,NA,NA,q=8
8,8,4,expect_focus_fiscal_primary_balance_ny,39,-0.04780837507539575,NA,NA,NA,NA,q=8
8,8,4,expect_focus_fiscal_primary_balance_ny,40,-0.04760878306538438,NA,NA,NA,NA,q=8
8,8,4,expect_focus_fiscal_primary_balance_ny,41,-0.04732104277849005,NA,NA,NA,NA,q=8
8,8,4,expect_focus_fiscal_primary_balance_ny,42,-0.04693915816922985,NA,NA,NA,NA,q=8
8,8,4,expect_focus_fiscal_primary_balance_ny,43,-0.04645703195904436,NA,NA,NA,NA,q=8
8,8,4,expect_focus_fiscal_primary_balance_ny,44,-0.04586869341577165,NA,NA,NA,NA,q=8
8,8,4,expect_focus_fiscal_primary_balance_ny,45,-0.045168631993835105,NA,NA,NA,NA,q=8
8,8,4,expect_focus_fiscal_primary_balance_ny,46,-0.04435200279461106,NA,NA,NA,NA,q=8
8,8,4,expect_focus_fiscal_primary_balance_ny,47,-0.04341496792500068,NA,NA,NA,NA,q=8
8,8,4,expect_focus_fiscal_primary_balance_ny,48,-0.04235483884627829,NA,NA,NA,NA,q=8
8,8,4,expect_focus_fiscal_nominal_balance_ny,0,-0.23062340995816857,NA,NA,NA,NA,q=8
8,8,4,expect_focus_fiscal_nominal_balance_ny,1,-0.23296753676201268,NA,NA,NA,NA,q=8
8,8,4,expect_focus_fiscal_nominal_balance_ny,2,-0.22376321227761267,NA,NA,NA,NA,q=8
8,8,4,expect_focus_fiscal_nominal_balance_ny,3,-0.2394831883481011,NA,NA,NA,NA,q=8
8,8,4,expect_focus_fiscal_nominal_balance_ny,4,-0.20268246150191682,NA,NA,NA,NA,q=8
8,8,4,expect_focus_fiscal_nominal_balance_ny,5,-0.1779807812175492,NA,NA,NA,NA,q=8
8,8,4,expect_focus_fiscal_nominal_balance_ny,6,-0.17648323168425356,NA,NA,NA,NA,q=8
8,8,4,expect_focus_fiscal_nominal_balance_ny,7,-0.15105302449087057,NA,NA,NA,NA,q=8
8,8,4,expect_focus_fiscal_nominal_balance_ny,8,-0.13936234981774612,NA,NA,NA,NA,q=8
8,8,4,expect_focus_fiscal_nominal_balance_ny,9,-0.13106183406971947,NA,NA,NA,NA,q=8
8,8,4,expect_focus_fiscal_nominal_balance_ny,10,-0.1190116388451546,NA,NA,NA,NA,q=8
8,8,4,expect_focus_fiscal_nominal_balance_ny,11,-0.10881917260572552,NA,NA,NA,NA,q=8
8,8,4,expect_focus_fiscal_nominal_balance_ny,12,-0.09662152789301169,NA,NA,NA,NA,q=8
8,8,4,expect_focus_fiscal_nominal_balance_ny,13,-0.08533747261858839,NA,NA,NA,NA,q=8
8,8,4,expect_focus_fiscal_nominal_balance_ny,14,-0.07457079177655097,NA,NA,NA,NA,q=8
8,8,4,expect_focus_fiscal_nominal_balance_ny,15,-0.06428550857147862,NA,NA,NA,NA,q=8
8,8,4,expect_focus_fiscal_nominal_balance_ny,16,-0.05593267783401582,NA,NA,NA,NA,q=8
8,8,4,expect_focus_fiscal_nominal_balance_ny,17,-0.04788364828610678,NA,NA,NA,NA,q=8
8,8,4,expect_focus_fiscal_nominal_balance_ny,18,-0.040380721525661745,NA,NA,NA,NA,q=8
8,8,4,expect_focus_fiscal_nominal_balance_ny,19,-0.03362356486038784,NA,NA,NA,NA,q=8
8,8,4,expect_focus_fiscal_nominal_balance_ny,20,-0.026914210460656063,NA,NA,NA,NA,q=8
8,8,4,expect_focus_fiscal_nominal_balance_ny,21,-0.020491503116253963,NA,NA,NA,NA,q=8
8,8,4,expect_focus_fiscal_nominal_balance_ny,22,-0.014387775040376088,NA,NA,NA,NA,q=8
8,8,4,expect_focus_fiscal_nominal_balance_ny,23,-0.00854491414831545,NA,NA,NA,NA,q=8
8,8,4,expect_focus_fiscal_nominal_balance_ny,24,-0.0030214531298054783,NA,NA,NA,NA,q=8
8,8,4,expect_focus_fiscal_nominal_balance_ny,25,0.002234609949206694,NA,NA,NA,NA,q=8
8,8,4,expect_focus_fiscal_nominal_balance_ny,26,0.007228432084238713,NA,NA,NA,NA,q=8
8,8,4,expect_focus_fiscal_nominal_balance_ny,27,0.012015696071779719,NA,NA,NA,NA,q=8
8,8,4,expect_focus_fiscal_nominal_balance_ny,28,0.016643706893631732,NA,NA,NA,NA,q=8
8,8,4,expect_focus_fiscal_nominal_balance_ny,29,0.021106971853054483,NA,NA,NA,NA,q=8
8,8,4,expect_focus_fiscal_nominal_balance_ny,30,0.02542723596658402,NA,NA,NA,NA,q=8
8,8,4,expect_focus_fiscal_nominal_balance_ny,31,0.02960415434625107,NA,NA,NA,NA,q=8
8,8,4,expect_focus_fiscal_nominal_balance_ny,32,0.03362265542708155,NA,NA,NA,NA,q=8
8,8,4,expect_focus_fiscal_nominal_balance_ny,33,0.0374796030451127,NA,NA,NA,NA,q=8
8,8,4,expect_focus_fiscal_nominal_balance_ny,34,0.041167321160732795,NA,NA,NA,NA,q=8
8,8,4,expect_focus_fiscal_nominal_balance_ny,35,0.04467899908497463,NA,NA,NA,NA,q=8
8,8,4,expect_focus_fiscal_nominal_balance_ny,36,0.04800903397555894,NA,NA,NA,NA,q=8
8,8,4,expect_focus_fiscal_nominal_balance_ny,37,0.051151010003483544,NA,NA,NA,NA,q=8
8,8,4,expect_focus_fiscal_nominal_balance_ny,38,0.054098946028301696,NA,NA,NA,NA,q=8
8,8,4,expect_focus_fiscal_nominal_balance_ny,39,0.05684524799848001,NA,NA,NA,NA,q=8
8,8,4,expect_focus_fiscal_nominal_balance_ny,40,0.059383084248274244,NA,NA,NA,NA,q=8
8,8,4,expect_focus_fiscal_nominal_balance_ny,41,0.061706859041303914,NA,NA,NA,NA,q=8
8,8,4,expect_focus_fiscal_nominal_balance_ny,42,0.06381153277711532,NA,NA,NA,NA,q=8
8,8,4,expect_focus_fiscal_nominal_balance_ny,43,0.06569390353408398,NA,NA,NA,NA,q=8
8,8,4,expect_focus_fiscal_nominal_balance_ny,44,0.06735237116705266,NA,NA,NA,NA,q=8
8,8,4,expect_focus_fiscal_nominal_balance_ny,45,0.06878656714413675,NA,NA,NA,NA,q=8
8,8,4,expect_focus_fiscal_nominal_balance_ny,46,0.06999743880020134,NA,NA,NA,NA,q=8
8,8,4,expect_focus_fiscal_nominal_balance_ny,47,0.07098700918112455,NA,NA,NA,NA,q=8
8,8,4,expect_focus_fiscal_nominal_balance_ny,48,0.07175826499176204,NA,NA,NA,NA,q=8
8,7,4,yield_6m,0,0.005,NA,NA,NA,NA,q=7
8,7,4,yield_6m,1,0.005606923162934393,NA,NA,NA,NA,q=7
8,7,4,yield_6m,2,0.006009084132799183,NA,NA,NA,NA,q=7
8,7,4,yield_6m,3,0.0062785216134611885,NA,NA,NA,NA,q=7
8,7,4,yield_6m,4,0.0058788119194410115,NA,NA,NA,NA,q=7
8,7,4,yield_6m,5,0.005397998988381937,NA,NA,NA,NA,q=7
8,7,4,yield_6m,6,0.005107079472204226,NA,NA,NA,NA,q=7
8,7,4,yield_6m,7,0.004529698557375591,NA,NA,NA,NA,q=7
8,7,4,yield_6m,8,0.003965500736766252,NA,NA,NA,NA,q=7
8,7,4,yield_6m,9,0.0033609867276501045,NA,NA,NA,NA,q=7
8,7,4,yield_6m,10,0.002735133151339174,NA,NA,NA,NA,q=7
8,7,4,yield_6m,11,0.0020740110937228066,NA,NA,NA,NA,q=7
8,7,4,yield_6m,12,0.0013973505618932965,NA,NA,NA,NA,q=7
8,7,4,yield_6m,13,7.881396010877556e-4,NA,NA,NA,NA,q=7
8,7,4,yield_6m,14,2.041477583493659e-4,NA,NA,NA,NA,q=7
8,7,4,yield_6m,15,-3.4771989429510647e-4,NA,NA,NA,NA,q=7
8,7,4,yield_6m,16,-8.409896407689644e-4,NA,NA,NA,NA,q=7
8,7,4,yield_6m,17,-0.0013028733809753055,NA,NA,NA,NA,q=7
8,7,4,yield_6m,18,-0.0017346188311397849,NA,NA,NA,NA,q=7
8,7,4,yield_6m,19,-0.0021292176553041084,NA,NA,NA,NA,q=7
8,7,4,yield_6m,20,-0.002490698484033028,NA,NA,NA,NA,q=7
8,7,4,yield_6m,21,-0.002819012741974814,NA,NA,NA,NA,q=7
8,7,4,yield_6m,22,-0.0031139047765314405,NA,NA,NA,NA,q=7
8,7,4,yield_6m,23,-0.003375113744787558,NA,NA,NA,NA,q=7
8,7,4,yield_6m,24,-0.0036055784482586666,NA,NA,NA,NA,q=7
8,7,4,yield_6m,25,-0.0038087269853648944,NA,NA,NA,NA,q=7
8,7,4,yield_6m,26,-0.003986025699352303,NA,NA,NA,NA,q=7
8,7,4,yield_6m,27,-0.004140327392729162,NA,NA,NA,NA,q=7
8,7,4,yield_6m,28,-0.0042741148044884505,NA,NA,NA,NA,q=7
8,7,4,yield_6m,29,-0.004388546645510661,NA,NA,NA,NA,q=7
8,7,4,yield_6m,30,-0.0044849644137749615,NA,NA,NA,NA,q=7
8,7,4,yield_6m,31,-0.004564546349958881,NA,NA,NA,NA,q=7
8,7,4,yield_6m,32,-0.00462813036291738,NA,NA,NA,NA,q=7
8,7,4,yield_6m,33,-0.004676450772319616,NA,NA,NA,NA,q=7
8,7,4,yield_6m,34,-0.004710168531684666,NA,NA,NA,NA,q=7
8,7,4,yield_6m,35,-0.004729834945910639,NA,NA,NA,NA,q=7
8,7,4,yield_6m,36,-0.004735805528149731,NA,NA,NA,NA,q=7
8,7,4,yield_6m,37,-0.004728341658118846,NA,NA,NA,NA,q=7
8,7,4,yield_6m,38,-0.004707651408289939,NA,NA,NA,NA,q=7
8,7,4,yield_6m,39,-0.0046738555541450425,NA,NA,NA,NA,q=7
8,7,4,yield_6m,40,-0.004627062120179553,NA,NA,NA,NA,q=7
8,7,4,yield_6m,41,-0.004567404275934152,NA,NA,NA,NA,q=7
8,7,4,yield_6m,42,-0.0044950368063453065,NA,NA,NA,NA,q=7
8,7,4,yield_6m,43,-0.004410156089691938,NA,NA,NA,NA,q=7
8,7,4,yield_6m,44,-0.004313011826865027,NA,NA,NA,NA,q=7
8,7,4,yield_6m,45,-0.004203908659222579,NA,NA,NA,NA,q=7
8,7,4,yield_6m,46,-0.004083206436674316,NA,NA,NA,NA,q=7
8,7,4,yield_6m,47,-0.003951322797931272,NA,NA,NA,NA,q=7
8,7,4,yield_6m,48,-0.0038087346250780915,NA,NA,NA,NA,q=7
8,7,4,yield_2y,0,0.008797690699178974,NA,NA,NA,NA,q=7
8,7,4,yield_2y,1,0.010043476461848182,NA,NA,NA,NA,q=7
8,7,4,yield_2y,2,0.009430961146883597,NA,NA,NA,NA,q=7
8,7,4,yield_2y,3,0.009843765682063787,NA,NA,NA,NA,q=7
8,7,4,yield_2y,4,0.008844951089686004,NA,NA,NA,NA,q=7
8,7,4,yield_2y,5,0.007588720664404206,NA,NA,NA,NA,q=7
8,7,4,yield_2y,6,0.006750928000730332,NA,NA,NA,NA,q=7
8,7,4,yield_2y,7,0.005783024777125806,NA,NA,NA,NA,q=7
8,7,4,yield_2y,8,0.004816741255245964,NA,NA,NA,NA,q=7
8,7,4,yield_2y,9,0.003868644038670766,NA,NA,NA,NA,q=7
8,7,4,yield_2y,10,0.0030863469634414328,NA,NA,NA,NA,q=7
8,7,4,yield_2y,11,0.0022975138121495184,NA,NA,NA,NA,q=7
8,7,4,yield_2y,12,0.001504889095379098,NA,NA,NA,NA,q=7
8,7,4,yield_2y,13,8.738564359887413e-4,NA,NA,NA,NA,q=7
8,7,4,yield_2y,14,2.8758447709076817e-4,NA,NA,NA,NA,q=7
8,7,4,yield_2y,15,-2.6837863595800007e-4,NA,NA,NA,NA,q=7
8,7,4,yield_2y,16,-7.367353626381649e-4,NA,NA,NA,NA,q=7
8,7,4,yield_2y,17,-0.0011599265405875358,NA,NA,NA,NA,q=7
8,7,4,yield_2y,18,-0.0015500669366052048,NA,NA,NA,NA,q=7
8,7,4,yield_2y,19,-0.0018954215935441125,NA,NA,NA,NA,q=7
8,7,4,yield_2y,20,-0.0021984449456119853,NA,NA,NA,NA,q=7
8,7,4,yield_2y,21,-0.0024652018250950316,NA,NA,NA,NA,q=7
8,7,4,yield_2y,22,-0.0026987682525493563,NA,NA,NA,NA,q=7
8,7,4,yield_2y,23,-0.0028971216352035502,NA,NA,NA,NA,q=7
8,7,4,yield_2y,24,-0.003065782579273104,NA,NA,NA,NA,q=7
8,7,4,yield_2y,25,-0.00321082529062982,NA,NA,NA,NA,q=7
8,7,4,yield_2y,26,-0.0033329623001051353,NA,NA,NA,NA,q=7
8,7,4,yield_2y,27,-0.003435466920268822,NA,NA,NA,NA,q=7
8,7,4,yield_2y,28,-0.0035217345492236933,NA,NA,NA,NA,q=7
8,7,4,yield_2y,29,-0.0035928132379412395,NA,NA,NA,NA,q=7
8,7,4,yield_2y,30,-0.0036499250461843264,NA,NA,NA,NA,q=7
8,7,4,yield_2y,31,-0.003694410515826274,NA,NA,NA,NA,q=7
8,7,4,yield_2y,32,-0.0037271500238834406,NA,NA,NA,NA,q=7
8,7,4,yield_2y,33,-0.0037486885268762276,NA,NA,NA,NA,q=7
8,7,4,yield_2y,34,-0.003759560635660477,NA,NA,NA,NA,q=7
8,7,4,yield_2y,35,-0.0037602565433991326,NA,NA,NA,NA,q=7
8,7,4,yield_2y,36,-0.0037509573752187763,NA,NA,NA,NA,q=7
8,7,4,yield_2y,37,-0.003731766382718552,NA,NA,NA,NA,q=7
8,7,4,yield_2y,38,-0.0037028061319800956,NA,NA,NA,NA,q=7
8,7,4,yield_2y,39,-0.003664103645273963,NA,NA,NA,NA,q=7
8,7,4,yield_2y,40,-0.0036156834006470747,NA,NA,NA,NA,q=7
8,7,4,yield_2y,41,-0.0035576301450799454,NA,NA,NA,NA,q=7
8,7,4,yield_2y,42,-0.0034900642499231293,NA,NA,NA,NA,q=7
8,7,4,yield_2y,43,-0.003413150057737939,NA,NA,NA,NA,q=7
8,7,4,yield_2y,44,-0.0033271130054041602,NA,NA,NA,NA,q=7
8,7,4,yield_2y,45,-0.0032322405975198426,NA,NA,NA,NA,q=7
8,7,4,yield_2y,46,-0.003128872458979047,NA,NA,NA,NA,q=7
8,7,4,yield_2y,47,-0.0030174008778358205,NA,NA,NA,NA,q=7
8,7,4,yield_2y,48,-0.0028982728832952285,NA,NA,NA,NA,q=7
8,7,4,yield_5y,0,0.008759950067432161,NA,NA,NA,NA,q=7
8,7,4,yield_5y,1,0.009874548816241927,NA,NA,NA,NA,q=7
8,7,4,yield_5y,2,0.008619279932991311,NA,NA,NA,NA,q=7
8,7,4,yield_5y,3,0.009238603016857068,NA,NA,NA,NA,q=7
8,7,4,yield_5y,4,0.00815155772441539,NA,NA,NA,NA,q=7
8,7,4,yield_5y,5,0.006688098457157161,NA,NA,NA,NA,q=7
8,7,4,yield_5y,6,0.005742329626021963,NA,NA,NA,NA,q=7
8,7,4,yield_5y,7,0.004864588257667425,NA,NA,NA,NA,q=7
8,7,4,yield_5y,8,0.003914914311512105,NA,NA,NA,NA,q=7
8,7,4,yield_5y,9,0.0029937293508459036,NA,NA,NA,NA,q=7
8,7,4,yield_5y,10,0.0023292932547223665,NA,NA,NA,NA,q=7
8,7,4,yield_5y,11,0.001629456471066026,NA,NA,NA,NA,q=7
8,7,4,yield_5y,12,9.140158380147531e-4,NA,NA,NA,NA,q=7
8,7,4,yield_5y,13,3.954737999612842e-4,NA,NA,NA,NA,q=7
8,7,4,yield_5y,14,-7.960901811093184e-5,NA,NA,NA,NA,q=7
8,7,4,yield_5y,15,-5.359549270738021e-4,NA,NA,NA,NA,q=7
8,7,4,yield_5y,16,-9.003288665786752e-4,NA,NA,NA,NA,q=7
8,7,4,yield_5y,17,-0.0012170843241738395,NA,NA,NA,NA,q=7
8,7,4,yield_5y,18,-0.0015082032303983877,NA,NA,NA,NA,q=7
8,7,4,yield_5y,19,-0.0017606689782310489,NA,NA,NA,NA,q=7
8,7,4,yield_5y,20,-0.0019722854667401347,NA,NA,NA,NA,q=7
8,7,4,yield_5y,21,-0.0021531132005423656,NA,NA,NA,NA,q=7
8,7,4,yield_5y,22,-0.002307359772836546,NA,NA,NA,NA,q=7
8,7,4,yield_5y,23,-0.0024302504248584415,NA,NA,NA,NA,q=7
8,7,4,yield_5y,24,-0.0025279801659166172,NA,NA,NA,NA,q=7
8,7,4,yield_5y,25,-0.0026074770994498953,NA,NA,NA,NA,q=7
8,7,4,yield_5y,26,-0.0026685874162053575,NA,NA,NA,NA,q=7
8,7,4,yield_5y,27,-0.0027142837477560585,NA,NA,NA,NA,q=7
8,7,4,yield_5y,28,-0.0027481884511665225,NA,NA,NA,NA,q=7
8,7,4,yield_5y,29,-0.0027711806925481185,NA,NA,NA,NA,q=7
8,7,4,yield_5y,30,-0.0027841177005481126,NA,NA,NA,NA,q=7
8,7,4,yield_5y,31,-0.002788278712803936,NA,NA,NA,NA,q=7
8,7,4,yield_5y,32,-0.002784531081514787,NA,NA,NA,NA,q=7
8,7,4,yield_5y,33,-0.0027732458332237215,NA,NA,NA,NA,q=7
8,7,4,yield_5y,34,-0.0027548888252405647,NA,NA,NA,NA,q=7
8,7,4,yield_5y,35,-0.002729970665641802,NA,NA,NA,NA,q=7
8,7,4,yield_5y,36,-0.0026986391344511534,NA,NA,NA,NA,q=7
8,7,4,yield_5y,37,-0.0026609760138637507,NA,NA,NA,NA,q=7
8,7,4,yield_5y,38,-0.0026171225819458833,NA,NA,NA,NA,q=7
8,7,4,yield_5y,39,-0.0025671170856198435,NA,NA,NA,NA,q=7
8,7,4,yield_5y,40,-0.002510982770215525,NA,NA,NA,NA,q=7
8,7,4,yield_5y,41,-0.002448808163865307,NA,NA,NA,NA,q=7
8,7,4,yield_5y,42,-0.002380715150077268,NA,NA,NA,NA,q=7
8,7,4,yield_5y,43,-0.002306853393011897,NA,NA,NA,NA,q=7
8,7,4,yield_5y,44,-0.0022274218043691315,NA,NA,NA,NA,q=7
8,7,4,yield_5y,45,-0.0021426713758243426,NA,NA,NA,NA,q=7
8,7,4,yield_5y,46,-0.002052888264028929,NA,NA,NA,NA,q=7
8,7,4,yield_5y,47,-0.0019583943352865204,NA,NA,NA,NA,q=7
8,7,4,yield_5y,48,-0.0018595517406886158,NA,NA,NA,NA,q=7
8,7,4,cambio_usd,0,0.10780343429819846,NA,NA,NA,NA,q=7
8,7,4,cambio_usd,1,0.14911428328011128,NA,NA,NA,NA,q=7
8,7,4,cambio_usd,2,0.13140540719145588,NA,NA,NA,NA,q=7
8,7,4,cambio_usd,3,0.1374717935563667,NA,NA,NA,NA,q=7
8,7,4,cambio_usd,4,0.11767360986031879,NA,NA,NA,NA,q=7
8,7,4,cambio_usd,5,0.07708029287190814,NA,NA,NA,NA,q=7
8,7,4,cambio_usd,6,0.05308384576209884,NA,NA,NA,NA,q=7
8,7,4,cambio_usd,7,0.035027375715808995,NA,NA,NA,NA,q=7
8,7,4,cambio_usd,8,0.015256724702714358,NA,NA,NA,NA,q=7
8,7,4,cambio_usd,9,0.001549958315289508,NA,NA,NA,NA,q=7
8,7,4,cambio_usd,10,-0.008161426813824275,NA,NA,NA,NA,q=7
8,7,4,cambio_usd,11,-0.01793740570918499,NA,NA,NA,NA,q=7
8,7,4,cambio_usd,12,-0.02720158887254047,NA,NA,NA,NA,q=7
8,7,4,cambio_usd,13,-0.03271310805654825,NA,NA,NA,NA,q=7
8,7,4,cambio_usd,14,-0.0357992650957162,NA,NA,NA,NA,q=7
8,7,4,cambio_usd,15,-0.03808924614312085,NA,NA,NA,NA,q=7
8,7,4,cambio_usd,16,-0.03856464107517591,NA,NA,NA,NA,q=7
8,7,4,cambio_usd,17,-0.03765862342518191,NA,NA,NA,NA,q=7
8,7,4,cambio_usd,18,-0.036473393065624825,NA,NA,NA,NA,q=7
8,7,4,cambio_usd,19,-0.03492185873925055,NA,NA,NA,NA,q=7
8,7,4,cambio_usd,20,-0.03291074039746049,NA,NA,NA,NA,q=7
8,7,4,cambio_usd,21,-0.030654194368866357,NA,NA,NA,NA,q=7
8,7,4,cambio_usd,22,-0.028208413637361086,NA,NA,NA,NA,q=7
8,7,4,cambio_usd,23,-0.02548630231526087,NA,NA,NA,NA,q=7
8,7,4,cambio_usd,24,-0.022536849723215357,NA,NA,NA,NA,q=7
8,7,4,cambio_usd,25,-0.019503311484032292,NA,NA,NA,NA,q=7
8,7,4,cambio_usd,26,-0.01642646976481082,NA,NA,NA,NA,q=7
8,7,4,cambio_usd,27,-0.0133405302511765,NA,NA,NA,NA,q=7
8,7,4,cambio_usd,28,-0.010321324236147516,NA,NA,NA,NA,q=7
8,7,4,cambio_usd,29,-0.007395331219419631,NA,NA,NA,NA,q=7
8,7,4,cambio_usd,30,-0.004562145093455829,NA,NA,NA,NA,q=7
8,7,4,cambio_usd,31,-0.0018350855181436196,NA,NA,NA,NA,q=7
8,7,4,cambio_usd,32,7.758926919727527e-4,NA,NA,NA,NA,q=7
8,7,4,cambio_usd,33,0.003269393394865639,NA,NA,NA,NA,q=7
8,7,4,cambio_usd,34,0.005641082893364428,NA,NA,NA,NA,q=7
8,7,4,cambio_usd,35,0.007882889236018152,NA,NA,NA,NA,q=7
8,7,4,cambio_usd,36,0.00999084972429226,NA,NA,NA,NA,q=7
8,7,4,cambio_usd,37,0.01196424317035236,NA,NA,NA,NA,q=7
8,7,4,cambio_usd,38,0.01380156448084689,NA,NA,NA,NA,q=7
8,7,4,cambio_usd,39,0.015502649045139521,NA,NA,NA,NA,q=7
8,7,4,cambio_usd,40,0.017068907338370062,NA,NA,NA,NA,q=7
8,7,4,cambio_usd,41,0.01850102274100141,NA,NA,NA,NA,q=7
8,7,4,cambio_usd,42,0.019799111791743845,NA,NA,NA,NA,q=7
8,7,4,cambio_usd,43,0.020963397177361915,NA,NA,NA,NA,q=7
8,7,4,cambio_usd,44,0.021993944207288552,NA,NA,NA,NA,q=7
8,7,4,cambio_usd,45,0.022890657732720494,NA,NA,NA,NA,q=7
8,7,4,cambio_usd,46,0.023653686511645976,NA,NA,NA,NA,q=7
8,7,4,cambio_usd,47,0.0242835594951577,NA,NA,NA,NA,q=7
8,7,4,cambio_usd,48,0.024781072480664922,NA,NA,NA,NA,q=7
8,7,4,embi_perc,0,0.18483368397792194,NA,NA,NA,NA,q=7
8,7,4,embi_perc,1,0.21910331759500945,NA,NA,NA,NA,q=7
8,7,4,embi_perc,2,0.136654468779981,NA,NA,NA,NA,q=7
8,7,4,embi_perc,3,0.18348024661207593,NA,NA,NA,NA,q=7
8,7,4,embi_perc,4,0.14984902503251182,NA,NA,NA,NA,q=7
8,7,4,embi_perc,5,0.09850832691019962,NA,NA,NA,NA,q=7
8,7,4,embi_perc,6,0.06887403816268994,NA,NA,NA,NA,q=7
8,7,4,embi_perc,7,0.05369811896507326,NA,NA,NA,NA,q=7
8,7,4,embi_perc,8,0.03449244927726988,NA,NA,NA,NA,q=7
8,7,4,embi_perc,9,0.0136018357089984,NA,NA,NA,NA,q=7
8,7,4,embi_perc,10,0.0038773151531751684,NA,NA,NA,NA,q=7
8,7,4,embi_perc,11,-0.009541268263508696,NA,NA,NA,NA,q=7
8,7,4,embi_perc,12,-0.026715023616471704,NA,NA,NA,NA,q=7
8,7,4,embi_perc,13,-0.03699072165610581,NA,NA,NA,NA,q=7
8,7,4,embi_perc,14,-0.04607173491126881,NA,NA,NA,NA,q=7
8,7,4,embi_perc,15,-0.05566663468352075,NA,NA,NA,NA,q=7
8,7,4,embi_perc,16,-0.06236919108019081,NA,NA,NA,NA,q=7
8,7,4,embi_perc,17,-0.06751068497960808,NA,NA,NA,NA,q=7
8,7,4,embi_perc,18,-0.07238890734057961,NA,NA,NA,NA,q=7
8,7,4,embi_perc,19,-0.07673008445399447,NA,NA,NA,NA,q=7
8,7,4,embi_perc,20,-0.08013822691683709,NA,NA,NA,NA,q=7
8,7,4,embi_perc,21,-0.0829831361086966,NA,NA,NA,NA,q=7
8,7,4,embi_perc,22,-0.0854607881495411,NA,NA,NA,NA,q=7
8,7,4,embi_perc,23,-0.08718464744578244,NA,NA,NA,NA,q=7
8,7,4,embi_perc,24,-0.08826270616066777,NA,NA,NA,NA,q=7
8,7,4,embi_perc,25,-0.0889470095918481,NA,NA,NA,NA,q=7
8,7,4,embi_perc,26,-0.08917771164677639,NA,NA,NA,NA,q=7
8,7,4,embi_perc,27,-0.0890096064330214,NA,NA,NA,NA,q=7
8,7,4,embi_perc,28,-0.08856705007383563,NA,NA,NA,NA,q=7
8,7,4,embi_perc,29,-0.08787256013083564,NA,NA,NA,NA,q=7
8,7,4,embi_perc,30,-0.08692802440511818,NA,NA,NA,NA,q=7
8,7,4,embi_perc,31,-0.0857615719383249,NA,NA,NA,NA,q=7
8,7,4,embi_perc,32,-0.08439922909254165,NA,NA,NA,NA,q=7
8,7,4,embi_perc,33,-0.08284507485358797,NA,NA,NA,NA,q=7
8,7,4,embi_perc,34,-0.08111100208769248,NA,NA,NA,NA,q=7
8,7,4,embi_perc,35,-0.0792200260398664,NA,NA,NA,NA,q=7
8,7,4,embi_perc,36,-0.07718272685203297,NA,NA,NA,NA,q=7
8,7,4,embi_perc,37,-0.07500662594571873,NA,NA,NA,NA,q=7
8,7,4,embi_perc,38,-0.07270299269544224,NA,NA,NA,NA,q=7
8,7,4,embi_perc,39,-0.07027904185232683,NA,NA,NA,NA,q=7
8,7,4,embi_perc,40,-0.06773965012597433,NA,NA,NA,NA,q=7
8,7,4,embi_perc,41,-0.0650911653251619,NA,NA,NA,NA,q=7
8,7,4,embi_perc,42,-0.06234059348751997,NA,NA,NA,NA,q=7
8,7,4,embi_perc,43,-0.05949466700594272,NA,NA,NA,NA,q=7
8,7,4,embi_perc,44,-0.056560596853082526,NA,NA,NA,NA,q=7
8,7,4,embi_perc,45,-0.053546472116227754,NA,NA,NA,NA,q=7
8,7,4,embi_perc,46,-0.05046041767478679,NA,NA,NA,NA,q=7
8,7,4,embi_perc,47,-0.04731053701693409,NA,NA,NA,NA,q=7
8,7,4,embi_perc,48,-0.04410532808367145,NA,NA,NA,NA,q=7
8,7,4,cds_5y,0,26.27275253312554,NA,NA,NA,NA,q=7
8,7,4,cds_5y,1,30.81037635704157,NA,NA,NA,NA,q=7
8,7,4,cds_5y,2,22.41709258830849,NA,NA,NA,NA,q=7
8,7,4,cds_5y,3,26.968186934307546,NA,NA,NA,NA,q=7
8,7,4,cds_5y,4,22.653065007321157,NA,NA,NA,NA,q=7
8,7,4,cds_5y,5,16.07748153215851,NA,NA,NA,NA,q=7
8,7,4,cds_5y,6,12.497365619667448,NA,NA,NA,NA,q=7
8,7,4,cds_5y,7,10.205925697899568,NA,NA,NA,NA,q=7
8,7,4,cds_5y,8,7.540989251617885,NA,NA,NA,NA,q=7
8,7,4,cds_5y,9,4.931380801124647,NA,NA,NA,NA,q=7
8,7,4,cds_5y,10,3.449588366663342,NA,NA,NA,NA,q=7
8,7,4,cds_5y,11,1.592206020574772,NA,NA,NA,NA,q=7
8,7,4,cds_5y,12,-0.6113975354402563,NA,NA,NA,NA,q=7
8,7,4,cds_5y,13,-1.9972993000161887,NA,NA,NA,NA,q=7
8,7,4,cds_5y,14,-3.175783092527258,NA,NA,NA,NA,q=7
8,7,4,cds_5y,15,-4.351192119682655,NA,NA,NA,NA,q=7
8,7,4,cds_5y,16,-5.1518962613709824,NA,NA,NA,NA,q=7
8,7,4,cds_5y,17,-5.748491916967182,NA,NA,NA,NA,q=7
8,7,4,cds_5y,18,-6.300215306455762,NA,NA,NA,NA,q=7
8,7,4,cds_5y,19,-6.77228693474548,NA,NA,NA,NA,q=7
8,7,4,cds_5y,20,-7.132753133767433,NA,NA,NA,NA,q=7
8,7,4,cds_5y,21,-7.423003151929012,NA,NA,NA,NA,q=7
8,7,4,cds_5y,22,-7.661920885330496,NA,NA,NA,NA,q=7
8,7,4,cds_5y,23,-7.81129968309334,NA,NA,NA,NA,q=7
8,7,4,cds_5y,24,-7.8854235110789,NA,NA,NA,NA,q=7
8,7,4,cds_5y,25,-7.91504102656107,NA,NA,NA,NA,q=7
8,7,4,cds_5y,26,-7.8970429688497,NA,NA,NA,NA,q=7
8,7,4,cds_5y,27,-7.8400211651148055,NA,NA,NA,NA,q=7
8,7,4,cds_5y,28,-7.759741818769383,NA,NA,NA,NA,q=7
8,7,4,cds_5y,29,-7.659499137863885,NA,NA,NA,NA,q=7
8,7,4,cds_5y,30,-7.540076007266917,NA,NA,NA,NA,q=7
8,7,4,cds_5y,31,-7.404922162604442,NA,NA,NA,NA,q=7
8,7,4,cds_5y,32,-7.2567989191636535,NA,NA,NA,NA,q=7
8,7,4,cds_5y,33,-7.096167570487238,NA,NA,NA,NA,q=7
8,7,4,cds_5y,34,-6.924283797115958,NA,NA,NA,NA,q=7
8,7,4,cds_5y,35,-6.743457946579841,NA,NA,NA,NA,q=7
8,7,4,cds_5y,36,-6.554572969085367,NA,NA,NA,NA,q=7
8,7,4,cds_5y,37,-6.3580635477914305,NA,NA,NA,NA,q=7
8,7,4,cds_5y,38,-6.154695933021773,NA,NA,NA,NA,q=7
8,7,4,cds_5y,39,-5.944742534217629,NA,NA,NA,NA,q=7
8,7,4,cds_5y,40,-5.7282081821386575,NA,NA,NA,NA,q=7
8,7,4,cds_5y,41,-5.505286404231742,NA,NA,NA,NA,q=7
8,7,4,cds_5y,42,-5.276266648793754,NA,NA,NA,NA,q=7
8,7,4,cds_5y,43,-5.041445143375308,NA,NA,NA,NA,q=7
8,7,4,cds_5y,44,-4.801209318767808,NA,NA,NA,NA,q=7
8,7,4,cds_5y,45,-4.556069485832585,NA,NA,NA,NA,q=7
8,7,4,cds_5y,46,-4.306566235502051,NA,NA,NA,NA,q=7
8,7,4,cds_5y,47,-4.053261740473393,NA,NA,NA,NA,q=7
8,7,4,cds_5y,48,-3.796781784714373,NA,NA,NA,NA,q=7
8,7,4,expect_focus_ipca12m,0,0.1169509238298273,NA,NA,NA,NA,q=7
8,7,4,expect_focus_ipca12m,1,0.16129295491692486,NA,NA,NA,NA,q=7
8,7,4,expect_focus_ipca12m,2,0.19519423440036307,NA,NA,NA,NA,q=7
8,7,4,expect_focus_ipca12m,3,0.18124057682478667,NA,NA,NA,NA,q=7
8,7,4,expect_focus_ipca12m,4,0.17932464220617295,NA,NA,NA,NA,q=7
8,7,4,expect_focus_ipca12m,5,0.1649271390116316,NA,NA,NA,NA,q=7
8,7,4,expect_focus_ipca12m,6,0.13817178564698698,NA,NA,NA,NA,q=7
8,7,4,expect_focus_ipca12m,7,0.11048718275425133,NA,NA,NA,NA,q=7
8,7,4,expect_focus_ipca12m,8,0.07818707154640238,NA,NA,NA,NA,q=7
8,7,4,expect_focus_ipca12m,9,0.04842177754878162,NA,NA,NA,NA,q=7
8,7,4,expect_focus_ipca12m,10,0.023184463111044145,NA,NA,NA,NA,q=7
8,7,4,expect_focus_ipca12m,11,5.070970897345297e-4,NA,NA,NA,NA,q=7
8,7,4,expect_focus_ipca12m,12,-0.018180138764781254,NA,NA,NA,NA,q=7
8,7,4,expect_focus_ipca12m,13,-0.034240682380798824,NA,NA,NA,NA,q=7
8,7,4,expect_focus_ipca12m,14,-0.04902729332591142,NA,NA,NA,NA,q=7
8,7,4,expect_focus_ipca12m,15,-0.06266066546311412,NA,NA,NA,NA,q=7
8,7,4,expect_focus_ipca12m,16,-0.0754048674470074,NA,NA,NA,NA,q=7
8,7,4,expect_focus_ipca12m,17,-0.08703886140163036,NA,NA,NA,NA,q=7
8,7,4,expect_focus_ipca12m,18,-0.09754929886034967,NA,NA,NA,NA,q=7
8,7,4,expect_focus_ipca12m,19,-0.10671021863497604,NA,NA,NA,NA,q=7
8,7,4,expect_focus_ipca12m,20,-0.11441915046655239,NA,NA,NA,NA,q=7
8,7,4,expect_focus_ipca12m,21,-0.12091427895773917,NA,NA,NA,NA,q=7
8,7,4,expect_focus_ipca12m,22,-0.126288047511301,NA,NA,NA,NA,q=7
8,7,4,expect_focus_ipca12m,23,-0.1306575642666028,NA,NA,NA,NA,q=7
8,7,4,expect_focus_ipca12m,24,-0.13420667696505773,NA,NA,NA,NA,q=7
8,7,4,expect_focus_ipca12m,25,-0.13701375010097824,NA,NA,NA,NA,q=7
8,7,4,expect_focus_ipca12m,26,-0.13912902187225537,NA,NA,NA,NA,q=7
8,7,4,expect_focus_ipca12m,27,-0.14060206018660476,NA,NA,NA,NA,q=7
8,7,4,expect_focus_ipca12m,28,-0.14147423716720808,NA,NA,NA,NA,q=7
8,7,4,expect_focus_ipca12m,29,-0.14178406959939863,NA,NA,NA,NA,q=7
8,7,4,expect_focus_ipca12m,30,-0.14156963671392744,NA,NA,NA,NA,q=7
8,7,4,expect_focus_ipca12m,31,-0.14087612848727757,NA,NA,NA,NA,q=7
8,7,4,expect_focus_ipca12m,32,-0.13974033081028345,NA,NA,NA,NA,q=7
8,7,4,expect_focus_ipca12m,33,-0.13818835944562557,NA,NA,NA,NA,q=7
8,7,4,expect_focus_ipca12m,34,-0.13624335993732362,NA,NA,NA,NA,q=7
8,7,4,expect_focus_ipca12m,35,-0.1339212317616127,NA,NA,NA,NA,q=7
8,7,4,expect_focus_ipca12m,36,-0.13123267505070108,NA,NA,NA,NA,q=7
8,7,4,expect_focus_ipca12m,37,-0.12818797603453677,NA,NA,NA,NA,q=7
8,7,4,expect_focus_ipca12m,38,-0.12479733114764699,NA,NA,NA,NA,q=7
8,7,4,expect_focus_ipca12m,39,-0.12107133193447897,NA,NA,NA,NA,q=7
8,7,4,expect_focus_ipca12m,40,-0.11702150146851015,NA,NA,NA,NA,q=7
8,7,4,expect_focus_ipca12m,41,-0.11266050869630378,NA,NA,NA,NA,q=7
8,7,4,expect_focus_ipca12m,42,-0.10800193878137349,NA,NA,NA,NA,q=7
8,7,4,expect_focus_ipca12m,43,-0.10306016933209149,NA,NA,NA,NA,q=7
8,7,4,expect_focus_ipca12m,44,-0.0978507998799642,NA,NA,NA,NA,q=7
8,7,4,expect_focus_ipca12m,45,-0.0923907363904257,NA,NA,NA,NA,q=7
8,7,4,expect_focus_ipca12m,46,-0.08669815937314593,NA,NA,NA,NA,q=7
8,7,4,expect_focus_ipca12m,47,-0.08079262975932086,NA,NA,NA,NA,q=7
8,7,4,expect_focus_ipca12m,48,-0.07469496591449329,NA,NA,NA,NA,q=7
8,7,4,ibc_br,0,-0.3397985291715701,NA,NA,NA,NA,q=7
8,7,4,ibc_br,1,0.011691174481635402,NA,NA,NA,NA,q=7
8,7,4,ibc_br,2,0.08356797595606788,NA,NA,NA,NA,q=7
8,7,4,ibc_br,3,-0.0722178872645397,NA,NA,NA,NA,q=7
8,7,4,ibc_br,4,-0.15865584999448223,NA,NA,NA,NA,q=7
8,7,4,ibc_br,5,-0.051493638556036406,NA,NA,NA,NA,q=7
8,7,4,ibc_br,6,-0.07547181119074925,NA,NA,NA,NA,q=7
8,7,4,ibc_br,7,-0.12882918370761293,NA,NA,NA,NA,q=7
8,7,4,ibc_br,8,-0.1504468061927068,NA,NA,NA,NA,q=7
8,7,4,ibc_br,9,-0.18336275155422477,NA,NA,NA,NA,q=7
8,7,4,ibc_br,10,-0.23892360951487238,NA,NA,NA,NA,q=7
8,7,4,ibc_br,11,-0.2558887367677316,NA,NA,NA,NA,q=7
8,7,4,ibc_br,12,-0.23991567540434314,NA,NA,NA,NA,q=7
8,7,4,ibc_br,13,-0.23247126606031565,NA,NA,NA,NA,q=7
8,7,4,ibc_br,14,-0.22388199628835426,NA,NA,NA,NA,q=7
8,7,4,ibc_br,15,-0.2069947801349131,NA,NA,NA,NA,q=7
8,7,4,ibc_br,16,-0.19776703599703496,NA,NA,NA,NA,q=7
8,7,4,ibc_br,17,-0.19616663141207472,NA,NA,NA,NA,q=7
8,7,4,ibc_br,18,-0.19345724811624357,NA,NA,NA,NA,q=7
8,7,4,ibc_br,19,-0.19026841636125788,NA,NA,NA,NA,q=7
8,7,4,ibc_br,20,-0.1885135493856067,NA,NA,NA,NA,q=7
8,7,4,ibc_br,21,-0.18602938934326718,NA,NA,NA,NA,q=7
8,7,4,ibc_br,22,-0.18234413956307136,NA,NA,NA,NA,q=7
8,7,4,ibc_br,23,-0.17959165346673545,NA,NA,NA,NA,q=7
8,7,4,ibc_br,24,-0.178059900034378,NA,NA,NA,NA,q=7
8,7,4,ibc_br,25,-0.17704472479498,NA,NA,NA,NA,q=7
8,7,4,ibc_br,26,-0.17683245329627556,NA,NA,NA,NA,q=7
8,7,4,ibc_br,27,-0.17740502926858018,NA,NA,NA,NA,q=7
8,7,4,ibc_br,28,-0.17815648298940207,NA,NA,NA,NA,q=7
8,7,4,ibc_br,29,-0.17885007346118845,NA,NA,NA,NA,q=7
8,7,4,ibc_br,30,-0.17949497001107692,NA,NA,NA,NA,q=7
8,7,4,ibc_br,31,-0.17995707002790914,NA,NA,NA,NA,q=7
8,7,4,ibc_br,32,-0.18011740891581784,NA,NA,NA,NA,q=7
8,7,4,ibc_br,33,-0.1799753449906886,NA,NA,NA,NA,q=7
8,7,4,ibc_br,34,-0.17948636574209037,NA,NA,NA,NA,q=7
8,7,4,ibc_br,35,-0.17854170121621227,NA,NA,NA,NA,q=7
8,7,4,ibc_br,36,-0.17707121840599105,NA,NA,NA,NA,q=7
8,7,4,ibc_br,37,-0.17502767480928239,NA,NA,NA,NA,q=7
8,7,4,ibc_br,38,-0.17235531584367736,NA,NA,NA,NA,q=7
8,7,4,ibc_br,39,-0.1690229139782396,NA,NA,NA,NA,q=7
8,7,4,ibc_br,40,-0.16502863390331565,NA,NA,NA,NA,q=7
8,7,4,ibc_br,41,-0.16037763627963783,NA,NA,NA,NA,q=7
8,7,4,ibc_br,42,-0.15508081990594932,NA,NA,NA,NA,q=7
8,7,4,ibc_br,43,-0.14915973925402143,NA,NA,NA,NA,q=7
8,7,4,ibc_br,44,-0.14264090260417964,NA,NA,NA,NA,q=7
8,7,4,ibc_br,45,-0.13555249077546608,NA,NA,NA,NA,q=7
8,7,4,ibc_br,46,-0.12792761229340613,NA,NA,NA,NA,q=7
8,7,4,ibc_br,47,-0.11980438518987332,NA,NA,NA,NA,q=7
8,7,4,ibc_br,48,-0.11122338251617717,NA,NA,NA,NA,q=7
8,7,4,price_ipca,0,-0.03590154330749783,NA,NA,NA,NA,q=7
8,7,4,price_ipca,1,0.10207753716368682,NA,NA,NA,NA,q=7
8,7,4,price_ipca,2,0.08192943919161114,NA,NA,NA,NA,q=7
8,7,4,price_ipca,3,0.06939279675990732,NA,NA,NA,NA,q=7
8,7,4,price_ipca,4,0.11756140408861777,NA,NA,NA,NA,q=7
8,7,4,price_ipca,5,0.1245330719707036,NA,NA,NA,NA,q=7
8,7,4,price_ipca,6,0.06340434589712907,NA,NA,NA,NA,q=7
8,7,4,price_ipca,7,0.04764132039150047,NA,NA,NA,NA,q=7
8,7,4,price_ipca,8,0.017445492209896284,NA,NA,NA,NA,q=7
8,7,4,price_ipca,9,-0.020989912618409174,NA,NA,NA,NA,q=7
8,7,4,price_ipca,10,-0.03352892046954222,NA,NA,NA,NA,q=7
8,7,4,price_ipca,11,-0.03670610465644762,NA,NA,NA,NA,q=7
8,7,4,price_ipca,12,-0.0361051257525962,NA,NA,NA,NA,q=7
8,7,4,price_ipca,13,-0.03296612046370243,NA,NA,NA,NA,q=7
8,7,4,price_ipca,14,-0.029183463659277244,NA,NA,NA,NA,q=7
8,7,4,price_ipca,15,-0.027776347029979106,NA,NA,NA,NA,q=7
8,7,4,price_ipca,16,-0.02929890880274645,NA,NA,NA,NA,q=7
8,7,4,price_ipca,17,-0.030024905039386703,NA,NA,NA,NA,q=7
8,7,4,price_ipca,18,-0.030067121122799,NA,NA,NA,NA,q=7
8,7,4,price_ipca,19,-0.029816415186549976,NA,NA,NA,NA,q=7
8,7,4,price_ipca,20,-0.02792073859169141,NA,NA,NA,NA,q=7
8,7,4,price_ipca,21,-0.025128848890203285,NA,NA,NA,NA,q=7
8,7,4,price_ipca,22,-0.022221409853789065,NA,NA,NA,NA,q=7
8,7,4,price_ipca,23,-0.019236972756674832,NA,NA,NA,NA,q=7
8,7,4,price_ipca,24,-0.01637348823227026,NA,NA,NA,NA,q=7
8,7,4,price_ipca,25,-0.013728977840498207,NA,NA,NA,NA,q=7
8,7,4,price_ipca,26,-0.011248168708166863,NA,NA,NA,NA,q=7
8,7,4,price_ipca,27,-0.008794519372787087,NA,NA,NA,NA,q=7
8,7,4,price_ipca,28,-0.006322048028359959,NA,NA,NA,NA,q=7
8,7,4,price_ipca,29,-0.0038738272146017945,NA,NA,NA,NA,q=7
8,7,4,price_ipca,30,-0.001443690722740168,NA,NA,NA,NA,q=7
8,7,4,price_ipca,31,9.369146379619385e-4,NA,NA,NA,NA,q=7
8,7,4,price_ipca,32,0.003215388321284542,NA,NA,NA,NA,q=7
8,7,4,price_ipca,33,0.005388273973691145,NA,NA,NA,NA,q=7
8,7,4,price_ipca,34,0.007463132516322701,NA,NA,NA,NA,q=7
8,7,4,price_ipca,35,0.009447650045918446,NA,NA,NA,NA,q=7
8,7,4,price_ipca,36,0.011356531035782403,NA,NA,NA,NA,q=7
8,7,4,price_ipca,37,0.013202855764957246,NA,NA,NA,NA,q=7
8,7,4,price_ipca,38,0.014992809255028558,NA,NA,NA,NA,q=7
8,7,4,price_ipca,39,0.016725893386625713,NA,NA,NA,NA,q=7
8,7,4,price_ipca,40,0.0184006094153743,NA,NA,NA,NA,q=7
8,7,4,price_ipca,41,0.02001494820880363,NA,NA,NA,NA,q=7
8,7,4,price_ipca,42,0.021565534153759596,NA,NA,NA,NA,q=7
8,7,4,price_ipca,43,0.023050225153653143,NA,NA,NA,NA,q=7
8,7,4,price_ipca,44,0.024467415807693082,NA,NA,NA,NA,q=7
8,7,4,price_ipca,45,0.025814555465849855,NA,NA,NA,NA,q=7
8,7,4,price_ipca,46,0.027088447502429003,NA,NA,NA,NA,q=7
8,7,4,price_ipca,47,0.028285252654561322,NA,NA,NA,NA,q=7
8,7,4,price_ipca,48,0.029400466854159705,NA,NA,NA,NA,q=7
8,7,4,asset_ibov,0,-2.4173975052461283,NA,NA,NA,NA,q=7
8,7,4,asset_ibov,1,-2.415221913591627,NA,NA,NA,NA,q=7
8,7,4,asset_ibov,2,1.10036850674824,NA,NA,NA,NA,q=7
8,7,4,asset_ibov,3,0.027341905265541,NA,NA,NA,NA,q=7
8,7,4,asset_ibov,4,1.2882996068210653,NA,NA,NA,NA,q=7
8,7,4,asset_ibov,5,1.615879717917546,NA,NA,NA,NA,q=7
8,7,4,asset_ibov,6,1.8425693243771684,NA,NA,NA,NA,q=7
8,7,4,asset_ibov,7,1.5867236339658646,NA,NA,NA,NA,q=7
8,7,4,asset_ibov,8,1.4447745040889395,NA,NA,NA,NA,q=7
8,7,4,asset_ibov,9,1.5699071724751192,NA,NA,NA,NA,q=7
8,7,4,asset_ibov,10,1.4089702891338935,NA,NA,NA,NA,q=7
8,7,4,asset_ibov,11,1.3193208922089492,NA,NA,NA,NA,q=7
8,7,4,asset_ibov,12,1.2545844145669598,NA,NA,NA,NA,q=7
8,7,4,asset_ibov,13,1.0343626295013577,NA,NA,NA,NA,q=7
8,7,4,asset_ibov,14,0.8704717327484677,NA,NA,NA,NA,q=7
8,7,4,asset_ibov,15,0.73465693910473,NA,NA,NA,NA,q=7
8,7,4,asset_ibov,16,0.5766271979070099,NA,NA,NA,NA,q=7
8,7,4,asset_ibov,17,0.45046650917705794,NA,NA,NA,NA,q=7
8,7,4,asset_ibov,18,0.34469479918714313,NA,NA,NA,NA,q=7
8,7,4,asset_ibov,19,0.24803210303981355,NA,NA,NA,NA,q=7
8,7,4,asset_ibov,20,0.1529715249402012,NA,NA,NA,NA,q=7
8,7,4,asset_ibov,21,0.06443842227484206,NA,NA,NA,NA,q=7
8,7,4,asset_ibov,22,-0.015313788566422449,NA,NA,NA,NA,q=7
8,7,4,asset_ibov,23,-0.0932794425218183,NA,NA,NA,NA,q=7
8,7,4,asset_ibov,24,-0.1632483616927261,NA,NA,NA,NA,q=7
8,7,4,asset_ibov,25,-0.22289278909858307,NA,NA,NA,NA,q=7
8,7,4,asset_ibov,26,-0.27650928912365297,NA,NA,NA,NA,q=7
8,7,4,asset_ibov,27,-0.3233384958147209,NA,NA,NA,NA,q=7
8,7,4,asset_ibov,28,-0.3638150566610391,NA,NA,NA,NA,q=7
8,7,4,asset_ibov,29,-0.3999692366824838,NA,NA,NA,NA,q=7
8,7,4,asset_ibov,30,-0.4326045090325721,NA,NA,NA,NA,q=7
8,7,4,asset_ibov,31,-0.4621007275624543,NA,NA,NA,NA,q=7
8,7,4,asset_ibov,32,-0.48881133203853705,NA,NA,NA,NA,q=7
8,7,4,asset_ibov,33,-0.5132710931889035,NA,NA,NA,NA,q=7
8,7,4,asset_ibov,34,-0.535715288566503,NA,NA,NA,NA,q=7
8,7,4,asset_ibov,35,-0.5562686736679506,NA,NA,NA,NA,q=7
8,7,4,asset_ibov,36,-0.5753219175518853,NA,NA,NA,NA,q=7
8,7,4,asset_ibov,37,-0.5931054365547329,NA,NA,NA,NA,q=7
8,7,4,asset_ibov,38,-0.6097147030599818,NA,NA,NA,NA,q=7
8,7,4,asset_ibov,39,-0.6252773441584363,NA,NA,NA,NA,q=7
8,7,4,asset_ibov,40,-0.6398330680171292,NA,NA,NA,NA,q=7
8,7,4,asset_ibov,41,-0.6533439341931033,NA,NA,NA,NA,q=7
8,7,4,asset_ibov,42,-0.6657527366125312,NA,NA,NA,NA,q=7
8,7,4,asset_ibov,43,-0.6769922770549712,NA,NA,NA,NA,q=7
8,7,4,asset_ibov,44,-0.6869828125258384,NA,NA,NA,NA,q=7
8,7,4,asset_ibov,45,-0.6956367514835096,NA,NA,NA,NA,q=7
8,7,4,asset_ibov,46,-0.7028760508182595,NA,NA,NA,NA,q=7
8,7,4,asset_ibov,47,-0.7086267151543361,NA,NA,NA,NA,q=7
8,7,4,asset_ibov,48,-0.7128150011647454,NA,NA,NA,NA,q=7
8,7,4,fiscal_dbgg,0,0.23474042571080822,NA,NA,NA,NA,q=7
8,7,4,fiscal_dbgg,1,0.21159299623900288,NA,NA,NA,NA,q=7
8,7,4,fiscal_dbgg,2,-0.01255819442468955,NA,NA,NA,NA,q=7
8,7,4,fiscal_dbgg,3,-0.00923265419871568,NA,NA,NA,NA,q=7
8,7,4,fiscal_dbgg,4,-0.08299385001422549,NA,NA,NA,NA,q=7
8,7,4,fiscal_dbgg,5,-0.1647931540613756,NA,NA,NA,NA,q=7
8,7,4,fiscal_dbgg,6,-0.21938470426116566,NA,NA,NA,NA,q=7
8,7,4,fiscal_dbgg,7,-0.2292904108470775,NA,NA,NA,NA,q=7
8,7,4,fiscal_dbgg,8,-0.24069379259445503,NA,NA,NA,NA,q=7
8,7,4,fiscal_dbgg,9,-0.23824110850219515,NA,NA,NA,NA,q=7
8,7,4,fiscal_dbgg,10,-0.20001603405142546,NA,NA,NA,NA,q=7
8,7,4,fiscal_dbgg,11,-0.15500195447600046,NA,NA,NA,NA,q=7
8,7,4,fiscal_dbgg,12,-0.10735122740336571,NA,NA,NA,NA,q=7
8,7,4,fiscal_dbgg,13,-0.04993203277744005,NA,NA,NA,NA,q=7
8,7,4,fiscal_dbgg,14,0.005877150996084279,NA,NA,NA,NA,q=7
8,7,4,fiscal_dbgg,15,0.05730147000917597,NA,NA,NA,NA,q=7
8,7,4,fiscal_dbgg,16,0.1081247925479587,NA,NA,NA,NA,q=7
8,7,4,fiscal_dbgg,17,0.15754233019196745,NA,NA,NA,NA,q=7
8,7,4,fiscal_dbgg,18,0.20437695147797486,NA,NA,NA,NA,q=7
8,7,4,fiscal_dbgg,19,0.24911517229122193,NA,NA,NA,NA,q=7
8,7,4,fiscal_dbgg,20,0.2922056643635261,NA,NA,NA,NA,q=7
8,7,4,fiscal_dbgg,21,0.3325202473764936,NA,NA,NA,NA,q=7
8,7,4,fiscal_dbgg,22,0.36950613070479,NA,NA,NA,NA,q=7
8,7,4,fiscal_dbgg,23,0.40350917294886296,NA,NA,NA,NA,q=7
8,7,4,fiscal_dbgg,24,0.4343267125720568,NA,NA,NA,NA,q=7
8,7,4,fiscal_dbgg,25,0.46189690040069936,NA,NA,NA,NA,q=7
8,7,4,fiscal_dbgg,26,0.48660216175880733,NA,NA,NA,NA,q=7
8,7,4,fiscal_dbgg,27,0.5086486981763558,NA,NA,NA,NA,q=7
8,7,4,fiscal_dbgg,28,0.5281391931453974,NA,NA,NA,NA,q=7
8,7,4,fiscal_dbgg,29,0.5452403508533,NA,NA,NA,NA,q=7
8,7,4,fiscal_dbgg,30,0.5600998810672174,NA,NA,NA,NA,q=7
8,7,4,fiscal_dbgg,31,0.5728001665518957,NA,NA,NA,NA,q=7
8,7,4,fiscal_dbgg,32,0.5834195841624369,NA,NA,NA,NA,q=7
8,7,4,fiscal_dbgg,33,0.5920639865881008,NA,NA,NA,NA,q=7
8,7,4,fiscal_dbgg,34,0.5988160585073458,NA,NA,NA,NA,q=7
8,7,4,fiscal_dbgg,35,0.6037359087602504,NA,NA,NA,NA,q=7
8,7,4,fiscal_dbgg,36,0.606884554878157,NA,NA,NA,NA,q=7
8,7,4,fiscal_dbgg,37,0.6083057061606004,NA,NA,NA,NA,q=7
8,7,4,fiscal_dbgg,38,0.6080227938815814,NA,NA,NA,NA,q=7
8,7,4,fiscal_dbgg,39,0.606052711336912,NA,NA,NA,NA,q=7
8,7,4,fiscal_dbgg,40,0.6024079357724313,NA,NA,NA,NA,q=7
8,7,4,fiscal_dbgg,41,0.5970967976821381,NA,NA,NA,NA,q=7
8,7,4,fiscal_dbgg,42,0.590128046386933,NA,NA,NA,NA,q=7
8,7,4,fiscal_dbgg,43,0.5815143395029676,NA,NA,NA,NA,q=7
8,7,4,fiscal_dbgg,44,0.5712722873476873,NA,NA,NA,NA,q=7
8,7,4,fiscal_dbgg,45,0.5594229466261299,NA,NA,NA,NA,q=7
8,7,4,fiscal_dbgg,46,0.5459937306983669,NA,NA,NA,NA,q=7
8,7,4,fiscal_dbgg,47,0.5310189107039149,NA,NA,NA,NA,q=7
8,7,4,fiscal_dbgg,48,0.5145397095819425,NA,NA,NA,NA,q=7
8,7,4,fiscal_dlsp,0,-0.2555644265564342,NA,NA,NA,NA,q=7
8,7,4,fiscal_dlsp,1,-0.3467348105524643,NA,NA,NA,NA,q=7
8,7,4,fiscal_dlsp,2,-0.28277318308462757,NA,NA,NA,NA,q=7
8,7,4,fiscal_dlsp,3,-0.37937551776181244,NA,NA,NA,NA,q=7
8,7,4,fiscal_dlsp,4,-0.33342122018124704,NA,NA,NA,NA,q=7
8,7,4,fiscal_dlsp,5,-0.26138551755118333,NA,NA,NA,NA,q=7
8,7,4,fiscal_dlsp,6,-0.22307605328701738,NA,NA,NA,NA,q=7
8,7,4,fiscal_dlsp,7,-0.1986229806111005,NA,NA,NA,NA,q=7
8,7,4,fiscal_dlsp,8,-0.1568974898805768,NA,NA,NA,NA,q=7
8,7,4,fiscal_dlsp,9,-0.10550092645444824,NA,NA,NA,NA,q=7
8,7,4,fiscal_dlsp,10,-0.05816536117598771,NA,NA,NA,NA,q=7
8,7,4,fiscal_dlsp,11,0.003487111286517218,NA,NA,NA,NA,q=7
8,7,4,fiscal_dlsp,12,0.07072525127503766,NA,NA,NA,NA,q=7
8,7,4,fiscal_dlsp,13,0.12536790821661592,NA,NA,NA,NA,q=7
8,7,4,fiscal_dlsp,14,0.17580148980032706,NA,NA,NA,NA,q=7
8,7,4,fiscal_dlsp,15,0.22340777842313864,NA,NA,NA,NA,q=7
8,7,4,fiscal_dlsp,16,0.263578677092184,NA,NA,NA,NA,q=7
8,7,4,fiscal_dlsp,17,0.29947814556175173,NA,NA,NA,NA,q=7
8,7,4,fiscal_dlsp,18,0.33349786841757123,NA,NA,NA,NA,q=7
8,7,4,fiscal_dlsp,19,0.36502345638864364,NA,NA,NA,NA,q=7
8,7,4,fiscal_dlsp,20,0.39329349835119104,NA,NA,NA,NA,q=7
8,7,4,fiscal_dlsp,21,0.41864588703364036,NA,NA,NA,NA,q=7
8,7,4,fiscal_dlsp,22,0.44103924784645115,NA,NA,NA,NA,q=7
8,7,4,fiscal_dlsp,23,0.4598294632091836,NA,NA,NA,NA,q=7
8,7,4,fiscal_dlsp,24,0.47534479165303256,NA,NA,NA,NA,q=7
8,7,4,fiscal_dlsp,25,0.4881451265489394,NA,NA,NA,NA,q=7
8,7,4,fiscal_dlsp,26,0.4983503536091597,NA,NA,NA,NA,q=7
8,7,4,fiscal_dlsp,27,0.506255927243176,NA,NA,NA,NA,q=7
8,7,4,fiscal_dlsp,28,0.5122026405365913,NA,NA,NA,NA,q=7
8,7,4,fiscal_dlsp,29,0.5163238780373316,NA,NA,NA,NA,q=7
8,7,4,fiscal_dlsp,30,0.5187025889242043,NA,NA,NA,NA,q=7
8,7,4,fiscal_dlsp,31,0.5194559012668554,NA,NA,NA,NA,q=7
8,7,4,fiscal_dlsp,32,0.5186898850544845,NA,NA,NA,NA,q=7
8,7,4,fiscal_dlsp,33,0.5164773893498219,NA,NA,NA,NA,q=7
8,7,4,fiscal_dlsp,34,0.5129031365796449,NA,NA,NA,NA,q=7
8,7,4,fiscal_dlsp,35,0.5080576035489011,NA,NA,NA,NA,q=7
8,7,4,fiscal_dlsp,36,0.501999198247251,NA,NA,NA,NA,q=7
8,7,4,fiscal_dlsp,37,0.49477062290544627,NA,NA,NA,NA,q=7
8,7,4,fiscal_dlsp,38,0.48640994526579734,NA,NA,NA,NA,q=7
8,7,4,fiscal_dlsp,39,0.4769418921803869,NA,NA,NA,NA,q=7
8,7,4,fiscal_dlsp,40,0.46638474715150646,NA,NA,NA,NA,q=7
8,7,4,fiscal_dlsp,41,0.4547589507466195,NA,NA,NA,NA,q=7
8,7,4,fiscal_dlsp,42,0.442087193464177,NA,NA,NA,NA,q=7
8,7,4,fiscal_dlsp,43,0.42839399204527673,NA,NA,NA,NA,q=7
8,7,4,fiscal_dlsp,44,0.4137075421330733,NA,NA,NA,NA,q=7
8,7,4,fiscal_dlsp,45,0.39806049093792634,NA,NA,NA,NA,q=7
8,7,4,fiscal_dlsp,46,0.3814889488687467,NA,NA,NA,NA,q=7
8,7,4,fiscal_dlsp,47,0.3640329041713308,NA,NA,NA,NA,q=7
8,7,4,fiscal_dlsp,48,0.3457371605774926,NA,NA,NA,NA,q=7
8,7,4,fiscal_primary_balance,0,-446.05914538964186,NA,NA,NA,NA,q=7
8,7,4,fiscal_primary_balance,1,-2250.838662468474,NA,NA,NA,NA,q=7
8,7,4,fiscal_primary_balance,2,-2907.9332579039556,NA,NA,NA,NA,q=7
8,7,4,fiscal_primary_balance,3,-1748.5033228954633,NA,NA,NA,NA,q=7
8,7,4,fiscal_primary_balance,4,-1618.1689889567317,NA,NA,NA,NA,q=7
8,7,4,fiscal_primary_balance,5,-1446.8815745780892,NA,NA,NA,NA,q=7
8,7,4,fiscal_primary_balance,6,-481.87849796177676,NA,NA,NA,NA,q=7
8,7,4,fiscal_primary_balance,7,-281.0471384532565,NA,NA,NA,NA,q=7
8,7,4,fiscal_primary_balance,8,782.7814460208033,NA,NA,NA,NA,q=7
8,7,4,fiscal_primary_balance,9,1730.7122519558186,NA,NA,NA,NA,q=7
8,7,4,fiscal_primary_balance,10,2509.696939862623,NA,NA,NA,NA,q=7
8,7,4,fiscal_primary_balance,11,3325.234456111331,NA,NA,NA,NA,q=7
8,7,4,fiscal_primary_balance,12,3730.2641273686227,NA,NA,NA,NA,q=7
8,7,4,fiscal_primary_balance,13,3915.3186192966277,NA,NA,NA,NA,q=7
8,7,4,fiscal_primary_balance,14,4024.112712528662,NA,NA,NA,NA,q=7
8,7,4,fiscal_primary_balance,15,4019.824733414924,NA,NA,NA,NA,q=7
8,7,4,fiscal_primary_balance,16,3989.1288684772635,NA,NA,NA,NA,q=7
8,7,4,fiscal_primary_balance,17,3932.4719222022572,NA,NA,NA,NA,q=7
8,7,4,fiscal_primary_balance,18,3861.443023090771,NA,NA,NA,NA,q=7
8,7,4,fiscal_primary_balance,19,3757.556827218565,NA,NA,NA,NA,q=7
8,7,4,fiscal_primary_balance,20,3600.2568462159375,NA,NA,NA,NA,q=7
8,7,4,fiscal_primary_balance,21,3410.032947578066,NA,NA,NA,NA,q=7
8,7,4,fiscal_primary_balance,22,3182.622106725098,NA,NA,NA,NA,q=7
8,7,4,fiscal_primary_balance,23,2924.44259898344,NA,NA,NA,NA,q=7
8,7,4,fiscal_primary_balance,24,2654.6838616509426,NA,NA,NA,NA,q=7
8,7,4,fiscal_primary_balance,25,2377.529086608032,NA,NA,NA,NA,q=7
8,7,4,fiscal_primary_balance,26,2097.3341038301405,NA,NA,NA,NA,q=7
8,7,4,fiscal_primary_balance,27,1818.1409691656816,NA,NA,NA,NA,q=7
8,7,4,fiscal_primary_balance,28,1540.7247520725646,NA,NA,NA,NA,q=7
8,7,4,fiscal_primary_balance,29,1265.7107485817867,NA,NA,NA,NA,q=7
8,7,4,fiscal_primary_balance,30,993.5535625850326,NA,NA,NA,NA,q=7
8,7,4,fiscal_primary_balance,31,725.8689672613996,NA,NA,NA,NA,q=7
8,7,4,fiscal_primary_balance,32,463.92577179451877,NA,NA,NA,NA,q=7
8,7,4,fiscal_primary_balance,33,208.42105448086824,NA,NA,NA,NA,q=7
8,7,4,fiscal_primary_balance,34,-39.64992318986374,NA,NA,NA,NA,q=7
8,7,4,fiscal_primary_balance,35,-279.97503604025354,NA,NA,NA,NA,q=7
8,7,4,fiscal_primary_balance,36,-512.7240421374298,NA,NA,NA,NA,q=7
8,7,4,fiscal_primary_balance,37,-738.0404575073045,NA,NA,NA,NA,q=7
8,7,4,fiscal_primary_balance,38,-956.1775078735086,NA,NA,NA,NA,q=7
8,7,4,fiscal_primary_balance,39,-1167.3729806231152,NA,NA,NA,NA,q=7
8,7,4,fiscal_primary_balance,40,-1371.7622383326996,NA,NA,NA,NA,q=7
8,7,4,fiscal_primary_balance,41,-1569.3835426284631,NA,NA,NA,NA,q=7
8,7,4,fiscal_primary_balance,42,-1760.2093512931272,NA,NA,NA,NA,q=7
8,7,4,fiscal_primary_balance,43,-1944.185816852961,NA,NA,NA,NA,q=7
8,7,4,fiscal_primary_balance,44,-2121.2072680088645,NA,NA,NA,NA,q=7
8,7,4,fiscal_primary_balance,45,-2291.129782340712,NA,NA,NA,NA,q=7
8,7,4,fiscal_primary_balance,46,-2453.782304814678,NA,NA,NA,NA,q=7
8,7,4,fiscal_primary_balance,47,-2608.945347930598,NA,NA,NA,NA,q=7
8,7,4,fiscal_primary_balance,48,-2756.3572964195328,NA,NA,NA,NA,q=7
8,7,4,dlsp_exchange_adjustment,0,-24747.30096918041,NA,NA,NA,NA,q=7
8,7,4,dlsp_exchange_adjustment,1,-20573.39501900453,NA,NA,NA,NA,q=7
8,7,4,dlsp_exchange_adjustment,2,3169.049990557548,NA,NA,NA,NA,q=7
8,7,4,dlsp_exchange_adjustment,3,-5821.924780221366,NA,NA,NA,NA,q=7
8,7,4,dlsp_exchange_adjustment,4,2623.9731573917516,NA,NA,NA,NA,q=7
8,7,4,dlsp_exchange_adjustment,5,6483.633510637138,NA,NA,NA,NA,q=7
8,7,4,dlsp_exchange_adjustment,6,7431.379872896362,NA,NA,NA,NA,q=7
8,7,4,dlsp_exchange_adjustment,7,5621.033053230348,NA,NA,NA,NA,q=7
8,7,4,dlsp_exchange_adjustment,8,4606.269743693587,NA,NA,NA,NA,q=7
8,7,4,dlsp_exchange_adjustment,9,5179.801685758081,NA,NA,NA,NA,q=7
8,7,4,dlsp_exchange_adjustment,10,3890.623026796511,NA,NA,NA,NA,q=7
8,7,4,dlsp_exchange_adjustment,11,3536.577329206754,NA,NA,NA,NA,q=7
8,7,4,dlsp_exchange_adjustment,12,3749.834280599776,NA,NA,NA,NA,q=7
8,7,4,dlsp_exchange_adjustment,13,2828.185126838471,NA,NA,NA,NA,q=7
8,7,4,dlsp_exchange_adjustment,14,2273.7546334502513,NA,NA,NA,NA,q=7
8,7,4,dlsp_exchange_adjustment,15,1947.0408912629823,NA,NA,NA,NA,q=7
8,7,4,dlsp_exchange_adjustment,16,1321.8825098782615,NA,NA,NA,NA,q=7
8,7,4,dlsp_exchange_adjustment,17,816.6799163041851,NA,NA,NA,NA,q=7
8,7,4,dlsp_exchange_adjustment,18,441.58575944279096,NA,NA,NA,NA,q=7
8,7,4,dlsp_exchange_adjustment,19,108.27277131668538,NA,NA,NA,NA,q=7
8,7,4,dlsp_exchange_adjustment,20,-232.07197962205186,NA,NA,NA,NA,q=7
8,7,4,dlsp_exchange_adjustment,21,-534.395388461684,NA,NA,NA,NA,q=7
8,7,4,dlsp_exchange_adjustment,22,-785.632965395856,NA,NA,NA,NA,q=7
8,7,4,dlsp_exchange_adjustment,23,-1053.5597151656275,NA,NA,NA,NA,q=7
8,7,4,dlsp_exchange_adjustment,24,-1301.1101377272976,NA,NA,NA,NA,q=7
8,7,4,dlsp_exchange_adjustment,25,-1504.153080627584,NA,NA,NA,NA,q=7
8,7,4,dlsp_exchange_adjustment,26,-1692.5541581930695,NA,NA,NA,NA,q=7
8,7,4,dlsp_exchange_adjustment,27,-1857.9193535807228,NA,NA,NA,NA,q=7
8,7,4,dlsp_exchange_adjustment,28,-1994.8024708712412,NA,NA,NA,NA,q=7
8,7,4,dlsp_exchange_adjustment,29,-2113.9729210631863,NA,NA,NA,NA,q=7
8,7,4,dlsp_exchange_adjustment,30,-2219.8571759020647,NA,NA,NA,NA,q=7
8,7,4,dlsp_exchange_adjustment,31,-2313.29890400182,NA,NA,NA,NA,q=7
8,7,4,dlsp_exchange_adjustment,32,-2395.5884363220443,NA,NA,NA,NA,q=7
8,7,4,dlsp_exchange_adjustment,33,-2469.929127398092,NA,NA,NA,NA,q=7
8,7,4,dlsp_exchange_adjustment,34,-2537.111716302347,NA,NA,NA,NA,q=7
8,7,4,dlsp_exchange_adjustment,35,-2596.5812422687463,NA,NA,NA,NA,q=7
8,7,4,dlsp_exchange_adjustment,36,-2649.957826281704,NA,NA,NA,NA,q=7
8,7,4,dlsp_exchange_adjustment,37,-2698.116879774226,NA,NA,NA,NA,q=7
8,7,4,dlsp_exchange_adjustment,38,-2741.0421691938327,NA,NA,NA,NA,q=7
8,7,4,dlsp_exchange_adjustment,39,-2779.297670200382,NA,NA,NA,NA,q=7
8,7,4,dlsp_exchange_adjustment,40,-2813.175717351557,NA,NA,NA,NA,q=7
8,7,4,dlsp_exchange_adjustment,41,-2842.5091399346934,NA,NA,NA,NA,q=7
8,7,4,dlsp_exchange_adjustment,42,-2867.0568989670282,NA,NA,NA,NA,q=7
8,7,4,dlsp_exchange_adjustment,43,-2886.569846662878,NA,NA,NA,NA,q=7
8,7,4,dlsp_exchange_adjustment,44,-2900.719618001109,NA,NA,NA,NA,q=7
8,7,4,dlsp_exchange_adjustment,45,-2909.110890079533,NA,NA,NA,NA,q=7
8,7,4,dlsp_exchange_adjustment,46,-2911.425370174878,NA,NA,NA,NA,q=7
8,7,4,dlsp_exchange_adjustment,47,-2907.387831789483,NA,NA,NA,NA,q=7
8,7,4,dlsp_exchange_adjustment,48,-2896.7153484810924,NA,NA,NA,NA,q=7
8,7,4,expect_focus_selic_ny,0,0.6433666725092796,NA,NA,NA,NA,q=7
8,7,4,expect_focus_selic_ny,1,0.6335155732202595,NA,NA,NA,NA,q=7
8,7,4,expect_focus_selic_ny,2,0.6146500280030245,NA,NA,NA,NA,q=7
8,7,4,expect_focus_selic_ny,3,0.6481947905641389,NA,NA,NA,NA,q=7
8,7,4,expect_focus_selic_ny,4,0.5379680323035155,NA,NA,NA,NA,q=7
8,7,4,expect_focus_selic_ny,5,0.4853599767441095,NA,NA,NA,NA,q=7
8,7,4,expect_focus_selic_ny,6,0.49569377294690287,NA,NA,NA,NA,q=7
8,7,4,expect_focus_selic_ny,7,0.44559728544682264,NA,NA,NA,NA,q=7
8,7,4,expect_focus_selic_ny,8,0.41686230043836636,NA,NA,NA,NA,q=7
8,7,4,expect_focus_selic_ny,9,0.3843978559940653,NA,NA,NA,NA,q=7
8,7,4,expect_focus_selic_ny,10,0.33589794588168176,NA,NA,NA,NA,q=7
8,7,4,expect_focus_selic_ny,11,0.2826658223780207,NA,NA,NA,NA,q=7
8,7,4,expect_focus_selic_ny,12,0.22579428465730253,NA,NA,NA,NA,q=7
8,7,4,expect_focus_selic_ny,13,0.1745199248882666,NA,NA,NA,NA,q=7
8,7,4,expect_focus_selic_ny,14,0.12384416806864154,NA,NA,NA,NA,q=7
8,7,4,expect_focus_selic_ny,15,0.07731735639656691,NA,NA,NA,NA,q=7
8,7,4,expect_focus_selic_ny,16,0.03792484173949721,NA,NA,NA,NA,q=7
8,7,4,expect_focus_selic_ny,17,-6.664194913743636e-4,NA,NA,NA,NA,q=7
8,7,4,expect_focus_selic_ny,18,-0.03720237999976583,NA,NA,NA,NA,q=7
8,7,4,expect_focus_selic_ny,19,-0.07068082206876306,NA,NA,NA,NA,q=7
8,7,4,expect_focus_selic_ny,20,-0.10279847979311837,NA,NA,NA,NA,q=7
8,7,4,expect_focus_selic_ny,21,-0.13282001535851445,NA,NA,NA,NA,q=7
8,7,4,expect_focus_selic_ny,22,-0.16028407741805062,NA,NA,NA,NA,q=7
8,7,4,expect_focus_selic_ny,23,-0.1852679527135134,NA,NA,NA,NA,q=7
8,7,4,expect_focus_selic_ny,24,-0.20796940446276574,NA,NA,NA,NA,q=7
8,7,4,expect_focus_selic_ny,25,-0.22861116049789337,NA,NA,NA,NA,q=7
8,7,4,expect_focus_selic_ny,26,-0.2472916845544878,NA,NA,NA,NA,q=7
8,7,4,expect_focus_selic_ny,27,-0.2643682832501324,NA,NA,NA,NA,q=7
8,7,4,expect_focus_selic_ny,28,-0.2800341207582484,NA,NA,NA,NA,q=7
8,7,4,expect_focus_selic_ny,29,-0.29429564700516603,NA,NA,NA,NA,q=7
8,7,4,expect_focus_selic_ny,30,-0.30726703906016145,NA,NA,NA,NA,q=7
8,7,4,expect_focus_selic_ny,31,-0.31900063876116663,NA,NA,NA,NA,q=7
8,7,4,expect_focus_selic_ny,32,-0.32949943057136,NA,NA,NA,NA,q=7
8,7,4,expect_focus_selic_ny,33,-0.33880217396252027,NA,NA,NA,NA,q=7
8,7,4,expect_focus_selic_ny,34,-0.3469441892822694,NA,NA,NA,NA,q=7
8,7,4,expect_focus_selic_ny,35,-0.35394852973752045,NA,NA,NA,NA,q=7
8,7,4,expect_focus_selic_ny,36,-0.35982651348143047,NA,NA,NA,NA,q=7
8,7,4,expect_focus_selic_ny,37,-0.3645851507870306,NA,NA,NA,NA,q=7
8,7,4,expect_focus_selic_ny,38,-0.3682247542773992,NA,NA,NA,NA,q=7
8,7,4,expect_focus_selic_ny,39,-0.3707349529622118,NA,NA,NA,NA,q=7
8,7,4,expect_focus_selic_ny,40,-0.37210827361784643,NA,NA,NA,NA,q=7
8,7,4,expect_focus_selic_ny,41,-0.3723414085379492,NA,NA,NA,NA,q=7
8,7,4,expect_focus_selic_ny,42,-0.37143295296682743,NA,NA,NA,NA,q=7
8,7,4,expect_focus_selic_ny,43,-0.36938792640481494,NA,NA,NA,NA,q=7
8,7,4,expect_focus_selic_ny,44,-0.36621766943203604,NA,NA,NA,NA,q=7
8,7,4,expect_focus_selic_ny,45,-0.36193853874742205,NA,NA,NA,NA,q=7
8,7,4,expect_focus_selic_ny,46,-0.35657222355556406,NA,NA,NA,NA,q=7
8,7,4,expect_focus_selic_ny,47,-0.3501458846619403,NA,NA,NA,NA,q=7
8,7,4,expect_focus_selic_ny,48,-0.3426920145802058,NA,NA,NA,NA,q=7
8,7,4,expect_focus_pib_ny,0,-0.273257660603093,NA,NA,NA,NA,q=7
8,7,4,expect_focus_pib_ny,1,-0.24960745978777105,NA,NA,NA,NA,q=7
8,7,4,expect_focus_pib_ny,2,-0.2454073309543654,NA,NA,NA,NA,q=7
8,7,4,expect_focus_pib_ny,3,-0.2617462684893923,NA,NA,NA,NA,q=7
8,7,4,expect_focus_pib_ny,4,-0.20510690427724626,NA,NA,NA,NA,q=7
8,7,4,expect_focus_pib_ny,5,-0.18519757662991582,NA,NA,NA,NA,q=7
8,7,4,expect_focus_pib_ny,6,-0.19992244825678143,NA,NA,NA,NA,q=7
8,7,4,expect_focus_pib_ny,7,-0.17841963998114693,NA,NA,NA,NA,q=7
8,7,4,expect_focus_pib_ny,8,-0.17141295314370036,NA,NA,NA,NA,q=7
8,7,4,expect_focus_pib_ny,9,-0.16325959785663927,NA,NA,NA,NA,q=7
8,7,4,expect_focus_pib_ny,10,-0.14388526402961427,NA,NA,NA,NA,q=7
8,7,4,expect_focus_pib_ny,11,-0.12226680001962727,NA,NA,NA,NA,q=7
8,7,4,expect_focus_pib_ny,12,-0.09830519987842877,NA,NA,NA,NA,q=7
8,7,4,expect_focus_pib_ny,13,-0.07561995968048293,NA,NA,NA,NA,q=7
8,7,4,expect_focus_pib_ny,14,-0.05269924699918129,NA,NA,NA,NA,q=7
8,7,4,expect_focus_pib_ny,15,-0.03172454802620696,NA,NA,NA,NA,q=7
8,7,4,expect_focus_pib_ny,16,-0.013970889719529757,NA,NA,NA,NA,q=7
8,7,4,expect_focus_pib_ny,17,0.003844874353852527,NA,NA,NA,NA,q=7
8,7,4,expect_focus_pib_ny,18,0.020831442223696487,NA,NA,NA,NA,q=7
8,7,4,expect_focus_pib_ny,19,0.03653545533620262,NA,NA,NA,NA,q=7
8,7,4,expect_focus_pib_ny,20,0.05198879462442815,NA,NA,NA,NA,q=7
8,7,4,expect_focus_pib_ny,21,0.06666501870499818,NA,NA,NA,NA,q=7
8,7,4,expect_focus_pib_ny,22,0.0802569687479918,NA,NA,NA,NA,q=7
8,7,4,expect_focus_pib_ny,23,0.09282443382230193,NA,NA,NA,NA,q=7
8,7,4,expect_focus_pib_ny,24,0.10438408047937514,NA,NA,NA,NA,q=7
8,7,4,expect_focus_pib_ny,25,0.11498185685796164,NA,NA,NA,NA,q=7
8,7,4,expect_focus_pib_ny,26,0.1246521333408907,NA,NA,NA,NA,q=7
8,7,4,expect_focus_pib_ny,27,0.13355517891541804,NA,NA,NA,NA,q=7
8,7,4,expect_focus_pib_ny,28,0.14176097538136112,NA,NA,NA,NA,q=7
8,7,4,expect_focus_pib_ny,29,0.14925691450647818,NA,NA,NA,NA,q=7
8,7,4,expect_focus_pib_ny,30,0.15609433255650376,NA,NA,NA,NA,q=7
8,7,4,expect_focus_pib_ny,31,0.16228620536647584,NA,NA,NA,NA,q=7
8,7,4,expect_focus_pib_ny,32,0.16782222749367745,NA,NA,NA,NA,q=7
8,7,4,expect_focus_pib_ny,33,0.17271893351616904,NA,NA,NA,NA,q=7
8,7,4,expect_focus_pib_ny,34,0.17699129845871892,NA,NA,NA,NA,q=7
8,7,4,expect_focus_pib_ny,35,0.18064930725611456,NA,NA,NA,NA,q=7
8,7,4,expect_focus_pib_ny,36,0.18370116592010383,NA,NA,NA,NA,q=7
8,7,4,expect_focus_pib_ny,37,0.18615409061370566,NA,NA,NA,NA,q=7
8,7,4,expect_focus_pib_ny,38,0.18801185867938786,NA,NA,NA,NA,q=7
8,7,4,expect_focus_pib_ny,39,0.18927335128038472,NA,NA,NA,NA,q=7
8,7,4,expect_focus_pib_ny,40,0.18993920822128518,NA,NA,NA,NA,q=7
8,7,4,expect_focus_pib_ny,41,0.1900117601917335,NA,NA,NA,NA,q=7
8,7,4,expect_focus_pib_ny,42,0.1894938788995821,NA,NA,NA,NA,q=7
8,7,4,expect_focus_pib_ny,43,0.18839155334812027,NA,NA,NA,NA,q=7
8,7,4,expect_focus_pib_ny,44,0.18671355171492685,NA,NA,NA,NA,q=7
8,7,4,expect_focus_pib_ny,45,0.1844706025797437,NA,NA,NA,NA,q=7
8,7,4,expect_focus_pib_ny,46,0.1816756812288252,NA,NA,NA,NA,q=7
8,7,4,expect_focus_pib_ny,47,0.17834402447445746,NA,NA,NA,NA,q=7
8,7,4,expect_focus_pib_ny,48,0.17449301139411777,NA,NA,NA,NA,q=7
8,7,4,expect_focus_cambio_ny,0,0.0663418411926037,NA,NA,NA,NA,q=7
8,7,4,expect_focus_cambio_ny,1,0.09804891610550431,NA,NA,NA,NA,q=7
8,7,4,expect_focus_cambio_ny,2,0.09778534033690446,NA,NA,NA,NA,q=7
8,7,4,expect_focus_cambio_ny,3,0.09753078551667776,NA,NA,NA,NA,q=7
8,7,4,expect_focus_cambio_ny,4,0.08965881723030139,NA,NA,NA,NA,q=7
8,7,4,expect_focus_cambio_ny,5,0.0655213172307493,NA,NA,NA,NA,q=7
8,7,4,expect_focus_cambio_ny,6,0.04701353530026252,NA,NA,NA,NA,q=7
8,7,4,expect_focus_cambio_ny,7,0.03154019486904402,NA,NA,NA,NA,q=7
8,7,4,expect_focus_cambio_ny,8,0.015263563639761763,NA,NA,NA,NA,q=7
8,7,4,expect_focus_cambio_ny,9,0.0031885675847303945,NA,NA,NA,NA,q=7
8,7,4,expect_focus_cambio_ny,10,-0.005585164137139672,NA,NA,NA,NA,q=7
8,7,4,expect_focus_cambio_ny,11,-0.013321615046184287,NA,NA,NA,NA,q=7
8,7,4,expect_focus_cambio_ny,12,-0.020311864813529087,NA,NA,NA,NA,q=7
8,7,4,expect_focus_cambio_ny,13,-0.025267596038079786,NA,NA,NA,NA,q=7
8,7,4,expect_focus_cambio_ny,14,-0.02867791744781779,NA,NA,NA,NA,q=7
8,7,4,expect_focus_cambio_ny,15,-0.03166382241879558,NA,NA,NA,NA,q=7
8,7,4,expect_focus_cambio_ny,16,-0.03372708139762571,NA,NA,NA,NA,q=7
8,7,4,expect_focus_cambio_ny,17,-0.03483418818954232,NA,NA,NA,NA,q=7
8,7,4,expect_focus_cambio_ny,18,-0.03559437939290505,NA,NA,NA,NA,q=7
8,7,4,expect_focus_cambio_ny,19,-0.03597742132577303,NA,NA,NA,NA,q=7
8,7,4,expect_focus_cambio_ny,20,-0.035910085602480726,NA,NA,NA,NA,q=7
8,7,4,expect_focus_cambio_ny,21,-0.035544336148680154,NA,NA,NA,NA,q=7
8,7,4,expect_focus_cambio_ny,22,-0.03495324354284325,NA,NA,NA,NA,q=7
8,7,4,expect_focus_cambio_ny,23,-0.03411440583527922,NA,NA,NA,NA,q=7
8,7,4,expect_focus_cambio_ny,24,-0.033053568068934655,NA,NA,NA,NA,q=7
8,7,4,expect_focus_cambio_ny,25,-0.031850321166148776,NA,NA,NA,NA,q=7
8,7,4,expect_focus_cambio_ny,26,-0.03053101515479472,NA,NA,NA,NA,q=7
8,7,4,expect_focus_cambio_ny,27,-0.029106723417966666,NA,NA,NA,NA,q=7
8,7,4,expect_focus_cambio_ny,28,-0.02762003991533029,NA,NA,NA,NA,q=7
8,7,4,expect_focus_cambio_ny,29,-0.026093424851035985,NA,NA,NA,NA,q=7
8,7,4,expect_focus_cambio_ny,30,-0.024531521031097236,NA,NA,NA,NA,q=7
8,7,4,expect_focus_cambio_ny,31,-0.02294736513880169,NA,NA,NA,NA,q=7
8,7,4,expect_focus_cambio_ny,32,-0.0213522318775138,NA,NA,NA,NA,q=7
8,7,4,expect_focus_cambio_ny,33,-0.019750661961809836,NA,NA,NA,NA,q=7
8,7,4,expect_focus_cambio_ny,34,-0.018147391023759278,NA,NA,NA,NA,q=7
8,7,4,expect_focus_cambio_ny,35,-0.016548950499216227,NA,NA,NA,NA,q=7
8,7,4,expect_focus_cambio_ny,36,-0.014959995487376039,NA,NA,NA,NA,q=7
8,7,4,expect_focus_cambio_ny,37,-0.013383408697692214,NA,NA,NA,NA,q=7
8,7,4,expect_focus_cambio_ny,38,-0.01182285900167416,NA,NA,NA,NA,q=7
8,7,4,expect_focus_cambio_ny,39,-0.01028180500916583,NA,NA,NA,NA,q=7
8,7,4,expect_focus_cambio_ny,40,-0.008762837644730865,NA,NA,NA,NA,q=7
8,7,4,expect_focus_cambio_ny,41,-0.007268908002477632,NA,NA,NA,NA,q=7
8,7,4,expect_focus_cambio_ny,42,-0.005803323807420463,NA,NA,NA,NA,q=7
8,7,4,expect_focus_cambio_ny,43,-0.004369296658591622,NA,NA,NA,NA,q=7
8,7,4,expect_focus_cambio_ny,44,-0.0029701198763011512,NA,NA,NA,NA,q=7
8,7,4,expect_focus_cambio_ny,45,-0.0016092391756843691,NA,NA,NA,NA,q=7
8,7,4,expect_focus_cambio_ny,46,-2.9004796679648644e-4,NA,NA,NA,NA,q=7
8,7,4,expect_focus_cambio_ny,47,9.842157907596122e-4,NA,NA,NA,NA,q=7
8,7,4,expect_focus_cambio_ny,48,0.0022104342793441835,NA,NA,NA,NA,q=7
8,7,4,expect_focus_fiscal_dlsp_ny,0,-0.13756215710820732,NA,NA,NA,NA,q=7
8,7,4,expect_focus_fiscal_dlsp_ny,1,-0.12290555838544506,NA,NA,NA,NA,q=7
8,7,4,expect_focus_fiscal_dlsp_ny,2,-0.061193554947459816,NA,NA,NA,NA,q=7
8,7,4,expect_focus_fiscal_dlsp_ny,3,-0.11863198264754077,NA,NA,NA,NA,q=7
8,7,4,expect_focus_fiscal_dlsp_ny,4,-0.06426966577932565,NA,NA,NA,NA,q=7
8,7,4,expect_focus_fiscal_dlsp_ny,5,-0.12875007610532363,NA,NA,NA,NA,q=7
8,7,4,expect_focus_fiscal_dlsp_ny,6,-0.1755637391450462,NA,NA,NA,NA,q=7
8,7,4,expect_focus_fiscal_dlsp_ny,7,-0.19856644040205684,NA,NA,NA,NA,q=7
8,7,4,expect_focus_fiscal_dlsp_ny,8,-0.22060588124170444,NA,NA,NA,NA,q=7
8,7,4,expect_focus_fiscal_dlsp_ny,9,-0.2073876703083883,NA,NA,NA,NA,q=7
8,7,4,expect_focus_fiscal_dlsp_ny,10,-0.17922754609273608,NA,NA,NA,NA,q=7
8,7,4,expect_focus_fiscal_dlsp_ny,11,-0.14154079266596087,NA,NA,NA,NA,q=7
8,7,4,expect_focus_fiscal_dlsp_ny,12,-0.10231760294506691,NA,NA,NA,NA,q=7
8,7,4,expect_focus_fiscal_dlsp_ny,13,-0.06560157197273357,NA,NA,NA,NA,q=7
8,7,4,expect_focus_fiscal_dlsp_ny,14,-0.024068803152518817,NA,NA,NA,NA,q=7
8,7,4,expect_focus_fiscal_dlsp_ny,15,0.014823716852811305,NA,NA,NA,NA,q=7
8,7,4,expect_focus_fiscal_dlsp_ny,16,0.05147967235430623,NA,NA,NA,NA,q=7
8,7,4,expect_focus_fiscal_dlsp_ny,17,0.09075503676440574,NA,NA,NA,NA,q=7
8,7,4,expect_focus_fiscal_dlsp_ny,18,0.12907647531627547,NA,NA,NA,NA,q=7
8,7,4,expect_focus_fiscal_dlsp_ny,19,0.16564585490069159,NA,NA,NA,NA,q=7
8,7,4,expect_focus_fiscal_dlsp_ny,20,0.20096189895808325,NA,NA,NA,NA,q=7
8,7,4,expect_focus_fiscal_dlsp_ny,21,0.23415301135627775,NA,NA,NA,NA,q=7
8,7,4,expect_focus_fiscal_dlsp_ny,22,0.26473882800718285,NA,NA,NA,NA,q=7
8,7,4,expect_focus_fiscal_dlsp_ny,23,0.2927560563396307,NA,NA,NA,NA,q=7
8,7,4,expect_focus_fiscal_dlsp_ny,24,0.31864681905468656,NA,NA,NA,NA,q=7
8,7,4,expect_focus_fiscal_dlsp_ny,25,0.34244583591719713,NA,NA,NA,NA,q=7
8,7,4,expect_focus_fiscal_dlsp_ny,26,0.364153731705133,NA,NA,NA,NA,q=7
8,7,4,expect_focus_fiscal_dlsp_ny,27,0.38407978921860214,NA,NA,NA,NA,q=7
8,7,4,expect_focus_fiscal_dlsp_ny,28,0.4022312755908502,NA,NA,NA,NA,q=7
8,7,4,expect_focus_fiscal_dlsp_ny,29,0.41855277370727983,NA,NA,NA,NA,q=7
8,7,4,expect_focus_fiscal_dlsp_ny,30,0.433137196818865,NA,NA,NA,NA,q=7
8,7,4,expect_focus_fiscal_dlsp_ny,31,0.44602406481264373,NA,NA,NA,NA,q=7
8,7,4,expect_focus_fiscal_dlsp_ny,32,0.45723405690163005,NA,NA,NA,NA,q=7
8,7,4,expect_focus_fiscal_dlsp_ny,33,0.4668168550529997,NA,NA,NA,NA,q=7
8,7,4,expect_focus_fiscal_dlsp_ny,34,0.47482117157053977,NA,NA,NA,NA,q=7
8,7,4,expect_focus_fiscal_dlsp_ny,35,0.4812713257942232,NA,NA,NA,NA,q=7
8,7,4,expect_focus_fiscal_dlsp_ny,36,0.48617289855569895,NA,NA,NA,NA,q=7
8,7,4,expect_focus_fiscal_dlsp_ny,37,0.4895336795438713,NA,NA,NA,NA,q=7
8,7,4,expect_focus_fiscal_dlsp_ny,38,0.4913523779342942,NA,NA,NA,NA,q=7
8,7,4,expect_focus_fiscal_dlsp_ny,39,0.4916197760370615,NA,NA,NA,NA,q=7
8,7,4,expect_focus_fiscal_dlsp_ny,40,0.4903342581554116,NA,NA,NA,NA,q=7
8,7,4,expect_focus_fiscal_dlsp_ny,41,0.48749821993097564,NA,NA,NA,NA,q=7
8,7,4,expect_focus_fiscal_dlsp_ny,42,0.48311633796056125,NA,NA,NA,NA,q=7
8,7,4,expect_focus_fiscal_dlsp_ny,43,0.4771997350636432,NA,NA,NA,NA,q=7
8,7,4,expect_focus_fiscal_dlsp_ny,44,0.4697658368603343,NA,NA,NA,NA,q=7
8,7,4,expect_focus_fiscal_dlsp_ny,45,0.46083770952283515,NA,NA,NA,NA,q=7
8,7,4,expect_focus_fiscal_dlsp_ny,46,0.45044483447578104,NA,NA,NA,NA,q=7
8,7,4,expect_focus_fiscal_dlsp_ny,47,0.4386241654852191,NA,NA,NA,NA,q=7
8,7,4,expect_focus_fiscal_dlsp_ny,48,0.4254201062670104,NA,NA,NA,NA,q=7
8,7,4,expect_focus_fiscal_primary_balance_ny,0,-0.11600608298924563,NA,NA,NA,NA,q=7
8,7,4,expect_focus_fiscal_primary_balance_ny,1,-0.09696588572670965,NA,NA,NA,NA,q=7
8,7,4,expect_focus_fiscal_primary_balance_ny,2,-0.09961556068244763,NA,NA,NA,NA,q=7
8,7,4,expect_focus_fiscal_primary_balance_ny,3,-0.09514403099613297,NA,NA,NA,NA,q=7
8,7,4,expect_focus_fiscal_primary_balance_ny,4,-0.07807133075279436,NA,NA,NA,NA,q=7
8,7,4,expect_focus_fiscal_primary_balance_ny,5,-0.05118181667976307,NA,NA,NA,NA,q=7
8,7,4,expect_focus_fiscal_primary_balance_ny,6,-0.04555438760518081,NA,NA,NA,NA,q=7
8,7,4,expect_focus_fiscal_primary_balance_ny,7,-0.028157882248628953,NA,NA,NA,NA,q=7
8,7,4,expect_focus_fiscal_primary_balance_ny,8,-0.019109305583756266,NA,NA,NA,NA,q=7
8,7,4,expect_focus_fiscal_primary_balance_ny,9,-0.018257720863007098,NA,NA,NA,NA,q=7
8,7,4,expect_focus_fiscal_primary_balance_ny,10,-0.017911325710217484,NA,NA,NA,NA,q=7
8,7,4,expect_focus_fiscal_primary_balance_ny,11,-0.019335947302349867,NA,NA,NA,NA,q=7
8,7,4,expect_focus_fiscal_primary_balance_ny,12,-0.019668088980281433,NA,NA,NA,NA,q=7
8,7,4,expect_focus_fiscal_primary_balance_ny,13,-0.02015738673581345,NA,NA,NA,NA,q=7
8,7,4,expect_focus_fiscal_primary_balance_ny,14,-0.021093675266075192,NA,NA,NA,NA,q=7
8,7,4,expect_focus_fiscal_primary_balance_ny,15,-0.0217769325455266,NA,NA,NA,NA,q=7
8,7,4,expect_focus_fiscal_primary_balance_ny,16,-0.0233125106807501,NA,NA,NA,NA,q=7
8,7,4,expect_focus_fiscal_primary_balance_ny,17,-0.025254452762725685,NA,NA,NA,NA,q=7
8,7,4,expect_focus_fiscal_primary_balance_ny,18,-0.027273919405589847,NA,NA,NA,NA,q=7
8,7,4,expect_focus_fiscal_primary_balance_ny,19,-0.02944330704846755,NA,NA,NA,NA,q=7
8,7,4,expect_focus_fiscal_primary_balance_ny,20,-0.03137378582690728,NA,NA,NA,NA,q=7
8,7,4,expect_focus_fiscal_primary_balance_ny,21,-0.03305912791793984,NA,NA,NA,NA,q=7
8,7,4,expect_focus_fiscal_primary_balance_ny,22,-0.03448620544424662,NA,NA,NA,NA,q=7
8,7,4,expect_focus_fiscal_primary_balance_ny,23,-0.03566041212806185,NA,NA,NA,NA,q=7
8,7,4,expect_focus_fiscal_primary_balance_ny,24,-0.03668486607129664,NA,NA,NA,NA,q=7
8,7,4,expect_focus_fiscal_primary_balance_ny,25,-0.03756088654477091,NA,NA,NA,NA,q=7
8,7,4,expect_focus_fiscal_primary_balance_ny,26,-0.03831494705798706,NA,NA,NA,NA,q=7
8,7,4,expect_focus_fiscal_primary_balance_ny,27,-0.03896402149470957,NA,NA,NA,NA,q=7
8,7,4,expect_focus_fiscal_primary_balance_ny,28,-0.039488033482051106,NA,NA,NA,NA,q=7
8,7,4,expect_focus_fiscal_primary_balance_ny,29,-0.039891954686884334,NA,NA,NA,NA,q=7
8,7,4,expect_focus_fiscal_primary_balance_ny,30,-0.04017850489035776,NA,NA,NA,NA,q=7
8,7,4,expect_focus_fiscal_primary_balance_ny,31,-0.040353895866832856,NA,NA,NA,NA,q=7
8,7,4,expect_focus_fiscal_primary_balance_ny,32,-0.04043118784309021,NA,NA,NA,NA,q=7
8,7,4,expect_focus_fiscal_primary_balance_ny,33,-0.04041868712156143,NA,NA,NA,NA,q=7
8,7,4,expect_focus_fiscal_primary_balance_ny,34,-0.04032431529970049,NA,NA,NA,NA,q=7
8,7,4,expect_focus_fiscal_primary_balance_ny,35,-0.04015073495917324,NA,NA,NA,NA,q=7
8,7,4,expect_focus_fiscal_primary_balance_ny,36,-0.039896390674935556,NA,NA,NA,NA,q=7
8,7,4,expect_focus_fiscal_primary_balance_ny,37,-0.0395589151679223,NA,NA,NA,NA,q=7
8,7,4,expect_focus_fiscal_primary_balance_ny,38,-0.03913371458994636,NA,NA,NA,NA,q=7
8,7,4,expect_focus_fiscal_primary_balance_ny,39,-0.03861614515339677,NA,NA,NA,NA,q=7
8,7,4,expect_focus_fiscal_primary_balance_ny,40,-0.03800212909016046,NA,NA,NA,NA,q=7
8,7,4,expect_focus_fiscal_primary_balance_ny,41,-0.03728758568234821,NA,NA,NA,NA,q=7
8,7,4,expect_focus_fiscal_primary_balance_ny,42,-0.03646891511713697,NA,NA,NA,NA,q=7
8,7,4,expect_focus_fiscal_primary_balance_ny,43,-0.035542836676488436,NA,NA,NA,NA,q=7
8,7,4,expect_focus_fiscal_primary_balance_ny,44,-0.03450651406692141,NA,NA,NA,NA,q=7
8,7,4,expect_focus_fiscal_primary_balance_ny,45,-0.03335778952969128,NA,NA,NA,NA,q=7
8,7,4,expect_focus_fiscal_primary_balance_ny,46,-0.03209531334327722,NA,NA,NA,NA,q=7
8,7,4,expect_focus_fiscal_primary_balance_ny,47,-0.03071882496819537,NA,NA,NA,NA,q=7
8,7,4,expect_focus_fiscal_primary_balance_ny,48,-0.02922922205691714,NA,NA,NA,NA,q=7
8,7,4,expect_focus_fiscal_nominal_balance_ny,0,-0.24983295655680157,NA,NA,NA,NA,q=7
8,7,4,expect_focus_fiscal_nominal_balance_ny,1,-0.25126414807498043,NA,NA,NA,NA,q=7
8,7,4,expect_focus_fiscal_nominal_balance_ny,2,-0.24252373031624705,NA,NA,NA,NA,q=7
8,7,4,expect_focus_fiscal_nominal_balance_ny,3,-0.2486336160033641,NA,NA,NA,NA,q=7
8,7,4,expect_focus_fiscal_nominal_balance_ny,4,-0.20604734892232401,NA,NA,NA,NA,q=7
8,7,4,expect_focus_fiscal_nominal_balance_ny,5,-0.17244650967498537,NA,NA,NA,NA,q=7
8,7,4,expect_focus_fiscal_nominal_balance_ny,6,-0.16756203660637414,NA,NA,NA,NA,q=7
8,7,4,expect_focus_fiscal_nominal_balance_ny,7,-0.13912966018195477,NA,NA,NA,NA,q=7
8,7,4,expect_focus_fiscal_nominal_balance_ny,8,-0.12469046632478566,NA,NA,NA,NA,q=7
8,7,4,expect_focus_fiscal_nominal_balance_ny,9,-0.1142997668085076,NA,NA,NA,NA,q=7
8,7,4,expect_focus_fiscal_nominal_balance_ny,10,-0.10086848584099632,NA,NA,NA,NA,q=7
8,7,4,expect_focus_fiscal_nominal_balance_ny,11,-0.08901215396249317,NA,NA,NA,NA,q=7
8,7,4,expect_focus_fiscal_nominal_balance_ny,12,-0.07515338873929196,NA,NA,NA,NA,q=7
8,7,4,expect_focus_fiscal_nominal_balance_ny,13,-0.06256481207445372,NA,NA,NA,NA,q=7
8,7,4,expect_focus_fiscal_nominal_balance_ny,14,-0.05056644183731292,NA,NA,NA,NA,q=7
8,7,4,expect_focus_fiscal_nominal_balance_ny,15,-0.03928421428455347,NA,NA,NA,NA,q=7
8,7,4,expect_focus_fiscal_nominal_balance_ny,16,-0.030236640069806548,NA,NA,NA,NA,q=7
8,7,4,expect_focus_fiscal_nominal_balance_ny,17,-0.021596694384149646,NA,NA,NA,NA,q=7
8,7,4,expect_focus_fiscal_nominal_balance_ny,18,-0.013584421853025589,NA,NA,NA,NA,q=7
8,7,4,expect_focus_fiscal_nominal_balance_ny,19,-0.006418547687941327,NA,NA,NA,NA,q=7
8,7,4,expect_focus_fiscal_nominal_balance_ny,20,6.389442562754934e-4,NA,NA,NA,NA,q=7
8,7,4,expect_focus_fiscal_nominal_balance_ny,21,0.007340763396651347,NA,NA,NA,NA,q=7
8,7,4,expect_focus_fiscal_nominal_balance_ny,22,0.013628839053333413,NA,NA,NA,NA,q=7
8,7,4,expect_focus_fiscal_nominal_balance_ny,23,0.01954263442859791,NA,NA,NA,NA,q=7
8,7,4,expect_focus_fiscal_nominal_balance_ny,24,0.02502462825299572,NA,NA,NA,NA,q=7
8,7,4,expect_focus_fiscal_nominal_balance_ny,25,0.030125784984037937,NA,NA,NA,NA,q=7
8,7,4,expect_focus_fiscal_nominal_balance_ny,26,0.03484904041548214,NA,NA,NA,NA,q=7
8,7,4,expect_focus_fiscal_nominal_balance_ny,27,0.03925973495828254,NA,NA,NA,NA,q=7
8,7,4,expect_focus_fiscal_nominal_balance_ny,28,0.04341098481090652,NA,NA,NA,NA,q=7
8,7,4,expect_focus_fiscal_nominal_balance_ny,29,0.04729800615632279,NA,NA,NA,NA,q=7
8,7,4,expect_focus_fiscal_nominal_balance_ny,30,0.05094647727577684,NA,NA,NA,NA,q=7
8,7,4,expect_focus_fiscal_nominal_balance_ny,31,0.05435960057452172,NA,NA,NA,NA,q=7
8,7,4,expect_focus_fiscal_nominal_balance_ny,32,0.05752542582426349,NA,NA,NA,NA,q=7
8,7,4,expect_focus_fiscal_nominal_balance_ny,33,0.060445786054753016,NA,NA,NA,NA,q=7
8,7,4,expect_focus_fiscal_nominal_balance_ny,34,0.06311948835077942,NA,NA,NA,NA,q=7
8,7,4,expect_focus_fiscal_nominal_balance_ny,35,0.06554685515886996,NA,NA,NA,NA,q=7
8,7,4,expect_focus_fiscal_nominal_balance_ny,36,0.06772962040686041,NA,NA,NA,NA,q=7
8,7,4,expect_focus_fiscal_nominal_balance_ny,37,0.06966906744845316,NA,NA,NA,NA,q=7
8,7,4,expect_focus_fiscal_nominal_balance_ny,38,0.07136685587164941,NA,NA,NA,NA,q=7
8,7,4,expect_focus_fiscal_nominal_balance_ny,39,0.07282263570751032,NA,NA,NA,NA,q=7
8,7,4,expect_focus_fiscal_nominal_balance_ny,40,0.0740367100222084,NA,NA,NA,NA,q=7
8,7,4,expect_focus_fiscal_nominal_balance_ny,41,0.07501047019297144,NA,NA,NA,NA,q=7
8,7,4,expect_focus_fiscal_nominal_balance_ny,42,0.07574557513447538,NA,NA,NA,NA,q=7
8,7,4,expect_focus_fiscal_nominal_balance_ny,43,0.07624527516655497,NA,NA,NA,NA,q=7
8,7,4,expect_focus_fiscal_nominal_balance_ny,44,0.07651413186652305,NA,NA,NA,NA,q=7
8,7,4,expect_focus_fiscal_nominal_balance_ny,45,0.07655756053725703,NA,NA,NA,NA,q=7
8,7,4,expect_focus_fiscal_nominal_balance_ny,46,0.07638187564064296,NA,NA,NA,NA,q=7
8,7,4,expect_focus_fiscal_nominal_balance_ny,47,0.07599404841164002,NA,NA,NA,NA,q=7
8,7,4,expect_focus_fiscal_nominal_balance_ny,48,0.07540159740026374,NA,NA,NA,NA,q=7
8,6,4,yield_6m,0,0.005,NA,NA,NA,NA,q=6
8,6,4,yield_6m,1,0.005585405481000108,NA,NA,NA,NA,q=6
8,6,4,yield_6m,2,0.005989785239347415,NA,NA,NA,NA,q=6
8,6,4,yield_6m,3,0.0062427342445288475,NA,NA,NA,NA,q=6
8,6,4,yield_6m,4,0.005845349553759747,NA,NA,NA,NA,q=6
8,6,4,yield_6m,5,0.005367363902539744,NA,NA,NA,NA,q=6
8,6,4,yield_6m,6,0.0050737254823818535,NA,NA,NA,NA,q=6
8,6,4,yield_6m,7,0.004501930361540095,NA,NA,NA,NA,q=6
8,6,4,yield_6m,8,0.003935955440993162,NA,NA,NA,NA,q=6
8,6,4,yield_6m,9,0.0033337440979929293,NA,NA,NA,NA,q=6
8,6,4,yield_6m,10,0.0027098748396362,NA,NA,NA,NA,q=6
8,6,4,yield_6m,11,0.0020515077531988667,NA,NA,NA,NA,q=6
8,6,4,yield_6m,12,0.001375309960307328,NA,NA,NA,NA,q=6
8,6,4,yield_6m,13,7.655446483909047e-4,NA,NA,NA,NA,q=6
8,6,4,yield_6m,14,1.8002739683718985e-4,NA,NA,NA,NA,q=6
8,6,4,yield_6m,15,-3.752920324497648e-4,NA,NA,NA,NA,q=6
8,6,4,yield_6m,16,-8.734376920430249e-4,NA,NA,NA,NA,q=6
8,6,4,yield_6m,17,-0.0013407684942350281,NA,NA,NA,NA,q=6
8,6,4,yield_6m,18,-0.0017790406615487153,NA,NA,NA,NA,q=6
8,6,4,yield_6m,19,-0.0021808008185386554,NA,NA,NA,NA,q=6
8,6,4,yield_6m,20,-0.0025498135146346202,NA,NA,NA,NA,q=6
8,6,4,yield_6m,21,-0.0028860356541482975,NA,NA,NA,NA,q=6
8,6,4,yield_6m,22,-0.003189068731324916,NA,NA,NA,NA,q=6
8,6,4,yield_6m,23,-0.0034584968600655966,NA,NA,NA,NA,q=6
8,6,4,yield_6m,24,-0.0036970922287967297,NA,NA,NA,NA,q=6
8,6,4,yield_6m,25,-0.003908173499805104,NA,NA,NA,NA,q=6
8,6,4,yield_6m,26,-0.004093087026882929,NA,NA,NA,NA,q=6
8,6,4,yield_6m,27,-0.00425454699380494,NA,NA,NA,NA,q=6
8,6,4,yield_6m,28,-0.004394971977786348,NA,NA,NA,NA,q=6
8,6,4,yield_6m,29,-0.004515464122163459,NA,NA,NA,NA,q=6
8,6,4,yield_6m,30,-0.0046173092832837,NA,NA,NA,NA,q=6
8,6,4,yield_6m,31,-0.004701664146713105,NA,NA,NA,NA,q=6
8,6,4,yield_6m,32,-0.004769354133622637,NA,NA,NA,NA,q=6
8,6,4,yield_6m,33,-0.004821107523384343,NA,NA,NA,NA,q=6
8,6,4,yield_6m,34,-0.004857590617569601,NA,NA,NA,NA,q=6
8,6,4,yield_6m,35,-0.004879369147468849,NA,NA,NA,NA,q=6
8,6,4,yield_6m,36,-0.004886820104882681,NA,NA,NA,NA,q=6
8,6,4,yield_6m,37,-0.0048802305976089954,NA,NA,NA,NA,q=6
8,6,4,yield_6m,38,-0.004859839644133334,NA,NA,NA,NA,q=6
8,6,4,yield_6m,39,-0.004825802039644916,NA,NA,NA,NA,q=6
8,6,4,yield_6m,40,-0.004778259994985771,NA,NA,NA,NA,q=6
8,6,4,yield_6m,41,-0.004717381333879071,NA,NA,NA,NA,q=6
8,6,4,yield_6m,42,-0.004643354914015404,NA,NA,NA,NA,q=6
8,6,4,yield_6m,43,-0.004556409454693243,NA,NA,NA,NA,q=6
8,6,4,yield_6m,44,-0.004456825247247511,NA,NA,NA,NA,q=6
8,6,4,yield_6m,45,-0.004344935550233185,NA,NA,NA,NA,q=6
8,6,4,yield_6m,46,-0.0042211266357393045,NA,NA,NA,NA,q=6
8,6,4,yield_6m,47,-0.004085840309418274,NA,NA,NA,NA,q=6
8,6,4,yield_6m,48,-0.0039395754489518365,NA,NA,NA,NA,q=6
8,6,4,yield_2y,0,0.008817440093750269,NA,NA,NA,NA,q=6
8,6,4,yield_2y,1,0.010018895383953553,NA,NA,NA,NA,q=6
8,6,4,yield_2y,2,0.009413273042579415,NA,NA,NA,NA,q=6
8,6,4,yield_2y,3,0.009797057780259147,NA,NA,NA,NA,q=6
8,6,4,yield_2y,4,0.008802473932651114,NA,NA,NA,NA,q=6
8,6,4,yield_2y,5,0.007554481830373543,NA,NA,NA,NA,q=6
8,6,4,yield_2y,6,0.0067128043331412136,NA,NA,NA,NA,q=6
8,6,4,yield_2y,7,0.00575346469673054,NA,NA,NA,NA,q=6
8,6,4,yield_2y,8,0.004793212573661356,NA,NA,NA,NA,q=6
8,6,4,yield_2y,9,0.0038483590591755403,NA,NA,NA,NA,q=6
8,6,4,yield_2y,10,0.003070001657897999,NA,NA,NA,NA,q=6
8,6,4,yield_2y,11,0.0022868463242597756,NA,NA,NA,NA,q=6
8,6,4,yield_2y,12,0.0014951853547446711,NA,NA,NA,NA,q=6
8,6,4,yield_2y,13,8.631360788388823e-4,NA,NA,NA,NA,q=6
8,6,4,yield_2y,14,2.760063419377421e-4,NA,NA,NA,NA,q=6
8,6,4,yield_2y,15,-2.835343412255107e-4,NA,NA,NA,NA,q=6
8,6,4,yield_2y,16,-7.571593464528909e-4,NA,NA,NA,NA,q=6
8,6,4,yield_2y,17,-0.0011856937408244823,NA,NA,NA,NA,q=6
8,6,4,yield_2y,18,-0.0015821738742421646,NA,NA,NA,NA,q=6
8,6,4,yield_2y,19,-0.0019345186314369297,NA,NA,NA,NA,q=6
8,6,4,yield_2y,20,-0.0022446857526210048,NA,NA,NA,NA,q=6
8,6,4,yield_2y,21,-0.0025187114061083417,NA,NA,NA,NA,q=6
8,6,4,yield_2y,22,-0.0027596393427129612,NA,NA,NA,NA,q=6
8,6,4,yield_2y,23,-0.0029652762813199758,NA,NA,NA,NA,q=6
8,6,4,yield_2y,24,-0.003140898271997725,NA,NA,NA,NA,q=6
8,6,4,yield_2y,25,-0.0032925448691742644,NA,NA,NA,NA,q=6
8,6,4,yield_2y,26,-0.0034208539049881293,NA,NA,NA,NA,q=6
8,6,4,yield_2y,27,-0.0035289472161206376,NA,NA,NA,NA,q=6
8,6,4,yield_2y,28,-0.0036202022912558865,NA,NA,NA,NA,q=6
8,6,4,yield_2y,29,-0.003695656554326563,NA,NA,NA,NA,q=6
8,6,4,yield_2y,30,-0.0037564972770737816,NA,NA,NA,NA,q=6
8,6,4,yield_2y,31,-0.003804072013942864,NA,NA,NA,NA,q=6
8,6,4,yield_2y,32,-0.0038392813214377566,NA,NA,NA,NA,q=6
8,6,4,yield_2y,33,-0.0038626899405734627,NA,NA,NA,NA,q=6
8,6,4,yield_2y,34,-0.003874857956687874,NA,NA,NA,NA,q=6
8,6,4,yield_2y,35,-0.0038763109412150573,NA,NA,NA,NA,q=6
8,6,4,yield_2y,36,-0.003867270054732258,NA,NA,NA,NA,q=6
8,6,4,yield_2y,37,-0.0038478765188320048,NA,NA,NA,NA,q=6
8,6,4,yield_2y,38,-0.0038182939192319106,NA,NA,NA,NA,q=6
8,6,4,yield_2y,39,-0.003778591171808769,NA,NA,NA,NA,q=6
8,6,4,yield_2y,40,-0.0037288307511940014,NA,NA,NA,NA,q=6
8,6,4,yield_2y,41,-0.0036691333048126367,NA,NA,NA,NA,q=6
8,6,4,yield_2y,42,-0.003599652677249141,NA,NA,NA,NA,q=6
8,6,4,yield_2y,43,-0.0035205828496554666,NA,NA,NA,NA,q=6
8,6,4,yield_2y,44,-0.0034321753831452247,NA,NA,NA,NA,q=6
8,6,4,yield_2y,45,-0.0033347407248893292,NA,NA,NA,NA,q=6
8,6,4,yield_2y,46,-0.0032286382910781592,NA,NA,NA,NA,q=6
8,6,4,yield_2y,47,-0.0031142770482412946,NA,NA,NA,NA,q=6
8,6,4,yield_2y,48,-0.0029921180038619336,NA,NA,NA,NA,q=6
8,6,4,yield_5y,0,0.008765799087752765,NA,NA,NA,NA,q=6
8,6,4,yield_5y,1,0.00984229676919711,NA,NA,NA,NA,q=6
8,6,4,yield_5y,2,0.008578668711705177,NA,NA,NA,NA,q=6
8,6,4,yield_5y,3,0.009172917428887456,NA,NA,NA,NA,q=6
8,6,4,yield_5y,4,0.008100134831290583,NA,NA,NA,NA,q=6
8,6,4,yield_5y,5,0.006643886454281356,NA,NA,NA,NA,q=6
8,6,4,yield_5y,6,0.00569393007803087,NA,NA,NA,NA,q=6
8,6,4,yield_5y,7,0.004823346764526586,NA,NA,NA,NA,q=6
8,6,4,yield_5y,8,0.00388323952119568,NA,NA,NA,NA,q=6
8,6,4,yield_5y,9,0.002964011143026919,NA,NA,NA,NA,q=6
8,6,4,yield_5y,10,0.0023036009193663633,NA,NA,NA,NA,q=6
8,6,4,yield_5y,11,0.0016107074659941782,NA,NA,NA,NA,q=6
8,6,4,yield_5y,12,8.966346961942538e-4,NA,NA,NA,NA,q=6
8,6,4,yield_5y,13,3.7735267490064564e-4,NA,NA,NA,NA,q=6
8,6,4,yield_5y,14,-9.717464620922058e-5,NA,NA,NA,NA,q=6
8,6,4,yield_5y,15,-5.55943747087626e-4,NA,NA,NA,NA,q=6
8,6,4,yield_5y,16,-9.243806055444663e-4,NA,NA,NA,NA,q=6
8,6,4,yield_5y,17,-0.0012448882093960372,NA,NA,NA,NA,q=6
8,6,4,yield_5y,18,-0.0015405009593404265,NA,NA,NA,NA,q=6
8,6,4,yield_5y,19,-0.0017980694022139805,NA,NA,NA,NA,q=6
8,6,4,yield_5y,20,-0.002014795895566258,NA,NA,NA,NA,q=6
8,6,4,yield_5y,21,-0.0022006688159634884,NA,NA,NA,NA,q=6
8,6,4,yield_5y,22,-0.002360015651203976,NA,NA,NA,NA,q=6
8,6,4,yield_5y,23,-0.0024879141763107537,NA,NA,NA,NA,q=6
8,6,4,yield_5y,24,-0.0025902816571728732,NA,NA,NA,NA,q=6
8,6,4,yield_5y,25,-0.0026740814290301647,NA,NA,NA,NA,q=6
8,6,4,yield_5y,26,-0.002739123401848846,NA,NA,NA,NA,q=6
8,6,4,yield_5y,27,-0.002788228647824142,NA,NA,NA,NA,q=6
8,6,4,yield_5y,28,-0.002825026396219421,NA,NA,NA,NA,q=6
8,6,4,yield_5y,29,-0.00285041221917345,NA,NA,NA,NA,q=6
8,6,4,yield_5y,30,-0.002865219858289692,NA,NA,NA,NA,q=6
8,6,4,yield_5y,31,-0.002870743407681375,NA,NA,NA,NA,q=6
8,6,4,yield_5y,32,-0.002867882778364299,NA,NA,NA,NA,q=6
8,6,4,yield_5y,33,-0.0028570360309653755,NA,NA,NA,NA,q=6
8,6,4,yield_5y,34,-0.0028386951864753118,NA,NA,NA,NA,q=6
8,6,4,yield_5y,35,-0.0028134079574072667,NA,NA,NA,NA,q=6
8,6,4,yield_5y,36,-0.002781362549587433,NA,NA,NA,NA,q=6
8,6,4,yield_5y,37,-0.002742675487702287,NA,NA,NA,NA,q=6
8,6,4,yield_5y,38,-0.002697525258370629,NA,NA,NA,NA,q=6
8,6,4,yield_5y,39,-0.002645987869303496,NA,NA,NA,NA,q=6
8,6,4,yield_5y,40,-0.0025881191899247997,NA,NA,NA,NA,q=6
8,6,4,yield_5y,41,-0.00252403764857991,NA,NA,NA,NA,q=6
8,6,4,yield_5y,42,-0.002453892596150632,NA,NA,NA,NA,q=6
8,6,4,yield_5y,43,-0.0023778572172307765,NA,NA,NA,NA,q=6
8,6,4,yield_5y,44,-0.00229615028224845,NA,NA,NA,NA,q=6
8,6,4,yield_5y,45,-0.0022090396645732735,NA,NA,NA,NA,q=6
8,6,4,yield_5y,46,-0.0021168255497872462,NA,NA,NA,NA,q=6
8,6,4,yield_5y,47,-0.002019840926248449,NA,NA,NA,NA,q=6
8,6,4,yield_5y,48,-0.0019184566702971845,NA,NA,NA,NA,q=6
8,6,4,cambio_usd,0,0.10994643957209085,NA,NA,NA,NA,q=6
8,6,4,cambio_usd,1,0.15052203334804493,NA,NA,NA,NA,q=6
8,6,4,cambio_usd,2,0.13047540374344205,NA,NA,NA,NA,q=6
8,6,4,cambio_usd,3,0.13678327088502604,NA,NA,NA,NA,q=6
8,6,4,cambio_usd,4,0.11698928296019126,NA,NA,NA,NA,q=6
8,6,4,cambio_usd,5,0.07680217967964371,NA,NA,NA,NA,q=6
8,6,4,cambio_usd,6,0.052251084798767486,NA,NA,NA,NA,q=6
8,6,4,cambio_usd,7,0.0343272821778601,NA,NA,NA,NA,q=6
8,6,4,cambio_usd,8,0.014563887029589414,NA,NA,NA,NA,q=6
8,6,4,cambio_usd,9,7.32931003321203e-4,NA,NA,NA,NA,q=6
8,6,4,cambio_usd,10,-0.008897257595208846,NA,NA,NA,NA,q=6
8,6,4,cambio_usd,11,-0.018566309597917118,NA,NA,NA,NA,q=6
8,6,4,cambio_usd,12,-0.027794770321647712,NA,NA,NA,NA,q=6
8,6,4,cambio_usd,13,-0.033268999604908915,NA,NA,NA,NA,q=6
8,6,4,cambio_usd,14,-0.0363040058385527,NA,NA,NA,NA,q=6
8,6,4,cambio_usd,15,-0.038568448834352835,NA,NA,NA,NA,q=6
8,6,4,cambio_usd,16,-0.0390505858766797,NA,NA,NA,NA,q=6
8,6,4,cambio_usd,17,-0.03813878585017021,NA,NA,NA,NA,q=6
8,6,4,cambio_usd,18,-0.036937968262590784,NA,NA,NA,NA,q=6
8,6,4,cambio_usd,19,-0.03537360244374166,NA,NA,NA,NA,q=6
8,6,4,cambio_usd,20,-0.03333835524753091,NA,NA,NA,NA,q=6
8,6,4,cambio_usd,21,-0.03104599423923572,NA,NA,NA,NA,q=6
8,6,4,cambio_usd,22,-0.02855992648505922,NA,NA,NA,NA,q=6
8,6,4,cambio_usd,23,-0.025793132893964295,NA,NA,NA,NA,q=6
8,6,4,cambio_usd,24,-0.022792526165707053,NA,NA,NA,NA,q=6
8,6,4,cambio_usd,25,-0.019702667553916232,NA,NA,NA,NA,q=6
8,6,4,cambio_usd,26,-0.016565806329954587,NA,NA,NA,NA,q=6
8,6,4,cambio_usd,27,-0.013415164152830068,NA,NA,NA,NA,q=6
8,6,4,cambio_usd,28,-0.010326931559132337,NA,NA,NA,NA,q=6
8,6,4,cambio_usd,29,-0.007329358998604787,NA,NA,NA,NA,q=6
8,6,4,cambio_usd,30,-0.004422817495370179,NA,NA,NA,NA,q=6
8,6,4,cambio_usd,31,-0.001621453521055045,NA,NA,NA,NA,q=6
8,6,4,cambio_usd,32,0.0010634790750015497,NA,NA,NA,NA,q=6
8,6,4,cambio_usd,33,0.0036296209676494285,NA,NA,NA,NA,q=6
8,6,4,cambio_usd,34,0.0060719661953682206,NA,NA,NA,NA,q=6
8,6,4,cambio_usd,35,0.008381749014064396,NA,NA,NA,NA,q=6
8,6,4,cambio_usd,36,0.010554348060580943,NA,NA,NA,NA,q=6
8,6,4,cambio_usd,37,0.012588556365348176,NA,NA,NA,NA,q=6
8,6,4,cambio_usd,38,0.014482462096900212,NA,NA,NA,NA,q=6
8,6,4,cambio_usd,39,0.016235514500293303,NA,NA,NA,NA,q=6
8,6,4,cambio_usd,40,0.01784885333761948,NA,NA,NA,NA,q=6
8,6,4,cambio_usd,41,0.01932300091736363,NA,NA,NA,NA,q=6
8,6,4,cambio_usd,42,0.02065797475263084,NA,NA,NA,NA,q=6
8,6,4,cambio_usd,43,0.0218539766061934,NA,NA,NA,NA,q=6
8,6,4,cambio_usd,44,0.02291112668999207,NA,NA,NA,NA,q=6
8,6,4,cambio_usd,45,0.02382943378577609,NA,NA,NA,NA,q=6
8,6,4,cambio_usd,46,0.024609188454597773,NA,NA,NA,NA,q=6
8,6,4,cambio_usd,47,0.025251096471352562,NA,NA,NA,NA,q=6
8,6,4,cambio_usd,48,0.025756156006870073,NA,NA,NA,NA,q=6
8,6,4,embi_perc,0,0.18703047418756807,NA,NA,NA,NA,q=6
8,6,4,embi_perc,1,0.2174234355631171,NA,NA,NA,NA,q=6
8,6,4,embi_perc,2,0.13461159132371742,NA,NA,NA,NA,q=6
8,6,4,embi_perc,3,0.18026343657560062,NA,NA,NA,NA,q=6
8,6,4,embi_perc,4,0.14827870056558617,NA,NA,NA,NA,q=6
8,6,4,embi_perc,5,0.09684669560638516,NA,NA,NA,NA,q=6
8,6,4,embi_perc,6,0.06703180463604567,NA,NA,NA,NA,q=6
8,6,4,embi_perc,7,0.05174584715264955,NA,NA,NA,NA,q=6
8,6,4,embi_perc,8,0.032917425450677065,NA,NA,NA,NA,q=6
8,6,4,embi_perc,9,0.011789898877645486,NA,NA,NA,NA,q=6
8,6,4,embi_perc,10,0.0020909676550587004,NA,NA,NA,NA,q=6
8,6,4,embi_perc,11,-0.011167003334260696,NA,NA,NA,NA,q=6
8,6,4,embi_perc,12,-0.028310721517768478,NA,NA,NA,NA,q=6
8,6,4,embi_perc,13,-0.038640286863989314,NA,NA,NA,NA,q=6
8,6,4,embi_perc,14,-0.047652337917318016,NA,NA,NA,NA,q=6
8,6,4,embi_perc,15,-0.057275165656331506,NA,NA,NA,NA,q=6
8,6,4,embi_perc,16,-0.06406047879316087,NA,NA,NA,NA,q=6
8,6,4,embi_perc,17,-0.06925727293656736,NA,NA,NA,NA,q=6
8,6,4,embi_perc,18,-0.07419594914721149,NA,NA,NA,NA,q=6
8,6,4,embi_perc,19,-0.07861362922867056,NA,NA,NA,NA,q=6
8,6,4,embi_perc,20,-0.0820920865528709,NA,NA,NA,NA,q=6
8,6,4,embi_perc,21,-0.0849954293772081,NA,NA,NA,NA,q=6
8,6,4,embi_perc,22,-0.08753203140848934,NA,NA,NA,NA,q=6
8,6,4,embi_perc,23,-0.08931589001485632,NA,NA,NA,NA,q=6
8,6,4,embi_perc,24,-0.09044451545496156,NA,NA,NA,NA,q=6
8,6,4,embi_perc,25,-0.09117382470182767,NA,NA,NA,NA,q=6
8,6,4,embi_perc,26,-0.09144552620859207,NA,NA,NA,NA,q=6
8,6,4,embi_perc,27,-0.0913088719400504,NA,NA,NA,NA,q=6
8,6,4,embi_perc,28,-0.0908885146427712,NA,NA,NA,NA,q=6
8,6,4,embi_perc,29,-0.09020827123445335,NA,NA,NA,NA,q=6
8,6,4,embi_perc,30,-0.08926927044681206,NA,NA,NA,NA,q=6
8,6,4,embi_perc,31,-0.08809971723638593,NA,NA,NA,NA,q=6
8,6,4,embi_perc,32,-0.086726547085729,NA,NA,NA,NA,q=6
8,6,4,embi_perc,33,-0.08515445009544888,NA,NA,NA,NA,q=6
8,6,4,embi_perc,34,-0.08339547919400751,NA,NA,NA,NA,q=6
8,6,4,embi_perc,35,-0.0814731631532189,NA,NA,NA,NA,q=6
8,6,4,embi_perc,36,-0.0793987705609807,NA,NA,NA,NA,q=6
8,6,4,embi_perc,37,-0.07718020713718937,NA,NA,NA,NA,q=6
8,6,4,embi_perc,38,-0.07482922651534639,NA,NA,NA,NA,q=6
8,6,4,embi_perc,39,-0.07235364701327736,NA,NA,NA,NA,q=6
8,6,4,embi_perc,40,-0.06975881868643985,NA,NA,NA,NA,q=6
8,6,4,embi_perc,41,-0.06705151416347327,NA,NA,NA,NA,q=6
8,6,4,embi_perc,42,-0.0642391595808971,NA,NA,NA,NA,q=6
8,6,4,embi_perc,43,-0.0613288471056637,NA,NA,NA,NA,q=6
8,6,4,embi_perc,44,-0.05832808089061548,NA,NA,NA,NA,q=6
8,6,4,embi_perc,45,-0.055245207942055584,NA,NA,NA,NA,q=6
8,6,4,embi_perc,46,-0.052088584348554,NA,NA,NA,NA,q=6
8,6,4,embi_perc,47,-0.04886650381389388,NA,NA,NA,NA,q=6
8,6,4,embi_perc,48,-0.04558762486471236,NA,NA,NA,NA,q=6
8,6,4,cds_5y,0,26.50441756737426,NA,NA,NA,NA,q=6
8,6,4,cds_5y,1,30.691683947432526,NA,NA,NA,NA,q=6
8,6,4,cds_5y,2,22.185334799446473,NA,NA,NA,NA,q=6
8,6,4,cds_5y,3,26.63421918745947,NA,NA,NA,NA,q=6
8,6,4,cds_5y,4,22.4852744688375,NA,NA,NA,NA,q=6
8,6,4,cds_5y,5,15.92565071850571,NA,NA,NA,NA,q=6
8,6,4,cds_5y,6,12.313848788924414,NA,NA,NA,NA,q=6
8,6,4,cds_5y,7,10.030058334447693,NA,NA,NA,NA,q=6
8,6,4,cds_5y,8,7.4016431417936195,NA,NA,NA,NA,q=6
8,6,4,cds_5y,9,4.77303971817684,NA,NA,NA,NA,q=6
8,6,4,cds_5y,10,3.3019487892314783,NA,NA,NA,NA,q=6
8,6,4,cds_5y,11,1.4696267097577183,NA,NA,NA,NA,q=6
8,6,4,cds_5y,12,-0.7254222677092896,NA,NA,NA,NA,q=6
8,6,4,cds_5y,13,-2.1113255716102524,NA,NA,NA,NA,q=6
8,6,4,cds_5y,14,-3.2788451274774606,NA,NA,NA,NA,q=6
8,6,4,cds_5y,15,-4.4548358121837905,NA,NA,NA,NA,q=6
8,6,4,cds_5y,16,-5.2634928686365665,NA,NA,NA,NA,q=6
8,6,4,cds_5y,17,-5.865438614571002,NA,NA,NA,NA,q=6
8,6,4,cds_5y,18,-6.423643911313688,NA,NA,NA,NA,q=6
8,6,4,cds_5y,19,-6.9042614292277396,NA,NA,NA,NA,q=6
8,6,4,cds_5y,20,-7.272585646116791,NA,NA,NA,NA,q=6
8,6,4,cds_5y,21,-7.569600483031508,NA,NA,NA,NA,q=6
8,6,4,cds_5y,22,-7.8154643785160784,NA,NA,NA,NA,q=6
8,6,4,cds_5y,23,-7.971924441923021,NA,NA,NA,NA,q=6
8,6,4,cds_5y,24,-8.052149057134097,NA,NA,NA,NA,q=6
8,6,4,cds_5y,25,-8.087231846931683,NA,NA,NA,NA,q=6
8,6,4,cds_5y,26,-8.074184585065488,NA,NA,NA,NA,q=6
8,6,4,cds_5y,27,-8.020969398480155,NA,NA,NA,NA,q=6
8,6,4,cds_5y,28,-7.94337337754157,NA,NA,NA,NA,q=6
8,6,4,cds_5y,29,-7.844849419227729,NA,NA,NA,NA,q=6
8,6,4,cds_5y,30,-7.726111305576442,NA,NA,NA,NA,q=6
8,6,4,cds_5y,31,-7.590649234073542,NA,NA,NA,NA,q=6
8,6,4,cds_5y,32,-7.4413574460462995,NA,NA,NA,NA,q=6
8,6,4,cds_5y,33,-7.2787902474125,NA,NA,NA,NA,q=6
8,6,4,cds_5y,34,-7.104252133411319,NA,NA,NA,NA,q=6
8,6,4,cds_5y,35,-6.920138313849113,NA,NA,NA,NA,q=6
8,6,4,cds_5y,36,-6.727433042867631,NA,NA,NA,NA,q=6
8,6,4,cds_5y,37,-6.526639110930383,NA,NA,NA,NA,q=6
8,6,4,cds_5y,38,-6.31859914400588,NA,NA,NA,NA,q=6
8,6,4,cds_5y,39,-6.103672188676529,NA,NA,NA,NA,q=6
8,6,4,cds_5y,40,-5.881931703179293,NA,NA,NA,NA,q=6
8,6,4,cds_5y,41,-5.653630467549035,NA,NA,NA,NA,q=6
8,6,4,cds_5y,42,-5.419112716423083,NA,NA,NA,NA,q=6
8,6,4,cds_5y,43,-5.178718589762389,NA,NA,NA,NA,q=6
8,6,4,cds_5y,44,-4.9328685475772565,NA,NA,NA,NA,q=6
8,6,4,cds_5y,45,-4.682098881265822,NA,NA,NA,NA,q=6
8,6,4,cds_5y,46,-4.426970267144175,NA,NA,NA,NA,q=6
8,6,4,cds_5y,47,-4.168058039480267,NA,NA,NA,NA,q=6
8,6,4,cds_5y,48,-3.9059958049163215,NA,NA,NA,NA,q=6
8,6,4,expect_focus_ipca12m,0,0.11631027322417714,NA,NA,NA,NA,q=6
8,6,4,expect_focus_ipca12m,1,0.16128034307210587,NA,NA,NA,NA,q=6
8,6,4,expect_focus_ipca12m,2,0.19464864639219806,NA,NA,NA,NA,q=6
8,6,4,expect_focus_ipca12m,3,0.18074510729405888,NA,NA,NA,NA,q=6
8,6,4,expect_focus_ipca12m,4,0.177177816196472,NA,NA,NA,NA,q=6
8,6,4,expect_focus_ipca12m,5,0.16300302228437008,NA,NA,NA,NA,q=6
8,6,4,expect_focus_ipca12m,6,0.1359809357557821,NA,NA,NA,NA,q=6
8,6,4,expect_focus_ipca12m,7,0.10830756726489185,NA,NA,NA,NA,q=6
8,6,4,expect_focus_ipca12m,8,0.07615660902227316,NA,NA,NA,NA,q=6
8,6,4,expect_focus_ipca12m,9,0.046533145576758576,NA,NA,NA,NA,q=6
8,6,4,expect_focus_ipca12m,10,0.02134460450753312,NA,NA,NA,NA,q=6
8,6,4,expect_focus_ipca12m,11,-0.0012814892279101792,NA,NA,NA,NA,q=6
8,6,4,expect_focus_ipca12m,12,-0.02005765419817389,NA,NA,NA,NA,q=6
8,6,4,expect_focus_ipca12m,13,-0.03621600049513746,NA,NA,NA,NA,q=6
8,6,4,expect_focus_ipca12m,14,-0.05114208246040617,NA,NA,NA,NA,q=6
8,6,4,expect_focus_ipca12m,15,-0.06493506386121142,NA,NA,NA,NA,q=6
8,6,4,expect_focus_ipca12m,16,-0.07784650722581968,NA,NA,NA,NA,q=6
8,6,4,expect_focus_ipca12m,17,-0.08965815531076513,NA,NA,NA,NA,q=6
8,6,4,expect_focus_ipca12m,18,-0.10035416154420881,NA,NA,NA,NA,q=6
8,6,4,expect_focus_ipca12m,19,-0.10971106253027763,NA,NA,NA,NA,q=6
8,6,4,expect_focus_ipca12m,20,-0.11762106936528369,NA,NA,NA,NA,q=6
8,6,4,expect_focus_ipca12m,21,-0.12431596068306247,NA,NA,NA,NA,q=6
8,6,4,expect_focus_ipca12m,22,-0.1298865668510755,NA,NA,NA,NA,q=6
8,6,4,expect_focus_ipca12m,23,-0.13444239172774755,NA,NA,NA,NA,q=6
8,6,4,expect_focus_ipca12m,24,-0.13816280431413064,NA,NA,NA,NA,q=6
8,6,4,expect_focus_ipca12m,25,-0.14112477885008112,NA,NA,NA,NA,q=6
8,6,4,expect_focus_ipca12m,26,-0.14337598278409605,NA,NA,NA,NA,q=6
8,6,4,expect_focus_ipca12m,27,-0.14496487655447535,NA,NA,NA,NA,q=6
8,6,4,expect_focus_ipca12m,28,-0.1459324558362457,NA,NA,NA,NA,q=6
8,6,4,expect_focus_ipca12m,29,-0.14631690390018456,NA,NA,NA,NA,q=6
8,6,4,expect_focus_ipca12m,30,-0.1461561176264744,NA,NA,NA,NA,q=6
8,6,4,expect_focus_ipca12m,31,-0.1454953287918094,NA,NA,NA,NA,q=6
8,6,4,expect_focus_ipca12m,32,-0.14437182378558133,NA,NA,NA,NA,q=6
8,6,4,expect_focus_ipca12m,33,-0.1428123689538796,NA,NA,NA,NA,q=6
8,6,4,expect_focus_ipca12m,34,-0.1408409836780435,NA,NA,NA,NA,q=6
8,6,4,expect_focus_ipca12m,35,-0.13847476179154186,NA,NA,NA,NA,q=6
8,6,4,expect_focus_ipca12m,36,-0.13572565083512536,NA,NA,NA,NA,q=6
8,6,4,expect_focus_ipca12m,37,-0.13260521610507778,NA,NA,NA,NA,q=6
8,6,4,expect_focus_ipca12m,38,-0.12912496598334822,NA,NA,NA,NA,q=6
8,6,4,expect_focus_ipca12m,39,-0.12529675513466015,NA,NA,NA,NA,q=6
8,6,4,expect_focus_ipca12m,40,-0.12113330855527765,NA,NA,NA,NA,q=6
8,6,4,expect_focus_ipca12m,41,-0.11664843579353046,NA,NA,NA,NA,q=6
8,6,4,expect_focus_ipca12m,42,-0.11185679755380003,NA,NA,NA,NA,q=6
8,6,4,expect_focus_ipca12m,43,-0.1067737713841933,NA,NA,NA,NA,q=6
8,6,4,expect_focus_ipca12m,44,-0.10141587522083753,NA,NA,NA,NA,q=6
8,6,4,expect_focus_ipca12m,45,-0.09580085666596666,NA,NA,NA,NA,q=6
8,6,4,expect_focus_ipca12m,46,-0.08994765701504134,NA,NA,NA,NA,q=6
8,6,4,expect_focus_ipca12m,47,-0.08387651855082559,NA,NA,NA,NA,q=6
8,6,4,expect_focus_ipca12m,48,-0.07760887129915318,NA,NA,NA,NA,q=6
8,6,4,ibc_br,0,-0.3410709304992895,NA,NA,NA,NA,q=6
8,6,4,ibc_br,1,0.005861808413860266,NA,NA,NA,NA,q=6
8,6,4,ibc_br,2,0.09620195005739177,NA,NA,NA,NA,q=6
8,6,4,ibc_br,3,-0.05635827805105517,NA,NA,NA,NA,q=6
8,6,4,ibc_br,4,-0.15483502083529846,NA,NA,NA,NA,q=6
8,6,4,ibc_br,5,-0.04706636430600007,NA,NA,NA,NA,q=6
8,6,4,ibc_br,6,-0.07144510829793704,NA,NA,NA,NA,q=6
8,6,4,ibc_br,7,-0.12691574150476506,NA,NA,NA,NA,q=6
8,6,4,ibc_br,8,-0.14776210327045677,NA,NA,NA,NA,q=6
8,6,4,ibc_br,9,-0.18028573707782125,NA,NA,NA,NA,q=6
8,6,4,ibc_br,10,-0.23553580388992473,NA,NA,NA,NA,q=6
8,6,4,ibc_br,11,-0.2534358217050054,NA,NA,NA,NA,q=6
8,6,4,ibc_br,12,-0.2380025008242314,NA,NA,NA,NA,q=6
8,6,4,ibc_br,13,-0.23118991911395406,NA,NA,NA,NA,q=6
8,6,4,ibc_br,14,-0.22378559864363862,NA,NA,NA,NA,q=6
8,6,4,ibc_br,15,-0.207912059057009,NA,NA,NA,NA,q=6
8,6,4,ibc_br,16,-0.19934007244403865,NA,NA,NA,NA,q=6
8,6,4,ibc_br,17,-0.19848759697422957,NA,NA,NA,NA,q=6
8,6,4,ibc_br,18,-0.19647939559524727,NA,NA,NA,NA,q=6
8,6,4,ibc_br,19,-0.1938589892320847,NA,NA,NA,NA,q=6
8,6,4,ibc_br,20,-0.1926550760867559,NA,NA,NA,NA,q=6
8,6,4,ibc_br,21,-0.19073730385124127,NA,NA,NA,NA,q=6
8,6,4,ibc_br,22,-0.1875583282955793,NA,NA,NA,NA,q=6
8,6,4,ibc_br,23,-0.18523993632444694,NA,NA,NA,NA,q=6
8,6,4,ibc_br,24,-0.18409973875091498,NA,NA,NA,NA,q=6
8,6,4,ibc_br,25,-0.18341538357527187,NA,NA,NA,NA,q=6
8,6,4,ibc_br,26,-0.18346111886331645,NA,NA,NA,NA,q=6
8,6,4,ibc_br,27,-0.18424190267868756,NA,NA,NA,NA,q=6
8,6,4,ibc_br,28,-0.18516013746104804,NA,NA,NA,NA,q=6
8,6,4,ibc_br,29,-0.18597655004099278,NA,NA,NA,NA,q=6
8,6,4,ibc_br,30,-0.1867076472037421,NA,NA,NA,NA,q=6
8,6,4,ibc_br,31,-0.18722545906967886,NA,NA,NA,NA,q=6
8,6,4,ibc_br,32,-0.18741087614707128,NA,NA,NA,NA,q=6
8,6,4,ibc_br,33,-0.18726464676930998,NA,NA,NA,NA,q=6
8,6,4,ibc_br,34,-0.18674624807145346,NA,NA,NA,NA,q=6
8,6,4,ibc_br,35,-0.185749339100924,NA,NA,NA,NA,q=6
8,6,4,ibc_br,36,-0.18420540750832456,NA,NA,NA,NA,q=6
8,6,4,ibc_br,37,-0.18206982751654027,NA,NA,NA,NA,q=6
8,6,4,ibc_br,38,-0.17928890820688576,NA,NA,NA,NA,q=6
8,6,4,ibc_br,39,-0.1758323828600787,NA,NA,NA,NA,q=6
8,6,4,ibc_br,40,-0.1716993223807085,NA,NA,NA,NA,q=6
8,6,4,ibc_br,41,-0.1668956978945315,NA,NA,NA,NA,q=6
8,6,4,ibc_br,42,-0.1614328098721534,NA,NA,NA,NA,q=6
8,6,4,ibc_br,43,-0.1553325179799943,NA,NA,NA,NA,q=6
8,6,4,ibc_br,44,-0.14862171254103143,NA,NA,NA,NA,q=6
8,6,4,ibc_br,45,-0.14132889671107154,NA,NA,NA,NA,q=6
8,6,4,ibc_br,46,-0.1334874360735943,NA,NA,NA,NA,q=6
8,6,4,ibc_br,47,-0.12513574341446193,NA,NA,NA,NA,q=6
8,6,4,ibc_br,48,-0.11631471470333493,NA,NA,NA,NA,q=6
8,6,4,price_ipca,0,-0.03162619287132108,NA,NA,NA,NA,q=6
8,6,4,price_ipca,1,0.0986069471005707,NA,NA,NA,NA,q=6
8,6,4,price_ipca,2,0.0836571254985722,NA,NA,NA,NA,q=6
8,6,4,price_ipca,3,0.06909601567076984,NA,NA,NA,NA,q=6
8,6,4,price_ipca,4,0.11450347627989498,NA,NA,NA,NA,q=6
8,6,4,price_ipca,5,0.12181374364026291,NA,NA,NA,NA,q=6
8,6,4,price_ipca,6,0.06134478891392778,NA,NA,NA,NA,q=6
8,6,4,price_ipca,7,0.04469688704075773,NA,NA,NA,NA,q=6
8,6,4,price_ipca,8,0.01625997889436783,NA,NA,NA,NA,q=6
8,6,4,price_ipca,9,-0.02179977565855208,NA,NA,NA,NA,q=6
8,6,4,price_ipca,10,-0.03420562733555531,NA,NA,NA,NA,q=6
8,6,4,price_ipca,11,-0.03719309261475084,NA,NA,NA,NA,q=6
8,6,4,price_ipca,12,-0.03658618838080786,NA,NA,NA,NA,q=6
8,6,4,price_ipca,13,-0.03360193083544294,NA,NA,NA,NA,q=6
8,6,4,price_ipca,14,-0.029892347179963915,NA,NA,NA,NA,q=6
8,6,4,price_ipca,15,-0.02850348635422994,NA,NA,NA,NA,q=6
8,6,4,price_ipca,16,-0.030015411587801948,NA,NA,NA,NA,q=6
8,6,4,price_ipca,17,-0.030747256849661966,NA,NA,NA,NA,q=6
8,6,4,price_ipca,18,-0.030755476710636446,NA,NA,NA,NA,q=6
8,6,4,price_ipca,19,-0.030494871930680297,NA,NA,NA,NA,q=6
8,6,4,price_ipca,20,-0.028619763516208985,NA,NA,NA,NA,q=6
8,6,4,price_ipca,21,-0.025835910915142365,NA,NA,NA,NA,q=6
8,6,4,price_ipca,22,-0.022934809686121032,NA,NA,NA,NA,q=6
8,6,4,price_ipca,23,-0.019951443412896223,NA,NA,NA,NA,q=6
8,6,4,price_ipca,24,-0.017071041542314643,NA,NA,NA,NA,q=6
8,6,4,price_ipca,25,-0.01439536065278177,NA,NA,NA,NA,q=6
8,6,4,price_ipca,26,-0.011872920796892577,NA,NA,NA,NA,q=6
8,6,4,price_ipca,27,-0.009369479773207949,NA,NA,NA,NA,q=6
8,6,4,price_ipca,28,-0.006840015492347909,NA,NA,NA,NA,q=6
8,6,4,price_ipca,29,-0.004329398662714099,NA,NA,NA,NA,q=6
8,6,4,price_ipca,30,-0.0018329568073327655,NA,NA,NA,NA,q=6
8,6,4,price_ipca,31,6.1869205386912e-4,NA,NA,NA,NA,q=6
8,6,4,price_ipca,32,0.002972312278062545,NA,NA,NA,NA,q=6
8,6,4,price_ipca,33,0.005223176472636993,NA,NA,NA,NA,q=6
8,6,4,price_ipca,34,0.007378214461959715,NA,NA,NA,NA,q=6
8,6,4,price_ipca,35,0.009443949090773658,NA,NA,NA,NA,q=6
8,6,4,price_ipca,36,0.011433820924900986,NA,NA,NA,NA,q=6
8,6,4,price_ipca,37,0.01335999824544448,NA,NA,NA,NA,q=6
8,6,4,price_ipca,38,0.015227945032938131,NA,NA,NA,NA,q=6
8,6,4,price_ipca,39,0.017036585924872723,NA,NA,NA,NA,q=6
8,6,4,price_ipca,40,0.018783963615650302,NA,NA,NA,NA,q=6
8,6,4,price_ipca,41,0.020467760335123982,NA,NA,NA,NA,q=6
8,6,4,price_ipca,42,0.022084347020335487,NA,NA,NA,NA,q=6
8,6,4,price_ipca,43,0.023631344946557102,NA,NA,NA,NA,q=6
8,6,4,price_ipca,44,0.02510699529205137,NA,NA,NA,NA,q=6
8,6,4,price_ipca,45,0.026508652444055928,NA,NA,NA,NA,q=6
8,6,4,price_ipca,46,0.027833068567125856,NA,NA,NA,NA,q=6
8,6,4,price_ipca,47,0.02907641412147111,NA,NA,NA,NA,q=6
8,6,4,price_ipca,48,0.030234240327674983,NA,NA,NA,NA,q=6
8,6,4,asset_ibov,0,-2.286744479531313,NA,NA,NA,NA,q=6
8,6,4,asset_ibov,1,-2.2619354281938047,NA,NA,NA,NA,q=6
8,6,4,asset_ibov,2,1.1616043148107085,NA,NA,NA,NA,q=6
8,6,4,asset_ibov,3,0.09337390194872842,NA,NA,NA,NA,q=6
8,6,4,asset_ibov,4,1.3155846641086175,NA,NA,NA,NA,q=6
8,6,4,asset_ibov,5,1.6572411100320958,NA,NA,NA,NA,q=6
8,6,4,asset_ibov,6,1.8696588727331174,NA,NA,NA,NA,q=6
8,6,4,asset_ibov,7,1.6265232729935222,NA,NA,NA,NA,q=6
8,6,4,asset_ibov,8,1.4619668992121229,NA,NA,NA,NA,q=6
8,6,4,asset_ibov,9,1.587920397379957,NA,NA,NA,NA,q=6
8,6,4,asset_ibov,10,1.4247711183461322,NA,NA,NA,NA,q=6
8,6,4,asset_ibov,11,1.3310899293396576,NA,NA,NA,NA,q=6
8,6,4,asset_ibov,12,1.265398073031004,NA,NA,NA,NA,q=6
8,6,4,asset_ibov,13,1.047418286316148,NA,NA,NA,NA,q=6
8,6,4,asset_ibov,14,0.8821461579598332,NA,NA,NA,NA,q=6
8,6,4,asset_ibov,15,0.7479021333542433,NA,NA,NA,NA,q=6
8,6,4,asset_ibov,16,0.5905781762100605,NA,NA,NA,NA,q=6
8,6,4,asset_ibov,17,0.46405233647334304,NA,NA,NA,NA,q=6
8,6,4,asset_ibov,18,0.35798222239769445,NA,NA,NA,NA,q=6
8,6,4,asset_ibov,19,0.2608183875637631,NA,NA,NA,NA,q=6
8,6,4,asset_ibov,20,0.16499857921861927,NA,NA,NA,NA,q=6
8,6,4,asset_ibov,21,0.07548596758692722,NA,NA,NA,NA,q=6
8,6,4,asset_ibov,22,-0.0052957481302497765,NA,NA,NA,NA,q=6
8,6,4,asset_ibov,23,-0.08436459665231671,NA,NA,NA,NA,q=6
8,6,4,asset_ibov,24,-0.1557129834541613,NA,NA,NA,NA,q=6
8,6,4,asset_ibov,25,-0.216828529035304,NA,NA,NA,NA,q=6
8,6,4,asset_ibov,26,-0.2719960542542233,NA,NA,NA,NA,q=6
8,6,4,asset_ibov,27,-0.32051713266691256,NA,NA,NA,NA,q=6
8,6,4,asset_ibov,28,-0.3627159927831116,NA,NA,NA,NA,q=6
8,6,4,asset_ibov,29,-0.4005878369357612,NA,NA,NA,NA,q=6
8,6,4,asset_ibov,30,-0.4349309975485358,NA,NA,NA,NA,q=6
8,6,4,asset_ibov,31,-0.4660936577525831,NA,NA,NA,NA,q=6
8,6,4,asset_ibov,32,-0.4944092292084087,NA,NA,NA,NA,q=6
8,6,4,asset_ibov,33,-0.5204014193689266,NA,NA,NA,NA,q=6
8,6,4,asset_ibov,34,-0.5443009933162656,NA,NA,NA,NA,q=6
8,6,4,asset_ibov,35,-0.5662219801939253,NA,NA,NA,NA,q=6
8,6,4,asset_ibov,36,-0.5865463672368193,NA,NA,NA,NA,q=6
8,6,4,asset_ibov,37,-0.605504541758674,NA,NA,NA,NA,q=6
8,6,4,asset_ibov,38,-0.6231891648070315,NA,NA,NA,NA,q=6
8,6,4,asset_ibov,39,-0.6397270411020484,NA,NA,NA,NA,q=6
8,6,4,asset_ibov,40,-0.655161777571385,NA,NA,NA,NA,q=6
8,6,4,asset_ibov,41,-0.6694594028045847,NA,NA,NA,NA,q=6
8,6,4,asset_ibov,42,-0.6825673004878275,NA,NA,NA,NA,q=6
8,6,4,asset_ibov,43,-0.6944238515136765,NA,NA,NA,NA,q=6
8,6,4,asset_ibov,44,-0.7049550239890623,NA,NA,NA,NA,q=6
8,6,4,asset_ibov,45,-0.7140786466195268,NA,NA,NA,NA,q=6
8,6,4,asset_ibov,46,-0.7217217659926262,NA,NA,NA,NA,q=6
8,6,4,asset_ibov,47,-0.7278153567637837,NA,NA,NA,NA,q=6
8,6,4,asset_ibov,48,-0.7322901770305922,NA,NA,NA,NA,q=6
8,6,4,fiscal_dbgg,0,0.2353070324646591,NA,NA,NA,NA,q=6
8,6,4,fiscal_dbgg,1,0.2128478720029213,NA,NA,NA,NA,q=6
8,6,4,fiscal_dbgg,2,-0.01013005580911909,NA,NA,NA,NA,q=6
8,6,4,fiscal_dbgg,3,-0.00805676909975701,NA,NA,NA,NA,q=6
8,6,4,fiscal_dbgg,4,-0.08108047002376444,NA,NA,NA,NA,q=6
8,6,4,fiscal_dbgg,5,-0.1627888234711421,NA,NA,NA,NA,q=6
8,6,4,fiscal_dbgg,6,-0.21696402500805045,NA,NA,NA,NA,q=6
8,6,4,fiscal_dbgg,7,-0.2267033977772116,NA,NA,NA,NA,q=6
8,6,4,fiscal_dbgg,8,-0.23675816428019963,NA,NA,NA,NA,q=6
8,6,4,fiscal_dbgg,9,-0.23434430450974383,NA,NA,NA,NA,q=6
8,6,4,fiscal_dbgg,10,-0.1961540344293052,NA,NA,NA,NA,q=6
8,6,4,fiscal_dbgg,11,-0.15102014104168743,NA,NA,NA,NA,q=6
8,6,4,fiscal_dbgg,12,-0.10348459231433506,NA,NA,NA,NA,q=6
8,6,4,fiscal_dbgg,13,-0.046230852046556074,NA,NA,NA,NA,q=6
8,6,4,fiscal_dbgg,14,0.00975566725970116,NA,NA,NA,NA,q=6
8,6,4,fiscal_dbgg,15,0.061395207886068004,NA,NA,NA,NA,q=6
8,6,4,fiscal_dbgg,16,0.11254903499587002,NA,NA,NA,NA,q=6
8,6,4,fiscal_dbgg,17,0.16246640637792154,NA,NA,NA,NA,q=6
8,6,4,fiscal_dbgg,18,0.20990970457293975,NA,NA,NA,NA,q=6
8,6,4,fiscal_dbgg,19,0.2553247495731053,NA,NA,NA,NA,q=6
8,6,4,fiscal_dbgg,20,0.2991758355220729,NA,NA,NA,NA,q=6
8,6,4,fiscal_dbgg,21,0.3403354877888918,NA,NA,NA,NA,q=6
8,6,4,fiscal_dbgg,22,0.37821988715157256,NA,NA,NA,NA,q=6
8,6,4,fiscal_dbgg,23,0.41316372433886017,NA,NA,NA,NA,q=6
8,6,4,fiscal_dbgg,24,0.4449612247440167,NA,NA,NA,NA,q=6
8,6,4,fiscal_dbgg,25,0.47352379242681075,NA,NA,NA,NA,q=6
8,6,4,fiscal_dbgg,26,0.499214040090323,NA,NA,NA,NA,q=6
8,6,4,fiscal_dbgg,27,0.522227161814125,NA,NA,NA,NA,q=6
8,6,4,fiscal_dbgg,28,0.5426497667736332,NA,NA,NA,NA,q=6
8,6,4,fiscal_dbgg,29,0.5606350737960163,NA,NA,NA,NA,q=6
8,6,4,fiscal_dbgg,30,0.5763221793352213,NA,NA,NA,NA,q=6
8,6,4,fiscal_dbgg,31,0.5897860076867903,NA,NA,NA,NA,q=6
8,6,4,fiscal_dbgg,32,0.6010980004864235,NA,NA,NA,NA,q=6
8,6,4,fiscal_dbgg,33,0.6103590326033379,NA,NA,NA,NA,q=6
8,6,4,fiscal_dbgg,34,0.6176487752485734,NA,NA,NA,NA,q=6
8,6,4,fiscal_dbgg,35,0.6230250285326604,NA,NA,NA,NA,q=6
8,6,4,fiscal_dbgg,36,0.6265477002323006,NA,NA,NA,NA,q=6
8,6,4,fiscal_dbgg,37,0.6282609734144969,NA,NA,NA,NA,q=6
8,6,4,fiscal_dbgg,38,0.6281895733380687,NA,NA,NA,NA,q=6
8,6,4,fiscal_dbgg,39,0.6263523848521122,NA,NA,NA,NA,q=6
8,6,4,fiscal_dbgg,40,0.6227646233332367,NA,NA,NA,NA,q=6
8,6,4,fiscal_dbgg,41,0.6174377891548074,NA,NA,NA,NA,q=6
8,6,4,fiscal_dbgg,42,0.610384035237033,NA,NA,NA,NA,q=6
8,6,4,fiscal_dbgg,43,0.6016196049783004,NA,NA,NA,NA,q=6
8,6,4,fiscal_dbgg,44,0.591164797839845,NA,NA,NA,NA,q=6
8,6,4,fiscal_dbgg,45,0.5790443498498901,NA,NA,NA,NA,q=6
8,6,4,fiscal_dbgg,46,0.5652892868952011,NA,NA,NA,NA,q=6
8,6,4,fiscal_dbgg,47,0.5499374041718443,NA,NA,NA,NA,q=6
8,6,4,fiscal_dbgg,48,0.5330333090350206,NA,NA,NA,NA,q=6
8,6,4,fiscal_dlsp,0,-0.2535819193744619,NA,NA,NA,NA,q=6
8,6,4,fiscal_dlsp,1,-0.34104294193477414,NA,NA,NA,NA,q=6
8,6,4,fiscal_dlsp,2,-0.27286409926851585,NA,NA,NA,NA,q=6
8,6,4,fiscal_dlsp,3,-0.37016727621482665,NA,NA,NA,NA,q=6
8,6,4,fiscal_dlsp,4,-0.32685855994625584,NA,NA,NA,NA,q=6
8,6,4,fiscal_dlsp,5,-0.2547192012351631,NA,NA,NA,NA,q=6
8,6,4,fiscal_dlsp,6,-0.2153997128406036,NA,NA,NA,NA,q=6
8,6,4,fiscal_dlsp,7,-0.19049343936400032,NA,NA,NA,NA,q=6
8,6,4,fiscal_dlsp,8,-0.14893857232690716,NA,NA,NA,NA,q=6
8,6,4,fiscal_dlsp,9,-0.09708385539805718,NA,NA,NA,NA,q=6
8,6,4,fiscal_dlsp,10,-0.04998141348270547,NA,NA,NA,NA,q=6
8,6,4,fiscal_dlsp,11,0.011214744045149343,NA,NA,NA,NA,q=6
8,6,4,fiscal_dlsp,12,0.07826128947889502,NA,NA,NA,NA,q=6
8,6,4,fiscal_dlsp,13,0.13283976341914533,NA,NA,NA,NA,q=6
8,6,4,fiscal_dlsp,14,0.18315761487527074,NA,NA,NA,NA,q=6
8,6,4,fiscal_dlsp,15,0.23093389598954064,NA,NA,NA,NA,q=6
8,6,4,fiscal_dlsp,16,0.2714414411303589,NA,NA,NA,NA,q=6
8,6,4,fiscal_dlsp,17,0.3077061237896338,NA,NA,NA,NA,q=6
8,6,4,fiscal_dlsp,18,0.3421579719125351,NA,NA,NA,NA,q=6
8,6,4,fiscal_dlsp,19,0.3741848640593038,NA,NA,NA,NA,q=6
8,6,4,fiscal_dlsp,20,0.4029822306973533,NA,NA,NA,NA,q=6
8,6,4,fiscal_dlsp,21,0.4288798064518582,NA,NA,NA,NA,q=6
8,6,4,fiscal_dlsp,22,0.45185111136192485,NA,NA,NA,NA,q=6
8,6,4,fiscal_dlsp,23,0.4712413411862943,NA,NA,NA,NA,q=6
8,6,4,fiscal_dlsp,24,0.4873528904139041,NA,NA,NA,NA,q=6
8,6,4,fiscal_dlsp,25,0.5007408051035328,NA,NA,NA,NA,q=6
8,6,4,fiscal_dlsp,26,0.511514656826542,NA,NA,NA,NA,q=6
8,6,4,fiscal_dlsp,27,0.5199515322026381,NA,NA,NA,NA,q=6
8,6,4,fiscal_dlsp,28,0.5263851922581648,NA,NA,NA,NA,q=6
8,6,4,fiscal_dlsp,29,0.5309448698420297,NA,NA,NA,NA,q=6
8,6,4,fiscal_dlsp,30,0.53370766582805,NA,NA,NA,NA,q=6
8,6,4,fiscal_dlsp,31,0.5347874596660643,NA,NA,NA,NA,q=6
8,6,4,fiscal_dlsp,32,0.5342891865995729,NA,NA,NA,NA,q=6
8,6,4,fiscal_dlsp,33,0.532284668011686,NA,NA,NA,NA,q=6
8,6,4,fiscal_dlsp,34,0.5288577129524271,NA,NA,NA,NA,q=6
8,6,4,fiscal_dlsp,35,0.5240992590868783,NA,NA,NA,NA,q=6
8,6,4,fiscal_dlsp,36,0.5180691051197845,NA,NA,NA,NA,q=6
8,6,4,fiscal_dlsp,37,0.5108115536239264,NA,NA,NA,NA,q=6
8,6,4,fiscal_dlsp,38,0.5023670084221425,NA,NA,NA,NA,q=6
8,6,4,fiscal_dlsp,39,0.4927630997683932,NA,NA,NA,NA,q=6
8,6,4,fiscal_dlsp,40,0.4820210731331409,NA,NA,NA,NA,q=6
8,6,4,fiscal_dlsp,41,0.4701644199879651,NA,NA,NA,NA,q=6
8,6,4,fiscal_dlsp,42,0.45721894866118656,NA,NA,NA,NA,q=6
8,6,4,fiscal_dlsp,43,0.4432122101682159,NA,NA,NA,NA,q=6
8,6,4,fiscal_dlsp,44,0.42817530600131065,NA,NA,NA,NA,q=6
8,6,4,fiscal_dlsp,45,0.4121436814362203,NA,NA,NA,NA,q=6
8,6,4,fiscal_dlsp,46,0.39515611910693843,NA,NA,NA,NA,q=6
8,6,4,fiscal_dlsp,47,0.3772551113862113,NA,NA,NA,NA,q=6
8,6,4,fiscal_dlsp,48,0.3584878029180607,NA,NA,NA,NA,q=6
8,6,4,fiscal_primary_balance,0,30.687938963334442,NA,NA,NA,NA,q=6
8,6,4,fiscal_primary_balance,1,-2142.7947677010457,NA,NA,NA,NA,q=6
8,6,4,fiscal_primary_balance,2,-2629.7754942226293,NA,NA,NA,NA,q=6
8,6,4,fiscal_primary_balance,3,-1651.4339887905537,NA,NA,NA,NA,q=6
8,6,4,fiscal_primary_balance,4,-1421.6711420798506,NA,NA,NA,NA,q=6
8,6,4,fiscal_primary_balance,5,-1277.4734843215635,NA,NA,NA,NA,q=6
8,6,4,fiscal_primary_balance,6,-292.2290795533556,NA,NA,NA,NA,q=6
8,6,4,fiscal_primary_balance,7,-83.69797815363121,NA,NA,NA,NA,q=6
8,6,4,fiscal_primary_balance,8,955.463884268431,NA,NA,NA,NA,q=6
8,6,4,fiscal_primary_balance,9,1887.2441024411694,NA,NA,NA,NA,q=6
8,6,4,fiscal_primary_balance,10,2649.2522981636234,NA,NA,NA,NA,q=6
8,6,4,fiscal_primary_balance,11,3446.2879010859137,NA,NA,NA,NA,q=6
8,6,4,fiscal_primary_balance,12,3844.4666188290985,NA,NA,NA,NA,q=6
8,6,4,fiscal_primary_balance,13,4021.772391358278,NA,NA,NA,NA,q=6
8,6,4,fiscal_primary_balance,14,4126.181030067776,NA,NA,NA,NA,q=6
8,6,4,fiscal_primary_balance,15,4120.66122876463,NA,NA,NA,NA,q=6
8,6,4,fiscal_primary_balance,16,4087.5940425587196,NA,NA,NA,NA,q=6
8,6,4,fiscal_primary_balance,17,4029.064387750729,NA,NA,NA,NA,q=6
8,6,4,fiscal_primary_balance,18,3955.9084778971005,NA,NA,NA,NA,q=6
8,6,4,fiscal_primary_balance,19,3850.248811982085,NA,NA,NA,NA,q=6
8,6,4,fiscal_primary_balance,20,3691.36273260962,NA,NA,NA,NA,q=6
8,6,4,fiscal_primary_balance,21,3499.539491358525,NA,NA,NA,NA,q=6
8,6,4,fiscal_primary_balance,22,3270.845961319574,NA,NA,NA,NA,q=6
8,6,4,fiscal_primary_balance,23,3011.102261317295,NA,NA,NA,NA,q=6
8,6,4,fiscal_primary_balance,24,2739.2806090798917,NA,NA,NA,NA,q=6
8,6,4,fiscal_primary_balance,25,2459.6286893570605,NA,NA,NA,NA,q=6
8,6,4,fiscal_primary_balance,26,2176.269464802505,NA,NA,NA,NA,q=6
8,6,4,fiscal_primary_balance,27,1893.2605124523354,NA,NA,NA,NA,q=6
8,6,4,fiscal_primary_balance,28,1611.4471667601244,NA,NA,NA,NA,q=6
8,6,4,fiscal_primary_balance,29,1331.4840803492862,NA,NA,NA,NA,q=6
8,6,4,fiscal_primary_balance,30,1053.8779117274742,NA,NA,NA,NA,q=6
8,6,4,fiscal_primary_balance,31,780.2845714468613,NA,NA,NA,NA,q=6
8,6,4,fiscal_primary_balance,32,512.0323429871,NA,NA,NA,NA,q=6
8,6,4,fiscal_primary_balance,33,249.86501154909223,NA,NA,NA,NA,q=6
8,6,4,fiscal_primary_balance,34,-5.172604241701013,NA,NA,NA,NA,q=6
8,6,4,fiscal_primary_balance,35,-252.69537186783967,NA,NA,NA,NA,q=6
8,6,4,fiscal_primary_balance,36,-492.8077501700608,NA,NA,NA,NA,q=6
8,6,4,fiscal_primary_balance,37,-725.5884044775771,NA,NA,NA,NA,q=6
8,6,4,fiscal_primary_balance,38,-951.2234710505084,NA,NA,NA,NA,q=6
8,6,4,fiscal_primary_balance,39,-1169.8926319019336,NA,NA,NA,NA,q=6
8,6,4,fiscal_primary_balance,40,-1381.6799050918714,NA,NA,NA,NA,q=6
8,6,4,fiscal_primary_balance,41,-1586.5783237446897,NA,NA,NA,NA,q=6
8,6,4,fiscal_primary_balance,42,-1784.5212615079226,NA,NA,NA,NA,q=6
8,6,4,fiscal_primary_balance,43,-1975.421510072659,NA,NA,NA,NA,q=6
8,6,4,fiscal_primary_balance,44,-2159.145566886276,NA,NA,NA,NA,q=6
8,6,4,fiscal_primary_balance,45,-2335.5259818626478,NA,NA,NA,NA,q=6
8,6,4,fiscal_primary_balance,46,-2504.372805928058,NA,NA,NA,NA,q=6
8,6,4,fiscal_primary_balance,47,-2665.4521761223746,NA,NA,NA,NA,q=6
8,6,4,fiscal_primary_balance,48,-2818.4917184953615,NA,NA,NA,NA,q=6
8,6,4,dlsp_exchange_adjustment,0,-23918.46711193618,NA,NA,NA,NA,q=6
8,6,4,dlsp_exchange_adjustment,1,-19651.07788197307,NA,NA,NA,NA,q=6
8,6,4,dlsp_exchange_adjustment,2,3688.740423079888,NA,NA,NA,NA,q=6
8,6,4,dlsp_exchange_adjustment,3,-5224.309102605706,NA,NA,NA,NA,q=6
8,6,4,dlsp_exchange_adjustment,4,2811.438133475265,NA,NA,NA,NA,q=6
8,6,4,dlsp_exchange_adjustment,5,6769.361075403426,NA,NA,NA,NA,q=6
8,6,4,dlsp_exchange_adjustment,6,7625.3798955038565,NA,NA,NA,NA,q=6
8,6,4,dlsp_exchange_adjustment,7,5862.424573242826,NA,NA,NA,NA,q=6
8,6,4,dlsp_exchange_adjustment,8,4724.279041705803,NA,NA,NA,NA,q=6
8,6,4,dlsp_exchange_adjustment,9,5309.309631763512,NA,NA,NA,NA,q=6
8,6,4,dlsp_exchange_adjustment,10,4008.603318728098,NA,NA,NA,NA,q=6
8,6,4,dlsp_exchange_adjustment,11,3619.1235541442297,NA,NA,NA,NA,q=6
8,6,4,dlsp_exchange_adjustment,12,3820.3284553541343,NA,NA,NA,NA,q=6
8,6,4,dlsp_exchange_adjustment,13,2906.4749317344417,NA,NA,NA,NA,q=6
8,6,4,dlsp_exchange_adjustment,14,2331.694429389758,NA,NA,NA,NA,q=6
8,6,4,dlsp_exchange_adjustment,15,2007.584560699815,NA,NA,NA,NA,q=6
8,6,4,dlsp_exchange_adjustment,16,1384.39704276478,NA,NA,NA,NA,q=6
8,6,4,dlsp_exchange_adjustment,17,873.3577207374173,NA,NA,NA,NA,q=6
8,6,4,dlsp_exchange_adjustment,18,494.55302409800066,NA,NA,NA,NA,q=6
8,6,4,dlsp_exchange_adjustment,19,157.6963636854037,NA,NA,NA,NA,q=6
8,6,4,dlsp_exchange_adjustment,20,-187.80269317212154,NA,NA,NA,NA,q=6
8,6,4,dlsp_exchange_adjustment,21,-496.5096197207341,NA,NA,NA,NA,q=6
8,6,4,dlsp_exchange_adjustment,22,-753.7449576556198,NA,NA,NA,NA,q=6
8,6,4,dlsp_exchange_adjustment,23,-1027.3418170013545,NA,NA,NA,NA,q=6
8,6,4,dlsp_exchange_adjustment,24,-1281.8448390250207,NA,NA,NA,NA,q=6
8,6,4,dlsp_exchange_adjustment,25,-1491.8428115648137,NA,NA,NA,NA,q=6
8,6,4,dlsp_exchange_adjustment,26,-1687.0952289251213,NA,NA,NA,NA,q=6
8,6,4,dlsp_exchange_adjustment,27,-1859.9578700478223,NA,NA,NA,NA,q=6
8,6,4,dlsp_exchange_adjustment,28,-2004.3881520253603,NA,NA,NA,NA,q=6
8,6,4,dlsp_exchange_adjustment,29,-2130.9474599807622,NA,NA,NA,NA,q=6
8,6,4,dlsp_exchange_adjustment,30,-2244.151338478419,NA,NA,NA,NA,q=6
8,6,4,dlsp_exchange_adjustment,31,-2344.694405142775,NA,NA,NA,NA,q=6
8,6,4,dlsp_exchange_adjustment,32,-2433.7438530532568,NA,NA,NA,NA,q=6
8,6,4,dlsp_exchange_adjustment,33,-2514.4558994841045,NA,NA,NA,NA,q=6
8,6,4,dlsp_exchange_adjustment,34,-2587.629295791948,NA,NA,NA,NA,q=6
8,6,4,dlsp_exchange_adjustment,35,-2652.6628547889704,NA,NA,NA,NA,q=6
8,6,4,dlsp_exchange_adjustment,36,-2711.13215697347,NA,NA,NA,NA,q=6
8,6,4,dlsp_exchange_adjustment,37,-2763.9299542382364,NA,NA,NA,NA,q=6
8,6,4,dlsp_exchange_adjustment,38,-2811.029415077237,NA,NA,NA,NA,q=6
8,6,4,dlsp_exchange_adjustment,39,-2852.9828558364284,NA,NA,NA,NA,q=6
8,6,4,dlsp_exchange_adjustment,40,-2890.1010610520743,NA,NA,NA,NA,q=6
8,6,4,dlsp_exchange_adjustment,41,-2922.2335384813614,NA,NA,NA,NA,q=6
8,6,4,dlsp_exchange_adjustment,42,-2949.1562588407046,NA,NA,NA,NA,q=6
8,6,4,dlsp_exchange_adjustment,43,-2970.6441357340136,NA,NA,NA,NA,q=6
8,6,4,dlsp_exchange_adjustment,44,-2986.3951486290644,NA,NA,NA,NA,q=6
8,6,4,dlsp_exchange_adjustment,45,-2996.0388679003295,NA,NA,NA,NA,q=6
8,6,4,dlsp_exchange_adjustment,46,-2999.280283469696,NA,NA,NA,NA,q=6
8,6,4,dlsp_exchange_adjustment,47,-2995.8680168786314,NA,NA,NA,NA,q=6
8,6,4,dlsp_exchange_adjustment,48,-2985.5412302942323,NA,NA,NA,NA,q=6
8,6,4,expect_focus_selic_ny,0,0.641191130408191,NA,NA,NA,NA,q=6
8,6,4,expect_focus_selic_ny,1,0.6314809882174227,NA,NA,NA,NA,q=6
8,6,4,expect_focus_selic_ny,2,0.6151043345815695,NA,NA,NA,NA,q=6
8,6,4,expect_focus_selic_ny,3,0.6470033863442143,NA,NA,NA,NA,q=6
8,6,4,expect_focus_selic_ny,4,0.5389775782563684,NA,NA,NA,NA,q=6
8,6,4,expect_focus_selic_ny,5,0.48644127296749107,NA,NA,NA,NA,q=6
8,6,4,expect_focus_selic_ny,6,0.49673777558653676,NA,NA,NA,NA,q=6
8,6,4,expect_focus_selic_ny,7,0.4477746778191758,NA,NA,NA,NA,q=6
8,6,4,expect_focus_selic_ny,8,0.41822899303830285,NA,NA,NA,NA,q=6
8,6,4,expect_focus_selic_ny,9,0.3859364252291281,NA,NA,NA,NA,q=6
8,6,4,expect_focus_selic_ny,10,0.3376478432221582,NA,NA,NA,NA,q=6
8,6,4,expect_focus_selic_ny,11,0.2845663635806771,NA,NA,NA,NA,q=6
8,6,4,expect_focus_selic_ny,12,0.22777668198347886,NA,NA,NA,NA,q=6
8,6,4,expect_focus_selic_ny,13,0.1764948821919705,NA,NA,NA,NA,q=6
8,6,4,expect_focus_selic_ny,14,0.12568526871277952,NA,NA,NA,NA,q=6
8,6,4,expect_focus_selic_ny,15,0.0787841130899666,NA,NA,NA,NA,q=6
8,6,4,expect_focus_selic_ny,16,0.038895155585945244,NA,NA,NA,NA,q=6
8,6,4,expect_focus_selic_ny,17,-2.2509341586927e-4,NA,NA,NA,NA,q=6
8,6,4,expect_focus_selic_ny,18,-0.03743015637209289,NA,NA,NA,NA,q=6
8,6,4,expect_focus_selic_ny,19,-0.07160761928275088,NA,NA,NA,NA,q=6
8,6,4,expect_focus_selic_ny,20,-0.10443543494711763,NA,NA,NA,NA,q=6
8,6,4,expect_focus_selic_ny,21,-0.1352145243868419,NA,NA,NA,NA,q=6
8,6,4,expect_focus_selic_ny,22,-0.16345274139147847,NA,NA,NA,NA,q=6
8,6,4,expect_focus_selic_ny,23,-0.18921684874512726,NA,NA,NA,NA,q=6
8,6,4,expect_focus_selic_ny,24,-0.21269849050159864,NA,NA,NA,NA,q=6
8,6,4,expect_focus_selic_ny,25,-0.23410865707671427,NA,NA,NA,NA,q=6
8,6,4,expect_focus_selic_ny,26,-0.253533014591323,NA,NA,NA,NA,q=6
8,6,4,expect_focus_selic_ny,27,-0.27131578881994584,NA,NA,NA,NA,q=6
8,6,4,expect_focus_selic_ny,28,-0.2876467109634158,NA,NA,NA,NA,q=6
8,6,4,expect_focus_selic_ny,29,-0.30252647829518076,NA,NA,NA,NA,q=6
8,6,4,expect_focus_selic_ny,30,-0.31606396847090784,NA,NA,NA,NA,q=6
8,6,4,expect_focus_selic_ny,31,-0.3283117569175317,NA,NA,NA,NA,q=6
8,6,4,expect_focus_selic_ny,32,-0.33927177643459266,NA,NA,NA,NA,q=6
8,6,4,expect_focus_selic_ny,33,-0.3489819318724892,NA,NA,NA,NA,q=6
8,6,4,expect_focus_selic_ny,34,-0.35747837087421885,NA,NA,NA,NA,q=6
8,6,4,expect_focus_selic_ny,35,-0.3647851566381686,NA,NA,NA,NA,q=6
8,6,4,expect_focus_selic_ny,36,-0.3709150435693552,NA,NA,NA,NA,q=6
8,6,4,expect_focus_selic_ny,37,-0.37587696486695343,NA,NA,NA,NA,q=6
8,6,4,expect_focus_selic_ny,38,-0.3796736530508551,NA,NA,NA,NA,q=6
8,6,4,expect_focus_selic_ny,39,-0.3822973491498486,NA,NA,NA,NA,q=6
8,6,4,expect_focus_selic_ny,40,-0.38374313507775215,NA,NA,NA,NA,q=6
8,6,4,expect_focus_selic_ny,41,-0.38401035360909697,NA,NA,NA,NA,q=6
8,6,4,expect_focus_selic_ny,42,-0.38310014090073713,NA,NA,NA,NA,q=6
8,6,4,expect_focus_selic_ny,43,-0.3810198387215179,NA,NA,NA,NA,q=6
8,6,4,expect_focus_selic_ny,44,-0.3777829834617635,NA,NA,NA,NA,q=6
8,6,4,expect_focus_selic_ny,45,-0.3734079540712341,NA,NA,NA,NA,q=6
8,6,4,expect_focus_selic_ny,46,-0.3679182669265317,NA,NA,NA,NA,q=6
8,6,4,expect_focus_selic_ny,47,-0.3613427377462445,NA,NA,NA,NA,q=6
8,6,4,expect_focus_selic_ny,48,-0.3537153470625386,NA,NA,NA,NA,q=6
8,6,4,expect_focus_pib_ny,0,-0.2729636994124806,NA,NA,NA,NA,q=6
8,6,4,expect_focus_pib_ny,1,-0.24932650426312136,NA,NA,NA,NA,q=6
8,6,4,expect_focus_pib_ny,2,-0.24652296547974403,NA,NA,NA,NA,q=6
8,6,4,expect_focus_pib_ny,3,-0.2618858786955282,NA,NA,NA,NA,q=6
8,6,4,expect_focus_pib_ny,4,-0.20651480888043933,NA,NA,NA,NA,q=6
8,6,4,expect_focus_pib_ny,5,-0.1864341372517457,NA,NA,NA,NA,q=6
8,6,4,expect_focus_pib_ny,6,-0.20109900864430127,NA,NA,NA,NA,q=6
8,6,4,expect_focus_pib_ny,7,-0.18015118916399783,NA,NA,NA,NA,q=6
8,6,4,expect_focus_pib_ny,8,-0.17247277283192505,NA,NA,NA,NA,q=6
8,6,4,expect_focus_pib_ny,9,-0.16428320564256665,NA,NA,NA,NA,q=6
8,6,4,expect_focus_pib_ny,10,-0.14490386528591695,NA,NA,NA,NA,q=6
8,6,4,expect_focus_pib_ny,11,-0.12321190651770465,NA,NA,NA,NA,q=6
8,6,4,expect_focus_pib_ny,12,-0.09921149739097523,NA,NA,NA,NA,q=6
8,6,4,expect_focus_pib_ny,13,-0.07646851443048441,NA,NA,NA,NA,q=6
8,6,4,expect_focus_pib_ny,14,-0.05342481435672212,NA,NA,NA,NA,q=6
8,6,4,expect_focus_pib_ny,15,-0.03222931356979904,NA,NA,NA,NA,q=6
8,6,4,expect_focus_pib_ny,16,-0.014208139720828666,NA,NA,NA,NA,q=6
8,6,4,expect_focus_pib_ny,17,0.00388487778148244,NA,NA,NA,NA,q=6
8,6,4,expect_focus_pib_ny,18,0.021214074303848335,NA,NA,NA,NA,q=6
8,6,4,expect_focus_pib_ny,19,0.03726436072132688,NA,NA,NA,NA,q=6
8,6,4,expect_focus_pib_ny,20,0.05306211235248929,NA,NA,NA,NA,q=6
8,6,4,expect_focus_pib_ny,21,0.06810398156032037,NA,NA,NA,NA,q=6
8,6,4,expect_focus_pib_ny,22,0.08206488264044044,NA,NA,NA,NA,q=6
8,6,4,expect_focus_pib_ny,23,0.09500165011431336,NA,NA,NA,NA,q=6
8,6,4,expect_focus_pib_ny,24,0.1069313105371353,NA,NA,NA,NA,q=6
8,6,4,expect_focus_pib_ny,25,0.11789382036325842,NA,NA,NA,NA,q=6
8,6,4,expect_focus_pib_ny,26,0.12791781146690764,NA,NA,NA,NA,q=6
8,6,4,expect_focus_pib_ny,27,0.13715809030899467,NA,NA,NA,NA,q=6
8,6,4,expect_focus_pib_ny,28,0.1456831646887668,NA,NA,NA,NA,q=6
8,6,4,expect_focus_pib_ny,29,0.15347749521077866,NA,NA,NA,NA,q=6
8,6,4,expect_focus_pib_ny,30,0.1605898928863963,NA,NA,NA,NA,q=6
8,6,4,expect_focus_pib_ny,31,0.16703358419955117,NA,NA,NA,NA,q=6
8,6,4,expect_focus_pib_ny,32,0.17279752726834108,NA,NA,NA,NA,q=6
8,6,4,expect_focus_pib_ny,33,0.1778976007208933,NA,NA,NA,NA,q=6
8,6,4,expect_focus_pib_ny,34,0.18234901847939838,NA,NA,NA,NA,q=6
8,6,4,expect_focus_pib_ny,35,0.18616192275942847,NA,NA,NA,NA,q=6
8,6,4,expect_focus_pib_ny,36,0.1893448497088769,NA,NA,NA,NA,q=6
8,6,4,expect_focus_pib_ny,37,0.19190563165409327,NA,NA,NA,NA,q=6
8,6,4,expect_focus_pib_ny,38,0.19384889534629646,NA,NA,NA,NA,q=6
8,6,4,expect_focus_pib_ny,39,0.1951744750467025,NA,NA,NA,NA,q=6
8,6,4,expect_focus_pib_ny,40,0.1958839768724181,NA,NA,NA,NA,q=6
8,6,4,expect_focus_pib_ny,41,0.19598078496661078,NA,NA,NA,NA,q=6
8,6,4,expect_focus_pib_ny,42,0.19546879897220826,NA,NA,NA,NA,q=6
8,6,4,expect_focus_pib_ny,43,0.19435496306344252,NA,NA,NA,NA,q=6
8,6,4,expect_focus_pib_ny,44,0.19264898100934788,NA,NA,NA,NA,q=6
8,6,4,expect_focus_pib_ny,45,0.19036246546236082,NA,NA,NA,NA,q=6
8,6,4,expect_focus_pib_ny,46,0.18750921232148915,NA,NA,NA,NA,q=6
8,6,4,expect_focus_pib_ny,47,0.18410522924990877,NA,NA,NA,NA,q=6
8,6,4,expect_focus_pib_ny,48,0.1801686136431956,NA,NA,NA,NA,q=6
8,6,4,expect_focus_cambio_ny,0,0.06847522402725166,NA,NA,NA,NA,q=6
8,6,4,expect_focus_cambio_ny,1,0.09923181486202955,NA,NA,NA,NA,q=6
8,6,4,expect_focus_cambio_ny,2,0.09776813285932734,NA,NA,NA,NA,q=6
8,6,4,expect_focus_cambio_ny,3,0.09737642216525666,NA,NA,NA,NA,q=6
8,6,4,expect_focus_cambio_ny,4,0.08915622595573072,NA,NA,NA,NA,q=6
8,6,4,expect_focus_cambio_ny,5,0.0652576937865022,NA,NA,NA,NA,q=6
8,6,4,expect_focus_cambio_ny,6,0.04639874887072618,NA,NA,NA,NA,q=6
8,6,4,expect_focus_cambio_ny,7,0.03098708951511443,NA,NA,NA,NA,q=6
8,6,4,expect_focus_cambio_ny,8,0.01471283822873651,NA,NA,NA,NA,q=6
8,6,4,expect_focus_cambio_ny,9,0.0025657414230950476,NA,NA,NA,NA,q=6
8,6,4,expect_focus_cambio_ny,10,-0.006192244831940335,NA,NA,NA,NA,q=6
8,6,4,expect_focus_cambio_ny,11,-0.013905207826807467,NA,NA,NA,NA,q=6
8,6,4,expect_focus_cambio_ny,12,-0.020918009558879947,NA,NA,NA,NA,q=6
8,6,4,expect_focus_cambio_ny,13,-0.025893912511323097,NA,NA,NA,NA,q=6
8,6,4,expect_focus_cambio_ny,14,-0.029320009144546716,NA,NA,NA,NA,q=6
8,6,4,expect_focus_cambio_ny,15,-0.03232423471476602,NA,NA,NA,NA,q=6
8,6,4,expect_focus_cambio_ny,16,-0.034422792801649185,NA,NA,NA,NA,q=6
8,6,4,expect_focus_cambio_ny,17,-0.035558925418147175,NA,NA,NA,NA,q=6
8,6,4,expect_focus_cambio_ny,18,-0.03633997602885058,NA,NA,NA,NA,q=6
8,6,4,expect_focus_cambio_ny,19,-0.036745437634014964,NA,NA,NA,NA,q=6
8,6,4,expect_focus_cambio_ny,20,-0.036694214061911264,NA,NA,NA,NA,q=6
8,6,4,expect_focus_cambio_ny,21,-0.036336015474588146,NA,NA,NA,NA,q=6
8,6,4,expect_focus_cambio_ny,22,-0.03574754953824444,NA,NA,NA,NA,q=6
8,6,4,expect_focus_cambio_ny,23,-0.034906120644975815,NA,NA,NA,NA,q=6
8,6,4,expect_focus_cambio_ny,24,-0.033836177723739154,NA,NA,NA,NA,q=6
8,6,4,expect_focus_cambio_ny,25,-0.03261785297962108,NA,NA,NA,NA,q=6
8,6,4,expect_focus_cambio_ny,26,-0.03127857464314867,NA,NA,NA,NA,q=6
8,6,4,expect_focus_cambio_ny,27,-0.029829168020887177,NA,NA,NA,NA,q=6
8,6,4,expect_focus_cambio_ny,28,-0.028312339818179988,NA,NA,NA,NA,q=6
8,6,4,expect_focus_cambio_ny,29,-0.026751612987495454,NA,NA,NA,NA,q=6
8,6,4,expect_focus_cambio_ny,30,-0.025152153909489564,NA,NA,NA,NA,q=6
8,6,4,expect_focus_cambio_ny,31,-0.023527433628209887,NA,NA,NA,NA,q=6
8,6,4,expect_focus_cambio_ny,32,-0.021889515405071176,NA,NA,NA,NA,q=6
8,6,4,expect_focus_cambio_ny,33,-0.020243596115095425,NA,NA,NA,NA,q=6
8,6,4,expect_focus_cambio_ny,34,-0.01859490950190212,NA,NA,NA,NA,q=6
8,6,4,expect_focus_cambio_ny,35,-0.016950507231227038,NA,NA,NA,NA,q=6
8,6,4,expect_focus_cambio_ny,36,-0.015315550939811176,NA,NA,NA,NA,q=6
8,6,4,expect_focus_cambio_ny,37,-0.013693330225229726,NA,NA,NA,NA,q=6
8,6,4,expect_focus_cambio_ny,38,-0.0120878565121262,NA,NA,NA,NA,q=6
8,6,4,expect_focus_cambio_ny,39,-0.010502912645388367,NA,NA,NA,NA,q=6
8,6,4,expect_focus_cambio_ny,40,-0.008941348901870018,NA,NA,NA,NA,q=6
8,6,4,expect_focus_cambio_ny,41,-0.0074063060772984425,NA,NA,NA,NA,q=6
8,6,4,expect_focus_cambio_ny,42,-0.005901243994123742,NA,NA,NA,NA,q=6
8,6,4,expect_focus_cambio_ny,43,-0.004429481451515816,NA,NA,NA,NA,q=6
8,6,4,expect_focus_cambio_ny,44,-0.0029943713836757388,NA,NA,NA,NA,q=6
8,6,4,expect_focus_cambio_ny,45,-0.0015993864168642896,NA,NA,NA,NA,q=6
8,6,4,expect_focus_cambio_ny,46,-2.4792092053530775e-4,NA,NA,NA,NA,q=6
8,6,4,expect_focus_cambio_ny,47,0.0010568103425922524,NA,NA,NA,NA,q=6
8,6,4,expect_focus_cambio_ny,48,0.0023117312274769848,NA,NA,NA,NA,q=6
8,6,4,expect_focus_fiscal_dlsp_ny,0,-0.1216911693758091,NA,NA,NA,NA,q=6
8,6,4,expect_focus_fiscal_dlsp_ny,1,-0.1085252912630731,NA,NA,NA,NA,q=6
8,6,4,expect_focus_fiscal_dlsp_ny,2,-0.05560545456580271,NA,NA,NA,NA,q=6
8,6,4,expect_focus_fiscal_dlsp_ny,3,-0.11389213683263039,NA,NA,NA,NA,q=6
8,6,4,expect_focus_fiscal_dlsp_ny,4,-0.06133928872556427,NA,NA,NA,NA,q=6
8,6,4,expect_focus_fiscal_dlsp_ny,5,-0.12469144326241041,NA,NA,NA,NA,q=6
8,6,4,expect_focus_fiscal_dlsp_ny,6,-0.1727927450463134,NA,NA,NA,NA,q=6
8,6,4,expect_focus_fiscal_dlsp_ny,7,-0.19509377062260355,NA,NA,NA,NA,q=6
8,6,4,expect_focus_fiscal_dlsp_ny,8,-0.21769103069330872,NA,NA,NA,NA,q=6
8,6,4,expect_focus_fiscal_dlsp_ny,9,-0.20488276243714892,NA,NA,NA,NA,q=6
8,6,4,expect_focus_fiscal_dlsp_ny,10,-0.17705116639650928,NA,NA,NA,NA,q=6
8,6,4,expect_focus_fiscal_dlsp_ny,11,-0.13963455911865666,NA,NA,NA,NA,q=6
8,6,4,expect_focus_fiscal_dlsp_ny,12,-0.10061616686830233,NA,NA,NA,NA,q=6
8,6,4,expect_focus_fiscal_dlsp_ny,13,-0.06388591874309305,NA,NA,NA,NA,q=6
8,6,4,expect_focus_fiscal_dlsp_ny,14,-0.022239942565024724,NA,NA,NA,NA,q=6
8,6,4,expect_focus_fiscal_dlsp_ny,15,0.017062698005124728,NA,NA,NA,NA,q=6
8,6,4,expect_focus_fiscal_dlsp_ny,16,0.05414094358231955,NA,NA,NA,NA,q=6
8,6,4,expect_focus_fiscal_dlsp_ny,17,0.09391811666712757,NA,NA,NA,NA,q=6
8,6,4,expect_focus_fiscal_dlsp_ny,18,0.13288408420272624,NA,NA,NA,NA,q=6
8,6,4,expect_focus_fiscal_dlsp_ny,19,0.17013974842710386,NA,NA,NA,NA,q=6
8,6,4,expect_focus_fiscal_dlsp_ny,20,0.20620299501661965,NA,NA,NA,NA,q=6
8,6,4,expect_focus_fiscal_dlsp_ny,21,0.24021836359935608,NA,NA,NA,NA,q=6
8,6,4,expect_focus_fiscal_dlsp_ny,22,0.2716748593752903,NA,NA,NA,NA,q=6
8,6,4,expect_focus_fiscal_dlsp_ny,23,0.30059129670549634,NA,NA,NA,NA,q=6
8,6,4,expect_focus_fiscal_dlsp_ny,24,0.32739379121518253,NA,NA,NA,NA,q=6
8,6,4,expect_focus_fiscal_dlsp_ny,25,0.3521051326030491,NA,NA,NA,NA,q=6
8,6,4,expect_focus_fiscal_dlsp_ny,26,0.37470493512712355,NA,NA,NA,NA,q=6
8,6,4,expect_focus_fiscal_dlsp_ny,27,0.39548825197105286,NA,NA,NA,NA,q=6
8,6,4,expect_focus_fiscal_dlsp_ny,28,0.4144579858286482,NA,NA,NA,NA,q=6
8,6,4,expect_focus_fiscal_dlsp_ny,29,0.43154788534154764,NA,NA,NA,NA,q=6
8,6,4,expect_focus_fiscal_dlsp_ny,30,0.44684315152327286,NA,NA,NA,NA,q=6
8,6,4,expect_focus_fiscal_dlsp_ny,31,0.4603800465329653,NA,NA,NA,NA,q=6
8,6,4,expect_focus_fiscal_dlsp_ny,32,0.4721744524703434,NA,NA,NA,NA,q=6
8,6,4,expect_focus_fiscal_dlsp_ny,33,0.4822724234012561,NA,NA,NA,NA,q=6
8,6,4,expect_focus_fiscal_dlsp_ny,34,0.4907210221038138,NA,NA,NA,NA,q=6
8,6,4,expect_focus_fiscal_dlsp_ny,35,0.497543945133059,NA,NA,NA,NA,q=6
8,6,4,expect_focus_fiscal_dlsp_ny,36,0.5027469259414155,NA,NA,NA,NA,q=6
8,6,4,expect_focus_fiscal_dlsp_ny,37,0.5063387963906076,NA,NA,NA,NA,q=6
8,6,4,expect_focus_fiscal_dlsp_ny,38,0.508320298380051,NA,NA,NA,NA,q=6
8,6,4,expect_focus_fiscal_dlsp_ny,39,0.5086845595184758,NA,NA,NA,NA,q=6
8,6,4,expect_focus_fiscal_dlsp_ny,40,0.5074325453329437,NA,NA,NA,NA,q=6
8,6,4,expect_focus_fiscal_dlsp_ny,41,0.5045696211495494,NA,NA,NA,NA,q=6
8,6,4,expect_focus_fiscal_dlsp_ny,42,0.5001035085792784,NA,NA,NA,NA,q=6
8,6,4,expect_focus_fiscal_dlsp_ny,43,0.49404838413941654,NA,NA,NA,NA,q=6
8,6,4,expect_focus_fiscal_dlsp_ny,44,0.48642478027904096,NA,NA,NA,NA,q=6
8,6,4,expect_focus_fiscal_dlsp_ny,45,0.47725883031088084,NA,NA,NA,NA,q=6
8,6,4,expect_focus_fiscal_dlsp_ny,46,0.4665829850511421,NA,NA,NA,NA,q=6
8,6,4,expect_focus_fiscal_dlsp_ny,47,0.4544370527540528,NA,NA,NA,NA,q=6
8,6,4,expect_focus_fiscal_dlsp_ny,48,0.4408681640002616,NA,NA,NA,NA,q=6
8,6,4,expect_focus_fiscal_primary_balance_ny,0,-0.12012593291783105,NA,NA,NA,NA,q=6
8,6,4,expect_focus_fiscal_primary_balance_ny,1,-0.10039417404283973,NA,NA,NA,NA,q=6
8,6,4,expect_focus_fiscal_primary_balance_ny,2,-0.10218420178304687,NA,NA,NA,NA,q=6
8,6,4,expect_focus_fiscal_primary_balance_ny,3,-0.09651381040242382,NA,NA,NA,NA,q=6
8,6,4,expect_focus_fiscal_primary_balance_ny,4,-0.07972221514478209,NA,NA,NA,NA,q=6
8,6,4,expect_focus_fiscal_primary_balance_ny,5,-0.05287880770613738,NA,NA,NA,NA,q=6
8,6,4,expect_focus_fiscal_primary_balance_ny,6,-0.04702273020648917,NA,NA,NA,NA,q=6
8,6,4,expect_focus_fiscal_primary_balance_ny,7,-0.030072734824711782,NA,NA,NA,NA,q=6
8,6,4,expect_focus_fiscal_primary_balance_ny,8,-0.020596551011865038,NA,NA,NA,NA,q=6
8,6,4,expect_focus_fiscal_primary_balance_ny,9,-0.01961053271906424,NA,NA,NA,NA,q=6
8,6,4,expect_focus_fiscal_primary_balance_ny,10,-0.019116511395898803,NA,NA,NA,NA,q=6
8,6,4,expect_focus_fiscal_primary_balance_ny,11,-0.02038672630671299,NA,NA,NA,NA,q=6
8,6,4,expect_focus_fiscal_primary_balance_ny,12,-0.02059149410194055,NA,NA,NA,NA,q=6
8,6,4,expect_focus_fiscal_primary_balance_ny,13,-0.020993480868364722,NA,NA,NA,NA,q=6
8,6,4,expect_focus_fiscal_primary_balance_ny,14,-0.021864065789263136,NA,NA,NA,NA,q=6
8,6,4,expect_focus_fiscal_primary_balance_ny,15,-0.022513878972229222,NA,NA,NA,NA,q=6
8,6,4,expect_focus_fiscal_primary_balance_ny,16,-0.024006495467310884,NA,NA,NA,NA,q=6
8,6,4,expect_focus_fiscal_primary_balance_ny,17,-0.02593232184406816,NA,NA,NA,NA,q=6
8,6,4,expect_focus_fiscal_primary_balance_ny,18,-0.027942758716108945,NA,NA,NA,NA,q=6
8,6,4,expect_focus_fiscal_primary_balance_ny,19,-0.03011645219204801,NA,NA,NA,NA,q=6
8,6,4,expect_focus_fiscal_primary_balance_ny,20,-0.032071937587021086,NA,NA,NA,NA,q=6
8,6,4,expect_focus_fiscal_primary_balance_ny,21,-0.03379587368711357,NA,NA,NA,NA,q=6
8,6,4,expect_focus_fiscal_primary_balance_ny,22,-0.035275897778054476,NA,NA,NA,NA,q=6
8,6,4,expect_focus_fiscal_primary_balance_ny,23,-0.03651366427232995,NA,NA,NA,NA,q=6
8,6,4,expect_focus_fiscal_primary_balance_ny,24,-0.03760805970349882,NA,NA,NA,NA,q=6
8,6,4,expect_focus_fiscal_primary_balance_ny,25,-0.03855878458566618,NA,NA,NA,NA,q=6
8,6,4,expect_focus_fiscal_primary_balance_ny,26,-0.03938872295218012,NA,NA,NA,NA,q=6
8,6,4,expect_focus_fiscal_primary_balance_ny,27,-0.040113497213789005,NA,NA,NA,NA,q=6
8,6,4,expect_focus_fiscal_primary_balance_ny,28,-0.040711755664091104,NA,NA,NA,NA,q=6
8,6,4,expect_focus_fiscal_primary_balance_ny,29,-0.04118671045615708,NA,NA,NA,NA,q=6
8,6,4,expect_focus_fiscal_primary_balance_ny,30,-0.04154016856624884,NA,NA,NA,NA,q=6
8,6,4,expect_focus_fiscal_primary_balance_ny,31,-0.04177712932705847,NA,NA,NA,NA,q=6
8,6,4,expect_focus_fiscal_primary_balance_ny,32,-0.04190961879330951,NA,NA,NA,NA,q=6
8,6,4,expect_focus_fiscal_primary_balance_ny,33,-0.04194520905102483,NA,NA,NA,NA,q=6
8,6,4,expect_focus_fiscal_primary_balance_ny,34,-0.04189120154396425,NA,NA,NA,NA,q=6
8,6,4,expect_focus_fiscal_primary_balance_ny,35,-0.041749964598324585,NA,NA,NA,NA,q=6
8,6,4,expect_focus_fiscal_primary_balance_ny,36,-0.04151980539251368,NA,NA,NA,NA,q=6
8,6,4,expect_focus_fiscal_primary_balance_ny,37,-0.041198379873707475,NA,NA,NA,NA,q=6
8,6,4,expect_focus_fiscal_primary_balance_ny,38,-0.040781276191921324,NA,NA,NA,NA,q=6
8,6,4,expect_focus_fiscal_primary_balance_ny,39,-0.04026408346107688,NA,NA,NA,NA,q=6
8,6,4,expect_focus_fiscal_primary_balance_ny,40,-0.03964303490239209,NA,NA,NA,NA,q=6
8,6,4,expect_focus_fiscal_primary_balance_ny,41,-0.03891441453496534,NA,NA,NA,NA,q=6
8,6,4,expect_focus_fiscal_primary_balance_ny,42,-0.03807501454925309,NA,NA,NA,NA,q=6
8,6,4,expect_focus_fiscal_primary_balance_ny,43,-0.03712197959164503,NA,NA,NA,NA,q=6
8,6,4,expect_focus_fiscal_primary_balance_ny,44,-0.036052913079609346,NA,NA,NA,NA,q=6
8,6,4,expect_focus_fiscal_primary_balance_ny,45,-0.034866102149507035,NA,NA,NA,NA,q=6
8,6,4,expect_focus_fiscal_primary_balance_ny,46,-0.03356063742907133,NA,NA,NA,NA,q=6
8,6,4,expect_focus_fiscal_primary_balance_ny,47,-0.032136683356532275,NA,NA,NA,NA,q=6
8,6,4,expect_focus_fiscal_primary_balance_ny,48,-0.030595543860550994,NA,NA,NA,NA,q=6
8,6,4,expect_focus_fiscal_nominal_balance_ny,0,-0.2541308576835573,NA,NA,NA,NA,q=6
8,6,4,expect_focus_fiscal_nominal_balance_ny,1,-0.2531863630354063,NA,NA,NA,NA,q=6
8,6,4,expect_focus_fiscal_nominal_balance_ny,2,-0.24561389118118926,NA,NA,NA,NA,q=6
8,6,4,expect_focus_fiscal_nominal_balance_ny,3,-0.24987723285147195,NA,NA,NA,NA,q=6
8,6,4,expect_focus_fiscal_nominal_balance_ny,4,-0.20795878770712903,NA,NA,NA,NA,q=6
8,6,4,expect_focus_fiscal_nominal_balance_ny,5,-0.1744143276647592,NA,NA,NA,NA,q=6
8,6,4,expect_focus_fiscal_nominal_balance_ny,6,-0.16939853713086092,NA,NA,NA,NA,q=6
8,6,4,expect_focus_fiscal_nominal_balance_ny,7,-0.14150362050846063,NA,NA,NA,NA,q=6
8,6,4,expect_focus_fiscal_nominal_balance_ny,8,-0.12661325744575386,NA,NA,NA,NA,q=6
8,6,4,expect_focus_fiscal_nominal_balance_ny,9,-0.11614135779717856,NA,NA,NA,NA,q=6
8,6,4,expect_focus_fiscal_nominal_balance_ny,10,-0.10264220442058107,NA,NA,NA,NA,q=6
8,6,4,expect_focus_fiscal_nominal_balance_ny,11,-0.0906663944212771,NA,NA,NA,NA,q=6
8,6,4,expect_focus_fiscal_nominal_balance_ny,12,-0.07671913260957154,NA,NA,NA,NA,q=6
8,6,4,expect_focus_fiscal_nominal_balance_ny,13,-0.06402928911289632,NA,NA,NA,NA,q=6
8,6,4,expect_focus_fiscal_nominal_balance_ny,14,-0.05191492966400695,NA,NA,NA,NA,q=6
8,6,4,expect_focus_fiscal_nominal_balance_ny,15,-0.04048905147474556,NA,NA,NA,NA,q=6
8,6,4,expect_focus_fiscal_nominal_balance_ny,16,-0.031261737802894006,NA,NA,NA,NA,q=6
8,6,4,expect_focus_fiscal_nominal_balance_ny,17,-0.02245139700007755,NA,NA,NA,NA,q=6
8,6,4,expect_focus_fiscal_nominal_balance_ny,18,-0.014240381309435151,NA,NA,NA,NA,q=6
8,6,4,expect_focus_fiscal_nominal_balance_ny,19,-0.006879637253487979,NA,NA,NA,NA,q=6
8,6,4,expect_focus_fiscal_nominal_balance_ny,20,3.610744242857023e-4,NA,NA,NA,NA,q=6
8,6,4,expect_focus_fiscal_nominal_balance_ny,21,0.007247891141727125,NA,NA,NA,NA,q=6
8,6,4,expect_focus_fiscal_nominal_balance_ny,22,0.013712648923761998,NA,NA,NA,NA,q=6
8,6,4,expect_focus_fiscal_nominal_balance_ny,23,0.019796177344741147,NA,NA,NA,NA,q=6
8,6,4,expect_focus_fiscal_nominal_balance_ny,24,0.025442685301827306,NA,NA,NA,NA,q=6
8,6,4,expect_focus_fiscal_nominal_balance_ny,25,0.03070084345618285,NA,NA,NA,NA,q=6
8,6,4,expect_focus_fiscal_nominal_balance_ny,26,0.03557354215056044,NA,NA,NA,NA,q=6
8,6,4,expect_focus_fiscal_nominal_balance_ny,27,0.040124124851361506,NA,NA,NA,NA,q=6
8,6,4,expect_focus_fiscal_nominal_balance_ny,28,0.044405761070065886,NA,NA,NA,NA,q=6
8,6,4,expect_focus_fiscal_nominal_balance_ny,29,0.04841352265354225,NA,NA,NA,NA,q=6
8,6,4,expect_focus_fiscal_nominal_balance_ny,30,0.05217251981707898,NA,NA,NA,NA,q=6
8,6,4,expect_focus_fiscal_nominal_balance_ny,31,0.05568692946435424,NA,NA,NA,NA,q=6
8,6,4,expect_focus_fiscal_nominal_balance_ny,32,0.05894522603723801,NA,NA,NA,NA,q=6
8,6,4,expect_focus_fiscal_nominal_balance_ny,33,0.061949589011673564,NA,NA,NA,NA,q=6
8,6,4,expect_focus_fiscal_nominal_balance_ny,34,0.06469951575133152,NA,NA,NA,NA,q=6
8,6,4,expect_focus_fiscal_nominal_balance_ny,35,0.0671957564832821,NA,NA,NA,NA,q=6
8,6,4,expect_focus_fiscal_nominal_balance_ny,36,0.06944048490957991,NA,NA,NA,NA,q=6
8,6,4,expect_focus_fiscal_nominal_balance_ny,37,0.07143542599542572,NA,NA,NA,NA,q=6
8,6,4,expect_focus_fiscal_nominal_balance_ny,38,0.07318266020452596,NA,NA,NA,NA,q=6
8,6,4,expect_focus_fiscal_nominal_balance_ny,39,0.07468226458166526,NA,NA,NA,NA,q=6
8,6,4,expect_focus_fiscal_nominal_balance_ny,40,0.07593489940085373,NA,NA,NA,NA,q=6
8,6,4,expect_focus_fiscal_nominal_balance_ny,41,0.0769422962090592,NA,NA,NA,NA,q=6
8,6,4,expect_focus_fiscal_nominal_balance_ny,42,0.07770640464870393,NA,NA,NA,NA,q=6
8,6,4,expect_focus_fiscal_nominal_balance_ny,43,0.07823069052910459,NA,NA,NA,NA,q=6
8,6,4,expect_focus_fiscal_nominal_balance_ny,44,0.07851989350279638,NA,NA,NA,NA,q=6
8,6,4,expect_focus_fiscal_nominal_balance_ny,45,0.07857956071645987,NA,NA,NA,NA,q=6
8,6,4,expect_focus_fiscal_nominal_balance_ny,46,0.07841609669640458,NA,NA,NA,NA,q=6
8,6,4,expect_focus_fiscal_nominal_balance_ny,47,0.07803653605160167,NA,NA,NA,NA,q=6
8,6,4,expect_focus_fiscal_nominal_balance_ny,48,0.07744843655433858,NA,NA,NA,NA,q=6
8,5,4,yield_6m,0,0.005,NA,NA,NA,NA,q=5
8,5,4,yield_6m,1,0.005587710247504925,NA,NA,NA,NA,q=5
8,5,4,yield_6m,2,0.006126464763702937,NA,NA,NA,NA,q=5
8,5,4,yield_6m,3,0.006247038410376139,NA,NA,NA,NA,q=5
8,5,4,yield_6m,4,0.0056366438342616235,NA,NA,NA,NA,q=5
8,5,4,yield_6m,5,0.005076170589116388,NA,NA,NA,NA,q=5
8,5,4,yield_6m,6,0.004631527958989846,NA,NA,NA,NA,q=5
8,5,4,yield_6m,7,0.003948262260618678,NA,NA,NA,NA,q=5
8,5,4,yield_6m,8,0.0032680770149651024,NA,NA,NA,NA,q=5
8,5,4,yield_6m,9,0.002567258167034856,NA,NA,NA,NA,q=5
8,5,4,yield_6m,10,0.0018414886124373117,NA,NA,NA,NA,q=5
8,5,4,yield_6m,11,0.0010947415825255066,NA,NA,NA,NA,q=5
8,5,4,yield_6m,12,3.408333828091965e-4,NA,NA,NA,NA,q=5
8,5,4,yield_6m,13,-3.3422801363028505e-4,NA,NA,NA,NA,q=5
8,5,4,yield_6m,14,-9.737647862260474e-4,NA,NA,NA,NA,q=5
8,5,4,yield_6m,15,-0.0015701979261746174,NA,NA,NA,NA,q=5
8,5,4,yield_6m,16,-0.0020973122287960516,NA,NA,NA,NA,q=5
8,5,4,yield_6m,17,-0.0025852427468033303,NA,NA,NA,NA,q=5
8,5,4,yield_6m,18,-0.0030372167090735097,NA,NA,NA,NA,q=5
8,5,4,yield_6m,19,-0.00344619460443455,NA,NA,NA,NA,q=5
8,5,4,yield_6m,20,-0.003817892101079089,NA,NA,NA,NA,q=5
8,5,4,yield_6m,21,-0.00415320569659149,NA,NA,NA,NA,q=5
8,5,4,yield_6m,22,-0.004452114059950665,NA,NA,NA,NA,q=5
8,5,4,yield_6m,23,-0.0047149367390537785,NA,NA,NA,NA,q=5
8,5,4,yield_6m,24,-0.00494514839257492,NA,NA,NA,NA,q=5
8,5,4,yield_6m,25,-0.005146601556809801,NA,NA,NA,NA,q=5
8,5,4,yield_6m,26,-0.005321010511184297,NA,NA,NA,NA,q=5
8,5,4,yield_6m,27,-0.005471477225320574,NA,NA,NA,NA,q=5
8,5,4,yield_6m,28,-0.005600656946101805,NA,NA,NA,NA,q=5
8,5,4,yield_6m,29,-0.00570966197716741,NA,NA,NA,NA,q=5
8,5,4,yield_6m,30,-0.005799754083053808,NA,NA,NA,NA,q=5
8,5,4,yield_6m,31,-0.005872001173588238,NA,NA,NA,NA,q=5
8,5,4,yield_6m,32,-0.005927045958223195,NA,NA,NA,NA,q=5
8,5,4,yield_6m,33,-0.005965418392021399,NA,NA,NA,NA,q=5
8,5,4,yield_6m,34,-0.005987578478380835,NA,NA,NA,NA,q=5
8,5,4,yield_6m,35,-0.0059938697290709084,NA,NA,NA,NA,q=5
8,5,4,yield_6m,36,-0.005984443959124827,NA,NA,NA,NA,q=5
8,5,4,yield_6m,37,-0.00595937440149395,NA,NA,NA,NA,q=5
8,5,4,yield_6m,38,-0.005918702284488739,NA,NA,NA,NA,q=5
8,5,4,yield_6m,39,-0.005862402267516918,NA,NA,NA,NA,q=5
8,5,4,yield_6m,40,-0.0057904648084140045,NA,NA,NA,NA,q=5
8,5,4,yield_6m,41,-0.005702939581847196,NA,NA,NA,NA,q=5
8,5,4,yield_6m,42,-0.005599929753527125,NA,NA,NA,NA,q=5
8,5,4,yield_6m,43,-0.005481612953319477,NA,NA,NA,NA,q=5
8,5,4,yield_6m,44,-0.005348253119675656,NA,NA,NA,NA,q=5
8,5,4,yield_6m,45,-0.005200199114459273,NA,NA,NA,NA,q=5
8,5,4,yield_6m,46,-0.005037882518357651,NA,NA,NA,NA,q=5
8,5,4,yield_6m,47,-0.004861817861221555,NA,NA,NA,NA,q=5
8,5,4,yield_6m,48,-0.0046726012158563365,NA,NA,NA,NA,q=5
8,5,4,yield_2y,0,0.009103475304250926,NA,NA,NA,NA,q=5
8,5,4,yield_2y,1,0.010316350014031686,NA,NA,NA,NA,q=5
8,5,4,yield_2y,2,0.010008704469501752,NA,NA,NA,NA,q=5
8,5,4,yield_2y,3,0.010170616799488377,NA,NA,NA,NA,q=5
8,5,4,yield_2y,4,0.008978546798908247,NA,NA,NA,NA,q=5
8,5,4,yield_2y,5,0.007682679942695883,NA,NA,NA,NA,q=5
8,5,4,yield_2y,6,0.006687043402951516,NA,NA,NA,NA,q=5
8,5,4,yield_2y,7,0.005601431917808664,NA,NA,NA,NA,q=5
8,5,4,yield_2y,8,0.004535754366676714,NA,NA,NA,NA,q=5
8,5,4,yield_2y,9,0.0034959189999661175,NA,NA,NA,NA,q=5
8,5,4,yield_2y,10,0.002625597895699851,NA,NA,NA,NA,q=5
8,5,4,yield_2y,11,0.0017652483452911768,NA,NA,NA,NA,q=5
8,5,4,yield_2y,12,9.10802556768368e-4,NA,NA,NA,NA,q=5
8,5,4,yield_2y,13,2.3168964302583674e-4,NA,NA,NA,NA,q=5
8,5,4,yield_2y,14,-3.926290752391131e-4,NA,NA,NA,NA,q=5
8,5,4,yield_2y,15,-9.787758592986304e-4,NA,NA,NA,NA,q=5
8,5,4,yield_2y,16,-0.0014674559389958465,NA,NA,NA,NA,q=5
8,5,4,yield_2y,17,-0.0019054577421346573,NA,NA,NA,NA,q=5
8,5,4,yield_2y,18,-0.0023079308540494997,NA,NA,NA,NA,q=5
8,5,4,yield_2y,19,-0.0026621171400663494,NA,NA,NA,NA,q=5
8,5,4,yield_2y,20,-0.002971984961999029,NA,NA,NA,NA,q=5
8,5,4,yield_2y,21,-0.00324487633287843,NA,NA,NA,NA,q=5
8,5,4,yield_2y,22,-0.003483924848961117,NA,NA,NA,NA,q=5
8,5,4,yield_2y,23,-0.003687254260395404,NA,NA,NA,NA,q=5
8,5,4,yield_2y,24,-0.0038608612234574094,NA,NA,NA,NA,q=5
8,5,4,yield_2y,25,-0.0040112040909923135,NA,NA,NA,NA,q=5
8,5,4,yield_2y,26,-0.004138867864836418,NA,NA,NA,NA,q=5
8,5,4,yield_2y,27,-0.004247139242510379,NA,NA,NA,NA,q=5
8,5,4,yield_2y,28,-0.004339470146660447,NA,NA,NA,NA,q=5
8,5,4,yield_2y,29,-0.004416616311180483,NA,NA,NA,NA,q=5
8,5,4,yield_2y,30,-0.004479515895503384,NA,NA,NA,NA,q=5
8,5,4,yield_2y,31,-0.004529278910596348,NA,NA,NA,NA,q=5
8,5,4,yield_2y,32,-0.004566464039309234,NA,NA,NA,NA,q=5
8,5,4,yield_2y,33,-0.004591293947536279,NA,NA,NA,NA,q=5
8,5,4,yield_2y,34,-0.004604023477450533,NA,NA,NA,NA,q=5
8,5,4,yield_2y,35,-0.0046048807570121825,NA,NA,NA,NA,q=5
8,5,4,yield_2y,36,-0.004593795731503451,NA,NA,NA,NA,q=5
8,5,4,yield_2y,37,-0.0045706542822314825,NA,NA,NA,NA,q=5
8,5,4,yield_2y,38,-0.004535404995856722,NA,NA,NA,NA,q=5
8,5,4,yield_2y,39,-0.004487930120197482,NA,NA,NA,NA,q=5
8,5,4,yield_2y,40,-0.004428146376736615,NA,NA,NA,NA,q=5
8,5,4,yield_2y,41,-0.0043560754809655825,NA,NA,NA,NA,q=5
8,5,4,yield_2y,42,-0.004271811040609457,NA,NA,NA,NA,q=5
8,5,4,yield_2y,43,-0.004175524931793211,NA,NA,NA,NA,q=5
8,5,4,yield_2y,44,-0.004067484342849103,NA,NA,NA,NA,q=5
8,5,4,yield_2y,45,-0.003948047747853358,NA,NA,NA,NA,q=5
8,5,4,yield_2y,46,-0.0038176503522482515,NA,NA,NA,NA,q=5
8,5,4,yield_2y,47,-0.0036768015193081724,NA,NA,NA,NA,q=5
8,5,4,yield_2y,48,-0.0035260835184812603,NA,NA,NA,NA,q=5
8,5,4,yield_5y,0,0.009170856864929067,NA,NA,NA,NA,q=5
8,5,4,yield_5y,1,0.010295197536225023,NA,NA,NA,NA,q=5
8,5,4,yield_5y,2,0.009355638535305369,NA,NA,NA,NA,q=5
8,5,4,yield_5y,3,0.009678472040365106,NA,NA,NA,NA,q=5
8,5,4,yield_5y,4,0.008427920346455198,NA,NA,NA,NA,q=5
8,5,4,yield_5y,5,0.0069425147112102984,NA,NA,NA,NA,q=5
8,5,4,yield_5y,6,0.005877723664191432,NA,NA,NA,NA,q=5
8,5,4,yield_5y,7,0.004878364658043407,NA,NA,NA,NA,q=5
8,5,4,yield_5y,8,0.003850832876595886,NA,NA,NA,NA,q=5
8,5,4,yield_5y,9,0.0028563266441716034,NA,NA,NA,NA,q=5
8,5,4,yield_5y,10,0.002125080050241058,NA,NA,NA,NA,q=5
8,5,4,yield_5y,11,0.0013677145869668542,NA,NA,NA,NA,q=5
8,5,4,yield_5y,12,6.031000064550604e-4,NA,NA,NA,NA,q=5
8,5,4,yield_5y,13,4.98533273156774e-5,NA,NA,NA,NA,q=5
8,5,4,yield_5y,14,-4.5192392514704135e-4,NA,NA,NA,NA,q=5
8,5,4,yield_5y,15,-9.303009933275446e-4,NA,NA,NA,NA,q=5
8,5,4,yield_5y,16,-0.0013072760617740312,NA,NA,NA,NA,q=5
8,5,4,yield_5y,17,-0.0016324102099469135,NA,NA,NA,NA,q=5
8,5,4,yield_5y,18,-0.0019312211402725628,NA,NA,NA,NA,q=5
8,5,4,yield_5y,19,-0.002188987108854078,NA,NA,NA,NA,q=5
8,5,4,yield_5y,20,-0.002404635568072306,NA,NA,NA,NA,q=5
8,5,4,yield_5y,21,-0.002589717164215042,NA,NA,NA,NA,q=5
8,5,4,yield_5y,22,-0.0027483917708758616,NA,NA,NA,NA,q=5
8,5,4,yield_5y,23,-0.002875593487997761,NA,NA,NA,NA,q=5
8,5,4,yield_5y,24,-0.0029779755167214034,NA,NA,NA,NA,q=5
8,5,4,yield_5y,25,-0.0030628808619415156,NA,NA,NA,NA,q=5
8,5,4,yield_5y,26,-0.0031298381048751505,NA,NA,NA,NA,q=5
8,5,4,yield_5y,27,-0.0031817735213011673,NA,NA,NA,NA,q=5
8,5,4,yield_5y,28,-0.003222400637022926,NA,NA,NA,NA,q=5
8,5,4,yield_5y,29,-0.0032522746367660677,NA,NA,NA,NA,q=5
8,5,4,yield_5y,30,-0.0032719498303852147,NA,NA,NA,NA,q=5
8,5,4,yield_5y,31,-0.003282507148047621,NA,NA,NA,NA,q=5
8,5,4,yield_5y,32,-0.003284527401712272,NA,NA,NA,NA,q=5
8,5,4,yield_5y,33,-0.003278084319589996,NA,NA,NA,NA,q=5
8,5,4,yield_5y,34,-0.0032634068600029195,NA,NA,NA,NA,q=5
8,5,4,yield_5y,35,-0.0032407978851940007,NA,NA,NA,NA,q=5
8,5,4,yield_5y,36,-0.003210200094374199,NA,NA,NA,NA,q=5
8,5,4,yield_5y,37,-0.003171524138341678,NA,NA,NA,NA,q=5
8,5,4,yield_5y,38,-0.003124786563761714,NA,NA,NA,NA,q=5
8,5,4,yield_5y,39,-0.0030699239092525045,NA,NA,NA,NA,q=5
8,5,4,yield_5y,40,-0.003006888592398893,NA,NA,NA,NA,q=5
8,5,4,yield_5y,41,-0.0029357392439239628,NA,NA,NA,NA,q=5
8,5,4,yield_5y,42,-0.0028565981174609434,NA,NA,NA,NA,q=5
8,5,4,yield_5y,43,-0.002769642206740377,NA,NA,NA,NA,q=5
8,5,4,yield_5y,44,-0.002675125556222271,NA,NA,NA,NA,q=5
8,5,4,yield_5y,45,-0.0025733773253784164,NA,NA,NA,NA,q=5
8,5,4,yield_5y,46,-0.002464779710765785,NA,NA,NA,NA,q=5
8,5,4,yield_5y,47,-0.002349765811063382,NA,NA,NA,NA,q=5
8,5,4,yield_5y,48,-0.0022288216171368054,NA,NA,NA,NA,q=5
8,5,4,cambio_usd,0,0.11781682094315764,NA,NA,NA,NA,q=5
8,5,4,cambio_usd,1,0.17016207021122642,NA,NA,NA,NA,q=5
8,5,4,cambio_usd,2,0.15555879887583404,NA,NA,NA,NA,q=5
8,5,4,cambio_usd,3,0.15987998564475336,NA,NA,NA,NA,q=5
8,5,4,cambio_usd,4,0.13562684524169152,NA,NA,NA,NA,q=5
8,5,4,cambio_usd,5,0.09363283765750985,NA,NA,NA,NA,q=5
8,5,4,cambio_usd,6,0.06960361618561128,NA,NA,NA,NA,q=5
8,5,4,cambio_usd,7,0.05172930517945907,NA,NA,NA,NA,q=5
8,5,4,cambio_usd,8,0.030150540502821385,NA,NA,NA,NA,q=5
8,5,4,cambio_usd,9,0.016116403889663195,NA,NA,NA,NA,q=5
8,5,4,cambio_usd,10,0.006828194502030545,NA,NA,NA,NA,q=5
8,5,4,cambio_usd,11,-0.0034576257732727446,NA,NA,NA,NA,q=5
8,5,4,cambio_usd,12,-0.013178351788640123,NA,NA,NA,NA,q=5
8,5,4,cambio_usd,13,-0.018809878665735885,NA,NA,NA,NA,q=5
8,5,4,cambio_usd,14,-0.022035553782265953,NA,NA,NA,NA,q=5
8,5,4,cambio_usd,15,-0.02447682109188964,NA,NA,NA,NA,q=5
8,5,4,cambio_usd,16,-0.024974642080538734,NA,NA,NA,NA,q=5
8,5,4,cambio_usd,17,-0.024042881299855462,NA,NA,NA,NA,q=5
8,5,4,cambio_usd,18,-0.022903063742501954,NA,NA,NA,NA,q=5
8,5,4,cambio_usd,19,-0.0214344716867059,NA,NA,NA,NA,q=5
8,5,4,cambio_usd,20,-0.01952574892239603,NA,NA,NA,NA,q=5
8,5,4,cambio_usd,21,-0.01743392301945211,NA,NA,NA,NA,q=5
8,5,4,cambio_usd,22,-0.015201169599202442,NA,NA,NA,NA,q=5
8,5,4,cambio_usd,23,-0.012712725389711535,NA,NA,NA,NA,q=5
8,5,4,cambio_usd,24,-0.01001810747136248,NA,NA,NA,NA,q=5
8,5,4,cambio_usd,25,-0.007262115493775798,NA,NA,NA,NA,q=5
8,5,4,cambio_usd,26,-0.004476597840386191,NA,NA,NA,NA,q=5
8,5,4,cambio_usd,27,-0.0016910255682711652,NA,NA,NA,NA,q=5
8,5,4,cambio_usd,28,0.0010178539079004905,NA,NA,NA,NA,q=5
8,5,4,cambio_usd,29,0.0036278781929523518,NA,NA,NA,NA,q=5
8,5,4,cambio_usd,30,0.006145907458128906,NA,NA,NA,NA,q=5
8,5,4,cambio_usd,31,0.00856168663036594,NA,NA,NA,NA,q=5
8,5,4,cambio_usd,32,0.010868425614124645,NA,NA,NA,NA,q=5
8,5,4,cambio_usd,33,0.013068385511711885,NA,NA,NA,NA,q=5
8,5,4,cambio_usd,34,0.015159078559466257,NA,NA,NA,NA,q=5
8,5,4,cambio_usd,35,0.017133070214999595,NA,NA,NA,NA,q=5
8,5,4,cambio_usd,36,0.018986829803384963,NA,NA,NA,NA,q=5
8,5,4,cambio_usd,37,0.020719569777050507,NA,NA,NA,NA,q=5
8,5,4,cambio_usd,38,0.02232901706634741,NA,NA,NA,NA,q=5
8,5,4,cambio_usd,39,0.023813966267874378,NA,NA,NA,NA,q=5
8,5,4,cambio_usd,40,0.025174621838938215,NA,NA,NA,NA,q=5
8,5,4,cambio_usd,41,0.026410086012140965,NA,NA,NA,NA,q=5
8,5,4,cambio_usd,42,0.02751863906008256,NA,NA,NA,NA,q=5
8,5,4,cambio_usd,43,0.028498574926228787,NA,NA,NA,NA,q=5
8,5,4,cambio_usd,44,0.029347928256233138,NA,NA,NA,NA,q=5
8,5,4,cambio_usd,45,0.030064531921688446,NA,NA,NA,NA,q=5
8,5,4,cambio_usd,46,0.0306465315982518,NA,NA,NA,NA,q=5
8,5,4,cambio_usd,47,0.031092566820553388,NA,NA,NA,NA,q=5
8,5,4,cambio_usd,48,0.0314016781002242,NA,NA,NA,NA,q=5
8,5,4,embi_perc,0,0.21388988419327581,NA,NA,NA,NA,q=5
8,5,4,embi_perc,1,0.23888542637987256,NA,NA,NA,NA,q=5
8,5,4,embi_perc,2,0.1709311171474469,NA,NA,NA,NA,q=5
8,5,4,embi_perc,3,0.20144192652751383,NA,NA,NA,NA,q=5
8,5,4,embi_perc,4,0.1667419156484856,NA,NA,NA,NA,q=5
8,5,4,embi_perc,5,0.11089094234987278,NA,NA,NA,NA,q=5
8,5,4,embi_perc,6,0.07966141332356197,NA,NA,NA,NA,q=5
8,5,4,embi_perc,7,0.05957942278751191,NA,NA,NA,NA,q=5
8,5,4,embi_perc,8,0.03777265080607373,NA,NA,NA,NA,q=5
8,5,4,embi_perc,9,0.014632777629107304,NA,NA,NA,NA,q=5
8,5,4,embi_perc,10,0.0034573286987954572,NA,NA,NA,NA,q=5
8,5,4,embi_perc,11,-0.01213259024434398,NA,NA,NA,NA,q=5
8,5,4,embi_perc,12,-0.03130660679699685,NA,NA,NA,NA,q=5
8,5,4,embi_perc,13,-0.04309549224638375,NA,NA,NA,NA,q=5
8,5,4,embi_perc,14,-0.053520725600790166,NA,NA,NA,NA,q=5
8,5,4,embi_perc,15,-0.06447315124082319,NA,NA,NA,NA,q=5
8,5,4,embi_perc,16,-0.07216711851879873,NA,NA,NA,NA,q=5
8,5,4,embi_perc,17,-0.07811220357191939,NA,NA,NA,NA,q=5
8,5,4,embi_perc,18,-0.08378124635721668,NA,NA,NA,NA,q=5
8,5,4,embi_perc,19,-0.08881281434690261,NA,NA,NA,NA,q=5
8,5,4,embi_perc,20,-0.0928193111450709,NA,NA,NA,NA,q=5
8,5,4,embi_perc,21,-0.09623292369164918,NA,NA,NA,NA,q=5
8,5,4,embi_perc,22,-0.09924739871466445,NA,NA,NA,NA,q=5
8,5,4,embi_perc,23,-0.10143969216489138,NA,NA,NA,NA,q=5
8,5,4,embi_perc,24,-0.10292729377063208,NA,NA,NA,NA,q=5
8,5,4,embi_perc,25,-0.10398257331328355,NA,NA,NA,NA,q=5
8,5,4,embi_perc,26,-0.10453184041015806,NA,NA,NA,NA,q=5
8,5,4,embi_perc,27,-0.10462913300057089,NA,NA,NA,NA,q=5
8,5,4,embi_perc,28,-0.1044112803378936,NA,NA,NA,NA,q=5
8,5,4,embi_perc,29,-0.10389666375380589,NA,NA,NA,NA,q=5
8,5,4,embi_perc,30,-0.10308213826516242,NA,NA,NA,NA,q=5
8,5,4,embi_perc,31,-0.101996421143098,NA,NA,NA,NA,q=5
8,5,4,embi_perc,32,-0.10066347695325123,NA,NA,NA,NA,q=5
8,5,4,embi_perc,33,-0.09908368373588364,NA,NA,NA,NA,q=5
8,5,4,embi_perc,34,-0.09726739916856318,NA,NA,NA,NA,q=5
8,5,4,embi_perc,35,-0.09523755583998776,NA,NA,NA,NA,q=5
8,5,4,embi_perc,36,-0.09300397180999091,NA,NA,NA,NA,q=5
8,5,4,embi_perc,37,-0.09057379331602437,NA,NA,NA,NA,q=5
8,5,4,embi_perc,38,-0.08795911417749488,NA,NA,NA,NA,q=5
8,5,4,embi_perc,39,-0.08516798204137686,NA,NA,NA,NA,q=5
8,5,4,embi_perc,40,-0.0822062620478001,NA,NA,NA,NA,q=5
8,5,4,embi_perc,41,-0.07908203025811555,NA,NA,NA,NA,q=5
8,5,4,embi_perc,42,-0.07580443576685593,NA,NA,NA,NA,q=5
8,5,4,embi_perc,43,-0.07238262834677936,NA,NA,NA,NA,q=5
8,5,4,embi_perc,44,-0.06882663852170717,NA,NA,NA,NA,q=5
8,5,4,embi_perc,45,-0.06514771251045913,NA,NA,NA,NA,q=5
8,5,4,embi_perc,46,-0.061357318788709654,NA,NA,NA,NA,q=5
8,5,4,embi_perc,47,-0.057467049691586045,NA,NA,NA,NA,q=5
8,5,4,embi_perc,48,-0.05348903328613182,NA,NA,NA,NA,q=5
8,5,4,cds_5y,0,29.639488433016915,NA,NA,NA,NA,q=5
8,5,4,cds_5y,1,33.927178206884385,NA,NA,NA,NA,q=5
8,5,4,cds_5y,2,27.023670383304776,NA,NA,NA,NA,q=5
8,5,4,cds_5y,3,30.04630685925409,NA,NA,NA,NA,q=5
8,5,4,cds_5y,4,25.37443453532939,NA,NA,NA,NA,q=5
8,5,4,cds_5y,5,18.33503985892369,NA,NA,NA,NA,q=5
8,5,4,cds_5y,6,14.529128338681295,NA,NA,NA,NA,q=5
8,5,4,cds_5y,7,11.781126709411362,NA,NA,NA,NA,q=5
8,5,4,cds_5y,8,8.791410392347698,NA,NA,NA,NA,q=5
8,5,4,cds_5y,9,5.9478165304216715,NA,NA,NA,NA,q=5
8,5,4,cds_5y,10,4.319238537299914,NA,NA,NA,NA,q=5
8,5,4,cds_5y,11,2.2301021312277514,NA,NA,NA,NA,q=5
8,5,4,cds_5y,12,-0.18939720276561228,NA,NA,NA,NA,q=5
8,5,4,cds_5y,13,-1.732144724180269,NA,NA,NA,NA,q=5
8,5,4,cds_5y,14,-3.0483125956994046,NA,NA,NA,NA,q=5
8,5,4,cds_5y,15,-4.359245445131493,NA,NA,NA,NA,q=5
8,5,4,cds_5y,16,-5.253491581871469,NA,NA,NA,NA,q=5
8,5,4,cds_5y,17,-5.923056536987307,NA,NA,NA,NA,q=5
8,5,4,cds_5y,18,-6.549117792331144,NA,NA,NA,NA,q=5
8,5,4,cds_5y,19,-7.0873274010581415,NA,NA,NA,NA,q=5
8,5,4,cds_5y,20,-7.5073020831696455,NA,NA,NA,NA,q=5
8,5,4,cds_5y,21,-7.858136363908693,NA,NA,NA,NA,q=5
8,5,4,cds_5y,22,-8.157804714341935,NA,NA,NA,NA,q=5
8,5,4,cds_5y,23,-8.364108462076642,NA,NA,NA,NA,q=5
8,5,4,cds_5y,24,-8.492409695207044,NA,NA,NA,NA,q=5
8,5,4,cds_5y,25,-8.575471018459389,NA,NA,NA,NA,q=5
8,5,4,cds_5y,26,-8.608631334031061,NA,NA,NA,NA,q=5
8,5,4,cds_5y,27,-8.600304448549425,NA,NA,NA,NA,q=5
8,5,4,cds_5y,28,-8.567425477055084,NA,NA,NA,NA,q=5
8,5,4,cds_5y,29,-8.512573139195387,NA,NA,NA,NA,q=5
8,5,4,cds_5y,30,-8.435662356917863,NA,NA,NA,NA,q=5
8,5,4,cds_5y,31,-8.339894991658182,NA,NA,NA,NA,q=5
8,5,4,cds_5y,32,-8.227468075983658,NA,NA,NA,NA,q=5
8,5,4,cds_5y,33,-8.098127290574253,NA,NA,NA,NA,q=5
8,5,4,cds_5y,34,-7.9526908741299005,NA,NA,NA,NA,q=5
8,5,4,cds_5y,35,-7.79320423832561,NA,NA,NA,NA,q=5
8,5,4,cds_5y,36,-7.620240893063439,NA,NA,NA,NA,q=5
8,5,4,cds_5y,37,-7.433995374551546,NA,NA,NA,NA,q=5
8,5,4,cds_5y,38,-7.235143920094921,NA,NA,NA,NA,q=5
8,5,4,cds_5y,39,-7.023893026939332,NA,NA,NA,NA,q=5
8,5,4,cds_5y,40,-6.800221553483212,NA,NA,NA,NA,q=5
8,5,4,cds_5y,41,-6.564400756358207,NA,NA,NA,NA,q=5
8,5,4,cds_5y,42,-6.316864016205403,NA,NA,NA,NA,q=5
8,5,4,cds_5y,43,-6.058099961458636,NA,NA,NA,NA,q=5
8,5,4,cds_5y,44,-5.788748606291744,NA,NA,NA,NA,q=5
8,5,4,cds_5y,45,-5.509621703796779,NA,NA,NA,NA,q=5
8,5,4,cds_5y,46,-5.221590561920181,NA,NA,NA,NA,q=5
8,5,4,cds_5y,47,-4.9255703997830835,NA,NA,NA,NA,q=5
8,5,4,cds_5y,48,-4.622559212040297,NA,NA,NA,NA,q=5
8,5,4,expect_focus_ipca12m,0,0.09644061573382583,NA,NA,NA,NA,q=5
8,5,4,expect_focus_ipca12m,1,0.1438557306789612,NA,NA,NA,NA,q=5
8,5,4,expect_focus_ipca12m,2,0.1793803127888555,NA,NA,NA,NA,q=5
8,5,4,expect_focus_ipca12m,3,0.16239967799485883,NA,NA,NA,NA,q=5
8,5,4,expect_focus_ipca12m,4,0.1529446598086044,NA,NA,NA,NA,q=5
8,5,4,expect_focus_ipca12m,5,0.1416022400294365,NA,NA,NA,NA,q=5
8,5,4,expect_focus_ipca12m,6,0.11127959937918627,NA,NA,NA,NA,q=5
8,5,4,expect_focus_ipca12m,7,0.08063809197916397,NA,NA,NA,NA,q=5
8,5,4,expect_focus_ipca12m,8,0.04599777057749786,NA,NA,NA,NA,q=5
8,5,4,expect_focus_ipca12m,9,0.013725068604103604,NA,NA,NA,NA,q=5
8,5,4,expect_focus_ipca12m,10,-0.013964340696174858,NA,NA,NA,NA,q=5
8,5,4,expect_focus_ipca12m,11,-0.038269067428893286,NA,NA,NA,NA,q=5
8,5,4,expect_focus_ipca12m,12,-0.058065340641050484,NA,NA,NA,NA,q=5
8,5,4,expect_focus_ipca12m,13,-0.0748118566609347,NA,NA,NA,NA,q=5
8,5,4,expect_focus_ipca12m,14,-0.09003053662805804,NA,NA,NA,NA,q=5
8,5,4,expect_focus_ipca12m,15,-0.10380165694702727,NA,NA,NA,NA,q=5
8,5,4,expect_focus_ipca12m,16,-0.11653585240883622,NA,NA,NA,NA,q=5
8,5,4,expect_focus_ipca12m,17,-0.1280687284931031,NA,NA,NA,NA,q=5
8,5,4,expect_focus_ipca12m,18,-0.13835826425396236,NA,NA,NA,NA,q=5
8,5,4,expect_focus_ipca12m,19,-0.1472013052648592,NA,NA,NA,NA,q=5
8,5,4,expect_focus_ipca12m,20,-0.15450341941040852,NA,NA,NA,NA,q=5
8,5,4,expect_focus_ipca12m,21,-0.16051898157300065,NA,NA,NA,NA,q=5
8,5,4,expect_focus_ipca12m,22,-0.16535916947038642,NA,NA,NA,NA,q=5
8,5,4,expect_focus_ipca12m,23,-0.16915538915520503,NA,NA,NA,NA,q=5
8,5,4,expect_focus_ipca12m,24,-0.17211074284790912,NA,NA,NA,NA,q=5
8,5,4,expect_focus_ipca12m,25,-0.17431113896242664,NA,NA,NA,NA,q=5
8,5,4,expect_focus_ipca12m,26,-0.1758067935079532,NA,NA,NA,NA,q=5
8,5,4,expect_focus_ipca12m,27,-0.17664763474189385,NA,NA,NA,NA,q=5
8,5,4,expect_focus_ipca12m,28,-0.17687059863123922,NA,NA,NA,NA,q=5
8,5,4,expect_focus_ipca12m,29,-0.17650826204944497,NA,NA,NA,NA,q=5
8,5,4,expect_focus_ipca12m,30,-0.1755933373682937,NA,NA,NA,NA,q=5
8,5,4,expect_focus_ipca12m,31,-0.1741658186858047,NA,NA,NA,NA,q=5
8,5,4,expect_focus_ipca12m,32,-0.17225717197438392,NA,NA,NA,NA,q=5
8,5,4,expect_focus_ipca12m,33,-0.16988794811464647,NA,NA,NA,NA,q=5
8,5,4,expect_focus_ipca12m,34,-0.1670761616537077,NA,NA,NA,NA,q=5
8,5,4,expect_focus_ipca12m,35,-0.1638327883110373,NA,NA,NA,NA,q=5
8,5,4,expect_focus_ipca12m,36,-0.16016386927828688,NA,NA,NA,NA,q=5
8,5,4,expect_focus_ipca12m,37,-0.15607600077769188,NA,NA,NA,NA,q=5
8,5,4,expect_focus_ipca12m,38,-0.15157669062597273,NA,NA,NA,NA,q=5
8,5,4,expect_focus_ipca12m,39,-0.14667483798567235,NA,NA,NA,NA,q=5
8,5,4,expect_focus_ipca12m,40,-0.14138140982651276,NA,NA,NA,NA,q=5
8,5,4,expect_focus_ipca12m,41,-0.13570958685121576,NA,NA,NA,NA,q=5
8,5,4,expect_focus_ipca12m,42,-0.12967441638230415,NA,NA,NA,NA,q=5
8,5,4,expect_focus_ipca12m,43,-0.12329260212494009,NA,NA,NA,NA,q=5
8,5,4,expect_focus_ipca12m,44,-0.11658286390078793,NA,NA,NA,NA,q=5
8,5,4,expect_focus_ipca12m,45,-0.10956593117128742,NA,NA,NA,NA,q=5
8,5,4,expect_focus_ipca12m,46,-0.10226441052938194,NA,NA,NA,NA,q=5
8,5,4,expect_focus_ipca12m,47,-0.09470281549637494,NA,NA,NA,NA,q=5
8,5,4,expect_focus_ipca12m,48,-0.08690735176784757,NA,NA,NA,NA,q=5
8,5,4,ibc_br,0,-0.38585106325202456,NA,NA,NA,NA,q=5
8,5,4,ibc_br,1,-0.057818813355042784,NA,NA,NA,NA,q=5
8,5,4,ibc_br,2,-0.028260809664200113,NA,NA,NA,NA,q=5
8,5,4,ibc_br,3,-0.2504212474283113,NA,NA,NA,NA,q=5
8,5,4,ibc_br,4,-0.28959883199780817,NA,NA,NA,NA,q=5
8,5,4,ibc_br,5,-0.17284447018563956,NA,NA,NA,NA,q=5
8,5,4,ibc_br,6,-0.21800278666003894,NA,NA,NA,NA,q=5
8,5,4,ibc_br,7,-0.2681823363112649,NA,NA,NA,NA,q=5
8,5,4,ibc_br,8,-0.2760170753701135,NA,NA,NA,NA,q=5
8,5,4,ibc_br,9,-0.31528814965740704,NA,NA,NA,NA,q=5
8,5,4,ibc_br,10,-0.37396313679847804,NA,NA,NA,NA,q=5
8,5,4,ibc_br,11,-0.38901911039526155,NA,NA,NA,NA,q=5
8,5,4,ibc_br,12,-0.36900672183844785,NA,NA,NA,NA,q=5
8,5,4,ibc_br,13,-0.35874570153253743,NA,NA,NA,NA,q=5
8,5,4,ibc_br,14,-0.34582193513022846,NA,NA,NA,NA,q=5
8,5,4,ibc_br,15,-0.32358968664204407,NA,NA,NA,NA,q=5
8,5,4,ibc_br,16,-0.310299806167291,NA,NA,NA,NA,q=5
8,5,4,ibc_br,17,-0.30543881385462973,NA,NA,NA,NA,q=5
8,5,4,ibc_br,18,-0.29930981820929875,NA,NA,NA,NA,q=5
8,5,4,ibc_br,19,-0.2931148150494862,NA,NA,NA,NA,q=5
8,5,4,ibc_br,20,-0.28875132402472087,NA,NA,NA,NA,q=5
8,5,4,ibc_br,21,-0.2836070155755032,NA,NA,NA,NA,q=5
8,5,4,ibc_br,22,-0.2772353400962454,NA,NA,NA,NA,q=5
8,5,4,ibc_br,23,-0.2719707590424242,NA,NA,NA,NA,q=5
8,5,4,ibc_br,24,-0.26806152585955295,NA,NA,NA,NA,q=5
8,5,4,ibc_br,25,-0.2647237215572273,NA,NA,NA,NA,q=5
8,5,4,ibc_br,26,-0.2622912221054205,NA,NA,NA,NA,q=5
8,5,4,ibc_br,27,-0.2607295458174322,NA,NA,NA,NA,q=5
8,5,4,ibc_br,28,-0.2593420628079517,NA,NA,NA,NA,q=5
8,5,4,ibc_br,29,-0.257860628260793,NA,NA,NA,NA,q=5
8,5,4,ibc_br,30,-0.2562863074030012,NA,NA,NA,NA,q=5
8,5,4,ibc_br,31,-0.2544535945930758,NA,NA,NA,NA,q=5
8,5,4,ibc_br,32,-0.25222668219225197,NA,NA,NA,NA,q=5
8,5,4,ibc_br,33,-0.2496071285526514,NA,NA,NA,NA,q=5
8,5,4,ibc_br,34,-0.2465467345172646,NA,NA,NA,NA,q=5
8,5,4,ibc_br,35,-0.24292909041473437,NA,NA,NA,NA,q=5
8,5,4,ibc_br,36,-0.23868342253868824,NA,NA,NA,NA,q=5
8,5,4,ibc_br,37,-0.23376408747931274,NA,NA,NA,NA,q=5
8,5,4,ibc_br,38,-0.22811561676709688,NA,NA,NA,NA,q=5
8,5,4,ibc_br,39,-0.22171064984915856,NA,NA,NA,NA,q=5
8,5,4,ibc_br,40,-0.21455492209340613,NA,NA,NA,NA,q=5
8,5,4,ibc_br,41,-0.2066616345968653,NA,NA,NA,NA,q=5
8,5,4,ibc_br,42,-0.19805048318821272,NA,NA,NA,NA,q=5
8,5,4,ibc_br,43,-0.18875303125055568,NA,NA,NA,NA,q=5
8,5,4,ibc_br,44,-0.17880580014186673,NA,NA,NA,NA,q=5
8,5,4,ibc_br,45,-0.16824659012228485,NA,NA,NA,NA,q=5
8,5,4,ibc_br,46,-0.1571181428985733,NA,NA,NA,NA,q=5
8,5,4,ibc_br,47,-0.14546811755315267,NA,NA,NA,NA,q=5
8,5,4,ibc_br,48,-0.1333462556321763,NA,NA,NA,NA,q=5
8,5,4,price_ipca,0,-0.014259339257402266,NA,NA,NA,NA,q=5
8,5,4,price_ipca,1,0.07446449034243624,NA,NA,NA,NA,q=5
8,5,4,price_ipca,2,0.08314206324690926,NA,NA,NA,NA,q=5
8,5,4,price_ipca,3,0.05539514324795503,NA,NA,NA,NA,q=5
8,5,4,price_ipca,4,0.10955926249795944,NA,NA,NA,NA,q=5
8,5,4,price_ipca,5,0.1260992098679097,NA,NA,NA,NA,q=5
8,5,4,price_ipca,6,0.06640093199391436,NA,NA,NA,NA,q=5
8,5,4,price_ipca,7,0.043857388941309326,NA,NA,NA,NA,q=5
8,5,4,price_ipca,8,0.015593818041811553,NA,NA,NA,NA,q=5
8,5,4,price_ipca,9,-0.025529254502427365,NA,NA,NA,NA,q=5
8,5,4,price_ipca,10,-0.03955032064306679,NA,NA,NA,NA,q=5
8,5,4,price_ipca,11,-0.04271035273830757,NA,NA,NA,NA,q=5
8,5,4,price_ipca,12,-0.04115978435830345,NA,NA,NA,NA,q=5
8,5,4,price_ipca,13,-0.03680768006559026,NA,NA,NA,NA,q=5
8,5,4,price_ipca,14,-0.03162137094212829,NA,NA,NA,NA,q=5
8,5,4,price_ipca,15,-0.028938843951236293,NA,NA,NA,NA,q=5
8,5,4,price_ipca,16,-0.029526621677149003,NA,NA,NA,NA,q=5
8,5,4,price_ipca,17,-0.029492075587464202,NA,NA,NA,NA,q=5
8,5,4,price_ipca,18,-0.028783129482513374,NA,NA,NA,NA,q=5
8,5,4,price_ipca,19,-0.027882025255723936,NA,NA,NA,NA,q=5
8,5,4,price_ipca,20,-0.025304804952244853,NA,NA,NA,NA,q=5
8,5,4,price_ipca,21,-0.021786326377314338,NA,NA,NA,NA,q=5
8,5,4,price_ipca,22,-0.018212916858206404,NA,NA,NA,NA,q=5
8,5,4,price_ipca,23,-0.014612632249394584,NA,NA,NA,NA,q=5
8,5,4,price_ipca,24,-0.011197114938467445,NA,NA,NA,NA,q=5
8,5,4,price_ipca,25,-0.0080869929901067,NA,NA,NA,NA,q=5
8,5,4,price_ipca,26,-0.005210162927809696,NA,NA,NA,NA,q=5
8,5,4,price_ipca,27,-0.002409602799929056,NA,NA,NA,NA,q=5
8,5,4,price_ipca,28,3.733097490052051e-4,NA,NA,NA,NA,q=5
8,5,4,price_ipca,29,0.0031032597005256385,NA,NA,NA,NA,q=5
8,5,4,price_ipca,30,0.005794986303088125,NA,NA,NA,NA,q=5
8,5,4,price_ipca,31,0.008421457592323926,NA,NA,NA,NA,q=5
8,5,4,price_ipca,32,0.010928921674428107,NA,NA,NA,NA,q=5
8,5,4,price_ipca,33,0.013316660550632731,NA,NA,NA,NA,q=5
8,5,4,price_ipca,34,0.015595892096731125,NA,NA,NA,NA,q=5
8,5,4,price_ipca,35,0.017776287928808077,NA,NA,NA,NA,q=5
8,5,4,price_ipca,36,0.019875518735424008,NA,NA,NA,NA,q=5
8,5,4,price_ipca,37,0.021909240144402667,NA,NA,NA,NA,q=5
8,5,4,price_ipca,38,0.023884617035087933,NA,NA,NA,NA,q=5
8,5,4,price_ipca,39,0.02580113927072955,NA,NA,NA,NA,q=5
8,5,4,price_ipca,40,0.027656659500104493,NA,NA,NA,NA,q=5
8,5,4,price_ipca,41,0.029447962602697317,NA,NA,NA,NA,q=5
8,5,4,price_ipca,42,0.031170026268665572,NA,NA,NA,NA,q=5
8,5,4,price_ipca,43,0.03281899695415843,NA,NA,NA,NA,q=5
8,5,4,price_ipca,44,0.034391565974343716,NA,NA,NA,NA,q=5
8,5,4,price_ipca,45,0.03588336190402052,NA,NA,NA,NA,q=5
8,5,4,price_ipca,46,0.03728935336311329,NA,NA,NA,NA,q=5
8,5,4,price_ipca,47,0.03860389878193191,NA,NA,NA,NA,q=5
8,5,4,price_ipca,48,0.039820704874899915,NA,NA,NA,NA,q=5
8,5,4,asset_ibov,0,-3.045221204629991,NA,NA,NA,NA,q=5
8,5,4,asset_ibov,1,-2.7118639517895566,NA,NA,NA,NA,q=5
8,5,4,asset_ibov,2,0.76085817205776,NA,NA,NA,NA,q=5
8,5,4,asset_ibov,3,0.45836706624246637,NA,NA,NA,NA,q=5
8,5,4,asset_ibov,4,1.3420521226546605,NA,NA,NA,NA,q=5
8,5,4,asset_ibov,5,1.6392149062187038,NA,NA,NA,NA,q=5
8,5,4,asset_ibov,6,1.9124108222922498,NA,NA,NA,NA,q=5
8,5,4,asset_ibov,7,1.7862235429190436,NA,NA,NA,NA,q=5
8,5,4,asset_ibov,8,1.5199626407409443,NA,NA,NA,NA,q=5
8,5,4,asset_ibov,9,1.6563867459541433,NA,NA,NA,NA,q=5
8,5,4,asset_ibov,10,1.5014605585316163,NA,NA,NA,NA,q=5
8,5,4,asset_ibov,11,1.3984856103137802,NA,NA,NA,NA,q=5
8,5,4,asset_ibov,12,1.3160174949146384,NA,NA,NA,NA,q=5
8,5,4,asset_ibov,13,1.0796994819297403,NA,NA,NA,NA,q=5
8,5,4,asset_ibov,14,0.8927618447719826,NA,NA,NA,NA,q=5
8,5,4,asset_ibov,15,0.7379778394422147,NA,NA,NA,NA,q=5
8,5,4,asset_ibov,16,0.5603783389263179,NA,NA,NA,NA,q=5
8,5,4,asset_ibov,17,0.41852271341630765,NA,NA,NA,NA,q=5
8,5,4,asset_ibov,18,0.29967512374649236,NA,NA,NA,NA,q=5
8,5,4,asset_ibov,19,0.1912180441104635,NA,NA,NA,NA,q=5
8,5,4,asset_ibov,20,0.08626800097517764,NA,NA,NA,NA,q=5
8,5,4,asset_ibov,21,-0.01119319304305831,NA,NA,NA,NA,q=5
8,5,4,asset_ibov,22,-0.09908704098861344,NA,NA,NA,NA,q=5
8,5,4,asset_ibov,23,-0.18475247819875235,NA,NA,NA,NA,q=5
8,5,4,asset_ibov,24,-0.261874880409057,NA,NA,NA,NA,q=5
8,5,4,asset_ibov,25,-0.3278938466922319,NA,NA,NA,NA,q=5
8,5,4,asset_ibov,26,-0.3875463040875916,NA,NA,NA,NA,q=5
8,5,4,asset_ibov,27,-0.4401061384055649,NA,NA,NA,NA,q=5
8,5,4,asset_ibov,28,-0.48597662856448026,NA,NA,NA,NA,q=5
8,5,4,asset_ibov,29,-0.5274848101014289,NA,NA,NA,NA,q=5
8,5,4,asset_ibov,30,-0.5655095510063279,NA,NA,NA,NA,q=5
8,5,4,asset_ibov,31,-0.6004265534582579,NA,NA,NA,NA,q=5
8,5,4,asset_ibov,32,-0.6326301693318985,NA,NA,NA,NA,q=5
8,5,4,asset_ibov,33,-0.6626514855836353,NA,NA,NA,NA,q=5
8,5,4,asset_ibov,34,-0.6906834441890652,NA,NA,NA,NA,q=5
8,5,4,asset_ibov,35,-0.7167996425609479,NA,NA,NA,NA,q=5
8,5,4,asset_ibov,36,-0.7413555397543453,NA,NA,NA,NA,q=5
8,5,4,asset_ibov,37,-0.7645346880538813,NA,NA,NA,NA,q=5
8,5,4,asset_ibov,38,-0.7863703130706927,NA,NA,NA,NA,q=5
8,5,4,asset_ibov,39,-0.8069382199557785,NA,NA,NA,NA,q=5
8,5,4,asset_ibov,40,-0.8262228210175896,NA,NA,NA,NA,q=5
8,5,4,asset_ibov,41,-0.8441246569995355,NA,NA,NA,NA,q=5
8,5,4,asset_ibov,42,-0.8605314694539558,NA,NA,NA,NA,q=5
8,5,4,asset_ibov,43,-0.8753262852800046,NA,NA,NA,NA,q=5
8,5,4,asset_ibov,44,-0.8883840446094449,NA,NA,NA,NA,q=5
8,5,4,asset_ibov,45,-0.8995789887400362,NA,NA,NA,NA,q=5
8,5,4,asset_ibov,46,-0.9088029067427308,NA,NA,NA,NA,q=5
8,5,4,asset_ibov,47,-0.9159587206371698,NA,NA,NA,NA,q=5
8,5,4,asset_ibov,48,-0.9209559217902032,NA,NA,NA,NA,q=5
8,5,4,fiscal_dbgg,0,0.2657429767174105,NA,NA,NA,NA,q=5
8,5,4,fiscal_dbgg,1,0.23986254521395511,NA,NA,NA,NA,q=5
8,5,4,fiscal_dbgg,2,0.029989543496244126,NA,NA,NA,NA,q=5
8,5,4,fiscal_dbgg,3,0.03490436507646828,NA,NA,NA,NA,q=5
8,5,4,fiscal_dbgg,4,-0.014691131164479634,NA,NA,NA,NA,q=5
8,5,4,fiscal_dbgg,5,-0.07916515280863902,NA,NA,NA,NA,q=5
8,5,4,fiscal_dbgg,6,-0.11910918021233319,NA,NA,NA,NA,q=5
8,5,4,fiscal_dbgg,7,-0.12079093111532238,NA,NA,NA,NA,q=5
8,5,4,fiscal_dbgg,8,-0.11653357171658851,NA,NA,NA,NA,q=5
8,5,4,fiscal_dbgg,9,-0.10267678934239642,NA,NA,NA,NA,q=5
8,5,4,fiscal_dbgg,10,-0.052560455778053426,NA,NA,NA,NA,q=5
8,5,4,fiscal_dbgg,11,0.004313179252480599,NA,NA,NA,NA,q=5
8,5,4,fiscal_dbgg,12,0.06307621150474549,NA,NA,NA,NA,q=5
8,5,4,fiscal_dbgg,13,0.1306720331153165,NA,NA,NA,NA,q=5
8,5,4,fiscal_dbgg,14,0.19548237305877056,NA,NA,NA,NA,q=5
8,5,4,fiscal_dbgg,15,0.25416864463316485,NA,NA,NA,NA,q=5
8,5,4,fiscal_dbgg,16,0.3109962682635045,NA,NA,NA,NA,q=5
8,5,4,fiscal_dbgg,17,0.3651621771827145,NA,NA,NA,NA,q=5
8,5,4,fiscal_dbgg,18,0.4155523303304045,NA,NA,NA,NA,q=5
8,5,4,fiscal_dbgg,19,0.46288763292623664,NA,NA,NA,NA,q=5
8,5,4,fiscal_dbgg,20,0.5077694758429533,NA,NA,NA,NA,q=5
8,5,4,fiscal_dbgg,21,0.5491175282015681,NA,NA,NA,NA,q=5
8,5,4,fiscal_dbgg,22,0.5864475024626556,NA,NA,NA,NA,q=5
8,5,4,fiscal_dbgg,23,0.6202289427984186,NA,NA,NA,NA,q=5
8,5,4,fiscal_dbgg,24,0.6503227407731356,NA,NA,NA,NA,q=5
8,5,4,fiscal_dbgg,25,0.6767223532257818,NA,NA,NA,NA,q=5
8,5,4,fiscal_dbgg,26,0.6999079607877583,NA,NA,NA,NA,q=5
8,5,4,fiscal_dbgg,27,0.7201517985843254,NA,NA,NA,NA,q=5
8,5,4,fiscal_dbgg,28,0.7375947304672402,NA,NA,NA,NA,q=5
8,5,4,fiscal_dbgg,29,0.7524454405416031,NA,NA,NA,NA,q=5
8,5,4,fiscal_dbgg,30,0.7648778439529142,NA,NA,NA,NA,q=5
8,5,4,fiscal_dbgg,31,0.7749824527035947,NA,NA,NA,NA,q=5
8,5,4,fiscal_dbgg,32,0.7828404320569817,NA,NA,NA,NA,q=5
8,5,4,fiscal_dbgg,33,0.788556969683419,NA,NA,NA,NA,q=5
8,5,4,fiscal_dbgg,34,0.7922073477532025,NA,NA,NA,NA,q=5
8,5,4,fiscal_dbgg,35,0.7938398511604214,NA,NA,NA,NA,q=5
8,5,4,fiscal_dbgg,36,0.7935029151764663,NA,NA,NA,NA,q=5
8,5,4,fiscal_dbgg,37,0.7912256811693921,NA,NA,NA,NA,q=5
8,5,4,fiscal_dbgg,38,0.7870151834384363,NA,NA,NA,NA,q=5
8,5,4,fiscal_dbgg,39,0.7808726626838554,NA,NA,NA,NA,q=5
8,5,4,fiscal_dbgg,40,0.7727962205128062,NA,NA,NA,NA,q=5
8,5,4,fiscal_dbgg,41,0.7627813072819726,NA,NA,NA,NA,q=5
8,5,4,fiscal_dbgg,42,0.7508263483131613,NA,NA,NA,NA,q=5
8,5,4,fiscal_dbgg,43,0.7369367369316819,NA,NA,NA,NA,q=5
8,5,4,fiscal_dbgg,44,0.7211248770621694,NA,NA,NA,NA,q=5
8,5,4,fiscal_dbgg,45,0.7034107655809355,NA,NA,NA,NA,q=5
8,5,4,fiscal_dbgg,46,0.6838239991089775,NA,NA,NA,NA,q=5
8,5,4,fiscal_dbgg,47,0.6624041420382943,NA,NA,NA,NA,q=5
8,5,4,fiscal_dbgg,48,0.6392006176849899,NA,NA,NA,NA,q=5
8,5,4,fiscal_dlsp,0,-0.28483285608131276,NA,NA,NA,NA,q=5
8,5,4,fiscal_dlsp,1,-0.3854650928748724,NA,NA,NA,NA,q=5
8,5,4,fiscal_dlsp,2,-0.32785353590091354,NA,NA,NA,NA,q=5
8,5,4,fiscal_dlsp,3,-0.37974358935644936,NA,NA,NA,NA,q=5
8,5,4,fiscal_dlsp,4,-0.3159663867217399,NA,NA,NA,NA,q=5
8,5,4,fiscal_dlsp,5,-0.2273100815977627,NA,NA,NA,NA,q=5
8,5,4,fiscal_dlsp,6,-0.17635362358260348,NA,NA,NA,NA,q=5
8,5,4,fiscal_dlsp,7,-0.1356421427146767,NA,NA,NA,NA,q=5
8,5,4,fiscal_dlsp,8,-0.08064754291795012,NA,NA,NA,NA,q=5
8,5,4,fiscal_dlsp,9,-0.018018963227138158,NA,NA,NA,NA,q=5
8,5,4,fiscal_dlsp,10,0.039018396251261286,NA,NA,NA,NA,q=5
8,5,4,fiscal_dlsp,11,0.11208659081829714,NA,NA,NA,NA,q=5
8,5,4,fiscal_dlsp,12,0.18975533096695674,NA,NA,NA,NA,q=5
8,5,4,fiscal_dlsp,13,0.2529417834193243,NA,NA,NA,NA,q=5
8,5,4,fiscal_dlsp,14,0.31073461497339466,NA,NA,NA,NA,q=5
8,5,4,fiscal_dlsp,15,0.3645933008612336,NA,NA,NA,NA,q=5
8,5,4,fiscal_dlsp,16,0.40937963080064443,NA,NA,NA,NA,q=5
8,5,4,fiscal_dlsp,17,0.44880210739522985,NA,NA,NA,NA,q=5
8,5,4,fiscal_dlsp,18,0.48564248666642584,NA,NA,NA,NA,q=5
8,5,4,fiscal_dlsp,19,0.5192388657798515,NA,NA,NA,NA,q=5
8,5,4,fiscal_dlsp,20,0.5489374134832938,NA,NA,NA,NA,q=5
8,5,4,fiscal_dlsp,21,0.5752376873961403,NA,NA,NA,NA,q=5
8,5,4,fiscal_dlsp,22,0.5981179318518371,NA,NA,NA,NA,q=5
8,5,4,fiscal_dlsp,23,0.6169181174605242,NA,NA,NA,NA,q=5
8,5,4,fiscal_dlsp,24,0.632039430425216,NA,NA,NA,NA,q=5
8,5,4,fiscal_dlsp,25,0.6441207710194309,NA,NA,NA,NA,q=5
8,5,4,fiscal_dlsp,26,0.6533063579652789,NA,NA,NA,NA,q=5
8,5,4,fiscal_dlsp,27,0.6599345735394658,NA,NA,NA,NA,q=5
8,5,4,fiscal_dlsp,28,0.6643947841496973,NA,NA,NA,NA,q=5
8,5,4,fiscal_dlsp,29,0.6668314068311638,NA,NA,NA,NA,q=5
8,5,4,fiscal_dlsp,30,0.667330014555732,NA,NA,NA,NA,q=5
8,5,4,fiscal_dlsp,31,0.666012633115419,NA,NA,NA,NA,q=5
8,5,4,fiscal_dlsp,32,0.6629813539670681,NA,NA,NA,NA,q=5
8,5,4,fiscal_dlsp,33,0.6583003332934457,NA,NA,NA,NA,q=5
8,5,4,fiscal_dlsp,34,0.6520477561508713,NA,NA,NA,NA,q=5
8,5,4,fiscal_dlsp,35,0.644308216493458,NA,NA,NA,NA,q=5
8,5,4,fiscal_dlsp,36,0.6351320608822209,NA,NA,NA,NA,q=5
8,5,4,fiscal_dlsp,37,0.6245541191117269,NA,NA,NA,NA,q=5
8,5,4,fiscal_dlsp,38,0.6126062528249046,NA,NA,NA,NA,q=5
8,5,4,fiscal_dlsp,39,0.5993073920224892,NA,NA,NA,NA,q=5
8,5,4,fiscal_dlsp,40,0.5846714051746058,NA,NA,NA,NA,q=5
8,5,4,fiscal_dlsp,41,0.5687170188971126,NA,NA,NA,NA,q=5
8,5,4,fiscal_dlsp,42,0.5514676660413341,NA,NA,NA,NA,q=5
8,5,4,fiscal_dlsp,43,0.5329510244352604,NA,NA,NA,NA,q=5
8,5,4,fiscal_dlsp,44,0.5132011055158462,NA,NA,NA,NA,q=5
8,5,4,fiscal_dlsp,45,0.4922588508153983,NA,NA,NA,NA,q=5
8,5,4,fiscal_dlsp,46,0.4701708118319886,NA,NA,NA,NA,q=5
8,5,4,fiscal_dlsp,47,0.44698939867173504,NA,NA,NA,NA,q=5
8,5,4,fiscal_dlsp,48,0.422773672759292,NA,NA,NA,NA,q=5
8,5,4,fiscal_primary_balance,0,913.909873336809,NA,NA,NA,NA,q=5
8,5,4,fiscal_primary_balance,1,-2745.948448470909,NA,NA,NA,NA,q=5
8,5,4,fiscal_primary_balance,2,-2352.581826884959,NA,NA,NA,NA,q=5
8,5,4,fiscal_primary_balance,3,-712.6058071393318,NA,NA,NA,NA,q=5
8,5,4,fiscal_primary_balance,4,-300.16056032480503,NA,NA,NA,NA,q=5
8,5,4,fiscal_primary_balance,5,-543.4056333467533,NA,NA,NA,NA,q=5
8,5,4,fiscal_primary_balance,6,518.3442755036311,NA,NA,NA,NA,q=5
8,5,4,fiscal_primary_balance,7,838.694860337577,NA,NA,NA,NA,q=5
8,5,4,fiscal_primary_balance,8,1821.5375855201582,NA,NA,NA,NA,q=5
8,5,4,fiscal_primary_balance,9,2800.521278222867,NA,NA,NA,NA,q=5
8,5,4,fiscal_primary_balance,10,3609.541762723693,NA,NA,NA,NA,q=5
8,5,4,fiscal_primary_balance,11,4430.082155947403,NA,NA,NA,NA,q=5
8,5,4,fiscal_primary_balance,12,4813.744546968355,NA,NA,NA,NA,q=5
8,5,4,fiscal_primary_balance,13,4950.230497602333,NA,NA,NA,NA,q=5
8,5,4,fiscal_primary_balance,14,4994.8944086758875,NA,NA,NA,NA,q=5
8,5,4,fiscal_primary_balance,15,4910.491998703264,NA,NA,NA,NA,q=5
8,5,4,fiscal_primary_balance,16,4793.573392229071,NA,NA,NA,NA,q=5
8,5,4,fiscal_primary_balance,17,4653.66026512171,NA,NA,NA,NA,q=5
8,5,4,fiscal_primary_balance,18,4497.735703884256,NA,NA,NA,NA,q=5
8,5,4,fiscal_primary_balance,19,4310.344728529233,NA,NA,NA,NA,q=5
8,5,4,fiscal_primary_balance,20,4070.286359323627,NA,NA,NA,NA,q=5
8,5,4,fiscal_primary_balance,21,3797.9382753687128,NA,NA,NA,NA,q=5
8,5,4,fiscal_primary_balance,22,3489.428733497766,NA,NA,NA,NA,q=5
8,5,4,fiscal_primary_balance,23,3151.3048762937187,NA,NA,NA,NA,q=5
8,5,4,fiscal_primary_balance,24,2804.3974858549527,NA,NA,NA,NA,q=5
8,5,4,fiscal_primary_balance,25,2453.377603061504,NA,NA,NA,NA,q=5
8,5,4,fiscal_primary_balance,26,2102.5964878671057,NA,NA,NA,NA,q=5
8,5,4,fiscal_primary_balance,27,1756.4807813724046,NA,NA,NA,NA,q=5
8,5,4,fiscal_primary_balance,28,1415.5074265917701,NA,NA,NA,NA,q=5
8,5,4,fiscal_primary_balance,29,1079.8879095080138,NA,NA,NA,NA,q=5
8,5,4,fiscal_primary_balance,30,749.7998786136907,NA,NA,NA,NA,q=5
8,5,4,fiscal_primary_balance,31,426.57412561832894,NA,NA,NA,NA,q=5
8,5,4,fiscal_primary_balance,32,111.24266917009628,NA,NA,NA,NA,q=5
8,5,4,fiscal_primary_balance,33,-195.7168304750895,NA,NA,NA,NA,q=5
8,5,4,fiscal_primary_balance,34,-493.46274240980887,NA,NA,NA,NA,q=5
8,5,4,fiscal_primary_balance,35,-781.8339227847332,NA,NA,NA,NA,q=5
8,5,4,fiscal_primary_balance,36,-1061.169898313507,NA,NA,NA,NA,q=5
8,5,4,fiscal_primary_balance,37,-1331.7332567383896,NA,NA,NA,NA,q=5
8,5,4,fiscal_primary_balance,38,-1593.8671935930759,NA,NA,NA,NA,q=5
8,5,4,fiscal_primary_balance,39,-1847.8718717315803,NA,NA,NA,NA,q=5
8,5,4,fiscal_primary_balance,40,-2093.893937134161,NA,NA,NA,NA,q=5
8,5,4,fiscal_primary_balance,41,-2331.942782737651,NA,NA,NA,NA,q=5
8,5,4,fiscal_primary_balance,42,-2561.930741702526,NA,NA,NA,NA,q=5
8,5,4,fiscal_primary_balance,43,-2783.717536243177,NA,NA,NA,NA,q=5
8,5,4,fiscal_primary_balance,44,-2997.090596141872,NA,NA,NA,NA,q=5
8,5,4,fiscal_primary_balance,45,-3201.784893765434,NA,NA,NA,NA,q=5
8,5,4,fiscal_primary_balance,46,-3397.5001250886935,NA,NA,NA,NA,q=5
8,5,4,fiscal_primary_balance,47,-3583.8814164442906,NA,NA,NA,NA,q=5
8,5,4,fiscal_primary_balance,48,-3760.5291346667605,NA,NA,NA,NA,q=5
8,5,4,dlsp_exchange_adjustment,0,-29452.924086190076,NA,NA,NA,NA,q=5
8,5,4,dlsp_exchange_adjustment,1,-23607.627536007098,NA,NA,NA,NA,q=5
8,5,4,dlsp_exchange_adjustment,2,-546.9571515737767,NA,NA,NA,NA,q=5
8,5,4,dlsp_exchange_adjustment,3,-5178.594093977232,NA,NA,NA,NA,q=5
8,5,4,dlsp_exchange_adjustment,4,1410.0856180927108,NA,NA,NA,NA,q=5
8,5,4,dlsp_exchange_adjustment,5,5342.488683993347,NA,NA,NA,NA,q=5
8,5,4,dlsp_exchange_adjustment,6,6512.615744754918,NA,NA,NA,NA,q=5
8,5,4,dlsp_exchange_adjustment,7,5578.323057970519,NA,NA,NA,NA,q=5
8,5,4,dlsp_exchange_adjustment,8,3980.5772513212405,NA,NA,NA,NA,q=5
8,5,4,dlsp_exchange_adjustment,9,4603.606284283626,NA,NA,NA,NA,q=5
8,5,4,dlsp_exchange_adjustment,10,3372.147597315125,NA,NA,NA,NA,q=5
8,5,4,dlsp_exchange_adjustment,11,3002.5533472929615,NA,NA,NA,NA,q=5
8,5,4,dlsp_exchange_adjustment,12,3197.786292047591,NA,NA,NA,NA,q=5
8,5,4,dlsp_exchange_adjustment,13,2254.1629279694343,NA,NA,NA,NA,q=5
8,5,4,dlsp_exchange_adjustment,14,1642.625015847426,NA,NA,NA,NA,q=5
8,5,4,dlsp_exchange_adjustment,15,1288.868313687019,NA,NA,NA,NA,q=5
8,5,4,dlsp_exchange_adjustment,16,610.6830964453031,NA,NA,NA,NA,q=5
8,5,4,dlsp_exchange_adjustment,17,63.62183861800306,NA,NA,NA,NA,q=5
8,5,4,dlsp_exchange_adjustment,18,-337.21639508194517,NA,NA,NA,NA,q=5
8,5,4,dlsp_exchange_adjustment,19,-695.8893608079136,NA,NA,NA,NA,q=5
8,5,4,dlsp_exchange_adjustment,20,-1054.398383127714,NA,NA,NA,NA,q=5
8,5,4,dlsp_exchange_adjustment,21,-1368.6777214120273,NA,NA,NA,NA,q=5
8,5,4,dlsp_exchange_adjustment,22,-1628.0337224833472,NA,NA,NA,NA,q=5
8,5,4,dlsp_exchange_adjustment,23,-1904.033501391493,NA,NA,NA,NA,q=5
8,5,4,dlsp_exchange_adjustment,24,-2158.514768239974,NA,NA,NA,NA,q=5
8,5,4,dlsp_exchange_adjustment,25,-2365.0537818183825,NA,NA,NA,NA,q=5
8,5,4,dlsp_exchange_adjustment,26,-2556.6402856049554,NA,NA,NA,NA,q=5
8,5,4,dlsp_exchange_adjustment,27,-2724.698041208721,NA,NA,NA,NA,q=5
8,5,4,dlsp_exchange_adjustment,28,-2862.4901741177223,NA,NA,NA,NA,q=5
8,5,4,dlsp_exchange_adjustment,29,-2982.4539769616963,NA,NA,NA,NA,q=5
8,5,4,dlsp_exchange_adjustment,30,-3089.4730920016386,NA,NA,NA,NA,q=5
8,5,4,dlsp_exchange_adjustment,31,-3184.1407024977952,NA,NA,NA,NA,q=5
8,5,4,dlsp_exchange_adjustment,32,-3268.0556226735594,NA,NA,NA,NA,q=5
8,5,4,dlsp_exchange_adjustment,33,-3344.583063443614,NA,NA,NA,NA,q=5
8,5,4,dlsp_exchange_adjustment,34,-3414.3476993078275,NA,NA,NA,NA,q=5
8,5,4,dlsp_exchange_adjustment,35,-3476.54582287224,NA,NA,NA,NA,q=5
8,5,4,dlsp_exchange_adjustment,36,-3532.70116148771,NA,NA,NA,NA,q=5
8,5,4,dlsp_exchange_adjustment,37,-3583.528598749983,NA,NA,NA,NA,q=5
8,5,4,dlsp_exchange_adjustment,38,-3628.7330888961183,NA,NA,NA,NA,q=5
8,5,4,dlsp_exchange_adjustment,39,-3668.695924741006,NA,NA,NA,NA,q=5
8,5,4,dlsp_exchange_adjustment,40,-3703.5263419952516,NA,NA,NA,NA,q=5
8,5,4,dlsp_exchange_adjustment,41,-3732.8181848238723,NA,NA,NA,NA,q=5
8,5,4,dlsp_exchange_adjustment,42,-3756.123219191419,NA,NA,NA,NA,q=5
8,5,4,dlsp_exchange_adjustment,43,-3773.009529896701,NA,NA,NA,NA,q=5
8,5,4,dlsp_exchange_adjustment,44,-3782.9723684842165,NA,NA,NA,NA,q=5
8,5,4,dlsp_exchange_adjustment,45,-3785.463928789314,NA,NA,NA,NA,q=5
8,5,4,dlsp_exchange_adjustment,46,-3780.0477269841435,NA,NA,NA,NA,q=5
8,5,4,dlsp_exchange_adjustment,47,-3766.3590591470065,NA,NA,NA,NA,q=5
8,5,4,dlsp_exchange_adjustment,48,-3744.04869839942,NA,NA,NA,NA,q=5
8,5,4,expect_focus_selic_ny,0,0.6587056513392752,NA,NA,NA,NA,q=5
8,5,4,expect_focus_selic_ny,1,0.6598396767154132,NA,NA,NA,NA,q=5
8,5,4,expect_focus_selic_ny,2,0.6427614607093363,NA,NA,NA,NA,q=5
8,5,4,expect_focus_selic_ny,3,0.6609378151596039,NA,NA,NA,NA,q=5
8,5,4,expect_focus_selic_ny,4,0.5411190756935763,NA,NA,NA,NA,q=5
8,5,4,expect_focus_selic_ny,5,0.4763126304439927,NA,NA,NA,NA,q=5
8,5,4,expect_focus_selic_ny,6,0.46896282452178867,NA,NA,NA,NA,q=5
8,5,4,expect_focus_selic_ny,7,0.4140112059667472,NA,NA,NA,NA,q=5
8,5,4,expect_focus_selic_ny,8,0.3777959143087293,NA,NA,NA,NA,q=5
8,5,4,expect_focus_selic_ny,9,0.3386501158754202,NA,NA,NA,NA,q=5
8,5,4,expect_focus_selic_ny,10,0.2823896477214322,NA,NA,NA,NA,q=5
8,5,4,expect_focus_selic_ny,11,0.22304277658815846,NA,NA,NA,NA,q=5
8,5,4,expect_focus_selic_ny,12,0.1601775427830574,NA,NA,NA,NA,q=5
8,5,4,expect_focus_selic_ny,13,0.10328166715608174,NA,NA,NA,NA,q=5
8,5,4,expect_focus_selic_ny,14,0.04793676692996731,NA,NA,NA,NA,q=5
8,5,4,expect_focus_selic_ny,15,-0.0023377539154108584,NA,NA,NA,NA,q=5
8,5,4,expect_focus_selic_ny,16,-0.04457538025404559,NA,NA,NA,NA,q=5
8,5,4,expect_focus_selic_ny,17,-0.08544120306542162,NA,NA,NA,NA,q=5
8,5,4,expect_focus_selic_ny,18,-0.12388861669853105,NA,NA,NA,NA,q=5
8,5,4,expect_focus_selic_ny,19,-0.15885953192690816,NA,NA,NA,NA,q=5
8,5,4,expect_focus_selic_ny,20,-0.19232157988427445,NA,NA,NA,NA,q=5
8,5,4,expect_focus_selic_ny,21,-0.2235689445958676,NA,NA,NA,NA,q=5
8,5,4,expect_focus_selic_ny,22,-0.2520844929503134,NA,NA,NA,NA,q=5
8,5,4,expect_focus_selic_ny,23,-0.2780246833073687,NA,NA,NA,NA,q=5
8,5,4,expect_focus_selic_ny,24,-0.3016082614918177,NA,NA,NA,NA,q=5
8,5,4,expect_focus_selic_ny,25,-0.3230675494184771,NA,NA,NA,NA,q=5
8,5,4,expect_focus_selic_ny,26,-0.342525339173199,NA,NA,NA,NA,q=5
8,5,4,expect_focus_selic_ny,27,-0.3603625093321084,NA,NA,NA,NA,q=5
8,5,4,expect_focus_selic_ny,28,-0.37678143926200847,NA,NA,NA,NA,q=5
8,5,4,expect_focus_selic_ny,29,-0.3917746645805917,NA,NA,NA,NA,q=5
8,5,4,expect_focus_selic_ny,30,-0.40544644280738273,NA,NA,NA,NA,q=5
8,5,4,expect_focus_selic_ny,31,-0.41783305455219677,NA,NA,NA,NA,q=5
8,5,4,expect_focus_selic_ny,32,-0.4289098314019779,NA,NA,NA,NA,q=5
8,5,4,expect_focus_selic_ny,33,-0.4386930970391392,NA,NA,NA,NA,q=5
8,5,4,expect_focus_selic_ny,34,-0.44719673208471444,NA,NA,NA,NA,q=5
8,5,4,expect_focus_selic_ny,35,-0.45442054241398366,NA,NA,NA,NA,q=5
8,5,4,expect_focus_selic_ny,36,-0.4603547939541919,NA,NA,NA,NA,q=5
8,5,4,expect_focus_selic_ny,37,-0.4649872713447686,NA,NA,NA,NA,q=5
8,5,4,expect_focus_selic_ny,38,-0.46830038574577937,NA,NA,NA,NA,q=5
8,5,4,expect_focus_selic_ny,39,-0.4702675523386668,NA,NA,NA,NA,q=5
8,5,4,expect_focus_selic_ny,40,-0.470867813873111,NA,NA,NA,NA,q=5
8,5,4,expect_focus_selic_ny,41,-0.47008739594648474,NA,NA,NA,NA,q=5
8,5,4,expect_focus_selic_ny,42,-0.46791706978302505,NA,NA,NA,NA,q=5
8,5,4,expect_focus_selic_ny,43,-0.46435709087778626,NA,NA,NA,NA,q=5
8,5,4,expect_focus_selic_ny,44,-0.4594170409771494,NA,NA,NA,NA,q=5
8,5,4,expect_focus_selic_ny,45,-0.4531140442621486,NA,NA,NA,NA,q=5
8,5,4,expect_focus_selic_ny,46,-0.4454729608041138,NA,NA,NA,NA,q=5
8,5,4,expect_focus_selic_ny,47,-0.43652632672710506,NA,NA,NA,NA,q=5
8,5,4,expect_focus_selic_ny,48,-0.42631390826045745,NA,NA,NA,NA,q=5
8,5,4,expect_focus_pib_ny,0,-0.2752990104935306,NA,NA,NA,NA,q=5
8,5,4,expect_focus_pib_ny,1,-0.2560704481989827,NA,NA,NA,NA,q=5
8,5,4,expect_focus_pib_ny,2,-0.2505905523650521,NA,NA,NA,NA,q=5
8,5,4,expect_focus_pib_ny,3,-0.26170159360341694,NA,NA,NA,NA,q=5
8,5,4,expect_focus_pib_ny,4,-0.2019793399444408,NA,NA,NA,NA,q=5
8,5,4,expect_focus_pib_ny,5,-0.17463677753660917,NA,NA,NA,NA,q=5
8,5,4,expect_focus_pib_ny,6,-0.18107215001212557,NA,NA,NA,NA,q=5
8,5,4,expect_focus_pib_ny,7,-0.1585157662957713,NA,NA,NA,NA,q=5
8,5,4,expect_focus_pib_ny,8,-0.14802788685249776,NA,NA,NA,NA,q=5
8,5,4,expect_focus_pib_ny,9,-0.13714129510330866,NA,NA,NA,NA,q=5
8,5,4,expect_focus_pib_ny,10,-0.11441926195795571,NA,NA,NA,NA,q=5
8,5,4,expect_focus_pib_ny,11,-0.09011854734731804,NA,NA,NA,NA,q=5
8,5,4,expect_focus_pib_ny,12,-0.06340703392650435,NA,NA,NA,NA,q=5
8,5,4,expect_focus_pib_ny,13,-0.03799192412298692,NA,NA,NA,NA,q=5
8,5,4,expect_focus_pib_ny,14,-0.012726322035431555,NA,NA,NA,NA,q=5
8,5,4,expect_focus_pib_ny,15,0.010189497749107568,NA,NA,NA,NA,q=5
8,5,4,expect_focus_pib_ny,16,0.029488763588440308,NA,NA,NA,NA,q=5
8,5,4,expect_focus_pib_ny,17,0.04858684999954122,NA,NA,NA,NA,q=5
8,5,4,expect_focus_pib_ny,18,0.06668464880049146,NA,NA,NA,NA,q=5
8,5,4,expect_focus_pib_ny,19,0.08329309434830155,NA,NA,NA,NA,q=5
8,5,4,expect_focus_pib_ny,20,0.09958403255265445,NA,NA,NA,NA,q=5
8,5,4,expect_focus_pib_ny,21,0.1150333806247444,NA,NA,NA,NA,q=5
8,5,4,expect_focus_pib_ny,22,0.12929487189038424,NA,NA,NA,NA,q=5
8,5,4,expect_focus_pib_ny,23,0.14247019388555338,NA,NA,NA,NA,q=5
8,5,4,expect_focus_pib_ny,24,0.1545783070900605,NA,NA,NA,NA,q=5
8,5,4,expect_focus_pib_ny,25,0.1656627469834296,NA,NA,NA,NA,q=5
8,5,4,expect_focus_pib_ny,26,0.1757715226109124,NA,NA,NA,NA,q=5
8,5,4,expect_focus_pib_ny,27,0.18507666123043176,NA,NA,NA,NA,q=5
8,5,4,expect_focus_pib_ny,28,0.19365253651666894,NA,NA,NA,NA,q=5
8,5,4,expect_focus_pib_ny,29,0.2014819704733229,NA,NA,NA,NA,q=5
8,5,4,expect_focus_pib_ny,30,0.20861431075627143,NA,NA,NA,NA,q=5
8,5,4,expect_focus_pib_ny,31,0.21505678293104669,NA,NA,NA,NA,q=5
8,5,4,expect_focus_pib_ny,32,0.22078766645178094,NA,NA,NA,NA,q=5
8,5,4,expect_focus_pib_ny,33,0.22581537407549893,NA,NA,NA,NA,q=5
8,5,4,expect_focus_pib_ny,34,0.230146971613576,NA,NA,NA,NA,q=5
8,5,4,expect_focus_pib_ny,35,0.23378336393725527,NA,NA,NA,NA,q=5
8,5,4,expect_focus_pib_ny,36,0.23672498130398556,NA,NA,NA,NA,q=5
8,5,4,expect_focus_pib_ny,37,0.23897195264374424,NA,NA,NA,NA,q=5
8,5,4,expect_focus_pib_ny,38,0.24052123102935974,NA,NA,NA,NA,q=5
8,5,4,expect_focus_pib_ny,39,0.24136548478564782,NA,NA,NA,NA,q=5
8,5,4,expect_focus_pib_ny,40,0.24150021141336284,NA,NA,NA,NA,q=5
8,5,4,expect_focus_pib_ny,41,0.24092374522711793,NA,NA,NA,NA,q=5
8,5,4,expect_focus_pib_ny,42,0.2396359778399358,NA,NA,NA,NA,q=5
8,5,4,expect_focus_pib_ny,43,0.2376412013776839,NA,NA,NA,NA,q=5
8,5,4,expect_focus_pib_ny,44,0.2349477458855559,NA,NA,NA,NA,q=5
8,5,4,expect_focus_pib_ny,45,0.2315669421526233,NA,NA,NA,NA,q=5
8,5,4,expect_focus_pib_ny,46,0.22751339937118292,NA,NA,NA,NA,q=5
8,5,4,expect_focus_pib_ny,47,0.22280494568629955,NA,NA,NA,NA,q=5
8,5,4,expect_focus_pib_ny,48,0.21746237587983813,NA,NA,NA,NA,q=5
8,5,4,expect_focus_cambio_ny,0,0.06837166171495135,NA,NA,NA,NA,q=5
8,5,4,expect_focus_cambio_ny,1,0.10339723083089838,NA,NA,NA,NA,q=5
8,5,4,expect_focus_cambio_ny,2,0.10701788930897747,NA,NA,NA,NA,q=5
8,5,4,expect_focus_cambio_ny,3,0.10684743755368496,NA,NA,NA,NA,q=5
8,5,4,expect_focus_cambio_ny,4,0.09546859256574881,NA,NA,NA,NA,q=5
8,5,4,expect_focus_cambio_ny,5,0.0709380650343268,NA,NA,NA,NA,q=5
8,5,4,expect_focus_cambio_ny,6,0.05229119343132824,NA,NA,NA,NA,q=5
8,5,4,expect_focus_cambio_ny,7,0.036760832999693474,NA,NA,NA,NA,q=5
8,5,4,expect_focus_cambio_ny,8,0.018999239137992393,NA,NA,NA,NA,q=5
8,5,4,expect_focus_cambio_ny,9,0.006442680066824018,NA,NA,NA,NA,q=5
8,5,4,expect_focus_cambio_ny,10,-0.0023380952916213877,NA,NA,NA,NA,q=5
8,5,4,expect_focus_cambio_ny,11,-0.010502441402130294,NA,NA,NA,NA,q=5
8,5,4,expect_focus_cambio_ny,12,-0.01781965620387433,NA,NA,NA,NA,q=5
8,5,4,expect_focus_cambio_ny,13,-0.022883523355460032,NA,NA,NA,NA,q=5
8,5,4,expect_focus_cambio_ny,14,-0.026416707246733208,NA,NA,NA,NA,q=5
8,5,4,expect_focus_cambio_ny,15,-0.029520719838113264,NA,NA,NA,NA,q=5
8,5,4,expect_focus_cambio_ny,16,-0.031644585910191717,NA,NA,NA,NA,q=5
8,5,4,expect_focus_cambio_ny,17,-0.03278107969133659,NA,NA,NA,NA,q=5
8,5,4,expect_focus_cambio_ny,18,-0.03359901934901383,NA,NA,NA,NA,q=5
8,5,4,expect_focus_cambio_ny,19,-0.034052502920410996,NA,NA,NA,NA,q=5
8,5,4,expect_focus_cambio_ny,20,-0.034052080507347995,NA,NA,NA,NA,q=5
8,5,4,expect_focus_cambio_ny,21,-0.033775709283819115,NA,NA,NA,NA,q=5
8,5,4,expect_focus_cambio_ny,22,-0.0332936139169215,NA,NA,NA,NA,q=5
8,5,4,expect_focus_cambio_ny,23,-0.03256915953213984,NA,NA,NA,NA,q=5
8,5,4,expect_focus_cambio_ny,24,-0.03162862505893528,NA,NA,NA,NA,q=5
8,5,4,expect_focus_cambio_ny,25,-0.03055214933123675,NA,NA,NA,NA,q=5
8,5,4,expect_focus_cambio_ny,26,-0.029360390720748867,NA,NA,NA,NA,q=5
8,5,4,expect_focus_cambio_ny,27,-0.02806004724403811,NA,NA,NA,NA,q=5
8,5,4,expect_focus_cambio_ny,28,-0.026692863213437095,NA,NA,NA,NA,q=5
8,5,4,expect_focus_cambio_ny,29,-0.025278564065215427,NA,NA,NA,NA,q=5
8,5,4,expect_focus_cambio_ny,30,-0.023817626323647673,NA,NA,NA,NA,q=5
8,5,4,expect_focus_cambio_ny,31,-0.02232099467576929,NA,NA,NA,NA,q=5
8,5,4,expect_focus_cambio_ny,32,-0.020798137522049703,NA,NA,NA,NA,q=5
8,5,4,expect_focus_cambio_ny,33,-0.01925133695235269,NA,NA,NA,NA,q=5
8,5,4,expect_focus_cambio_ny,34,-0.017684019659813453,NA,NA,NA,NA,q=5
8,5,4,expect_focus_cambio_ny,35,-0.016102182523140902,NA,NA,NA,NA,q=5
8,5,4,expect_focus_cambio_ny,36,-0.014510145800129546,NA,NA,NA,NA,q=5
8,5,4,expect_focus_cambio_ny,37,-0.012910830214428959,NA,NA,NA,NA,q=5
8,5,4,expect_focus_cambio_ny,38,-0.011308471364559921,NA,NA,NA,NA,q=5
8,5,4,expect_focus_cambio_ny,39,-0.009707402434887108,NA,NA,NA,NA,q=5
8,5,4,expect_focus_cambio_ny,40,-0.00811128048214876,NA,NA,NA,NA,q=5
8,5,4,expect_focus_cambio_ny,41,-0.006524410667787681,NA,NA,NA,NA,q=5
8,5,4,expect_focus_cambio_ny,42,-0.004951681294946086,NA,NA,NA,NA,q=5
8,5,4,expect_focus_cambio_ny,43,-0.0033979948567765157,NA,NA,NA,NA,q=5
8,5,4,expect_focus_cambio_ny,44,-0.0018684416437431347,NA,NA,NA,NA,q=5
8,5,4,expect_focus_cambio_ny,45,-3.683405946462928e-4,NA,NA,NA,NA,q=5
8,5,4,expect_focus_cambio_ny,46,0.0010970340749086888,NA,NA,NA,NA,q=5
8,5,4,expect_focus_cambio_ny,47,0.002522590013290175,NA,NA,NA,NA,q=5
8,5,4,expect_focus_cambio_ny,48,0.0039033999147245787,NA,NA,NA,NA,q=5
8,5,4,expect_focus_fiscal_dlsp_ny,0,-0.14535979247384298,NA,NA,NA,NA,q=5
8,5,4,expect_focus_fiscal_dlsp_ny,1,-0.11314418854581325,NA,NA,NA,NA,q=5
8,5,4,expect_focus_fiscal_dlsp_ny,2,-0.03451450208515044,NA,NA,NA,NA,q=5
8,5,4,expect_focus_fiscal_dlsp_ny,3,-0.032845601693151046,NA,NA,NA,NA,q=5
8,5,4,expect_focus_fiscal_dlsp_ny,4,0.011362637762189905,NA,NA,NA,NA,q=5
8,5,4,expect_focus_fiscal_dlsp_ny,5,-0.04480106398516297,NA,NA,NA,NA,q=5
8,5,4,expect_focus_fiscal_dlsp_ny,6,-0.07094328918584929,NA,NA,NA,NA,q=5
8,5,4,expect_focus_fiscal_dlsp_ny,7,-0.07748381467032373,NA,NA,NA,NA,q=5
8,5,4,expect_focus_fiscal_dlsp_ny,8,-0.09807757344572109,NA,NA,NA,NA,q=5
8,5,4,expect_focus_fiscal_dlsp_ny,9,-0.07427158505744108,NA,NA,NA,NA,q=5
8,5,4,expect_focus_fiscal_dlsp_ny,10,-0.034220115898758195,NA,NA,NA,NA,q=5
8,5,4,expect_focus_fiscal_dlsp_ny,11,0.011788371089842946,NA,NA,NA,NA,q=5
8,5,4,expect_focus_fiscal_dlsp_ny,12,0.05835261467886885,NA,NA,NA,NA,q=5
8,5,4,expect_focus_fiscal_dlsp_ny,13,0.10205832920382475,NA,NA,NA,NA,q=5
8,5,4,expect_focus_fiscal_dlsp_ny,14,0.14881394198096234,NA,NA,NA,NA,q=5
8,5,4,expect_focus_fiscal_dlsp_ny,15,0.19156099991924078,NA,NA,NA,NA,q=5
8,5,4,expect_focus_fiscal_dlsp_ny,16,0.2310539117445485,NA,NA,NA,NA,q=5
8,5,4,expect_focus_fiscal_dlsp_ny,17,0.27250834374808547,NA,NA,NA,NA,q=5
8,5,4,expect_focus_fiscal_dlsp_ny,18,0.3121786970964472,NA,NA,NA,NA,q=5
8,5,4,expect_focus_fiscal_dlsp_ny,19,0.349396320279129,NA,NA,NA,NA,q=5
8,5,4,expect_focus_fiscal_dlsp_ny,20,0.3849229328936837,NA,NA,NA,NA,q=5
8,5,4,expect_focus_fiscal_dlsp_ny,21,0.4177994967798372,NA,NA,NA,NA,q=5
8,5,4,expect_focus_fiscal_dlsp_ny,22,0.44758138710345363,NA,NA,NA,NA,q=5
8,5,4,expect_focus_fiscal_dlsp_ny,23,0.4744374713914569,NA,NA,NA,NA,q=5
8,5,4,expect_focus_fiscal_dlsp_ny,24,0.498875604409543,NA,NA,NA,NA,q=5
8,5,4,expect_focus_fiscal_dlsp_ny,25,0.5209843817326787,NA,NA,NA,NA,q=5
8,5,4,expect_focus_fiscal_dlsp_ny,26,0.5408208459796398,NA,NA,NA,NA,q=5
8,5,4,expect_focus_fiscal_dlsp_ny,27,0.5587509857777961,NA,NA,NA,NA,q=5
8,5,4,expect_focus_fiscal_dlsp_ny,28,0.57480503820331,NA,NA,NA,NA,q=5
8,5,4,expect_focus_fiscal_dlsp_ny,29,0.5889302709266498,NA,NA,NA,NA,q=5
8,5,4,expect_focus_fiscal_dlsp_ny,30,0.6012321792376136,NA,NA,NA,NA,q=5
8,5,4,expect_focus_fiscal_dlsp_ny,31,0.6117488266361607,NA,NA,NA,NA,q=5
8,5,4,expect_focus_fiscal_dlsp_ny,32,0.6204894407927857,NA,NA,NA,NA,q=5
8,5,4,expect_focus_fiscal_dlsp_ny,33,0.627496207002905,NA,NA,NA,NA,q=5
8,5,4,expect_focus_fiscal_dlsp_ny,34,0.6328068331472578,NA,NA,NA,NA,q=5
8,5,4,expect_focus_fiscal_dlsp_ny,35,0.6364300407260981,NA,NA,NA,NA,q=5
8,5,4,expect_focus_fiscal_dlsp_ny,36,0.6383550102426298,NA,NA,NA,NA,q=5
8,5,4,expect_focus_fiscal_dlsp_ny,37,0.63857317245201894,NA,NA,NA,NA,q=5
8,5,4,expect_focus_fiscal_dlsp_ny,38,0.6370665774339818,NA,NA,NA,NA,q=5
8,5,4,expect_focus_fiscal_dlsp_ny,39,0.63380986698245,NA,NA,NA,NA,q=5
8,5,4,expect_focus_fiscal_dlsp_ny,40,0.6287877538914743,NA,NA,NA,NA,q=5
8,5,4,expect_focus_fiscal_dlsp_ny,41,0.6219914181517638,NA,NA,NA,NA,q=5
8,5,4,expect_focus_fiscal_dlsp_ny,42,0.6134165849645415,NA,NA,NA,NA,q=5
8,5,4,expect_focus_fiscal_dlsp_ny,43,0.6030684302896558,NA,NA,NA,NA,q=5
8,5,4,expect_focus_fiscal_dlsp_ny,44,0.5909613700671945,NA,NA,NA,NA,q=5
8,5,4,expect_focus_fiscal_dlsp_ny,45,0.5771181077732671,NA,NA,NA,NA,q=5
8,5,4,expect_focus_fiscal_dlsp_ny,46,0.5615704696504097,NA,NA,NA,NA,q=5
8,5,4,expect_focus_fiscal_dlsp_ny,47,0.5443603884480088,NA,NA,NA,NA,q=5
8,5,4,expect_focus_fiscal_dlsp_ny,48,0.5255396654738219,NA,NA,NA,NA,q=5
8,5,4,expect_focus_fiscal_primary_balance_ny,0,-0.1132970312304921,NA,NA,NA,NA,q=5
8,5,4,expect_focus_fiscal_primary_balance_ny,1,-0.09550865097517719,NA,NA,NA,NA,q=5
8,5,4,expect_focus_fiscal_primary_balance_ny,2,-0.10431699261354384,NA,NA,NA,NA,q=5
8,5,4,expect_focus_fiscal_primary_balance_ny,3,-0.11257221235014489,NA,NA,NA,NA,q=5
8,5,4,expect_focus_fiscal_primary_balance_ny,4,-0.09315238142286245,NA,NA,NA,NA,q=5
8,5,4,expect_focus_fiscal_primary_balance_ny,5,-0.06560724942715311,NA,NA,NA,NA,q=5
8,5,4,expect_focus_fiscal_primary_balance_ny,6,-0.061700343151722285,NA,NA,NA,NA,q=5
8,5,4,expect_focus_fiscal_primary_balance_ny,7,-0.04798761429227727,NA,NA,NA,NA,q=5
8,5,4,expect_focus_fiscal_primary_balance_ny,8,-0.038374545066577545,NA,NA,NA,NA,q=5
8,5,4,expect_focus_fiscal_primary_balance_ny,9,-0.039307819079958145,NA,NA,NA,NA,q=5
8,5,4,expect_focus_fiscal_primary_balance_ny,10,-0.04063042412445522,NA,NA,NA,NA,q=5
8,5,4,expect_focus_fiscal_primary_balance_ny,11,-0.0433976496448671,NA,NA,NA,NA,q=5
8,5,4,expect_focus_fiscal_primary_balance_ny,12,-0.04475819334780967,NA,NA,NA,NA,q=5
8,5,4,expect_focus_fiscal_primary_balance_ny,13,-0.04609646653615149,NA,NA,NA,NA,q=5
8,5,4,expect_focus_fiscal_primary_balance_ny,14,-0.04755975500997421,NA,NA,NA,NA,q=5
8,5,4,expect_focus_fiscal_primary_balance_ny,15,-0.04852221677125468,NA,NA,NA,NA,q=5
8,5,4,expect_focus_fiscal_primary_balance_ny,16,-0.05019961853389107,NA,NA,NA,NA,q=5
8,5,4,expect_focus_fiscal_primary_balance_ny,17,-0.05218294338804105,NA,NA,NA,NA,q=5
8,5,4,expect_focus_fiscal_primary_balance_ny,18,-0.05407261608919304,NA,NA,NA,NA,q=5
8,5,4,expect_focus_fiscal_primary_balance_ny,19,-0.05601115487903752,NA,NA,NA,NA,q=5
8,5,4,expect_focus_fiscal_primary_balance_ny,20,-0.05760797095943484,NA,NA,NA,NA,q=5
8,5,4,expect_focus_fiscal_primary_balance_ny,21,-0.05884014863719684,NA,NA,NA,NA,q=5
8,5,4,expect_focus_fiscal_primary_balance_ny,22,-0.059724335450291946,NA,NA,NA,NA,q=5
8,5,4,expect_focus_fiscal_primary_balance_ny,23,-0.06028083742462081,NA,NA,NA,NA,q=5
8,5,4,expect_focus_fiscal_primary_balance_ny,24,-0.06063206401986367,NA,NA,NA,NA,q=5
8,5,4,expect_focus_fiscal_primary_balance_ny,25,-0.060797255084193334,NA,NA,NA,NA,q=5
8,5,4,expect_focus_fiscal_primary_balance_ny,26,-0.06081587067992163,NA,NA,NA,NA,q=5
8,5,4,expect_focus_fiscal_primary_balance_ny,27,-0.06071702836505593,NA,NA,NA,NA,q=5
8,5,4,expect_focus_fiscal_primary_balance_ny,28,-0.06048613691483305,NA,NA,NA,NA,q=5
8,5,4,expect_focus_fiscal_primary_balance_ny,29,-0.06013309399481023,NA,NA,NA,NA,q=5
8,5,4,expect_focus_fiscal_primary_balance_ny,30,-0.05966521131269824,NA,NA,NA,NA,q=5
8,5,4,expect_focus_fiscal_primary_balance_ny,31,-0.059090784520773376,NA,NA,NA,NA,q=5
8,5,4,expect_focus_fiscal_primary_balance_ny,32,-0.05842521755378334,NA,NA,NA,NA,q=5
8,5,4,expect_focus_fiscal_primary_balance_ny,33,-0.05767829674167773,NA,NA,NA,NA,q=5
8,5,4,expect_focus_fiscal_primary_balance_ny,34,-0.056858290562109226,NA,NA,NA,NA,q=5
8,5,4,expect_focus_fiscal_primary_balance_ny,35,-0.0559675338104925,NA,NA,NA,NA,q=5
8,5,4,expect_focus_fiscal_primary_balance_ny,36,-0.05500326903427747,NA,NA,NA,NA,q=5
8,5,4,expect_focus_fiscal_primary_balance_ny,37,-0.053961500873161275,NA,NA,NA,NA,q=5
8,5,4,expect_focus_fiscal_primary_balance_ny,38,-0.052835698713277646,NA,NA,NA,NA,q=5
8,5,4,expect_focus_fiscal_primary_balance_ny,39,-0.051619157658005003,NA,NA,NA,NA,q=5
8,5,4,expect_focus_fiscal_primary_balance_ny,40,-0.05030589141917235,NA,NA,NA,NA,q=5
8,5,4,expect_focus_fiscal_primary_balance_ny,41,-0.04889004309908894,NA,NA,NA,NA,q=5
8,5,4,expect_focus_fiscal_primary_balance_ny,42,-0.04736645320684496,NA,NA,NA,NA,q=5
8,5,4,expect_focus_fiscal_primary_balance_ny,43,-0.04573055397567732,NA,NA,NA,NA,q=5
8,5,4,expect_focus_fiscal_primary_balance_ny,44,-0.043978479626329135,NA,NA,NA,NA,q=5
8,5,4,expect_focus_fiscal_primary_balance_ny,45,-0.04210733360791705,NA,NA,NA,NA,q=5
8,5,4,expect_focus_fiscal_primary_balance_ny,46,-0.04011532886988452,NA,NA,NA,NA,q=5
8,5,4,expect_focus_fiscal_primary_balance_ny,47,-0.03800207459963869,NA,NA,NA,NA,q=5
8,5,4,expect_focus_fiscal_primary_balance_ny,48,-0.03576864435742141,NA,NA,NA,NA,q=5
8,5,4,expect_focus_fiscal_nominal_balance_ny,0,-0.25921622928380167,NA,NA,NA,NA,q=5
8,5,4,expect_focus_fiscal_nominal_balance_ny,1,-0.2560855673802469,NA,NA,NA,NA,q=5
8,5,4,expect_focus_fiscal_nominal_balance_ny,2,-0.25653170390298313,NA,NA,NA,NA,q=5
8,5,4,expect_focus_fiscal_nominal_balance_ny,3,-0.26576364791772805,NA,NA,NA,NA,q=5
8,5,4,expect_focus_fiscal_nominal_balance_ny,4,-0.22124788182932786,NA,NA,NA,NA,q=5
8,5,4,expect_focus_fiscal_nominal_balance_ny,5,-0.1831645665596515,NA,NA,NA,NA,q=5
8,5,4,expect_focus_fiscal_nominal_balance_ny,6,-0.1746595785998235,NA,NA,NA,NA,q=5
8,5,4,expect_focus_fiscal_nominal_balance_ny,7,-0.14758095082208708,NA,NA,NA,NA,q=5
8,5,4,expect_focus_fiscal_nominal_balance_ny,8,-0.130828191939927,NA,NA,NA,NA,q=5
8,5,4,expect_focus_fiscal_nominal_balance_ny,9,-0.11965533407295555,NA,NA,NA,NA,q=5
8,5,4,expect_focus_fiscal_nominal_balance_ny,10,-0.10533951107055173,NA,NA,NA,NA,q=5
8,5,4,expect_focus_fiscal_nominal_balance_ny,11,-0.09280950591214658,NA,NA,NA,NA,q=5
8,5,4,expect_focus_fiscal_nominal_balance_ny,12,-0.07811660678540776,NA,NA,NA,NA,q=5
8,5,4,expect_focus_fiscal_nominal_balance_ny,13,-0.06460054460821554,NA,NA,NA,NA,q=5
8,5,4,expect_focus_fiscal_nominal_balance_ny,14,-0.05170437395626934,NA,NA,NA,NA,q=5
8,5,4,expect_focus_fiscal_nominal_balance_ny,15,-0.03955886120665983,NA,NA,NA,NA,q=5
8,5,4,expect_focus_fiscal_nominal_balance_ny,16,-0.029733778750020045,NA,NA,NA,NA,q=5
8,5,4,expect_focus_fiscal_nominal_balance_ny,17,-0.02038165623672734,NA,NA,NA,NA,q=5
8,5,4,expect_focus_fiscal_nominal_balance_ny,18,-0.01162230507950108,NA,NA,NA,NA,q=5
8,5,4,expect_focus_fiscal_nominal_balance_ny,19,-0.0037305925799987994,NA,NA,NA,NA,q=5
8,5,4,expect_focus_fiscal_nominal_balance_ny,20,0.004095675918581723,NA,NA,NA,NA,q=5
8,5,4,expect_focus_fiscal_nominal_balance_ny,21,0.011621340299881164,NA,NA,NA,NA,q=5
8,5,4,expect_focus_fiscal_nominal_balance_ny,22,0.018756960373948823,NA,NA,NA,NA,q=5
8,5,4,expect_focus_fiscal_nominal_balance_ny,23,0.025553036656005772,NA,NA,NA,NA,q=5
8,5,4,expect_focus_fiscal_nominal_balance_ny,24,0.031938550948410874,NA,NA,NA,NA,q=5
8,5,4,expect_focus_fiscal_nominal_balance_ny,25,0.037952700581143646,NA,NA,NA,NA,q=5
8,5,4,expect_focus_fiscal_nominal_balance_ny,26,0.043595145803347515,NA,NA,NA,NA,q=5
8,5,4,expect_focus_fiscal_nominal_balance_ny,27,0.04892565583844479,NA,NA,NA,NA,q=5
8,5,4,expect_focus_fiscal_nominal_balance_ny,28,0.05399411823355319,NA,NA,NA,NA,q=5
8,5,4,expect_focus_fiscal_nominal_balance_ny,29,0.058788259233478676,NA,NA,NA,NA,q=5
8,5,4,expect_focus_fiscal_nominal_balance_ny,30,0.06332734759522525,NA,NA,NA,NA,q=5
8,5,4,expect_focus_fiscal_nominal_balance_ny,31,0.06760835857108544,NA,NA,NA,NA,q=5
8,5,4,expect_focus_fiscal_nominal_balance_ny,32,0.07161040970114183,NA,NA,NA,NA,q=5
8,5,4,expect_focus_fiscal_nominal_balance_ny,33,0.07532852100375795,NA,NA,NA,NA,q=5
8,5,4,expect_focus_fiscal_nominal_balance_ny,34,0.07875552718270801,NA,NA,NA,NA,q=5
8,5,4,expect_focus_fiscal_nominal_balance_ny,35,0.08188590661602371,NA,NA,NA,NA,q=5
8,5,4,expect_focus_fiscal_nominal_balance_ny,36,0.08471693162198875,NA,NA,NA,NA,q=5
8,5,4,expect_focus_fiscal_nominal_balance_ny,37,0.08724615723245564,NA,NA,NA,NA,q=5
8,5,4,expect_focus_fiscal_nominal_balance_ny,38,0.08947211622812117,NA,NA,NA,NA,q=5
8,5,4,expect_focus_fiscal_nominal_balance_ny,39,0.09139194304250632,NA,NA,NA,NA,q=5
8,5,4,expect_focus_fiscal_nominal_balance_ny,40,0.0930040132501328,NA,NA,NA,NA,q=5
8,5,4,expect_focus_fiscal_nominal_balance_ny,41,0.09430844640625985,NA,NA,NA,NA,q=5
8,5,4,expect_focus_fiscal_nominal_balance_ny,42,0.09530614434113885,NA,NA,NA,NA,q=5
8,5,4,expect_focus_fiscal_nominal_balance_ny,43,0.09600017293105025,NA,NA,NA,NA,q=5
8,5,4,expect_focus_fiscal_nominal_balance_ny,44,0.09639546294894309,NA,NA,NA,NA,q=5
8,5,4,expect_focus_fiscal_nominal_balance_ny,45,0.09649821396885656,NA,NA,NA,NA,q=5
8,5,4,expect_focus_fiscal_nominal_balance_ny,46,0.09631591112630336,NA,NA,NA,NA,q=5
8,5,4,expect_focus_fiscal_nominal_balance_ny,47,0.09585702237903837,NA,NA,NA,NA,q=5
8,5,4,expect_focus_fiscal_nominal_balance_ny,48,0.0951308128751155,NA,NA,NA,NA,q=5
8,4,4,yield_6m,0,0.005,NA,NA,NA,NA,q=4
8,4,4,yield_6m,1,0.005665654041721876,NA,NA,NA,NA,q=4
8,4,4,yield_6m,2,0.006250611130578969,NA,NA,NA,NA,q=4
8,4,4,yield_6m,3,0.006389434793913319,NA,NA,NA,NA,q=4
8,4,4,yield_6m,4,0.005778113546790724,NA,NA,NA,NA,q=4
8,4,4,yield_6m,5,0.005251255004790888,NA,NA,NA,NA,q=4
8,4,4,yield_6m,6,0.004812820202900552,NA,NA,NA,NA,q=4
8,4,4,yield_6m,7,0.004152827120338902,NA,NA,NA,NA,q=4
8,4,4,yield_6m,8,0.003496337161453418,NA,NA,NA,NA,q=4
8,4,4,yield_6m,9,0.002799225012985691,NA,NA,NA,NA,q=4
8,4,4,yield_6m,10,0.0020734397475991417,NA,NA,NA,NA,q=4
8,4,4,yield_6m,11,0.0013220792993010458,NA,NA,NA,NA,q=4
8,4,4,yield_6m,12,5.55000610537752e-4,NA,NA,NA,NA,q=4
8,4,4,yield_6m,13,-1.3679408891328237e-4,NA,NA,NA,NA,q=4
8,4,4,yield_6m,14,-7.978081166497114e-4,NA,NA,NA,NA,q=4
8,4,4,yield_6m,15,-0.0014175525524550365,NA,NA,NA,NA,q=4
8,4,4,yield_6m,16,-0.0019710474872617297,NA,NA,NA,NA,q=4
8,4,4,yield_6m,17,-0.0024877281916011796,NA,NA,NA,NA,q=4
8,4,4,yield_6m,18,-0.002969378329868573,NA,NA,NA,NA,q=4
8,4,4,yield_6m,19,-0.0034093093575189954,NA,NA,NA,NA,q=4
8,4,4,yield_6m,20,-0.0038122536149209937,NA,NA,NA,NA,q=4
8,4,4,yield_6m,21,-0.004178135138065441,NA,NA,NA,NA,q=4
8,4,4,yield_6m,22,-0.004506674178524458,NA,NA,NA,NA,q=4
8,4,4,yield_6m,23,-0.004797645614831175,NA,NA,NA,NA,q=4
8,4,4,yield_6m,24,-0.005054204116061985,NA,NA,NA,NA,q=4
8,4,4,yield_6m,25,-0.005280020119673949,NA,NA,NA,NA,q=4
8,4,4,yield_6m,26,-0.005476703976895187,NA,NA,NA,NA,q=4
8,4,4,yield_6m,27,-0.0056473312505377375,NA,NA,NA,NA,q=4
8,4,4,yield_6m,28,-0.005794511891714263,NA,NA,NA,NA,q=4
8,4,4,yield_6m,29,-0.005919400691859575,NA,NA,NA,NA,q=4
8,4,4,yield_6m,30,-0.006023327510933429,NA,NA,NA,NA,q=4
8,4,4,yield_6m,31,-0.006107427332280918,NA,NA,NA,NA,q=4
8,4,4,yield_6m,32,-0.006172462153293053,NA,NA,NA,NA,q=4
8,4,4,yield_6m,33,-0.0062190952231351805,NA,NA,NA,NA,q=4
8,4,4,yield_6m,34,-0.006247923580440645,NA,NA,NA,NA,q=4
8,4,4,yield_6m,35,-0.006259436511529972,NA,NA,NA,NA,q=4
8,4,4,yield_6m,36,-0.006253927245341996,NA,NA,NA,NA,q=4
8,4,4,yield_6m,37,-0.00623160261564029,NA,NA,NA,NA,q=4
8,4,4,yield_6m,38,-0.0061926257361091495,NA,NA,NA,NA,q=4
8,4,4,yield_6m,39,-0.006137081558739842,NA,NA,NA,NA,q=4
8,4,4,yield_6m,40,-0.006065059190301191,NA,NA,NA,NA,q=4
8,4,4,yield_6m,41,-0.00597669317688299,NA,NA,NA,NA,q=4
8,4,4,yield_6m,42,-0.005872159665562153,NA,NA,NA,NA,q=4
8,4,4,yield_6m,43,-0.005751697836330115,NA,NA,NA,NA,q=4
8,4,4,yield_6m,44,-0.0056156215797132985,NA,NA,NA,NA,q=4
8,4,4,yield_6m,45,-0.0054643196739701085,NA,NA,NA,NA,q=4
8,4,4,yield_6m,46,-0.005298254775568628,NA,NA,NA,NA,q=4
8,4,4,yield_6m,47,-0.005117964901542671,NA,NA,NA,NA,q=4
8,4,4,yield_6m,48,-0.004924063566061629,NA,NA,NA,NA,q=4
8,4,4,yield_2y,0,0.009133695656525453,NA,NA,NA,NA,q=4
8,4,4,yield_2y,1,0.010462560621198231,NA,NA,NA,NA,q=4
8,4,4,yield_2y,2,0.01027277310875504,NA,NA,NA,NA,q=4
8,4,4,yield_2y,3,0.010415830495021825,NA,NA,NA,NA,q=4
8,4,4,yield_2y,4,0.0092016688366712545,NA,NA,NA,NA,q=4
8,4,4,yield_2y,5,0.007951624013422573,NA,NA,NA,NA,q=4
8,4,4,yield_2y,6,0.006936621617276416,NA,NA,NA,NA,q=4
8,4,4,yield_2y,7,0.005854158846796723,NA,NA,NA,NA,q=4
8,4,4,yield_2y,8,0.004807586959052242,NA,NA,NA,NA,q=4
8,4,4,yield_2y,9,0.0037587490836226245,NA,NA,NA,NA,q=4
8,4,4,yield_2y,10,0.0028778051332792767,NA,NA,NA,NA,q=4
8,4,4,yield_2y,11,0.0020040091411057293,NA,NA,NA,NA,q=4
8,4,4,yield_2y,12,0.0011299837810285237,NA,NA,NA,NA,q=4
8,4,4,yield_2y,13,4.269277160838993e-4,NA,NA,NA,NA,q=4
8,4,4,yield_2y,14,-2.2570061323102343e-4,NA,NA,NA,NA,q=4
8,4,4,yield_2y,15,-8.395176975858534e-4,NA,NA,NA,NA,q=4
8,4,4,yield_2y,16,-0.0013587325016412737,NA,NA,NA,NA,q=4
8,4,4,yield_2y,17,-0.0018289754951493003,NA,NA,NA,NA,q=4
8,4,4,yield_2y,18,-0.0022626216979581364,NA,NA,NA,NA,q=4
8,4,4,yield_2y,19,-0.0026481459279865537,NA,NA,NA,NA,q=4
8,4,4,yield_2y,20,-0.0029885160923656083,NA,NA,NA,NA,q=4
8,4,4,yield_2y,21,-0.003289904190676417,NA,NA,NA,NA,q=4
8,4,4,yield_2y,22,-0.0035554372306246364,NA,NA,NA,NA,q=4
8,4,4,yield_2y,23,-0.0037829319016143893,NA,NA,NA,NA,q=4
8,4,4,yield_2y,24,-0.003978228662354436,NA,NA,NA,NA,q=4
8,4,4,yield_2y,25,-0.004147696643728831,NA,NA,NA,NA,q=4
8,4,4,yield_2y,26,-0.004292018871131884,NA,NA,NA,NA,q=4
8,4,4,yield_2y,27,-0.004414627154140931,NA,NA,NA,NA,q=4
8,4,4,yield_2y,28,-0.004519004647738969,NA,NA,NA,NA,q=4
8,4,4,yield_2y,29,-0.004606083164825077,NA,NA,NA,NA,q=4
8,4,4,yield_2y,30,-0.004676990845048742,NA,NA,NA,NA,q=4
8,4,4,yield_2y,31,-0.004732979577422385,NA,NA,NA,NA,q=4
8,4,4,yield_2y,32,-0.004774804332609399,NA,NA,NA,NA,q=4
8,4,4,yield_2y,33,-0.004802886353547197,NA,NA,NA,NA,q=4
8,4,4,yield_2y,34,-0.004817661371788225,NA,NA,NA,NA,q=4
8,4,4,yield_2y,35,-0.004819531844992029,NA,NA,NA,NA,q=4
8,4,4,yield_2y,36,-0.0048085880508478285,NA,NA,NA,NA,q=4
8,4,4,yield_2y,37,-0.004784859075467306,NA,NA,NA,NA,q=4
8,4,4,yield_2y,38,-0.004748413349355858,NA,NA,NA,NA,q=4
8,4,4,yield_2y,39,-0.004699235465906536,NA,NA,NA,NA,q=4
8,4,4,yield_2y,40,-0.004637328715853378,NA,NA,NA,NA,q=4
8,4,4,yield_2y,41,-0.004562782016461342,NA,NA,NA,NA,q=4
8,4,4,yield_2y,42,-0.004475741389019488,NA,NA,NA,NA,q=4
8,4,4,yield_2y,43,-0.004376418266489249,NA,NA,NA,NA,q=4
8,4,4,yield_2y,44,-0.004265106506682949,NA,NA,NA,NA,q=4
8,4,4,yield_2y,45,-0.004142180935832612,NA,NA,NA,NA,q=4
8,4,4,yield_2y,46,-0.00400808487838654,NA,NA,NA,NA,q=4
8,4,4,yield_2y,47,-0.003863329295868487,NA,NA,NA,NA,q=4
8,4,4,yield_2y,48,-0.0037084932995747645,NA,NA,NA,NA,q=4
8,4,4,yield_5y,0,0.00919790143095228,NA,NA,NA,NA,q=4
8,4,4,yield_5y,1,0.01045021655264239,NA,NA,NA,NA,q=4
8,4,4,yield_5y,2,0.009648393493957469,NA,NA,NA,NA,q=4
8,4,4,yield_5y,3,0.009895969968149574,NA,NA,NA,NA,q=4
8,4,4,yield_5y,4,0.008610634245225216,NA,NA,NA,NA,q=4
8,4,4,yield_5y,5,0.007179579145592905,NA,NA,NA,NA,q=4
8,4,4,yield_5y,6,0.00608598062659093,NA,NA,NA,NA,q=4
8,4,4,yield_5y,7,0.0050770441229630635,NA,NA,NA,NA,q=4
8,4,4,yield_5y,8,0.004065086883417833,NA,NA,NA,NA,q=4
8,4,4,yield_5y,9,0.003059326710793714,NA,NA,NA,NA,q=4
8,4,4,yield_5y,10,0.0023151662287972433,NA,NA,NA,NA,q=4
8,4,4,yield_5y,11,0.0015428950393923525,NA,NA,NA,NA,q=4
8,4,4,yield_5y,12,7.606887252912015e-4,NA,NA,NA,NA,q=4
8,4,4,yield_5y,13,1.8450645482445758e-4,NA,NA,NA,NA,q=4
8,4,4,yield_5y,14,-3.431580665823602e-4,NA,NA,NA,NA,q=4
8,4,4,yield_5y,15,-8.447607351971679e-4,NA,NA,NA,NA,q=4
8,4,4,yield_5y,16,-0.0012475056348020242,NA,NA,NA,NA,q=4
8,4,4,yield_5y,17,-0.0015996122367394653,NA,NA,NA,NA,q=4
8,4,4,yield_5y,18,-0.0019234371292408958,NA,NA,NA,NA,q=4
8,4,4,yield_5y,19,-0.002205997872879222,NA,NA,NA,NA,q=4
8,4,4,yield_5y,20,-0.002445451408185981,NA,NA,NA,NA,q=4
8,4,4,yield_5y,21,-0.0026521926414313267,NA,NA,NA,NA,q=4
8,4,4,yield_5y,22,-0.0028304153153160807,NA,NA,NA,NA,q=4
8,4,4,yield_5y,23,-0.0029749640238964136,NA,NA,NA,NA,q=4
8,4,4,yield_5y,24,-0.0030924167359151866,NA,NA,NA,NA,q=4
8,4,4,yield_5y,25,-0.0031900254834086005,NA,NA,NA,NA,q=4
8,4,4,yield_5y,26,-0.0032675264020502843,NA,NA,NA,NA,q=4
8,4,4,yield_5y,27,-0.003328050102037371,NA,NA,NA,NA,q=4
8,4,4,yield_5y,28,-0.0033753429170864215,NA,NA,NA,NA,q=4
8,4,4,yield_5y,29,-0.0034101638435851452,NA,NA,NA,NA,q=4
8,4,4,yield_5y,30,-0.0034332746050481904,NA,NA,NA,NA,q=4
8,4,4,yield_5y,31,-0.003445892243412284,NA,NA,NA,NA,q=4
8,4,4,yield_5y,32,-0.0034487835969158076,NA,NA,NA,NA,q=4
8,4,4,yield_5y,33,-0.0034422116736705466,NA,NA,NA,NA,q=4
8,4,4,yield_5y,34,-0.00342657137110492,NA,NA,NA,NA,q=4
8,4,4,yield_5y,35,-0.003402318156261237,NA,NA,NA,NA,q=4
8,4,4,yield_5y,36,-0.0033695351275309904,NA,NA,NA,NA,q=4
8,4,4,yield_5y,37,-0.0033282563363835754,NA,NA,NA,NA,q=4
8,4,4,yield_5y,38,-0.0032785959653387517,NA,NA,NA,NA,q=4
8,4,4,yield_5y,39,-0.0032205722698527566,NA,NA,NA,NA,q=4
8,4,4,yield_5y,40,-0.003154205547428239,NA,NA,NA,NA,q=4
8,4,4,yield_5y,41,-0.0030796038266166204,NA,NA,NA,NA,q=4
8,4,4,yield_5y,42,-0.002996925726745082,NA,NA,NA,NA,q=4
8,4,4,yield_5y,43,-0.0029063739333126744,NA,NA,NA,NA,q=4
8,4,4,yield_5y,44,-0.002808217156802918,NA,NA,NA,NA,q=4
8,4,4,yield_5y,45,-0.002702790533599483,NA,NA,NA,NA,q=4
8,4,4,yield_5y,46,-0.0025904757027756164,NA,NA,NA,NA,q=4
8,4,4,yield_5y,47,-0.0024717002212472383,NA,NA,NA,NA,q=4
8,4,4,yield_5y,48,-0.0023469409444738347,NA,NA,NA,NA,q=4
8,4,4,cambio_usd,0,0.10812834759872526,NA,NA,NA,NA,q=4
8,4,4,cambio_usd,1,0.16872758346568023,NA,NA,NA,NA,q=4
8,4,4,cambio_usd,2,0.15782836751080281,NA,NA,NA,NA,q=4
8,4,4,cambio_usd,3,0.1620916258701837,NA,NA,NA,NA,q=4
8,4,4,cambio_usd,4,0.13529017569866467,NA,NA,NA,NA,q=4
8,4,4,cambio_usd,5,0.09381518468639827,NA,NA,NA,NA,q=4
8,4,4,cambio_usd,6,0.06960151123631172,NA,NA,NA,NA,q=4
8,4,4,cambio_usd,7,0.05105383737296846,NA,NA,NA,NA,q=4
8,4,4,cambio_usd,8,0.029405533392523785,NA,NA,NA,NA,q=4
8,4,4,cambio_usd,9,0.015222063714161876,NA,NA,NA,NA,q=4
8,4,4,cambio_usd,10,0.005580469568931716,NA,NA,NA,NA,q=4
8,4,4,cambio_usd,11,-0.004902065495051379,NA,NA,NA,NA,q=4
8,4,4,cambio_usd,12,-0.014869636873685277,NA,NA,NA,NA,q=4
8,4,4,cambio_usd,13,-0.020788795283358828,NA,NA,NA,NA,q=4
8,4,4,cambio_usd,14,-0.024256611890621532,NA,NA,NA,NA,q=4
8,4,4,cambio_usd,15,-0.026836934718827782,NA,NA,NA,NA,q=4
8,4,4,cambio_usd,16,-0.027421185566329533,NA,NA,NA,NA,q=4
8,4,4,cambio_usd,17,-0.02656691827208288,NA,NA,NA,NA,q=4
8,4,4,cambio_usd,18,-0.02545381764333698,NA,NA,NA,NA,q=4
8,4,4,cambio_usd,19,-0.023976722109094212,NA,NA,NA,NA,q=4
8,4,4,cambio_usd,20,-0.02204435632496111,NA,NA,NA,NA,q=4
8,4,4,cambio_usd,21,-0.019892936248027345,NA,NA,NA,NA,q=4
8,4,4,cambio_usd,22,-0.01756219135795452,NA,NA,NA,NA,q=4
8,4,4,cambio_usd,23,-0.014944512367756815,NA,NA,NA,NA,q=4
8,4,4,cambio_usd,24,-0.012090216047304621,NA,NA,NA,NA,q=4
8,4,4,cambio_usd,25,-0.009147369182344926,NA,NA,NA,NA,q=4
8,4,4,cambio_usd,26,-0.006155074656149101,NA,NA,NA,NA,q=4
8,4,4,cambio_usd,27,-0.0031503460808182076,NA,NA,NA,NA,q=4
8,4,4,cambio_usd,28,-2.1392971405335607e-4,NA,NA,NA,NA,q=4
8,4,4,cambio_usd,29,0.0026281360297778565,NA,NA,NA,NA,q=4
8,4,4,cambio_usd,30,0.005378189831105266,NA,NA,NA,NA,q=4
8,4,4,cambio_usd,31,0.00802341450362994,NA,NA,NA,NA,q=4
8,4,4,cambio_usd,32,0.010554792144464432,NA,NA,NA,NA,q=4
8,4,4,cambio_usd,33,0.012971919296228807,NA,NA,NA,NA,q=4
8,4,4,cambio_usd,34,0.015270252490483565,NA,NA,NA,NA,q=4
8,4,4,cambio_usd,35,0.017440781198639226,NA,NA,NA,NA,q=4
8,4,4,cambio_usd,36,0.01947864215096334,NA,NA,NA,NA,q=4
8,4,4,cambio_usd,37,0.021382110503389354,NA,NA,NA,NA,q=4
8,4,4,cambio_usd,38,0.023148457791690946,NA,NA,NA,NA,q=4
8,4,4,cambio_usd,39,0.02477636424483788,NA,NA,NA,NA,q=4
8,4,4,cambio_usd,40,0.02626611527698236,NA,NA,NA,NA,q=4
8,4,4,cambio_usd,41,0.02761711243745108,NA,NA,NA,NA,q=4
8,4,4,cambio_usd,42,0.028828096636211387,NA,NA,NA,NA,q=4
8,4,4,cambio_usd,43,0.02989789092836978,NA,NA,NA,NA,q=4
8,4,4,cambio_usd,44,0.030825131186198222,NA,NA,NA,NA,q=4
8,4,4,cambio_usd,45,0.031608311483667384,NA,NA,NA,NA,q=4
8,4,4,cambio_usd,46,0.03224626004362597,NA,NA,NA,NA,q=4
8,4,4,cambio_usd,47,0.03273830316689129,NA,NA,NA,NA,q=4
8,4,4,cambio_usd,48,0.03308415996261204,NA,NA,NA,NA,q=4
8,4,4,embi_perc,0,0.21970238420118,NA,NA,NA,NA,q=4
8,4,4,embi_perc,1,0.24505064837760443,NA,NA,NA,NA,q=4
8,4,4,embi_perc,2,0.18233889707802764,NA,NA,NA,NA,q=4
8,4,4,embi_perc,3,0.20624266688304707,NA,NA,NA,NA,q=4
8,4,4,embi_perc,4,0.16881383868797328,NA,NA,NA,NA,q=4
8,4,4,embi_perc,5,0.11492247722263361,NA,NA,NA,NA,q=4
8,4,4,embi_perc,6,0.0825303432397407,NA,NA,NA,NA,q=4
8,4,4,embi_perc,7,0.06112585349140618,NA,NA,NA,NA,q=4
8,4,4,embi_perc,8,0.039810549631729454,NA,NA,NA,NA,q=4
8,4,4,embi_perc,9,0.016307644545875657,NA,NA,NA,NA,q=4
8,4,4,embi_perc,10,0.004862390117459878,NA,NA,NA,NA,q=4
8,4,4,embi_perc,11,-0.011181031262875616,NA,NA,NA,NA,q=4
8,4,4,embi_perc,12,-0.030688970583416065,NA,NA,NA,NA,q=4
8,4,4,embi_perc,13,-0.04301933364749568,NA,NA,NA,NA,q=4
8,4,4,embi_perc,14,-0.05403714907348415,NA,NA,NA,NA,q=4
8,4,4,embi_perc,15,-0.06537261103873869,NA,NA,NA,NA,q=4
8,4,4,embi_perc,16,-0.07348777831751221,NA,NA,NA,NA,q=4
8,4,4,embi_perc,17,-0.0798930721334325,NA,NA,NA,NA,q=4
8,4,4,embi_perc,18,-0.08593310705263774,NA,NA,NA,NA,q=4
8,4,4,embi_perc,19,-0.0913365673187304,NA,NA,NA,NA,q=4
8,4,4,embi_perc,20,-0.09571363675623745,NA,NA,NA,NA,q=4
8,4,4,embi_perc,21,-0.09946070541263238,NA,NA,NA,NA,q=4
8,4,4,embi_perc,22,-0.10276882762059616,NA,NA,NA,NA,q=4
8,4,4,embi_perc,23,-0.1052169352951632,NA,NA,NA,NA,q=4
8,4,4,embi_perc,24,-0.10692260649335883,NA,NA,NA,NA,q=4
8,4,4,embi_perc,25,-0.10815045838201788,NA,NA,NA,NA,q=4
8,4,4,embi_perc,26,-0.10883438491459968,NA,NA,NA,NA,q=4
8,4,4,embi_perc,27,-0.10903652073461523,NA,NA,NA,NA,q=4
8,4,4,embi_perc,28,-0.10889171989357714,NA,NA,NA,NA,q=4
8,4,4,embi_perc,29,-0.10842252280800883,NA,NA,NA,NA,q=4
8,4,4,embi_perc,30,-0.10763030325121989,NA,NA,NA,NA,q=4
8,4,4,embi_perc,31,-0.10654463932725385,NA,NA,NA,NA,q=4
8,4,4,embi_perc,32,-0.10519180439203343,NA,NA,NA,NA,q=4
8,4,4,embi_perc,33,-0.10357513386233118,NA,NA,NA,NA,q=4
8,4,4,embi_perc,34,-0.10170751795352657,NA,NA,NA,NA,q=4
8,4,4,embi_perc,35,-0.09961405641699894,NA,NA,NA,NA,q=4
8,4,4,embi_perc,36,-0.09730676015506895,NA,NA,NA,NA,q=4
8,4,4,embi_perc,37,-0.09479486258184217,NA,NA,NA,NA,q=4
8,4,4,embi_perc,38,-0.09209186454860475,NA,NA,NA,NA,q=4
8,4,4,embi_perc,39,-0.08920697561371121,NA,NA,NA,NA,q=4
8,4,4,embi_perc,40,-0.08614712036823864,NA,NA,NA,NA,q=4
8,4,4,embi_perc,41,-0.08292108082239344,NA,NA,NA,NA,q=4
8,4,4,embi_perc,42,-0.07953853336146993,NA,NA,NA,NA,q=4
8,4,4,embi_perc,43,-0.07600906300701843,NA,NA,NA,NA,q=4
8,4,4,embi_perc,44,-0.07234298542662139,NA,NA,NA,NA,q=4
8,4,4,embi_perc,45,-0.06855170558747946,NA,NA,NA,NA,q=4
8,4,4,embi_perc,46,-0.06464676472512654,NA,NA,NA,NA,q=4
8,4,4,embi_perc,47,-0.06063976413465076,NA,NA,NA,NA,q=4
8,4,4,embi_perc,48,-0.05654278336134625,NA,NA,NA,NA,q=4
8,4,4,cds_5y,0,29.821754063410914,NA,NA,NA,NA,q=4
8,4,4,cds_5y,1,34.486194427931174,NA,NA,NA,NA,q=4
8,4,4,cds_5y,2,28.196211289454833,NA,NA,NA,NA,q=4
8,4,4,cds_5y,3,30.62960963840036,NA,NA,NA,NA,q=4
8,4,4,cds_5y,4,25.61773249179472,NA,NA,NA,NA,q=4
8,4,4,cds_5y,5,18.808623598312256,NA,NA,NA,NA,q=4
8,4,4,cds_5y,6,14.895668498897292,NA,NA,NA,NA,q=4
8,4,4,cds_5y,7,12.03542933661813,NA,NA,NA,NA,q=4
8,4,4,cds_5y,8,9.121465334728704,NA,NA,NA,NA,q=4
8,4,4,cds_5y,9,6.251695291376762,NA,NA,NA,NA,q=4
8,4,4,cds_5y,10,4.595116696905799,NA,NA,NA,NA,q=4
8,4,4,cds_5y,11,2.463391194975053,NA,NA,NA,NA,q=4
8,4,4,cds_5y,12,0.002014849151621248,NA,NA,NA,NA,q=4
8,4,4,cds_5y,13,-1.6046316057746,NA,NA,NA,NA,q=4
8,4,4,cds_5y,14,-2.990895322775877,NA,NA,NA,NA,q=4
8,4,4,cds_5y,15,-4.349761298304398,NA,NA,NA,NA,q=4
8,4,4,cds_5y,16,-5.29530479768222,NA,NA,NA,NA,q=4
8,4,4,cds_5y,17,-6.020675070034253,NA,NA,NA,NA,q=4
8,4,4,cds_5y,18,-6.692829449537303,NA,NA,NA,NA,q=4
8,4,4,cds_5y,19,-7.276937221257603,NA,NA,NA,NA,q=4
8,4,4,cds_5y,20,-7.742351219682286,NA,NA,NA,NA,q=4
8,4,4,cds_5y,21,-8.133436124111537,NA,NA,NA,NA,q=4
8,4,4,cds_5y,22,-8.467882352774938,NA,NA,NA,NA,q=4
8,4,4,cds_5y,23,-8.703547683954048,NA,NA,NA,NA,q=4
8,4,4,cds_5y,24,-8.855675280787041,NA,NA,NA,NA,q=4
8,4,4,cds_5y,25,-8.956439657189788,NA,NA,NA,NA,q=4
8,4,4,cds_5y,26,-9.002145911223812,NA,NA,NA,NA,q=4
8,4,4,cds_5y,27,-9.002281261012758,NA,NA,NA,NA,q=4
8,4,4,cds_5y,28,-8.973774305197843,NA,NA,NA,NA,q=4
8,4,4,cds_5y,29,-8.91981018594502,NA,NA,NA,NA,q=4
8,4,4,cds_5y,30,-8.840962842801261,NA,NA,NA,NA,q=4
8,4,4,cds_5y,31,-8.740669033020954,NA,NA,NA,NA,q=4
8,4,4,cds_5y,32,-8.621520135414318,NA,NA,NA,NA,q=4
8,4,4,cds_5y,33,-8.483728941580168,NA,NA,NA,NA,q=4
8,4,4,cds_5y,34,-8.328512744665142,NA,NA,NA,NA,q=4
8,4,4,cds_5y,35,-8.158269045584223,NA,NA,NA,NA,q=4
8,4,4,cds_5y,36,-7.973906495463438,NA,NA,NA,NA,q=4
8,4,4,cds_5y,37,-7.775919016362181,NA,NA,NA,NA,q=4
8,4,4,cds_5y,38,-7.565190236326227,NA,NA,NA,NA,q=4
8,4,4,cds_5y,39,-7.34208773085302,NA,NA,NA,NA,q=4
8,4,4,cds_5y,40,-7.106724328267317,NA,NA,NA,NA,q=4
8,4,4,cds_5y,41,-6.859453574655982,NA,NA,NA,NA,q=4
8,4,4,cds_5y,42,-6.600760146748911,NA,NA,NA,NA,q=4
8,4,4,cds_5y,43,-6.331164907604439,NA,NA,NA,NA,q=4
8,4,4,cds_5y,44,-6.051315598547184,NA,NA,NA,NA,q=4
8,4,4,cds_5y,45,-5.762011494486388,NA,NA,NA,NA,q=4
8,4,4,cds_5y,46,-5.464097266715364,NA,NA,NA,NA,q=4
8,4,4,cds_5y,47,-5.158450913485465,NA,NA,NA,NA,q=4
8,4,4,cds_5y,48,-4.846024921287672,NA,NA,NA,NA,q=4
8,4,4,expect_focus_ipca12m,0,0.08868304738024682,NA,NA,NA,NA,q=4
8,4,4,expect_focus_ipca12m,1,0.14305490878014332,NA,NA,NA,NA,q=4
8,4,4,expect_focus_ipca12m,2,0.1815662037000445,NA,NA,NA,NA,q=4
8,4,4,expect_focus_ipca12m,3,0.16660934393017482,NA,NA,NA,NA,q=4
8,4,4,expect_focus_ipca12m,4,0.15845547206823649,NA,NA,NA,NA,q=4
8,4,4,expect_focus_ipca12m,5,0.14755463765893087,NA,NA,NA,NA,q=4
8,4,4,expect_focus_ipca12m,6,0.11713737653676798,NA,NA,NA,NA,q=4
8,4,4,expect_focus_ipca12m,7,0.08648659082382493,NA,NA,NA,NA,q=4
8,4,4,expect_focus_ipca12m,8,0.05121178634289875,NA,NA,NA,NA,q=4
8,4,4,expect_focus_ipca12m,9,0.018467458617924364,NA,NA,NA,NA,q=4
8,4,4,expect_focus_ipca12m,10,-0.009941554353795441,NA,NA,NA,NA,q=4
8,4,4,expect_focus_ipca12m,11,-0.03481625099375054,NA,NA,NA,NA,q=4
8,4,4,expect_focus_ipca12m,12,-0.05518668793019321,NA,NA,NA,NA,q=4
8,4,4,expect_focus_ipca12m,13,-0.0726268049655247,NA,NA,NA,NA,q=4
8,4,4,expect_focus_ipca12m,14,-0.08858057226026386,NA,NA,NA,NA,q=4
8,4,4,expect_focus_ipca12m,15,-0.10316849174526745,NA,NA,NA,NA,q=4
8,4,4,expect_focus_ipca12m,16,-0.11681058446410773,NA,NA,NA,NA,q=4
8,4,4,expect_focus_ipca12m,17,-0.1292704652798104,NA,NA,NA,NA,q=4
8,4,4,expect_focus_ipca12m,18,-0.14048837120905508,NA,NA,NA,NA,q=4
8,4,4,expect_focus_ipca12m,19,-0.15022680911992262,NA,NA,NA,NA,q=4
8,4,4,expect_focus_ipca12m,20,-0.15837190998758321,NA,NA,NA,NA,q=4
8,4,4,expect_focus_ipca12m,21,-0.1651665790285055,NA,NA,NA,NA,q=4
8,4,4,expect_focus_ipca12m,22,-0.17071490949364676,NA,NA,NA,NA,q=4
8,4,4,expect_focus_ipca12m,23,-0.17515214281033234,NA,NA,NA,NA,q=4
8,4,4,expect_focus_ipca12m,24,-0.1786783193781249,NA,NA,NA,NA,q=4
8,4,4,expect_focus_ipca12m,25,-0.18137810680166375,NA,NA,NA,NA,q=4
8,4,4,expect_focus_ipca12m,26,-0.18330377721311297,NA,NA,NA,NA,q=4
8,4,4,expect_focus_ipca12m,27,-0.18450455732737728,NA,NA,NA,NA,q=4
8,4,4,expect_focus_ipca12m,28,-0.18501909523315058,NA,NA,NA,NA,q=4
8,4,4,expect_focus_ipca12m,29,-0.18488374359361295,NA,NA,NA,NA,q=4
8,4,4,expect_focus_ipca12m,30,-0.18413551969914946,NA,NA,NA,NA,q=4
8,4,4,expect_focus_ipca12m,31,-0.1828196967595466,NA,NA,NA,NA,q=4
8,4,4,expect_focus_ipca12m,32,-0.18097319161685532,NA,NA,NA,NA,q=4
8,4,4,expect_focus_ipca12m,33,-0.178622013631859,NA,NA,NA,NA,q=4
8,4,4,expect_focus_ipca12m,34,-0.17578919333994444,NA,NA,NA,NA,q=4
8,4,4,expect_focus_ipca12m,35,-0.17249019205279267,NA,NA,NA,NA,q=4
8,4,4,expect_focus_ipca12m,36,-0.1687352629343904,NA,NA,NA,NA,q=4
8,4,4,expect_focus_ipca12m,37,-0.16453474026177792,NA,NA,NA,NA,q=4
8,4,4,expect_focus_ipca12m,38,-0.15989945548660958,NA,NA,NA,NA,q=4
8,4,4,expect_focus_ipca12m,39,-0.15484130946799207,NA,NA,NA,NA,q=4
8,4,4,expect_focus_ipca12m,40,-0.1493738572323681,NA,NA,NA,NA,q=4
8,4,4,expect_focus_ipca12m,41,-0.14351246467823048,NA,NA,NA,NA,q=4
8,4,4,expect_focus_ipca12m,42,-0.13727398489156348,NA,NA,NA,NA,q=4
8,4,4,expect_focus_ipca12m,43,-0.1306765701401737,NA,NA,NA,NA,q=4
8,4,4,expect_focus_ipca12m,44,-0.1237400777755276,NA,NA,NA,NA,q=4
8,4,4,expect_focus_ipca12m,45,-0.11648611418387564,NA,NA,NA,NA,q=4
8,4,4,expect_focus_ipca12m,46,-0.10893796525446188,NA,NA,NA,NA,q=4
8,4,4,expect_focus_ipca12m,47,-0.10112067445846189,NA,NA,NA,NA,q=4
8,4,4,expect_focus_ipca12m,48,-0.0930608689400691,NA,NA,NA,NA,q=4
8,4,4,ibc_br,0,-0.37147696524589924,NA,NA,NA,NA,q=4
8,4,4,ibc_br,1,-0.06968983870826934,NA,NA,NA,NA,q=4
8,4,4,ibc_br,2,-0.05193767382050075,NA,NA,NA,NA,q=4
8,4,4,ibc_br,3,-0.24609772902655472,NA,NA,NA,NA,q=4
8,4,4,ibc_br,4,-0.2694140443912548,NA,NA,NA,NA,q=4
8,4,4,ibc_br,5,-0.15730320951472446,NA,NA,NA,NA,q=4
8,4,4,ibc_br,6,-0.2027320769921814,NA,NA,NA,NA,q=4
8,4,4,ibc_br,7,-0.2517346257688234,NA,NA,NA,NA,q=4
8,4,4,ibc_br,8,-0.26349156326048623,NA,NA,NA,NA,q=4
8,4,4,ibc_br,9,-0.30710441859717946,NA,NA,NA,NA,q=4
8,4,4,ibc_br,10,-0.3679123660240678,NA,NA,NA,NA,q=4
8,4,4,ibc_br,11,-0.3858062606198168,NA,NA,NA,NA,q=4
8,4,4,ibc_br,12,-0.36825837088834634,NA,NA,NA,NA,q=4
8,4,4,ibc_br,13,-0.3591168483595524,NA,NA,NA,NA,q=4
8,4,4,ibc_br,14,-0.3468928324489343,NA,NA,NA,NA,q=4
8,4,4,ibc_br,15,-0.3261586731796723,NA,NA,NA,NA,q=4
8,4,4,ibc_br,16,-0.3143133421931349,NA,NA,NA,NA,q=4
8,4,4,ibc_br,17,-0.31069757582748997,NA,NA,NA,NA,q=4
8,4,4,ibc_br,18,-0.30596683854012346,NA,NA,NA,NA,q=4
8,4,4,ibc_br,19,-0.30104790499995665,NA,NA,NA,NA,q=4
8,4,4,ibc_br,20,-0.29761069487641933,NA,NA,NA,NA,q=4
8,4,4,ibc_br,21,-0.29318969867659295,NA,NA,NA,NA,q=4
8,4,4,ibc_br,22,-0.287399998654445,NA,NA,NA,NA,q=4
8,4,4,ibc_br,23,-0.2825566720050971,NA,NA,NA,NA,q=4
8,4,4,ibc_br,24,-0.2789606269907296,NA,NA,NA,NA,q=4
8,4,4,ibc_br,25,-0.2758979348280947,NA,NA,NA,NA,q=4
8,4,4,ibc_br,26,-0.27369673987045234,NA,NA,NA,NA,q=4
8,4,4,ibc_br,27,-0.2723092163091178,NA,NA,NA,NA,q=4
8,4,4,ibc_br,28,-0.2710585536581856,NA,NA,NA,NA,q=4
8,4,4,ibc_br,29,-0.2696805828134031,NA,NA,NA,NA,q=4
8,4,4,ibc_br,30,-0.2681728956816506,NA,NA,NA,NA,q=4
8,4,4,ibc_br,31,-0.2663824412079275,NA,NA,NA,NA,q=4
8,4,4,ibc_br,32,-0.26418483736972376,NA,NA,NA,NA,q=4
8,4,4,ibc_br,33,-0.2615847671622309,NA,NA,NA,NA,q=4
8,4,4,ibc_br,34,-0.25853654282169036,NA,NA,NA,NA,q=4
8,4,4,ibc_br,35,-0.2549257431440065,NA,NA,NA,NA,q=4
8,4,4,ibc_br,36,-0.2506797449466635,NA,NA,NA,NA,q=4
8,4,4,ibc_br,37,-0.24574929818088062,NA,NA,NA,NA,q=4
8,4,4,ibc_br,38,-0.24007639483742896,NA,NA,NA,NA,q=4
8,4,4,ibc_br,39,-0.23363108823032647,NA,NA,NA,NA,q=4
8,4,4,ibc_br,40,-0.22641602009914283,NA,NA,NA,NA,q=4
8,4,4,ibc_br,41,-0.21844186681345906,NA,NA,NA,NA,q=4
8,4,4,ibc_br,42,-0.209726098338933,NA,NA,NA,NA,q=4
8,4,4,ibc_br,43,-0.20029788231163284,NA,NA,NA,NA,q=4
8,4,4,ibc_br,44,-0.19019154029678592,NA,NA,NA,NA,q=4
8,4,4,ibc_br,45,-0.17944309350484125,NA,NA,NA,NA,q=4
8,4,4,ibc_br,46,-0.16809386359053932,NA,NA,NA,NA,q=4
8,4,4,ibc_br,47,-0.15619052161014635,NA,NA,NA,NA,q=4
8,4,4,ibc_br,48,-0.14378237502454794,NA,NA,NA,NA,q=4
8,4,4,price_ipca,0,-0.013631409516476662,NA,NA,NA,NA,q=4
8,4,4,price_ipca,1,0.06903139416031263,NA,NA,NA,NA,q=4
8,4,4,price_ipca,2,0.08530157763717629,NA,NA,NA,NA,q=4
8,4,4,price_ipca,3,0.054250502325472794,NA,NA,NA,NA,q=4
8,4,4,price_ipca,4,0.11371277046433634,NA,NA,NA,NA,q=4
8,4,4,price_ipca,5,0.13078176441144446,NA,NA,NA,NA,q=4
8,4,4,price_ipca,6,0.07158673017214687,NA,NA,NA,NA,q=4
8,4,4,price_ipca,7,0.046975667042720895,NA,NA,NA,NA,q=4
8,4,4,price_ipca,8,0.016678351609719703,NA,NA,NA,NA,q=4
8,4,4,price_ipca,9,-0.025016104567483738,NA,NA,NA,NA,q=4
8,4,4,price_ipca,10,-0.039741211008290075,NA,NA,NA,NA,q=4
8,4,4,price_ipca,11,-0.04357175083603112,NA,NA,NA,NA,q=4
8,4,4,price_ipca,12,-0.041667835182763915,NA,NA,NA,NA,q=4
8,4,4,price_ipca,13,-0.03735255290371612,NA,NA,NA,NA,q=4
8,4,4,price_ipca,14,-0.03228194992520625,NA,NA,NA,NA,q=4
8,4,4,price_ipca,15,-0.02980297811637993,NA,NA,NA,NA,q=4
8,4,4,price_ipca,16,-0.030757967804436452,NA,NA,NA,NA,q=4
8,4,4,price_ipca,17,-0.031119029474629946,NA,NA,NA,NA,q=4
8,4,4,price_ipca,18,-0.030772661012522008,NA,NA,NA,NA,q=4
8,4,4,price_ipca,19,-0.03011227843038144,NA,NA,NA,NA,q=4
8,4,4,price_ipca,20,-0.027674253463896896,NA,NA,NA,NA,q=4
8,4,4,price_ipca,21,-0.024232389632137266,NA,NA,NA,NA,q=4
8,4,4,price_ipca,22,-0.02065374716880992,NA,NA,NA,NA,q=4
8,4,4,price_ipca,23,-0.017013144182091655,NA,NA,NA,NA,q=4
8,4,4,price_ipca,24,-0.013540326737840953,NA,NA,NA,NA,q=4
8,4,4,price_ipca,25,-0.010344426175976898,NA,NA,NA,NA,q=4
8,4,4,price_ipca,26,-0.007359550053788493,NA,NA,NA,NA,q=4
8,4,4,price_ipca,27,-0.0044273616715777,NA,NA,NA,NA,q=4
8,4,4,price_ipca,28,-0.0014883144665010445,NA,NA,NA,NA,q=4
8,4,4,price_ipca,29,0.0014184799168584844,NA,NA,NA,NA,q=4
8,4,4,price_ipca,30,0.004302067436119661,NA,NA,NA,NA,q=4
8,4,4,price_ipca,31,0.007127983866509658,NA,NA,NA,NA,q=4
8,4,4,price_ipca,32,0.009837930664810906,NA,NA,NA,NA,q=4
8,4,4,price_ipca,33,0.012427072063372133,NA,NA,NA,NA,q=4
8,4,4,price_ipca,34,0.014903212741865292,NA,NA,NA,NA,q=4
8,4,4,price_ipca,35,0.01727494480971628,NA,NA,NA,NA,q=4
8,4,4,price_ipca,36,0.019558926038371345,NA,NA,NA,NA,q=4
8,4,4,price_ipca,37,0.0217698311876625,NA,NA,NA,NA,q=4
8,4,4,price_ipca,38,0.023914249152552622,NA,NA,NA,NA,q=4
8,4,4,price_ipca,39,0.025991074443923616,NA,NA,NA,NA,q=4
8,4,4,price_ipca,40,0.02799770540888654,NA,NA,NA,NA,q=4
8,4,4,price_ipca,41,0.02993070810705721,NA,NA,NA,NA,q=4
8,4,4,price_ipca,42,0.031785137053853,NA,NA,NA,NA,q=4
8,4,4,price_ipca,43,0.03355745450335416,NA,NA,NA,NA,q=4
8,4,4,price_ipca,44,0.03524478202432281,NA,NA,NA,NA,q=4
8,4,4,price_ipca,45,0.036843288067592996,NA,NA,NA,NA,q=4
8,4,4,price_ipca,46,0.038348499328309846,NA,NA,NA,NA,q=4
8,4,4,price_ipca,47,0.039755282065886,NA,NA,NA,NA,q=4
8,4,4,price_ipca,48,0.04105781339908392,NA,NA,NA,NA,q=4
8,4,4,asset_ibov,0,-3.5975417816295927,NA,NA,NA,NA,q=4
8,4,4,asset_ibov,1,-2.943727572771616,NA,NA,NA,NA,q=4
8,4,4,asset_ibov,2,0.5324098347949173,NA,NA,NA,NA,q=4
8,4,4,asset_ibov,3,0.460672530187836,NA,NA,NA,NA,q=4
8,4,4,asset_ibov,4,1.3019769832237693,NA,NA,NA,NA,q=4
8,4,4,asset_ibov,5,1.5384895054185366,NA,NA,NA,NA,q=4
8,4,4,asset_ibov,6,1.8690150823426817,NA,NA,NA,NA,q=4
8,4,4,asset_ibov,7,1.7675231933029694,NA,NA,NA,NA,q=4
8,4,4,asset_ibov,8,1.4930111911006936,NA,NA,NA,NA,q=4
8,4,4,asset_ibov,9,1.6529044802374344,NA,NA,NA,NA,q=4
8,4,4,asset_ibov,10,1.5034877292973186,NA,NA,NA,NA,q=4
8,4,4,asset_ibov,11,1.418609377547116,NA,NA,NA,NA,q=4
8,4,4,asset_ibov,12,1.3423520328075047,NA,NA,NA,NA,q=4
8,4,4,asset_ibov,13,1.1137647617481754,NA,NA,NA,NA,q=4
8,4,4,asset_ibov,14,0.9320410946814653,NA,NA,NA,NA,q=4
8,4,4,asset_ibov,15,0.7774268210008134,NA,NA,NA,NA,q=4
8,4,4,asset_ibov,16,0.6023923820999209,NA,NA,NA,NA,q=4
8,4,4,asset_ibov,17,0.4623460267146314,NA,NA,NA,NA,q=4
8,4,4,asset_ibov,18,0.3426016291987191,NA,NA,NA,NA,q=4
8,4,4,asset_ibov,19,0.23350631616567374,NA,NA,NA,NA,q=4
8,4,4,asset_ibov,20,0.1266090879532997,NA,NA,NA,NA,q=4
8,4,4,asset_ibov,21,0.02594624769297094,NA,NA,NA,NA,q=4
8,4,4,asset_ibov,22,-0.06588472498640494,NA,NA,NA,NA,q=4
8,4,4,asset_ibov,23,-0.15606063497547093,NA,NA,NA,NA,q=4
8,4,4,asset_ibov,24,-0.2379048298701306,NA,NA,NA,NA,q=4
8,4,4,asset_ibov,25,-0.3088423317555207,NA,NA,NA,NA,q=4
8,4,4,asset_ibov,26,-0.37331355031395674,NA,NA,NA,NA,q=4
8,4,4,asset_ibov,27,-0.4304784855281995,NA,NA,NA,NA,q=4
8,4,4,asset_ibov,28,-0.48082767553899125,NA,NA,NA,NA,q=4
8,4,4,asset_ibov,29,-0.5265609656610092,NA,NA,NA,NA,q=4
8,4,4,asset_ibov,30,-0.5685255572910487,NA,NA,NA,NA,q=4
8,4,4,asset_ibov,31,-0.6071119995517871,NA,NA,NA,NA,q=4
8,4,4,asset_ibov,32,-0.6426692540401686,NA,NA,NA,NA,q=4
8,4,4,asset_ibov,33,-0.6757170434635933,NA,NA,NA,NA,q=4
8,4,4,asset_ibov,34,-0.706451503957846,NA,NA,NA,NA,q=4
8,4,4,asset_ibov,35,-0.7349605552378119,NA,NA,NA,NA,q=4
8,4,4,asset_ibov,36,-0.7616208772870924,NA,NA,NA,NA,q=4
8,4,4,asset_ibov,37,-0.7866400747585959,NA,NA,NA,NA,q=4
8,4,4,asset_ibov,38,-0.8100855289326454,NA,NA,NA,NA,q=4
8,4,4,asset_ibov,39,-0.8320620039476857,NA,NA,NA,NA,q=4
8,4,4,asset_ibov,40,-0.8525797211392084,NA,NA,NA,NA,q=4
8,4,4,asset_ibov,41,-0.871566688674609,NA,NA,NA,NA,q=4
8,4,4,asset_ibov,42,-0.8889336554793881,NA,NA,NA,NA,q=4
8,4,4,asset_ibov,43,-0.9045838359051604,NA,NA,NA,NA,q=4
8,4,4,asset_ibov,44,-0.9184107022373772,NA,NA,NA,NA,q=4
8,4,4,asset_ibov,45,-0.9303040138736219,NA,NA,NA,NA,q=4
8,4,4,asset_ibov,46,-0.9401680886817328,NA,NA,NA,NA,q=4
8,4,4,asset_ibov,47,-0.9479153079428206,NA,NA,NA,NA,q=4
8,4,4,asset_ibov,48,-0.9534618569487041,NA,NA,NA,NA,q=4
8,4,4,fiscal_dbgg,0,0.28357903999436246,NA,NA,NA,NA,q=4
8,4,4,fiscal_dbgg,1,0.2527171680228929,NA,NA,NA,NA,q=4
8,4,4,fiscal_dbgg,2,0.04918949678628402,NA,NA,NA,NA,q=4
8,4,4,fiscal_dbgg,3,0.043811817048270627,NA,NA,NA,NA,q=4
8,4,4,fiscal_dbgg,4,-0.008974422143832535,NA,NA,NA,NA,q=4
8,4,4,fiscal_dbgg,5,-0.07511743988397036,NA,NA,NA,NA,q=4
8,4,4,fiscal_dbgg,6,-0.12194153729518258,NA,NA,NA,NA,q=4
8,4,4,fiscal_dbgg,7,-0.12970676010551838,NA,NA,NA,NA,q=4
8,4,4,fiscal_dbgg,8,-0.12888365831500848,NA,NA,NA,NA,q=4
8,4,4,fiscal_dbgg,9,-0.11828523985404413,NA,NA,NA,NA,q=4
8,4,4,fiscal_dbgg,10,-0.07039112307072042,NA,NA,NA,NA,q=4
8,4,4,fiscal_dbgg,11,-0.01490508350515427,NA,NA,NA,NA,q=4
8,4,4,fiscal_dbgg,12,0.043737983334855866,NA,NA,NA,NA,q=4
8,4,4,fiscal_dbgg,13,0.11146256306598865,NA,NA,NA,NA,q=4
8,4,4,fiscal_dbgg,14,0.17692201465671734,NA,NA,NA,NA,q=4
8,4,4,fiscal_dbgg,15,0.2369145627818404,NA,NA,NA,NA,q=4
8,4,4,fiscal_dbgg,16,0.29535712364487265,NA,NA,NA,NA,q=4
8,4,4,fiscal_dbgg,17,0.3515300339879217,NA,NA,NA,NA,q=4
8,4,4,fiscal_dbgg,18,0.4044189599492883,NA,NA,NA,NA,q=4
8,4,4,fiscal_dbgg,19,0.4545769211175425,NA,NA,NA,NA,q=4
8,4,4,fiscal_dbgg,20,0.5025317867631004,NA,NA,NA,NA,q=4
8,4,4,fiscal_dbgg,21,0.5471367188610092,NA,NA,NA,NA,q=4
8,4,4,fiscal_dbgg,22,0.5878189861363255,NA,NA,NA,NA,q=4
8,4,4,fiscal_dbgg,23,0.624955253408888,NA,NA,NA,NA,q=4
8,4,4,fiscal_dbgg,24,0.65834585668281,NA,NA,NA,NA,q=4
8,4,4,fiscal_dbgg,25,0.6879506892135931,NA,NA,NA,NA,q=4
8,4,4,fiscal_dbgg,26,0.7142044349667559,NA,NA,NA,NA,q=4
8,4,4,fiscal_dbgg,27,0.737348331463119,NA,NA,NA,NA,q=4
8,4,4,fiscal_dbgg,28,0.7575075997584567,NA,NA,NA,NA,q=4
8,4,4,fiscal_dbgg,29,0.7748707203445208,NA,NA,NA,NA,q=4
8,4,4,fiscal_dbgg,30,0.789597554018757,NA,NA,NA,NA,q=4
8,4,4,fiscal_dbgg,31,0.8017733180089228,NA,NA,NA,NA,q=4
8,4,4,fiscal_dbgg,32,0.811477539655999,NA,NA,NA,NA,q=4
8,4,4,fiscal_dbgg,33,0.818817919121198,NA,NA,NA,NA,q=4
8,4,4,fiscal_dbgg,34,0.8238765715313693,NA,NA,NA,NA,q=4
8,4,4,fiscal_dbgg,35,0.8267118234160947,NA,NA,NA,NA,q=4
8,4,4,fiscal_dbgg,36,0.8273832837188391,NA,NA,NA,NA,q=4
8,4,4,fiscal_dbgg,37,0.8259319676238651,NA,NA,NA,NA,q=4
8,4,4,fiscal_dbgg,38,0.8223775196542676,NA,NA,NA,NA,q=4
8,4,4,fiscal_dbgg,39,0.8167334510935342,NA,NA,NA,NA,q=4
8,4,4,fiscal_dbgg,40,0.8090095846773943,NA,NA,NA,NA,q=4
8,4,4,fiscal_dbgg,41,0.7992126605288137,NA,NA,NA,NA,q=4
8,4,4,fiscal_dbgg,42,0.7873515988840459,NA,NA,NA,NA,q=4
8,4,4,fiscal_dbgg,43,0.7734413268160003,NA,NA,NA,NA,q=4
8,4,4,fiscal_dbgg,44,0.7575028097108892,NA,NA,NA,NA,q=4
8,4,4,fiscal_dbgg,45,0.7395635883016322,NA,NA,NA,NA,q=4
8,4,4,fiscal_dbgg,46,0.719659767041273,NA,NA,NA,NA,q=4
8,4,4,fiscal_dbgg,47,0.6978364455667395,NA,NA,NA,NA,q=4
8,4,4,fiscal_dbgg,48,0.6741477356397136,NA,NA,NA,NA,q=4
8,4,4,fiscal_dlsp,0,-0.2749252570382086,NA,NA,NA,NA,q=4
8,4,4,fiscal_dlsp,1,-0.3869985949513429,NA,NA,NA,NA,q=4
8,4,4,fiscal_dlsp,2,-0.33661824099202015,NA,NA,NA,NA,q=4
8,4,4,fiscal_dlsp,3,-0.3791516945162675,NA,NA,NA,NA,q=4
8,4,4,fiscal_dlsp,4,-0.3122136607541426,NA,NA,NA,NA,q=4
8,4,4,fiscal_dlsp,5,-0.23030411256935754,NA,NA,NA,NA,q=4
8,4,4,fiscal_dlsp,6,-0.18088418465340458,NA,NA,NA,NA,q=4
8,4,4,fiscal_dlsp,7,-0.1412510560953012,NA,NA,NA,NA,q=4
8,4,4,fiscal_dlsp,8,-0.08921685777078416,NA,NA,NA,NA,q=4
8,4,4,fiscal_dlsp,9,-0.02766615465609951,NA,NA,NA,NA,q=4
8,4,4,fiscal_dlsp,10,0.028946064013407567,NA,NA,NA,NA,q=4
8,4,4,fiscal_dlsp,11,0.10243432532762554,NA,NA,NA,NA,q=4
8,4,4,fiscal_dlsp,12,0.18092018814389604,NA,NA,NA,NA,q=4
8,4,4,fiscal_dlsp,13,0.24556477755110515,NA,NA,NA,NA,q=4
8,4,4,fiscal_dlsp,14,0.305033423621536,NA,NA,NA,NA,q=4
8,4,4,fiscal_dlsp,15,0.3604514044373323,NA,NA,NA,NA,q=4
8,4,4,fiscal_dlsp,16,0.40709381136435197,NA,NA,NA,NA,q=4
8,4,4,fiscal_dlsp,17,0.4486537080903198,NA,NA,NA,NA,q=4
8,4,4,fiscal_dlsp,18,0.48771806987947863,NA,NA,NA,NA,q=4
8,4,4,fiscal_dlsp,19,0.5237242335578602,NA,NA,NA,NA,q=4
8,4,4,fiscal_dlsp,20,0.5559488604674406,NA,NA,NA,NA,q=4
8,4,4,fiscal_dlsp,21,0.5847686667511374,NA,NA,NA,NA,q=4
8,4,4,fiscal_dlsp,22,0.61010076280644,NA,NA,NA,NA,q=4
8,4,4,fiscal_dlsp,23,0.6312448182291512,NA,NA,NA,NA,q=4
8,4,4,fiscal_dlsp,24,0.6485680769615325,NA,NA,NA,NA,q=4
8,4,4,fiscal_dlsp,25,0.6626784717603974,NA,NA,NA,NA,q=4
8,4,4,fiscal_dlsp,26,0.6737196760495084,NA,NA,NA,NA,q=4
8,4,4,fiscal_dlsp,27,0.6820308726525613,NA,NA,NA,NA,q=4
8,4,4,fiscal_dlsp,28,0.687990070589369,NA,NA,NA,NA,q=4
8,4,4,fiscal_dlsp,29,0.6917421183111659,NA,NA,NA,NA,q=4
8,4,4,fiscal_dlsp,30,0.693375490681036,NA,NA,NA,NA,q=4
8,4,4,fiscal_dlsp,31,0.6930128351941985,NA,NA,NA,NA,q=4
8,4,4,fiscal_dlsp,32,0.6907625124591205,NA,NA,NA,NA,q=4
8,4,4,fiscal_dlsp,33,0.6866987507927231,NA,NA,NA,NA,q=4
8,4,4,fiscal_dlsp,34,0.6809110088125095,NA,NA,NA,NA,q=4
8,4,4,fiscal_dlsp,35,0.6734957717785127,NA,NA,NA,NA,q=4
8,4,4,fiscal_dlsp,36,0.6645158260592839,NA,NA,NA,NA,q=4
8,4,4,fiscal_dlsp,37,0.6540181204146702,NA,NA,NA,NA,q=4
8,4,4,fiscal_dlsp,38,0.6420452601824904,NA,NA,NA,NA,q=4
8,4,4,fiscal_dlsp,39,0.6286261301825234,NA,NA,NA,NA,q=4
8,4,4,fiscal_dlsp,40,0.6137838500616138,NA,NA,NA,NA,q=4
8,4,4,fiscal_dlsp,41,0.5975452781229548,NA,NA,NA,NA,q=4
8,4,4,fiscal_dlsp,42,0.5799410890810538,NA,NA,NA,NA,q=4
8,4,4,fiscal_dlsp,43,0.5610053806374051,NA,NA,NA,NA,q=4
8,4,4,fiscal_dlsp,44,0.5407776346536974,NA,NA,NA,NA,q=4
8,4,4,fiscal_dlsp,45,0.5193033542023026,NA,NA,NA,NA,q=4
8,4,4,fiscal_dlsp,46,0.4966328471813573,NA,NA,NA,NA,q=4
8,4,4,fiscal_dlsp,47,0.47282157289235793,NA,NA,NA,NA,q=4
8,4,4,fiscal_dlsp,48,0.4479310335459858,NA,NA,NA,NA,q=4
8,4,4,fiscal_primary_balance,0,2116.1041099491727,NA,NA,NA,NA,q=4
8,4,4,fiscal_primary_balance,1,-2228.8786715314204,NA,NA,NA,NA,q=4
8,4,4,fiscal_primary_balance,2,-1858.7801289651543,NA,NA,NA,NA,q=4
8,4,4,fiscal_primary_balance,3,-248.07590644357032,NA,NA,NA,NA,q=4
8,4,4,fiscal_primary_balance,4,-8.08371308672265,NA,NA,NA,NA,q=4
8,4,4,fiscal_primary_balance,5,-371.16796116985245,NA,NA,NA,NA,q=4
8,4,4,fiscal_primary_balance,6,639.9553700254518,NA,NA,NA,NA,q=4
8,4,4,fiscal_primary_balance,7,904.6069656486635,NA,NA,NA,NA,q=4
8,4,4,fiscal_primary_balance,8,1905.1805098339269,NA,NA,NA,NA,q=4
8,4,4,fiscal_primary_balance,9,2872.9700036789845,NA,NA,NA,NA,q=4
8,4,4,fiscal_primary_balance,10,3703.4486884184043,NA,NA,NA,NA,q=4
8,4,4,fiscal_primary_balance,11,4539.497971657745,NA,NA,NA,NA,q=4
8,4,4,fiscal_primary_balance,12,4930.384109068937,NA,NA,NA,NA,q=4
8,4,4,fiscal_primary_balance,13,5083.203576707011,NA,NA,NA,NA,q=4
8,4,4,fiscal_primary_balance,14,5133.48497875996,NA,NA,NA,NA,q=4
8,4,4,fiscal_primary_balance,15,5057.687699664221,NA,NA,NA,NA,q=4
8,4,4,fiscal_primary_balance,16,4955.72759485609,NA,NA,NA,NA,q=4
8,4,4,fiscal_primary_balance,17,4830.15222951101,NA,NA,NA,NA,q=4
8,4,4,fiscal_primary_balance,18,4690.186321789159,NA,NA,NA,NA,q=4
8,4,4,fiscal_primary_balance,19,4517.733287263619,NA,NA,NA,NA,q=4
8,4,4,fiscal_primary_balance,20,4289.829030578098,NA,NA,NA,NA,q=4
8,4,4,fiscal_primary_balance,21,4026.539539973563,NA,NA,NA,NA,q=4
8,4,4,fiscal_primary_balance,22,3723.1672119705067,NA,NA,NA,NA,q=4
8,4,4,fiscal_primary_balance,23,3387.1889334322927,NA,NA,NA,NA,q=4
8,4,4,fiscal_primary_balance,24,3039.4318564212967,NA,NA,NA,NA,q=4
8,4,4,fiscal_primary_balance,25,2684.8148610963817,NA,NA,NA,NA,q=4
8,4,4,fiscal_primary_balance,26,2328.305070118074,NA,NA,NA,NA,q=4
8,4,4,fiscal_primary_balance,27,1974.2794863118063,NA,NA,NA,NA,q=4
8,4,4,fiscal_primary_balance,28,1623.3941866910895,NA,NA,NA,NA,q=4
8,4,4,fiscal_primary_balance,29,1276.1305201478524,NA,NA,NA,NA,q=4
8,4,4,fiscal_primary_balance,30,932.8455119015775,NA,NA,NA,NA,q=4
8,4,4,fiscal_primary_balance,31,595.1695100826996,NA,NA,NA,NA,q=4
8,4,4,fiscal_primary_balance,32,264.43005843577527,NA,NA,NA,NA,q=4
8,4,4,fiscal_primary_balance,33,-58.597805976687305,NA,NA,NA,NA,q=4
8,4,4,fiscal_primary_balance,34,-372.8072089107373,NA,NA,NA,NA,q=4
8,4,4,fiscal_primary_balance,35,-677.8274192545578,NA,NA,NA,NA,q=4
8,4,4,fiscal_primary_balance,36,-973.8059197914918,NA,NA,NA,NA,q=4
8,4,4,fiscal_primary_balance,37,-1260.8596316362998,NA,NA,NA,NA,q=4
8,4,4,fiscal_primary_balance,38,-1539.2174113933158,NA,NA,NA,NA,q=4
8,4,4,fiscal_primary_balance,39,-1809.0780637732778,NA,NA,NA,NA,q=4
8,4,4,fiscal_primary_balance,40,-2070.5114516663434,NA,NA,NA,NA,q=4
8,4,4,fiscal_primary_balance,41,-2323.468297832348,NA,NA,NA,NA,q=4
8,4,4,fiscal_primary_balance,42,-2567.818211691955,NA,NA,NA,NA,q=4
8,4,4,fiscal_primary_balance,43,-2803.3953345539394,NA,NA,NA,NA,q=4
8,4,4,fiscal_primary_balance,44,-3029.9755759762984,NA,NA,NA,NA,q=4
8,4,4,fiscal_primary_balance,45,-3247.294432882988,NA,NA,NA,NA,q=4
8,4,4,fiscal_primary_balance,46,-3455.0602461491053,NA,NA,NA,NA,q=4
8,4,4,fiscal_primary_balance,47,-3652.932236433733,NA,NA,NA,NA,q=4
8,4,4,fiscal_primary_balance,48,-3840.5282897415636,NA,NA,NA,NA,q=4
8,4,4,dlsp_exchange_adjustment,0,-33067.489194577116,NA,NA,NA,NA,q=4
8,4,4,dlsp_exchange_adjustment,1,-25422.226552631964,NA,NA,NA,NA,q=4
8,4,4,dlsp_exchange_adjustment,2,-2430.7337199755048,NA,NA,NA,NA,q=4
8,4,4,dlsp_exchange_adjustment,3,-5317.394933051829,NA,NA,NA,NA,q=4
8,4,4,dlsp_exchange_adjustment,4,1221.8265059468822,NA,NA,NA,NA,q=4
8,4,4,dlsp_exchange_adjustment,5,4699.062261185427,NA,NA,NA,NA,q=4
8,4,4,dlsp_exchange_adjustment,6,6254.309116606622,NA,NA,NA,NA,q=4
8,4,4,dlsp_exchange_adjustment,7,5465.039860477034,NA,NA,NA,NA,q=4
8,4,4,dlsp_exchange_adjustment,8,3734.2002045533486,NA,NA,NA,NA,q=4
8,4,4,dlsp_exchange_adjustment,9,4464.581323350519,NA,NA,NA,NA,q=4
8,4,4,dlsp_exchange_adjustment,10,3241.0777623040376,NA,NA,NA,NA,q=4
8,4,4,dlsp_exchange_adjustment,11,2959.512723366786,NA,NA,NA,NA,q=4
8,4,4,dlsp_exchange_adjustment,12,3185.3350417092465,NA,NA,NA,NA,q=4
8,4,4,dlsp_exchange_adjustment,13,2293.0624922742704,NA,NA,NA,NA,q=4
8,4,4,dlsp_exchange_adjustment,14,1724.2933735423119,NA,NA,NA,NA,q=4
8,4,4,dlsp_exchange_adjustment,15,1372.024835108146,NA,NA,NA,NA,q=4
8,4,4,dlsp_exchange_adjustment,16,711.4244771806037,NA,NA,NA,NA,q=4
8,4,4,dlsp_exchange_adjustment,17,180.2658812508012,NA,NA,NA,NA,q=4
8,4,4,dlsp_exchange_adjustment,18,-223.68346697212922,NA,NA,NA,NA,q=4
8,4,4,dlsp_exchange_adjustment,19,-580.6869171159598,NA,NA,NA,NA,q=4
8,4,4,dlsp_exchange_adjustment,20,-941.6248549127026,NA,NA,NA,NA,q=4
8,4,4,dlsp_exchange_adjustment,21,-1264.6247853481018,NA,NA,NA,NA,q=4
8,4,4,dlsp_exchange_adjustment,22,-1535.9887153077761,NA,NA,NA,NA,q=4
8,4,4,dlsp_exchange_adjustment,23,-1826.93184932134,NA,NA,NA,NA,q=4
8,4,4,dlsp_exchange_adjustment,24,-2097.766794422616,NA,NA,NA,NA,q=4
8,4,4,dlsp_exchange_adjustment,25,-2322.6379036730596,NA,NA,NA,NA,q=4
8,4,4,dlsp_exchange_adjustment,26,-2532.663812023728,NA,NA,NA,NA,q=4
8,4,4,dlsp_exchange_adjustment,27,-2718.322931267803,NA,NA,NA,NA,q=4
8,4,4,dlsp_exchange_adjustment,28,-2873.645101385096,NA,NA,NA,NA,q=4
8,4,4,dlsp_exchange_adjustment,29,-3010.2524716874177,NA,NA,NA,NA,q=4
8,4,4,dlsp_exchange_adjustment,30,-3132.7635961814162,NA,NA,NA,NA,q=4
8,4,4,dlsp_exchange_adjustment,31,-3242.011755135923,NA,NA,NA,NA,q=4
8,4,4,dlsp_exchange_adjustment,32,-3339.362846109872,NA,NA,NA,NA,q=4
8,4,4,dlsp_exchange_adjustment,33,-3428.084448680851,NA,NA,NA,NA,q=4
8,4,4,dlsp_exchange_adjustment,34,-3508.7885783013407,NA,NA,NA,NA,q=4
8,4,4,dlsp_exchange_adjustment,35,-3580.6973180410946,NA,NA,NA,NA,q=4
8,4,4,dlsp_exchange_adjustment,36,-3645.3746515840735,NA,NA,NA,NA,q=4
8,4,4,dlsp_exchange_adjustment,37,-3703.582512842416,NA,NA,NA,NA,q=4
8,4,4,dlsp_exchange_adjustment,38,-3755.155625476944,NA,NA,NA,NA,q=4
8,4,4,dlsp_exchange_adjustment,39,-3800.5810499110185,NA,NA,NA,NA,q=4
8,4,4,dlsp_exchange_adjustment,40,-3840.055098173034,NA,NA,NA,NA,q=4
8,4,4,dlsp_exchange_adjustment,41,-3873.2834510465204,NA,NA,NA,NA,q=4
8,4,4,dlsp_exchange_adjustment,42,-3899.9089688621357,NA,NA,NA,NA,q=4
8,4,4,dlsp_exchange_adjustment,43,-3919.5758594037607,NA,NA,NA,NA,q=4
8,4,4,dlsp_exchange_adjustment,44,-3931.8531983375306,NA,NA,NA,NA,q=4
8,4,4,dlsp_exchange_adjustment,45,-3936.256577210213,NA,NA,NA,NA,q=4
8,4,4,dlsp_exchange_adjustment,46,-3932.4021326622783,NA,NA,NA,NA,q=4
8,4,4,dlsp_exchange_adjustment,47,-3919.966979049194,NA,NA,NA,NA,q=4
8,4,4,dlsp_exchange_adjustment,48,-3898.6348501525376,NA,NA,NA,NA,q=4
8,4,4,expect_focus_selic_ny,0,0.6790867374566086,NA,NA,NA,NA,q=4
8,4,4,expect_focus_selic_ny,1,0.6781073460563216,NA,NA,NA,NA,q=4
8,4,4,expect_focus_selic_ny,2,0.659056937572424,NA,NA,NA,NA,q=4
8,4,4,expect_focus_selic_ny,3,0.6809602160252449,NA,NA,NA,NA,q=4
8,4,4,expect_focus_selic_ny,4,0.5591057237358504,NA,NA,NA,NA,q=4
8,4,4,expect_focus_selic_ny,5,0.49696515342517594,NA,NA,NA,NA,q=4
8,4,4,expect_focus_selic_ny,6,0.4883297206863922,NA,NA,NA,NA,q=4
8,4,4,expect_focus_selic_ny,7,0.4366861752268866,NA,NA,NA,NA,q=4
8,4,4,expect_focus_selic_ny,8,0.4043336531054779,NA,NA,NA,NA,q=4
8,4,4,expect_focus_selic_ny,9,0.3651080869480313,NA,NA,NA,NA,q=4
8,4,4,expect_focus_selic_ny,10,0.30928579827836455,NA,NA,NA,NA,q=4
8,4,4,expect_focus_selic_ny,11,0.2496247170955577,NA,NA,NA,NA,q=4
8,4,4,expect_focus_selic_ny,12,0.18505754445618913,NA,NA,NA,NA,q=4
8,4,4,expect_focus_selic_ny,13,0.12657785506427272,NA,NA,NA,NA,q=4
8,4,4,expect_focus_selic_ny,14,0.06921266620182019,NA,NA,NA,NA,q=4
8,4,4,expect_focus_selic_ny,15,0.01682089255019981,NA,NA,NA,NA,q=4
8,4,4,expect_focus_selic_ny,16,-0.0277103355904736,NA,NA,NA,NA,q=4
8,4,4,expect_focus_selic_ny,17,-0.07103544280869413,NA,NA,NA,NA,q=4
8,4,4,expect_focus_selic_ny,18,-0.11198259099808698,NA,NA,NA,NA,q=4
8,4,4,expect_focus_selic_ny,19,-0.14963711238921837,NA,NA,NA,NA,q=4
8,4,4,expect_focus_selic_ny,20,-0.18581547644423235,NA,NA,NA,NA,q=4
8,4,4,expect_focus_selic_ny,21,-0.21971107657209948,NA,NA,NA,NA,q=4
8,4,4,expect_focus_selic_ny,22,-0.25082732057066975,NA,NA,NA,NA,q=4
8,4,4,expect_focus_selic_ny,23,-0.2792334451945755,NA,NA,NA,NA,q=4
8,4,4,expect_focus_selic_ny,24,-0.3051214331378016,NA,NA,NA,NA,q=4
8,4,4,expect_focus_selic_ny,25,-0.3287247802545899,NA,NA,NA,NA,q=4
8,4,4,expect_focus_selic_ny,26,-0.35015560667903567,NA,NA,NA,NA,q=4
8,4,4,expect_focus_selic_ny,27,-0.3697978576632155,NA,NA,NA,NA,q=4
8,4,4,expect_focus_selic_ny,28,-0.38785287187823336,NA,NA,NA,NA,q=4
8,4,4,expect_focus_selic_ny,29,-0.40431914312206096,NA,NA,NA,NA,q=4
8,4,4,expect_focus_selic_ny,30,-0.41930586924035346,NA,NA,NA,NA,q=4
8,4,4,expect_focus_selic_ny,31,-0.4328523022666868,NA,NA,NA,NA,q=4
8,4,4,expect_focus_selic_ny,32,-0.4449445556706019,NA,NA,NA,NA,q=4
8,4,4,expect_focus_selic_ny,33,-0.4556091789772512,NA,NA,NA,NA,q=4
8,4,4,expect_focus_selic_ny,34,-0.46487038825799143,NA,NA,NA,NA,q=4
8,4,4,expect_focus_selic_ny,35,-0.47274054927258974,NA,NA,NA,NA,q=4
8,4,4,expect_focus_selic_ny,36,-0.47922126084242217,NA,NA,NA,NA,q=4
8,4,4,expect_focus_selic_ny,37,-0.4843106537353545,NA,NA,NA,NA,q=4
8,4,4,expect_focus_selic_ny,38,-0.48800051530313987,NA,NA,NA,NA,q=4
8,4,4,expect_focus_selic_ny,39,-0.4902724380014803,NA,NA,NA,NA,q=4
8,4,4,expect_focus_selic_ny,40,-0.4911125834029973,NA,NA,NA,NA,q=4
8,4,4,expect_focus_selic_ny,41,-0.4905131002762804,NA,NA,NA,NA,q=4
8,4,4,expect_focus_selic_ny,42,-0.4884698286786985,NA,NA,NA,NA,q=4
8,4,4,expect_focus_selic_ny,43,-0.48498720852805194,NA,NA,NA,NA,q=4
8,4,4,expect_focus_selic_ny,44,-0.4800780446111915,NA,NA,NA,NA,q=4
8,4,4,expect_focus_selic_ny,45,-0.4737619463194129,NA,NA,NA,NA,q=4
8,4,4,expect_focus_selic_ny,46,-0.46606556309572716,NA,NA,NA,NA,q=4
8,4,4,expect_focus_selic_ny,47,-0.45702260605966405,NA,NA,NA,NA,q=4
8,4,4,expect_focus_selic_ny,48,-0.44667356935058083,NA,NA,NA,NA,q=4
8,4,4,expect_focus_pib_ny,0,-0.28917298706007766,NA,NA,NA,NA,q=4
8,4,4,expect_focus_pib_ny,1,-0.26689125636080957,NA,NA,NA,NA,q=4
8,4,4,expect_focus_pib_ny,2,-0.25916826579899294,NA,NA,NA,NA,q=4
8,4,4,expect_focus_pib_ny,3,-0.2727923991428694,NA,NA,NA,NA,q=4
8,4,4,expect_focus_pib_ny,4,-0.21143247535692947,NA,NA,NA,NA,q=4
8,4,4,expect_focus_pib_ny,5,-0.18460846428557426,NA,NA,NA,NA,q=4
8,4,4,expect_focus_pib_ny,6,-0.19003337471426154,NA,NA,NA,NA,q=4
8,4,4,expect_focus_pib_ny,7,-0.16893348828874444,NA,NA,NA,NA,q=4
8,4,4,expect_focus_pib_ny,8,-0.160208278591078,NA,NA,NA,NA,q=4
8,4,4,expect_focus_pib_ny,9,-0.14907306636826662,NA,NA,NA,NA,q=4
8,4,4,expect_focus_pib_ny,10,-0.126534907786256,NA,NA,NA,NA,q=4
8,4,4,expect_focus_pib_ny,11,-0.10206474875830929,NA,NA,NA,NA,q=4
8,4,4,expect_focus_pib_ny,12,-0.07444385036562758,NA,NA,NA,NA,q=4
8,4,4,expect_focus_pib_ny,13,-0.04828683641939345,NA,NA,NA,NA,q=4
8,4,4,expect_focus_pib_ny,14,-0.022081684583257426,NA,NA,NA,NA,q=4
8,4,4,expect_focus_pib_ny,15,0.001813245195983515,NA,NA,NA,NA,q=4
8,4,4,expect_focus_pib_ny,16,0.022130649415397975,NA,NA,NA,NA,q=4
8,4,4,expect_focus_pib_ny,17,0.04230703104760183,NA,NA,NA,NA,q=4
8,4,4,expect_focus_pib_ny,18,0.061498943263007644,NA,NA,NA,NA,q=4
8,4,4,expect_focus_pib_ny,19,0.0792949373392669,NA,NA,NA,NA,q=4
8,4,4,expect_focus_pib_ny,20,0.096795538629115635,NA,NA,NA,NA,q=4
8,4,4,expect_focus_pib_ny,21,0.11343324623794221,NA,NA,NA,NA,q=4
8,4,4,expect_focus_pib_ny,22,0.12887860172041976,NA,NA,NA,NA,q=4
8,4,4,expect_focus_pib_ny,23,0.14318599432657908,NA,NA,NA,NA,q=4
8,4,4,expect_focus_pib_ny,24,0.15636166340639693,NA,NA,NA,NA,q=4
8,4,4,expect_focus_pib_ny,25,0.1684519108612705,NA,NA,NA,NA,q=4
8,4,4,expect_focus_pib_ny,26,0.17949716589550263,NA,NA,NA,NA,q=4
8,4,4,expect_focus_pib_ny,27,0.18967032288364155,NA,NA,NA,NA,q=4
8,4,4,expect_focus_pib_ny,28,0.19904503148601582,NA,NA,NA,NA,q=4
8,4,4,expect_focus_pib_ny,29,0.20760549258751046,NA,NA,NA,NA,q=4
8,4,4,expect_focus_pib_ny,30,0.21540169782863036,NA,NA,NA,NA,q=4
8,4,4,expect_focus_pib_ny,31,0.22244051369367526,NA,NA,NA,NA,q=4
8,4,4,expect_focus_pib_ny,32,0.22870372489063623,NA,NA,NA,NA,q=4
8,4,4,expect_focus_pib_ny,33,0.2342027979360163,NA,NA,NA,NA,q=4
8,4,4,expect_focus_pib_ny,34,0.23894807310928914,NA,NA,NA,NA,q=4
8,4,4,expect_focus_pib_ny,35,0.2429451871954231,NA,NA,NA,NA,q=4
8,4,4,expect_focus_pib_ny,36,0.246198763388114,NA,NA,NA,NA,q=4
8,4,4,expect_focus_pib_ny,37,0.24871282116438295,NA,NA,NA,NA,q=4
8,4,4,expect_focus_pib_ny,38,0.2504879845369617,NA,NA,NA,NA,q=4
8,4,4,expect_focus_pib_ny,39,0.2515201435938701,NA,NA,NA,NA,q=4
8,4,4,expect_focus_pib_ny,40,0.2518076560829506,NA,NA,NA,NA,q=4
8,4,4,expect_focus_pib_ny,41,0.25135130824512153,NA,NA,NA,NA,q=4
8,4,4,expect_focus_pib_ny,42,0.2501531820688232,NA,NA,NA,NA,q=4
8,4,4,expect_focus_pib_ny,43,0.24821946262421818,NA,NA,NA,NA,q=4
8,4,4,expect_focus_pib_ny,44,0.24556002314101213,NA,NA,NA,NA,q=4
8,4,4,expect_focus_pib_ny,45,0.24218748505655677,NA,NA,NA,NA,q=4
8,4,4,expect_focus_pib_ny,46,0.23811748667294577,NA,NA,NA,NA,q=4
8,4,4,expect_focus_pib_ny,47,0.23336864195142362,NA,NA,NA,NA,q=4
8,4,4,expect_focus_pib_ny,48,0.22796235793192124,NA,NA,NA,NA,q=4
8,4,4,expect_focus_cambio_ny,0,0.062461232078053215,NA,NA,NA,NA,q=4
8,4,4,expect_focus_cambio_ny,1,0.10270694401043447,NA,NA,NA,NA,q=4
8,4,4,expect_focus_cambio_ny,2,0.10911981790758522,NA,NA,NA,NA,q=4
8,4,4,expect_focus_cambio_ny,3,0.10950224112863392,NA,NA,NA,NA,q=4
8,4,4,expect_focus_cambio_ny,4,0.09673250712517932,NA,NA,NA,NA,q=4
8,4,4,expect_focus_cambio_ny,5,0.07220205921552113,NA,NA,NA,NA,q=4
8,4,4,expect_focus_cambio_ny,6,0.05336968117795512,NA,NA,NA,NA,q=4
8,4,4,expect_focus_cambio_ny,7,0.03724246072611504,NA,NA,NA,NA,q=4
8,4,4,expect_focus_cambio_ny,8,0.019161517509114587,NA,NA,NA,NA,q=4
8,4,4,expect_focus_cambio_ny,9,0.006366405182150881,NA,NA,NA,NA,q=4
8,4,4,expect_focus_cambio_ny,10,-0.0027789625472691643,NA,NA,NA,NA,q=4
8,4,4,expect_focus_cambio_ny,11,-0.011159196587059739,NA,NA,NA,NA,q=4
8,4,4,expect_focus_cambio_ny,12,-0.01869913878145785,NA,NA,NA,NA,q=4
8,4,4,expect_focus_cambio_ny,13,-0.02401389017961903,NA,NA,NA,NA,q=4
8,4,4,expect_focus_cambio_ny,14,-0.02778685554203841,NA,NA,NA,NA,q=4
8,4,4,expect_focus_cambio_ny,15,-0.031087422027219744,NA,NA,NA,NA,q=4
8,4,4,expect_focus_cambio_ny,16,-0.03337828001377458,NA,NA,NA,NA,q=4
8,4,4,expect_focus_cambio_ny,17,-0.0346748649031332,NA,NA,NA,NA,q=4
8,4,4,expect_focus_cambio_ny,18,-0.03562041482810485,NA,NA,NA,NA,q=4
8,4,4,expect_focus_cambio_ny,19,-0.0361677431123268,NA,NA,NA,NA,q=4
8,4,4,expect_focus_cambio_ny,20,-0.036242642849985914,NA,NA,NA,NA,q=4
8,4,4,expect_focus_cambio_ny,21,-0.03601311811721154,NA,NA,NA,NA,q=4
8,4,4,expect_focus_cambio_ny,22,-0.03554767629008802,NA,NA,NA,NA,q=4
8,4,4,expect_focus_cambio_ny,23,-0.03481566554713374,NA,NA,NA,NA,q=4
8,4,4,expect_focus_cambio_ny,24,-0.03384409654378129,NA,NA,NA,NA,q=4
8,4,4,expect_focus_cambio_ny,25,-0.03271463099672166,NA,NA,NA,NA,q=4
8,4,4,expect_focus_cambio_ny,26,-0.03145159787990317,NA,NA,NA,NA,q=4
8,4,4,expect_focus_cambio_ny,27,-0.030065780838010824,NA,NA,NA,NA,q=4
8,4,4,expect_focus_cambio_ny,28,-0.02860151364166574,NA,NA,NA,NA,q=4
8,4,4,expect_focus_cambio_ny,29,-0.027080925087837788,NA,NA,NA,NA,q=4
8,4,4,expect_focus_cambio_ny,30,-0.025507599050948723,NA,NA,NA,NA,q=4
8,4,4,expect_focus_cambio_ny,31,-0.023894604363981067,NA,NA,NA,NA,q=4
8,4,4,expect_focus_cambio_ny,32,-0.022253092027284913,NA,NA,NA,NA,q=4
8,4,4,expect_focus_cambio_ny,33,-0.020587258023020277,NA,NA,NA,NA,q=4
8,4,4,expect_focus_cambio_ny,34,-0.01890203956679715,NA,NA,NA,NA,q=4
8,4,4,expect_focus_cambio_ny,35,-0.017204582252166974,NA,NA,NA,NA,q=4
8,4,4,expect_focus_cambio_ny,36,-0.015500207367541019,NA,NA,NA,NA,q=4
8,4,4,expect_focus_cambio_ny,37,-0.013792611008749596,NA,NA,NA,NA,q=4
8,4,4,expect_focus_cambio_ny,38,-0.012086533777561038,NA,NA,NA,NA,q=4
8,4,4,expect_focus_cambio_ny,39,-0.01038660393496396,NA,NA,NA,NA,q=4
8,4,4,expect_focus_cambio_ny,40,-0.008696642452805,NA,NA,NA,NA,q=4
8,4,4,expect_focus_cambio_ny,41,-0.007020976685257298,NA,NA,NA,NA,q=4
8,4,4,expect_focus_cambio_ny,42,-0.0053643945041692235,NA,NA,NA,NA,q=4
8,4,4,expect_focus_cambio_ny,43,-0.0037316361529387966,NA,NA,NA,NA,q=4
8,4,4,expect_focus_cambio_ny,44,-0.0021275755683065087,NA,NA,NA,NA,q=4
8,4,4,expect_focus_cambio_ny,45,-5.572696401261325e-4,NA,NA,NA,NA,q=4
8,4,4,expect_focus_cambio_ny,46,9.742874797987472e-4,NA,NA,NA,NA,q=4
8,4,4,expect_focus_cambio_ny,47,0.0024622881907444983,NA,NA,NA,NA,q=4
8,4,4,expect_focus_cambio_ny,48,0.0039020867018253916,NA,NA,NA,NA,q=4
8,4,4,expect_focus_fiscal_dlsp_ny,0,-0.18143502997614488,NA,NA,NA,NA,q=4
8,4,4,expect_focus_fiscal_dlsp_ny,1,-0.12429366500243616,NA,NA,NA,NA,q=4
8,4,4,expect_focus_fiscal_dlsp_ny,2,-0.03575942807709574,NA,NA,NA,NA,q=4
8,4,4,expect_focus_fiscal_dlsp_ny,3,-0.028583510723940872,NA,NA,NA,NA,q=4
8,4,4,expect_focus_fiscal_dlsp_ny,4,0.006390770034765177,NA,NA,NA,NA,q=4
8,4,4,expect_focus_fiscal_dlsp_ny,5,-0.056013096952888565,NA,NA,NA,NA,q=4
8,4,4,expect_focus_fiscal_dlsp_ny,6,-0.08315565530445097,NA,NA,NA,NA,q=4
8,4,4,expect_focus_fiscal_dlsp_ny,7,-0.09480619248653639,NA,NA,NA,NA,q=4
8,4,4,expect_focus_fiscal_dlsp_ny,8,-0.1196724285195932,NA,NA,NA,NA,q=4
8,4,4,expect_focus_fiscal_dlsp_ny,9,-0.09670570054040863,NA,NA,NA,NA,q=4
8,4,4,expect_focus_fiscal_dlsp_ny,10,-0.05824532876299871,NA,NA,NA,NA,q=4
8,4,4,expect_focus_fiscal_dlsp_ny,11,-0.011989048110975634,NA,NA,NA,NA,q=4
8,4,4,expect_focus_fiscal_dlsp_ny,12,0.03529370781305605,NA,NA,NA,NA,q=4
8,4,4,expect_focus_fiscal_dlsp_ny,13,0.07992125058613934,NA,NA,NA,NA,q=4
8,4,4,expect_focus_fiscal_dlsp_ny,14,0.12793466278901205,NA,NA,NA,NA,q=4
8,4,4,expect_focus_fiscal_dlsp_ny,15,0.17226505169224876,NA,NA,NA,NA,q=4
8,4,4,expect_focus_fiscal_dlsp_ny,16,0.21388606347076272,NA,NA,NA,NA,q=4
8,4,4,expect_focus_fiscal_dlsp_ny,17,0.2577461075809988,NA,NA,NA,NA,q=4
8,4,4,expect_focus_fiscal_dlsp_ny,18,0.30006460154863734,NA,NA,NA,NA,q=4
8,4,4,expect_focus_fiscal_dlsp_ny,19,0.34026276132398037,NA,NA,NA,NA,q=4
8,4,4,expect_focus_fiscal_dlsp_ny,20,0.3788483680375473,NA,NA,NA,NA,q=4
8,4,4,expect_focus_fiscal_dlsp_ny,21,0.4148114783081225,NA,NA,NA,NA,q=4
8,4,4,expect_focus_fiscal_dlsp_ny,22,0.4476907714448501,NA,NA,NA,NA,q=4
8,4,4,expect_focus_fiscal_dlsp_ny,23,0.4775685485487481,NA,NA,NA,NA,q=4
8,4,4,expect_focus_fiscal_dlsp_ny,24,0.5049272621290186,NA,NA,NA,NA,q=4
8,4,4,expect_focus_fiscal_dlsp_ny,25,0.529834959369756,NA,NA,NA,NA,q=4
8,4,4,expect_focus_fiscal_dlsp_ny,26,0.5523294676146336,NA,NA,NA,NA,q=4
8,4,4,expect_focus_fiscal_dlsp_ny,27,0.5727553329326898,NA,NA,NA,NA,q=4
8,4,4,expect_focus_fiscal_dlsp_ny,28,0.5911238287841569,NA,NA,NA,NA,q=4
8,4,4,expect_focus_fiscal_dlsp_ny,29,0.6073773731176066,NA,NA,NA,NA,q=4
8,4,4,expect_focus_fiscal_dlsp_ny,30,0.621612406369284,NA,NA,NA,NA,q=4
8,4,4,expect_focus_fiscal_dlsp_ny,31,0.6338636390063063,NA,NA,NA,NA,q=4
8,4,4,expect_focus_fiscal_dlsp_ny,32,0.6441465847734409,NA,NA,NA,NA,q=4
8,4,4,expect_focus_fiscal_dlsp_ny,33,0.6525091264488362,NA,NA,NA,NA,q=4
8,4,4,expect_focus_fiscal_dlsp_ny,34,0.658997014894174,NA,NA,NA,NA,q=4
8,4,4,expect_focus_fiscal_dlsp_ny,35,0.663629352071668,NA,NA,NA,NA,q=4
8,4,4,expect_focus_fiscal_dlsp_ny,36,0.6664054973604826,NA,NA,NA,NA,q=4
8,4,4,expect_focus_fiscal_dlsp_ny,37,0.6673269957677864,NA,NA,NA,NA,q=4
8,4,4,expect_focus_fiscal_dlsp_ny,38,0.6663858061197752,NA,NA,NA,NA,q=4
8,4,4,expect_focus_fiscal_dlsp_ny,39,0.6635663996266514,NA,NA,NA,NA,q=4
8,4,4,expect_focus_fiscal_dlsp_ny,40,0.6588627490940664,NA,NA,NA,NA,q=4
8,4,4,expect_focus_fiscal_dlsp_ny,41,0.6522745465273816,NA,NA,NA,NA,q=4
8,4,4,expect_focus_fiscal_dlsp_ny,42,0.6438055158997839,NA,NA,NA,NA,q=4
8,4,4,expect_focus_fiscal_dlsp_ny,43,0.6334679605812192,NA,NA,NA,NA,q=4
8,4,4,expect_focus_fiscal_dlsp_ny,44,0.621282485623195,NA,NA,NA,NA,q=4
8,4,4,expect_focus_fiscal_dlsp_ny,45,0.6072772050460368,NA,NA,NA,NA,q=4
8,4,4,expect_focus_fiscal_dlsp_ny,46,0.5914885646674825,NA,NA,NA,NA,q=4
8,4,4,expect_focus_fiscal_dlsp_ny,47,0.5739624103097918,NA,NA,NA,NA,q=4
8,4,4,expect_focus_fiscal_dlsp_ny,48,0.5547538848858395,NA,NA,NA,NA,q=4
8,4,4,expect_focus_fiscal_primary_balance_ny,0,-0.11607749962635194,NA,NA,NA,NA,q=4
8,4,4,expect_focus_fiscal_primary_balance_ny,1,-0.10080107183887232,NA,NA,NA,NA,q=4
8,4,4,expect_focus_fiscal_primary_balance_ny,2,-0.11116638562928989,NA,NA,NA,NA,q=4
8,4,4,expect_focus_fiscal_primary_balance_ny,3,-0.12116687360947154,NA,NA,NA,NA,q=4
8,4,4,expect_focus_fiscal_primary_balance_ny,4,-0.0986189172541808,NA,NA,NA,NA,q=4
8,4,4,expect_focus_fiscal_primary_balance_ny,5,-0.06942898932597699,NA,NA,NA,NA,q=4
8,4,4,expect_focus_fiscal_primary_balance_ny,6,-0.06407312758027692,NA,NA,NA,NA,q=4
8,4,4,expect_focus_fiscal_primary_balance_ny,7,-0.049324133611733496,NA,NA,NA,NA,q=4
8,4,4,expect_focus_fiscal_primary_balance_ny,8,-0.03921179412371531,NA,NA,NA,NA,q=4
8,4,4,expect_focus_fiscal_primary_balance_ny,9,-0.03946751876880351,NA,NA,NA,NA,q=4
8,4,4,expect_focus_fiscal_primary_balance_ny,10,-0.040289862493215825,NA,NA,NA,NA,q=4
8,4,4,expect_focus_fiscal_primary_balance_ny,11,-0.04288105141929038,NA,NA,NA,NA,q=4
8,4,4,expect_focus_fiscal_primary_balance_ny,12,-0.043901610953259514,NA,NA,NA,NA,q=4
8,4,4,expect_focus_fiscal_primary_balance_ny,13,-0.045052467066435044,NA,NA,NA,NA,q=4
8,4,4,expect_focus_fiscal_primary_balance_ny,14,-0.04631737685177332,NA,NA,NA,NA,q=4
8,4,4,expect_focus_fiscal_primary_balance_ny,15,-0.04717480577254661,NA,NA,NA,NA,q=4
8,4,4,expect_focus_fiscal_primary_balance_ny,16,-0.0488719480226245,NA,NA,NA,NA,q=4
8,4,4,expect_focus_fiscal_primary_balance_ny,17,-0.05093728905683682,NA,NA,NA,NA,q=4
8,4,4,expect_focus_fiscal_primary_balance_ny,18,-0.05299414281507045,NA,NA,NA,NA,q=4
8,4,4,expect_focus_fiscal_primary_balance_ny,19,-0.055154398342257174,NA,NA,NA,NA,q=4
8,4,4,expect_focus_fiscal_primary_balance_ny,20,-0.05699827163758668,NA,NA,NA,NA,q=4
8,4,4,expect_focus_fiscal_primary_balance_ny,21,-0.058505384918749306,NA,NA,NA,NA,q=4
8,4,4,expect_focus_fiscal_primary_balance_ny,22,-0.059672310984334856,NA,NA,NA,NA,q=4
8,4,4,expect_focus_fiscal_primary_balance_ny,23,-0.06051743804515614,NA,NA,NA,NA,q=4
8,4,4,expect_focus_fiscal_primary_balance_ny,24,-0.06115986333100679,NA,NA,NA,NA,q=4
8,4,4,expect_focus_fiscal_primary_balance_ny,25,-0.06161182214328261,NA,NA,NA,NA,q=4
8,4,4,expect_focus_fiscal_primary_balance_ny,26,-0.061910670494490457,NA,NA,NA,NA,q=4
8,4,4,expect_focus_fiscal_primary_balance_ny,27,-0.06207902301260738,NA,NA,NA,NA,q=4
8,4,4,expect_focus_fiscal_primary_balance_ny,28,-0.062098039983859515,NA,NA,NA,NA,q=4
8,4,4,expect_focus_fiscal_primary_balance_ny,29,-0.061975006846521456,NA,NA,NA,NA,q=4
8,4,4,expect_focus_fiscal_primary_balance_ny,30,-0.06171430617357221,NA,NA,NA,NA,q=4
8,4,4,expect_focus_fiscal_primary_balance_ny,31,-0.06132369413417034,NA,NA,NA,NA,q=4
8,4,4,expect_focus_fiscal_primary_balance_ny,32,-0.06081856164249265,NA,NA,NA,NA,q=4
8,4,4,expect_focus_fiscal_primary_balance_ny,33,-0.060209101042670125,NA,NA,NA,NA,q=4
8,4,4,expect_focus_fiscal_primary_balance_ny,34,-0.0595046464452557,NA,NA,NA,NA,q=4
8,4,4,expect_focus_fiscal_primary_balance_ny,35,-0.05870853422444154,NA,NA,NA,NA,q=4
8,4,4,expect_focus_fiscal_primary_balance_ny,36,-0.0578192255860519,NA,NA,NA,NA,q=4
8,4,4,expect_focus_fiscal_primary_balance_ny,37,-0.05683400855057639,NA,NA,NA,NA,q=4
8,4,4,expect_focus_fiscal_primary_balance_ny,38,-0.05574765442854085,NA,NA,NA,NA,q=4
8,4,4,expect_focus_fiscal_primary_balance_ny,39,-0.05455487757105185,NA,NA,NA,NA,q=4
8,4,4,expect_focus_fiscal_primary_balance_ny,40,-0.05325107036952119,NA,NA,NA,NA,q=4
8,4,4,expect_focus_fiscal_primary_balance_ny,41,-0.05183172127124509,NA,NA,NA,NA,q=4
8,4,4,expect_focus_fiscal_primary_balance_ny,42,-0.050292946871599256,NA,NA,NA,NA,q=4
8,4,4,expect_focus_fiscal_primary_balance_ny,43,-0.04863131625073105,NA,NA,NA,NA,q=4
8,4,4,expect_focus_fiscal_primary_balance_ny,44,-0.04684397403803287,NA,NA,NA,NA,q=4
8,4,4,expect_focus_fiscal_primary_balance_ny,45,-0.04492889558581353,NA,NA,NA,NA,q=4
8,4,4,expect_focus_fiscal_primary_balance_ny,46,-0.04288503399233408,NA,NA,NA,NA,q=4
8,4,4,expect_focus_fiscal_primary_balance_ny,47,-0.04071262639661954,NA,NA,NA,NA,q=4
8,4,4,expect_focus_fiscal_primary_balance_ny,48,-0.03841327192009042,NA,NA,NA,NA,q=4
8,4,4,expect_focus_fiscal_nominal_balance_ny,0,-0.26975733168198135,NA,NA,NA,NA,q=4
8,4,4,expect_focus_fiscal_nominal_balance_ny,1,-0.26534426507842085,NA,NA,NA,NA,q=4
8,4,4,expect_focus_fiscal_nominal_balance_ny,2,-0.2668222544683862,NA,NA,NA,NA,q=4
8,4,4,expect_focus_fiscal_nominal_balance_ny,3,-0.27859016676717785,NA,NA,NA,NA,q=4
8,4,4,expect_focus_fiscal_nominal_balance_ny,4,-0.23122883290466648,NA,NA,NA,NA,q=4
8,4,4,expect_focus_fiscal_nominal_balance_ny,5,-0.1923446651945255,NA,NA,NA,NA,q=4
8,4,4,expect_focus_fiscal_nominal_balance_ny,6,-0.18237093532248738,NA,NA,NA,NA,q=4
8,4,4,expect_focus_fiscal_nominal_balance_ny,7,-0.15511700953056692,NA,NA,NA,NA,q=4
8,4,4,expect_focus_fiscal_nominal_balance_ny,8,-0.1389122267500199,NA,NA,NA,NA,q=4
8,4,4,expect_focus_fiscal_nominal_balance_ny,9,-0.12707909101076703,NA,NA,NA,NA,q=4
8,4,4,expect_focus_fiscal_nominal_balance_ny,10,-0.11249574191882049,NA,NA,NA,NA,q=4
8,4,4,expect_focus_fiscal_nominal_balance_ny,11,-0.09969358062327309,NA,NA,NA,NA,q=4
8,4,4,expect_focus_fiscal_nominal_balance_ny,12,-0.08428704224260938,NA,NA,NA,NA,q=4
8,4,4,expect_focus_fiscal_nominal_balance_ny,13,-0.07022983476844549,NA,NA,NA,NA,q=4
8,4,4,expect_focus_fiscal_nominal_balance_ny,14,-0.056646552674458166,NA,NA,NA,NA,q=4
8,4,4,expect_focus_fiscal_nominal_balance_ny,15,-0.04385064937640948,NA,NA,NA,NA,q=4
8,4,4,expect_focus_fiscal_nominal_balance_ny,16,-0.0334337341353187,NA,NA,NA,NA,q=4
8,4,4,expect_focus_fiscal_nominal_balance_ny,17,-0.023490213093548054,NA,NA,NA,NA,q=4
8,4,4,expect_focus_fiscal_nominal_balance_ny,18,-0.014196173779222734,NA,NA,NA,NA,q=4
8,4,4,expect_focus_fiscal_nominal_balance_ny,19,-0.0057684842549892415,NA,NA,NA,NA,q=4
8,4,4,expect_focus_fiscal_nominal_balance_ny,20,0.00257859555006821,NA,NA,NA,NA,q=4
8,4,4,expect_focus_fiscal_nominal_balance_ny,21,0.010585981269514608,NA,NA,NA,NA,q=4
8,4,4,expect_focus_fiscal_nominal_balance_ny,22,0.01818620202696401,NA,NA,NA,NA,q=4
8,4,4,expect_focus_fiscal_nominal_balance_ny,23,0.02540797657530792,NA,NA,NA,NA,q=4
8,4,4,expect_focus_fiscal_nominal_balance_ny,24,0.032178150072364436,NA,NA,NA,NA,q=4
8,4,4,expect_focus_fiscal_nominal_balance_ny,25,0.038541789105663526,NA,NA,NA,NA,q=4
8,4,4,expect_focus_fiscal_nominal_balance_ny,26,0.044496324510022056,NA,NA,NA,NA,q=4
8,4,4,expect_focus_fiscal_nominal_balance_ny,27,0.05010756591727161,NA,NA,NA,NA,q=4
8,4,4,expect_focus_fiscal_nominal_balance_ny,28,0.05542839266006941,NA,NA,NA,NA,q=4
8,4,4,expect_focus_fiscal_nominal_balance_ny,29,0.06044979352153094,NA,NA,NA,NA,q=4
8,4,4,expect_focus_fiscal_nominal_balance_ny,30,0.06519453193007495,NA,NA,NA,NA,q=4
8,4,4,expect_focus_fiscal_nominal_balance_ny,31,0.06966077352307487,NA,NA,NA,NA,q=4
8,4,4,expect_focus_fiscal_nominal_balance_ny,32,0.0738303134022993,NA,NA,NA,NA,q=4
8,4,4,expect_focus_fiscal_nominal_balance_ny,33,0.07770022364091354,NA,NA,NA,NA,q=4
8,4,4,expect_focus_fiscal_nominal_balance_ny,34,0.08126494680244,NA,NA,NA,NA,q=4
8,4,4,expect_focus_fiscal_nominal_balance_ny,35,0.08452117361846105,NA,NA,NA,NA,q=4
8,4,4,expect_focus_fiscal_nominal_balance_ny,36,0.08746783542918735,NA,NA,NA,NA,q=4
8,4,4,expect_focus_fiscal_nominal_balance_ny,37,0.0901038973331041,NA,NA,NA,NA,q=4
8,4,4,expect_focus_fiscal_nominal_balance_ny,38,0.0924290766655602,NA,NA,NA,NA,q=4
8,4,4,expect_focus_fiscal_nominal_balance_ny,39,0.09444129390279972,NA,NA,NA,NA,q=4
8,4,4,expect_focus_fiscal_nominal_balance_ny,40,0.09613949569376513,NA,NA,NA,NA,q=4
8,4,4,expect_focus_fiscal_nominal_balance_ny,41,0.0975241142350531,NA,NA,NA,NA,q=4
8,4,4,expect_focus_fiscal_nominal_balance_ny,42,0.09859621073530488,NA,NA,NA,NA,q=4
8,4,4,expect_focus_fiscal_nominal_balance_ny,43,0.099358903946585,NA,NA,NA,NA,q=4
8,4,4,expect_focus_fiscal_nominal_balance_ny,44,0.09981704760199568,NA,NA,NA,NA,q=4
8,4,4,expect_focus_fiscal_nominal_balance_ny,45,0.09997670236452269,NA,NA,NA,NA,q=4
8,4,4,expect_focus_fiscal_nominal_balance_ny,46,0.09984515430023132,NA,NA,NA,NA,q=4
8,4,4,expect_focus_fiscal_nominal_balance_ny,47,0.09943061950208082,NA,NA,NA,NA,q=4
8,4,4,expect_focus_fiscal_nominal_balance_ny,48,0.09874209314407363,NA,NA,NA,NA,q=4
