q,variable,h,point,lo68,hi68,lo90,hi90
5,yield_6m,0,0.005,0.005,0.005,0.005,0.005
5,yield_6m,1,0.006106291484822624,0.005325850433028682,0.006679902374653181,0.004891498909109532,0.007047518385557234
5,yield_6m,2,0.007131819726487489,0.00575013543550387,0.007960660927063863,0.004963760716863515,0.008716432721298751
5,yield_6m,3,0.008215131114005793,0.006390119483952699,0.009306723024056322,0.005292185592570423,0.010154923939802187
5,yield_6m,4,0.008676323309549615,0.006341922676436339,0.010293928465708771,0.004947922053136752,0.011315604495512782
5,yield_6m,5,0.008900104790380841,0.0062241125715320495,0.011127707006661797,0.0046169230055718965,0.012512257940039554
5,yield_6m,6,0.009067284580169267,0.006466504035191797,0.011900955774849212,0.004531288611270753,0.013681249176982069
5,yield_6m,7,0.008915967995547544,0.006232822721322758,0.012724107117283332,0.004289666827474578,0.014699191461046085
5,yield_6m,8,0.008619809267568185,0.006106297363620532,0.013056075354127755,0.003989025113471495,0.015485011033369744
5,yield_6m,9,0.00821714459465224,0.005923286013487777,0.01327869057327788,0.0034952683542987025,0.016104274441339227
5,yield_6m,10,0.007681540836704695,0.005458451628332003,0.013444056782168937,0.0032044968174974355,0.016632934154528357
5,yield_6m,11,0.007082454222257943,0.00490375919542171,0.013373924546731678,0.00279735896289042,0.016966728678064057
5,yield_6m,12,0.006425628144666768,0.004576410705854065,0.013182765947917272,0.0023974647651952194,0.017327686165207995
5,yield_6m,13,0.005718535440086314,0.004000480798158872,0.012792520357843739,0.0017666751228135832,0.01709576056211205
5,yield_6m,14,0.004987284689523274,0.0035340603205291634,0.012400021147632332,0.0012403712039468703,0.01695891210349727
5,yield_6m,15,0.004235552937459796,0.0029593684223405015,0.011956669457966529,5.675545089660461e-4,0.01661525014409667
5,yield_6m,16,0.003472755585871563,0.0023183879662505057,0.011485358429676566,-1.8591974702491454e-5,0.01600116528699258
5,yield_6m,17,0.0027110492882495125,0.001702326953277492,0.010984595384170553,-6.1492177928935e-4,0.015603779520764178
5,yield_6m,18,0.0019550003762546036,0.001048127120477029,0.01048337147475829,-0.0012185256639373804,0.015111109733351375
5,yield_6m,19,0.0012116983440297764,2.7961494572392855e-4,0.009825032018359213,-0.0017718629799351882,0.01448346285305436
5,yield_6m,20,4.8803579125737136e-4,-3.7196524341142945e-4,0.008984012634895564,-0.002452158131043084,0.013979745712710006
5,yield_6m,21,-2.1174913678825247e-4,-9.294819644134971e-4,0.008314290203536452,-0.0031163780140369304,0.013133726111208187
5,yield_6m,22,-8.826276736229104e-4,-0.0015572053621863825,0.007530080692827934,-0.003784141840535652,0.012467801390706947
5,yield_6m,23,-0.0015201779038827073,-0.002043540911363273,0.006981965205767512,-0.0044456605323104845,0.011836625494112477
5,yield_6m,24,-0.002121120177125247,-0.002730844534442387,0.006323176385295514,-0.0052427830977436534,0.010956998570837694
5,yield_6m,25,-0.002682246003724553,-0.003343923757813591,0.0055569319230302375,-0.005697601065000841,0.010272478093775576
5,yield_6m,26,-0.003200958344787604,-0.0038718285134110965,0.004922994695246261,-0.00641870092614431,0.00960912380176622
5,yield_6m,27,-0.0036753700139564383,-0.004427276677560407,0.004304634998739412,-0.006894326041979004,0.008995624667258577
5,yield_6m,28,-0.004103983269709989,-0.0048908749888951115,0.003682776092155877,-0.007412904759215948,0.008291779137256221
5,yield_6m,29,-0.004485841033941588,-0.005340783201473751,0.0032129720081265157,-0.008096504296932238,0.007764347124255673
5,yield_6m,30,-0.0048205206770071405,-0.005671344379102385,0.0028044908223775426,-0.008260062608331922,0.007142093023237215
5,yield_6m,31,-0.0051080279122749294,-0.006005149364972968,0.0023986747297240073,-0.008694463614181386,0.006627098203825481
5,yield_6m,32,-0.005348810207689085,-0.006353820178693214,0.0019926634256830474,-0.009105404357578057,0.006270319008622243
5,yield_6m,33,-0.0055437206340849575,-0.006545263162487851,0.0016947614784196586,-0.009527781351834472,0.005661887440036216
5,yield_6m,34,-0.005693964714953516,-0.00675289695994255,0.001382380050034616,-0.009671926488903467,0.005321572990516419
5,yield_6m,35,-0.005801072655808698,-0.006815171938450501,0.0011042091581963084,-0.009564527549321071,0.004971033650105302
5,yield_6m,36,-0.005866857048537237,-0.0069322904187859476,7.646853680988942e-4,-0.009678961247818287,0.004609477830149552
5,yield_6m,37,-0.005893371963844844,-0.006987459554718561,4.6718330794654275e-4,-0.009871181257901993,0.004359759325353405
5,yield_6m,38,-0.005882877103792462,-0.006941120275394463,3.0392330797585304e-4,-0.009881725513050495,0.004075242584671436
5,yield_6m,39,-0.005837798749006409,-0.006920067556271798,2.1769302117669454e-4,-0.00970641933141477,0.003843201737239992
5,yield_6m,40,-0.005760694445743277,-0.006894120377418001,1.81947091674312e-4,-0.009755463770413293,0.0036663975422649483
5,yield_6m,41,-0.0056542197413057835,-0.006791766487354658,2.396310462387963e-4,-0.009879794869720338,0.0036262878515069047
5,yield_6m,42,-0.005521095471009107,-0.006646107367985592,2.4756811853371397e-4,-0.009623143857409821,0.0034624154162214106
5,yield_6m,43,-0.0053640783080004676,-0.006619567259386558,3.151026377890985e-4,-0.009427877181319056,0.0034415172975697287
5,yield_6m,44,-0.005185933326269035,-0.006545799976741783,4.6573631965512107e-4,-0.009185841404994661,0.0033597436081188492
5,yield_6m,45,-0.004989408337784516,-0.006477377688709058,6.658842449855046e-4,-0.009033708914522242,0.0032326196407818247
5,yield_6m,46,-0.004777210943358084,-0.006372856558526579,7.685065064994516e-4,-0.008718237233155193,0.0031836862643686193
5,yield_6m,47,-0.004551987730169766,-0.006243916244713725,8.855986262508715e-4,-0.00854895091757851,0.0033729272024894934
5,yield_6m,48,-0.00431630555612455,-0.005971241180072594,9.600878323878106e-4,-0.008428333868643062,0.0034188615809897746
5,yield_2y,0,0.0072818768605230405,0.006360500551341575,0.008073306628978105,0.0057899870322121565,0.008697465927125524
5,yield_2y,1,0.00880090748602107,0.007025391720466557,0.009869490762463861,0.006212874580591792,0.010879956156759454
5,yield_2y,2,0.00893956547244175,0.0066614772723909395,0.010176095898502692,0.005460403996499266,0.011670568220630352
5,yield_2y,3,0.010512101426715745,0.00778882487446245,0.011815048237046466,0.006426440833996708,0.013402343780761989
5,yield_2y,4,0.010867167282974113,0.00770206785672399,0.012808990587434364,0.0060609586889813745,0.014686101265148972
5,yield_2y,5,0.010467949166188687,0.007069084119523672,0.013150691133601032,0.0055606888413343184,0.015272582364978695
5,yield_2y,6,0.010358008158253234,0.007042915900722392,0.01383223546200887,0.005472648574871643,0.016429802957783107
5,yield_2y,7,0.009914949081293103,0.006765897320971751,0.014290382208044594,0.0049264123478164395,0.0174669707225889
5,yield_2y,8,0.009132971018330613,0.006287116556778532,0.01432516129902975,0.004133621160606758,0.018175543085312582
5,yield_2y,9,0.00834525720672251,0.005903238227250841,0.01421322219927272,0.00370803127822232,0.018600215337966065
5,yield_2y,10,0.007490703043753512,0.005368991622886704,0.013977735322914568,0.0031592705661084046,0.019075408808588903
5,yield_2y,11,0.006550762650302041,0.004624189791416702,0.013677038893648116,0.0025468041671447045,0.01908215115438172
5,yield_2y,12,0.005603472124477015,0.003943024061507622,0.013285841545884967,0.001830120735373737,0.01904687344226953
5,yield_2y,13,0.004658880860871214,0.0033625735219526393,0.012962665263060181,0.0010459824332432698,0.018417967076511443
5,yield_2y,14,0.0037176165160065656,0.0026140269997893375,0.012381549640382579,4.293250708195577e-4,0.018295234930433998
5,yield_2y,15,0.0027911051577494965,0.001926546809514398,0.01180593972512033,-3.8288301017632483e-4,0.018011003985657005
5,yield_2y,16,0.0018917288333745934,0.0011866298704467056,0.011095107726191067,-0.0010386240946965702,0.017534885948689252
5,yield_2y,17,0.0010234477457525192,3.1710562148219175e-4,0.010505812616707182,-0.0018240830976692097,0.016695226403666046
5,yield_2y,18,1.875048255166811e-4,-4.120643658795686e-4,0.009615563987915793,-0.002667703621091218,0.015909146819446218
5,yield_2y,19,-6.092190280441497e-4,-0.001130756471215841,0.00894662713622066,-0.003567585844470558,0.014974384832154124
5,yield_2y,20,-0.0013632350028718663,-0.001823885909177002,0.008164001411455029,-0.0042944072880514664,0.013792398705133994
5,yield_2y,21,-0.0020737885285631334,-0.002515998428988006,0.0074102680888025445,-0.005073440366893875,0.013161732302602005
5,yield_2y,22,-0.0027371969187933677,-0.0031275501142529077,0.006594898241959336,-0.005873915055543191,0.012608357925603235
5,yield_2y,23,-0.0033508297490203853,-0.003787859300005419,0.006005737328793714,-0.006583496504874293,0.011652826008221644
5,yield_2y,24,-0.003913815175503986,-0.00439626672586369,0.005307377600765446,-0.00708895006341061,0.01107521656768685
5,yield_2y,25,-0.004424414989484835,-0.004998373439517182,0.004602244653358151,-0.007705754858551408,0.010306734143182936
5,yield_2y,26,-0.004881355900482528,-0.0055551895004424,0.003984886784329843,-0.008250572084142014,0.009442652051939168
5,yield_2y,27,-0.005284428282493733,-0.006009846968694856,0.0033902189475083053,-0.008637165647166177,0.008477367970279077
5,yield_2y,28,-0.0056335011079014065,-0.00644745492707348,0.003002889762529301,-0.009105536631370453,0.008013660367951475
5,yield_2y,29,-0.005928815097172242,-0.0067911749148166145,0.0026295275896791818,-0.009515879882088487,0.007406445427205308
5,yield_2y,30,-0.006171260120399757,-0.0070839796738847,0.0022996116176132743,-0.009855112642209816,0.0067495727202842104
5,yield_2y,31,-0.006362060536246509,-0.00724221949980329,0.001914556231723443,-0.010205598347812586,0.006124058966343717
5,yield_2y,32,-0.006502768960836879,-0.00739098671415796,0.0013344558598672807,-0.010379585576280466,0.005708866624753639
5,yield_2y,33,-0.006595337567307818,-0.007472482507614404,0.001091895864755639,-0.010790155189718476,0.005299454359318403
5,yield_2y,34,-0.006642015211200024,-0.007636862648181289,8.068785662900295e-4,-0.010831616252116821,0.005154746551321946
5,yield_2y,35,-0.006645290298980663,-0.007659813858616056,5.205222962077246e-4,-0.010981995846678607,0.004880624537064929
5,yield_2y,36,-0.00660787712607807,-0.007639130799396884,3.0451405147707703e-4,-0.010875416988448572,0.004616855554048868
5,yield_2y,37,-0.006532666953358165,-0.007570004663283794,2.2792875958104196e-4,-0.010873959671159504,0.004346694129720838
5,yield_2y,38,-0.006422677688926667,-0.0074501397159334,2.0081349911330344e-4,-0.010865101450248521,0.0043754569005277685
5,yield_2y,39,-0.006281019724130899,-0.007410907452873486,2.831107137542427e-4,-0.01086946569359643,0.0043905443316218686
5,yield_2y,40,-0.006110861352573212,-0.007316155964073657,3.7289227007119934e-4,-0.010682042892344916,0.00428506579446315
5,yield_2y,41,-0.005915391591203815,-0.007161803065868986,5.261257760958659e-4,-0.010566794957586782,0.0041924258162853965
5,yield_2y,42,-0.005697788705352178,-0.007161890396372917,6.170253473912775e-4,-0.010422917040997116,0.004053957809468604
5,yield_2y,43,-0.00546119350895784,-0.006911598178025384,8.289245165106076e-4,-0.009957339052470988,0.0039807789853665764
5,yield_2y,44,-0.005208683179177829,-0.006895598086167199,9.899991571844784e-4,-0.009857042541531925,0.0038546901791398805
5,yield_2y,45,-0.004943247940389028,-0.006771837621437566,0.001087670168260324,-0.009640366251861014,0.003945788607738975
5,yield_2y,46,-0.004667771813507382,-0.006599859541476579,0.0011629286733570669,-0.009396507114172808,0.004079463910137991
5,yield_2y,47,-0.004385015299214144,-0.006433873353959747,0.0013507649820506005,-0.009309494214195226,0.003980497537647127
5,yield_2y,48,-0.00409760029951163,-0.006222439962935803,0.0015222884051788559,-0.009036781580995567,0.004350956455416281
5,yield_5y,0,0.007483092668287027,0.006081364555642693,0.008795120184003965,0.005350075694507213,0.009911951135463719
5,yield_5y,1,0.00870836214705881,0.006495543804486304,0.010157918200280405,0.005501401823981536,0.011457774070816334
5,yield_5y,2,0.0079040526884599609,0.00548490752079419,0.009466369027399313,0.004277796553768048,0.011125573165591878
5,yield_5y,3,0.009681211070190822,0.006793025640477434,0.010962735657054863,0.005519309155282781,0.01283085925705409
5,yield_5y,4,0.00986649548728772,0.006748988391337593,0.011491239309058212,0.0051670413850826635,0.01379450861232191
5,yield_5y,5,0.009050896852285484,0.005938527131534775,0.011323848007235593,0.004339609275088533,0.01374856639393979
5,yield_5y,6,0.008867746196993166,0.005792904600286288,0.011804712428707904,0.004438987572232311,0.014076948131246117
5,yield_5y,7,0.008353483057261727,0.0055389936236849135,0.012079376332222535,0.004206552887802067,0.014810017175460507
5,yield_5y,8,0.007420172981632551,0.005001677432841382,0.011883346227846104,0.0034441665353418124,0.01511105032972005
5,yield_5y,9,0.006597850857850561,0.004507847464005578,0.011702985633974356,0.002791999462713265,0.015217581016552765
5,yield_5y,10,0.005758918676714615,0.003912608109237731,0.011484130708283214,0.0022244973629629928,0.015533187303696148
5,yield_5y,11,0.0048310179224204585,0.00332384288812087,0.011100208367580803,0.0015219192435023511,0.015433231422607526
5,yield_5y,12,0.003941215995882179,0.0026689539514231377,0.010757978790379543,0.0010217669315429954,0.015151766094895106
5,yield_5y,13,0.0030863310122097205,0.0020284977978909423,0.010140670002001459,3.783342457755531e-4,0.014732201790144268
5,yield_5y,14,0.0022478886284818035,0.0014618307030277583,0.009500428745939246,-4.40975300200494e-4,0.014536065726258984
5,yield_5y,15,0.0014434546356959959,6.662924530002632e-4,0.009028404659945666,-0.0010804392866452697,0.014222030823525328
5,yield_5y,16,6.824782627796802e-4,8.989951030362937e-6,0.008499693435593992,-0.0017566230860712533,0.013405899713926556
5,yield_5y,17,-3.82537418824598e-5,-5.584834731278155e-4,0.007915152936841374,-0.0025297831626352107,0.012881961492499249
5,yield_5y,18,-7.196691330371741e-4,-0.0012654194907624507,0.007277889025625818,-0.0032896769753069212,0.012360604126819793
5,yield_5y,19,-0.0013563759014463966,-0.0017784521018994297,0.006639187842292222,-0.0039497645620310395,0.011535773319640872
5,yield_5y,20,-0.0019480461639689076,-0.0023074809488376666,0.006015576185895108,-0.004577933168304294,0.010785793177638033
5,yield_5y,21,-0.002496476997226036,-0.0028740781865514648,0.005304663188304764,-0.005124947769451936,0.01034430034408192
5,yield_5y,22,-0.0029992608090180168,-0.003460451486000462,0.004702295306191507,-0.0055389726538344,0.009496739608736048
5,yield_5y,23,-0.003455355693036844,-0.003971383910654356,0.004107686708681066,-0.005981528047917623,0.008553987144059479
5,yield_5y,24,-0.003865651409128897,-0.0045043531365826376,0.003634398629462565,-0.006551036107790212,0.008020497293501858
5,yield_5y,25,-0.0042294422780677285,-0.00487983027312058,0.003038936284127207,-0.006957524872186328,0.007437959735526814
5,yield_5y,26,-0.004546368704904275,-0.005252570513695913,0.002615441752509377,-0.007384860414299325,0.006730547458733895
5,yield_5y,27,-0.004817253299375912,-0.005600238851623893,0.0023390512134852767,-0.007709938560306412,0.006218172297621984
5,yield_5y,28,-0.0050426616684420686,-0.005799896393427067,0.0019481892621960584,-0.008057046505382697,0.0056958693096992846
5,yield_5y,29,-0.005223350245030373,-0.005944898833157441,0.0014553876554871316,-0.00841059093170694,0.005207488875514177
5,yield_5y,30,-0.005360714563574044,-0.006128335293422919,0.0011225210883923189,-0.008676546002527775,0.005059173246618507
5,yield_5y,31,-0.0054563196397308675,-0.006264198213794605,8.089425095462441e-4,-0.008884591660382708,0.004752887653891093
5,yield_5y,32,-0.005511911410796809,-0.006356891932645639,5.76863754860124e-4,-0.009140644831196271,0.004473991662114909
5,yield_5y,33,-0.005529566309088134,-0.006360366575755279,4.154098668182995e-4,-0.00916877050365375,0.003963916653065149
5,yield_5y,34,-0.0055115533539385475,-0.006388080690939688,2.760501256103037e-4,-0.009253296041040401,0.0038015867416357
5,yield_5y,35,-0.005460274400253031,-0.0063604969464193094,1.480079719452362e-4,-0.009398907289477527,0.0034896204815681765
5,yield_5y,36,-0.005378281193975446,-0.006363730416053014,1.0972557348397978e-4,-0.00956451361011175,0.003166088184436132
5,yield_5y,37,-0.005268226876008099,-0.006305496352247622,0.00018314449623291866,-0.00955667732536233,0.0030644184667192697
5,yield_5y,38,-0.0051328172447986644,-0.006224585224457058,1.7132029827673716e-4,-0.009547264221427149,0.0031567567208022887
5,yield_5y,39,-0.004974790223941529,-0.0061994459866633565,2.617688562678627e-4,-0.009502522558709404,0.0029301930084214226
5,yield_5y,40,-0.004796889163936429,-0.006180578097709015,3.1752207002470775e-4,-0.009452683445966413,0.0030255700891964605
5,yield_5y,41,-0.004601831172453155,-0.006073921387648054,4.296625976469209e-4,-0.00905152241129377,0.003089669983005326
5,yield_5y,42,-0.004392284220062144,-0.0059931550332906,6.280348145533538e-4,-0.008883241964248627,0.003140604481365723
5,yield_5y,43,-0.004170848536776768,-0.005773050054806627,7.697430239212695e-4,-0.008900944858157267,0.002973215813107383
5,yield_5y,44,-0.003940036985139835,-0.005635925879792168,9.243591511035559e-4,-0.008649730169603527,0.0030980058236416788
5,yield_5y,45,-0.003702258532955869,-0.0054944979408974755,9.934753120044327e-4,-0.008552044310068056,0.0031092684049106433
5,yield_5y,46,-0.003459805808889499,-0.005314767231734513,0.0011514571773549537,-0.008522190859431351,0.00322109116879734
5,yield_5y,47,-0.003214843745265653,-0.005157063213649428,0.0013280653236080102,-0.008309940487775136,0.003325472776282156
5,yield_5y,48,-0.002969399997748486,-0.005049525397720477,0.0015304329066286385,-0.008040328717156835,0.003448676065120399
5,cambio_usd,0,0.15385505120831833,0.11342947845549267,0.1877512434952768,0.09490752244322509,0.2166332331650578
5,cambio_usd,1,0.16310072804933617,0.11850977560105788,0.21847252821047,0.08512711676558778,0.2573779334587863
5,cambio_usd,2,0.13194898839500258,0.0844769181218616,0.1969616089844254,0.04551857723736264,0.238193718266346
5,cambio_usd,3,0.13763004744550292,0.08700851634218273,0.19692510509605876,0.041743006397827964,0.24067212163395107
5,cambio_usd,4,0.1265521149429126,0.07096346882670018,0.1945990243764661,0.024980232510246392,0.23827759904548484
5,cambio_usd,5,0.09235065681310324,0.03791870019430703,0.1643227835392559,-0.00993289584243237,0.21289573785270433
5,cambio_usd,6,0.07625946770078883,0.020433378638773037,0.15774835738956222,-0.023755098325351054,0.2027287565375148
5,cambio_usd,7,0.05842612242633994,0.005474403330589055,0.14727870658261677,-0.04139856202008578,0.19052975801323263
5,cambio_usd,8,0.031900773375332946,-0.016662405404388195,0.13069024543480973,-0.06140963336033124,0.1801666794158518
5,cambio_usd,9,0.01166815591747475,-0.029948018206005924,0.11433122063465423,-0.078239407176105,0.16566461505919852
5,cambio_usd,10,-0.005985599792726855,-0.04603777596517297,0.10097574029304787,-0.092787940406292,0.1523151974231965
5,cambio_usd,11,-0.024601960743082713,-0.05813041328913802,0.09054481692203094,-0.11057419248071763,0.13551412855166556
5,cambio_usd,12,-0.03972559888860237,-0.07166877937157483,0.079472419423408,-0.1252420701721443,0.12423774566768483
5,cambio_usd,13,-0.052247091919894365,-0.08299293009575556,0.06652332655334285,-0.13705688371971836,0.11327120713165355
5,cambio_usd,14,-0.06354360298729732,-0.09427730717781405,0.05489613564241025,-0.14877915895429072,0.10053959947285501
5,cambio_usd,15,-0.07269513775338311,-0.1008027484463691,0.044051891316862844,-0.15563696162350654,0.08927700890901039
5,cambio_usd,16,-0.07990690686853183,-0.10924769962050103,0.03466403475008778,-0.16471379139354225,0.07958584214535634
5,cambio_usd,17,-0.08571608308404459,-0.11916396381935584,0.026541154742396413,-0.170495826177954,0.07097884822410924
5,cambio_usd,18,-0.090080490733415,-0.12300287239252478,0.01985104442065156,-0.17722618718487163,0.05939478417164079
5,cambio_usd,19,-0.09308781181095764,-0.12930402982737071,0.011885935545973482,-0.1835330887001072,0.05416707142059407
5,cambio_usd,20,-0.0949655819537851,-0.13093507318287942,0.007125093546466666,-0.18623419708189434,0.049804881559343844
5,cambio_usd,21,-0.0958271815886579,-0.13290914925572148,0.0018951022176875772,-0.19263038371490004,0.042616425716244286
5,cambio_usd,22,-0.09574595753668277,-0.1335943528829601,-0.0028970149855477327,-0.19052534849228545,0.0409458001007758
5,cambio_usd,23,-0.09482868487126309,-0.1350456304928953,-0.006243443903761538,-0.19099067039084724,0.037241156213537054
5,cambio_usd,24,-0.09317888890086129,-0.13504681734477803,-0.007355114621683966,-0.1906765480169048,0.033049142663190666
5,cambio_usd,25,-0.09086573977458186,-0.13569861924050564,-0.009206245888198916,-0.19143867411235377,0.03159193818040934
5,cambio_usd,26,-0.08795884309961295,-0.1351291983499205,-0.009515705879647715,-0.19051935706198697,0.031041881700775292
5,cambio_usd,27,-0.08453847999292087,-0.13320754752226385,-0.009071311282310156,-0.18700207848711778,0.03135408529407389
5,cambio_usd,28,-0.08067093931075542,-0.1301003091144028,-0.009940065158678598,-0.186478535554774,0.031588916645728465
5,cambio_usd,29,-0.07641744881614104,-0.12631802578449874,-0.007443684615672546,-0.1819244252325977,0.031031952370114774
5,cambio_usd,30,-0.07184457976201496,-0.12266358729916045,-0.0071929079144713096,-0.17862060483650202,0.03143050094234412
5,cambio_usd,31,-0.06701402032881855,-0.11882902199865449,-0.004743718279320632,-0.17277970903474435,0.03501584799679917
5,cambio_usd,32,-0.061982957986518726,-0.11727099301943315,-0.001025914888505872,-0.16706909677778378,0.036721452293910974
5,cambio_usd,33,-0.05680882203112719,-0.11354657385737062,0.0024674255896429626,-0.16373054213195568,0.03877317519365777
5,cambio_usd,34,-0.05154602560357203,-0.10931597379836294,0.00464509050478889,-0.15617960451973348,0.04240467101315238
5,cambio_usd,35,-0.04624498725436509,-0.10678137071380678,0.008697790073779311,-0.15342551196073456,0.04405226710347669
5,cambio_usd,36,-0.040953624578522134,-0.10228606405436165,0.011545997184506942,-0.14845211962769841,0.04906127238887232
5,cambio_usd,37,-0.03571648568753217,-0.09861454966451134,0.01619311508843116,-0.14515772908000585,0.051342078647099346
5,cambio_usd,38,-0.03057411722245814,-0.09360381322857772,0.022406307165440367,-0.14000893938448938,0.052285743949368545
5,cambio_usd,39,-0.025563421200786456,-0.08828855285302167,0.026206671689473507,-0.13443118327835402,0.05719306670175442
5,cambio_usd,40,-0.020717507430153215,-0.0828522333193115,0.02921633726952944,-0.1280029657217253,0.060483681804390975
5,cambio_usd,41,-0.0160654855584658,-0.07946254795223341,0.03372555554700751,-0.12446838762790369,0.06716158467973722
5,cambio_usd,42,-0.01163258453113383,-0.07540796496125549,0.03832321715756751,-0.12296720628382106,0.07343640835636327
5,cambio_usd,43,-0.007440234972729189,-0.07258092972961036,0.04214049248971797,-0.11964742766728338,0.0777477995941134
5,cambio_usd,44,-0.0035061124618585705,-0.07015792708240949,0.044313107989216664,-0.1172981320476448,0.08221977653234581
5,cambio_usd,45,1.5572506976401382e-4,-0.06754035248718315,0.04781885426991036,-0.10988095863499077,0.08467689597199404
5,cambio_usd,46,0.0035346646443164425,-0.06311922621904177,0.05142849922688024,-0.10415179336312677,0.08888964609356714
5,cambio_usd,47,0.006623373488523188,-0.05787357571205558,0.05521783631637145,-0.10216525219537921,0.09701804196841284
5,cambio_usd,48,0.009417611284939831,-0.05403761262786977,0.059010981086103406,-0.09952563390804946,0.1025990704500626
5,cds_5y,0,30.704019331000183,24.052595950252254,38.65153839520801,19.19525689922196,46.18594228890527
5,cds_5y,1,31.836276182779113,22.429737710403984,42.08635461574703,16.78880436984536,49.00289252601633
5,cds_5y,2,22.91142201731871,13.763474125112783,33.20005922870909,8.714362721177583,41.12808950126217
5,cds_5y,3,30.584546587253822,19.57584760118674,39.21097966963114,13.442726822797551,46.84924417617402
5,cds_5y,4,29.971820012060217,18.40901063831094,38.474923005538805,12.396818207522195,46.4264344811088
5,cds_5y,5,24.267861203615464,13.370773571493661,33.57229272115199,6.737464557256711,40.83495175053936
5,cds_5y,6,23.533517249416555,13.130881081449594,33.757636995107944,6.916212264605264,40.96095905146943
5,cds_5y,7,21.29527214992363,12.024171151261507,33.06322135835202,6.40961499376231,41.57602151268196
5,cds_5y,8,17.06370129056539,9.034877426530187,31.3416346716295,3.6826051772439263,40.49353079302769
5,cds_5y,9,14.138722399252465,7.588941258399999,30.39771385159638,3.029460899944507,39.18783059116487
5,cds_5y,10,11.352268192918997,5.916783150578359,29.1431155169179,1.0438647503347094,37.85964690243226
5,cds_5y,11,8.202770110731333,3.92361444534253,27.09377493628119,-1.271714099079706,36.44992513131014
5,cds_5y,12,5.525327795314586,1.807087347447528,25.059165391262304,-2.9389235274998255,35.2232086948427
5,cds_5y,13,3.1325767677916896,0.1743549589991722,23.268480544551043,-5.364438756317837,33.42111238339606
5,cds_5y,14,0.8436031636919511,-1.2894790704241412,21.51299339751205,-7.69078050733141,32.33920281738443
5,cds_5y,15,-1.2072177893837945,-2.8839790193114303,19.955194568676923,-9.870442615341052,30.96624278494599
5,cds_5y,16,-3.028076597846253,-4.639719013571256,18.02320951645109,-11.716634658523848,29.45595972728794
5,cds_5y,17,-4.67830829585917,-6.3777327742063274,16.4859825256118,-13.320064860830932,27.187783897141173
5,cds_5y,18,-6.162684957649874,-7.739023053649328,14.678176241371244,-14.93845908707354,25.02624976653754
5,cds_5y,19,-7.472852804939045,-9.338485860512105,13.008306543689592,-16.566719621063218,23.526037655941643
5,cds_5y,20,-8.627855085395888,-10.856613327094054,11.483053368496222,-18.81228984659201,22.072516957606176
5,cds_5y,21,-9.645716942265661,-12.039252048554415,9.736538040287634,-20.616340458981217,20.382139707445603
5,cds_5y,22,-10.523134925183742,-13.258205340854797,8.214927971168677,-21.594195593879064,18.431682600660373
5,cds_5y,23,-11.264987034977983,-14.281339074993939,7.002202037567251,-22.391794297117457,16.94093487079207
5,cds_5y,24,-11.88319660297698,-15.16794248058565,5.98042221638606,-23.451365313166846,15.757302823626288
5,cds_5y,25,-12.379203196291863,-15.796676342857484,4.727691110605119,-24.397987979089216,14.950276654923567
5,cds_5y,26,-12.755744883307086,-16.315782521980694,3.8914757868171748,-25.111268594950747,13.678674366073933
5,cds_5y,27,-13.020641298882392,-16.93615631460377,2.9168831323085467,-25.548608278273594,12.155210662087072
5,cds_5y,28,-13.17851306419409,-17.55288962678,2.083832172505765,-25.035884560741646,10.959307821527227
5,cds_5y,29,-13.233883372510123,-17.912984570048664,1.3340412294574115,-26.17944459547828,10.592918564695616
5,cds_5y,30,-13.19373095173886,-17.868140095019903,0.6329029768314496,-26.390544525983035,9.777302318658949
5,cds_5y,31,-13.064590448444239,-18.243581360304933,0.6210681445871652,-26.360506410858275,8.802649345513897
5,cds_5y,32,-12.85288943646579,-18.052710576359186,0.3131164416584668,-26.686200056537857,7.934701363867149
5,cds_5y,33,-12.565979622471236,-18.38581797165661,0.07279056711416705,-27.188517784938995,7.3721928416207065
5,cds_5y,34,-12.211309047184441,-18.42581739965853,0.14458124573920156,-27.368385468860904,7.350394007969135
5,cds_5y,35,-11.79623903475913,-18.170343473361175,0.11342318505373278,-26.972790981280028,6.787529340632257
5,cds_5y,36,-11.328313732065743,-18.006220232418404,0.24859100144506263,-26.0187036997409,6.784483705639143
5,cds_5y,37,-10.815046793090993,-17.690806212044606,0.33512874669588993,-25.546628883386756,6.089248712701991
5,cds_5y,38,-10.263762284906848,-17.469963187505357,0.4778914276678786,-25.054632144807492,5.908380897652464
5,cds_5y,39,-9.681613850255793,-17.00589849967086,0.6913519406290636,-25.084548560828058,6.0088331399763195
5,cds_5y,40,-9.075523859491648,-16.478763199600895,1.1015629406102612,-25.0359873013124,5.748748053449757
5,cds_5y,41,-8.452100372604576,-15.8393020788645,1.5750857969028966,-24.955324806524807,5.940767078773321
5,cds_5y,42,-7.817608897770042,-15.54848483540966,2.215555578899086,-24.77478717240007,6.1899773095708595
5,cds_5y,43,-7.177949880563739,-15.165369441662202,2.581645312211727,-23.92761487171971,7.027174609824762
5,cds_5y,44,-6.538623832873826,-14.967827484283488,3.2104799582424026,-22.969334599593267,7.541736171544968
5,cds_5y,45,-5.904710991459752,-14.37702291326495,3.5964470606951044,-22.54474793415702,8.33138695774706
5,cds_5y,46,-5.2808642391783405,-13.828679322286112,4.10190958668065,-22.28038881366814,8.82436727906376
5,cds_5y,47,-4.671300113615523,-13.56930048668485,4.874406736300011,-21.418759468437518,9.644266531971999
5,cds_5y,48,-4.079793954298028,-12.768576389479772,5.3131874148408835,-21.0949670761883,10.28435513134288
5,asset_ibov,0,-0.9679848905934691,-3.409703274208134,0.3081095474464708,-5.03313620334802,1.5631850676433807
5,asset_ibov,1,-1.3781977229146034,-2.646876193819539,0.7154474529931429,-3.706562151791379,2.071425305750808
5,asset_ibov,2,1.8927024691324086,0.3179845602673999,4.213871531767372,-0.8442450958111779,5.704002643839158
5,asset_ibov,3,-0.10056072341812056,-0.8581759853680715,2.940117405846979,-2.1905821115107753,4.151262531871642
5,asset_ibov,4,-0.030014824072318376,-1.0385731346503284,2.602550470786229,-2.033932744996997,3.83428560498504
5,asset_ibov,5,1.1592781878194531,-0.08333432373317354,3.4959253604360736,-1.4282387130560703,4.835056966406363
5,asset_ibov,6,1.1906273022551785,-0.29501865769278707,3.276799667677624,-1.630859908274742,4.656084990487014
5,asset_ibov,7,1.2269441886594348,-0.483548841782955,3.1385236651620962,-1.7686360630070994,4.618779009974433
5,asset_ibov,8,1.71809403709313,-0.08759114942917419,3.5439838632458254,-1.4268000215475625,5.090815822172527
5,asset_ibov,9,1.882960823129554,-0.04031008881638429,3.750958768987386,-1.5425131835489836,5.285328356143764
5,asset_ibov,10,1.8507273024848903,-0.13554437893300386,3.780749514207823,-1.655682288918282,5.507475504812002
5,asset_ibov,11,1.9112703728791762,-0.09140587794057001,3.9243934476197335,-1.5054754992560628,5.74715585586327
5,asset_ibov,12,1.888795073141666,-0.16874261454208975,4.03067149792302,-1.582237676939418,5.990564170962042
5,asset_ibov,13,1.7726502973689158,-0.23817078904568056,4.0414253836804965,-1.6464392210443513,6.234890479529392
5,asset_ibov,14,1.641801807487405,-0.252788948372096,4.099870612779097,-1.7238406588134845,6.315197613053091
5,asset_ibov,15,1.48877135394387,-0.28926737324799073,4.0910272647240316,-1.6704748293977092,6.406597215074556
5,asset_ibov,16,1.2985691170489517,-0.393264724010019,4.108298841032701,-1.864852382513037,6.368457134300555
5,asset_ibov,17,1.0905069083833392,-0.49207150226945423,4.099300922986039,-1.9383519951189159,6.336994469031974
5,asset_ibov,18,0.8771300932934146,-0.6540969554564556,3.9917240819988913,-2.052808340201836,6.3075886359467415
5,asset_ibov,19,0.6544350478358617,-0.7453339547844875,3.8617520894487427,-2.1581939823107783,6.249482446757625
5,asset_ibov,20,0.42739029885448143,-0.9272308076910587,3.7272369864737,-2.250210455116808,6.112193865970693
5,asset_ibov,21,0.20385738529448907,-0.9949106823411118,3.5893597628146443,-2.4646322424156093,5.989292855513721
5,asset_ibov,22,-0.015883918225996097,-1.117605982024615,3.4426898423196555,-2.566218741321903,5.792067632034161
5,asset_ibov,23,-0.2304882703990097,-1.2813191820093648,3.2858763452970345,-2.7654909310242966,5.654426583565964
5,asset_ibov,24,-0.43610425668617925,-1.4372854461411604,3.123277187492033,-2.8775142025215144,5.477500251950769
5,asset_ibov,25,-0.6317102375886285,-1.569763036401915,2.9635095756097667,-3.010220207599317,5.201781042739658
5,asset_ibov,26,-0.816747512181009,-1.6634652034204338,2.8310820308606393,-3.10400610790741,5.082487876593134
5,asset_ibov,27,-0.9895140212687,-1.8366197599167233,2.6815164892626084,-3.209218185117607,4.92644463944841
5,asset_ibov,28,-1.1492201265979562,-1.9570780563755985,2.497409067153798,-3.296994054209528,4.749911334180511
5,asset_ibov,29,-1.2955723033492044,-2.037310483575605,2.3477016924431426,-3.346410055221671,4.5683557374437225
5,asset_ibov,30,-1.427946640380098,-2.1335582179863515,2.205798946822657,-3.440602697770716,4.38199241153801
5,asset_ibov,31,-1.5459895307461087,-2.238983319581507,2.075915043764286,-3.571920199790071,4.269282913512703
5,asset_ibov,32,-1.6496615300914699,-2.3575324973046023,1.9119162205841447,-3.571604010789262,4.143139994166329
5,asset_ibov,33,-1.738919280582691,-2.3864479130091856,1.752700774274811,-3.6237500178381374,4.029248665644997
5,asset_ibov,34,-1.8138324503683503,-2.4213094103629347,1.5794443382807248,-3.6556211866374926,3.864170518362489
5,asset_ibov,35,-1.8746502495529955,-2.487662829554118,1.45898270557367,-3.658265516844555,3.7093195922005666
5,asset_ibov,36,-1.9217039935847655,-2.504848786298367,1.4127551560131466,-3.7168930517274164,3.521080393808575
5,asset_ibov,37,-1.9554050001654226,-2.510581638771101,1.2989042211978759,-3.7148506492006583,3.4216610285117905
5,asset_ibov,38,-1.9762691416650868,-2.548691810018614,1.1671558453626953,-3.703897615473173,3.1784510895712192
5,asset_ibov,39,-1.9848899220511629,-2.550842294657898,1.0569329878883527,-3.6750449565397254,3.053766923033258
5,asset_ibov,40,-1.9819201902694457,-2.5217862399400475,1.0092850189703453,-3.6017994275130496,2.8844061983553795
5,asset_ibov,41,-1.9680722072642285,-2.4673061769447555,0.9371243073420172,-3.630288354274586,2.809304603722104
5,asset_ibov,42,-1.9441069023870958,-2.3972193560145385,0.8169291874293443,-3.6266791984672113,2.649525324847467
5,asset_ibov,43,-1.9108189879914546,-2.324170925647929,0.8047327975512366,-3.566087143530549,2.552885658473997
5,asset_ibov,44,-1.8690292613570487,-2.3326926444900833,0.7984283446627101,-3.53287490009204,2.4742637043138602
5,asset_ibov,45,-1.8195766236465645,-2.251587322837114,0.7518470101912629,-3.4627260822710166,2.4469262893220556
5,asset_ibov,46,-1.763307502032741,-2.2000447402644636,0.7081434965729643,-3.448154740505677,2.425281917124016
5,asset_ibov,47,-1.7010676656242179,-2.125605419453897,0.6542384643857403,-3.280687501530839,2.369032169604063
5,asset_ibov,48,-1.6336954092182328,-2.0583008799515654,0.6663132695764273,-3.276891634858559,2.3312420045738267
4,yield_6m,0,0.005,0.005,0.005,0.005,0.005
4,yield_6m,1,0.006143753074673623,0.005151180637180337,0.006707620558874444,0.004530493738931773,0.007307773871471827
4,yield_6m,2,0.006767971290505215,0.004773612167025955,0.0077191307164451595,0.0036040108303768657,0.008616775059727647
4,yield_6m,3,0.007675457290442498,0.005132052052085839,0.008847201893445449,0.0030323146507526253,0.009738476134820097
4,yield_6m,4,0.008581308534507023,0.005140203372793748,0.010134601595297539,0.0026893127833635777,0.01135504206957207
4,yield_6m,5,0.00922435075537635,0.0050927464219176245,0.011171088002472499,0.002539533258753186,0.013066146475559847
4,yield_6m,6,0.00994417573587491,0.005308837040823509,0.012389244712448818,0.003147079683340672,0.014671531210347439
4,yield_6m,7,0.010518532951284496,0.005585205583188087,0.013436436751082102,0.003122625893119236,0.016378879901712256
4,yield_6m,8,0.010958020218125501,0.005847534136902124,0.01440375704228695,0.0034830640148815605,0.017832662868957065
4,yield_6m,9,0.0113182061638559,0.006147415250714283,0.015138966039826096,0.0039173299300877895,0.01899147740536659
4,yield_6m,10,0.011581885700213146,0.006343444418769161,0.015657458730566665,0.004051106304428179,0.02010226256981983
4,yield_6m,11,0.011778997792239562,0.006507286983026111,0.016091645193630107,0.004056882535415685,0.020712200257369983
4,yield_6m,12,0.011905152923828207,0.006564276904169573,0.016425127027117827,0.00403702830786653,0.021447584924970585
4,yield_6m,13,0.011950538475280454,0.006441127952102176,0.016726698588889533,0.0038434904661604425,0.022124591715520416
4,yield_6m,14,0.011925474400962505,0.006244062307405243,0.016884345814921434,0.003480039107576415,0.02251905276655778
4,yield_6m,15,0.011828112000042365,0.0060463404022689056,0.01682524677541838,0.0034426967298694148,0.022697936468950068
4,yield_6m,16,0.011657589263651428,0.005707205437755875,0.016582091852683133,0.003298283428796005,0.023122901498510616
4,yield_6m,17,0.011420737624538267,0.005256030206425814,0.016556451205871743,0.002846253811528636,0.023259806893751993
4,yield_6m,18,0.011120857548918991,0.0047621655091215805,0.01620561832151968,0.002435203978612006,0.022802548765460152
4,yield_6m,19,0.01076208534953618,0.004281245557533936,0.015802086800704745,0.0017711279424649977,0.02235014205727654
4,yield_6m,20,0.010350594993527291,0.0038486151468701026,0.015290877546530694,0.0013549167409402463,0.02213159572281833
4,yield_6m,21,0.009891629527872656,0.0033203153592403236,0.014682268198664911,7.480005809027874e-4,0.02140910465873086
4,yield_6m,22,0.00939125696489032,0.002721974073312787,0.013911548044242916,3.423042323027531e-4,0.02043114577081819
4,yield_6m,23,0.008856018796881358,0.002091355542245296,0.013251929418336788,-2.1274413869180065e-4,0.019777555261812282
4,yield_6m,24,0.008292053250518964,0.0015397558872609985,0.012480610509337612,-8.143476682828686e-4,0.019185329942460385
4,yield_6m,25,0.007705721485639511,9.346865550432416e-4,0.01194593888384635,-0.0013071886655270423,0.018506807139826685
4,yield_6m,26,0.007103312882856763,4.089694994534323e-4,0.01113676394574287,-0.0016963739959678838,0.01770500671499173
4,yield_6m,27,0.00649072235552326,-1.8010652997169785e-4,0.010319918081386607,-0.0021788050508174373,0.01678314868316748
4,yield_6m,28,0.005873639085749547,-6.682438462012911e-4,0.009664518266436354,-0.0026629983840874265,0.01602934192163575
4,yield_6m,29,0.005257442753293877,-0.001171092321819577,0.00911950885629302,-0.0030489308049879964,0.015292202515138978
4,yield_6m,30,0.0046470909594523895,-0.0016592084907112318,0.008237738939953169,-0.0034938864184637032,0.01429876111286219
4,yield_6m,31,0.004047158478241069,-0.002080113726360868,0.007603093490666667,-0.004100108880507301,0.013056559776819672
4,yield_6m,32,0.00346180913396324,-0.0024332170503245224,0.0070164879387397665,-0.0047416144761915375,0.012254597536082084
4,yield_6m,33,0.002894769991327537,-0.0028209379651184772,0.006346178277760811,-0.0055643669574230985,0.011225950090532726
4,yield_6m,34,0.0023493405242924373,-0.0032061604376549153,0.005781923810724413,-0.005897865031037518,0.010342293739708512
4,yield_6m,35,0.0018283918786867318,-0.003717696283682329,0.005114005232342036,-0.0061980176618110895,0.009785674929855286
4,yield_6m,36,0.0013343728804808836,-0.004136930779230693,0.004639828406030494,-0.006615534204202927,0.008900280539594907
4,yield_6m,37,8.693221783881923e-4,-0.004515045619625252,0.004098070061636903,-0.006981511922236023,0.008211319238527096
4,yield_6m,38,4.348802849652094e-4,-0.0047790709980680916,0.003577569036871158,-0.0074729330274231984,0.007485024409870404
4,yield_6m,39,3.230663693001734e-5,-0.0051075008542737005,0.003133747406997715,-0.007880026679214554,0.006726883581592309
4,yield_6m,40,-3.375020999155891e-4,-0.005354641148688954,0.0027853951048551913,-0.008061370522887955,0.00651020791246296
4,yield_6m,41,-6.73992838267234e-4,-0.005589365868717367,0.0022934103934711555,-0.008385252328141085,0.006013445295120154
4,yield_6m,42,-9.769342657112857e-4,-0.005706287078444649,0.001978450421182174,-0.008430590828576128,0.005671079206768043
4,yield_6m,43,-0.001246394511622666,-0.005806669186234098,0.0016643670173831073,-0.008761443516217882,0.005305390314023859
4,yield_6m,44,-0.0014827182082882166,-0.005836652472603113,0.0015108033444764248,-0.008950392108459418,0.005124913870339908
4,yield_6m,45,-0.0016865025230534847,-0.006070947214225213,0.0012952977430930276,-0.009192740927634913,0.004710052017095162
4,yield_6m,46,-0.0018585730846490257,-0.006057568291907327,0.0012846117871307531,-0.009218715443868191,0.004439422709832996
4,yield_6m,47,-0.001999959834133425,-0.0061290007562016646,0.0012440722062620271,-0.009228374809139085,0.0042058918125827275
4,yield_6m,48,-0.0021118728078335087,-0.006183082674149993,0.001302717518795128,-0.009209230032073494,0.004119327899593074
4,yield_2y,0,0.008871952128680484,0.007300640900343588,0.010007307498356792,0.00660328031546314,0.011310703602872728
4,yield_2y,1,0.010762053376956774,0.008206675525255459,0.011803670380985523,0.0070936985386313685,0.013878720731815682
4,yield_2y,2,0.01035496466855034,0.006946797860897972,0.01144445182132869,0.005366718840127349,0.013503048886984448
4,yield_2y,3,0.011877402080464868,0.007815040590743012,0.012932443400320837,0.005822331469400085,0.014810849685464169
4,yield_2y,4,0.013162801534628194,0.008167676014204664,0.01440513717939922,0.005963129766469839,0.016770652729025212
4,yield_2y,5,0.013344571371490498,0.007600636027446702,0.01518900482726069,0.005361762511158589,0.01799851935959782
4,yield_2y,6,0.01371725692837506,0.0075358652831613825,0.015905095396162975,0.005083921370819522,0.01950720078315686
4,yield_2y,7,0.014162864038963718,0.007735719888536187,0.017058274387486694,0.005432309289208572,0.021340298108824214
4,yield_2y,8,0.014229097579799793,0.007650772359950302,0.0176451075868327,0.005384474812526448,0.02257781845970494
4,yield_2y,9,0.014186600160767336,0.007580596790873532,0.017993914818023777,0.0052383318668858155,0.02354325764870792
4,yield_2y,10,0.014142318052777414,0.007515114031674482,0.018258243723753485,0.004982606293710318,0.024305368372509743
4,yield_2y,11,0.014018804432350698,0.007372144255649027,0.01834441641006625,0.004665753728223945,0.02502698195317708
4,yield_2y,12,0.013823119268001081,0.007079319276205701,0.018494322689459865,0.004373952908678902,0.025776874290390526
4,yield_2y,13,0.013574249935022658,0.0068569190594093615,0.018485646149807897,0.004029708713641079,0.02614100144890136
4,yield_2y,14,0.013271507157436652,0.006487803394472719,0.01850246198500496,0.003663161745590549,0.02670641342033293
4,yield_2y,15,0.01290773595246019,0.00604079302427021,0.018274826297768425,0.0031150015278625025,0.026638158326079037
4,yield_2y,16,0.012487122871751771,0.0053938052887768295,0.017679696253484187,0.0027508740602789805,0.0257782251231307
4,yield_2y,17,0.01201515648188888,0.0047267213607449,0.017292829411104764,0.0021705967052042903,0.02530236773645469
4,yield_2y,18,0.011493551751623506,0.004141947610640219,0.016698913619234302,0.0017107753415797062,0.02471954544629113
4,yield_2y,19,0.010927629850763752,0.0035370463520614237,0.016145619576636655,9.59837054382885e-4,0.024338647969749893
4,yield_2y,20,0.010323306674833329,0.0027669885754643,0.015354515816071494,3.751977696722757e-4,0.023628193340821252
4,yield_2y,21,0.009685179955106068,0.002279254035322231,0.014620947242406018,-1.1006677314288518e-4,0.022668637709838742
4,yield_2y,22,0.00902001159066428,0.0017257215763096965,0.013823915155220254,-5.907045699576306e-4,0.02223269096412253
4,yield_2y,23,0.008334803479824912,0.0011000612262614972,0.013247382111817963,-0.0013064625191867645,0.020561633075250926
4,yield_2y,24,0.00763538958618163,4.690119787825301e-4,0.012445777699974575,-0.0018681251525229856,0.0194595194854892
4,yield_2y,25,0.006928339114795021,-1.4536823346945695e-4,0.011797355209102125,-0.002486205253352704,0.01869536106596426
4,yield_2y,26,0.006220229419715398,-7.640528986469185e-4,0.010975946826115576,-0.0028593086437236803,0.01781077519350852
4,yield_2y,27,0.005516699931961389,-0.00130761156516906,0.010261760893681894,-0.0032737551524218084,0.016980099119490756
4,yield_2y,28,0.004823185751424643,-0.0018612804103167809,0.009527397975060557,-0.004055356435790338,0.015622592676342507
4,yield_2y,29,0.0041448664507358,-0.0023295522969678153,0.00887436542074129,-0.004675909970371194,0.014661645290554455
4,yield_2y,30,0.003486240887961418,-0.002726809708321341,0.008242659176855054,-0.005260831589913988,0.013583459793771516
4,yield_2y,31,0.0028513014789833865,-0.003089250716393941,0.007593619245782334,-0.005850858199167299,0.01266001360792235
4,yield_2y,32,0.002243613722989404,-0.003595870950633634,0.006679918867500193,-0.006288630732322068,0.011653616763766375
4,yield_2y,33,0.0016662001262209409,-0.004108476958751388,0.006034396802654336,-0.006692592993834375,0.010725320620053077
4,yield_2y,34,0.0011215680552672104,-0.00452414778061336,0.005392665765045859,-0.007423853784168662,0.009719989406849126
4,yield_2y,35,6.117672183070017e-4,-0.005078595694027902,0.004868681246774721,-0.007667906162444419,0.008993060264778724
4,yield_2y,36,1.3838820904626912e-4,-0.005426576294061283,0.004226504288619433,-0.008038920799779277,0.008417140452374199
4,yield_2y,37,-2.9742149412781497e-4,-0.005743242815189991,0.0035771102092901916,-0.00835337109232672,0.00797237366343817
4,yield_2y,38,-6.949211697056493e-4,-0.0058821603939547065,0.002985962562507958,-0.008523463353490978,0.00743311180460042
4,yield_2y,39,-0.0010537507743623362,-0.00612740138582688,0.002450456848260833,-0.008778546355795626,0.007079029790083626
4,yield_2y,40,-0.0013739076668979212,-0.006236705008796309,0.0021356889118802303,-0.00921671915324116,0.006753508114887443
4,yield_2y,41,-0.0016557167094045137,-0.0062976244939959135,0.00186183839335474,-0.009531645927510208,0.006358094980308172
4,yield_2y,42,-0.001899800474937881,-0.006375133083154846,0.0017086390864403114,-0.009668745151215102,0.006013893630173015
4,yield_2y,43,-0.0021070521795840376,-0.006435480191355524,0.0016074427685832233,-0.009553608896105568,0.005737495243285404
4,yield_2y,44,-0.002278607301128877,-0.006573156606543763,0.0015156383268414956,-0.009562040393342026,0.005635232388413771
4,yield_2y,45,-0.002415814701619816,-0.0065492660185581565,0.0014116189278394293,-0.009606388183483285,0.0054447561762450206
4,yield_2y,46,-0.002520209335268159,-0.006713340263939097,0.0014189919293275052,-0.009690859065081093,0.005436520087783288
4,yield_2y,47,-0.002593485329829028,-0.0064607829406629035,0.0014932421705293674,-0.009671319017172471,0.00548367417995877
4,yield_2y,48,-0.0026374693221243497,-0.006476223833458733,0.0014869344108432957,-0.009694931528912406,0.005323123467657927
4,yield_5y,0,0.009748915574343835,0.007415840089867113,0.011749595445099072,0.00634107415368635,0.01392965265669346
4,yield_5y,1,0.011520742918422817,0.008196293464139021,0.013305046052570022,0.006667542721357795,0.016277751153372124
4,yield_5y,2,0.009845737829380662,0.006354754853625305,0.011270063847041049,0.004845369769807021,0.013718945223897234
4,yield_5y,3,0.011499606306170132,0.0073166725540316545,0.012589260896596495,0.005759248675001002,0.014906607711384376
4,yield_5y,4,0.012788008024858372,0.007863646504956499,0.013648328153288317,0.0061269970867849225,0.01665794098331251
4,yield_5y,5,0.012468280730228645,0.007171284524239962,0.01372611885514549,0.005038348929425502,0.016995525840181325
4,yield_5y,6,0.012522756937430659,0.006977403899504512,0.014282337177604524,0.0051207291954019855,0.017759228783458033
4,yield_5y,7,0.012818114020403108,0.007121588393889883,0.014947992504080125,0.005085605097214628,0.018925532589312368
4,yield_5y,8,0.0126151790204687,0.006807986096914408,0.01543584165778486,0.004701252998418407,0.019785811815051017
4,yield_5y,9,0.012332224609105888,0.006621355308030975,0.015518857188017193,0.004226340747834458,0.020534807580643546
4,yield_5y,10,0.012127708136752298,0.006458452057101254,0.01554165768827823,0.0040804213963956774,0.021151031070333514
4,yield_5y,11,0.011850607454990074,0.006084825517401277,0.015619396060857486,0.003694246335987341,0.021498321356388697
4,yield_5y,12,0.011523573506362043,0.005749146173029155,0.0155257255311397,0.003314691501886312,0.021644725096608322
4,yield_5y,13,0.011176263024488566,0.005349294544638015,0.015349054577497493,0.00286479112022084,0.021701911408671913
4,yield_5y,14,0.010797517731671905,0.004983073214484557,0.0151057211212563,0.00254431808215909,0.021501870261300005
4,yield_5y,15,0.01038022613528821,0.004509833035264281,0.014689017985387751,0.002131500404929904,0.02128182218051622
4,yield_5y,16,0.00992928940725625,0.00399775458920105,0.014451183717870221,0.0016018466959681434,0.020896293241058676
4,yield_5y,17,0.009446994475019016,0.0033773686875483936,0.014070642964299373,0.0011320766783346004,0.02047196248608494
4,yield_5y,18,0.008933890592781421,0.0027447134113452883,0.013418068902564972,4.2588519444789754e-4,0.020178929346752653
4,yield_5y,19,0.008394839101346674,0.002169461815723951,0.013057904443103339,4.341242850559625e-5,0.019756063210271953
4,yield_5y,20,0.007833810895235962,0.0016583721130071561,0.012418458513213522,-3.235252781812488e-4,0.019072883384959483
4,yield_5y,21,0.007253692639380344,0.0011271921709896265,0.011917348069516455,-8.736258828958627e-4,0.018250446840593185
4,yield_5y,22,0.006660346712715236,5.783558278885706e-4,0.01115001276843914,-0.0013305192919161781,0.017445826672942102
4,yield_5y,23,0.0060594529458082086,-3.9293297869048566e-6,0.010349731541020613,-0.002130021011441884,0.016557354153492607
4,yield_5y,24,0.005455102551121369,-3.7514630269392334e-4,0.009750887613559571,-0.00239727900046599,0.01565474954700873
4,yield_5y,25,0.004852563730074021,-9.105467788879432e-4,0.009199625830701675,-0.002889961442477224,0.01481964675858437
4,yield_5y,26,0.004257164298475537,-0.0013736068346080566,0.008554624102628524,-0.0033667969710206073,0.013910571163116957
4,yield_5y,27,0.003673008707541816,-0.001788330876468058,0.0079498169065439,-0.00385154581579147,0.012933358635433751
4,yield_5y,28,0.0031041366861090137,-0.0021961236389169314,0.0072898125885474795,-0.004362205591160237,0.01191977617728648
4,yield_5y,29,0.002554470789372691,-0.0025451422967476497,0.006698191953624402,-0.004760524940309145,0.011087502552684939
4,yield_5y,30,0.0020271905432023597,-0.0028932927157115473,0.006043472420837027,-0.005176947073523536,0.01036792226158206
4,yield_5y,31,0.0015250272612639562,-0.0032396303936395687,0.00536960107715596,-0.005531293556347038,0.009636694448326502
4,yield_5y,32,0.0010504021871300306,-0.003629183996385868,0.004776465875246179,-0.005877100275715194,0.008930754870679767
4,yield_5y,33,6.052432442238955e-4,-0.003922146902969497,0.004306749316747589,-0.0061348008554307975,0.008334142274425433
4,yield_5y,34,1.910324745705206e-4,-0.004377326297559625,0.0037299174058399998,-0.006625967941947861,0.007625119572401317
4,yield_5y,35,-1.9110539109612408e-4,-0.0047015062664442645,0.0031379584711131734,-0.006791184757432472,0.006997577577351632
4,yield_5y,36,-5.40418831899626e-4,-0.004840373850626165,0.0025800423936925936,-0.00717974112943823,0.0066802409283358635
4,yield_5y,37,-8.565142852166083e-4,-0.005059483556381427,0.002251587858915445,-0.007579809158876024,0.00625694769508614
4,yield_5y,38,-0.0011393107949764921,-0.005288008609139885,0.0019296007567932592,-0.007640900383644546,0.0058234708331808376
4,yield_5y,39,-0.001389016939660119,-0.005352592941236535,0.001686971776721552,-0.007959102473996976,0.005428152566537168
4,yield_5y,40,-0.0016061110983587347,-0.005418150855811481,0.0014885237656801773,-0.008187987734870608,0.005090277361939289
4,yield_5y,41,-0.0017913118367301293,-0.0054241889839093185,0.0012458354190215605,-0.008100406521102792,0.004812367394383138
4,yield_5y,42,-0.0019455509955668107,-0.00551501407540486,0.0012005773012430513,-0.008205333507756723,0.004427677665400356
4,yield_5y,43,-0.0020699510055758445,-0.005442562285561247,0.0012071468087919168,-0.008282281148671081,0.004223024142988516
4,yield_5y,44,-0.002165800211877115,-0.005514115226548747,0.0011946300151560096,-0.00832560435423786,0.004046336861650428
4,yield_5y,45,-0.00223452817470239,-0.005484524978008796,0.0012529451843975548,-0.00847985777826191,0.0039167172090468485
4,yield_5y,46,-0.002277683389767836,-0.005444184749887793,0.0011978680457924316,-0.0085835969568913,0.003842749569306505
4,yield_5y,47,-0.0022969113522129667,-0.005350288591494151,0.0011935764191617919,-0.008773790463343178,0.0038318262398208346
4,yield_5y,48,-0.0022939328921439527,-0.005311279700809582,0.0012179028281084703,-0.008695853695763657,0.003760853400551546
4,cambio_usd,0,0.2598934530512494,0.17725611592397145,0.31340007161447847,0.14398512922491363,0.384608067152483
4,cambio_usd,1,0.29603750365171727,0.19620447786179895,0.3726854077788848,0.15178540316355732,0.4694434086924056
4,cambio_usd,2,0.24934058330011188,0.15567338946282597,0.3311918337766333,0.10624167597537328,0.41167378125875964
4,cambio_usd,3,0.2478711411157104,0.15168544325918717,0.32345505177705336,0.09619989062496603,0.3979984065135946
4,cambio_usd,4,0.2544105509365587,0.14819448277823957,0.3240014108265997,0.09469561928112794,0.40124537950716704
4,cambio_usd,5,0.22867188636151256,0.11857322071952457,0.2954453355715134,0.06489723441052613,0.3709926340158573
4,cambio_usd,6,0.21022392134612666,0.09841628786628019,0.277758615914419,0.0447106588224989,0.3617522391021771
4,cambio_usd,7,0.19955292749204087,0.08592658903822993,0.26544301608465415,0.03817440889432818,0.35365914360687234
4,cambio_usd,8,0.17905526148438192,0.07105873331367482,0.253224635358779,0.020223450600491803,0.3311766315892577
4,cambio_usd,9,0.15832636520070753,0.056693366216093666,0.23930966938606762,0.008407309844066506,0.3175427117934363
4,cambio_usd,10,0.1411588107814364,0.04126875425279243,0.22541835811753283,-0.00884677589771251,0.3004280247380021
4,cambio_usd,11,0.12332692105546965,0.025899681108641773,0.20663928912171642,-0.02937125785527342,0.28711807167648834
4,cambio_usd,12,0.10664029707364253,0.01151996497723052,0.1885461030669562,-0.04576317195272617,0.26897541313419826
4,cambio_usd,13,0.09151845197606054,-0.005476480165090815,0.173538553212417,-0.059831092942165,0.25107066115273907
4,cambio_usd,14,0.07684720136231621,-0.019131970184967494,0.1601858226895768,-0.07021414175837233,0.23557245013466302
4,cambio_usd,15,0.06299340873689163,-0.03364035839502161,0.147141056376916,-0.08274066629315589,0.21725147575255802
4,cambio_usd,16,0.05005594193426651,-0.04729905778718272,0.1352580629688087,-0.09832123459680248,0.2031143307639139
4,cambio_usd,17,0.03768853602965247,-0.056671720863679165,0.11973640940628319,-0.11153612727848672,0.18940897844170948
4,cambio_usd,18,0.025985363702654002,-0.06605492554592998,0.10573604245992285,-0.12262581944200539,0.17744187714402126
4,cambio_usd,19,0.015043895236665961,-0.07439517247452576,0.09369266400180687,-0.1309799855928409,0.16210467760790387
4,cambio_usd,20,0.004776581991274798,-0.08072378554679409,0.08036290237844006,-0.1385696216379061,0.15170452194898545
4,cambio_usd,21,-0.004819486364256177,-0.0862959440864413,0.06767893978596487,-0.15096082593850815,0.14195533632517032
4,cambio_usd,22,-0.013685365858577268,-0.09372339021866802,0.05860514934632924,-0.1566604611901404,0.1282348390961942
4,cambio_usd,23,-0.021809018709328956,-0.1004920501424559,0.05106786731855451,-0.16330168765953781,0.12032624948591543
4,cambio_usd,24,-0.029196409631770396,-0.10474316692043298,0.042437651822833954,-0.16914132298869933,0.10857596834835787
4,cambio_usd,25,-0.035826528598619865,-0.11292454370086398,0.03459200385301424,-0.1711868855277347,0.09807467996843938
4,cambio_usd,26,-0.041683449877802946,-0.1174856964205284,0.02833242274737691,-0.1776004612838639,0.09425343246559283
4,cambio_usd,27,-0.046775655139340434,-0.11989651775367781,0.02307150388850974,-0.178543678843929,0.08646726859485772
4,cambio_usd,28,-0.051111356966323226,-0.12473976167823515,0.019940424033189946,-0.18091531948982437,0.07836838713770988
4,cambio_usd,29,-0.054699069638171005,-0.12428875158364344,0.01769098713550675,-0.17940230546225472,0.07214538029074584
4,cambio_usd,30,-0.05756056725110846,-0.12728332195176884,0.016688193869412744,-0.1818319597869792,0.0674863005354879
4,cambio_usd,31,-0.05972351229365777,-0.128661281786742,0.014130148511251312,-0.1792176178030078,0.06223905637085674
4,cambio_usd,32,-0.061217378801573345,-0.12932147013227185,0.013025604333738252,-0.18200623976175714,0.05856268730804675
4,cambio_usd,33,-0.0620776527062786,-0.12865150354845478,0.015238164447886912,-0.17679685649673357,0.058008914257381236
4,cambio_usd,34,-0.06234409878461916,-0.12676199207580155,0.012846435086074524,-0.1783993891793937,0.05719712449852062
4,cambio_usd,35,-0.06205821242348513,-0.1233958575676925,0.013631405523519038,-0.17865540843367494,0.05637177247626636
4,cambio_usd,36,-0.0612638037946926,-0.11913964781390558,0.012609139234637776,-0.1757348882818853,0.05520563124627451
4,cambio_usd,37,-0.06000640294617374,-0.11557378297817587,0.01349594673278151,-0.17076721201075795,0.056371597924564566
4,cambio_usd,38,-0.05833204133906207,-0.11277133851941323,0.015772265072646188,-0.1656108790508753,0.05696768903524437
4,cambio_usd,39,-0.05628696936639433,-0.10871358369146578,0.015834101701020002,-0.16172093833770862,0.05893655656109271
4,cambio_usd,40,-0.053917281631683,-0.10628017083755201,0.0175032071291886,-0.15732091944995033,0.06195198430953774
4,cambio_usd,41,-0.0512683220018489,-0.10288453716904807,0.019555065343024446,-0.15692704944254385,0.06033679536510812
4,cambio_usd,42,-0.04838434520985129,-0.1004312139350634,0.023158179349845705,-0.15511709734669096,0.06272055731320776
4,cambio_usd,43,-0.045308250230790985,-0.09958838750862328,0.025006737373660163,-0.15567466594509718,0.064291125590057
4,cambio_usd,44,-0.04208126752402862,-0.09780308786292823,0.028817972520962958,-0.1517010347867602,0.06692725922084704
4,cambio_usd,45,-0.03874271994191246,-0.09575061080257825,0.03207963923472582,-0.15116302381823113,0.06807799817344506
4,cambio_usd,46,-0.03532984983878542,-0.09014479861112178,0.035191009541017546,-0.14884951199657798,0.0722582244425715
4,cambio_usd,47,-0.0318776569459494,-0.08799641854174718,0.03756440120340823,-0.14220935788192826,0.07715530622295694
4,cambio_usd,48,-0.028418765780867196,-0.08673732049190969,0.04129854099345029,-0.13612594976594006,0.08156046760823642
4,cds_5y,0,43.43917045023919,30.457598520131953,56.35386478680998,24.01625750994303,69.63917073785603
4,cds_5y,1,48.20420691318402,31.78898663266107,61.692702555701565,23.36831102371691,78.10746196557861
4,cds_5y,2,32.419353006775,17.772854144157847,44.80591496166248,10.721868064579715,58.67043259700593
4,cds_5y,3,37.8640227605666,21.69316205697852,48.36088136399831,14.339083471996357,60.10422222865279
4,cds_5y,4,42.08837962650983,22.928791711689655,50.73930732038855,15.893738737084135,62.530226304443154
4,cds_5y,5,37.390303603395516,19.162444065571098,45.0483246670633,12.250238994638908,58.24696889311204
4,cds_5y,6,35.7738126029037,17.565161735427925,43.879868794565944,11.12659381872899,56.879696099261736
4,cds_5y,7,35.96744823293341,18.423299403767725,44.597001105010946,11.450049470423451,58.593798837814845
4,cds_5y,8,33.67298369595226,17.200924659494532,43.77064443170496,10.267213666210143,57.84598502790452
4,cds_5y,9,31.414962767661965,16.006262953926104,42.511652256083934,8.56768663971848,57.81363954598905
4,cds_5y,10,29.892285208748152,15.054840388270119,42.00909251071612,7.751779236646811,57.50627970119474
4,cds_5y,11,28.13851211062786,13.770534250766666,41.4589871166124,7.0912322212712455,57.72005291006503
4,cds_5y,12,26.41487189531371,12.233463430202608,40.626598360266996,5.849731430971981,55.70390668338822
4,cds_5y,13,24.817871262593055,10.904685686734489,39.38668678361038,4.303990250592893,54.06801603390913
4,cds_5y,14,23.21352772720669,8.867022609624678,37.78876493232366,2.4914294470902334,53.24956499781571
4,cds_5y,15,21.61410926858974,7.22920534011192,35.94732737781689,0.7615571769577629,51.8421904932141
4,cds_5y,16,20.025341120643144,5.519791585183871,34.816080402345214,-1.028982702772474,49.61963254031853
4,cds_5y,17,18.420917212705323,3.5909676326419215,33.03524345067537,-2.7859243881286866,48.542860417973074
4,cds_5y,18,16.805390913889212,1.8078150128766706,30.991673037592477,-3.9125039534741144,46.77927843406014
4,cds_5y,19,15.194698872419817,0.10013949460123399,29.808705156630264,-6.205962450680546,45.290033203824564
4,cds_5y,20,13.586900090302976,-0.9680028672463616,27.942377552987963,-7.582601460873914,42.094209726429156
4,cds_5y,21,11.982914789480267,-2.3811925358763553,26.10950749872385,-9.652436767658536,40.51733782236799
4,cds_5y,22,10.400287893461682,-3.648201435491525,24.80184076217615,-11.317168497423749,37.25806355107214
4,cds_5y,23,8.851081636267418,-4.737633307493263,22.99530437882267,-12.616675061363935,34.76979275127571
4,cds_5y,24,7.339497084687728,-5.532793240585301,21.346847896903554,-13.448757143028704,33.48949152544076
4,cds_5y,25,5.877620529493578,-6.913536470720238,19.148797912420005,-14.402166668662176,31.75769393667101
4,cds_5y,26,4.477639782509765,-8.080041678831416,17.851193018437563,-15.273115625027495,29.373174762602012
4,cds_5y,27,3.145352839040678,-9.310202115073352,15.84281283860916,-16.315761671191254,27.880457517342613
4,cds_5y,28,1.887537064562342,-10.266886007070859,14.069521661487078,-17.24435287401721,26.42963490814145
4,cds_5y,29,0.711392864211696,-11.26875937681649,12.193567724570483,-18.975972852674964,24.44897983816698
4,cds_5y,30,-0.37905675818562723,-12.088017091804218,10.559879008718044,-19.917753712009045,23.670146098527407
4,cds_5y,31,-1.3809143282484053,-12.882984985608141,9.176922648701911,-20.498694701626423,21.65291684328719
4,cds_5y,32,-2.2916363673843816,-13.372740041636488,7.72949284641802,-21.304849794835484,19.902461289599284
4,cds_5y,33,-3.11018622191357,-13.764081255603221,6.593214497797564,-21.385078059411143,18.25713317031831
4,cds_5y,34,-3.836662397944827,-14.557442043165254,5.78019946115476,-21.972530930750203,16.575274466514493
4,cds_5y,35,-4.4718088733005485,-15.236737503314833,5.284935964451634,-22.661851323121518,15.078914205616664
4,cds_5y,36,-5.017203901947938,-15.85545010927518,4.6663309405412665,-22.85024834651612,14.178698312269704
4,cds_5y,37,-5.475191059362584,-15.715437375848285,3.947564354586407,-23.27555802068529,13.194242679155774
4,cds_5y,38,-5.8486659182442615,-15.716370299936438,3.647818927423038,-24.172108024905153,12.412491078509703
4,cds_5y,39,-6.141032695957941,-15.802812197643618,3.597188220191268,-24.048050535451004,11.075553246744924
4,cds_5y,40,-6.356155694348798,-15.884490021126094,3.3170724339205915,-24.53852728126986,10.436447691333331
4,cds_5y,41,-6.498257034190081,-15.480420852296774,3.066000117669792,-24.5924819884009,9.936458964739062
4,cds_5y,42,-6.5718469583016645,-15.569598534891629,3.2025102005254698,-24.848022885996233,9.146986132987214
4,cds_5y,43,-6.581673025762666,-15.62568874355969,3.050281966763922,-25.059718212048658,8.609487919927991
4,cds_5y,44,-6.5326558951564495,-15.508654050767356,2.9280681125572343,-24.717377649886423,8.40215015997837
4,cds_5y,45,-6.429829672499338,-15.392111205699905,2.8783077251886287,-25.48463615830261,8.39537401383319
4,cds_5y,46,-6.278294861658452,-15.21085411488321,2.8351149331962255,-25.18533402485217,8.559205350756471
4,cds_5y,47,-6.08317074673279,-15.338055725852414,3.35073285470234,-25.251066679911055,9.06933085466797
4,cds_5y,48,-5.849548776521293,-15.293723777969854,3.747797847203171,-24.978656443494906,9.159572526787715
4,asset_ibov,0,-1.360929801021735,-4.969592576837104,0.6846534251650522,-8.236484164549271,2.5007841986995016
4,asset_ibov,1,0.10132650606024653,-1.872437083326987,2.425398973809427,-3.414422976062232,4.038283013552221
4,asset_ibov,2,4.22128054532895,2.064428169417122,6.862099770916309,0.8627968305158845,8.923354990883276
4,asset_ibov,3,1.5932641944798778,0.09465087245530159,4.7783995054675374,-1.3034206826985817,6.389209025544524
4,asset_ibov,4,0.8234562530539674,-0.49494823035483476,3.7618356785664004,-1.8144427135515326,5.223141826677436
4,asset_ibov,5,2.1072067235925287,0.5282432554595788,4.53968193473678,-1.031427485388876,6.121122101162014
4,asset_ibov,6,2.6151473075741456,0.5617971311621137,4.627940204917061,-0.9992193585903809,6.028356849461545
4,asset_ibov,7,2.4386872113469953,0.1099168890568934,4.103441357973378,-1.1699445291518598,5.59226116795219
4,asset_ibov,8,2.963250542930852,0.48336433391413997,4.434640338651912,-0.8620448382297005,6.054696802690701
4,asset_ibov,9,3.427861678661759,0.7320937583778916,4.869591507548979,-0.686432755029682,6.70406213563208
4,asset_ibov,10,3.512772319354366,0.7477990647651138,4.964365993846093,-0.6605127921464139,6.999216669329011
4,asset_ibov,11,3.645725312791849,0.7944055837265029,5.152400080001868,-0.5968065285763101,7.284285526971651
4,asset_ibov,12,3.805672914952978,0.9141516817933306,5.3844000087118085,-0.6865596834956492,7.689337954834822
4,asset_ibov,13,3.8807586882238683,0.9075837288634271,5.584827004981267,-0.6170879748416008,8.132171970782174
4,asset_ibov,14,3.907607918742315,0.877440075804963,5.675963686911409,-0.5882673136517378,8.306324751239995
4,asset_ibov,15,3.925174377294845,0.8598873092642985,5.7146628777678155,-0.5830282700239661,8.393969410628891
4,asset_ibov,16,3.912761397772292,0.8532873663210369,5.740756379754769,-0.693937984123095,8.510217024363543
4,asset_ibov,17,3.8673240026417512,0.8491268520277794,5.658335760953472,-0.7339243069889589,8.77505495360637
4,asset_ibov,18,3.8023106760307726,0.7742310400601264,5.68791757381084,-0.7598655495781499,8.820126169238128
4,asset_ibov,19,3.717773446600497,0.6361475459068784,5.665553908039035,-0.8645493353189388,8.828408146390041
4,asset_ibov,20,3.613392710978009,0.4830128130373838,5.582060705983581,-0.9710134584560949,8.803992600437383
4,asset_ibov,21,3.4934758210452466,0.4076800288759116,5.489105007313012,-1.056292094692079,8.742978821287435
4,asset_ibov,22,3.359192467159211,0.29869526511921285,5.3952585925952725,-1.175814103104779,8.675293808484826
4,asset_ibov,23,3.211064849909019,0.17127299998781167,5.2403639138174265,-1.3259009998756592,8.491252688809686
4,asset_ibov,24,3.0518972128166406,0.05887837589311539,5.090782632661243,-1.3851951418402335,8.264768443406982
4,asset_ibov,25,2.883194810780879,-0.04521916941952626,4.955356123622338,-1.4117229834311658,7.946424243309828
4,asset_ibov,26,2.7059213554750294,-0.19102589462749964,4.807696387711481,-1.5129279955162247,7.7918818520628825
4,asset_ibov,27,2.52221859700704,-0.3146992173395061,4.628640249734541,-1.6673620956140338,7.483912301875674
4,asset_ibov,28,2.3338707849109346,-0.461139683006975,4.471755647640921,-1.8492834075965539,7.062236899060568
4,asset_ibov,29,2.1421873935798112,-0.6184856176341795,4.29318679317417,-2.0079785661547507,6.912556344629705
4,asset_ibov,30,1.9488555622750097,-0.7475797127771158,4.067545199193534,-2.157520318289855,6.5774506325752045
4,asset_ibov,31,1.7555379889035556,-0.8793210308629598,3.8611637269479755,-2.2689526284811885,6.244766994781038
4,asset_ibov,32,1.5636075860210437,-1.0399053516531374,3.6618837478430653,-2.3908101620738855,6.051322499289043
4,asset_ibov,33,1.374433078758744,-1.174289303517994,3.356438802861673,-2.480412839832726,5.85112463274239
4,asset_ibov,34,1.1893468693724518,-1.3020516794844161,3.125654213433218,-2.64067243278827,5.661487649914574
4,asset_ibov,35,1.0095078609658816,-1.4073359286059028,2.860144058047999,-2.677760022987821,5.283457522011326
4,asset_ibov,36,0.8359561118915511,-1.5101873139395188,2.6332877511574573,-2.8328797747939856,5.051302685836209
4,asset_ibov,37,0.6696376760709125,-1.6068063081723767,2.4668525011877147,-2.9140407838996847,4.783204617896921
4,asset_ibov,38,0.51136494688667,-1.6894687217975861,2.3182777002750656,-2.9718640860721064,4.60456779300462
4,asset_ibov,39,0.36181858909823783,-1.7782398159511388,2.1764149455167834,-3.1324469923773592,4.413242246988825
4,asset_ibov,40,0.2215643158034769,-1.821752255136844,2.0481845350525916,-3.1479535052004604,4.215957960417508
4,asset_ibov,41,0.09104952780459064,-1.8941591032153235,1.90108936170934,-3.1401668893463124,3.979568810368604
4,asset_ibov,42,-0.029396319845824186,-1.9495893028171767,1.7584472415907415,-3.160651125606927,3.727287867910112
4,asset_ibov,43,-0.13955186981229448,-1.9940325352807968,1.639653168336964,-3.1481903191654546,3.5152542006575866
4,asset_ibov,44,-0.2392978468293367,-2.01221545457177,1.532876792174055,-3.1810952396941463,3.3802017953489925
4,asset_ibov,45,-0.32861245282938256,-2.032743746129751,1.429059534796557,-3.2591164303336497,3.2739915894457203
4,asset_ibov,46,-0.4075633159277936,-2.0602876601610682,1.3159857749422175,-3.259093790817936,3.167594995895291
4,asset_ibov,47,-0.4762996473976789,-2.10177799760606,1.2273001463998363,-3.2709380020985397,3.0152172436999956
4,asset_ibov,48,-0.535045464389592,-2.0811417396769913,1.138636374132532,-3.1928456048622174,2.891993702385782
3,yield_6m,0,0.005,0.005,0.005,0.005,0.005
3,yield_6m,1,0.007067791437648303,0.005003504931247775,0.008887725000312412,0.0036382590813076924,0.01168326214993376
3,yield_6m,2,0.005879992005095285,0.0024068755076273175,0.008570130217139881,-4.1519333821674905e-4,0.011945040011613431
3,yield_6m,3,0.004553162863800658,9.98750752295335e-5,0.00801778283313924,-0.003832043337255455,0.011195611230145432
3,yield_6m,4,0.0029815394507785604,-0.002152723194444977,0.007581216261299872,-0.007685205337739761,0.011203990769908564
3,yield_6m,5,0.002173229395942899,-0.0032268159769799666,0.007846369154231899,-0.010020025888673659,0.011896738216866553
3,yield_6m,6,0.0021269744736897157,-0.003003047593895387,0.008567509243378506,-0.010181693606746424,0.01380389361640681
3,yield_6m,7,0.002380024584720848,-0.002364214532287696,0.010057580527931887,-0.009585605897111207,0.015681179869663647
3,yield_6m,8,0.0029583934593706337,-0.0012016700517536475,0.011638704964174941,-0.00808945369167542,0.018618511450657092
3,yield_6m,9,0.0036465353615071435,-6.529213438016896e-4,0.012855194513306153,-0.0071551178003246675,0.021762518498806418
3,yield_6m,10,0.00436462532438912,4.845687837021317e-4,0.014478993148121035,-0.005605866828460135,0.023941655988865825
3,yield_6m,11,0.0051447863567907265,0.0013518629493743566,0.01603138097386878,-0.004221252423620789,0.026857836377537286
3,yield_6m,12,0.005931598835377137,0.001929124773595948,0.01745283619238567,-0.0033116090122009456,0.02925163222585997
3,yield_6m,13,0.00667193691420756,0.00242772415762929,0.018752433856465335,-0.003386484401047318,0.03285888773395099
3,yield_6m,14,0.007340089987964081,0.002612557560606968,0.01997422474226654,-0.003252540586680415,0.034825062107633156
3,yield_6m,15,0.00789778751892797,0.002918298275121154,0.020759535913896503,-0.002885087344891357,0.03653254762081462
3,yield_6m,16,0.00832116930976914,0.0027917617135838563,0.021598249516985114,-0.0024558340753206556,0.03870695521800718
3,yield_6m,17,0.008599223966664984,0.0028433434554329977,0.022174124420824323,-0.002280151417025085,0.04008769773507626
3,yield_6m,18,0.008724033972741256,0.0024486303970397555,0.022151065493846493,-0.0026860597890403888,0.04066036039746807
3,yield_6m,19,0.008697858660379731,0.002132410367535088,0.022072389625235056,-0.0029751525321175904,0.04108760945168826
3,yield_6m,20,0.008525521428839458,0.001628038829513491,0.02133538901090296,-0.0030002664686879397,0.04192444818095238
3,yield_6m,21,0.008213394377783807,0.0012890453811301367,0.020733491619120428,-0.0032931781495116135,0.04138751478483415
3,yield_6m,22,0.007772344470392291,7.906741802948436e-4,0.019718597232053305,-0.0037118911472953193,0.03937313305472987
3,yield_6m,23,0.007214238655070637,2.565881887862305e-4,0.018875405932893836,-0.004472644180843221,0.037299431689854536
3,yield_6m,24,0.006551504171126876,-4.937369586017566e-4,0.018053214526762337,-0.005326298902268763,0.0357589874268097
3,yield_6m,25,0.005798019959291695,-0.0012357882706812014,0.016996783022673642,-0.0060596110045007074,0.03410468231543326
3,yield_6m,26,0.004967823230176512,-0.0017843718492223794,0.015916904390043483,-0.007191363631896456,0.03294986199588018
3,yield_6m,27,0.00407472555583078,-0.002548584247825042,0.014464248604723999,-0.008187771669604518,0.03118639036272368
3,yield_6m,28,0.0031324654898384034,-0.0034896359181933153,0.013088675139456201,-0.009792894498928575,0.029353855070187458
3,yield_6m,29,0.0021543045415675995,-0.0044802675376469404,0.01205753879956353,-0.010897460556753377,0.02731509836229829
3,yield_6m,30,0.0011528750166866337,-0.005013529569815196,0.010812653118152786,-0.012398479982485923,0.025172281528613876
3,yield_6m,31,1.401632720788858e-4,-0.005851699198987624,0.009465503427718801,-0.013374715876615276,0.022977701146669863
3,yield_6m,32,-8.72616226113954e-4,-0.007001676406559934,0.008638076021453958,-0.014419689081847317,0.020085786606327437
3,yield_6m,33,-0.0018750710184169772,-0.007812635293632565,0.0074809960038731554,-0.016125126116571357,0.018280744715886317
3,yield_6m,34,-0.002857657286805472,-0.008509626868793467,0.006411858523907474,-0.017666618722572316,0.016059005421289605
3,yield_6m,35,-0.0038117175687487903,-0.00911446367865431,0.005466398399037782,-0.01924763593603951,0.015074018082654206
3,yield_6m,36,-0.004729490312743317,-0.010066532902781814,0.004506103658160184,-0.020347150802694954,0.013218780646624597
3,yield_6m,37,-0.0056041133702615,-0.010557071236979958,0.003916723563510629,-0.022183425189657935,0.011650539466657528
3,yield_6m,38,-0.00642962227737568,-0.011309923856509653,0.0032676638431670562,-0.023503580167934156,0.00990856232061028
3,yield_6m,39,-0.0072009363185364696,-0.01216245733049956,0.002628215814170157,-0.024499605338052375,0.009238247160170741
3,yield_6m,40,-0.007913840194302227,-0.012945200285907394,0.001949779886630157,-0.025861899157873142,0.008055962598312939
3,yield_6m,41,-0.00856495908178207,-0.01388835794707518,0.0016282638477003535,-0.026154955324656316,0.007399029425872279
3,yield_6m,42,-0.00915172702146847,-0.014338491158914467,0.0011114517965432418,-0.027306274796811233,0.006340779449489331
3,yield_6m,43,-0.009672351512855856,-0.014403543714233396,7.023533350366962e-4,-0.02734356322978534,0.005417205610519956
3,yield_6m,44,-0.01012577311662604,-0.01488225594647495,5.807809611134234e-4,-0.02858452581706626,0.004893633077376429
3,yield_6m,45,-0.010511621061913407,-0.015209246983665044,2.524855765001499e-4,-0.028807548742340795,0.0044964669559226225
3,yield_6m,46,-0.010830166324516794,-0.015456798123913585,2.1519680965528736e-4,-0.028269683998030273,0.0039020327471773948
3,yield_6m,47,-0.011082271986512135,-0.015326407081417904,9.921589712724459e-6,-0.02881098833005588,0.0037827356610225554
3,yield_6m,48,-0.011269341721814503,-0.015441921068491295,-5.612017476044933e-5,-0.029161480229302428,0.003566646749227307
3,yield_2y,0,0.014333938643274835,0.011193653102224713,0.01783824384880862,0.009828165118096678,0.025572850123304406
3,yield_2y,1,0.017150494489076545,0.011941304034607412,0.022712287762453615,0.010223431125056985,0.03368464982430791
3,yield_2y,2,0.014934525822255604,0.008961444917865427,0.019601941138345985,0.006650364747609389,0.03021815020389985
3,yield_2y,3,0.013392669182857564,0.00687959357697887,0.01809166025551031,0.0033930764541317366,0.02694990926307786
3,yield_2y,4,0.012050291551133024,0.005361402535063403,0.017333245097273062,0.002165433421767808,0.02694059056106048
3,yield_2y,5,0.010373818275794736,0.0037345687525306955,0.016505920153051433,-3.4422808476587344e-4,0.024740776233801297
3,yield_2y,6,0.009822252420074604,0.0033585769008506704,0.01698612973293501,-0.0019087026960458028,0.024646888210898273
3,yield_2y,7,0.009634211340451053,0.0033300878110906432,0.017594655137027723,-0.001726642940795868,0.027340181834711187
3,yield_2y,8,0.009554507854807825,0.0032525790074070956,0.01870546531827475,-0.001634048869405597,0.029334466990235012
3,yield_2y,9,0.009708932715727519,0.003435173190219714,0.0194000993061582,-0.0011797935357256986,0.03266796485750392
3,yield_2y,10,0.00989112738912222,0.0038098929939213693,0.020517646381442333,-0.0011892036394690263,0.03452233127098668
3,yield_2y,11,0.010148173275155015,0.0038796754348347875,0.02179470672637364,-0.001157189122322034,0.03782718336690902
3,yield_2y,12,0.010477349482358027,0.003881598826627372,0.023360028706286867,-0.001129219224047771,0.03981031336559599
3,yield_2y,13,0.010779522228871373,0.0038155207422344733,0.02433867874974241,-0.0012267261909339445,0.042121410784943206
3,yield_2y,14,0.010995338217947317,0.0037919389057995924,0.024725227561131224,-0.0011300414584832137,0.04346138256493975
3,yield_2y,15,0.011109150470648957,0.003602508430116133,0.024789037697230842,-0.001408385757941398,0.044071346180601344
3,yield_2y,16,0.011092728066350362,0.0033501627409966823,0.02472956372770485,-0.0018555519748345158,0.04498881165551471
3,yield_2y,17,0.010919343304429167,0.0030258955726695496,0.02460228150171702,-0.002359457148629016,0.04594460246097496
3,yield_2y,18,0.010590422955318606,0.0024011233102036586,0.02453590439759478,-0.0025552625102602776,0.045741655418503675
3,yield_2y,19,0.010116752059807905,0.0017623691093009487,0.02368458435852578,-0.0033830294656719113,0.04417079143966779
3,yield_2y,20,0.009502863819407485,0.0013402159595432839,0.022880983030653432,-0.003944326788609576,0.04299994002371495
3,yield_2y,21,0.008758464408595366,7.736373290902537e-4,0.02207851429114468,-0.005014706691818621,0.04128852643177191
3,yield_2y,22,0.007901667569828876,2.341888070018508e-4,0.020396589901859878,-0.005792807473052122,0.04085716998952342
3,yield_2y,23,0.0069481918734992385,-6.156636525034199e-4,0.018769398555548437,-0.006490531673315578,0.03981811886406474
3,yield_2y,24,0.005912918455506663,-0.0015408322389399037,0.01736282633209518,-0.006981869481247196,0.03810784489992873
3,yield_2y,25,0.004813574301321646,-0.002558108095111584,0.016161982778697723,-0.00848784104464961,0.035710202652240335
3,yield_2y,26,0.00366700426515625,-0.003563182574466872,0.014287343041031445,-0.01032206185658823,0.03410639758193757
3,yield_2y,27,0.00248838337385355,-0.004529328411728903,0.0128492521824787,-0.01188765437853061,0.03136055830385415
3,yield_2y,28,0.0012926925527154182,-0.005656526899056089,0.011256485916565426,-0.014535477887505626,0.028454543107763908
3,yield_2y,29,9.397064725716298e-5,-0.00633152520760895,0.010010009264336827,-0.01651453685374084,0.025796493310479503
3,yield_2y,30,-0.001095184705506701,-0.00738331179224749,0.008774370399587799,-0.018535450560719986,0.022573860076293598
3,yield_2y,31,-0.0022631917398688688,-0.008283962166905127,0.00736967346361799,-0.019345943850506437,0.020625856083186355
3,yield_2y,32,-0.003399543803574669,-0.00935881515420648,0.0064618873633232625,-0.021276383543421724,0.018890901168523686
3,yield_2y,33,-0.004494955204617392,-0.01057946825410757,0.005450974017281736,-0.02286554827143819,0.016956484716838638
3,yield_2y,34,-0.005541246836116106,-0.011184566215273887,0.0045259902391914875,-0.024729270733611555,0.014992335255435444
3,yield_2y,35,-0.0065313050778770185,-0.012145393402412885,0.00366632190345201,-0.02547793543793551,0.013508371962316221
3,yield_2y,36,-0.0074590920912944916,-0.013008898946887629,0.00297836704525376,-0.02676351725225144,0.011843947643697351
3,yield_2y,37,-0.008319595185192354,-0.013810509697352279,0.0022182826094842662,-0.027222413761497446,0.010189203888077467
3,yield_2y,38,-0.009108775854575698,-0.014755538884006493,0.0017536523184204576,-0.02866237773295044,0.008509893078979652
3,yield_2y,39,-0.009823538093422462,-0.015375595471518398,0.0013398616667463495,-0.03125670477575682,0.007200333931716639
3,yield_2y,40,-0.01046168377992656,-0.015912554193433563,0.0011848065316480182,-0.03198475839928668,0.006436428650456607
3,yield_2y,41,-0.011021859033586094,-0.01677143989465807,7.957263675904136e-4,-0.03167532852232422,0.006061440578712648
3,yield_2y,42,-0.011503505379562136,-0.01702553829790621,5.744748287607246e-4,-0.03157087843140561,0.00570169040570443
3,yield_2y,43,-0.011906808631630149,-0.017390617797715627,2.757351993387201e-4,-0.03240104609185279,0.005274670844981577
3,yield_2y,44,-0.012232641343993173,-0.017669970000254966,1.553968307401198e-4,-0.033025562279173665,0.00444954841237113
3,yield_2y,45,-0.01248250518581756,-0.01768265284936522,5.2454937726578214e-5,-0.03158688180162872,0.004126751256535282
3,yield_2y,46,-0.01265847342940671,-0.017820426126937242,-1.136029141767991e-4,-0.03155593721677446,0.0040644481240933675
3,yield_2y,47,-0.012763130872803435,-0.017631622352143383,-4.7169107143337736e-05,-0.033612733352903594,0.003915377626265431
3,yield_2y,48,-0.012799513494625612,-0.01708587108345661,-1.0837275581198252e-4,-0.033959759472074545,0.0037982440356010634
3,yield_5y,0,0.019357593620714316,0.013996801529781559,0.025594545878560908,0.012213720201752782,0.04023516217359523
3,yield_5y,1,0.02165497920763746,0.014559978839691616,0.02941313662325934,0.011885475316539076,0.04678209540478182
3,yield_5y,2,0.018216811292043167,0.011133797840301553,0.02427745290762577,0.008577640525590426,0.037271843039725173
3,yield_5y,3,0.016518288195783933,0.009332222803606098,0.022296045457390952,0.00656181840640959,0.033213959513221286
3,yield_5y,4,0.015183208381990243,0.008307347242347541,0.0204570584357296,0.0055345779918354494,0.03298325023715058
3,yield_5y,5,0.01303431599357462,0.006279799788738632,0.01824327994257003,0.0036757331623563996,0.028868463290450674
3,yield_5y,6,0.012199684784758625,0.005406887847150002,0.018195439857432983,0.002252309137889613,0.02787897037605782
3,yield_5y,7,0.011698063353929852,0.005106300263433648,0.018753004761569984,0.0020416211946399504,0.028144453117410557
3,yield_5y,8,0.011189178096142173,0.0047000449994817626,0.019227781861376646,0.0010004596098591165,0.030151068469058847
3,yield_5y,9,0.011015403030598064,0.00454984108259124,0.019943303669184627,0.001079416000512274,0.03108726240542731
3,yield_5y,10,0.010838342674906201,0.004499584508137021,0.020788467741120177,7.181245768178247e-4,0.03266048165837661
3,yield_5y,11,0.010735640748609221,0.004311383068796299,0.02123151096603316,2.789256273136867e-4,0.03438652794143013
3,yield_5y,12,0.010759842834355398,0.00418146505635608,0.02134606162449965,3.233461518182251e-4,0.035526197338554756
3,yield_5y,13,0.010769150759771813,0.0038814825535810433,0.0219168680798109,2.2921137473389406e-4,0.03677046272708974
3,yield_5y,14,0.01069747313140748,0.00366280608012219,0.021811942669734987,-2.413046673315551e-4,0.03718190658398914
3,yield_5y,15,0.010557189177617832,0.0032868469409420053,0.02181919293967694,-7.523271253789452e-4,0.037716256611175815
3,yield_5y,16,0.010318148717933875,0.002988328414615782,0.021439222595816453,-9.479454091972954e-4,0.03858329219874077
3,yield_5y,17,0.009946108723077477,0.0024812221548257173,0.02131414848565883,-0.0016295300864630545,0.03861769992522426
3,yield_5y,18,0.009450930870117894,0.0019906511718290015,0.020363881213469208,-0.002238349305610274,0.037311896707139657
3,yield_5y,19,0.008847399683784798,0.0013303695971835794,0.019178882879923597,-0.0031570984515117383,0.03645520775015752
3,yield_5y,20,0.008137378597612571,6.506834215680337e-4,0.018565004626728134,-0.0038036010054385747,0.03555980623420822
3,yield_5y,21,0.007330364164831827,7.302914934519074e-5,0.017296938634090826,-0.004433466054080918,0.034093204098282086
3,yield_5y,22,0.006445720385640844,-7.164406498747256e-4,0.01601776302383396,-0.005109570954252013,0.0333569713371876
3,yield_5y,23,0.005497693171842823,-0.0016254884296977089,0.01460196296284525,-0.006411315543571542,0.03181193283856189
3,yield_5y,24,0.004498841116934519,-0.0022852844185791937,0.01341788353490996,-0.00785018809918697,0.02919974117039002
3,yield_5y,25,0.00346539383520135,-0.003010832260682962,0.012065919894813705,-0.009354335238728563,0.02782167764184763
3,yield_5y,26,0.002411982933491306,-0.003880551250789602,0.010769114354521887,-0.01078385737592207,0.025833317471665607
3,yield_5y,27,0.0013508555355116237,-0.004741722927012658,0.00940533111239304,-0.012175163527021134,0.023848478540474602
3,yield_5y,28,2.942489060934411e-4,-0.00546508779519592,0.00829477314240229,-0.013549989594143722,0.02162133719002869
3,yield_5y,29,-7.466296066597479e-4,-0.006257371941187565,0.00715084098230513,-0.014387198174972214,0.020032990423409114
3,yield_5y,30,-0.0017622443974447742,-0.007144142953968206,0.005914366093841926,-0.015994407447789207,0.017331854365157315
3,yield_5y,31,-0.0027439902084242535,-0.007863316128918154,0.005097757469667938,-0.017390026705050476,0.01585940444456677
3,yield_5y,32,-0.0036842462588034058,-0.008460109302674716,0.004351407785377353,-0.019049742770396266,0.014080222886399606
3,yield_5y,33,-0.004576574879994618,-0.00937590423115273,0.003468667230774408,-0.0199159598167699,0.011812859550105803
3,yield_5y,34,-0.005415507590346647,-0.009991905450775301,0.0028047486842146313,-0.021017011300849976,0.010384083174609812
3,yield_5y,35,-0.006196476110538528,-0.010831285328080394,0.0021286488572389564,-0.02237901997888573,0.009187084024284451
3,yield_5y,36,-0.00691583457574037,-0.011673707169825066,0.0016699627324903235,-0.023524011165508577,0.008522246933405366
3,yield_5y,37,-0.007570779446890069,-0.012293560135405134,0.0012033673635576786,-0.02435551742827624,0.007003864649771605
3,yield_5y,38,-0.008159283160404728,-0.013006687005311686,0.001052255448866338,-0.024796866285231305,0.006160120944873827
3,yield_5y,39,-0.00868006615365179,-0.013456549749515385,0.00077145112125478945,-0.025636200053292615,0.005217710328213517
3,yield_5y,40,-0.00913254724660525,-0.014140167527668954,5.093448075831164e-4,-0.026261864105881168,0.004776700191847948
3,yield_5y,41,-0.009516786395106286,-0.014928828111318985,3.958544240343113e-4,-0.027698086057446704,0.0045331310156494185
3,yield_5y,42,-0.009833440368807586,-0.015018042156358038,2.5625013086944405e-4,-0.028070684272397325,0.003869655384458072
3,yield_5y,43,-0.010083716127909852,-0.015001857403163272,1.0594139570226126e-4,-0.027688546424178024,0.0033707275783897727
3,yield_5y,44,-0.010269317468453288,-0.014958388851084463,2.9088001912895654e-5,-0.027036893895283316,0.003205812412929902
3,yield_5y,45,-0.010392394626318961,-0.015070768147249933,-6.710573512588581e-5,-0.02704729946914156,0.003094703062899541
3,yield_5y,46,-0.01045549542699346,-0.014813233079353184,-9.442885551373578e-5,-0.027567926321436766,0.0030049240706652336
3,yield_5y,47,-0.010461513899512163,-0.01465770078978616,-6.909662434737873e-5,-0.027911843967057117,0.0029129969648819575
3,yield_5y,48,-0.010413639657462002,-0.01436970313663567,-8.111457332032769e-5,-0.027623887259364207,0.0028291908487336247
3,cambio_usd,0,0.46205542306501535,0.2865771880988429,0.705308273256192,0.207508063873203,1.2355380121019397
3,cambio_usd,1,0.6522484674422944,0.40185312912593324,0.9810382923130572,0.30691566558610084,1.7071324483687054
3,cambio_usd,2,0.6562840334836944,0.37801364928718817,0.9431868052113938,0.29241450980432965,1.5905260909662713
3,cambio_usd,3,0.6095909942422649,0.3329838472937204,0.8592985449282429,0.2507271140857388,1.456866317338999
3,cambio_usd,4,0.5504574066148266,0.2874241651466196,0.7808458152689537,0.1964672917940762,1.3024081324948409
3,cambio_usd,5,0.4812660595648592,0.2211389108602651,0.6905383808672447,0.13449600928754168,1.1879705317896994
3,cambio_usd,6,0.4419322317663625,0.17405292328957855,0.6315746356441816,0.10029071329219291,1.0854475268413257
3,cambio_usd,7,0.4076705128496773,0.14349253898841963,0.5868920780343901,0.06856871407347367,1.0033747470618883
3,cambio_usd,8,0.3714586119762842,0.11122649952253515,0.52907496784766606,0.03983068366250029,0.9431940147595965
3,cambio_usd,9,0.34460507205726126,0.08548542245659324,0.5073839144781718,0.01598926819704598,0.928143736257705
3,cambio_usd,10,0.3150820694233148,0.06116481998593343,0.479272477237312,-0.0072636005943116,0.8594087677698374
3,cambio_usd,11,0.2848713254451792,0.04216447670080742,0.4386963291294405,-0.031756410617187154,0.7840647848299015
3,cambio_usd,12,0.25987318476904314,0.02299653648939546,0.40823425450074663,-0.05012688148859919,0.7381223278351771
3,cambio_usd,13,0.235953957123027,0.003905349992515991,0.3759873259012516,-0.06955127237268018,0.656028132406929
3,cambio_usd,14,0.21123310842329115,-0.010393622081974248,0.33977873178030354,-0.08927197661345997,0.6074864878043305
3,cambio_usd,15,0.18741549612640207,-0.030652813808872456,0.3058181429255204,-0.11308624573228265,0.5520557376304308
3,cambio_usd,16,0.16371040939093917,-0.0452146356234966,0.262262893168161,-0.13373691110645494,0.5148556735019536
3,cambio_usd,17,0.1392148424192537,-0.06214360024522353,0.22973870596967502,-0.15354173202595628,0.4618524319332612
3,cambio_usd,18,0.11459418388898848,-0.08074762730154782,0.19992532374141322,-0.1834102911731452,0.42441873205971764
3,cambio_usd,19,0.09021848649875247,-0.09679680337095763,0.16859695072506703,-0.20713041276489907,0.37103178491126215
3,cambio_usd,20,0.06609676089878921,-0.11092578891179196,0.14362927237103973,-0.23105695437035412,0.33707473362089324
3,cambio_usd,21,0.04250644052137521,-0.12692267015941466,0.11694807905073851,-0.2527220291092222,0.30721510123947526
3,cambio_usd,22,0.019796090183589896,-0.1438386817949831,0.0945597763613324,-0.2733704375675237,0.277055218542317
3,cambio_usd,23,-0.001841675644670606,-0.16659251841911454,0.07594280050702501,-0.2882680783053777,0.22453158089610295
3,cambio_usd,24,-0.02224509097991285,-0.18173916145140345,0.06241960330541433,-0.31103297075315983,0.19224713981101568
3,cambio_usd,25,-0.04122078362904707,-0.19666578804415946,0.043830918557157525,-0.3438136619178452,0.16508492722785417
3,cambio_usd,26,-0.058633382003489505,-0.21392005099055872,0.027025080415298136,-0.35904615895978687,0.1486521019586307
3,cambio_usd,27,-0.07440515047445488,-0.22613471537835822,0.020544424406221225,-0.3763498730775309,0.12429737161453491
3,cambio_usd,28,-0.08847124389452338,-0.24005937922847984,0.01651329959034532,-0.40358377464957,0.10676807698571905
3,cambio_usd,29,-0.10079722895764194,-0.2501990770634503,0.006611998175932815,-0.42061909820532334,0.08860544372400209
3,cambio_usd,30,-0.11138613706736557,-0.2602160665291501,0.0018699542138806077,-0.4392571109507726,0.08132371776372148
3,cambio_usd,31,-0.12025871269732635,-0.2704285023275204,-0.001999990155882239,-0.4679295230362398,0.0681182799302488
3,cambio_usd,32,-0.1274533243388561,-0.27116161112785203,-0.004829413299847923,-0.4668489856560711,0.06718270799261584
3,cambio_usd,33,-0.13302818088936452,-0.27845449150882845,-0.00656526363833478,-0.4692412149937913,0.062040610227435816
3,cambio_usd,34,-0.13705328472335807,-0.2855913463369255,-0.009493618816342598,-0.5082937878175334,0.056288938699593574
3,cambio_usd,35,-0.13960800936444195,-0.2840403763045665,-0.009951037284372518,-0.5119812170216687,0.05364075246011236
3,cambio_usd,36,-0.14078106121504946,-0.2805538824778001,-0.009448051975727723,-0.500202812811058,0.05084698316538836
3,cambio_usd,37,-0.14066709375588138,-0.2748175020382263,-0.008600804457984126,-0.5012063128849722,0.04845853992465851
3,cambio_usd,38,-0.1393646773704806,-0.26907276825143744,-0.005132589292568176,-0.5019652034717649,0.04965679978038584
3,cambio_usd,39,-0.13697562912270647,-0.26367546222066457,-0.002719532990571413,-0.513313713169391,0.04826056465704877
3,cambio_usd,40,-0.13360346502151393,-0.2623125199348049,-0.001384006084053097,-0.5100342526470772,0.045026326645465804
3,cambio_usd,41,-0.12935204596496305,-0.25003569748082616,0.003053433190820652,-0.48751599036033044,0.04900785454158205
3,cambio_usd,42,-0.12432482548995716,-0.24401428940330144,0.004564889087132632,-0.4814985902302464,0.0525476223111713
3,cambio_usd,43,-0.11862398967391605,-0.24441102742837229,0.009209791924631644,-0.4746883994149257,0.05933948526117882
3,cambio_usd,44,-0.11234958757047242,-0.23832486594971175,0.012869009910764435,-0.4602114000405768,0.06402280333198176
3,cambio_usd,45,-0.10559888765303084,-0.22532086342151647,0.017075390555975036,-0.42931467989507976,0.07036327973766499
3,cambio_usd,46,-0.09846580581862675,-0.2206777449564957,0.019650877764094497,-0.4213149329929109,0.07749235731467144
3,cambio_usd,47,-0.09104034723175584,-0.20622147917787598,0.024411512184380278,-0.3985403382545918,0.08597421047884954
3,cambio_usd,48,-0.08340814371835008,-0.19752840713270148,0.028669673240583858,-0.36807164123349034,0.09359958960888112
3,cds_5y,0,104.9274100168059,68.95295237244123,155.04862526056473,55.20519425225096,264.184448459488
3,cds_5y,1,115.41101480489735,70.91918723773489,172.6608338473172,56.19185860989833,292.68459902564183
3,cds_5y,2,94.29679722732357,52.25273444326789,133.61804010124357,39.72327167597107,226.59301346986916
3,cds_5y,3,84.26971817714868,44.752584360918846,120.22465273260192,32.4575905251834,202.3304641074878
3,cds_5y,4,74.44479971423999,37.80787677674958,108.4270286396968,26.075302342198064,177.91150317152707
3,cds_5y,5,61.91328701838859,28.055145677418803,89.45710567666099,15.3979446255398,148.89980821247164
3,cds_5y,6,56.44160579696281,24.804887464953307,80.11916575742225,11.374516482430495,133.31021378961637
3,cds_5y,7,52.07168134522784,20.203495134846,75.2764532370357,8.340707803101685,131.4623720338076
3,cds_5y,8,47.71129283594404,18.536950024563115,73.25484008593827,5.844498016570092,128.409293867988
3,cds_5y,9,45.55171849668022,17.294575564523658,72.69284148837927,5.327117539915114,125.52052704747922
3,cds_5y,10,42.98679643157638,15.643923682281367,71.48094729859957,3.7374363059181523,121.33099186075263
3,cds_5y,11,40.66522933390322,13.91651585777949,71.67715259283393,2.666350326364166,118.8057354790736
3,cds_5y,12,39.3056979737222,12.660628268204716,69.25861770882402,1.9141841644181259,116.80277986084342
3,cds_5y,13,37.932486714410395,11.370992975301242,69.18870990917287,0.7793196760574083,115.59662867328606
3,cds_5y,14,36.27983731673209,9.742405885609605,67.00243747406218,-0.7998296165178866,113.21482370808002
3,cds_5y,15,34.61368853172748,8.13728919347489,63.806629445219215,-2.062103179040183,109.01863300958117
3,cds_5y,16,32.767233604149716,6.048222898705614,60.350679136934346,-3.340276919822265,104.14537225572263
3,cds_5y,17,30.559260112333668,3.6804072222611923,57.873856911246804,-5.605682665016503,101.92743584646176
3,cds_5y,18,28.090389723379673,1.9574578811968282,55.035686979163756,-7.730316017316042,96.77520224832782
3,cds_5y,19,25.435629438700698,0.12882841764334235,50.40574228479754,-11.210782829760344,94.8296659925913
3,cds_5y,20,22.581100193735026,-1.7900297411372479,46.3214589727019,-14.30109792589475,87.98278442703183
3,cds_5y,21,19.56249520853786,-3.7976089261567907,42.20554087600483,-15.895076161396322,80.85817002968577
3,cds_5y,22,16.456585266030977,-5.4461056044389,38.09230523470404,-19.98071293599464,76.16356230701592
3,cds_5y,23,13.303209694899802,-7.932344959545015,34.67265110258777,-23.243463741590787,72.13774545277106
3,cds_5y,24,10.13274275536585,-9.949828552376687,31.312715896312238,-25.741770165703148,65.93595016047767
3,cds_5y,25,6.993888284323849,-11.91049708810538,27.90221774738092,-28.50613690664777,61.04985738336562
3,cds_5y,26,3.924542963568091,-13.794600606234608,24.04584513879836,-31.985705844108566,52.57457936218219
3,cds_5y,27,0.9503224796003104,-16.247727895728907,20.5822728960329,-33.64330989471245,47.234923459491924
3,cds_5y,28,-1.901457224288546,-19.29640109414754,17.35164784813019,-35.971432249392386,42.084885312303044
3,cds_5y,29,-4.607859120646603,-21.830941072123643,14.573391250936673,-41.083677085208876,38.34505217612452
3,cds_5y,30,-7.153027217147639,-24.320897875173255,11.76601359862158,-44.801626081127296,32.66697848021552
3,cds_5y,31,-9.52340949721774,-25.81448998845439,9.36090908996803,-49.174142673158535,29.609595332368265
3,cds_5y,32,-11.708309887083576,-27.738842984525775,7.100762666453631,-53.60314665156085,27.612971732299147
3,cds_5y,33,-13.700860548213733,-29.947742754322096,6.507460160963754,-56.71906214834443,23.887981213812303
3,cds_5y,34,-15.496535724964321,-31.934870520867253,4.394993762464611,-60.90904140052075,20.721270636910827
3,cds_5y,35,-17.09289520670619,-32.94443378163531,3.462934204178054,-64.20012954555155,18.180179241167526
3,cds_5y,36,-18.48978552399388,-35.082915633929666,2.7313838400829087,-69.86453071680523,16.396746649526477
3,cds_5y,37,-19.688844007758952,-37.37147049913503,1.9704678330555279,-69.7080686673455,14.038810271388881
3,cds_5y,38,-20.69322721031243,-38.14995378109306,1.2139705596332702,-70.75097660574026,12.91004327673338
3,cds_5y,39,-21.507579896174004,-39.03190678945055,0.7713429388679938,-71.39883803000959,11.520794076161645
3,cds_5y,40,-22.13783332422627,-39.78920877390455,0.5256334220077632,-72.67801371551654,10.548703597742685
3,cds_5y,41,-22.591002839695594,-40.16332373413672,0.2744360290598589,-74.9391158097918,9.48833757313123
3,cds_5y,42,-22.875083616472445,-40.14566662525496,0.03162965753082832,-78.0055047530227,8.712597516307902
3,cds_5y,43,-22.998923223349767,-40.19755246209516,0.06639187330207293,-76.6918225001541,8.394849656639543
3,cds_5y,44,-22.972067961963262,-40.10331999786632,0.06550237996039193,-75.1732008939435,7.94827504097678
3,cds_5y,45,-22.804639442916642,-39.9830470558767,0.3616860491753348,-77.16859564526635,7.34785520611723
3,cds_5y,46,-22.507220485982117,-39.57767437189157,0.4241465061249674,-76.42915377879476,7.001719554704619
3,cds_5y,47,-22.09072954696631,-38.075824994796925,0.5978317603139315,-75.59363052831135,6.854718588940167
3,cds_5y,48,-21.566303753669022,-37.84179492050174,0.7280287212373249,-74.43915818280617,7.583608274432951
3,asset_ibov,0,-20.491577159095225,-27.28773965385474,-13.88764941260254,-46.47344326547464,-11.003951038326605
3,asset_ibov,1,-5.926647123286985,-10.12923058831082,-1.1917117147470497,-15.802535861347698,1.5495017331379028
3,asset_ibov,2,3.7810690656013968,-0.7635546159650082,8.601837021897992,-3.311110004768232,15.020504706120699
3,asset_ibov,3,4.144452949644242,-1.1080530295577535,8.063045383518842,-3.3359113739585795,13.132734626224519
3,asset_ibov,4,1.4252525720429343,-2.88767340749989,4.115473301321342,-5.651636957311773,9.151300971035628
3,asset_ibov,5,2.3054316853100802,-2.000541594562191,4.755871129064797,-4.400815917309169,10.15715201864816
3,asset_ibov,6,1.9154305212088958,-2.597978491260206,3.871513144500277,-5.389391362706497,8.476803577243192
3,asset_ibov,7,1.1960063723309566,-3.931484631688069,2.6585721369660646,-7.1921427055198395,6.173068136196761
3,asset_ibov,8,1.5813214610256994,-3.6870954040767074,2.694880622211744,-7.577526277656475,5.132252298224959
3,asset_ibov,9,1.7197540489744372,-3.5857481380990097,2.70287312888199,-7.138171562515783,5.113821668199975
3,asset_ibov,10,1.7697961931653512,-3.415876322018497,2.9622876376231195,-7.055402844942226,5.664911595431448
3,asset_ibov,11,1.7910628221258864,-3.25146765146483,3.1078513463966093,-7.210552640199265,6.008987331690679
3,asset_ibov,12,1.766511825861102,-3.240181456794159,3.3643814307521884,-7.044556185560077,6.439368798438122
3,asset_ibov,13,1.7422657750299104,-3.153467669817978,3.8068047608775144,-6.99155521354064,6.981687242858882
3,asset_ibov,14,1.7662058080790501,-3.1282637404013474,4.034406948429545,-6.824075073003453,7.320949060001554
3,asset_ibov,15,1.7930981732666833,-3.1412685261374556,4.432719291968339,-6.468830259920696,7.61056639203998
3,asset_ibov,16,1.811491766801427,-3.092023674658867,4.689173360658391,-6.258394205553891,8.071169497824586
3,asset_ibov,17,1.8453630655792677,-2.9398117675353306,4.676588506120516,-6.388390263767851,8.310791451688736
3,asset_ibov,18,1.8705096111355382,-2.859803361942898,4.893399030746478,-6.357867137826949,8.814743581410195
3,asset_ibov,19,1.8696534099181206,-2.9531663440285767,5.018176949304979,-6.475167872800713,8.991717263325059
3,asset_ibov,20,1.8501353356718966,-2.969332163126543,4.996962559095197,-6.452532585420838,9.149783047356882
3,asset_ibov,21,1.8113459573492356,-3.018856586269074,4.9743739814245576,-6.310759130192802,9.216771600605664
3,asset_ibov,22,1.7425646950381777,-3.0006274105402406,4.964610722179952,-6.362246795429641,9.274598699797261
3,asset_ibov,23,1.6435387599447464,-3.0885930049384047,4.986833394582921,-6.313198339551569,9.482483598051552
3,asset_ibov,24,1.51756556356297,-3.1038944100760006,4.978545608526082,-6.284265167186986,9.658880732423135
3,asset_ibov,25,1.3627103050661886,-3.103820278459993,4.858304130448076,-6.216345802974726,9.952392189864375
3,asset_ibov,26,1.1795281850188888,-3.2356768375253653,4.668197007141437,-6.4140865324378336,9.705623257977052
3,asset_ibov,27,0.9717297149736258,-3.420466818832909,4.471355242673965,-6.522922808213565,9.384025904247087
3,asset_ibov,28,0.7418447783287047,-3.544836519142232,4.229441722342045,-6.5625973189006075,9.116527270883239
3,asset_ibov,29,0.49245823434797525,-3.675860375590572,3.9723305920078706,-6.692531925820659,9.258233422579327
3,asset_ibov,30,0.22735043997758098,-3.7905128293631094,3.7666494961361456,-7.084846575990017,8.96951524666881
3,asset_ibov,31,-0.049831697229434896,-3.8610108007264716,3.5948880283253084,-7.0160346138704845,8.668493660418463
3,asset_ibov,32,-0.3356986670053255,-3.9352113549214973,3.404062226216727,-7.024917111841264,7.995570695023135
3,asset_ibov,33,-0.6266803763721287,-4.123802812887098,3.1927815537662005,-7.291569364080117,7.596444583344581
3,asset_ibov,34,-0.9193226147394153,-4.228672464315284,3.0441914434885375,-7.80114134036667,7.442258948162269
3,asset_ibov,35,-1.2104456817763876,-4.330623664389995,2.7295376358399386,-7.876559024510101,7.224489872020872
3,asset_ibov,36,-1.4970427356893343,-4.4285502892238595,2.506190837804505,-8.146284830129565,6.9783419812395024
3,asset_ibov,37,-1.7763276817801679,-4.484149274808249,2.3288489472341674,-8.354082130386322,6.521300322154864
3,asset_ibov,38,-2.045800979043603,-4.528318490674268,2.1836089630769,-8.580101386287502,6.1004913194808665
3,asset_ibov,39,-2.3032292663977283,-4.667477711052054,2.0107602674063467,-8.73187852861595,5.733193639304701
3,asset_ibov,40,-2.5466432700647155,-4.803882030135139,1.7719600878946533,-8.880162286731382,5.304894737831471
3,asset_ibov,41,-2.774354474233623,-4.895849787607752,1.5079619038177516,-8.948404213260718,4.844953593924577
3,asset_ibov,42,-2.9849463526958826,-4.879680592866169,1.3855621533820477,-9.067143930811337,4.412683456876729
3,asset_ibov,43,-3.1772617443818514,-4.925281546685373,1.20977722894152,-9.066034795838931,3.9161449835174933
3,asset_ibov,44,-3.350399011715277,-4.9812695375157405,1.0596172778731459,-9.084137600360288,3.5384732059473936
3,asset_ibov,45,-3.5037017219855295,-4.9431271114661435,0.9275718771926471,-9.180719877872901,3.165981260865169
3,asset_ibov,46,-3.636743387062083,-5.011065009071158,0.7948928785203779,-9.047394799649869,2.9030728804581702
3,asset_ibov,47,-3.7493151208304742,-5.059881701975874,0.6891073300219953,-9.01484226869838,2.716416860677847
3,asset_ibov,48,-3.8414122508483834,-4.973505042510754,0.5266115554545483,-9.011991744825089,2.631605888434549
2,yield_6m,0,0.005,0.005,0.005,0.005,0.005
2,yield_6m,1,0.007092722983070296,0.005253626978446109,0.009069412892205742,0.004224073541655684,0.01105162124925126
2,yield_6m,2,0.006412204659260679,0.0031388009198469805,0.008876321472120249,0.0010335113014234992,0.012040076215754668
2,yield_6m,3,0.005750579774679457,0.0016481773994022142,0.00865925437271863,-0.0014993631357837723,0.011871788284474872
2,yield_6m,4,0.004422922051237296,-1.1734378543814899e-4,0.008371741351361615,-0.005163530924528802,0.011393536192203407
2,yield_6m,5,0.0036779535815466852,-9.826324913356982e-4,0.008239276676369681,-0.00698798858887723,0.01192337194117372
2,yield_6m,6,0.0036403821816911436,-8.198061972092554e-4,0.009094255516319635,-0.007398916189578838,0.013713480533637887
2,yield_6m,7,0.003804130036918088,-3.756572640422649e-4,0.010234938232045044,-0.006479345815265386,0.01565546830929907
2,yield_6m,8,0.004297881490034644,4.696268880093991e-4,0.011823099606741685,-0.005343599257725813,0.018635656773918333
2,yield_6m,9,0.0049147819721178,0.0013510381610441864,0.013205824791498899,-0.004353990857088912,0.020846317294757086
2,yield_6m,10,0.005541268499339328,0.0020404948978633096,0.014459210876985732,-0.0033949712040305387,0.02318984789008538
2,yield_6m,11,0.00623310921888279,0.0025533884842172017,0.015882075559668456,-0.002343112852103509,0.024377849205285032
2,yield_6m,12,0.006925179090082969,0.002957317673226015,0.01746058754851388,-0.0016570422641204938,0.026855845276034816
2,yield_6m,13,0.007564153946047162,0.0031529900167590157,0.018915958124170178,-8.093404182786421e-4,0.029326547463544763
2,yield_6m,14,0.00813838579604541,0.0033479205911313365,0.02018295548020684,-2.841577728626191e-4,0.03186120921002075
2,yield_6m,15,0.008610672463445336,0.003418460661770456,0.020929542054919627,-4.5184390983016125e-5,0.03446769187668826
2,yield_6m,16,0.00895901551301169,0.0032739385652359393,0.02138464290407846,-5.897409952478459e-4,0.03583088728190563
2,yield_6m,17,0.009176632808873916,0.003323932432412112,0.021817823634004255,-0.001269407087260254,0.03623126312749278
2,yield_6m,18,0.009255705367911376,0.0028258613306440254,0.02184582806434496,-0.0014720511341626901,0.03643264816194373
2,yield_6m,19,0.00919845057680521,0.002454106703886811,0.021377415987182503,-0.002066719442950128,0.03658057194356025
2,yield_6m,20,0.009010053126015051,0.0019616630613389645,0.020777664647221326,-0.002238011432880091,0.03652718190949213
2,yield_6m,21,0.008696215444032922,0.0014559987518999642,0.020346620421447,-0.003164375935481628,0.03602121476517949
2,yield_6m,22,0.008267088519830048,7.172466903897216e-4,0.01909061253992222,-0.0037296221338390637,0.03494819535807847
2,yield_6m,23,0.007733601226329962,7.587324539700594e-5,0.017904610192167814,-0.004277075681448367,0.03388914597603378
2,yield_6m,24,0.007106931036405198,-5.421538161913831e-4,0.016822583272720855,-0.005077693841156684,0.03236134746452155
2,yield_6m,25,0.006399711705934953,-0.0011180559374362696,0.016145409080635362,-0.0066464982073809135,0.030147578064276346
2,yield_6m,26,0.005624598743286413,-0.0018249228869131173,0.01450233612827847,-0.007853715607035202,0.028610460041035696
2,yield_6m,27,0.00479396233108847,-0.0026858562610374754,0.013469357778361075,-0.009519287129889713,0.026899296857929873
2,yield_6m,28,0.003920156709142519,-0.003638026968025912,0.01257917929108461,-0.010911968950886508,0.024138628913301388
2,yield_6m,29,0.0030150571685024275,-0.0044611555430118174,0.01120308778547754,-0.011983869077045241,0.02260729129109414
2,yield_6m,30,0.002089947009463867,-0.005264772739085983,0.010171068787888055,-0.012689016092494705,0.020930284147963333
2,yield_6m,31,0.0011555426917366424,-0.006096081029456717,0.008851247504858412,-0.013285287438877637,0.019288110796536206
2,yield_6m,32,2.2185132646873113e-4,-0.006924531803224653,0.0076366205189206254,-0.01407416255293418,0.017427108618992947
2,yield_6m,33,-7.018630229651431e-4,-0.007655311591604737,0.006406517056702626,-0.0154597372813505,0.01509496478422243
2,yield_6m,34,-0.0016070923338180744,-0.008480503541509627,0.0054941731877645094,-0.016363197973908943,0.013743651959555122
2,yield_6m,35,-0.0024861261816379594,-0.009213073150664922,0.004548794661685558,-0.01736915338435936,0.012293013303227289
2,yield_6m,36,-0.003332055630903236,-0.010459612987326854,0.0038565687448075493,-0.019212702951772635,0.010760116683818962
2,yield_6m,37,-0.0041387738335796525,-0.011289059706461177,0.00311272149080836,-0.021022607505561265,0.00925103202643855
2,yield_6m,38,-0.004900976508149289,-0.012331035479444509,0.002638213452056898,-0.022022813498304022,0.007942700565988817
2,yield_6m,39,-0.0056141478816340296,-0.012784276866743719,0.0019430668947353572,-0.023788392923135986,0.006951238395947915
2,yield_6m,40,-0.006274543808967292,-0.013141039533799494,0.0013139787555821749,-0.02463967147962466,0.00634720866658469
2,yield_6m,41,-0.0068791699894146146,-0.013759638411035797,9.303482904087216e-4,-0.025565154078832312,0.005669499487633436
2,yield_6m,42,-0.007425753289929743,-0.014322683753336183,7.108859287443583e-4,-0.025982110911866488,0.005237125024584915
2,yield_6m,43,-0.007912710095375529,-0.01450183261739898,4.5988612667800517e-4,-0.027404399108352746,0.0048441465802419375
2,yield_6m,44,-0.008339110353180908,-0.014801755227799647,1.8480079208500104e-4,-0.027676900039064492,0.004405034344077393
2,yield_6m,45,-0.008704637853941419,-0.015295482548941723,2.040933381732355e-5,-0.028262990685265325,0.003645500818792953
2,yield_6m,46,-0.009009548398040313,-0.01536126817431809,-1.1541761693933765e-4,-0.028210647501816948,0.003579103547280624
2,yield_6m,47,-0.00925462552175721,-0.015536080288904849,-1.4783975141297216e-4,-0.028330467952186772,0.0031432246979302496
2,yield_6m,48,-0.009441134520550586,-0.01566488301671938,-2.440892946554503e-4,-0.028999745361629678,0.0028862961011870696
2,yield_2y,0,0.01370015916755461,0.011496770245858401,0.017382607375751896,0.010504199308248178,0.024314052103826318
2,yield_2y,1,0.01639743997300934,0.012384687593626181,0.02271539602566867,0.011037104209770018,0.031814376870356716
2,yield_2y,2,0.014750729584293881,0.009803494590708015,0.020250929993089188,0.008006097334653971,0.029058842531318376
2,yield_2y,3,0.014166534603969246,0.00902134470821926,0.018940614233543467,0.0061496695943914,0.027391450726431232
2,yield_2y,4,0.012856547075333227,0.007405080858969764,0.018607002672734425,0.004534738978729722,0.027035940988378672
2,yield_2y,5,0.011188495854826933,0.005608826157489583,0.017243636915879015,0.0024501459083142363,0.025690849456443465
2,yield_2y,6,0.010640620760869081,0.005285656655846616,0.017218155878164155,0.0012501948285753989,0.025550905201396697
2,yield_2y,7,0.01035852820484449,0.00509969107238237,0.017771257821498684,0.0012575071222670272,0.028056838201633297
2,yield_2y,8,0.010218288680158085,0.005083780955335419,0.018785414510772494,0.0010335592698503405,0.02925709206718241
2,yield_2y,9,0.010351002247776632,0.005178487222180027,0.0197971804029058,9.20276098398072e-4,0.032191504783576616
2,yield_2y,10,0.010488815903752129,0.00503414513029261,0.020351017455805566,0.0013896499893937097,0.033845074327068486
2,yield_2y,11,0.01070581930775389,0.005032963459548339,0.02165138838345005,0.001461014861530525,0.036672735244403586
2,yield_2y,12,0.010994292432671105,0.004708967741554123,0.0226671589704031,0.0010555585846485941,0.03917900156916714
2,yield_2y,13,0.011238526644051307,0.00459399580174914,0.023660943424559436,9.53306969189774e-4,0.04052983355578715
2,yield_2y,14,0.011406933611567137,0.0044287830142032795,0.024192523103807855,6.508276962141128e-4,0.04189018034481887
2,yield_2y,15,0.011486131143401144,0.004217283584566168,0.024460132607100643,2.8948487528195684e-4,0.04223756081624387
2,yield_2y,16,0.011441917669476259,0.0037986369602712325,0.02411863812919117,-3.792976230025005e-4,0.042426846873921835
2,yield_2y,17,0.0112555110802417,0.003454373641699341,0.023614958288126084,-0.0010940074551952657,0.04217818768560894
2,yield_2y,18,0.01093008361659215,0.0027553873297264425,0.023500810862998926,-0.0018563324502291608,0.04246440882510561
2,yield_2y,19,0.010473209391939709,0.002287615909886615,0.022773677804750023,-0.0022283078473198377,0.04142444459343492
2,yield_2y,20,0.009889631915503006,0.0013686856585743217,0.021883094645171616,-0.0030127718630249124,0.039557010906806814
2,yield_2y,21,0.009189196604931024,5.697188369241492e-4,0.021045995752582904,-0.003989360609073727,0.0377527004035954
2,yield_2y,22,0.008388273067806012,-9.37646345971514e-5,0.01956685915742743,-0.005082275799652577,0.0354762678056166
2,yield_2y,23,0.007501000813784887,-7.301149911493316e-4,0.018080375274439967,-0.006518704440029144,0.03444707646745989
2,yield_2y,24,0.0065409960508691,-0.001964817414429728,0.016711724302910846,-0.007982959175215111,0.03129893798080491
2,yield_2y,25,0.0055244079289696515,-0.0027129062251465947,0.015365927129179693,-0.009423553686562256,0.02866166903999135
2,yield_2y,26,0.004466318960942537,-0.0038222838599278864,0.013984160501191415,-0.011086594423160522,0.026064197599491683
2,yield_2y,27,0.00338031530638651,-0.004809052138736227,0.012238416131804273,-0.012524394898747255,0.024820747846329427
2,yield_2y,28,0.0022799001528414227,-0.0057372117088730105,0.010669426843415004,-0.014584010661604694,0.023238127154029384
2,yield_2y,29,0.001177618200979527,-0.006756511210300492,0.009248348313664341,-0.015807229943637084,0.020832647411273615
2,yield_2y,30,8.46912424118151e-5,-0.007966732317547558,0.007842415923453049,-0.01663889475979484,0.01924221960660146
2,yield_2y,31,-9.885253253613454e-4,-0.009119277001720837,0.006713900618592297,-0.01832522291711064,0.016986410300319322
2,yield_2y,32,-0.0020326697021735996,-0.010007427865903726,0.005265659211523567,-0.019262297206275796,0.01576336283460589
2,yield_2y,33,-0.0030394867425859065,-0.01121567305902468,0.0042598048660332675,-0.021611827637354072,0.014043120039034978
2,yield_2y,34,-0.004001693935108004,-0.012183130283058894,0.0034192800087128033,-0.023318479051533052,0.012698436703105082
2,yield_2y,35,-0.004912966610843976,-0.013161341136612112,0.0028589774003817663,-0.02401931027866536,0.010548534375626192
2,yield_2y,36,-0.005767944324246116,-0.013590004728529767,0.002193684982491281,-0.026171985614700945,0.008839531040473142
2,yield_2y,37,-0.006562175095887688,-0.01439452617176517,0.0016006448789445315,-0.027191276142466234,0.007642559698528076
2,yield_2y,38,-0.00729207620126355,-0.015052073498741471,0.0010304629529570596,-0.028922254478223743,0.007175943630451398
2,yield_2y,39,-0.00795490610756794,-0.015779237980412374,7.094115668702781e-4,-0.02996896571202855,0.006404572269795958
2,yield_2y,40,-0.008548721555877117,-0.01633776416442031,4.248554932374531e-4,-0.03197355725188861,0.005863841846998875
2,yield_2y,41,-0.009072331322434247,-0.016601905915303288,1.1808434802409899e-4,-0.031302211531513385,0.005120747642134554
2,yield_2y,42,-0.00952525326679899,-0.016922215344070214,-1.9812540428972166e-4,-0.03274140086080137,0.004483807126507102
2,yield_2y,43,-0.009907668014182752,-0.01717504926685902,-2.1262435898971327e-4,-0.03308834656613694,0.004154981239185762
2,yield_2y,44,-0.010220367920466569,-0.017749701947521686,-2.9177939720093863e-4,-0.03356115158152355,0.003898096995006692
2,yield_2y,45,-0.010464706037376835,-0.018071304982478692,-2.9600726523247676e-4,-0.03352238384112069,0.0034454100763015513
2,yield_2y,46,-0.010642544755194076,-0.018047358088051933,-3.3260423059837917e-4,-0.03257413029379198,0.0032855633934525796
2,yield_2y,47,-0.010756202223031329,-0.01782401881870511,-3.1765957472413024e-4,-0.032125381996205876,0.0031380138443545856
2,yield_2y,48,-0.01080839865554435,-0.017612938170235314,-3.490657061099277e-4,-0.032926147263222745,0.002983454472612404
2,yield_5y,0,0.018261554654200922,0.014708197296141153,0.02544297639705128,0.013012097430549301,0.03882381283901161
2,yield_5y,1,0.020346868716510116,0.015297116370167778,0.029237584453699797,0.013048855902178805,0.04530696950453727
2,yield_5y,2,0.01737602522375057,0.011906684438067711,0.02455706898858217,0.00993131368457896,0.03780971021154845
2,yield_5y,3,0.016702297500775645,0.010970400227343026,0.023608768995272353,0.008662285059038679,0.03361150065522023
2,yield_5y,4,0.015290888409243697,0.009637770268849611,0.021457728548536704,0.00705964892451945,0.03191067501868184
2,yield_5y,5,0.013121436876865615,0.007550788863440334,0.019144128981662425,0.005130437477066163,0.029638801445845527
2,yield_5y,6,0.012318687619342513,0.006724568600980115,0.018677486298893868,0.004432787271216399,0.02813062164222408
2,yield_5y,7,0.011750762391197466,0.006309454287959652,0.019147202812869975,0.003924474030221543,0.02874322318416032
2,yield_5y,8,0.011222587305058006,0.00599403233941011,0.019332931568833533,0.003200379727282157,0.02985348464391047
2,yield_5y,9,0.011071256774435427,0.005823055580683751,0.020020638523203745,0.0028141413418764838,0.030642348670339964
2,yield_5y,10,0.010889072415466614,0.005612196860182345,0.020521510242732546,0.002461635005894973,0.03134758925597735
2,yield_5y,11,0.01078857228229124,0.005181146478438578,0.02075364128404455,0.0018374233345846123,0.03239785961409993
2,yield_5y,12,0.010816183684075727,0.00486623078848726,0.02105310222391852,0.001547594085302486,0.03424795958002104
2,yield_5y,13,0.01080354574966541,0.004563693950024206,0.021256616734562202,0.0011548270446752678,0.03514133288076651
2,yield_5y,14,0.010721971582982746,0.004140616694780929,0.02128078331772635,5.623934313305032e-4,0.03548887780355406
2,yield_5y,15,0.010585071730225729,0.003700277892314839,0.021259137656856088,1.7397833908958322e-4,0.03547232940361577
2,yield_5y,16,0.010350410934051413,0.0033842247273103776,0.020887492708846343,-4.612320325212296e-4,0.03540183642653152
2,yield_5y,17,0.009994760329075399,0.0029197366890575224,0.02070107110141397,-9.185919378106149e-4,0.03453607454481823
2,yield_5y,18,0.0095304864169736,0.002343460936700573,0.01994391784629713,-0.0014938167578513164,0.03405901034704074
2,yield_5y,19,0.00896683891161198,0.0016061889103914902,0.0191506364458723,-0.0023091740823756915,0.033267103679911376
2,yield_5y,20,0.008306252902148703,8.153944893947906e-4,0.0181001739120895,-0.0028826250889520187,0.0321138699489587
2,yield_5y,21,0.007559081175655906,7.222740865771188e-5,0.016805182225401928,-0.0038174118159083436,0.029972742690131313
2,yield_5y,22,0.006742457100146612,-7.143246725169216e-4,0.015454995443210592,-0.005278949180048285,0.028226185986384635
2,yield_5y,23,0.005869047295385278,-0.001658190837138287,0.014106590109529407,-0.006550695377580179,0.025803165538842526
2,yield_5y,24,0.004950518619826039,-0.0022969593241298244,0.012666380234230024,-0.007702745697718492,0.02457079423383707
2,yield_5y,25,0.004001660896220357,-0.003380604309300845,0.011492929735211542,-0.009256888584351574,0.022219571562376285
2,yield_5y,26,0.0030355078225315956,-0.0040093087338736655,0.010159009504871922,-0.01007247005342223,0.02053268289398231
2,yield_5y,27,0.002063017346371905,-0.00499643859109288,0.008704180966292236,-0.011269898408201974,0.019419018407952956
2,yield_5y,28,0.0010952482369729465,-0.0059913518729311456,0.007689754813496188,-0.012369390107783679,0.017599209382844514
2,yield_5y,29,1.4219380722304195e-4,-0.006882009730179939,0.006408507636519343,-0.013411858316728559,0.01568081236734473
2,yield_5y,30,-7.876772798466468e-4,-0.007781577925149913,0.00530317569899778,-0.014587411717751382,0.013567813551720875
2,yield_5y,31,-0.0016866659097726571,-0.008547211101646007,0.004218468941106226,-0.016190977552347566,0.012478116159366701
2,yield_5y,32,-0.002547992532449341,-0.009343786753343202,0.003250141096365844,-0.017368405130948693,0.011038855736298418
2,yield_5y,33,-0.0033659519396953665,-0.010039867089661928,0.0026013714105924623,-0.018573222708130277,0.009774352350181058
2,yield_5y,34,-0.004135679158844841,-0.010760306104476317,0.0018031077196304114,-0.01999782212555479,0.00877086551651546
2,yield_5y,35,-0.004853120379706761,-0.011662703706318387,0.001327154951371125,-0.02110381486426298,0.006909710450255901
2,yield_5y,36,-0.005515050003740439,-0.012239933211156165,0.0010064842731676085,-0.022133068521873207,0.005992834684339161
2,yield_5y,37,-0.006118983757653832,-0.012744974785919783,5.546187027962008e-4,-0.022939874177754564,0.00562567827550404
2,yield_5y,38,-0.006663129491749965,-0.01355347030971981,2.892470551454178e-4,-0.023528487031768127,0.0048592230597460815
2,yield_5y,39,-0.007146363165820878,-0.01405414681137903,1.0141189043129892e-4,-0.024785961466256907,0.004475371917006094
2,yield_5y,40,-0.007568179655814509,-0.014525236333876234,-1.488571678081014e-4,-0.026601500398879006,0.003964934673913913
2,yield_5y,41,-0.007928644412243316,-0.01448417901590655,-2.7059463339198516e-4,-0.027719675233633792,0.003444523980308351
2,yield_5y,42,-0.008228355096173248,-0.014900946104279066,-3.3931280431458816e-4,-0.028529389626044347,0.0032667603690564834
2,yield_5y,43,-0.008468398707314655,-0.015090835866165912,-3.420954334826665e-4,-0.028770106022527126,0.0030387147913157973
2,yield_5y,44,-0.008650304517262288,-0.015244453813893718,-3.884719847988464e-4,-0.028381871057173637,0.002779431214981394
2,yield_5y,45,-0.008775999753462918,-0.01542300623939723,-4.005555433511486e-4,-0.027604067622773443,0.0025003510615259237
2,yield_5y,46,-0.008847765842629288,-0.015220313604342948,-2.926525240974633e-4,-0.027724409710944895,0.0024148035777289256
2,yield_5y,47,-0.008868192590858543,-0.015055782238884218,-2.509832219734629e-4,-0.028143241893791433,0.0023332348943641674
2,yield_5y,48,-0.00884013325302863,-0.014820071168758598,-2.1275111827962558e-4,-0.027723698252576923,0.0021618350272288376
2,cambio_usd,0,0.3775574495077165,0.27695927317628105,0.5779056223130503,0.22986416656147005,1.0012093798783204
2,cambio_usd,1,0.5735631840491092,0.4000206523635952,0.8906986819730011,0.32759571465956155,1.5222231573481384
2,cambio_usd,2,0.5853484765913518,0.3862008149708824,0.856733643340903,0.31963257532352185,1.4848194004028115
2,cambio_usd,3,0.5563591758276669,0.34858399106452265,0.8043206114666057,0.285975255281037,1.377560606911057
2,cambio_usd,4,0.5068926955592936,0.30021726627354045,0.7519074985249576,0.2225012432821275,1.2692113074803277
2,cambio_usd,5,0.4405742505924912,0.23365840947630512,0.6655501666981201,0.1491524479099318,1.0590696786449678
2,cambio_usd,6,0.40001269945180584,0.18895855474794226,0.6004908370739733,0.11148665737588574,0.9283464079850706
2,cambio_usd,7,0.36620191465516266,0.15754298610303416,0.5491450869928768,0.07998866058400293,0.8464243309127416
2,cambio_usd,8,0.33180146520148623,0.12077950901589204,0.5114556975941428,0.04328349430770048,0.7792248696318822
2,cambio_usd,9,0.30735651378735446,0.09816884581367274,0.4798369073875599,0.02440977335287566,0.7604380157125936
2,cambio_usd,10,0.2807701911962468,0.06859712514078103,0.4399914514758246,-0.002783303949746973,0.7431292550662948
2,cambio_usd,11,0.2539165763343823,0.04612292344526737,0.4038593911027169,-0.025062355575861988,0.7004604756976319
2,cambio_usd,12,0.23219225594352708,0.02541557446288687,0.36672577108364235,-0.048855817803591675,0.669925314373939
2,cambio_usd,13,0.21087048274979647,0.004935050772901384,0.33859808343020187,-0.06646846446503005,0.6010183810331268
2,cambio_usd,14,0.18879943494081033,-0.012078412736296671,0.3011362936678356,-0.09176022324873162,0.5643528880233158
2,cambio_usd,15,0.16778909948941548,-0.031930173683209544,0.2686778030086857,-0.10824172509285918,0.5157458510607483
2,cambio_usd,16,0.14668362633714543,-0.05384136625965392,0.24377713670010243,-0.1282019740679549,0.4530530434202108
2,cambio_usd,17,0.12479712424176324,-0.07413412846593476,0.2083959109951638,-0.15364198369004092,0.3982363713365973
2,cambio_usd,18,0.10288311454287548,-0.09437270275272146,0.1780531446061964,-0.16979412409702394,0.3592951799880046
2,cambio_usd,19,0.0811346066599739,-0.1085607516309527,0.14515667142630378,-0.1972265335850155,0.3184318371240462
2,cambio_usd,20,0.059563383128012175,-0.12831795457849612,0.11791952684568152,-0.22309608168958903,0.27835327045968156
2,cambio_usd,21,0.038482089975111905,-0.1497624157806207,0.09542218649199724,-0.2478513480132146,0.2490882147579457
2,cambio_usd,22,0.018179617632210623,-0.1677206761073417,0.07621785567188567,-0.27097677992463337,0.2060555941019171
2,cambio_usd,23,-0.0011759780732332249,-0.18133257258855562,0.05708968580524338,-0.30187659284919505,0.17768455268176384
2,cambio_usd,24,-0.019423773995738386,-0.1988161767542896,0.0399525854259361,-0.3260133705669275,0.14428974899138922
2,cambio_usd,25,-0.036392444174716224,-0.21551164488360797,0.022767501101243006,-0.3473549893974273,0.11634745780117883
2,cambio_usd,26,-0.05196329893760328,-0.22634646720309215,0.012565263621158458,-0.36854891257711236,0.09073277931127606
2,cambio_usd,27,-0.06606500244203013,-0.23403260264320208,0.002596842148568604,-0.38807745669721017,0.07210889336479787
2,cambio_usd,28,-0.0786396564958334,-0.24909402177359258,-0.0011736237399992537,-0.41301459786342504,0.0613893075995114
2,cambio_usd,29,-0.08965768619204494,-0.26556764536551863,-0.005818841145325319,-0.4280115518927443,0.055477488111889475
2,cambio_usd,30,-0.09912254016387888,-0.27237392087010526,-0.009659675868328802,-0.46720169341071144,0.047879904578852106
2,cambio_usd,31,-0.10705313931571075,-0.28130132195245416,-0.013000850902590629,-0.4816208696223911,0.04392560162809019
2,cambio_usd,32,-0.11348452775974728,-0.28156034466806623,-0.0166737901995389,-0.49879378611039055,0.04169708580562576
2,cambio_usd,33,-0.1184694799761618,-0.2908150104207139,-0.01983355810692929,-0.501393795055926,0.04074101744003661
2,cambio_usd,34,-0.12207084101827058,-0.2954475660924501,-0.020652007657081525,-0.5135595931053819,0.04072773658336594
2,cambio_usd,35,-0.12435985894629079,-0.2918192801377418,-0.02075634278238054,-0.5197710238333985,0.041180818656053435
2,cambio_usd,36,-0.12541612429439855,-0.29208862424020654,-0.01768265711944673,-0.5231718064795599,0.03831308869648166
2,cambio_usd,37,-0.12532425458515326,-0.2907667665086029,-0.014758424881296922,-0.5138013656236006,0.03740235118924515
2,cambio_usd,38,-0.12417231272268893,-0.2897309925822812,-0.009848262528178622,-0.5224422581246418,0.037862281191930074
2,cambio_usd,39,-0.1220512629095655,-0.2823421641517144,-0.009896863548551372,-0.5282895605779642,0.03965277062250197
2,cambio_usd,40,-0.11905346230440636,-0.27316146997261237,-0.006819578130790506,-0.5064200423113756,0.043422970194787205
2,cambio_usd,41,-0.11527153261710624,-0.263084855536439,-0.0015360347640339988,-0.4919951617832997,0.040941153543883675
2,cambio_usd,42,-0.11079773590428403,-0.25186174433773767,2.7240637954633543e-4,-0.47006088570655846,0.0453554759020538
2,cambio_usd,43,-0.10572316587506686,-0.24449740719167018,0.0038225354633876036,-0.45019837530414275,0.05135980005905376
2,cambio_usd,44,-0.10013699215988915,-0.2360596855976696,0.010063215114460277,-0.4312559950015246,0.05574942948721304
2,cambio_usd,45,-0.09412590972062362,-0.22516448743289466,0.01258769269804458,-0.40051157846646646,0.062113167751381024
2,cambio_usd,46,-0.08777361923717605,-0.21474894165185018,0.015052334234987278,-0.38121554511058875,0.06432121630216815
2,cambio_usd,47,-0.08116033204497594,-0.20412319791309835,0.02053842938298804,-0.35852791310163207,0.07464121767946934
2,cambio_usd,48,-0.07436236558637511,-0.19075150014998332,0.024655920314006853,-0.3404768013499005,0.08020753285922731
2,cds_5y,0,95.52540268448908,70.93401233474711,147.15760522119123,61.11820890742484,247.51349401387998
2,cds_5y,1,105.11811371886465,74.527774336943,166.0417279812067,61.8965510735866,277.67656521273494
2,cds_5y,2,85.15879326045959,56.46995459328054,127.43303133032633,45.26105684984209,226.03126375890048
2,cds_5y,3,79.62828545815525,50.554828620498924,121.37177417763313,39.05779074332426,195.69458902463614
2,cds_5y,4,70.0042348079153,42.17004095060586,106.13935055360656,29.137193676883015,167.39169812350352
2,cds_5y,5,57.52351891805948,31.514350602057327,87.2210586964641,18.864252133978205,146.38830334763765
2,cds_5y,6,52.432691895383414,27.12496867408984,79.59990567556474,15.45889628302363,123.8291408784773
2,cds_5y,7,48.063234950162695,23.794860659434782,75.53185368944715,12.940574573705508,115.94094453979137
2,cds_5y,8,43.94613313600955,20.808807466410506,73.50176907361963,10.560080461240519,108.69468975856044
2,cds_5y,9,42.13694701645028,19.93280086935203,73.10563509812094,9.10212421064731,108.67306860053785
2,cds_5y,10,39.78567297553081,17.870921156917554,71.78192054175659,6.164919667956255,108.97009915601647
2,cds_5y,11,37.752665848208565,15.441567107875079,71.71258022745424,5.472241646513136,107.13907553916177
2,cds_5y,12,36.66961115389698,14.493377778537855,69.29572542346007,4.573265081289486,106.33613753473301
2,cds_5y,13,35.409390961675946,12.462758063346158,67.32537139167711,3.2311080511037273,105.87396560353028
2,cds_5y,14,33.92487693926427,10.703159359875208,64.6271199881215,1.6003925419218092,104.57933021937953
2,cds_5y,15,32.476023852147705,8.342605552230742,62.135958968569525,-0.628624643452949,101.58761264654
2,cds_5y,16,30.807864188485883,6.205117274549117,58.99924457615454,-2.806528938069282,99.32294280750045
2,cds_5y,17,28.80741405100056,3.902329533237494,56.39665931572232,-5.326279900375138,95.16714680458054
2,cds_5y,18,26.588760608178518,2.138183356518355,51.76439212374349,-6.664077003570349,90.10724074300904
2,cds_5y,19,24.18955047016709,0.5396343805058955,48.66412634956487,-9.447612280968231,85.23940176467408
2,cds_5y,20,21.602747770793112,-1.6671192669902142,45.33523674198154,-12.696008987093691,80.9056546985552
2,cds_5y,21,18.87171197849262,-4.259830947223464,41.17725618732853,-16.31200139859284,76.09803315480909
2,cds_5y,22,16.061462027170386,-6.588305870637434,37.51511792175961,-19.389957370504842,68.28239821178514
2,cds_5y,23,13.20693571915605,-8.467586782247803,32.51117631157075,-22.234032638389362,63.16377255278757
2,cds_5y,24,10.337847283313264,-10.131707598390689,29.452022073800464,-24.663973575120995,56.94859004817792
2,cds_5y,25,7.498380333182503,-12.425208972676032,25.678072723297483,-28.034007320429094,51.5484635596267
2,cds_5y,26,4.721906450017447,-15.6725846265821,21.315312260336913,-31.19086817166822,45.022679357540596
2,cds_5y,27,2.0313624851494287,-17.965411168486447,17.364611288561008,-33.88749723036618,39.42921251409641
2,cds_5y,28,-0.5484141804254261,-20.62056761268613,14.486769447006465,-36.29795706017238,34.77818912848228
2,cds_5y,29,-2.9971338778197287,-23.802206690681146,11.393045187848628,-41.19575042585197,31.218169569007394
2,cds_5y,30,-5.3008912163850885,-25.537183742081528,9.200025911017923,-45.68856444091556,28.285895803776945
2,cds_5y,31,-7.447519036663883,-27.913375557769946,6.417767424445577,-48.53680835490965,26.031606923209743
2,cds_5y,32,-9.427594081733906,-30.470460977715042,4.410085620782153,-53.37905458037116,22.50595812184677
2,cds_5y,33,-11.235168710462176,-33.153325928284104,3.5190494672785455,-57.12616485637702,19.85744163136548
2,cds_5y,34,-12.866235795842284,-35.05218635089877,2.4766529146210887,-60.872875091725426,17.45216511247751
2,cds_5y,35,-14.318692587707426,-36.86974044210113,1.6156895663008304,-63.27603317106926,15.346516090119076
2,cds_5y,36,-15.592496682278197,-37.738951997245586,1.059152568178665,-65.45702905860338,14.51907172500486
2,cds_5y,37,-16.689138787181797,-39.83509067067191,0.39724692650371607,-67.78035537904374,11.584939036140604
2,cds_5y,38,-17.611467785800322,-40.262663539925995,-0.3320899903855563,-70.03227423361415,10.097294951958617
2,cds_5y,39,-18.363666572493166,-40.54506777304362,-0.691744853093906,-72.15199465662663,9.152153403737255
2,cds_5y,40,-18.951041273767448,-41.662565267033074,-0.9483981610360133,-74.14575575510403,8.3978059254753
2,cds_5y,41,-19.37986067569385,-42.647372470729294,-1.3677167416243756,-75.28914086031641,7.855748881271726
2,cds_5y,42,-19.65726992343976,-42.54298722286845,-1.4963676868431808,-72.88270531324663,6.723149426151715
2,cds_5y,43,-19.791167525178995,-42.26741543775302,-1.1671300704100667,-70.46172912722888,6.536249711220996
2,cds_5y,44,-19.79007247928916,-42.19490277426177,-0.9539936640679884,-67.77256557264259,6.4861194119797565
2,cds_5y,45,-19.663017975152318,-42.00512541269228,-0.8703289805116632,-68.4165699348526,6.26452396101245
2,cds_5y,46,-19.419447654119253,-40.79183101812485,-0.6454509500321993,-67.2476700230834,6.2438275236816265
2,cds_5y,47,-19.069103843276253,-39.708573704746776,-0.18481431306072713,-66.77245831980333,6.3743816663582695
2,cds_5y,48,-18.62192452724513,-38.736070461995546,0.40341448553377357,-68.48145740129566,6.7782676083258675
2,asset_ibov,0,-19.68826707861068,-28.61130662818429,-15.762904142639314,-45.728461376403075,-13.55052170984527
2,asset_ibov,1,-5.492622127358768,-10.364962370688103,-2.518056722239126,-15.77000750563279,0.001104288065165428
2,asset_ibov,2,3.5788223515305173,-1.2078898844590793,7.232358681581906,-3.3201823721009203,13.867019230951259
2,asset_ibov,3,3.1353515396113516,-1.6484919404232896,6.067054689279102,-3.9080999036006467,10.883192232737338
2,asset_ibov,4,1.6812886387310864,-3.166312773316589,3.529992011519261,-5.633805048804668,7.752330218382192
2,asset_ibov,5,2.8117178760163952,-2.0969739909282032,4.372983159468562,-4.066988531801398,9.319269419739612
2,asset_ibov,6,2.3403386155728465,-2.7951290195666822,3.6126392660731073,-5.3015998823226935,6.849836811253125
2,asset_ibov,7,1.7079021551424969,-3.881359778492545,2.4317843462280995,-6.6730764837798455,4.946631987488506
2,asset_ibov,8,2.104647774776533,-3.7479623381876523,2.4095964305204287,-6.6847300007823875,4.449923401565914
2,asset_ibov,9,2.1812529287171647,-3.7370585839840644,2.42403144639358,-6.457214945274366,4.56109385713534
2,asset_ibov,10,2.2159693014199497,-3.4610932052603824,2.6104584989293955,-6.350273244424068,4.75000617484902
2,asset_ibov,11,2.2509272457114498,-3.2756549903309535,2.909665880144997,-6.725160781429784,5.215317934723746
2,asset_ibov,12,2.211495940302952,-3.2426459962571266,3.1897126173900126,-6.52679156841356,5.754971000554201
2,asset_ibov,13,2.1909905430001086,-3.0567091278755374,3.4330870954789616,-6.421636235113349,6.139334804917684
2,asset_ibov,14,2.207359668500784,-2.948838165782521,3.7515947869372708,-6.138108415911316,6.58485040100807
2,asset_ibov,15,2.2144537382907443,-3.034795831755826,3.9956196758737326,-5.975746553493963,6.908954624558858
2,asset_ibov,16,2.2215123225404976,-2.904302243793382,4.307974754700769,-5.811368910331095,7.420685501078484
2,asset_ibov,17,2.243144871514322,-2.8565853990921064,4.327801573986907,-5.823768765952953,7.620040372348589
2,asset_ibov,18,2.25264882225632,-2.8151478036473567,4.439671444907656,-5.859234983106583,7.976020063717652
2,asset_ibov,19,2.2401618517224993,-2.859748492322648,4.580644932328876,-5.93887974106362,8.16749607023496
2,asset_ibov,20,2.2122937353095993,-2.8593639955300385,4.708483088165694,-5.859038332577709,8.387286392760808
2,asset_ibov,21,2.1657455847400984,-2.803901125301164,4.737147426318559,-5.757777935259254,8.628592441729847
2,asset_ibov,22,2.0918784590208075,-2.867413156393658,4.745006131585548,-5.953196203874695,8.571465015569615
2,asset_ibov,23,1.9913231466346355,-3.068395562039519,4.53561732748682,-6.072255360399625,8.845631721859228
2,asset_ibov,24,1.8665017187255593,-3.0785986732441475,4.461403131099232,-6.218946214802471,8.56341802656805
2,asset_ibov,25,1.7155359205493124,-3.2520660601534237,4.441218955530623,-6.326266551085761,8.480989470203909
2,asset_ibov,26,1.5392993091979408,-3.4087832507424696,4.238868397121399,-6.346807680230221,8.219149228630021
2,asset_ibov,27,1.3411884625730583,-3.555346575969837,4.095111095800192,-6.367264738039308,8.023688801585374
2,asset_ibov,28,1.1233387911730635,-3.7280249002822066,3.8928565059572957,-6.616079208244648,7.898138565995036
2,asset_ibov,29,0.8881628098659236,-3.846561639395055,3.717904204652069,-6.640474828847954,7.56571004958937
2,asset_ibov,30,0.6391443048144638,-3.9821268770776497,3.418239922538824,-6.857959979303677,7.187926876258626
2,asset_ibov,31,0.37951860696372597,-4.1127553452129675,3.128683645096106,-7.142361736056152,6.975712286234141
2,asset_ibov,32,0.11233707079204348,-4.290801465500021,3.006519116943092,-7.494235803838944,6.681928571911698
2,asset_ibov,33,-0.15916276833563253,-4.534623448480418,2.875229014686796,-7.747477862562042,6.186574822380683
2,asset_ibov,34,-0.43189422849917475,-4.694548918211191,2.644720541830347,-7.953673600023664,6.059518785672855
2,asset_ibov,35,-0.7030139900572783,-4.8904357056211865,2.4866531444661,-7.971968982383458,5.811933428153915
2,asset_ibov,36,-0.9698229536891333,-5.026856059655401,2.230631974888614,-8.154526742861053,5.592080045793393
2,asset_ibov,37,-1.2298339891042462,-5.097035538988056,2.033487937770363,-8.197861164983673,5.267077144484698
2,asset_ibov,38,-1.4808186545127173,-5.148996728450643,1.845241712110822,-8.218818303083573,4.90219595826955
2,asset_ibov,39,-1.7207831986881483,-5.198175148830092,1.5976910022480404,-8.359135748870065,4.552653437850674
2,asset_ibov,40,-1.947973943389975,-5.205671532551083,1.3662240403138957,-8.425034567349488,4.285187238013379
2,asset_ibov,41,-2.1608895987295447,-5.294700768545363,1.2245633626405634,-8.554678809935174,4.10887567146708
2,asset_ibov,42,-2.3582707144497954,-5.272637637947875,1.128275606228053,-8.644591342031221,3.799566071169211
2,asset_ibov,43,-2.5390902361253067,-5.277000338994086,0.9247971176220342,-8.717798301761581,3.3766841421320395
2,asset_ibov,44,-2.702549829954824,-5.455667972410036,0.79622381085554506,-8.77302094421046,3.068383396442875
2,asset_ibov,45,-2.848069595949252,-5.45962166116891,0.7080210640299023,-8.772561696162713,2.6916395186207476
2,asset_ibov,46,-2.9752747485899382,-5.487702330752873,0.6187111352698146,-8.810146573757923,2.5392590490373235
2,asset_ibov,47,-3.083984763848351,-5.375954144265533,0.5115824475572837,-8.712809622561355,2.178185622874982
2,asset_ibov,48,-3.174201112801369,-5.3516499985083295,0.43567731889538086,-8.65937130389649,2.0363221104441815
