window_cell,q,variable,h,point,lo68,hi68,lo90,hi90,set_type68,set_type90
cheia_p4,5,cambio_usd,0,0.13424190947918324,0.09788217655113311,0.1866597752464808,0.07265281192767749,0.26226398844215987,interval,interval
cheia_p4,5,yield_6m,0,0.005,0.005,0.005,0.005,0.005,singleton,singleton
cheia_p4,5,yield_2y,0,0.00702636423396999,0.006246298604352081,0.007939151887453434,0.005562776842322891,0.009039026653991618,interval,interval
cheia_p4,5,ibc_br,0,-0.6303767189964696,-1.2398041858695268,-0.23532160184383316,-2.165895769829342,0.018277434984704636,interval,interval
cheia_p4,5,asset_ibov,0,-0.9965048308800585,-4.165069142796673,1.7742667110257422,-7.901908516582008,4.263218129653312,interval,interval
cheia_p4,5,cds_5y,0,29.908729763520856,20.971292111834444,42.621721909431585,14.67402663370218,60.76301606927213,interval,interval
cheia_p4,5,price_ipca,0,-0.04363183113577674,-0.18069939689548856,0.04614734222135702,-0.38737060073920915,0.10447342833871315,interval,interval
cheia_p4,5,cambio_usd,1,0.145890093174015,0.08102228342876489,0.2313938611240713,0.031197754873687162,0.34595401492999595,interval,interval
cheia_p4,5,yield_6m,1,0.006082398244895232,0.005342786553807519,0.006633174275463841,0.004336119991822526,0.007047457656981149,interval,interval
cheia_p4,5,yield_2y,1,0.008455433043610336,0.007016086498398496,0.009881626034944498,0.005513918986785347,0.011342530450068911,interval,interval
cheia_p4,5,ibc_br,1,-0.15629033990797495,-0.8772125957990168,0.3508285415019037,-1.9054737154833719,0.7083820065954695,interval,interval
cheia_p4,5,asset_ibov,1,-0.9096193398148971,-2.356711697519429,0.4333401771018757,-3.9686522097405903,1.7186128171244712,interval,interval
cheia_p4,5,cds_5y,1,29.472744188251596,17.788353476360236,44.603925017305585,8.63366989512966,64.57129348229385,interval,interval
cheia_p4,5,price_ipca,1,-0.0015965605051662727,-0.13543996114002008,0.08859794196126947,-0.3329118798906383,0.14914194651476512,interval,interval
cheia_p4,5,cambio_usd,2,0.11876638245030009,0.0457524738741575,0.2090531087875168,-0.014467971581084222,0.32345890616630735,interval,interval
cheia_p4,5,yield_6m,2,0.007019529200289408,0.005734930858386929,0.007899040048804994,0.0038629322995512127,0.00850026688454274,interval,interval
cheia_p4,5,yield_2y,2,0.008551113362313725,0.006679523926306075,0.010115218040754576,0.004377403919822478,0.011452749059480091,interval,interval
cheia_p4,5,ibc_br,2,0.03560496975529795,-0.6989840157452846,0.5446114312577003,-1.7594037316924367,0.8973719441887646,interval,interval
cheia_p4,5,asset_ibov,2,1.9775711405105194,0.46994909908908256,3.7026396972039124,-0.8834831838527931,5.73820827762431,interval,interval
cheia_p4,5,cds_5y,2,21.60684870284551,10.516287531351423,34.978894573804176,1.1109069112409418,51.541361724826594,interval,interval
cheia_p4,5,price_ipca,2,-0.029003439790188896,-0.15932694607054487,0.06315720372354566,-0.3444184595950479,0.12853066209206698,interval,interval
cheia_p4,5,cambio_usd,3,0.13055293074032726,0.06357259419168328,0.21424120651584028,0.008958404911468943,0.3212687066668142,interval,interval
cheia_p4,5,yield_6m,3,0.007903490553692268,0.005876435352415681,0.009212076613026594,0.002786558825218136,0.010048093703920418,interval,interval
cheia_p4,5,yield_2y,3,0.009738183936670895,0.007282163812981432,0.01153024938289464,0.003882067777967092,0.012847499506059946,interval,interval
cheia_p4,5,ibc_br,3,-0.20819775091859952,-0.9523350088830672,0.2898533952755777,-2.056026334812015,0.621565142989964,interval,interval
cheia_p4,5,asset_ibov,3,0.9120804167114246,-0.6496541088927396,2.7960416779196122,-1.9733500942967095,5.1305726822183075,interval,interval
cheia_p4,5,cds_5y,3,28.255674351115132,18.337334159650858,39.77172829556297,9.57297043105844,53.5481684077556,interval,interval
cheia_p4,5,price_ipca,3,-0.027616292768497464,-0.16583591726609664,0.06678680864404743,-0.36764308134843926,0.13114021409411367,interval,interval
cheia_p4,5,cambio_usd,4,0.11138824325081778,0.04257980171260406,0.19316316984373813,-0.0167021337225138,0.29312136120995624,interval,interval
cheia_p4,5,yield_6m,4,0.007971160928280943,0.005187268840194125,0.009786184566079666,9.750279081216574e-4,0.01095905585547605,interval,interval
cheia_p4,5,yield_2y,4,0.009615782654876755,0.006387236015258941,0.011912137104404039,0.0018232610404579133,0.013551796974447158,interval,interval
cheia_p4,5,ibc_br,4,-0.1772689152132068,-0.8118707962224209,0.24676617479696142,-1.754302608415336,0.5286435927086869,interval,interval
cheia_p4,5,asset_ibov,4,0.7007113462335142,-0.3671653849725723,1.9738930199132767,-1.2839816623365112,3.5347571135316223,interval,interval
cheia_p4,5,cds_5y,4,26.61064500434799,16.254707657578937,37.67792021077797,6.25733810664655,49.90677814973324,interval,interval
cheia_p4,5,price_ipca,4,-0.0033913461129562567,-0.13444655334552655,0.09141768115275682,-0.3171659112917945,0.1604316758771344,interval,interval
cheia_p4,5,cambio_usd,5,0.07455083762075825,0.006093922104265129,0.15174212069204357,-0.05633714229078312,0.24157316037384582,interval,interval
cheia_p4,5,yield_6m,5,0.007849939847472866,0.004565920141193304,0.010015351696834532,-3.608160479375401e-4,0.011432981194170225,interval,interval
cheia_p4,5,yield_2y,5,0.008793592810885476,0.004983555456143404,0.011469249263250976,-4.579854597370612e-4,0.013352202966502505,interval,interval
cheia_p4,5,ibc_br,5,-0.1147740398679751,-0.685977600033349,0.27339104348636817,-1.5232555377881531,0.5364717414655528,interval,interval
cheia_p4,5,asset_ibov,5,1.9673750198006312,1.0303741850252228,3.1032517724121025,0.24044856256073585,4.517057166325981,interval,interval
cheia_p4,5,cds_5y,5,19.82799766909775,9.093315144298895,30.362451973158883,-2.2195674528025053,41.04721258369301,interval,interval
cheia_p4,5,price_ipca,5,0.0030131347570266117,-0.12826822051048195,0.10135342955472015,-0.30606788554625297,0.17581599123064887,interval,interval
cheia_p4,5,cambio_usd,6,0.060655976434813165,-0.005629127684854083,0.13334077485923226,-0.06790573424017167,0.21569341607796091,interval,interval
cheia_p4,5,yield_6m,6,0.007680009001908051,0.003976824502826603,0.010127180110561304,-0.0015694758834955708,0.011733328489119243,interval,interval
cheia_p4,5,yield_2y,6,0.008370166452451705,0.004143328707166076,0.011290217702587705,-0.001972864580602671,0.013306982216888016,interval,interval
cheia_p4,5,ibc_br,6,-0.20164705321639567,-0.7504452319998537,0.18569344254210593,-1.5310928815261444,0.4598434553490445,interval,interval
cheia_p4,5,asset_ibov,6,1.853071854827307,1.0347761525839791,2.7891559426918526,0.29997114766877847,3.8934666771108795,interval,interval
cheia_p4,5,cds_5y,6,18.8115820932375,8.317892035767352,28.544648867450718,-3.3776536543276108,37.85409630452042,interval,interval
cheia_p4,5,price_ipca,6,-0.011976433604189119,-0.15001203301827354,0.08965152481519252,-0.33968857145998677,0.16511619190549254,interval,interval
cheia_p4,5,cambio_usd,7,0.04122536715862925,-0.024694298416310188,0.11142889813293748,-0.0885634642767393,0.18873667936398777,interval,interval
cheia_p4,5,yield_6m,7,0.00726131235088463,0.003267301475474729,0.009949267791819755,-0.002631432480702697,0.011750866333984753,interval,interval
cheia_p4,5,yield_2y,7,0.0076651696711005825,0.003105291746818424,0.010839328910211898,-0.003453155304419758,0.013050734519709608,interval,interval
cheia_p4,5,ibc_br,7,-0.22448377056254817,-0.7494396894928599,0.1563047000062281,-1.4797288826403039,0.43433624570749796,interval,interval
cheia_p4,5,asset_ibov,7,1.6695273301969058,0.9597058648140394,2.423928420682162,0.270485767245706,3.2529961509995995,interval,interval
cheia_p4,5,cds_5y,7,16.447339835917226,5.9166477872049645,25.868559167545936,-6.23658211685863,34.54133958986785,interval,interval
cheia_p4,5,price_ipca,7,-0.014164263196727424,-0.15617918512799003,0.08915223359606238,-0.35326511862133547,0.16484003656893212,interval,interval
cheia_p4,5,cambio_usd,8,0.01663973673242739,-0.04855374384916028,0.08421493355947247,-0.1135254763184209,0.1566581819520341,interval,interval
cheia_p4,5,yield_6m,8,0.006724764521209486,0.002523670979111365,0.009622464605642035,-0.00356283771138812,0.011620188583920445,interval,interval
cheia_p4,5,yield_2y,8,0.006676862895879738,0.0018712717229981575,0.010077929255684124,-0.0049494749452335144,0.012492639089934136,interval,interval
cheia_p4,5,ibc_br,8,-0.199739383528025,-0.6975836048738542,0.17282641789273018,-1.3723833624511323,0.45462398173620716,interval,interval
cheia_p4,5,asset_ibov,8,1.991101718141342,1.2853898036538696,2.656668835361189,0.511618557247617,3.3045046381163194,interval,interval
cheia_p4,5,cds_5y,8,12.012052674469274,1.3755167123210412,21.320779884439258,-11.159082425138285,29.690002792081025,interval,interval
cheia_p4,5,price_ipca,8,-0.024899774047177796,-0.1719576847946266,0.08188993876353186,-0.3763502707024114,0.15995996938757118,interval,interval
cheia_p4,5,cambio_usd,9,0.001675569328391697,-0.06270801348690744,0.06680199140751487,-0.12850432615808938,0.13492861332468686,interval,interval
cheia_p4,5,yield_6m,9,0.006160956974507442,0.0017821057415168663,0.009251794799089552,-0.004446255342887791,0.011439618851132066,interval,interval
cheia_p4,5,yield_2y,9,0.005799941927766334,8.07694982962287e-4,0.009377650564041214,-0.006206367538890453,0.01195426361371076,interval,interval
cheia_p4,5,ibc_br,9,-0.2352442729832184,-0.7222802389987691,0.14048339397117796,-1.365519897508866,0.434545550578121,interval,interval
cheia_p4,5,asset_ibov,9,2.001562426463341,1.2227809181225364,2.6773397714405074,0.2976428867176469,3.2793506258756016,interval,interval
cheia_p4,5,cds_5y,9,9.470696912545073,-1.083386156579364,18.520667998041763,-13.760844093373565,26.47968113372383,interval,interval
cheia_p4,5,price_ipca,9,-0.04960889812354032,-0.20319430688021645,0.06055670953572133,-0.41882365573819097,0.13997682863988178,interval,interval
cheia_p4,5,cambio_usd,10,-0.01157571671698445,-0.07576696698091603,0.05209470040646281,-0.14268979171679605,0.11738365582229511,interval,interval
cheia_p4,5,yield_6m,10,0.00550759421325683,9.76393496031557e-4,0.008796492962482654,-0.0053238584565187055,0.011199606054280989,interval,interval
cheia_p4,5,yield_2y,10,0.0048956662308196,-2.585291242588864e-4,0.008661203489395893,-0.007386566255890788,0.011432978157005948,interval,interval
cheia_p4,5,ibc_br,10,-0.2659125388226137,-0.7450314723237376,0.10896947548435344,-1.3700971532001274,0.4070407870523107,interval,interval
cheia_p4,5,asset_ibov,10,1.84232035346223,1.0087463248340647,2.5268862217184536,-0.03298626059618195,3.1011756996650996,interval,interval
cheia_p4,5,cds_5y,10,7.235642491677764,-3.266523495448398,16.18510824199551,-15.954879163022749,24.002596288141866,interval,interval
cheia_p4,5,price_ipca,10,-0.06954018629906512,-0.22797326156997572,0.04310365266088918,-0.45201035859936023,0.12349852998185307,interval,interval
cheia_p4,5,cambio_usd,11,-0.026540402392587745,-0.09097906478780053,0.03625638591941263,-0.15936692298313174,0.09949363543909893,interval,interval
cheia_p4,5,yield_6m,11,0.004780147006050342,1.1932324571474993e-4,0.008258842791244886,-0.006212344815628977,0.010882139628060221,interval,interval
cheia_p4,5,yield_2y,11,0.0038688318294132873,-0.0014330856426596713,0.007828159280556784,-0.008632394416856691,0.010815722537641126,interval,interval
cheia_p4,5,ibc_br,11,-0.2731369993292549,-0.7382913650248346,0.09439253182694353,-1.339967008448208,0.3898161155594109,interval,interval
cheia_p4,5,asset_ibov,11,1.8658073263307535,0.9686992611339861,2.561586859805963,-0.2106805614890111,3.1093929870143806,interval,interval
cheia_p4,5,cds_5y,11,4.181414726730844,-6.415789244763175,13.239746343467079,-19.182413543256285,21.17888150490198,interval,interval
cheia_p4,5,price_ipca,11,-0.0897146414381049,-0.25309030624131645,0.02638374123093454,-0.4842125871109565,0.10919575762235272,interval,interval
cheia_p4,5,cambio_usd,12,-0.03822151321083335,-0.10343328619386083,0.024028062797715487,-0.1740848506146466,0.08538712568521253,interval,interval
cheia_p4,5,yield_6m,12,0.004022813217032068,-7.48732285194415e-4,0.007669341192580922,-0.0071019177197454006,0.010493312607369246,interval,interval
cheia_p4,5,yield_2y,12,0.002859295258670481,-0.002570000767347202,0.00698379995330299,-0.00983596786538706,0.010156597166969256,interval,interval
cheia_p4,5,ibc_br,12,-0.2947202085800899,-0.7481209979616845,0.06769132930342191,-1.3286344551324212,0.3627687515502686,interval,interval
cheia_p4,5,asset_ibov,12,1.8220960133040882,0.8526935987950691,2.5597942185344063,-0.44274427651005743,3.1283689788804914,interval,interval
cheia_p4,5,cds_5y,12,1.6305565705104699,-9.089291022294038,10.762451824042676,-22.04467446773718,18.73638073603963,interval,interval
cheia_p4,5,price_ipca,12,-0.11322659859063623,-0.28144926335584286,0.006443280447625513,-0.5192237331388035,0.09190619239014844,interval,interval
cheia_p4,5,cambio_usd,13,-0.04787720865315929,-0.11402660738753743,0.014128447656462673,-0.18699386166100587,0.07409665657023579,interval,interval
cheia_p4,5,yield_6m,13,0.003230031021206048,-0.001638717947745386,0.0070318042153263245,-0.008001825056401471,0.01004777603587569,interval,interval
cheia_p4,5,yield_2y,13,0.001867642160723098,-0.0036740338682872587,0.006144939356820808,-0.01098990800224158,0.00949441883683201,interval,interval
cheia_p4,5,ibc_br,13,-0.31952244034744565,-0.7648419883844843,0.038482097837365836,-1.3321040685430143,0.3318343502830564,interval,interval
cheia_p4,5,asset_ibov,13,1.6613824222792857,0.6139499692082003,2.455191972169012,-0.7906770466299821,3.064196267102645,interval,interval
cheia_p4,5,cds_5y,13,-0.5231645276558968,-11.337163958411072,8.681924480631267,-24.41555276793692,16.713112615617398,interval,interval
cheia_p4,5,price_ipca,13,-0.13412337854911596,-0.3064259898893589,-0.01135615993757013,-0.5496537078268531,0.07647753226519369,interval,interval
cheia_p4,5,cambio_usd,14,-0.0575720448820978,-0.12474616989113148,0.004379365906376423,-0.2000305152198676,0.06327989870656871,interval,interval
cheia_p4,5,yield_6m,14,0.002405669194033851,-0.002547477844367732,0.00634748285045111,-0.008913924420609098,0.009541346008464721,interval,interval
cheia_p4,5,yield_2y,14,8.458020607541746e-4,-0.0048061851062420275,0.005273966997316797,-0.012171386578369052,0.008800001104559705,interval,interval
cheia_p4,5,ibc_br,14,-0.3337461257805407,-0.7709919384848432,0.018620576479570376,-1.3267682965121843,0.3081285969377508,interval,interval
cheia_p4,5,asset_ibov,14,1.5407584358374251,0.43510855742852994,2.3711498426301167,-1.0590091030580853,3.0017733494254624,interval,interval
cheia_p4,5,cds_5y,14,-2.876405933642403,-13.849077400157247,6.485247183956686,-27.091121454030063,14.673477934245666,interval,interval
cheia_p4,5,price_ipca,14,-0.15295502370560296,-0.3291101188679087,-0.02694525810396197,-0.5769779870963169,0.06361519409356013,interval,interval
cheia_p4,5,cambio_usd,15,-0.06580994687075709,-0.13422325705896482,-0.0038412965258542075,-0.21224443460437512,0.05396278810122482,interval,interval
cheia_p4,5,yield_6m,15,0.001572858911073465,-0.003454331395351993,0.005634270628502681,-0.009830116604454963,0.008980379183289129,interval,interval
cheia_p4,5,yield_2y,15,-1.59785091474292e-4,-0.0059183878664783845,0.004402768649874039,-0.01334909839948284,0.008081437176593334,interval,interval
cheia_p4,5,ibc_br,15,-0.3487146217032182,-0.7778004082929592,-0.0013115643523200244,-1.3209433590588417,0.2855901933954161,interval,interval
cheia_p4,5,asset_ibov,15,1.4038043359434105,0.24219359068155596,2.277492857897601,-1.3256179691649572,2.942083691841758,interval,interval
cheia_p4,5,cds_5y,15,-5.053892476481283,-16.23301507725816,4.458608968418931,-29.75743920119662,12.754792101016493,interval,interval
cheia_p4,5,price_ipca,15,-0.17165290435524036,-0.3515050502325728,-0.042349894246886774,-0.6035393661959485,0.0511102533925446,interval,interval
cheia_p4,5,cambio_usd,16,-0.07246527910905556,-0.1420422018142977,-0.010537515517202412,-0.2227337642695626,0.046158403366099734,interval,interval
cheia_p4,5,yield_6m,16,7.397481049284416e-4,-0.004355433993202681,0.004905732567288488,-0.010748333205249903,0.008383710682081297,interval,interval
cheia_p4,5,yield_2y,16,-0.0011291055728245647,-0.006991187161036794,0.0035550852661189888,-0.014498825177777612,0.007367644364094722,interval,interval
cheia_p4,5,ibc_br,16,-0.3655358559457764,-0.7887679052465377,-0.021807256664705846,-1.323014364799754,0.2630344747172012,interval,interval
cheia_p4,5,asset_ibov,16,1.210250988633519,-0.0081730505474831,2.134030685498801,-1.6415272412219295,2.8430766595579247,interval,interval
cheia_p4,5,cds_5y,16,-6.9382096552821375,-18.312636704035498,2.6976457386209924,-32.12987073906056,11.06092789008792,interval,interval
cheia_p4,5,price_ipca,16,-0.1886132166347081,-0.3719196185244732,-0.0562611256470217,-0.6278955059502354,0.03986954680326701,interval,interval
cheia_p4,5,cambio_usd,17,-0.0784248107017832,-0.14897113514113133,-0.016638367436538137,-0.2320469593552413,0.03895744449509806,interval,interval
cheia_p4,5,yield_6m,17,-9.009719572479908e-5,-0.00525117295839165,0.004169465411759306,-0.01167217536554034,0.00776239377488192,interval,interval
cheia_p4,5,yield_2y,17,-0.002077442972318263,-0.00804635931905364,0.002724450515859921,-0.015645074378278997,0.006662179558301438,interval,interval
cheia_p4,5,ibc_br,17,-0.37796136207371134,-0.7969644788576276,-0.03735312098014543,-1.3254351792430332,0.2451904824461636,interval,interval
cheia_p4,5,asset_ibov,17,1.0146405016685494,-0.25045232485599783,1.9776301419764137,-1.9406145779649393,2.720085559477632,interval,interval
cheia_p4,5,cds_5y,17,-8.758490274551908,-20.337620915781336,1.0144590174592087,-34.45170332467689,9.46249588596235,interval,interval
cheia_p4,5,price_ipca,17,-0.20348843102405145,-0.39000461731427577,-0.06825602408649592,-0.649572184474557,0.03043277560040026,interval,interval
cheia_p4,5,cambio_usd,18,-0.08340147905115375,-0.15483526522671592,-0.021858655827880446,-0.24026475288087176,0.03254258178357768,interval,interval
cheia_p4,5,yield_6m,18,-9.052481470255651e-4,-0.006133321063951853,0.0034374933199877535,-0.01259971177671413,0.007126572487749567,interval,interval
cheia_p4,5,yield_2y,18,-0.002991719404332918,-0.00907339720861605,0.001921709824881191,-0.016786394529037695,0.005969876018736065,interval,interval
cheia_p4,5,ibc_br,18,-0.38873019227740147,-0.804038866902649,-0.05062962598002301,-1.327160736348243,0.23028807162945525,interval,interval
cheia_p4,5,asset_ibov,18,0.8167935614544436,-0.48984066315040203,1.8168014287450518,-2.2274293551760307,2.592493960576689,interval,interval
cheia_p4,5,cds_5y,18,-10.44714473762947,-22.2586069689901,-0.5377514156373001,-36.73549062304362,7.972284520654973,interval,interval
cheia_p4,5,price_ipca,18,-0.21713065850571941,-0.4066850510044012,-0.07913693752141714,-0.6696006637673784,0.02203128867922786,interval,interval
cheia_p4,5,cambio_usd,19,-0.08720643300962395,-0.1593325754151446,-0.026077835606871935,-0.24691319084742955,0.027003148409569914,interval,interval
cheia_p4,5,yield_6m,19,-0.0016982459249124762,-0.006997557701561519,0.002720836986473493,-0.01352883641853983,0.006490811120882079,interval,interval
cheia_p4,5,yield_2y,19,-0.0038581054027031726,-0.010057966543520184,0.001160952932704331,-0.01790663561265271,0.005305407874850692,interval,interval
cheia_p4,5,ibc_br,19,-0.3995417439353626,-0.8124785108783706,-0.06297245453751717,-1.3320577438847307,0.2170396908322376,interval,interval
cheia_p4,5,asset_ibov,19,0.5970108291097102,-0.7504511388609646,1.6363760132844245,-2.5302893635130155,2.4497053053800353,interval,interval
cheia_p4,5,cds_5y,19,-11.92060362959578,-23.96201333799414,-1.8973469986681817,-38.82715307987442,6.636785477866716,interval,interval
cheia_p4,5,price_ipca,19,-0.229182947263723,-0.42161204318666606,-0.08863572573071715,-0.687791556734198,0.014788778115531856,interval,interval
cheia_p4,5,cambio_usd,20,-0.09017569108026827,-0.16270724706724618,-0.02965234931888176,-0.25204747193811383,0.02201774420529973,interval,interval
cheia_p4,5,yield_6m,20,-0.0024655278498886776,-0.00784304240756324,0.0020267592588516445,-0.014459930645053255,0.005866662205558131,interval,interval
cheia_p4,5,yield_2y,20,-0.004679272946315246,-0.011003652228004299,4.431182647934145e-4,-0.019006416069859783,0.0046752091618394356,interval,interval
cheia_p4,5,ibc_br,20,-0.40826899022837126,-0.8203276960626599,-0.07239194412211727,-1.338769593492555,0.20706578178561427,interval,interval
cheia_p4,5,asset_ibov,20,0.3719197088029038,-1.0134498478185456,1.4465527232767925,-2.834474884573226,2.2927878256574257,interval,interval
cheia_p4,5,cds_5y,20,-13.251903131286277,-25.510513765403807,-3.1283593511247174,-40.75322123773462,5.416578801678744,interval,interval
cheia_p4,5,price_ipca,20,-0.23938097591800073,-0.4344335871882403,-0.096539133025158555,-0.7036497547197469,0.008890274415373075,interval,interval
cheia_p4,5,cambio_usd,21,-0.09233548635608442,-0.165056970850964,-0.03257201570308299,-0.25588122613643133,0.017602558102231415,interval,interval
cheia_p4,5,yield_6m,21,-0.0032014299166094194,-0.00866589947530093,0.001362480575283016,-0.015391153855762998,0.005262653915845511,interval,interval
cheia_p4,5,yield_2y,21,-0.005451906618544963,-0.011908105073097457,-2.2827413037739545e-4,-0.020085399423789473,0.004082423491200327,interval,interval
cheia_p4,5,ibc_br,21,-0.41524949817304824,-0.8272307905024391,-0.07943366025748669,-1.3455726616422574,0.19997487592113863,interval,interval
cheia_p4,5,asset_ibov,21,0.14925903875695892,-1.2713437071197333,1.2563559829279007,-3.131158498010769,2.1326935884240203,interval,interval
cheia_p4,5,cds_5y,21,-14.446378419183961,-26.922305663724277,-4.232877724095994,-42.558132210485866,4.305648284966155,interval,interval
cheia_p4,5,price_ipca,21,-0.2480434294222504,-0.4454514405034488,-0.1031512439058661,-0.7174105115416306,0.004064093414592644,interval,interval
cheia_p4,5,cambio_usd,22,-0.09361228538929758,-0.1662991697192648,-0.03476679525598231,-0.25831340804703573,0.013826570691119809,interval,interval
cheia_p4,5,yield_6m,22,-0.003901171919601174,-0.009462156269237328,7.342003768018131e-4,-0.016318530675734525,0.0046869017669515555,interval,interval
cheia_p4,5,yield_2y,22,-0.006169357547958505,-0.012763175384382278,-8.475442118777869e-4,-0.021133231290009137,0.003532195090354297,interval,interval
cheia_p4,5,ibc_br,22,-0.4214035145459635,-0.8340442091781822,-0.08503823255826289,-1.353199140414868,0.19483842142065774,interval,interval
cheia_p4,5,asset_ibov,22,-0.07748691108480517,-1.5333467201923054,1.0626400755929097,-3.4312236804101426,1.9700536190237052,interval,interval
cheia_p4,5,cds_5y,22,-15.46906669005648,-28.15204356192974,-5.186320196390183,-44.186550321413264,3.31859124519256,interval,interval
cheia_p4,5,price_ipca,22,-0.25518020761999977,-0.45469217731573514,-0.10849405516270222,-0.7291606876665188,2.5826821107970653e-4,interval,interval
cheia_p4,5,cambio_usd,23,-0.09413773283800302,-0.16653034454019686,-0.03636367309901228,-0.25934737533725477,0.010594517889989224,interval,interval
cheia_p4,5,yield_6m,23,-0.004562086522113097,-0.010229113987933578,1.4576329407023234e-4,-0.017237769097971974,0.004145449096279836,interval,interval
cheia_p4,5,yield_2y,23,-0.006831238171310948,-0.013566433979755934,-0.0014142476352403649,-0.02214257895129476,0.0030266475131889748,interval,interval
cheia_p4,5,ibc_br,23,-0.42616846109087775,-0.8402887240362681,-0.08873800731798596,-1.361500680308372,0.19189569725008135,interval,interval
cheia_p4,5,asset_ibov,23,-0.30354221753149335,-1.7947852717596757,0.8684035974730899,-3.7328268784079945,1.8048001040070383,interval,interval
cheia_p4,5,cds_5y,23,-16.341241146255758,-29.208022442786117,-6.011726194512216,-45.618519031345755,2.4392891028199823,interval,interval
cheia_p4,5,price_ipca,23,-0.260701031620586,-0.4620144924844976,-0.11251200192265298,-0.7386838091031102,-0.002495633206612947,interval,interval
cheia_p4,5,cambio_usd,24,-0.09398844417294892,-0.16587938844096003,-0.0373908900180576,-0.2591659700460649,0.007919864084772662,interval,interval
cheia_p4,5,yield_6m,24,-0.005181412988049592,-0.01096335058633653,-3.999829680479107e-4,-0.0181438724506177,0.0036419163517554354,interval,interval
cheia_p4,5,yield_2y,24,-0.007437034601380531,-0.014316030219480419,-0.0019283785447197332,-0.023109183767017746,0.0025659783375350216,interval,interval
cheia_p4,5,ibc_br,24,-0.42944838165020977,-0.8454874343444084,-0.09064850711468359,-1.369383810295078,0.1909462300005913,interval,interval
cheia_p4,5,asset_ibov,24,-0.5234692191983626,-2.05014077231257,0.6789264689394083,-4.030455659197129,1.6419781560894515,interval,interval
cheia_p4,5,cds_5y,24,-17.07712402265757,-30.108954195530274,-6.718856558599557,-46.87737599513884,1.6625181320379274,interval,interval
cheia_p4,5,price_ipca,24,-0.2647402880770617,-0.4675118123284159,-0.11534432016541965,-0.745977292901323,-0.004319574763139971,interval,interval
cheia_p4,5,cambio_usd,25,-0.0931692884676505,-0.16439034204202133,-0.03781723290344937,-0.25785292090415085,0.005863819067744595,interval,interval
cheia_p4,5,yield_6m,25,-0.005756675582036343,-0.011660960556871738,-9.010913049287139e-4,-0.019030394584370332,0.0031785369042679704,interval,interval
cheia_p4,5,yield_2y,25,-0.007984524538886097,-0.01500763426181689,-0.0023890255580716535,-0.024025592173390353,0.002150474261635566,interval,interval
cheia_p4,5,ibc_br,25,-0.4316420036596565,-0.8497957484856057,-0.0913115018637918,-1.3766210892918895,0.19137997093398826,interval,interval
cheia_p4,5,asset_ibov,25,-0.7381907326641993,-2.3011712597179304,0.4947430519338917,-4.325782738247215,1.4839879134724996,interval,interval
cheia_p4,5,cds_5y,25,-17.668635941504842,-30.845860167053488,-7.301076874893408,-47.95414043942515,0.9931987845516759,interval,interval
cheia_p4,5,price_ipca,25,-0.26738809284689746,-0.47128236630342,-0.11707086485691674,-0.7511436706658378,-0.005282373152253624,interval,interval
cheia_p4,5,cambio_usd,26,-0.09174909368943066,-0.1621452524330203,-0.037681827440697764,-0.2554753458298224,0.004424036152119422,interval,interval
cheia_p4,5,yield_6m,26,-0.006286455816639872,-0.012318532172965626,-0.0013569239690124205,-0.019890387481147433,0.0027562158567524236,interval,interval
cheia_p4,5,yield_2y,26,-0.00847356172376193,-0.015638431756886423,-0.0027971347706751914,-0.024884195559544808,0.001779338055511868,interval,interval
cheia_p4,5,ibc_br,26,-0.4326643826317001,-0.8530810301031547,-0.09074521502559305,-1.3831093043809068,0.19303408989169824,interval,interval
cheia_p4,5,asset_ibov,26,-0.9462375155197498,-2.5466967656818085,0.3170268900874273,-4.61875233782982,1.3312920326861795,interval,interval
cheia_p4,5,cds_5y,26,-18.123886164900824,-31.42023516100252,-7.767622237104731,-48.835907041040016,0.42491382832756464,interval,interval
cheia_p4,5,price_ipca,26,-0.2686599857462099,-0.47333014002544027,-0.1177077024478757,-0.7541585498747656,-0.005393879155656863,interval,interval
cheia_p4,5,cambio_usd,27,-0.08979862625390789,-0.15926330370052932,-0.03700473041893636,-0.25219214869951284,0.0036273682724715676,interval,interval
cheia_p4,5,yield_6m,27,-0.006769699239039311,-0.012932847365045673,-0.0017675294063449476,-0.020717116723059124,0.002374715918943457,interval,interval
cheia_p4,5,yield_2y,27,-0.008904794649064409,-0.016207023290165667,-0.003154193611259625,-0.0256799164023659,0.0014511967632932518,interval,interval
cheia_p4,5,ibc_br,27,-0.43244047640810096,-0.8550667387047973,-0.08902151947004326,-1.388294485944928,0.19573051436066452,interval,interval
cheia_p4,5,asset_ibov,27,-1.1447325245271238,-2.783660186418119,0.1482877453071063,-4.906395249456776,1.1859008536759146,interval,interval
cheia_p4,5,cds_5y,27,-18.454694914842975,-31.84556553123634,-8.126411421319242,-49.53446144943586,-0.044943969319279437,interval,interval
cheia_p4,5,price_ipca,27,-0.2686434930991974,-0.47372301651040377,-0.1173365812381611,-0.7550313631402797,-0.00471454398743738,interval,interval
cheia_p4,5,cambio_usd,28,-0.08735525124267074,-0.1558348467086853,-0.03577427530043167,-0.24814693095159818,0.0035263282110946943,interval,interval
cheia_p4,5,yield_6m,28,-0.007205590823614796,-0.01350076083008046,-0.0021333969471808837,-0.021503781362836698,0.0020331104632514197,interval,interval
cheia_p4,5,yield_2y,28,-0.00927835573535035,-0.01671167134918647,-0.0034612442572432857,-0.026407852274314348,0.0011648553941661145,interval,interval
cheia_p4,5,ibc_br,28,-0.4311325237093134,-0.8557246432493874,-0.0864214667501682,-1.3918581420504188,0.19912272184989113,interval,interval
cheia_p4,5,asset_ibov,28,-1.333129880399617,-3.01138869468513,-0.01064037326073799,-5.187316714287331,1.0492285656521978,interval,interval
cheia_p4,5,cds_5y,28,-18.663928853015353,-32.12748608130201,-8.377306797969862,-50.05765813540909,-0.41327650379694475,interval,interval
cheia_p4,5,price_ipca,28,-0.26743552107542873,-0.4725687875493267,-0.11603229365608367,-0.7538629818353005,-0.003290857542435046,interval,interval
cheia_p4,5,cambio_usd,29,-0.08447084274829544,-0.15194718318218062,-0.034002916750816,-0.2434511877709145,0.004145177143651436,interval,interval
cheia_p4,5,yield_6m,29,-0.007593868757820156,-0.014019606552281162,-0.0024555423523693392,-0.022243820018003308,0.0017300226340577617,interval,interval
cheia_p4,5,yield_2y,29,-0.00959505120749871,-0.0171512030576275,-0.003719851418754922,-0.027063157520609483,9.189055687100331e-4,interval,interval
cheia_p4,5,ibc_br,29,-0.42877953576329786,-0.8550241776253271,-0.0830557105576963,-1.3937030392202308,0.2030269129449702,interval,interval
cheia_p4,5,asset_ibov,29,-1.5108279455870104,-3.229147863202251,-0.15930102939798935,-5.460674203320328,0.9215845675424302,interval,interval
cheia_p4,5,cds_5y,29,-18.757856035311306,-32.27148103053963,-8.524793700977785,-50.40618609980404,-0.6813129557743628,interval,interval
cheia_p4,5,price_ipca,29,-0.26509977570436305,-0.46994576086978845,-0.1138360370518829,-0.750733563282262,-0.001137363137095022,interval,interval
cheia_p4,5,cambio_usd,30,-0.0812042001352141,-0.14770140620437994,-0.03170678530355373,-0.2382427056473456,0.005505654680999258,interval,interval
cheia_p4,5,yield_6m,30,-0.007934642420496898,-0.01448727503090958,-0.0027352327659330824,-0.0229314760808448,0.0014638669283368064,interval,interval
cheia_p4,5,yield_2y,30,-0.0098563065546299709,-0.017525532686107393,-0.00393183110780796,-0.02764265154740481,7.119520664795154e-4,interval,interval
cheia_p4,5,ibc_br,30,-0.42537249368493546,-0.8528626281034261,-0.07898847648859873,-1.3936043234586686,0.20732087519084566,interval,interval
cheia_p4,5,asset_ibov,30,-1.6765060915328218,-3.4352466610217687,-0.2967617816064554,-5.724444902996876,0.8035137271949664,interval,interval
cheia_p4,5,cds_5y,30,-18.745896667546685,-32.28896222976898,-8.574367692382477,-50.59021179093617,-0.8497304141612697,interval,interval
cheia_p4,5,price_ipca,30,-0.2617172962246126,-0.46594334765743856,-0.11080642623434589,-0.7457188783047868,0.0017177671214485353,interval,interval
cheia_p4,5,cambio_usd,31,-0.07760092497218145,-0.14318662797370432,-0.028892391346337195,-0.23265670015049314,0.007633489862641664,interval,interval
cheia_p4,5,yield_6m,31,-0.00822825906436256,-0.014902120265490634,-0.0029738243259861156,-0.02356176213637741,0.0012330337850254113,interval,interval
cheia_p4,5,yield_2y,31,-0.010063528204177535,-0.01783499364998176,-0.004098745589562987,-0.02814427528814366,5.429173440894487e-4,interval,interval
cheia_p4,5,ibc_br,31,-0.42099268326381706,-0.8492208116445209,-0.07436064898708837,-1.3913853235299882,0.2118344469195483,interval,interval
cheia_p4,5,asset_ibov,31,-1.8296092375458757,-3.6286401143036695,-0.4226663876265842,-5.976689166991058,0.6953906618375278,interval,interval
cheia_p4,5,cds_5y,31,-18.634536435999436,-32.19023581272382,-8.528141373159652,-50.62259105968315,-0.9163581211444933,interval,interval
cheia_p4,5,price_ipca,31,-0.25737980851752934,-0.46067451749031146,-0.10700497891901131,-0.7389386620418119,0.005247902889452207,interval,interval
cheia_p4,5,cambio_usd,32,-0.07370709889922362,-0.138478798774688,-0.025578179816217364,-0.22680005420567723,0.010534168724194987,interval,interval
cheia_p4,5,yield_6m,32,-0.008475394039422606,-0.015263047122982687,-0.0031727875838110276,-0.02413044846188483,0.0010359775515869684,interval,interval
cheia_p4,5,yield_2y,32,-0.01021838343703411,-0.01808034688840537,-0.004222231710274605,-0.028566505956340853,4.1081952548021553e-4,interval,interval
cheia_p4,5,ibc_br,32,-0.4157041478835513,-0.8441234847342621,-0.06926386062747437,-1.3870151600392169,0.21645705573773794,interval,interval
cheia_p4,5,asset_ibov,32,-1.969882701960914,-3.8086512013614437,-0.5369896744760186,-6.216044101016068,0.5971595895948724,interval,interval
cheia_p4,5,cds_5y,32,-18.43044568208471,-31.98420190537542,-8.389417911387397,-50.51230229245112,-0.8808529613486195,interval,interval
cheia_p4,5,price_ipca,32,-0.2521668719725512,-0.45424708107961387,-0.1024788115894523,-0.7305217955463721,0.00944014715130136,interval,interval
cheia_p4,5,cambio_usd,33,-0.06957185888607442,-0.13365001660713224,-0.021793249449457416,-0.22077196481033518,0.014196522625675062,interval,interval
cheia_p4,5,yield_6m,33,-0.008677008927826394,-0.015569566135538983,-0.0033336186309478773,-0.024634284876890886,8.713166394620253e-4,interval,interval
cheia_p4,5,yield_2y,33,-0.010322902948548153,-0.018263052940623366,-0.004304011161535164,-0.02890890923225036,3.1480001114714875e-4,interval,interval
cheia_p4,5,ibc_br,33,-0.40954013231209807,-0.837576498032228,-0.06374833453444474,-1.380457701308451,0.2211291707113178,interval,interval
cheia_p4,5,asset_ibov,33,-2.0968550294816577,-3.9743618686504063,-0.6395821177227043,-6.4409811672121435,0.5087506359401228,interval,interval
cheia_p4,5,cds_5y,33,-18.141767050599707,-31.681605723942454,-8.162645723213908,-50.2705811658623,-0.7437483287662928,interval,interval
cheia_p4,5,price_ipca,33,-0.24615931379133496,-0.44676708865772036,-0.09727815995819096,-0.7205908694995227,0.014277645659634432,interval,interval
cheia_p4,5,cambio_usd,34,-0.0652390603180639,-0.1287610652297728,-0.017570100087676465,-0.21466054599849468,0.018597899865391367,interval,interval
cheia_p4,5,yield_6m,34,-0.00883427166043741,-0.0158217275668198,-0.0034577692512784137,-0.025070985058683323,7.378783787223855e-4,interval,interval
cheia_p4,5,yield_2y,34,-0.010379228965657942,-0.018385062442333983,-0.004345682752146035,-0.02917210313785891,2.5423312523131943e-4,interval,interval
cheia_p4,5,ibc_br,34,-0.40256278512996324,-0.8296117128110785,-0.057885640598321304,-1.3716852380176388,0.22578510862440246,interval,interval
cheia_p4,5,asset_ibov,34,-2.2103035284458286,-4.125044309820152,-0.7304829976507089,-6.649930345696353,0.4300450531941784,interval,interval
cheia_p4,5,cds_5y,34,-17.775828072635797,-31.293256835760577,-7.8513134035559835,-49.91072805419039,-0.504922405496665,interval,interval
cheia_p4,5,price_ipca,34,-0.2394424552951006,-0.4383480206303879,-0.09145685257003291,-0.7092821902883422,0.019739853743253235,interval,interval
cheia_p4,5,cambio_usd,35,-0.06075002306673001,-0.12385798002056585,-0.01295080068026982,-0.2085290589640243,0.023696314743650845,interval,interval
cheia_p4,5,yield_6m,35,-0.008948564660699142,-0.01602008774256399,-0.003546670550629561,-0.025439114956246945,6.346800621712386e-4,interval,interval
cheia_p4,5,yield_2y,35,-0.010389636447863006,-0.018448671177590473,-0.004348831301410097,-0.029357336941378327,2.2858719601112333e-4,interval,interval
cheia_p4,5,ibc_br,35,-0.39483883810039494,-0.8202928937554486,-0.051734730018084936,-1.360743373355659,0.23038147246314863,interval,interval
cheia_p4,5,asset_ibov,35,-2.310243477389819,-4.260280167356932,-0.8099051023913405,-6.841709006367866,0.36080651647293116,interval,interval
cheia_p4,5,cds_5y,35,-17.339596471992355,-30.828803519145506,-7.459373973903921,-49.44419756956403,-0.1654736474810935,interval,interval
cheia_p4,5,price_ipca,35,-0.23209684884362766,-0.42910169695458883,-0.08506429944224166,-0.6967391253049443,0.02580851589232405,interval,interval
cheia_p4,5,cambio_usd,36,-0.056146000918598817,-0.11897651199358239,-0.007987696396998041,-0.20242227241053276,0.02943090813912715,interval,interval
cheia_p4,5,yield_6m,36,-0.009021469709728041,-0.016165697277250125,-0.0036017249783735867,-0.02573810154130309,5.609244526003979e-4,interval,interval
cheia_p4,5,yield_2y,36,-0.010356592103745905,-0.01845657586103283,-0.004315090000910132,-0.029466547483170714,2.3736238971186225e-4,interval,interval
cheia_p4,5,ibc_br,36,-0.38642195658157313,-0.8096855582716048,-0.04533170682444753,-1.3477012977169338,0.2349037413671595,interval,interval
cheia_p4,5,asset_ibov,36,-2.3966820476996076,-4.3797142998881595,-0.8780327443652419,-7.015340241834865,0.3008098366369571,interval,interval
cheia_p4,5,cds_5y,36,-16.840494587473778,-30.297820723521717,-6.991776577760523,-48.88196562502554,0.2720554492407634,interval,interval
cheia_p4,5,price_ipca,36,-0.22420052109911034,-0.4191349006162409,-0.07815072952637424,-0.6830993035597885,0.032461241981575455,interval,interval
cheia_p4,5,cambio_usd,37,-0.05146537571307737,-0.11414221909801167,-0.002738842484643705,-0.1963704502191033,0.0357268435943679,interval,interval
cheia_p4,5,yield_6m,37,-0.009054723860048072,-0.016260042224424544,-0.0036242911039018623,-0.025968183048816634,5.15979866462514e-4,interval,interval
cheia_p4,5,yield_2y,37,-0.010282663142027488,-0.018411798052039595,-0.004246076166218489,-0.02950236678375713,2.80106383690573e-4,interval,interval
cheia_p4,5,ibc_br,37,-0.3773731001187723,-0.797863415358677,-0.038715685369660295,-1.3326325042400198,0.23934111873258165,interval,interval
cheia_p4,5,asset_ibov,37,-2.4697264702306687,-4.483110169332525,-0.935102681728268,-7.169937833643644,0.24984065765351104,interval,interval
cheia_p4,5,cds_5y,37,-16.285689949130564,-29.70957785690056,-6.453634060672662,-48.23533543704135,0.8044378002739665,interval,interval
cheia_p4,5,price_ipca,37,-0.21583159010723904,-0.4085526514667714,-0.07076953783653032,-0.6684991730499178,0.03966923026210658,interval,interval
cheia_p4,5,cambio_usd,38,-0.046743707674512226,-0.10937029519295408,0.0027326360404373615,-0.19038680941853417,0.04249643758016412,interval,interval
cheia_p4,5,yield_6m,38,-0.009050203840533263,-0.016304980227070463,-0.003615707364480717,-0.026130287800307777,4.99327055105047e-4,interval,interval
cheia_p4,5,yield_2y,38,-0.01017048697233366,-0.01831756234109655,-0.004143429578826474,-0.029467882277199865,3.5632982555174395e-4,interval,interval
cheia_p4,5,ibc_br,38,-0.3677580822233052,-0.7849160097274647,-0.0319230935179519,-1.3156421104284284,0.24369048766109352,interval,interval
cheia_p4,5,asset_ibov,38,-2.5296285168921004,-4.570444704435323,-0.9814253465963281,-7.304889797599517,0.20767780694363022,interval,interval
cheia_p4,5,cds_5y,38,-15.681993459139342,-29.072324753607923,-5.850525289157397,-47.51432662927404,1.427215287890238,interval,interval
cheia_p4,5,price_ipca,38,-0.20706514328824432,-0.3974559086545072,-0.06297428694273419,-0.6530739690099134,0.04739955796268637,interval,interval
cheia_p4,5,cambio_usd,39,-0.04201495180715115,-0.10466874494615835,0.008359581663211985,-0.1844714510811232,0.04964187869587297,interval,interval
cheia_p4,5,yield_6m,39,-0.00900991201678381,-0.016302694443041645,-0.0035773095432299158,-0.026225959696980435,5.105149173981599e-4,interval,interval
cheia_p4,5,yield_2y,39,-0.01002278614398692,-0.018177262483375752,-0.004008863993040121,-0.029366542798532302,4.654330682813011e-4,interval,interval
cheia_p4,5,ibc_br,39,-0.35763805235640794,-0.7709378038467269,-0.02498014249053079,-1.2968554035020985,0.24796156008620687,interval,interval
cheia_p4,5,asset_ibov,39,-2.5766885504147847,-4.641831654681178,-1.0173038552662808,-7.419851722149128,0.17413678055236498,interval,interval
cheia_p4,5,cds_5y,39,-15.036202099268715,-28.39353905545472,-5.188830577255611,-46.7276750713135,2.1344376739493627,interval,interval
cheia_p4,5,price_ipca,39,-0.19797295502913811,-0.38593897395829524,-0.054819786215382416,-0.6369513908328074,0.05561336398774428,interval,interval
cheia_p4,5,cambio_usd,40,-0.03731070330414643,-0.10004057039514223,0.01407404104257954,-0.1786165259571857,0.057060003297364686,interval,interval
cheia_p4,5,yield_6m,40,-0.008935949318989254,-0.01625563710726869,-0.003510438267939388,-0.026257285343775496,5.491202335917464e-4,interval,interval
cheia_p4,5,yield_2y,40,-0.009842332434481517,-0.017994413184806834,-0.0038441579436823492,-0.029202126902710988,6.06686669415022e-4,interval,interval
cheia_p4,5,ibc_br,40,-0.3470747629488776,-0.7560255572949606,-0.017911855726928005,-1.2764015721610646,0.2521671431652926,interval,interval
cheia_p4,5,asset_ibov,40,-2.6112640713393875,-4.697494537347519,-1.043051488669741,-7.514645078606463,0.14906127938674815,interval,interval
cheia_p4,5,cds_5y,40,-14.35492045225554,-27.680031575134322,-4.475404510297319,-45.88341456037672,2.9190421423327755,interval,interval
cheia_p4,5,price_ipca,40,-0.18862463671753169,-0.37409017081180856,-0.04636343093073632,-0.6202513394136573,0.0642644525786715,interval,interval
cheia_p4,5,cambio_usd,41,-0.032659903908048335,-0.09548497620288399,0.019809312345504617,-0.17280815945669473,0.06464586187062023,interval,interval
cheia_p4,5,yield_6m,41,-0.008830495728814105,-0.01616646712079745,-0.0034164588829564803,-0.026226789374465397,6.146965493872194e-4,interval,interval
cheia_p4,5,yield_2y,41,-0.009631916874441749,-0.017772569684705527,-0.0036511689491362724,-0.028978610227338806,7.79184619214921e-4,interval,interval
cheia_p4,5,ibc_br,41,-0.3361317957599425,-0.740281512308295,-0.010742973497095284,-1.2544211848415154,0.25632139066975373,interval,interval
cheia_p4,5,asset_ibov,41,-2.6337949214737644,-4.73779832699009,-1.0590110723083765,-7.589296185187192,0.1323090255279434,interval,interval
cheia_p4,5,cds_5y,41,-13.644434468010932,-26.9377198400503,-3.717504616696903,-44.98846262460231,3.772879046753536,interval,interval
cheia_p4,5,price_ipca,41,-0.1790867334880342,-0.36199155649463594,-0.03766404844087514,-0.603086680259394,0.07330035345989959,interval,interval
cheia_p4,5,cambio_usd,42,-0.0280893105792393,-0.0909992653933764,0.025501168121275224,-0.16702922908854467,0.07229565327757059,interval,interval
cheia_p4,5,yield_6m,42,-0.00869579495406173,-0.016037997319128056,-0.0032967804877696125,-0.02613734583790955,7.067287993870423e-4,interval,interval
cheia_p4,5,yield_2y,42,-0.009394343907757263,-0.017515278049384953,-0.003431861363823574,-0.028700063318409016,9.817959370372418e-4,interval,interval
cheia_p4,5,ibc_br,42,-0.3248705940099575,-0.7238100302851211,-0.003494467638135995,-1.231064995186645,0.26044204733802223,interval,interval
cheia_p4,5,asset_ibov,42,-2.644769552998736,-4.763226773824623,-1.0655272688652908,-7.644050495891172,0.12376288228855381,interval,interval
cheia_p4,5,cds_5y,42,-12.910819604168278,-26.171706367969726,-2.922855312392913,-44.04852555154936,4.686707050768702,interval,interval
cheia_p4,5,price_ipca,42,-0.16942222901337936,-0.3497179146978131,-0.028781589230233804,-0.5855611047967836,0.08266252207175363,interval,interval
cheia_p4,5,cambio_usd,43,-0.02362337632655177,-0.08658028610381822,0.031089419644228525,-0.16126255639573675,0.07990965549096567,interval,interval
cheia_p4,5,yield_6m,43,-0.00853413489466904,-0.015873144182461524,-0.0031528673016570333,-0.025992103569588372,8.245971554330595e-4,interval,interval
cheia_p4,5,yield_2y,43,-0.009132412435331961,-0.017226037826626267,-0.003188307569581406,-0.028370604088130004,0.0012131477673132855,interval,interval
cheia_p4,5,ibc_br,43,-0.3133511480834579,-0.7067146740078021,0.0038137997819465697,-1.206485166286231,0.2645470472222809,interval,interval
cheia_p4,5,asset_ibov,43,-2.6447142588461157,-4.774351390234308,-1.0629494300853404,-7.679312459051116,0.12331964894313793,interval,interval
cheia_p4,5,cds_5y,43,-12.159908092940148,-25.386436038690462,-2.099460420056917,-43.06845906436953,5.650472996587758,interval,interval
cheia_p4,5,price_ipca,43,-0.15969090784034662,-0.3373369844592411,-0.019777319026404776,-0.56776861086668,0.09228635150124968,interval,interval
cheia_p4,5,cambio_usd,44,-0.019284083616231695,-0.08222513136510719,0.03651901836590411,-0.1554925118182977,0.08739444698286211,interval,interval
cheia_p4,5,yield_6m,44,-0.008347829874563142,-0.0156748771830999,-0.0029862511120800814,-0.025794404751530695,9.675421600859477e-4,interval,interval
cheia_p4,5,yield_2y,44,-0.008848893857778841,-0.016908255443817043,-0.0029226875240631832,-0.027994326198016145,0.0014716106627701633,interval,interval
cheia_p4,5,ibc_br,44,-0.30163290141405746,-0.6890986685971779,0.011161647424849612,-1.180835429938132,0.2686525375646623,interval,interval
cheia_p4,5,asset_ibov,44,-2.6342004904775904,-4.771829542104111,-1.051644698510653,-7.695630074507721,0.13087422402227827,interval,interval
cheia_p4,5,cds_5y,44,-11.397217499592903,-24.58571592596975,-1.2554338665300857,-42.052328807238176,6.653542526588542,interval,interval
cheia_p4,5,price_ipca,44,-0.14994913357773554,-0.3249098456403369,-0.01071304011871816,-0.5497943734151122,0.10210227821113604,interval,interval
cheia_p4,5,cambio_usd,45,-0.015091116800537435,-0.07793178563310736,0.041740518577837574,-0.1497061323504577,0.09466434553982389,interval,interval
cheia_p4,5,yield_6m,45,-0.00813920577689952,-0.01544617454761295,-0.002798542193518728,-0.025547711480838977,0.0011346358744370338,interval,interval
cheia_p4,5,yield_2y,45,-0.008546520303451545,-0.016565209159940607,-0.002637292983424603,-0.02757523237281555,0.0017552855656167217,interval,interval
cheia_p4,5,ibc_br,45,-0.28977330275682794,-0.6710638281004864,0.018529800187686792,-1.1542712522048313,0.2727734719155692,interval,interval
cheia_p4,5,asset_ibov,45,-2.613832472451313,-4.756392616658141,-1.031991634338262,-7.693694551958949,0.14631687260079193,interval,interval
cheia_p4,5,cds_5y,45,-10.627972835728077,-23.772797853486978,-0.3989205927718087,-41.00345433621416,7.68486847566273,interval,interval
cheia_p4,5,price_ipca,45,-0.14024955663987598,-0.3124909758184866,-0.0016503111999566246,-0.5317147458897427,0.11203694197408158,interval,interval
cheia_p4,5,cambio_usd,46,-0.011061909873418102,-0.07369956025392707,0.04671042308645278,-0.14389417465218327,0.10164238953093045,interval,interval
cheia_p4,5,yield_6m,46,-0.00791058462561733,-0.015189985028847506,-0.0025914343554687518,-0.02525554596986035,0.0013247626086613207,interval,interval
cheia_p4,5,yield_2y,46,-0.00822797138629497,-0.016200027425458504,-0.002334519622403904,-0.027117200409736246,0.002062008860010657,interval,interval
cheia_p4,5,ibc_br,46,-0.2778275017431752,-0.6527087786578061,0.025899283167364034,-1.1269458157751138,0.27692252601470296,interval,interval
cheia_p4,5,asset_ibov,46,-2.5842367522490033,-4.72882336502548,-1.0043810349067932,-7.6743054465031335,0.16952314107318747,interval,interval
cheia_p4,5,cds_5y,46,-9.857104550900818,-22.950513954167484,0.4620433523523922,-39.924648246171024,8.733235380647729,interval,interval
cheia_p4,5,price_ipca,46,-0.13064119559181578,-0.30012868489578287,0.007350039924255547,-0.5135975438196736,0.12201419776361308,interval,interval
cheia_p4,5,cambio_usd,47,-0.007211614894251423,-0.06952919212494908,0.0513913755737159,-0.13805152978016572,0.10826094216556309,interval,interval
cheia_p4,5,yield_6m,47,-0.007664269885828958,-0.014909193481245999,-0.00236670685538906,-0.024921435403761707,0.0015366060553748356,interval,interval
cheia_p4,5,yield_2y,47,-0.007895859001979932,-0.01581566956064439,-0.002016852461439893,-0.026623953202058036,0.0023893672284701064,interval,interval
cheia_p4,5,ibc_br,47,-0.26584867117582156,-0.6341285378088363,0.03325058802753101,-1.0990085440560826,0.28110893563672407,interval,interval
cheia_p4,5,asset_ibov,47,-2.546061192999387,-4.689943366240059,-0.969223775451755,-7.638343939743378,0.2003402429138738,interval,interval
cheia_p4,5,cds_5y,47,-9.089217420311478,-22.1213589326296,1.3196782872566513,-38.818381042487246,9.78749893858442,interval,interval
cheia_p4,5,price_ipca,47,-0.12116941011070541,-0.28786575826752386,0.016228680404470733,-0.4955030861842645,0.13195648765013415,interval,interval
cheia_p4,5,cambio_usd,48,-0.003553194139974723,-0.06542286380219371,0.055752085575273995,-0.13217726205992966,0.11446191498108033,interval,interval
cheia_p4,5,yield_6m,48,-0.007402533595119282,-0.014606592326485278,-0.0021262233429125126,-0.024548864288488147,0.0017686433139333926,interval,interval
cheia_p4,5,yield_2y,48,-0.007552716181350338,-0.015414912898112426,-0.001686850705012565,-0.026099032427554774,0.0027347173221414834,interval,interval
cheia_p4,5,ibc_br,48,-0.25388750740030436,-0.615414046785467,0.04056401309249463,-1.0706049340343808,0.2853385366516306,interval,interval
cheia_p4,5,asset_ibov,48,-2.4999689012144417,-4.640602183497034,-0.926951201251432,-7.586761141790173,0.2385805015056008,interval,interval
cheia_p4,5,cds_5y,48,-8.328590650479793,-21.287564421688813,2.166556696473277,-37.68688025606485,10.836774492328377,interval,interval
cheia_p4,5,price_ipca,48,-0.11187579233884135,-0.27573997855125054,0.024928604478893612,-0.47748506633818594,0.14178631421267446,interval,interval
cheia_p4,4,cambio_usd,0,0.2670883267958057,NA,NA,NA,NA,NA,NA
cheia_p4,4,yield_6m,0,0.005,NA,NA,NA,NA,NA,NA
cheia_p4,4,yield_2y,0,0.00897373766314404,NA,NA,NA,NA,NA,NA
cheia_p4,4,ibc_br,0,-0.9902065385333583,NA,NA,NA,NA,NA,NA
cheia_p4,4,asset_ibov,0,-1.1935136823092505,NA,NA,NA,NA,NA,NA
cheia_p4,4,cds_5y,0,47.19112579974275,NA,NA,NA,NA,NA,NA
cheia_p4,4,price_ipca,0,-0.07056715331831273,NA,NA,NA,NA,NA,NA
cheia_p4,4,cambio_usd,1,0.30096553364134726,NA,NA,NA,NA,NA,NA
cheia_p4,4,yield_6m,1,0.005785144604584743,NA,NA,NA,NA,NA,NA
cheia_p4,4,yield_2y,1,0.010474840929849093,NA,NA,NA,NA,NA,NA
cheia_p4,4,ibc_br,1,-0.9062071821535335,NA,NA,NA,NA,NA,NA
cheia_p4,4,asset_ibov,1,0.7757256910565534,NA,NA,NA,NA,NA,NA
cheia_p4,4,cds_5y,1,49.26398111083638,NA,NA,NA,NA,NA,NA
cheia_p4,4,price_ipca,1,0.07143388121999372,NA,NA,NA,NA,NA,NA
cheia_p4,4,cambio_usd,2,0.2528299842456798,NA,NA,NA,NA,NA,NA
cheia_p4,4,yield_6m,2,0.0061122950638353825,NA,NA,NA,NA,NA,NA
cheia_p4,4,yield_2y,2,0.009619032743149365,NA,NA,NA,NA,NA,NA
cheia_p4,4,ibc_br,2,-0.2662496909566709,NA,NA,NA,NA,NA,NA
cheia_p4,4,asset_ibov,2,5.312505727415146,NA,NA,NA,NA,NA,NA
cheia_p4,4,cds_5y,2,31.99730690940844,NA,NA,NA,NA,NA,NA
cheia_p4,4,price_ipca,2,0.09395418456789906,NA,NA,NA,NA,NA,NA
cheia_p4,4,cambio_usd,3,0.26098157676491945,NA,NA,NA,NA,NA,NA
cheia_p4,4,yield_6m,3,0.006825321990942683,NA,NA,NA,NA,NA,NA
cheia_p4,4,yield_2y,3,0.01102716650582462,NA,NA,NA,NA,NA,NA
cheia_p4,4,ibc_br,3,-0.17229618696069574,NA,NA,NA,NA,NA,NA
cheia_p4,4,asset_ibov,3,2.56686609234382,NA,NA,NA,NA,NA,NA
cheia_p4,4,cds_5y,3,38.58388440034303,NA,NA,NA,NA,NA,NA
cheia_p4,4,price_ipca,3,0.16253499118129,NA,NA,NA,NA,NA,NA
cheia_p4,4,cambio_usd,4,0.25316188239709886,NA,NA,NA,NA,NA,NA
cheia_p4,4,yield_6m,4,0.0072707683888216315,NA,NA,NA,NA,NA,NA
cheia_p4,4,yield_2y,4,0.011707875534289152,NA,NA,NA,NA,NA,NA
cheia_p4,4,ibc_br,4,-0.1721924437106432,NA,NA,NA,NA,NA,NA
cheia_p4,4,asset_ibov,4,1.5246975413129473,NA,NA,NA,NA,NA,NA
cheia_p4,4,cds_5y,4,40.854225573834796,NA,NA,NA,NA,NA,NA
cheia_p4,4,price_ipca,4,0.2348228027957708,NA,NA,NA,NA,NA,NA
cheia_p4,4,cambio_usd,5,0.2193599012602486,NA,NA,NA,NA,NA,NA
cheia_p4,4,yield_6m,5,0.0075885533146156404,NA,NA,NA,NA,NA,NA
cheia_p4,4,yield_2y,5,0.011389045046870007,NA,NA,NA,NA,NA,NA
cheia_p4,4,ibc_br,5,-0.01057165292502416,NA,NA,NA,NA,NA,NA
cheia_p4,4,asset_ibov,5,2.9458196458390504,NA,NA,NA,NA,NA,NA
cheia_p4,4,cds_5y,5,34.19503313670945,NA,NA,NA,NA,NA,NA
cheia_p4,4,price_ipca,5,0.24954196899713432,NA,NA,NA,NA,NA,NA
cheia_p4,4,cambio_usd,6,0.20488927216153024,NA,NA,NA,NA,NA,NA
cheia_p4,4,yield_6m,6,0.00812856301943041,NA,NA,NA,NA,NA,NA
cheia_p4,4,yield_2y,6,0.011686717964756328,NA,NA,NA,NA,NA,NA
cheia_p4,4,ibc_br,6,0.025050246189445485,NA,NA,NA,NA,NA,NA
cheia_p4,4,asset_ibov,6,2.8902062133931112,NA,NA,NA,NA,NA,NA
cheia_p4,4,cds_5y,6,33.34780793143106,NA,NA,NA,NA,NA,NA
cheia_p4,4,price_ipca,6,0.23832674482127084,NA,NA,NA,NA,NA,NA
cheia_p4,4,cambio_usd,7,0.19065538323166226,NA,NA,NA,NA,NA,NA
cheia_p4,4,yield_6m,7,0.008595427889836853,NA,NA,NA,NA,NA,NA
cheia_p4,4,yield_2y,7,0.01205982485883461,NA,NA,NA,NA,NA,NA
cheia_p4,4,ibc_br,7,0.04588268951384121,NA,NA,NA,NA,NA,NA
cheia_p4,4,asset_ibov,7,2.2948203769895867,NA,NA,NA,NA,NA,NA
cheia_p4,4,cds_5y,7,33.618999009030134,NA,NA,NA,NA,NA,NA
cheia_p4,4,price_ipca,7,0.2528413350843037,NA,NA,NA,NA,NA,NA
cheia_p4,4,cambio_usd,8,0.16819198219052173,NA,NA,NA,NA,NA,NA
cheia_p4,4,yield_6m,8,0.008966989634607975,NA,NA,NA,NA,NA,NA
cheia_p4,4,yield_2y,8,0.012055598090463594,NA,NA,NA,NA,NA,NA
cheia_p4,4,ibc_br,8,0.09792272840579015,NA,NA,NA,NA,NA,NA
cheia_p4,4,asset_ibov,8,2.617266809686653,NA,NA,NA,NA,NA,NA
cheia_p4,4,cds_5y,8,30.921548702950428,NA,NA,NA,NA,NA,NA
cheia_p4,4,price_ipca,8,0.25363400005593917,NA,NA,NA,NA,NA,NA
cheia_p4,4,cambio_usd,9,0.15188644392513903,NA,NA,NA,NA,NA,NA
cheia_p4,4,yield_6m,9,0.00934594043414418,NA,NA,NA,NA,NA,NA
cheia_p4,4,yield_2y,9,0.012106054948334881,NA,NA,NA,NA,NA,NA
cheia_p4,4,ibc_br,9,0.10752713331570199,NA,NA,NA,NA,NA,NA
cheia_p4,4,asset_ibov,9,2.8277121884841705,NA,NA,NA,NA,NA,NA
cheia_p4,4,cds_5y,9,29.29159816929546,NA,NA,NA,NA,NA,NA
cheia_p4,4,price_ipca,9,0.23557275422771418,NA,NA,NA,NA,NA,NA
cheia_p4,4,cambio_usd,10,0.13811971549825205,NA,NA,NA,NA,NA,NA
cheia_p4,4,yield_6m,10,0.0096620455040443,NA,NA,NA,NA,NA,NA
cheia_p4,4,yield_2y,10,0.012196135610802277,NA,NA,NA,NA,NA,NA
cheia_p4,4,ibc_br,10,0.11017192274312754,NA,NA,NA,NA,NA,NA
cheia_p4,4,asset_ibov,10,2.6653571544559047,NA,NA,NA,NA,NA,NA
cheia_p4,4,cds_5y,10,28.552041233826554,NA,NA,NA,NA,NA,NA
cheia_p4,4,price_ipca,10,0.22320717865076212,NA,NA,NA,NA,NA,NA
cheia_p4,4,cambio_usd,11,0.12152085657142253,NA,NA,NA,NA,NA,NA
cheia_p4,4,yield_6m,11,0.009878771056101994,NA,NA,NA,NA,NA,NA
cheia_p4,4,yield_2y,11,0.0121125231059489,NA,NA,NA,NA,NA,NA
cheia_p4,4,ibc_br,11,0.12317626718145679,NA,NA,NA,NA,NA,NA
cheia_p4,4,asset_ibov,11,2.7527726714859853,NA,NA,NA,NA,NA,NA
cheia_p4,4,cds_5y,11,26.821295110686496,NA,NA,NA,NA,NA,NA
cheia_p4,4,price_ipca,11,0.21098762990431286,NA,NA,NA,NA,NA,NA
cheia_p4,4,cambio_usd,12,0.1066170866427653,NA,NA,NA,NA,NA,NA
cheia_p4,4,yield_6m,12,0.010019842622879605,NA,NA,NA,NA,NA,NA
cheia_p4,4,yield_2y,12,0.011949385607546683,NA,NA,NA,NA,NA,NA
cheia_p4,4,ibc_br,12,0.11926851215757467,NA,NA,NA,NA,NA,NA
cheia_p4,4,asset_ibov,12,2.8925585660990616,NA,NA,NA,NA,NA,NA
cheia_p4,4,cds_5y,12,25.131106009825544,NA,NA,NA,NA,NA,NA
cheia_p4,4,price_ipca,12,0.19181724561008076,NA,NA,NA,NA,NA,NA
cheia_p4,4,cambio_usd,13,0.09316012095207542,NA,NA,NA,NA,NA,NA
cheia_p4,4,yield_6m,13,0.010073983064358702,NA,NA,NA,NA,NA,NA
cheia_p4,4,yield_2y,13,0.011736921521794856,NA,NA,NA,NA,NA,NA
cheia_p4,4,ibc_br,13,0.10681477502650985,NA,NA,NA,NA,NA,NA
cheia_p4,4,asset_ibov,13,2.9032235311943246,NA,NA,NA,NA,NA,NA
cheia_p4,4,cds_5y,13,23.72787562879879,NA,NA,NA,NA,NA,NA
cheia_p4,4,price_ipca,13,0.17278150232588138,NA,NA,NA,NA,NA,NA
cheia_p4,4,cambio_usd,14,0.07881424183287879,NA,NA,NA,NA,NA,NA
cheia_p4,4,yield_6m,14,0.010027323270207993,NA,NA,NA,NA,NA,NA
cheia_p4,4,yield_2y,14,0.011411266923942039,NA,NA,NA,NA,NA,NA
cheia_p4,4,ibc_br,14,0.10090409833626444,NA,NA,NA,NA,NA,NA
cheia_p4,4,asset_ibov,14,2.9415833757925736,NA,NA,NA,NA,NA,NA
cheia_p4,4,cds_5y,14,21.95835517891515,NA,NA,NA,NA,NA,NA
cheia_p4,4,price_ipca,14,0.15531973418639042,NA,NA,NA,NA,NA,NA
cheia_p4,4,cambio_usd,15,0.06495234846574072,NA,NA,NA,NA,NA,NA
cheia_p4,4,yield_6m,15,0.00989347463544568,NA,NA,NA,NA,NA,NA
cheia_p4,4,yield_2y,15,0.010996538784137066,NA,NA,NA,NA,NA,NA
cheia_p4,4,ibc_br,15,0.09014622154464239,NA,NA,NA,NA,NA,NA
cheia_p4,4,asset_ibov,15,3.001030733276886,NA,NA,NA,NA,NA,NA
cheia_p4,4,cds_5y,15,20.07222473314337,NA,NA,NA,NA,NA,NA
cheia_p4,4,price_ipca,15,0.13601193299590664,NA,NA,NA,NA,NA,NA
cheia_p4,4,cambio_usd,16,0.052101140362530426,NA,NA,NA,NA,NA,NA
cheia_p4,4,yield_6m,16,0.009677923218755557,NA,NA,NA,NA,NA,NA
cheia_p4,4,yield_2y,16,0.0105194104734598,NA,NA,NA,NA,NA,NA
cheia_p4,4,ibc_br,16,0.073587254378628425,NA,NA,NA,NA,NA,NA
cheia_p4,4,asset_ibov,16,3.009353071991883,NA,NA,NA,NA,NA,NA
cheia_p4,4,cds_5y,16,18.276121944999215,NA,NA,NA,NA,NA,NA
cheia_p4,4,price_ipca,16,0.1161754238932577,NA,NA,NA,NA,NA,NA
cheia_p4,4,cambio_usd,17,0.03940336348801071,NA,NA,NA,NA,NA,NA
cheia_p4,4,yield_6m,17,0.009381064611560536,NA,NA,NA,NA,NA,NA
cheia_p4,4,yield_2y,17,0.009967135826298743,NA,NA,NA,NA,NA,NA
cheia_p4,4,ibc_br,17,0.05915183491032578,NA,NA,NA,NA,NA,NA
cheia_p4,4,asset_ibov,17,3.0009168088915077,NA,NA,NA,NA,NA,NA
cheia_p4,4,cds_5y,17,16.365359863756815,NA,NA,NA,NA,NA,NA
cheia_p4,4,price_ipca,17,0.09699931962642316,NA,NA,NA,NA,NA,NA
cheia_p4,4,cambio_usd,18,0.027155998858487844,NA,NA,NA,NA,NA,NA
cheia_p4,4,yield_6m,18,0.009013318159533462,NA,NA,NA,NA,NA,NA
cheia_p4,4,yield_2y,18,0.009350181548079886,NA,NA,NA,NA,NA,NA
cheia_p4,4,ibc_br,18,0.044281350280728604,NA,NA,NA,NA,NA,NA
cheia_p4,4,asset_ibov,18,2.9883330180764127,NA,NA,NA,NA,NA,NA
cheia_p4,4,cds_5y,18,14.383203452483396,NA,NA,NA,NA,NA,NA
cheia_p4,4,price_ipca,18,0.07758420865949242,NA,NA,NA,NA,NA,NA
cheia_p4,4,cambio_usd,19,0.015772341630189205,NA,NA,NA,NA,NA,NA
cheia_p4,4,yield_6m,19,0.008583843272402695,NA,NA,NA,NA,NA,NA
cheia_p4,4,yield_2y,19,0.008687637638865972,NA,NA,NA,NA,NA,NA
cheia_p4,4,ibc_br,19,0.026821467847009794,NA,NA,NA,NA,NA,NA
cheia_p4,4,asset_ibov,19,2.9461224737892526,NA,NA,NA,NA,NA,NA
cheia_p4,4,cds_5y,19,12.452473815654853,NA,NA,NA,NA,NA,NA
cheia_p4,4,price_ipca,19,0.05809550960809153,NA,NA,NA,NA,NA,NA
cheia_p4,4,cambio_usd,20,0.004999118625530843,NA,NA,NA,NA,NA,NA
cheia_p4,4,yield_6m,20,0.0080983659468347,NA,NA,NA,NA,NA,NA
cheia_p4,4,yield_2y,20,0.007982343015258337,NA,NA,NA,NA,NA,NA
cheia_p4,4,ibc_br,20,0.009635146580499847,NA,NA,NA,NA,NA,NA
cheia_p4,4,asset_ibov,20,2.882619288444578,NA,NA,NA,NA,NA,NA
cheia_p4,4,cds_5y,20,10.52340709966426,NA,NA,NA,NA,NA,NA
cheia_p4,4,price_ipca,20,0.0391078650918425,NA,NA,NA,NA,NA,NA
cheia_p4,4,cambio_usd,21,-0.005157006870579147,NA,NA,NA,NA,NA,NA
cheia_p4,4,yield_6m,21,0.007565435924655444,NA,NA,NA,NA,NA,NA
cheia_p4,4,yield_2y,21,0.007241685081508336,NA,NA,NA,NA,NA,NA
cheia_p4,4,ibc_br,21,-0.0069848642437917875,NA,NA,NA,NA,NA,NA
cheia_p4,4,asset_ibov,21,2.8062319600766115,NA,NA,NA,NA,NA,NA
cheia_p4,4,cds_5y,21,8.594883546303832,NA,NA,NA,NA,NA,NA
cheia_p4,4,price_ipca,21,0.020528784079021187,NA,NA,NA,NA,NA,NA
cheia_p4,4,cambio_usd,22,-0.014504225268468656,NA,NA,NA,NA,NA,NA
cheia_p4,4,yield_6m,22,0.006993934589317617,NA,NA,NA,NA,NA,NA
cheia_p4,4,yield_2y,22,0.006478532552686977,NA,NA,NA,NA,NA,NA
cheia_p4,4,ibc_br,22,-0.02416554547755391,NA,NA,NA,NA,NA,NA
cheia_p4,4,asset_ibov,22,2.7094361207412803,NA,NA,NA,NA,NA,NA
cheia_p4,4,cds_5y,22,6.725775758132038,NA,NA,NA,NA,NA,NA
cheia_p4,4,price_ipca,22,0.002403898129931116,NA,NA,NA,NA,NA,NA
cheia_p4,4,cambio_usd,23,-0.023091982800356098,NA,NA,NA,NA,NA,NA
cheia_p4,4,yield_6m,23,0.006390826356097348,NA,NA,NA,NA,NA,NA
cheia_p4,4,yield_2y,23,0.005699760910664969,NA,NA,NA,NA,NA,NA
cheia_p4,4,ibc_br,23,-0.041147163064936654,NA,NA,NA,NA,NA,NA
cheia_p4,4,asset_ibov,23,2.59432795226933,NA,NA,NA,NA,NA,NA
cheia_p4,4,cds_5y,23,4.915705134393172,NA,NA,NA,NA,NA,NA
cheia_p4,4,price_ipca,23,-0.014997854292503448,NA,NA,NA,NA,NA,NA
cheia_p4,4,cambio_usd,24,-0.030958756987600297,NA,NA,NA,NA,NA,NA
cheia_p4,4,yield_6m,24,0.005763368871501497,NA,NA,NA,NA,NA,NA
cheia_p4,4,yield_2y,24,0.004911639114730098,NA,NA,NA,NA,NA,NA
cheia_p4,4,ibc_br,24,-0.057407997985403865,NA,NA,NA,NA,NA,NA
cheia_p4,4,asset_ibov,24,2.4662572913118743,NA,NA,NA,NA,NA,NA
cheia_p4,4,cds_5y,24,3.1608500398944313,NA,NA,NA,NA,NA,NA
cheia_p4,4,price_ipca,24,-0.031616124268892126,NA,NA,NA,NA,NA,NA
cheia_p4,4,cambio_usd,25,-0.038045906277804034,NA,NA,NA,NA,NA,NA
cheia_p4,4,yield_6m,25,0.005118973165285549,NA,NA,NA,NA,NA,NA
cheia_p4,4,yield_2y,25,0.004122735522940873,NA,NA,NA,NA,NA,NA
cheia_p4,4,ibc_br,25,-0.07327947393398021,NA,NA,NA,NA,NA,NA
cheia_p4,4,asset_ibov,25,2.324336370177108,NA,NA,NA,NA,NA,NA
cheia_p4,4,cds_5y,25,1.4854199051172163,NA,NA,NA,NA,NA,NA
cheia_p4,4,price_ipca,25,-0.04740885380549814,NA,NA,NA,NA,NA,NA
cheia_p4,4,cambio_usd,26,-0.04436218787167325,NA,NA,NA,NA,NA,NA
cheia_p4,4,yield_6m,26,0.004464033317976829,NA,NA,NA,NA,NA,NA
cheia_p4,4,yield_2y,26,0.003339620738155704,NA,NA,NA,NA,NA,NA
cheia_p4,4,ibc_br,26,-0.08861499072760488,NA,NA,NA,NA,NA,NA
cheia_p4,4,asset_ibov,26,2.1695819450979927,NA,NA,NA,NA,NA,NA
cheia_p4,4,cds_5y,26,-0.10191527585635153,NA,NA,NA,NA,NA,NA
cheia_p4,4,price_ipca,26,-0.06224980609900937,NA,NA,NA,NA,NA,NA
cheia_p4,4,cambio_usd,27,-0.04994316058731735,NA,NA,NA,NA,NA,NA
cheia_p4,4,yield_6m,27,0.003804510101295017,NA,NA,NA,NA,NA,NA
cheia_p4,4,yield_2y,27,0.0025675169231287103,NA,NA,NA,NA,NA,NA
cheia_p4,4,ibc_br,27,-0.10313170563394493,NA,NA,NA,NA,NA,NA
cheia_p4,4,asset_ibov,27,2.005450901473085,NA,NA,NA,NA,NA,NA
cheia_p4,4,cds_5y,27,-1.6018850805420095,NA,NA,NA,NA,NA,NA
cheia_p4,4,price_ipca,27,-0.07607992746299452,NA,NA,NA,NA,NA,NA
cheia_p4,4,cambio_usd,28,-0.05478934636435034,NA,NA,NA,NA,NA,NA
cheia_p4,4,yield_6m,28,0.003146166050242137,NA,NA,NA,NA,NA,NA
cheia_p4,4,yield_2y,28,0.0018121257234681167,NA,NA,NA,NA,NA,NA
cheia_p4,4,ibc_br,28,-0.11686880445765324,NA,NA,NA,NA,NA,NA
cheia_p4,4,asset_ibov,28,1.8332396406132583,NA,NA,NA,NA,NA,NA
cheia_p4,4,cds_5y,28,-3.0058020010536346,NA,NA,NA,NA,NA,NA
cheia_p4,4,price_ipca,28,-0.08887371442937063,NA,NA,NA,NA,NA,NA
cheia_p4,4,cambio_usd,29,-0.05891533885979395,NA,NA,NA,NA,NA,NA
cheia_p4,4,yield_6m,29,0.002494136139544368,NA,NA,NA,NA,NA,NA
cheia_p4,4,yield_2y,29,0.001078394760053104,NA,NA,NA,NA,NA,NA
cheia_p4,4,ibc_br,29,-0.12980381942016989,NA,NA,NA,NA,NA,NA
cheia_p4,4,asset_ibov,29,1.654135475098225,NA,NA,NA,NA,NA,NA
cheia_p4,4,cds_5y,29,-4.307758238213772,NA,NA,NA,NA,NA,NA
cheia_p4,4,price_ipca,29,-0.10058141285837507,NA,NA,NA,NA,NA,NA
cheia_p4,4,cambio_usd,30,-0.062353976407306944,NA,NA,NA,NA,NA,NA
cheia_p4,4,yield_6m,30,0.0018530145329674287,NA,NA,NA,NA,NA,NA
cheia_p4,4,yield_2y,30,3.7024596052499125e-4,NA,NA,NA,NA,NA,NA
cheia_p4,4,ibc_br,30,-0.14181977459238038,NA,NA,NA,NA,NA,NA
cheia_p4,4,asset_ibov,30,1.4704456838175146,NA,NA,NA,NA,NA,NA
cheia_p4,4,cds_5y,30,-5.507613285426106,NA,NA,NA,NA,NA,NA
cheia_p4,4,price_ipca,30,-0.11117571911152105,NA,NA,NA,NA,NA,NA
cheia_p4,4,cambio_usd,31,-0.06512921568930378,NA,NA,NA,NA,NA,NA
cheia_p4,4,yield_6m,31,0.001227025872340942,NA,NA,NA,NA,NA,NA
cheia_p4,4,yield_2y,31,-3.0864500309243096e-4,NA,NA,NA,NA,NA,NA
cheia_p4,4,ibc_br,31,-0.15289920425501086,NA,NA,NA,NA,NA,NA
cheia_p4,4,asset_ibov,31,1.283879668303807,NA,NA,NA,NA,NA,NA
cheia_p4,4,cds_5y,31,-6.603312217047343,NA,NA,NA,NA,NA,NA
cheia_p4,4,price_ipca,31,-0.120654623172816,NA,NA,NA,NA,NA,NA
cheia_p4,4,cambio_usd,32,-0.06726671938542364,NA,NA,NA,NA,NA,NA
cheia_p4,4,yield_6m,32,6.19913424388771e-4,NA,NA,NA,NA,NA,NA
cheia_p4,4,yield_2y,32,-9.550591529813798e-4,NA,NA,NA,NA,NA,NA
cheia_p4,4,ibc_br,32,-0.16304012238438337,NA,NA,NA,NA,NA,NA
cheia_p4,4,asset_ibov,32,1.095758374508762,NA,NA,NA,NA,NA,NA
cheia_p4,4,cds_5y,32,-7.593055736936402,NA,NA,NA,NA,NA,NA
cheia_p4,4,price_ipca,32,-0.12901408305426224,NA,NA,NA,NA,NA,NA
cheia_p4,4,cambio_usd,33,-0.0688006235837652,NA,NA,NA,NA,NA,NA
cheia_p4,4,yield_6m,33,3.493432078282814e-5,NA,NA,NA,NA,NA,NA
cheia_p4,4,yield_2y,33,-0.0015664616961478628,NA,NA,NA,NA,NA,NA
cheia_p4,4,ibc_br,33,-0.17220440026926895,NA,NA,NA,NA,NA,NA
cheia_p4,4,asset_ibov,33,0.9077296690628683,NA,NA,NA,NA,NA,NA
cheia_p4,4,cds_5y,33,-8.477746251199218,NA,NA,NA,NA,NA,NA
cheia_p4,4,price_ipca,33,-0.13625887355768107,NA,NA,NA,NA,NA,NA
cheia_p4,4,cambio_usd,34,-0.06976408165486912,NA,NA,NA,NA,NA,NA
cheia_p4,4,yield_6m,34,-5.250544557811619e-4,NA,NA,NA,NA,NA,NA
cheia_p4,4,yield_2y,34,-0.002140734647259792,NA,NA,NA,NA,NA,NA
cheia_p4,4,ibc_br,34,-0.18038261271999834,NA,NA,NA,NA,NA,NA
cheia_p4,4,asset_ibov,34,0.7212868591261824,NA,NA,NA,NA,NA,NA
cheia_p4,4,cds_5y,34,-9.258523336899286,NA,NA,NA,NA,NA,NA
cheia_p4,4,price_ipca,34,-0.14240888300248833,NA,NA,NA,NA,NA,NA
cheia_p4,4,cambio_usd,35,-0.07018998290562452,NA,NA,NA,NA,NA,NA
cheia_p4,4,yield_6m,35,-0.0010576033923297187,NA,NA,NA,NA,NA,NA
cheia_p4,4,yield_2y,35,-0.002676144432620901,NA,NA,NA,NA,NA,NA
cheia_p4,4,ibc_br,35,-0.18758321646901457,NA,NA,NA,NA,NA,NA
cheia_p4,4,asset_ibov,35,0.5376343577694319,NA,NA,NA,NA,NA,NA
cheia_p4,4,cds_5y,35,-9.936633749444454,NA,NA,NA,NA,NA,NA
cheia_p4,4,price_ipca,35,-0.14748836131517615,NA,NA,NA,NA,NA,NA
cheia_p4,4,cambio_usd,36,-0.07011443277737411,NA,NA,NA,NA,NA,NA
cheia_p4,4,yield_6m,36,-0.0015606713859627405,NA,NA,NA,NA,NA,NA
cheia_p4,4,yield_2y,36,-0.0031714316752967714,NA,NA,NA,NA,NA,NA
cheia_p4,4,ibc_br,36,-0.19380556824184692,NA,NA,NA,NA,NA,NA
cheia_p4,4,asset_ibov,36,0.35797797848894597,NA,NA,NA,NA,NA,NA
cheia_p4,4,cds_5y,36,-10.514520065767343,NA,NA,NA,NA,NA,NA
cheia_p4,4,price_ipca,36,-0.15152630924259122,NA,NA,NA,NA,NA,NA
cheia_p4,4,cambio_usd,37,-0.06957392620652264,NA,NA,NA,NA,NA,NA
cheia_p4,4,yield_6m,37,-0.0020325826339710434,NA,NA,NA,NA,NA,NA
cheia_p4,4,yield_2y,37,-0.003625725475847171,NA,NA,NA,NA,NA,NA
cheia_p4,4,ibc_br,37,-0.1990580874770511,NA,NA,NA,NA,NA,NA
cheia_p4,4,asset_ibov,37,0.1834389761324133,NA,NA,NA,NA,NA,NA
cheia_p4,4,cds_5y,37,-10.995171663691353,NA,NA,NA,NA,NA,NA
cheia_p4,4,price_ipca,37,-0.15455983576776425,NA,NA,NA,NA,NA,NA
cheia_p4,4,cambio_usd,38,-0.06860447011282639,NA,NA,NA,NA,NA,NA
cheia_p4,4,yield_6m,38,-0.0024720075482762703,NA,NA,NA,NA,NA,NA
cheia_p4,4,yield_2y,38,-0.004038487032467334,NA,NA,NA,NA,NA,NA
cheia_p4,4,ibc_br,38,-0.20336069522317904,NA,NA,NA,NA,NA,NA
cheia_p4,4,asset_ibov,38,0.014951468563911434,NA,NA,NA,NA,NA,NA
cheia_p4,4,cds_5y,38,-11.381775543474955,NA,NA,NA,NA,NA,NA
cheia_p4,4,price_ipca,38,-0.15663056741015002,NA,NA,NA,NA,NA,NA
cheia_p4,4,cambio_usd,39,-0.06724284204984278,NA,NA,NA,NA,NA,NA
cheia_p4,4,yield_6m,39,-0.002877951980920531,NA,NA,NA,NA,NA,NA
cheia_p4,4,yield_2y,39,-0.004409524260575567,NA,NA,NA,NA,NA,NA
cheia_p4,4,ibc_br,39,-0.2067335079680462,NA,NA,NA,NA,NA,NA
cheia_p4,4,asset_ibov,39,-0.14664491858671463,NA,NA,NA,NA,NA,NA
cheia_p4,4,cds_5y,39,-11.678069413383046,NA,NA,NA,NA,NA,NA
cheia_p4,4,price_ipca,39,-0.15778316199554743,NA,NA,NA,NA,NA,NA
cheia_p4,4,cambio_usd,40,-0.06552583850229188,NA,NA,NA,NA,NA,NA
cheia_p4,4,yield_6m,40,-0.00324973019090644,NA,NA,NA,NA,NA,NA
cheia_p4,4,yield_2y,40,-0.004738957199640355,NA,NA,NA,NA,NA,NA
cheia_p4,4,ibc_br,40,-0.20920060485844288,NA,NA,NA,NA,NA,NA
cheia_p4,4,asset_ibov,40,-0.3005993430989986,NA,NA,NA,NA,NA,NA
cheia_p4,4,cds_5y,40,-11.888198858068433,NA,NA,NA,NA,NA,NA
cheia_p4,4,price_ipca,40,-0.15806631703334958,NA,NA,NA,NA,NA,NA
cheia_p4,4,cambio_usd,41,-0.0634895578323307,NA,NA,NA,NA,NA,NA
cheia_p4,4,yield_6m,41,-0.00358694207621205,NA,NA,NA,NA,NA,NA
cheia_p4,4,yield_2y,41,-0.005027175380375941,NA,NA,NA,NA,NA,NA
cheia_p4,4,ibc_br,41,-0.21079274954070257,NA,NA,NA,NA,NA,NA
cheia_p4,4,asset_ibov,41,-0.44629256364615133,NA,NA,NA,NA,NA,NA
cheia_p4,4,cds_5y,41,-12.016495880826183,NA,NA,NA,NA,NA,NA
cheia_p4,4,price_ipca,41,-0.15753160581097034,NA,NA,NA,NA,NA,NA
cheia_p4,4,cambio_usd,42,-0.06116969721345543,NA,NA,NA,NA,NA,NA
cheia_p4,4,yield_6m,42,-0.003889456399617495,NA,NA,NA,NA,NA,NA
cheia_p4,4,yield_2y,42,-0.0052748246522691,NA,NA,NA,NA,NA,NA
cheia_p4,4,ibc_br,42,-0.21154318298494126,NA,NA,NA,NA,NA,NA
cheia_p4,4,asset_ibov,42,-0.5832115248820137,NA,NA,NA,NA,NA,NA
cheia_p4,4,cds_5y,42,-12.067548563092469,NA,NA,NA,NA,NA,NA
cheia_p4,4,price_ipca,42,-0.15623227200984907,NA,NA,NA,NA,NA,NA
cheia_p4,4,cambio_usd,43,-0.05860135010709388,NA,NA,NA,NA,NA,NA
cheia_p4,4,yield_6m,43,-0.0041573892565554774,NA,NA,NA,NA,NA,NA
cheia_p4,4,yield_2y,43,-0.005482784349402437,NA,NA,NA,NA,NA,NA
cheia_p4,4,ibc_br,43,-0.21148759850565327,NA,NA,NA,NA,NA,NA
cheia_p4,4,asset_ibov,43,-0.710933460187811,NA,NA,NA,NA,NA,NA
cheia_p4,4,cds_5y,43,-12.046167383120013,NA,NA,NA,NA,NA,NA
cheia_p4,4,price_ipca,43,-0.15422320759167116,NA,NA,NA,NA,NA,NA
cheia_p4,4,cambio_usd,44,-0.05581859924533184,NA,NA,NA,NA,NA,NA
cheia_p4,4,yield_6m,44,-0.004391082632837716,NA,NA,NA,NA,NA,NA
cheia_p4,4,yield_2y,44,-0.005652136640755251,NA,NA,NA,NA,NA,NA
cheia_p4,4,ibc_br,44,-0.21066542496945728,NA,NA,NA,NA,NA,NA
cheia_p4,4,asset_ibov,44,-0.82913711932963,NA,NA,NA,NA,NA,NA
cheia_p4,4,cds_5y,44,-11.957269599575032,NA,NA,NA,NA,NA,NA
cheia_p4,4,price_ipca,44,-0.15156045336607002,NA,NA,NA,NA,NA,NA
cheia_p4,4,cambio_usd,45,-0.05285449815620756,NA,NA,NA,NA,NA,NA
cheia_p4,4,yield_6m,45,-0.004591085940026374,NA,NA,NA,NA,NA,NA
cheia_p4,4,yield_2y,45,-0.005784146274303681,NA,NA,NA,NA,NA,NA
cheia_p4,4,ibc_br,45,-0.2091183643057876,NA,NA,NA,NA,NA,NA
cheia_p4,4,asset_ibov,45,-0.9375947170100031,NA,NA,NA,NA,NA,NA
cheia_p4,4,cds_5y,45,-11.805863778626865,NA,NA,NA,NA,NA,NA
cheia_p4,4,price_ipca,45,-0.14830045328711983,NA,NA,NA,NA,NA,NA
cheia_p4,4,cambio_usd,46,-0.04974098947740501,NA,NA,NA,NA,NA,NA
cheia_p4,4,yield_6m,46,-0.004758136746731205,NA,NA,NA,NA,NA,NA
cheia_p4,4,yield_2y,46,-0.005880240455638167,NA,NA,NA,NA,NA,NA
cheia_p4,4,ibc_br,46,-0.20688970726360245,NA,NA,NA,NA,NA,NA
cheia_p4,4,asset_ibov,46,-1.0361599413634723,NA,NA,NA,NA,NA,NA
cheia_p4,4,cds_5y,46,-11.597029758217266,NA,NA,NA,NA,NA,NA
cheia_p4,4,price_ipca,46,-0.1444997491498768,NA,NA,NA,NA,NA,NA
cheia_p4,4,cambio_usd,47,-0.04650869755706582,NA,NA,NA,NA,NA,NA
cheia_p4,4,yield_6m,47,-0.004893141316087082,NA,NA,NA,NA,NA,NA
cheia_p4,4,yield_2y,47,-0.0059419852330611575,NA,NA,NA,NA,NA,NA
cheia_p4,4,ibc_br,47,-0.2040246368500408,NA,NA,NA,NA,NA,NA
cheia_p4,4,asset_ibov,47,-1.1247669730425973,NA,NA,NA,NA,NA,NA
cheia_p4,4,cds_5y,47,-11.335857943035064,NA,NA,NA,NA,NA,NA
cheia_p4,4,price_ipca,47,-0.1402146532975916,NA,NA,NA,NA,NA,NA
cheia_p4,4,cambio_usd,48,-0.0431868492435086,NA,NA,NA,NA,NA,NA
cheia_p4,4,yield_6m,48,-0.004997156572700072,NA,NA,NA,NA,NA,NA
cheia_p4,4,yield_2y,48,-0.005971065331134255,NA,NA,NA,NA,NA,NA
cheia_p4,4,ibc_br,48,-0.20056966175349444,NA,NA,NA,NA,NA,NA
cheia_p4,4,asset_ibov,48,-1.2034254889803109,NA,NA,NA,NA,NA,NA
cheia_p4,4,cds_5y,48,-11.027417842151998,NA,NA,NA,NA,NA,NA
cheia_p4,4,price_ipca,48,-0.13550079514657395,NA,NA,NA,NA,NA,NA
cheia_p4,3,cambio_usd,0,0.5342037075493032,NA,NA,NA,NA,NA,NA
cheia_p4,3,yield_6m,0,0.005,NA,NA,NA,NA,NA,NA
cheia_p4,3,yield_2y,0,0.015378733027866366,NA,NA,NA,NA,NA,NA
cheia_p4,3,ibc_br,0,-2.6494788270868566,NA,NA,NA,NA,NA,NA
cheia_p4,3,asset_ibov,0,-23.96252722937776,NA,NA,NA,NA,NA,NA
cheia_p4,3,cds_5y,0,126.90670531797927,NA,NA,NA,NA,NA,NA
cheia_p4,3,price_ipca,0,-0.209170985719353,NA,NA,NA,NA,NA,NA
cheia_p4,3,cambio_usd,1,0.7960259805739222,NA,NA,NA,NA,NA,NA
cheia_p4,3,yield_6m,1,0.006905321848007276,NA,NA,NA,NA,NA,NA
cheia_p4,3,yield_2y,1,0.01877955190954681,NA,NA,NA,NA,NA,NA
cheia_p4,3,ibc_br,1,-4.270235452215964,NA,NA,NA,NA,NA,NA
cheia_p4,3,asset_ibov,1,-5.0658163483261776,NA,NA,NA,NA,NA,NA
cheia_p4,3,cds_5y,1,139.34458926300792,NA,NA,NA,NA,NA,NA
cheia_p4,3,price_ipca,1,-0.20586161308833353,NA,NA,NA,NA,NA,NA
cheia_p4,3,cambio_usd,2,0.8156842212941423,NA,NA,NA,NA,NA,NA
cheia_p4,3,yield_6m,2,0.005273133230313302,NA,NA,NA,NA,NA,NA
cheia_p4,3,yield_2y,2,0.01638960408805969,NA,NA,NA,NA,NA,NA
cheia_p4,3,ibc_br,2,-3.8138438418427922,NA,NA,NA,NA,NA,NA
cheia_p4,3,asset_ibov,2,6.23915902161394,NA,NA,NA,NA,NA,NA
cheia_p4,3,cds_5y,2,116.41161676619433,NA,NA,NA,NA,NA,NA
cheia_p4,3,price_ipca,2,-0.09409131626257906,NA,NA,NA,NA,NA,NA
cheia_p4,3,cambio_usd,3,0.7857354855878441,NA,NA,NA,NA,NA,NA
cheia_p4,3,yield_6m,3,0.0036495789215966966,NA,NA,NA,NA,NA,NA
cheia_p4,3,yield_2y,3,0.014601118556175002,NA,NA,NA,NA,NA,NA
cheia_p4,3,ibc_br,3,-3.3499911354407375,NA,NA,NA,NA,NA,NA
cheia_p4,3,asset_ibov,3,7.7152955325401535,NA,NA,NA,NA,NA,NA
cheia_p4,3,cds_5y,3,105.09551326726258,NA,NA,NA,NA,NA,NA
cheia_p4,3,price_ipca,3,0.05319887479447084,NA,NA,NA,NA,NA,NA
cheia_p4,3,cambio_usd,4,0.7118527830861078,NA,NA,NA,NA,NA,NA
cheia_p4,3,yield_6m,4,0.001502804553191947,NA,NA,NA,NA,NA,NA
cheia_p4,3,yield_2y,4,0.01301766157559972,NA,NA,NA,NA,NA,NA
cheia_p4,3,ibc_br,4,-2.3000546945248543,NA,NA,NA,NA,NA,NA
cheia_p4,3,asset_ibov,4,3.170663396568473,NA,NA,NA,NA,NA,NA
cheia_p4,3,cds_5y,4,95.06776872490452,NA,NA,NA,NA,NA,NA
cheia_p4,3,price_ipca,4,0.39366038243312423,NA,NA,NA,NA,NA,NA
cheia_p4,3,cambio_usd,5,0.6432119425061168,NA,NA,NA,NA,NA,NA
cheia_p4,3,yield_6m,5,6.051652448324056e-4,NA,NA,NA,NA,NA,NA
cheia_p4,3,yield_2y,5,0.011131469002859223,NA,NA,NA,NA,NA,NA
cheia_p4,3,ibc_br,5,-1.936740424013922,NA,NA,NA,NA,NA,NA
cheia_p4,3,asset_ibov,5,4.419650995787674,NA,NA,NA,NA,NA,NA
cheia_p4,3,cds_5y,5,81.49957823640659,NA,NA,NA,NA,NA,NA
cheia_p4,3,price_ipca,5,0.4575426547584124,NA,NA,NA,NA,NA,NA
cheia_p4,3,cambio_usd,6,0.6117079340315486,NA,NA,NA,NA,NA,NA
cheia_p4,3,yield_6m,6,5.926909664199395e-4,NA,NA,NA,NA,NA,NA
cheia_p4,3,yield_2y,6,0.010585998493422455,NA,NA,NA,NA,NA,NA
cheia_p4,3,ibc_br,6,-1.6844774592877676,NA,NA,NA,NA,NA,NA
cheia_p4,3,asset_ibov,6,4.273524417760489,NA,NA,NA,NA,NA,NA
cheia_p4,3,cds_5y,6,76.09912080394784,NA,NA,NA,NA,NA,NA
cheia_p4,3,price_ipca,6,0.42752261050829204,NA,NA,NA,NA,NA,NA
cheia_p4,3,cambio_usd,7,0.5717068132948415,NA,NA,NA,NA,NA,NA
cheia_p4,3,yield_6m,7,0.001097556538820412,NA,NA,NA,NA,NA,NA
cheia_p4,3,yield_2y,7,0.010696715415599687,NA,NA,NA,NA,NA,NA
cheia_p4,3,ibc_br,7,-1.3202407595138825,NA,NA,NA,NA,NA,NA
cheia_p4,3,asset_ibov,7,2.815790709260174,NA,NA,NA,NA,NA,NA
cheia_p4,3,cds_5y,7,72.27187263565085,NA,NA,NA,NA,NA,NA
cheia_p4,3,price_ipca,7,0.42682542851764355,NA,NA,NA,NA,NA,NA
cheia_p4,3,cambio_usd,8,0.5258930560723115,NA,NA,NA,NA,NA,NA
cheia_p4,3,yield_6m,8,0.002030153803216329,NA,NA,NA,NA,NA,NA
cheia_p4,3,yield_2y,8,0.010900686599641113,NA,NA,NA,NA,NA,NA
cheia_p4,3,ibc_br,8,-1.0803666792446482,NA,NA,NA,NA,NA,NA
cheia_p4,3,asset_ibov,8,3.0052645653541554,NA,NA,NA,NA,NA,NA
cheia_p4,3,cds_5y,8,66.72555724700948,NA,NA,NA,NA,NA,NA
cheia_p4,3,price_ipca,8,0.41695776471987145,NA,NA,NA,NA,NA,NA
cheia_p4,3,cambio_usd,9,0.4955230769262483,NA,NA,NA,NA,NA,NA
cheia_p4,3,yield_6m,9,0.003221896784969275,NA,NA,NA,NA,NA,NA
cheia_p4,3,yield_2y,9,0.01154126803145503,NA,NA,NA,NA,NA,NA
cheia_p4,3,ibc_br,9,-0.9709821339454351,NA,NA,NA,NA,NA,NA
cheia_p4,3,asset_ibov,9,2.846652148226766,NA,NA,NA,NA,NA,NA
cheia_p4,3,cds_5y,9,64.72291749924177,NA,NA,NA,NA,NA,NA
cheia_p4,3,price_ipca,9,0.37654146860160026,NA,NA,NA,NA,NA,NA
cheia_p4,3,cambio_usd,10,0.46136150890374905,NA,NA,NA,NA,NA,NA
cheia_p4,3,yield_6m,10,0.004522173994035109,NA,NA,NA,NA,NA,NA
cheia_p4,3,yield_2y,10,0.0122675985646329,NA,NA,NA,NA,NA,NA
cheia_p4,3,ibc_br,10,-0.8503163274709215,NA,NA,NA,NA,NA,NA
cheia_p4,3,asset_ibov,10,2.64152795490273,NA,NA,NA,NA,NA,NA
cheia_p4,3,cds_5y,10,62.565395664186255,NA,NA,NA,NA,NA,NA
cheia_p4,3,price_ipca,10,0.34522633735458286,NA,NA,NA,NA,NA,NA
cheia_p4,3,cambio_usd,11,0.42321016427881425,NA,NA,NA,NA,NA,NA
cheia_p4,3,yield_6m,11,0.005828845081102425,NA,NA,NA,NA,NA,NA
cheia_p4,3,yield_2y,11,0.012945988387324697,NA,NA,NA,NA,NA,NA
cheia_p4,3,ibc_br,11,-0.7044235718854155,NA,NA,NA,NA,NA,NA
cheia_p4,3,asset_ibov,11,2.588746519955528,NA,NA,NA,NA,NA,NA
cheia_p4,3,cds_5y,11,59.58666210614686,NA,NA,NA,NA,NA,NA
cheia_p4,3,price_ipca,11,0.32171420130618245,NA,NA,NA,NA,NA,NA
cheia_p4,3,cambio_usd,12,0.38972495097581167,NA,NA,NA,NA,NA,NA
cheia_p4,3,yield_6m,12,0.007117178420737993,NA,NA,NA,NA,NA,NA
cheia_p4,3,yield_2y,12,0.013629483129642803,NA,NA,NA,NA,NA,NA
cheia_p4,3,ibc_br,12,-0.636220985798702,NA,NA,NA,NA,NA,NA
cheia_p4,3,asset_ibov,12,2.6135477998841163,NA,NA,NA,NA,NA,NA
cheia_p4,3,cds_5y,12,57.492929807226886,NA,NA,NA,NA,NA,NA
cheia_p4,3,price_ipca,12,0.28803191802401207,NA,NA,NA,NA,NA,NA
cheia_p4,3,cambio_usd,13,0.35678032282075295,NA,NA,NA,NA,NA,NA
cheia_p4,3,yield_6m,13,0.00828167524769921,NA,NA,NA,NA,NA,NA
cheia_p4,3,yield_2y,13,0.014199633820846852,NA,NA,NA,NA,NA,NA
cheia_p4,3,ibc_br,13,-0.5881890131002183,NA,NA,NA,NA,NA,NA
cheia_p4,3,asset_ibov,13,2.6223682435383115,NA,NA,NA,NA,NA,NA
cheia_p4,3,cds_5y,13,55.42872262557472,NA,NA,NA,NA,NA,NA
cheia_p4,3,price_ipca,13,0.2552820448904339,NA,NA,NA,NA,NA,NA
cheia_p4,3,cambio_usd,14,0.3213473019517626,NA,NA,NA,NA,NA,NA
cheia_p4,3,yield_6m,14,0.009271077693790639,NA,NA,NA,NA,NA,NA
cheia_p4,3,yield_2y,14,0.014546935795909096,NA,NA,NA,NA,NA,NA
cheia_p4,3,ibc_br,14,-0.5330941810159552,NA,NA,NA,NA,NA,NA
cheia_p4,3,asset_ibov,14,2.7282547670462183,NA,NA,NA,NA,NA,NA
cheia_p4,3,cds_5y,14,52.56582498489654,NA,NA,NA,NA,NA,NA
cheia_p4,3,price_ipca,14,0.22357742480885495,NA,NA,NA,NA,NA,NA
cheia_p4,3,cambio_usd,15,0.28658363736535963,NA,NA,NA,NA,NA,NA
cheia_p4,3,yield_6m,15,0.010076628518702654,NA,NA,NA,NA,NA,NA
cheia_p4,3,yield_2y,15,0.014706542524222906,NA,NA,NA,NA,NA,NA
cheia_p4,3,ibc_br,15,-0.5020944714913579,NA,NA,NA,NA,NA,NA
cheia_p4,3,asset_ibov,15,2.86653309353813,NA,NA,NA,NA,NA,NA
cheia_p4,3,cds_5y,15,49.56401200550409,NA,NA,NA,NA,NA,NA
cheia_p4,3,price_ipca,15,0.18970999720240359,NA,NA,NA,NA,NA,NA
cheia_p4,3,cambio_usd,16,0.25277060877901764,NA,NA,NA,NA,NA,NA
cheia_p4,3,yield_6m,16,0.01066903587214359,NA,NA,NA,NA,NA,NA
cheia_p4,3,yield_2y,16,0.014666564712524569,NA,NA,NA,NA,NA,NA
cheia_p4,3,ibc_br,16,-0.4908100034140373,NA,NA,NA,NA,NA,NA
cheia_p4,3,asset_ibov,16,2.965848014919275,NA,NA,NA,NA,NA,NA
cheia_p4,3,cds_5y,16,46.495796410530936,NA,NA,NA,NA,NA,NA
cheia_p4,3,price_ipca,16,0.1549377956710879,NA,NA,NA,NA,NA,NA
cheia_p4,3,cambio_usd,17,0.2183989915038177,NA,NA,NA,NA,NA,NA
cheia_p4,3,yield_6m,17,0.01103299752696374,NA,NA,NA,NA,NA,NA
cheia_p4,3,yield_2y,17,0.014381496717809358,NA,NA,NA,NA,NA,NA
cheia_p4,3,ibc_br,17,-0.4829696564763888,NA,NA,NA,NA,NA,NA
cheia_p4,3,asset_ibov,17,3.100952368187469,NA,NA,NA,NA,NA,NA
cheia_p4,3,cds_5y,17,42.91602623070121,NA,NA,NA,NA,NA,NA
cheia_p4,3,price_ipca,17,0.11959136341487306,NA,NA,NA,NA,NA,NA
cheia_p4,3,cambio_usd,18,0.18452004029052357,NA,NA,NA,NA,NA,NA
cheia_p4,3,yield_6m,18,0.011176025951268084,NA,NA,NA,NA,NA,NA
cheia_p4,3,yield_2y,18,0.013877966599203748,NA,NA,NA,NA,NA,NA
cheia_p4,3,ibc_br,18,-0.48215419602505805,NA,NA,NA,NA,NA,NA
cheia_p4,3,asset_ibov,18,3.22655663932601,NA,NA,NA,NA,NA,NA
cheia_p4,3,cds_5y,18,39.05102439220354,NA,NA,NA,NA,NA,NA
cheia_p4,3,price_ipca,18,0.08286263203205783,NA,NA,NA,NA,NA,NA
cheia_p4,3,cambio_usd,19,0.1518467734492707,NA,NA,NA,NA,NA,NA
cheia_p4,3,yield_6m,19,0.011105409953561908,NA,NA,NA,NA,NA,NA
cheia_p4,3,yield_2y,19,0.013179324153376111,NA,NA,NA,NA,NA,NA
cheia_p4,3,ibc_br,19,-0.4918356961123801,NA,NA,NA,NA,NA,NA
cheia_p4,3,asset_ibov,19,3.308115052219519,NA,NA,NA,NA,NA,NA
cheia_p4,3,cds_5y,19,35.07963727904305,NA,NA,NA,NA,NA,NA
cheia_p4,3,price_ipca,19,0.04508713011813881,NA,NA,NA,NA,NA,NA
cheia_p4,3,cambio_usd,20,0.12004642214220056,NA,NA,NA,NA,NA,NA
cheia_p4,3,yield_6m,20,0.010827712048052596,NA,NA,NA,NA,NA,NA
cheia_p4,3,yield_2y,20,0.012286354937015171,NA,NA,NA,NA,NA,NA
cheia_p4,3,ibc_br,20,-0.5057115879028802,NA,NA,NA,NA,NA,NA
cheia_p4,3,asset_ibov,20,3.3677785279849144,NA,NA,NA,NA,NA,NA
cheia_p4,3,cds_5y,20,30.893362245288824,NA,NA,NA,NA,NA,NA
cheia_p4,3,price_ipca,20,0.006759335511861789,NA,NA,NA,NA,NA,NA
cheia_p4,3,cambio_usd,21,0.08939165405402606,NA,NA,NA,NA,NA,NA
cheia_p4,3,yield_6m,21,0.010359320072687948,NA,NA,NA,NA,NA,NA
cheia_p4,3,yield_2y,21,0.011219979911018488,NA,NA,NA,NA,NA,NA
cheia_p4,3,ibc_br,21,-0.5227047157372854,NA,NA,NA,NA,NA,NA
cheia_p4,3,asset_ibov,21,3.400489046703492,NA,NA,NA,NA,NA,NA
cheia_p4,3,cds_5y,21,26.549930949581118,NA,NA,NA,NA,NA,NA
cheia_p4,3,price_ipca,21,-0.03228332484436415,NA,NA,NA,NA,NA,NA
cheia_p4,3,cambio_usd,22,0.06030190480268881,NA,NA,NA,NA,NA,NA
cheia_p4,3,yield_6m,22,0.009718424542665294,NA,NA,NA,NA,NA,NA
cheia_p4,3,yield_2y,22,0.010008663704985628,NA,NA,NA,NA,NA,NA
cheia_p4,3,ibc_br,22,-0.5438390024275561,NA,NA,NA,NA,NA,NA
cheia_p4,3,asset_ibov,22,3.386948558407049,NA,NA,NA,NA,NA,NA
cheia_p4,3,cds_5y,22,22.17168789462568,NA,NA,NA,NA,NA,NA
cheia_p4,3,price_ipca,22,-0.07159026446860059,NA,NA,NA,NA,NA,NA
cheia_p4,3,cambio_usd,23,0.03278556320852405,NA,NA,NA,NA,NA,NA
cheia_p4,3,yield_6m,23,0.008921869309956405,NA,NA,NA,NA,NA,NA
cheia_p4,3,yield_2y,23,0.008670690144725579,NA,NA,NA,NA,NA,NA
cheia_p4,3,ibc_br,23,-0.5672079777790716,NA,NA,NA,NA,NA,NA
cheia_p4,3,asset_ibov,23,3.331514445017879,NA,NA,NA,NA,NA,NA
cheia_p4,3,cds_5y,23,17.771134565056936,NA,NA,NA,NA,NA,NA
cheia_p4,3,price_ipca,23,-0.1106438015200526,NA,NA,NA,NA,NA,NA
cheia_p4,3,cambio_usd,24,0.006911596993646157,NA,NA,NA,NA,NA,NA
cheia_p4,3,yield_6m,24,0.00798901192455713,NA,NA,NA,NA,NA,NA
cheia_p4,3,yield_2y,24,0.007226673556634206,NA,NA,NA,NA,NA,NA
cheia_p4,3,ibc_br,24,-0.5916496236829901,NA,NA,NA,NA,NA,NA
cheia_p4,3,asset_ibov,24,3.2391326250042765,NA,NA,NA,NA,NA,NA
cheia_p4,3,cds_5y,24,13.374441591942826,NA,NA,NA,NA,NA,NA
cheia_p4,3,price_ipca,24,-0.14924948000579605,NA,NA,NA,NA,NA,NA
cheia_p4,3,cambio_usd,25,-0.0171429464135644,NA,NA,NA,NA,NA,NA
cheia_p4,3,yield_6m,25,0.006940030046053297,NA,NA,NA,NA,NA,NA
cheia_p4,3,yield_2y,25,0.0057014744454641966,NA,NA,NA,NA,NA,NA
cheia_p4,3,ibc_br,25,-0.6170614112823436,NA,NA,NA,NA,NA,NA
cheia_p4,3,asset_ibov,25,3.1037791120235045,NA,NA,NA,NA,NA,NA
cheia_p4,3,cds_5y,25,9.049172010528563,NA,NA,NA,NA,NA,NA
cheia_p4,3,price_ipca,25,-0.18705811461760996,NA,NA,NA,NA,NA,NA
cheia_p4,3,cambio_usd,26,-0.039340469686535505,NA,NA,NA,NA,NA,NA
cheia_p4,3,yield_6m,26,0.0057940103199386325,NA,NA,NA,NA,NA,NA
cheia_p4,3,yield_2y,26,0.0041160051446803075,NA,NA,NA,NA,NA,NA
cheia_p4,3,ibc_br,26,-0.6427502793755033,NA,NA,NA,NA,NA,NA
cheia_p4,3,asset_ibov,26,2.9271240226939486,NA,NA,NA,NA,NA,NA
cheia_p4,3,cds_5y,26,4.828614689661763,NA,NA,NA,NA,NA,NA
cheia_p4,3,price_ipca,26,-0.22365202867889658,NA,NA,NA,NA,NA,NA
cheia_p4,3,cambio_usd,27,-0.05967277596258597,NA,NA,NA,NA,NA,NA
cheia_p4,3,yield_6m,27,0.004569768579321668,NA,NA,NA,NA,NA,NA
cheia_p4,3,yield_2y,27,0.002489534792239565,NA,NA,NA,NA,NA,NA
cheia_p4,3,ibc_br,27,-0.6680257202366174,NA,NA,NA,NA,NA,NA
cheia_p4,3,asset_ibov,27,2.7143420330906673,NA,NA,NA,NA,NA,NA
cheia_p4,3,cds_5y,27,0.7353279785459539,NA,NA,NA,NA,NA,NA
cheia_p4,3,price_ipca,27,-0.2587695637028767,NA,NA,NA,NA,NA,NA
cheia_p4,3,cambio_usd,28,-0.07809605825346483,NA,NA,NA,NA,NA,NA
cheia_p4,3,yield_6m,28,0.003285766845295962,NA,NA,NA,NA,NA,NA
cheia_p4,3,yield_2y,28,8.418835050754646e-4,NA,NA,NA,NA,NA,NA
cheia_p4,3,ibc_br,28,-0.6926482706206518,NA,NA,NA,NA,NA,NA
cheia_p4,3,asset_ibov,28,2.4668567908355987,NA,NA,NA,NA,NA,NA
cheia_p4,3,cds_5y,28,-3.1951190279254233,NA,NA,NA,NA,NA,NA
cheia_p4,3,price_ipca,28,-0.29217283869698996,NA,NA,NA,NA,NA,NA
cheia_p4,3,cambio_usd,29,-0.0946118365299058,NA,NA,NA,NA,NA,NA
cheia_p4,3,yield_6m,29,0.0019592660655685344,NA,NA,NA,NA,NA,NA
cheia_p4,3,yield_2y,29,-8.09097557073339e-4,NA,NA,NA,NA,NA,NA
cheia_p4,3,ibc_br,29,-0.7162740401105443,NA,NA,NA,NA,NA,NA
cheia_p4,3,asset_ibov,29,2.187374929276315,NA,NA,NA,NA,NA,NA
cheia_p4,3,cds_5y,29,-6.937008742984285,NA,NA,NA,NA,NA,NA
cheia_p4,3,price_ipca,29,-0.32359510643817607,NA,NA,NA,NA,NA,NA
cheia_p4,3,cambio_usd,30,-0.10925079889425454,NA,NA,NA,NA,NA,NA
cheia_p4,3,yield_6m,30,0.00060642937900184555,NA,NA,NA,NA,NA,NA
cheia_p4,3,yield_2y,30,-0.0024475980948765797,NA,NA,NA,NA,NA,NA
cheia_p4,3,ibc_br,30,-0.7385426184128671,NA,NA,NA,NA,NA,NA
cheia_p4,3,asset_ibov,30,1.8806836826159277,NA,NA,NA,NA,NA,NA
cheia_p4,3,cds_5y,30,-10.473960735276098,NA,NA,NA,NA,NA,NA
cheia_p4,3,price_ipca,30,-0.35284394872337715,NA,NA,NA,NA,NA,NA
cheia_p4,3,cambio_usd,31,-0.12203833066073234,NA,NA,NA,NA,NA,NA
cheia_p4,3,yield_6m,31,-7.57583608478472e-4,NA,NA,NA,NA,NA,NA
cheia_p4,3,yield_2y,31,-0.004058799573532556,NA,NA,NA,NA,NA,NA
cheia_p4,3,ibc_br,31,-0.7592779595682386,NA,NA,NA,NA,NA,NA
cheia_p4,3,asset_ibov,31,1.5506823164584627,NA,NA,NA,NA,NA,NA
cheia_p4,3,cds_5y,31,-13.788233981892882,NA,NA,NA,NA,NA,NA
cheia_p4,3,price_ipca,31,-0.3797789430826623,NA,NA,NA,NA,NA,NA
cheia_p4,3,cambio_usd,32,-0.1330160937042631,NA,NA,NA,NA,NA,NA
cheia_p4,3,yield_6m,32,-0.002118886374945642,NA,NA,NA,NA,NA,NA
cheia_p4,3,yield_2y,32,-0.005629422670951852,NA,NA,NA,NA,NA,NA
cheia_p4,3,ibc_br,32,-0.7783085630047353,NA,NA,NA,NA,NA,NA
cheia_p4,3,asset_ibov,32,1.2010925631142504,NA,NA,NA,NA,NA,NA
cheia_p4,3,cds_5y,32,-16.865876258234163,NA,NA,NA,NA,NA,NA
cheia_p4,3,price_ipca,32,-0.40426960671935486,NA,NA,NA,NA,NA,NA
cheia_p4,3,cambio_usd,33,-0.1422438716261401,NA,NA,NA,NA,NA,NA
cheia_p4,3,yield_6m,33,-0.0034648653530214004,NA,NA,NA,NA,NA,NA
cheia_p4,3,yield_2y,33,-0.007147956630030402,NA,NA,NA,NA,NA,NA
cheia_p4,3,ibc_br,33,-0.7954585580377084,NA,NA,NA,NA,NA,NA
cheia_p4,3,asset_ibov,33,0.8363560173741725,NA,NA,NA,NA,NA,NA
cheia_p4,3,cds_5y,33,-19.69873266544664,NA,NA,NA,NA,NA,NA
cheia_p4,3,price_ipca,33,-0.42622438210144703,NA,NA,NA,NA,NA,NA
cheia_p4,3,cambio_usd,34,-0.1497843686691255,NA,NA,NA,NA,NA,NA
cheia_p4,3,yield_6m,34,-0.0047840949272442874,NA,NA,NA,NA,NA,NA
cheia_p4,3,yield_2y,34,-0.00860423371643462,NA,NA,NA,NA,NA,NA
cheia_p4,3,ibc_br,34,-0.8106305968867547,NA,NA,NA,NA,NA,NA
cheia_p4,3,asset_ibov,34,0.46066288074344214,NA,NA,NA,NA,NA,NA
cheia_p4,3,cds_5y,34,-22.280362513778627,NA,NA,NA,NA,NA,NA
cheia_p4,3,price_ipca,34,-0.44559343273994345,NA,NA,NA,NA,NA,NA
cheia_p4,3,cambio_usd,35,-0.15570718408250314,NA,NA,NA,NA,NA,NA
cheia_p4,3,yield_6m,35,-0.006066377715014369,NA,NA,NA,NA,NA,NA
cheia_p4,3,yield_2y,35,-0.009989455946268632,NA,NA,NA,NA,NA,NA
cheia_p4,3,ibc_br,35,-0.8237553075415257,NA,NA,NA,NA,NA,NA
cheia_p4,3,asset_ibov,35,0.07786586351985,NA,NA,NA,NA,NA,NA
cheia_p4,3,cds_5y,35,-24.60665611973051,NA,NA,NA,NA,NA,NA
cheia_p4,3,price_ipca,35,-0.4623492227430004,NA,NA,NA,NA,NA,NA
cheia_p4,3,cambio_usd,36,-0.16009140732453048,NA,NA,NA,NA,NA,NA
cheia_p4,3,yield_6m,36,-0.007302727013264464,NA,NA,NA,NA,NA,NA
cheia_p4,3,yield_2y,36,-0.011296270632760322,NA,NA,NA,NA,NA,NA
cheia_p4,3,ibc_br,36,-0.8347660231193055,NA,NA,NA,NA,NA,NA
cheia_p4,3,asset_ibov,36,-0.3081457862001269,NA,NA,NA,NA,NA,NA
cheia_p4,3,cds_5y,36,-26.67694095545582,NA,NA,NA,NA,NA,NA
cheia_p4,3,price_ipca,36,-0.4764892639309289,NA,NA,NA,NA,NA,NA
cheia_p4,3,cambio_usd,37,-0.16301962682403973,NA,NA,NA,NA,NA,NA
cheia_p4,3,yield_6m,37,-0.008485291617028379,NA,NA,NA,NA,NA,NA
cheia_p4,3,yield_2y,37,-0.01251858317270393,NA,NA,NA,NA,NA,NA
cheia_p4,3,ibc_br,37,-0.8436314110825924,NA,NA,NA,NA,NA,NA
cheia_p4,3,asset_ibov,37,-0.693695581352348,NA,NA,NA,NA,NA,NA
cheia_p4,3,cds_5y,37,-28.492537619740602,NA,NA,NA,NA,NA,NA
cheia_p4,3,price_ipca,37,-0.48803903874366394,NA,NA,NA,NA,NA,NA
cheia_p4,3,cambio_usd,38,-0.16457739430971025,NA,NA,NA,NA,NA,NA
cheia_p4,3,yield_6m,38,-0.009607320070502688,NA,NA,NA,NA,NA,NA
cheia_p4,3,yield_2y,38,-0.01365147211152991,NA,NA,NA,NA,NA,NA
cheia_p4,3,ibc_br,38,-0.8503453532815546,NA,NA,NA,NA,NA,NA
cheia_p4,3,asset_ibov,38,-1.0754430893544837,NA,NA,NA,NA,NA,NA
cheia_p4,3,cds_5y,38,-30.056450950347518,NA,NA,NA,NA,NA,NA
cheia_p4,3,price_ipca,38,-0.4970440652652511,NA,NA,NA,NA,NA,NA
cheia_p4,3,cambio_usd,39,-0.16485433858093756,NA,NA,NA,NA,NA,NA
cheia_p4,3,yield_6m,39,-0.010663118925145555,NA,NA,NA,NA,NA,NA
cheia_p4,3,yield_2y,39,-0.014691170111046243,NA,NA,NA,NA,NA,NA
cheia_p4,3,ibc_br,39,-0.8549098951471201,NA,NA,NA,NA,NA,NA
cheia_p4,3,asset_ibov,39,-1.4502610715173025,NA,NA,NA,NA,NA,NA
cheia_p4,3,cds_5y,39,-31.373740430734447,NA,NA,NA,NA,NA,NA
cheia_p4,3,price_ipca,39,-0.5035672440029987,NA,NA,NA,NA,NA,NA
cheia_p4,3,cambio_usd,40,-0.16394191747033224,NA,NA,NA,NA,NA,NA
cheia_p4,3,yield_6m,40,-0.01164798481122066,NA,NA,NA,NA,NA,NA
cheia_p4,3,yield_2y,40,-0.015634956635924874,NA,NA,NA,NA,NA,NA
cheia_p4,3,ibc_br,40,-0.8573447733658823,NA,NA,NA,NA,NA,NA
cheia_p4,3,asset_ibov,40,-1.8152798512525496,NA,NA,NA,NA,NA,NA
cheia_p4,3,cds_5y,40,-32.45100445893642,NA,NA,NA,NA,NA,NA
cheia_p4,3,price_ipca,40,-0.5076889480403102,NA,NA,NA,NA,NA,NA
cheia_p4,3,cambio_usd,41,-0.16193225097226552,NA,NA,NA,NA,NA,NA
cheia_p4,3,yield_6m,41,-0.012558147475148834,NA,NA,NA,NA,NA,NA
cheia_p4,3,yield_2y,41,-0.016481063905066328,NA,NA,NA,NA,NA,NA
cheia_p4,3,ibc_br,41,-0.8576874248530135,NA,NA,NA,NA,NA,NA
cheia_p4,3,asset_ibov,41,-2.1679499236676674,NA,NA,NA,NA,NA,NA
cheia_p4,3,cds_5y,41,-33.29601910497311,NA,NA,NA,NA,NA,NA
cheia_p4,3,price_ipca,41,-0.5095034502228983,NA,NA,NA,NA,NA,NA
cheia_p4,3,cambio_usd,42,-0.15891824745463054,NA,NA,NA,NA,NA,NA
cheia_p4,3,yield_6m,42,-0.013390716739979167,NA,NA,NA,NA,NA,NA
cheia_p4,3,yield_2y,42,-0.017228621595729604,NA,NA,NA,NA,NA,NA
cheia_p4,3,ibc_br,42,-0.855984945257799,NA,NA,NA,NA,NA,NA
cheia_p4,3,asset_ibov,42,-2.50600048508764,NA,NA,NA,NA,NA,NA
cheia_p4,3,cds_5y,42,-33.917770568283835,NA,NA,NA,NA,NA,NA
cheia_p4,3,price_ipca,42,-0.5091161812303591,NA,NA,NA,NA,NA,NA
cheia_p4,3,cambio_usd,43,-0.15499268553960455,NA,NA,NA,NA,NA,NA
cheia_p4,3,yield_6m,43,-0.014143620655259608,NA,NA,NA,NA,NA,NA
cheia_p4,3,yield_2y,43,-0.01787757779115712,NA,NA,NA,NA,NA,NA
cheia_p4,3,ibc_br,43,-0.8522951415879598,NA,NA,NA,NA,NA,NA
cheia_p4,3,asset_ibov,43,-2.82743400730752,NA,NA,NA,NA,NA,NA
cheia_p4,3,cds_5y,43,-34.32623688741787,NA,NA,NA,NA,NA,NA
cheia_p4,3,price_ipca,43,-0.5066425800468602,NA,NA,NA,NA,NA,NA
cheia_p4,3,cambio_usd,44,-0.15024732280490843,NA,NA,NA,NA,NA,NA
cheia_p4,3,yield_6m,44,-0.014815546353847533,NA,NA,NA,NA,NA,NA
cheia_p4,3,yield_2y,44,-0.018428617284231202,NA,NA,NA,NA,NA,NA
cheia_p4,3,ibc_br,44,-0.8466874108357877,NA,NA,NA,NA,NA,NA
cheia_p4,3,asset_ibov,44,-3.1305446247100015,NA,NA,NA,NA,NA,NA
cheia_p4,3,cds_5y,44,-34.53213171417429,NA,NA,NA,NA,NA,NA
cheia_p4,3,price_ipca,44,-0.5022060429330647,NA,NA,NA,NA,NA,NA
cheia_p4,3,cambio_usd,45,-0.14477263674093657,NA,NA,NA,NA,NA,NA
cheia_p4,3,yield_6m,45,-0.015405885101467783,NA,NA,NA,NA,NA,NA
cheia_p4,3,yield_2y,45,-0.018883098163344766,NA,NA,NA,NA,NA,NA
cheia_p4,3,ibc_br,45,-0.8392394298421393,NA,NA,NA,NA,NA,NA
cheia_p4,3,asset_ibov,45,-3.41389906285888,NA,NA,NA,NA,NA,NA
cheia_p4,3,cds_5y,45,-34.54682092937764,NA,NA,NA,NA,NA,NA
cheia_p4,3,price_ipca,45,-0.495935874868348,NA,NA,NA,NA,NA,NA
cheia_p4,3,cambio_usd,46,-0.1386573501734278,NA,NA,NA,NA,NA,NA
cheia_p4,3,yield_6m,46,-0.015914675789103848,NA,NA,NA,NA,NA,NA
cheia_p4,3,yield_2y,46,-0.01924298563037323,NA,NA,NA,NA,NA,NA
cheia_p4,3,ibc_br,46,-0.8300361458850892,NA,NA,NA,NA,NA,NA
cheia_p4,3,asset_ibov,46,-3.676320237792817,NA,NA,NA,NA,NA,NA
cheia_p4,3,cds_5y,46,-34.382195643099514,NA,NA,NA,NA,NA,NA
cheia_p4,3,price_ipca,46,-0.48796597285851717,NA,NA,NA,NA,NA,NA
cheia_p4,3,cambio_usd,47,-0.13198786379578764,NA,NA,NA,NA,NA,NA
cheia_p4,3,yield_6m,47,-0.016342549558252747,NA,NA,NA,NA,NA,NA
cheia_p4,3,yield_2y,47,-0.019510783688389072,NA,NA,NA,NA,NA,NA
cheia_p4,3,ibc_br,47,-0.8191698150419723,NA,NA,NA,NA,NA,NA
cheia_p4,3,asset_ibov,47,-3.9168838743553973,NA,NA,NA,NA,NA,NA
cheia_p4,3,cds_5y,47,-34.05050600808862,NA,NA,NA,NA,NA,NA
cheia_p4,3,price_ipca,47,-0.4784334128900681,NA,NA,NA,NA,NA,NA
cheia_p4,3,cambio_usd,48,-0.1248479429738758,NA,NA,NA,NA,NA,NA
cheia_p4,3,yield_6m,48,-0.01669067740984801,NA,NA,NA,NA,NA,NA
cheia_p4,3,yield_2y,48,-0.019689474910521223,NA,NA,NA,NA,NA,NA
cheia_p4,3,ibc_br,48,-0.8067384944628914,NA,NA,NA,NA,NA,NA
cheia_p4,3,asset_ibov,48,-4.1349038874887185,NA,NA,NA,NA,NA,NA
cheia_p4,3,cds_5y,48,-33.564259018831834,NA,NA,NA,NA,NA,NA
cheia_p4,3,price_ipca,48,-0.46747700333420705,NA,NA,NA,NA,NA,NA
cheia_p4,2,cambio_usd,0,0.45285606953434,NA,NA,NA,NA,NA,NA
cheia_p4,2,yield_6m,0,0.005,NA,NA,NA,NA,NA,NA
cheia_p4,2,yield_2y,0,0.015037260079097595,NA,NA,NA,NA,NA,NA
cheia_p4,2,ibc_br,0,-2.5685759907040215,NA,NA,NA,NA,NA,NA
cheia_p4,2,asset_ibov,0,-23.414293124555343,NA,NA,NA,NA,NA,NA
cheia_p4,2,cds_5y,0,118.92188324842856,NA,NA,NA,NA,NA,NA
cheia_p4,2,price_ipca,0,0.10850229366275803,NA,NA,NA,NA,NA,NA
cheia_p4,2,cambio_usd,1,0.7327703455077077,NA,NA,NA,NA,NA,NA
cheia_p4,2,yield_6m,1,0.007051422426253955,NA,NA,NA,NA,NA,NA
cheia_p4,2,yield_2y,1,0.01857344265896012,NA,NA,NA,NA,NA,NA
cheia_p4,2,ibc_br,1,-4.024298868921617,NA,NA,NA,NA,NA,NA
cheia_p4,2,asset_ibov,1,-5.362547124436175,NA,NA,NA,NA,NA,NA
cheia_p4,2,cds_5y,1,132.68936709846392,NA,NA,NA,NA,NA,NA
cheia_p4,2,price_ipca,1,-0.02318444681471395,NA,NA,NA,NA,NA,NA
cheia_p4,2,cambio_usd,2,0.7627516325118533,NA,NA,NA,NA,NA,NA
cheia_p4,2,yield_6m,2,0.00599319037808287,NA,NA,NA,NA,NA,NA
cheia_p4,2,yield_2y,2,0.016867001056119716,NA,NA,NA,NA,NA,NA
cheia_p4,2,ibc_br,2,-3.4210826471350946,NA,NA,NA,NA,NA,NA
cheia_p4,2,asset_ibov,2,5.35839623525408,NA,NA,NA,NA,NA,NA
cheia_p4,2,cds_5y,2,111.38249151668077,NA,NA,NA,NA,NA,NA
cheia_p4,2,price_ipca,2,0.042636717501564815,NA,NA,NA,NA,NA,NA
cheia_p4,2,cambio_usd,3,0.7571668080619958,NA,NA,NA,NA,NA,NA
cheia_p4,2,yield_6m,3,0.005093817208796765,NA,NA,NA,NA,NA,NA
cheia_p4,2,yield_2y,3,0.01624010201217268,NA,NA,NA,NA,NA,NA
cheia_p4,2,ibc_br,3,-2.9884175158423654,NA,NA,NA,NA,NA,NA
cheia_p4,2,asset_ibov,3,5.880743369612692,NA,NA,NA,NA,NA,NA
cheia_p4,2,cds_5y,3,105.72541010494314,NA,NA,NA,NA,NA,NA
cheia_p4,2,price_ipca,3,0.17060057732309747,NA,NA,NA,NA,NA,NA
cheia_p4,2,cambio_usd,4,0.7022322087460455,NA,NA,NA,NA,NA,NA
cheia_p4,2,yield_6m,4,0.0033832910848925002,NA,NA,NA,NA,NA,NA
cheia_p4,2,yield_2y,4,0.015010957971714532,NA,NA,NA,NA,NA,NA
cheia_p4,2,ibc_br,4,-2.115405526702538,NA,NA,NA,NA,NA,NA
cheia_p4,2,asset_ibov,4,2.643068177098098,NA,NA,NA,NA,NA,NA
cheia_p4,2,cds_5y,4,97.25420676910852,NA,NA,NA,NA,NA,NA
cheia_p4,2,price_ipca,4,0.44757625787363287,NA,NA,NA,NA,NA,NA
cheia_p4,2,cambio_usd,5,0.6403744643696728,NA,NA,NA,NA,NA,NA
cheia_p4,2,yield_6m,5,0.0026678190163897477,NA,NA,NA,NA,NA,NA
cheia_p4,2,yield_2y,5,0.013320890614451802,NA,NA,NA,NA,NA,NA
cheia_p4,2,ibc_br,5,-1.760822658073383,NA,NA,NA,NA,NA,NA
cheia_p4,2,asset_ibov,5,4.216447595650082,NA,NA,NA,NA,NA,NA
cheia_p4,2,cds_5y,5,84.1436655968427,NA,NA,NA,NA,NA,NA
cheia_p4,2,price_ipca,5,0.49525931218127606,NA,NA,NA,NA,NA,NA
cheia_p4,2,cambio_usd,6,0.6096866761723293,NA,NA,NA,NA,NA,NA
cheia_p4,2,yield_6m,6,0.0027499949081113283,NA,NA,NA,NA,NA,NA
cheia_p4,2,yield_2y,6,0.0128797277598195,NA,NA,NA,NA,NA,NA
cheia_p4,2,ibc_br,6,-1.526401932043182,NA,NA,NA,NA,NA,NA
cheia_p4,2,asset_ibov,6,4.173652912451138,NA,NA,NA,NA,NA,NA
cheia_p4,2,cds_5y,6,78.99695526738951,NA,NA,NA,NA,NA,NA
cheia_p4,2,price_ipca,6,0.4689345534275951,NA,NA,NA,NA,NA,NA
cheia_p4,2,cambio_usd,7,0.570178073746096,NA,NA,NA,NA,NA,NA
cheia_p4,2,yield_6m,7,0.0032275657140159015,NA,NA,NA,NA,NA,NA
cheia_p4,2,yield_2y,7,0.012959315617972221,NA,NA,NA,NA,NA,NA
cheia_p4,2,ibc_br,7,-1.187802845031073,NA,NA,NA,NA,NA,NA
cheia_p4,2,asset_ibov,7,2.927372240095578,NA,NA,NA,NA,NA,NA
cheia_p4,2,cds_5y,7,75.06231535946965,NA,NA,NA,NA,NA,NA
cheia_p4,2,price_ipca,7,0.474122532753855,NA,NA,NA,NA,NA,NA
cheia_p4,2,cambio_usd,8,0.5243915381175883,NA,NA,NA,NA,NA,NA
cheia_p4,2,yield_6m,8,0.004095014345493657,NA,NA,NA,NA,NA,NA
cheia_p4,2,yield_2y,8,0.013078440896514519,NA,NA,NA,NA,NA,NA
cheia_p4,2,ibc_br,8,-0.9652105236331286,NA,NA,NA,NA,NA,NA
cheia_p4,2,asset_ibov,8,3.2579941866102855,NA,NA,NA,NA,NA,NA
cheia_p4,2,cds_5y,8,69.29893325318277,NA,NA,NA,NA,NA,NA
cheia_p4,2,price_ipca,8,0.46418292628525787,NA,NA,NA,NA,NA,NA
cheia_p4,2,cambio_usd,9,0.4930598030042427,NA,NA,NA,NA,NA,NA
cheia_p4,2,yield_6m,9,0.005213170245741001,NA,NA,NA,NA,NA,NA
cheia_p4,2,yield_2y,9,0.013625116218792244,NA,NA,NA,NA,NA,NA
cheia_p4,2,ibc_br,9,-0.8538787401378596,NA,NA,NA,NA,NA,NA
cheia_p4,2,asset_ibov,9,3.178305268944742,NA,NA,NA,NA,NA,NA
cheia_p4,2,cds_5y,9,66.92110132364326,NA,NA,NA,NA,NA,NA
cheia_p4,2,price_ipca,9,0.42531639682895256,NA,NA,NA,NA,NA,NA
cheia_p4,2,cambio_usd,10,0.4587448651287987,NA,NA,NA,NA,NA,NA
cheia_p4,2,yield_6m,10,0.006435175849963044,NA,NA,NA,NA,NA,NA
cheia_p4,2,yield_2y,10,0.014272954278645689,NA,NA,NA,NA,NA,NA
cheia_p4,2,ibc_br,10,-0.7315252848901074,NA,NA,NA,NA,NA,NA
cheia_p4,2,asset_ibov,10,2.979997140499299,NA,NA,NA,NA,NA,NA
cheia_p4,2,cds_5y,10,64.58809161243722,NA,NA,NA,NA,NA,NA
cheia_p4,2,price_ipca,10,0.3950982887557181,NA,NA,NA,NA,NA,NA
cheia_p4,2,cambio_usd,11,0.42104936798848436,NA,NA,NA,NA,NA,NA
cheia_p4,2,yield_6m,11,0.007670496050508067,NA,NA,NA,NA,NA,NA
cheia_p4,2,yield_2y,11,0.014873509766448363,NA,NA,NA,NA,NA,NA
cheia_p4,2,ibc_br,11,-0.5955103558004151,NA,NA,NA,NA,NA,NA
cheia_p4,2,asset_ibov,11,2.9848289343242316,NA,NA,NA,NA,NA,NA
cheia_p4,2,cds_5y,11,61.49868040417971,NA,NA,NA,NA,NA,NA
cheia_p4,2,price_ipca,11,0.37000981164208613,NA,NA,NA,NA,NA,NA
cheia_p4,2,cambio_usd,12,0.38797637888790826,NA,NA,NA,NA,NA,NA
cheia_p4,2,yield_6m,12,0.008887345159098977,NA,NA,NA,NA,NA,NA
cheia_p4,2,yield_2y,12,0.015481731896466377,NA,NA,NA,NA,NA,NA
cheia_p4,2,ibc_br,12,-0.5305644889350668,NA,NA,NA,NA,NA,NA
cheia_p4,2,asset_ibov,12,3.042213415721443,NA,NA,NA,NA,NA,NA
cheia_p4,2,cds_5y,12,59.277747466234096,NA,NA,NA,NA,NA,NA
cheia_p4,2,price_ipca,12,0.33461417838629237,NA,NA,NA,NA,NA,NA
cheia_p4,2,cambio_usd,13,0.35530171750723427,NA,NA,NA,NA,NA,NA
cheia_p4,2,yield_6m,13,0.009986778718805569,NA,NA,NA,NA,NA,NA
cheia_p4,2,yield_2y,13,0.015983532227880733,NA,NA,NA,NA,NA,NA
cheia_p4,2,ibc_br,13,-0.4834986647040414,NA,NA,NA,NA,NA,NA
cheia_p4,2,asset_ibov,13,3.0717170892623122,NA,NA,NA,NA,NA,NA
cheia_p4,2,cds_5y,13,57.08678286269602,NA,NA,NA,NA,NA,NA
cheia_p4,2,price_ipca,13,0.30045375266903435,NA,NA,NA,NA,NA,NA
cheia_p4,2,cambio_usd,14,0.32037998526443795,NA,NA,NA,NA,NA,NA
cheia_p4,2,yield_6m,14,0.010918879094588675,NA,NA,NA,NA,NA,NA
cheia_p4,2,yield_2y,14,0.016275439342625077,NA,NA,NA,NA,NA,NA
cheia_p4,2,ibc_br,14,-0.43154003125825413,NA,NA,NA,NA,NA,NA
cheia_p4,2,asset_ibov,14,3.1897629863215045,NA,NA,NA,NA,NA,NA
cheia_p4,2,cds_5y,14,54.17038145145187,NA,NA,NA,NA,NA,NA
cheia_p4,2,price_ipca,14,0.2675235259956727,NA,NA,NA,NA,NA,NA
cheia_p4,2,cambio_usd,15,0.2861908923013664,NA,NA,NA,NA,NA,NA
cheia_p4,2,yield_6m,15,0.011673394087966192,NA,NA,NA,NA,NA,NA
cheia_p4,2,yield_2y,15,0.016387232999062095,NA,NA,NA,NA,NA,NA
cheia_p4,2,ibc_br,15,-0.40364433134762856,NA,NA,NA,NA,NA,NA
cheia_p4,2,asset_ibov,15,3.335673821105644,NA,NA,NA,NA,NA,NA
cheia_p4,2,cds_5y,15,51.14000646215071,NA,NA,NA,NA,NA,NA
cheia_p4,2,price_ipca,15,0.23234128570225512,NA,NA,NA,NA,NA,NA
cheia_p4,2,cambio_usd,16,0.25282995755732807,NA,NA,NA,NA,NA,NA
cheia_p4,2,yield_6m,16,0.012221766790256008,NA,NA,NA,NA,NA,NA
cheia_p4,2,yield_2y,16,0.016305574473770554,NA,NA,NA,NA,NA,NA
cheia_p4,2,ibc_br,16,-0.3936795683668781,NA,NA,NA,NA,NA,NA
cheia_p4,2,asset_ibov,16,3.441574000836302,NA,NA,NA,NA,NA,NA
cheia_p4,2,cds_5y,16,48.031832269963964,NA,NA,NA,NA,NA,NA
cheia_p4,2,price_ipca,16,0.19647309241651434,NA,NA,NA,NA,NA,NA
cheia_p4,2,cambio_usd,17,0.21894960887925818,NA,NA,NA,NA,NA,NA
cheia_p4,2,yield_6m,17,0.012549497984288989,NA,NA,NA,NA,NA,NA
cheia_p4,2,yield_2y,17,0.015988893129150743,NA,NA,NA,NA,NA,NA
cheia_p4,2,ibc_br,17,-0.3870176291348353,NA,NA,NA,NA,NA,NA
cheia_p4,2,asset_ibov,17,3.575056551261773,NA,NA,NA,NA,NA,NA
cheia_p4,2,cds_5y,17,44.4446294352854,NA,NA,NA,NA,NA,NA
cheia_p4,2,price_ipca,17,0.160214195728618,NA,NA,NA,NA,NA,NA
cheia_p4,2,cambio_usd,18,0.18558595608716222,NA,NA,NA,NA,NA,NA
cheia_p4,2,yield_6m,18,0.012663264291354582,NA,NA,NA,NA,NA,NA
cheia_p4,2,yield_2y,18,0.015461627969878879,NA,NA,NA,NA,NA,NA
cheia_p4,2,ibc_br,18,-0.3878526741817813,NA,NA,NA,NA,NA,NA
cheia_p4,2,asset_ibov,18,3.6970736954858294,NA,NA,NA,NA,NA,NA
cheia_p4,2,cds_5y,18,40.59524302142369,NA,NA,NA,NA,NA,NA
cheia_p4,2,price_ipca,18,0.1226685268500159,NA,NA,NA,NA,NA,NA
cheia_p4,2,cambio_usd,19,0.15336868693849104,NA,NA,NA,NA,NA,NA
cheia_p4,2,yield_6m,19,0.01256920013580631,NA,NA,NA,NA,NA,NA
cheia_p4,2,yield_2y,19,0.014744533082993274,NA,NA,NA,NA,NA,NA
cheia_p4,2,ibc_br,19,-0.3987273622176876,NA,NA,NA,NA,NA,NA
cheia_p4,2,asset_ibov,19,3.7752538965975484,NA,NA,NA,NA,NA,NA
cheia_p4,2,cds_5y,19,36.6404011422828,NA,NA,NA,NA,NA,NA
cheia_p4,2,price_ipca,19,0.08418267958438103,NA,NA,NA,NA,NA,NA
cheia_p4,2,cambio_usd,20,0.12198086867398822,NA,NA,NA,NA,NA,NA
cheia_p4,2,yield_6m,20,0.012273557427665935,NA,NA,NA,NA,NA,NA
cheia_p4,2,yield_2y,20,0.013838382364855389,NA,NA,NA,NA,NA,NA
cheia_p4,2,ibc_br,20,-0.4136188067840467,NA,NA,NA,NA,NA,NA
cheia_p4,2,asset_ibov,20,3.8305024438208704,NA,NA,NA,NA,NA,NA
cheia_p4,2,cds_5y,20,32.476925840723865,NA,NA,NA,NA,NA,NA
cheia_p4,2,price_ipca,20,0.04522690735163365,NA,NA,NA,NA,NA,NA
cheia_p4,2,cambio_usd,21,0.091711001882433807,NA,NA,NA,NA,NA,NA
cheia_p4,2,yield_6m,21,0.011791876140909652,NA,NA,NA,NA,NA,NA
cheia_p4,2,yield_2y,21,0.012763527005228287,NA,NA,NA,NA,NA,NA
cheia_p4,2,ibc_br,21,-0.4317535632698397,NA,NA,NA,NA,NA,NA
cheia_p4,2,asset_ibov,21,3.8574590248750056,NA,NA,NA,NA,NA,NA
cheia_p4,2,cds_5y,21,28.165737669261258,NA,NA,NA,NA,NA,NA
cheia_p4,2,price_ipca,21,0.005648648807023716,NA,NA,NA,NA,NA,NA
cheia_p4,2,cambio_usd,22,0.06295398725171983,NA,NA,NA,NA,NA,NA
cheia_p4,2,yield_6m,22,0.01114132348166486,NA,NA,NA,NA,NA,NA
cheia_p4,2,yield_2y,22,0.011546690537996673,NA,NA,NA,NA,NA,NA
cheia_p4,2,ibc_br,22,-0.45403521821870374,NA,NA,NA,NA,NA,NA
cheia_p4,2,asset_ibov,22,3.8386816812221816,NA,NA,NA,NA,NA,NA
cheia_p4,2,cds_5y,22,23.820302121146465,NA,NA,NA,NA,NA,NA
cheia_p4,2,price_ipca,22,-0.034137891049793936,NA,NA,NA,NA,NA,NA
cheia_p4,2,cambio_usd,23,0.03571442420040349,NA,NA,NA,NA,NA,NA
cheia_p4,2,yield_6m,23,0.010338015371092081,NA,NA,NA,NA,NA,NA
cheia_p4,2,yield_2y,23,0.010205257407353861,NA,NA,NA,NA,NA,NA
cheia_p4,2,ibc_br,23,-0.47851954833603655,NA,NA,NA,NA,NA,NA
cheia_p4,2,asset_ibov,23,3.7787177145015436,NA,NA,NA,NA,NA,NA
cheia_p4,2,cds_5y,23,19.450556337226512,NA,NA,NA,NA,NA,NA
cheia_p4,2,price_ipca,23,-0.07364392203684388,NA,NA,NA,NA,NA,NA
cheia_p4,2,cambio_usd,24,0.010070887819537992,NA,NA,NA,NA,NA,NA
cheia_p4,2,yield_6m,24,0.00940061236774037,NA,NA,NA,NA,NA,NA
cheia_p4,2,yield_2y,24,0.008759358429022996,NA,NA,NA,NA,NA,NA
cheia_p4,2,ibc_br,24,-0.5041304205441792,NA,NA,NA,NA,NA,NA
cheia_p4,2,asset_ibov,24,3.681756483628982,NA,NA,NA,NA,NA,NA
cheia_p4,2,cds_5y,24,15.08437381253436,NA,NA,NA,NA,NA,NA
cheia_p4,2,price_ipca,24,-0.11268065096459054,NA,NA,NA,NA,NA,NA
cheia_p4,2,cambio_usd,25,-0.01380298691913384,NA,NA,NA,NA,NA,NA
cheia_p4,2,yield_6m,25,0.008348550960013103,NA,NA,NA,NA,NA,NA
cheia_p4,2,yield_2y,25,0.0072329452969371105,NA,NA,NA,NA,NA,NA
cheia_p4,2,ibc_br,25,-0.5307772422783487,NA,NA,NA,NA,NA,NA
cheia_p4,2,asset_ibov,25,3.542311847722467,NA,NA,NA,NA,NA,NA
cheia_p4,2,cds_5y,25,10.786689198216932,NA,NA,NA,NA,NA,NA
cheia_p4,2,price_ipca,25,-0.15091243851406627,NA,NA,NA,NA,NA,NA
cheia_p4,2,cambio_usd,26,-0.03587010793267132,NA,NA,NA,NA,NA,NA
cheia_p4,2,yield_6m,26,0.00720028296249579,NA,NA,NA,NA,NA,NA
cheia_p4,2,yield_2y,26,0.005646194347614363,NA,NA,NA,NA,NA,NA
cheia_p4,2,ibc_br,26,-0.5577451270742033,NA,NA,NA,NA,NA,NA
cheia_p4,2,asset_ibov,26,3.3622795286998373,NA,NA,NA,NA,NA,NA
cheia_p4,2,cds_5y,26,6.588876197182753,NA,NA,NA,NA,NA,NA
cheia_p4,2,price_ipca,26,-0.18794219980901278,NA,NA,NA,NA,NA,NA
cheia_p4,2,cambio_usd,27,-0.056117495387234165,NA,NA,NA,NA,NA,NA
cheia_p4,2,yield_6m,27,0.005974098118731987,NA,NA,NA,NA,NA,NA
cheia_p4,2,yield_2y,27,0.004017925013891271,NA,NA,NA,NA,NA,NA
cheia_p4,2,ibc_br,27,-0.5843593882708477,NA,NA,NA,NA,NA,NA
cheia_p4,2,asset_ibov,27,3.1465428267601916,NA,NA,NA,NA,NA,NA
cheia_p4,2,cds_5y,27,2.5136056550602777,NA,NA,NA,NA,NA,NA
cheia_p4,2,price_ipca,27,-0.22351779912964534,NA,NA,NA,NA,NA,NA
cheia_p4,2,cambio_usd,28,-0.07449920170724952,NA,NA,NA,NA,NA,NA
cheia_p4,2,yield_6m,28,0.00468796724420592,NA,NA,NA,NA,NA,NA
cheia_p4,2,yield_2y,28,0.002367492949976653,NA,NA,NA,NA,NA,NA
cheia_p4,2,ibc_br,28,-0.6103811588038973,NA,NA,NA,NA,NA,NA
cheia_p4,2,asset_ibov,28,2.8964613217239243,NA,NA,NA,NA,NA,NA
cheia_p4,2,cds_5y,28,-1.4041268211507734,NA,NA,NA,NA,NA,NA
cheia_p4,2,price_ipca,28,-0.2574049582896027,NA,NA,NA,NA,NA,NA
cheia_p4,2,cambio_usd,29,-0.09101469976108614,NA,NA,NA,NA,NA,NA
cheia_p4,2,yield_6m,29,0.0033587346367679656,NA,NA,NA,NA,NA,NA
cheia_p4,2,yield_2y,29,7.123303810857426e-4,NA,NA,NA,NA,NA,NA
cheia_p4,2,ibc_br,29,-0.6354611187232941,NA,NA,NA,NA,NA,NA
cheia_p4,2,asset_ibov,29,2.6147913448169624,NA,NA,NA,NA,NA,NA
cheia_p4,2,cds_5y,29,-5.139328135941924,NA,NA,NA,NA,NA,NA
cheia_p4,2,price_ipca,29,-0.2893451994535869,NA,NA,NA,NA,NA,NA
cheia_p4,2,cambio_usd,30,-0.10569082658363296,NA,NA,NA,NA,NA,NA
cheia_p4,2,yield_6m,30,0.002002229474031865,NA,NA,NA,NA,NA,NA
cheia_p4,2,yield_2y,30,-9.320275036009916e-4,NA,NA,NA,NA,NA,NA
cheia_p4,2,ibc_br,30,-0.6592381790539886,NA,NA,NA,NA,NA,NA
cheia_p4,2,asset_ibov,30,2.306185353622033,NA,NA,NA,NA,NA,NA
cheia_p4,2,cds_5y,30,-8.6756227860186,NA,NA,NA,NA,NA,NA
cheia_p4,2,price_ipca,30,-0.3191510909198251,NA,NA,NA,NA,NA,NA
cheia_p4,2,cambio_usd,31,-0.11854965041275767,NA,NA,NA,NA,NA,NA
cheia_p4,2,yield_6m,31,6.33333761710947e-4,NA,NA,NA,NA,NA,NA
cheia_p4,2,yield_2y,31,-0.0025509741675812533,NA,NA,NA,NA,NA,NA
cheia_p4,2,ibc_br,31,-0.6815307431169345,NA,NA,NA,NA,NA,NA
cheia_p4,2,asset_ibov,31,1.9744033244935062,NA,NA,NA,NA,NA,NA
cheia_p4,2,cds_5y,31,-11.995228678343315,NA,NA,NA,NA,NA,NA
cheia_p4,2,price_ipca,31,-0.346682749472638,NA,NA,NA,NA,NA,NA
cheia_p4,2,cambio_usd,32,-0.12962983547576495,NA,NA,NA,NA,NA,NA
cheia_p4,2,yield_6m,32,-7.342857854224767e-4,NA,NA,NA,NA,NA,NA
cheia_p4,2,yield_2y,32,-0.004131400148086327,NA,NA,NA,NA,NA,NA
cheia_p4,2,ibc_br,32,-0.7021614510987739,NA,NA,NA,NA,NA,NA
cheia_p4,2,asset_ibov,32,1.6231091426536222,NA,NA,NA,NA,NA,NA
cheia_p4,2,cds_5y,32,-15.084225082788485,NA,NA,NA,NA,NA,NA
cheia_p4,2,price_ipca,32,-0.37181050761110135,NA,NA,NA,NA,NA,NA
cheia_p4,2,cambio_usd,33,-0.13898757763198594,NA,NA,NA,NA,NA,NA
cheia_p4,2,yield_6m,33,-0.0020881775931207804,NA,NA,NA,NA,NA,NA
cheia_p4,2,yield_2y,33,-0.005661891165465365,NA,NA,NA,NA,NA,NA
cheia_p4,2,ibc_br,33,-0.7209507763384211,NA,NA,NA,NA,NA,NA
cheia_p4,2,asset_ibov,33,1.2566506006818061,NA,NA,NA,NA,NA,NA
cheia_p4,2,cds_5y,33,-17.93423727586812,NA,NA,NA,NA,NA,NA
cheia_p4,2,price_ipca,33,-0.3944430347935536,NA,NA,NA,NA,NA,NA
cheia_p4,2,cambio_usd,34,-0.14668219278852992,NA,NA,NA,NA,NA,NA
cheia_p4,2,yield_6m,34,-0.0034170313009796037,NA,NA,NA,NA,NA,NA
cheia_p4,2,yield_2y,34,-0.007132324474840956,NA,NA,NA,NA,NA,NA
cheia_p4,2,ibc_br,34,-0.7377958348875415,NA,NA,NA,NA,NA,NA
cheia_p4,2,asset_ibov,34,0.8791149350493499,NA,NA,NA,NA,NA,NA
cheia_p4,2,cds_5y,34,-20.538526083908035,NA,NA,NA,NA,NA,NA
cheia_p4,2,price_ipca,34,-0.4145286964662187,NA,NA,NA,NA,NA,NA
cheia_p4,2,cambio_usd,35,-0.15278017950964,NA,NA,NA,NA,NA,NA
cheia_p4,2,yield_6m,35,-0.004710723457140088,NA,NA,NA,NA,NA,NA
cheia_p4,2,yield_2y,35,-0.008533911604343854,NA,NA,NA,NA,NA,NA
cheia_p4,2,ibc_br,35,-0.7526209443700375,NA,NA,NA,NA,NA,NA
cheia_p4,2,asset_ibov,35,0.4942830984116557,NA,NA,NA,NA,NA,NA
cheia_p4,2,cds_5y,35,-22.892693362403207,NA,NA,NA,NA,NA,NA
cheia_p4,2,price_ipca,35,-0.4320374436476129,NA,NA,NA,NA,NA,NA
cheia_p4,2,cambio_usd,36,-0.15735743068143496,NA,NA,NA,NA,NA,NA
cheia_p4,2,yield_6m,36,-0.005960302729240389,NA,NA,NA,NA,NA,NA
cheia_p4,2,yield_2y,36,-0.009859269486225642,NA,NA,NA,NA,NA,NA
cheia_p4,2,ibc_br,36,-0.7653549368114577,NA,NA,NA,NA,NA,NA
cheia_p4,2,asset_ibov,36,0.10597855739511518,NA,NA,NA,NA,NA,NA
cheia_p4,2,cds_5y,36,-24.995692266156304,NA,NA,NA,NA,NA,NA
cheia_p4,2,price_ipca,36,-0.44696409871667214,NA,NA,NA,NA,NA,NA
cheia_p4,2,cambio_usd,37,-0.16049346957954197,NA,NA,NA,NA,NA,NA
cheia_p4,2,yield_6m,37,-0.0071579214740871986,NA,NA,NA,NA,NA,NA
cheia_p4,2,yield_2y,37,-0.011102241285986745,NA,NA,NA,NA,NA,NA
cheia_p4,2,ibc_br,37,-0.7759617484986779,NA,NA,NA,NA,NA,NA
cheia_p4,2,asset_ibov,37,-0.28218523916709587,NA,NA,NA,NA,NA,NA
cheia_p4,2,cds_5y,37,-26.848426789191663,NA,NA,NA,NA,NA,NA
cheia_p4,2,price_ipca,37,-0.45933074008972696,NA,NA,NA,NA,NA,NA
cheia_p4,2,cambio_usd,38,-0.16227103287969805,NA,NA,NA,NA,NA,NA
cheia_p4,2,yield_6m,38,-0.00829680493724624,NA,NA,NA,NA,NA,NA
cheia_p4,2,yield_2y,38,-0.012257820772242786,NA,NA,NA,NA,NA,NA
cheia_p4,2,ibc_br,38,-0.7844299768772252,NA,NA,NA,NA,NA,NA
cheia_p4,2,asset_ibov,38,-0.6669150546549436,NA,NA,NA,NA,NA,NA
cheia_p4,2,cds_5y,38,-28.45349156836447,NA,NA,NA,NA,NA,NA
cheia_p4,2,price_ipca,38,-0.4691790542299565,NA,NA,NA,NA,NA,NA
cheia_p4,2,cambio_usd,39,-0.16277703492011436,NA,NA,NA,NA,NA,NA
cheia_p4,2,yield_6m,39,-0.009371212687351603,NA,NA,NA,NA,NA,NA
cheia_p4,2,yield_2y,39,-0.013322134782955929,NA,NA,NA,NA,NA,NA
cheia_p4,2,ibc_br,39,-0.7907572278122563,NA,NA,NA,NA,NA,NA
cheia_p4,2,asset_ibov,39,-1.0451198441214133,NA,NA,NA,NA,NA,NA
cheia_p4,2,cds_5y,39,-29.815515132834143,NA,NA,NA,NA,NA,NA
cheia_p4,2,price_ipca,39,-0.47656803633563355,NA,NA,NA,NA,NA,NA
cheia_p4,2,cambio_usd,40,-0.16210035587261182,NA,NA,NA,NA,NA,NA
cheia_p4,2,yield_6m,40,-0.010376374997868325,NA,NA,NA,NA,NA,NA
cheia_p4,2,yield_2y,40,-0.01429234004281129,NA,NA,NA,NA,NA,NA
cheia_p4,2,ibc_br,40,-0.7949591696043955,NA,NA,NA,NA,NA,NA
cheia_p4,2,asset_ibov,40,-1.4139590087015752,NA,NA,NA,NA,NA,NA
cheia_p4,2,cds_5y,40,-30.940652520840427,NA,NA,NA,NA,NA,NA
cheia_p4,2,price_ipca,40,-0.48157400616321516,NA,NA,NA,NA,NA,NA
cheia_p4,2,cambio_usd,41,-0.16033074892535726,NA,NA,NA,NA,NA,NA
cheia_p4,2,yield_6m,41,-0.011308439585313102,NA,NA,NA,NA,NA,NA
cheia_p4,2,yield_2y,41,-0.015166534582249485,NA,NA,NA,NA,NA,NA
cheia_p4,2,ibc_br,41,-0.7970690456975509,NA,NA,NA,NA,NA,NA
cheia_p4,2,asset_ibov,41,-1.77090135514683,NA,NA,NA,NA,NA,NA
cheia_p4,2,cds_5y,41,-31.83624934763111,NA,NA,NA,NA,NA,NA
cheia_p4,2,price_ipca,41,-0.48428709774755513,NA,NA,NA,NA,NA,NA
cheia_p4,2,cambio_usd,42,-0.1575589182634925,NA,NA,NA,NA,NA,NA
cheia_p4,2,yield_6m,42,-0.012164421208214605,NA,NA,NA,NA,NA,NA
cheia_p4,2,yield_2y,42,-0.015943704646695186,NA,NA,NA,NA,NA,NA
cheia_p4,2,ibc_br,42,-0.7971300852630627,NA,NA,NA,NA,NA,NA
cheia_p4,2,asset_ibov,42,-2.113685305360701,NA,NA,NA,NA,NA,NA
cheia_p4,2,cds_5y,42,-32.51086848753367,NA,NA,NA,NA,NA,NA
cheia_p4,2,price_ipca,42,-0.4848086685015378,NA,NA,NA,NA,NA,NA
cheia_p4,2,cambio_usd,43,-0.15387559080700408,NA,NA,NA,NA,NA,NA
cheia_p4,2,yield_6m,43,-0.012942142550210468,NA,NA,NA,NA,NA,NA
cheia_p4,2,yield_2y,43,-0.016623648024452934,NA,NA,NA,NA,NA,NA
cheia_p4,2,ibc_br,43,-0.7951965961216358,NA,NA,NA,NA,NA,NA
cheia_p4,2,asset_ibov,43,-2.4403157876302597,NA,NA,NA,NA,NA,NA
cheia_p4,2,cds_5y,43,-32.97407156426323,NA,NA,NA,NA,NA,NA
cheia_p4,2,price_ipca,43,-0.48325017419288613,NA,NA,NA,NA,NA,NA
cheia_p4,2,cambio_usd,44,-0.14937065397685148,NA,NA,NA,NA,NA,NA
cheia_p4,2,yield_6m,44,-0.013640177607254618,NA,NA,NA,NA,NA,NA
cheia_p4,2,yield_2y,44,-0.01720689545671267,NA,NA,NA,NA,NA,NA
cheia_p4,2,ibc_br,44,-0.7913345769641121,NA,NA,NA,NA,NA,NA
cheia_p4,2,asset_ibov,44,-2.7490820861091603,NA,NA,NA,NA,NA,NA
cheia_p4,2,cds_5y,44,-33.23617365512529,NA,NA,NA,NA,NA,NA
cheia_p4,2,price_ipca,44,-0.47973114099338765,NA,NA,NA,NA,NA,NA
cheia_p4,2,cambio_usd,45,-0.14413288421989376,NA,NA,NA,NA,NA,NA
cheia_p4,2,yield_6m,45,-0.014257798672459101,NA,NA,NA,NA,NA,NA
cheia_p4,2,yield_2y,45,-0.017694649062565217,NA,NA,NA,NA,NA,NA
cheia_p4,2,ibc_br,45,-0.7856184863045071,NA,NA,NA,NA,NA,NA
cheia_p4,2,asset_ibov,45,-3.0385396341899775,NA,NA,NA,NA,NA,NA
cheia_p4,2,cds_5y,45,-33.30816041761041,NA,NA,NA,NA,NA,NA
cheia_p4,2,price_ipca,45,-0.47437717737656876,NA,NA,NA,NA,NA,NA
cheia_p4,2,cambio_usd,46,-0.13824945881444353,NA,NA,NA,NA,NA,NA
cheia_p4,2,yield_6m,46,-0.014794921591662664,NA,NA,NA,NA,NA,NA
cheia_p4,2,yield_2y,46,-0.018088717604130073,NA,NA,NA,NA,NA,NA
cheia_p4,2,ibc_br,46,-0.7781303062969872,NA,NA,NA,NA,NA,NA
cheia_p4,2,asset_ibov,46,-3.3074951298511714,NA,NA,NA,NA,NA,NA
cheia_p4,2,cds_5y,46,-33.201559817750294,NA,NA,NA,NA,NA,NA
cheia_p4,2,price_ipca,46,-0.4673186793093097,NA,NA,NA,NA,NA,NA
cheia_p4,2,cambio_usd,47,-0.13180539401052216,NA,NA,NA,NA,NA,NA
cheia_p4,2,yield_6m,47,-0.015252052032102477,NA,NA,NA,NA,NA,NA
cheia_p4,2,yield_2y,47,-0.0183914498871232,NA,NA,NA,NA,NA,NA
cheia_p4,2,ibc_br,47,-0.7689594914512786,NA,NA,NA,NA,NA,NA
cheia_p4,2,asset_ibov,47,-3.5550035430264764,NA,NA,NA,NA,NA,NA
cheia_p4,2,cds_5y,47,-32.92827965599868,NA,NA,NA,NA,NA,NA
cheia_p4,2,price_ipca,47,-0.45868942717061145,NA,NA,NA,NA,NA,NA
cheia_p4,2,cambio_usd,48,-0.12488322734856747,NA,NA,NA,NA,NA,NA
cheia_p4,2,yield_6m,48,-0.01563023443148537,NA,NA,NA,NA,NA,NA
cheia_p4,2,yield_2y,48,-0.018605675802794854,NA,NA,NA,NA,NA,NA
cheia_p4,2,ibc_br,48,-0.7582014529577356,NA,NA,NA,NA,NA,NA
cheia_p4,2,asset_ibov,48,-3.7803540697247744,NA,NA,NA,NA,NA,NA
cheia_p4,2,cds_5y,48,-32.50050656336434,NA,NA,NA,NA,NA,NA
cheia_p4,2,price_ipca,48,-0.44862516093204724,NA,NA,NA,NA,NA,NA
pre_p4,5,cambio_usd,0,0.07747498872731527,NA,NA,NA,NA,NA,NA
pre_p4,5,yield_6m,0,0.005,NA,NA,NA,NA,NA,NA
pre_p4,5,yield_2y,0,0.007323747321409129,NA,NA,NA,NA,NA,NA
pre_p4,5,ibc_br,0,-0.46727842586238183,NA,NA,NA,NA,NA,NA
pre_p4,5,asset_ibov,0,-6.3301166052773015,NA,NA,NA,NA,NA,NA
pre_p4,5,cds_5y,0,36.63237637581017,NA,NA,NA,NA,NA,NA
pre_p4,5,price_ipca,0,-0.19572446975556076,NA,NA,NA,NA,NA,NA
pre_p4,5,cambio_usd,1,0.1497933769443068,NA,NA,NA,NA,NA,NA
pre_p4,5,yield_6m,1,0.0045405828686796825,NA,NA,NA,NA,NA,NA
pre_p4,5,yield_2y,1,0.008002957181161984,NA,NA,NA,NA,NA,NA
pre_p4,5,ibc_br,1,-0.12444280354711156,NA,NA,NA,NA,NA,NA
pre_p4,5,asset_ibov,1,-6.064856468563459,NA,NA,NA,NA,NA,NA
pre_p4,5,cds_5y,1,46.60879841188241,NA,NA,NA,NA,NA,NA
pre_p4,5,price_ipca,1,-0.09896598382923372,NA,NA,NA,NA,NA,NA
pre_p4,5,cambio_usd,2,0.14714030895607655,NA,NA,NA,NA,NA,NA
pre_p4,5,yield_6m,2,0.00430045286615436,NA,NA,NA,NA,NA,NA
pre_p4,5,yield_2y,2,0.007184394327477342,NA,NA,NA,NA,NA,NA
pre_p4,5,ibc_br,2,-0.18658746160722708,NA,NA,NA,NA,NA,NA
pre_p4,5,asset_ibov,2,-0.6795561405760292,NA,NA,NA,NA,NA,NA
pre_p4,5,cds_5y,2,38.86980678517967,NA,NA,NA,NA,NA,NA
pre_p4,5,price_ipca,2,-0.13723275288030182,NA,NA,NA,NA,NA,NA
pre_p4,5,cambio_usd,3,0.14500295249659353,NA,NA,NA,NA,NA,NA
pre_p4,5,yield_6m,3,0.005345206671419513,NA,NA,NA,NA,NA,NA
pre_p4,5,yield_2y,3,0.008578456218349725,NA,NA,NA,NA,NA,NA
pre_p4,5,ibc_br,3,-0.23548485181910672,NA,NA,NA,NA,NA,NA
pre_p4,5,asset_ibov,3,-3.737095520651167,NA,NA,NA,NA,NA,NA
pre_p4,5,cds_5y,3,45.57064937283913,NA,NA,NA,NA,NA,NA
pre_p4,5,price_ipca,3,-0.19405458293808345,NA,NA,NA,NA,NA,NA
pre_p4,5,cambio_usd,4,0.13793969287005622,NA,NA,NA,NA,NA,NA
pre_p4,5,yield_6m,4,0.004238762383672916,NA,NA,NA,NA,NA,NA
pre_p4,5,yield_2y,4,0.0070004928980927006,NA,NA,NA,NA,NA,NA
pre_p4,5,ibc_br,4,-0.2612629283760917,NA,NA,NA,NA,NA,NA
pre_p4,5,asset_ibov,4,-1.9696397547120708,NA,NA,NA,NA,NA,NA
pre_p4,5,cds_5y,4,39.037198627642255,NA,NA,NA,NA,NA,NA
pre_p4,5,price_ipca,4,-0.15936378687578487,NA,NA,NA,NA,NA,NA
pre_p4,5,cambio_usd,5,0.09888177537691185,NA,NA,NA,NA,NA,NA
pre_p4,5,yield_6m,5,0.0028351602297412393,NA,NA,NA,NA,NA,NA
pre_p4,5,yield_2y,5,0.004591351481032232,NA,NA,NA,NA,NA,NA
pre_p4,5,ibc_br,5,-0.32956448829579965,NA,NA,NA,NA,NA,NA
pre_p4,5,asset_ibov,5,-0.21890875987903197,NA,NA,NA,NA,NA,NA
pre_p4,5,cds_5y,5,26.251322924632998,NA,NA,NA,NA,NA,NA
pre_p4,5,price_ipca,5,-0.12872518351852671,NA,NA,NA,NA,NA,NA
pre_p4,5,cambio_usd,6,0.06203011559103255,NA,NA,NA,NA,NA,NA
pre_p4,5,yield_6m,6,0.0023261409024193675,NA,NA,NA,NA,NA,NA
pre_p4,5,yield_2y,6,0.0034333539737226937,NA,NA,NA,NA,NA,NA
pre_p4,5,ibc_br,6,-0.35776691489269324,NA,NA,NA,NA,NA,NA
pre_p4,5,asset_ibov,6,-1.234495653846877,NA,NA,NA,NA,NA,NA
pre_p4,5,cds_5y,6,20.071618663230396,NA,NA,NA,NA,NA,NA
pre_p4,5,price_ipca,6,-0.1660567392408928,NA,NA,NA,NA,NA,NA
pre_p4,5,cambio_usd,7,0.03316691164892748,NA,NA,NA,NA,NA,NA
pre_p4,5,yield_6m,7,0.001216057349200697,NA,NA,NA,NA,NA,NA
pre_p4,5,yield_2y,7,0.0015732015561686367,NA,NA,NA,NA,NA,NA
pre_p4,5,ibc_br,7,-0.4144556375909938,NA,NA,NA,NA,NA,NA
pre_p4,5,asset_ibov,7,-0.5660515143383411,NA,NA,NA,NA,NA,NA
pre_p4,5,cds_5y,7,11.342460520098072,NA,NA,NA,NA,NA,NA
pre_p4,5,price_ipca,7,-0.15749633882513253,NA,NA,NA,NA,NA,NA
pre_p4,5,cambio_usd,8,0.00339276589473261,NA,NA,NA,NA,NA,NA
pre_p4,5,yield_6m,8,1.3023754134196974e-4,NA,NA,NA,NA,NA,NA
pre_p4,5,yield_2y,8,-2.115586197211635e-4,NA,NA,NA,NA,NA,NA
pre_p4,5,ibc_br,8,-0.4492155706405724,NA,NA,NA,NA,NA,NA
pre_p4,5,asset_ibov,8,-0.19377836956886912,NA,NA,NA,NA,NA,NA
pre_p4,5,cds_5y,8,2.779262336792632,NA,NA,NA,NA,NA,NA
pre_p4,5,price_ipca,8,-0.13503259354779482,NA,NA,NA,NA,NA,NA
pre_p4,5,cambio_usd,9,-0.022829366082217115,NA,NA,NA,NA,NA,NA
pre_p4,5,yield_6m,9,-4.238127786390635e-4,NA,NA,NA,NA,NA,NA
pre_p4,5,yield_2y,9,-0.0012915924665512144,NA,NA,NA,NA,NA,NA
pre_p4,5,ibc_br,9,-0.4547057036057231,NA,NA,NA,NA,NA,NA
pre_p4,5,asset_ibov,9,-0.5806722777281801,NA,NA,NA,NA,NA,NA
pre_p4,5,cds_5y,9,-2.5960015850151614,NA,NA,NA,NA,NA,NA
pre_p4,5,price_ipca,9,-0.15761593694508355,NA,NA,NA,NA,NA,NA
pre_p4,5,cambio_usd,10,-0.04122916790200204,NA,NA,NA,NA,NA,NA
pre_p4,5,yield_6m,10,-0.0010772141920381653,NA,NA,NA,NA,NA,NA
pre_p4,5,yield_2y,10,-0.002387877593355294,NA,NA,NA,NA,NA,NA
pre_p4,5,ibc_br,10,-0.47089946570360475,NA,NA,NA,NA,NA,NA
pre_p4,5,asset_ibov,10,-0.4317687845431427,NA,NA,NA,NA,NA,NA
pre_p4,5,cds_5y,10,-7.675881812661245,NA,NA,NA,NA,NA,NA
pre_p4,5,price_ipca,10,-0.15571902290095524,NA,NA,NA,NA,NA,NA
pre_p4,5,cambio_usd,11,-0.05377707195987168,NA,NA,NA,NA,NA,NA
pre_p4,5,yield_6m,11,-0.001673402361949083,NA,NA,NA,NA,NA,NA
pre_p4,5,yield_2y,11,-0.0032710360528624438,NA,NA,NA,NA,NA,NA
pre_p4,5,ibc_br,11,-0.46881720691862194,NA,NA,NA,NA,NA,NA
pre_p4,5,asset_ibov,11,-0.5129735392588765,NA,NA,NA,NA,NA,NA
pre_p4,5,cds_5y,11,-11.432106884517808,NA,NA,NA,NA,NA,NA
pre_p4,5,price_ipca,11,-0.13422685098670864,NA,NA,NA,NA,NA,NA
pre_p4,5,cambio_usd,12,-0.06443698409737941,NA,NA,NA,NA,NA,NA
pre_p4,5,yield_6m,12,-0.002024946756998609,NA,NA,NA,NA,NA,NA
pre_p4,5,yield_2y,12,-0.0038503359425726747,NA,NA,NA,NA,NA,NA
pre_p4,5,ibc_br,12,-0.44884646787236393,NA,NA,NA,NA,NA,NA
pre_p4,5,asset_ibov,12,-0.6205871338822796,NA,NA,NA,NA,NA,NA
pre_p4,5,cds_5y,12,-14.095722137072858,NA,NA,NA,NA,NA,NA
pre_p4,5,price_ipca,12,-0.13492134509305223,NA,NA,NA,NA,NA,NA
pre_p4,5,cambio_usd,13,-0.0719877765536137,NA,NA,NA,NA,NA,NA
pre_p4,5,yield_6m,13,-0.002402351536928603,NA,NA,NA,NA,NA,NA
pre_p4,5,yield_2y,13,-0.004415389862767179,NA,NA,NA,NA,NA,NA
pre_p4,5,ibc_br,13,-0.4290661823273754,NA,NA,NA,NA,NA,NA
pre_p4,5,asset_ibov,13,-0.4945345668673185,NA,NA,NA,NA,NA,NA
pre_p4,5,cds_5y,13,-16.65045533121341,NA,NA,NA,NA,NA,NA
pre_p4,5,price_ipca,13,-0.12429873620958702,NA,NA,NA,NA,NA,NA
pre_p4,5,cambio_usd,14,-0.07632158818903446,NA,NA,NA,NA,NA,NA
pre_p4,5,yield_6m,14,-0.002750142420068257,NA,NA,NA,NA,NA,NA
pre_p4,5,yield_2y,14,-0.004863505834376738,NA,NA,NA,NA,NA,NA
pre_p4,5,ibc_br,14,-0.403859981199116,NA,NA,NA,NA,NA,NA
pre_p4,5,asset_ibov,14,-0.49832299526579904,NA,NA,NA,NA,NA,NA
pre_p4,5,cds_5y,14,-18.48065597172147,NA,NA,NA,NA,NA,NA
pre_p4,5,price_ipca,14,-0.10104520082911407,NA,NA,NA,NA,NA,NA
pre_p4,5,cambio_usd,15,-0.08078675596768495,NA,NA,NA,NA,NA,NA
pre_p4,5,yield_6m,15,-0.0030152889186070148,NA,NA,NA,NA,NA,NA
pre_p4,5,yield_2y,15,-0.00522674455082698,NA,NA,NA,NA,NA,NA
pre_p4,5,ibc_br,15,-0.37004518542431974,NA,NA,NA,NA,NA,NA
pre_p4,5,asset_ibov,15,-0.4401283499169728,NA,NA,NA,NA,NA,NA
pre_p4,5,cds_5y,15,-20.162718974091835,NA,NA,NA,NA,NA,NA
pre_p4,5,price_ipca,15,-0.08707826801434934,NA,NA,NA,NA,NA,NA
pre_p4,5,cambio_usd,16,-0.08507895105665873,NA,NA,NA,NA,NA,NA
pre_p4,5,yield_6m,16,-0.003293016593934047,NA,NA,NA,NA,NA,NA
pre_p4,5,yield_2y,16,-0.00560579666616569,NA,NA,NA,NA,NA,NA
pre_p4,5,ibc_br,16,-0.33455490421067197,NA,NA,NA,NA,NA,NA
pre_p4,5,asset_ibov,16,-0.2573393579516532,NA,NA,NA,NA,NA,NA
pre_p4,5,cds_5y,16,-22.029758539608647,NA,NA,NA,NA,NA,NA
pre_p4,5,price_ipca,16,-0.0700284433318829,NA,NA,NA,NA,NA,NA
pre_p4,5,cambio_usd,17,-0.08814171307080447,NA,NA,NA,NA,NA,NA
pre_p4,5,yield_6m,17,-0.0035440970741731975,NA,NA,NA,NA,NA,NA
pre_p4,5,yield_2y,17,-0.00591616318534999,NA,NA,NA,NA,NA,NA
pre_p4,5,ibc_br,17,-0.29830306061752004,NA,NA,NA,NA,NA,NA
pre_p4,5,asset_ibov,17,-0.17235283720472205,NA,NA,NA,NA,NA,NA
pre_p4,5,cds_5y,17,-23.520061611090583,NA,NA,NA,NA,NA,NA
pre_p4,5,price_ipca,17,-0.0474029736764976,NA,NA,NA,NA,NA,NA
pre_p4,5,cambio_usd,18,-0.0913850663845698,NA,NA,NA,NA,NA,NA
pre_p4,5,yield_6m,18,-0.0037506374843638154,NA,NA,NA,NA,NA,NA
pre_p4,5,yield_2y,18,-0.0061810423547355884,NA,NA,NA,NA,NA,NA
pre_p4,5,ibc_br,18,-0.2583289492578081,NA,NA,NA,NA,NA,NA
pre_p4,5,asset_ibov,18,-0.06145291679766342,NA,NA,NA,NA,NA,NA
pre_p4,5,cds_5y,18,-24.941528004903958,NA,NA,NA,NA,NA,NA
pre_p4,5,price_ipca,18,-0.029256307054710287,NA,NA,NA,NA,NA,NA
pre_p4,5,cambio_usd,19,-0.09470914851743034,NA,NA,NA,NA,NA,NA
pre_p4,5,yield_6m,19,-0.003944283267039844,NA,NA,NA,NA,NA,NA
pre_p4,5,yield_2y,19,-0.0064345226943416855,NA,NA,NA,NA,NA,NA
pre_p4,5,ibc_br,19,-0.21649971906905394,NA,NA,NA,NA,NA,NA
pre_p4,5,asset_ibov,19,0.10720865265366052,NA,NA,NA,NA,NA,NA
pre_p4,5,cds_5y,19,-26.420183669469424,NA,NA,NA,NA,NA,NA
pre_p4,5,price_ipca,19,-0.011480539338251765,NA,NA,NA,NA,NA,NA
pre_p4,5,cambio_usd,20,-0.09712229933734953,NA,NA,NA,NA,NA,NA
pre_p4,5,yield_6m,20,-0.004095814531838781,NA,NA,NA,NA,NA,NA
pre_p4,5,yield_2y,20,-0.006614031232599239,NA,NA,NA,NA,NA,NA
pre_p4,5,ibc_br,20,-0.17458973022994856,NA,NA,NA,NA,NA,NA
pre_p4,5,asset_ibov,20,0.20517456100156561,NA,NA,NA,NA,NA,NA
pre_p4,5,cds_5y,20,-27.54782870115444,NA,NA,NA,NA,NA,NA
pre_p4,5,price_ipca,20,0.007737858505847899,NA,NA,NA,NA,NA,NA
pre_p4,5,cambio_usd,21,-0.09900947723318479,NA,NA,NA,NA,NA,NA
pre_p4,5,yield_6m,21,-0.0042005384286759725,NA,NA,NA,NA,NA,NA
pre_p4,5,yield_2y,21,-0.006730414396644121,NA,NA,NA,NA,NA,NA
pre_p4,5,ibc_br,21,-0.1310986292868534,NA,NA,NA,NA,NA,NA
pre_p4,5,asset_ibov,21,0.29865160174906513,NA,NA,NA,NA,NA,NA
pre_p4,5,cds_5y,21,-28.4455755473765,NA,NA,NA,NA,NA,NA
pre_p4,5,price_ipca,21,0.02450388041212161,NA,NA,NA,NA,NA,NA
pre_p4,5,cambio_usd,22,-0.10041785446373709,NA,NA,NA,NA,NA,NA
pre_p4,5,yield_6m,22,-0.004272503394667758,NA,NA,NA,NA,NA,NA
pre_p4,5,yield_2y,22,-0.00680205510995329,NA,NA,NA,NA,NA,NA
pre_p4,5,ibc_br,22,-0.08637602611303079,NA,NA,NA,NA,NA,NA
pre_p4,5,asset_ibov,22,0.4176759529052005,NA,NA,NA,NA,NA,NA
pre_p4,5,cds_5y,22,-29.203618306459763,NA,NA,NA,NA,NA,NA
pre_p4,5,price_ipca,22,0.040082340389731776,NA,NA,NA,NA,NA,NA
pre_p4,5,cambio_usd,23,-0.10082302561790937,NA,NA,NA,NA,NA,NA
pre_p4,5,yield_6m,23,-0.004296046186124994,NA,NA,NA,NA,NA,NA
pre_p4,5,yield_2y,23,-0.006795829191366537,NA,NA,NA,NA,NA,NA
pre_p4,5,ibc_br,23,-0.041820366531143634,NA,NA,NA,NA,NA,NA
pre_p4,5,asset_ibov,23,0.49469688932678196,NA,NA,NA,NA,NA,NA
pre_p4,5,cds_5y,23,-29.605122195123727,NA,NA,NA,NA,NA,NA
pre_p4,5,price_ipca,23,0.05541486068472355,NA,NA,NA,NA,NA,NA
pre_p4,5,cambio_usd,24,-0.1003346994638876,NA,NA,NA,NA,NA,NA
pre_p4,5,yield_6m,24,-0.004272470012352162,NA,NA,NA,NA,NA,NA
pre_p4,5,yield_2y,24,-0.0067195807375369935,NA,NA,NA,NA,NA,NA
pre_p4,5,ibc_br,24,0.002816151436436984,NA,NA,NA,NA,NA,NA
pre_p4,5,asset_ibov,24,0.5604993591431897,NA,NA,NA,NA,NA,NA
pre_p4,5,cds_5y,24,-29.705139724590826,NA,NA,NA,NA,NA,NA
pre_p4,5,price_ipca,24,0.06915477346979391,NA,NA,NA,NA,NA,NA
pre_p4,5,cambio_usd,25,-0.09909335938200295,NA,NA,NA,NA,NA,NA
pre_p4,5,yield_6m,25,-0.004211739183801741,NA,NA,NA,NA,NA,NA
pre_p4,5,yield_2y,25,-0.0065887948154038836,NA,NA,NA,NA,NA,NA
pre_p4,5,ibc_br,25,0.047385317011319227,NA,NA,NA,NA,NA,NA
pre_p4,5,asset_ibov,25,0.637143246183828,NA,NA,NA,NA,NA,NA
pre_p4,5,cds_5y,25,-29.584564790571658,NA,NA,NA,NA,NA,NA
pre_p4,5,price_ipca,25,0.08169006491464174,NA,NA,NA,NA,NA,NA
pre_p4,5,cambio_usd,26,-0.09693732279312205,NA,NA,NA,NA,NA,NA
pre_p4,5,yield_6m,26,-0.004107859408399644,NA,NA,NA,NA,NA,NA
pre_p4,5,yield_2y,26,-0.006391090974344469,NA,NA,NA,NA,NA,NA
pre_p4,5,ibc_br,26,0.09093994556371206,NA,NA,NA,NA,NA,NA
pre_p4,5,asset_ibov,26,0.6919106370042223,NA,NA,NA,NA,NA,NA
pre_p4,5,cds_5y,26,-29.157310694859508,NA,NA,NA,NA,NA,NA
pre_p4,5,price_ipca,26,0.09333143984316503,NA,NA,NA,NA,NA,NA
pre_p4,5,cambio_usd,27,-0.09393226207460753,NA,NA,NA,NA,NA,NA
pre_p4,5,yield_6m,27,-0.003963863453272345,NA,NA,NA,NA,NA,NA
pre_p4,5,yield_2y,27,-0.006133053567424768,NA,NA,NA,NA,NA,NA
pre_p4,5,ibc_br,27,0.133189545720519,NA,NA,NA,NA,NA,NA
pre_p4,5,asset_ibov,27,0.7362687853383356,NA,NA,NA,NA,NA,NA
pre_p4,5,cds_5y,27,-28.454334469189806,NA,NA,NA,NA,NA,NA
pre_p4,5,price_ipca,27,0.1036183918973491,NA,NA,NA,NA,NA,NA
pre_p4,5,cambio_usd,28,-0.09021405652302267,NA,NA,NA,NA,NA,NA
pre_p4,5,yield_6m,28,-0.0037871918816705583,NA,NA,NA,NA,NA,NA
pre_p4,5,yield_2y,28,-0.005826756461166006,NA,NA,NA,NA,NA,NA
pre_p4,5,ibc_br,28,0.17393373075814303,NA,NA,NA,NA,NA,NA
pre_p4,5,asset_ibov,28,0.7828626753036675,NA,NA,NA,NA,NA,NA
pre_p4,5,cds_5y,28,-27.535352005351726,NA,NA,NA,NA,NA,NA
pre_p4,5,price_ipca,28,0.11267290051058487,NA,NA,NA,NA,NA,NA
pre_p4,5,cambio_usd,29,-0.08577724051326904,NA,NA,NA,NA,NA,NA
pre_p4,5,yield_6m,29,-0.0035767041973681097,NA,NA,NA,NA,NA,NA
pre_p4,5,yield_2y,29,-0.005469778065713349,NA,NA,NA,NA,NA,NA
pre_p4,5,ibc_br,29,0.21259266251466197,NA,NA,NA,NA,NA,NA
pre_p4,5,asset_ibov,29,0.8166016773400697,NA,NA,NA,NA,NA,NA
pre_p4,5,cds_5y,29,-26.376005212198358,NA,NA,NA,NA,NA,NA
pre_p4,5,price_ipca,29,0.1205220779729855,NA,NA,NA,NA,NA,NA
pre_p4,5,cambio_usd,30,-0.08067427063451199,NA,NA,NA,NA,NA,NA
pre_p4,5,yield_6m,30,-0.003335328169341874,NA,NA,NA,NA,NA,NA
pre_p4,5,yield_2y,30,-0.005067275084202719,NA,NA,NA,NA,NA,NA
pre_p4,5,ibc_br,30,0.24880207073602456,NA,NA,NA,NA,NA,NA
pre_p4,5,asset_ibov,30,0.8406555165704728,NA,NA,NA,NA,NA,NA
pre_p4,5,cds_5y,30,-24.995451130502516,NA,NA,NA,NA,NA,NA
pre_p4,5,price_ipca,30,0.12699232480733885,NA,NA,NA,NA,NA,NA
pre_p4,5,cambio_usd,31,-0.07499943894098526,NA,NA,NA,NA,NA,NA
pre_p4,5,yield_6m,31,-0.0030684507048481992,NA,NA,NA,NA,NA,NA
pre_p4,5,yield_2y,31,-0.0046277919597709485,NA,NA,NA,NA,NA,NA
pre_p4,5,ibc_br,31,0.2823566596449446,NA,NA,NA,NA,NA,NA
pre_p4,5,asset_ibov,31,0.861143552221566,NA,NA,NA,NA,NA,NA
pre_p4,5,cds_5y,31,-23.43201796147296,NA,NA,NA,NA,NA,NA
pre_p4,5,price_ipca,31,0.13214828451447472,NA,NA,NA,NA,NA,NA
pre_p4,5,cambio_usd,32,-0.06879309566099631,NA,NA,NA,NA,NA,NA
pre_p4,5,yield_6m,32,-0.0027771942390597487,NA,NA,NA,NA,NA,NA
pre_p4,5,yield_2y,32,-0.0041530449379524985,NA,NA,NA,NA,NA,NA
pre_p4,5,ibc_br,32,0.3129276170894754,NA,NA,NA,NA,NA,NA
pre_p4,5,asset_ibov,32,0.8716522401681449,NA,NA,NA,NA,NA,NA
pre_p4,5,cds_5y,32,-21.686565315430304,NA,NA,NA,NA,NA,NA
pre_p4,5,price_ipca,32,0.13595904687859833,NA,NA,NA,NA,NA,NA
pre_p4,5,cambio_usd,33,-0.06210545726199412,NA,NA,NA,NA,NA,NA
pre_p4,5,yield_6m,33,-0.0024644094603651846,NA,NA,NA,NA,NA,NA
pre_p4,5,yield_2y,33,-0.00364762598816554,NA,NA,NA,NA,NA,NA
pre_p4,5,ibc_br,33,0.34024599033979863,NA,NA,NA,NA,NA,NA
pre_p4,5,asset_ibov,33,0.8728804328137546,NA,NA,NA,NA,NA,NA
pre_p4,5,cds_5y,33,-19.77530128169965,NA,NA,NA,NA,NA,NA
pre_p4,5,price_ipca,33,0.13836626936498858,NA,NA,NA,NA,NA,NA
pre_p4,5,cambio_usd,34,-0.055006907030143014,NA,NA,NA,NA,NA,NA
pre_p4,5,yield_6m,34,-0.002134380679338957,NA,NA,NA,NA,NA,NA
pre_p4,5,yield_2y,34,-0.003118092926919147,NA,NA,NA,NA,NA,NA
pre_p4,5,ibc_br,34,0.3641532557532423,NA,NA,NA,NA,NA,NA
pre_p4,5,asset_ibov,34,0.8676829653897015,NA,NA,NA,NA,NA,NA
pre_p4,5,cds_5y,34,-17.725397673254715,NA,NA,NA,NA,NA,NA
pre_p4,5,price_ipca,34,0.13943855661979707,NA,NA,NA,NA,NA,NA
pre_p4,5,cambio_usd,35,-0.04755450574915287,NA,NA,NA,NA,NA,NA
pre_p4,5,yield_6m,35,-0.001789487234826904,NA,NA,NA,NA,NA,NA
pre_p4,5,yield_2y,35,-0.002568165499461601,NA,NA,NA,NA,NA,NA
pre_p4,5,ibc_br,35,0.38447956619903617,NA,NA,NA,NA,NA,NA
pre_p4,5,asset_ibov,35,0.8537713081674437,NA,NA,NA,NA,NA,NA
pre_p4,5,cds_5y,35,-15.549687837350406,NA,NA,NA,NA,NA,NA
pre_p4,5,price_ipca,35,0.13917479749862469,NA,NA,NA,NA,NA,NA
pre_p4,5,cambio_usd,36,-0.039807856528326656,NA,NA,NA,NA,NA,NA
pre_p4,5,yield_6m,36,-0.0014328212947750515,NA,NA,NA,NA,NA,NA
pre_p4,5,yield_2y,36,-0.0020026791821368254,NA,NA,NA,NA,NA,NA
pre_p4,5,ibc_br,36,0.40107724718780186,NA,NA,NA,NA,NA,NA
pre_p4,5,asset_ibov,36,0.8315519694544468,NA,NA,NA,NA,NA,NA
pre_p4,5,cds_5y,36,-13.266856491471774,NA,NA,NA,NA,NA,NA
pre_p4,5,price_ipca,36,0.13757997547465572,NA,NA,NA,NA,NA,NA
pre_p4,5,cambio_usd,37,-0.03183509237906148,NA,NA,NA,NA,NA,NA
pre_p4,5,yield_6m,37,-0.0010682437849541568,NA,NA,NA,NA,NA,NA
pre_p4,5,yield_2y,37,-0.0014274698135192162,NA,NA,NA,NA,NA,NA
pre_p4,5,ibc_br,37,0.4138632052124077,NA,NA,NA,NA,NA,NA
pre_p4,5,asset_ibov,37,0.8025091569040143,NA,NA,NA,NA,NA,NA
pre_p4,5,cds_5y,37,-10.901021917999959,NA,NA,NA,NA,NA,NA
pre_p4,5,price_ipca,37,0.13473515581124462,NA,NA,NA,NA,NA,NA
pre_p4,5,cambio_usd,38,-0.023703938200554525,NA,NA,NA,NA,NA,NA
pre_p4,5,yield_6m,38,-0.00069879529739315415,NA,NA,NA,NA,NA,NA
pre_p4,5,yield_2y,38,-8.472481014357523e-4,NA,NA,NA,NA,NA,NA
pre_p4,5,ibc_br,38,0.42278183481668535,NA,NA,NA,NA,NA,NA
pre_p4,5,asset_ibov,38,0.7661560091847307,NA,NA,NA,NA,NA,NA
pre_p4,5,cds_5y,38,-8.471373145838248,NA,NA,NA,NA,NA,NA
pre_p4,5,price_ipca,38,0.13068061983439658,NA,NA,NA,NA,NA,NA
pre_p4,5,cambio_usd,39,-0.015483727049960377,NA,NA,NA,NA,NA,NA
pre_p4,5,yield_6m,39,-3.277534204326526e-4,NA,NA,NA,NA,NA,NA
pre_p4,5,yield_2y,39,-2.671030765022969e-4,NA,NA,NA,NA,NA,NA
pre_p4,5,ibc_br,39,0.4278004693220111,NA,NA,NA,NA,NA,NA
pre_p4,5,asset_ibov,39,0.7230439694135699,NA,NA,NA,NA,NA,NA
pre_p4,5,cds_5y,39,-5.999411367964037,NA,NA,NA,NA,NA,NA
pre_p4,5,price_ipca,39,0.1254621325770627,NA,NA,NA,NA,NA,NA
pre_p4,5,cambio_usd,40,-0.007245481786030684,NA,NA,NA,NA,NA,NA
pre_p4,5,yield_6m,40,4.12960298489764e-5,NA,NA,NA,NA,NA,NA
pre_p4,5,yield_2y,40,3.075359058814152e-4,NA,NA,NA,NA,NA,NA
pre_p4,5,ibc_br,40,0.42892833886279474,NA,NA,NA,NA,NA,NA
pre_p4,5,asset_ibov,40,0.6741235886696049,NA,NA,NA,NA,NA,NA
pre_p4,5,cds_5y,40,-3.508586311491306,NA,NA,NA,NA,NA,NA
pre_p4,5,price_ipca,40,0.11917081507257155,NA,NA,NA,NA,NA,NA
pre_p4,5,cambio_usd,41,9.395775035468276e-4,NA,NA,NA,NA,NA,NA
pre_p4,5,yield_6m,41,4.0518091472801625e-4,NA,NA,NA,NA,NA,NA
pre_p4,5,yield_2y,41,8.717945896952688e-4,NA,NA,NA,NA,NA,NA
pre_p4,5,ibc_br,41,0.42621117214712106,NA,NA,NA,NA,NA,NA
pre_p4,5,asset_ibov,41,0.6196144627550271,NA,NA,NA,NA,NA,NA
pre_p4,5,cds_5y,41,-1.0203230903826332,NA,NA,NA,NA,NA,NA
pre_p4,5,price_ipca,41,0.11187866062725316,NA,NA,NA,NA,NA,NA
pre_p4,5,cambio_usd,42,0.009000463170610642,NA,NA,NA,NA,NA,NA
pre_p4,5,yield_6m,42,7.607386789594409e-4,NA,NA,NA,NA,NA,NA
pre_p4,5,yield_2y,42,0.0014207985361134755,NA,NA,NA,NA,NA,NA
pre_p4,5,ibc_br,42,0.41972316496267004,NA,NA,NA,NA,NA,NA
pre_p4,5,asset_ibov,42,0.560178393193083,NA,NA,NA,NA,NA,NA
pre_p4,5,cds_5y,42,1.4433801535139654,NA,NA,NA,NA,NA,NA
pre_p4,5,price_ipca,42,0.10365992287017843,NA,NA,NA,NA,NA,NA
pre_p4,5,cambio_usd,43,0.016868478722847965,NA,NA,NA,NA,NA,NA
pre_p4,5,yield_6m,43,0.0011047868083538814,NA,NA,NA,NA,NA,NA
pre_p4,5,yield_2y,43,0.0019497346457113757,NA,NA,NA,NA,NA,NA
pre_p4,5,ibc_br,43,0.409570940391919,NA,NA,NA,NA,NA,NA
pre_p4,5,asset_ibov,43,0.4965797217303939,NA,NA,NA,NA,NA,NA
pre_p4,5,cds_5y,43,3.860531528705635,NA,NA,NA,NA,NA,NA
pre_p4,5,price_ipca,43,0.09461481442045183,NA,NA,NA,NA,NA,NA
pre_p4,5,cambio_usd,44,0.024477124916762114,NA,NA,NA,NA,NA,NA
pre_p4,5,yield_6m,44,0.0014344366721516216,NA,NA,NA,NA,NA,NA
pre_p4,5,yield_2y,44,0.0024542146183231797,NA,NA,NA,NA,NA,NA
pre_p4,5,ibc_br,44,0.39589507867655266,NA,NA,NA,NA,NA,NA
pre_p4,5,asset_ibov,44,0.4293102843951149,NA,NA,NA,NA,NA,NA
pre_p4,5,cds_5y,44,6.210612327141239,NA,NA,NA,NA,NA,NA
pre_p4,5,price_ipca,44,0.08483677107729395,NA,NA,NA,NA,NA,NA
pre_p4,5,cambio_usd,45,0.031762274920565076,NA,NA,NA,NA,NA,NA
pre_p4,5,yield_6m,45,0.001746941183741912,NA,NA,NA,NA,NA,NA
pre_p4,5,yield_2y,45,0.0029300605716230865,NA,NA,NA,NA,NA,NA
pre_p4,5,ibc_br,45,0.37886487975196276,NA,NA,NA,NA,NA,NA
pre_p4,5,asset_ibov,45,0.3590804546069537,NA,NA,NA,NA,NA,NA
pre_p4,5,cds_5y,45,8.473543560293521,NA,NA,NA,NA,NA,NA
pre_p4,5,price_ipca,45,0.07442002150767289,NA,NA,NA,NA,NA,NA
pre_p4,5,cambio_usd,46,0.038664128840071366,NA,NA,NA,NA,NA,NA
pre_p4,5,yield_6m,46,0.002039693950814963,NA,NA,NA,NA,NA,NA
pre_p4,5,yield_2y,46,0.0033733693146899154,NA,NA,NA,NA,NA,NA
pre_p4,5,ibc_br,46,0.35867598058960926,NA,NA,NA,NA,NA,NA
pre_p4,5,asset_ibov,46,0.28660772706386767,NA,NA,NA,NA,NA,NA
pre_p4,5,cds_5y,46,10.630229153385114,NA,NA,NA,NA,NA,NA
pre_p4,5,price_ipca,46,0.06347248809229625,NA,NA,NA,NA,NA,NA
pre_p4,5,cambio_usd,47,0.045127101881076485,NA,NA,NA,NA,NA,NA
pre_p4,5,yield_6m,47,0.0023103630969112505,NA,NA,NA,NA,NA,NA
pre_p4,5,yield_2y,47,0.0037806602859903034,NA,NA,NA,NA,NA,NA
pre_p4,5,ibc_br,47,0.3355509795245027,NA,NA,NA,NA,NA,NA
pre_p4,5,asset_ibov,47,0.21249744773698012,NA,NA,NA,NA,NA,NA
pre_p4,5,cds_5y,47,12.663125801794097,NA,NA,NA,NA,NA,NA
pre_p4,5,price_ipca,47,0.05210018777229651,NA,NA,NA,NA,NA,NA
pre_p4,5,cambio_usd,48,0.05109968776189446,NA,NA,NA,NA,NA,NA
pre_p4,5,yield_6m,48,0.00255683251965983,NA,NA,NA,NA,NA,NA
pre_p4,5,yield_2y,48,0.004148784485538541,NA,NA,NA,NA,NA,NA
pre_p4,5,ibc_br,48,0.30973618540535186,NA,NA,NA,NA,NA,NA
pre_p4,5,asset_ibov,48,0.1374676995896001,NA,NA,NA,NA,NA,NA
pre_p4,5,cds_5y,48,14.555772880647467,NA,NA,NA,NA,NA,NA
pre_p4,5,price_ipca,48,0.04040876731820344,NA,NA,NA,NA,NA,NA
pre_p4,4,cambio_usd,0,0.08038712185977774,NA,NA,NA,NA,NA,NA
pre_p4,4,yield_6m,0,0.005,NA,NA,NA,NA,NA,NA
pre_p4,4,yield_2y,0,0.007357000471008072,NA,NA,NA,NA,NA,NA
pre_p4,4,ibc_br,0,-0.4792052477390928,NA,NA,NA,NA,NA,NA
pre_p4,4,asset_ibov,0,-6.558544929758943,NA,NA,NA,NA,NA,NA
pre_p4,4,cds_5y,0,37.512083328567535,NA,NA,NA,NA,NA,NA
pre_p4,4,price_ipca,0,-0.2043683920536415,NA,NA,NA,NA,NA,NA
pre_p4,4,cambio_usd,1,0.14926208190230653,NA,NA,NA,NA,NA,NA
pre_p4,4,yield_6m,1,0.004437996066174507,NA,NA,NA,NA,NA,NA
pre_p4,4,yield_2y,1,0.007835969484452894,NA,NA,NA,NA,NA,NA
pre_p4,4,ibc_br,1,-0.14550365715226762,NA,NA,NA,NA,NA,NA
pre_p4,4,asset_ibov,1,-5.954616416195064,NA,NA,NA,NA,NA,NA
pre_p4,4,cds_5y,1,46.1844879094666,NA,NA,NA,NA,NA,NA
pre_p4,4,price_ipca,1,-0.10537232196058213,NA,NA,NA,NA,NA,NA
pre_p4,4,cambio_usd,2,0.14365711113658344,NA,NA,NA,NA,NA,NA
pre_p4,4,yield_6m,2,0.004054602538572627,NA,NA,NA,NA,NA,NA
pre_p4,4,yield_2y,2,0.006829569110221708,NA,NA,NA,NA,NA,NA
pre_p4,4,ibc_br,2,-0.1938454299096784,NA,NA,NA,NA,NA,NA
pre_p4,4,asset_ibov,2,-0.7835204229105598,NA,NA,NA,NA,NA,NA
pre_p4,4,cds_5y,2,37.76854536709696,NA,NA,NA,NA,NA,NA
pre_p4,4,price_ipca,2,-0.1360047495609288,NA,NA,NA,NA,NA,NA
pre_p4,4,cambio_usd,3,0.13803074607317645,NA,NA,NA,NA,NA,NA
pre_p4,4,yield_6m,3,0.005125183994543944,NA,NA,NA,NA,NA,NA
pre_p4,4,yield_2y,3,0.008169552187602297,NA,NA,NA,NA,NA,NA
pre_p4,4,ibc_br,3,-0.24959076114241766,NA,NA,NA,NA,NA,NA
pre_p4,4,asset_ibov,3,-3.6566958444686652,NA,NA,NA,NA,NA,NA
pre_p4,4,cds_5y,3,43.77193226763296,NA,NA,NA,NA,NA,NA
pre_p4,4,price_ipca,3,-0.20558321923376421,NA,NA,NA,NA,NA,NA
pre_p4,4,cambio_usd,4,0.12846387322661454,NA,NA,NA,NA,NA,NA
pre_p4,4,yield_6m,4,0.003878932036532471,NA,NA,NA,NA,NA,NA
pre_p4,4,yield_2y,4,0.006402361355407751,NA,NA,NA,NA,NA,NA
pre_p4,4,ibc_br,4,-0.2718057306039938,NA,NA,NA,NA,NA,NA
pre_p4,4,asset_ibov,4,-1.9431642295848766,NA,NA,NA,NA,NA,NA
pre_p4,4,cds_5y,4,36.449218541518746,NA,NA,NA,NA,NA,NA
pre_p4,4,price_ipca,4,-0.1615848021892382,NA,NA,NA,NA,NA,NA
pre_p4,4,cambio_usd,5,0.08666126210690807,NA,NA,NA,NA,NA,NA
pre_p4,4,yield_6m,5,0.002424676029482474,NA,NA,NA,NA,NA,NA
pre_p4,4,yield_2y,5,0.0038884637753973635,NA,NA,NA,NA,NA,NA
pre_p4,4,ibc_br,5,-0.3399486081938435,NA,NA,NA,NA,NA,NA
pre_p4,4,asset_ibov,5,-0.15060846991872265,NA,NA,NA,NA,NA,NA
pre_p4,4,cds_5y,5,22.998275958693753,NA,NA,NA,NA,NA,NA
pre_p4,4,price_ipca,5,-0.13110090618639403,NA,NA,NA,NA,NA,NA
pre_p4,4,cambio_usd,6,0.04755639815960303,NA,NA,NA,NA,NA,NA
pre_p4,4,yield_6m,6,0.0018762781512643711,NA,NA,NA,NA,NA,NA
pre_p4,4,yield_2y,6,0.0026526623598810005,NA,NA,NA,NA,NA,NA
pre_p4,4,ibc_br,6,-0.36411695700214675,NA,NA,NA,NA,NA,NA
pre_p4,4,asset_ibov,6,-1.2065459491392942,NA,NA,NA,NA,NA,NA
pre_p4,4,cds_5y,6,16.372315641078437,NA,NA,NA,NA,NA,NA
pre_p4,4,price_ipca,6,-0.16923938322192897,NA,NA,NA,NA,NA,NA
pre_p4,4,cambio_usd,7,0.017764856019168634,NA,NA,NA,NA,NA,NA
pre_p4,4,yield_6m,7,7.220232658496107e-4,NA,NA,NA,NA,NA,NA
pre_p4,4,yield_2y,7,7.277914103678067e-4,NA,NA,NA,NA,NA,NA
pre_p4,4,ibc_br,7,-0.41830412229398656,NA,NA,NA,NA,NA,NA
pre_p4,4,asset_ibov,7,-0.5019725271594033,NA,NA,NA,NA,NA,NA
pre_p4,4,cds_5y,7,7.2979422475302265,NA,NA,NA,NA,NA,NA
pre_p4,4,price_ipca,7,-0.1576932497718715,NA,NA,NA,NA,NA,NA
pre_p4,4,cambio_usd,8,-0.012490818348044094,NA,NA,NA,NA,NA,NA
pre_p4,4,yield_6m,8,-3.85387984198376e-4,NA,NA,NA,NA,NA,NA
pre_p4,4,yield_2y,8,-0.0010828403542569043,NA,NA,NA,NA,NA,NA
pre_p4,4,ibc_br,8,-0.44889036293414936,NA,NA,NA,NA,NA,NA
pre_p4,4,asset_ibov,8,-0.15178856461580437,NA,NA,NA,NA,NA,NA
pre_p4,4,cds_5y,8,-1.3991943556841395,NA,NA,NA,NA,NA,NA
pre_p4,4,price_ipca,8,-0.13263712612876602,NA,NA,NA,NA,NA,NA
pre_p4,4,cambio_usd,9,-0.0390885502103898,NA,NA,NA,NA,NA,NA
pre_p4,4,yield_6m,9,-9.390046204392923e-4,NA,NA,NA,NA,NA,NA
pre_p4,4,yield_2y,9,-0.0021669096477811086,NA,NA,NA,NA,NA,NA
pre_p4,4,ibc_br,9,-0.4492208351729419,NA,NA,NA,NA,NA,NA
pre_p4,4,asset_ibov,9,-0.5225470936081674,NA,NA,NA,NA,NA,NA
pre_p4,4,cds_5y,9,-6.868109400672494,NA,NA,NA,NA,NA,NA
pre_p4,4,price_ipca,9,-0.1554331160608558,NA,NA,NA,NA,NA,NA
pre_p4,4,cambio_usd,10,-0.057219034997699855,NA,NA,NA,NA,NA,NA
pre_p4,4,yield_6m,10,-0.0015968510559624652,NA,NA,NA,NA,NA,NA
pre_p4,4,yield_2y,10,-0.0032588547957989574,NA,NA,NA,NA,NA,NA
pre_p4,4,ibc_br,10,-0.46071121671941295,NA,NA,NA,NA,NA,NA
pre_p4,4,asset_ibov,10,-0.3673081842388571,NA,NA,NA,NA,NA,NA
pre_p4,4,cds_5y,10,-11.944051012543484,NA,NA,NA,NA,NA,NA
pre_p4,4,price_ipca,10,-0.150951085560322,NA,NA,NA,NA,NA,NA
pre_p4,4,cambio_usd,11,-0.06914734817035223,NA,NA,NA,NA,NA,NA
pre_p4,4,yield_6m,11,-0.00218075184214664,NA,NA,NA,NA,NA,NA
pre_p4,4,yield_2y,11,-0.004111194239598674,NA,NA,NA,NA,NA,NA
pre_p4,4,ibc_br,11,-0.4538228966730988,NA,NA,NA,NA,NA,NA
pre_p4,4,asset_ibov,11,-0.4557748140111523,NA,NA,NA,NA,NA,NA
pre_p4,4,cds_5y,11,-15.572558039252963,NA,NA,NA,NA,NA,NA
pre_p4,4,price_ipca,11,-0.1271990695753069,NA,NA,NA,NA,NA,NA
pre_p4,4,cambio_usd,12,-0.07920157767031037,NA,NA,NA,NA,NA,NA
pre_p4,4,yield_6m,12,-0.0025145022782485185,NA,NA,NA,NA,NA,NA
pre_p4,4,yield_2y,12,-0.004655939543874588,NA,NA,NA,NA,NA,NA
pre_p4,4,ibc_br,12,-0.42820646141840984,NA,NA,NA,NA,NA,NA
pre_p4,4,asset_ibov,12,-0.5522954256740877,NA,NA,NA,NA,NA,NA
pre_p4,4,cds_5y,12,-18.115561877832146,NA,NA,NA,NA,NA,NA
pre_p4,4,price_ipca,12,-0.1267392457386378,NA,NA,NA,NA,NA,NA
pre_p4,4,cambio_usd,13,-0.0859574982464866,NA,NA,NA,NA,NA,NA
pre_p4,4,yield_6m,13,-0.0028722086724203687,NA,NA,NA,NA,NA,NA
pre_p4,4,yield_2y,13,-0.005180620028988624,NA,NA,NA,NA,NA,NA
pre_p4,4,ibc_br,13,-0.40346003731042096,NA,NA,NA,NA,NA,NA
pre_p4,4,asset_ibov,13,-0.4120713153025054,NA,NA,NA,NA,NA,NA
pre_p4,4,cds_5y,13,-20.51837912849576,NA,NA,NA,NA,NA,NA
pre_p4,4,price_ipca,13,-0.11428937453061341,NA,NA,NA,NA,NA,NA
pre_p4,4,cambio_usd,14,-0.08932369997304399,NA,NA,NA,NA,NA,NA
pre_p4,4,yield_6m,14,-0.0031930389505281454,NA,NA,NA,NA,NA,NA
pre_p4,4,yield_2y,14,-0.00557555670836956,NA,NA,NA,NA,NA,NA
pre_p4,4,ibc_br,14,-0.3735548721203739,NA,NA,NA,NA,NA,NA
pre_p4,4,asset_ibov,14,-0.41865518573579974,NA,NA,NA,NA,NA,NA
pre_p4,4,cds_5y,14,-22.125530396702597,NA,NA,NA,NA,NA,NA
pre_p4,4,price_ipca,14,-0.08915535905125538,NA,NA,NA,NA,NA,NA
pre_p4,4,cambio_usd,15,-0.09287297307084647,NA,NA,NA,NA,NA,NA
pre_p4,4,yield_6m,15,-0.0034281591420967,NA,NA,NA,NA,NA,NA
pre_p4,4,yield_2y,15,-0.005884801454327777,NA,NA,NA,NA,NA,NA
pre_p4,4,ibc_br,15,-0.33503992199262106,NA,NA,NA,NA,NA,NA
pre_p4,4,asset_ibov,15,-0.349655114741745,NA,NA,NA,NA,NA,NA
pre_p4,4,cds_5y,15,-23.59898216515016,NA,NA,NA,NA,NA,NA
pre_p4,4,price_ipca,15,-0.07405740769296316,NA,NA,NA,NA,NA,NA
pre_p4,4,cambio_usd,16,-0.0962099357533992,NA,NA,NA,NA,NA,NA
pre_p4,4,yield_6m,16,-0.0036743388490619528,NA,NA,NA,NA,NA,NA
pre_p4,4,yield_2y,16,-0.006207278298810256,NA,NA,NA,NA,NA,NA
pre_p4,4,ibc_br,16,-0.2953004927192879,NA,NA,NA,NA,NA,NA
pre_p4,4,asset_ibov,16,-0.15728050701633267,NA,NA,NA,NA,NA,NA
pre_p4,4,cds_5y,16,-25.24479319594439,NA,NA,NA,NA,NA,NA
pre_p4,4,price_ipca,16,-0.055779150034611896,NA,NA,NA,NA,NA,NA
pre_p4,4,cambio_usd,17,-0.09822498189985955,NA,NA,NA,NA,NA,NA
pre_p4,4,yield_6m,17,-0.0038885421120383157,NA,NA,NA,NA,NA,NA
pre_p4,4,yield_2y,17,-0.0064528056884838175,NA,NA,NA,NA,NA,NA
pre_p4,4,ibc_br,17,-0.255316515827008,NA,NA,NA,NA,NA,NA
pre_p4,4,asset_ibov,17,-0.07262211794948763,NA,NA,NA,NA,NA,NA
pre_p4,4,cds_5y,17,-26.46927389516453,NA,NA,NA,NA,NA,NA
pre_p4,4,price_ipca,17,-0.03207718960661508,NA,NA,NA,NA,NA,NA
pre_p4,4,cambio_usd,18,-0.10042724183026183,NA,NA,NA,NA,NA,NA
pre_p4,4,yield_6m,18,-0.0040561009081520015,NA,NA,NA,NA,NA,NA
pre_p4,4,yield_2y,18,-0.006651509496859045,NA,NA,NA,NA,NA,NA
pre_p4,4,ibc_br,18,-0.21189223735430676,NA,NA,NA,NA,NA,NA
pre_p4,4,asset_ibov,18,0.04252098512069103,NA,NA,NA,NA,NA,NA
pre_p4,4,cds_5y,18,-27.623572065150743,NA,NA,NA,NA,NA,NA
pre_p4,4,price_ipca,18,-0.013283914685483874,NA,NA,NA,NA,NA,NA
pre_p4,4,cambio_usd,19,-0.10269178128265036,NA,NA,NA,NA,NA,NA
pre_p4,4,yield_6m,19,-0.004208901787275822,NA,NA,NA,NA,NA,NA
pre_p4,4,yield_2y,19,-0.0068366295379210995,NA,NA,NA,NA,NA,NA
pre_p4,4,ibc_br,19,-0.16705813217710472,NA,NA,NA,NA,NA,NA
pre_p4,4,asset_ibov,19,0.2150037887466144,NA,NA,NA,NA,NA,NA
pre_p4,4,cds_5y,19,-28.82476931353005,NA,NA,NA,NA,NA,NA
pre_p4,4,price_ipca,19,0.004981034075418342,NA,NA,NA,NA,NA,NA
pre_p4,4,cambio_usd,20,-0.10398584737644088,NA,NA,NA,NA,NA,NA
pre_p4,4,yield_6m,20,-0.004316074040622376,NA,NA,NA,NA,NA,NA
pre_p4,4,yield_2y,20,-0.006942607783247298,NA,NA,NA,NA,NA,NA
pre_p4,4,ibc_br,20,-0.12267410874222384,NA,NA,NA,NA,NA,NA
pre_p4,4,asset_ibov,20,0.31032243436530144,NA,NA,NA,NA,NA,NA
pre_p4,4,cds_5y,20,-29.6450063026489,NA,NA,NA,NA,NA,NA
pre_p4,4,price_ipca,20,0.024495675566092695,NA,NA,NA,NA,NA,NA
pre_p4,4,cambio_usd,21,-0.10473733131908762,NA,NA,NA,NA,NA,NA
pre_p4,4,yield_6m,21,-0.0043748855215669305,NA,NA,NA,NA,NA,NA
pre_p4,4,yield_2y,21,-0.006984062961394941,NA,NA,NA,NA,NA,NA
pre_p4,4,ibc_br,21,-0.07714561221166671,NA,NA,NA,NA,NA,NA
pre_p4,4,asset_ibov,21,0.40238109042313663,NA,NA,NA,NA,NA,NA
pre_p4,4,cds_5y,21,-30.227572718026654,NA,NA,NA,NA,NA,NA
pre_p4,4,price_ipca,21,0.041271912950185334,NA,NA,NA,NA,NA,NA
pre_p4,4,cambio_usd,22,-0.10499820657844904,NA,NA,NA,NA,NA,NA
pre_p4,4,yield_6m,22,-0.004399945086013567,NA,NA,NA,NA,NA,NA
pre_p4,4,yield_2y,22,-0.0069798485447741315,NA,NA,NA,NA,NA,NA
pre_p4,4,ibc_br,22,-0.030850680246991252,NA,NA,NA,NA,NA,NA
pre_p4,4,asset_ibov,22,0.5195831731528882,NA,NA,NA,NA,NA,NA
pre_p4,4,cds_5y,22,-30.66339870651905,NA,NA,NA,NA,NA,NA
pre_p4,4,price_ipca,22,0.05668062401077277,NA,NA,NA,NA,NA,NA
pre_p4,4,cambio_usd,23,-0.10423055851641486,NA,NA,NA,NA,NA,NA
pre_p4,4,yield_6m,23,-0.004374963235323183,NA,NA,NA,NA,NA,NA
pre_p4,4,yield_2y,23,-0.006895692711291471,NA,NA,NA,NA,NA,NA
pre_p4,4,ibc_br,23,0.014744598979641648,NA,NA,NA,NA,NA,NA
pre_p4,4,asset_ibov,23,0.5913560092297965,NA,NA,NA,NA,NA,NA
pre_p4,4,cds_5y,23,-30.727564526131104,NA,NA,NA,NA,NA,NA
pre_p4,4,price_ipca,23,0.0716527818829638,NA,NA,NA,NA,NA,NA
pre_p4,4,cambio_usd,24,-0.10256611762871214,NA,NA,NA,NA,NA,NA
pre_p4,4,yield_6m,24,-0.004302586480411481,NA,NA,NA,NA,NA,NA
pre_p4,4,yield_2y,24,-0.006741690006930487,NA,NA,NA,NA,NA,NA
pre_p4,4,ibc_br,24,0.0599225264208818,NA,NA,NA,NA,NA,NA
pre_p4,4,asset_ibov,24,0.6518341899512948,NA,NA,NA,NA,NA,NA
pre_p4,4,cds_5y,24,-30.486805096147783,NA,NA,NA,NA,NA,NA
pre_p4,4,price_ipca,24,0.08483499893841807,NA,NA,NA,NA,NA,NA
pre_p4,4,cambio_usd,25,-0.1001589643810787,NA,NA,NA,NA,NA,NA
pre_p4,4,yield_6m,25,-0.0041934032769733835,NA,NA,NA,NA,NA,NA
pre_p4,4,yield_2y,25,-0.006534208327210233,NA,NA,NA,NA,NA,NA
pre_p4,4,ibc_br,25,0.10454076299939835,NA,NA,NA,NA,NA,NA
pre_p4,4,asset_ibov,25,0.7228842560116439,NA,NA,NA,NA,NA,NA
pre_p4,4,cds_5y,25,-30.02601010026116,NA,NA,NA,NA,NA,NA
pre_p4,4,price_ipca,25,0.09665751872526882,NA,NA,NA,NA,NA,NA
pre_p4,4,cambio_usd,26,-0.0968490472494677,NA,NA,NA,NA,NA,NA
pre_p4,4,yield_6m,26,-0.004041357636531959,NA,NA,NA,NA,NA,NA
pre_p4,4,yield_2y,26,-0.006260719417757892,NA,NA,NA,NA,NA,NA
pre_p4,4,ibc_br,26,0.14762784131858495,NA,NA,NA,NA,NA,NA
pre_p4,4,asset_ibov,26,0.7702936939849462,NA,NA,NA,NA,NA,NA
pre_p4,4,cds_5y,26,-29.257222156930734,NA,NA,NA,NA,NA,NA
pre_p4,4,price_ipca,26,0.10742867931498765,NA,NA,NA,NA,NA,NA
pre_p4,4,cambio_usd,27,-0.0927151308110454,NA,NA,NA,NA,NA,NA
pre_p4,4,yield_6m,27,-0.0038503314331778545,NA,NA,NA,NA,NA,NA
pre_p4,4,yield_2y,27,-0.005929135660918291,NA,NA,NA,NA,NA,NA
pre_p4,4,ibc_br,27,0.18890989148197762,NA,NA,NA,NA,NA,NA
pre_p4,4,asset_ibov,27,0.806934368395937,NA,NA,NA,NA,NA,NA
pre_p4,4,cds_5y,27,-28.21780962538984,NA,NA,NA,NA,NA,NA
pre_p4,4,price_ipca,27,0.11670181675611324,NA,NA,NA,NA,NA,NA
pre_p4,4,cambio_usd,28,-0.08790495673306517,NA,NA,NA,NA,NA,NA
pre_p4,4,yield_6m,28,-0.0036283112589424694,NA,NA,NA,NA,NA,NA
pre_p4,4,yield_2y,28,-0.005552335367711172,NA,NA,NA,NA,NA,NA
pre_p4,4,ibc_br,28,0.22820857044713055,NA,NA,NA,NA,NA,NA
pre_p4,4,asset_ibov,28,0.8455376209133598,NA,NA,NA,NA,NA,NA
pre_p4,4,cds_5y,28,-26.97127682539626,NA,NA,NA,NA,NA,NA
pre_p4,4,price_ipca,28,0.12462514131897492,NA,NA,NA,NA,NA,NA
pre_p4,4,cambio_usd,29,-0.08241912705394613,NA,NA,NA,NA,NA,NA
pre_p4,4,yield_6m,29,-0.0033742957230057046,NA,NA,NA,NA,NA,NA
pre_p4,4,yield_2y,29,-0.005128106732321094,NA,NA,NA,NA,NA,NA
pre_p4,4,ibc_br,29,0.2649519208559142,NA,NA,NA,NA,NA,NA
pre_p4,4,asset_ibov,29,0.8703987675643118,NA,NA,NA,NA,NA,NA
pre_p4,4,cds_5y,29,-25.493914461853937,NA,NA,NA,NA,NA,NA
pre_p4,4,price_ipca,29,0.1312276360934998,NA,NA,NA,NA,NA,NA
pre_p4,4,cambio_usd,30,-0.07631847563934055,NA,NA,NA,NA,NA,NA
pre_p4,4,yield_6m,30,-0.0030917471366392517,NA,NA,NA,NA,NA,NA
pre_p4,4,yield_2y,30,-0.004662398541678498,NA,NA,NA,NA,NA,NA
pre_p4,4,ibc_br,30,0.2987981238200282,NA,NA,NA,NA,NA,NA
pre_p4,4,asset_ibov,30,0.8852545592824704,NA,NA,NA,NA,NA,NA
pre_p4,4,cds_5y,30,-23.808605901019224,NA,NA,NA,NA,NA,NA
pre_p4,4,price_ipca,30,0.13635407718983358,NA,NA,NA,NA,NA,NA
pre_p4,4,cambio_usd,31,-0.06970549262321449,NA,NA,NA,NA,NA,NA
pre_p4,4,yield_6m,31,-0.0027864586906365036,NA,NA,NA,NA,NA,NA
pre_p4,4,yield_2y,31,-0.004164339247171513,NA,NA,NA,NA,NA,NA
pre_p4,4,ibc_br,31,0.32957331689358993,NA,NA,NA,NA,NA,NA
pre_p4,4,asset_ibov,31,0.896350247055349,NA,NA,NA,NA,NA,NA
pre_p4,4,cds_5y,31,-21.956509042759244,NA,NA,NA,NA,NA,NA
pre_p4,4,price_ipca,31,0.14009103033473935,NA,NA,NA,NA,NA,NA
pre_p4,4,cambio_usd,32,-0.06262653475538,NA,NA,NA,NA,NA,NA
pre_p4,4,yield_6m,32,-0.00245974019221283,NA,NA,NA,NA,NA,NA
pre_p4,4,yield_2y,32,-0.003635926445193701,NA,NA,NA,NA,NA,NA
pre_p4,4,ibc_br,32,0.3569768742858018,NA,NA,NA,NA,NA,NA
pre_p4,4,asset_ibov,32,0.897082676029622,NA,NA,NA,NA,NA,NA
pre_p4,4,cds_5y,32,-19.939867106221495,NA,NA,NA,NA,NA,NA
pre_p4,4,price_ipca,32,0.14241524619167892,NA,NA,NA,NA,NA,NA
pre_p4,4,cambio_usd,33,-0.055137638774264044,NA,NA,NA,NA,NA,NA
pre_p4,4,yield_6m,33,-0.0021147788061930727,NA,NA,NA,NA,NA,NA
pre_p4,4,yield_2y,33,-0.0030822323960251626,NA,NA,NA,NA,NA,NA
pre_p4,4,ibc_br,33,0.3807721436199388,NA,NA,NA,NA,NA,NA
pre_p4,4,asset_ibov,33,0.8884211530841466,NA,NA,NA,NA,NA,NA
pre_p4,4,cds_5y,33,-17.77728767450529,NA,NA,NA,NA,NA,NA
pre_p4,4,price_ipca,33,0.14328636120832206,NA,NA,NA,NA,NA,NA
pre_p4,4,cambio_usd,34,-0.04731460003046679,NA,NA,NA,NA,NA,NA
pre_p4,4,yield_6m,34,-0.0017561344628080032,NA,NA,NA,NA,NA,NA
pre_p4,4,yield_2y,34,-0.0025101939763764753,NA,NA,NA,NA,NA,NA
pre_p4,4,ibc_br,34,0.40083883151755056,NA,NA,NA,NA,NA,NA
pre_p4,4,asset_ibov,34,0.8733296237553957,NA,NA,NA,NA,NA,NA
pre_p4,4,cds_5y,34,-15.497927915065489,NA,NA,NA,NA,NA,NA
pre_p4,4,price_ipca,34,0.14279309960022876,NA,NA,NA,NA,NA,NA
pre_p4,4,cambio_usd,35,-0.03921911204264288,NA,NA,NA,NA,NA,NA
pre_p4,4,yield_6m,35,-0.0013863425925851156,NA,NA,NA,NA,NA,NA
pre_p4,4,yield_2y,35,-0.0019237551606938563,NA,NA,NA,NA,NA,NA
pre_p4,4,ibc_br,35,0.4170460178756292,NA,NA,NA,NA,NA,NA
pre_p4,4,asset_ibov,35,0.8495145431559884,NA,NA,NA,NA,NA,NA
pre_p4,4,cds_5y,35,-13.115964843590096,NA,NA,NA,NA,NA,NA
pre_p4,4,price_ipca,35,0.14094580288078448,NA,NA,NA,NA,NA,NA
pre_p4,4,cambio_usd,36,-0.030914727360072454,NA,NA,NA,NA,NA,NA
pre_p4,4,yield_6m,36,-0.0010086907633878907,NA,NA,NA,NA,NA,NA
pre_p4,4,yield_2y,36,-0.001328018474435623,NA,NA,NA,NA,NA,NA
pre_p4,4,ibc_br,36,0.4292859751031707,NA,NA,NA,NA,NA,NA
pre_p4,4,asset_ibov,36,0.8175454802878158,NA,NA,NA,NA,NA,NA
pre_p4,4,cds_5y,36,-10.651657448713834,NA,NA,NA,NA,NA,NA
pre_p4,4,price_ipca,36,0.1377658878868188,NA,NA,NA,NA,NA,NA
pre_p4,4,cambio_usd,37,-0.02247278253045629,NA,NA,NA,NA,NA,NA
pre_p4,4,yield_6m,37,-6.271911064611367e-4,NA,NA,NA,NA,NA,NA
pre_p4,4,yield_2y,37,-7.290114807916659e-4,NA,NA,NA,NA,NA,NA
pre_p4,4,ibc_br,37,0.43751822489742376,NA,NA,NA,NA,NA,NA
pre_p4,4,asset_ibov,37,0.7789962601971417,NA,NA,NA,NA,NA,NA
pre_p4,4,cds_5y,37,-8.130371047569877,NA,NA,NA,NA,NA,NA
pre_p4,4,price_ipca,37,0.13335214850290628,NA,NA,NA,NA,NA,NA
pre_p4,4,cambio_usd,38,-0.013963659448145383,NA,NA,NA,NA,NA,NA
pre_p4,4,yield_6m,38,-2.44962298546938e-4,NA,NA,NA,NA,NA,NA
pre_p4,4,yield_2y,38,-1.315426460391585e-4,NA,NA,NA,NA,NA,NA
pre_p4,4,ibc_br,38,0.4417310074164597,NA,NA,NA,NA,NA,NA
pre_p4,4,asset_ibov,38,0.733433624385163,NA,NA,NA,NA,NA,NA
pre_p4,4,cds_5y,38,-5.572183361656081,NA,NA,NA,NA,NA,NA
pre_p4,4,price_ipca,38,0.12775748126977238,NA,NA,NA,NA,NA,NA
pre_p4,4,cambio_usd,39,-0.005458572128361775,NA,NA,NA,NA,NA,NA
pre_p4,4,yield_6m,39,1.3464828118147238e-4,NA,NA,NA,NA,NA,NA
pre_p4,4,yield_2y,39,4.592212886875101e-4,NA,NA,NA,NA,NA,NA
pre_p4,4,ibc_br,39,0.44193552393059066,NA,NA,NA,NA,NA,NA
pre_p4,4,asset_ibov,39,0.6815226076832904,NA,NA,NA,NA,NA,NA
pre_p4,4,cds_5y,39,-2.9994145413753315,NA,NA,NA,NA,NA,NA
pre_p4,4,price_ipca,39,0.12104190868959153,NA,NA,NA,NA,NA,NA
pre_p4,4,cambio_usd,40,0.002970505025283107,NA,NA,NA,NA,NA,NA
pre_p4,4,yield_6m,40,5.08026462055681e-4,NA,NA,NA,NA,NA,NA
pre_p4,4,yield_2y,40,0.0010378429615217858,NA,NA,NA,NA,NA,NA
pre_p4,4,ibc_br,40,0.43818539314890553,NA,NA,NA,NA,NA,NA
pre_p4,4,asset_ibov,40,0.6242838271417386,NA,NA,NA,NA,NA,NA
pre_p4,4,cds_5y,40,-0.43601108810708966,NA,NA,NA,NA,NA,NA
pre_p4,4,price_ipca,40,0.11331127985152056,NA,NA,NA,NA,NA,NA
pre_p4,4,cambio_usd,41,0.01125205160094995,NA,NA,NA,NA,NA,NA
pre_p4,4,yield_6m,41,8.720241626332084e-4,NA,NA,NA,NA,NA,NA
pre_p4,4,yield_2y,41,0.0015995108681435206,NA,NA,NA,NA,NA,NA
pre_p4,4,ibc_br,41,0.430571067532017,NA,NA,NA,NA,NA,NA
pre_p4,4,asset_ibov,41,0.5619957277860542,NA,NA,NA,NA,NA,NA
pre_p4,4,cds_5y,41,2.096385977447065,NA,NA,NA,NA,NA,NA
pre_p4,4,price_ipca,41,0.10464924437340564,NA,NA,NA,NA,NA,NA
pre_p4,4,cambio_usd,42,0.01931556241558062,NA,NA,NA,NA,NA,NA
pre_p4,4,yield_6m,42,0.0012235285732060679,NA,NA,NA,NA,NA,NA
pre_p4,4,yield_2y,42,0.0021394549037023237,NA,NA,NA,NA,NA,NA
pre_p4,4,ibc_br,42,0.41921074936423,NA,NA,NA,NA,NA,NA
pre_p4,4,asset_ibov,42,0.4953998051080972,NA,NA,NA,NA,NA,NA
pre_p4,4,cds_5y,42,4.575740265156279,NA,NA,NA,NA,NA,NA
pre_p4,4,price_ipca,42,0.09514167342231314,NA,NA,NA,NA,NA,NA
pre_p4,4,cambio_usd,43,0.027093750667429882,NA,NA,NA,NA,NA,NA
pre_p4,4,yield_6m,43,0.0015594457375254398,NA,NA,NA,NA,NA,NA
pre_p4,4,yield_2y,43,0.002653029587660408,NA,NA,NA,NA,NA,NA
pre_p4,4,ibc_br,43,0.40425413555676004,NA,NA,NA,NA,NA,NA
pre_p4,4,asset_ibov,43,0.42531147567489236,NA,NA,NA,NA,NA,NA
pre_p4,4,cds_5y,43,6.980324217821127,NA,NA,NA,NA,NA,NA
pre_p4,4,price_ipca,43,0.08490014185720872,NA,NA,NA,NA,NA,NA
pre_p4,4,cambio_usd,44,0.03452224010972571,NA,NA,NA,NA,NA,NA
pre_p4,4,yield_6m,44,0.0018770164304861164,NA,NA,NA,NA,NA,NA
pre_p4,4,yield_2y,44,0.0031360721970551124,NA,NA,NA,NA,NA,NA
pre_p4,4,ibc_br,44,0.3858839552556805,NA,NA,NA,NA,NA,NA
pre_p4,4,asset_ibov,44,0.35226748035067984,NA,NA,NA,NA,NA,NA
pre_p4,4,cds_5y,44,9.29013512720547,NA,NA,NA,NA,NA,NA
pre_p4,4,price_ipca,44,0.07402740778170733,NA,NA,NA,NA,NA,NA
pre_p4,4,cambio_usd,45,0.0415397516111595,NA,NA,NA,NA,NA,NA
pre_p4,4,yield_6m,45,0.002173651609265057,NA,NA,NA,NA,NA,NA
pre_p4,4,yield_2y,45,0.0035846742088130818,NA,NA,NA,NA,NA,NA
pre_p4,4,ibc_br,45,0.36431006129435384,NA,NA,NA,NA,NA,NA
pre_p4,4,asset_ibov,45,0.2770290407365393,NA,NA,NA,NA,NA,NA
pre_p4,4,cds_5y,45,11.485810504908036,NA,NA,NA,NA,NA,NA
pre_p4,4,price_ipca,45,0.06262621541990489,NA,NA,NA,NA,NA,NA
pre_p4,4,cambio_usd,46,0.04809013709744339,NA,NA,NA,NA,NA,NA
pre_p4,4,yield_6m,46,0.00244693620765287,NA,NA,NA,NA,NA,NA
pre_p4,4,yield_2y,46,0.003995254274391602,NA,NA,NA,NA,NA,NA
pre_p4,4,ibc_br,46,0.33976662147083864,NA,NA,NA,NA,NA,NA
pre_p4,4,asset_ibov,46,0.20034488553964622,NA,NA,NA,NA,NA,NA
pre_p4,4,cds_5y,46,13.549230887434055,NA,NA,NA,NA,NA,NA
pre_p4,4,price_ipca,46,0.05081222814368049,NA,NA,NA,NA,NA,NA
pre_p4,4,cambio_usd,47,0.05412212515155649,NA,NA,NA,NA,NA,NA
pre_p4,4,yield_6m,47,0.002694761357990892,NA,NA,NA,NA,NA,NA
pre_p4,4,yield_2y,47,0.0043646996409493054,NA,NA,NA,NA,NA,NA
pre_p4,4,ibc_br,47,0.3125126752477548,NA,NA,NA,NA,NA,NA
pre_p4,4,asset_ibov,47,0.12284507329546246,NA,NA,NA,NA,NA,NA
pre_p4,4,cds_5y,47,15.464048566617302,NA,NA,NA,NA,NA,NA
pre_p4,4,price_ipca,47,0.03869760577478969,NA,NA,NA,NA,NA,NA
pre_p4,4,cambio_usd,48,0.05958913352766234,NA,NA,NA,NA,NA,NA
pre_p4,4,yield_6m,48,0.002915258750177313,NA,NA,NA,NA,NA,NA
pre_p4,4,yield_2y,48,0.004690265928880062,NA,NA,NA,NA,NA,NA
pre_p4,4,ibc_br,48,0.2828284929919823,NA,NA,NA,NA,NA,NA
pre_p4,4,asset_ibov,48,0.045271612870278116,NA,NA,NA,NA,NA,NA
pre_p4,4,cds_5y,48,17.215181348273177,NA,NA,NA,NA,NA,NA
pre_p4,4,price_ipca,48,0.02639300719016192,NA,NA,NA,NA,NA,NA
pre_p4,3,cambio_usd,0,0.09463948333211876,NA,NA,NA,NA,NA,NA
pre_p4,3,yield_6m,0,0.005,NA,NA,NA,NA,NA,NA
pre_p4,3,yield_2y,0,0.007430611428266129,NA,NA,NA,NA,NA,NA
pre_p4,3,ibc_br,0,-0.4622652686886105,NA,NA,NA,NA,NA,NA
pre_p4,3,asset_ibov,0,-4.914287639315196,NA,NA,NA,NA,NA,NA
pre_p4,3,cds_5y,0,37.87072858525588,NA,NA,NA,NA,NA,NA
pre_p4,3,price_ipca,0,-0.2085648556793015,NA,NA,NA,NA,NA,NA
pre_p4,3,cambio_usd,1,0.1570755480569344,NA,NA,NA,NA,NA,NA
pre_p4,3,yield_6m,1,0.004406134686958105,NA,NA,NA,NA,NA,NA
pre_p4,3,yield_2y,1,0.007843189463967181,NA,NA,NA,NA,NA,NA
pre_p4,3,ibc_br,1,-0.12762743473776259,NA,NA,NA,NA,NA,NA
pre_p4,3,asset_ibov,1,-4.981315494572963,NA,NA,NA,NA,NA,NA
pre_p4,3,cds_5y,1,46.16227542006397,NA,NA,NA,NA,NA,NA
pre_p4,3,price_ipca,1,-0.10286938900740943,NA,NA,NA,NA,NA,NA
pre_p4,3,cambio_usd,2,0.14056252149148832,NA,NA,NA,NA,NA,NA
pre_p4,3,yield_6m,2,0.004101640828162377,NA,NA,NA,NA,NA,NA
pre_p4,3,yield_2y,2,0.006804661822761047,NA,NA,NA,NA,NA,NA
pre_p4,3,ibc_br,2,-0.1999780439664907,NA,NA,NA,NA,NA,NA
pre_p4,3,asset_ibov,2,-0.4740324473890576,NA,NA,NA,NA,NA,NA
pre_p4,3,cds_5y,2,37.01540609644163,NA,NA,NA,NA,NA,NA
pre_p4,3,price_ipca,2,-0.14613385747461224,NA,NA,NA,NA,NA,NA
pre_p4,3,cambio_usd,3,0.13965786194637525,NA,NA,NA,NA,NA,NA
pre_p4,3,yield_6m,3,0.005080043927373357,NA,NA,NA,NA,NA,NA
pre_p4,3,yield_2y,3,0.008169412817890695,NA,NA,NA,NA,NA,NA
pre_p4,3,ibc_br,3,-0.24099504768858945,NA,NA,NA,NA,NA,NA
pre_p4,3,asset_ibov,3,-3.646376902812075,NA,NA,NA,NA,NA,NA
pre_p4,3,cds_5y,3,43.81233774807082,NA,NA,NA,NA,NA,NA
pre_p4,3,price_ipca,3,-0.1885970413726983,NA,NA,NA,NA,NA,NA
pre_p4,3,cambio_usd,4,0.13676372890937558,NA,NA,NA,NA,NA,NA
pre_p4,3,yield_6m,4,0.003938988339345785,NA,NA,NA,NA,NA,NA
pre_p4,3,yield_2y,4,0.006641413427834842,NA,NA,NA,NA,NA,NA
pre_p4,3,ibc_br,4,-0.2540854280284802,NA,NA,NA,NA,NA,NA
pre_p4,3,asset_ibov,4,-1.8818068856641605,NA,NA,NA,NA,NA,NA
pre_p4,3,cds_5y,4,37.80142818877407,NA,NA,NA,NA,NA,NA
pre_p4,3,price_ipca,4,-0.13682627354644614,NA,NA,NA,NA,NA,NA
pre_p4,3,cambio_usd,5,0.09617919922937304,NA,NA,NA,NA,NA,NA
pre_p4,3,yield_6m,5,0.0026433830513502166,NA,NA,NA,NA,NA,NA
pre_p4,3,yield_2y,5,0.004315975739983777,NA,NA,NA,NA,NA,NA
pre_p4,3,ibc_br,5,-0.31596485002356306,NA,NA,NA,NA,NA,NA
pre_p4,3,asset_ibov,5,-0.008434134601718631,NA,NA,NA,NA,NA,NA
pre_p4,3,cds_5y,5,24.939138134220823,NA,NA,NA,NA,NA,NA
pre_p4,3,price_ipca,5,-0.12054270633571523,NA,NA,NA,NA,NA,NA
pre_p4,3,cambio_usd,6,0.059628883908623,NA,NA,NA,NA,NA,NA
pre_p4,3,yield_6m,6,0.0021581744598476713,NA,NA,NA,NA,NA,NA
pre_p4,3,yield_2y,6,0.003197788811741773,NA,NA,NA,NA,NA,NA
pre_p4,3,ibc_br,6,-0.341280685918365,NA,NA,NA,NA,NA,NA
pre_p4,3,asset_ibov,6,-1.0543681262785383,NA,NA,NA,NA,NA,NA
pre_p4,3,cds_5y,6,18.901567536708075,NA,NA,NA,NA,NA,NA
pre_p4,3,price_ipca,6,-0.15684077166859653,NA,NA,NA,NA,NA,NA
pre_p4,3,cambio_usd,7,0.03335779054889424,NA,NA,NA,NA,NA,NA
pre_p4,3,yield_6m,7,0.0010783408840671445,NA,NA,NA,NA,NA,NA
pre_p4,3,yield_2y,7,0.001436155975203104,NA,NA,NA,NA,NA,NA
pre_p4,3,ibc_br,7,-0.4000944159351079,NA,NA,NA,NA,NA,NA
pre_p4,3,asset_ibov,7,-0.50918623276797,NA,NA,NA,NA,NA,NA
pre_p4,3,cds_5y,7,10.816549426609393,NA,NA,NA,NA,NA,NA
pre_p4,3,price_ipca,7,-0.1394831350911192,NA,NA,NA,NA,NA,NA
pre_p4,3,cambio_usd,8,0.004456606970013412,NA,NA,NA,NA,NA,NA
pre_p4,3,yield_6m,8,5.392173222110438e-5,NA,NA,NA,NA,NA,NA
pre_p4,3,yield_2y,8,-2.6269700087120295e-4,NA,NA,NA,NA,NA,NA
pre_p4,3,ibc_br,8,-0.42973086528011617,NA,NA,NA,NA,NA,NA
pre_p4,3,asset_ibov,8,-0.14545165409625047,NA,NA,NA,NA,NA,NA
pre_p4,3,cds_5y,8,2.5870990304202572,NA,NA,NA,NA,NA,NA
pre_p4,3,price_ipca,8,-0.12058688879003018,NA,NA,NA,NA,NA,NA
pre_p4,3,cambio_usd,9,-0.020892257961774702,NA,NA,NA,NA,NA,NA
pre_p4,3,yield_6m,9,-4.5611341521756754e-4,NA,NA,NA,NA,NA,NA
pre_p4,3,yield_2y,9,-0.0012822664662595856,NA,NA,NA,NA,NA,NA
pre_p4,3,ibc_br,9,-0.4318066089760997,NA,NA,NA,NA,NA,NA
pre_p4,3,asset_ibov,9,-0.4717531862319352,NA,NA,NA,NA,NA,NA
pre_p4,3,cds_5y,9,-2.5927063428724497,NA,NA,NA,NA,NA,NA
pre_p4,3,price_ipca,9,-0.14555691527050338,NA,NA,NA,NA,NA,NA
pre_p4,3,cambio_usd,10,-0.03738104081126044,NA,NA,NA,NA,NA,NA
pre_p4,3,yield_6m,10,-0.0010595229084856962,NA,NA,NA,NA,NA,NA
pre_p4,3,yield_2y,10,-0.0022798097090056457,NA,NA,NA,NA,NA,NA
pre_p4,3,ibc_br,10,-0.44923396380728897,NA,NA,NA,NA,NA,NA
pre_p4,3,asset_ibov,10,-0.38736397967982394,NA,NA,NA,NA,NA,NA
pre_p4,3,cds_5y,10,-7.138404219493711,NA,NA,NA,NA,NA,NA
pre_p4,3,price_ipca,10,-0.1410742235799749,NA,NA,NA,NA,NA,NA
pre_p4,3,cambio_usd,11,-0.04892924266211233,NA,NA,NA,NA,NA,NA
pre_p4,3,yield_6m,11,-0.0016054241198171194,NA,NA,NA,NA,NA,NA
pre_p4,3,yield_2y,11,-0.0030881038020135016,NA,NA,NA,NA,NA,NA
pre_p4,3,ibc_br,11,-0.44619519911814515,NA,NA,NA,NA,NA,NA
pre_p4,3,asset_ibov,11,-0.4779415729654654,NA,NA,NA,NA,NA,NA
pre_p4,3,cds_5y,11,-10.567813372632402,NA,NA,NA,NA,NA,NA
pre_p4,3,price_ipca,11,-0.12160271629792715,NA,NA,NA,NA,NA,NA
pre_p4,3,cambio_usd,12,-0.05918463168877043,NA,NA,NA,NA,NA,NA
pre_p4,3,yield_6m,12,-0.0019262045645115522,NA,NA,NA,NA,NA,NA
pre_p4,3,yield_2y,12,-0.003628972015238552,NA,NA,NA,NA,NA,NA
pre_p4,3,ibc_br,12,-0.4253869489438392,NA,NA,NA,NA,NA,NA
pre_p4,3,asset_ibov,12,-0.5494719819040232,NA,NA,NA,NA,NA,NA
pre_p4,3,cds_5y,12,-13.117230009231555,NA,NA,NA,NA,NA,NA
pre_p4,3,price_ipca,12,-0.1244365754699698,NA,NA,NA,NA,NA,NA
pre_p4,3,cambio_usd,13,-0.06589083294401733,NA,NA,NA,NA,NA,NA
pre_p4,3,yield_6m,13,-0.0022669887244037186,NA,NA,NA,NA,NA,NA
pre_p4,3,yield_2y,13,-0.0041338517888872914,NA,NA,NA,NA,NA,NA
pre_p4,3,ibc_br,13,-0.4072843672174239,NA,NA,NA,NA,NA,NA
pre_p4,3,asset_ibov,13,-0.4604261197305558,NA,NA,NA,NA,NA,NA
pre_p4,3,cds_5y,13,-15.378781013642788,NA,NA,NA,NA,NA,NA
pre_p4,3,price_ipca,13,-0.1138148679929268,NA,NA,NA,NA,NA,NA
pre_p4,3,cambio_usd,14,-0.06965138714425628,NA,NA,NA,NA,NA,NA
pre_p4,3,yield_6m,14,-0.0025823438853605596,NA,NA,NA,NA,NA,NA
pre_p4,3,yield_2y,14,-0.004534951033077995,NA,NA,NA,NA,NA,NA
pre_p4,3,ibc_br,14,-0.3832798406180672,NA,NA,NA,NA,NA,NA
pre_p4,3,asset_ibov,14,-0.4796020089208992,NA,NA,NA,NA,NA,NA
pre_p4,3,cds_5y,14,-16.994533233965377,NA,NA,NA,NA,NA,NA
pre_p4,3,price_ipca,14,-0.09200432693234442,NA,NA,NA,NA,NA,NA
pre_p4,3,cambio_usd,15,-0.07398921571142136,NA,NA,NA,NA,NA,NA
pre_p4,3,yield_6m,15,-0.002828156592171135,NA,NA,NA,NA,NA,NA
pre_p4,3,yield_2y,15,-0.004877255292974372,NA,NA,NA,NA,NA,NA
pre_p4,3,ibc_br,15,-0.35051486704370305,NA,NA,NA,NA,NA,NA
pre_p4,3,asset_ibov,15,-0.40080159577548,NA,NA,NA,NA,NA,NA
pre_p4,3,cds_5y,15,-18.618379731026543,NA,NA,NA,NA,NA,NA
pre_p4,3,price_ipca,15,-0.07992386050668865,NA,NA,NA,NA,NA,NA
pre_p4,3,cambio_usd,16,-0.07803468313835044,NA,NA,NA,NA,NA,NA
pre_p4,3,yield_6m,16,-0.003083847403194639,NA,NA,NA,NA,NA,NA
pre_p4,3,yield_2y,16,-0.005226428760476685,NA,NA,NA,NA,NA,NA
pre_p4,3,ibc_br,16,-0.31725393239799965,NA,NA,NA,NA,NA,NA
pre_p4,3,asset_ibov,16,-0.2372964124643367,NA,NA,NA,NA,NA,NA
pre_p4,3,cds_5y,16,-20.350061610504703,NA,NA,NA,NA,NA,NA
pre_p4,3,price_ipca,16,-0.06397455319960663,NA,NA,NA,NA,NA,NA
pre_p4,3,cambio_usd,17,-0.08090053769945467,NA,NA,NA,NA,NA,NA
pre_p4,3,yield_6m,17,-0.003315729778878778,NA,NA,NA,NA,NA,NA
pre_p4,3,yield_2y,17,-0.00551224487677171,NA,NA,NA,NA,NA,NA
pre_p4,3,ibc_br,17,-0.2834208017701303,NA,NA,NA,NA,NA,NA
pre_p4,3,asset_ibov,17,-0.16771637240964213,NA,NA,NA,NA,NA,NA
pre_p4,3,cds_5y,17,-21.723689612257555,NA,NA,NA,NA,NA,NA
pre_p4,3,price_ipca,17,-0.042794870183849296,NA,NA,NA,NA,NA,NA
pre_p4,3,cambio_usd,18,-0.08416355003556954,NA,NA,NA,NA,NA,NA
pre_p4,3,yield_6m,18,-0.0035119083517381167,NA,NA,NA,NA,NA,NA
pre_p4,3,yield_2y,18,-0.005768396487532105,NA,NA,NA,NA,NA,NA
pre_p4,3,ibc_br,18,-0.24565185843139517,NA,NA,NA,NA,NA,NA
pre_p4,3,asset_ibov,18,-0.05177301915221888,NA,NA,NA,NA,NA,NA
pre_p4,3,cds_5y,18,-23.115319742865214,NA,NA,NA,NA,NA,NA
pre_p4,3,price_ipca,18,-0.026223284438608344,NA,NA,NA,NA,NA,NA
pre_p4,3,cambio_usd,19,-0.0874904458343218,NA,NA,NA,NA,NA,NA
pre_p4,3,yield_6m,19,-0.0036945840699234927,NA,NA,NA,NA,NA,NA
pre_p4,3,yield_2y,19,-0.006010708609609397,NA,NA,NA,NA,NA,NA
pre_p4,3,ibc_br,19,-0.20644596041826532,NA,NA,NA,NA,NA,NA
pre_p4,3,asset_ibov,19,0.10555666256186769,NA,NA,NA,NA,NA,NA
pre_p4,3,cds_5y,19,-24.538965671932875,NA,NA,NA,NA,NA,NA
pre_p4,3,price_ipca,19,-0.009793324343949483,NA,NA,NA,NA,NA,NA
pre_p4,3,cambio_usd,20,-0.0899025992114157,NA,NA,NA,NA,NA,NA
pre_p4,3,yield_6m,20,-0.003837123483238222,NA,NA,NA,NA,NA,NA
pre_p4,3,yield_2y,20,-0.006181558904563454,NA,NA,NA,NA,NA,NA
pre_p4,3,ibc_br,20,-0.16736385934540585,NA,NA,NA,NA,NA,NA
pre_p4,3,asset_ibov,20,0.1911007632355167,NA,NA,NA,NA,NA,NA
pre_p4,3,cds_5y,20,-25.6141634292464,NA,NA,NA,NA,NA,NA
pre_p4,3,price_ipca,20,0.008067891639172039,NA,NA,NA,NA,NA,NA
pre_p4,3,cambio_usd,21,-0.09188599368950766,NA,NA,NA,NA,NA,NA
pre_p4,3,yield_6m,21,-0.003938767360260509,NA,NA,NA,NA,NA,NA
pre_p4,3,yield_2y,21,-0.006298726215655256,NA,NA,NA,NA,NA,NA
pre_p4,3,ibc_br,21,-0.12657167131657418,NA,NA,NA,NA,NA,NA
pre_p4,3,asset_ibov,21,0.2827838974518711,NA,NA,NA,NA,NA,NA
pre_p4,3,cds_5y,21,-26.50610677102358,NA,NA,NA,NA,NA,NA
pre_p4,3,price_ipca,21,0.023542146836892007,NA,NA,NA,NA,NA,NA
pre_p4,3,cambio_usd,22,-0.09341661218698603,NA,NA,NA,NA,NA,NA
pre_p4,3,yield_6m,22,-0.004008861940440689,NA,NA,NA,NA,NA,NA
pre_p4,3,yield_2y,22,-0.0063724856480293825,NA,NA,NA,NA,NA,NA
pre_p4,3,ibc_br,22,-0.08462444757743835,NA,NA,NA,NA,NA,NA
pre_p4,3,asset_ibov,22,0.3944093069749082,NA,NA,NA,NA,NA,NA
pre_p4,3,cds_5y,22,-27.259203970854596,NA,NA,NA,NA,NA,NA
pre_p4,3,price_ipca,22,0.037931157105906485,NA,NA,NA,NA,NA,NA
pre_p4,3,cambio_usd,23,-0.09395420085209612,NA,NA,NA,NA,NA,NA
pre_p4,3,yield_6m,23,-0.004032502073955384,NA,NA,NA,NA,NA,NA
pre_p4,3,yield_2y,23,-0.006370855831939653,NA,NA,NA,NA,NA,NA
pre_p4,3,ibc_br,23,-0.042926601945136075,NA,NA,NA,NA,NA,NA
pre_p4,3,asset_ibov,23,0.46292596479001624,NA,NA,NA,NA,NA,NA
pre_p4,3,cds_5y,23,-27.661422954405698,NA,NA,NA,NA,NA,NA
pre_p4,3,price_ipca,23,0.05214316447561174,NA,NA,NA,NA,NA,NA
pre_p4,3,cambio_usd,24,-0.0936529052861663,NA,NA,NA,NA,NA,NA
pre_p4,3,yield_6m,24,-0.0040132442145653915,NA,NA,NA,NA,NA,NA
pre_p4,3,yield_2y,24,-0.006305393532042758,NA,NA,NA,NA,NA,NA
pre_p4,3,ibc_br,24,-0.001048706180624384,NA,NA,NA,NA,NA,NA
pre_p4,3,asset_ibov,24,0.5253403312518817,NA,NA,NA,NA,NA,NA
pre_p4,3,cds_5y,24,-27.790202094261225,NA,NA,NA,NA,NA,NA
pre_p4,3,price_ipca,24,0.06490003254365168,NA,NA,NA,NA,NA,NA
pre_p4,3,cambio_usd,25,-0.09263997941967199,NA,NA,NA,NA,NA,NA
pre_p4,3,yield_6m,25,-0.003958846063127873,NA,NA,NA,NA,NA,NA
pre_p4,3,yield_2y,25,-0.006188244629869171,NA,NA,NA,NA,NA,NA
pre_p4,3,ibc_br,25,0.04083037298105802,NA,NA,NA,NA,NA,NA
pre_p4,3,asset_ibov,25,0.5973534768766626,NA,NA,NA,NA,NA,NA
pre_p4,3,cds_5y,25,-27.70983999628524,NA,NA,NA,NA,NA,NA
pre_p4,3,price_ipca,25,0.07653935503480026,NA,NA,NA,NA,NA,NA
pre_p4,3,cambio_usd,26,-0.09074094841842736,NA,NA,NA,NA,NA,NA
pre_p4,3,yield_6m,26,-0.0038633045499642123,NA,NA,NA,NA,NA,NA
pre_p4,3,yield_2y,26,-0.006006928342962834,NA,NA,NA,NA,NA,NA
pre_p4,3,ibc_br,26,0.08173656870916819,NA,NA,NA,NA,NA,NA
pre_p4,3,asset_ibov,26,0.64713798464295,NA,NA,NA,NA,NA,NA
pre_p4,3,cds_5y,26,-27.333064904422283,NA,NA,NA,NA,NA,NA
pre_p4,3,price_ipca,26,0.08736714675457882,NA,NA,NA,NA,NA,NA
pre_p4,3,cambio_usd,27,-0.08803390297667064,NA,NA,NA,NA,NA,NA
pre_p4,3,yield_6m,27,-0.0037306834844040254,NA,NA,NA,NA,NA,NA
pre_p4,3,yield_2y,27,-0.005769563447450105,NA,NA,NA,NA,NA,NA
pre_p4,3,ibc_br,27,0.12145994212714221,NA,NA,NA,NA,NA,NA
pre_p4,3,asset_ibov,27,0.68889484756675,NA,NA,NA,NA,NA,NA
pre_p4,3,cds_5y,27,-26.699693094399056,NA,NA,NA,NA,NA,NA
pre_p4,3,price_ipca,27,0.09698057376462339,NA,NA,NA,NA,NA,NA
pre_p4,3,cambio_usd,28,-0.08465378859079076,NA,NA,NA,NA,NA,NA
pre_p4,3,yield_6m,28,-0.0035673837337385915,NA,NA,NA,NA,NA,NA
pre_p4,3,yield_2y,28,-0.005486800226377197,NA,NA,NA,NA,NA,NA
pre_p4,3,ibc_br,28,0.1598243206645927,NA,NA,NA,NA,NA,NA
pre_p4,3,asset_ibov,28,0.7329838988587509,NA,NA,NA,NA,NA,NA
pre_p4,3,cds_5y,28,-25.863410589273858,NA,NA,NA,NA,NA,NA
pre_p4,3,price_ipca,28,0.10545548723099094,NA,NA,NA,NA,NA,NA
pre_p4,3,cambio_usd,29,-0.08058763690831702,NA,NA,NA,NA,NA,NA
pre_p4,3,yield_6m,29,-0.003372003844438105,NA,NA,NA,NA,NA,NA
pre_p4,3,yield_2y,29,-0.005155811908230401,NA,NA,NA,NA,NA,NA
pre_p4,3,ibc_br,29,0.19624180909030814,NA,NA,NA,NA,NA,NA
pre_p4,3,asset_ibov,29,0.7644109049119041,NA,NA,NA,NA,NA,NA
pre_p4,3,cds_5y,29,-24.79792514933888,NA,NA,NA,NA,NA,NA
pre_p4,3,price_ipca,29,0.11280895929631286,NA,NA,NA,NA,NA,NA
pre_p4,3,cambio_usd,30,-0.07588694319807904,NA,NA,NA,NA,NA,NA
pre_p4,3,yield_6m,30,-0.0031478047692986943,NA,NA,NA,NA,NA,NA
pre_p4,3,yield_2y,30,-0.004782148290949022,NA,NA,NA,NA,NA,NA
pre_p4,3,ibc_br,30,0.2303809068482998,NA,NA,NA,NA,NA,NA
pre_p4,3,asset_ibov,30,0.7873373264557544,NA,NA,NA,NA,NA,NA
pre_p4,3,cds_5y,30,-23.52466102983658,NA,NA,NA,NA,NA,NA
pre_p4,3,price_ipca,30,0.11890701731330683,NA,NA,NA,NA,NA,NA
pre_p4,3,cambio_usd,31,-0.07064477485460632,NA,NA,NA,NA,NA,NA
pre_p4,3,yield_6m,31,-0.002899629773278943,NA,NA,NA,NA,NA,NA
pre_p4,3,yield_2y,31,-0.004373628090421465,NA,NA,NA,NA,NA,NA
pre_p4,3,ibc_br,31,0.2620640625479903,NA,NA,NA,NA,NA,NA
pre_p4,3,asset_ibov,31,0.8071120226286379,NA,NA,NA,NA,NA,NA
pre_p4,3,cds_5y,31,-22.07922862423105,NA,NA,NA,NA,NA,NA
pre_p4,3,price_ipca,31,0.12378785606098436,NA,NA,NA,NA,NA,NA
pre_p4,3,cambio_usd,32,-0.06489699201528454,NA,NA,NA,NA,NA,NA
pre_p4,3,yield_6m,32,-0.0026283149745643655,NA,NA,NA,NA,NA,NA
pre_p4,3,yield_2y,32,-0.003931565079453088,NA,NA,NA,NA,NA,NA
pre_p4,3,ibc_br,32,0.2909670611792892,NA,NA,NA,NA,NA,NA
pre_p4,3,asset_ibov,32,0.8173455077040155,NA,NA,NA,NA,NA,NA
pre_p4,3,cds_5y,32,-20.46093057479845,NA,NA,NA,NA,NA,NA
pre_p4,3,price_ipca,32,0.1274080433132389,NA,NA,NA,NA,NA,NA
pre_p4,3,cambio_usd,33,-0.058689143369131475,NA,NA,NA,NA,NA,NA
pre_p4,3,yield_6m,33,-0.0023367103007019005,NA,NA,NA,NA,NA,NA
pre_p4,3,yield_2y,33,-0.0034604608980606582,NA,NA,NA,NA,NA,NA
pre_p4,3,ibc_br,33,0.316833326800255,NA,NA,NA,NA,NA,NA
pre_p4,3,asset_ibov,33,0.8190236317839408,NA,NA,NA,NA,NA,NA
pre_p4,3,cds_5y,33,-18.685676260816425,NA,NA,NA,NA,NA,NA
pre_p4,3,price_ipca,33,0.12973074299701204,NA,NA,NA,NA,NA,NA
pre_p4,3,cambio_usd,34,-0.05208862928262546,NA,NA,NA,NA,NA,NA
pre_p4,3,yield_6m,34,-0.002028757176205584,NA,NA,NA,NA,NA,NA
pre_p4,3,yield_2y,34,-0.002966393746464749,NA,NA,NA,NA,NA,NA
pre_p4,3,ibc_br,34,0.33952146636915603,NA,NA,NA,NA,NA,NA
pre_p4,3,asset_ibov,34,0.8147244133565342,NA,NA,NA,NA,NA,NA
pre_p4,3,cds_5y,34,-16.778828004690318,NA,NA,NA,NA,NA,NA
pre_p4,3,price_ipca,34,0.13081149539304104,NA,NA,NA,NA,NA,NA
pre_p4,3,cambio_usd,35,-0.04514903818717708,NA,NA,NA,NA,NA,NA
pre_p4,3,yield_6m,35,-0.0017065782626562737,NA,NA,NA,NA,NA,NA
pre_p4,3,yield_2y,35,-0.0024527315792789014,NA,NA,NA,NA,NA,NA
pre_p4,3,ibc_br,35,0.3588676910735827,NA,NA,NA,NA,NA,NA
pre_p4,3,asset_ibov,35,0.8022047095915734,NA,NA,NA,NA,NA,NA
pre_p4,3,cds_5y,35,-14.751952583928674,NA,NA,NA,NA,NA,NA
pre_p4,3,price_ipca,35,0.1306376022411083,NA,NA,NA,NA,NA,NA
pre_p4,3,cambio_usd,36,-0.037924983814980634,NA,NA,NA,NA,NA,NA
pre_p4,3,yield_6m,36,-0.0013731277227108628,NA,NA,NA,NA,NA,NA
pre_p4,3,yield_2y,36,-0.0019240521006262407,NA,NA,NA,NA,NA,NA
pre_p4,3,ibc_br,36,0.3747272287043787,NA,NA,NA,NA,NA,NA
pre_p4,3,asset_ibov,36,0.7819140509604965,NA,NA,NA,NA,NA,NA
pre_p4,3,cds_5y,36,-12.622614805943536,NA,NA,NA,NA,NA,NA
pre_p4,3,price_ipca,36,0.12922222455153562,NA,NA,NA,NA,NA,NA
pre_p4,3,cambio_usd,37,-0.030480569609734536,NA,NA,NA,NA,NA,NA
pre_p4,3,yield_6m,37,-0.0010320020631346646,NA,NA,NA,NA,NA,NA
pre_p4,3,yield_2y,37,-0.001385801445455904,NA,NA,NA,NA,NA,NA
pre_p4,3,ibc_br,37,0.3870228317552436,NA,NA,NA,NA,NA,NA
pre_p4,3,asset_ibov,37,0.7552017770377316,NA,NA,NA,NA,NA,NA
pre_p4,3,cds_5y,37,-10.413338414001412,NA,NA,NA,NA,NA,NA
pre_p4,3,price_ipca,37,0.12663892102653201,NA,NA,NA,NA,NA,NA
pre_p4,3,cambio_usd,38,-0.022880011025701388,NA,NA,NA,NA,NA,NA
pre_p4,3,yield_6m,38,-6.860142174355903e-4,NA,NA,NA,NA,NA,NA
pre_p4,3,yield_2y,38,-8.423728024810552e-4,NA,NA,NA,NA,NA,NA
pre_p4,3,ibc_br,38,0.3957004596282121,NA,NA,NA,NA,NA,NA
pre_p4,3,asset_ibov,38,0.7216159705794762,NA,NA,NA,NA,NA,NA
pre_p4,3,cds_5y,38,-8.142102562004142,NA,NA,NA,NA,NA,NA
pre_p4,3,price_ipca,38,0.12291812559189783,NA,NA,NA,NA,NA,NA
pre_p4,3,cambio_usd,39,-0.015187993406370611,NA,NA,NA,NA,NA,NA
pre_p4,3,yield_6m,39,-3.382590044742698e-4,NA,NA,NA,NA,NA,NA
pre_p4,3,yield_2y,39,-2.9855803975382375e-4,NA,NA,NA,NA,NA,NA
pre_p4,3,ibc_br,39,0.40072424465725354,NA,NA,NA,NA,NA,NA
pre_p4,3,asset_ibov,39,0.6816809903434223,NA,NA,NA,NA,NA,NA
pre_p4,3,cds_5y,39,-5.829083583576502,NA,NA,NA,NA,NA,NA
pre_p4,3,price_ipca,39,0.11810565085921358,NA,NA,NA,NA,NA,NA
pre_p4,3,cambio_usd,40,-0.007471178134859236,NA,NA,NA,NA,NA,NA
pre_p4,3,yield_6m,40,7.903896868050169e-6,NA,NA,NA,NA,NA,NA
pre_p4,3,yield_2y,40,2.4055482467474722e-4,NA,NA,NA,NA,NA,NA
pre_p4,3,ibc_br,40,0.40210039344241855,NA,NA,NA,NA,NA,NA
pre_p4,3,asset_ibov,40,0.6362529634476154,NA,NA,NA,NA,NA,NA
pre_p4,3,cds_5y,40,-3.4962209410236667,NA,NA,NA,NA,NA,NA
pre_p4,3,price_ipca,40,0.11228637935909895,NA,NA,NA,NA,NA,NA
pre_p4,3,cambio_usd,41,2.0292475903788785e-4,NA,NA,NA,NA,NA,NA
pre_p4,3,yield_6m,41,3.495040106853542e-4,NA,NA,NA,NA,NA,NA
pre_p4,3,yield_2y,41,7.703803843590551e-4,NA,NA,NA,NA,NA,NA
pre_p4,3,ibc_br,41,0.3998698685299056,NA,NA,NA,NA,NA,NA
pre_p4,3,asset_ibov,41,0.5855589753932585,NA,NA,NA,NA,NA,NA
pre_p4,3,cds_5y,41,-1.1637219301122752,NA,NA,NA,NA,NA,NA
pre_p4,3,price_ipca,41,0.10552371731488457,NA,NA,NA,NA,NA,NA
pre_p4,3,cambio_usd,42,0.007767535058714584,NA,NA,NA,NA,NA,NA
pre_p4,3,yield_6m,42,6.835603092724846e-4,NA,NA,NA,NA,NA,NA
pre_p4,3,yield_2y,42,0.001286324505370822,NA,NA,NA,NA,NA,NA
pre_p4,3,ibc_br,42,0.39409836174520607,NA,NA,NA,NA,NA,NA
pre_p4,3,asset_ibov,42,0.5302185028357207,NA,NA,NA,NA,NA,NA
pre_p4,3,cds_5y,42,1.147714287748531,NA,NA,NA,NA,NA,NA
pre_p4,3,price_ipca,42,0.09788768701204165,NA,NA,NA,NA,NA,NA
pre_p4,3,cambio_usd,43,0.015158082282723837,NA,NA,NA,NA,NA,NA
pre_p4,3,yield_6m,43,0.0010070820448422834,NA,NA,NA,NA,NA,NA
pre_p4,3,yield_2y,43,0.0017838638959787132,NA,NA,NA,NA,NA,NA
pre_p4,3,ibc_br,43,0.38488272709775573,NA,NA,NA,NA,NA,NA
pre_p4,3,asset_ibov,43,0.470919136497784,NA,NA,NA,NA,NA,NA
pre_p4,3,cds_5y,43,3.417467149613813,NA,NA,NA,NA,NA,NA
pre_p4,3,price_ipca,43,0.08947200521373294,NA,NA,NA,NA,NA,NA
pre_p4,3,cambio_usd,44,0.022311632680593968,NA,NA,NA,NA,NA,NA
pre_p4,3,yield_6m,44,0.0013173503065856424,NA,NA,NA,NA,NA,NA
pre_p4,3,yield_2y,44,0.002258856889252984,NA,NA,NA,NA,NA,NA
pre_p4,3,ibc_br,44,0.3723526733052012,NA,NA,NA,NA,NA,NA
pre_p4,3,asset_ibov,44,0.4081360636830343,NA,NA,NA,NA,NA,NA
pre_p4,3,cds_5y,44,5.626166700290831,NA,NA,NA,NA,NA,NA
pre_p4,3,price_ipca,44,0.08036218820612515,NA,NA,NA,NA,NA,NA
pre_p4,3,cambio_usd,45,0.02916764815960261,NA,NA,NA,NA,NA,NA
pre_p4,3,yield_6m,45,0.001611772257250798,NA,NA,NA,NA,NA,NA
pre_p4,3,yield_2y,45,0.0027073570276452564,NA,NA,NA,NA,NA,NA
pre_p4,3,ibc_br,45,0.3566641363408721,NA,NA,NA,NA,NA,NA
pre_p4,3,asset_ibov,45,0.34253614585533626,NA,NA,NA,NA,NA,NA
pre_p4,3,cds_5y,45,7.754876222298662,NA,NA,NA,NA,NA,NA
pre_p4,3,price_ipca,45,0.07064626742182761,NA,NA,NA,NA,NA,NA
pre_p4,3,cambio_usd,46,0.03566977904438491,NA,NA,NA,NA,NA,NA
pre_p4,3,yield_6m,46,0.0018878911465187102,NA,NA,NA,NA,NA,NA
pre_p4,3,yield_2y,46,0.0031256841949647875,NA,NA,NA,NA,NA,NA
pre_p4,3,ibc_br,46,0.3379978427688905,NA,NA,NA,NA,NA,NA
pre_p4,3,asset_ibov,46,0.27477289628707696,NA,NA,NA,NA,NA,NA
pre_p4,3,cds_5y,46,9.785639429678675,NA,NA,NA,NA,NA,NA
pre_p4,3,price_ipca,46,0.060425240606506336,NA,NA,NA,NA,NA,NA
pre_p4,3,cambio_usd,47,0.04176541248801526,NA,NA,NA,NA,NA,NA
pre_p4,3,yield_6m,47,0.0021435032636165576,NA,NA,NA,NA,NA,NA
pre_p4,3,yield_2y,47,0.0035105430969470724,NA,NA,NA,NA,NA,NA
pre_p4,3,ibc_br,47,0.3165605566950648,NA,NA,NA,NA,NA,NA
pre_p4,3,asset_ibov,47,0.2054207492997107,NA,NA,NA,NA,NA,NA
pre_p4,3,cds_5y,47,11.701876164670002,NA,NA,NA,NA,NA,NA
pre_p4,3,price_ipca,47,0.04979757932980407,NA,NA,NA,NA,NA,NA
pre_p4,3,cambio_usd,48,0.04740577341341608,NA,NA,NA,NA,NA,NA
pre_p4,3,yield_6m,48,0.0023766040826204353,NA,NA,NA,NA,NA,NA
pre_p4,3,yield_2y,48,0.0038589470413357557,NA,NA,NA,NA,NA,NA
pre_p4,3,ibc_br,48,0.29258123081200493,NA,NA,NA,NA,NA,NA
pre_p4,3,asset_ibov,48,0.13515593605051857,NA,NA,NA,NA,NA,NA
pre_p4,3,cds_5y,48,13.488017039857588,NA,NA,NA,NA,NA,NA
pre_p4,3,price_ipca,48,0.03886206627358497,NA,NA,NA,NA,NA,NA
pre_p4,2,cambio_usd,0,0.16566645668504498,NA,NA,NA,NA,NA,NA
pre_p4,2,yield_6m,0,0.005,NA,NA,NA,NA,NA,NA
pre_p4,2,yield_2y,0,0.008793292943899182,NA,NA,NA,NA,NA,NA
pre_p4,2,ibc_br,0,-1.0077859178910027,NA,NA,NA,NA,NA,NA
pre_p4,2,asset_ibov,0,-7.461536855317832,NA,NA,NA,NA,NA,NA
pre_p4,2,cds_5y,0,53.27361562776039,NA,NA,NA,NA,NA,NA
pre_p4,2,price_ipca,0,0.017186696711872028,NA,NA,NA,NA,NA,NA
pre_p4,2,cambio_usd,1,0.259784076775974,NA,NA,NA,NA,NA,NA
pre_p4,2,yield_6m,1,0.004620857094024123,NA,NA,NA,NA,NA,NA
pre_p4,2,yield_2y,1,0.009829725378085515,NA,NA,NA,NA,NA,NA
pre_p4,2,ibc_br,1,-0.3577746028380702,NA,NA,NA,NA,NA,NA
pre_p4,2,asset_ibov,1,-6.403238884921785,NA,NA,NA,NA,NA,NA
pre_p4,2,cds_5y,1,65.99728967154927,NA,NA,NA,NA,NA,NA
pre_p4,2,price_ipca,1,0.06393359529132196,NA,NA,NA,NA,NA,NA
pre_p4,2,cambio_usd,2,0.23509772115723493,NA,NA,NA,NA,NA,NA
pre_p4,2,yield_6m,2,0.00428620306181618,NA,NA,NA,NA,NA,NA
pre_p4,2,yield_2y,2,0.00819902515266781,NA,NA,NA,NA,NA,NA
pre_p4,2,ibc_br,2,-0.39585049939362893,NA,NA,NA,NA,NA,NA
pre_p4,2,asset_ibov,2,1.4599814114560223,NA,NA,NA,NA,NA,NA
pre_p4,2,cds_5y,2,51.58903502991731,NA,NA,NA,NA,NA,NA
pre_p4,2,price_ipca,2,-0.09256600035208083,NA,NA,NA,NA,NA,NA
pre_p4,2,cambio_usd,3,0.243538537353569,NA,NA,NA,NA,NA,NA
pre_p4,2,yield_6m,3,0.006097280776497218,NA,NA,NA,NA,NA,NA
pre_p4,2,yield_2y,3,0.010842804870087588,NA,NA,NA,NA,NA,NA
pre_p4,2,ibc_br,3,-0.5886382530699475,NA,NA,NA,NA,NA,NA
pre_p4,2,asset_ibov,3,-3.6371007859803677,NA,NA,NA,NA,NA,NA
pre_p4,2,cds_5y,3,64.90244653902917,NA,NA,NA,NA,NA,NA
pre_p4,2,price_ipca,3,-0.12992736326434115,NA,NA,NA,NA,NA,NA
pre_p4,2,cambio_usd,4,0.24551082256022305,NA,NA,NA,NA,NA,NA
pre_p4,2,yield_6m,4,0.004800815424789063,NA,NA,NA,NA,NA,NA
pre_p4,2,yield_2y,4,0.009281817135227018,NA,NA,NA,NA,NA,NA
pre_p4,2,ibc_br,4,-0.5346376556677709,NA,NA,NA,NA,NA,NA
pre_p4,2,asset_ibov,4,-2.7636613608552016,NA,NA,NA,NA,NA,NA
pre_p4,2,cds_5y,4,60.343417838370925,NA,NA,NA,NA,NA,NA
pre_p4,2,price_ipca,4,-0.07131399914586133,NA,NA,NA,NA,NA,NA
pre_p4,2,cambio_usd,5,0.18424351285905247,NA,NA,NA,NA,NA,NA
pre_p4,2,yield_6m,5,0.0033287957112051146,NA,NA,NA,NA,NA,NA
pre_p4,2,yield_2y,5,0.00620782870337504,NA,NA,NA,NA,NA,NA
pre_p4,2,ibc_br,5,-0.6008463060704085,NA,NA,NA,NA,NA,NA
pre_p4,2,asset_ibov,5,0.927238822758776,NA,NA,NA,NA,NA,NA
pre_p4,2,cds_5y,5,41.401068110956594,NA,NA,NA,NA,NA,NA
pre_p4,2,price_ipca,5,-0.11474841573417807,NA,NA,NA,NA,NA,NA
pre_p4,2,cambio_usd,6,0.1421434567056637,NA,NA,NA,NA,NA,NA
pre_p4,2,yield_6m,6,0.0029786225270956217,NA,NA,NA,NA,NA,NA
pre_p4,2,yield_2y,6,0.005293720541234019,NA,NA,NA,NA,NA,NA
pre_p4,2,ibc_br,6,-0.6389556958777779,NA,NA,NA,NA,NA,NA
pre_p4,2,asset_ibov,6,-1.5569996847493215,NA,NA,NA,NA,NA,NA
pre_p4,2,cds_5y,6,36.59933110077373,NA,NA,NA,NA,NA,NA
pre_p4,2,price_ipca,6,-0.1462560863225319,NA,NA,NA,NA,NA,NA
pre_p4,2,cambio_usd,7,0.1125123703752167,NA,NA,NA,NA,NA,NA
pre_p4,2,yield_6m,7,0.0018170242029066997,NA,NA,NA,NA,NA,NA
pre_p4,2,yield_2y,7,0.003372410196690408,NA,NA,NA,NA,NA,NA
pre_p4,2,ibc_br,7,-0.7041808185596267,NA,NA,NA,NA,NA,NA
pre_p4,2,asset_ibov,7,-1.0819139591961204,NA,NA,NA,NA,NA,NA
pre_p4,2,cds_5y,7,27.854911445010643,NA,NA,NA,NA,NA,NA
pre_p4,2,price_ipca,7,-0.13520923442382995,NA,NA,NA,NA,NA,NA
pre_p4,2,cambio_usd,8,0.06772287098393447,NA,NA,NA,NA,NA,NA
pre_p4,2,yield_6m,8,4.4110458418062087e-4,NA,NA,NA,NA,NA,NA
pre_p4,2,yield_2y,8,9.306855442551726e-4,NA,NA,NA,NA,NA,NA
pre_p4,2,ibc_br,8,-0.7285387182473596,NA,NA,NA,NA,NA,NA
pre_p4,2,asset_ibov,8,0.002642965541647016,NA,NA,NA,NA,NA,NA
pre_p4,2,cds_5y,8,15.086343941832988,NA,NA,NA,NA,NA,NA
pre_p4,2,price_ipca,8,-0.13242022677373436,NA,NA,NA,NA,NA,NA
pre_p4,2,cambio_usd,9,0.03044873021368153,NA,NA,NA,NA,NA,NA
pre_p4,2,yield_6m,9,-1.7896707757469798e-4,NA,NA,NA,NA,NA,NA
pre_p4,2,yield_2y,9,-3.849143217809868e-4,NA,NA,NA,NA,NA,NA
pre_p4,2,ibc_br,9,-0.7336043834281426,NA,NA,NA,NA,NA,NA
pre_p4,2,asset_ibov,9,-0.6937085413065167,NA,NA,NA,NA,NA,NA
pre_p4,2,cds_5y,9,8.079934853608817,NA,NA,NA,NA,NA,NA
pre_p4,2,price_ipca,9,-0.1677701013210653,NA,NA,NA,NA,NA,NA
pre_p4,2,cambio_usd,10,0.005181221477146238,NA,NA,NA,NA,NA,NA
pre_p4,2,yield_6m,10,-9.821329289838342e-4,NA,NA,NA,NA,NA,NA
pre_p4,2,yield_2y,10,-0.0017529405643004542,NA,NA,NA,NA,NA,NA
pre_p4,2,ibc_br,10,-0.7620897397838587,NA,NA,NA,NA,NA,NA
pre_p4,2,asset_ibov,10,-0.7807466348099519,NA,NA,NA,NA,NA,NA
pre_p4,2,cds_5y,10,1.7389705493478753,NA,NA,NA,NA,NA,NA
pre_p4,2,price_ipca,10,-0.16578067564081292,NA,NA,NA,NA,NA,NA
pre_p4,2,cambio_usd,11,-0.018667058547788003,NA,NA,NA,NA,NA,NA
pre_p4,2,yield_6m,11,-0.0018606811417135874,NA,NA,NA,NA,NA,NA
pre_p4,2,yield_2y,11,-0.003178300464709761,NA,NA,NA,NA,NA,NA
pre_p4,2,ibc_br,11,-0.7560517167831386,NA,NA,NA,NA,NA,NA
pre_p4,2,asset_ibov,11,-0.5837074206958591,NA,NA,NA,NA,NA,NA
pre_p4,2,cds_5y,11,-5.0581919448942605,NA,NA,NA,NA,NA,NA
pre_p4,2,price_ipca,11,-0.15005989356097268,NA,NA,NA,NA,NA,NA
pre_p4,2,cambio_usd,12,-0.04016360226131682,NA,NA,NA,NA,NA,NA
pre_p4,2,yield_6m,12,-0.002396481733279706,NA,NA,NA,NA,NA,NA
pre_p4,2,yield_2y,12,-0.004150008949759753,NA,NA,NA,NA,NA,NA
pre_p4,2,ibc_br,12,-0.7301025009680945,NA,NA,NA,NA,NA,NA
pre_p4,2,asset_ibov,12,-0.7365856052636902,NA,NA,NA,NA,NA,NA
pre_p4,2,cds_5y,12,-9.996362912368687,NA,NA,NA,NA,NA,NA
pre_p4,2,price_ipca,12,-0.15934734995976702,NA,NA,NA,NA,NA,NA
pre_p4,2,cambio_usd,13,-0.05572612277928399,NA,NA,NA,NA,NA,NA
pre_p4,2,yield_6m,13,-0.0029443347755753546,NA,NA,NA,NA,NA,NA
pre_p4,2,yield_2y,13,-0.005037111631277355,NA,NA,NA,NA,NA,NA
pre_p4,2,ibc_br,13,-0.712384663485151,NA,NA,NA,NA,NA,NA
pre_p4,2,asset_ibov,13,-0.7275916759621329,NA,NA,NA,NA,NA,NA
pre_p4,2,cds_5y,13,-14.226199145484678,NA,NA,NA,NA,NA,NA
pre_p4,2,price_ipca,13,-0.15072004681943763,NA,NA,NA,NA,NA,NA
pre_p4,2,cambio_usd,14,-0.06847227622087965,NA,NA,NA,NA,NA,NA
pre_p4,2,yield_6m,14,-0.003531454846205331,NA,NA,NA,NA,NA,NA
pre_p4,2,yield_2y,14,-0.005905781456389615,NA,NA,NA,NA,NA,NA
pre_p4,2,ibc_br,14,-0.680673186868504,NA,NA,NA,NA,NA,NA
pre_p4,2,asset_ibov,14,-0.6565049862386971,NA,NA,NA,NA,NA,NA
pre_p4,2,cds_5y,14,-18.259019000318222,NA,NA,NA,NA,NA,NA
pre_p4,2,price_ipca,14,-0.1267703384355259,NA,NA,NA,NA,NA,NA
pre_p4,2,cambio_usd,15,-0.08146178607938867,NA,NA,NA,NA,NA,NA
pre_p4,2,yield_6m,15,-0.003991475744864801,NA,NA,NA,NA,NA,NA
pre_p4,2,yield_2y,15,-0.006635904800616907,NA,NA,NA,NA,NA,NA
pre_p4,2,ibc_br,15,-0.6362696792633505,NA,NA,NA,NA,NA,NA
pre_p4,2,asset_ibov,15,-0.5653250131449762,NA,NA,NA,NA,NA,NA
pre_p4,2,cds_5y,15,-21.98314262191806,NA,NA,NA,NA,NA,NA
pre_p4,2,price_ipca,15,-0.11531598320352217,NA,NA,NA,NA,NA,NA
pre_p4,2,cambio_usd,16,-0.09275117252513441,NA,NA,NA,NA,NA,NA
pre_p4,2,yield_6m,16,-0.00444036674668969,NA,NA,NA,NA,NA,NA
pre_p4,2,yield_2y,16,-0.007320627862632036,NA,NA,NA,NA,NA,NA
pre_p4,2,ibc_br,16,-0.5921086628910492,NA,NA,NA,NA,NA,NA
pre_p4,2,asset_ibov,16,-0.41967163302287486,NA,NA,NA,NA,NA,NA
pre_p4,2,cds_5y,16,-25.48783400327754,NA,NA,NA,NA,NA,NA
pre_p4,2,price_ipca,16,-0.09760207967398758,NA,NA,NA,NA,NA,NA
pre_p4,2,cambio_usd,17,-0.1021693199835415,NA,NA,NA,NA,NA,NA
pre_p4,2,yield_6m,17,-0.004884005185279445,NA,NA,NA,NA,NA,NA
pre_p4,2,yield_2y,17,-0.00795289278802353,NA,NA,NA,NA,NA,NA
pre_p4,2,ibc_br,17,-0.5439548870754437,NA,NA,NA,NA,NA,NA
pre_p4,2,asset_ibov,17,-0.30060828336318196,NA,NA,NA,NA,NA,NA
pre_p4,2,cds_5y,17,-28.675528591970835,NA,NA,NA,NA,NA,NA
pre_p4,2,price_ipca,17,-0.07107430215064157,NA,NA,NA,NA,NA,NA
pre_p4,2,cambio_usd,18,-0.11170898283473721,NA,NA,NA,NA,NA,NA
pre_p4,2,yield_6m,18,-0.00526454200021213,NA,NA,NA,NA,NA,NA
pre_p4,2,yield_2y,18,-0.008516739088127685,NA,NA,NA,NA,NA,NA
pre_p4,2,ibc_br,18,-0.4883770827853034,NA,NA,NA,NA,NA,NA
pre_p4,2,asset_ibov,18,-0.1436056834692759,NA,NA,NA,NA,NA,NA
pre_p4,2,cds_5y,18,-31.751905451864147,NA,NA,NA,NA,NA,NA
pre_p4,2,price_ipca,18,-0.05015732740918936,NA,NA,NA,NA,NA,NA
pre_p4,2,cambio_usd,19,-0.12057976632098269,NA,NA,NA,NA,NA,NA
pre_p4,2,yield_6m,19,-0.005609603615371682,NA,NA,NA,NA,NA,NA
pre_p4,2,yield_2y,19,-0.009026490686296688,NA,NA,NA,NA,NA,NA
pre_p4,2,ibc_br,19,-0.4305144633905005,NA,NA,NA,NA,NA,NA
pre_p4,2,asset_ibov,19,0.04478178193927598,NA,NA,NA,NA,NA,NA
pre_p4,2,cds_5y,19,-34.66773971034139,NA,NA,NA,NA,NA,NA
pre_p4,2,price_ipca,19,-0.028733514789007288,NA,NA,NA,NA,NA,NA
pre_p4,2,cambio_usd,20,-0.12781223608990255,NA,NA,NA,NA,NA,NA
pre_p4,2,yield_6m,20,-0.005910556876386572,NA,NA,NA,NA,NA,NA
pre_p4,2,yield_2y,20,-0.009446130258474225,NA,NA,NA,NA,NA,NA
pre_p4,2,ibc_br,20,-0.37120237978176757,NA,NA,NA,NA,NA,NA
pre_p4,2,asset_ibov,20,0.17747481832240294,NA,NA,NA,NA,NA,NA
pre_p4,2,cds_5y,20,-37.13499600940873,NA,NA,NA,NA,NA,NA
pre_p4,2,price_ipca,20,-0.0036339253371190055,NA,NA,NA,NA,NA,NA
pre_p4,2,cambio_usd,21,-0.13420977138861567,NA,NA,NA,NA,NA,NA
pre_p4,2,yield_6m,21,-0.006149466236458732,NA,NA,NA,NA,NA,NA
pre_p4,2,yield_2y,21,-0.00977944539730326,NA,NA,NA,NA,NA,NA
pre_p4,2,ibc_br,21,-0.3079376109209747,NA,NA,NA,NA,NA,NA
pre_p4,2,asset_ibov,21,0.31924117363209414,NA,NA,NA,NA,NA,NA
pre_p4,2,cds_5y,21,-39.299638810594004,NA,NA,NA,NA,NA,NA
pre_p4,2,price_ipca,21,0.018800208165207728,NA,NA,NA,NA,NA,NA
pre_p4,2,cambio_usd,22,-0.1396243127761633,NA,NA,NA,NA,NA,NA
pre_p4,2,yield_6m,22,-0.0063344669818209435,NA,NA,NA,NA,NA,NA
pre_p4,2,yield_2y,22,-0.010033250766497978,NA,NA,NA,NA,NA,NA
pre_p4,2,ibc_br,22,-0.24236750667606577,NA,NA,NA,NA,NA,NA
pre_p4,2,asset_ibov,22,0.47991585286412936,NA,NA,NA,NA,NA,NA
pre_p4,2,cds_5y,22,-41.17528758988556,NA,NA,NA,NA,NA,NA
pre_p4,2,price_ipca,22,0.04006927111183623,NA,NA,NA,NA,NA,NA
pre_p4,2,cambio_usd,23,-0.1433706349296063,NA,NA,NA,NA,NA,NA
pre_p4,2,yield_6m,23,-0.006456291443996171,NA,NA,NA,NA,NA,NA
pre_p4,2,yield_2y,23,-0.010178970471100387,NA,NA,NA,NA,NA,NA
pre_p4,2,ibc_br,23,-0.1762509149978639,NA,NA,NA,NA,NA,NA
pre_p4,2,asset_ibov,23,0.5970240911772653,NA,NA,NA,NA,NA,NA
pre_p4,2,cds_5y,23,-42.545262338837404,NA,NA,NA,NA,NA,NA
pre_p4,2,price_ipca,23,0.06212890713031285,NA,NA,NA,NA,NA,NA
pre_p4,2,cambio_usd,24,-0.1457353724236311,NA,NA,NA,NA,NA,NA
pre_p4,2,yield_6m,24,-0.006512807770708404,NA,NA,NA,NA,NA,NA
pre_p4,2,yield_2y,24,-0.01022462396058678,NA,NA,NA,NA,NA,NA
pre_p4,2,ibc_br,24,-0.10878766956628905,NA,NA,NA,NA,NA,NA
pre_p4,2,asset_ibov,24,0.7071844614572605,NA,NA,NA,NA,NA,NA
pre_p4,2,cds_5y,24,-43.489324475353264,NA,NA,NA,NA,NA,NA
pre_p4,2,price_ipca,24,0.08260635363149207,NA,NA,NA,NA,NA,NA
pre_p4,2,cambio_usd,25,-0.14685541445462755,NA,NA,NA,NA,NA,NA
pre_p4,2,yield_6m,25,-0.0065106099590652704,NA,NA,NA,NA,NA,NA
pre_p4,2,yield_2y,25,-0.010181752595836188,NA,NA,NA,NA,NA,NA
pre_p4,2,ibc_br,25,-0.040580561124088026,NA,NA,NA,NA,NA,NA
pre_p4,2,asset_ibov,25,0.8278804661346069,NA,NA,NA,NA,NA,NA
pre_p4,2,cds_5y,25,-44.07061675680764,NA,NA,NA,NA,NA,NA
pre_p4,2,price_ipca,25,0.10159920996942187,NA,NA,NA,NA,NA,NA
pre_p4,2,cambio_usd,26,-0.14645206747465486,NA,NA,NA,NA,NA,NA
pre_p4,2,yield_6m,26,-0.006445149281056653,NA,NA,NA,NA,NA,NA
pre_p4,2,yield_2y,26,-0.010037111231688134,NA,NA,NA,NA,NA,NA
pre_p4,2,ibc_br,26,0.02690755247932581,NA,NA,NA,NA,NA,NA
pre_p4,2,asset_ibov,26,0.9219230269256005,NA,NA,NA,NA,NA,NA
pre_p4,2,cds_5y,26,-44.1826377609356,NA,NA,NA,NA,NA,NA
pre_p4,2,price_ipca,26,0.11994645224390879,NA,NA,NA,NA,NA,NA
pre_p4,2,cambio_usd,27,-0.14464679981540074,NA,NA,NA,NA,NA,NA
pre_p4,2,yield_6m,27,-0.006319009066755106,NA,NA,NA,NA,NA,NA
pre_p4,2,yield_2y,27,-0.009798376147264962,NA,NA,NA,NA,NA,NA
pre_p4,2,ibc_br,27,0.09347137440430879,NA,NA,NA,NA,NA,NA
pre_p4,2,asset_ibov,27,1.0042179561656104,NA,NA,NA,NA,NA,NA
pre_p4,2,cds_5y,27,-43.867447143487574,NA,NA,NA,NA,NA,NA
pre_p4,2,price_ipca,27,0.13682426187550803,NA,NA,NA,NA,NA,NA
pre_p4,2,cambio_usd,28,-0.14162367974744453,NA,NA,NA,NA,NA,NA
pre_p4,2,yield_6m,28,-0.00613886778302103,NA,NA,NA,NA,NA,NA
pre_p4,2,yield_2y,28,-0.009478010090805077,NA,NA,NA,NA,NA,NA
pre_p4,2,ibc_br,28,0.1587241019168761,NA,NA,NA,NA,NA,NA
pre_p4,2,asset_ibov,28,1.0885260566472692,NA,NA,NA,NA,NA,NA
pre_p4,2,cds_5y,28,-43.19065193085834,NA,NA,NA,NA,NA,NA
pre_p4,2,price_ipca,28,0.15206337921112792,NA,NA,NA,NA,NA,NA
pre_p4,2,cambio_usd,29,-0.13733448456882733,NA,NA,NA,NA,NA,NA
pre_p4,2,yield_6m,29,-0.005903998834334967,NA,NA,NA,NA,NA,NA
pre_p4,2,yield_2y,29,-0.009073046083107899,NA,NA,NA,NA,NA,NA
pre_p4,2,ibc_br,29,0.22167322891257382,NA,NA,NA,NA,NA,NA
pre_p4,2,asset_ibov,29,1.1556107784932725,NA,NA,NA,NA,NA,NA
pre_p4,2,cds_5y,29,-42.116457387467435,NA,NA,NA,NA,NA,NA
pre_p4,2,price_ipca,29,0.16588035506003887,NA,NA,NA,NA,NA,NA
pre_p4,2,cambio_usd,30,-0.13185090826340684,NA,NA,NA,NA,NA,NA
pre_p4,2,yield_6m,30,-0.005617870589802375,NA,NA,NA,NA,NA,NA
pre_p4,2,yield_2y,30,-0.00858990636520025,NA,NA,NA,NA,NA,NA
pre_p4,2,ibc_br,30,0.2818127587500921,NA,NA,NA,NA,NA,NA
pre_p4,2,asset_ibov,30,1.2092552000419006,NA,NA,NA,NA,NA,NA
pre_p4,2,cds_5y,30,-40.668670320880786,NA,NA,NA,NA,NA,NA
pre_p4,2,price_ipca,30,0.17799059937882816,NA,NA,NA,NA,NA,NA
pre_p4,2,cambio_usd,31,-0.12531798909429032,NA,NA,NA,NA,NA,NA
pre_p4,2,yield_6m,31,-0.005286538191344585,NA,NA,NA,NA,NA,NA
pre_p4,2,yield_2y,31,-0.008039233574087007,NA,NA,NA,NA,NA,NA
pre_p4,2,ibc_br,31,0.33879505084493927,NA,NA,NA,NA,NA,NA
pre_p4,2,asset_ibov,31,1.2575925683745286,NA,NA,NA,NA,NA,NA
pre_p4,2,cds_5y,31,-38.89748921199206,NA,NA,NA,NA,NA,NA
pre_p4,2,price_ipca,31,0.1882714616544711,NA,NA,NA,NA,NA,NA
pre_p4,2,cambio_usd,32,-0.11778051994953619,NA,NA,NA,NA,NA,NA
pre_p4,2,yield_6m,32,-0.0049118052739387415,NA,NA,NA,NA,NA,NA
pre_p4,2,yield_2y,32,-0.007423561135973116,NA,NA,NA,NA,NA,NA
pre_p4,2,ibc_br,32,0.3920023624540197,NA,NA,NA,NA,NA,NA
pre_p4,2,asset_ibov,32,1.291916449200348,NA,NA,NA,NA,NA,NA
pre_p4,2,cds_5y,32,-36.80300563955784,NA,NA,NA,NA,NA,NA
pre_p4,2,price_ipca,32,0.19672536437424284,NA,NA,NA,NA,NA,NA
pre_p4,2,cambio_usd,33,-0.10930606374488151,NA,NA,NA,NA,NA,NA
pre_p4,2,yield_6m,33,-0.004497495012176122,NA,NA,NA,NA,NA,NA
pre_p4,2,yield_2y,33,-0.006749067605101939,NA,NA,NA,NA,NA,NA
pre_p4,2,ibc_br,33,0.4409671664310211,NA,NA,NA,NA,NA,NA
pre_p4,2,asset_ibov,33,1.3123934665801955,NA,NA,NA,NA,NA,NA
pre_p4,2,cds_5y,33,-34.40571273497849,NA,NA,NA,NA,NA,NA
pre_p4,2,price_ipca,33,0.2032586947865425,NA,NA,NA,NA,NA,NA
pre_p4,2,cambio_usd,34,-0.10000854355142055,NA,NA,NA,NA,NA,NA
pre_p4,2,yield_6m,34,-0.004049224102185825,NA,NA,NA,NA,NA,NA
pre_p4,2,yield_2y,34,-0.006024938160146188,NA,NA,NA,NA,NA,NA
pre_p4,2,ibc_br,34,0.4853927021524216,NA,NA,NA,NA,NA,NA
pre_p4,2,asset_ibov,34,1.323268082484224,NA,NA,NA,NA,NA,NA
pre_p4,2,cds_5y,34,-31.74483323000748,NA,NA,NA,NA,NA,NA
pre_p4,2,price_ipca,34,0.2078446751741232,NA,NA,NA,NA,NA,NA
pre_p4,2,cambio_usd,35,-0.08997176227804907,NA,NA,NA,NA,NA,NA
pre_p4,2,yield_6m,35,-0.0035705316136214107,NA,NA,NA,NA,NA,NA
pre_p4,2,yield_2y,35,-0.0052567729725889936,NA,NA,NA,NA,NA,NA
pre_p4,2,ibc_br,35,0.5249127445693709,NA,NA,NA,NA,NA,NA
pre_p4,2,asset_ibov,35,1.3213401478532942,NA,NA,NA,NA,NA,NA
pre_p4,2,cds_5y,35,-28.839258105471014,NA,NA,NA,NA,NA,NA
pre_p4,2,price_ipca,35,0.21046943333834364,NA,NA,NA,NA,NA,NA
pre_p4,2,cambio_usd,36,-0.0792805101369227,NA,NA,NA,NA,NA,NA
pre_p4,2,yield_6m,36,-0.0030658191902300635,NA,NA,NA,NA,NA,NA
pre_p4,2,yield_2y,36,-0.004451467526142374,NA,NA,NA,NA,NA,NA
pre_p4,2,ibc_br,36,0.5592068271755513,NA,NA,NA,NA,NA,NA
pre_p4,2,asset_ibov,36,1.3063949514085325,NA,NA,NA,NA,NA,NA
pre_p4,2,cds_5y,36,-25.71426943794202,NA,NA,NA,NA,NA,NA
pre_p4,2,price_ipca,36,0.21112669113205346,NA,NA,NA,NA,NA,NA
pre_p4,2,cambio_usd,37,-0.06804269240771081,NA,NA,NA,NA,NA,NA
pre_p4,2,yield_6m,37,-0.0025405999589045653,NA,NA,NA,NA,NA,NA
pre_p4,2,yield_2y,37,-0.0036176762570786208,NA,NA,NA,NA,NA,NA
pre_p4,2,ibc_br,37,0.5880718105271867,NA,NA,NA,NA,NA,NA
pre_p4,2,asset_ibov,37,1.2806757731931018,NA,NA,NA,NA,NA,NA
pre_p4,2,cds_5y,37,-22.405762758121345,NA,NA,NA,NA,NA,NA
pre_p4,2,price_ipca,37,0.20986181262370804,NA,NA,NA,NA,NA,NA
pre_p4,2,cambio_usd,38,-0.056362528272000174,NA,NA,NA,NA,NA,NA
pre_p4,2,yield_6m,38,-0.0019994673899540343,NA,NA,NA,NA,NA,NA
pre_p4,2,yield_2y,38,-0.002762642020655044,NA,NA,NA,NA,NA,NA
pre_p4,2,ibc_br,38,0.6113250972397277,NA,NA,NA,NA,NA,NA
pre_p4,2,asset_ibov,38,1.2435085723071284,NA,NA,NA,NA,NA,NA
pre_p4,2,cds_5y,38,-18.942788824377033,NA,NA,NA,NA,NA,NA
pre_p4,2,price_ipca,38,0.20670572035304235,NA,NA,NA,NA,NA,NA
pre_p4,2,cambio_usd,39,-0.04434284651714803,NA,NA,NA,NA,NA,NA
pre_p4,2,yield_6m,39,-0.0014472914095519495,NA,NA,NA,NA,NA,NA
pre_p4,2,yield_2y,39,-0.00189395749424052,NA,NA,NA,NA,NA,NA
pre_p4,2,ibc_br,39,0.6288160492822549,NA,NA,NA,NA,NA,NA
pre_p4,2,asset_ibov,39,1.1951123462342168,NA,NA,NA,NA,NA,NA
pre_p4,2,cds_5y,39,-15.356189811273607,NA,NA,NA,NA,NA,NA
pre_p4,2,price_ipca,39,0.20170775516427777,NA,NA,NA,NA,NA,NA
pre_p4,2,cambio_usd,40,-0.03209462110004267,NA,NA,NA,NA,NA,NA
pre_p4,2,yield_6m,40,-8.894774461012815e-4,NA,NA,NA,NA,NA,NA
pre_p4,2,yield_2y,40,-0.0010199780150768865,NA,NA,NA,NA,NA,NA
pre_p4,2,ibc_br,40,0.6404722480695445,NA,NA,NA,NA,NA,NA
pre_p4,2,asset_ibov,40,1.1368623835226133,NA,NA,NA,NA,NA,NA
pre_p4,2,cds_5y,40,-11.68150293718555,NA,NA,NA,NA,NA,NA
pre_p4,2,price_ipca,40,0.19495971556294542,NA,NA,NA,NA,NA,NA
pre_p4,2,cambio_usd,41,-0.019729812032839047,NA,NA,NA,NA,NA,NA
pre_p4,2,yield_6m,41,-3.3097969938297316e-4,NA,NA,NA,NA,NA,NA
pre_p4,2,yield_2y,41,-1.484243296373047e-4,NA,NA,NA,NA,NA,NA
pre_p4,2,ibc_br,41,0.6462721787342798,NA,NA,NA,NA,NA,NA
pre_p4,2,asset_ibov,41,1.069114096071712,NA,NA,NA,NA,NA,NA
pre_p4,2,cds_5y,41,-7.951981763683765,NA,NA,NA,NA,NA,NA
pre_p4,2,price_ipca,41,0.18654249412272794,NA,NA,NA,NA,NA,NA
pre_p4,2,cambio_usd,42,-0.007358277095995881,NA,NA,NA,NA,NA,NA
pre_p4,2,yield_6m,42,2.232767084342285e-4,NA,NA,NA,NA,NA,NA
pre_p4,2,yield_2y,42,7.13068087772982e-4,NA,NA,NA,NA,NA,NA
pre_p4,2,ibc_br,42,0.646233988184356,NA,NA,NA,NA,NA,NA
pre_p4,2,asset_ibov,42,0.9924963052820255,NA,NA,NA,NA,NA,NA
pre_p4,2,cds_5y,42,-4.200933945692214,NA,NA,NA,NA,NA,NA
pre_p4,2,price_ipca,42,0.1765491108074725,NA,NA,NA,NA,NA,NA
pre_p4,2,cambio_usd,43,0.004910436607962482,NA,NA,NA,NA,NA,NA
pre_p4,2,yield_6m,43,7.682437815997272e-4,NA,NA,NA,NA,NA,NA
pre_p4,2,yield_2y,43,0.0015567620862859252,NA,NA,NA,NA,NA,NA
pre_p4,2,ibc_br,43,0.640433921901095,NA,NA,NA,NA,NA,NA
pre_p4,2,asset_ibov,43,0.9080894652245977,NA,NA,NA,NA,NA,NA
pre_p4,2,cds_5y,43,-0.4628014320251579,NA,NA,NA,NA,NA,NA
pre_p4,2,price_ipca,43,0.1651036071550037,NA,NA,NA,NA,NA,NA
pre_p4,2,cambio_usd,44,0.016968215651289163,NA,NA,NA,NA,NA,NA
pre_p4,2,yield_6m,44,0.001299197832009842,NA,NA,NA,NA,NA,NA
pre_p4,2,yield_2y,44,0.002375392960258533,NA,NA,NA,NA,NA,NA
pre_p4,2,ibc_br,44,0.6290025687302481,NA,NA,NA,NA,NA,NA
pre_p4,2,asset_ibov,44,0.8166562838972,NA,NA,NA,NA,NA,NA
pre_p4,2,cds_5y,44,3.229389961281188,NA,NA,NA,NA,NA,NA
pre_p4,2,price_ipca,44,0.15232725360094093,NA,NA,NA,NA,NA,NA
pre_p4,2,cambio_usd,45,0.02871063022469781,NA,NA,NA,NA,NA,NA
pre_p4,2,yield_6m,45,0.0018116133531991044,NA,NA,NA,NA,NA,NA
pre_p4,2,yield_2y,45,0.003162020566128962,NA,NA,NA,NA,NA,NA
pre_p4,2,ibc_br,45,0.6121142268309698,NA,NA,NA,NA,NA,NA
pre_p4,2,asset_ibov,45,0.7190821060071064,NA,NA,NA,NA,NA,NA
pre_p4,2,cds_5y,45,6.843492525949623,NA,NA,NA,NA,NA,NA
pre_p4,2,price_ipca,45,0.13834800234183095,NA,NA,NA,NA,NA,NA
pre_p4,2,cambio_usd,46,0.040037921529121584,NA,NA,NA,NA,NA,NA
pre_p4,2,yield_6m,46,0.002301101171413356,NA,NA,NA,NA,NA,NA
pre_p4,2,yield_2y,46,0.003909988282671384,NA,NA,NA,NA,NA,NA
pre_p4,2,ibc_br,46,0.589989734122674,NA,NA,NA,NA,NA,NA
pre_p4,2,asset_ibov,46,0.616400123477833,NA,NA,NA,NA,NA,NA
pre_p4,2,cds_5y,46,10.348135998891907,NA,NA,NA,NA,NA,NA
pre_p4,2,price_ipca,46,0.12331356669629653,NA,NA,NA,NA,NA,NA
pre_p4,2,cambio_usd,47,0.05085497498132477,NA,NA,NA,NA,NA,NA
pre_p4,2,yield_6m,47,0.0027636033690287983,NA,NA,NA,NA,NA,NA
pre_p4,2,yield_2y,47,0.004613153279262848,NA,NA,NA,NA,NA,NA
pre_p4,2,ibc_br,47,0.5628967573823185,NA,NA,NA,NA,NA,NA
pre_p4,2,asset_ibov,47,0.5095489900730001,NA,NA,NA,NA,NA,NA
pre_p4,2,cds_5y,47,13.7136465397747,NA,NA,NA,NA,NA,NA
pre_p4,2,price_ipca,47,0.10737296727433102,NA,NA,NA,NA,NA,NA
pre_p4,2,cambio_usd,48,0.0610722940486424,NA,NA,NA,NA,NA,NA
pre_p4,2,yield_6m,48,0.0031953652431283112,NA,NA,NA,NA,NA,NA
pre_p4,2,yield_2y,48,0.005265852289662613,NA,NA,NA,NA,NA,NA
pre_p4,2,ibc_br,48,0.5311428165067082,NA,NA,NA,NA,NA,NA
pre_p4,2,asset_ibov,48,0.39954280404448383,NA,NA,NA,NA,NA,NA
pre_p4,2,cds_5y,48,16.911927413655537,NA,NA,NA,NA,NA,NA
pre_p4,2,price_ipca,48,0.09067818865521318,NA,NA,NA,NA,NA,NA
pre_p2,5,cambio_usd,0,0.05802604085126032,0.01673750927780673,0.09791730968725917,-0.02575989419979433,0.13625176216057833,interval,interval
pre_p2,5,yield_6m,0,0.005,0.005,0.005,0.005,0.005,singleton,singleton
pre_p2,5,yield_2y,0,0.0068530989586741906,0.0060020435760284405,0.007642100673805076,0.005090326505587398,0.008368937427484095,interval,interval
pre_p2,5,ibc_br,0,-0.4153097533357586,-0.7102184390086407,-0.09072252417844862,-0.976263598076769,0.26374574894851643,interval,interval
pre_p2,5,asset_ibov,0,-4.868532127349062,-7.628168866397926,-1.7739680158164584,-10.069614223182988,1.6653471075255637,interval,interval
pre_p2,5,cds_5y,0,31.616845912608714,22.322553346174136,40.27218776924204,12.408506874638862,48.282569004631966,interval,interval
pre_p2,5,price_ipca,0,-0.26108422162299544,-0.4002280552009454,-0.13784461653662824,-0.5558627109020245,-0.0295944091548176,interval,interval
pre_p2,5,cambio_usd,1,0.13333443033754064,0.07218891321891327,0.18772088483634136,0.004066461548434328,0.23570564459894935,interval,interval
pre_p2,5,yield_6m,1,0.004520697204156833,0.003856045849824714,0.005309962635359992,0.003302694660763379,0.006234584225149934,interval,interval
pre_p2,5,yield_2y,1,0.007657409174828945,0.0060209350824392315,0.009281992100789522,0.004381051842870663,0.010886447255216099,interval,interval
pre_p2,5,ibc_br,1,-0.17682721769379917,-0.3433043172883804,0.00404779015863878,-0.4955204404219686,0.19916048888601,interval,interval
pre_p2,5,asset_ibov,1,-5.4354561204238285,-6.819633583576376,-3.699480155823581,-7.905971492421875,-1.5650072859224669,interval,interval
pre_p2,5,cds_5y,1,43.05630309813879,30.443288407093583,54.508328444722395,16.660349434967372,64.83226029676246,interval,interval
pre_p2,5,price_ipca,1,-0.11743533556051394,-0.22330729378165406,-0.04322287530130806,-0.3681347100563356,0.007279447128977662,interval,interval
pre_p2,5,cambio_usd,2,0.1317259888698573,0.06053923487952812,0.19551359416788894,-0.018222988841770003,0.25223107808918294,interval,interval
pre_p2,5,yield_6m,2,0.0041874860807951456,0.0032062348454507334,0.0053310075156945405,0.0023727337426954296,0.006647970226703258,interval,interval
pre_p2,5,yield_2y,2,0.0067454225856923965,0.004645605516233914,0.00892393176010833,0.002632569938907341,0.011171419576502273,interval,interval
pre_p2,5,ibc_br,2,-0.28542587123955115,-0.4720047099046823,-0.07808892194858705,-0.6386440929360331,0.15039637964939004,interval,interval
pre_p2,5,asset_ibov,2,-0.376173736416238,-1.507878552448258,0.5686874026261606,-2.8439654339510954,1.3480993997872317,interval,interval
pre_p2,5,cds_5y,2,35.746969596951025,21.420589456488592,49.55261737814284,6.637201039301027,62.78455577817997,interval,interval
pre_p2,5,price_ipca,2,-0.1521821700744827,-0.22615321947711525,-0.10439082015961215,-0.33381304849132154,-0.0747297836079495,interval,interval
pre_p2,5,cambio_usd,3,0.11617539460905602,0.04491278227784058,0.18061114635435405,-0.033265071857183845,0.23844931392190657,interval,interval
pre_p2,5,yield_6m,3,0.0037753079640978726,0.0026971414995864613,0.005037231467950877,0.0017855381608743485,0.006496313481192334,interval,interval
pre_p2,5,yield_2y,3,0.0060882620252781195,0.003872479530822365,0.008418761088755902,0.0017776745381720834,0.010855348226894398,interval,interval
pre_p2,5,ibc_br,3,-0.2601560626503419,-0.42908459179541764,-0.08191954921217644,-0.588275020995896,0.10500273135889147,interval,interval
pre_p2,5,asset_ibov,3,-1.1796969679011502,-2.2248640852371304,-0.30096275795007055,-3.4510517326897574,0.4293610692122987,interval,interval
pre_p2,5,cds_5y,3,32.92074685111828,17.955912231116578,47.494388519168794,2.672526456398855,61.612269018078685,interval,interval
pre_p2,5,price_ipca,3,-0.1454930540431418,-0.21729129804884204,-0.09651009631377862,-0.3175992687391231,-0.06417711441484725,interval,interval
pre_p2,5,cambio_usd,4,0.09957749511810061,0.03486582690598419,0.1583588094072565,-0.03581842063643693,0.21137438794594587,interval,interval
pre_p2,5,yield_6m,4,0.003291753815976717,0.002227409460121813,0.0045879571817995955,0.0013650308170558548,0.006141127665601412,interval,interval
pre_p2,5,yield_2y,4,0.005200816970382296,0.003127790738202533,0.007462093666478954,0.0012401369700555192,0.009910613645977827,interval,interval
pre_p2,5,ibc_br,4,-0.346991257435026,-0.532150596887433,-0.14849431969464089,-0.703807259998313,0.0628998721567461,interval,interval
pre_p2,5,asset_ibov,4,-0.8107709107712934,-1.5728421166841307,-0.2473879292049222,-2.571664241533,0.15947012123599663,interval,interval
pre_p2,5,cds_5y,4,28.405045854693054,14.702605401245124,42.04341065343575,1.0071522601931169,55.5479592466494,interval,interval
pre_p2,5,price_ipca,4,-0.13886482207299497,-0.21070123984052896,-0.09182471536178184,-0.3142219792651401,-0.06218115397058373,interval,interval
pre_p2,5,cambio_usd,5,0.08548611434589191,0.028004450437691928,0.13844199899161877,-0.03394624696356259,0.18690876325643893,interval,interval
pre_p2,5,yield_6m,5,0.0028278769112372415,0.0018120969819513451,0.004109514889749317,0.0010201013363454888,0.005693597809534273,interval,interval
pre_p2,5,yield_2y,5,0.004439675318320065,0.002529423251691726,0.006598521362204147,8.532073607191259e-4,0.00901538861353605,interval,interval
pre_p2,5,ibc_br,5,-0.3680946919206487,-0.5606062228376598,-0.16568722623333196,-0.7426720847009564,0.04586220409998242,interval,interval
pre_p2,5,asset_ibov,5,-1.099681403034438,-1.7285935425101195,-0.6499789207275345,-2.5754469217911113,-0.33705591995701384,interval,interval
pre_p2,5,cds_5y,5,25.126907137572744,12.513386468367473,37.98877471738075,0.2078592758802712,51.034217169318175,interval,interval
pre_p2,5,price_ipca,5,-0.1339698894449823,-0.20686044933647588,-0.08553455813140994,-0.31075550731854534,-0.05450047012972622,interval,interval
pre_p2,5,cambio_usd,6,0.07441186250525764,0.023723870985885145,0.1219398523403415,-0.029988757048942355,0.16623769256718313,interval,interval
pre_p2,5,yield_6m,6,0.0024411618846197007,0.0014919066902839416,0.003685599978670386,7.822131951552789e-4,0.005274750082692483,interval,interval
pre_p2,5,yield_2y,6,0.0037639375537881705,0.0020399760010966716,0.005794419716169381,5.920700902140058e-4,0.008155561374156628,interval,interval
pre_p2,5,ibc_br,6,-0.4064454009940528,-0.6105297973535279,-0.1946784556537229,-0.8061475537131113,0.023828392455028363,interval,interval
pre_p2,5,asset_ibov,6,-0.9316369689588747,-1.557517758178652,-0.5043513703969439,-2.431466438041308,-0.22208958393891667,interval,interval
pre_p2,5,cds_5y,6,22.059173038251835,10.753745691116006,33.95211985786733,0.06760170930409076,46.388696820129084,interval,interval
pre_p2,5,price_ipca,6,-0.136849836272985,-0.21025133211669264,-0.08709988835911121,-0.3133154720951461,-0.054502263065419054,interval,interval
pre_p2,5,cambio_usd,7,0.06527684879312902,0.020494929110964857,0.10836306161431696,-0.025786833568162894,0.14959270031515254,interval,interval
pre_p2,5,yield_6m,7,0.0020753483590364376,0.0011868984248590538,0.0032824496094916145,5.484285304455838e-4,0.004870297012913022,interval,interval
pre_p2,5,yield_2y,7,0.0031667444063676804,0.001599681029737687,0.005091428705009033,3.4156474590703675e-4,0.007415027046388384,interval,interval
pre_p2,5,ibc_br,7,-0.4249279743054705,-0.637029026217711,-0.20826729610085176,-0.8435819960800874,0.0118704494405654,interval,interval
pre_p2,5,asset_ibov,7,-0.9591543894350388,-1.5721267367815297,-0.5515080911945986,-2.4452989681711657,-0.2900764146903723,interval,interval
pre_p2,5,cds_5y,7,19.589921400917536,9.401847863023042,30.690320786439962,0.11366267456990149,42.69665461065603,interval,interval
pre_p2,5,price_ipca,7,-0.13738626473852633,-0.21143509522476417,-0.08588135393076328,-0.3133474983307455,-0.051135440383441456,interval,interval
pre_p2,5,cambio_usd,8,0.05699876238652965,0.017309597991968746,0.09640731951271414,-0.022454437366379188,0.13533532433909176,interval,interval
pre_p2,5,yield_6m,8,0.0017261922784190696,8.894424289727297e-4,0.0029025126661340554,3.105820486377502e-4,0.004493076483064689,interval,interval
pre_p2,5,yield_2y,8,0.0025960482913559143,0.0011588033568350636,0.004436998421606316,5.6512534483007824e-5,0.0067420730189394155,interval,interval
pre_p2,5,ibc_br,8,-0.4456711981734355,-0.6654568445440113,-0.22392720094758317,-0.8821767255213756,-0.0013726845497111463,interval,interval
pre_p2,5,asset_ibov,8,-0.8919700148687596,-1.5062225720405138,-0.4830979397303931,-2.380615090817108,-0.22060815121500038,interval,interval
pre_p2,5,cds_5y,8,17.191221246808556,8.00847548217005,27.58879665686026,-0.0330693025112694,39.249758289096405,interval,interval
pre_p2,5,price_ipca,8,-0.13732576899935023,-0.21193354806055628,-0.08457223325337362,-0.31329585484482947,-0.04832162072545942,interval,interval
pre_p2,5,cambio_usd,9,0.049186807288017914,0.013672076684430625,0.08572462820729818,-0.020665581460690294,0.12311044239567201,interval,interval
pre_p2,5,yield_6m,9,0.0013811733499278598,5.818023182533297e-4,0.0025368973861782367,4.592612428896256e-5,0.00413447805311826,interval,interval
pre_p2,5,yield_2y,9,0.002048175705512611,7.039730587722778e-4,0.0038347110880717844,-2.8589161697943096e-4,0.006142444950085582,interval,interval
pre_p2,5,ibc_br,9,-0.4586256530329147,-0.6847761364820549,-0.2332506784492059,-0.910529755845922,-0.00980758045232193,interval,interval
pre_p2,5,asset_ibov,9,-0.8863031261307294,-1.4962741144756517,-0.4767969850111459,-2.358980940742088,-0.21134743521092758,interval,interval
pre_p2,5,cds_5y,9,14.938825130213875,6.5724135655524405,24.78699782556792,-0.4587072503526897,36.23282091740957,interval,interval
pre_p2,5,price_ipca,9,-0.1352206421381159,-0.2100654632113845,-0.08167620437226492,-0.31080645930779,-0.04439675326970238,interval,interval
pre_p2,5,cambio_usd,10,0.04163476964121368,0.009408673368699785,0.07600905781847343,-0.020622234483486546,0.11244020623210366,interval,interval
pre_p2,5,yield_6m,10,0.0010412237246093387,2.6478326171947475e-4,0.0021869631839412157,-2.4387681014820508e-4,0.0037958985203730006,interval,interval
pre_p2,5,yield_2y,10,0.0015111742467240634,2.2580463302504094e-4,0.0032698584343828986,-6.90719820113099e-4,0.005596558173950373,interval,interval
pre_p2,5,ibc_br,10,-0.4694374521033359,-0.700997372096102,-0.24141908430093742,-0.9349156963004578,-0.018052324847006494,interval,interval
pre_p2,5,asset_ibov,10,-0.8512909614643231,-1.4615958106900278,-0.43672127461834237,-2.317080375395858,-0.16440254476921778,interval,interval
pre_p2,5,cds_5y,10,12.696695782657507,4.982411245874366,22.119830974775997,-1.247722526855776,33.44124884254667,interval,interval
pre_p2,5,price_ipca,10,-0.13203242597456127,-0.20674187814303183,-0.07824360530382483,-0.30678882930613444,-0.04052678115917454,interval,interval
pre_p2,5,cambio_usd,11,0.03426075939096658,0.004506153485031265,0.06711210533068171,-0.022249131136726417,0.10309369842546649,interval,interval
pre_p2,5,yield_6m,11,7.049217038909285e-4,-6.28437953149437e-5,0.0018504185920181831,-5.595964502458686e-4,0.00347256965821964,interval,interval
pre_p2,5,yield_2y,11,9.861114530030073e-4,-2.7198271483440617e-4,0.0027403330228451812,-0.0011503396430561064,0.005096832902327249,interval,interval
pre_p2,5,ibc_br,11,-0.47547615047336467,-0.7115354934359496,-0.245807243481442,-0.9528465591515974,-0.02353559757479027,interval,interval
pre_p2,5,asset_ibov,11,-0.8245400937175483,-1.4330700586688627,-0.408297756695056,-2.2815295375387312,-0.13273266077813733,interval,interval
pre_p2,5,cds_5y,11,10.489916298479418,3.2686297767345014,19.606653974604924,-2.3580853044950474,30.880603520177,interval,interval
pre_p2,5,price_ipca,11,-0.12758172246019592,-0.20172508085050792,-0.07402115327289299,-0.3007462746989343,-0.03632353206884571,interval,interval
pre_p2,5,cambio_usd,12,0.02701824259224028,-9.547629823108501e-4,0.0588632559071943,-0.025312444549272266,0.09475704881486177,interval,interval
pre_p2,5,yield_6m,12,3.74152379545272e-4,-3.9750442880751366e-4,0.001527637535891893,-8.957068546850875e-4,0.003163444695750814,interval,interval
pre_p2,5,yield_2y,12,4.720180573700745e-4,-7.848325531638141e-4,0.0022398366801153415,-0.001653815116287154,0.004631177739297981,interval,interval
pre_p2,5,ibc_br,12,-0.47832937552808796,-0.7179433305317243,-0.24798222975389017,-0.9657859183866017,-0.027748817864337433,interval,interval
pre_p2,5,asset_ibov,12,-0.784174123128727,-1.3898332647140548,-0.36764391582599243,-2.230761200898592,-0.09019947190483653,interval,interval
pre_p2,5,cds_5y,12,8.291475977815475,1.4282105632737,17.19602793776818,-3.761970125268669,28.4679394607885,interval,interval
pre_p2,5,price_ipca,12,-0.12218909122956197,-0.19537534059307776,-0.06930344949919687,-0.29309372477686874,-0.03206791701436607,interval,interval
pre_p2,5,cambio_usd,13,0.019901759642231502,-0.006849105977496033,0.051140881606485,-0.029522097608511447,0.0871860120314932,interval,interval
pre_p2,5,yield_6m,13,5.0051148912991014e-5,-7.364517918480427e-4,0.0012180610335407354,-0.0012480085293583255,0.0028662649259043093,interval,interval
pre_p2,5,yield_2y,13,-2.8704576088931667e-5,-0.0013052148105261079,0.0017658304768728647,-0.002188305078816498,0.0041923040192698435,interval,interval
pre_p2,5,ibc_br,13,-0.4774139975632334,-0.7197524844066345,-0.24719126045896817,-0.9733223263958866,-0.02971861851102017,interval,interval
pre_p2,5,asset_ibov,13,-0.7417789692145486,-1.3411418062695255,-0.3284799276394508,-2.171611719619317,-0.052361349575702563,interval,interval
pre_p2,5,cds_5y,13,6.1173798871258365,-0.5020895242174411,14.884851742572636,-5.395230135191226,26.177668443219883,interval,interval
pre_p2,5,price_ipca,13,-0.11586129543396666,-0.18773245727288337,-0.0640149516947303,-0.2838276247027403,-0.027580959206445675,interval,interval
pre_p2,5,cambio_usd,14,0.012923133483408771,-0.013045308271442351,0.04384652271199122,-0.034600598918726404,0.08016439380245564,interval,interval
pre_p2,5,yield_6m,14,-2.653728091648603e-4,-0.0010759361393679226,9.22093998603301e-4,-0.001611303433790878,0.002580393056958593,interval,interval
pre_p2,5,yield_2y,14,-5.141662119295383e-4,-0.0018265656082732747,0.0013158364207345068,-0.0027428025940964855,0.003774200634815669,interval,interval
pre_p2,5,ibc_br,14,-0.4732413690888265,-0.7174430706133738,-0.24394446142842421,-0.9758692510933915,-0.029925052074633557,interval,interval
pre_p2,5,asset_ibov,14,-0.6924322488106252,-1.282617813122682,-0.28475979567951526,-2.099278429094161,-0.011871742389687712,interval,interval
pre_p2,5,cds_5y,14,3.970291869597067,-2.5003292220520335,12.657613899985584,-7.2121951553677235,23.9738335827813,interval,interval
pre_p2,5,price_ipca,14,-0.10875312966205104,-0.17899460002004797,-0.05825063195939133,-0.27316224834465785,-0.0228925216238321,interval,interval
pre_p2,5,cambio_usd,15,0.00610805696388811,-0.019418649778662346,0.036917871435641916,-0.040302619067824556,0.07354212924568729,interval,interval
pre_p2,5,yield_6m,15,-5.70355757721433e-4,-0.0014126968239571683,6.400823358776169e-4,-0.001981267713758418,0.002305347389674588,interval,interval
pre_p2,5,yield_2y,15,-9.816488817237985e-4,-0.0023424386266490795,8.891774434094711e-4,-0.0033075728253168543,0.003373895065353173,interval,interval
pre_p2,5,ibc_br,15,-0.4657593434620917,-0.7110330059841212,-0.2380741765324073,-0.9734628122395071,-0.028046859391803732,interval,interval
pre_p2,5,asset_ibov,15,-0.6396417119521919,-1.217342899480099,-0.240448705356888,-2.016504022284849,0.026871990328484287,interval,interval
pre_p2,5,cds_5y,15,1.8641622813618879,-4.536429576748212,10.514037090534499,-9.163496735110888,21.84253159612377,interval,interval
pre_p2,5,price_ipca,15,-0.10094147542791841,-0.16928308152814936,-0.052009845867456966,-0.2612111502111606,-0.017911116766286008,interval,interval
pre_p2,5,cambio_usd,16,-5.137072491446839e-4,-0.02586068841620047,0.03031578726157755,-0.04642607271015339,0.06721556151541767,interval,interval
pre_p2,5,yield_6m,16,-8.630156255542007e-4,-0.00174351880602988,3.7275678877273557e-4,-0.002353782454947292,0.002041495965739838,interval,interval
pre_p2,5,yield_2y,16,-0.0014287178981701898,-0.0028474692460824375,4.857522252147992e-4,-0.003874800544029711,0.002990009028206903,interval,interval
pre_p2,5,ibc_br,16,-0.4552167412326125,-0.7007601116582313,-0.22980861899067134,-0.9662917943584041,-0.024267122388494926,interval,interval
pre_p2,5,asset_ibov,16,-0.5825500083440899,-1.144903913354725,-0.19401573378617615,-1.922918032726537,0.0661268459243199,interval,interval
pre_p2,5,cds_5y,16,-0.1909650210811127,-6.58765438582166,8.453195986070774,-11.212161629741974,19.77373403369988,interval,interval
pre_p2,5,price_ipca,16,-0.09253856012211267,-0.1587587390840583,-0.04533871043281996,-0.24815399573782979,-0.012611893239188213,interval,interval
pre_p2,5,cambio_usd,17,-0.006910327394515895,-0.03227883576238954,0.024021510424303782,-0.05280696053901541,0.061124805570931244,interval,interval
pre_p2,5,yield_6m,17,-0.0011416617246247653,-0.0020655795915232138,1.2087555160613543e-4,-0.002725300721567504,0.0017894663611766374,interval,interval
pre_p2,5,yield_2y,17,-0.0018529014555406778,-0.00333694015856776,1.0622633692575605e-4,-0.004437955467941775,0.002622703856082628,interval,interval
pre_p2,5,ibc_br,17,-0.4417283046886118,-0.686772809885385,-0.2191902658749756,-0.9544905688900519,-0.01852740951745911,interval,interval
pre_p2,5,asset_ibov,17,-0.5225364667432941,-1.0667675210345635,-0.14672578083633284,-1.8200238525203496,0.10474536529186017,interval,interval
pre_p2,5,cds_5y,17,-2.1826511515289115,-8.631313565756674,6.47936318328017,-13.32468115671144,17.76710658747516,interval,interval
pre_p2,5,price_ipca,17,-0.08363249049785251,-0.14756161613442792,-0.038255540059818474,-0.23415141770885398,-0.0069393776544061465,interval,interval
pre_p2,5,cambio_usd,18,-0.013050502559101706,-0.038596031637286074,0.018030120795527314,-0.05931557183686138,0.05524070856922921,interval,interval
pre_p2,5,yield_6m,18,-0.0014046982096956831,-0.0023763076145549705,-1.1468795933879456e-4,-0.0030926082520541234,0.0015502439441332603,interval,interval
pre_p2,5,yield_2y,18,-0.0022519844223378056,-0.0038069025442859406,-2.484423782514315e-4,-0.004991699608610574,0.0022729675915402953,interval,interval
pre_p2,5,ibc_br,18,-0.4254992724375313,-0.6692782768767908,-0.2063919629257494,-0.9382284322618384,-0.0109477090598179,interval,interval
pre_p2,5,asset_ibov,18,-0.45983769413050396,-0.9835704155421868,-0.09830142214874117,-1.7086418021347274,0.14352808448411247,interval,interval
pre_p2,5,cds_5y,18,-4.100075731181659,-10.648670476967958,4.597501636799113,-15.474670137065312,15.826097691576825,interval,interval
pre_p2,5,price_ipca,18,-0.07431829483386397,-0.1358395550154432,-0.030792076628673445,-0.2193831092831882,-8.622601781720035e-4,interval,interval
pre_p2,5,cambio_usd,19,-0.018903956387821073,-0.04474801658776332,0.012347240260293733,-0.06584909669039356,0.049558135291656036,interval,interval
pre_p2,5,yield_6m,19,-0.0016507033054121106,-0.0026734363679918227,-3.3307965328524834e-4,-0.0034528475229436586,0.0013249172128584812,interval,interval
pre_p2,5,yield_2y,19,-0.002623923268162772,-0.004253956520237905,-5.770598076595783e-4,-0.005531514761023798,0.001942386367496896,interval,interval
pre_p2,5,ibc_br,19,-0.406709328594719,-0.648477400592723,-0.19154157800311616,-0.9176860477412027,-0.0015849081275121084,interval,interval
pre_p2,5,asset_ibov,19,-0.3952598663221806,-0.8964267417014363,-0.049223200586839086,-1.5901361814372759,0.18229724296350924,interval,interval
pre_p2,5,cds_5y,19,-5.932397927230352,-12.622541329614977,2.8143287797404026,-17.63930608152525,13.958398943667786,interval,interval
pre_p2,5,price_ipca,19,-0.06468301003399454,-0.12373450696211018,-0.02297195641414722,-0.20402746157220858,0.005657546541650105,interval,interval
pre_p2,5,cambio_usd,20,-0.024442220687179616,-0.050681404839660285,0.006985362004102464,-0.07232624032476129,0.044088313081023484,interval,interval
pre_p2,5,yield_6m,20,-0.0018784040904186966,-0.0029549476455862436,-5.334638711938168e-4,-0.003803413986763,0.0011146531958147253,interval,interval
pre_p2,5,yield_2y,20,-0.002966924364426217,-0.004675212385428128,-8.783976442125881e-4,-0.006053541347321644,0.0016327999130559922,interval,interval
pre_p2,5,ibc_br,20,-0.3855700450653581,-0.6245945161197084,-0.17481285846764538,-0.8930646008651785,0.009438763233829549,interval,interval
pre_p2,5,asset_ibov,20,-0.32928911111747405,-0.8062684809304789,4.96904855272666e-4,-1.4657975929715101,0.22148378445322764,interval,interval
pre_p2,5,cds_5y,20,-7.669833825912612,-14.538074157849572,1.1368115815494912,-19.799622593447427,12.17356974653726,interval,interval
pre_p2,5,price_ipca,20,-0.05481386469318975,-0.11138989413272891,-0.014821732242374075,-0.18827180096823312,0.012650748023955325,interval,interval
pre_p2,5,cambio_usd,21,-0.02963892337330244,-0.05635155425053742,0.0019613508172770105,-0.07868189746281472,0.03885375103890628,interval,interval
pre_p2,5,yield_6m,21,-0.002086698480941511,-0.003219065574174833,-7.150841751164043e-4,-0.004141923388646622,9.205776075946689e-4,interval,interval
pre_p2,5,yield_2y,21,-0.00327942427059059,-0.005068185423574013,-0.0011512619840346977,-0.006554385162182906,0.0013461364733160246,interval,interval
pre_p2,5,ibc_br,21,-0.36229314904845866,-0.5978647229847232,-0.15637154687820934,-0.8645886537314238,0.022014395291549374,interval,interval
pre_p2,5,asset_ibov,21,-0.26254292473512475,-0.7141628212817146,0.0506750917634862,-1.337127003560081,0.2612900213953708,interval,interval
pre_p2,5,cds_5y,21,-9.303257955500136,-16.38189425828028,-0.4278268949318461,-21.938951335612742,10.482531562961462,interval,interval
pre_p2,5,price_ipca,21,-0.04479416263594778,-0.09894760498761863,-0.006363961399158958,-0.17230865330247536,0.020151865444324225,interval,interval
pre_p2,5,cambio_usd,22,-0.03447014511958194,-0.0617210535095362,-0.002705775851348963,-0.08486330753364746,0.03388371038783188,interval,interval
pre_p2,5,yield_6m,22,-0.002274649663338925,-0.003464229010232583,-8.77280199635075e-4,-0.004466160866219297,7.43733560038966e-4,interval,interval
pre_p2,5,yield_2y,22,-0.0035601126016247616,-0.005430751949695038,-0.001394587620490303,-0.007031008098279604,0.0010842394721309147,interval,interval
pre_p2,5,ibc_br,22,-0.33710429657776336,-0.5685391087923305,-0.13639966120881358,-0.8325055303169364,0.036010450158792985,interval,interval
pre_p2,5,asset_ibov,22,-0.19553808544181206,-0.6211659642580528,0.10131185757292178,-1.2057114313529613,0.3021812823575707,interval,interval
pre_p2,5,cds_5y,22,-10.82451708265111,-18.142142187554274,-1.872740472133821,-24.0425310656902,8.89637671964574,interval,interval
pre_p2,5,price_ipca,22,-0.034705201602036065,-0.08654910535521626,0.0023796622567078887,-0.15633779765702344,0.028195837218861604,interval,interval
pre_p2,5,cambio_usd,23,-0.038914618953966744,-0.06675841097779617,-0.006996477529986575,-0.09082683158589398,0.029210903398523058,interval,interval
pre_p2,5,yield_6m,23,-0.002441492226599565,-0.0036890787264017805,-0.0010195184200230533,-0.00477405438807966,5.850200943739306e-4,interval,interval
pre_p2,5,yield_2y,23,-0.003807928093676759,-0.005761099237903466,-0.0016074836057375075,-0.007480634417964972,8.487682897610898e-4,interval,interval
pre_p2,5,ibc_br,23,-0.310233430824543,-0.5368825278230128,-0.11507741485557481,-0.7970894805540526,0.05130026025619983,interval,interval
pre_p2,5,asset_ibov,23,-0.1288086870205656,-0.5284074142361241,0.1524238300044872,-1.0733095823554961,0.34467025172986854,interval,interval
pre_p2,5,cds_5y,23,-12.22635246075804,-19.808131777859032,-3.191631292199571,-26.096744220120737,7.425820370884811,interval,interval
pre_p2,5,price_ipca,23,-0.024624984171009567,-0.0743333235819963,0.011389445050528796,-0.14056363110387163,0.03682064181993764,interval,interval
pre_p2,5,cambio_usd,24,-0.04295392056439878,-0.07143709037249435,-0.010892024852530297,-0.09653555692374606,0.02486876038496912,interval,interval
pre_p2,5,yield_6m,24,-0.002586630291463025,-0.003892442714362305,-0.001141405899545145,-0.005063652698630613,4.451627577040997e-4,interval,interval
pre_p2,5,yield_2y,24,-0.0040220645406750756,-0.006057697996450547,-0.0017892771033081727,-0.00790069511353036,6.411130241651672e-4,interval,interval
pre_p2,5,ibc_br,24,-0.28191707566180013,-0.5031742327184606,-0.09258781428745518,-0.7586417272862923,0.06775493256297764,interval,interval
pre_p2,5,asset_ibov,24,-0.0628441733873281,-0.43706303890962894,0.204153644936789,-0.9418467879309236,0.38948711868134755,interval,interval
pre_p2,5,cds_5y,24,-13.502503017245447,-21.37026949566138,-4.37905807731807,-28.088748573847965,6.080541244242626,interval,interval
pre_p2,5,price_ipca,24,-0.014628518202090822,-0.06243435019029217,0.020644856461635032,-0.1251916378290606,0.04606342146325492,interval,interval
pre_p2,5,cambio_usd,25,-0.04657259226336728,-0.07573473084538576,-0.014375507120518572,-0.10195738198156576,0.020889347385633937,interval,interval
pre_p2,5,yield_6m,25,-0.0027096379311738307,-0.004073327149590823,-0.0012427044224040638,-0.00533311532819415,3.2468583466976143e-4,interval,interval
pre_p2,5,yield_2y,25,-0.004201968382268851,-0.006319278996780206,-0.0019395360155683144,-0.008288790851871933,4.6234602146900293e-4,interval,interval
pre_p2,5,ibc_br,25,-0.2523945029148434,-0.4677075865198804,-0.06910893735604631,-0.717493517822995,0.08525543517987126,interval,interval
pre_p2,5,asset_ibov,25,0.0018808945602781994,-0.3483722697085334,0.25672357429968934,-0.8134421386824853,0.43753110538705686,interval,interval
pre_p2,5,cds_5y,25,-14.647699538476616,-22.81991037349741,-5.43057338029617,-30.00611306471432,4.8688099442645605,interval,interval
pre_p2,5,price_ipca,25,-0.004787276173867676,-0.05097736157686591,0.030121885717232403,-0.1104213415068694,0.055955914845406005,interval,interval
pre_p2,5,cambio_usd,26,-0.049758240226650575,-0.07963256140492354,-0.017432619364681795,-0.10706358197534656,0.017301709457291894,interval,interval
pre_p2,5,yield_6m,26,-0.0028102567157104897,-0.004230909016579902,-0.001323336353382751,-0.005580709708696256,2.2390085915658306e-4,interval,interval
pre_p2,5,yield_2y,26,-0.004347337572804342,-0.006544819266574431,-0.0020580850664726727,-0.008642675458023481,3.131895638112292e-4,interval,interval
pre_p2,5,ibc_br,26,-0.22190705453461473,-0.43079011745654106,-0.04481268172008326,-0.674007382725372,0.10369457958167164,interval,interval
pre_p2,5,asset_ibov,26,0.06492422553700504,-0.26361114406831376,0.31044839276372566,-0.6903843283813865,0.48990118482320594,interval,interval
pre_p2,5,cds_5y,26,-15.657699915597071,-24.149304002683877,-6.34286527999563,-31.836636914571837,3.7971691509619188,interval,interval
pre_p2,5,price_ipca,26,0.004830924651174704,-0.040073836569833876,0.039788662545234374,-0.09643671646612476,0.06651576268547998,interval,interval
pre_p2,5,cambio_usd,27,-0.052501590568664644,-0.08311495011651938,-0.02005223704344826,-0.11182773412189706,0.014130636993698223,interval,interval
pre_p2,5,yield_6m,27,-0.002888393086408489,-0.004364531496274347,-0.0013833877493054428,-0.005804815473152513,1.4290124331621225e-4,interval,interval
pre_p2,5,yield_2y,27,-0.004458116980675749,-0.0067335324053513276,-0.0021450107088751354,-0.008960253157567962,1.9400470753415527e-4,interval,interval
pre_p2,5,ibc_br,27,-0.19069588842902124,-0.3927436510345163,-0.019859956173838008,-0.6285797237712587,0.12298478642910632,interval,interval
pre_p2,5,asset_ibov,27,0.12586905031173962,-0.18404532509637433,0.365674750463493,-0.5750530619225924,0.5478033894337193,interval,interval
pre_p2,5,cds_5y,27,-16.529289447116707,-25.351547720073857,-7.113817984954074,-33.568250817143586,2.8702817337808773,interval,interval
pre_p2,5,price_ipca,27,0.014162252998689003,-0.029816649352772628,0.04960144808451537,-0.08339482014245655,0.07773674260991933,interval,interval
pre_p2,5,cambio_usd,28,-0.0547965156073178,-0.08616907758494849,-0.02222681998722893,-0.11622498120359369,0.011395777686543707,interval,interval
pre_p2,5,yield_6m,28,-0.002944114227395792,-0.004473700874673322,-0.0014231066298769194,-0.006003933806139354,8.156620981020991e-5,interval,interval
pre_p2,5,yield_2y,28,-0.004534492896528087,-0.006884863315093732,-0.0022006599642735813,-0.009239587405802668,1.0479297405877852e-4,interval,interval
pre_p2,5,ibc_br,28,-0.1590005895500365,-0.35390443759799844,0.005602257220766709,-0.5816427787251433,0.1430629574174192,interval,interval
pre_p2,5,asset_ibov,28,0.1843296670723877,-0.11083571615332517,0.42270039286393607,-0.46973991802967735,0.6123927708895445,interval,interval
pre_p2,5,cds_5y,28,-17.260285741982244,-26.42057806964827,-7.74254773366722,-35.18902655940856,2.0908607062485984,interval,interval
pre_p2,5,price_ipca,28,0.023147069725096996,-0.02027647506071975,0.05950162949183709,-0.07141528146602988,0.08957937308084057,interval,interval
pre_p2,5,cambio_usd,29,-0.05664002789988715,-0.08878470908492056,-0.02395265875116189,-0.12023158200920657,0.009111077875922233,interval,interval
pre_p2,5,yield_6m,29,-0.002977643180060813,-0.004558084765080944,-0.0014428984251687645,-0.006176700529579553,3.956995646846332e-5,interval,interval
pre_p2,5,yield_2y,29,-0.004576885476532888,-0.006998485325477504,-0.00222563263139439,-0.009478917677982984,4.521055631566902e-5,interval,interval
pre_p2,5,ibc_br,29,-0.12705741276680116,-0.3146232671755162,0.03144468278277327,-0.5336668764422631,0.16389684372158075,interval,interval
pre_p2,5,asset_ibov,29,0.23995056071711074,-0.04491494144029001,0.4816497778529671,-0.37637288629783994,0.6844997488738298,interval,interval
pre_p2,5,cds_5y,29,-17.849528561870383,-27.351176298195426,-8.22939371133803,-36.68725640685224,1.4597023605028463,interval,interval
pre_p2,5,price_ipca,29,0.031730171905538805,-0.011500576023301514,0.06941518519150415,-0.060573601305264464,0.10196546139973757,interval,interval
pre_p2,5,cambio_usd,30,-0.05803224656252158,-0.09095405221218188,-0.02522998639729978,-0.12382471894459415,0.0072845111042581555,interval,interval
pre_p2,5,yield_6m,30,-0.002989352895964259,-0.004617511052209368,-0.0014433183758965802,-0.006321901456682227,1.6396017017509625e-5,interval,interval
pre_p2,5,yield_2y,30,-0.004585939881381298,-0.007074299104352324,-0.0022207690313293216,-0.009676681671668448,1.4590822926125082e-5,interval,interval
pre_p2,5,ibc_br,30,-0.09509780535266699,-0.2752652380662071,0.057558602786690276,-0.4851619048094884,0.18548997817142407,interval,interval
pre_p2,5,asset_ibov,30,0.292408628620283,0.013131185972599843,0.5423616346907139,-0.296209784061164,0.7643345032021774,interval,interval
pre_p2,5,cds_5y,30,-18.29686530437312,-28.13898990637267,-8.575885583753134,-38.05158984095402,0.9757799380767875,interval,interval
pre_p2,5,price_ipca,30,0.0398609845201543,-0.0035143954062157655,0.07925483034250096,-0.05090050911133777,0.11477851406031805,interval,interval
pre_p2,5,cambio_usd,31,-0.05897633679089302,-0.09267168309742124,-0.026062971286104627,-0.12698252090336398,0.005918062914066736,interval,interval
pre_p2,5,yield_6m,31,-0.002979759474517907,-0.004651967202506539,-0.0014250618044693128,-0.0064384887880840425,1.1354821889258979e-5,interval,interval
pre_p2,5,yield_2y,31,-0.004562515893708153,-0.007112432370308424,-0.002187133725995249,-0.009831540484648498,1.1973563168706554e-5,interval,interval
pre_p2,5,ibc_br,31,-0.06334689233409542,-0.23620882490383194,0.0838581353352072,-0.43667753089296185,0.2078856430021163,interval,interval
pre_p2,5,asset_ibov,31,0.3414135855377338,0.06311961520234408,0.6043349429398648,-0.2296386925262101,0.8512926773521072,interval,interval
pre_p2,5,cds_5y,31,-18.603127326435747,-28.780560589782084,-8.784685949181283,-39.27120329961727,0.6363901053106672,interval,interval
pre_p2,5,price_ipca,31,0.04749374053770431,0.0036746411804711773,0.08892434580453491,-0.0423874675683514,0.12787026687739098,interval,interval
pre_p2,5,cambio_usd,32,-0.05947842529036425,-0.09393452676776902,-0.02645960996789708,-0.12968426067913308,0.005007928704340252,interval,interval
pre_p2,5,yield_6m,32,-0.0029495145597101084,-0.0046615995891928766,-0.0013889524833975383,-0.00652559754948233,2.3603802278400768e-5,interval,interval
pre_p2,5,yield_2y,32,-0.004507676307663175,-0.007113239839025999,-0.0021259963459219233,-0.009942404826046346,3.6138521411608075e-5,interval,interval
pre_p2,5,ibc_br,32,-0.032022100743300794,-0.19784354054029601,0.11028083768493704,-0.3888006361242551,0.23116781240485507,interval,interval
pre_p2,5,asset_ibov,32,0.3867090366266677,0.10523339131247951,0.6667690393038685,-0.1761980709458669,0.943982790190274,interval,interval
pre_p2,5,cds_5y,32,-18.770100287300423,-29.27335535974065,-8.859517723964759,-40.335986109662414,0.4373272858452264,interval,interval
pre_p2,5,price_ipca,32,0.0545876242541004,0.01007231648951779,0.09832383003453192,-0.034996307412794775,0.1410712273697726,interval,interval
pre_p2,5,cambio_usd,33,-0.05954749335338247,-0.09474187638898249,-0.026431537219414464,-0.1319106815745914,0.004544882579007569,interval,interval
pre_p2,5,yield_6m,33,-0.0028993970174287127,-0.004646712574525014,-0.0013359296067987664,-0.006582561276609308,5.216897968332814e-5,interval,interval
pre_p2,5,yield_2y,33,-0.004422674130238222,-0.007077302871028885,-0.0020388100774018504,-0.010008460720906638,8.564184707730446e-5,interval,interval
pre_p2,5,ibc_br,33,-0.001331845108397625,-0.16056530086596318,0.13678592017873054,-0.3421481245965727,0.2554574656696162,interval,interval
pre_p2,5,asset_ibov,33,0.42807291861047647,0.13991213784959264,0.728675118212705,-0.1348052608587374,1.040460002993565,interval,interval
pre_p2,5,cds_5y,33,-18.800487634824357,-29.615796074507944,-8.805078788832958,-41.23672715643612,0.3730748930560997,interval,interval
pre_p2,5,price_ipca,33,0.061106887538257125,0.01569302601216922,0.10735467810761049,-0.02867001020938112,0.15420229053312207,interval,interval
pre_p2,5,cambio_usd,34,-0.05919524977090724,-0.09509543729245956,-0.025993770776233962,-0.1336444093094884,0.004514772571881563,interval,interval
pre_p2,5,yield_6m,34,-0.002830303945766939,-0.004607767156896642,-0.0012670336295144782,-0.0066089263936095705,9.596751213356189e-5,interval,interval
pre_p2,5,yield_2y,34,-0.0043089387697271735,-0.0070054284717497375,-0.001927188479618335,-0.01002919356156497,1.5885407899987497e-4,interval,interval
pre_p2,5,ibc_br,34,0.028525674915000812,-0.12476843681618321,0.1633488989815486,-0.2973526801629306,0.28090168811980176,interval,interval
pre_p2,5,asset_ibov,34,0.46531795728355274,0.1677241345099337,0.7890061771742921,-0.104066031542916,1.138540989078594,interval,interval
pre_p2,5,cds_5y,34,-18.697868461347404,-29.807284751154686,-8.626948952556466,-41.965291517147556,0.43700033835425905,interval,interval
pre_p2,5,price_ipca,34,0.06702093171717348,0.02055615977866101,0.11592350671722698,-0.023342164576973922,0.1670849280060633,interval,interval
pre_p2,5,cambio_usd,35,-0.058435985493924515,-0.09499938272710477,-0.02516440657881577,-0.13487040810459566,0.004899101568170519,interval,interval
pre_p2,5,yield_6m,35,-0.0027432411109915757,-0.004545379055873483,-0.001183391277081766,-0.006604464913101146,1.5383067591396866e-4,interval,interval
pre_p2,5,yield_2y,35,-0.00416806132117639,-0.006898647395351975,-0.0017928810618806743,-0.010004409734938848,2.539988253787894e-4,interval,interval
pre_p2,5,ibc_br,35,0.05736358111613162,-0.09083355767146793,0.1899519287303313,-0.25503939829304323,0.3076535356461562,interval,interval
pre_p2,5,asset_ibov,35,0.49829179802204404,0.18926490962188908,0.8467596935277131,-0.08253559421806905,1.2360692210741784,interval,interval
pre_p2,5,cds_5y,35,-18.466649899283947,-29.848222494036715,-8.331491403819376,-42.51477977758665,0.6215475218053911,interval,interval
pre_p2,5,price_ipca,35,0.07230435730336245,0.024683694473451857,0.12394479825287204,-0.018943849106123636,0.17954871457280863,interval,interval
pre_p2,5,cambio_usd,36,-0.05728641206480289,-0.0944604101875741,-0.02396427894605715,-0.1355764457849588,0.005675657806756699,interval,interval
pre_p2,5,yield_6m,36,-0.0026393128848574868,-0.004460316169703639,-0.0010861999258327975,-0.006569185266290445,2.2452700964022926e-4,interval,interval
pre_p2,5,yield_2y,36,-0.004001779094848943,-0.006758211218445933,-0.001637748022112886,-0.00993425536202043,3.691914821018929e-4,interval,interval
pre_p2,5,ibc_br,36,0.0850073108304451,-0.05911134680519929,0.21656985695200084,-0.21579283232704696,0.3358421454514852,interval,interval
pre_p2,5,asset_ibov,36,0.5268769791118685,0.20509801286048351,0.9010377636002033,-0.0688755916057166,1.3310757480790323,interval,interval
pre_p2,5,cds_5y,36,-18.1120147843858,-29.740020892966783,-7.925751130928729,-42.87966596295245,0.9184217700881485,interval,interval
pre_p2,5,price_ipca,36,0.07693697963914393,0.02809885369131251,0.13134240134301858,-0.015407835262871303,0.19143607772447271,interval,interval
pre_p2,5,cambio_usd,37,-0.055765485753658445,-0.09348778929466149,-0.022416597837670284,-0.13575353981342178,0.006819165921790444,interval,interval
pre_p2,5,yield_6m,37,-0.0025197117701739303,-0.004353495391427503,-9.767115316968405e-4,-0.006503341206917993,3.0678542691155885e-4,interval,interval
pre_p2,5,yield_2y,37,-0.003811959516513383,-0.006585588338978633,-0.0014637344250487201,-0.009819231957278584,5.024776345881096e-4,interval,interval
pre_p2,5,ibc_br,37,0.11129550023888278,-0.02990398032186694,0.24315369338010862,-0.1801174169846254,0.36553605661480815,interval,interval
pre_p2,5,asset_ibov,37,0.5509906595626645,0.21573110533646672,0.9510713585055419,-0.06191828838045365,1.4218463844056841,interval,interval
pre_p2,5,cds_5y,37,-17.63986504234344,-29.485105332265356,-7.4173515861648855,-43.05591248655902,1.318765483633537,interval,interval
pre_p2,5,price_ipca,37,0.08090381129522727,0.030825541102008365,0.1380501849902072,-0.012670640064098477,0.20260480261374364,interval,interval
pre_p2,5,cambio_usd,38,-0.05389421934776279,-0.09209339452333679,-0.020546573228185885,-0.1353963638154146,0.008301936487623228,interval,interval
pre_p2,5,yield_6m,38,-0.002385707597248509,-0.004225978817386608,-8.562162296116417e-4,-0.006407438852410054,3.993182336490319e-4,interval,interval
pre_p2,5,yield_2y,38,-0.00360058353725286,-0.00638245893423216,-0.0012728440450608558,-0.009660209024848241,6.518709504101334e-4,interval,interval
pre_p2,5,ibc_br,38,0.13608075057040256,-0.0034476903746671925,0.26961499971381075,-0.14839855110549843,0.39670699531377807,interval,interval
pre_p2,5,asset_ibov,38,0.5705841494229712,0.22161370912501155,0.9962224652928845,-0.0606729426781069,1.5069304447768783,interval,interval
pre_p2,5,cds_5y,38,-17.05676140363642,-29.08691019073673,-6.814390708357899,-43.04106222925121,1.813323858317913,interval,interval
pre_p2,5,price_ipca,38,0.08419501122890477,0.03288824711116409,0.14401214521417283,-0.010673135686488243,0.2129289975574956,interval,interval
pre_p2,5,cambio_usd,39,-0.05169548350345724,-0.09029171829000923,-0.018381034401631104,-0.13450360129096428,0.010094498927046567,interval,interval
pre_p2,5,yield_6m,39,-0.0022386364765001427,-0.004078969421143629,-7.260256957923406e-4,-0.00628224201721932,5.008440556997286e-4,interval,interval
pre_p2,5,yield_2y,39,-0.0033697286848021223,-0.006150708975277177,-0.0010671130272974065,-0.00945843377827558,8.153905371640039e-4,interval,interval
pre_p2,5,ibc_br,39,0.15923027641251783,0.020099059857851466,0.2958156630464753,-0.12087442878659167,0.4292042036771672,interval,interval
pre_p2,5,asset_ibov,39,0.585642224450779,0.22314504847949007,1.0359756343147626,-0.06430525358660792,1.5851218424507671,interval,interval
pre_p2,5,cds_5y,39,-16.369859981109553,-28.54986628229752,-6.125336903063052,-42.834309025177724,2.392601365343857,interval,interval
pre_p2,5,price_ipca,39,0.0868058016574998,0.034312195464392764,0.14918219946593167,-0.009360334501790314,0.22229913969032397,interval,interval
pre_p2,5,cambio_usd,40,-0.049193799553832095,-0.0880998619005836,-0.015948050058315875,-0.13307823936864888,0.012166208416979706,interval,interval
pre_p2,5,yield_6m,40,-0.0020798895906926087,-0.003913806299744505,-5.87456329258349e-4,-0.006128776069972097,6.101107556338788e-4,interval,interval
pre_p2,5,yield_2y,40,-0.0031215518890103985,-0.005892423444316579,-8.485834781918814e-4,-0.009215538294538117,9.91097841728998e-4,interval,interval
pre_p2,5,ibc_br,40,0.18062643391948377,0.04065833210314078,0.32156650294935557,-0.09762720675161947,0.46274788363774233,interval,interval
pre_p2,5,asset_ibov,40,0.5961822441318485,0.22068492076786728,1.0699260354916413,-0.07210877332725896,1.6554314878315652,interval,interval
pre_p2,5,cds_5y,40,-15.586846282802426,-27.879381153474913,-5.358925426766639,-42.436548483951285,3.047010102206958,interval,interval
pre_p2,5,price_ipca,40,0.08873635358644881,0.03512357309824195,0.15352382698564657,-0.008680793619364708,0.2306216451274945,interval,interval
pre_p2,5,cambio_usd,41,-0.04641512563163008,-0.08553750351433977,-0.0132765534838501,-0.13112780032083002,0.014485822040612583,interval,interval
pre_p2,5,yield_6m,41,-0.0019109019098008128,-0.003731959625081099,-4.4181228530022087e-4,-0.005948330604490878,7.259184651032531e-4,interval,interval
pre_p2,5,yield_2y,41,-0.002858272210240101,-0.005609878934660861,-6.192770595776094e-4,-0.008933544500916607,0.0011771332463891638,interval,interval
pre_p2,5,ibc_br,41,0.20016712880651166,0.0582258120358973,0.3466352971976907,-0.07859592067468228,0.4969441579872698,interval,interval
pre_p2,5,asset_ibov,41,0.6022530758938746,0.21456408135161997,1.0977675406328415,-0.08347747258927121,1.7170601645480466,interval,interval
pre_p2,5,cds_5y,41,-14.715867210811046,-27.08181303455549,-4.5240554113440385,-41.850411441045836,3.7670114778481967,interval,interval
pre_p2,5,price_ipca,41,0.08999164236041132,0.03534975070325179,0.15700965006895803,-0.008585916472810881,0.23781824269001126,interval,interval
pre_p2,5,cambio_usd,42,-0.04338663793415023,-0.08262684355722574,-0.010395975769012177,-0.12866451210983323,0.0170220427227082,interval,interval
pre_p2,5,yield_6m,42,-0.0017331409094999439,-0.003535025449941537,-2.9036837494923756e-4,-0.0057424612571669,8.471428966112016e-4,interval,interval
pre_p2,5,yield_2y,42,-0.0025821535968319777,-0.005305535826503585,-3.811686462678395e-4,-0.008614867439083766,0.0013717525508624535,interval,interval
pre_p2,5,ibc_br,42,0.21776610428227816,0.0728568461983844,0.3707616288740202,-0.06360601150953547,0.5313163988453838,interval,interval
pre_p2,5,asset_ibov,42,0.6039338391641319,0.20509278882697835,1.1192822123262534,-0.0978828646398787,1.769375314472734,interval,interval
pre_p2,5,cds_5y,42,-13.765461601446392,-26.164439352364464,-3.629687687554429,-41.080282459875804,4.543252719062571,interval,interval
pre_p2,5,price_ipca,42,0.09058127476013096,0.035019446031999094,0.15962100691283507,-0.009029305219278982,0.24382530664681595,interval,interval
pre_p2,5,cambio_usd,43,-0.040136508914457546,-0.0793925289156925,-0.007335889158595808,-0.12570542156467154,0.019744031613189154,interval,interval
pre_p2,5,yield_6m,43,-0.0015480953722349275,-0.0033247205209880684,-1.3435284031884984e-4,-0.005512991022127747,9.72759111534572e-4,interval,interval
pre_p2,5,yield_2y,43,-0.0022954877934246334,-0.004982030218242247,-1.3616011560193744e-4,-0.0082623172470726175,0.0015733635187413406,interval,interval
pre_p2,5,ibc_br,43,0.23335311023305655,0.08464970647329652,0.39367426517575915,-0.052405863797637675,0.5653433176917217,interval,interval
pre_p2,5,asset_ibov,43,0.6013324795975634,0.19256722500120926,1.1343315035694181,-0.11485630885193492,1.8118923645866485,interval,interval
pre_p2,5,cds_5y,43,-12.744489848527095,-25.135420773057266,-2.6847434965716137,-40.13230582159907,5.366699655162489,interval,interval
pre_p2,5,price_ipca,43,0.09051928941871921,0.034162810016395005,0.16134753923732062,-0.009966236928968019,0.24859322385808727,interval,interval
pre_p2,5,cambio_usd,44,-0.03669368413562258,-0.075861557772266,-0.004125662051364303,-0.1222724550598603,0.022621890675734738,interval,interval
pre_p2,5,yield_6m,44,-0.0013572643470263184,-0.0031028772316494565,2.5069968419179873e-5,-0.00526201139871676,0.001101865900984511,interval,interval
pre_p2,5,yield_2y,44,-0.0020005775173784802,-0.004642165739969034,1.13945614651034e-4,-0.0078791002238138,0.0017805625846473376,interval,interval
pre_p2,5,ibc_br,44,0.24687395562374628,0.09372999549897197,0.41510715584816166,-0.044701214734109554,0.5984946692465862,interval,interval
pre_p2,5,asset_ibov,44,0.594584187412318,0.17727396534849713,1.1428490195525642,-0.13397597686314014,1.8442601039170832,interval,interval
pre_p2,5,cds_5y,44,-11.66206314290064,-24.003761752996457,-1.698004171241082,-39.01438135705411,6.228767094687268,interval,interval
pre_p2,5,price_ipca,44,0.08982393249055956,0.03281143167593363,0.16218680230644494,-0.011353289147262448,0.25208582372817917,interval,interval
pre_p2,5,cambio_usd,45,-0.03308765946908081,-0.07206316712153935,-7.941269476541284e-4,-0.1183924319296127,0.025627117459770008,interval,interval
pre_p2,5,yield_6m,45,-0.0011621463410377434,-0.002871438792840889,1.86816937622813e-4,-0.004991883627469772,0.001233710855164703,interval,interval
pre_p2,5,yield_2y,45,-0.0016997200151268983,-0.004288905263113951,3.674700783255897e-4,-0.007468819155098303,0.0019921716293880166,interval,interval
pre_p2,5,ibc_br,45,0.2582904469375296,0.10023846361678819,0.4348117838078107,-0.04018197826074044,0.6302591092101605,interval,interval
pre_p2,5,asset_ibov,45,0.5838496735451268,0.15949281819117622,1.144834549873347,-0.15485764629344256,1.866249299321274,interval,interval
pre_p2,5,cds_5y,45,-10.52747284570994,-22.779268532009436,-0.6780118984910457,-37.73615231889456,7.121447914650618,interval,interval
pre_p2,5,price_ipca,45,0.08851741067224106,0.03099826604098404,0.1621438971164715,-0.013148115054614315,0.2542798745701436,interval,interval
pre_p2,5,cambio_usd,46,-0.02934826025580017,-0.06802870483152905,0.0026307372506188522,-0.11409703539604123,0.028733033468473657,interval,interval
pre_p2,5,yield_6m,46,-9.642288122982755e-4,-0.002632454587078892,3.499033724005393e-4,-0.004705240088977514,0.0013677160142012733,interval,interval
pre_p2,5,yield_2y,46,-0.0013951911043825402,-0.003925362318572577,6.22883867932627e-4,-0.007035472722693837,0.0022072743718114037,interval,interval
pre_p2,5,ibc_br,46,0.26758021616515526,0.10432278814838324,0.45256532179053494,-0.038540067556323755,0.6601627867400534,interval,interval
pre_p2,5,asset_ibov,46,0.569313318807219,0.13949835990868395,1.1403490740627136,-0.17714850046889102,1.8777437582107914,interval,interval
pre_p2,5,cds_5y,46,-9.350120496524804,-21.472505385429173,0.3670282235135827,-36.308987226673665,8.037441682404015,interval,interval
pre_p2,5,price_ipca,46,0.08662562379913516,0.02875749290084794,0.16123112123297562,-0.015309356649664251,0.255164638633759,interval,interval
pre_p2,5,cambio_usd,47,-0.02550542397916451,-0.06379148756910968,0.0061221067215411675,-0.10942274452801799,0.03191518619580754,interval,interval
pre_p2,5,yield_6m,47,-7.649780289849129e-4,-0.0023880754701393362,5.134596371575438e-4,-0.004404985588173406,0.0015035036418539777,interval,interval
pre_p2,5,yield_2y,47,-0.0010892298016218546,-0.003554791705514272,8.788296216964569e-4,-0.0065834532011560315,0.0024252513097330953,interval,interval
pre_p2,5,ibc_br,47,0.27473644256162266,0.10613276291557011,0.4681751533017939,-0.039479428141754085,0.6877798833879369,interval,interval
pre_p2,5,asset_ibov,47,0.5511812115638819,0.11756044889171642,1.129510488865823,-0.20052324578036532,1.8787331813498207,interval,interval
pre_p2,5,cds_5y,47,-8.139448937327598,-20.09474972582965,1.4293444191150146,-34.74595717775282,8.970283168735563,interval,interval
pre_p2,5,price_ipca,47,0.08417787934976285,0.02612431519254264,0.15946763403051673,-0.017796680241938576,0.2547414743713508,interval,interval
pre_p2,5,cambio_usd,48,-0.021588987921919066,-0.05938664494011742,0.00965459525485041,-0.10441072859040341,0.0351517227007396,interval,interval
pre_p2,5,yield_6m,48,-5.658293563109133e-4,-0.002140548451459923,6.767465491659295e-4,-0.004094297628386232,0.0016409210470094224,interval,interval
pre_p2,5,yield_2y,48,-7.840236273087327e-4,-0.003180578268125178,0.0011341421616649576,-0.00611754065317232,0.002645811151395609,interval,interval
pre_p2,5,ibc_br,48,0.2797674730125738,0.10581792997738654,0.4814807334830786,-0.0427204906450765,0.7127373088818538,interval,interval
pre_p2,5,asset_ibov,48,0.5296790901322418,0.09394394491789994,1.1124898636595841,-0.2246820102374347,1.8693073043377588,interval,interval
pre_p2,5,cds_5y,48,-6.904875011186392,-18.657946256729986,2.5016919863778035,-33.06180938145607,9.914470361021904,interval,interval
pre_p2,5,price_ipca,48,0.08120659127076606,0.023134705472282475,0.15687913268603962,-0.02057091853418833,0.25302347491769284,interval,interval
pre_p2,4,cambio_usd,0,0.05949541319365003,NA,NA,NA,NA,NA,NA
pre_p2,4,yield_6m,0,0.005,NA,NA,NA,NA,NA,NA
pre_p2,4,yield_2y,0,0.006866227179049306,NA,NA,NA,NA,NA,NA
pre_p2,4,ibc_br,0,-0.4170379137395998,NA,NA,NA,NA,NA,NA
pre_p2,4,asset_ibov,0,-4.841710351722374,NA,NA,NA,NA,NA,NA
pre_p2,4,cds_5y,0,31.85464214826144,NA,NA,NA,NA,NA,NA
pre_p2,4,price_ipca,0,-0.26309169085993545,NA,NA,NA,NA,NA,NA
pre_p2,4,cambio_usd,1,0.13364543616467278,NA,NA,NA,NA,NA,NA
pre_p2,4,yield_6m,1,0.0044859054397411,NA,NA,NA,NA,NA,NA
pre_p2,4,yield_2y,1,0.007608350340893502,NA,NA,NA,NA,NA,NA
pre_p2,4,ibc_br,1,-0.18221638683125416,NA,NA,NA,NA,NA,NA
pre_p2,4,asset_ibov,1,-5.355830160544194,NA,NA,NA,NA,NA,NA
pre_p2,4,cds_5y,1,42.930669158346994,NA,NA,NA,NA,NA,NA
pre_p2,4,price_ipca,1,-0.11793367584104006,NA,NA,NA,NA,NA,NA
pre_p2,4,cambio_usd,2,0.1311046692250692,NA,NA,NA,NA,NA,NA
pre_p2,4,yield_6m,2,0.004143068478963612,NA,NA,NA,NA,NA,NA
pre_p2,4,yield_2y,2,0.006677035301208382,NA,NA,NA,NA,NA,NA
pre_p2,4,ibc_br,2,-0.2906860557640264,NA,NA,NA,NA,NA,NA
pre_p2,4,asset_ibov,2,-0.3620694775082479,NA,NA,NA,NA,NA,NA
pre_p2,4,cds_5y,2,35.51548288221301,NA,NA,NA,NA,NA,NA
pre_p2,4,price_ipca,2,-0.15225688359904876,NA,NA,NA,NA,NA,NA
pre_p2,4,cambio_usd,3,0.11530317272434315,NA,NA,NA,NA,NA,NA
pre_p2,4,yield_6m,3,0.0037267395653306375,NA,NA,NA,NA,NA,NA
pre_p2,4,yield_2y,3,0.0060124933423172456,NA,NA,NA,NA,NA,NA
pre_p2,4,ibc_br,3,-0.26596409108077146,NA,NA,NA,NA,NA,NA
pre_p2,4,asset_ibov,3,-1.1808221443703713,NA,NA,NA,NA,NA,NA
pre_p2,4,cds_5y,3,32.65405201552692,NA,NA,NA,NA,NA,NA
pre_p2,4,price_ipca,3,-0.1453466407730741,NA,NA,NA,NA,NA,NA
pre_p2,4,cambio_usd,4,0.09867240861537374,NA,NA,NA,NA,NA,NA
pre_p2,4,yield_6m,4,0.0032412577888122976,NA,NA,NA,NA,NA,NA
pre_p2,4,yield_2y,4,0.005122613655741216,NA,NA,NA,NA,NA,NA
pre_p2,4,ibc_br,4,-0.3519429345216956,NA,NA,NA,NA,NA,NA
pre_p2,4,asset_ibov,4,-0.8135773532188911,NA,NA,NA,NA,NA,NA
pre_p2,4,cds_5y,4,28.128201878982736,NA,NA,NA,NA,NA,NA
pre_p2,4,price_ipca,4,-0.13870235394022143,NA,NA,NA,NA,NA,NA
pre_p2,4,cambio_usd,5,0.08458171468214185,NA,NA,NA,NA,NA,NA
pre_p2,4,yield_6m,5,0.00277703424102623,NA,NA,NA,NA,NA,NA
pre_p2,4,yield_2y,5,0.004360785204487879,NA,NA,NA,NA,NA,NA
pre_p2,4,ibc_br,5,-0.3724743131710135,NA,NA,NA,NA,NA,NA
pre_p2,4,asset_ibov,5,-1.0969888782489763,NA,NA,NA,NA,NA,NA
pre_p2,4,cds_5y,5,24.84138953459595,NA,NA,NA,NA,NA,NA
pre_p2,4,price_ipca,5,-0.13385089853925056,NA,NA,NA,NA,NA,NA
pre_p2,4,cambio_usd,6,0.07349551978348716,NA,NA,NA,NA,NA,NA
pre_p2,4,yield_6m,6,0.002389730352354739,NA,NA,NA,NA,NA,NA
pre_p2,4,yield_2y,6,0.003684567048161801,NA,NA,NA,NA,NA,NA
pre_p2,4,ibc_br,6,-0.4101441563340682,NA,NA,NA,NA,NA,NA
pre_p2,4,asset_ibov,6,-0.928523476584194,NA,NA,NA,NA,NA,NA
pre_p2,4,cds_5y,6,21.767678238134256,NA,NA,NA,NA,NA,NA
pre_p2,4,price_ipca,6,-0.13662741476626789,NA,NA,NA,NA,NA,NA
pre_p2,4,cambio_usd,7,0.06433303994185863,NA,NA,NA,NA,NA,NA
pre_p2,4,yield_6m,7,0.0020232351485510273,NA,NA,NA,NA,NA,NA
pre_p2,4,yield_2y,7,0.003086557554218765,NA,NA,NA,NA,NA,NA
pre_p2,4,ibc_br,7,-0.42808060117598734,NA,NA,NA,NA,NA,NA
pre_p2,4,asset_ibov,7,-0.955085848321598,NA,NA,NA,NA,NA,NA
pre_p2,4,cds_5y,7,19.288798335132466,NA,NA,NA,NA,NA,NA
pre_p2,4,price_ipca,7,-0.13702031288152602,NA,NA,NA,NA,NA,NA
pre_p2,4,cambio_usd,8,0.056024369834859915,NA,NA,NA,NA,NA,NA
pre_p2,4,yield_6m,8,0.0016735063878641058,NA,NA,NA,NA,NA,NA
pre_p2,4,yield_2y,8,0.002515231912863109,NA,NA,NA,NA,NA,NA
pre_p2,4,ibc_br,8,-0.44823566565862605,NA,NA,NA,NA,NA,NA
pre_p2,4,asset_ibov,8,-0.8876919474905973,NA,NA,NA,NA,NA,NA
pre_p2,4,cds_5y,8,16.881034625113397,NA,NA,NA,NA,NA,NA
pre_p2,4,price_ipca,8,-0.13680584527792355,NA,NA,NA,NA,NA,NA
pre_p2,4,cambio_usd,9,0.04818545506813133,NA,NA,NA,NA,NA,NA
pre_p2,4,yield_6m,9,0.0013282021339759103,NA,NA,NA,NA,NA,NA
pre_p2,4,yield_2y,9,0.0019670711982808847,NA,NA,NA,NA,NA,NA
pre_p2,4,ibc_br,9,-0.4606281962376005,NA,NA,NA,NA,NA,NA
pre_p2,4,asset_ibov,9,-0.88121757067793,NA,NA,NA,NA,NA,NA
pre_p2,4,cds_5y,9,14.62028927461701,NA,NA,NA,NA,NA,NA
pre_p2,4,price_ipca,9,-0.13455875853108862,NA,NA,NA,NA,NA,NA
pre_p2,4,cambio_usd,10,0.04061247315445672,NA,NA,NA,NA,NA,NA
pre_p2,4,yield_6m,10,9.88282325269237e-4,NA,NA,NA,NA,NA,NA
pre_p2,4,yield_2y,10,0.0014302608395710243,NA,NA,NA,NA,NA,NA
pre_p2,4,ibc_br,10,-0.47086837284928607,NA,NA,NA,NA,NA,NA
pre_p2,4,asset_ibov,10,-0.8454807370776654,NA,NA,NA,NA,NA,NA
pre_p2,4,cds_5y,10,12.37180881411939,NA,NA,NA,NA,NA,NA
pre_p2,4,price_ipca,10,-0.13123601682590533,NA,NA,NA,NA,NA,NA
pre_p2,4,cambio_usd,11,0.033224259594378046,NA,NA,NA,NA,NA,NA
pre_p2,4,yield_6m,11,6.523517529951395e-4,NA,NA,NA,NA,NA,NA
pre_p2,4,yield_2y,11,9.058868786101792e-4,NA,NA,NA,NA,NA,NA
pre_p2,4,ibc_br,11,-0.47634929581833974,NA,NA,NA,NA,NA,NA
pre_p2,4,asset_ibov,11,-0.8179115108238058,NA,NA,NA,NA,NA,NA
pre_p2,4,cds_5y,11,10.160695805150889,NA,NA,NA,NA,NA,NA
pre_p2,4,price_ipca,11,-0.12666016972112576,NA,NA,NA,NA,NA,NA
pre_p2,4,cambio_usd,12,0.025974780893136734,NA,NA,NA,NA,NA,NA
pre_p2,4,yield_6m,12,3.222916859801837e-4,NA,NA,NA,NA,NA,NA
pre_p2,4,yield_2y,12,3.930004645229258e-4,NA,NA,NA,NA,NA,NA
pre_p2,4,ibc_br,12,-0.47865176947876903,NA,NA,NA,NA,NA,NA
pre_p2,4,asset_ibov,12,-0.7768324837075008,NA,NA,NA,NA,NA,NA
pre_p2,4,cds_5y,12,7.960257377992236,NA,NA,NA,NA,NA,NA
pre_p2,4,price_ipca,12,-0.12115069303933419,NA,NA,NA,NA,NA,NA
pre_p2,4,cambio_usd,13,0.01885879185698627,NA,NA,NA,NA,NA,NA
pre_p2,4,yield_6m,13,-7.647946351288516e-7,NA,NA,NA,NA,NA,NA
pre_p2,4,yield_2y,13,-1.0600787071633184e-4,NA,NA,NA,NA,NA,NA
pre_p2,4,ibc_br,13,-0.47720071497319816,NA,NA,NA,NA,NA,NA
pre_p2,4,asset_ibov,13,-0.7337626587996839,NA,NA,NA,NA,NA,NA
pre_p2,4,cds_5y,13,5.786466628949478,NA,NA,NA,NA,NA,NA
pre_p2,4,price_ipca,13,-0.11471586219367741,NA,NA,NA,NA,NA,NA
pre_p2,4,cambio_usd,14,0.011888122159074851,NA,NA,NA,NA,NA,NA
pre_p2,4,yield_6m,14,-3.148211006782537e-4,NA,NA,NA,NA,NA,NA
pre_p2,4,yield_2y,14,-5.892618842995608e-4,NA,NA,NA,NA,NA,NA
pre_p2,4,ibc_br,14,-0.4725078267054373,NA,NA,NA,NA,NA,NA
pre_p2,4,asset_ibov,14,-0.683821905210813,NA,NA,NA,NA,NA,NA
pre_p2,4,cds_5y,14,3.6420140221672206,NA,NA,NA,NA,NA,NA
pre_p2,4,price_ipca,14,-0.107510857123027,NA,NA,NA,NA,NA,NA
pre_p2,4,cambio_usd,15,0.005088269933102911,NA,NA,NA,NA,NA,NA
pre_p2,4,yield_6m,15,-6.18128577167107e-4,NA,NA,NA,NA,NA,NA
pre_p2,4,yield_2y,15,-0.0010540698151208139,NA,NA,NA,NA,NA,NA
pre_p2,4,ibc_br,15,-0.4645253491236438,NA,NA,NA,NA,NA,NA
pre_p2,4,asset_ibov,15,-0.6305009078076477,NA,NA,NA,NA,NA,NA
pre_p2,4,cds_5y,15,1.5407669170015754,NA,NA,NA,NA,NA,NA
pre_p2,4,price_ipca,15,-0.09961327110975927,NA,NA,NA,NA,NA,NA
pre_p2,4,cambio_usd,16,-0.0015113054431252482,NA,NA,NA,NA,NA,NA
pre_p2,4,yield_6m,16,-9.088246497343054e-4,NA,NA,NA,NA,NA,NA
pre_p2,4,yield_2y,16,-0.0014980264835220978,NA,NA,NA,NA,NA,NA
pre_p2,4,ibc_br,16,-0.45350435849110127,NA,NA,NA,NA,NA,NA
pre_p2,4,asset_ibov,16,-0.5729561078436418,NA,NA,NA,NA,NA,NA
pre_p2,4,cds_5y,16,-0.5073104506676349,NA,NA,NA,NA,NA,NA
pre_p2,4,price_ipca,16,-0.09113561687881318,NA,NA,NA,NA,NA,NA
pre_p2,4,cambio_usd,17,-0.007879145301999319,NA,NA,NA,NA,NA,NA
pre_p2,4,yield_6m,17,-0.0011852397091650776,NA,NA,NA,NA,NA,NA
pre_p2,4,yield_2y,17,-0.0019186941172516054,NA,NA,NA,NA,NA,NA
pre_p2,4,ibc_br,17,-0.43956270247271845,NA,NA,NA,NA,NA,NA
pre_p2,4,asset_ibov,17,-0.5125640009687392,NA,NA,NA,NA,NA,NA
pre_p2,4,cds_5y,17,-2.4898949548500413,NA,NA,NA,NA,NA,NA
pre_p2,4,price_ipca,17,-0.0821663272011323,NA,NA,NA,NA,NA,NA
pre_p2,4,cambio_usd,18,-0.01398436087188292,NA,NA,NA,NA,NA,NA
pre_p2,4,yield_6m,18,-0.0014458008351832905,NA,NA,NA,NA,NA,NA
pre_p2,4,yield_2y,18,-0.0023138934074121323,NA,NA,NA,NA,NA,NA
pre_p2,4,ibc_br,18,-0.4229079457119132,NA,NA,NA,NA,NA,NA
pre_p2,4,asset_ibov,18,-0.44956528668415546,NA,NA,NA,NA,NA,NA
pre_p2,4,cds_5y,18,-4.396286912681075,NA,NA,NA,NA,NA,NA
pre_p2,4,price_ipca,18,-0.07280059481044016,NA,NA,NA,NA,NA,NA
pre_p2,4,cambio_usd,19,-0.019797119187609843,NA,NA,NA,NA,NA,NA
pre_p2,4,yield_6m,19,-0.0016891102045628536,NA,NA,NA,NA,NA,NA
pre_p2,4,yield_2y,19,-0.002681618627924192,NA,NA,NA,NA,NA,NA
pre_p2,4,ibc_br,19,-0.40372211098924843,NA,NA,NA,NA,NA,NA
pre_p2,4,asset_ibov,19,-0.3847652206344927,NA,NA,NA,NA,NA,NA
pre_p2,4,cds_5y,19,-6.2157811141650345,NA,NA,NA,NA,NA,NA
pre_p2,4,price_ipca,19,-0.0631255665204454,NA,NA,NA,NA,NA,NA
pre_p2,4,cambio_usd,20,-0.025289419524632407,NA,NA,NA,NA,NA,NA
pre_p2,4,yield_6m,20,-0.0019139198531980994,NA,NA,NA,NA,NA,NA
pre_p2,4,yield_2y,20,-0.0030201150876361933,NA,NA,NA,NA,NA,NA
pre_p2,4,ibc_br,20,-0.38221869666864555,NA,NA,NA,NA,NA,NA
pre_p2,4,asset_ibov,20,-0.3186504282924945,NA,NA,NA,NA,NA,NA
pre_p2,4,cds_5y,20,-7.938735626786993,NA,NA,NA,NA,NA,NA
pre_p2,4,price_ipca,20,-0.05322846873260274,NA,NA,NA,NA,NA,NA
pre_p2,4,cambio_usd,21,-0.030435377951492412,NA,NA,NA,NA,NA,NA
pre_p2,4,yield_6m,21,-0.0021191533183543944,NA,NA,NA,NA,NA,NA
pre_p2,4,yield_2y,21,-0.003327859289353848,NA,NA,NA,NA,NA,NA
pre_p2,4,ibc_br,21,-0.35861114980412573,NA,NA,NA,NA,NA,NA
pre_p2,4,asset_ibov,21,-0.2518372205872361,NA,NA,NA,NA,NA,NA
pre_p2,4,cds_5y,21,-9.55617532536135,NA,NA,NA,NA,NA,NA
pre_p2,4,price_ipca,21,-0.043192521817850826,NA,NA,NA,NA,NA,NA
pre_p2,4,cambio_usd,22,-0.035211579818849946,NA,NA,NA,NA,NA,NA
pre_p2,4,yield_6m,22,-0.0023038999235933393,NA,NA,NA,NA,NA,NA
pre_p2,4,yield_2y,22,-0.0036035813716154687,NA,NA,NA,NA,NA,NA
pre_p2,4,ibc_br,22,-0.3331265261280246,NA,NA,NA,NA,NA,NA
pre_p2,4,asset_ibov,22,-0.1848411782564638,NA,NA,NA,NA,NA,NA
pre_p2,4,cds_5y,22,-11.06010267516322,NA,NA,NA,NA,NA,NA
pre_p2,4,price_ipca,22,-0.033098848215757676,NA,NA,NA,NA,NA,NA
pre_p2,4,cambio_usd,23,-0.039597275988565564,NA,NA,NA,NA,NA,NA
pre_p2,4,yield_6m,23,-0.0024674206786175017,NA,NA,NA,NA,NA,NA
pre_p2,4,yield_2y,23,-0.0038462609322677706,NA,NA,NA,NA,NA,NA
pre_p2,4,ibc_br,23,-0.3059959019279961,NA,NA,NA,NA,NA,NA
pre_p2,4,asset_ibov,23,-0.11819437677769937,NA,NA,NA,NA,NA,NA
pre_p2,4,cds_5y,23,-12.44341967418434,NA,NA,NA,NA,NA,NA
pre_p2,4,price_ipca,23,-0.023025195679127603,NA,NA,NA,NA,NA,NA
pre_p2,4,cambio_usd,24,-0.04357456952802661,NA,NA,NA,NA,NA,NA
pre_p2,4,yield_6m,24,-0.002609146229587127,NA,NA,NA,NA,NA,NA
pre_p2,4,yield_2y,24,-0.004055132646809572,NA,NA,NA,NA,NA,NA
pre_p2,4,ibc_br,24,-0.2774566391943132,NA,NA,NA,NA,NA,NA
pre_p2,4,asset_ibov,24,-0.05238388296625639,NA,NA,NA,NA,NA,NA
pre_p2,4,cds_5y,24,-13.700029391804406,NA,NA,NA,NA,NA,NA
pre_p2,4,price_ipca,24,-0.013046238895511725,NA,NA,NA,NA,NA,NA
pre_p2,4,cambio_usd,25,-0.047128536225178826,NA,NA,NA,NA,NA,NA
pre_p2,4,yield_6m,25,-0.002728677082526557,NA,NA,NA,NA,NA,NA
pre_p2,4,yield_2y,25,-0.004229683590662169,NA,NA,NA,NA,NA,NA
pre_p2,4,ibc_br,25,-0.24774856971468467,NA,NA,NA,NA,NA,NA
pre_p2,4,asset_ibov,25,0.012118660477171184,NA,NA,NA,NA,NA,NA
pre_p2,4,cds_5y,25,-14.82482920610786,NA,NA,NA,NA,NA,NA
pre_p2,4,price_ipca,25,-0.003233046068912988,NA,NA,NA,NA,NA,NA
pre_p2,4,cambio_usd,26,-0.05024731828143158,NA,NA,NA,NA,NA,NA
pre_p2,4,yield_6m,26,-0.002825780968707237,NA,NA,NA,NA,NA,NA
pre_p2,4,yield_2y,26,-0.004369651828476203,NA,NA,NA,NA,NA,NA
pre_p2,4,ibc_br,26,-0.21711331387030425,NA,NA,NA,NA,NA,NA
pre_p2,4,asset_ibov,26,0.07487427023083207,NA,NA,NA,NA,NA,NA
pre_p2,4,cds_5y,26,-15.813744751725414,NA,NA,NA,NA,NA,NA
pre_p2,4,price_ipca,26,0.0063470364246155245,NA,NA,NA,NA,NA,NA
pre_p2,4,cambio_usd,27,-0.05292217688913804,NA,NA,NA,NA,NA,NA
pre_p2,4,yield_6m,27,-0.002900390040898751,NA,NA,NA,NA,NA,NA
pre_p2,4,yield_2y,27,-0.004475021555319898,NA,NA,NA,NA,NA,NA
pre_p2,4,ibc_br,27,-0.18579203620983392,NA,NA,NA,NA,NA,NA
pre_p2,4,asset_ibov,27,0.1354698926780921,NA,NA,NA,NA,NA,NA
pre_p2,4,cds_5y,27,-16.663729120130824,NA,NA,NA,NA,NA,NA
pre_p2,4,price_ipca,27,0.01563070857467138,NA,NA,NA,NA,NA,NA
pre_p2,4,cambio_usd,28,-0.05514751501802257,NA,NA,NA,NA,NA,NA
pre_p2,4,yield_6m,28,-0.0029525965775927484,NA,NA,NA,NA,NA,NA
pre_p2,4,yield_2y,28,-0.0045460173523926214,NA,NA,NA,NA,NA,NA
pre_p2,4,ibc_br,28,-0.15402406218708237,NA,NA,NA,NA,NA,NA
pre_p2,4,asset_ibov,28,0.19352387933695808,NA,NA,NA,NA,NA,NA
pre_p2,4,cds_5y,28,-17.372766589325483,NA,NA,NA,NA,NA,NA
pre_p2,4,price_ipca,28,0.024558917254601204,NA,NA,NA,NA,NA,NA
pre_p2,4,cambio_usd,29,-0.056920868060214166,NA,NA,NA,NA,NA,NA
pre_p2,4,yield_6m,29,-0.002982647937493545,NA,NA,NA,NA,NA,NA
pre_p2,4,yield_2y,29,-0.004583096394135498,NA,NA,NA,NA,NA,NA
pre_p2,4,ibc_br,29,-0.12204513127745839,NA,NA,NA,NA,NA,NA
pre_p2,4,asset_ibov,29,0.24868508012502658,NA,NA,NA,NA,NA,NA
pre_p2,4,cds_5y,29,-17.93986137233765,NA,NA,NA,NA,NA,NA
pre_p2,4,price_ipca,29,0.03307709414688134,NA,NA,NA,NA,NA,NA
pre_p2,4,cambio_usd,30,-0.05824286686188132,NA,NA,NA,NA,NA,NA
pre_p2,4,yield_6m,30,-0.0029909404631341925,NA,NA,NA,NA,NA,NA
pre_p2,4,yield_2y,30,-0.0045869393642952744,NA,NA,NA,NA,NA,NA
pre_p2,4,ibc_br,30,-0.09008592970681085,NA,NA,NA,NA,NA,NA
pre_p2,4,asset_ibov,30,0.30063501973657947,NA,NA,NA,NA,NA,NA
pre_p2,4,cds_5y,30,-18.365022022361384,NA,NA,NA,NA,NA,NA
pre_p2,4,price_ipca,30,0.041135341369710324,NA,NA,NA,NA,NA,NA
pre_p2,4,cambio_usd,31,-0.05911717409551045,NA,NA,NA,NA,NA,NA
pre_p2,4,yield_6m,31,-0.0029780125794454577,NA,NA,NA,NA,NA,NA
pre_p2,4,yield_2y,31,-0.004558439867318218,NA,NA,NA,NA,NA,NA
pre_p2,4,ibc_br,31,-0.05837058822999155,NA,NA,NA,NA,NA,NA
pre_p2,4,asset_ibov,31,0.34908826457365694,NA,NA,NA,NA,NA,NA
pre_p2,4,cds_5y,31,-18.649236738653766,NA,NA,NA,NA,NA,NA
pre_p2,4,price_ipca,31,0.0486886053263091,NA,NA,NA,NA,NA,NA
pre_p2,4,cambio_usd,32,-0.05955039670134098,NA,NA,NA,NA,NA,NA
pre_p2,4,yield_6m,32,-0.0029445370629138778,NA,NA,NA,NA,NA,NA
pre_p2,4,yield_2y,32,-0.004498692628702488,NA,NA,NA,NA,NA,NA
pre_p2,4,ibc_br,32,-0.02711531970228792,NA,NA,NA,NA,NA,NA
pre_p2,4,asset_ibov,32,0.39379345176037867,NA,NA,NA,NA,NA,NA
pre_p2,4,cds_5y,32,-18.794442740259036,NA,NA,NA,NA,NA,NA
pre_p2,4,price_ipca,32,0.05569681382824045,NA,NA,NA,NA,NA,NA
pre_p2,4,cambio_usd,33,-0.059551976159316185,NA,NA,NA,NA,NA,NA
pre_p2,4,yield_6m,33,-0.002891312603127026,NA,NA,NA,NA,NA,NA
pre_p2,4,yield_2y,33,-0.0044089805254727225,NA,NA,NA,NA,NA,NA
pre_p2,4,ibc_br,33,0.003472880745583139,NA,NA,NA,NA,NA,NA
pre_p2,4,asset_ibov,33,0.43453368956968086,NA,NA,NA,NA,NA,NA
pre_p2,4,cds_5y,33,-18.803488847167856,NA,NA,NA,NA,NA,NA
pre_p2,4,price_ipca,33,0.06212498609936178,NA,NA,NA,NA,NA,NA
pre_p2,4,cambio_usd,34,-0.05913405879576983,NA,NA,NA,NA,NA,NA
pre_p2,4,yield_6m,34,-0.002819254709750661,NA,NA,NA,NA,NA,NA
pre_p2,4,yield_2y,34,-0.004290760622600824,NA,NA,NA,NA,NA,NA
pre_p2,4,ibc_br,34,0.03319742246618087,NA,NA,NA,NA,NA,NA
pre_p2,4,asset_ibov,34,0.47112697305149137,NA,NA,NA,NA,NA,NA
pre_p2,4,cds_5y,34,-18.68009249535778,NA,NA,NA,NA,NA,NA
pre_p2,4,price_ipca,34,0.06794330847048557,NA,NA,NA,NA,NA,NA
pre_p2,4,cambio_usd,35,-0.05831134805734672,NA,NA,NA,NA,NA,NA
pre_p2,4,yield_6m,35,-0.0027293860579109047,NA,NA,NA,NA,NA,NA
pre_p2,4,yield_2y,35,-0.004145649325988226,NA,NA,NA,NA,NA,NA
pre_p2,4,ibc_br,35,0.06187320931099361,NA,NA,NA,NA,NA,NA
pre_p2,4,asset_ibov,35,0.50342627413705765,NA,NA,NA,NA,NA,NA
pre_p2,4,cds_5y,35,-18.42879136296585,NA,NA,NA,NA,NA,NA
pre_p2,4,price_ipca,35,0.07312717798293185,NA,NA,NA,NA,NA,NA
pre_p2,4,cambio_usd,36,-0.057100940784907114,NA,NA,NA,NA,NA,NA
pre_p2,4,yield_6m,36,-0.002622826347993403,NA,NA,NA,NA,NA,NA
pre_p2,4,yield_2y,36,-0.003975406798381227,NA,NA,NA,NA,NA,NA
pre_p2,4,ibc_br,36,0.08932761644834032,NA,NA,NA,NA,NA,NA
pre_p2,4,asset_ibov,36,0.5313194750424022,NA,NA,NA,NA,NA,NA
pre_p2,4,cds_5y,36,-18.054890338046988,NA,NA,NA,NA,NA,NA
pre_p2,4,price_ipca,36,0.0776572120224461,NA,NA,NA,NA,NA,NA
pre_p2,4,cambio_usd,37,-0.05552214943357362,NA,NA,NA,NA,NA,NA
pre_p2,4,yield_6m,37,-0.002500781766924407,NA,NA,NA,NA,NA,NA
pre_p2,4,yield_2y,37,-0.0037819207673443767,NA,NA,NA,NA,NA,NA
pre_p2,4,ibc_br,37,0.11540135575181142,NA,NA,NA,NA,NA,NA
pre_p2,4,asset_ibov,37,0.5547290574860266,NA,NA,NA,NA,NA,NA
pre_p2,4,cds_5y,37,-17.564404287373353,NA,NA,NA,NA,NA,NA
pre_p2,4,price_ipca,37,0.0815192248504276,NA,NA,NA,NA,NA,NA
pre_p2,4,cambio_usd,38,-0.05359631219534868,NA,NA,NA,NA,NA,NA
pre_p2,4,yield_6m,38,-0.0023645341336566757,NA,NA,NA,NA,NA,NA
pre_p2,4,yield_2y,38,-0.003567189863082443,NA,NA,NA,NA,NA,NA
pre_p2,4,ibc_br,38,0.13994922362744183,NA,NA,NA,NA,NA,NA
pre_p2,4,asset_ibov,38,0.5736115956314999,NA,NA,NA,NA,NA,NA
pre_p2,4,cds_5y,38,-16.963997233278125,NA,NA,NA,NA,NA,NA
pre_p2,4,price_ipca,38,0.08470417107453894,NA,NA,NA,NA,NA,NA
pre_p2,4,cambio_usd,39,-0.05134659293999466,NA,NA,NA,NA,NA,NA
pre_p2,4,yield_6m,39,-0.0022154298141350563,NA,NA,NA,NA,NA,NA
pre_p2,4,yield_2y,39,-0.003333306618095703,NA,NA,NA,NA,NA,NA
pre_p2,4,ibc_br,39,0.16284073061468143,NA,NA,NA,NA,NA,NA
pre_p2,4,asset_ibov,39,0.5879570349765603,NA,NA,NA,NA,NA,NA
pre_p2,4,cds_5y,39,-16.260918474961947,NA,NA,NA,NA,NA,NA
pre_p2,4,price_ipca,39,0.08720805704516056,NA,NA,NA,NA,NA,NA
pre_p2,4,cambio_usd,40,-0.04879777287139434,NA,NA,NA,NA,NA,NA
pre_p2,4,yield_6m,40,-0.0020548684890932286,NA,NA,NA,NA,NA,NA
pre_p2,4,yield_2y,40,-0.0030824402610817154,NA,NA,NA,NA,NA,NA
pre_p2,4,ibc_br,40,0.18396061069615247,NA,NA,NA,NA,NA,NA
pre_p2,4,asset_ibov,40,0.5977877762887787,NA,NA,NA,NA,NA,NA
pre_p2,4,cds_5y,40,-15.462936227809728,NA,NA,NA,NA,NA,NA
pre_p2,4,price_ipca,40,0.08903182114823768,NA,NA,NA,NA,NA,NA
pre_p2,4,cambio_usd,41,-0.045976035760711,NA,NA,NA,NA,NA,NA
pre_p2,4,yield_6m,41,-0.0018842918574993451,NA,NA,NA,NA,NA,NA
pre_p2,4,yield_2y,41,-0.0028168194335782154,NA,NA,NA,NA,NA,NA
pre_p2,4,ibc_br,41,0.20320921033911035,NA,NA,NA,NA,NA,NA
pre_p2,4,asset_ibov,41,0.6031575676559375,NA,NA,NA,NA,NA,NA
pre_p2,4,cds_5y,41,-14.578269332014441,NA,NA,NA,NA,NA,NA
pre_p2,4,price_ipca,41,0.09018118439081253,NA,NA,NA,NA,NA,NA
pre_p2,4,cambio_usd,42,-0.04290874858291954,NA,NA,NA,NA,NA,NA
pre_p2,4,yield_6m,42,-0.001705172356362972,NA,NA,NA,NA,NA,NA
pre_p2,4,yield_2y,42,-0.002538714955025334,NA,NA,NA,NA,NA,NA
pre_p2,4,ibc_br,42,0.22050275755642695,NA,NA,NA,NA,NA,NA
pre_p2,4,asset_ibov,42,0.6041502184383449,NA,NA,NA,NA,NA,NA
pre_p2,4,cds_5y,42,-13.615517585600799,NA,NA,NA,NA,NA,NA
pre_p2,4,price_ipca,42,0.0906664728281076,NA,NA,NA,NA,NA,NA
pre_p2,4,cambio_usd,43,-0.039624239338856226,NA,NA,NA,NA,NA,NA
pre_p2,4,yield_6m,43,-0.0015190019755001378,NA,NA,NA,NA,NA,NA
pre_p2,4,yield_2y,43,-0.002250422757459621,NA,NA,NA,NA,NA,NA
pre_p2,4,ibc_br,43,0.2357735124295884,NA,NA,NA,NA,NA,NA
pre_p2,4,asset_ibov,43,0.6008781456060734,NA,NA,NA,NA,NA,NA
pre_p2,4,cds_5y,43,-12.583591242952705,NA,NA,NA,NA,NA,NA
pre_p2,4,price_ipca,43,0.0905024136291551,NA,NA,NA,NA,NA,NA
pre_p2,4,cambio_usd,44,-0.03615157379547864,NA,NA,NA,NA,NA,NA
pre_p2,4,yield_6m,44,-0.0013272812429759098,NA,NA,NA,NA,NA,NA
pre_p2,4,yield_2y,44,-0.001954247106395719,NA,NA,NA,NA,NA,NA
pre_p2,4,ibc_br,44,0.24896980118430015,NA,NA,NA,NA,NA,NA
pre_p2,4,asset_ibov,44,0.5934807665193899,NA,NA,NA,NA,NA,NA
pre_p2,4,cds_5y,44,-11.49164021061428,NA,NA,NA,NA,NA,NA
pre_p2,4,price_ipca,44,0.08970790673498576,NA,NA,NA,NA,NA,NA
pre_p2,4,cambio_usd,45,-0.03252033281962756,NA,NA,NA,NA,NA,NA
pre_p2,4,yield_6m,45,-0.0011315084537408466,NA,NA,NA,NA,NA,NA
pre_p2,4,yield_2y,45,-0.0016524842189157719,NA,NA,NA,NA,NA,NA
pre_p2,4,ibc_br,45,0.2600559367594264,NA,NA,NA,NA,NA,NA
pre_p2,4,asset_ibov,45,0.5821227519763,NA,NA,NA,NA,NA,NA
pre_p2,4,cds_5y,45,-10.348983456021553,NA,NA,NA,NA,NA,NA
pre_p2,4,price_ipca,45,0.08830577422674742,NA,NA,NA,NA,NA,NA
pre_p2,4,cambio_usd,46,-0.028760391916513476,NA,NA,NA,NA,NA,NA
pre_p2,4,yield_6m,46,-9.33169210279975e-4,NA,NA,NA,NA,NA,NA
pre_p2,4,yield_2y,46,-0.0013474063839911128,NA,NA,NA,NA,NA,NA
pre_p2,4,ibc_br,46,0.26901202949313774,NA,NA,NA,NA,NA,NA
pre_p2,4,asset_ibov,46,0.5669921547960051,NA,NA,NA,NA,NA,NA
pre_p2,4,cds_5y,46,-9.165039127904729,NA,NA,NA,NA,NA,NA
pre_p2,4,price_ipca,46,0.08632248964251164,NA,NA,NA,NA,NA,NA
pre_p2,4,cambio_usd,47,-0.024901704512818364,NA,NA,NA,NA,NA,NA
pre_p2,4,yield_6m,47,-7.337263400443031e-4,NA,NA,NA,NA,NA,NA
pre_p2,4,yield_2y,47,-0.0010412466834651283,NA,NA,NA,NA,NA,NA
pre_p2,4,ibc_br,47,0.2758336922497135,NA,NA,NA,NA,NA,NA
pre_p2,4,asset_ibov,47,0.5482984295324654,NA,NA,NA,NA,NA,NA
pre_p2,4,cds_5y,47,-7.949255866491229,NA,NA,NA,NA,NA,NA
pre_p2,4,price_ipca,47,0.08378788958712788,NA,NA,NA,NA,NA,NA
pre_p2,4,cambio_usd,48,-0.02097409044630388,NA,NA,NA,NA,NA,NA
pre_p2,4,yield_6m,48,-5.346102500212826e-4,NA,NA,NA,NA,NA,NA
pre_p2,4,yield_2y,48,-7.361844050825213e-4,NA,NA,NA,NA,NA,NA
pre_p2,4,ibc_br,48,0.2805316449274558,NA,NA,NA,NA,NA,NA
pre_p2,4,asset_ibov,48,0.5262703595631458,NA,NA,NA,NA,NA,NA
pre_p2,4,cds_5y,48,-6.711045759035154,NA,NA,NA,NA,NA,NA
pre_p2,4,price_ipca,48,0.08073487005722067,NA,NA,NA,NA,NA,NA
pre_p2,3,cambio_usd,0,0.06276414747078492,NA,NA,NA,NA,NA,NA
pre_p2,3,yield_6m,0,0.005,NA,NA,NA,NA,NA,NA
pre_p2,3,yield_2y,0,0.0068755266566445615,NA,NA,NA,NA,NA,NA
pre_p2,3,ibc_br,0,-0.4086363419125478,NA,NA,NA,NA,NA,NA
pre_p2,3,asset_ibov,0,-4.295812569856923,NA,NA,NA,NA,NA,NA
pre_p2,3,cds_5y,0,31.70218074123919,NA,NA,NA,NA,NA,NA
pre_p2,3,price_ipca,0,-0.26279326655748486,NA,NA,NA,NA,NA,NA
pre_p2,3,cambio_usd,1,0.13599767027482806,NA,NA,NA,NA,NA,NA
pre_p2,3,yield_6m,1,0.0045472997066612385,NA,NA,NA,NA,NA,NA
pre_p2,3,yield_2y,1,0.007707583435683292,NA,NA,NA,NA,NA,NA
pre_p2,3,ibc_br,1,-0.174781606426793,NA,NA,NA,NA,NA,NA
pre_p2,3,asset_ibov,1,-5.156296234971782,NA,NA,NA,NA,NA,NA
pre_p2,3,cds_5y,1,43.22776766622385,NA,NA,NA,NA,NA,NA
pre_p2,3,price_ipca,1,-0.11782679966048187,NA,NA,NA,NA,NA,NA
pre_p2,3,cambio_usd,2,0.1335594700515019,NA,NA,NA,NA,NA,NA
pre_p2,3,yield_6m,2,0.004215478985363594,NA,NA,NA,NA,NA,NA
pre_p2,3,yield_2y,2,0.00680760172167922,NA,NA,NA,NA,NA,NA
pre_p2,3,ibc_br,2,-0.2878257867859363,NA,NA,NA,NA,NA,NA
pre_p2,3,asset_ibov,2,-0.3363159129968715,NA,NA,NA,NA,NA,NA
pre_p2,3,cds_5y,2,36.076362292075345,NA,NA,NA,NA,NA,NA
pre_p2,3,price_ipca,2,-0.14938552169300345,NA,NA,NA,NA,NA,NA
pre_p2,3,cambio_usd,3,0.11794447874687897,NA,NA,NA,NA,NA,NA
pre_p2,3,yield_6m,3,0.003804901330494343,NA,NA,NA,NA,NA,NA
pre_p2,3,yield_2y,3,0.006154020590727496,NA,NA,NA,NA,NA,NA
pre_p2,3,ibc_br,3,-0.2633148455238414,NA,NA,NA,NA,NA,NA
pre_p2,3,asset_ibov,3,-1.1813604016033932,NA,NA,NA,NA,NA,NA
pre_p2,3,cds_5y,3,33.29890300443627,NA,NA,NA,NA,NA,NA
pre_p2,3,price_ipca,3,-0.14280997754338629,NA,NA,NA,NA,NA,NA
pre_p2,3,cambio_usd,4,0.10147612546940915,NA,NA,NA,NA,NA,NA
pre_p2,3,yield_6m,4,0.0033279351000635705,NA,NA,NA,NA,NA,NA
pre_p2,3,yield_2y,4,0.005273871801569935,NA,NA,NA,NA,NA,NA
pre_p2,3,ibc_br,4,-0.3496756870343845,NA,NA,NA,NA,NA,NA
pre_p2,3,asset_ibov,4,-0.8065387813736634,NA,NA,NA,NA,NA,NA
pre_p2,3,cds_5y,4,28.82227681821023,NA,NA,NA,NA,NA,NA
pre_p2,3,price_ipca,4,-0.13752677222962556,NA,NA,NA,NA,NA,NA
pre_p2,3,cambio_usd,5,0.08741984403499918,NA,NA,NA,NA,NA,NA
pre_p2,3,yield_6m,5,0.002867724028750795,NA,NA,NA,NA,NA,NA
pre_p2,3,yield_2y,5,0.004515758590849813,NA,NA,NA,NA,NA,NA
pre_p2,3,ibc_br,5,-0.37083650264757423,NA,NA,NA,NA,NA,NA
pre_p2,3,asset_ibov,5,-1.0908293671913925,NA,NA,NA,NA,NA,NA
pre_p2,3,cds_5y,5,25.559192587214707,NA,NA,NA,NA,NA,NA
pre_p2,3,price_ipca,5,-0.13354356343234883,NA,NA,NA,NA,NA,NA
pre_p2,3,cambio_usd,6,0.07624197418347159,NA,NA,NA,NA,NA,NA
pre_p2,3,yield_6m,6,0.0024808973168772975,NA,NA,NA,NA,NA,NA
pre_p2,3,yield_2y,6,0.0038376405054849744,NA,NA,NA,NA,NA,NA
pre_p2,3,ibc_br,6,-0.4095304731678164,NA,NA,NA,NA,NA,NA
pre_p2,3,asset_ibov,6,-0.9257517429681178,NA,NA,NA,NA,NA,NA
pre_p2,3,cds_5y,6,22.480254249302234,NA,NA,NA,NA,NA,NA
pre_p2,3,price_ipca,6,-0.1368956822251031,NA,NA,NA,NA,NA,NA
pre_p2,3,cambio_usd,7,0.06694041569395914,NA,NA,NA,NA,NA,NA
pre_p2,3,yield_6m,7,0.0021130103367441285,NA,NA,NA,NA,NA,NA
pre_p2,3,yield_2y,7,0.0032350922967774288,NA,NA,NA,NA,NA,NA
pre_p2,3,ibc_br,7,-0.42847807589817766,NA,NA,NA,NA,NA,NA
pre_p2,3,asset_ibov,7,-0.9577117014234294,NA,NA,NA,NA,NA,NA
pre_p2,3,cds_5y,7,19.98488817811014,NA,NA,NA,NA,NA,NA
pre_p2,3,price_ipca,7,-0.13773973943468137,NA,NA,NA,NA,NA,NA
pre_p2,3,cambio_usd,8,0.05848820166417678,NA,NA,NA,NA,NA,NA
pre_p2,3,yield_6m,8,0.001760900247055931,NA,NA,NA,NA,NA,NA
pre_p2,3,yield_2y,8,0.002657877252390014,NA,NA,NA,NA,NA,NA
pre_p2,3,ibc_br,8,-0.44964844766644674,NA,NA,NA,NA,NA,NA
pre_p2,3,asset_ibov,8,-0.8940492125011976,NA,NA,NA,NA,NA,NA
pre_p2,3,cds_5y,8,17.55487139467514,NA,NA,NA,NA,NA,NA
pre_p2,3,price_ipca,8,-0.13792783845788112,NA,NA,NA,NA,NA,NA
pre_p2,3,cambio_usd,9,0.05051148874167776,NA,NA,NA,NA,NA,NA
pre_p2,3,yield_6m,9,0.001412525009779619,NA,NA,NA,NA,NA,NA
pre_p2,3,yield_2y,9,0.002103080862225046,NA,NA,NA,NA,NA,NA
pre_p2,3,ibc_br,9,-0.4629845656678231,NA,NA,NA,NA,NA,NA
pre_p2,3,asset_ibov,9,-0.8904301860706464,NA,NA,NA,NA,NA,NA
pre_p2,3,cds_5y,9,15.269559332107098,NA,NA,NA,NA,NA,NA
pre_p2,3,price_ipca,9,-0.13603501524055314,NA,NA,NA,NA,NA,NA
pre_p2,3,cambio_usd,10,0.04280576440829467,NA,NA,NA,NA,NA,NA
pre_p2,3,yield_6m,10,0.00106897753779348,NA,NA,NA,NA,NA,NA
pre_p2,3,yield_2y,10,0.0015590488508388778,NA,NA,NA,NA,NA,NA
pre_p2,3,ibc_br,10,-0.47412399327913657,NA,NA,NA,NA,NA,NA
pre_p2,3,asset_ibov,10,-0.8567619640776456,NA,NA,NA,NA,NA,NA
pre_p2,3,cds_5y,10,12.994574025585894,NA,NA,NA,NA,NA,NA
pre_p2,3,price_ipca,10,-0.13301660408240074,NA,NA,NA,NA,NA,NA
pre_p2,3,cambio_usd,11,0.03528793346833789,NA,NA,NA,NA,NA,NA
pre_p2,3,yield_6m,11,7.289112199997527e-4,NA,NA,NA,NA,NA,NA
pre_p2,3,yield_2y,11,0.0010269478775040493,NA,NA,NA,NA,NA,NA
pre_p2,3,ibc_br,11,-0.4804447513311487,NA,NA,NA,NA,NA,NA
pre_p2,3,asset_ibov,11,-0.8309509367125002,NA,NA,NA,NA,NA,NA
pre_p2,3,cds_5y,11,10.755380786313237,NA,NA,NA,NA,NA,NA
pre_p2,3,price_ipca,11,-0.12869258874976525,NA,NA,NA,NA,NA,NA
pre_p2,3,cambio_usd,12,0.027910452562048608,NA,NA,NA,NA,NA,NA
pre_p2,3,yield_6m,12,3.942651974869875e-4,NA,NA,NA,NA,NA,NA
pre_p2,3,yield_2y,12,5.058690824723465e-4,NA,NA,NA,NA,NA,NA
pre_p2,3,ibc_br,12,-0.48353131453010123,NA,NA,NA,NA,NA,NA
pre_p2,3,asset_ibov,12,-0.7912804914063604,NA,NA,NA,NA,NA,NA
pre_p2,3,cds_5y,12,8.525155886488012,NA,NA,NA,NA,NA,NA
pre_p2,3,price_ipca,12,-0.1233874808886986,NA,NA,NA,NA,NA,NA
pre_p2,3,cambio_usd,13,0.02066701322187855,NA,NA,NA,NA,NA,NA
pre_p2,3,yield_6m,13,6.62245079539106e-5,NA,NA,NA,NA,NA,NA
pre_p2,3,yield_2y,13,-1.7453599526585345e-6,NA,NA,NA,NA,NA,NA
pre_p2,3,ibc_br,13,-0.4828013748561935,NA,NA,NA,NA,NA,NA
pre_p2,3,asset_ibov,13,-0.7493407350501239,NA,NA,NA,NA,NA,NA
pre_p2,3,cds_5y,13,6.319924305426822,NA,NA,NA,NA,NA,NA
pre_p2,3,price_ipca,13,-0.11711387514091225,NA,NA,NA,NA,NA,NA
pre_p2,3,cambio_usd,14,0.013568567112468009,NA,NA,NA,NA,NA,NA
pre_p2,3,yield_6m,14,-2.531618669641804e-4,NA,NA,NA,NA,NA,NA
pre_p2,3,yield_2y,14,-4.939726996748725e-4,NA,NA,NA,NA,NA,NA
pre_p2,3,ibc_br,14,-0.47876586989256625,NA,NA,NA,NA,NA,NA
pre_p2,3,asset_ibov,14,-0.7002407812542641,NA,NA,NA,NA,NA,NA
pre_p2,3,cds_5y,14,4.142367166303211,NA,NA,NA,NA,NA,NA
pre_p2,3,price_ipca,14,-0.11003126127096714,NA,NA,NA,NA,NA,NA
pre_p2,3,cambio_usd,15,0.006639959026380859,NA,NA,NA,NA,NA,NA
pre_p2,3,yield_6m,15,-5.620963298636403e-4,NA,NA,NA,NA,NA,NA
pre_p2,3,yield_2y,15,-9.68069629617102e-4,NA,NA,NA,NA,NA,NA
pre_p2,3,ibc_br,15,-0.4713741216241719,NA,NA,NA,NA,NA,NA
pre_p2,3,asset_ibov,15,-0.6475101213327,NA,NA,NA,NA,NA,NA
pre_p2,3,cds_5y,15,2.0064270110743636,NA,NA,NA,NA,NA,NA
pre_p2,3,price_ipca,15,-0.10222043750480618,NA,NA,NA,NA,NA,NA
pre_p2,3,cambio_usd,16,-8.974965415348814e-5,NA,NA,NA,NA,NA,NA
pre_p2,3,yield_6m,16,-8.586669436589152e-4,NA,NA,NA,NA,NA,NA
pre_p2,3,yield_2y,16,-0.0014215772799256762,NA,NA,NA,NA,NA,NA
pre_p2,3,ibc_br,16,-0.4608761998429558,NA,NA,NA,NA,NA,NA
pre_p2,3,asset_ibov,16,-0.5903220685258025,NA,NA,NA,NA,NA,NA
pre_p2,3,cds_5y,16,-0.07783733317969967,NA,NA,NA,NA,NA,NA
pre_p2,3,price_ipca,16,-0.09379688819448591,NA,NA,NA,NA,NA,NA
pre_p2,3,cambio_usd,17,-0.006589238740700449,NA,NA,NA,NA,NA,NA
pre_p2,3,yield_6m,17,-0.001141155024609264,NA,NA,NA,NA,NA,NA
pre_p2,3,yield_2y,17,-0.001851999623857225,NA,NA,NA,NA,NA,NA
pre_p2,3,ibc_br,17,-0.447388556324853,NA,NA,NA,NA,NA,NA
pre_p2,3,asset_ibov,17,-0.5300783165983082,NA,NA,NA,NA,NA,NA
pre_p2,3,cds_5y,17,-2.0979554740490234,NA,NA,NA,NA,NA,NA
pre_p2,3,price_ipca,17,-0.08485164245537054,NA,NA,NA,NA,NA,NA
pre_p2,3,cambio_usd,18,-0.012827541679930221,NA,NA,NA,NA,NA,NA
pre_p2,3,yield_6m,18,-0.0014079383678313748,NA,NA,NA,NA,NA,NA
pre_p2,3,yield_2y,18,-0.0022570965083444534,NA,NA,NA,NA,NA,NA
pre_p2,3,ibc_br,18,-0.4311181204205161,NA,NA,NA,NA,NA,NA
pre_p2,3,asset_ibov,18,-0.46703626184530944,NA,NA,NA,NA,NA,NA
pre_p2,3,cds_5y,18,-4.043052633578689,NA,NA,NA,NA,NA,NA
pre_p2,3,price_ipca,18,-0.07548232829314722,NA,NA,NA,NA,NA,NA
pre_p2,3,cambio_usd,19,-0.01877457441540521,NA,NA,NA,NA,NA,NA
pre_p2,3,yield_6m,19,-0.0016575703623264945,NA,NA,NA,NA,NA,NA
pre_p2,3,yield_2y,19,-0.002634799281933539,NA,NA,NA,NA,NA,NA
pre_p2,3,ibc_br,19,-0.4122464886218535,NA,NA,NA,NA,NA,NA
pre_p2,3,asset_ibov,19,-0.4020190145069409,NA,NA,NA,NA,NA,NA
pre_p2,3,cds_5y,19,-5.90221872204934,NA,NA,NA,NA,NA,NA
pre_p2,3,price_ipca,19,-0.06577832294760526,NA,NA,NA,NA,NA,NA
pre_p2,3,cambio_usd,20,-0.024401951771632683,NA,NA,NA,NA,NA,NA
pre_p2,3,yield_6m,20,-0.0018887549620008116,NA,NA,NA,NA,NA,NA
pre_p2,3,yield_2y,20,-0.0029832895880848287,NA,NA,NA,NA,NA,NA
pre_p2,3,ibc_br,20,-0.39098725712024013,NA,NA,NA,NA,NA,NA
pre_p2,3,asset_ibov,20,-0.33552833084850947,NA,NA,NA,NA,NA,NA
pre_p2,3,cds_5y,20,-7.665588719143176,NA,NA,NA,NA,NA,NA
pre_p2,3,price_ipca,20,-0.055828953842490626,NA,NA,NA,NA,NA,NA
pre_p2,3,cambio_usd,21,-0.029683302918975165,NA,NA,NA,NA,NA,NA
pre_p2,3,yield_6m,21,-0.0021003687394592096,NA,NA,NA,NA,NA,NA
pre_p2,3,yield_2y,21,-0.003300980253993953,NA,NA,NA,NA,NA,NA
pre_p2,3,ibc_br,21,-0.3675543462216207,NA,NA,NA,NA,NA,NA
pre_p2,3,asset_ibov,21,-0.2681955080008827,NA,NA,NA,NA,NA,NA
pre_p2,3,cds_5y,21,-9.323949517805087,NA,NA,NA,NA,NA,NA
pre_p2,3,price_ipca,21,-0.045719426323275844,NA,NA,NA,NA,NA,NA
pre_p2,3,cambio_usd,22,-0.03459465014367094,NA,NA,NA,NA,NA,NA
pre_p2,3,yield_6m,22,-0.0022914554158960285,NA,NA,NA,NA,NA,NA
pre_p2,3,yield_2y,22,-0.0035865385715095803,NA,NA,NA,NA,NA,NA
pre_p2,3,ibc_br,22,-0.3421757348325453,NA,NA,NA,NA,NA,NA
pre_p2,3,asset_ibov,22,-0.20054996719559323,NA,NA,NA,NA,NA,NA
pre_p2,3,cds_5y,22,-10.869056885171885,NA,NA,NA,NA,NA,NA
pre_p2,3,price_ipca,22,-0.035532770261837286,NA,NA,NA,NA,NA,NA
pre_p2,3,cambio_usd,23,-0.039114626939225426,NA,NA,NA,NA,NA,NA
pre_p2,3,yield_6m,23,-0.0024612320500560967,NA,NA,NA,NA,NA,NA
pre_p2,3,yield_2y,23,-0.0038388827430523276,NA,NA,NA,NA,NA,NA
pre_p2,3,ibc_br,23,-0.31508382358730014,NA,NA,NA,NA,NA,NA
pre_p2,3,asset_ibov,23,-0.1331372210534552,NA,NA,NA,NA,NA,NA
pre_p2,3,cds_5y,23,-12.293561013169366,NA,NA,NA,NA,NA,NA
pre_p2,3,price_ipca,23,-0.025348578645509132,NA,NA,NA,NA,NA,NA
pre_p2,3,cambio_usd,24,-0.0432246836158344,NA,NA,NA,NA,NA,NA
pre_p2,3,yield_6m,24,-0.0026090872250213583,NA,NA,NA,NA,NA,NA
pre_p2,3,yield_2y,24,-0.004057188105987465,NA,NA,NA,NA,NA,NA
pre_p2,3,ibc_br,24,-0.28651770755626393,NA,NA,NA,NA,NA,NA
pre_p2,3,asset_ibov,24,-0.06645718132897992,NA,NA,NA,NA,NA,NA
pre_p2,3,cds_5y,24,-13.591112110553427,NA,NA,NA,NA,NA,NA
pre_p2,3,price_ipca,24,-0.015243326577858712,NA,NA,NA,NA,NA,NA
pre_p2,3,cambio_usd,25,-0.04690922394290903,NA,NA,NA,NA,NA,NA
pre_p2,3,yield_6m,25,-0.002734581506675315,NA,NA,NA,NA,NA,NA
pre_p2,3,yield_2y,25,-0.004240884960319997,NA,NA,NA,NA,NA,NA
pre_p2,3,ibc_br,25,-0.25671933298530536,NA,NA,NA,NA,NA,NA
pre_p2,3,asset_ibov,25,-9.939916155797947e-4,NA,NA,NA,NA,NA,NA
pre_p2,3,cds_5y,25,-14.756356748942753,NA,NA,NA,NA,NA,NA
pre_p2,3,price_ipca,25,-0.005289846236496625,NA,NA,NA,NA,NA,NA
pre_p2,3,cambio_usd,26,-0.050155712754899134,NA,NA,NA,NA,NA,NA
pre_p2,3,yield_6m,26,-0.0028374450153614123,NA,NA,NA,NA,NA,NA
pre_p2,3,yield_2y,26,-0.004389657617112482,NA,NA,NA,NA,NA,NA
pre_p2,3,ibc_br,26,-0.22593280114942804,NA,NA,NA,NA,NA,NA
pre_p2,3,asset_ibov,26,0.06280122708505463,NA,NA,NA,NA,NA,NA
pre_p2,3,cds_5y,26,-15.784974791929042,NA,NA,NA,NA,NA,NA
pre_p2,3,price_ipca,26,0.004442781745972246,NA,NA,NA,NA,NA,NA
pre_p2,3,cambio_usd,27,-0.052954740477091894,NA,NA,NA,NA,NA,NA
pre_p2,3,yield_6m,27,-0.0029175748124271473,NA,NA,NA,NA,NA,NA
pre_p2,3,yield_2y,27,-0.00450343993282475,NA,NA,NA,NA,NA,NA
pre_p2,3,ibc_br,27,-0.19440209786456897,NA,NA,NA,NA,NA,NA
pre_p2,3,asset_ibov,27,0.1245035681907782,NA,NA,NA,NA,NA,NA
pre_p2,3,cds_5y,27,-16.673681108569276,NA,NA,NA,NA,NA,NA
pre_p2,3,price_ipca,27,0.013889550244710003,NA,NA,NA,NA,NA,NA
pre_p2,3,cambio_usd,28,-0.05530005621588495,NA,NA,NA,NA,NA,NA
pre_p2,3,yield_6m,28,-0.002975030771166267,NA,NA,NA,NA,NA,NA
pre_p2,3,yield_2y,28,-0.004582409908621273,NA,NA,NA,NA,NA,NA
pre_p2,3,ibc_br,28,-0.1623696858048142,NA,NA,NA,NA,NA,NA
pre_p2,3,asset_ibov,28,0.18371981829482675,NA,NA,NA,NA,NA,NA
pre_p2,3,cds_5y,28,-17.420231581844796,NA,NA,NA,NA,NA,NA
pre_p2,3,price_ipca,28,0.022989725473163938,NA,NA,NA,NA,NA,NA
pre_p2,3,cambio_usd,29,-0.05718856725543788,NA,NA,NA,NA,NA,NA
pre_p2,3,yield_6m,29,-0.0030100306773394097,NA,NA,NA,NA,NA,NA
pre_p2,3,yield_2y,29,-0.004626982187972416,NA,NA,NA,NA,NA,NA
pre_p2,3,ibc_br,29,-0.13007472894834624,NA,NA,NA,NA,NA,NA
pre_p2,3,asset_ibov,29,0.2400875367650609,NA,NA,NA,NA,NA,NA
pre_p2,3,cds_5y,29,-18.023413826789028,NA,NA,NA,NA,NA,NA
pre_p2,3,price_ipca,29,0.03168708644489454,NA,NA,NA,NA,NA,NA
pre_p2,3,cambio_usd,30,-0.058620309670322855,NA,NA,NA,NA,NA,NA
pre_p2,3,yield_6m,30,-0.0030229442557118615,NA,NA,NA,NA,NA,NA
pre_p2,3,yield_2y,30,-0.00463779921567775,NA,NA,NA,NA,NA,NA
pre_p2,3,ibc_br,30,-0.09775159598356176,NA,NA,NA,NA,NA,NA
pre_p2,3,asset_ibov,30,0.2932772465574876,NA,NA,NA,NA,NA,NA
pre_p2,3,cds_5y,30,-18.483033328720722,NA,NA,NA,NA,NA,NA
pre_p2,3,price_ipca,30,0.03993011348337267,NA,NA,NA,NA,NA,NA
pre_p2,3,cambio_usd,31,-0.059598391138350686,NA,NA,NA,NA,NA,NA
pre_p2,3,yield_6m,31,-0.003014286368909635,NA,NA,NA,NA,NA,NA
pre_p2,3,yield_2y,31,-0.004615720844906205,NA,NA,NA,NA,NA,NA
pre_p2,3,ibc_br,31,-0.06562832680683325,NA,NA,NA,NA,NA,NA
pre_p2,3,asset_ibov,31,0.3429928161259298,NA,NA,NA,NA,NA,NA
pre_p2,3,cds_5y,31,-18.79989023538366,NA,NA,NA,NA,NA,NA
pre_p2,3,price_ipca,31,0.04767216615068666,NA,NA,NA,NA,NA,NA
pre_p2,3,cambio_usd,32,-0.0601289087968127,NA,NA,NA,NA,NA,NA
pre_p2,3,yield_6m,32,-0.0029847093634828726,NA,NA,NA,NA,NA,NA
pre_p2,3,yield_2y,32,-0.004561812688472751,NA,NA,NA,NA,NA,NA
pre_p2,3,ibc_br,32,-0.033925238031214625,NA,NA,NA,NA,NA,NA
pre_p2,3,asset_ibov,32,0.38897251431922475,NA,NA,NA,NA,NA,NA
pre_p2,3,cds_5y,32,-18.975749997091096,NA,NA,NA,NA,NA,NA
pre_p2,3,price_ipca,32,0.05487162521744222,NA,NA,NA,NA,NA,NA
pre_p2,3,cambio_usd,33,-0.060220843994696675,NA,NA,NA,NA,NA,NA
pre_p2,3,yield_6m,33,-0.0029349946851463067,NA,NA,NA,NA,NA,NA
pre_p2,3,yield_2y,33,-0.004477333256720202,NA,NA,NA,NA,NA,NA
pre_p2,3,ibc_br,33,-0.0028535901980761874,NA,NA,NA,NA,NA,NA
pre_p2,3,asset_ibov,33,0.43098943909001214,NA,NA,NA,NA,NA,NA
pre_p2,3,cds_5y,33,-19.013306998863065,NA,NA,NA,NA,NA,NA
pre_p2,3,price_ipca,33,0.061492008073958646,NA,NA,NA,NA,NA,NA
pre_p2,3,cambio_usd,34,-0.059885936224148256,NA,NA,NA,NA,NA,NA
pre_p2,3,yield_6m,34,-0.0028660438162363185,NA,NA,NA,NA,NA,NA
pre_p2,3,yield_2y,34,-0.004363720059692988,NA,NA,NA,NA,NA,NA
pre_p2,3,ibc_br,34,0.027385632322975428,NA,NA,NA,NA,NA,NA
pre_p2,3,asset_ibov,34,0.4688519654463405,NA,NA,NA,NA,NA,NA
pre_p2,3,cds_5y,34,-18.916142424555066,NA,NA,NA,NA,NA,NA
pre_p2,3,price_ipca,34,0.06750205013902436,NA,NA,NA,NA,NA,NA
pre_p2,3,cambio_usd,35,-0.059138538230183765,NA,NA,NA,NA,NA,NA
pre_p2,3,yield_6m,35,-0.002778868628725215,NA,NA,NA,NA,NA,NA
pre_p2,3,yield_2y,35,-0.004222574785766996,NA,NA,NA,NA,NA,NA
pre_p2,3,ibc_br,35,0.05660284489624767,NA,NA,NA,NA,NA,NA
pre_p2,3,asset_ibov,35,0.5024038687926126,NA,NA,NA,NA,NA,NA
pre_p2,3,cds_5y,35,-18.688676537438482,NA,NA,NA,NA,NA,NA
pre_p2,3,price_ipca,35,0.07287575431059862,NA,NA,NA,NA,NA,NA
pre_p2,3,cambio_usd,36,-0.0579954543898583,NA,NA,NA,NA,NA,NA
pre_p2,3,yield_6m,36,-0.0026745812292480924,NA,NA,NA,NA,NA,NA
pre_p2,3,yield_2y,36,-0.004055647704890155,NA,NA,NA,NA,NA,NA
pre_p2,3,ibc_br,36,0.08462087285857543,NA,NA,NA,NA,NA,NA
pre_p2,3,asset_ibov,36,0.5315242921654367,NA,NA,NA,NA,NA,NA
pre_p2,3,cds_5y,36,-18.33611611708422,NA,NA,NA,NA,NA,NA
pre_p2,3,price_ipca,36,0.07759240641236441,NA,NA,NA,NA,NA,NA
pre_p2,3,cambio_usd,37,-0.05647576435856805,NA,NA,NA,NA,NA,NA
pre_p2,3,yield_6m,37,-0.0025543833838617873,NA,NA,NA,NA,NA,NA
pre_p2,3,yield_2y,37,-0.003864821427329118,NA,NA,NA,NA,NA,NA
pre_p2,3,ibc_br,37,0.11127584997396352,NA,NA,NA,NA,NA,NA
pre_p2,3,asset_ibov,37,0.5561274684354774,NA,NA,NA,NA,NA,NA
pre_p2,3,cds_5y,37,-17.86439751966675,NA,NA,NA,NA,NA,NA
pre_p2,3,price_ipca,37,0.08163655737266476,NA,NA,NA,NA,NA,NA
pre_p2,3,cambio_usd,38,-0.054600633986645004,NA,NA,NA,NA,NA,NA
pre_p2,3,yield_6m,38,-0.0024195556060377073,NA,NA,NA,NA,NA,NA
pre_p2,3,yield_2y,38,-0.00365209415761807,NA,NA,NA,NA,NA,NA
pre_p2,3,ibc_br,38,0.13641799871308563,NA,NA,NA,NA,NA,NA
pre_p2,3,asset_ibov,38,0.5761622447858905,NA,NA,NA,NA,NA,NA
pre_p2,3,cds_5y,38,-17.28012597696763,NA,NA,NA,NA,NA,NA
pre_p2,3,price_ipca,38,0.08499797206319766,NA,NA,NA,NA,NA,NA
pre_p2,3,cambio_usd,39,-0.05239311546492229,NA,NA,NA,NA,NA,NA
pre_p2,3,yield_6m,39,-0.002271445994092824,NA,NA,NA,NA,NA,NA
pre_p2,3,yield_2y,39,-0.003419562577670855,NA,NA,NA,NA,NA,NA
pre_p2,3,ibc_br,39,0.15991229147135408,NA,NA,NA,NA,NA,NA
pre_p2,3,asset_ibov,39,0.591611390886142,NA,NA,NA,NA,NA,NA
pre_p2,3,cds_5y,39,-16.590511678436922,NA,NA,NA,NA,NA,NA
pre_p2,3,price_ipca,39,0.08767154569131519,NA,NA,NA,NA,NA,NA
pre_p2,3,cambio_usd,40,-0.04987793863688128,NA,NA,NA,NA,NA,NA
pre_p2,3,yield_6m,40,-0.0021114589024582,NA,NA,NA,NA,NA,NA
pre_p2,3,yield_2y,40,-0.00316940449355347,NA,NA,NA,NA,NA,NA
pre_p2,3,ibc_br,40,0.18163899044277584,NA,NA,NA,NA,NA,NA
pre_p2,3,asset_ibov,40,0.6024907093610748,NA,NA,NA,NA,NA,NA
pre_p2,3,cds_5y,40,-15.803303218137996,NA,NA,NA,NA,NA,NA
pre_p2,3,price_ipca,40,0.08965718863885573,NA,NA,NA,NA,NA,NA
pre_p2,3,cambio_usd,41,-0.04708129537722298,NA,NA,NA,NA,NA,NA
pre_p2,3,yield_6m,41,-0.0019410435307666064,NA,NA,NA,NA,NA,NA
pre_p2,3,yield_2y,41,-0.0029038613765816263,NA,NA,NA,NA,NA,NA
pre_p2,3,ibc_br,41,0.20149406597670694,NA,NA,NA,NA,NA,NA
pre_p2,3,asset_ibov,41,0.6088479511415452,NA,NA,NA,NA,NA,NA
pre_p2,3,cds_5y,41,-14.926718966273736,NA,NA,NA,NA,NA,NA
pre_p2,3,price_ipca,41,0.09095968108163932,NA,NA,NA,NA,NA,NA
pre_p2,3,cambio_usd,42,-0.0440306189007255,NA,NA,NA,NA,NA,NA
pre_p2,3,yield_6m,42,-0.001761682512733516,NA,NA,NA,NA,NA,NA
pre_p2,3,yield_2y,42,-0.002625220926681073,NA,NA,NA,NA,NA,NA
pre_p2,3,ibc_br,42,0.21938949352279946,NA,NA,NA,NA,NA,NA
pre_p2,3,asset_ibov,42,0.610761549144745,NA,NA,NA,NA,NA,NA
pre_p2,3,cds_5y,42,-13.969376929107598,NA,NA,NA,NA,NA,NA
pre_p2,3,price_ipca,42,0.09158849888890082,NA,NA,NA,NA,NA,NA
pre_p2,3,cambio_usd,43,-0.0407543598200222,NA,NA,NA,NA,NA,NA
pre_p2,3,yield_6m,43,-0.0015748805847780956,NA,NA,NA,NA,NA,NA
pre_p2,3,yield_2y,43,-0.002335799781558613,NA,NA,NA,NA,NA,NA
pre_p2,3,ibc_br,43,0.23525343044252103,NA,NA,NA,NA,NA,NA
pre_p2,3,asset_ibov,43,0.60833918048923,NA,NA,NA,NA,NA,NA
pre_p2,3,cds_5y,43,-12.94022364737061,NA,NA,NA,NA,NA,NA
pre_p2,3,price_ipca,43,0.09155761256189075,NA,NA,NA,NA,NA,NA
pre_p2,3,cambio_usd,44,-0.03728176072100538,NA,NA,NA,NA,NA,NA
pre_p2,3,yield_6m,44,-0.0013821534115271725,NA,NA,NA,NA,NA,NA
pre_p2,3,yield_2y,44,-0.0020379264906429098,NA,NA,NA,NA,NA,NA
pre_p2,3,ibc_br,44,0.24903027463010172,NA,NA,NA,NA,NA,NA
pre_p2,3,asset_ibov,44,0.6017161711127715,NA,NA,NA,NA,NA,NA
pre_p2,3,cds_5y,44,-11.84846267422188,NA,NA,NA,NA,NA,NA
pre_p2,3,price_ipca,44,0.09088526113820083,NA,NA,NA,NA,NA,NA
pre_p2,3,cambio_usd,45,-0.03364263096689656,NA,NA,NA,NA,NA,NA
pre_p2,3,yield_6m,45,-0.0011850166422036545,NA,NA,NA,NA,NA,NA
pre_p2,3,yield_2y,45,-0.0017339248672726707,NA,NA,NA,NA,NA,NA
pre_p2,3,ibc_br,45,0.2606806077538124,NA,NA,NA,NA,NA,NA
pre_p2,3,asset_ibov,45,0.5910537564880269,NA,NA,NA,NA,NA,NA
pre_p2,3,cds_5y,45,-10.703483157996354,NA,NA,NA,NA,NA,NA
pre_p2,3,price_ipca,45,0.0895937031611911,NA,NA,NA,NA,NA,NA
pre_p2,3,cambio_usd,46,-0.02986712337782477,NA,NA,NA,NA,NA,NA
pre_p2,3,yield_6m,46,-9.849752682516955e-4,NA,NA,NA,NA,NA,NA
pre_p2,3,yield_2y,46,-0.0014260978266557858,NA,NA,NA,NA,NA,NA
pre_p2,3,ibc_br,46,0.2701810266291157,NA,NA,NA,NA,NA,NA
pre_p2,3,asset_ibov,46,0.576537213639579,NA,NA,NA,NA,NA,NA
pre_p2,3,cds_5y,46,-9.514789038322139,NA,NA,NA,NA,NA,NA
pre_p2,3,price_ipca,46,0.0877089469437606,NA,NA,NA,NA,NA,NA
pre_p2,3,cambio_usd,47,-0.025985514361349497,NA,NA,NA,NA,NA,NA
pre_p2,3,yield_6m,47,-7.835133485382673e-4,NA,NA,NA,NA,NA,NA
pre_p2,3,yield_2y,47,-0.0011167118105541258,NA,NA,NA,NA,NA,NA
pre_p2,3,ibc_br,47,0.27752386695274955,NA,NA,NA,NA,NA,NA
pre_p2,3,asset_ibov,47,0.5583738800439593,NA,NA,NA,NA,NA,NA
pre_p2,3,cds_5y,47,-8.291929343805732,NA,NA,NA,NA,NA,NA
pre_p2,3,price_ipca,47,0.0852604624690383,NA,NA,NA,NA,NA,NA
pre_p2,3,cambio_usd,48,-0.022027988991298063,NA,NA,NA,NA,NA,NA
pre_p2,3,yield_6m,48,-5.820841640807041e-4,NA,NA,NA,NA,NA,NA
pre_p2,3,yield_2y,48,-8.079818926171972e-4,NA,NA,NA,NA,NA,NA
pre_p2,3,ibc_br,48,0.2827168242616166,NA,NA,NA,NA,NA,NA
pre_p2,3,asset_ibov,48,0.5367910756948092,NA,NA,NA,NA,NA,NA
pre_p2,3,cds_5y,48,-7.044430057064893,NA,NA,NA,NA,NA,NA
pre_p2,3,price_ipca,48,0.08228087735530439,NA,NA,NA,NA,NA,NA
pre_p2,2,cambio_usd,0,0.0864705001319194,NA,NA,NA,NA,NA,NA
pre_p2,2,yield_6m,0,0.005,NA,NA,NA,NA,NA,NA
pre_p2,2,yield_2y,0,0.007265293208394508,NA,NA,NA,NA,NA,NA
pre_p2,2,ibc_br,0,-0.9067633329525056,NA,NA,NA,NA,NA,NA
pre_p2,2,asset_ibov,0,-4.878326209501383,NA,NA,NA,NA,NA,NA
pre_p2,2,cds_5y,0,36.836070172072006,NA,NA,NA,NA,NA,NA
pre_p2,2,price_ipca,0,-0.14976582292579882,NA,NA,NA,NA,NA,NA
pre_p2,2,cambio_usd,1,0.18097437947648878,NA,NA,NA,NA,NA,NA
pre_p2,2,yield_6m,1,0.004710964759508215,NA,NA,NA,NA,NA,NA
pre_p2,2,yield_2y,1,0.008684131138880436,NA,NA,NA,NA,NA,NA
pre_p2,2,ibc_br,1,-0.39732810370788857,NA,NA,NA,NA,NA,NA
pre_p2,2,asset_ibov,1,-6.722781378761926,NA,NA,NA,NA,NA,NA
pre_p2,2,cds_5y,1,53.54153771214853,NA,NA,NA,NA,NA,NA
pre_p2,2,price_ipca,1,-0.0458633856936183,NA,NA,NA,NA,NA,NA
pre_p2,2,cambio_usd,2,0.1901010793054426,NA,NA,NA,NA,NA,NA
pre_p2,2,yield_6m,2,0.004812086361006639,NA,NA,NA,NA,NA,NA
pre_p2,2,yield_2y,2,0.008160102247162418,NA,NA,NA,NA,NA,NA
pre_p2,2,ibc_br,2,-0.5618983213418339,NA,NA,NA,NA,NA,NA
pre_p2,2,asset_ibov,2,0.4486657262053981,NA,NA,NA,NA,NA,NA
pre_p2,2,cds_5y,2,47.01642785278827,NA,NA,NA,NA,NA,NA
pre_p2,2,price_ipca,2,-0.15339799406773474,NA,NA,NA,NA,NA,NA
pre_p2,2,cambio_usd,3,0.17479417941909423,NA,NA,NA,NA,NA,NA
pre_p2,2,yield_6m,3,0.004413421715962075,NA,NA,NA,NA,NA,NA
pre_p2,2,yield_2y,3,0.007576114169173896,NA,NA,NA,NA,NA,NA
pre_p2,2,ibc_br,3,-0.4846751290169021,NA,NA,NA,NA,NA,NA
pre_p2,2,asset_ibov,3,-1.1139201127923288,NA,NA,NA,NA,NA,NA
pre_p2,2,cds_5y,3,45.22160922197124,NA,NA,NA,NA,NA,NA
pre_p2,2,price_ipca,3,-0.15698764386739586,NA,NA,NA,NA,NA,NA
pre_p2,2,cambio_usd,4,0.15120212640481454,NA,NA,NA,NA,NA,NA
pre_p2,2,yield_6m,4,0.0038309000174978065,NA,NA,NA,NA,NA,NA
pre_p2,2,yield_2y,4,0.006424957137996402,NA,NA,NA,NA,NA,NA
pre_p2,2,ibc_br,4,-0.6037623348804018,NA,NA,NA,NA,NA,NA
pre_p2,2,asset_ibov,4,-0.5679274364145133,NA,NA,NA,NA,NA,NA
pre_p2,2,cds_5y,4,39.109066525375546,NA,NA,NA,NA,NA,NA
pre_p2,2,price_ipca,4,-0.15988847711548773,NA,NA,NA,NA,NA,NA
pre_p2,2,cambio_usd,5,0.1288440649204104,NA,NA,NA,NA,NA,NA
pre_p2,2,yield_6m,5,0.003201611821870231,NA,NA,NA,NA,NA,NA
pre_p2,2,yield_2y,5,0.005363040300666044,NA,NA,NA,NA,NA,NA
pre_p2,2,ibc_br,5,-0.6184120141934731,NA,NA,NA,NA,NA,NA
pre_p2,2,asset_ibov,5,-1.2226918046793347,NA,NA,NA,NA,NA,NA
pre_p2,2,cds_5y,5,34.439211257867036,NA,NA,NA,NA,NA,NA
pre_p2,2,price_ipca,5,-0.15821144686020847,NA,NA,NA,NA,NA,NA
pre_p2,2,cambio_usd,6,0.1098415096594156,NA,NA,NA,NA,NA,NA
pre_p2,2,yield_6m,6,0.0026471727633618288,NA,NA,NA,NA,NA,NA
pre_p2,2,yield_2y,6,0.004350150117032649,NA,NA,NA,NA,NA,NA
pre_p2,2,ibc_br,6,-0.6673853356980104,NA,NA,NA,NA,NA,NA
pre_p2,2,asset_ibov,6,-1.0343434887908332,NA,NA,NA,NA,NA,NA
pre_p2,2,cds_5y,6,29.575398027097176,NA,NA,NA,NA,NA,NA
pre_p2,2,price_ipca,6,-0.16656412247975588,NA,NA,NA,NA,NA,NA
pre_p2,2,cambio_usd,7,0.09341255610408233,NA,NA,NA,NA,NA,NA
pre_p2,2,yield_6m,7,0.002105777222636188,NA,NA,NA,NA,NA,NA
pre_p2,2,yield_2y,7,0.0034308972054692744,NA,NA,NA,NA,NA,NA
pre_p2,2,ibc_br,7,-0.6838984661864216,NA,NA,NA,NA,NA,NA
pre_p2,2,asset_ibov,7,-1.1437424005451795,NA,NA,NA,NA,NA,NA
pre_p2,2,cds_5y,7,25.497149641757616,NA,NA,NA,NA,NA,NA
pre_p2,2,price_ipca,7,-0.17015766741726515,NA,NA,NA,NA,NA,NA
pre_p2,2,cambio_usd,8,0.07837210768748828,NA,NA,NA,NA,NA,NA
pre_p2,2,yield_6m,8,0.001585357655288465,NA,NA,NA,NA,NA,NA
pre_p2,2,yield_2y,8,0.002544695608818571,NA,NA,NA,NA,NA,NA
pre_p2,2,ibc_br,8,-0.7057869577098339,NA,NA,NA,NA,NA,NA
pre_p2,2,asset_ibov,8,-1.0647648837548245,NA,NA,NA,NA,NA,NA
pre_p2,2,cds_5y,8,21.472700434758664,NA,NA,NA,NA,NA,NA
pre_p2,2,price_ipca,8,-0.1723157276877154,NA,NA,NA,NA,NA,NA
pre_p2,2,cambio_usd,9,0.06432770198126064,NA,NA,NA,NA,NA,NA
pre_p2,2,yield_6m,9,0.0010710626936496002,NA,NA,NA,NA,NA,NA
pre_p2,2,yield_2y,9,0.001698577436034612,NA,NA,NA,NA,NA,NA
pre_p2,2,ibc_br,9,-0.7152938921769463,NA,NA,NA,NA,NA,NA
pre_p2,2,asset_ibov,9,-1.0795847639855154,NA,NA,NA,NA,NA,NA
pre_p2,2,cds_5y,9,17.715440607617577,NA,NA,NA,NA,NA,NA
pre_p2,2,price_ipca,9,-0.1705861413533374,NA,NA,NA,NA,NA,NA
pre_p2,2,cambio_usd,10,0.05103901712683715,NA,NA,NA,NA,NA,NA
pre_p2,2,yield_6m,10,5.681309526034682e-4,NA,NA,NA,NA,NA,NA
pre_p2,2,yield_2y,10,8.783614266235286e-4,NA,NA,NA,NA,NA,NA
pre_p2,2,ibc_br,10,-0.7220761312566795,NA,NA,NA,NA,NA,NA
pre_p2,2,asset_ibov,10,-1.0374854489776812,NA,NA,NA,NA,NA,NA
pre_p2,2,cds_5y,10,14.028570681520748,NA,NA,NA,NA,NA,NA
pre_p2,2,price_ipca,10,-0.16673486512764665,NA,NA,NA,NA,NA,NA
pre_p2,2,cambio_usd,11,0.0384038508793302,NA,NA,NA,NA,NA,NA
pre_p2,2,yield_6m,11,7.559279820478694e-5,NA,NA,NA,NA,NA,NA
pre_p2,2,yield_2y,11,8.841216337234218e-5,NA,NA,NA,NA,NA,NA
pre_p2,2,ibc_br,11,-0.7215219856678837,NA,NA,NA,NA,NA,NA
pre_p2,2,asset_ibov,11,-1.006835535450168,NA,NA,NA,NA,NA,NA
pre_p2,2,cds_5y,11,10.470941456025784,NA,NA,NA,NA,NA,NA
pre_p2,2,price_ipca,11,-0.16053985091881565,NA,NA,NA,NA,NA,NA
pre_p2,2,cambio_usd,12,0.02633548680161153,NA,NA,NA,NA,NA,NA
pre_p2,2,yield_6m,12,-4.0292977461882617e-4,NA,NA,NA,NA,NA,NA
pre_p2,2,yield_2y,12,-6.726584909275173e-4,NA,NA,NA,NA,NA,NA
pre_p2,2,ibc_br,12,-0.7163903687731807,NA,NA,NA,NA,NA,NA
pre_p2,2,asset_ibov,12,-0.9509414427389241,NA,NA,NA,NA,NA,NA
pre_p2,2,cds_5y,12,6.9976801055558555,NA,NA,NA,NA,NA,NA
pre_p2,2,price_ipca,12,-0.15264033537143776,NA,NA,NA,NA,NA,NA
pre_p2,2,cambio_usd,13,0.014795360125664674,NA,NA,NA,NA,NA,NA
pre_p2,2,yield_6m,13,-8.657150242117878e-4,NA,NA,NA,NA,NA,NA
pre_p2,2,yield_2y,13,-0.001401480722240764,NA,NA,NA,NA,NA,NA
pre_p2,2,ibc_br,13,-0.7057014270848764,NA,NA,NA,NA,NA,NA
pre_p2,2,asset_ibov,13,-0.8907087675466027,NA,NA,NA,NA,NA,NA
pre_p2,2,cds_5y,13,3.6323191106931616,NA,NA,NA,NA,NA,NA
pre_p2,2,price_ipca,13,-0.14311605899955337,NA,NA,NA,NA,NA,NA
pre_p2,2,cambio_usd,14,0.0037658886313678085,NA,NA,NA,NA,NA,NA
pre_p2,2,yield_6m,14,-0.0013098395776163882,NA,NA,NA,NA,NA,NA
pre_p2,2,yield_2y,14,-0.0020960840487935875,NA,NA,NA,NA,NA,NA
pre_p2,2,ibc_br,14,-0.6903854455683892,NA,NA,NA,NA,NA,NA
pre_p2,2,asset_ibov,14,-0.8181870776497716,NA,NA,NA,NA,NA,NA
pre_p2,2,cds_5y,14,0.37250998849176176,NA,NA,NA,NA,NA,NA
pre_p2,2,price_ipca,14,-0.13228836781776943,NA,NA,NA,NA,NA,NA
pre_p2,2,cambio_usd,15,-0.006748005091438231,NA,NA,NA,NA,NA,NA
pre_p2,2,yield_6m,15,-0.0017329518850849866,NA,NA,NA,NA,NA,NA
pre_p2,2,yield_2y,15,-0.0027532567093521473,NA,NA,NA,NA,NA,NA
pre_p2,2,ibc_br,15,-0.6703920233835196,NA,NA,NA,NA,NA,NA
pre_p2,2,asset_ibov,15,-0.7398948165199061,NA,NA,NA,NA,NA,NA
pre_p2,2,cds_5y,15,-2.7654406783546666,NA,NA,NA,NA,NA,NA
pre_p2,2,price_ipca,15,-0.12033174884934754,NA,NA,NA,NA,NA,NA
pre_p2,2,cambio_usd,16,-0.016732543548559155,NA,NA,NA,NA,NA,NA
pre_p2,2,yield_6m,16,-0.0021325525795434772,NA,NA,NA,NA,NA,NA
pre_p2,2,yield_2y,16,-0.0033703157277136277,NA,NA,NA,NA,NA,NA
pre_p2,2,ibc_br,16,-0.6461850579558527,NA,NA,NA,NA,NA,NA
pre_p2,2,asset_ibov,16,-0.6546413476612487,NA,NA,NA,NA,NA,NA
pre_p2,2,cds_5y,16,-5.772084105631593,NA,NA,NA,NA,NA,NA
pre_p2,2,price_ipca,16,-0.10747239541621617,NA,NA,NA,NA,NA,NA
pre_p2,2,cambio_usd,17,-0.0261674713165639,NA,NA,NA,NA,NA,NA
pre_p2,2,yield_6m,17,-0.0025064916562006186,NA,NA,NA,NA,NA,NA
pre_p2,2,yield_2y,17,-0.003944482909707292,NA,NA,NA,NA,NA,NA
pre_p2,2,ibc_br,17,-0.6179858667502027,NA,NA,NA,NA,NA,NA
pre_p2,2,asset_ibov,17,-0.5650209881482731,NA,NA,NA,NA,NA,NA
pre_p2,2,cds_5y,17,-8.633548119212907,NA,NA,NA,NA,NA,NA
pre_p2,2,price_ipca,17,-0.09388584510325848,NA,NA,NA,NA,NA,NA
pre_p2,2,cambio_usd,18,-0.03503046422437397,NA,NA,NA,NA,NA,NA
pre_p2,2,yield_6m,18,-0.002852781765982635,NA,NA,NA,NA,NA,NA
pre_p2,2,yield_2y,18,-0.004473368537408204,NA,NA,NA,NA,NA,NA
pre_p2,2,ibc_br,18,-0.5861627543970768,NA,NA,NA,NA,NA,NA
pre_p2,2,asset_ibov,18,-0.47157389523352033,NA,NA,NA,NA,NA,NA
pre_p2,2,cds_5y,18,-11.338397261760706,NA,NA,NA,NA,NA,NA
pre_p2,2,price_ipca,18,-0.07975168342598486,NA,NA,NA,NA,NA,NA
pre_p2,2,cambio_usd,19,-0.043298211383224865,NA,NA,NA,NA,NA,NA
pre_p2,2,yield_6m,19,-0.003169725252046427,NA,NA,NA,NA,NA,NA
pre_p2,2,yield_2y,19,-0.004954814091613425,NA,NA,NA,NA,NA,NA
pre_p2,2,ibc_br,19,-0.5510298341829091,NA,NA,NA,NA,NA,NA
pre_p2,2,asset_ibov,19,-0.37577476581083863,NA,NA,NA,NA,NA,NA
pre_p2,2,cds_5y,19,-13.874772873033463,NA,NA,NA,NA,NA,NA
pre_p2,2,price_ipca,19,-0.06522861552252585,NA,NA,NA,NA,NA,NA
pre_p2,2,cambio_usd,20,-0.05094807132889936,NA,NA,NA,NA,NA,NA
pre_p2,2,yield_6m,20,-0.0034558633718427506,NA,NA,NA,NA,NA,NA
pre_p2,2,yield_2y,20,-0.005387024568713931,NA,NA,NA,NA,NA,NA
pre_p2,2,ibc_br,20,-0.5129471762959404,NA,NA,NA,NA,NA,NA
pre_p2,2,asset_ibov,20,-0.27849848076329337,NA,NA,NA,NA,NA,NA
pre_p2,2,cds_5y,20,-16.232277673071035,NA,NA,NA,NA,NA,NA
pre_p2,2,price_ipca,20,-0.050469663897429504,NA,NA,NA,NA,NA,NA
pre_p2,2,cambio_usd,21,-0.05795885109197397,NA,NA,NA,NA,NA,NA
pre_p2,2,yield_6m,21,-0.0037100089255881746,NA,NA,NA,NA,NA,NA
pre_p2,2,yield_2y,21,-0.00576853243728568,NA,NA,NA,NA,NA,NA
pre_p2,2,ibc_br,21,-0.4722662448466121,NA,NA,NA,NA,NA,NA
pre_p2,2,asset_ibov,21,-0.18081074440658032,NA,NA,NA,NA,NA,NA
pre_p2,2,cds_5y,21,-18.401303250118183,NA,NA,NA,NA,NA,NA
pre_p2,2,price_ipca,21,-0.03561595488564472,NA,NA,NA,NA,NA,NA
pre_p2,2,cambio_usd,22,-0.06431166049762724,NA,NA,NA,NA,NA,NA
pre_p2,2,yield_6m,22,-0.003931231807628256,NA,NA,NA,NA,NA,NA
pre_p2,2,yield_2y,22,-0.0060982357642571155,NA,NA,NA,NA,NA,NA
pre_p2,2,ibc_br,22,-0.4293543634923828,NA,NA,NA,NA,NA,NA
pre_p2,2,asset_ibov,22,-0.0835712555737542,NA,NA,NA,NA,NA,NA
pre_p2,2,cds_5y,22,-20.373589992756326,NA,NA,NA,NA,NA,NA
pre_p2,2,price_ipca,22,-0.020800879567524598,NA,NA,NA,NA,NA,NA
pre_p2,2,cambio_usd,23,-0.06999044504121756,NA,NA,NA,NA,NA,NA
pre_p2,2,yield_6m,23,-0.004118865341121025,NA,NA,NA,NA,NA,NA
pre_p2,2,yield_2y,23,-0.006375389628921216,NA,NA,NA,NA,NA,NA
pre_p2,2,ibc_br,23,-0.3845785546585505,NA,NA,NA,NA,NA,NA
pre_p2,2,asset_ibov,23,0.01235604683560074,NA,NA,NA,NA,NA,NA
pre_p2,2,cds_5y,23,-22.142101458699972,NA,NA,NA,NA,NA,NA
pre_p2,2,price_ipca,23,-0.00614858534641849,NA,NA,NA,NA,NA,NA
pre_p2,2,cambio_usd,24,-0.07498245818279789,NA,NA,NA,NA,NA,NA
pre_p2,2,yield_6m,24,-0.0042724991066502935,NA,NA,NA,NA,NA,NA
pre_p2,2,yield_2y,24,-0.006599614443541565,NA,NA,NA,NA,NA,NA
pre_p2,2,ibc_br,24,-0.33831010423425656,NA,NA,NA,NA,NA,NA
pre_p2,2,asset_ibov,24,0.10620580558813669,NA,NA,NA,NA,NA,NA
pre_p2,2,cds_5y,24,-23.701207338068418,NA,NA,NA,NA,NA,NA
pre_p2,2,price_ipca,24,0.008224862715466864,NA,NA,NA,NA,NA,NA
pre_p2,2,cambio_usd,25,-0.07927858177845662,NA,NA,NA,NA,NA,NA
pre_p2,2,yield_6m,25,-0.004391976126726161,NA,NA,NA,NA,NA,NA
pre_p2,2,yield_2y,25,-0.0067708896684794,NA,NA,NA,NA,NA,NA
pre_p2,2,ibc_br,25,-0.29091849858607477,NA,NA,NA,NA,NA,NA
pre_p2,2,asset_ibov,25,0.19725542230203014,NA,NA,NA,NA,NA,NA
pre_p2,2,cds_5y,25,-25.04667294589772,NA,NA,NA,NA,NA,NA
pre_p2,2,price_ipca,25,0.022211857625389953,NA,NA,NA,NA,NA,NA
pre_p2,2,cambio_usd,26,-0.08287357153864264,NA,NA,NA,NA,NA,NA
pre_p2,2,yield_6m,26,-0.004477385454053409,NA,NA,NA,NA,NA,NA
pre_p2,2,yield_2y,26,-0.006889549785662808,NA,NA,NA,NA,NA,NA
pre_p2,2,ibc_br,26,-0.24277084484080305,NA,NA,NA,NA,NA,NA
pre_p2,2,asset_ibov,26,0.28485159354205297,NA,NA,NA,NA,NA,NA
pre_p2,2,cds_5y,26,-26.175717036606084,NA,NA,NA,NA,NA,NA
pre_p2,2,price_ipca,26,0.03571296213737401,NA,NA,NA,NA,NA,NA
pre_p2,2,cambio_usd,27,-0.08576620960558785,NA,NA,NA,NA,NA,NA
pre_p2,2,yield_6m,27,-0.0045290548822259,NA,NA,NA,NA,NA,NA
pre_p2,2,yield_2y,27,-0.006956274418646499,NA,NA,NA,NA,NA,NA
pre_p2,2,ibc_br,27,-0.1942285622839002,NA,NA,NA,NA,NA,NA
pre_p2,2,asset_ibov,27,0.3683953898317772,NA,NA,NA,NA,NA,NA
pre_p2,2,cds_5y,27,-27.087007164754837,NA,NA,NA,NA,NA,NA
pre_p2,2,price_ipca,27,0.0486370436370793,NA,NA,NA,NA,NA,NA
pre_p2,2,cambio_usd,28,-0.08795938980397423,NA,NA,NA,NA,NA,NA
pre_p2,2,yield_6m,28,-0.0045475414770826915,NA,NA,NA,NA,NA,NA
pre_p2,2,yield_2y,28,-0.006972077181194543,NA,NA,NA,NA,NA,NA
pre_p2,2,ibc_br,28,-0.14564558234896402,NA,NA,NA,NA,NA,NA
pre_p2,2,asset_ibov,28,0.4473490455745689,NA,NA,NA,NA,NA,NA
pre_p2,2,cds_5y,28,-27.78066216379383,NA,NA,NA,NA,NA,NA
pre_p2,2,price_ipca,28,0.0609012416473256,NA,NA,NA,NA,NA,NA
pre_p2,2,cambio_usd,29,-0.08946013603001488,NA,NA,NA,NA,NA,NA
pre_p2,2,yield_6m,29,-0.0045336212297258085,NA,NA,NA,NA,NA,NA
pre_p2,2,yield_2y,29,-0.0069382912958791815,NA,NA,NA,NA,NA,NA
pre_p2,2,ibc_br,29,-0.0973659145776825,NA,NA,NA,NA,NA,NA
pre_p2,2,asset_ibov,29,0.5212319176378604,NA,NA,NA,NA,NA,NA
pre_p2,2,cds_5y,29,-28.25822834500864,NA,NA,NA,NA,NA,NA
pre_p2,2,price_ipca,29,0.07243104332866777,NA,NA,NA,NA,NA,NA
pre_p2,2,cambio_usd,30,-0.09027956531480939,NA,NA,NA,NA,NA,NA
pre_p2,2,yield_6m,30,-0.004488277302489293,NA,NA,NA,NA,NA,NA
pre_p2,2,yield_2y,30,-0.006856553359699669,NA,NA,NA,NA,NA,NA
pre_p2,2,ibc_br,30,-0.04972170082746786,NA,NA,NA,NA,NA,NA
pre_p2,2,asset_ibov,30,0.5896221179845161,NA,NA,NA,NA,NA,NA
pre_p2,2,cds_5y,30,-28.522648559515183,NA,NA,NA,NA,NA,NA
pre_p2,2,price_ipca,30,0.08316030457727785,NA,NA,NA,NA,NA,NA
pre_p2,2,cambio_usd,31,-0.09043280009683294,NA,NA,NA,NA,NA,NA
pre_p2,2,yield_6m,31,-0.004412687291194249,NA,NA,NA,NA,NA,NA
pre_p2,2,yield_2y,31,-0.00672878491879705,NA,NA,NA,NA,NA,NA
pre_p2,2,ibc_br,31,-0.0030312052478726485,NA,NA,NA,NA,NA,NA
pre_p2,2,asset_ibov,31,0.6521552330135095,NA,NA,NA,NA,NA,NA
pre_p2,2,cds_5y,31,-28.578216229017,NA,NA,NA,NA,NA,NA
pre_p2,2,price_ipca,31,0.09303128306455945,NA,NA,NA,NA,NA,NA
pre_p2,2,cambio_usd,32,-0.08993883673971588,NA,NA,NA,NA,NA,NA
pre_p2,2,yield_6m,32,-0.00430820945153869,NA,NA,NA,NA,NA,NA
pre_p2,2,yield_2y,32,-0.006557172387540927,NA,NA,NA,NA,NA,NA
pre_p2,2,ibc_br,32,0.04240295735212961,NA,NA,NA,NA,NA,NA
pre_p2,2,asset_ibov,32,0.7085244213673727,NA,NA,NA,NA,NA,NA
pre_p2,2,cds_5y,32,-28.430520201147885,NA,NA,NA,NA,NA,NA
pre_p2,2,price_ipca,32,0.1019946360118305,NA,NA,NA,NA,NA,NA
pre_p2,2,cambio_usd,33,-0.0888203751554101,NA,NA,NA,NA,NA,NA
pre_p2,2,yield_6m,33,-0.0041763680903868575,NA,NA,NA,NA,NA,NA
pre_p2,2,yield_2y,33,-0.006344145394998526,NA,NA,NA,NA,NA,NA
pre_p2,2,ibc_br,33,0.08629549268828308,NA,NA,NA,NA,NA,NA
pre_p2,2,asset_ibov,33,0.7584796103253858,NA,NA,NA,NA,NA,NA
pre_p2,2,cds_5y,33,-28.08637916418243,NA,NA,NA,NA,NA,NA
pre_p2,2,price_ipca,33,0.1100093966224046,NA,NA,NA,NA,NA,NA
pre_p2,2,cambio_usd,34,-0.08710361477043559,NA,NA,NA,NA,NA,NA
pre_p2,2,yield_6m,34,-0.004018838200287286,NA,NA,NA,NA,NA,NA
pre_p2,2,yield_2y,34,-0.006092353868173318,NA,NA,NA,NA,NA,NA
pre_p2,2,ibc_br,34,0.12837991259698442,NA,NA,NA,NA,NA,NA
pre_p2,2,asset_ibov,34,0.8018268969497637,NA,NA,NA,NA,NA,NA
pre_p2,2,cds_5y,34,-27.553767937827384,NA,NA,NA,NA,NA,NA
pre_p2,2,price_ipca,34,0.1170429143050349,NA,NA,NA,NA,NA,NA
pre_p2,2,cambio_usd,35,-0.08481802127072668,NA,NA,NA,NA,NA,NA
pre_p2,2,yield_6m,35,-0.003837429483334879,NA,NA,NA,NA,NA,NA
pre_p2,2,yield_2y,35,-0.0058046440398163745,NA,NA,NA,NA,NA,NA
pre_p2,2,ibc_br,35,0.16840986665317378,NA,NA,NA,NA,NA,NA
pre_p2,2,asset_ibov,35,0.8384275426814743,NA,NA,NA,NA,NA,NA
pre_p2,2,cds_5y,35,-26.841736067463387,NA,NA,NA,NA,NA,NA
pre_p2,2,price_ipca,35,0.12307076072187047,NA,NA,NA,NA,NA,NA
pre_p2,2,cambio_usd,36,-0.08199606846366769,NA,NA,NA,NA,NA,NA
pre_p2,2,yield_6m,36,-0.003634069879003366,NA,NA,NA,NA,NA,NA
pre_p2,2,yield_2y,36,-0.005484033624654201,NA,NA,NA,NA,NA,NA
pre_p2,2,ibc_br,36,0.20616029406407754,NA,NA,NA,NA,NA,NA
pre_p2,2,asset_ibov,36,0.8681968436922726,NA,NA,NA,NA,NA,NA
pre_p2,2,cds_5y,36,-25.960320069515824,NA,NA,NA,NA,NA,NA
pre_p2,2,price_ipca,36,0.12807659688575745,NA,NA,NA,NA,NA,NA
pre_p2,2,cambio_usd,37,-0.07867295921659981,NA,NA,NA,NA,NA,NA
pre_p2,2,yield_6m,37,-0.003410788728209623,NA,NA,NA,NA,NA,NA
pre_p2,2,yield_2y,37,-0.0051336863721822435,NA,NA,NA,NA,NA,NA
pre_p2,2,ibc_br,37,0.24142840184637307,NA,NA,NA,NA,NA,NA
pre_p2,2,asset_ibov,37,0.8911027134883951,NA,NA,NA,NA,NA,NA
pre_p2,2,cds_5y,37,-24.920450161931704,NA,NA,NA,NA,NA,NA
pre_p2,2,price_ipca,37,0.13205200160296557,NA,NA,NA,NA,NA,NA
pre_p2,2,cambio_usd,38,-0.0748863292572885,NA,NA,NA,NA,NA,NA
pre_p2,2,yield_6m,38,-0.0031696996967420393,NA,NA,NA,NA,NA,NA
pre_p2,2,yield_2y,38,-0.00475688621455915,NA,NA,NA,NA,NA,NA
pre_p2,2,ibc_br,38,0.27403446134370013,NA,NA,NA,NA,NA,NA
pre_p2,2,asset_ibov,38,0.9071640526889156,NA,NA,NA,NA,NA,NA
pre_p2,2,cds_5y,38,-23.733852537317947,NA,NA,NA,NA,NA,NA
pre_p2,2,price_ipca,38,0.13499626032092923,NA,NA,NA,NA,NA,NA
pre_p2,2,cambio_usd,39,-0.07067593738893936,NA,NA,NA,NA,NA,NA
pre_p2,2,yield_6m,39,-0.0029129835842612133,NA,NA,NA,NA,NA,NA
pre_p2,2,yield_2y,39,-0.004357011213912321,NA,NA,NA,NA,NA,NA
pre_p2,2,ibc_br,39,0.3038224245261168,NA,NA,NA,NA,NA,NA
pre_p2,2,asset_ibov,39,0.9164488673931052,NA,NA,NA,NA,NA,NA
pre_p2,2,cds_5y,39,-22.412948083302037,NA,NA,NA,NA,NA,NA
pre_p2,2,price_ipca,39,0.13691611524322483,NA,NA,NA,NA,NA,NA
pre_p2,2,cambio_usd,40,-0.06608334550363945,NA,NA,NA,NA,NA,NA
pre_p2,2,yield_6m,40,-0.0026428711404966267,NA,NA,NA,NA,NA,NA
pre_p2,2,yield_2y,40,-0.003937507510656947,NA,NA,NA,NA,NA,NA
pre_p2,2,ibc_br,40,0.33066035886696854,NA,NA,NA,NA,NA,NA
pre_p2,2,asset_ibov,40,0.9190721630031982,NA,NA,NA,NA,NA,NA
pre_p2,2,cds_5y,40,-20.970748494085502,NA,NA,NA,NA,NA,NA
pre_p2,2,price_ipca,40,0.13782547765454944,NA,NA,NA,NA,NA,NA
pre_p2,2,cambio_usd,41,-0.061151591600391415,NA,NA,NA,NA,NA,NA
pre_p2,2,yield_6m,41,-0.002361626008279528,NA,NA,NA,NA,NA,NA
pre_p2,2,yield_2y,41,-0.003501863464687883,NA,NA,NA,NA,NA,NA
pre_p2,2,ibc_br,41,0.35444070302196395,NA,NA,NA,NA,NA,NA
pre_p2,2,asset_ibov,41,0.9151936130525692,NA,NA,NA,NA,NA,NA
pre_p2,2,cds_5y,41,-19.420750656369936,NA,NA,NA,NA,NA,NA
pre_p2,2,price_ipca,41,0.13774510421635147,NA,NA,NA,NA,NA,NA
pre_p2,2,cambio_usd,42,-0.05592485885659983,NA,NA,NA,NA,NA,NA
pre_p2,2,yield_6m,42,-0.0020715279085009725,NA,NA,NA,NA,NA,NA
pre_p2,2,yield_2y,42,-0.0030535841740090414,NA,NA,NA,NA,NA,NA
pre_p2,2,ibc_br,42,0.3750803457598022,NA,NA,NA,NA,NA,NA
pre_p2,2,asset_ibov,42,0.9050150218169752,NA,NA,NA,NA,NA,NA
pre_p2,2,cds_5y,42,-17.776830180783215,NA,NA,NA,NA,NA,NA
pre_p2,2,price_ipca,42,0.13670223930647663,NA,NA,NA,NA,NA,NA
pre_p2,2,cambio_usd,43,-0.05044814364352451,NA,NA,NA,NA,NA,NA
pre_p2,2,yield_6m,43,-0.0017748561776999028,NA,NA,NA,NA,NA,NA
pre_p2,2,yield_2y,43,-0.0025961665456725423,NA,NA,NA,NA,NA,NA
pre_p2,2,ibc_br,43,0.3925205323594996,NA,NA,NA,NA,NA,NA
pre_p2,2,asset_ibov,43,0.8887775940253719,NA,NA,NA,NA,NA,NA
pre_p2,2,cds_5y,43,-16.05313490967053,NA,NA,NA,NA,NA,NA
pre_p2,2,price_ipca,43,0.13473022593423042,NA,NA,NA,NA,NA,NA
pre_p2,2,cambio_usd,44,-0.044766925222892044,NA,NA,NA,NA,NA,NA
pre_p2,2,yield_6m,44,-0.001473873763459056,NA,NA,NA,NA,NA,NA
pre_p2,2,yield_2y,44,-0.002133075084327812,NA,NA,NA,NA,NA,NA
pre_p2,2,ibc_br,44,0.40672660355906587,NA,NA,NA,NA,NA,NA
pre_p2,2,asset_ibov,44,0.8667590314159087,NA,NA,NA,NA,NA,NA
pre_p2,2,cds_5y,44,-14.26397920260234,NA,NA,NA,NA,NA,NA
pre_p2,2,price_ipca,44,0.13186808804418415,NA,NA,NA,NA,NA,NA
pre_p2,2,cambio_usd,45,-0.03892683970675608,NA,NA,NA,NA,NA,NA
pre_p2,2,yield_6m,45,-0.0011708117768801185,NA,NA,NA,NA,NA,NA
pre_p2,2,yield_2y,45,-0.0016677185529980136,NA,NA,NA,NA,NA,NA
pre_p2,2,ibc_br,45,0.4176875733553163,NA,NA,NA,NA,NA,NA
pre_p2,2,asset_ibov,45,0.8392704755475915,NA,NA,NA,NA,NA,NA
pre_p2,2,cds_5y,45,-12.423739761974872,NA,NA,NA,NA,NA,NA
pre_p2,2,price_ipca,45,0.12816008730231854,NA,NA,NA,NA,NA,NA
pre_p2,2,cambio_usd,46,-0.032973360706628894,NA,NA,NA,NA,NA,NA
pre_p2,2,yield_6m,46,-8.678546948282299e-4,NA,NA,NA,NA,NA,NA
pre_p2,2,yield_2y,46,-0.001203427649615432,NA,NA,NA,NA,NA,NA
pre_p2,2,ibc_br,46,0.4254155528732115,NA,NA,NA,NA,NA,NA
pre_p2,2,asset_ibov,46,0.8066533188003514,NA,NA,NA,NA,NA,NA
pre_p2,2,cds_5y,46,-10.546753722894076,NA,NA,NA,NA,NA,NA
pre_p2,2,price_ipca,46,0.12365525765563488,NA,NA,NA,NA,NA,NA
pre_p2,2,cambio_usd,47,-0.026951488938635876,NA,NA,NA,NA,NA,NA
pre_p2,2,yield_6m,47,-5.671262976285083e-4,NA,NA,NA,NA,NA,NA
pre_p2,2,yield_2y,47,-7.434338310890544e-4,NA,NA,NA,NA,NA,NA
pre_p2,2,ibc_br,47,0.42994502846861454,NA,NA,NA,NA,NA,NA
pre_p2,2,asset_ibov,47,0.7692759060051527,NA,NA,NA,NA,NA,NA
pre_p2,2,cds_5y,47,-8.647219688924729,NA,NA,NA,NA,NA,NA
pre_p2,2,price_ipca,47,0.11840692111978099,NA,NA,NA,NA,NA,NA
pre_p2,2,cambio_usd,48,-0.02090545288900401,NA,NA,NA,NA,NA,NA
pre_p2,2,yield_6m,48,-2.7067642043533956e-4,NA,NA,NA,NA,NA,NA
pre_p2,2,yield_2y,48,-2.9084940449004533e-4,NA,NA,NA,NA,NA,NA
pre_p2,2,ibc_br,48,0.4313320030302491,NA,NA,NA,NA,NA,NA
pre_p2,2,asset_ibov,48,0.7275301501853715,NA,NA,NA,NA,NA,NA
pre_p2,2,cds_5y,48,-6.739102351076092,NA,NA,NA,NA,NA,NA
pre_p2,2,price_ipca,48,0.11247218835977,NA,NA,NA,NA,NA,NA
cheia_p4_lp,5,cambio_usd,0,0.12942167379213612,0.0916035332144328,0.1773344016561657,0.06297064509044599,0.2349333915258018,interval,interval
cheia_p4_lp,5,yield_6m,0,0.005,0.005,0.005,0.005,0.005,singleton,singleton
cheia_p4_lp,5,yield_2y,0,0.007009032608368654,0.006161014958153802,0.00795459983049981,0.00542621687370008,0.00896931335331919,interval,interval
cheia_p4_lp,5,ibc_br,0,-0.6611183649950584,-1.148514220446734,-0.31663955693793433,-1.7897575797419532,-0.08549218459068299,interval,interval
cheia_p4_lp,5,asset_ibov,0,-1.5020158375666013,-4.717982396609676,1.243859571966647,-8.327351250775068,3.5043166103042194,interval,interval
cheia_p4_lp,5,cds_5y,0,30.487630940485193,21.04072336441077,42.71663836276375,14.052875491341812,57.6876345237141,interval,interval
cheia_p4_lp,5,price_ipca,0,-0.045129593487767815,-0.1719335966373248,0.04768487722037376,-0.33419548487425726,0.11241486771259016,interval,interval
cheia_p4_lp,5,cambio_usd,1,0.16062761304117928,0.10221863024218855,0.2295938845427152,0.05454470671549761,0.3075616170228786,interval,interval
cheia_p4_lp,5,yield_6m,1,0.005879572297246036,0.005149452846032526,0.006506579502541355,0.0043342681352524694,0.00702588685630114,interval,interval
cheia_p4_lp,5,yield_2y,1,0.008445017785420127,0.006846473270903723,0.010030653267130533,0.005288173719717248,0.011551910753387518,interval,interval
cheia_p4_lp,5,ibc_br,1,-0.4388261558830034,-0.8536512783632907,-0.12224291229167489,-1.3666594498302689,0.10886326765594732,interval,interval
cheia_p4_lp,5,asset_ibov,1,-1.306932411450579,-2.905610732493308,0.03854352598334996,-4.723096749943716,1.1294732417424442,interval,interval
cheia_p4_lp,5,cds_5y,1,33.49609307484488,23.03367101779904,45.898365169411235,14.52960397284094,59.96877108136132,interval,interval
cheia_p4_lp,5,price_ipca,1,-0.020138218752337404,-0.13410396270452668,0.06297242476275082,-0.2803698385948076,0.12070055727803146,interval,interval
cheia_p4_lp,5,cambio_usd,2,0.147942423612759,0.08970815105719325,0.21100618098658397,0.037712695574464834,0.2768596917475367,interval,interval
cheia_p4_lp,5,yield_6m,2,0.006617668530266867,0.005560942227990019,0.007475496207035836,0.004320860276863037,0.008144844787880814,interval,interval
cheia_p4_lp,5,yield_2y,2,0.008513823432367607,0.006582818060150637,0.010191141959361895,0.004448966230263444,0.011597047340144963,interval,interval
cheia_p4_lp,5,ibc_br,2,-0.3525216649954848,-0.7382441026541788,-0.07199861004409634,-1.234374321592776,0.12226527829107409,interval,interval
cheia_p4_lp,5,asset_ibov,2,1.8546264802845565,0.3582804337007425,3.559511921818035,-0.9095830039747125,5.425772615443765,interval,interval
cheia_p4_lp,5,cds_5y,2,27.191440022310935,18.203160784344522,36.60783668505719,9.903799292181045,46.135667705841804,interval,interval
cheia_p4_lp,5,price_ipca,2,-0.04869946233185201,-0.16938130816377317,0.04198379784751257,-0.3205502157224732,0.10707270435311735,interval,interval
cheia_p4_lp,5,cambio_usd,3,0.16154302137647797,0.10342970829054234,0.2235608803073859,0.0507635293769123,0.2874310311128854,interval,interval
cheia_p4_lp,5,yield_6m,3,0.007403149152490637,0.005948860657201363,0.008479414344732919,0.004104401991445687,0.009239146993693657,interval,interval
cheia_p4_lp,5,yield_2y,3,0.009653988130034992,0.007315501590714731,0.011565645818253442,0.004587908943444606,0.01306846645867385,interval,interval
cheia_p4_lp,5,ibc_br,3,-0.5178425608454807,-0.9396527922341347,-0.21170925208900335,-1.483100241747353,-1.9310551532759736e-4,interval,interval
cheia_p4_lp,5,asset_ibov,3,0.8818048931445434,-0.44249107326272535,2.1459486501587763,-1.7824008199315022,3.313253517788627,interval,interval
cheia_p4_lp,5,cds_5y,3,33.137574394562684,23.53237737483633,43.2600403357483,14.716114135338351,53.56059052862652,interval,interval
cheia_p4_lp,5,price_ipca,3,-0.03784578203550525,-0.16447353839476464,0.054934629632612204,-0.326376487664431,0.11971368444928554,interval,interval
cheia_p4_lp,5,cambio_usd,4,0.14734001089173188,0.086999050728824745,0.20688710934543386,0.027880991342711096,0.2637272074451104,interval,interval
cheia_p4_lp,5,yield_6m,4,0.0072616770478835385,0.005257287720815263,0.008740753883880561,0.0027091594437691287,0.009781514436716538,interval,interval
cheia_p4_lp,5,yield_2y,4,0.009388396373948766,0.006414694506275945,0.011715291530975145,0.0028133932793730923,0.013460601179526728,interval,interval
cheia_p4_lp,5,ibc_br,4,-0.4765879138917479,-0.8672170192863305,-0.1826184004311619,-1.3559249522095478,0.028727863784146428,interval,interval
cheia_p4_lp,5,asset_ibov,4,0.747623825822701,-0.1896607628007874,1.684944503444354,-1.096071083729657,2.591458380622044,interval,interval
cheia_p4_lp,5,cds_5y,4,31.431475400764906,21.166874425839307,41.20189177697915,10.752759633318878,50.19795935653468,interval,interval
cheia_p4_lp,5,price_ipca,4,-0.013617375053645691,-0.14031292135850962,0.08126371993034623,-0.2994546187090799,0.14911484662126542,interval,interval
cheia_p4_lp,5,cambio_usd,5,0.11790082058694402,0.057662406381313674,0.17344582242444023,-0.005326417584997017,0.22296704674219334,interval,interval
cheia_p4_lp,5,yield_6m,5,0.006909043443483298,0.004491483862454229,0.008708811664073321,0.0014400368925462724,0.009987525693398327,interval,interval
cheia_p4_lp,5,yield_2y,5,0.008400291286740419,0.0049315085127261725,0.011053354227598736,6.494854756079909e-4,0.012994694776870756,interval,interval
cheia_p4_lp,5,ibc_br,5,-0.45491776035859155,-0.8308146748907791,-0.17213323453292298,-1.3012256330611578,0.031094643383459224,interval,interval
cheia_p4_lp,5,asset_ibov,5,2.0889249681480324,1.1467812274803095,3.1402687325504886,0.33108384420855536,4.269312160430947,interval,interval
cheia_p4_lp,5,cds_5y,5,25.144095462905266,14.648099737104014,34.33953188007453,3.139548764354628,42.11616869016034,interval,interval
cheia_p4_lp,5,price_ipca,5,-0.018126063100438475,-0.14935696370237667,0.08046279779116547,-0.3137688867986307,0.15120941128968896,interval,interval
cheia_p4_lp,5,cambio_usd,6,0.10537553111662783,0.04601836082931476,0.15860769822924972,-0.01768097452027111,0.20473152899224864,interval,interval
cheia_p4_lp,5,yield_6m,6,0.006537387441353954,0.0037651460256243508,0.008601647879697203,2.6663655153395056e-4,0.010068628134882752,interval,interval
cheia_p4_lp,5,yield_2y,6,0.007799008509186346,0.003969038941726686,0.01069971295927894,-7.974506395165789e-4,0.012799705419357271,interval,interval
cheia_p4_lp,5,ibc_br,6,-0.5144628476417981,-0.8947641764070907,-0.2260586765732773,-1.36754962336248,-0.01696924258776876,interval,interval
cheia_p4_lp,5,asset_ibov,6,1.9359201430026525,1.0736113380810786,2.8062202777386362,0.24722473923668645,3.6555377469516257,interval,interval
cheia_p4_lp,5,cds_5y,6,23.747370024040396,13.253340529708543,32.753144558131446,1.5293736284306683,40.20661050884595,interval,interval
cheia_p4_lp,5,price_ipca,6,-0.034188081198144385,-0.17393347156643454,0.06840652480327311,-0.3523236587870115,0.14019370098652226,interval,interval
cheia_p4_lp,5,cambio_usd,7,0.0864393485413241,0.026667873592481493,0.13762641860650665,-0.04023547540335576,0.179897086915857,interval,interval
cheia_p4_lp,5,yield_6m,7,0.005900577551239326,0.0028021168239444356,0.0082301049056535,-0.0010773523711138783,0.009903143893836687,interval,interval
cheia_p4_lp,5,yield_2y,7,0.00687097764063955,0.0026835568077971344,0.010026109850666882,-0.002549953914065837,0.012297500732341725,interval,interval
cheia_p4_lp,5,ibc_br,7,-0.5236626397115149,-0.8968474186241298,-0.23393116406550493,-1.3517929471328876,-0.01845227296008264,interval,interval
cheia_p4_lp,5,asset_ibov,7,1.7754260901733192,0.9585971522813331,2.5957377059060787,0.17194696356850744,3.3923813294985865,interval,interval
cheia_p4_lp,5,cds_5y,7,20.8692846117146,10.059817787077739,29.743203210762022,-2.5017896838991742,36.75081572921833,interval,interval
cheia_p4_lp,5,price_ipca,7,-0.03947305189255312,-0.184582950067727,0.06674610785568381,-0.37026162383920913,0.1408290269632762,interval,interval
cheia_p4_lp,5,cambio_usd,8,0.0634362724658147,0.004007568169896093,0.11272321836781121,-0.06443925363279929,0.15206858241045873,interval,interval
cheia_p4_lp,5,yield_6m,8,0.0051596756508693374,0.0017979226401548273,0.007723802505923491,-0.0023614885564272403,0.009594450454983314,interval,interval
cheia_p4_lp,5,yield_2y,8,0.005675756567676153,0.001197122050203098,0.009063176232152536,-0.004382842305456357,0.011511933777496876,interval,interval
cheia_p4_lp,5,ibc_br,8,-0.5243383511672424,-0.8914742649257049,-0.23803967256261624,-1.3373817318060306,-0.024092117651625704,interval,interval
cheia_p4_lp,5,asset_ibov,8,2.180123821436599,1.3615803087507827,2.999540853467577,0.5707999627342812,3.792827735859574,interval,interval
cheia_p4_lp,5,cds_5y,8,16.265694997734165,5.26808273254206,25.075892509404493,-7.786250318835429,31.853507502553676,interval,interval
cheia_p4_lp,5,price_ipca,8,-0.05435453155288103,-0.2056104536716673,0.055802297443203634,-0.3999443339977644,0.13220361853939835,interval,interval
cheia_p4_lp,5,cambio_usd,9,0.04799334979844476,-0.010878174223719422,0.09618003771967745,-0.0794700989760907,0.13411216025760844,interval,interval
cheia_p4_lp,5,yield_6m,9,0.0044213946524043245,8.366415775616924e-4,0.0071863971444851285,-0.0035574909931919483,0.009228281117765325,interval,interval
cheia_p4_lp,5,yield_2y,9,0.004631034288701544,-7.135573700661859e-5,0.008210154476572978,-0.005899688184605348,0.010815299339804529,interval,interval
cheia_p4_lp,5,ibc_br,9,-0.5518854842785377,-0.9177263491696597,-0.2659304168058142,-1.3611866599713345,-0.05169989721988086,interval,interval
cheia_p4_lp,5,asset_ibov,9,2.1253188311766866,1.259359639316273,2.931137032226931,0.3616380684166967,3.6562859154594,interval,interval
cheia_p4_lp,5,cds_5y,9,13.418516550915625,2.3960942997925407,22.22903887205544,-10.712633804734178,28.99078947212523,interval,interval
cheia_p4_lp,5,price_ipca,9,-0.07704933857040273,-0.23537866286042944,0.03713896040336801,-0.44039088407316834,0.11548989332353027,interval,interval
cheia_p4_lp,5,cambio_usd,10,0.03301958822240503,-0.026679330162393176,0.08124983327394462,-0.09702878708136452,0.11869029161416572,interval,interval
cheia_p4_lp,5,yield_6m,10,0.0036182774041015144,-1.7381035098471218e-4,0.006578700451649959,-0.00477519690449699,0.008793651200160438,interval,interval
cheia_p4_lp,5,yield_2y,10,0.003558050969530136,-0.001366995676778695,0.007332731370455588,-0.007436227962327532,0.010101023779673713,interval,interval
cheia_p4_lp,5,ibc_br,10,-0.5659044454953585,-0.9291188219690898,-0.27928444736919267,-1.3658528568821635,-0.06233557983642715,interval,interval
cheia_p4_lp,5,asset_ibov,10,1.9413628511034435,1.0179373054750567,2.783221464778277,0.04200008371194091,3.525104932481786,interval,interval
cheia_p4_lp,5,cds_5y,10,10.644487335716072,-0.6386237650620008,19.60535797175468,-14.131792239134336,26.434930236141145,interval,interval
cheia_p4_lp,5,price_ipca,10,-0.09574553403927714,-0.25986483541781125,0.022231657452405136,-0.4729272097056619,0.10289069400777308,interval,interval
cheia_p4_lp,5,cambio_usd,11,0.01746344413300367,-0.04316872322038625,0.06613451836451807,-0.11501454347916806,0.10365835689882252,interval,interval
cheia_p4_lp,5,yield_6m,11,0.002784389698972863,-0.0011892727346732497,0.00592381028494773,-0.005962438910412834,0.008303145632867708,interval,interval
cheia_p4_lp,5,yield_2y,11,0.0024186261808875897,-0.002709343918837443,0.006383108379236481,-0.008982960036334241,0.009318132439904541,interval,interval
cheia_p4_lp,5,ibc_br,11,-0.5717145561828143,-0.932110721070797,-0.2865198117511663,-1.3644223358533156,-0.06999631535028612,interval,interval
cheia_p4_lp,5,asset_ibov,11,1.9426417977683543,0.9819308301476135,2.8041913460768852,-0.04908875415804083,3.550670346446918,interval,interval
cheia_p4_lp,5,cds_5y,11,7.361841811210176,-4.1912161174642355,16.54109150206636,-18.0020707434767,23.540377810229675,interval,interval
cheia_p4_lp,5,price_ipca,11,-0.11570136923213964,-0.2856600535860828,0.006366135972495896,-0.5064569469596755,0.08974079219954988,interval,interval
cheia_p4_lp,5,cambio_usd,12,0.005148176472454858,-0.05641348566314185,0.054496116643711054,-0.12944883611529628,0.09248457482802805,interval,interval
cheia_p4_lp,5,yield_6m,12,0.001966092172261116,-0.00216736745981661,0.005260431764681074,-0.007095547256854135,0.007780782914928437,interval,interval
cheia_p4_lp,5,yield_2y,12,0.0013531255307161758,-0.0039507689286766385,0.005484459067701759,-0.010398870829045705,0.00856793416183902,interval,interval
cheia_p4_lp,5,ibc_br,12,-0.5848225342200438,-0.9437019295087025,-0.3003053181283682,-1.3735192575966984,-0.08386793193910766,interval,interval
cheia_p4_lp,5,asset_ibov,12,1.816319799914475,0.7907133630702226,2.7074947198829453,-0.3422742497262261,3.4547353095276465,interval,interval
cheia_p4_lp,5,cds_5y,12,4.714199217140549,-7.0485544276235945,14.108855137881214,-21.047499428865166,21.312617961579,interval,interval
cheia_p4_lp,5,price_ipca,12,-0.1379423118873133,-0.3136253676297804,-0.011735822201209143,-0.5418193162242544,0.07448667121993408,interval,interval
cheia_p4_lp,5,cambio_usd,13,-0.0058744414399836365,-0.06889660673886065,0.04448127613007157,-0.14387256922089064,0.08311126395635834,interval,interval
cheia_p4_lp,5,yield_6m,13,0.0011457351407165482,-0.003137053430183097,0.0045817955326135015,-0.00821427682432301,0.007229358962633549,interval,interval
cheia_p4_lp,5,yield_2y,13,3.2313356327414426e-4,-0.005154291648197214,0.004612692149843885,-0.011783118830143501,0.007832973292095346,interval,interval
cheia_p4_lp,5,ibc_br,13,-0.5933105419662751,-0.9509763832296837,-0.3081888453588802,-1.3773263267159372,-0.09000205065272325,interval,interval
cheia_p4_lp,5,asset_ibov,13,1.6052916551152046,0.5185949750800466,2.5389999254175355,-0.694146626599775,3.3127460816640606,interval,interval
cheia_p4_lp,5,cds_5y,13,2.3243847445550654,-9.732445011219108,11.959976730198926,-24.073620864284116,19.353486709394637,interval,interval
cheia_p4_lp,5,price_ipca,13,-0.15801887758754649,-0.3387272009796847,-0.02784420153204535,-0.5729360208737552,0.06135990159519483,interval,interval
cheia_p4_lp,5,cambio_usd,14,-0.01659898326616145,-0.081146819789144,0.03481884636737283,-0.15813875835711436,0.07413464180109056,interval,interval
cheia_p4_lp,5,yield_6m,14,3.301178281845762e-4,-0.004090440885793655,0.003894270544429055,-0.009308715445683182,0.006655114942756411,interval,interval
cheia_p4_lp,5,yield_2y,14,-6.994922741303521e-4,-0.006344497930957798,0.0037402605382021647,-0.01315140464320767,0.007088731998704492,interval,interval
cheia_p4_lp,5,ibc_br,14,-0.5965399370782244,-0.9531020471978997,-0.3111664300572493,-1.3766893323230276,-0.09185260971069387,interval,interval
cheia_p4_lp,5,asset_ibov,14,1.4441115509582927,0.3138358485848381,2.406683910349985,-0.9576436153694797,3.1969438892367696,interval,interval
cheia_p4_lp,5,cds_5y,14,-0.14266293306015781,-12.509291034095948,9.743527515301148,-27.215111136925316,17.331809537259016,interval,interval
cheia_p4_lp,5,price_ipca,14,-0.17683249015374577,-0.36225462066763353,-0.04277207584474633,-0.6018738484156665,0.04946631747955494,interval,interval
cheia_p4_lp,5,cambio_usd,15,-0.025865243084286324,-0.09188815005492537,0.026565494316204297,-0.17084782993379297,0.06652286973767761,interval,interval
cheia_p4_lp,5,yield_6m,15,-4.618926084521455e-4,-0.005009945868548345,0.0032143043339830993,-0.010367039950768169,0.00606963404598812,interval,interval
cheia_p4_lp,5,yield_2y,15,-0.0016707155680352448,-0.007473005658522353,0.0029044744164656295,-0.014454322402559982,0.006364665876833526,interval,interval
cheia_p4_lp,5,ibc_br,15,-0.6005277520929794,-0.9562890885493053,-0.31470424789415,-1.377536495357901,-0.09414125814784562,interval,interval
cheia_p4_lp,5,asset_ibov,15,1.2491605011613447,0.06533550335606947,2.2443360589790755,-1.2819029641737454,3.0502508727582454,interval,interval
cheia_p4_lp,5,cds_5y,15,-2.3443245663229693,-14.99502170366037,7.769178976728945,-30.038360921152353,15.532120718235635,interval,interval
cheia_p4_lp,5,price_ipca,15,-0.19529607713232924,-0.3850956562969897,-0.05750655464879226,-0.6295703157438938,0.03772687770375688,interval,interval
cheia_p4_lp,5,cambio_usd,16,-0.03415196668811602,-0.10178066299872986,0.0192861443724028,-0.18300649756970408,0.05979253945313188,interval,interval
cheia_p4_lp,5,yield_6m,16,-0.0012331630194245637,-0.005903719628817613,0.002544376160931091,-0.011402180711254293,0.005480351727474112,interval,interval
cheia_p4_lp,5,yield_2y,16,-0.0025957255338485263,-0.00855374876095953,0.002105506161183078,-0.015718236159488655,0.005663669659715395,interval,interval
cheia_p4_lp,5,ibc_br,16,-0.6021063646874639,-0.9572449128295947,-0.3151734300596603,-1.3757170149426976,-0.09241519763160855,interval,interval
cheia_p4_lp,5,asset_ibov,16,1.015015855527486,-0.22120535735156605,2.0476911936374234,-1.6359812779108596,2.8783986078541384,interval,interval
cheia_p4_lp,5,cds_5y,16,-4.343630460111725,-17.30086412800717,5.982237386744229,-32.750553275871574,13.881304806318758,interval,interval
cheia_p4_lp,5,price_ipca,16,-0.21207767533009253,-0.4057895667948719,-0.07078956030375247,-0.6543724461430915,0.02736493607690172,interval,interval
cheia_p4_lp,5,cambio_usd,17,-0.04197365337931177,-0.11121617618166395,0.012430120867686408,-0.19478227999662107,0.05341690090833634,interval,interval
cheia_p4_lp,5,yield_6m,17,-0.001981901305270901,-0.0067716015490658,0.0018892608126860663,-0.012413780526257676,0.0048957234346070685,interval,interval
cheia_p4_lp,5,yield_2y,17,-0.0034870940795660773,-0.009600357307753708,0.0013345877659381626,-0.016954169846993404,0.00498224801955935,interval,interval
cheia_p4_lp,5,ibc_br,17,-0.6003985562030396,-0.9549630306585325,-0.3123317708270339,-1.370749290987588,-0.08735854456189782,interval,interval
cheia_p4_lp,5,asset_ibov,17,0.7922952777410888,-0.48748229982651786,1.8556543409982167,-1.959041551072322,2.7062074503038707,interval,interval
cheia_p4_lp,5,cds_5y,17,-6.286077753519416,-19.561116508300174,4.247679712758508,-35.44805814737223,12.268600635582416,interval,interval
cheia_p4_lp,5,price_ipca,17,-0.22722781323473742,-0.42453223479724267,-0.0826588720248572,-0.676795477849629,0.0182815634503465,interval,interval
cheia_p4_lp,5,cambio_usd,18,-0.04901813366800901,-0.11982188576456887,0.006284992180605248,-0.20570000585514278,0.04768455120831508,interval,interval
cheia_p4_lp,5,yield_6m,18,-0.0027004481310486366,-0.007607155198869412,0.001257414579857339,-0.013397100610292988,0.004324680856056783,interval,interval
cheia_p4_lp,5,yield_2y,18,-0.0043316278864242,-0.010598187626045802,6.041441192351434e-4,-0.018145256552721093,0.0043325593644441265,interval,interval
cheia_p4_lp,5,ibc_br,18,-0.5975934736166458,-0.9515056366767725,-0.3084305518077221,-1.3644952034017142,-0.08123690291851644,interval,interval
cheia_p4_lp,5,asset_ibov,18,0.5625930731328906,-0.7637285010230166,1.6567955678302282,-2.298404197017801,2.5254128424162503,interval,interval
cheia_p4_lp,5,cds_5y,18,-8.078823851686845,-21.665570489403,2.6516609889055505,-37.99092974396265,10.781066562449729,interval,interval
cheia_p4_lp,5,price_ipca,18,-0.24121641650394574,-0.441812191746763,-0.09358633433877915,-0.6973735358099223,0.009991613950068598,interval,interval
cheia_p4_lp,5,cambio_usd,19,-0.055391735406251606,-0.12774622474791988,7.528808933906785e-4,-0.21599192939570436,0.04248486303808702,interval,interval
cheia_p4_lp,5,yield_6m,19,-0.0033881526078611284,-0.008411866267791899,6.522194971786551e-4,-0.014354912973126426,0.0037735984392079846,interval,interval
cheia_p4_lp,5,yield_2y,19,-0.005128520009966127,-0.011548796754067543,-8.303795231834713e-5,-0.01929577487401754,0.0037190099156404724,interval,interval
cheia_p4_lp,5,ibc_br,19,-0.5930189955162574,-0.9461789780164271,-0.30259579132126446,-1.355964994846696,-0.07283099299524907,interval,interval
cheia_p4_lp,5,asset_ibov,19,0.31959932792356444,-1.0539170026845213,1.4467481794026271,-2.650597332002244,2.3364847511546523,interval,interval
cheia_p4_lp,5,cds_5y,19,-9.7245460946726,-23.62862065432436,1.191742655178072,-40.419499560105315,9.409263848936941,interval,interval
cheia_p4_lp,5,price_ipca,19,-0.25374114842501577,-0.45730575003665147,-0.10327287993300281,-0.7157382245520982,0.0028013313033511786,interval,interval
cheia_p4_lp,5,cambio_usd,20,-0.061315411639221294,-0.13516744642408415,-0.00438866852721919,-0.22574334207597463,0.037620633289283674,interval,interval
cheia_p4_lp,5,yield_6m,20,-0.004044172523110552,-0.00918582899972761,7.670384354862551e-5,-0.015286644960574358,0.003248423281050948,interval,interval
cheia_p4_lp,5,yield_2y,20,-0.005882490113805958,-0.012457329339313285,-7.294096692120013e-4,-0.020408898296162513,0.0031424670389514683,interval,interval
cheia_p4_lp,5,ibc_br,20,-0.5862459250516345,-0.9385264116245257,-0.29460006734012284,-1.3448968279844546,-0.06221881755934555,interval,interval
cheia_p4_lp,5,asset_ibov,20,0.08121215072145736,-1.3363267023805259,1.238701422472144,-2.9913711940552212,2.147541793197926,interval,interval
cheia_p4_lp,5,cds_5y,20,-11.279208455733484,-25.50351439564093,-0.1815039233280758,-42.77271049038318,8.11600745375657,interval,interval
cheia_p4_lp,5,price_ipca,20,-0.2647859247375408,-0.4710485572406062,-0.11169735214321981,-0.7320369119793699,-0.003290295268143598,interval,interval
cheia_p4_lp,5,cambio_usd,21,-0.06672295521079924,-0.1419870561432474,-0.009078031082770135,-0.2347892597164752,0.03316649702385418,interval,interval
cheia_p4_lp,5,yield_6m,21,-0.004665437651224375,-0.009926281473312551,-4.6523776479920115e-4,-0.016189199278945993,0.002754195519388159,interval,interval
cheia_p4_lp,5,yield_2y,21,-0.006589879895446819,-0.013319111487887286,-0.0013311225580198113,-0.021477461016489886,0.002607747196231459,interval,interval
cheia_p4_lp,5,ibc_br,21,-0.57806751815823,-0.9292300032602598,-0.28534973102051137,-1.3318721088668466,-0.05041285393982454,interval,interval
cheia_p4_lp,5,asset_ibov,21,-0.15485655100588686,-1.6176150867173569,1.0326535438111453,-3.334088014542709,1.9593096997235575,interval,interval
cheia_p4_lp,5,cds_5y,21,-12.721469805550974,-27.261142543796158,-1.4470431334105178,-45.004555604929415,6.926848708812997,interval,interval
cheia_p4_lp,5,price_ipca,21,-0.2745684803380439,-0.48326764801566047,-0.11906893367014501,-0.7465056583195863,-0.00848556800779146,interval,interval
cheia_p4_lp,5,cambio_usd,22,-0.0716397183891089,-0.14823239003521657,-0.013343773298372049,-0.2431656243688777,0.029087577799994293,interval,interval
cheia_p4_lp,5,yield_6m,22,-0.005251125767088748,-0.010632569066806059,-9.719384347434506e-4,-0.01706123813087534,0.002293841687457411,interval,interval
cheia_p4_lp,5,yield_2y,22,-0.0072498574269994134,-0.01413303122762981,-0.0018871448094267905,-0.022499479348230645,0.0021163876139251472,interval,interval
cheia_p4_lp,5,ibc_br,22,-0.5684485740208127,-0.9182345265350909,-0.27474501995933803,-1.3167162110176047,-0.03719001961421515,interval,interval
cheia_p4_lp,5,asset_ibov,22,-0.3912244836882296,-1.9004428123328414,0.827497346353102,-3.679622354703126,1.7731062932523336,interval,interval
cheia_p4_lp,5,cds_5y,22,-14.048247788383483,-28.898634633462418,-2.6039522740788246,-47.11550318942149,5.839243991600033,interval,interval
cheia_p4_lp,5,price_ipca,22,-0.2830696175674656,-0.49393572763190613,-0.12535806720392725,-0.7590840409927029,-0.012735096471760502,interval,interval
cheia_p4_lp,5,cambio_usd,23,-0.07615640341035851,-0.15397587894621403,-0.017277347174035576,-0.25090428752312505,0.025302122018431877,interval,interval
cheia_p4_lp,5,yield_6m,23,-0.005800908656653431,-0.011304075997102115,-0.0014424386977475209,-0.01790071126433293,0.0018695233202202857,interval,interval
cheia_p4_lp,5,yield_2y,23,-0.007864322401641942,-0.014900268538879557,-0.0023989351810151274,-0.023473950216557973,0.0016680769235834323,interval,interval
cheia_p4_lp,5,ibc_br,23,-0.5572618894535627,-0.9054185213595388,-0.26271094949377255,-1.2993866130555483,-0.022562710260919897,interval,interval
cheia_p4_lp,5,asset_ibov,23,-0.6215852548009335,-2.1769009863627233,0.6279623533574528,-4.018526495157683,1.5921958180936606,interval,interval
cheia_p4_lp,5,cds_5y,23,-15.280555869335473,-30.434249950191784,-3.672089421703828,-49.116092678560044,4.836833758524516,interval,interval
cheia_p4_lp,5,price_ipca,23,-0.29030632318783345,-0.5030808946549047,-0.13057859025674262,-0.7698211257341074,-0.016054599300561512,interval,interval
cheia_p4_lp,5,cambio_usd,24,-0.0802709460844506,-0.1592040313863077,-0.020873528117804012,-0.2579610252056683,0.02182648074018322,interval,interval
cheia_p4_lp,5,yield_6m,24,-0.006313786637922919,-0.011939237028364427,-0.0018756911033860322,-0.018704736741431804,0.0014827310750790742,interval,interval
cheia_p4_lp,5,yield_2y,24,-0.00843269889317678,-0.015619126580943214,-0.0028660859298977673,-0.024396881315524328,0.0012636612351060138,interval,interval
cheia_p4_lp,5,ibc_br,24,-0.544824360557688,-0.8910468487330637,-0.24962753717935846,-1.2801145303384593,-0.006976401018342096,interval,interval
cheia_p4_lp,5,asset_ibov,24,-0.845169635576388,-2.447515866713153,0.4353715981183669,-4.353480875663078,1.417927255723127,interval,interval
cheia_p4_lp,5,cds_5y,24,-16.41592844296082,-31.861869752607493,-4.648568777674199,-50.991329188374046,3.925315955742188,interval,interval
cheia_p4_lp,5,price_ipca,24,-0.29638853944454563,-0.5108118715091713,-0.13483550533374275,-0.7788159908380736,-0.018541048462033322,interval,interval
cheia_p4_lp,5,cambio_usd,25,-0.08399525300896078,-0.16393046707310935,-0.024142374053905256,-0.2643502422317668,0.018651770104644704,interval,interval
cheia_p4_lp,5,yield_6m,25,-0.006789525849044823,-0.012537086202645228,-0.0022716227682724115,-0.019470921271398024,0.0011337493067272097,interval,interval
cheia_p4_lp,5,yield_2y,25,-0.008954992184836122,-0.016288638891537102,-0.0032890183305566865,-0.02526566431758224,9.026721281904013e-4,interval,interval
cheia_p4_lp,5,ibc_br,25,-0.5312326555580986,-0.8752041369319622,-0.23557385555422766,-1.2589406440040556,0.009530926963464038,interval,interval
cheia_p4_lp,5,asset_ibov,25,-1.0626222565527184,-2.7131068296204486,0.24979707833743542,-4.684780108796589,1.251402755147773,interval,interval
cheia_p4_lp,5,cds_5y,25,-17.45365968288027,-33.179511161916025,-5.533964104621283,-52.737959896188165,3.1028395980562378,interval,interval
cheia_p4_lp,5,price_ipca,25,-0.301359145206113,-0.5171657916251241,-0.13816275405200446,-0.7860805541177498,-0.02021146967323749,interval,interval
cheia_p4_lp,5,cambio_usd,26,-0.08736918960419891,-0.16819247315663716,-0.027120057020361712,-0.27009770359740304,0.015748292230214095,interval,interval
cheia_p4_lp,5,yield_6m,26,-0.007228298253830683,-0.013096938890388635,-0.002630628937449926,-0.02019694807412015,8.223678888845491e-4,interval,interval
cheia_p4_lp,5,yield_2y,26,-0.009432394665769686,-0.016908998753139847,-0.0036692088594696016,-0.02607860958399617,5.838019307333132e-4,interval,interval
cheia_p4_lp,5,ibc_br,26,-0.5164982265753317,-0.8579168497045289,-0.22056680389062383,-1.2359328562920406,0.026925107077389612,interval,interval
cheia_p4_lp,5,asset_ibov,26,-1.2716307923443424,-2.9706373545122187,0.07303430268284256,-5.008442196354883,1.094067413421356,interval,interval
cheia_p4_lp,5,cds_5y,26,-18.402454810688177,-34.39407098342179,-6.337133399669836,-54.35888824746024,2.3613041377493365,interval,interval
cheia_p4_lp,5,price_ipca,26,-0.30525550280161645,-0.5221812020172498,-0.14059337393528468,-0.7916504246403963,-0.021092827929497602,interval,interval
cheia_p4_lp,5,cambio_usd,27,-0.0904041204984739,-0.17200367384884938,-0.02980966047689111,-0.2752101892451957,0.0131233981370438,interval,interval
cheia_p4_lp,5,yield_6m,27,-0.007630151515886956,-0.0136179740923179,-0.0029531259261418308,-0.020880520426219826,5.481295488794125e-4,interval,interval
cheia_p4_lp,5,yield_2y,27,-0.009865461732254307,-0.01747980955725438,-0.004007531754796062,-0.026833585516844224,3.062582562165339e-4,interval,interval
cheia_p4_lp,5,ibc_br,27,-0.5007814413320125,-0.8393355042887448,-0.2047869929601545,-1.2112472278987159,0.04500125087259278,interval,interval
cheia_p4_lp,5,asset_ibov,27,-1.471334500969867,-3.2193771149125876,-0.0941000435969054,-5.324079601294046,0.9465800626060774,interval,interval
cheia_p4_lp,5,cds_5y,27,-19.2642986521646,-35.50621519731609,-7.0594078946246555,-55.85078060408363,1.701038578210491,interval,interval
cheia_p4_lp,5,price_ipca,27,-0.308146257897519,-0.5259265367865495,-0.14219083496995466,-0.7955868927838723,-0.02124027840810447,interval,interval
cheia_p4_lp,5,cambio_usd,28,-0.09311046897078773,-0.17538212825516242,-0.032213777553998964,-0.2797118413429122,0.010781135358100822,interval,interval
cheia_p4_lp,5,yield_6m,28,-0.007995430422118926,-0.014099655714306717,-0.0032399033787482647,-0.021519696283245335,3.1008984785531205e-4,interval,interval
cheia_p4_lp,5,yield_2y,28,-0.01025486255346139,-0.018000912485806708,-0.004305048712788438,-0.027529074600794443,6.88702504196476e-5,interval,interval
cheia_p4_lp,5,ibc_br,28,-0.48418990214074265,-0.8195720856843666,-0.18833086236877736,-1.184995125024227,0.06368175499686894,interval,interval
cheia_p4_lp,5,asset_ibov,28,-1.6617439885550433,-3.4592206951107043,-0.2514794066654626,-5.631147236402632,0.809354082271613,interval,interval
cheia_p4_lp,5,cds_5y,28,-20.040421437936942,-36.51681370798054,-7.701991763698033,-57.213537224110745,1.1209778118298936,interval,interval
cheia_p4_lp,5,price_ipca,28,-0.3100818181354667,-0.5284533751563291,-0.14299614578836492,-0.7979320110587782,-0.020680748108448842,interval,interval
cheia_p4_lp,5,cambio_usd,29,-0.09550889975492596,-0.17835476108170828,-0.03434522973407283,-0.28363255117865876,0.008716192162574299,interval,interval
cheia_p4_lp,5,yield_6m,29,-0.008324724815403401,-0.014541720318533069,-0.0034919713027138093,-0.022112834816834653,1.0710420098717194e-4,interval,interval
cheia_p4_lp,5,yield_2y,29,-0.010601755861824196,-0.01847271594916914,-0.004563225310584936,-0.028164188301109543,-1.298520645354589e-4,interval,interval
cheia_p4_lp,5,ibc_br,29,-0.4667856248175158,-0.7987110153512091,-0.1712485661102753,-1.1572976801553752,0.08292292131786957,interval,interval
cheia_p4_lp,5,asset_ibov,29,-1.8419907105186515,-3.688827912686877,-0.398508435530754,-5.927602515750766,0.6828518494519463,interval,interval
cheia_p4_lp,5,cds_5y,29,-20.735407471034478,-37.42994356642811,-8.269251822351984,-58.449678895457225,0.6172783775625997,interval,interval
cheia_p4_lp,5,price_ipca,29,-0.3111056046901389,-0.5298105587162303,-0.14304422763799662,-0.798736130655221,-0.01943881211373139,interval,interval
cheia_p4_lp,5,cambio_usd,30,-0.0976115195000184,-0.18094210575813555,-0.036205920952082755,-0.2869975747674692,0.006936483186784774,interval,interval
cheia_p4_lp,5,yield_6m,30,-0.008618650694339933,-0.014944021987329354,-0.003710342064439707,-0.022658586632696785,-6.199430488817869e-5,interval,interval
cheia_p4_lp,5,yield_2y,30,-0.01090717887692827,-0.01889564935913593,-0.004783309463478274,-0.02873825407060829,-2.911190622413469e-4,interval,interval
cheia_p4_lp,5,ibc_br,30,-0.44867581045529525,-0.7768748668649208,-0.15364176301495888,-1.1283065269220498,0.10262394355132484,interval,interval
cheia_p4_lp,5,asset_ibov,30,-2.011588800223981,-3.907466783959479,-0.5349167739274057,-6.212439071797922,0.567157161443841,interval,interval
cheia_p4_lp,5,cds_5y,30,-21.352022734516073,-38.24833709067721,-8.763091308146235,-59.56058494386138,0.18925626750864116,interval,interval
cheia_p4_lp,5,price_ipca,30,-0.3112701338740573,-0.5300575919255812,-0.1423783948120423,-0.7980630346966363,-0.017547153415239648,interval,interval
cheia_p4_lp,5,cambio_usd,31,-0.09942815826456126,-0.183164336335066,-0.03779578161593703,-0.28983672755319456,0.0054504443919413895,interval,interval
cheia_p4_lp,5,yield_6m,31,-0.008877957109152389,-0.015306620408600306,-0.003896141170263378,-0.023155946313701083,-1.9849840659647683e-4,interval,interval
cheia_p4_lp,5,yield_2y,31,-0.01117219650847374,-0.019270298531278426,-0.004966549349301946,-0.029251012809357137,-4.161749726169613e-4,interval,interval
cheia_p4_lp,5,ibc_br,31,-0.42995596113596785,-0.7541795974400864,-0.1355887485143301,-1.0981642464616965,0.122723828770437,interval,interval
cheia_p4_lp,5,asset_ibov,31,-2.1704802181461025,-4.11480128950995,-0.6607652331249356,-6.484848645971701,0.46219358378523534,interval,interval
cheia_p4_lp,5,cds_5y,31,-21.89235768422047,-38.97451420751666,-9.184876601367248,-60.54868531706607,-0.16369951899414134,interval,interval
cheia_p4_lp,5,price_ipca,31,-0.31062266211429446,-0.5292512649888589,-0.14103368962698642,-0.7959757079314015,-0.015026928653516649,interval,interval
cheia_p4_lp,5,cambio_usd,32,-0.1009719014830324,-0.1850438256099692,-0.03911889386783769,-0.292180962003727,0.004261758174251979,interval,interval
cheia_p4_lp,5,yield_6m,32,-0.009103525094156554,-0.015629786381495835,-0.004050571116428302,-0.023604227296066402,-3.0373933755854755e-4,interval,interval
cheia_p4_lp,5,yield_2y,32,-0.011398069184348141,-0.019597534787665957,-0.005114327966246264,-0.029702617053347348,-5.063567646251602e-4,interval,interval
cheia_p4_lp,5,ibc_br,32,-0.41070016745202276,-0.730729603242693,-0.11714249109919832,-1.0670179713743795,0.1431859932340036,interval,interval
cheia_p4_lp,5,asset_ibov,32,-2.31838999751317,-4.3101831140002185,-0.7759952023351857,-6.743624575707666,0.36791186533169445,interval,interval
cheia_p4_lp,5,cds_5y,32,-22.35960183818058,-39.611996443121235,-9.537163107930681,-61.417331615465,-0.4434474357565401,interval,interval
cheia_p4_lp,5,price_ipca,32,-0.3092062645651063,-0.5274470465429101,-0.13904046944621257,-0.7925417910184128,-0.011895392577451196,interval,interval
cheia_p4_lp,5,cambio_usd,33,-0.10225321629747049,-0.18660069052005204,-0.040176251179566774,-0.29405928885353594,0.0033778194742842393,interval,interval
cheia_p4_lp,5,yield_6m,33,-0.009296280602829261,-0.01591394198600388,-0.004174816782665134,-0.02400305388969649,-3.7899687917740974e-4,interval,interval
cheia_p4_lp,5,yield_2y,33,-0.011586054463829161,-0.019878349928573274,-0.005227939106957053,-0.030093507705010993,-5.628505121411989e-4,interval,interval
cheia_p4_lp,5,ibc_br,33,-0.3909935555916368,-0.7066397880695579,-0.09836844820301621,-1.0350257523175173,0.1639591193297781,interval,interval
cheia_p4_lp,5,asset_ibov,33,-2.455159477266819,-4.4931548465382205,-0.8806607847395542,-6.987914001484376,0.28410918723852174,interval,interval
cheia_p4_lp,5,cds_5y,33,-22.75647260109059,-40.164053166982455,-9.821762110602856,-62.16977220026187,-0.650803531049481,interval,interval
cheia_p4_lp,5,price_ipca,33,-0.30706591732558725,-0.5247038685183155,-0.13643056662332873,-0.7878355311114716,-0.008171392572746622,interval,interval
cheia_p4_lp,5,cambio_usd,34,-0.10328108128189632,-0.18785384123759094,-0.04096793498015328,-0.29550112410234125,0.0028060843592433186,interval,interval
cheia_p4_lp,5,yield_6m,34,-0.009457213125557485,-0.016159664064494757,-0.004270077169226095,-0.024352348717184204,-4.2554135292582993e-4,interval,interval
cheia_p4_lp,5,yield_2y,34,-0.011737419286197861,-0.02011385254015449,-0.005308638335047249,-0.03042442689058391,-5.867912072399937e-4,interval,interval
cheia_p4_lp,5,ibc_br,34,-0.37091775884036116,-0.6820235906815613,-0.0793242530083614,-1.0023435604330293,0.1850057089849526,interval,interval
cheia_p4_lp,5,asset_ibov,34,-2.580828999700214,-4.663478527052285,-0.9749636029482531,-7.217061816850815,0.2105025716135773,interval,interval
cheia_p4_lp,5,cds_5y,34,-23.085317399198,-40.63379540893327,-10.040144488314938,-62.809646804648544,-0.7863858919503512,interval,interval
cheia_p4_lp,5,price_ipca,34,-0.3042445602925241,-0.521080427453622,-0.13323225010884865,-0.7819331749813434,-0.0038687627268613905,interval,interval
cheia_p4_lp,5,cambio_usd,35,-0.10406532094302406,-0.18882197182735722,-0.04149605261303323,-0.2965350436224308,0.0025510205325192077,interval,interval
cheia_p4_lp,5,yield_6m,35,-0.009587376792166239,-0.016367678104235058,-0.004337561528960528,-0.02465230423377976,-4.4461713480647454e-4,interval,interval
cheia_p4_lp,5,yield_2y,35,-0.011853503759849815,-0.02030530132916315,-0.005357712751980718,-0.030696391063448892,-5.793225235676048e-4,interval,interval
cheia_p4_lp,5,ibc_br,35,-0.3505440764298065,-0.6569886658659365,-0.060054667124216754,-0.9691279825240134,0.20630176035547632,interval,interval
cheia_p4_lp,5,asset_ibov,35,-2.695411653239321,-4.820890446806813,-1.0590765175929708,-7.430388940010528,0.14683958420628557,interval,interval
cheia_p4_lp,5,cds_5y,35,-23.34880332446567,-41.02457534210967,-10.194237944906753,-63.34087207205258,-0.8514019199173692,interval,interval
cheia_p4_lp,5,price_ipca,35,-0.30078271914238713,-0.5166345830794828,-0.1294709502522793,-0.7749133180054374,0.0010013782998823616,interval,interval
cheia_p4_lp,5,cambio_usd,36,-0.10461490442367533,-0.18952238958504974,-0.041762400534476773,-0.2971879565766576,0.0026170891359125373,interval,interval
cheia_p4_lp,5,yield_6m,36,-0.009687855488946009,-0.016538830677651536,-0.004378452134723773,-0.02490336887151872,-4.3740599053711856e-4,interval,interval
cheia_p4_lp,5,yield_2y,36,-0.011935657879864375,-0.02045405246263639,-0.005376405294066683,-0.0309106461884404,-5.415081080907638e-4,interval,interval
cheia_p4_lp,5,ibc_br,36,-0.3299443586540933,-0.6316437974671868,-0.040605188292294266,-0.9355378302542566,0.22782144167696036,interval,interval
cheia_p4_lp,5,asset_ibov,36,-2.7989693715294797,-4.9652214972125,-1.1332076477047326,-7.627396489749823,0.09282582742899038,interval,interval
cheia_p4_lp,5,cds_5y,36,-23.549470169086476,-41.339671026250066,-10.285798982506888,-63.7673790983073,-0.8468258902780165,interval,interval
cheia_p4_lp,5,price_ipca,36,-0.2967206552086224,-0.5114247243632851,-0.1251718626208894,-0.7668570980279056,0.0064277978834248696,interval,interval
cheia_p4_lp,5,cambio_usd,37,-0.10493802906261568,-0.18997114201740542,-0.04176886517539078,-0.2974857793444375,0.003007855752559014,interval,interval
cheia_p4_lp,5,yield_6m,37,-0.009759760704422138,-0.01667407708140129,-0.004393912160353281,-0.025106225313083406,-4.050438296435345e-4,interval,interval
cheia_p4_lp,5,yield_2y,37,-0.011985231628667216,-0.020561540380451996,-0.005365922267530846,-0.031068651254907268,-4.743597912236584e-4,interval,interval
cheia_p4_lp,5,ibc_br,37,-0.3091878900604058,-0.6060956583600227,-0.02101752754923207,-0.9017291191906617,0.2495442212953311,interval,interval
cheia_p4_lp,5,asset_ibov,37,-2.8916576880422036,-5.096428265105275,-1.197625349066354,-7.807739949079965,0.048138972722699326,interval,interval
cheia_p4_lp,5,cds_5y,37,-23.689677029420878,-41.58225124143805,-10.316445702880904,-64.09324011492528,-0.7735695546688057,interval,interval
cheia_p4_lp,5,price_ipca,37,-0.29209736271912273,-0.5055087046803044,-0.12035857839549562,-0.757846509509802,0.01240112875724817,interval,interval
cheia_p4_lp,5,cambio_usd,38,-0.10504303290607134,-0.19018334746979446,-0.04151869631997053,-0.2974529260880538,0.003724511167727301,interval,interval
cheia_p4_lp,5,yield_6m,38,-0.009804230122653466,-0.01677447053867263,-0.004385088236455251,-0.025261764048384545,-3.486233300266108e-4,interval,interval
cheia_p4_lp,5,yield_2y,38,-0.012003596092510971,-0.020629278807799297,-0.005327465830384573,-0.031172049330625583,-3.788749520556887e-4,interval,interval
cheia_p4_lp,5,ibc_br,38,-0.2883381448378862,-0.5804463490731665,-0.0013269745120969626,-0.8678547002616216,0.27145559766869803,interval,interval
cheia_p4_lp,5,asset_ibov,38,-2.973648294786304,-5.214511552801753,-1.2525904594510473,-7.971151539940795,0.012484163575490653,interval,interval
cheia_p4_lp,5,cds_5y,38,-23.771853157661123,-41.75548825733076,-10.28799406986454,-64.32258267099265,-0.6328658511061435,interval,interval
cheia_p4_lp,5,price_ipca,38,-0.28695024970103905,-0.4989432678037486,-0.11505325035928718,-0.7479638754988179,0.01891308853981258,interval,interval
cheia_p4_lp,5,cambio_usd,39,-0.1049379567307491,-0.19017293838787935,-0.041015806752334606,-0.2971120932154937,0.004766845745579224,interval,interval
cheia_p4_lp,5,yield_6m,39,-0.009822412963642566,-0.016841146191406572,-0.004353097414248647,-0.025371066635414496,-2.691824229816495e-4,interval,interval
cheia_p4_lp,5,yield_2y,39,-0.011992123138544879,-0.020658839969944515,-0.005262211166968884,-0.031222642534870514,-2.560094271021376e-4,interval,interval
cheia_p4_lp,5,ibc_br,39,-0.26745625926002525,-0.5547952734324457,0.01843280133348204,-0.8340641800830353,0.29354111164645175,interval,interval
cheia_p4_lp,5,asset_ibov,39,-3.045140314105961,-5.319537305630678,-1.2983711295546492,-8.117487802534178,-0.014432083255728088,interval,interval
cheia_p4_lp,5,cds_5y,39,-23.798382736644413,-41.86248582002886,-10.202270214836929,-64.4595158745329,-0.4259990021081462,interval,interval
cheia_p4_lp,5,price_ipca,39,-0.2813158780454673,-0.4917842908310842,-0.10927773206590492,-0.7372914753745001,0.025955006693631856,interval,interval
cheia_p4_lp,5,cambio_usd,40,-0.10463049304257119,-0.1899526854696032,-0.04026476858261488,-0.29648450326081915,0.0061331213771967244,interval,interval
cheia_p4_lp,5,yield_6m,40,-0.009815465104453617,-0.016875308780166697,-0.004299029103118397,-0.025435385751016334,-1.677120669718636e-4,interval,interval
cheia_p4_lp,5,yield_2y,40,-0.011952176751655687,-0.020651839724434597,-0.005171305956936325,-0.031222374000855126,-1.0668567996330914e-4,interval,interval
cheia_p4_lp,5,ibc_br,40,-0.24660064143137175,-0.5292381032081378,0.03823017197405543,-0.800501481309602,0.3157873038108341,interval,interval
cheia_p4_lp,5,asset_ibov,40,-3.106378294887865,-5.411648150163567,-1.335256694939036,-8.24672116915073,-0.03290534868606851,interval,interval
cheia_p4_lp,5,cds_5y,40,-23.771561502241227,-41.90625560612013,-10.061081232123996,-64.50817021109275,-0.1543095208921008,interval,interval
cheia_p4_lp,5,price_ipca,40,-0.27522974855747984,-0.4840864010396163,-0.10305333422062184,-0.7259107259867517,0.03351819732009241,interval,interval
cheia_p4_lp,5,cambio_usd,41,-0.10412832810292129,-0.18953432271009793,-0.03927130462950093,-0.2955897127048802,0.007819456921773037,interval,interval
cheia_p4_lp,5,yield_6m,41,-0.009784546774149446,-0.016878222129149016,-0.004223948022749149,-0.025456123190706833,-4.516221218166145e-5,interval,interval
cheia_p4_lp,5,yield_2y,41,-0.011885118758636425,-0.020609930561911637,-0.0050558849434807155,-0.031173303821545668,6.818670695745333e-5,interval,interval
cheia_p4_lp,5,ibc_br,41,-0.22582569109709294,-0.5038654273149277,0.05803635846948338,-0.7673037067696309,0.33818158354475053,interval,interval
cheia_p4_lp,5,asset_ibov,41,-3.1576256333141033,-5.49103525876898,-1.3635327596777382,-8.358910642723659,-0.0432098871039766,interval,interval
cheia_p4_lp,5,cds_5y,41,-23.693683689055632,-41.88974456663892,-9.866345961477831,-64.47264639161514,0.1806417471239133,interval,interval
cheia_p4_lp,5,price_ipca,41,-0.2687261532868985,-0.47590261234692627,-0.0964009277057102,-0.7139016236831892,0.041593561773885804,interval,interval
cheia_p4_lp,5,cambio_usd,42,-0.10343905358564819,-0.1889285360328413,-0.03804207512570722,-0.294445573495573,0.00982015205984095,interval,interval
cheia_p4_lp,5,yield_6m,42,-0.009730815907411641,-0.016851198088190283,-0.0041288907875334045,-0.025434813100213702,9.755929294104815e-5,interval,interval
cheia_p4_lp,5,yield_2y,42,-0.011792301943525405,-0.02053479016852842,-0.0049170649146425445,-0.031077589560553384,2.6771570976367553e-4,interval,interval
cheia_p4_lp,5,ibc_br,42,-0.2051828805742992,-0.4787630266411479,0.07782359554936938,-0.7346004672535144,0.36070959473765396,interval,interval
cheia_p4_lp,5,asset_ibov,42,-3.199162402541199,-5.557936977429005,-1.383483135615147,-8.454207821979658,-0.0456072508380335,interval,interval
cheia_p4_lp,5,cds_5y,42,-23.5670173966508,-41.8158201652924,-9.620044930568355,-64.3569853666363,0.577153083010087,interval,interval
cheia_p4_lp,5,price_ipca,42,-0.26183843301570375,-0.4672842580964484,-0.08934148107474418,-0.7013422698669739,0.05017077219168627,interval,interval
cheia_p4_lp,5,cambio_usd,43,-0.1025701316808469,-0.18814501252095003,-0.03658459282758737,-0.293068369472356,0.012127761432322144,interval,interval
cheia_p4_lp,5,yield_6m,43,-0.009655424391257786,-0.016795586649926735,-0.004014867112311522,-0.025373104716151798,2.595814782779573e-4,interval,interval
cheia_p4_lp,5,yield_2y,43,-0.01167506497569099,-0.020428110987814874,-0.004755944452133811,-0.03093746967646737,4.910225419399949e-4,interval,interval
cheia_p4_lp,5,ibc_br,43,-0.18472087935090317,-0.4540113904013762,0.09756469289882415,-0.7025124430674711,0.38335466627180237,interval,interval
cheia_p4_lp,5,asset_ibov,43,-3.2312909572280697,-5.612639865910761,-1.395396637728123,-8.532849332887157,-0.04035201402376399,interval,interval
cheia_p4_lp,5,cds_5y,43,-23.39378335722267,-41.687261972719526,-9.324195239862135,-64.16518023963815,1.0334016646142452,interval,interval
cheia_p4_lp,5,price_ipca,43,-0.25459895729154447,-0.45828078945218437,-0.0818961267574174,-0.6883083279385134,0.05923813777528436,interval,interval
cheia_p4_lp,5,cambio_usd,44,-0.10152901895740972,-0.1871925259070353,-0.034907360324861476,-0.29147279275446003,0.014732919752146674,interval,interval
cheia_p4_lp,5,yield_6m,44,-0.009559516009541372,-0.016712767122777944,-0.0038828624345231566,-0.025272744270277994,4.400643694383828e-4,interval,interval
cheia_p4_lp,5,yield_2y,44,-0.011534733260831983,-0.020291592528770618,-0.004573610885202055,-0.030755244094486114,7.372299656575386e-4,interval,interval
cheia_p4_lp,5,ibc_br,44,-0.16448513114566024,-0.4296849591662908,0.11723303687337464,-0.6711503184480337,0.40609725491887466,interval,interval
cheia_p4_lp,5,asset_ibov,44,-3.254326364938709,-5.655467307304061,-1.3995585830794344,-8.595142852735584,-0.027683692534398046,interval,interval
cheia_p4_lp,5,cds_5y,44,-23.17618380984676,-41.506767585645775,-8.980896374757956,-63.90114873394155,1.5473815683401573,interval,interval
cheia_p4_lp,5,price_ipca,44,-0.2470390742594258,-0.4489395532338418,-0.07408626519963843,-0.6748725581438941,0.06878230842034917,interval,interval
cheia_p4_lp,5,cambio_usd,45,-0.10032315910558547,-0.18607899830322489,-0.03301976606215657,-0.2896719904390733,0.01762451033144627,interval,interval
cheia_p4_lp,5,yield_6m,45,-0.009444223177575964,-0.016604139739611536,-0.0037338382060292997,-0.025135559452814,6.381960521076776e-4,interval,interval
cheia_p4_lp,5,yield_2y,45,-0.011372616296390343,-0.020126933290854125,-0.004371140772686711,-0.030533257314178903,0.0010054596031138967,interval,interval
cheia_p4_lp,5,ibc_br,45,-0.14451820913842114,-0.40585199802424277,0.1368017714893992,-0.6406141293178483,0.42891365340539733,interval,interval
cheia_p4_lp,5,asset_ibov,45,-3.2685930017167166,-5.6867747302032345,-1.3962503069812378,-8.64146321200097,-0.007829820091650862,interval,interval
cheia_p4_lp,5,cds_5y,45,-22.916399435243907,-41.276950543834204,-8.592317607925589,-63.56871592636734,2.1169257181695893,interval,interval
cheia_p4_lp,5,price_ipca,45,-0.23918920552460918,-0.4393056785976393,-0.06593383450091973,-0.6611044011443953,0.0787877978298344,interval,interval
cheia_p4_lp,5,cambio_usd,46,-0.0989599667185121,-0.18481157732570705,-0.030931978659243364,-0.28767769219683365,0.02078981009380482,interval,interval
cheia_p4_lp,5,yield_6m,46,-0.009310664573992575,-0.01647111788573929,-0.003568733494078966,-0.024963444312664455,8.531878602781511e-4,interval,interval
cheia_p4_lp,5,yield_2y,46,-0.011190004991000362,-0.019935823093630865,-0.004149600806263628,-0.030273883342659277,0.0012948276713032989,interval,interval
cheia_p4_lp,5,ibc_br,46,-0.12485997551957552,-0.3825743506838313,0.1562433653315575,-0.6109925055560429,0.451775423981616,interval,interval
cheia_p4_lp,5,asset_ibov,46,-3.274425489630888,-5.706947085100884,-1.385752325895425,-8.672245100315955,0.018989664491077148,interval,interval
cheia_p4_lp,5,cds_5y,46,-22.616580578799244,-41.00033899124967,-8.160682363245796,-63.17161568433677,2.739722636045678,interval,interval
cheia_p4_lp,5,price_ipca,46,-0.2310788644027194,-0.4294219559245888,-0.057461413620428274,-0.6470695905386369,0.08923677005775611,interval,interval
cheia_p4_lp,5,cambio_usd,47,-0.097446868482521,-0.183396723774611,-0.02865492851767598,-0.28550028457846,0.02421453216744626,interval,interval
cheia_p4_lp,5,yield_6m,47,-0.009159943659669201,-0.01631512094978031,-0.0033884674159179503,-0.024758344024983385,0.001084268886763754,interval,interval
cheia_p4_lp,5,yield_2y,47,-0.010988171255423854,-0.019719936471788324,-0.003910051637754741,-0.029979509699095255,0.001604437387057072,interval,interval
cheia_p4_lp,5,ibc_br,47,-0.10554748905830943,-0.35990709490012823,0.17552945338346607,-0.5823621188325552,0.4746490370820356,interval,interval
cheia_p4_lp,5,asset_ibov,47,-3.2721648472937104,-5.716392897530296,-1.3683418585119131,-8.68797427173927,0.052564133934122764,interval,interval
cheia_p4_lp,5,cds_5y,47,-22.278856206980223,-40.67937785733186,-7.688280405545071,-62.71347680769417,3.413298375853276,interval,interval
cheia_p4_lp,5,price_ipca,47,-0.22273664632494936,-0.41932871787444204,-0.04869229362626578,-0.6328298256010114,0.10010884174486899,interval,interval
cheia_p4_lp,5,cambio_usd,48,-0.0957913059069666,-0.1818402962142175,-0.026200211738839796,-0.2831489138974935,0.027882988939925128,interval,interval
cheia_p4_lp,5,yield_6m,48,-0.0089931469646673,-0.016137567678020336,-0.00319394077327089,-0.024522240965243747,0.0013306816166263713,interval,interval
cheia_p4_lp,5,yield_2y,48,-0.010768366764390233,-0.01948092647361382,-0.0036535496256402764,-0.02965252281225815,0.0019333744973916095,interval,interval
cheia_p4_lp,5,ibc_br,48,-0.08661515289760267,-0.33789848735740746,0.19463050305105756,-0.5547874928696545,0.4974954507355662,interval,interval
cheia_p4_lp,5,asset_ibov,48,-3.2621560238938785,-5.715539959487054,-1.3442924528082492,-8.689181892860312,0.09269058355347859,interval,interval
cheia_p4_lp,5,cds_5y,48,-21.905334386705334,-40.31643010908539,-7.177462345727278,-62.1978130636498,4.1350257267262265,interval,interval
cheia_p4_lp,5,price_ipca,48,-0.2141902675836396,-0.40906377367085534,-0.039650591380815,-0.6184425013124667,0.11138084888751003,interval,interval
cheia_p4_lp,4,cambio_usd,0,0.1990580654824396,NA,NA,NA,NA,NA,NA
cheia_p4_lp,4,yield_6m,0,0.005,NA,NA,NA,NA,NA,NA
cheia_p4_lp,4,yield_2y,0,0.008045381718520877,NA,NA,NA,NA,NA,NA
cheia_p4_lp,4,ibc_br,0,-1.0128536825755068,NA,NA,NA,NA,NA,NA
cheia_p4_lp,4,asset_ibov,0,-1.72890491174244,NA,NA,NA,NA,NA,NA
cheia_p4_lp,4,cds_5y,0,41.10350084359539,NA,NA,NA,NA,NA,NA
cheia_p4_lp,4,price_ipca,0,-0.054327043590279275,NA,NA,NA,NA,NA,NA
cheia_p4_lp,4,cambio_usd,1,0.24362085926399593,NA,NA,NA,NA,NA,NA
cheia_p4_lp,4,yield_6m,1,0.005893869098770675,NA,NA,NA,NA,NA,NA
cheia_p4_lp,4,yield_2y,1,0.009823019924051475,NA,NA,NA,NA,NA,NA
cheia_p4_lp,4,ibc_br,1,-0.7540817644588061,NA,NA,NA,NA,NA,NA
cheia_p4_lp,4,asset_ibov,1,-1.2684914776498708,NA,NA,NA,NA,NA,NA
cheia_p4_lp,4,cds_5y,1,45.1931327988308,NA,NA,NA,NA,NA,NA
cheia_p4_lp,4,price_ipca,1,0.020726993142999414,NA,NA,NA,NA,NA,NA
cheia_p4_lp,4,cambio_usd,2,0.22131108971343202,NA,NA,NA,NA,NA,NA
cheia_p4_lp,4,yield_6m,2,0.006331647907664993,NA,NA,NA,NA,NA,NA
cheia_p4_lp,4,yield_2y,2,0.009288628440405254,NA,NA,NA,NA,NA,NA
cheia_p4_lp,4,ibc_br,2,-0.5237728303318141,NA,NA,NA,NA,NA,NA
cheia_p4_lp,4,asset_ibov,2,3.171001480125377,NA,NA,NA,NA,NA,NA
cheia_p4_lp,4,cds_5y,2,33.968646993481144,NA,NA,NA,NA,NA,NA
cheia_p4_lp,4,price_ipca,2,-0.009404936086576872,NA,NA,NA,NA,NA,NA
cheia_p4_lp,4,cambio_usd,3,0.24149943673872648,NA,NA,NA,NA,NA,NA
cheia_p4_lp,4,yield_6m,3,0.007040818369175349,NA,NA,NA,NA,NA,NA
cheia_p4_lp,4,yield_2y,3,0.010677624139208204,NA,NA,NA,NA,NA,NA
cheia_p4_lp,4,ibc_br,3,-0.6727110582375228,NA,NA,NA,NA,NA,NA
cheia_p4_lp,4,asset_ibov,3,1.4443990249986276,NA,NA,NA,NA,NA,NA
cheia_p4_lp,4,cds_5y,3,41.940763758288604,NA,NA,NA,NA,NA,NA
cheia_p4_lp,4,price_ipca,3,0.043310141997684674,NA,NA,NA,NA,NA,NA
cheia_p4_lp,4,cambio_usd,4,0.2312090614869509,NA,NA,NA,NA,NA,NA
cheia_p4_lp,4,yield_6m,4,0.006948830186305183,NA,NA,NA,NA,NA,NA
cheia_p4_lp,4,yield_2y,4,0.010645194888855384,NA,NA,NA,NA,NA,NA
cheia_p4_lp,4,ibc_br,4,-0.6279040616173553,NA,NA,NA,NA,NA,NA
cheia_p4_lp,4,asset_ibov,4,0.9180939558492249,NA,NA,NA,NA,NA,NA
cheia_p4_lp,4,cds_5y,4,41.55906952339388,NA,NA,NA,NA,NA,NA
cheia_p4_lp,4,price_ipca,4,0.09160257708166622,NA,NA,NA,NA,NA,NA
cheia_p4_lp,4,cambio_usd,5,0.19832262625640418,NA,NA,NA,NA,NA,NA
cheia_p4_lp,4,yield_6m,5,0.006612890138095746,NA,NA,NA,NA,NA,NA
cheia_p4_lp,4,yield_2y,5,0.009581494678159093,NA,NA,NA,NA,NA,NA
cheia_p4_lp,4,ibc_br,5,-0.5399758315576884,NA,NA,NA,NA,NA,NA
cheia_p4_lp,4,asset_ibov,5,2.662566685629971,NA,NA,NA,NA,NA,NA
cheia_p4_lp,4,cds_5y,5,33.72684564197255,NA,NA,NA,NA,NA,NA
cheia_p4_lp,4,price_ipca,5,0.08886890410759084,NA,NA,NA,NA,NA,NA
cheia_p4_lp,4,cambio_usd,6,0.1900124309054418,NA,NA,NA,NA,NA,NA
cheia_p4_lp,4,yield_6m,6,0.006448598323184722,NA,NA,NA,NA,NA,NA
cheia_p4_lp,4,yield_2y,6,0.009275053987344736,NA,NA,NA,NA,NA,NA
cheia_p4_lp,4,ibc_br,6,-0.5881783044288538,NA,NA,NA,NA,NA,NA
cheia_p4_lp,4,asset_ibov,6,2.411738874115733,NA,NA,NA,NA,NA,NA
cheia_p4_lp,4,cds_5y,6,33.25300340077801,NA,NA,NA,NA,NA,NA
cheia_p4_lp,4,price_ipca,6,0.07544542044043771,NA,NA,NA,NA,NA,NA
cheia_p4_lp,4,cambio_usd,7,0.17501655368189523,NA,NA,NA,NA,NA,NA
cheia_p4_lp,4,yield_6m,7,0.0060815018767483575,NA,NA,NA,NA,NA,NA
cheia_p4_lp,4,yield_2y,7,0.008736810462458361,NA,NA,NA,NA,NA,NA
cheia_p4_lp,4,ibc_br,7,-0.5934117655884151,NA,NA,NA,NA,NA,NA
cheia_p4_lp,4,asset_ibov,7,2.020084018625854,NA,NA,NA,NA,NA,NA
cheia_p4_lp,4,cds_5y,7,31.71602428520932,NA,NA,NA,NA,NA,NA
cheia_p4_lp,4,price_ipca,7,0.07942755767327955,NA,NA,NA,NA,NA,NA
cheia_p4_lp,4,cambio_usd,8,0.1519252183273944,NA,NA,NA,NA,NA,NA
cheia_p4_lp,4,yield_6m,8,0.005603049860417113,NA,NA,NA,NA,NA,NA
cheia_p4_lp,4,yield_2y,8,0.007801807255789244,NA,NA,NA,NA,NA,NA
cheia_p4_lp,4,ibc_br,8,-0.567464954236983,NA,NA,NA,NA,NA,NA
cheia_p4_lp,4,asset_ibov,8,2.5634676919520656,NA,NA,NA,NA,NA,NA
cheia_p4_lp,4,cds_5y,8,27.159071846552578,NA,NA,NA,NA,NA,NA
cheia_p4_lp,4,price_ipca,8,0.06865609174437076,NA,NA,NA,NA,NA,NA
cheia_p4_lp,4,cambio_usd,9,0.1385689694505231,NA,NA,NA,NA,NA,NA
cheia_p4_lp,4,yield_6m,9,0.0051943187925768755,NA,NA,NA,NA,NA,NA
cheia_p4_lp,4,yield_2y,9,0.007120784011957958,NA,NA,NA,NA,NA,NA
cheia_p4_lp,4,ibc_br,9,-0.5861457968423742,NA,NA,NA,NA,NA,NA
cheia_p4_lp,4,asset_ibov,9,2.5489466161899745,NA,NA,NA,NA,NA,NA
cheia_p4_lp,4,cds_5y,9,25.00383291369144,NA,NA,NA,NA,NA,NA
cheia_p4_lp,4,price_ipca,9,0.04737017040313009,NA,NA,NA,NA,NA,NA
cheia_p4_lp,4,cambio_usd,10,0.12628258610253784,NA,NA,NA,NA,NA,NA
cheia_p4_lp,4,yield_6m,10,0.004744148645229879,NA,NA,NA,NA,NA,NA
cheia_p4_lp,4,yield_2y,10,0.0064649044133371835,NA,NA,NA,NA,NA,NA
cheia_p4_lp,4,ibc_br,10,-0.5971994094002886,NA,NA,NA,NA,NA,NA
cheia_p4_lp,4,asset_ibov,10,2.294017723888945,NA,NA,NA,NA,NA,NA
cheia_p4_lp,4,cds_5y,10,23.282372555235426,NA,NA,NA,NA,NA,NA
cheia_p4_lp,4,price_ipca,10,0.03241145415142615,NA,NA,NA,NA,NA,NA
cheia_p4_lp,4,cambio_usd,11,0.11145586437364466,NA,NA,NA,NA,NA,NA
cheia_p4_lp,4,yield_6m,11,0.004249430884866124,NA,NA,NA,NA,NA,NA
cheia_p4_lp,4,yield_2y,11,0.005678213043489556,NA,NA,NA,NA,NA,NA
cheia_p4_lp,4,ibc_br,11,-0.5932368046313612,NA,NA,NA,NA,NA,NA
cheia_p4_lp,4,asset_ibov,11,2.3709567421194078,NA,NA,NA,NA,NA,NA
cheia_p4_lp,4,cds_5y,11,20.50698091502448,NA,NA,NA,NA,NA,NA
cheia_p4_lp,4,price_ipca,11,0.015363268608274375,NA,NA,NA,NA,NA,NA
cheia_p4_lp,4,cambio_usd,12,0.09996524446931311,NA,NA,NA,NA,NA,NA
cheia_p4_lp,4,yield_6m,12,0.003774700812010883,NA,NA,NA,NA,NA,NA
cheia_p4_lp,4,yield_2y,12,0.004964083146286223,NA,NA,NA,NA,NA,NA
cheia_p4_lp,4,ibc_br,12,-0.6022066305652404,NA,NA,NA,NA,NA,NA
cheia_p4_lp,4,asset_ibov,12,2.3280287893987186,NA,NA,NA,NA,NA,NA
cheia_p4_lp,4,cds_5y,12,18.40307505878168,NA,NA,NA,NA,NA,NA
cheia_p4_lp,4,price_ipca,12,-0.005855851703577375,NA,NA,NA,NA,NA,NA
cheia_p4_lp,4,cambio_usd,13,0.08980775335074805,NA,NA,NA,NA,NA,NA
cheia_p4_lp,4,yield_6m,13,0.0032883158245775434,NA,NA,NA,NA,NA,NA
cheia_p4_lp,4,yield_2y,13,0.00428348556688668,NA,NA,NA,NA,NA,NA
cheia_p4_lp,4,ibc_br,13,-0.6102021934490496,NA,NA,NA,NA,NA,NA
cheia_p4_lp,4,asset_ibov,13,2.14852283686881,NA,NA,NA,NA,NA,NA
cheia_p4_lp,4,cds_5y,13,16.663477854017604,NA,NA,NA,NA,NA,NA
cheia_p4_lp,4,price_ipca,13,-0.024638903973306172,NA,NA,NA,NA,NA,NA
cheia_p4_lp,4,cambio_usd,14,0.07890200260917436,NA,NA,NA,NA,NA,NA
cheia_p4_lp,4,yield_6m,14,0.0027802903499919472,NA,NA,NA,NA,NA,NA
cheia_p4_lp,4,yield_2y,14,0.0035615087607751388,NA,NA,NA,NA,NA,NA
cheia_p4_lp,4,ibc_br,14,-0.6114562697003009,NA,NA,NA,NA,NA,NA
cheia_p4_lp,4,asset_ibov,14,2.0636973249588015,NA,NA,NA,NA,NA,NA
cheia_p4_lp,4,cds_5y,14,14.596905817673326,NA,NA,NA,NA,NA,NA
cheia_p4_lp,4,price_ipca,14,-0.04235710625502188,NA,NA,NA,NA,NA,NA
cheia_p4_lp,4,cambio_usd,15,0.06905444124512297,NA,NA,NA,NA,NA,NA
cheia_p4_lp,4,yield_6m,15,0.002273723008965742,NA,NA,NA,NA,NA,NA
cheia_p4_lp,4,yield_2y,15,0.002856828069109709,NA,NA,NA,NA,NA,NA
cheia_p4_lp,4,ibc_br,15,-0.6156189573884375,NA,NA,NA,NA,NA,NA
cheia_p4_lp,4,asset_ibov,15,1.9603620653785205,NA,NA,NA,NA,NA,NA
cheia_p4_lp,4,cds_5y,15,12.695421522133195,NA,NA,NA,NA,NA,NA
cheia_p4_lp,4,price_ipca,15,-0.060888498872024716,NA,NA,NA,NA,NA,NA
cheia_p4_lp,4,cambio_usd,16,0.059992890299668665,NA,NA,NA,NA,NA,NA
cheia_p4_lp,4,yield_6m,16,0.0017623632861202589,NA,NA,NA,NA,NA,NA
cheia_p4_lp,4,yield_2y,16,0.002170529170725948,NA,NA,NA,NA,NA,NA
cheia_p4_lp,4,ibc_br,16,-0.6195017616454431,NA,NA,NA,NA,NA,NA
cheia_p4_lp,4,asset_ibov,16,1.7968081335797388,NA,NA,NA,NA,NA,NA
cheia_p4_lp,4,cds_5y,16,10.978195879986563,NA,NA,NA,NA,NA,NA
cheia_p4_lp,4,price_ipca,16,-0.07827309606259025,NA,NA,NA,NA,NA,NA
cheia_p4_lp,4,cambio_usd,17,0.05084055328698169,NA,NA,NA,NA,NA,NA
cheia_p4_lp,4,yield_6m,17,0.0012418832873915297,NA,NA,NA,NA,NA,NA
cheia_p4_lp,4,yield_2y,17,0.0014751103256549969,NA,NA,NA,NA,NA,NA
cheia_p4_lp,4,ibc_br,17,-0.6202316521416072,NA,NA,NA,NA,NA,NA
cheia_p4_lp,4,asset_ibov,17,1.653226992600723,NA,NA,NA,NA,NA,NA
cheia_p4_lp,4,cds_5y,17,9.184246604294335,NA,NA,NA,NA,NA,NA
cheia_p4_lp,4,price_ipca,17,-0.09444731028121861,NA,NA,NA,NA,NA,NA
cheia_p4_lp,4,cambio_usd,18,0.042102278577830575,NA,NA,NA,NA,NA,NA
cheia_p4_lp,4,yield_6m,18,7.213022002576078e-4,NA,NA,NA,NA,NA,NA
cheia_p4_lp,4,yield_2y,18,7.872172786141543e-4,NA,NA,NA,NA,NA,NA
cheia_p4_lp,4,ibc_br,18,-0.6209144920692892,NA,NA,NA,NA,NA,NA
cheia_p4_lp,4,asset_ibov,18,1.508061833484138,NA,NA,NA,NA,NA,NA
cheia_p4_lp,4,cds_5y,18,7.439431661292052,NA,NA,NA,NA,NA,NA
cheia_p4_lp,4,price_ipca,18,-0.11027017719463982,NA,NA,NA,NA,NA,NA
cheia_p4_lp,4,cambio_usd,19,0.0338297051231758,NA,NA,NA,NA,NA,NA
cheia_p4_lp,4,yield_6m,19,2.0137785489700183e-4,NA,NA,NA,NA,NA,NA
cheia_p4_lp,4,yield_2y,19,1.1268310600786571e-4,NA,NA,NA,NA,NA,NA
cheia_p4_lp,4,ibc_br,19,-0.6210281187539012,NA,NA,NA,NA,NA,NA
cheia_p4_lp,4,asset_ibov,19,1.3388914064969897,NA,NA,NA,NA,NA,NA
cheia_p4_lp,4,cds_5y,19,5.787961065565545,NA,NA,NA,NA,NA,NA
cheia_p4_lp,4,price_ipca,19,-0.1252855644181237,NA,NA,NA,NA,NA,NA
cheia_p4_lp,4,cambio_usd,20,0.02571324774449636,NA,NA,NA,NA,NA,NA
cheia_p4_lp,4,yield_6m,20,-3.183303927845249e-4,NA,NA,NA,NA,NA,NA
cheia_p4_lp,4,yield_2y,20,-5.562598924723114e-4,NA,NA,NA,NA,NA,NA
cheia_p4_lp,4,ibc_br,20,-0.6193721454897994,NA,NA,NA,NA,NA,NA
cheia_p4_lp,4,asset_ibov,20,1.170885055541816,NA,NA,NA,NA,NA,NA
cheia_p4_lp,4,cds_5y,20,4.144554527242664,NA,NA,NA,NA,NA,NA
cheia_p4_lp,4,price_ipca,20,-0.13932904312936378,NA,NA,NA,NA,NA,NA
cheia_p4_lp,4,cambio_usd,21,0.01788290228393523,NA,NA,NA,NA,NA,NA
cheia_p4_lp,4,yield_6m,21,-8.335160382368299e-4,NA,NA,NA,NA,NA,NA
cheia_p4_lp,4,yield_2y,21,-0.0012141400125211873,NA,NA,NA,NA,NA,NA
cheia_p4_lp,4,ibc_br,21,-0.616885767381861,NA,NA,NA,NA,NA,NA
cheia_p4_lp,4,asset_ibov,21,1.0027612767459713,NA,NA,NA,NA,NA,NA
cheia_p4_lp,4,cds_5y,21,2.538453821326652,NA,NA,NA,NA,NA,NA
cheia_p4_lp,4,price_ipca,21,-0.1527063916126609,NA,NA,NA,NA,NA,NA
cheia_p4_lp,4,cambio_usd,22,0.010400953526183,NA,NA,NA,NA,NA,NA
cheia_p4_lp,4,yield_6m,22,-0.0013420738743487876,NA,NA,NA,NA,NA,NA
cheia_p4_lp,4,yield_2y,22,-0.0018565612781483304,NA,NA,NA,NA,NA,NA
cheia_p4_lp,4,ibc_br,22,-0.6135891073795287,NA,NA,NA,NA,NA,NA
cheia_p4_lp,4,asset_ibov,22,0.8258669500307769,NA,NA,NA,NA,NA,NA
cheia_p4_lp,4,cds_5y,22,0.9955907573226455,NA,NA,NA,NA,NA,NA
cheia_p4_lp,4,price_ipca,22,-0.16534289548745448,NA,NA,NA,NA,NA,NA
cheia_p4_lp,4,cambio_usd,23,0.003170434862089458,NA,NA,NA,NA,NA,NA
cheia_p4_lp,4,yield_6m,23,-0.001842964864905947,NA,NA,NA,NA,NA,NA
cheia_p4_lp,4,yield_2y,23,-0.002484619398126552,NA,NA,NA,NA,NA,NA
cheia_p4_lp,4,ibc_br,23,-0.6090399918782393,NA,NA,NA,NA,NA,NA
cheia_p4_lp,4,asset_ibov,23,0.6478077283086621,NA,NA,NA,NA,NA,NA
cheia_p4_lp,4,cds_5y,23,-0.5084033952272088,NA,NA,NA,NA,NA,NA
cheia_p4_lp,4,price_ipca,23,-0.17715054024256907,NA,NA,NA,NA,NA,NA
cheia_p4_lp,4,cambio_usd,24,-0.003779141587073489,NA,NA,NA,NA,NA,NA
cheia_p4_lp,4,yield_6m,24,-0.0023336832292081065,NA,NA,NA,NA,NA,NA
cheia_p4_lp,4,yield_2y,24,-0.0030958572674636073,NA,NA,NA,NA,NA,NA
cheia_p4_lp,4,ibc_br,24,-0.6035136705668152,NA,NA,NA,NA,NA,NA
cheia_p4_lp,4,asset_ibov,24,0.4702745639064604,NA,NA,NA,NA,NA,NA
cheia_p4_lp,4,cds_5y,24,-1.9671527592037776,NA,NA,NA,NA,NA,NA
cheia_p4_lp,4,price_ipca,24,-0.1882205049439182,NA,NA,NA,NA,NA,NA
cheia_p4_lp,4,cambio_usd,25,-0.01041528070238417,NA,NA,NA,NA,NA,NA
cheia_p4_lp,4,yield_6m,25,-0.0028123295040446412,NA,NA,NA,NA,NA,NA
cheia_p4_lp,4,yield_2y,25,-0.0036875415565959953,NA,NA,NA,NA,NA,NA
cheia_p4_lp,4,ibc_br,25,-0.5970935699242185,NA,NA,NA,NA,NA,NA
cheia_p4_lp,4,asset_ibov,25,0.29069957546429154,NA,NA,NA,NA,NA,NA
cheia_p4_lp,4,cds_5y,25,-3.3686739093799014,NA,NA,NA,NA,NA,NA
cheia_p4_lp,4,price_ipca,25,-0.19855093442994812,NA,NA,NA,NA,NA,NA
cheia_p4_lp,4,cambio_usd,26,-0.01676643272389941,NA,NA,NA,NA,NA,NA
cheia_p4_lp,4,yield_6m,26,-0.003277631340247906,NA,NA,NA,NA,NA,NA
cheia_p4_lp,4,yield_2y,26,-0.004259025972433301,NA,NA,NA,NA,NA,NA
cheia_p4_lp,4,ibc_br,26,-0.589645029823835,NA,NA,NA,NA,NA,NA
cheia_p4_lp,4,asset_ibov,26,0.11156396495571662,NA,NA,NA,NA,NA,NA
cheia_p4_lp,4,cds_5y,26,-4.718766420191341,NA,NA,NA,NA,NA,NA
cheia_p4_lp,4,price_ipca,26,-0.2081077360621475,NA,NA,NA,NA,NA,NA
cheia_p4_lp,4,cambio_usd,27,-0.022828410320830352,NA,NA,NA,NA,NA,NA
cheia_p4_lp,4,yield_6m,27,-0.003727974574197389,NA,NA,NA,NA,NA,NA
cheia_p4_lp,4,yield_2y,27,-0.004808891415136959,NA,NA,NA,NA,NA,NA
cheia_p4_lp,4,ibc_br,27,-0.5812603106499227,NA,NA,NA,NA,NA,NA
cheia_p4_lp,4,asset_ibov,27,-0.0656841387418135,NA,NA,NA,NA,NA,NA
cheia_p4_lp,4,cds_5y,27,-6.015964153756445,NA,NA,NA,NA,NA,NA
cheia_p4_lp,4,price_ipca,27,-0.21691642556281088,NA,NA,NA,NA,NA,NA
cheia_p4_lp,4,cambio_usd,28,-0.028588957454740563,NA,NA,NA,NA,NA,NA
cheia_p4_lp,4,yield_6m,28,-0.004161968293450307,NA,NA,NA,NA,NA,NA
cheia_p4_lp,4,yield_2y,28,-0.0053355309370623,NA,NA,NA,NA,NA,NA
cheia_p4_lp,4,ibc_br,28,-0.572009456871117,NA,NA,NA,NA,NA,NA
cheia_p4_lp,4,asset_ibov,28,-0.24144070696020767,NA,NA,NA,NA,NA,NA
cheia_p4_lp,4,cds_5y,28,-7.255252999169906,NA,NA,NA,NA,NA,NA
cheia_p4_lp,4,price_ipca,28,-0.22498507663066458,NA,NA,NA,NA,NA,NA
cheia_p4_lp,4,cambio_usd,29,-0.034057261429284495,NA,NA,NA,NA,NA,NA
cheia_p4_lp,4,yield_6m,29,-0.004578570412716755,NA,NA,NA,NA,NA,NA
cheia_p4_lp,4,yield_2y,29,-0.0058381434214681005,NA,NA,NA,NA,NA,NA
cheia_p4_lp,4,ibc_br,29,-0.5618750867994665,NA,NA,NA,NA,NA,NA
cheia_p4_lp,4,asset_ibov,29,-0.414668776636135,NA,NA,NA,NA,NA,NA
cheia_p4_lp,4,cds_5y,29,-8.437578230573552,NA,NA,NA,NA,NA,NA
cheia_p4_lp,4,price_ipca,29,-0.2323061586655776,NA,NA,NA,NA,NA,NA
cheia_p4_lp,4,cambio_usd,30,-0.03923532730050834,NA,NA,NA,NA,NA,NA
cheia_p4_lp,4,yield_6m,30,-0.004976740988658528,NA,NA,NA,NA,NA,NA
cheia_p4_lp,4,yield_2y,30,-0.006315872984050098,NA,NA,NA,NA,NA,NA
cheia_p4_lp,4,ibc_br,30,-0.5509076876997958,NA,NA,NA,NA,NA,NA
cheia_p4_lp,4,asset_ibov,30,-0.5844164446277681,NA,NA,NA,NA,NA,NA
cheia_p4_lp,4,cds_5y,30,-9.562567181903024,NA,NA,NA,NA,NA,NA
cheia_p4_lp,4,price_ipca,30,-0.23889108403608653,NA,NA,NA,NA,NA,NA
cheia_p4_lp,4,cambio_usd,31,-0.0441207099725786,NA,NA,NA,NA,NA,NA
cheia_p4_lp,4,yield_6m,31,-0.005355575193249476,NA,NA,NA,NA,NA,NA
cheia_p4_lp,4,yield_2y,31,-0.006767838403925593,NA,NA,NA,NA,NA,NA
cheia_p4_lp,4,ibc_br,31,-0.5391646732645754,NA,NA,NA,NA,NA,NA
cheia_p4_lp,4,asset_ibov,31,-0.7504526823923283,NA,NA,NA,NA,NA,NA
cheia_p4_lp,4,cds_5y,31,-10.628326689568032,NA,NA,NA,NA,NA,NA
cheia_p4_lp,4,price_ipca,31,-0.24475047584653437,NA,NA,NA,NA,NA,NA
cheia_p4_lp,4,cambio_usd,32,-0.04871812186104186,NA,NA,NA,NA,NA,NA
cheia_p4_lp,4,yield_6m,32,-0.005714375499339583,NA,NA,NA,NA,NA,NA
cheia_p4_lp,4,yield_2y,32,-0.007193503350753705,NA,NA,NA,NA,NA,NA
cheia_p4_lp,4,ibc_br,32,-0.5266719543533457,NA,NA,NA,NA,NA,NA
cheia_p4_lp,4,asset_ibov,32,-0.9121926850812095,NA,NA,NA,NA,NA,NA
cheia_p4_lp,4,cds_5y,32,-11.634925350586203,NA,NA,NA,NA,NA,NA
cheia_p4_lp,4,price_ipca,32,-0.24988989492782424,NA,NA,NA,NA,NA,NA
cheia_p4_lp,4,cambio_usd,33,-0.053031224304893335,NA,NA,NA,NA,NA,NA
cheia_p4_lp,4,yield_6m,33,-0.006052531882572619,NA,NA,NA,NA,NA,NA
cheia_p4_lp,4,yield_2y,33,-0.007592427690309401,NA,NA,NA,NA,NA,NA
cheia_p4_lp,4,ibc_br,33,-0.5134745525934435,NA,NA,NA,NA,NA,NA
cheia_p4_lp,4,asset_ibov,33,-1.0690278162571507,NA,NA,NA,NA,NA,NA
cheia_p4_lp,4,cds_5y,33,-12.582411430410906,NA,NA,NA,NA,NA,NA
cheia_p4_lp,4,price_ipca,33,-0.25432128790335445,NA,NA,NA,NA,NA,NA
cheia_p4_lp,4,cambio_usd,34,-0.05706185734225708,NA,NA,NA,NA,NA,NA
cheia_p4_lp,4,yield_6m,34,-0.006369542594363393,NA,NA,NA,NA,NA,NA
cheia_p4_lp,4,yield_2y,34,-0.00796422285622087,NA,NA,NA,NA,NA,NA
cheia_p4_lp,4,ibc_br,34,-0.49962439778232454,NA,NA,NA,NA,NA,NA
cheia_p4_lp,4,asset_ibov,34,-1.2206294617582565,NA,NA,NA,NA,NA,NA
cheia_p4_lp,4,cds_5y,34,-13.47031500254225,NA,NA,NA,NA,NA,NA
cheia_p4_lp,4,price_ipca,34,-0.2580583583781078,NA,NA,NA,NA,NA,NA
cheia_p4_lp,4,cambio_usd,35,-0.06081421017305253,NA,NA,NA,NA,NA,NA
cheia_p4_lp,4,yield_6m,35,-0.006665042890902854,NA,NA,NA,NA,NA,NA
cheia_p4_lp,4,yield_2y,35,-0.008308677436606371,NA,NA,NA,NA,NA,NA
cheia_p4_lp,4,ibc_br,35,-0.4851629150031727,NA,NA,NA,NA,NA,NA
cheia_p4_lp,4,asset_ibov,35,-1.3666141086131474,NA,NA,NA,NA,NA,NA
cheia_p4_lp,4,cds_5y,35,-14.298837780305888,NA,NA,NA,NA,NA,NA
cheia_p4_lp,4,price_ipca,35,-0.2611139076620661,NA,NA,NA,NA,NA,NA
cheia_p4_lp,4,cambio_usd,36,-0.06429263626310461,NA,NA,NA,NA,NA,NA
cheia_p4_lp,4,yield_6m,36,-0.006938762945905336,NA,NA,NA,NA,NA,NA
cheia_p4_lp,4,yield_2y,36,-0.008625686731059042,NA,NA,NA,NA,NA,NA
cheia_p4_lp,4,ibc_br,36,-0.47013639359471227,NA,NA,NA,NA,NA,NA
cheia_p4_lp,4,asset_ibov,36,-1.5065951496809877,NA,NA,NA,NA,NA,NA
cheia_p4_lp,4,cds_5y,36,-15.0683561694875,NA,NA,NA,NA,NA,NA
cheia_p4_lp,4,price_ipca,36,-0.2635033023956667,NA,NA,NA,NA,NA,NA
cheia_p4_lp,4,cambio_usd,37,-0.06750090219192767,NA,NA,NA,NA,NA,NA
cheia_p4_lp,4,yield_6m,37,-0.00719052395608339,NA,NA,NA,NA,NA,NA
cheia_p4_lp,4,yield_2y,37,-0.00891521860730592,NA,NA,NA,NA,NA,NA
cheia_p4_lp,4,ibc_br,37,-0.4545946348963878,NA,NA,NA,NA,NA,NA
cheia_p4_lp,4,asset_ibov,37,-1.64030519920223,NA,NA,NA,NA,NA,NA
cheia_p4_lp,4,cds_5y,37,-15.779128941980288,NA,NA,NA,NA,NA,NA
cheia_p4_lp,4,price_ipca,37,-0.26524346232317375,NA,NA,NA,NA,NA,NA
cheia_p4_lp,4,cambio_usd,38,-0.07044359301798558,NA,NA,NA,NA,NA,NA
cheia_p4_lp,4,yield_6m,38,-0.0074202457491893085,NA,NA,NA,NA,NA,NA
cheia_p4_lp,4,yield_2y,38,-0.009177351043126883,NA,NA,NA,NA,NA,NA
cheia_p4_lp,4,ibc_br,38,-0.438583963423104,NA,NA,NA,NA,NA,NA
cheia_p4_lp,4,asset_ibov,38,-1.7674957603971249,NA,NA,NA,NA,NA,NA
cheia_p4_lp,4,cds_5y,38,-16.431679707901992,NA,NA,NA,NA,NA,NA
cheia_p4_lp,4,price_ipca,38,-0.26635163566198466,NA,NA,NA,NA,NA,NA
cheia_p4_lp,4,cambio_usd,39,-0.07312558938924928,NA,NA,NA,NA,NA,NA
cheia_p4_lp,4,yield_6m,39,-0.00762793017802678,NA,NA,NA,NA,NA,NA
cheia_p4_lp,4,yield_2y,39,-0.009412250943503465,NA,NA,NA,NA,NA,NA
cheia_p4_lp,4,ibc_br,39,-0.4221514889689529,NA,NA,NA,NA,NA,NA
cheia_p4_lp,4,asset_ibov,39,-1.8879351305076897,NA,NA,NA,NA,NA,NA
cheia_p4_lp,4,cds_5y,39,-17.026686977997517,NA,NA,NA,NA,NA,NA
cheia_p4_lp,4,price_ipca,39,-0.2668463477057103,NA,NA,NA,NA,NA,NA
cheia_p4_lp,4,cambio_usd,40,-0.07555167651838163,NA,NA,NA,NA,NA,NA
cheia_p4_lp,4,yield_6m,40,-0.007813653914591705,NA,NA,NA,NA,NA,NA
cheia_p4_lp,4,yield_2y,40,-0.009620154617099945,NA,NA,NA,NA,NA,NA
cheia_p4_lp,4,ibc_br,40,-0.405345471864232,NA,NA,NA,NA,NA,NA
cheia_p4_lp,4,asset_ibov,40,-2.0014526875835816,NA,NA,NA,NA,NA,NA
cheia_p4_lp,4,cds_5y,40,-17.56484917856859,NA,NA,NA,NA,NA,NA
cheia_p4_lp,4,price_ipca,40,-0.26674717181448365,NA,NA,NA,NA,NA,NA
cheia_p4_lp,4,cambio_usd,41,-0.07772699070091331,NA,NA,NA,NA,NA,NA
cheia_p4_lp,4,yield_6m,41,-0.007977567776125986,NA,NA,NA,NA,NA,NA
cheia_p4_lp,4,yield_2y,41,-0.009801375806611482,NA,NA,NA,NA,NA,NA
cheia_p4_lp,4,ibc_br,41,-0.3882126985486169,NA,NA,NA,NA,NA,NA
cheia_p4_lp,4,asset_ibov,41,-2.107909525070195,NA,NA,NA,NA,NA,NA
cheia_p4_lp,4,cds_5y,41,-18.0469985017365,NA,NA,NA,NA,NA,NA
cheia_p4_lp,4,price_ipca,41,-0.26607419896454887,NA,NA,NA,NA,NA,NA
cheia_p4_lp,4,cambio_usd,42,-0.07965691535734061,NA,NA,NA,NA,NA,NA
cheia_p4_lp,4,yield_6m,42,-0.008119888389209181,NA,NA,NA,NA,NA,NA
cheia_p4_lp,4,yield_2y,42,-0.009956297381522879,NA,NA,NA,NA,NA,NA
cheia_p4_lp,4,ibc_br,42,-0.37079949019487063,NA,NA,NA,NA,NA,NA
cheia_p4_lp,4,asset_ibov,42,-2.2071908559150257,NA,NA,NA,NA,NA,NA
cheia_p4_lp,4,cds_5y,42,-18.474080953749116,NA,NA,NA,NA,NA,NA
cheia_p4_lp,4,price_ipca,42,-0.2648482417454493,NA,NA,NA,NA,NA,NA
cheia_p4_lp,4,cambio_usd,43,-0.08134691057403261,NA,NA,NA,NA,NA,NA
cheia_p4_lp,4,yield_6m,43,-0.00824089187793691,NA,NA,NA,NA,NA,NA
cheia_p4_lp,4,yield_2y,43,-0.010085360346052603,NA,NA,NA,NA,NA,NA
cheia_p4_lp,4,ibc_br,43,-0.3531520259433027,NA,NA,NA,NA,NA,NA
cheia_p4_lp,4,asset_ibov,43,-2.2992202995103623,NA,NA,NA,NA,NA,NA
cheia_p4_lp,4,cds_5y,43,-18.84709912676354,NA,NA,NA,NA,NA,NA
cheia_p4_lp,4,price_ipca,43,-0.2630907539000569,NA,NA,NA,NA,NA,NA
cheia_p4_lp,4,cambio_usd,44,-0.0828026440344407,NA,NA,NA,NA,NA,NA
cheia_p4_lp,4,yield_6m,44,-0.00834091057457872,NA,NA,NA,NA,NA,NA
cheia_p4_lp,4,yield_2y,44,-0.010189062837240255,NA,NA,NA,NA,NA,NA
cheia_p4_lp,4,ibc_br,44,-0.3353153838292638,NA,NA,NA,NA,NA,NA
cheia_p4_lp,4,asset_ibov,44,-2.383950995932293,NA,NA,NA,NA,NA,NA
cheia_p4_lp,4,cds_5y,44,-19.167141337685738,NA,NA,NA,NA,NA,NA
cheia_p4_lp,4,price_ipca,44,-0.26082358874910144,NA,NA,NA,NA,NA,NA
cheia_p4_lp,4,cambio_usd,45,-0.08402997684255596,NA,NA,NA,NA,NA,NA
cheia_p4_lp,4,yield_6m,45,-0.00842032756919481,NA,NA,NA,NA,NA,NA
cheia_p4_lp,4,yield_2y,45,-0.01026795512116044,NA,NA,NA,NA,NA,NA
cheia_p4_lp,4,ibc_br,45,-0.31733368822247626,NA,NA,NA,NA,NA,NA
cheia_p4_lp,4,asset_ibov,45,-2.461360191408549,NA,NA,NA,NA,NA,NA
cheia_p4_lp,4,cds_5y,45,-19.435378253348674,NA,NA,NA,NA,NA,NA
cheia_p4_lp,4,price_ipca,45,-0.258068999147584,NA,NA,NA,NA,NA,NA
cheia_p4_lp,4,cambio_usd,46,-0.0850348931792415,NA,NA,NA,NA,NA,NA
cheia_p4_lp,4,yield_6m,46,-0.008479571652278155,NA,NA,NA,NA,NA,NA
cheia_p4_lp,4,yield_2y,46,-0.010322632807002994,NA,NA,NA,NA,NA,NA
cheia_p4_lp,4,ibc_br,46,-0.29925024102955095,NA,NA,NA,NA,NA,NA
cheia_p4_lp,4,asset_ibov,46,-2.5314528362168605,NA,NA,NA,NA,NA,NA
cheia_p4_lp,4,cds_5y,46,-19.653038581391133,NA,NA,NA,NA,NA,NA
cheia_p4_lp,4,price_ipca,46,-0.2548495806112071,NA,NA,NA,NA,NA,NA
cheia_p4_lp,4,cambio_usd,47,-0.08582353184289832,NA,NA,NA,NA,NA,NA
cheia_p4_lp,4,yield_6m,47,-0.008519113577256323,NA,NA,NA,NA,NA,NA
cheia_p4_lp,4,yield_2y,47,-0.010353733567340524,NA,NA,NA,NA,NA,NA
cheia_p4_lp,4,ibc_br,47,-0.2811071648943288,NA,NA,NA,NA,NA,NA
cheia_p4_lp,4,asset_ibov,47,-2.5942583175742024,NA,NA,NA,NA,NA,NA
cheia_p4_lp,4,cds_5y,47,-19.82141318391419,NA,NA,NA,NA,NA,NA
cheia_p4_lp,4,price_ipca,47,-0.25118814577220955,NA,NA,NA,NA,NA,NA
cheia_p4_lp,4,cambio_usd,48,-0.08640218399699835,NA,NA,NA,NA,NA,NA
cheia_p4_lp,4,yield_6m,48,-0.008539461867419747,NA,NA,NA,NA,NA,NA
cheia_p4_lp,4,yield_2y,48,-0.010361933160300731,NA,NA,NA,NA,NA,NA
cheia_p4_lp,4,ibc_br,48,-0.26294536417040903,NA,NA,NA,NA,NA,NA
cheia_p4_lp,4,asset_ibov,48,-2.6498271081970284,NA,NA,NA,NA,NA,NA
cheia_p4_lp,4,cds_5y,48,-19.94185290360345,NA,NA,NA,NA,NA,NA
cheia_p4_lp,4,price_ipca,48,-0.2471076771463362,NA,NA,NA,NA,NA,NA
cheia_p4_lp,3,cambio_usd,0,0.29832581553810533,NA,NA,NA,NA,NA,NA
cheia_p4_lp,3,yield_6m,0,0.005,NA,NA,NA,NA,NA,NA
cheia_p4_lp,3,yield_2y,0,0.010574997003115828,NA,NA,NA,NA,NA,NA
cheia_p4_lp,3,ibc_br,0,-1.6911093900840217,NA,NA,NA,NA,NA,NA
cheia_p4_lp,3,asset_ibov,0,-12.939804507002586,NA,NA,NA,NA,NA,NA
cheia_p4_lp,3,cds_5y,0,75.436994815106,NA,NA,NA,NA,NA,NA
cheia_p4_lp,3,price_ipca,0,-0.16919984283062636,NA,NA,NA,NA,NA,NA
cheia_p4_lp,3,cambio_usd,1,0.40748173074190647,NA,NA,NA,NA,NA,NA
cheia_p4_lp,3,yield_6m,1,0.007333000338557668,NA,NA,NA,NA,NA,NA
cheia_p4_lp,3,yield_2y,1,0.013695598863374727,NA,NA,NA,NA,NA,NA
cheia_p4_lp,3,ibc_br,1,-1.343177533168509,NA,NA,NA,NA,NA,NA
cheia_p4_lp,3,asset_ibov,1,-5.414946111463009,NA,NA,NA,NA,NA,NA
cheia_p4_lp,3,cds_5y,1,75.82598857073859,NA,NA,NA,NA,NA,NA
cheia_p4_lp,3,price_ipca,1,-0.16299856769574983,NA,NA,NA,NA,NA,NA
cheia_p4_lp,3,cambio_usd,2,0.36377366643831877,NA,NA,NA,NA,NA,NA
cheia_p4_lp,3,yield_6m,2,0.007729596853998332,NA,NA,NA,NA,NA,NA
cheia_p4_lp,3,yield_2y,2,0.01243907812048287,NA,NA,NA,NA,NA,NA
cheia_p4_lp,3,ibc_br,2,-1.1382549732485436,NA,NA,NA,NA,NA,NA
cheia_p4_lp,3,asset_ibov,2,3.0291905497108784,NA,NA,NA,NA,NA,NA
cheia_p4_lp,3,cds_5y,2,55.998263671230326,NA,NA,NA,NA,NA,NA
cheia_p4_lp,3,price_ipca,2,-0.14159816403703043,NA,NA,NA,NA,NA,NA
cheia_p4_lp,3,cambio_usd,3,0.3693526778880715,NA,NA,NA,NA,NA,NA
cheia_p4_lp,3,yield_6m,3,0.0080131939378396,NA,NA,NA,NA,NA,NA
cheia_p4_lp,3,yield_2y,3,0.01320113508604926,NA,NA,NA,NA,NA,NA
cheia_p4_lp,3,ibc_br,3,-1.2644541671622707,NA,NA,NA,NA,NA,NA
cheia_p4_lp,3,asset_ibov,3,0.6266238611554265,NA,NA,NA,NA,NA,NA
cheia_p4_lp,3,cds_5y,3,62.449259300632164,NA,NA,NA,NA,NA,NA
cheia_p4_lp,3,price_ipca,3,-0.1092977372114958,NA,NA,NA,NA,NA,NA
cheia_p4_lp,3,cambio_usd,4,0.31186745031974306,NA,NA,NA,NA,NA,NA
cheia_p4_lp,3,yield_6m,4,0.006947673818108254,NA,NA,NA,NA,NA,NA
cheia_p4_lp,3,yield_2y,4,0.011848251838796483,NA,NA,NA,NA,NA,NA
cheia_p4_lp,3,ibc_br,4,-1.069731054024597,NA,NA,NA,NA,NA,NA
cheia_p4_lp,3,asset_ibov,4,-0.30766331803744695,NA,NA,NA,NA,NA,NA
cheia_p4_lp,3,cds_5y,4,55.49196800093327,NA,NA,NA,NA,NA,NA
cheia_p4_lp,3,price_ipca,4,0.04324525848972434,NA,NA,NA,NA,NA,NA
cheia_p4_lp,3,cambio_usd,5,0.25303197257387977,NA,NA,NA,NA,NA,NA
cheia_p4_lp,3,yield_6m,5,0.00604161150990824,NA,NA,NA,NA,NA,NA
cheia_p4_lp,3,yield_2y,5,0.009736869288274124,NA,NA,NA,NA,NA,NA
cheia_p4_lp,3,ibc_br,5,-1.0042017623503483,NA,NA,NA,NA,NA,NA
cheia_p4_lp,3,asset_ibov,5,2.298597280182005,NA,NA,NA,NA,NA,NA
cheia_p4_lp,3,cds_5y,5,42.64043288146658,NA,NA,NA,NA,NA,NA
cheia_p4_lp,3,price_ipca,5,0.05212007887556752,NA,NA,NA,NA,NA,NA
cheia_p4_lp,3,cambio_usd,6,0.2322455170863696,NA,NA,NA,NA,NA,NA
cheia_p4_lp,3,yield_6m,6,0.005347271875823317,NA,NA,NA,NA,NA,NA
cheia_p4_lp,3,yield_2y,6,0.008631405168840534,NA,NA,NA,NA,NA,NA
cheia_p4_lp,3,ibc_br,6,-1.0512800141975434,NA,NA,NA,NA,NA,NA
cheia_p4_lp,3,asset_ibov,6,1.9518107294097335,NA,NA,NA,NA,NA,NA
cheia_p4_lp,3,cds_5y,6,39.81353361507931,NA,NA,NA,NA,NA,NA
cheia_p4_lp,3,price_ipca,6,0.010342165466022336,NA,NA,NA,NA,NA,NA
cheia_p4_lp,3,cambio_usd,7,0.20142713406293347,NA,NA,NA,NA,NA,NA
cheia_p4_lp,3,yield_6m,7,0.004426330638172561,NA,NA,NA,NA,NA,NA
cheia_p4_lp,3,yield_2y,7,0.007275479473372124,NA,NA,NA,NA,NA,NA
cheia_p4_lp,3,ibc_br,7,-1.0146191595926788,NA,NA,NA,NA,NA,NA
cheia_p4_lp,3,asset_ibov,7,1.5314840135002479,NA,NA,NA,NA,NA,NA
cheia_p4_lp,3,cds_5y,7,35.226756877745636,NA,NA,NA,NA,NA,NA
cheia_p4_lp,3,price_ipca,7,0.006103416133978058,NA,NA,NA,NA,NA,NA
cheia_p4_lp,3,cambio_usd,8,0.16548592894698413,NA,NA,NA,NA,NA,NA
cheia_p4_lp,3,yield_6m,8,0.0035298240482869066,NA,NA,NA,NA,NA,NA
cheia_p4_lp,3,yield_2y,8,0.005682104523969317,NA,NA,NA,NA,NA,NA
cheia_p4_lp,3,ibc_br,8,-0.9896166908535046,NA,NA,NA,NA,NA,NA
cheia_p4_lp,3,asset_ibov,8,2.2379461768312656,NA,NA,NA,NA,NA,NA
cheia_p4_lp,3,cds_5y,8,28.215723711856715,NA,NA,NA,NA,NA,NA
cheia_p4_lp,3,price_ipca,8,-0.011152336284124745,NA,NA,NA,NA,NA,NA
cheia_p4_lp,3,cambio_usd,9,0.14395198583986532,NA,NA,NA,NA,NA,NA
cheia_p4_lp,3,yield_6m,9,0.00274824860395329,NA,NA,NA,NA,NA,NA
cheia_p4_lp,3,yield_2y,9,0.0044578039686647775,NA,NA,NA,NA,NA,NA
cheia_p4_lp,3,ibc_br,9,-1.0053849707008744,NA,NA,NA,NA,NA,NA
cheia_p4_lp,3,asset_ibov,9,2.166027615882319,NA,NA,NA,NA,NA,NA
cheia_p4_lp,3,cds_5y,9,24.460913491886224,NA,NA,NA,NA,NA,NA
cheia_p4_lp,3,price_ipca,9,-0.04888149170583602,NA,NA,NA,NA,NA,NA
cheia_p4_lp,3,cambio_usd,10,0.12363068606843029,NA,NA,NA,NA,NA,NA
cheia_p4_lp,3,yield_6m,10,0.0019443518286897468,NA,NA,NA,NA,NA,NA
cheia_p4_lp,3,yield_2y,10,0.003293188358928358,NA,NA,NA,NA,NA,NA
cheia_p4_lp,3,ibc_br,10,-0.9985468197384998,NA,NA,NA,NA,NA,NA
cheia_p4_lp,3,asset_ibov,10,1.8536628810075846,NA,NA,NA,NA,NA,NA
cheia_p4_lp,3,cds_5y,10,21.097756061358577,NA,NA,NA,NA,NA,NA
cheia_p4_lp,3,price_ipca,10,-0.07643891552212354,NA,NA,NA,NA,NA,NA
cheia_p4_lp,3,cambio_usd,11,0.10273778792847096,NA,NA,NA,NA,NA,NA
cheia_p4_lp,3,yield_6m,11,0.00116236325459141,NA,NA,NA,NA,NA,NA
cheia_p4_lp,3,yield_2y,11,0.002100826671831554,NA,NA,NA,NA,NA,NA
cheia_p4_lp,3,ibc_br,11,-0.9885690374339976,NA,NA,NA,NA,NA,NA
cheia_p4_lp,3,asset_ibov,11,1.8865157298408473,NA,NA,NA,NA,NA,NA
cheia_p4_lp,3,cds_5y,11,17.106152992321544,NA,NA,NA,NA,NA,NA
cheia_p4_lp,3,price_ipca,11,-0.10320836585194326,NA,NA,NA,NA,NA,NA
cheia_p4_lp,3,cambio_usd,12,0.08688059660443612,NA,NA,NA,NA,NA,NA
cheia_p4_lp,3,yield_6m,12,4.3521923488702474e-4,NA,NA,NA,NA,NA,NA
cheia_p4_lp,3,yield_2y,12,0.0010447361196978331,NA,NA,NA,NA,NA,NA
cheia_p4_lp,3,ibc_br,12,-0.9920444398243956,NA,NA,NA,NA,NA,NA
cheia_p4_lp,3,asset_ibov,12,1.7588576073402133,NA,NA,NA,NA,NA,NA
cheia_p4_lp,3,cds_5y,12,14.09882546247135,NA,NA,NA,NA,NA,NA
cheia_p4_lp,3,price_ipca,12,-0.13498295605928085,NA,NA,NA,NA,NA,NA
cheia_p4_lp,3,cambio_usd,13,0.07245052780738821,NA,NA,NA,NA,NA,NA
cheia_p4_lp,3,yield_6m,13,-2.8776435607792564e-4,NA,NA,NA,NA,NA,NA
cheia_p4_lp,3,yield_2y,13,4.213465590609224e-5,NA,NA,NA,NA,NA,NA
cheia_p4_lp,3,ibc_br,13,-0.9886464362423687,NA,NA,NA,NA,NA,NA
cheia_p4_lp,3,asset_ibov,13,1.5134845568714446,NA,NA,NA,NA,NA,NA
cheia_p4_lp,3,cds_5y,13,11.425751441334114,NA,NA,NA,NA,NA,NA
cheia_p4_lp,3,price_ipca,13,-0.16286471992174348,NA,NA,NA,NA,NA,NA
cheia_p4_lp,3,cambio_usd,14,0.05793499956898199,NA,NA,NA,NA,NA,NA
cheia_p4_lp,3,yield_6m,14,-0.0010045347811043208,NA,NA,NA,NA,NA,NA
cheia_p4_lp,3,yield_2y,14,-9.570582226133471e-4,NA,NA,NA,NA,NA,NA
cheia_p4_lp,3,ibc_br,14,-0.9812601372707999,NA,NA,NA,NA,NA,NA
cheia_p4_lp,3,asset_ibov,14,1.357025279488619,NA,NA,NA,NA,NA,NA
cheia_p4_lp,3,cds_5y,14,8.593929160199036,NA,NA,NA,NA,NA,NA
cheia_p4_lp,3,price_ipca,14,-0.18767658628492911,NA,NA,NA,NA,NA,NA
cheia_p4_lp,3,cambio_usd,15,0.045008384995828536,NA,NA,NA,NA,NA,NA
cheia_p4_lp,3,yield_6m,15,-0.0017013652167206764,NA,NA,NA,NA,NA,NA
cheia_p4_lp,3,yield_2y,15,-0.0019069885741824983,NA,NA,NA,NA,NA,NA
cheia_p4_lp,3,ibc_br,15,-0.9772954433425569,NA,NA,NA,NA,NA,NA
cheia_p4_lp,3,asset_ibov,15,1.1669910180432452,NA,NA,NA,NA,NA,NA
cheia_p4_lp,3,cds_5y,15,6.055483048110155,NA,NA,NA,NA,NA,NA
cheia_p4_lp,3,price_ipca,15,-0.21219814114937952,NA,NA,NA,NA,NA,NA
cheia_p4_lp,3,cambio_usd,16,0.03287322641422411,NA,NA,NA,NA,NA,NA
cheia_p4_lp,3,yield_6m,16,-0.0023924709720284073,NA,NA,NA,NA,NA,NA
cheia_p4_lp,3,yield_2y,16,-0.0028265199101009386,NA,NA,NA,NA,NA,NA
cheia_p4_lp,3,ibc_br,16,-0.9708300292946515,NA,NA,NA,NA,NA,NA
cheia_p4_lp,3,asset_ibov,16,0.930771215590728,NA,NA,NA,NA,NA,NA
cheia_p4_lp,3,cds_5y,16,3.6862469512428517,NA,NA,NA,NA,NA,NA
cheia_p4_lp,3,price_ipca,16,-0.23461480721331587,NA,NA,NA,NA,NA,NA
cheia_p4_lp,3,cambio_usd,17,0.02089139684154548,NA,NA,NA,NA,NA,NA
cheia_p4_lp,3,yield_6m,17,-0.003078419144305269,NA,NA,NA,NA,NA,NA
cheia_p4_lp,3,yield_2y,17,-0.003734048180065317,NA,NA,NA,NA,NA,NA
cheia_p4_lp,3,ibc_br,17,-0.9616725370541878,NA,NA,NA,NA,NA,NA
cheia_p4_lp,3,asset_ibov,17,0.7146570334170743,NA,NA,NA,NA,NA,NA
cheia_p4_lp,3,cds_5y,17,1.3032122144826963,NA,NA,NA,NA,NA,NA
cheia_p4_lp,3,price_ipca,17,-0.2548146419088252,NA,NA,NA,NA,NA,NA
cheia_p4_lp,3,cambio_usd,18,0.009563541329269943,NA,NA,NA,NA,NA,NA
cheia_p4_lp,3,yield_6m,18,-0.0037523046460880513,NA,NA,NA,NA,NA,NA
cheia_p4_lp,3,yield_2y,18,-0.00461472722371269,NA,NA,NA,NA,NA,NA
cheia_p4_lp,3,ibc_br,18,-0.95266515785858,NA,NA,NA,NA,NA,NA
cheia_p4_lp,3,asset_ibov,18,0.49112990245399046,NA,NA,NA,NA,NA,NA
cheia_p4_lp,3,cds_5y,18,-0.9649504888144567,NA,NA,NA,NA,NA,NA
cheia_p4_lp,3,price_ipca,18,-0.27378357413801024,NA,NA,NA,NA,NA,NA
cheia_p4_lp,3,cambio_usd,19,-0.0012451036252255762,NA,NA,NA,NA,NA,NA
cheia_p4_lp,3,yield_6m,19,-0.004416199492477233,NA,NA,NA,NA,NA,NA
cheia_p4_lp,3,yield_2y,19,-0.005470648859439443,NA,NA,NA,NA,NA,NA
cheia_p4_lp,3,ibc_br,19,-0.9422217061963076,NA,NA,NA,NA,NA,NA
cheia_p4_lp,3,asset_ibov,19,0.25125081126012583,NA,NA,NA,NA,NA,NA
cheia_p4_lp,3,cds_5y,19,-3.1321108869821184,NA,NA,NA,NA,NA,NA
cheia_p4_lp,3,price_ipca,19,-0.2912650823506935,NA,NA,NA,NA,NA,NA
cheia_p4_lp,3,cambio_usd,20,-0.011748889257273942,NA,NA,NA,NA,NA,NA
cheia_p4_lp,3,yield_6m,20,-0.005069143651226983,NA,NA,NA,NA,NA,NA
cheia_p4_lp,3,yield_2y,20,-0.0063065379899585015,NA,NA,NA,NA,NA,NA
cheia_p4_lp,3,ibc_br,20,-0.9299384508762708,NA,NA,NA,NA,NA,NA
cheia_p4_lp,3,asset_ibov,20,0.01576487883895371,NA,NA,NA,NA,NA,NA
cheia_p4_lp,3,cds_5y,20,-5.257619498551999,NA,NA,NA,NA,NA,NA
cheia_p4_lp,3,price_ipca,20,-0.30719786620883127,NA,NA,NA,NA,NA,NA
cheia_p4_lp,3,cambio_usd,21,-0.021787695448071093,NA,NA,NA,NA,NA,NA
cheia_p4_lp,3,yield_6m,21,-0.005706931868609749,NA,NA,NA,NA,NA,NA
cheia_p4_lp,3,yield_2y,21,-0.007116082760071897,NA,NA,NA,NA,NA,NA
cheia_p4_lp,3,ibc_br,21,-0.9168274576621016,NA,NA,NA,NA,NA,NA
cheia_p4_lp,3,asset_ibov,21,-0.2207121979186138,NA,NA,NA,NA,NA,NA
cheia_p4_lp,3,cds_5y,21,-7.30169866678636,NA,NA,NA,NA,NA,NA
cheia_p4_lp,3,price_ipca,21,-0.3218984962402612,NA,NA,NA,NA,NA,NA
cheia_p4_lp,3,cambio_usd,22,-0.03136276913874397,NA,NA,NA,NA,NA,NA
cheia_p4_lp,3,yield_6m,22,-0.006328253516942488,NA,NA,NA,NA,NA,NA
cheia_p4_lp,3,yield_2y,22,-0.007897538536623155,NA,NA,NA,NA,NA,NA
cheia_p4_lp,3,ibc_br,22,-0.9025300413752477,NA,NA,NA,NA,NA,NA
cheia_p4_lp,3,asset_ibov,22,-0.4614770240742372,NA,NA,NA,NA,NA,NA
cheia_p4_lp,3,cds_5y,22,-9.25939247800286,NA,NA,NA,NA,NA,NA
cheia_p4_lp,3,price_ipca,22,-0.33536894719727345,NA,NA,NA,NA,NA,NA
cheia_p4_lp,3,cambio_usd,23,-0.04053918091496355,NA,NA,NA,NA,NA,NA
cheia_p4_lp,3,yield_6m,23,-0.00693147261208844,NA,NA,NA,NA,NA,NA
cheia_p4_lp,3,yield_2y,23,-0.008651095494028269,NA,NA,NA,NA,NA,NA
cheia_p4_lp,3,ibc_br,23,-0.8868334143010147,NA,NA,NA,NA,NA,NA
cheia_p4_lp,3,asset_ibov,23,-0.6995388993113338,NA,NA,NA,NA,NA,NA
cheia_p4_lp,3,cds_5y,23,-11.148255498958376,NA,NA,NA,NA,NA,NA
cheia_p4_lp,3,price_ipca,23,-0.34760033161395343,NA,NA,NA,NA,NA,NA
cheia_p4_lp,3,cambio_usd,24,-0.04926561939533449,NA,NA,NA,NA,NA,NA
cheia_p4_lp,3,yield_6m,24,-0.0075138503824726845,NA,NA,NA,NA,NA,NA
cheia_p4_lp,3,yield_2y,24,-0.009373493291007812,NA,NA,NA,NA,NA,NA
cheia_p4_lp,3,ibc_br,24,-0.8700947600083498,NA,NA,NA,NA,NA,NA
cheia_p4_lp,3,asset_ibov,24,-0.935294719659174,NA,NA,NA,NA,NA,NA
cheia_p4_lp,3,cds_5y,24,-12.954993832317651,NA,NA,NA,NA,NA,NA
cheia_p4_lp,3,price_ipca,24,-0.35869120501973295,NA,NA,NA,NA,NA,NA
cheia_p4_lp,3,cambio_usd,25,-0.057531367718969245,NA,NA,NA,NA,NA,NA
cheia_p4_lp,3,yield_6m,25,-0.008073661492135792,NA,NA,NA,NA,NA,NA
cheia_p4_lp,3,yield_2y,25,-0.010062792627720692,NA,NA,NA,NA,NA,NA
cheia_p4_lp,3,ibc_br,25,-0.852278387249544,NA,NA,NA,NA,NA,NA
cheia_p4_lp,3,asset_ibov,25,-1.169493446213646,NA,NA,NA,NA,NA,NA
cheia_p4_lp,3,cds_5y,25,-14.674485270053793,NA,NA,NA,NA,NA,NA
cheia_p4_lp,3,price_ipca,25,-0.3686611592706938,NA,NA,NA,NA,NA,NA
cheia_p4_lp,3,cambio_usd,26,-0.06535801261736694,NA,NA,NA,NA,NA,NA
cheia_p4_lp,3,yield_6m,26,-0.008609404409421933,NA,NA,NA,NA,NA,NA
cheia_p4_lp,3,yield_2y,26,-0.010718174448637619,NA,NA,NA,NA,NA,NA
cheia_p4_lp,3,ibc_br,26,-0.8333197097143493,NA,NA,NA,NA,NA,NA
cheia_p4_lp,3,asset_ibov,26,-1.3993864720100684,NA,NA,NA,NA,NA,NA
cheia_p4_lp,3,cds_5y,26,-16.311564616794204,NA,NA,NA,NA,NA,NA
cheia_p4_lp,3,price_ipca,26,-0.3775163988653483,NA,NA,NA,NA,NA,NA
cheia_p4_lp,3,cambio_usd,27,-0.07273232693238998,NA,NA,NA,NA,NA,NA
cheia_p4_lp,3,yield_6m,27,-0.009119325604928319,NA,NA,NA,NA,NA,NA
cheia_p4_lp,3,yield_2y,27,-0.011337874890267344,NA,NA,NA,NA,NA,NA
cheia_p4_lp,3,ibc_br,27,-0.8133650767988144,NA,NA,NA,NA,NA,NA
cheia_p4_lp,3,asset_ibov,27,-1.624362853514812,NA,NA,NA,NA,NA,NA
cheia_p4_lp,3,cds_5y,27,-17.86176869612213,NA,NA,NA,NA,NA,NA
cheia_p4_lp,3,price_ipca,27,-0.3852939838392772,NA,NA,NA,NA,NA,NA
cheia_p4_lp,3,cambio_usd,28,-0.07965086582920641,NA,NA,NA,NA,NA,NA
cheia_p4_lp,3,yield_6m,28,-0.009602101189640484,NA,NA,NA,NA,NA,NA
cheia_p4_lp,3,yield_2y,28,-0.011920583668348353,NA,NA,NA,NA,NA,NA
cheia_p4_lp,3,ibc_br,28,-0.7924590699954456,NA,NA,NA,NA,NA,NA
cheia_p4_lp,3,asset_ibov,28,-1.8442787570656136,NA,NA,NA,NA,NA,NA
cheia_p4_lp,3,cds_5y,28,-19.322340700602176,NA,NA,NA,NA,NA,NA
cheia_p4_lp,3,price_ipca,28,-0.3920111865603692,NA,NA,NA,NA,NA,NA
cheia_p4_lp,3,cambio_usd,29,-0.08612442054700813,NA,NA,NA,NA,NA,NA
cheia_p4_lp,3,yield_6m,29,-0.010056668720001603,NA,NA,NA,NA,NA,NA
cheia_p4_lp,3,yield_2y,29,-0.012465604725622139,NA,NA,NA,NA,NA,NA
cheia_p4_lp,3,ibc_br,29,-0.7706141958848202,NA,NA,NA,NA,NA,NA
cheia_p4_lp,3,asset_ibov,29,-2.05782471182991,NA,NA,NA,NA,NA,NA
cheia_p4_lp,3,cds_5y,29,-20.694737624590648,NA,NA,NA,NA,NA,NA
cheia_p4_lp,3,price_ipca,29,-0.39768136347265143,NA,NA,NA,NA,NA,NA
cheia_p4_lp,3,cambio_usd,30,-0.09215386561301916,NA,NA,NA,NA,NA,NA
cheia_p4_lp,3,yield_6m,30,-0.010482001768565294,NA,NA,NA,NA,NA,NA
cheia_p4_lp,3,yield_2y,30,-0.012972085836522547,NA,NA,NA,NA,NA,NA
cheia_p4_lp,3,ibc_br,30,-0.7479165511921723,NA,NA,NA,NA,NA,NA
cheia_p4_lp,3,asset_ibov,30,-2.264327026764891,NA,NA,NA,NA,NA,NA
cheia_p4_lp,3,cds_5y,30,-21.977825083337535,NA,NA,NA,NA,NA,NA
cheia_p4_lp,3,price_ipca,30,-0.4023288317146283,NA,NA,NA,NA,NA,NA
cheia_p4_lp,3,cambio_usd,31,-0.09774215588616436,NA,NA,NA,NA,NA,NA
cheia_p4_lp,3,yield_6m,31,-0.010877311715409985,NA,NA,NA,NA,NA,NA
cheia_p4_lp,3,yield_2y,31,-0.013439392509301068,NA,NA,NA,NA,NA,NA
cheia_p4_lp,3,ibc_br,31,-0.7244299927989489,NA,NA,NA,NA,NA,NA
cheia_p4_lp,3,asset_ibov,31,-2.4634189067188528,NA,NA,NA,NA,NA,NA
cheia_p4_lp,3,cds_5y,31,-23.170749272231706,NA,NA,NA,NA,NA,NA
cheia_p4_lp,3,price_ipca,31,-0.40597377643201354,NA,NA,NA,NA,NA,NA
cheia_p4_lp,3,cambio_usd,32,-0.10289810458732329,NA,NA,NA,NA,NA,NA
cheia_p4_lp,3,yield_6m,32,-0.011242019462086958,NA,NA,NA,NA,NA,NA
cheia_p4_lp,3,yield_2y,32,-0.013867234623088425,NA,NA,NA,NA,NA,NA
cheia_p4_lp,3,ibc_br,32,-0.7002016384835619,NA,NA,NA,NA,NA,NA
cheia_p4_lp,3,asset_ibov,32,-2.6543756970086076,NA,NA,NA,NA,NA,NA
cheia_p4_lp,3,cds_5y,32,-24.274407865287273,NA,NA,NA,NA,NA,NA
cheia_p4_lp,3,price_ipca,32,-0.408636336778869,NA,NA,NA,NA,NA,NA
cheia_p4_lp,3,cambio_usd,33,-0.10762797870776739,NA,NA,NA,NA,NA,NA
cheia_p4_lp,3,yield_6m,33,-0.01157565807777595,NA,NA,NA,NA,NA,NA
cheia_p4_lp,3,yield_2y,33,-0.014255387738767509,NA,NA,NA,NA,NA,NA
cheia_p4_lp,3,ibc_br,33,-0.6753029145013106,NA,NA,NA,NA,NA,NA
cheia_p4_lp,3,asset_ibov,33,-2.836677488605485,NA,NA,NA,NA,NA,NA
cheia_p4_lp,3,cds_5y,33,-25.2891223678937,NA,NA,NA,NA,NA,NA
cheia_p4_lp,3,price_ipca,33,-0.41034174640565335,NA,NA,NA,NA,NA,NA
cheia_p4_lp,3,cambio_usd,34,-0.1119384006784523,NA,NA,NA,NA,NA,NA
cheia_p4_lp,3,yield_6m,34,-0.011877923699688842,NA,NA,NA,NA,NA,NA
cheia_p4_lp,3,yield_2y,34,-0.014603774084642274,NA,NA,NA,NA,NA,NA
cheia_p4_lp,3,ibc_br,34,-0.6498019177276588,NA,NA,NA,NA,NA,NA
cheia_p4_lp,3,asset_ibov,34,-3.0099841107615224,NA,NA,NA,NA,NA,NA
cheia_p4_lp,3,cds_5y,34,-26.21526939323316,NA,NA,NA,NA,NA,NA
cheia_p4_lp,3,price_ipca,34,-0.41111529333761826,NA,NA,NA,NA,NA,NA
cheia_p4_lp,3,cambio_usd,35,-0.11583833985099597,NA,NA,NA,NA,NA,NA
cheia_p4_lp,3,yield_6m,35,-0.012148671155249818,NA,NA,NA,NA,NA,NA
cheia_p4_lp,3,yield_2y,35,-0.014912523825979138,NA,NA,NA,NA,NA,NA
cheia_p4_lp,3,ibc_br,35,-0.6237594139311191,NA,NA,NA,NA,NA,NA
cheia_p4_lp,3,asset_ibov,35,-3.1738746529180366,NA,NA,NA,NA,NA,NA
cheia_p4_lp,3,cds_5y,35,-27.053967779112764,NA,NA,NA,NA,NA,NA
cheia_p4_lp,3,price_ipca,35,-0.4109831431011306,NA,NA,NA,NA,NA,NA
cheia_p4_lp,3,cambio_usd,36,-0.11933630641788527,NA,NA,NA,NA,NA,NA
cheia_p4_lp,3,yield_6m,36,-0.012387872026046598,NA,NA,NA,NA,NA,NA
cheia_p4_lp,3,yield_2y,36,-0.01518187586651399,NA,NA,NA,NA,NA,NA
cheia_p4_lp,3,ibc_br,36,-0.597243433932402,NA,NA,NA,NA,NA,NA
cheia_p4_lp,3,asset_ibov,36,-3.3280125959473135,NA,NA,NA,NA,NA,NA
cheia_p4_lp,3,cds_5y,36,-27.806316743116536,NA,NA,NA,NA,NA,NA
cheia_p4_lp,3,price_ipca,36,-0.40997418074253206,NA,NA,NA,NA,NA,NA
cheia_p4_lp,3,cambio_usd,37,-0.12244089802424753,NA,NA,NA,NA,NA,NA
cheia_p4_lp,3,yield_6m,37,-0.01259562143322226,NA,NA,NA,NA,NA,NA
cheia_p4_lp,3,yield_2y,37,-0.015412184089305265,NA,NA,NA,NA,NA,NA
cheia_p4_lp,3,ibc_br,37,-0.5703218296416158,NA,NA,NA,NA,NA,NA
cheia_p4_lp,3,asset_ibov,37,-3.4721677211087485,NA,NA,NA,NA,NA,NA
cheia_p4_lp,3,cds_5y,37,-28.473476116456247,NA,NA,NA,NA,NA,NA
cheia_p4_lp,3,price_ipca,37,-0.4081182033185133,NA,NA,NA,NA,NA,NA
cheia_p4_lp,3,cambio_usd,38,-0.1251616795248849,NA,NA,NA,NA,NA,NA
cheia_p4_lp,3,yield_6m,38,-0.0127721344816104,NA,NA,NA,NA,NA,NA
cheia_p4_lp,3,yield_2y,38,-0.015603939207097442,NA,NA,NA,NA,NA,NA
cheia_p4_lp,3,ibc_br,38,-0.543059066133582,NA,NA,NA,NA,NA,NA
cheia_p4_lp,3,asset_ibov,38,-3.6061181976179792,NA,NA,NA,NA,NA,NA
cheia_p4_lp,3,cds_5y,38,-29.056946251505885,NA,NA,NA,NA,NA,NA
cheia_p4_lp,3,price_ipca,38,-0.4054458643707464,NA,NA,NA,NA,NA,NA
cheia_p4_lp,3,cambio_usd,39,-0.12750829044193393,NA,NA,NA,NA,NA,NA
cheia_p4_lp,3,yield_6m,39,-0.012917726395529343,NA,NA,NA,NA,NA,NA
cheia_p4_lp,3,yield_2y,39,-0.015757732021173133,NA,NA,NA,NA,NA,NA
cheia_p4_lp,3,ibc_br,39,-0.5155210009564822,NA,NA,NA,NA,NA,NA
cheia_p4_lp,3,asset_ibov,39,-3.729693223353138,NA,NA,NA,NA,NA,NA
cheia_p4_lp,3,cds_5y,39,-29.558329861491824,NA,NA,NA,NA,NA,NA
cheia_p4_lp,3,price_ipca,39,-0.40198929741252776,NA,NA,NA,NA,NA,NA
cheia_p4_lp,3,cambio_usd,40,-0.12949046848380616,NA,NA,NA,NA,NA,NA
cheia_p4_lp,3,yield_6m,40,-0.013032807901395865,NA,NA,NA,NA,NA,NA
cheia_p4_lp,3,yield_2y,40,-0.015874244800159615,NA,NA,NA,NA,NA,NA
cheia_p4_lp,3,ibc_br,40,-0.48777302253188326,NA,NA,NA,NA,NA,NA
cheia_p4_lp,3,asset_ibov,40,-3.8427895305049145,NA,NA,NA,NA,NA,NA
cheia_p4_lp,3,cds_5y,40,-29.97930806401208,NA,NA,NA,NA,NA,NA
cheia_p4_lp,3,price_ipca,40,-0.3977814361321969,NA,NA,NA,NA,NA,NA
cheia_p4_lp,3,cambio_usd,41,-0.13111839366191214,NA,NA,NA,NA,NA,NA
cheia_p4_lp,3,yield_6m,41,-0.013117880125749522,NA,NA,NA,NA,NA,NA
cheia_p4_lp,3,yield_2y,41,-0.015954255148870628,NA,NA,NA,NA,NA,NA
cheia_p4_lp,3,ibc_br,41,-0.45987837388604264,NA,NA,NA,NA,NA,NA
cheia_p4_lp,3,asset_ibov,41,-3.9453356564536373,NA,NA,NA,NA,NA,NA
cheia_p4_lp,3,cds_5y,41,-30.321740762758196,NA,NA,NA,NA,NA,NA
cheia_p4_lp,3,price_ipca,41,-0.3928558028965963,NA,NA,NA,NA,NA,NA
cheia_p4_lp,3,cambio_usd,42,-0.13240241650443088,NA,NA,NA,NA,NA,NA
cheia_p4_lp,3,yield_6m,42,-0.01317352332044322,NA,NA,NA,NA,NA,NA
cheia_p4_lp,3,yield_2y,42,-0.015998620121016428,NA,NA,NA,NA,NA,NA
cheia_p4_lp,3,ibc_br,42,-0.4318995603022168,NA,NA,NA,NA,NA,NA
cheia_p4_lp,3,asset_ibov,42,-4.037299695685129,NA,NA,NA,NA,NA,NA
cheia_p4_lp,3,cds_5y,42,-30.587593701849375,NA,NA,NA,NA,NA,NA
cheia_p4_lp,3,price_ipca,42,-0.38724666650658246,NA,NA,NA,NA,NA,NA
cheia_p4_lp,3,cambio_usd,43,-0.1333530051795236,NA,NA,NA,NA,NA,NA
cheia_p4_lp,3,yield_6m,43,-0.01320039021080303,NA,NA,NA,NA,NA,NA
cheia_p4_lp,3,yield_2y,43,-0.016008266901960604,NA,NA,NA,NA,NA,NA
cheia_p4_lp,3,ibc_br,43,-0.40389790436058837,NA,NA,NA,NA,NA,NA
cheia_p4_lp,3,asset_ibov,43,-4.11869647645391,NA,NA,NA,NA,NA,NA
cheia_p4_lp,3,cds_5y,43,-30.778910026265027,NA,NA,NA,NA,NA,NA
cheia_p4_lp,3,price_ipca,43,-0.38098875963661655,NA,NA,NA,NA,NA,NA
cheia_p4_lp,3,cambio_usd,44,-0.13398086306492882,NA,NA,NA,NA,NA,NA
cheia_p4_lp,3,yield_6m,44,-0.013199200299861848,NA,NA,NA,NA,NA,NA
cheia_p4_lp,3,yield_2y,44,-0.015984189931087724,NA,NA,NA,NA,NA,NA
cheia_p4_lp,3,ibc_br,44,-0.37593277681527504,NA,NA,NA,NA,NA,NA
cheia_p4_lp,3,asset_ibov,44,-4.189574286288769,NA,NA,NA,NA,NA,NA
cheia_p4_lp,3,cds_5y,44,-30.89783999277717,NA,NA,NA,NA,NA,NA
cheia_p4_lp,3,price_ipca,44,-0.37411709559183065,NA,NA,NA,NA,NA,NA
cheia_p4_lp,3,cambio_usd,45,-0.13429684530254124,NA,NA,NA,NA,NA,NA
cheia_p4_lp,3,yield_6m,45,-0.01317073215462154,NA,NA,NA,NA,NA,NA
cheia_p4_lp,3,yield_2y,45,-0.015927441972798086,NA,NA,NA,NA,NA,NA
cheia_p4_lp,3,ibc_br,45,-0.34806193621786924,NA,NA,NA,NA,NA,NA
cheia_p4_lp,3,asset_ibov,45,-4.2500139865399555,NA,NA,NA,NA,NA,NA
cheia_p4_lp,3,cds_5y,45,-30.946616739815937,NA,NA,NA,NA,NA,NA
cheia_p4_lp,3,price_ipca,45,-0.36666695878485994,NA,NA,NA,NA,NA,NA
cheia_p4_lp,3,cambio_usd,46,-0.1343119148596321,NA,NA,NA,NA,NA,NA
cheia_p4_lp,3,yield_6m,46,-0.01311581714156964,NA,NA,NA,NA,NA,NA
cheia_p4_lp,3,yield_2y,46,-0.015839126467804367,NA,NA,NA,NA,NA,NA
cheia_p4_lp,3,ibc_br,46,-0.32034140851189863,NA,NA,NA,NA,NA,NA
cheia_p4_lp,3,asset_ibov,46,-4.300130742430845,NA,NA,NA,NA,NA,NA
cheia_p4_lp,3,cds_5y,46,-30.927537182717806,NA,NA,NA,NA,NA,NA
cheia_p4_lp,3,price_ipca,46,-0.3586737605383886,NA,NA,NA,NA,NA,NA
cheia_p4_lp,3,cambio_usd,47,-0.13403717266847,NA,NA,NA,NA,NA,NA
cheia_p4_lp,3,yield_6m,47,-0.013035333962403415,NA,NA,NA,NA,NA,NA
cheia_p4_lp,3,yield_2y,47,-0.01572039276677749,NA,NA,NA,NA,NA,NA
cheia_p4_lp,3,ibc_br,47,-0.2928251480716467,NA,NA,NA,NA,NA,NA
cheia_p4_lp,3,asset_ibov,47,-4.340068437012676,NA,NA,NA,NA,NA,NA
cheia_p4_lp,3,cds_5y,47,-30.842966594520572,NA,NA,NA,NA,NA,NA
cheia_p4_lp,3,price_ipca,47,-0.3501729061462354,NA,NA,NA,NA,NA,NA
cheia_p4_lp,3,cambio_usd,48,-0.13348382646448628,NA,NA,NA,NA,NA,NA
cheia_p4_lp,3,yield_6m,48,-0.012930202707693506,NA,NA,NA,NA,NA,NA
cheia_p4_lp,3,yield_2y,48,-0.01557242979671302,NA,NA,NA,NA,NA,NA
cheia_p4_lp,3,ibc_br,48,-0.2655650777326738,NA,NA,NA,NA,NA,NA
cheia_p4_lp,3,asset_ibov,48,-4.369997265859278,NA,NA,NA,NA,NA,NA
cheia_p4_lp,3,cds_5y,48,-30.69532782183319,NA,NA,NA,NA,NA,NA
cheia_p4_lp,3,price_ipca,48,-0.3411997360730776,NA,NA,NA,NA,NA,NA
cheia_p4_lp,2,cambio_usd,0,0.30681563112028515,NA,NA,NA,NA,NA,NA
cheia_p4_lp,2,yield_6m,0,0.005,NA,NA,NA,NA,NA,NA
cheia_p4_lp,2,yield_2y,0,0.010575542312105194,NA,NA,NA,NA,NA,NA
cheia_p4_lp,2,ibc_br,0,-1.6476188392623328,NA,NA,NA,NA,NA,NA
cheia_p4_lp,2,asset_ibov,0,-12.750369956920379,NA,NA,NA,NA,NA,NA
cheia_p4_lp,2,cds_5y,0,75.41267071766494,NA,NA,NA,NA,NA,NA
cheia_p4_lp,2,price_ipca,0,-0.20519541892410625,NA,NA,NA,NA,NA,NA
cheia_p4_lp,2,cambio_usd,1,0.4103691166833182,NA,NA,NA,NA,NA,NA
cheia_p4_lp,2,yield_6m,1,0.007320987240781117,NA,NA,NA,NA,NA,NA
cheia_p4_lp,2,yield_2y,1,0.013658560498652012,NA,NA,NA,NA,NA,NA
cheia_p4_lp,2,ibc_br,1,-1.313819251210753,NA,NA,NA,NA,NA,NA
cheia_p4_lp,2,asset_ibov,1,-5.2294874324700675,NA,NA,NA,NA,NA,NA
cheia_p4_lp,2,cds_5y,1,75.44619184667884,NA,NA,NA,NA,NA,NA
cheia_p4_lp,2,price_ipca,1,-0.17889970711250025,NA,NA,NA,NA,NA,NA
cheia_p4_lp,2,cambio_usd,2,0.36362301639441363,NA,NA,NA,NA,NA,NA
cheia_p4_lp,2,yield_6m,2,0.007687729338453722,NA,NA,NA,NA,NA,NA
cheia_p4_lp,2,yield_2y,2,0.012353552595929913,NA,NA,NA,NA,NA,NA
cheia_p4_lp,2,ibc_br,2,-1.1132493452341112,NA,NA,NA,NA,NA,NA
cheia_p4_lp,2,asset_ibov,2,3.1718507420336066,NA,NA,NA,NA,NA,NA
cheia_p4_lp,2,cds_5y,2,55.40175496950386,NA,NA,NA,NA,NA,NA
cheia_p4_lp,2,price_ipca,2,-0.149906134307902,NA,NA,NA,NA,NA,NA
cheia_p4_lp,2,cambio_usd,3,0.36617818292834414,NA,NA,NA,NA,NA,NA
cheia_p4_lp,2,yield_6m,3,0.007921223206742779,NA,NA,NA,NA,NA,NA
cheia_p4_lp,2,yield_2y,3,0.013033186635885312,NA,NA,NA,NA,NA,NA
cheia_p4_lp,2,ibc_br,3,-1.2302530202919066,NA,NA,NA,NA,NA,NA
cheia_p4_lp,2,asset_ibov,3,0.7524380249020091,NA,NA,NA,NA,NA,NA
cheia_p4_lp,2,cds_5y,3,61.419655864447506,NA,NA,NA,NA,NA,NA
cheia_p4_lp,2,price_ipca,3,-0.11386441514785457,NA,NA,NA,NA,NA,NA
cheia_p4_lp,2,cambio_usd,4,0.30826740670539077,NA,NA,NA,NA,NA,NA
cheia_p4_lp,2,yield_6m,4,0.006860088390867375,NA,NA,NA,NA,NA,NA
cheia_p4_lp,2,yield_2y,4,0.011697064891276412,NA,NA,NA,NA,NA,NA
cheia_p4_lp,2,ibc_br,4,-1.0405711019870334,NA,NA,NA,NA,NA,NA
cheia_p4_lp,2,asset_ibov,4,-0.24693956963589664,NA,NA,NA,NA,NA,NA
cheia_p4_lp,2,cds_5y,4,54.6025641801087,NA,NA,NA,NA,NA,NA
cheia_p4_lp,2,price_ipca,4,0.042319760980051,NA,NA,NA,NA,NA,NA
cheia_p4_lp,2,cambio_usd,5,0.24996700903456723,NA,NA,NA,NA,NA,NA
cheia_p4_lp,2,yield_6m,5,0.005968956727544272,NA,NA,NA,NA,NA,NA
cheia_p4_lp,2,yield_2y,5,0.009620649390719571,NA,NA,NA,NA,NA,NA
cheia_p4_lp,2,ibc_br,5,-0.9788368290187436,NA,NA,NA,NA,NA,NA
cheia_p4_lp,2,asset_ibov,5,2.3102260706735454,NA,NA,NA,NA,NA,NA
cheia_p4_lp,2,cds_5y,5,41.96362207897648,NA,NA,NA,NA,NA,NA
cheia_p4_lp,2,price_ipca,5,0.05311891358835469,NA,NA,NA,NA,NA,NA
cheia_p4_lp,2,cambio_usd,6,0.22931261820284113,NA,NA,NA,NA,NA,NA
cheia_p4_lp,2,yield_6m,6,0.005286748922791255,NA,NA,NA,NA,NA,NA
cheia_p4_lp,2,yield_2y,6,0.008529463214104123,NA,NA,NA,NA,NA,NA
cheia_p4_lp,2,ibc_br,6,-1.0239478158647137,NA,NA,NA,NA,NA,NA
cheia_p4_lp,2,asset_ibov,6,1.977714485882063,NA,NA,NA,NA,NA,NA
cheia_p4_lp,2,cds_5y,6,39.13680374794154,NA,NA,NA,NA,NA,NA
cheia_p4_lp,2,price_ipca,6,0.011888133612929728,NA,NA,NA,NA,NA,NA
cheia_p4_lp,2,cambio_usd,7,0.19913811555712965,NA,NA,NA,NA,NA,NA
cheia_p4_lp,2,yield_6m,7,0.004389855648514597,NA,NA,NA,NA,NA,NA
cheia_p4_lp,2,yield_2y,7,0.00721160827556927,NA,NA,NA,NA,NA,NA
cheia_p4_lp,2,ibc_br,7,-0.9884582786171643,NA,NA,NA,NA,NA,NA
cheia_p4_lp,2,asset_ibov,7,1.5464575717489093,NA,NA,NA,NA,NA,NA
cheia_p4_lp,2,cds_5y,7,34.69724205339687,NA,NA,NA,NA,NA,NA
cheia_p4_lp,2,price_ipca,7,0.008540018115798784,NA,NA,NA,NA,NA,NA
cheia_p4_lp,2,cambio_usd,8,0.16395180440918183,NA,NA,NA,NA,NA,NA
cheia_p4_lp,2,yield_6m,8,0.0035192050233640877,NA,NA,NA,NA,NA,NA
cheia_p4_lp,2,yield_2y,8,0.005662766201131966,NA,NA,NA,NA,NA,NA
cheia_p4_lp,2,ibc_br,8,-0.9647433017187789,NA,NA,NA,NA,NA,NA
cheia_p4_lp,2,asset_ibov,8,2.229442820047812,NA,NA,NA,NA,NA,NA
cheia_p4_lp,2,cds_5y,8,27.874165003775452,NA,NA,NA,NA,NA,NA
cheia_p4_lp,2,price_ipca,8,-0.007378502267083248,NA,NA,NA,NA,NA,NA
cheia_p4_lp,2,cambio_usd,9,0.14285881521551233,NA,NA,NA,NA,NA,NA
cheia_p4_lp,2,yield_6m,9,0.0027607292118457228,NA,NA,NA,NA,NA,NA
cheia_p4_lp,2,yield_2y,9,0.004470866108717019,NA,NA,NA,NA,NA,NA
cheia_p4_lp,2,ibc_br,9,-0.9798756376262521,NA,NA,NA,NA,NA,NA
cheia_p4_lp,2,asset_ibov,9,2.162899722480069,NA,NA,NA,NA,NA,NA
cheia_p4_lp,2,cds_5y,9,24.201523874227824,NA,NA,NA,NA,NA,NA
cheia_p4_lp,2,price_ipca,9,-0.044120325655984685,NA,NA,NA,NA,NA,NA
cheia_p4_lp,2,cambio_usd,10,0.12308323303613565,NA,NA,NA,NA,NA,NA
cheia_p4_lp,2,yield_6m,10,0.0019824867559379788,NA,NA,NA,NA,NA,NA
cheia_p4_lp,2,yield_2y,10,0.0033425009835848095,NA,NA,NA,NA,NA,NA
cheia_p4_lp,2,ibc_br,10,-0.9732576793029643,NA,NA,NA,NA,NA,NA
cheia_p4_lp,2,asset_ibov,10,1.8526219302804028,NA,NA,NA,NA,NA,NA
cheia_p4_lp,2,cds_5y,10,20.947282099429618,NA,NA,NA,NA,NA,NA
cheia_p4_lp,2,price_ipca,10,-0.0709087235321574,NA,NA,NA,NA,NA,NA
cheia_p4_lp,2,cambio_usd,11,0.10276573480776514,NA,NA,NA,NA,NA,NA
cheia_p4_lp,2,yield_6m,11,0.0012265018848627773,NA,NA,NA,NA,NA,NA
cheia_p4_lp,2,yield_2y,11,0.002188597822377387,NA,NA,NA,NA,NA,NA
cheia_p4_lp,2,ibc_br,11,-0.9638199364288714,NA,NA,NA,NA,NA,NA
cheia_p4_lp,2,asset_ibov,11,1.8796099545005513,NA,NA,NA,NA,NA,NA
cheia_p4_lp,2,cds_5y,11,17.085529811735526,NA,NA,NA,NA,NA,NA
cheia_p4_lp,2,price_ipca,11,-0.09677016676594369,NA,NA,NA,NA,NA,NA
cheia_p4_lp,2,cambio_usd,12,0.08731635106425045,NA,NA,NA,NA,NA,NA
cheia_p4_lp,2,yield_6m,12,5.234857173003005e-4,NA,NA,NA,NA,NA,NA
cheia_p4_lp,2,yield_2y,12,0.001165050831582686,NA,NA,NA,NA,NA,NA
cheia_p4_lp,2,ibc_br,12,-0.967218632905233,NA,NA,NA,NA,NA,NA
cheia_p4_lp,2,asset_ibov,12,1.7565524759943778,NA,NA,NA,NA,NA,NA
cheia_p4_lp,2,cds_5y,12,14.16345748028102,NA,NA,NA,NA,NA,NA
cheia_p4_lp,2,price_ipca,12,-0.12769838401435712,NA,NA,NA,NA,NA,NA
cheia_p4_lp,2,cambio_usd,13,0.07327442130837854,NA,NA,NA,NA,NA,NA
cheia_p4_lp,2,yield_6m,13,-1.7551522840568657e-4,NA,NA,NA,NA,NA,NA
cheia_p4_lp,2,yield_2y,13,1.9381394027105192e-4,NA,NA,NA,NA,NA,NA
cheia_p4_lp,2,ibc_br,13,-0.9639789034101655,NA,NA,NA,NA,NA,NA
cheia_p4_lp,2,asset_ibov,13,1.517374212496597,NA,NA,NA,NA,NA,NA
cheia_p4_lp,2,cds_5y,13,11.571220965191742,NA,NA,NA,NA,NA,NA
cheia_p4_lp,2,price_ipca,13,-0.15490026717476857,NA,NA,NA,NA,NA,NA
cheia_p4_lp,2,cambio_usd,14,0.059146301245704365,NA,NA,NA,NA,NA,NA
cheia_p4_lp,2,yield_6m,14,-8.687524811461892e-4,NA,NA,NA,NA,NA,NA
cheia_p4_lp,2,yield_2y,14,-7.740834472243956e-4,NA,NA,NA,NA,NA,NA
cheia_p4_lp,2,ibc_br,14,-0.9569618750565377,NA,NA,NA,NA,NA,NA
cheia_p4_lp,2,asset_ibov,14,1.3634319808453543,NA,NA,NA,NA,NA,NA
cheia_p4_lp,2,cds_5y,14,8.827171111070092,NA,NA,NA,NA,NA,NA
cheia_p4_lp,2,price_ipca,14,-0.1790492250740383,NA,NA,NA,NA,NA,NA
cheia_p4_lp,2,cambio_usd,15,0.04653300477871529,NA,NA,NA,NA,NA,NA
cheia_p4_lp,2,yield_6m,15,-0.0015433558067562277,NA,NA,NA,NA,NA,NA
cheia_p4_lp,2,yield_2y,15,-0.0016956554634794392,NA,NA,NA,NA,NA,NA
cheia_p4_lp,2,ibc_br,15,-0.9532075255710569,NA,NA,NA,NA,NA,NA
cheia_p4_lp,2,asset_ibov,15,1.178951205211446,NA,NA,NA,NA,NA,NA
cheia_p4_lp,2,cds_5y,15,6.359457333387353,NA,NA,NA,NA,NA,NA
cheia_p4_lp,2,price_ipca,15,-0.20294602638467882,NA,NA,NA,NA,NA,NA
cheia_p4_lp,2,cambio_usd,16,0.03468138770373803,NA,NA,NA,NA,NA,NA
cheia_p4_lp,2,yield_6m,16,-0.002213015524275408,NA,NA,NA,NA,NA,NA
cheia_p4_lp,2,yield_2y,16,-0.0025885926520407307,NA,NA,NA,NA,NA,NA
cheia_p4_lp,2,ibc_br,16,-0.9470365852026558,NA,NA,NA,NA,NA,NA
cheia_p4_lp,2,asset_ibov,16,0.9497763460906243,NA,NA,NA,NA,NA,NA
cheia_p4_lp,2,cds_5y,16,4.053700708689741,NA,NA,NA,NA,NA,NA
cheia_p4_lp,2,price_ipca,16,-0.22484444158602204,NA,NA,NA,NA,NA,NA
cheia_p4_lp,2,cambio_usd,17,0.02297429346827101,NA,NA,NA,NA,NA,NA
cheia_p4_lp,2,yield_6m,17,-0.002878286310362537,NA,NA,NA,NA,NA,NA
cheia_p4_lp,2,yield_2y,17,-0.0034704621410924885,NA,NA,NA,NA,NA,NA
cheia_p4_lp,2,ibc_br,17,-0.9382956289069937,NA,NA,NA,NA,NA,NA
cheia_p4_lp,2,asset_ibov,17,0.7393866520838241,NA,NA,NA,NA,NA,NA
cheia_p4_lp,2,cds_5y,17,1.7345955401645783,NA,NA,NA,NA,NA,NA
cheia_p4_lp,2,price_ipca,17,-0.24458593066667292,NA,NA,NA,NA,NA,NA
cheia_p4_lp,2,cambio_usd,18,0.011887143264704931,NA,NA,NA,NA,NA,NA
cheia_p4_lp,2,yield_6m,18,-0.003532600929431417,NA,NA,NA,NA,NA,NA
cheia_p4_lp,2,yield_2y,18,-0.0043273332933396035,NA,NA,NA,NA,NA,NA
cheia_p4_lp,2,ibc_br,18,-0.9296894366516162,NA,NA,NA,NA,NA,NA
cheia_p4_lp,2,asset_ibov,18,0.5222521813514748,NA,NA,NA,NA,NA,NA
cheia_p4_lp,2,cds_5y,18,-0.47687243510186855,NA,NA,NA,NA,NA,NA
cheia_p4_lp,2,price_ipca,18,-0.2631398330127827,NA,NA,NA,NA,NA,NA
cheia_p4_lp,2,cambio_usd,19,0.0012957951322762151,NA,NA,NA,NA,NA,NA
cheia_p4_lp,2,yield_6m,19,-0.004177913742380195,NA,NA,NA,NA,NA,NA
cheia_p4_lp,2,yield_2y,19,-0.0051610976284591804,NA,NA,NA,NA,NA,NA
cheia_p4_lp,2,ibc_br,19,-0.919693090081504,NA,NA,NA,NA,NA,NA
cheia_p4_lp,2,asset_ibov,19,0.2894463292252401,NA,NA,NA,NA,NA,NA
cheia_p4_lp,2,cds_5y,19,-2.592926241535536,NA,NA,NA,NA,NA,NA
cheia_p4_lp,2,price_ipca,19,-0.2802738398800311,NA,NA,NA,NA,NA,NA
cheia_p4_lp,2,cambio_usd,20,-0.0090029373697145,NA,NA,NA,NA,NA,NA
cheia_p4_lp,2,yield_6m,20,-0.00481324240087569,NA,NA,NA,NA,NA,NA
cheia_p4_lp,2,yield_2y,20,-0.005976105834739092,NA,NA,NA,NA,NA,NA
cheia_p4_lp,2,ibc_br,20,-0.9079285472729296,NA,NA,NA,NA,NA,NA
cheia_p4_lp,2,asset_ibov,20,0.06055023019825019,NA,NA,NA,NA,NA,NA
cheia_p4_lp,2,cds_5y,20,-4.669405948368983,NA,NA,NA,NA,NA,NA
cheia_p4_lp,2,price_ipca,20,-0.29591501953014804,NA,NA,NA,NA,NA,NA
cheia_p4_lp,2,cambio_usd,21,-0.01885649712261545,NA,NA,NA,NA,NA,NA
cheia_p4_lp,2,yield_6m,21,-0.005434516033991195,NA,NA,NA,NA,NA,NA
cheia_p4_lp,2,yield_2y,21,-0.006766311572097627,NA,NA,NA,NA,NA,NA
cheia_p4_lp,2,ibc_br,21,-0.8953589555359497,NA,NA,NA,NA,NA,NA
cheia_p4_lp,2,asset_ibov,21,-0.16935480855591706,NA,NA,NA,NA,NA,NA
cheia_p4_lp,2,cds_5y,21,-6.668677666091468,NA,NA,NA,NA,NA,NA
cheia_p4_lp,2,price_ipca,21,-0.3103667579081699,NA,NA,NA,NA,NA,NA
cheia_p4_lp,2,cambio_usd,22,-0.028264258048937976,NA,NA,NA,NA,NA,NA
cheia_p4_lp,2,yield_6m,22,-0.00604041525501116,NA,NA,NA,NA,NA,NA
cheia_p4_lp,2,yield_2y,22,-0.007529969176912644,NA,NA,NA,NA,NA,NA
cheia_p4_lp,2,ibc_br,22,-0.8816369786738667,NA,NA,NA,NA,NA,NA
cheia_p4_lp,2,asset_ibov,22,-0.4034131285169784,NA,NA,NA,NA,NA,NA
cheia_p4_lp,2,cds_5y,22,-8.58577542001356,NA,NA,NA,NA,NA,NA
cheia_p4_lp,2,price_ipca,22,-0.32363633884405274,NA,NA,NA,NA,NA,NA
cheia_p4_lp,2,cambio_usd,23,-0.03728650749758792,NA,NA,NA,NA,NA,NA
cheia_p4_lp,2,yield_6m,23,-0.006629296295596831,NA,NA,NA,NA,NA,NA
cheia_p4_lp,2,yield_2y,23,-0.008267126106532649,NA,NA,NA,NA,NA,NA
cheia_p4_lp,2,ibc_br,23,-0.8665607697830119,NA,NA,NA,NA,NA,NA
cheia_p4_lp,2,asset_ibov,23,-0.6350559992091187,NA,NA,NA,NA,NA,NA
cheia_p4_lp,2,cds_5y,23,-10.436898756851399,NA,NA,NA,NA,NA,NA
cheia_p4_lp,2,price_ipca,23,-0.3357118955755477,NA,NA,NA,NA,NA,NA
cheia_p4_lp,2,cambio_usd,24,-0.04587374613592563,NA,NA,NA,NA,NA,NA
cheia_p4_lp,2,yield_6m,24,-0.007198470118341189,NA,NA,NA,NA,NA,NA
cheia_p4_lp,2,yield_2y,24,-0.008974585255018317,NA,NA,NA,NA,NA,NA
cheia_p4_lp,2,ibc_br,24,-0.8504698611909178,NA,NA,NA,NA,NA,NA
cheia_p4_lp,2,asset_ibov,24,-0.8646173832370916,NA,NA,NA,NA,NA,NA
cheia_p4_lp,2,cds_5y,24,-12.20923691160213,NA,NA,NA,NA,NA,NA
cheia_p4_lp,2,price_ipca,24,-0.3466851097905086,NA,NA,NA,NA,NA,NA
cheia_p4_lp,2,cambio_usd,25,-0.05401502126178777,NA,NA,NA,NA,NA,NA
cheia_p4_lp,2,yield_6m,25,-0.007746216187493965,NA,NA,NA,NA,NA,NA
cheia_p4_lp,2,yield_2y,25,-0.009650417289355848,NA,NA,NA,NA,NA,NA
cheia_p4_lp,2,ibc_br,25,-0.8333278364974139,NA,NA,NA,NA,NA,NA
cheia_p4_lp,2,asset_ibov,25,-1.092768233579148,NA,NA,NA,NA,NA,NA
cheia_p4_lp,2,cds_5y,25,-13.897787086081149,NA,NA,NA,NA,NA,NA
cheia_p4_lp,2,price_ipca,25,-0.3565752259871913,NA,NA,NA,NA,NA,NA
cheia_p4_lp,2,cambio_usd,26,-0.06172994800088318,NA,NA,NA,NA,NA,NA
cheia_p4_lp,2,yield_6m,26,-0.008271025289138286,NA,NA,NA,NA,NA,NA
cheia_p4_lp,2,yield_2y,26,-0.010293742913473593,NA,NA,NA,NA,NA,NA
cheia_p4_lp,2,ibc_br,26,-0.8150730012029513,NA,NA,NA,NA,NA,NA
cheia_p4_lp,2,asset_ibov,26,-1.3169033214967725,NA,NA,NA,NA,NA,NA
cheia_p4_lp,2,cds_5y,26,-15.506880914453378,NA,NA,NA,NA,NA,NA
cheia_p4_lp,2,price_ipca,26,-0.3653870135924891,NA,NA,NA,NA,NA,NA
cheia_p4_lp,2,cambio_usd,27,-0.06900541604367934,NA,NA,NA,NA,NA,NA
cheia_p4_lp,2,yield_6m,27,-0.008771153232913912,NA,NA,NA,NA,NA,NA
cheia_p4_lp,2,yield_2y,27,-0.010902796375182098,NA,NA,NA,NA,NA,NA
cheia_p4_lp,2,ibc_br,27,-0.7958444796812275,NA,NA,NA,NA,NA,NA
cheia_p4_lp,2,asset_ibov,27,-1.5364264800988545,NA,NA,NA,NA,NA,NA
cheia_p4_lp,2,cds_5y,27,-17.032092263307874,NA,NA,NA,NA,NA,NA
cheia_p4_lp,2,price_ipca,27,-0.3731540747137771,NA,NA,NA,NA,NA,NA
cheia_p4_lp,2,cambio_usd,28,-0.07583781314489932,NA,NA,NA,NA,NA,NA
cheia_p4_lp,2,yield_6m,28,-0.00924527029026484,NA,NA,NA,NA,NA,NA
cheia_p4_lp,2,yield_2y,28,-0.011476257374627121,NA,NA,NA,NA,NA,NA
cheia_p4_lp,2,ibc_br,28,-0.7756839218268569,NA,NA,NA,NA,NA,NA
cheia_p4_lp,2,asset_ibov,28,-1.7511677790472537,NA,NA,NA,NA,NA,NA
cheia_p4_lp,2,cds_5y,28,-18.47069266710884,NA,NA,NA,NA,NA,NA
cheia_p4_lp,2,price_ipca,28,-0.37989217130213954,NA,NA,NA,NA,NA,NA
cheia_p4_lp,2,cambio_usd,29,-0.08223700917425017,NA,NA,NA,NA,NA,NA
cheia_p4_lp,2,yield_6m,29,-0.00969229848040315,NA,NA,NA,NA,NA,NA
cheia_p4_lp,2,yield_2y,29,-0.012013389986607734,NA,NA,NA,NA,NA,NA
cheia_p4_lp,2,ibc_br,29,-0.7546032741417519,NA,NA,NA,NA,NA,NA
cheia_p4_lp,2,asset_ibov,29,-1.9598652413806588,NA,NA,NA,NA,NA,NA
cheia_p4_lp,2,cds_5y,29,-19.823926096940195,NA,NA,NA,NA,NA,NA
cheia_p4_lp,2,price_ipca,29,-0.3856133376338399,NA,NA,NA,NA,NA,NA
cheia_p4_lp,2,cambio_usd,30,-0.08820356485539332,NA,NA,NA,NA,NA,NA
cheia_p4_lp,2,yield_6m,30,-0.010111198952415723,NA,NA,NA,NA,NA,NA
cheia_p4_lp,2,yield_2y,30,-0.012513315837760046,NA,NA,NA,NA,NA,NA
cheia_p4_lp,2,ibc_br,30,-0.732684762508177,NA,NA,NA,NA,NA,NA
cheia_p4_lp,2,asset_ibov,30,-2.161861949268458,NA,NA,NA,NA,NA,NA
cheia_p4_lp,2,cds_5y,30,-21.090589277640156,NA,NA,NA,NA,NA,NA
cheia_p4_lp,2,price_ipca,30,-0.39033980828783604,NA,NA,NA,NA,NA,NA
cheia_p4_lp,2,cambio_usd,31,-0.0937401576993971,NA,NA,NA,NA,NA,NA
cheia_p4_lp,2,yield_6m,31,-0.010501164612112724,NA,NA,NA,NA,NA,NA
cheia_p4_lp,2,yield_2y,31,-0.012975373410861668,NA,NA,NA,NA,NA,NA
cheia_p4_lp,2,ibc_br,31,-0.7099893218632773,NA,NA,NA,NA,NA,NA
cheia_p4_lp,2,asset_ibov,31,-2.356784146650729,NA,NA,NA,NA,NA,NA
cheia_p4_lp,2,cds_5y,31,-22.26978896251493,NA,NA,NA,NA,NA,NA
cheia_p4_lp,2,price_ipca,31,-0.3940901974127393,NA,NA,NA,NA,NA,NA
cheia_p4_lp,2,cambio_usd,32,-0.09885504564102154,NA,NA,NA,NA,NA,NA
cheia_p4_lp,2,yield_6m,32,-0.010861592082372844,NA,NA,NA,NA,NA,NA
cheia_p4_lp,2,yield_2y,32,-0.013399233521652796,NA,NA,NA,NA,NA,NA
cheia_p4_lp,2,ibc_br,32,-0.6865623039330293,NA,NA,NA,NA,NA,NA
cheia_p4_lp,2,asset_ibov,32,-2.543921550062887,NA,NA,NA,NA,NA,NA
cheia_p4_lp,2,cds_5y,32,-23.36229904686429,NA,NA,NA,NA,NA,NA
cheia_p4_lp,2,price_ipca,32,-0.3968832903660963,NA,NA,NA,NA,NA,NA
cheia_p4_lp,2,cambio_usd,33,-0.10355410621263252,NA,NA,NA,NA,NA,NA
cheia_p4_lp,2,yield_6m,33,-0.011191989457607934,NA,NA,NA,NA,NA,NA
cheia_p4_lp,2,yield_2y,33,-0.013784634591432941,NA,NA,NA,NA,NA,NA
cheia_p4_lp,2,ibc_br,33,-0.6624723988570621,NA,NA,NA,NA,NA,NA
cheia_p4_lp,2,asset_ibov,33,-2.722761695198838,NA,NA,NA,NA,NA,NA
cheia_p4_lp,2,cds_5y,33,-24.368351667828993,NA,NA,NA,NA,NA,NA
cheia_p4_lp,2,price_ipca,33,-0.39874273513373537,NA,NA,NA,NA,NA,NA
cheia_p4_lp,2,cambio_usd,34,-0.10784362662246441,NA,NA,NA,NA,NA,NA
cheia_p4_lp,2,yield_6m,34,-0.011492024994079543,NA,NA,NA,NA,NA,NA
cheia_p4_lp,2,yield_2y,34,-0.014131461409447836,NA,NA,NA,NA,NA,NA
cheia_p4_lp,2,ibc_br,34,-0.6377851558580504,NA,NA,NA,NA,NA,NA
cheia_p4_lp,2,asset_ibov,34,-2.8929609054947156,NA,NA,NA,NA,NA,NA
cheia_p4_lp,2,cds_5y,34,-25.28825267407822,NA,NA,NA,NA,NA,NA
cheia_p4_lp,2,price_ipca,34,-0.39969236176704587,NA,NA,NA,NA,NA,NA
cheia_p4_lp,2,cambio_usd,35,-0.11173215097648757,NA,NA,NA,NA,NA,NA
cheia_p4_lp,2,yield_6m,35,-0.011761522454184976,NA,NA,NA,NA,NA,NA
cheia_p4_lp,2,yield_2y,35,-0.014439801893997066,NA,NA,NA,NA,NA,NA
cheia_p4_lp,2,ibc_br,35,-0.6125593167736739,NA,NA,NA,NA,NA,NA
cheia_p4_lp,2,asset_ibov,35,-3.0540997537508776,NA,NA,NA,NA,NA,NA
cheia_p4_lp,2,cds_5y,35,-26.12302287812239,NA,NA,NA,NA,NA,NA
cheia_p4_lp,2,price_ipca,35,-0.3997569962581833,NA,NA,NA,NA,NA,NA
cheia_p4_lp,2,cambio_usd,36,-0.11522780828030206,NA,NA,NA,NA,NA,NA
cheia_p4_lp,2,yield_6m,36,-0.012000421149134967,NA,NA,NA,NA,NA,NA
cheia_p4_lp,2,yield_2y,36,-0.014709852225817999,NA,NA,NA,NA,NA,NA
cheia_p4_lp,2,ibc_br,36,-0.5868606747268276,NA,NA,NA,NA,NA,NA
cheia_p4_lp,2,asset_ibov,36,-3.2058413671273183,NA,NA,NA,NA,NA,NA
cheia_p4_lp,2,cds_5y,36,-26.87367049290409,NA,NA,NA,NA,NA,NA
cheia_p4_lp,2,price_ipca,36,-0.398964134376779,NA,NA,NA,NA,NA,NA
cheia_p4_lp,2,cambio_usd,37,-0.11833884703758989,NA,NA,NA,NA,NA,NA
cheia_p4_lp,2,yield_6m,37,-0.012208782403336463,NA,NA,NA,NA,NA,NA
cheia_p4_lp,2,yield_2y,37,-0.014941923262129325,NA,NA,NA,NA,NA,NA
cheia_p4_lp,2,ibc_br,37,-0.5607549094605061,NA,NA,NA,NA,NA,NA
cheia_p4_lp,2,asset_ibov,37,-3.347950369670155,NA,NA,NA,NA,NA,NA
cheia_p4_lp,2,cds_5y,37,-27.541272968775633,NA,NA,NA,NA,NA,NA
cheia_p4_lp,2,price_ipca,37,-0.39734222569719474,NA,NA,NA,NA,NA,NA
cheia_p4_lp,2,cambio_usd,38,-0.12107445793158228,NA,NA,NA,NA,NA,NA
cheia_p4_lp,2,yield_6m,38,-0.012386785893061452,NA,NA,NA,NA,NA,NA
cheia_p4_lp,2,yield_2y,38,-0.015136460813903263,NA,NA,NA,NA,NA,NA
cheia_p4_lp,2,ibc_br,38,-0.5343045685218379,NA,NA,NA,NA,NA,NA
cheia_p4_lp,2,asset_ibov,38,-3.480200273914348,NA,NA,NA,NA,NA,NA
cheia_p4_lp,2,cds_5y,38,-28.127240192816654,NA,NA,NA,NA,NA,NA
cheia_p4_lp,2,price_ipca,38,-0.39492063867730376,NA,NA,NA,NA,NA,NA
cheia_p4_lp,2,cambio_usd,39,-0.12344391870441784,NA,NA,NA,NA,NA,NA
cheia_p4_lp,2,yield_6m,39,-0.012534710570710688,NA,NA,NA,NA,NA,NA
cheia_p4_lp,2,yield_2y,39,-0.015294010249670796,NA,NA,NA,NA,NA,NA
cheia_p4_lp,2,ibc_br,39,-0.5075736065900761,NA,NA,NA,NA,NA,NA
cheia_p4_lp,2,asset_ibov,39,-3.6024147866889322,NA,NA,NA,NA,NA,NA
cheia_p4_lp,2,cds_5y,39,-28.633085565158648,NA,NA,NA,NA,NA,NA
cheia_p4_lp,2,price_ipca,39,-0.39173022854098166,NA,NA,NA,NA,NA,NA
cheia_p4_lp,2,cambio_usd,40,-0.1254566210828544,NA,NA,NA,NA,NA,NA
cheia_p4_lp,2,yield_6m,40,-0.012652930150095157,NA,NA,NA,NA,NA,NA
cheia_p4_lp,2,yield_2y,40,-0.015415208268777106,NA,NA,NA,NA,NA,NA
cheia_p4_lp,2,ibc_br,40,-0.4806255769844944,NA,NA,NA,NA,NA,NA
cheia_p4_lp,2,asset_ibov,40,-3.7144829734942,NA,NA,NA,NA,NA,NA
cheia_p4_lp,2,cds_5y,40,-29.060404603686862,NA,NA,NA,NA,NA,NA
cheia_p4_lp,2,price_ipca,40,-0.387802678503758,NA,NA,NA,NA,NA,NA
cheia_p4_lp,2,cambio_usd,41,-0.1271223940731424,NA,NA,NA,NA,NA,NA
cheia_p4_lp,2,yield_6m,41,-0.012741908032409266,NA,NA,NA,NA,NA,NA
cheia_p4_lp,2,yield_2y,41,-0.015500786307732058,NA,NA,NA,NA,NA,NA
cheia_p4_lp,2,ibc_br,41,-0.45352203845144834,NA,NA,NA,NA,NA,NA
cheia_p4_lp,2,asset_ibov,41,-3.8163252474767075,NA,NA,NA,NA,NA,NA
cheia_p4_lp,2,cds_5y,41,-29.410969644741453,NA,NA,NA,NA,NA,NA
cheia_p4_lp,2,price_ipca,41,-0.3831703009665457,NA,NA,NA,NA,NA,NA
cheia_p4_lp,2,cambio_usd,42,-0.12845124159357924,NA,NA,NA,NA,NA,NA
cheia_p4_lp,2,yield_6m,42,-0.012802186376653646,NA,NA,NA,NA,NA,NA
cheia_p4_lp,2,yield_2y,42,-0.015551555099320982,NA,NA,NA,NA,NA,NA
cheia_p4_lp,2,ibc_br,42,-0.4263238889240703,NA,NA,NA,NA,NA,NA
cheia_p4_lp,2,asset_ibov,42,-3.9079010191034014,NA,NA,NA,NA,NA,NA
cheia_p4_lp,2,cds_5y,42,-29.68665917742812,NA,NA,NA,NA,NA,NA
cheia_p4_lp,2,price_ipca,42,-0.3778661783263907,NA,NA,NA,NA,NA,NA
cheia_p4_lp,2,cambio_usd,43,-0.12945329279953477,NA,NA,NA,NA,NA,NA
cheia_p4_lp,2,yield_6m,43,-0.012834379596987995,NA,NA,NA,NA,NA,NA
cheia_p4_lp,2,yield_2y,43,-0.015568395629671482,NA,NA,NA,NA,NA,NA
cheia_p4_lp,2,ibc_br,43,-0.3990909238124698,NA,NA,NA,NA,NA,NA
cheia_p4_lp,2,asset_ibov,43,-3.9892153848959175,NA,NA,NA,NA,NA,NA
cheia_p4_lp,2,cds_5y,43,-29.88943085328768,NA,NA,NA,NA,NA,NA
cheia_p4_lp,2,price_ipca,43,-0.37192388466282056,NA,NA,NA,NA,NA,NA
cheia_p4_lp,2,cambio_usd,44,-0.13013891249797974,NA,NA,NA,NA,NA,NA
cheia_p4_lp,2,yield_6m,44,-0.012839168741164567,NA,NA,NA,NA,NA,NA
cheia_p4_lp,2,yield_2y,44,-0.015552256174083805,NA,NA,NA,NA,NA,NA
cheia_p4_lp,2,ibc_br,44,-0.3718810983941826,NA,NA,NA,NA,NA,NA
cheia_p4_lp,2,asset_ibov,44,-4.060306418200501,NA,NA,NA,NA,NA,NA
cheia_p4_lp,2,cds_5y,44,-30.021349390455363,NA,NA,NA,NA,NA,NA
cheia_p4_lp,2,price_ipca,44,-0.3653773081415643,NA,NA,NA,NA,NA,NA
cheia_p4_lp,2,cambio_usd,45,-0.13051861973912182,NA,NA,NA,NA,NA,NA
cheia_p4_lp,2,yield_6m,45,-0.012817293951647074,NA,NA,NA,NA,NA,NA
cheia_p4_lp,2,yield_2y,45,-0.015504143545582222,NA,NA,NA,NA,NA,NA
cheia_p4_lp,2,ibc_br,45,-0.34475084536706485,NA,NA,NA,NA,NA,NA
cheia_p4_lp,2,asset_ibov,45,-4.121244386079974,NA,NA,NA,NA,NA,NA
cheia_p4_lp,2,cds_5y,45,-30.08456284702304,NA,NA,NA,NA,NA,NA
cheia_p4_lp,2,price_ipca,45,-0.3582606366778932,NA,NA,NA,NA,NA,NA
cheia_p4_lp,2,cambio_usd,46,-0.13060304555807853,NA,NA,NA,NA,NA,NA
cheia_p4_lp,2,yield_6m,46,-0.012769548320361026,NA,NA,NA,NA,NA,NA
cheia_p4_lp,2,yield_2y,46,-0.015425115611297193,NA,NA,NA,NA,NA,NA
cheia_p4_lp,2,ibc_br,46,-0.31775494999218473,NA,NA,NA,NA,NA,NA
cheia_p4_lp,2,asset_ibov,46,-4.172133340520365,NA,NA,NA,NA,NA,NA
cheia_p4_lp,2,cds_5y,46,-30.081284189898128,NA,NA,NA,NA,NA,NA
cheia_p4_lp,2,price_ipca,46,-0.3506082144388543,NA,NA,NA,NA,NA,NA
cheia_p4_lp,2,cambio_usd,47,-0.130402960857925,NA,NA,NA,NA,NA,NA
cheia_p4_lp,2,yield_6m,47,-0.012696772500507665,NA,NA,NA,NA,NA,NA
cheia_p4_lp,2,yield_2y,47,-0.015316276550279728,NA,NA,NA,NA,NA,NA
cheia_p4_lp,2,ibc_br,47,-0.2909462212684325,NA,NA,NA,NA,NA,NA
cheia_p4_lp,2,asset_ibov,47,-4.213105735080628,NA,NA,NA,NA,NA,NA
cheia_p4_lp,2,cds_5y,47,-30.0137953617879,NA,NA,NA,NA,NA,NA
cheia_p4_lp,2,price_ipca,47,-0.34245441117947983,NA,NA,NA,NA,NA,NA
cheia_p4_lp,2,cambio_usd,48,-0.12992924564566788,NA,NA,NA,NA,NA,NA
cheia_p4_lp,2,yield_6m,48,-0.012599848862899075,NA,NA,NA,NA,NA,NA
cheia_p4_lp,2,yield_2y,48,-0.015178770612568695,NA,NA,NA,NA,NA,NA
cheia_p4_lp,2,ibc_br,48,-0.26437552488405724,NA,NA,NA,NA,NA,NA
cheia_p4_lp,2,asset_ibov,48,-4.244320117009612,NA,NA,NA,NA,NA,NA
cheia_p4_lp,2,cds_5y,48,-29.884436608012535,NA,NA,NA,NA,NA,NA
cheia_p4_lp,2,price_ipca,48,-0.3338335622148103,NA,NA,NA,NA,NA,NA
