var_do_var,core,h,point
embi_perc,ind_transformacao,0,-1.4068704733696702
embi_perc,ind_transformacao,1,-0.260236403733121
embi_perc,ind_transformacao,2,0.30260735550810175
embi_perc,ind_transformacao,3,0.2556494964280465
embi_perc,ind_transformacao,4,0.3226707384772881
embi_perc,ind_transformacao,5,-0.07133818084118443
embi_perc,ind_transformacao,6,-0.12090465287341509
embi_perc,ind_transformacao,7,-0.0855347359704676
embi_perc,ind_transformacao,8,-0.3227363303198393
embi_perc,ind_transformacao,9,-0.568514869167826
embi_perc,ind_transformacao,10,-0.6245840273502218
embi_perc,ind_transformacao,11,-0.6242062755524128
embi_perc,ind_transformacao,12,-0.6101716439028784
embi_perc,ind_transformacao,13,-0.5180962535707331
embi_perc,ind_transformacao,14,-0.43789851310287325
embi_perc,ind_transformacao,15,-0.40722185224091756
embi_perc,ind_transformacao,16,-0.3667707338344702
embi_perc,ind_transformacao,17,-0.3579343080670864
embi_perc,ind_transformacao,18,-0.37269802728600626
embi_perc,ind_transformacao,19,-0.3828601405787059
embi_perc,ind_transformacao,20,-0.3864635886173246
embi_perc,ind_transformacao,21,-0.37557854999691165
embi_perc,ind_transformacao,22,-0.34865780094291976
embi_perc,ind_transformacao,23,-0.3041677775157384
embi_perc,ind_transformacao,24,-0.2509468041566261
embi_perc,ind_transformacao,25,-0.19722592429707092
embi_perc,ind_transformacao,26,-0.14576899219720751
embi_perc,ind_transformacao,27,-0.10292391342458386
embi_perc,ind_transformacao,28,-0.06889921175257158
embi_perc,ind_transformacao,29,-0.04149448653216815
embi_perc,ind_transformacao,30,-0.018924063242572377
embi_perc,ind_transformacao,31,0.0023875076298991915
embi_perc,ind_transformacao,32,0.024539854919893363
embi_perc,ind_transformacao,33,0.04874428449432305
embi_perc,ind_transformacao,34,0.07476118013164147
embi_perc,ind_transformacao,35,0.10122446175699343
embi_perc,ind_transformacao,36,0.1266211022549209
embi_perc,ind_transformacao,37,0.14913633649466584
embi_perc,ind_transformacao,38,0.1676960801107182
embi_perc,ind_transformacao,39,0.18191900720061926
embi_perc,ind_transformacao,40,0.19198607683941823
embi_perc,ind_transformacao,41,0.19869339601582817
embi_perc,ind_transformacao,42,0.20293445661192538
embi_perc,ind_transformacao,43,0.2055508418501405
embi_perc,ind_transformacao,44,0.2071160526671681
embi_perc,ind_transformacao,45,0.20783563575891795
embi_perc,ind_transformacao,46,0.20764668523601917
embi_perc,ind_transformacao,47,0.20627743137064375
embi_perc,ind_transformacao,48,0.2034345251790759
embi_perc,price_ipca,0,-3.1747195490083115e-4
embi_perc,price_ipca,1,0.08604308216474227
embi_perc,price_ipca,2,0.1029229764176925
embi_perc,price_ipca,3,0.04938308853962051
embi_perc,price_ipca,4,0.10643092735028327
embi_perc,price_ipca,5,0.1541071498755368
embi_perc,price_ipca,6,0.08576071119030672
embi_perc,price_ipca,7,0.08204830194250681
embi_perc,price_ipca,8,0.05411113852413396
embi_perc,price_ipca,9,0.011327066963720177
embi_perc,price_ipca,10,5.102509282294816e-4
embi_perc,price_ipca,11,-0.010813132649495792
embi_perc,price_ipca,12,-0.008605377222262942
embi_perc,price_ipca,13,-0.0072194094589242775
embi_perc,price_ipca,14,-0.002388079895311087
embi_perc,price_ipca,15,0.0030372884713734654
embi_perc,price_ipca,16,-9.751813257956143e-4
embi_perc,price_ipca,17,-0.004431670433141262
embi_perc,price_ipca,18,-0.01246056553107085
embi_perc,price_ipca,19,-0.022903921266272373
embi_perc,price_ipca,20,-0.030782828527364643
embi_perc,price_ipca,21,-0.03781284427785872
embi_perc,price_ipca,22,-0.04123255742443499
embi_perc,price_ipca,23,-0.042097130359355195
embi_perc,price_ipca,24,-0.04106202875058948
embi_perc,price_ipca,25,-0.0386918761451504
embi_perc,price_ipca,26,-0.03669689188826439
embi_perc,price_ipca,27,-0.03501825381709111
embi_perc,price_ipca,28,-0.034320629441937166
embi_perc,price_ipca,29,-0.03444727301458955
embi_perc,price_ipca,30,-0.03477985936502343
embi_perc,price_ipca,31,-0.03511549653335539
embi_perc,price_ipca,32,-0.03484710986763962
embi_perc,price_ipca,33,-0.033818489460657075
embi_perc,price_ipca,34,-0.032023369858554515
embi_perc,price_ipca,35,-0.029561514349605817
embi_perc,price_ipca,36,-0.026771499442024293
embi_perc,price_ipca,37,-0.02388305977251511
embi_perc,price_ipca,38,-0.02114949759160078
embi_perc,price_ipca,39,-0.018700202987739972
embi_perc,price_ipca,40,-0.016533076229451514
embi_perc,price_ipca,41,-0.01460588546017582
embi_perc,price_ipca,42,-0.012793632510958343
embi_perc,price_ipca,43,-0.010994717415517774
embi_perc,price_ipca,44,-0.009139249833390858
embi_perc,price_ipca,45,-0.007200111816918112
embi_perc,price_ipca,46,-0.005213040021830451
embi_perc,price_ipca,47,-0.0032372022709351808
embi_perc,price_ipca,48,-0.0013498177698413115
embi_perc,yield_6m,0,0.005
embi_perc,yield_6m,1,0.006260660261029866
embi_perc,yield_6m,2,0.007203627700517321
embi_perc,yield_6m,3,0.009139671562185429
embi_perc,yield_6m,4,0.009843691339870906
embi_perc,yield_6m,5,0.010431757820181265
embi_perc,yield_6m,6,0.011318945249842121
embi_perc,yield_6m,7,0.011738684734688917
embi_perc,yield_6m,8,0.012157517289423311
embi_perc,yield_6m,9,0.012470858284034325
embi_perc,yield_6m,10,0.012605193814231683
embi_perc,yield_6m,11,0.012605352956534033
embi_perc,yield_6m,12,0.012506703841074386
embi_perc,yield_6m,13,0.012333437747171234
embi_perc,yield_6m,14,0.012017155934064548
embi_perc,yield_6m,15,0.011608578375151286
embi_perc,yield_6m,16,0.011129613737266144
embi_perc,yield_6m,17,0.010574092408968037
embi_perc,yield_6m,18,0.009976601975366673
embi_perc,yield_6m,19,0.009339924671143668
embi_perc,yield_6m,20,0.00867168248519716
embi_perc,yield_6m,21,0.007982980109516442
embi_perc,yield_6m,22,0.007277174311137655
embi_perc,yield_6m,23,0.0065627725262662985
embi_perc,yield_6m,24,0.005842181566600055
embi_perc,yield_6m,25,0.0051233902736648376
embi_perc,yield_6m,26,0.0044128134366512636
embi_perc,yield_6m,27,0.0037154639859973033
embi_perc,yield_6m,28,0.0030394828811067948
embi_perc,yield_6m,29,0.0023896700384255587
embi_perc,yield_6m,30,0.001770919026362926
embi_perc,yield_6m,31,0.0011871765558576954
embi_perc,yield_6m,32,6.405830788587882e-4
embi_perc,yield_6m,33,1.3315581882087437e-4
embi_perc,yield_6m,34,-3.3426211672245553e-4
embi_perc,yield_6m,35,-7.609518274530916e-4
embi_perc,yield_6m,36,-0.001146473937140305
embi_perc,yield_6m,37,-0.0014907360507489678
embi_perc,yield_6m,38,-0.0017935694486024601
embi_perc,yield_6m,39,-0.0020552521527437387
embi_perc,yield_6m,40,-0.002276295876486903
embi_perc,yield_6m,41,-0.0024575769911064182
embi_perc,yield_6m,42,-0.0026004472401731167
embi_perc,yield_6m,43,-0.002706562361048266
embi_perc,yield_6m,44,-0.002777939525317199
embi_perc,yield_6m,45,-0.0028168021618913686
embi_perc,yield_6m,46,-0.0028255045450211926
embi_perc,yield_6m,47,-0.002806481005203041
embi_perc,yield_6m,48,-0.0027621548210639973
cds_5y,ind_transformacao,0,-1.0687626375620982
cds_5y,ind_transformacao,1,0.09158466732527734
cds_5y,ind_transformacao,2,0.5746561139915692
cds_5y,ind_transformacao,3,0.5030851251373618
cds_5y,ind_transformacao,4,0.5444885706700174
cds_5y,ind_transformacao,5,0.12187180195457681
cds_5y,ind_transformacao,6,-0.007997148104149494
cds_5y,ind_transformacao,7,0.0397837188273933
cds_5y,ind_transformacao,8,-0.20623879742402987
cds_5y,ind_transformacao,9,-0.48769317709761795
cds_5y,ind_transformacao,10,-0.5175668832508836
cds_5y,ind_transformacao,11,-0.5218847465375154
cds_5y,ind_transformacao,12,-0.5450846929868272
cds_5y,ind_transformacao,13,-0.45728119376668686
cds_5y,ind_transformacao,14,-0.3791731439321562
cds_5y,ind_transformacao,15,-0.35011318513723116
cds_5y,ind_transformacao,16,-0.3070130983664863
cds_5y,ind_transformacao,17,-0.29401652734420447
cds_5y,ind_transformacao,18,-0.3113350691049593
cds_5y,ind_transformacao,19,-0.3240598842407619
cds_5y,ind_transformacao,20,-0.32806403473537304
cds_5y,ind_transformacao,21,-0.3243469602397249
cds_5y,ind_transformacao,22,-0.303250467929026
cds_5y,ind_transformacao,23,-0.2616650306218401
cds_5y,ind_transformacao,24,-0.21237617826221492
cds_5y,ind_transformacao,25,-0.15974984579935536
cds_5y,ind_transformacao,26,-0.10649511933494568
cds_5y,ind_transformacao,27,-0.0613195069741123
cds_5y,ind_transformacao,28,-0.024936939292539286
cds_5y,ind_transformacao,29,0.004599250817953142
cds_5y,ind_transformacao,30,0.028049175905307405
cds_5y,ind_transformacao,31,0.04847989928270196
cds_5y,ind_transformacao,32,0.06902112289371672
cds_5y,ind_transformacao,33,0.09108312963603711
cds_5y,ind_transformacao,34,0.11475434650038363
cds_5y,ind_transformacao,35,0.13958552195354298
cds_5y,ind_transformacao,36,0.16414117415916266
cds_5y,ind_transformacao,37,0.18649944389389833
cds_5y,ind_transformacao,38,0.20545909701444653
cds_5y,ind_transformacao,39,0.220240073855542
cds_5y,ind_transformacao,40,0.2306071593882249
cds_5y,ind_transformacao,41,0.23709284023762112
cds_5y,ind_transformacao,42,0.2405181911245065
cds_5y,ind_transformacao,43,0.2417432653537295
cds_5y,ind_transformacao,44,0.24152123330633526
cds_5y,ind_transformacao,45,0.24032296633364092
cds_5y,ind_transformacao,46,0.23827634350461624
cds_5y,ind_transformacao,47,0.2352553001330985
cds_5y,ind_transformacao,48,0.23101958597510475
cds_5y,price_ipca,0,-0.01477519960865519
cds_5y,price_ipca,1,0.08419514110710952
cds_5y,price_ipca,2,0.10003023959847251
cds_5y,price_ipca,3,0.045954420881337756
cds_5y,price_ipca,4,0.10377341928887723
cds_5y,price_ipca,5,0.15302733375843214
cds_5y,price_ipca,6,0.08471472225672529
cds_5y,price_ipca,7,0.07729660570126119
cds_5y,price_ipca,8,0.05334759381929732
cds_5y,price_ipca,9,0.010523363690109852
cds_5y,price_ipca,10,-0.0015308081783721944
cds_5y,price_ipca,11,-0.01104415487194724
cds_5y,price_ipca,12,-0.012136230726781175
cds_5y,price_ipca,13,-0.009976135051792658
cds_5y,price_ipca,14,-0.0029000407260140366
cds_5y,price_ipca,15,0.0015502858464877239
cds_5y,price_ipca,16,-0.0018781072217979441
cds_5y,price_ipca,17,-0.004267385834647809
cds_5y,price_ipca,18,-0.012104050312843758
cds_5y,price_ipca,19,-0.02282535109980485
cds_5y,price_ipca,20,-0.030932392734895564
cds_5y,price_ipca,21,-0.038360289497622824
cds_5y,price_ipca,22,-0.04292432432360286
cds_5y,price_ipca,23,-0.04433533074129247
cds_5y,price_ipca,24,-0.04358675559551097
cds_5y,price_ipca,25,-0.04155388875620105
cds_5y,price_ipca,26,-0.03931119752671658
cds_5y,price_ipca,27,-0.03725939503795257
cds_5y,price_ipca,28,-0.03622148761939421
cds_5y,price_ipca,29,-0.03602436280330911
cds_5y,price_ipca,30,-0.03619997023140677
cds_5y,price_ipca,31,-0.03656749058184096
cds_5y,price_ipca,32,-0.03651627466590993
cds_5y,price_ipca,33,-0.0357423793767077
cds_5y,price_ipca,34,-0.03419467457632965
cds_5y,price_ipca,35,-0.031909687276738444
cds_5y,price_ipca,36,-0.02912380230625972
cds_5y,price_ipca,37,-0.026109891981230295
cds_5y,price_ipca,38,-0.023143936396705738
cds_5y,price_ipca,39,-0.02039681195436204
cds_5y,price_ipca,40,-0.01794174686038141
cds_5y,price_ipca,41,-0.015775332194401005
cds_5y,price_ipca,42,-0.013798022219015847
cds_5y,price_ipca,43,-0.01190357954215983
cds_5y,price_ipca,44,-0.010001178506393234
cds_5y,price_ipca,45,-0.008031348075011132
cds_5y,price_ipca,46,-0.005993587203246345
cds_5y,price_ipca,47,-0.003928832133250493
cds_5y,price_ipca,48,-0.0019051486757205125
cds_5y,yield_6m,0,0.005
cds_5y,yield_6m,1,0.006270387244552502
cds_5y,yield_6m,2,0.0073351212845021605
cds_5y,yield_6m,3,0.009288323696452258
cds_5y,yield_6m,4,0.010117828762867698
cds_5y,yield_6m,5,0.010783879527805754
cds_5y,yield_6m,6,0.011773164852439724
cds_5y,yield_6m,7,0.012280077245605954
cds_5y,yield_6m,8,0.012758303926830758
cds_5y,yield_6m,9,0.01318959985320814
cds_5y,yield_6m,10,0.013419117735105823
cds_5y,yield_6m,11,0.013479542654228798
cds_5y,yield_6m,12,0.013439545870411533
cds_5y,yield_6m,13,0.01330365878087724
cds_5y,yield_6m,14,0.012992294067015133
cds_5y,yield_6m,15,0.012585178754476869
cds_5y,yield_6m,16,0.012102887605803074
cds_5y,yield_6m,17,0.011519078327587974
cds_5y,yield_6m,18,0.010888738514656883
cds_5y,yield_6m,19,0.01022100347467771
cds_5y,yield_6m,20,0.009512091403877704
cds_5y,yield_6m,21,0.008780020562445675
cds_5y,yield_6m,22,0.008030611844320908
cds_5y,yield_6m,23,0.007265832034479022
cds_5y,yield_6m,24,0.006490047316961535
cds_5y,yield_6m,25,0.005713065616800948
cds_5y,yield_6m,26,0.004940010104604715
cds_5y,yield_6m,27,0.0041768148234235985
cds_5y,yield_6m,28,0.003434034038564002
cds_5y,yield_6m,29,0.002717327308865438
cds_5y,yield_6m,30,0.0020321242101424973
cds_5y,yield_6m,31,0.0013840795579529706
cds_5y,yield_6m,32,7.758441664610917e-4
cds_5y,yield_6m,33,2.0932300035269493e-4
cds_5y,yield_6m,34,-3.141280143463559e-4
cds_5y,yield_6m,35,-7.938013079382752e-4
cds_5y,yield_6m,36,-0.0012293967325228466
cds_5y,yield_6m,37,-0.0016205803435984088
cds_5y,yield_6m,38,-0.0019669615278869496
cds_5y,yield_6m,39,-0.0022685814294598357
cds_5y,yield_6m,40,-0.002525623355511
cds_5y,yield_6m,41,-0.0027386257363678983
cds_5y,yield_6m,42,-0.0029087427206835655
cds_5y,yield_6m,43,-0.0030375364316913684
cds_5y,yield_6m,44,-0.003127000750486993
cds_5y,yield_6m,45,-0.0031794922205064277
cds_5y,yield_6m,46,-0.003197567738663528
cds_5y,yield_6m,47,-0.003183883862148716
cds_5y,yield_6m,48,-0.003141119522297574
spread_icc_fisica,ind_transformacao,0,-1.1153929397243267
spread_icc_fisica,ind_transformacao,1,-0.2932641256116439
spread_icc_fisica,ind_transformacao,2,-0.05623311206428081
spread_icc_fisica,ind_transformacao,3,-0.16576656809825824
spread_icc_fisica,ind_transformacao,4,-0.07748141468129716
spread_icc_fisica,ind_transformacao,5,-0.45877109628780427
spread_icc_fisica,ind_transformacao,6,-0.4675555676421015
spread_icc_fisica,ind_transformacao,7,-0.38823774921503523
spread_icc_fisica,ind_transformacao,8,-0.5773204655277806
spread_icc_fisica,ind_transformacao,9,-0.6706126090012675
spread_icc_fisica,ind_transformacao,10,-0.6363987391125925
spread_icc_fisica,ind_transformacao,11,-0.6414846767604441
spread_icc_fisica,ind_transformacao,12,-0.6210193059178927
spread_icc_fisica,ind_transformacao,13,-0.5198653677199772
spread_icc_fisica,ind_transformacao,14,-0.42847806268554783
spread_icc_fisica,ind_transformacao,15,-0.35756811190523513
spread_icc_fisica,ind_transformacao,16,-0.28942403619368334
spread_icc_fisica,ind_transformacao,17,-0.25285539929139117
spread_icc_fisica,ind_transformacao,18,-0.23678428402674637
spread_icc_fisica,ind_transformacao,19,-0.22571023771351392
spread_icc_fisica,ind_transformacao,20,-0.22156216891569158
spread_icc_fisica,ind_transformacao,21,-0.2123280761468633
spread_icc_fisica,ind_transformacao,22,-0.1921991449464838
spread_icc_fisica,ind_transformacao,23,-0.16476845270982463
spread_icc_fisica,ind_transformacao,24,-0.13109538782580324
spread_icc_fisica,ind_transformacao,25,-0.09322138091485827
spread_icc_fisica,ind_transformacao,26,-0.0564913965726962
spread_icc_fisica,ind_transformacao,27,-0.023924224088924476
spread_icc_fisica,ind_transformacao,28,0.003885241194163978
spread_icc_fisica,ind_transformacao,29,0.026213353192981785
spread_icc_fisica,ind_transformacao,30,0.04389064113721626
spread_icc_fisica,ind_transformacao,31,0.05877898498844559
spread_icc_fisica,ind_transformacao,32,0.07213616567677422
spread_icc_fisica,ind_transformacao,33,0.0850316353199235
spread_icc_fisica,ind_transformacao,34,0.09803904606813156
spread_icc_fisica,ind_transformacao,35,0.11096150924907695
spread_icc_fisica,ind_transformacao,36,0.12327010143108114
spread_icc_fisica,ind_transformacao,37,0.13429435132834341
spread_icc_fisica,ind_transformacao,38,0.1433533822981426
spread_icc_fisica,ind_transformacao,39,0.15000981371436503
spread_icc_fisica,ind_transformacao,40,0.15414171570678462
spread_icc_fisica,ind_transformacao,41,0.15586093154346764
spread_icc_fisica,ind_transformacao,42,0.15546816645841
spread_icc_fisica,ind_transformacao,43,0.15335854256798026
spread_icc_fisica,ind_transformacao,44,0.1498903071183537
spread_icc_fisica,ind_transformacao,45,0.14533574808264907
spread_icc_fisica,ind_transformacao,46,0.1398628626183859
spread_icc_fisica,ind_transformacao,47,0.13353610309532368
spread_icc_fisica,ind_transformacao,48,0.1263590545123234
spread_icc_fisica,price_ipca,0,-0.06875046765710165
spread_icc_fisica,price_ipca,1,0.012647170050492576
spread_icc_fisica,price_ipca,2,0.02059725944563356
spread_icc_fisica,price_ipca,3,-0.042528620212461225
spread_icc_fisica,price_ipca,4,0.0247151403120267
spread_icc_fisica,price_ipca,5,0.07460141890172756
spread_icc_fisica,price_ipca,6,0.0343078834501682
spread_icc_fisica,price_ipca,7,0.03275838914659866
spread_icc_fisica,price_ipca,8,0.02286105857107253
spread_icc_fisica,price_ipca,9,-0.0042341548769008605
spread_icc_fisica,price_ipca,10,-0.019052734968041447
spread_icc_fisica,price_ipca,11,-0.02806541268073622
spread_icc_fisica,price_ipca,12,-0.03324882098681961
spread_icc_fisica,price_ipca,13,-0.03163852869843306
spread_icc_fisica,price_ipca,14,-0.026428165922797984
spread_icc_fisica,price_ipca,15,-0.02282310082789199
spread_icc_fisica,price_ipca,16,-0.01945025255595267
spread_icc_fisica,price_ipca,17,-0.017595864813588918
spread_icc_fisica,price_ipca,18,-0.019477302567788
spread_icc_fisica,price_ipca,19,-0.022188002313036876
spread_icc_fisica,price_ipca,20,-0.02537462429222943
spread_icc_fisica,price_ipca,21,-0.02876206180551744
spread_icc_fisica,price_ipca,22,-0.03076863499564916
spread_icc_fisica,price_ipca,23,-0.03132442649879765
spread_icc_fisica,price_ipca,24,-0.030671893850948075
spread_icc_fisica,price_ipca,25,-0.028934349636402176
spread_icc_fisica,price_ipca,26,-0.026591489005198282
spread_icc_fisica,price_ipca,27,-0.024176508610386276
spread_icc_fisica,price_ipca,28,-0.0219521201835852
spread_icc_fisica,price_ipca,29,-0.02003361603267685
spread_icc_fisica,price_ipca,30,-0.018463595381607797
spread_icc_fisica,price_ipca,31,-0.017079808049250706
spread_icc_fisica,price_ipca,32,-0.01570178866445019
spread_icc_fisica,price_ipca,33,-0.014202512315182894
spread_icc_fisica,price_ipca,34,-0.012470905862449451
spread_icc_fisica,price_ipca,35,-0.010489333884581602
spread_icc_fisica,price_ipca,36,-0.00831540805609825
spread_icc_fisica,price_ipca,37,-0.006035608155612323
spread_icc_fisica,price_ipca,38,-0.0037548694833799507
spread_icc_fisica,price_ipca,39,-0.0015679249113726965
spread_icc_fisica,price_ipca,40,4.636857935720159e-4
spread_icc_fisica,price_ipca,41,0.002312951029232753
spread_icc_fisica,price_ipca,42,0.003980225087216887
spread_icc_fisica,price_ipca,43,0.005486045587141076
spread_icc_fisica,price_ipca,44,0.006857014585150487
spread_icc_fisica,price_ipca,45,0.00811355236332787
spread_icc_fisica,price_ipca,46,0.00926576196135747
spread_icc_fisica,price_ipca,47,0.010311173909141885
spread_icc_fisica,price_ipca,48,0.011237059669170888
spread_icc_fisica,yield_6m,0,0.005
spread_icc_fisica,yield_6m,1,0.00588985012888836
spread_icc_fisica,yield_6m,2,0.0064254892148453615
spread_icc_fisica,yield_6m,3,0.0077551396005221375
spread_icc_fisica,yield_6m,4,0.007825452565188578
spread_icc_fisica,yield_6m,5,0.007714047510238491
spread_icc_fisica,yield_6m,6,0.00786151610629369
spread_icc_fisica,yield_6m,7,0.007721430090681491
spread_icc_fisica,yield_6m,8,0.007417440331527591
spread_icc_fisica,yield_6m,9,0.007158846817510215
spread_icc_fisica,yield_6m,10,0.0067940777902260815
spread_icc_fisica,yield_6m,11,0.006347307451392689
spread_icc_fisica,yield_6m,12,0.005940952828789401
spread_icc_fisica,yield_6m,13,0.005483242699625138
spread_icc_fisica,yield_6m,14,0.004992212568984007
spread_icc_fisica,yield_6m,15,0.004518825431594615
spread_icc_fisica,yield_6m,16,0.004009482386987523
spread_icc_fisica,yield_6m,17,0.0034777492672920978
spread_icc_fisica,yield_6m,18,0.0029450275054616467
spread_icc_fisica,yield_6m,19,0.0024000019318932008
spread_icc_fisica,yield_6m,20,0.0018520948162636778
spread_icc_fisica,yield_6m,21,0.001314723094975883
spread_icc_fisica,yield_6m,22,7.906769205475149e-4
spread_icc_fisica,yield_6m,23,2.848449515974186e-4
spread_icc_fisica,yield_6m,24,-1.9522675426087026e-4
spread_icc_fisica,yield_6m,25,-6.478121117040453e-4
spread_icc_fisica,yield_6m,26,-0.0010712100585663555
spread_icc_fisica,yield_6m,27,-0.001462104557984784
spread_icc_fisica,yield_6m,28,-0.0018199490592064125
spread_icc_fisica,yield_6m,29,-0.002143521953354681
spread_icc_fisica,yield_6m,30,-0.002430816332577878
spread_icc_fisica,yield_6m,31,-0.0026809007026782007
spread_icc_fisica,yield_6m,32,-0.0028927065729764364
spread_icc_fisica,yield_6m,33,-0.0030652554637880963
spread_icc_fisica,yield_6m,34,-0.0031983472141602276
spread_icc_fisica,yield_6m,35,-0.0032922777629100603
spread_icc_fisica,yield_6m,36,-0.00334775956228074
spread_icc_fisica,yield_6m,37,-0.003366085817403274
spread_icc_fisica,yield_6m,38,-0.003348964069487142
spread_icc_fisica,yield_6m,39,-0.003298331243028004
spread_icc_fisica,yield_6m,40,-0.0032163791159828554
spread_icc_fisica,yield_6m,41,-0.003105454375627899
spread_icc_fisica,yield_6m,42,-0.002967985692039111
spread_icc_fisica,yield_6m,43,-0.0028065186340776867
spread_icc_fisica,yield_6m,44,-0.0026236909356098475
spread_icc_fisica,yield_6m,45,-0.0024222206171140457
spread_icc_fisica,yield_6m,46,-0.002204914843136418
spread_icc_fisica,yield_6m,47,-0.0019746435830709026
spread_icc_fisica,yield_6m,48,-0.001734305869154262
spread_icc_juridica,ind_transformacao,0,-0.9080176652353569
spread_icc_juridica,ind_transformacao,1,-0.09083166479842428
spread_icc_juridica,ind_transformacao,2,0.27646832011759764
spread_icc_juridica,ind_transformacao,3,0.22207643562326249
spread_icc_juridica,ind_transformacao,4,0.3539431054918626
spread_icc_juridica,ind_transformacao,5,0.060183898833736836
spread_icc_juridica,ind_transformacao,6,-0.010764523847592456
spread_icc_juridica,ind_transformacao,7,0.10800292758246195
spread_icc_juridica,ind_transformacao,8,-0.019505441840567208
spread_icc_juridica,ind_transformacao,9,-0.12303434513978503
spread_icc_juridica,ind_transformacao,10,-0.04914480801839864
spread_icc_juridica,ind_transformacao,11,-0.023975239815708656
spread_icc_juridica,ind_transformacao,12,-0.051410265632690806
spread_icc_juridica,ind_transformacao,13,0.01523483880936676
spread_icc_juridica,ind_transformacao,14,0.08719667761269669
spread_icc_juridica,ind_transformacao,15,0.10622714856467318
spread_icc_juridica,ind_transformacao,16,0.12258633867065472
spread_icc_juridica,ind_transformacao,17,0.12496762818212954
spread_icc_juridica,ind_transformacao,18,0.10857880052344793
spread_icc_juridica,ind_transformacao,19,0.09305964664599342
spread_icc_juridica,ind_transformacao,20,0.079870021217031
spread_icc_juridica,ind_transformacao,21,0.06838946752462756
spread_icc_juridica,ind_transformacao,22,0.06580131222328246
spread_icc_juridica,ind_transformacao,23,0.07194636423347499
spread_icc_juridica,ind_transformacao,24,0.0813662803341983
spread_icc_juridica,ind_transformacao,25,0.09408301075062618
spread_icc_juridica,ind_transformacao,26,0.1086010243548099
spread_icc_juridica,ind_transformacao,27,0.1218333279014462
spread_icc_juridica,ind_transformacao,28,0.13397686427017172
spread_icc_juridica,ind_transformacao,29,0.14528710370249764
spread_icc_juridica,ind_transformacao,30,0.1555828088527384
spread_icc_juridica,ind_transformacao,31,0.1656076887871024
spread_icc_juridica,ind_transformacao,32,0.17607009258326545
spread_icc_juridica,ind_transformacao,33,0.18701807609711518
spread_icc_juridica,ind_transformacao,34,0.19838454332865568
spread_icc_juridica,ind_transformacao,35,0.21000913143157146
spread_icc_juridica,ind_transformacao,36,0.2213968268935896
spread_icc_juridica,ind_transformacao,37,0.23209377837143566
spread_icc_juridica,ind_transformacao,38,0.24177560306043916
spread_icc_juridica,ind_transformacao,39,0.25015025720486245
spread_icc_juridica,ind_transformacao,40,0.25707956747560157
spread_icc_juridica,ind_transformacao,41,0.2625611398324769
spread_icc_juridica,ind_transformacao,42,0.26663776960332225
spread_icc_juridica,ind_transformacao,43,0.2693806695189105
spread_icc_juridica,ind_transformacao,44,0.2708694695009766
spread_icc_juridica,ind_transformacao,45,0.2711531127441316
spread_icc_juridica,ind_transformacao,46,0.2702485090110239
spread_icc_juridica,ind_transformacao,47,0.26815874788056254
spread_icc_juridica,ind_transformacao,48,0.2648766198053247
spread_icc_juridica,price_ipca,0,-0.07731732776568698
spread_icc_juridica,price_ipca,1,0.016858590888180976
spread_icc_juridica,price_ipca,2,0.04419687446605337
spread_icc_juridica,price_ipca,3,-0.016640883273438167
spread_icc_juridica,price_ipca,4,0.05554718981620527
spread_icc_juridica,price_ipca,5,0.10414356301352601
spread_icc_juridica,price_ipca,6,0.0525190824023092
spread_icc_juridica,price_ipca,7,0.05252033244147891
spread_icc_juridica,price_ipca,8,0.0434485408870156
spread_icc_juridica,price_ipca,9,0.011644567659054764
spread_icc_juridica,price_ipca,10,-0.008149141847901727
spread_icc_juridica,price_ipca,11,-0.015305445666774824
spread_icc_juridica,price_ipca,12,-0.018080107705307633
spread_icc_juridica,price_ipca,13,-0.01772878453718981
spread_icc_juridica,price_ipca,14,-0.01107021456397206
spread_icc_juridica,price_ipca,15,-0.007988978295735473
spread_icc_juridica,price_ipca,16,-0.0061162594616755005
spread_icc_juridica,price_ipca,17,-0.00441447394043845
spread_icc_juridica,price_ipca,18,-0.006991933875166616
spread_icc_juridica,price_ipca,19,-0.010772799796355245
spread_icc_juridica,price_ipca,20,-0.014643508625749695
spread_icc_juridica,price_ipca,21,-0.01865365853118705
spread_icc_juridica,price_ipca,22,-0.02189262289280128
spread_icc_juridica,price_ipca,23,-0.02387304014240772
spread_icc_juridica,price_ipca,24,-0.02483833340713656
spread_icc_juridica,price_ipca,25,-0.02520513976662445
spread_icc_juridica,price_ipca,26,-0.025002568810210925
spread_icc_juridica,price_ipca,27,-0.02469414426553922
spread_icc_juridica,price_ipca,28,-0.024548515591152467
spread_icc_juridica,price_ipca,29,-0.024511314273537692
spread_icc_juridica,price_ipca,30,-0.024623257405335663
spread_icc_juridica,price_ipca,31,-0.024782969589546972
spread_icc_juridica,price_ipca,32,-0.024841024801482328
spread_icc_juridica,price_ipca,33,-0.024701931029900478
spread_icc_juridica,price_ipca,34,-0.024309928487014507
spread_icc_juridica,price_ipca,35,-0.023642438538081238
spread_icc_juridica,price_ipca,36,-0.022721469983244345
spread_icc_juridica,price_ipca,37,-0.02160991559300057
spread_icc_juridica,price_ipca,38,-0.020361970216799655
spread_icc_juridica,price_ipca,39,-0.019029683994690988
spread_icc_juridica,price_ipca,40,-0.01765523952267375
spread_icc_juridica,price_ipca,41,-0.016256247941491338
spread_icc_juridica,price_ipca,42,-0.014838528428267326
spread_icc_juridica,price_ipca,43,-0.013399911654008658
spread_icc_juridica,price_ipca,44,-0.011934719257534095
spread_icc_juridica,price_ipca,45,-0.010440121272070937
spread_icc_juridica,price_ipca,46,-0.008919574979139894
spread_icc_juridica,price_ipca,47,-0.007382570610347528
spread_icc_juridica,price_ipca,48,-0.005842920424143368
spread_icc_juridica,yield_6m,0,0.005
spread_icc_juridica,yield_6m,1,0.006073065956159327
spread_icc_juridica,yield_6m,2,0.006873194332130444
spread_icc_juridica,yield_6m,3,0.008392348226513937
spread_icc_juridica,yield_6m,4,0.008808136827474122
spread_icc_juridica,yield_6m,5,0.008907785745797819
spread_icc_juridica,yield_6m,6,0.009215912688161404
spread_icc_juridica,yield_6m,7,0.009378972115511492
spread_icc_juridica,yield_6m,8,0.009342618585377802
spread_icc_juridica,yield_6m,9,0.00933292473460536
spread_icc_juridica,yield_6m,10,0.009261437397870975
spread_icc_juridica,yield_6m,11,0.009046447432387361
spread_icc_juridica,yield_6m,12,0.008861532891026732
spread_icc_juridica,yield_6m,13,0.008633801913749807
spread_icc_juridica,yield_6m,14,0.008339876322838892
spread_icc_juridica,yield_6m,15,0.008039899339693088
spread_icc_juridica,yield_6m,16,0.0077021588393293774
spread_icc_juridica,yield_6m,17,0.007324083096388884
spread_icc_juridica,yield_6m,18,0.006924993157762449
spread_icc_juridica,yield_6m,19,0.006506522655996779
spread_icc_juridica,yield_6m,20,0.006063565581231024
spread_icc_juridica,yield_6m,21,0.0056043618139171416
spread_icc_juridica,yield_6m,22,0.005134442009501805
spread_icc_juridica,yield_6m,23,0.00465072998664274
spread_icc_juridica,yield_6m,24,0.004158623394586985
spread_icc_juridica,yield_6m,25,0.0036615134691009178
spread_icc_juridica,yield_6m,26,0.0031603685606737472
spread_icc_juridica,yield_6m,27,0.002659332043944892
spread_icc_juridica,yield_6m,28,0.002161855633450729
spread_icc_juridica,yield_6m,29,0.0016707673942901785
spread_icc_juridica,yield_6m,30,0.0011893736525088263
spread_icc_juridica,yield_6m,31,7.210653862832651e-4
spread_icc_juridica,yield_6m,32,2.6854543156445266e-4
spread_icc_juridica,yield_6m,33,-1.656177978905506e-4
spread_icc_juridica,yield_6m,34,-5.788847806286841e-4
spread_icc_juridica,yield_6m,35,-9.69291173556959e-4
spread_icc_juridica,yield_6m,36,-0.0013350325252637477
spread_icc_juridica,yield_6m,37,-0.0016744733473256243
spread_icc_juridica,yield_6m,38,-0.0019863161770518685
spread_icc_juridica,yield_6m,39,-0.0022694649372998845
spread_icc_juridica,yield_6m,40,-0.0025230351221022453
spread_icc_juridica,yield_6m,41,-0.002746397125100434
spread_icc_juridica,yield_6m,42,-0.002939169542285214
spread_icc_juridica,yield_6m,43,-0.003101196313485476
spread_icc_juridica,yield_6m,44,-0.0032325650454386955
spread_icc_juridica,yield_6m,45,-0.003333600535452382
spread_icc_juridica,yield_6m,46,-0.0034048342092515295
spread_icc_juridica,yield_6m,47,-0.0034470027608344556
spread_icc_juridica,yield_6m,48,-0.0034610295330432935
cambio_usd,ind_transformacao,0,-1.302185688242538
cambio_usd,ind_transformacao,1,0.1222542020260134
cambio_usd,ind_transformacao,2,0.38754962493254747
cambio_usd,ind_transformacao,3,0.17436631179376313
cambio_usd,ind_transformacao,4,0.22171937223585506
cambio_usd,ind_transformacao,5,-0.23832801216999247
cambio_usd,ind_transformacao,6,-0.21341212028473583
cambio_usd,ind_transformacao,7,-0.28376908606394624
cambio_usd,ind_transformacao,8,-0.5285176184361337
cambio_usd,ind_transformacao,9,-0.6340713405398383
cambio_usd,ind_transformacao,10,-0.7039467643266264
cambio_usd,ind_transformacao,11,-0.6380288598695268
cambio_usd,ind_transformacao,12,-0.5455760794305544
cambio_usd,ind_transformacao,13,-0.46218024668315044
cambio_usd,ind_transformacao,14,-0.36230335356018134
cambio_usd,ind_transformacao,15,-0.327759960657906
cambio_usd,ind_transformacao,16,-0.3365224748556054
cambio_usd,ind_transformacao,17,-0.33933011566334925
cambio_usd,ind_transformacao,18,-0.34849402604862606
cambio_usd,ind_transformacao,19,-0.35570248216421185
cambio_usd,ind_transformacao,20,-0.3479702532680791
cambio_usd,ind_transformacao,21,-0.32515796062189395
cambio_usd,ind_transformacao,22,-0.29062398795910094
cambio_usd,ind_transformacao,23,-0.24783413042956187
cambio_usd,ind_transformacao,24,-0.1997087270560365
cambio_usd,ind_transformacao,25,-0.15343939805627593
cambio_usd,ind_transformacao,26,-0.11373065086079878
cambio_usd,ind_transformacao,27,-0.08087760425919532
cambio_usd,ind_transformacao,28,-0.05495316202301861
cambio_usd,ind_transformacao,29,-0.034035247076792195
cambio_usd,ind_transformacao,30,-0.015546227051805441
cambio_usd,ind_transformacao,31,0.0022031744895535375
cambio_usd,ind_transformacao,32,0.020268785966236554
cambio_usd,ind_transformacao,33,0.0388540204736283
cambio_usd,ind_transformacao,34,0.057514594510090174
cambio_usd,ind_transformacao,35,0.07540241360098227
cambio_usd,ind_transformacao,36,0.09160117574393685
cambio_usd,ind_transformacao,37,0.10537257154098047
cambio_usd,ind_transformacao,38,0.11626247745414205
cambio_usd,ind_transformacao,39,0.12422908628528026
cambio_usd,ind_transformacao,40,0.1295503745762216
cambio_usd,ind_transformacao,41,0.13267826225249585
cambio_usd,ind_transformacao,42,0.13411841608558958
cambio_usd,ind_transformacao,43,0.13430172109517122
cambio_usd,ind_transformacao,44,0.13351512137908447
cambio_usd,ind_transformacao,45,0.13189886025246275
cambio_usd,ind_transformacao,46,0.1294818832102086
cambio_usd,ind_transformacao,47,0.1262316577577403
cambio_usd,ind_transformacao,48,0.12210919468695525
cambio_usd,price_ipca,0,0.016448428875711258
cambio_usd,price_ipca,1,0.10659458187689612
cambio_usd,price_ipca,2,0.09893990579190963
cambio_usd,price_ipca,3,0.029539354742190473
cambio_usd,price_ipca,4,0.0937499122459227
cambio_usd,price_ipca,5,0.15741930988096972
cambio_usd,price_ipca,6,0.07742110518877418
cambio_usd,price_ipca,7,0.056652115313118506
cambio_usd,price_ipca,8,0.04309187702851427
cambio_usd,price_ipca,9,-0.01076667820021484
cambio_usd,price_ipca,10,-0.02219808858950158
cambio_usd,price_ipca,11,-0.020701862680672495
cambio_usd,price_ipca,12,-0.023286706308828623
cambio_usd,price_ipca,13,-0.01655077711898481
cambio_usd,price_ipca,14,-0.009823067249674486
cambio_usd,price_ipca,15,-0.006864637646015138
cambio_usd,price_ipca,16,-0.006269103469055619
cambio_usd,price_ipca,17,-0.007383268625358217
cambio_usd,price_ipca,18,-0.011885849773112626
cambio_usd,price_ipca,19,-0.01853840890110772
cambio_usd,price_ipca,20,-0.024133070582160503
cambio_usd,price_ipca,21,-0.028612436679072904
cambio_usd,price_ipca,22,-0.0313469739989157
cambio_usd,price_ipca,23,-0.03154142252707759
cambio_usd,price_ipca,24,-0.030199980581598687
cambio_usd,price_ipca,25,-0.02819090491133577
cambio_usd,price_ipca,26,-0.025907655928782185
cambio_usd,price_ipca,27,-0.02386197006849087
cambio_usd,price_ipca,28,-0.0223617414924724
cambio_usd,price_ipca,29,-0.02134059730980754
cambio_usd,price_ipca,30,-0.02061971988791989
cambio_usd,price_ipca,31,-0.02001712000565078
cambio_usd,price_ipca,32,-0.019302448705271293
cambio_usd,price_ipca,33,-0.018295168753998458
cambio_usd,price_ipca,34,-0.016949790356709852
cambio_usd,price_ipca,35,-0.015306577260430491
cambio_usd,price_ipca,36,-0.013461059122921358
cambio_usd,price_ipca,37,-0.011549243547784239
cambio_usd,price_ipca,38,-0.00969362798414341
cambio_usd,price_ipca,39,-0.007973922117131967
cambio_usd,price_ipca,40,-0.006428379318791743
cambio_usd,price_ipca,41,-0.005055523902053546
cambio_usd,price_ipca,42,-0.0038255621929437007
cambio_usd,price_ipca,43,-0.0026990848440975822
cambio_usd,price_ipca,44,-0.0016412504001915075
cambio_usd,price_ipca,45,-6.29667598369612e-4
cambio_usd,price_ipca,46,3.418620072744539e-4
cambio_usd,price_ipca,47,0.0012647461075707426
cambio_usd,price_ipca,48,0.0021218466939451233
cambio_usd,yield_6m,0,0.005
cambio_usd,yield_6m,1,0.006126557529910244
cambio_usd,yield_6m,2,0.006999634044792686
cambio_usd,yield_6m,3,0.008816760516384385
cambio_usd,yield_6m,4,0.009182506029831146
cambio_usd,yield_6m,5,0.009265358221699311
cambio_usd,yield_6m,6,0.009881595032214606
cambio_usd,yield_6m,7,0.010186421194719616
cambio_usd,yield_6m,8,0.010276629410110615
cambio_usd,yield_6m,9,0.010455656363859527
cambio_usd,yield_6m,10,0.010474239574571815
cambio_usd,yield_6m,11,0.010327812195696166
cambio_usd,yield_6m,12,0.010152245942016603
cambio_usd,yield_6m,13,0.009895799640345317
cambio_usd,yield_6m,14,0.00951119024476665
cambio_usd,yield_6m,15,0.009060475949599599
cambio_usd,yield_6m,16,0.008539721906516978
cambio_usd,yield_6m,17,0.007944196713129913
cambio_usd,yield_6m,18,0.007327661877518871
cambio_usd,yield_6m,19,0.0067058665847160364
cambio_usd,yield_6m,20,0.006074787081211584
cambio_usd,yield_6m,21,0.005444766750145943
cambio_usd,yield_6m,22,0.004821733894011114
cambio_usd,yield_6m,23,0.0042047811766258774
cambio_usd,yield_6m,24,0.0035969595880193323
cambio_usd,yield_6m,25,0.003004643308596051
cambio_usd,yield_6m,26,0.002430141261018044
cambio_usd,yield_6m,27,0.0018766246217837969
cambio_usd,yield_6m,28,0.001349725395714511
cambio_usd,yield_6m,29,8.535585780281218e-4
cambio_usd,yield_6m,30,3.9146811404943923e-4
cambio_usd,yield_6m,31,-3.370799449565192e-5
cambio_usd,yield_6m,32,-4.206124650903273e-4
cambio_usd,yield_6m,33,-7.691571585454495e-4
cambio_usd,yield_6m,34,-0.0010798302763767866
cambio_usd,yield_6m,35,-0.001353508359181844
cambio_usd,yield_6m,36,-0.0015913982302518384
cambio_usd,yield_6m,37,-0.001794713702491259
cambio_usd,yield_6m,38,-0.0019646720976892198
cambio_usd,yield_6m,39,-0.0021025868213982897
cambio_usd,yield_6m,40,-0.002209842927407024
cambio_usd,yield_6m,41,-0.002287952526913952
cambio_usd,yield_6m,42,-0.002338623899923626
cambio_usd,yield_6m,43,-0.0023637668544866457
cambio_usd,yield_6m,44,-0.00236546175129186
cambio_usd,yield_6m,45,-0.0023459203967751523
cambio_usd,yield_6m,46,-0.0023074192015876236
cambio_usd,yield_6m,47,-0.002252224581566222
cambio_usd,yield_6m,48,-0.002182544189250948
asset_ibov,ind_transformacao,0,-0.6562532880491518
asset_ibov,ind_transformacao,1,0.5546476365697525
asset_ibov,ind_transformacao,2,0.9224046004383941
asset_ibov,ind_transformacao,3,0.7741012397873759
asset_ibov,ind_transformacao,4,0.850786820992609
asset_ibov,ind_transformacao,5,0.47479284287234763
asset_ibov,ind_transformacao,6,0.5081323792706579
asset_ibov,ind_transformacao,7,0.4581993914047711
asset_ibov,ind_transformacao,8,0.1312412217879218
asset_ibov,ind_transformacao,9,-0.11479284425626263
asset_ibov,ind_transformacao,10,-0.20372288053513818
asset_ibov,ind_transformacao,11,-0.24953510547009758
asset_ibov,ind_transformacao,12,-0.2641722851534325
asset_ibov,ind_transformacao,13,-0.19608363229102055
asset_ibov,ind_transformacao,14,-0.15804443161250295
asset_ibov,ind_transformacao,15,-0.17694461458243008
asset_ibov,ind_transformacao,16,-0.16608894045976003
asset_ibov,ind_transformacao,17,-0.16313949309861123
asset_ibov,ind_transformacao,18,-0.16718228264406396
asset_ibov,ind_transformacao,19,-0.1561625790495739
asset_ibov,ind_transformacao,20,-0.14471617366675502
asset_ibov,ind_transformacao,21,-0.13124431294717553
asset_ibov,ind_transformacao,22,-0.11197224065186374
asset_ibov,ind_transformacao,23,-0.08650824048413748
asset_ibov,ind_transformacao,24,-0.05486310489618315
asset_ibov,ind_transformacao,25,-0.018416173359829632
asset_ibov,ind_transformacao,26,0.01906920643359313
asset_ibov,ind_transformacao,27,0.054479597755722475
asset_ibov,ind_transformacao,28,0.08823046078124476
asset_ibov,ind_transformacao,29,0.11889023438844061
asset_ibov,ind_transformacao,30,0.14667462382006535
asset_ibov,ind_transformacao,31,0.1732331172466752
asset_ibov,ind_transformacao,32,0.19781812061985682
asset_ibov,ind_transformacao,33,0.22035701174857653
asset_ibov,ind_transformacao,34,0.24128190734537922
asset_ibov,ind_transformacao,35,0.26017690577723396
asset_ibov,ind_transformacao,36,0.27684701734969597
asset_ibov,ind_transformacao,37,0.2913099784769356
asset_ibov,ind_transformacao,38,0.3033222137567557
asset_ibov,ind_transformacao,39,0.3126158095280071
asset_ibov,ind_transformacao,40,0.31917042627530356
asset_ibov,ind_transformacao,41,0.3229975231881839
asset_ibov,ind_transformacao,42,0.3241614861674993
asset_ibov,ind_transformacao,43,0.3228850207001962
asset_ibov,ind_transformacao,44,0.3193594912900488
asset_ibov,ind_transformacao,45,0.3137617696183907
asset_ibov,ind_transformacao,46,0.3062939260823697
asset_ibov,ind_transformacao,47,0.2971170062660274
asset_ibov,ind_transformacao,48,0.2863895521178475
asset_ibov,price_ipca,0,-0.06422958555290759
asset_ibov,price_ipca,1,0.03627382244598451
asset_ibov,price_ipca,2,0.07721474952321372
asset_ibov,price_ipca,3,0.015326628082509763
asset_ibov,price_ipca,4,0.08417663767838289
asset_ibov,price_ipca,5,0.14119958100332083
asset_ibov,price_ipca,6,0.08356575720287626
asset_ibov,price_ipca,7,0.08417395050771527
asset_ibov,price_ipca,8,0.06480019242052566
asset_ibov,price_ipca,9,0.02226201000368187
asset_ibov,price_ipca,10,0.007641818585799803
asset_ibov,price_ipca,11,-0.0029431534999476345
asset_ibov,price_ipca,12,-0.007850278531338687
asset_ibov,price_ipca,13,-0.007921580569683334
asset_ibov,price_ipca,14,-0.004612408004829548
asset_ibov,price_ipca,15,-0.004985849375724936
asset_ibov,price_ipca,16,-0.006300629602298486
asset_ibov,price_ipca,17,-0.0072786620729935
asset_ibov,price_ipca,18,-0.012526212829815739
asset_ibov,price_ipca,19,-0.016941736549107234
asset_ibov,price_ipca,20,-0.021483020271131244
asset_ibov,price_ipca,21,-0.027281262118866497
asset_ibov,price_ipca,22,-0.030977616013156073
asset_ibov,price_ipca,23,-0.03349280188327414
asset_ibov,price_ipca,24,-0.0352324125975032
asset_ibov,price_ipca,25,-0.03558217863595334
asset_ibov,price_ipca,26,-0.03520814729190652
asset_ibov,price_ipca,27,-0.03469265066643081
asset_ibov,price_ipca,28,-0.03401825538771342
asset_ibov,price_ipca,29,-0.03319256156333404
asset_ibov,price_ipca,30,-0.0324611075177527
asset_ibov,price_ipca,31,-0.031647089302725834
asset_ibov,price_ipca,32,-0.030626464877112305
asset_ibov,price_ipca,33,-0.029486963904234314
asset_ibov,price_ipca,34,-0.028102703093751957
asset_ibov,price_ipca,35,-0.026457725597377503
asset_ibov,price_ipca,36,-0.02462255953994024
asset_ibov,price_ipca,37,-0.022600341030000845
asset_ibov,price_ipca,38,-0.02045397215395745
asset_ibov,price_ipca,39,-0.01826021582294876
asset_ibov,price_ipca,40,-0.01605838430903029
asset_ibov,price_ipca,41,-0.013883950470181306
asset_ibov,price_ipca,42,-0.011768553859035644
asset_ibov,price_ipca,43,-0.009720028024888135
asset_ibov,price_ipca,44,-0.007740566568946417
asset_ibov,price_ipca,45,-0.005840332708136753
asset_ibov,price_ipca,46,-0.0040215552205552394
asset_ibov,price_ipca,47,-0.00228874063577588
asset_ibov,price_ipca,48,-6.53796339284165e-4
asset_ibov,yield_6m,0,0.005
asset_ibov,yield_6m,1,0.006282257954138056
asset_ibov,yield_6m,2,0.007449269537316711
asset_ibov,yield_6m,3,0.009389210673250542
asset_ibov,yield_6m,4,0.01015600299138563
asset_ibov,yield_6m,5,0.010675318104669275
asset_ibov,yield_6m,6,0.011514840307208396
asset_ibov,yield_6m,7,0.012194989193716088
asset_ibov,yield_6m,8,0.012616591679631013
asset_ibov,yield_6m,9,0.013001356780272788
asset_ibov,yield_6m,10,0.013225562434991232
asset_ibov,yield_6m,11,0.013197728373100733
asset_ibov,yield_6m,12,0.013174238205056206
asset_ibov,yield_6m,13,0.013050625032217584
asset_ibov,yield_6m,14,0.012793231628255219
asset_ibov,yield_6m,15,0.012492992067455348
asset_ibov,yield_6m,16,0.012053082072103554
asset_ibov,yield_6m,17,0.01150561733990254
asset_ibov,yield_6m,18,0.010911096382683425
asset_ibov,yield_6m,19,0.010251631212974453
asset_ibov,yield_6m,20,0.009545262422188755
asset_ibov,yield_6m,21,0.008816077692502129
asset_ibov,yield_6m,22,0.00806027256643456
asset_ibov,yield_6m,23,0.0072800079907203285
asset_ibov,yield_6m,24,0.006494538811048963
asset_ibov,yield_6m,25,0.005709211929454057
asset_ibov,yield_6m,26,0.00492680412991115
asset_ibov,yield_6m,27,0.004159731254350294
asset_ibov,yield_6m,28,0.0034112731801337684
asset_ibov,yield_6m,29,0.0026847742001669703
asset_ibov,yield_6m,30,0.001988229840168775
asset_ibov,yield_6m,31,0.0013256810147608546
asset_ibov,yield_6m,32,7.011013090161269e-4
asset_ibov,yield_6m,33,1.1898784963990576e-4
asset_ibov,yield_6m,34,-4.184006954107786e-4
asset_ibov,yield_6m,35,-9.09523468590386e-4
asset_ibov,yield_6m,36,-0.001352784811491137
asset_ibov,yield_6m,37,-0.0017475494534588702
asset_ibov,yield_6m,38,-0.0020937958004242823
asset_ibov,yield_6m,39,-0.002391526946670374
asset_ibov,yield_6m,40,-0.0026414616106903172
asset_ibov,yield_6m,41,-0.0028448318251247623
asset_ibov,yield_6m,42,-0.0030029621500993822
asset_ibov,yield_6m,43,-0.0031176328565797828
asset_ibov,yield_6m,44,-0.003190944599622131
asset_ibov,yield_6m,45,-0.0032251408329161523
asset_ibov,yield_6m,46,-0.0032227612299657736
asset_ibov,yield_6m,47,-0.003186563028314304
asset_ibov,yield_6m,48,-0.003119408445787491
asset_idiv,ind_transformacao,0,-0.6828235745597009
asset_idiv,ind_transformacao,1,0.4858034091886929
asset_idiv,ind_transformacao,2,0.8700312477963619
asset_idiv,ind_transformacao,3,0.7031520963565063
asset_idiv,ind_transformacao,4,0.7149617661081145
asset_idiv,ind_transformacao,5,0.25788148969514807
asset_idiv,ind_transformacao,6,0.38295473100689054
asset_idiv,ind_transformacao,7,0.3698246098068471
asset_idiv,ind_transformacao,8,0.06354111478588555
asset_idiv,ind_transformacao,9,-0.21682596517964556
asset_idiv,ind_transformacao,10,-0.344169733257617
asset_idiv,ind_transformacao,11,-0.3861164902339591
asset_idiv,ind_transformacao,12,-0.3828346988798933
asset_idiv,ind_transformacao,13,-0.29523835308960833
asset_idiv,ind_transformacao,14,-0.23214809604248365
asset_idiv,ind_transformacao,15,-0.24065189572617152
asset_idiv,ind_transformacao,16,-0.22736002695726779
asset_idiv,ind_transformacao,17,-0.2229702965863458
asset_idiv,ind_transformacao,18,-0.23026328313294397
asset_idiv,ind_transformacao,19,-0.22019261749422875
asset_idiv,ind_transformacao,20,-0.2076938274552138
asset_idiv,ind_transformacao,21,-0.19562615954000706
asset_idiv,ind_transformacao,22,-0.17715684815389554
asset_idiv,ind_transformacao,23,-0.1493744782494607
asset_idiv,ind_transformacao,24,-0.1144068055441014
asset_idiv,ind_transformacao,25,-0.0739684092532866
asset_idiv,ind_transformacao,26,-0.03132917294930885
asset_idiv,ind_transformacao,27,0.00713403609552645
asset_idiv,ind_transformacao,28,0.041568861967449244
asset_idiv,ind_transformacao,29,0.07276886833195341
asset_idiv,ind_transformacao,30,0.10056055687030138
asset_idiv,ind_transformacao,31,0.12701325883521383
asset_idiv,ind_transformacao,32,0.15219460148020883
asset_idiv,ind_transformacao,33,0.17543063587296603
asset_idiv,ind_transformacao,34,0.1970255804892253
asset_idiv,ind_transformacao,35,0.2168704057534332
asset_idiv,ind_transformacao,36,0.23467526465497457
asset_idiv,ind_transformacao,37,0.25036885692018346
asset_idiv,ind_transformacao,38,0.2637582014838565
asset_idiv,ind_transformacao,39,0.27441543313233885
asset_idiv,ind_transformacao,40,0.2821946142894939
asset_idiv,ind_transformacao,41,0.28722497985322265
asset_idiv,ind_transformacao,42,0.28961614338072056
asset_idiv,ind_transformacao,43,0.28963436807763804
asset_idiv,ind_transformacao,44,0.2875743853829285
asset_idiv,ind_transformacao,45,0.2835948148225109
asset_idiv,ind_transformacao,46,0.2778562398219505
asset_idiv,ind_transformacao,47,0.2705210544521643
asset_idiv,ind_transformacao,48,0.26171994443154195
asset_idiv,price_ipca,0,-0.026350310256310627
asset_idiv,price_ipca,1,0.055507336556947805
asset_idiv,price_ipca,2,0.09615573098706756
asset_idiv,price_ipca,3,0.02460633132832951
asset_idiv,price_ipca,4,0.0920194958119629
asset_idiv,price_ipca,5,0.14140578810768456
asset_idiv,price_ipca,6,0.08854599062297876
asset_idiv,price_ipca,7,0.08628518833961789
asset_idiv,price_ipca,8,0.06711040975620755
asset_idiv,price_ipca,9,0.018322732756463407
asset_idiv,price_ipca,10,0.004128529608845778
asset_idiv,price_ipca,11,-0.006089076113177866
asset_idiv,price_ipca,12,-0.010721268891896823
asset_idiv,price_ipca,13,-0.008358638574473975
asset_idiv,price_ipca,14,-0.003961009665126029
asset_idiv,price_ipca,15,-0.004905335458953615
asset_idiv,price_ipca,16,-0.007564317191182108
asset_idiv,price_ipca,17,-0.00837889621684197
asset_idiv,price_ipca,18,-0.013209148631810962
asset_idiv,price_ipca,19,-0.018083743135589542
asset_idiv,price_ipca,20,-0.022011008879099517
asset_idiv,price_ipca,21,-0.027768802575800826
asset_idiv,price_ipca,22,-0.03180345276232236
asset_idiv,price_ipca,23,-0.03385885846808758
asset_idiv,price_ipca,24,-0.035150309301970294
asset_idiv,price_ipca,25,-0.0351150675375105
asset_idiv,price_ipca,26,-0.034267369057122014
asset_idiv,price_ipca,27,-0.033454420379946316
asset_idiv,price_ipca,28,-0.03271412677315262
asset_idiv,price_ipca,29,-0.031821661390129305
asset_idiv,price_ipca,30,-0.030987664471960743
asset_idiv,price_ipca,31,-0.030147517560529323
asset_idiv,price_ipca,32,-0.02904169459557379
asset_idiv,price_ipca,33,-0.027808699572092067
asset_idiv,price_ipca,34,-0.02641158349040178
asset_idiv,price_ipca,35,-0.0247315038443229
asset_idiv,price_ipca,36,-0.02286502836376362
asset_idiv,price_ipca,37,-0.02085466177870835
asset_idiv,price_ipca,38,-0.018729482769083438
asset_idiv,price_ipca,39,-0.01658595495991687
asset_idiv,price_ipca,40,-0.014482843290582144
asset_idiv,price_ipca,41,-0.012432737448464536
asset_idiv,price_ipca,42,-0.010454238188741527
asset_idiv,price_ipca,43,-0.008558393619578856
asset_idiv,price_ipca,44,-0.006735015044648719
asset_idiv,price_ipca,45,-0.00498825221791073
asset_idiv,price_ipca,46,-0.0033282580650802265
asset_idiv,price_ipca,47,-0.001755124176186452
asset_idiv,price_ipca,48,-2.773107080977534e-4
asset_idiv,yield_6m,0,0.005
asset_idiv,yield_6m,1,0.0063917846679318905
asset_idiv,yield_6m,2,0.007623389662231254
asset_idiv,yield_6m,3,0.009640368326961725
asset_idiv,yield_6m,4,0.01043314781535001
asset_idiv,yield_6m,5,0.011047952485804865
asset_idiv,yield_6m,6,0.011901945623870319
asset_idiv,yield_6m,7,0.01265567229520524
asset_idiv,yield_6m,8,0.013185375279081575
asset_idiv,yield_6m,9,0.013642813715290705
asset_idiv,yield_6m,10,0.013897142491038095
asset_idiv,yield_6m,11,0.013864555372587906
asset_idiv,yield_6m,12,0.013815635917195743
asset_idiv,yield_6m,13,0.013689206420484943
asset_idiv,yield_6m,14,0.013406014136933549
asset_idiv,yield_6m,15,0.013071298766576596
asset_idiv,yield_6m,16,0.012601476205156453
asset_idiv,yield_6m,17,0.012008384176465893
asset_idiv,yield_6m,18,0.01137386662701925
asset_idiv,yield_6m,19,0.010690300686140082
asset_idiv,yield_6m,20,0.00996096991255815
asset_idiv,yield_6m,21,0.009208349252693157
asset_idiv,yield_6m,22,0.008431308557054581
asset_idiv,yield_6m,23,0.007626625353126457
asset_idiv,yield_6m,24,0.006814369486788894
asset_idiv,yield_6m,25,0.006007203496801714
asset_idiv,yield_6m,26,0.005205229236352494
asset_idiv,yield_6m,27,0.004419930861031422
asset_idiv,yield_6m,28,0.003657320577993224
asset_idiv,yield_6m,29,0.0029180401878432017
asset_idiv,yield_6m,30,0.002210152627689613
asset_idiv,yield_6m,31,0.0015396253076611296
asset_idiv,yield_6m,32,9.091630697978793e-4
asset_idiv,yield_6m,33,3.2259775256104705e-4
asset_idiv,yield_6m,34,-2.1773820785349733e-4
asset_idiv,yield_6m,35,-7.113326866392005e-4
asset_idiv,yield_6m,36,-0.0011571677237548258
asset_idiv,yield_6m,37,-0.0015542488881885594
asset_idiv,yield_6m,38,-0.0019027488792908924
asset_idiv,yield_6m,39,-0.0022030230116108487
asset_idiv,yield_6m,40,-0.0024557177642860885
asset_idiv,yield_6m,41,-0.0026623545750984806
asset_idiv,yield_6m,42,-0.0028245823756593335
asset_idiv,yield_6m,43,-0.002944167619972295
asset_idiv,yield_6m,44,-0.003023329153407763
asset_idiv,yield_6m,45,-0.0030644587022973947
asset_idiv,yield_6m,46,-0.003070109375820566
asset_idiv,yield_6m,47,-0.0030430992186500578
asset_idiv,yield_6m,48,-0.002986343607494553
asset_ifix,ind_transformacao,0,-0.8465527571158488
asset_ifix,ind_transformacao,1,0.2841309513969836
asset_ifix,ind_transformacao,2,0.6498573407395017
asset_ifix,ind_transformacao,3,0.5413032221397845
asset_ifix,ind_transformacao,4,0.5434012897808725
asset_ifix,ind_transformacao,5,0.21879779843406713
asset_ifix,ind_transformacao,6,0.3180775478300959
asset_ifix,ind_transformacao,7,0.4198893535414925
asset_ifix,ind_transformacao,8,0.08077327567455682
asset_ifix,ind_transformacao,9,-0.18154481724472107
asset_ifix,ind_transformacao,10,-0.25192237140554286
asset_ifix,ind_transformacao,11,-0.29643585461179606
asset_ifix,ind_transformacao,12,-0.30026787846576114
asset_ifix,ind_transformacao,13,-0.27627872629482353
asset_ifix,ind_transformacao,14,-0.2846193727474013
asset_ifix,ind_transformacao,15,-0.32270957136245637
asset_ifix,ind_transformacao,16,-0.3157576241487295
asset_ifix,ind_transformacao,17,-0.286438552752788
asset_ifix,ind_transformacao,18,-0.2639956753291051
asset_ifix,ind_transformacao,19,-0.23183470847125764
asset_ifix,ind_transformacao,20,-0.20040072808793583
asset_ifix,ind_transformacao,21,-0.1709100103969742
asset_ifix,ind_transformacao,22,-0.13646092766028264
asset_ifix,ind_transformacao,23,-0.10044462517933914
asset_ifix,ind_transformacao,24,-0.06340916441118853
asset_ifix,ind_transformacao,25,-0.027190036462474677
asset_ifix,ind_transformacao,26,0.007811124537741836
asset_ifix,ind_transformacao,27,0.04396771686176038
asset_ifix,ind_transformacao,28,0.08146170620390442
asset_ifix,ind_transformacao,29,0.11854467874845204
asset_ifix,ind_transformacao,30,0.15325564715065557
asset_ifix,ind_transformacao,31,0.18519994427448544
asset_ifix,ind_transformacao,32,0.21395145996349627
asset_ifix,ind_transformacao,33,0.23902953775633878
asset_ifix,ind_transformacao,34,0.2610030733850697
asset_ifix,ind_transformacao,35,0.28003079749374726
asset_ifix,ind_transformacao,36,0.29601219142360347
asset_ifix,ind_transformacao,37,0.309207644248417
asset_ifix,ind_transformacao,38,0.31979196018615275
asset_ifix,ind_transformacao,39,0.3278168938085316
asset_ifix,ind_transformacao,40,0.33326019122148626
asset_ifix,ind_transformacao,41,0.33609430219550135
asset_ifix,ind_transformacao,42,0.33635100517965355
asset_ifix,ind_transformacao,43,0.33411699781571963
asset_ifix,ind_transformacao,44,0.3295749388786344
asset_ifix,ind_transformacao,45,0.32295568895544735
asset_ifix,ind_transformacao,46,0.3144997804628686
asset_ifix,ind_transformacao,47,0.30444471808711054
asset_ifix,ind_transformacao,48,0.2930108372463182
asset_ifix,price_ipca,0,-0.01895198535165176
asset_ifix,price_ipca,1,0.06357967194108155
asset_ifix,price_ipca,2,0.07121565884394448
asset_ifix,price_ipca,3,0.022021986600581033
asset_ifix,price_ipca,4,0.09197016576937724
asset_ifix,price_ipca,5,0.14311814172225185
asset_ifix,price_ipca,6,0.08401365699498445
asset_ifix,price_ipca,7,0.06990351705810749
asset_ifix,price_ipca,8,0.0580114813337348
asset_ifix,price_ipca,9,0.01588273846676051
asset_ifix,price_ipca,10,0.00436422400065007
asset_ifix,price_ipca,11,1.1140789072222228e-4
asset_ifix,price_ipca,12,-2.2761864830501282e-4
asset_ifix,price_ipca,13,-0.0028126899311657523
asset_ifix,price_ipca,14,-0.007912479998744955
asset_ifix,price_ipca,15,-0.006168999151363295
asset_ifix,price_ipca,16,-0.005706914127942044
asset_ifix,price_ipca,17,-0.008808615269831602
asset_ifix,price_ipca,18,-0.01389228172873753
asset_ifix,price_ipca,19,-0.019155004045907992
asset_ifix,price_ipca,20,-0.023573747236541733
asset_ifix,price_ipca,21,-0.028233883995326364
asset_ifix,price_ipca,22,-0.03072721196488139
asset_ifix,price_ipca,23,-0.031492102346060764
asset_ifix,price_ipca,24,-0.0322342785535036
asset_ifix,price_ipca,25,-0.0321389128409128
asset_ifix,price_ipca,26,-0.03143222663418659
asset_ifix,price_ipca,27,-0.030646070578930252
asset_ifix,price_ipca,28,-0.029862367080694667
asset_ifix,price_ipca,29,-0.02912887113756562
asset_ifix,price_ipca,30,-0.02833473408307571
asset_ifix,price_ipca,31,-0.027494883029352036
asset_ifix,price_ipca,32,-0.026473975275770542
asset_ifix,price_ipca,33,-0.02516379404007983
asset_ifix,price_ipca,34,-0.023633379290606236
asset_ifix,price_ipca,35,-0.021922127732246936
asset_ifix,price_ipca,36,-0.02009291887030234
asset_ifix,price_ipca,37,-0.018194985830171897
asset_ifix,price_ipca,38,-0.016279510755323058
asset_ifix,price_ipca,39,-0.014408931866529742
asset_ifix,price_ipca,40,-0.012595289459249934
asset_ifix,price_ipca,41,-0.010848787861152192
asset_ifix,price_ipca,42,-0.00917933742466401
asset_ifix,price_ipca,43,-0.007579200592549183
asset_ifix,price_ipca,44,-0.006045332314076829
asset_ifix,price_ipca,45,-0.004581542921509922
asset_ifix,price_ipca,46,-0.0031970820443480963
asset_ifix,price_ipca,47,-0.0019010219764068182
asset_ifix,price_ipca,48,-7.015923037233902e-4
asset_ifix,yield_6m,0,0.005
asset_ifix,yield_6m,1,0.006385183733884077
asset_ifix,yield_6m,2,0.00757056493120935
asset_ifix,yield_6m,3,0.009549272154834974
asset_ifix,yield_6m,4,0.010318030937955077
asset_ifix,yield_6m,5,0.011023650001220313
asset_ifix,yield_6m,6,0.011991754470437503
asset_ifix,yield_6m,7,0.012674149137458176
asset_ifix,yield_6m,8,0.013142554324351716
asset_ifix,yield_6m,9,0.013468807409873208
asset_ifix,yield_6m,10,0.013639833572565966
asset_ifix,yield_6m,11,0.013657753048459747
asset_ifix,yield_6m,12,0.013582052241931158
asset_ifix,yield_6m,13,0.013422100040792766
asset_ifix,yield_6m,14,0.0131087093957951
asset_ifix,yield_6m,15,0.012676250167717342
asset_ifix,yield_6m,16,0.012145735453846998
asset_ifix,yield_6m,17,0.011556185409356733
asset_ifix,yield_6m,18,0.010935051865996928
asset_ifix,yield_6m,19,0.010256565542420104
asset_ifix,yield_6m,20,0.009539854315730392
asset_ifix,yield_6m,21,0.008807740778857199
asset_ifix,yield_6m,22,0.00805712790467379
asset_ifix,yield_6m,23,0.0072972718951439175
asset_ifix,yield_6m,24,0.0065393184522004235
asset_ifix,yield_6m,25,0.005788360805263536
asset_ifix,yield_6m,26,0.005048180359973902
asset_ifix,yield_6m,27,0.004326737258047043
asset_ifix,yield_6m,28,0.003632727612737298
asset_ifix,yield_6m,29,0.0029701998624047416
asset_ifix,yield_6m,30,0.0023431131155001624
asset_ifix,yield_6m,31,0.0017549607736323473
asset_ifix,yield_6m,32,0.0012076415149910886
asset_ifix,yield_6m,33,7.029632810706632e-4
asset_ifix,yield_6m,34,2.4195082953639913e-4
asset_ifix,yield_6m,35,-1.7478922787415925e-4
asset_ifix,yield_6m,36,-5.470913062160717e-4
asset_ifix,yield_6m,37,-8.754563862864418e-4
asset_ifix,yield_6m,38,-0.001160473057516384
asset_ifix,yield_6m,39,-0.0014030222867806954
asset_ifix,yield_6m,40,-0.0016044601689773098
asset_ifix,yield_6m,41,-0.0017664917146561503
asset_ifix,yield_6m,42,-0.0018910948745336747
asset_ifix,yield_6m,43,-0.001980475607365904
asset_ifix,yield_6m,44,-0.002037066012735916
asset_ifix,yield_6m,45,-0.002063400636740403
asset_ifix,yield_6m,46,-0.0020620722328392356
asset_ifix,yield_6m,47,-0.0020357512477269437
asset_ifix,yield_6m,48,-0.001987114691492195
asset_ifnc,ind_transformacao,0,-0.6057156443545136
asset_ifnc,ind_transformacao,1,0.5589545713673036
asset_ifnc,ind_transformacao,2,0.9208568330274924
asset_ifnc,ind_transformacao,3,0.7445258987515326
asset_ifnc,ind_transformacao,4,0.7842891334365962
asset_ifnc,ind_transformacao,5,0.3967183867716082
asset_ifnc,ind_transformacao,6,0.4114276389619883
asset_ifnc,ind_transformacao,7,0.34660699810036705
asset_ifnc,ind_transformacao,8,0.06477845591446058
asset_ifnc,ind_transformacao,9,-0.19770091136013243
asset_ifnc,ind_transformacao,10,-0.2709018667998902
asset_ifnc,ind_transformacao,11,-0.31508794384875644
asset_ifnc,ind_transformacao,12,-0.3347755551803053
asset_ifnc,ind_transformacao,13,-0.26692183233243966
asset_ifnc,ind_transformacao,14,-0.20696591077007934
asset_ifnc,ind_transformacao,15,-0.2123195276890705
asset_ifnc,ind_transformacao,16,-0.20059774846713618
asset_ifnc,ind_transformacao,17,-0.19952488840205282
asset_ifnc,ind_transformacao,18,-0.21304276176923728
asset_ifnc,ind_transformacao,19,-0.20789549136145963
asset_ifnc,ind_transformacao,20,-0.19994270776452666
asset_ifnc,ind_transformacao,21,-0.18622048123112997
asset_ifnc,ind_transformacao,22,-0.16465488423698874
asset_ifnc,ind_transformacao,23,-0.13735950281243853
asset_ifnc,ind_transformacao,24,-0.10445356180973842
asset_ifnc,ind_transformacao,25,-0.06546177497264714
asset_ifnc,ind_transformacao,26,-0.02521592160740708
asset_ifnc,ind_transformacao,27,0.012472770690276849
asset_ifnc,ind_transformacao,28,0.04837729831759582
asset_ifnc,ind_transformacao,29,0.0808464337290344
asset_ifnc,ind_transformacao,30,0.10960867719706202
asset_ifnc,ind_transformacao,31,0.13700637574389074
asset_ifnc,ind_transformacao,32,0.1630239819096472
asset_ifnc,ind_transformacao,33,0.18727054153234396
asset_ifnc,ind_transformacao,34,0.21034884301876924
asset_ifnc,ind_transformacao,35,0.23177734458755306
asset_ifnc,ind_transformacao,36,0.2510670252160139
asset_ifnc,ind_transformacao,37,0.26816252419499886
asset_ifnc,ind_transformacao,38,0.2827830609431326
asset_ifnc,ind_transformacao,39,0.2946230756948692
asset_ifnc,ind_transformacao,40,0.3036287779814746
asset_ifnc,ind_transformacao,41,0.3097936266257922
asset_ifnc,ind_transformacao,42,0.31316396587946616
asset_ifnc,ind_transformacao,43,0.31397684338235793
asset_ifnc,ind_transformacao,44,0.3124518716785687
asset_ifnc,ind_transformacao,45,0.30877269704495297
asset_ifnc,ind_transformacao,46,0.30315169176769696
asset_ifnc,ind_transformacao,47,0.2957427774247224
asset_ifnc,ind_transformacao,48,0.2866699436447249
asset_ifnc,price_ipca,0,-0.052578677260450755
asset_ifnc,price_ipca,1,0.05230867423589124
asset_ifnc,price_ipca,2,0.0837836084379223
asset_ifnc,price_ipca,3,0.016358576449246882
asset_ifnc,price_ipca,4,0.08522599521245533
asset_ifnc,price_ipca,5,0.13816841304039884
asset_ifnc,price_ipca,6,0.08737227849506676
asset_ifnc,price_ipca,7,0.08258145219069896
asset_ifnc,price_ipca,8,0.06756512557577668
asset_ifnc,price_ipca,9,0.022472982549242043
asset_ifnc,price_ipca,10,0.007942073189465989
asset_ifnc,price_ipca,11,-0.004086731283755928
asset_ifnc,price_ipca,12,-0.007809064003380446
asset_ifnc,price_ipca,13,-0.006997636442627351
asset_ifnc,price_ipca,14,-0.004117373708249418
asset_ifnc,price_ipca,15,-0.004109121253710202
asset_ifnc,price_ipca,16,-0.005917058541640272
asset_ifnc,price_ipca,17,-0.0072010443053803575
asset_ifnc,price_ipca,18,-0.012552664695319194
asset_ifnc,price_ipca,19,-0.017040859306592184
asset_ifnc,price_ipca,20,-0.021546457612267995
asset_ifnc,price_ipca,21,-0.027424352737495987
asset_ifnc,price_ipca,22,-0.0314965229142629
asset_ifnc,price_ipca,23,-0.03405220865420558
asset_ifnc,price_ipca,24,-0.03591945878594432
asset_ifnc,price_ipca,25,-0.03630685688449149
asset_ifnc,price_ipca,26,-0.03584833500996582
asset_ifnc,price_ipca,27,-0.035272801528844336
asset_ifnc,price_ipca,28,-0.034566278402796746
asset_ifnc,price_ipca,29,-0.033778403064350065
asset_ifnc,price_ipca,30,-0.03306789187917782
asset_ifnc,price_ipca,31,-0.03230356325083465
asset_ifnc,price_ipca,32,-0.031323776564021556
asset_ifnc,price_ipca,33,-0.030198096340085172
asset_ifnc,price_ipca,34,-0.02882727328863286
asset_ifnc,price_ipca,35,-0.02717608197297093
asset_ifnc,price_ipca,36,-0.025321798081958228
asset_ifnc,price_ipca,37,-0.02326772201576348
asset_ifnc,price_ipca,38,-0.021069833634275364
asset_ifnc,price_ipca,39,-0.01881895327795939
asset_ifnc,price_ipca,40,-0.016557587535273886
asset_ifnc,price_ipca,41,-0.014323212505094675
asset_ifnc,price_ipca,42,-0.012151980333963053
asset_ifnc,price_ipca,43,-0.010049946487522275
asset_ifnc,price_ipca,44,-0.008016484600950762
asset_ifnc,price_ipca,45,-0.006059262526063726
asset_ifnc,price_ipca,46,-0.00418102881284614
asset_ifnc,price_ipca,47,-0.0023854884391538594
asset_ifnc,price_ipca,48,-6.850755707345803e-4
asset_ifnc,yield_6m,0,0.005
asset_ifnc,yield_6m,1,0.006199595038080469
asset_ifnc,yield_6m,2,0.007454152722554082
asset_ifnc,yield_6m,3,0.00949961483221962
asset_ifnc,yield_6m,4,0.010289634877914327
asset_ifnc,yield_6m,5,0.010782304354446841
asset_ifnc,yield_6m,6,0.011601163828704802
asset_ifnc,yield_6m,7,0.012320467300037089
asset_ifnc,yield_6m,8,0.012802161712807876
asset_ifnc,yield_6m,9,0.01323047523781991
asset_ifnc,yield_6m,10,0.013486717757881343
asset_ifnc,yield_6m,11,0.013467224112511854
asset_ifnc,yield_6m,12,0.013430458824949395
asset_ifnc,yield_6m,13,0.013308531645333145
asset_ifnc,yield_6m,14,0.013041473176289717
asset_ifnc,yield_6m,15,0.012740341880195414
asset_ifnc,yield_6m,16,0.012299927380584002
asset_ifnc,yield_6m,17,0.011737828258621718
asset_ifnc,yield_6m,18,0.011128979065001219
asset_ifnc,yield_6m,19,0.010454709100907898
asset_ifnc,yield_6m,20,0.009730852279150494
asset_ifnc,yield_6m,21,0.008985296259555456
asset_ifnc,yield_6m,22,0.008213553614926868
asset_ifnc,yield_6m,23,0.007414254670241663
asset_ifnc,yield_6m,24,0.006606179083969019
asset_ifnc,yield_6m,25,0.005796774024395052
asset_ifnc,yield_6m,26,0.004989223440592439
asset_ifnc,yield_6m,27,0.004196325644782897
asset_ifnc,yield_6m,28,0.003422921020188772
asset_ifnc,yield_6m,29,0.002671464446132209
asset_ifnc,yield_6m,30,0.0019500227173832702
asset_ifnc,yield_6m,31,0.0012630697309807032
asset_ifnc,yield_6m,32,6.14444297154838e-4
asset_ifnc,yield_6m,33,9.309658071796942e-6
asset_ifnc,yield_6m,34,-5.498677881853383e-4
asset_ifnc,yield_6m,35,-0.0010615899790486004
asset_ifnc,yield_6m,36,-0.001524110302265301
asset_ifnc,yield_6m,37,-0.0019367077757756626
asset_ifnc,yield_6m,38,-0.002299297884691004
asset_ifnc,yield_6m,39,-0.0026117119855486133
asset_ifnc,yield_6m,40,-0.002874462651892359
asset_ifnc,yield_6m,41,-0.0030887273433304325
asset_ifnc,yield_6m,42,-0.0032557955129882904
asset_ifnc,yield_6m,43,-0.003377393478574672
asset_ifnc,yield_6m,44,-0.0034556527483959676
asset_ifnc,yield_6m,45,-0.003492828266767335
asset_ifnc,yield_6m,46,-0.0034914612902940735
asset_ifnc,yield_6m,47,-0.0034543603877348217
asset_ifnc,yield_6m,48,-0.003384446952504096
asset_imat,ind_transformacao,0,-0.6889384404632299
asset_imat,ind_transformacao,1,0.1599225416895575
asset_imat,ind_transformacao,2,0.3555801356497127
asset_imat,ind_transformacao,3,0.34380908944124294
asset_imat,ind_transformacao,4,0.48824720102696056
asset_imat,ind_transformacao,5,0.14396324757136025
asset_imat,ind_transformacao,6,0.169075147927549
asset_imat,ind_transformacao,7,0.1084837651870407
asset_imat,ind_transformacao,8,-0.041870536767072995
asset_imat,ind_transformacao,9,-0.23653626938263228
asset_imat,ind_transformacao,10,-0.3492777872427175
asset_imat,ind_transformacao,11,-0.37875282716819747
asset_imat,ind_transformacao,12,-0.39950234443093885
asset_imat,ind_transformacao,13,-0.3521558050253629
asset_imat,ind_transformacao,14,-0.2833146858050415
asset_imat,ind_transformacao,15,-0.2683781040881134
asset_imat,ind_transformacao,16,-0.2383933172221019
asset_imat,ind_transformacao,17,-0.22593363668580793
asset_imat,ind_transformacao,18,-0.2292350496708308
asset_imat,ind_transformacao,19,-0.22468709818176963
asset_imat,ind_transformacao,20,-0.22032114333674596
asset_imat,ind_transformacao,21,-0.20924079359764985
asset_imat,ind_transformacao,22,-0.19317548320465672
asset_imat,ind_transformacao,23,-0.16978857097975122
asset_imat,ind_transformacao,24,-0.14101031545606388
asset_imat,ind_transformacao,25,-0.11110857417772423
asset_imat,ind_transformacao,26,-0.0798929140264897
asset_imat,ind_transformacao,27,-0.05083024333852827
asset_imat,ind_transformacao,28,-0.025007739461558872
asset_imat,ind_transformacao,29,-0.0014965872016097846
asset_imat,ind_transformacao,30,0.018948846046823616
asset_imat,ind_transformacao,31,0.03776142637351626
asset_imat,ind_transformacao,32,0.05529455364101692
asset_imat,ind_transformacao,33,0.07177054913766855
asset_imat,ind_transformacao,34,0.08751015989826053
asset_imat,ind_transformacao,35,0.10218838893368708
asset_imat,ind_transformacao,36,0.11567126526638173
asset_imat,ind_transformacao,37,0.12762656257861094
asset_imat,ind_transformacao,38,0.13780102611304781
asset_imat,ind_transformacao,39,0.14611150780427404
asset_imat,ind_transformacao,40,0.15246685444538113
asset_imat,ind_transformacao,41,0.15698712235597106
asset_imat,ind_transformacao,42,0.15981447044210564
asset_imat,ind_transformacao,43,0.16111051605664134
asset_imat,ind_transformacao,44,0.16107602211329317
asset_imat,ind_transformacao,45,0.1598443791245123
asset_imat,ind_transformacao,46,0.1575436170186242
asset_imat,ind_transformacao,47,0.15426634711238424
asset_imat,ind_transformacao,48,0.15008463688067827
asset_imat,price_ipca,0,-0.05373144030774532
asset_imat,price_ipca,1,0.030796650638114435
asset_imat,price_ipca,2,0.06923159909360148
asset_imat,price_ipca,3,6.727455688043825e-4
asset_imat,price_ipca,4,0.08478316771158552
asset_imat,price_ipca,5,0.14056320710035844
asset_imat,price_ipca,6,0.07010326421621257
asset_imat,price_ipca,7,0.0779475563475614
asset_imat,price_ipca,8,0.06332933165845994
asset_imat,price_ipca,9,0.027873752180207826
asset_imat,price_ipca,10,0.012426565522141038
asset_imat,price_ipca,11,-0.002208386412254774
asset_imat,price_ipca,12,-0.006289809450276521
asset_imat,price_ipca,13,-0.011841467505597994
asset_imat,price_ipca,14,-0.010574778956825641
asset_imat,price_ipca,15,-0.008595331392599976
asset_imat,price_ipca,16,-0.011055158192778
asset_imat,price_ipca,17,-0.011250813243333178
asset_imat,price_ipca,18,-0.014557731613427813
asset_imat,price_ipca,19,-0.019420531628144923
asset_imat,price_ipca,20,-0.023079199356627656
asset_imat,price_ipca,21,-0.027617758163638637
asset_imat,price_ipca,22,-0.030560072917067457
asset_imat,price_ipca,23,-0.032461637197554134
asset_imat,price_ipca,24,-0.03339921688334639
asset_imat,price_ipca,25,-0.033229827220905214
asset_imat,price_ipca,26,-0.03269812439140291
asset_imat,price_ipca,27,-0.03171328872501011
asset_imat,price_ipca,28,-0.03071358832446396
asset_imat,price_ipca,29,-0.029757347279928358
asset_imat,price_ipca,30,-0.028743898683568313
asset_imat,price_ipca,31,-0.0277954214844784
asset_imat,price_ipca,32,-0.026714632712248165
asset_imat,price_ipca,33,-0.025481546258240898
asset_imat,price_ipca,34,-0.02408627981009221
asset_imat,price_ipca,35,-0.02247804204719978
asset_imat,price_ipca,36,-0.02073399941125156
asset_imat,price_ipca,37,-0.018877884937270665
asset_imat,price_ipca,38,-0.01697355215245523
asset_imat,price_ipca,39,-0.015077931276451463
asset_imat,price_ipca,40,-0.013217937369854656
asset_imat,price_ipca,41,-0.011428091997763583
asset_imat,price_ipca,42,-0.009712761633251887
asset_imat,price_ipca,43,-0.008075334933779554
asset_imat,price_ipca,44,-0.006516538818726488
asset_imat,price_ipca,45,-0.005030826847615758
asset_imat,price_ipca,46,-0.0036221568002139303
asset_imat,price_ipca,47,-0.002292968251713146
asset_imat,price_ipca,48,-0.0010495624886740992
asset_imat,yield_6m,0,0.005
asset_imat,yield_6m,1,0.006340495463800171
asset_imat,yield_6m,2,0.007403627731590648
asset_imat,yield_6m,3,0.00928763803710955
asset_imat,yield_6m,4,0.010087662578997758
asset_imat,yield_6m,5,0.01082082209005313
asset_imat,yield_6m,6,0.011612931437597559
asset_imat,yield_6m,7,0.012163958570223097
asset_imat,yield_6m,8,0.012506651597979614
asset_imat,yield_6m,9,0.01270436644537878
asset_imat,yield_6m,10,0.012893589698861521
asset_imat,yield_6m,11,0.012838951153166396
asset_imat,yield_6m,12,0.01271610400593483
asset_imat,yield_6m,13,0.012538267474156425
asset_imat,yield_6m,14,0.012198789233826265
asset_imat,yield_6m,15,0.011803768939258162
asset_imat,yield_6m,16,0.011319404646905751
asset_imat,yield_6m,17,0.010756310393357482
asset_imat,yield_6m,18,0.010150816797701323
asset_imat,yield_6m,19,0.009497087729364619
asset_imat,yield_6m,20,0.008816102921140297
asset_imat,yield_6m,21,0.008113548363186503
asset_imat,yield_6m,22,0.007398156026926391
asset_imat,yield_6m,23,0.006679663605193793
asset_imat,yield_6m,24,0.0059598140232415085
asset_imat,yield_6m,25,0.005249957319377929
asset_imat,yield_6m,26,0.004552507833082029
asset_imat,yield_6m,27,0.003872702501179028
asset_imat,yield_6m,28,0.0032171214184999897
asset_imat,yield_6m,29,0.002588229858375563
asset_imat,yield_6m,30,0.001991011876371779
asset_imat,yield_6m,31,0.0014285179916971532
asset_imat,yield_6m,32,9.030352242276506e-4
asset_imat,yield_6m,33,4.168638131706535e-4
asset_imat,yield_6m,34,-2.913393357850193e-5
asset_imat,yield_6m,35,-4.340637747526731e-4
asset_imat,yield_6m,36,-7.97798877824708e-4
asset_imat,yield_6m,37,-0.001120622933540513
asset_imat,yield_6m,38,-0.0014029707506361378
asset_imat,yield_6m,39,-0.0016458345988975961
asset_imat,yield_6m,40,-0.0018502866015905688
asset_imat,yield_6m,41,-0.0020177278872954697
asset_imat,yield_6m,42,-0.0021498047627122366
asset_imat,yield_6m,43,-0.0022482961374798677
asset_imat,yield_6m,44,-0.0023152266624743172
asset_imat,yield_6m,45,-0.0023527250078191103
asset_imat,yield_6m,46,-0.0023630391523678986
asset_imat,yield_6m,47,-0.0023485046340285267
asset_imat,yield_6m,48,-0.002311478350159215
asset_imob,ind_transformacao,0,-0.24092970364515406
asset_imob,ind_transformacao,1,0.8009831864569995
asset_imob,ind_transformacao,2,1.0492227148166335
asset_imob,ind_transformacao,3,0.8159998367433451
asset_imob,ind_transformacao,4,0.9801926785210975
asset_imob,ind_transformacao,5,0.6329869125029383
asset_imob,ind_transformacao,6,0.7378731756581794
asset_imob,ind_transformacao,7,0.5592874122956805
asset_imob,ind_transformacao,8,0.13979663708809903
asset_imob,ind_transformacao,9,-0.18765528830891337
asset_imob,ind_transformacao,10,-0.31812800338990443
asset_imob,ind_transformacao,11,-0.29030321163501677
asset_imob,ind_transformacao,12,-0.23026121658407103
asset_imob,ind_transformacao,13,-0.20241240984083891
asset_imob,ind_transformacao,14,-0.2008107479228791
asset_imob,ind_transformacao,15,-0.22547910364624205
asset_imob,ind_transformacao,16,-0.23661922836080787
asset_imob,ind_transformacao,17,-0.22569742821647423
asset_imob,ind_transformacao,18,-0.20895087543505417
asset_imob,ind_transformacao,19,-0.19869677573408376
asset_imob,ind_transformacao,20,-0.19582200070230704
asset_imob,ind_transformacao,21,-0.18175447783246024
asset_imob,ind_transformacao,22,-0.1540912487696213
asset_imob,ind_transformacao,23,-0.11437258507736216
asset_imob,ind_transformacao,24,-0.06448094382874103
asset_imob,ind_transformacao,25,-0.0141740142219363
asset_imob,ind_transformacao,26,0.031622284524039
asset_imob,ind_transformacao,27,0.07446232578436705
asset_imob,ind_transformacao,28,0.11574171061668792
asset_imob,ind_transformacao,29,0.1555482076911352
asset_imob,ind_transformacao,30,0.19351210930835533
asset_imob,ind_transformacao,31,0.22903229854996204
asset_imob,ind_transformacao,32,0.26150977729816155
asset_imob,ind_transformacao,33,0.2913441188093785
asset_imob,ind_transformacao,34,0.31919736339661
asset_imob,ind_transformacao,35,0.344956863441955
asset_imob,ind_transformacao,36,0.368120701190588
asset_imob,ind_transformacao,37,0.38802647336673396
asset_imob,ind_transformacao,38,0.4041748996435088
asset_imob,ind_transformacao,39,0.41650877157717503
asset_imob,ind_transformacao,40,0.42519120258381826
asset_imob,ind_transformacao,41,0.43043021423542355
asset_imob,ind_transformacao,42,0.4324200743871384
asset_imob,ind_transformacao,43,0.4313134897878746
asset_imob,ind_transformacao,44,0.42728420308337156
asset_imob,ind_transformacao,45,0.42057242802073264
asset_imob,ind_transformacao,46,0.4114395099409879
asset_imob,ind_transformacao,47,0.4001145587400714
asset_imob,ind_transformacao,48,0.38679690781224424
asset_imob,price_ipca,0,-0.0412363549229698
asset_imob,price_ipca,1,0.05247150759340841
asset_imob,price_ipca,2,0.07501286089571456
asset_imob,price_ipca,3,0.017090278144338802
asset_imob,price_ipca,4,0.09038815885880862
asset_imob,price_ipca,5,0.14185355162115554
asset_imob,price_ipca,6,0.08921911470363426
asset_imob,price_ipca,7,0.07902328536457003
asset_imob,price_ipca,8,0.06291351568022033
asset_imob,price_ipca,9,0.016592873433831624
asset_imob,price_ipca,10,0.008202336905898359
asset_imob,price_ipca,11,0.0015609725080224885
asset_imob,price_ipca,12,-0.008259285686945686
asset_imob,price_ipca,13,-0.006186231684847613
asset_imob,price_ipca,14,-0.0035096061652407796
asset_imob,price_ipca,15,-0.006150160791887235
asset_imob,price_ipca,16,-0.006567932659840336
asset_imob,price_ipca,17,-0.006696534569243842
asset_imob,price_ipca,18,-0.012200162807577472
asset_imob,price_ipca,19,-0.017592603793917985
asset_imob,price_ipca,20,-0.022181324181474626
asset_imob,price_ipca,21,-0.02806183948368174
asset_imob,price_ipca,22,-0.031923902859370606
asset_imob,price_ipca,23,-0.03355463206452297
asset_imob,price_ipca,24,-0.03481467126108448
asset_imob,price_ipca,25,-0.03503263469306178
asset_imob,price_ipca,26,-0.034455726418135525
asset_imob,price_ipca,27,-0.03393815338646001
asset_imob,price_ipca,28,-0.03326534490537789
asset_imob,price_ipca,29,-0.032385070470751384
asset_imob,price_ipca,30,-0.03160904718855172
asset_imob,price_ipca,31,-0.030804328523402553
asset_imob,price_ipca,32,-0.02979176724907219
asset_imob,price_ipca,33,-0.028621559653849448
asset_imob,price_ipca,34,-0.02720034824056902
asset_imob,price_ipca,35,-0.025471544877879372
asset_imob,price_ipca,36,-0.02355189553877582
asset_imob,price_ipca,37,-0.02149561006456551
asset_imob,price_ipca,38,-0.019343413741369428
asset_imob,price_ipca,39,-0.017182610725406215
asset_imob,price_ipca,40,-0.015047866646393808
asset_imob,price_ipca,41,-0.012952147584572065
asset_imob,price_ipca,42,-0.010926143391372902
asset_imob,price_ipca,43,-0.008978468136445419
asset_imob,price_ipca,44,-0.007104563677915475
asset_imob,price_ipca,45,-0.005310770755744807
asset_imob,price_ipca,46,-0.0036007752226885916
asset_imob,price_ipca,47,-0.001977188796573953
asset_imob,price_ipca,48,-4.5242089023110155e-4
asset_imob,yield_6m,0,0.005
asset_imob,yield_6m,1,0.00644282629697577
asset_imob,yield_6m,2,0.007684651907804602
asset_imob,yield_6m,3,0.009597920865349522
asset_imob,yield_6m,4,0.010336816764874086
asset_imob,yield_6m,5,0.010978833133719834
asset_imob,yield_6m,6,0.011954133007806025
asset_imob,yield_6m,7,0.01263611348192257
asset_imob,yield_6m,8,0.01308195770493545
asset_imob,yield_6m,9,0.01353256254282766
asset_imob,yield_6m,10,0.01370852720183447
asset_imob,yield_6m,11,0.013677178417354257
asset_imob,yield_6m,12,0.013684486876545932
asset_imob,yield_6m,13,0.01357677548585387
asset_imob,yield_6m,14,0.013298766349989131
asset_imob,yield_6m,15,0.012961396249774899
asset_imob,yield_6m,16,0.012493462838274128
asset_imob,yield_6m,17,0.011907307610650683
asset_imob,yield_6m,18,0.011296353567804071
asset_imob,yield_6m,19,0.010636776519210472
asset_imob,yield_6m,20,0.00992091140916187
asset_imob,yield_6m,21,0.009177511295728878
asset_imob,yield_6m,22,0.008406016940207948
asset_imob,yield_6m,23,0.007610347803773608
asset_imob,yield_6m,24,0.006813603483541177
asset_imob,yield_6m,25,0.006021889043842816
asset_imob,yield_6m,26,0.005235011161749285
asset_imob,yield_6m,27,0.004462585211532798
asset_imob,yield_6m,28,0.003710317665228285
asset_imob,yield_6m,29,0.0029823279740124648
asset_imob,yield_6m,30,0.0022873872424495375
asset_imob,yield_6m,31,0.0016303832049616104
asset_imob,yield_6m,32,0.001013405932031989
asset_imob,yield_6m,33,4.3992443590983396e-4
asset_imob,yield_6m,34,-8.79801718049189e-5
asset_imob,yield_6m,35,-5.69136138571118e-4
asset_imob,yield_6m,36,-0.0010018410174558773
asset_imob,yield_6m,37,-0.0013854513102211454
asset_imob,yield_6m,38,-0.0017204230704601067
asset_imob,yield_6m,39,-0.0020072650770152707
asset_imob,yield_6m,40,-0.0022469041069585805
asset_imob,yield_6m,41,-0.0024407716622364063
asset_imob,yield_6m,42,-0.002590389163598328
asset_imob,yield_6m,43,-0.0026976391195937966
asset_imob,yield_6m,44,-0.0027648773992893522
asset_imob,yield_6m,45,-0.0027946373146723437
asset_imob,yield_6m,46,-0.002789627765182182
asset_imob,yield_6m,47,-0.002752743874841999
asset_imob,yield_6m,48,-0.0026869333284219887
asset_smll,ind_transformacao,0,-0.5571724814210601
asset_smll,ind_transformacao,1,0.46853912465816017
asset_smll,ind_transformacao,2,0.7972205637358196
asset_smll,ind_transformacao,3,0.6622786996457388
asset_smll,ind_transformacao,4,0.8041118410008113
asset_smll,ind_transformacao,5,0.4216436731632483
asset_smll,ind_transformacao,6,0.5338763560250013
asset_smll,ind_transformacao,7,0.4594751398617665
asset_smll,ind_transformacao,8,0.16447819683323378
asset_smll,ind_transformacao,9,-0.09162086297154902
asset_smll,ind_transformacao,10,-0.22742187733296185
asset_smll,ind_transformacao,11,-0.260724830854336
asset_smll,ind_transformacao,12,-0.24605273466674005
asset_smll,ind_transformacao,13,-0.19831872265001518
asset_smll,ind_transformacao,14,-0.18426865481953655
asset_smll,ind_transformacao,15,-0.21802859051832685
asset_smll,ind_transformacao,16,-0.22718390774778224
asset_smll,ind_transformacao,17,-0.2182254518800419
asset_smll,ind_transformacao,18,-0.21068031205674928
asset_smll,ind_transformacao,19,-0.1916268132062725
asset_smll,ind_transformacao,20,-0.17351576294179144
asset_smll,ind_transformacao,21,-0.15767250590512336
asset_smll,ind_transformacao,22,-0.13552997105696446
asset_smll,ind_transformacao,23,-0.10548987477406639
asset_smll,ind_transformacao,24,-0.06957364438480465
asset_smll,ind_transformacao,25,-0.03143322617565209
asset_smll,ind_transformacao,26,0.006688249536964634
asset_smll,ind_transformacao,27,0.042420370495177745
asset_smll,ind_transformacao,28,0.07614671938480372
asset_smll,ind_transformacao,29,0.10891509149283342
asset_smll,ind_transformacao,30,0.140208041447984
asset_smll,ind_transformacao,31,0.1699500216552922
asset_smll,ind_transformacao,32,0.19769748670922563
asset_smll,ind_transformacao,33,0.22287742000441538
asset_smll,ind_transformacao,34,0.2456988338714772
asset_smll,ind_transformacao,35,0.2662872198138198
asset_smll,ind_transformacao,36,0.2844865040667683
asset_smll,ind_transformacao,37,0.3001530255721872
asset_smll,ind_transformacao,38,0.3130993823892224
asset_smll,ind_transformacao,39,0.32315478664205133
asset_smll,ind_transformacao,40,0.33032773129396203
asset_smll,ind_transformacao,41,0.33476697169580283
asset_smll,ind_transformacao,42,0.33660485061465345
asset_smll,ind_transformacao,43,0.3359772090378991
asset_smll,ind_transformacao,44,0.3330456216144157
asset_smll,ind_transformacao,45,0.3279557916502334
asset_smll,ind_transformacao,46,0.3208754314960137
asset_smll,ind_transformacao,47,0.3119996144779448
asset_smll,ind_transformacao,48,0.3015146882850521
asset_smll,price_ipca,0,-0.0337574508569473
asset_smll,price_ipca,1,0.0500735199611081
asset_smll,price_ipca,2,0.07417710093490247
asset_smll,price_ipca,3,0.016672307781379524
asset_smll,price_ipca,4,0.08842698649309651
asset_smll,price_ipca,5,0.13872033843802853
asset_smll,price_ipca,6,0.08827862464901161
asset_smll,price_ipca,7,0.0764446207071968
asset_smll,price_ipca,8,0.06785200255937075
asset_smll,price_ipca,9,0.019507811715878027
asset_smll,price_ipca,10,0.006945713029867098
asset_smll,price_ipca,11,0.0023081993350821217
asset_smll,price_ipca,12,-0.007150744850364368
asset_smll,price_ipca,13,-0.007313811359822199
asset_smll,price_ipca,14,-0.005217220249224253
asset_smll,price_ipca,15,-0.006686297671374892
asset_smll,price_ipca,16,-0.008705352229862693
asset_smll,price_ipca,17,-0.009030784339798549
asset_smll,price_ipca,18,-0.013114191404945524
asset_smll,price_ipca,19,-0.018282510837068784
asset_smll,price_ipca,20,-0.022396937910583538
asset_smll,price_ipca,21,-0.027473835366065038
asset_smll,price_ipca,22,-0.03135755267664141
asset_smll,price_ipca,23,-0.03319111110269327
asset_smll,price_ipca,24,-0.03442262963911777
asset_smll,price_ipca,25,-0.03483536472968197
asset_smll,price_ipca,26,-0.03440381518848824
asset_smll,price_ipca,27,-0.03385337020490293
asset_smll,price_ipca,28,-0.03320288585226967
asset_smll,price_ipca,29,-0.03230470789624916
asset_smll,price_ipca,30,-0.03137201259055215
asset_smll,price_ipca,31,-0.030433620232041096
asset_smll,price_ipca,32,-0.0293118278037056
asset_smll,price_ipca,33,-0.028028403977507183
asset_smll,price_ipca,34,-0.02658534800945362
asset_smll,price_ipca,35,-0.02490113427618247
asset_smll,price_ipca,36,-0.023032046305398693
asset_smll,price_ipca,37,-0.021049050696058367
asset_smll,price_ipca,38,-0.018977013841520254
asset_smll,price_ipca,39,-0.016875232160649137
asset_smll,price_ipca,40,-0.014793642120167483
asset_smll,price_ipca,41,-0.01274835804539111
asset_smll,price_ipca,42,-0.010759467403145224
asset_smll,price_ipca,43,-0.008845509989268523
asset_smll,price_ipca,44,-0.007009779662064112
asset_smll,price_ipca,45,-0.005256556070558095
asset_smll,price_ipca,46,-0.0035937017842401046
asset_smll,price_ipca,47,-0.0020248062353139203
asset_smll,price_ipca,48,-5.558868910789666e-4
asset_smll,yield_6m,0,0.005
asset_smll,yield_6m,1,0.006464793824219078
asset_smll,yield_6m,2,0.00764790262132375
asset_smll,yield_6m,3,0.009545096312340991
asset_smll,yield_6m,4,0.010267541501575253
asset_smll,yield_6m,5,0.010929458496491403
asset_smll,yield_6m,6,0.011881039161858046
asset_smll,yield_6m,7,0.012559857465111074
asset_smll,yield_6m,8,0.012930632153218744
asset_smll,yield_6m,9,0.013320195322891826
asset_smll,yield_6m,10,0.013522748379506087
asset_smll,yield_6m,11,0.013495306521876325
asset_smll,yield_6m,12,0.013452658937395667
asset_smll,yield_6m,13,0.013326736274747435
asset_smll,yield_6m,14,0.013041530815857396
asset_smll,yield_6m,15,0.012684364214096662
asset_smll,yield_6m,16,0.012219318354083571
asset_smll,yield_6m,17,0.011641271540042354
asset_smll,yield_6m,18,0.011024072685677708
asset_smll,yield_6m,19,0.010361225206063808
asset_smll,yield_6m,20,0.009649074212441643
asset_smll,yield_6m,21,0.008910432765769976
asset_smll,yield_6m,22,0.008149516188289857
asset_smll,yield_6m,23,0.00736883236017493
asset_smll,yield_6m,24,0.0065851583081861014
asset_smll,yield_6m,25,0.0058079865301362554
asset_smll,yield_6m,26,0.005037976364449914
asset_smll,yield_6m,27,0.004283331437961735
asset_smll,yield_6m,28,0.003550962497659833
asset_smll,yield_6m,29,0.002843841853843153
asset_smll,yield_6m,30,0.002168565098337346
asset_smll,yield_6m,31,0.0015306137970961774
asset_smll,yield_6m,32,9.323401205704998e-4
asset_smll,yield_6m,33,3.7662902347137145e-4
asset_smll,yield_6m,34,-1.3417323162382363e-4
asset_smll,yield_6m,35,-5.990988186366636e-4
asset_smll,yield_6m,36,-0.0010171911015328893
asset_smll,yield_6m,37,-0.001387824365024322
asset_smll,yield_6m,38,-0.0017113260424283458
asset_smll,yield_6m,39,-0.0019883947203723925
asset_smll,yield_6m,40,-0.0022199578058258278
asset_smll,yield_6m,41,-0.0024074534196073753
asset_smll,yield_6m,42,-0.002552577134433695
asset_smll,yield_6m,43,-0.00265720858767612
asset_smll,yield_6m,44,-0.0027235837212362243
asset_smll,yield_6m,45,-0.0027541679286840616
asset_smll,yield_6m,46,-0.00275156055695732
asset_smll,yield_6m,47,-0.0027185253717129073
asset_smll,yield_6m,48,-0.002657916193018544
price_ipp,ind_transformacao,0,-0.9238865908469055
price_ipp,ind_transformacao,1,0.14978440574792637
price_ipp,ind_transformacao,2,0.45400113272507114
price_ipp,ind_transformacao,3,0.31782576532211815
price_ipp,ind_transformacao,4,0.546404079783811
price_ipp,ind_transformacao,5,0.28333889637453546
price_ipp,ind_transformacao,6,0.024505672750287068
price_ipp,ind_transformacao,7,-0.06802573497742449
price_ipp,ind_transformacao,8,-0.2273541685952547
price_ipp,ind_transformacao,9,-0.46096333664777406
price_ipp,ind_transformacao,10,-0.3974922907163477
price_ipp,ind_transformacao,11,-0.3797734274886846
price_ipp,ind_transformacao,12,-0.4572083206678893
price_ipp,ind_transformacao,13,-0.3958863588088082
price_ipp,ind_transformacao,14,-0.32965554768698296
price_ipp,ind_transformacao,15,-0.3290463510027717
price_ipp,ind_transformacao,16,-0.27834707260099256
price_ipp,ind_transformacao,17,-0.24003782925866696
price_ipp,ind_transformacao,18,-0.24224691427004286
price_ipp,ind_transformacao,19,-0.24249445634861316
price_ipp,ind_transformacao,20,-0.22407793313574995
price_ipp,ind_transformacao,21,-0.20925194007258316
price_ipp,ind_transformacao,22,-0.18227049629627756
price_ipp,ind_transformacao,23,-0.1391040730385782
price_ipp,ind_transformacao,24,-0.09699563471253837
price_ipp,ind_transformacao,25,-0.0554733187108634
price_ipp,ind_transformacao,26,-0.01396151441825861
price_ipp,ind_transformacao,27,0.022170012231885514
price_ipp,ind_transformacao,28,0.05514559536116621
price_ipp,ind_transformacao,29,0.08566445082136825
price_ipp,ind_transformacao,30,0.11311655810185652
price_ipp,ind_transformacao,31,0.13825463131255447
price_ipp,ind_transformacao,32,0.1621024285215716
price_ipp,ind_transformacao,33,0.18406218692252505
price_ipp,ind_transformacao,34,0.20435291755297197
price_ipp,ind_transformacao,35,0.22333724132942073
price_ipp,ind_transformacao,36,0.24002432612479863
price_ipp,ind_transformacao,37,0.25401225303681435
price_ipp,ind_transformacao,38,0.26534426462251565
price_ipp,ind_transformacao,39,0.2736374382217325
price_ipp,ind_transformacao,40,0.2789381487539108
price_ipp,ind_transformacao,41,0.2816302313165892
price_ipp,ind_transformacao,42,0.28195475859989755
price_ipp,ind_transformacao,43,0.28009035217092276
price_ipp,ind_transformacao,44,0.2763187590005053
price_ipp,ind_transformacao,45,0.27081967580100424
price_ipp,ind_transformacao,46,0.2636752157813702
price_ipp,ind_transformacao,47,0.2550278641848186
price_ipp,ind_transformacao,48,0.2450082760568662
price_ipp,price_ipca,0,-0.03915287842747793
price_ipp,price_ipca,1,0.04432547162569397
price_ipp,price_ipca,2,0.058995459761804626
price_ipp,price_ipca,3,0.006797324454628254
price_ipp,price_ipca,4,0.07440430205345198
price_ipp,price_ipca,5,0.12809499028274246
price_ipp,price_ipca,6,0.07211527777100622
price_ipp,price_ipca,7,0.07240861262406359
price_ipp,price_ipca,8,0.062168756684245916
price_ipp,price_ipca,9,0.025127476009927766
price_ipp,price_ipca,10,0.003722904996838113
price_ipp,price_ipca,11,-0.0021413706998371774
price_ipp,price_ipca,12,-0.007856697835218222
price_ipp,price_ipca,13,-0.012545379602195459
price_ipp,price_ipca,14,-0.006969391555985069
price_ipp,price_ipca,15,-0.007253333274269706
price_ipp,price_ipca,16,-0.010069545038207204
price_ipp,price_ipca,17,-0.011065743472017534
price_ipp,price_ipca,18,-0.01580787144028341
price_ipp,price_ipca,19,-0.020455910213627686
price_ipp,price_ipca,20,-0.02463441468504755
price_ipp,price_ipca,21,-0.029079615769133094
price_ipp,price_ipca,22,-0.03227582083609829
price_ipp,price_ipca,23,-0.03406216176873033
price_ipp,price_ipca,24,-0.034876542188054076
price_ipp,price_ipca,25,-0.03503416016042662
price_ipp,price_ipca,26,-0.03423015936689661
price_ipp,price_ipca,27,-0.03337057084393285
price_ipp,price_ipca,28,-0.03272519101857511
price_ipp,price_ipca,29,-0.031872489037023076
price_ipp,price_ipca,30,-0.03109835740754109
price_ipp,price_ipca,31,-0.03031855317050444
price_ipp,price_ipca,32,-0.029261153240533046
price_ipp,price_ipca,33,-0.027934220682077644
price_ipp,price_ipca,34,-0.02637911168310809
price_ipp,price_ipca,35,-0.024585960546167043
price_ipp,price_ipca,36,-0.022581295881755566
price_ipp,price_ipca,37,-0.020484279456587724
price_ipp,price_ipca,38,-0.018339409029981865
price_ipp,price_ipca,39,-0.01618191118723732
price_ipp,price_ipca,40,-0.014070224854220298
price_ipp,price_ipca,41,-0.012014864368948443
price_ipp,price_ipca,42,-0.010022357590183693
price_ipp,price_ipca,43,-0.008095828961268339
price_ipp,price_ipca,44,-0.006231913602155298
price_ipp,price_ipca,45,-0.0044338892800272105
price_ipp,price_ipca,46,-0.0027094872668857375
price_ipp,price_ipca,47,-0.0010706631841808794
price_ipp,price_ipca,48,4.693467549700006e-4
price_ipp,yield_6m,0,0.005
price_ipp,yield_6m,1,0.0061761588424602745
price_ipp,yield_6m,2,0.007226033337884392
price_ipp,yield_6m,3,0.009170006949810062
price_ipp,yield_6m,4,0.009800930395228096
price_ipp,yield_6m,5,0.010277147431476001
price_ipp,yield_6m,6,0.011169151161026816
price_ipp,yield_6m,7,0.011798003533686359
price_ipp,yield_6m,8,0.012109155079900534
price_ipp,yield_6m,9,0.012415809519559402
price_ipp,yield_6m,10,0.012530166472269413
price_ipp,yield_6m,11,0.012390286913255517
price_ipp,yield_6m,12,0.0122592153989422
price_ipp,yield_6m,13,0.01202413462632209
price_ipp,yield_6m,14,0.01166954822381594
price_ipp,yield_6m,15,0.01128211813769439
price_ipp,yield_6m,16,0.010788050850959088
price_ipp,yield_6m,17,0.010210524706065198
price_ipp,yield_6m,18,0.009594534097881914
price_ipp,yield_6m,19,0.008938223604399427
price_ipp,yield_6m,20,0.008241734735188492
price_ipp,yield_6m,21,0.007529960742914032
price_ipp,yield_6m,22,0.006805348888460181
price_ipp,yield_6m,23,0.006059117568304449
price_ipp,yield_6m,24,0.005311254747632139
price_ipp,yield_6m,25,0.00457078212999168
price_ipp,yield_6m,26,0.0038379103300778916
price_ipp,yield_6m,27,0.0031245445498355546
price_ipp,yield_6m,28,0.002436722559554222
price_ipp,yield_6m,29,0.0017763308804175598
price_ipp,yield_6m,30,0.0011477334622563996
price_ipp,yield_6m,31,5.557190629291546e-4
price_ipp,yield_6m,32,2.6711646748147008e-6
price_ipp,yield_6m,33,-5.091271882945914e-4
price_ipp,yield_6m,34,-9.770220166335152e-4
price_ipp,yield_6m,35,-0.0014002153901330405
price_ipp,yield_6m,36,-0.0017781082521774526
price_ipp,yield_6m,37,-0.0021101857806307346
price_ipp,yield_6m,38,-0.0023967537579255905
price_ipp,yield_6m,39,-0.0026382374761630177
price_ipp,yield_6m,40,-0.0028354614217313734
price_ipp,yield_6m,41,-0.0029897650528475316
price_ipp,yield_6m,42,-0.0031027891252184206
price_ipp,yield_6m,43,-0.003176436352888783
price_ipp,yield_6m,44,-0.0032129132126684835
price_ipp,yield_6m,45,-0.003214617687750248
price_ipp,yield_6m,46,-0.003184029205391706
price_ipp,yield_6m,47,-0.0031238058248948836
price_ipp,yield_6m,48,-0.003036710753325317
yield_2y,ind_transformacao,0,-1.0865405141149505
yield_2y,ind_transformacao,1,-0.008719899355428214
yield_2y,ind_transformacao,2,0.27390594214940106
yield_2y,ind_transformacao,3,0.16580782427532934
yield_2y,ind_transformacao,4,0.3437580828218501
yield_2y,ind_transformacao,5,-0.025185242022699516
yield_2y,ind_transformacao,6,-0.1372565750203458
yield_2y,ind_transformacao,7,-0.08143075826776905
yield_2y,ind_transformacao,8,-0.29620025831983576
yield_2y,ind_transformacao,9,-0.5183811419852035
yield_2y,ind_transformacao,10,-0.5470532688981712
yield_2y,ind_transformacao,11,-0.5616711606787681
yield_2y,ind_transformacao,12,-0.6028224196203334
yield_2y,ind_transformacao,13,-0.5445626363684947
yield_2y,ind_transformacao,14,-0.47561422453022545
yield_2y,ind_transformacao,15,-0.45951390919958357
yield_2y,ind_transformacao,16,-0.4259516315199301
yield_2y,ind_transformacao,17,-0.408203283135018
yield_2y,ind_transformacao,18,-0.41056065673805053
yield_2y,ind_transformacao,19,-0.40223048504794967
yield_2y,ind_transformacao,20,-0.3896856137023355
yield_2y,ind_transformacao,21,-0.36949218569947273
yield_2y,ind_transformacao,22,-0.33588767085502264
yield_2y,ind_transformacao,23,-0.2911162841761295
yield_2y,ind_transformacao,24,-0.24034657498856093
yield_2y,ind_transformacao,25,-0.18688242182791484
yield_2y,ind_transformacao,26,-0.13228221061768383
yield_2y,ind_transformacao,27,-0.08194789513044759
yield_2y,ind_transformacao,28,-0.036476520757649546
yield_2y,ind_transformacao,29,0.005051502844682915
yield_2y,ind_transformacao,30,0.04145742516537808
yield_2y,ind_transformacao,31,0.07426302760740335
yield_2y,ind_transformacao,32,0.10451029537110708
yield_2y,ind_transformacao,33,0.13213509092817363
yield_2y,ind_transformacao,34,0.15755319460660544
yield_2y,ind_transformacao,35,0.18058820593642289
yield_2y,ind_transformacao,36,0.20077487656137802
yield_2y,ind_transformacao,37,0.21770687567415475
yield_2y,ind_transformacao,38,0.23109920904152145
yield_2y,ind_transformacao,39,0.24080841055501703
yield_2y,ind_transformacao,40,0.24684473614365124
yield_2y,ind_transformacao,41,0.24949212005431304
yield_2y,ind_transformacao,42,0.24908595613473872
yield_2y,ind_transformacao,43,0.24599895478154662
yield_2y,ind_transformacao,44,0.2406527720616222
yield_2y,ind_transformacao,45,0.23338184185968047
yield_2y,ind_transformacao,46,0.22447302241236583
yield_2y,ind_transformacao,47,0.2141749208664926
yield_2y,ind_transformacao,48,0.20268694332451692
yield_2y,price_ipca,0,-0.044946690778035245
yield_2y,price_ipca,1,0.04587435042913475
yield_2y,price_ipca,2,0.06162229928733197
yield_2y,price_ipca,3,0.009196614846993861
yield_2y,price_ipca,4,0.06759898075586883
yield_2y,price_ipca,5,0.13472371935210467
yield_2y,price_ipca,6,0.07724436747613614
yield_2y,price_ipca,7,0.07290971579305963
yield_2y,price_ipca,8,0.059643945802255016
yield_2y,price_ipca,9,0.020451674104825856
yield_2y,price_ipca,10,0.00597695020880512
yield_2y,price_ipca,11,-0.007346691466993342
yield_2y,price_ipca,12,-0.01501529342077236
yield_2y,price_ipca,13,-0.017490179854636637
yield_2y,price_ipca,14,-0.015936370930791817
yield_2y,price_ipca,15,-0.014090649308201314
yield_2y,price_ipca,16,-0.015801681492636072
yield_2y,price_ipca,17,-0.015437427983815121
yield_2y,price_ipca,18,-0.018885348706347317
yield_2y,price_ipca,19,-0.0241977628887067
yield_2y,price_ipca,20,-0.027510421879768782
yield_2y,price_ipca,21,-0.03182202405910476
yield_2y,price_ipca,22,-0.03462666764261159
yield_2y,price_ipca,23,-0.03547133541891267
yield_2y,price_ipca,24,-0.03551584723277992
yield_2y,price_ipca,25,-0.03428402680132092
yield_2y,price_ipca,26,-0.03243355328389102
yield_2y,price_ipca,27,-0.0302936991775237
yield_2y,price_ipca,28,-0.028146590603242143
yield_2y,price_ipca,29,-0.026146201985632556
yield_2y,price_ipca,30,-0.024209681142563565
yield_2y,price_ipca,31,-0.02244142984500366
yield_2y,price_ipca,32,-0.020636622192563694
yield_2y,price_ipca,33,-0.018723818627174534
yield_2y,price_ipca,34,-0.016727851499129205
yield_2y,price_ipca,35,-0.014572533251807853
yield_2y,price_ipca,36,-0.012334899382423166
yield_2y,price_ipca,37,-0.01008432125284729
yield_2y,price_ipca,38,-0.00787402931384551
yield_2y,price_ipca,39,-0.005782298542611376
yield_2y,price_ipca,40,-0.0038484718423655658
yield_2y,price_ipca,41,-0.0020992213724364515
yield_2y,price_ipca,42,-5.3780512418699e-4
yield_2y,price_ipca,43,8.436554910850214e-4
yield_2y,price_ipca,44,0.0020568995195605682
yield_2y,price_ipca,45,0.003120321414184964
yield_2y,price_ipca,46,0.004042062632674924
yield_2y,price_ipca,47,0.004828665673953485
yield_2y,price_ipca,48,0.005483543069712758
yield_2y,yield_6m,0,0.005
yield_2y,yield_6m,1,0.006181910577803199
yield_2y,yield_6m,2,0.007136054046851081
yield_2y,yield_6m,3,0.008994171483059995
yield_2y,yield_6m,4,0.009793098984261181
yield_2y,yield_6m,5,0.01028537867363359
yield_2y,yield_6m,6,0.011111629236005189
yield_2y,yield_6m,7,0.01153674342068432
yield_2y,yield_6m,8,0.011845497601933583
yield_2y,yield_6m,9,0.012084578706222251
yield_2y,yield_6m,10,0.012163774400069898
yield_2y,yield_6m,11,0.012087649652154295
yield_2y,yield_6m,12,0.01193861284458568
yield_2y,yield_6m,13,0.01167855111704349
yield_2y,yield_6m,14,0.011259541029505106
yield_2y,yield_6m,15,0.010769998531309008
yield_2y,yield_6m,16,0.010194493635731218
yield_2y,yield_6m,17,0.009520884737276844
yield_2y,yield_6m,18,0.00880837020631405
yield_2y,yield_6m,19,0.0080565187259639
yield_2y,yield_6m,20,0.00727239727807093
yield_2y,yield_6m,21,0.00648250418392562
yield_2y,yield_6m,22,0.005694240013165704
yield_2y,yield_6m,23,0.004915009074193163
yield_2y,yield_6m,24,0.004155350942603946
yield_2y,yield_6m,25,0.003423476630893465
yield_2y,yield_6m,26,0.0027233076780874142
yield_2y,yield_6m,27,0.0020609058114497677
yield_2y,yield_6m,28,0.0014424864011442396
yield_2y,yield_6m,29,8.703440309388978e-4
yield_2y,yield_6m,30,3.4827168738556143e-4
yield_2y,yield_6m,31,-1.2092733235599554e-4
yield_2y,yield_6m,32,-5.36765492105813e-4
yield_2y,yield_6m,33,-8.985384062048628e-4
yield_2y,yield_6m,34,-0.001206698381119411
yield_2y,yield_6m,35,-0.0014627362939235763
yield_2y,yield_6m,36,-0.0016685061219353936
yield_2y,yield_6m,37,-0.0018264147892130631
yield_2y,yield_6m,38,-0.0019392792067982293
yield_2y,yield_6m,39,-0.002010238351462457
yield_2y,yield_6m,40,-0.002042558639572082
yield_2y,yield_6m,41,-0.002039708314652697
yield_2y,yield_6m,42,-0.0020053074431149536
yield_2y,yield_6m,43,-0.0019429699515497402
yield_2y,yield_6m,44,-0.0018563866074795946
yield_2y,yield_6m,45,-0.0017492336422402059
yield_2y,yield_6m,46,-0.0016250942455980455
yield_2y,yield_6m,47,-0.0014874664427399528
yield_2y,yield_6m,48,-0.0013396895930715177
yield_10y,ind_transformacao,0,-0.9232926429475043
yield_10y,ind_transformacao,1,0.19592867900403732
yield_10y,ind_transformacao,2,0.44962932006064543
yield_10y,ind_transformacao,3,0.3572529305711889
yield_10y,ind_transformacao,4,0.5067193270884113
yield_10y,ind_transformacao,5,0.19276722371202606
yield_10y,ind_transformacao,6,0.11256666110155161
yield_10y,ind_transformacao,7,0.1774096058355526
yield_10y,ind_transformacao,8,-0.1075920909773267
yield_10y,ind_transformacao,9,-0.37567408787165113
yield_10y,ind_transformacao,10,-0.4075602759725463
yield_10y,ind_transformacao,11,-0.4147733514580205
yield_10y,ind_transformacao,12,-0.45911600081110066
yield_10y,ind_transformacao,13,-0.4241242479073508
yield_10y,ind_transformacao,14,-0.36449782929242225
yield_10y,ind_transformacao,15,-0.33755128517810085
yield_10y,ind_transformacao,16,-0.3123169038824359
yield_10y,ind_transformacao,17,-0.29977597169753645
yield_10y,ind_transformacao,18,-0.302585056691251
yield_10y,ind_transformacao,19,-0.30458807726522397
yield_10y,ind_transformacao,20,-0.2971661517427927
yield_10y,ind_transformacao,21,-0.2791722926608754
yield_10y,ind_transformacao,22,-0.2502128599445601
yield_10y,ind_transformacao,23,-0.20752723020105293
yield_10y,ind_transformacao,24,-0.1571971820926971
yield_10y,ind_transformacao,25,-0.10408882827465353
yield_10y,ind_transformacao,26,-0.05015803508782916
yield_10y,ind_transformacao,27,8.344302436287845e-5
yield_10y,ind_transformacao,28,0.04520414743338453
yield_10y,ind_transformacao,29,0.08545043304177666
yield_10y,ind_transformacao,30,0.12100910447406646
yield_10y,ind_transformacao,31,0.15281423645957834
yield_10y,ind_transformacao,32,0.1819086870097386
yield_10y,ind_transformacao,33,0.20894672666952452
yield_10y,ind_transformacao,34,0.2339677437088978
yield_10y,ind_transformacao,35,0.2568320560411496
yield_10y,ind_transformacao,36,0.27711116416245574
yield_10y,ind_transformacao,37,0.29421161692022774
yield_10y,ind_transformacao,38,0.3077667813424985
yield_10y,ind_transformacao,39,0.317548489726823
yield_10y,ind_transformacao,40,0.32355425388769243
yield_10y,ind_transformacao,41,0.32600411509560373
yield_10y,ind_transformacao,42,0.3252383648429546
yield_10y,ind_transformacao,43,0.32166448287394234
yield_10y,ind_transformacao,44,0.3156718894393078
yield_10y,ind_transformacao,45,0.3076090239253826
yield_10y,ind_transformacao,46,0.2977553500565017
yield_10y,ind_transformacao,47,0.2863275034825602
yield_10y,ind_transformacao,48,0.2735113608229169
yield_10y,price_ipca,0,-0.05820023327317336
yield_10y,price_ipca,1,0.030002823085362815
yield_10y,price_ipca,2,0.0573912263048263
yield_10y,price_ipca,3,0.008495864021255142
yield_10y,price_ipca,4,0.06957257161771822
yield_10y,price_ipca,5,0.14122891949448207
yield_10y,price_ipca,6,0.09047219622653857
yield_10y,price_ipca,7,0.07854034783418021
yield_10y,price_ipca,8,0.0626389619529642
yield_10y,price_ipca,9,0.0337111520689048
yield_10y,price_ipca,10,0.011852030804137707
yield_10y,price_ipca,11,-0.005190447994220368
yield_10y,price_ipca,12,-0.009451672855165223
yield_10y,price_ipca,13,-0.014399944688832543
yield_10y,price_ipca,14,-0.012098404809973365
yield_10y,price_ipca,15,-0.009316515521293745
yield_10y,price_ipca,16,-0.011074249493081252
yield_10y,price_ipca,17,-0.011456507794162693
yield_10y,price_ipca,18,-0.01545356872132701
yield_10y,price_ipca,19,-0.02088353345899531
yield_10y,price_ipca,20,-0.02609313165338619
yield_10y,price_ipca,21,-0.03119349873307191
yield_10y,price_ipca,22,-0.03474045423370628
yield_10y,price_ipca,23,-0.03694273547257725
yield_10y,price_ipca,24,-0.03740541202193269
yield_10y,price_ipca,25,-0.03679111177190166
yield_10y,price_ipca,26,-0.03549343338218484
yield_10y,price_ipca,27,-0.03369024869812451
yield_10y,price_ipca,28,-0.03199365202560723
yield_10y,price_ipca,29,-0.03036061675539961
yield_10y,price_ipca,30,-0.028862869193828286
yield_10y,price_ipca,31,-0.027456943485333164
yield_10y,price_ipca,32,-0.02596922789785304
yield_10y,price_ipca,33,-0.024346000240812952
yield_10y,price_ipca,34,-0.022487016721807356
yield_10y,price_ipca,35,-0.020410734427425796
yield_10y,price_ipca,36,-0.018155327291673407
yield_10y,price_ipca,37,-0.01578778307499924
yield_10y,price_ipca,38,-0.013412201835989958
yield_10y,price_ipca,39,-0.011092591266582533
yield_10y,price_ipca,40,-0.00889327290361171
yield_10y,price_ipca,41,-0.006846103385632732
yield_10y,price_ipca,42,-0.00495776506137592
yield_10y,price_ipca,43,-0.003225984195929903
yield_10y,price_ipca,44,-0.0016354206743404308
yield_10y,price_ipca,45,-1.7559884628618792e-4
yield_10y,price_ipca,46,0.0011614628388883486
yield_10y,price_ipca,47,0.002376646556546083
yield_10y,price_ipca,48,0.0034645280650719805
yield_10y,yield_6m,0,0.005
yield_10y,yield_6m,1,0.006215718199258289
yield_10y,yield_6m,2,0.007287790793007258
yield_10y,yield_6m,3,0.009252812787991336
yield_10y,yield_6m,4,0.010190274642159247
yield_10y,yield_6m,5,0.010798066475765908
yield_10y,yield_6m,6,0.01151452029184749
yield_10y,yield_6m,7,0.011951439791004766
yield_10y,yield_6m,8,0.012324144330985377
yield_10y,yield_6m,9,0.012555280425253784
yield_10y,yield_6m,10,0.012678709718795445
yield_10y,yield_6m,11,0.012675457966131946
yield_10y,yield_6m,12,0.012579133546853166
yield_10y,yield_6m,13,0.01239625904627589
yield_10y,yield_6m,14,0.012081866427738402
yield_10y,yield_6m,15,0.011677626969536755
yield_10y,yield_6m,16,0.011179968079725692
yield_10y,yield_6m,17,0.010592623805437741
yield_10y,yield_6m,18,0.009939760622487779
yield_10y,yield_6m,19,0.009235029163882287
yield_10y,yield_6m,20,0.008494417895688734
yield_10y,yield_6m,21,0.007728704107453311
yield_10y,yield_6m,22,0.0069551871533567655
yield_10y,yield_6m,23,0.0061817488850072905
yield_10y,yield_6m,24,0.005414997107001224
yield_10y,yield_6m,25,0.004665637054803101
yield_10y,yield_6m,26,0.003937492679621332
yield_10y,yield_6m,27,0.003236656357499605
yield_10y,yield_6m,28,0.0025690063408940057
yield_10y,yield_6m,29,0.0019384633943887281
yield_10y,yield_6m,30,0.0013496166365670706
yield_10y,yield_6m,31,8.057555582352985e-4
yield_10y,yield_6m,32,3.0957414821505103e-4
yield_10y,yield_6m,33,-1.3723578651968357e-4
yield_10y,yield_6m,34,-5.338821948760594e-4
yield_10y,yield_6m,35,-8.802473133914398e-4
yield_10y,yield_6m,36,-0.0011771327099581634
yield_10y,yield_6m,37,-0.001425754178334328
yield_10y,yield_6m,38,-0.0016278473835206432
yield_10y,yield_6m,39,-0.0017855204646030365
yield_10y,yield_6m,40,-0.001901116078116573
yield_10y,yield_6m,41,-0.001977251759024881
yield_10y,yield_6m,42,-0.002016708440729938
yield_10y,yield_6m,43,-0.00202245779152662
yield_10y,yield_6m,44,-0.0019976029336179475
yield_10y,yield_6m,45,-0.0019453474141607689
yield_10y,yield_6m,46,-0.001868973074398168
yield_10y,yield_6m,47,-0.0017717649674031258
yield_10y,yield_6m,48,-0.001656985631491653
ibc_br,ind_transformacao,0,-1.2867561570334491
ibc_br,ind_transformacao,1,-0.1587445206406351
ibc_br,ind_transformacao,2,0.3168405164368832
ibc_br,ind_transformacao,3,0.16717859944297891
ibc_br,ind_transformacao,4,0.11779199987694922
ibc_br,ind_transformacao,5,-0.20602362579211034
ibc_br,ind_transformacao,6,-0.20334463169593103
ibc_br,ind_transformacao,7,-0.15981863360029297
ibc_br,ind_transformacao,8,-0.543480869447641
ibc_br,ind_transformacao,9,-0.78889595699318
ibc_br,ind_transformacao,10,-0.8250871202186624
ibc_br,ind_transformacao,11,-0.797306168990974
ibc_br,ind_transformacao,12,-0.6997699350792609
ibc_br,ind_transformacao,13,-0.5433502169045129
ibc_br,ind_transformacao,14,-0.445727388476825
ibc_br,ind_transformacao,15,-0.4018683372966925
ibc_br,ind_transformacao,16,-0.3864752985231919
ibc_br,ind_transformacao,17,-0.3935183903027622
ibc_br,ind_transformacao,18,-0.4118151976410694
ibc_br,ind_transformacao,19,-0.43251170527890764
ibc_br,ind_transformacao,20,-0.4458609882386901
ibc_br,ind_transformacao,21,-0.4238434686483549
ibc_br,ind_transformacao,22,-0.37217289266906983
ibc_br,ind_transformacao,23,-0.3061093921057598
ibc_br,ind_transformacao,24,-0.23325519843565543
ibc_br,ind_transformacao,25,-0.1668749918193319
ibc_br,ind_transformacao,26,-0.11707904296271511
ibc_br,ind_transformacao,27,-0.08216901569820186
ibc_br,ind_transformacao,28,-0.058544095797665986
ibc_br,ind_transformacao,29,-0.042346584876395914
ibc_br,ind_transformacao,30,-0.028094282964218245
ibc_br,ind_transformacao,31,-0.011189942190177242
ibc_br,ind_transformacao,32,0.01068058651590929
ibc_br,ind_transformacao,33,0.037419027107618616
ibc_br,ind_transformacao,34,0.06640365336236165
ibc_br,ind_transformacao,35,0.09414751701124133
ibc_br,ind_transformacao,36,0.11771149541038678
ibc_br,ind_transformacao,37,0.1351014896058069
ibc_br,ind_transformacao,38,0.14596794052165035
ibc_br,ind_transformacao,39,0.1514117519107068
ibc_br,ind_transformacao,40,0.1531002569852445
ibc_br,ind_transformacao,41,0.15281446142757873
ibc_br,ind_transformacao,42,0.15205577301102555
ibc_br,ind_transformacao,43,0.15161017937162513
ibc_br,ind_transformacao,44,0.15151481228288266
ibc_br,ind_transformacao,45,0.15125653610340117
ibc_br,ind_transformacao,46,0.150060286933546
ibc_br,ind_transformacao,47,0.14723121121455224
ibc_br,ind_transformacao,48,0.14240067757210012
ibc_br,price_ipca,0,-0.013479643701414745
ibc_br,price_ipca,1,0.0819979999791756
ibc_br,price_ipca,2,0.08921701206853833
ibc_br,price_ipca,3,0.026015834316917487
ibc_br,price_ipca,4,0.09488062195068843
ibc_br,price_ipca,5,0.15100877281902128
ibc_br,price_ipca,6,0.08781717440952327
ibc_br,price_ipca,7,0.061238212360875746
ibc_br,price_ipca,8,0.039445403809843994
ibc_br,price_ipca,9,2.3745775904080203e-4
ibc_br,price_ipca,10,-0.0144158633835054
ibc_br,price_ipca,11,-0.0146851821140563
ibc_br,price_ipca,12,-0.010990311048462296
ibc_br,price_ipca,13,-0.008465129463131682
ibc_br,price_ipca,14,-0.003953834493183171
ibc_br,price_ipca,15,7.516708513740131e-5
ibc_br,price_ipca,16,-0.0013331675581784155
ibc_br,price_ipca,17,-0.0071452376713000525
ibc_br,price_ipca,18,-0.016336524162625564
ibc_br,price_ipca,19,-0.02555599003896503
ibc_br,price_ipca,20,-0.0329816502048182
ibc_br,price_ipca,21,-0.0373367455437738
ibc_br,price_ipca,22,-0.03772271320861363
ibc_br,price_ipca,23,-0.03576859221352283
ibc_br,price_ipca,24,-0.03278818497178316
ibc_br,price_ipca,25,-0.029444223233853078
ibc_br,price_ipca,26,-0.026825410096985716
ibc_br,price_ipca,27,-0.025377186667604027
ibc_br,price_ipca,28,-0.02501349880667458
ibc_br,price_ipca,29,-0.025334118235430362
ibc_br,price_ipca,30,-0.025711342416586392
ibc_br,price_ipca,31,-0.025545849438126406
ibc_br,price_ipca,32,-0.024507839543801473
ibc_br,price_ipca,33,-0.022572099168596968
ibc_br,price_ipca,34,-0.019960763814163184
ibc_br,price_ipca,35,-0.017049120376507326
ibc_br,price_ipca,36,-0.014202149648314582
ibc_br,price_ipca,37,-0.01167949767896105
ibc_br,price_ipca,38,-0.009619965824474741
ibc_br,price_ipca,39,-0.008009038135831406
ibc_br,price_ipca,40,-0.00671787672197771
ibc_br,price_ipca,41,-0.00557737556643352
ibc_br,price_ipca,42,-0.004431937132237805
ibc_br,price_ipca,43,-0.003188819851041243
ibc_br,price_ipca,44,-0.0018384299964799258
ibc_br,price_ipca,45,-4.393462826344381e-4
ibc_br,price_ipca,46,9.117675180221419e-4
ibc_br,price_ipca,47,0.0021159476722635595
ibc_br,price_ipca,48,0.0031020687675079334
ibc_br,yield_6m,0,0.005
ibc_br,yield_6m,1,0.006148364280192125
ibc_br,yield_6m,2,0.007037397150408809
ibc_br,yield_6m,3,0.008837655003648323
ibc_br,yield_6m,4,0.009375950401212111
ibc_br,yield_6m,5,0.009778036804277194
ibc_br,yield_6m,6,0.01043384290614293
ibc_br,yield_6m,7,0.01085484343024005
ibc_br,yield_6m,8,0.01103298238541526
ibc_br,yield_6m,9,0.011051643544345038
ibc_br,yield_6m,10,0.010999003670930015
ibc_br,yield_6m,11,0.010846433870694696
ibc_br,yield_6m,12,0.010607365335201593
ibc_br,yield_6m,13,0.010288349419750447
ibc_br,yield_6m,14,0.009844270581867976
ibc_br,yield_6m,15,0.009306967541817892
ibc_br,yield_6m,16,0.00869612802592067
ibc_br,yield_6m,17,0.008048688986639916
ibc_br,yield_6m,18,0.007378157225121973
ibc_br,yield_6m,19,0.006682274310217958
ibc_br,yield_6m,20,0.005983606701208646
ibc_br,yield_6m,21,0.005290508934255533
ibc_br,yield_6m,22,0.004607524075489405
ibc_br,yield_6m,23,0.003944201751691057
ibc_br,yield_6m,24,0.003301228585294822
ibc_br,yield_6m,25,0.002679404491445732
ibc_br,yield_6m,26,0.0020841389128831832
ibc_br,yield_6m,27,0.0015214748756847845
ibc_br,yield_6m,28,9.969539110793017e-4
ibc_br,yield_6m,29,5.152916713779685e-4
ibc_br,yield_6m,30,7.968151783351433e-5
ibc_br,yield_6m,31,-3.084752961708002e-4
ibc_br,yield_6m,32,-6.485398191768538e-4
ibc_br,yield_6m,33,-9.411233695516225e-4
ibc_br,yield_6m,34,-0.0011878879966671176
ibc_br,yield_6m,35,-0.0013908541362972534
ibc_br,yield_6m,36,-0.001552316502807821
ibc_br,yield_6m,37,-0.0016744091743938064
ibc_br,yield_6m,38,-0.0017589718842375183
ibc_br,yield_6m,39,-0.001807917440126233
ibc_br,yield_6m,40,-0.0018233409356306278
ibc_br,yield_6m,41,-0.0018076258149461422
ibc_br,yield_6m,42,-0.001763523265195567
ibc_br,yield_6m,43,-0.0016940717428627556
ibc_br,yield_6m,44,-0.0016024894692938361
ibc_br,yield_6m,45,-0.0014920714793390194
ibc_br,yield_6m,46,-0.0013660496073872395
ibc_br,yield_6m,47,-0.0012274741334752273
ibc_br,yield_6m,48,-0.0010791563524401666
price_core_ipca_ex0,ind_transformacao,0,-0.8498468050273266
price_core_ipca_ex0,ind_transformacao,1,0.14189188980257914
price_core_ipca_ex0,ind_transformacao,2,0.42234832284324664
price_core_ipca_ex0,ind_transformacao,3,0.36364462464283664
price_core_ipca_ex0,ind_transformacao,4,0.3957624599257268
price_core_ipca_ex0,ind_transformacao,5,-0.025557906045380437
price_core_ipca_ex0,ind_transformacao,6,-0.07423211186882794
price_core_ipca_ex0,ind_transformacao,7,-0.04286347184239021
price_core_ipca_ex0,ind_transformacao,8,-0.2602094442923867
price_core_ipca_ex0,ind_transformacao,9,-0.44894035966677015
price_core_ipca_ex0,ind_transformacao,10,-0.5474317543621491
price_core_ipca_ex0,ind_transformacao,11,-0.5354695601785515
price_core_ipca_ex0,ind_transformacao,12,-0.49973936422387477
price_core_ipca_ex0,ind_transformacao,13,-0.45236586345031293
price_core_ipca_ex0,ind_transformacao,14,-0.3360397520768742
price_core_ipca_ex0,ind_transformacao,15,-0.28297154885493775
price_core_ipca_ex0,ind_transformacao,16,-0.28858142358960637
price_core_ipca_ex0,ind_transformacao,17,-0.2638114983159134
price_core_ipca_ex0,ind_transformacao,18,-0.2537633573894177
price_core_ipca_ex0,ind_transformacao,19,-0.2684888025654525
price_core_ipca_ex0,ind_transformacao,20,-0.2660947611820973
price_core_ipca_ex0,ind_transformacao,21,-0.2576643777147153
price_core_ipca_ex0,ind_transformacao,22,-0.24946933179581315
price_core_ipca_ex0,ind_transformacao,23,-0.22579522611839578
price_core_ipca_ex0,ind_transformacao,24,-0.19649791556006033
price_core_ipca_ex0,ind_transformacao,25,-0.1695810380474945
price_core_ipca_ex0,ind_transformacao,26,-0.1396888355891413
price_core_ipca_ex0,ind_transformacao,27,-0.11296489773266394
price_core_ipca_ex0,ind_transformacao,28,-0.09355589873306444
price_core_ipca_ex0,ind_transformacao,29,-0.0753928822147419
price_core_ipca_ex0,ind_transformacao,30,-0.05871942975013367
price_core_ipca_ex0,ind_transformacao,31,-0.04572105483146471
price_core_ipca_ex0,ind_transformacao,32,-0.03278218549651006
price_core_ipca_ex0,ind_transformacao,33,-0.0189225884656175
price_core_ipca_ex0,ind_transformacao,34,-0.005973051155164499
price_core_ipca_ex0,ind_transformacao,35,0.006894831681821868
price_core_ipca_ex0,ind_transformacao,36,0.019904714668554403
price_core_ipca_ex0,ind_transformacao,37,0.03162526644194261
price_core_ipca_ex0,ind_transformacao,38,0.041973754379915434
price_core_ipca_ex0,ind_transformacao,39,0.05113239165619283
price_core_ipca_ex0,ind_transformacao,40,0.05858892602950566
price_core_ipca_ex0,ind_transformacao,41,0.0645314066709327
price_core_ipca_ex0,ind_transformacao,42,0.06937826619727036
price_core_ipca_ex0,ind_transformacao,43,0.07307441109290438
price_core_ipca_ex0,ind_transformacao,44,0.07580080703337162
price_core_ipca_ex0,ind_transformacao,45,0.07784929738470593
price_core_ipca_ex0,ind_transformacao,46,0.07916773518181319
price_core_ipca_ex0,ind_transformacao,47,0.07975448313196692
price_core_ipca_ex0,ind_transformacao,48,0.07971995318174147
price_core_ipca_ex0,price_ipca,0,-0.04113279971350564
price_core_ipca_ex0,price_ipca,1,0.04655160184748556
price_core_ipca_ex0,price_ipca,2,0.06183763977884432
price_core_ipca_ex0,price_ipca,3,0.007813089732559128
price_core_ipca_ex0,price_ipca,4,0.07946795031439999
price_core_ipca_ex0,price_ipca,5,0.13512621652158252
price_core_ipca_ex0,price_ipca,6,0.08365847636830843
price_core_ipca_ex0,price_ipca,7,0.07368905444278843
price_core_ipca_ex0,price_ipca,8,0.05779240620891495
price_core_ipca_ex0,price_ipca,9,0.020328381473645477
price_core_ipca_ex0,price_ipca,10,0.00776542268039155
price_core_ipca_ex0,price_ipca,11,-6.611933324508114e-4
price_core_ipca_ex0,price_ipca,12,-0.012534165474235286
price_core_ipca_ex0,price_ipca,13,-0.011145725847728305
price_core_ipca_ex0,price_ipca,14,-0.0070205006223427605
price_core_ipca_ex0,price_ipca,15,-0.01118909255977055
price_core_ipca_ex0,price_ipca,16,-0.010374744435187171
price_core_ipca_ex0,price_ipca,17,-0.008225818359743009
price_core_ipca_ex0,price_ipca,18,-0.014457024904376833
price_core_ipca_ex0,price_ipca,19,-0.020081133626073104
price_core_ipca_ex0,price_ipca,20,-0.02290477083184426
price_core_ipca_ex0,price_ipca,21,-0.02807457311794048
price_core_ipca_ex0,price_ipca,22,-0.03231257343779204
price_core_ipca_ex0,price_ipca,23,-0.033444050016637555
price_core_ipca_ex0,price_ipca,24,-0.03448628252351436
price_core_ipca_ex0,price_ipca,25,-0.03503657842827402
price_core_ipca_ex0,price_ipca,26,-0.034153880549890304
price_core_ipca_ex0,price_ipca,27,-0.03344103038795356
price_core_ipca_ex0,price_ipca,28,-0.03291896836729922
price_core_ipca_ex0,price_ipca,29,-0.031969205532386295
price_core_ipca_ex0,price_ipca,30,-0.03127397752123229
price_core_ipca_ex0,price_ipca,31,-0.03074496899536705
price_core_ipca_ex0,price_ipca,32,-0.029813615514866273
price_core_ipca_ex0,price_ipca,33,-0.028746325532615007
price_core_ipca_ex0,price_ipca,34,-0.027595488301263058
price_core_ipca_ex0,price_ipca,35,-0.02605725921352656
price_core_ipca_ex0,price_ipca,36,-0.024304674487335056
price_core_ipca_ex0,price_ipca,37,-0.022509214716478803
price_core_ipca_ex0,price_ipca,38,-0.020572322804703603
price_core_ipca_ex0,price_ipca,39,-0.01858138260683122
price_core_ipca_ex0,price_ipca,40,-0.016659384480656295
price_core_ipca_ex0,price_ipca,41,-0.014757106972316596
price_core_ipca_ex0,price_ipca,42,-0.012883666409118482
price_core_ipca_ex0,price_ipca,43,-0.011087694724015027
price_core_ipca_ex0,price_ipca,44,-0.009334295413151558
price_core_ipca_ex0,price_ipca,45,-0.007614671448285164
price_core_ipca_ex0,price_ipca,46,-0.0059586819702173235
price_core_ipca_ex0,price_ipca,47,-0.004359121947504103
price_core_ipca_ex0,price_ipca,48,-0.002818529258132738
price_core_ipca_ex0,yield_6m,0,0.005
price_core_ipca_ex0,yield_6m,1,0.0063697258325694575
price_core_ipca_ex0,yield_6m,2,0.007470233380583489
price_core_ipca_ex0,yield_6m,3,0.009444690721955548
price_core_ipca_ex0,yield_6m,4,0.010207472299852891
price_core_ipca_ex0,yield_6m,5,0.010901016693836741
price_core_ipca_ex0,yield_6m,6,0.011663504957664573
price_core_ipca_ex0,yield_6m,7,0.012165706303921225
price_core_ipca_ex0,yield_6m,8,0.012480339098185075
price_core_ipca_ex0,yield_6m,9,0.012700696232729701
price_core_ipca_ex0,yield_6m,10,0.01281177126747448
price_core_ipca_ex0,yield_6m,11,0.01272679797961617
price_core_ipca_ex0,yield_6m,12,0.012606936183733524
price_core_ipca_ex0,yield_6m,13,0.012407212430384028
price_core_ipca_ex0,yield_6m,14,0.01201932927005978
price_core_ipca_ex0,yield_6m,15,0.01161214259627319
price_core_ipca_ex0,yield_6m,16,0.011154310597419755
price_core_ipca_ex0,yield_6m,17,0.010564926976740894
price_core_ipca_ex0,yield_6m,18,0.009951738513557745
price_core_ipca_ex0,yield_6m,19,0.009328390212483472
price_core_ipca_ex0,yield_6m,20,0.008640120284015826
price_core_ipca_ex0,yield_6m,21,0.007933779813166923
price_core_ipca_ex0,yield_6m,22,0.007230887866466719
price_core_ipca_ex0,yield_6m,23,0.006505534401631564
price_core_ipca_ex0,yield_6m,24,0.005776685877258397
price_core_ipca_ex0,yield_6m,25,0.005061175603539378
price_core_ipca_ex0,yield_6m,26,0.0043487614620580615
price_core_ipca_ex0,yield_6m,27,0.0036492169476358433
price_core_ipca_ex0,yield_6m,28,0.002974156014133782
price_core_ipca_ex0,yield_6m,29,0.002320078445709502
price_core_ipca_ex0,yield_6m,30,0.001692385474329516
price_core_ipca_ex0,yield_6m,31,0.001099240971200652
price_core_ipca_ex0,yield_6m,32,5.391587957094383e-4
price_core_ipca_ex0,yield_6m,33,1.4069182744424951e-5
price_core_ipca_ex0,yield_6m,34,-4.712089045335098e-4
price_core_ipca_ex0,yield_6m,35,-9.173410460756949e-4
price_core_ipca_ex0,yield_6m,36,-0.0013243977287056203
price_core_ipca_ex0,yield_6m,37,-0.0016901792394720342
price_core_ipca_ex0,yield_6m,38,-0.0020152311839454233
price_core_ipca_ex0,yield_6m,39,-0.002300520430320255
price_core_ipca_ex0,yield_6m,40,-0.0025457042930572315
price_core_ipca_ex0,yield_6m,41,-0.0027517230428507713
price_core_ipca_ex0,yield_6m,42,-0.0029201229289933972
price_core_ipca_ex0,yield_6m,43,-0.003051816311331647
price_core_ipca_ex0,yield_6m,44,-0.003148338811231317
price_core_ipca_ex0,yield_6m,45,-0.0032117127689359937
price_core_ipca_ex0,yield_6m,46,-0.003243648810725673
price_core_ipca_ex0,yield_6m,47,-0.0032461245425983954
price_core_ipca_ex0,yield_6m,48,-0.0032214361621291064
